# This is a clothes file for MakeHuman Community, exported by MakeClothes 2
#
# author: jaldmic
# license: CC-BY
#
v -0.0375 15.4830 1.6642
v -0.0375 15.5164 1.6642
v -0.0375 15.4830 1.6308
v -0.0375 15.5164 1.6308
v -0.7950 15.3780 1.2225
v -0.7950 15.3864 1.2642
v -0.7771 15.4197 1.2944
v -0.8017 15.4197 1.2192
v -0.2558 15.3997 1.6642
v -0.2558 15.3997 1.6308
v -0.2558 15.4330 1.6308
v -0.2558 15.4330 1.6642
v -0.8283 15.3864 1.2058
v -0.8196 15.3905 1.2342
v -0.8196 15.4155 1.2342
v -0.8283 15.4197 1.2058
v -0.8017 15.4197 0.9553
v -0.8017 15.3864 0.9553
v -0.8283 15.4197 0.9531
v -0.8283 15.3864 0.9531
v -0.1500 15.4564 1.6308
v -0.1500 15.4897 1.6308
v -0.1500 15.4564 1.6642
v -0.1500 15.4897 1.6642
v -0.3427 15.3864 1.6380
v -0.3427 15.4197 1.6380
v -0.3387 15.3864 1.6063
v -0.3387 15.4197 1.6063
v -0.8050 15.4155 0.7475
v -0.8050 15.3905 0.7475
v -0.8250 15.4155 0.7475
v -0.8250 15.3905 0.7475
v -0.6073 15.3864 1.4928
v -0.6073 15.4197 1.4928
v -0.5916 15.3864 1.4660
v -0.5916 15.4197 1.4660
v -0.8017 15.4197 0.8225
v -0.8283 15.4197 0.8225
v -0.8283 15.3864 0.8225
v -0.8017 15.3864 0.8225
v -0.7892 15.4520 0.7372
v -0.8408 15.4520 0.7372
v -0.7892 15.4508 0.8087
v -0.8408 15.4508 0.8087
v -0.7892 15.3825 0.8295
v -0.8408 15.3825 0.8295
v -0.7892 15.3415 0.7710
v -0.8408 15.3415 0.7710
v -0.7892 15.3845 0.7140
v -0.8408 15.3845 0.7140
v -0.7910 15.5051 0.7552
v -0.7910 15.5044 0.7925
v -0.8390 15.5044 0.7925
v -0.8390 15.5051 0.7552
v -0.8390 15.3290 0.8462
v -0.7910 15.3290 0.8462
v -0.7910 15.3076 0.8156
v -0.8390 15.3076 0.8156
v -0.8390 15.4501 0.8647
v -0.7910 15.4501 0.8647
v -0.7910 15.4144 0.8756
v -0.8390 15.4144 0.8756
v -0.7910 15.4533 0.6813
v -0.8390 15.4533 0.6813
v -0.8390 15.4180 0.6691
v -0.7910 15.4180 0.6691
v -0.8390 15.3092 0.7253
v -0.7910 15.3092 0.7253
v -0.7910 15.3316 0.6955
v -0.8390 15.3316 0.6955
v -0.8150 15.4660 0.7274
v -0.8150 15.4644 0.8189
v -0.8150 15.3769 0.8457
v -0.8150 15.3244 0.7707
v -0.8150 15.3795 0.6976
v -0.8150 15.5115 0.7488
v -0.8150 15.5106 0.7992
v -0.8150 15.3276 0.8552
v -0.8150 15.2986 0.8139
v -0.8150 15.4582 0.8688
v -0.8150 15.4099 0.8836
v -0.8150 15.4615 0.6774
v -0.8150 15.4138 0.6610
v -0.8150 15.3001 0.7267
v -0.8150 15.3305 0.6864
v -0.7682 15.4190 1.2999
v -0.7653 15.4190 1.2789
v -0.3349 15.4190 1.6332
v -0.3320 15.4190 1.6122
v -0.7546 15.6740 1.3200
v -0.7507 15.6740 1.3008
v -0.3646 15.6740 1.6200
v -0.3607 15.6740 1.6008
v -0.2750 15.4190 1.6517
v -0.2750 15.4190 1.6433
v -0.7950 15.4190 1.2433
v -0.7950 15.4190 1.2517
v -0.7673 15.7024 1.2934
v -0.7663 15.7024 1.2854
v -0.3329 15.7024 1.6188
v -0.3339 15.7024 1.6267
v -0.6013 15.4190 1.4918
v -0.5895 15.4190 1.4717
v -0.6006 15.7024 1.4907
v -0.5902 15.7024 1.4728
v -0.5974 15.7590 1.4851
v -0.5934 15.7590 1.4784
v 0.0375 15.4830 1.6642
v 0.0375 15.5164 1.6642
v 0.0375 15.4830 1.6308
v 0.0375 15.5164 1.6308
v 0.7950 15.3780 1.2225
v 0.7950 15.3864 1.2642
v 0.7771 15.4197 1.2944
v 0.8017 15.4197 1.2192
v 0.2558 15.3997 1.6642
v 0.2558 15.3997 1.6308
v 0.2558 15.4330 1.6308
v 0.2558 15.4330 1.6642
v 0.8283 15.3864 1.2058
v 0.8196 15.3905 1.2342
v 0.8196 15.4155 1.2342
v 0.8283 15.4197 1.2058
v 0.8017 15.4197 0.9553
v 0.8017 15.3864 0.9553
v 0.8283 15.4197 0.9531
v 0.8283 15.3864 0.9531
v 0.1500 15.4564 1.6308
v 0.1500 15.4897 1.6308
v 0.1500 15.4564 1.6642
v 0.1500 15.4897 1.6642
v 0.3427 15.3864 1.6380
v 0.3427 15.4197 1.6380
v 0.3387 15.3864 1.6063
v 0.3387 15.4197 1.6063
v 0.8050 15.4155 0.7475
v 0.8050 15.3905 0.7475
v 0.8250 15.4155 0.7475
v 0.8250 15.3905 0.7475
v 0.6073 15.3864 1.4928
v 0.6073 15.4197 1.4928
v 0.5916 15.3864 1.4660
v 0.5916 15.4197 1.4660
v 0.8017 15.4197 0.8225
v 0.8283 15.4197 0.8225
v 0.8283 15.3864 0.8225
v 0.8017 15.3864 0.8225
v 0.7892 15.4520 0.7372
v 0.8408 15.4520 0.7372
v 0.7892 15.4508 0.8087
v 0.8408 15.4508 0.8087
v 0.7892 15.3825 0.8295
v 0.8408 15.3825 0.8295
v 0.7892 15.3415 0.7710
v 0.8408 15.3415 0.7710
v 0.7892 15.3845 0.7140
v 0.8408 15.3845 0.7140
v 0.7910 15.5051 0.7552
v 0.7910 15.5044 0.7925
v 0.8390 15.5044 0.7925
v 0.8390 15.5051 0.7552
v 0.8390 15.3290 0.8462
v 0.7910 15.3290 0.8462
v 0.7910 15.3076 0.8156
v 0.8390 15.3076 0.8156
v 0.8390 15.4501 0.8647
v 0.7910 15.4501 0.8647
v 0.7910 15.4144 0.8756
v 0.8390 15.4144 0.8756
v 0.7910 15.4533 0.6813
v 0.8390 15.4533 0.6813
v 0.8390 15.4180 0.6691
v 0.7910 15.4180 0.6691
v 0.8390 15.3092 0.7253
v 0.7910 15.3092 0.7253
v 0.7910 15.3316 0.6955
v 0.8390 15.3316 0.6955
v 0.8150 15.4660 0.7274
v 0.8150 15.4644 0.8189
v 0.8150 15.3769 0.8457
v 0.8150 15.3244 0.7707
v 0.8150 15.3795 0.6976
v 0.8150 15.5115 0.7488
v 0.8150 15.5106 0.7992
v 0.8150 15.3276 0.8552
v 0.8150 15.2986 0.8139
v 0.8150 15.4582 0.8688
v 0.8150 15.4099 0.8836
v 0.8150 15.4615 0.6774
v 0.8150 15.4138 0.6610
v 0.8150 15.3001 0.7267
v 0.8150 15.3305 0.6864
v 0.7682 15.4190 1.2999
v 0.7653 15.4190 1.2789
v 0.3349 15.4190 1.6332
v 0.3320 15.4190 1.6122
v 0.7546 15.6740 1.3200
v 0.7507 15.6740 1.3008
v 0.3646 15.6740 1.6200
v 0.3607 15.6740 1.6008
v 0.2750 15.4190 1.6517
v 0.2750 15.4190 1.6433
v 0.7950 15.4190 1.2433
v 0.7950 15.4190 1.2517
v 0.7673 15.7024 1.2934
v 0.7663 15.7024 1.2854
v 0.3329 15.7024 1.6188
v 0.3339 15.7024 1.6267
v 0.6013 15.4190 1.4918
v 0.5895 15.4190 1.4717
v 0.6006 15.7024 1.4907
v 0.5902 15.7024 1.4728
v 0.5974 15.7590 1.4851
v 0.5934 15.7590 1.4784
v -0.0375 15.4768 1.6475
v -0.0375 15.4997 1.6704
v -0.0375 15.5226 1.6475
v -0.0375 15.4997 1.6246
v -0.7950 15.3791 1.2465
v -0.7925 15.4030 1.2747
v -0.7757 15.4261 1.2795
v -0.7958 15.4020 1.2221
v -0.0891 15.4747 1.6308
v -0.0891 15.5080 1.6308
v -0.2101 15.4268 1.6642
v -0.2101 15.4601 1.6642
v -0.2558 15.4393 1.6475
v -0.2558 15.4164 1.6704
v -0.2558 15.4164 1.6246
v -0.2558 15.3934 1.6475
v -0.8240 15.3871 1.2220
v -0.8210 15.4030 1.2342
v -0.8240 15.4190 1.2220
v -0.8333 15.4030 1.2033
v -0.8142 15.3791 1.2129
v -0.8150 15.4259 1.2125
v -0.8078 15.4190 1.2502
v -0.8100 15.3871 1.2466
v -0.7967 15.4030 0.9557
v -0.8333 15.4030 0.9526
v -0.8150 15.3801 0.9542
v -0.8150 15.4259 0.9542
v -0.2101 15.4268 1.6308
v -0.2101 15.4601 1.6308
v -0.0891 15.4747 1.6642
v -0.0891 15.5080 1.6642
v -0.1500 15.4501 1.6475
v -0.1500 15.4730 1.6246
v -0.1500 15.4730 1.6704
v -0.1500 15.4959 1.6475
v -0.7137 15.3864 1.3839
v -0.7116 15.4197 1.3875
v -0.2843 15.3880 1.6278
v -0.2843 15.4214 1.6278
v -0.8011 15.3857 1.0752
v -0.8017 15.4197 1.0749
v -0.8283 15.4197 1.0680
v -0.8283 15.3864 1.0680
v -0.2848 15.3880 1.6609
v -0.2848 15.4214 1.6609
v -0.4547 15.3864 1.5519
v -0.4547 15.4197 1.5519
v -0.3434 15.4030 1.6439
v -0.3380 15.4030 1.6004
v -0.3407 15.3801 1.6221
v -0.3407 15.4259 1.6221
v -0.8028 15.4030 0.7420
v -0.8272 15.4030 0.7420
v -0.8150 15.3878 0.7420
v -0.8150 15.4183 0.7420
v -0.8022 15.4190 0.7757
v -0.8283 15.4197 0.8763
v -0.8283 15.3864 0.8763
v -0.8017 15.3864 0.8766
v -0.4660 15.3864 1.5806
v -0.4660 15.4197 1.5806
v -0.7029 15.3857 1.3543
v -0.7030 15.4197 1.3548
v -0.5994 15.4259 1.4794
v -0.6102 15.4030 1.4979
v -0.5886 15.4030 1.4610
v -0.5994 15.3801 1.4794
v -0.8017 15.4197 0.8766
v -0.8278 15.4190 0.7757
v -0.8278 15.3871 0.7757
v -0.8022 15.3871 0.7757
v -0.7967 15.4030 0.8225
v -0.8150 15.3801 0.8225
v -0.8333 15.4030 0.8225
v -0.8150 15.4259 0.8225
v -0.7867 15.4469 0.7729
v -0.8433 15.4469 0.7729
v -0.8294 15.4646 0.7284
v -0.8006 15.4630 0.8179
v -0.7867 15.4153 0.8148
v -0.8433 15.4153 0.8148
v -0.8006 15.3775 0.8441
v -0.7867 15.3656 0.7977
v -0.8433 15.3656 0.7977
v -0.8006 15.3261 0.7708
v -0.7867 15.3666 0.7452
v -0.8433 15.3666 0.7452
v -0.8006 15.3800 0.6993
v -0.7867 15.4168 0.7298
v -0.8433 15.4168 0.7298
v -0.7890 15.5089 0.7740
v -0.8410 15.5089 0.7740
v -0.8302 15.5104 0.7499
v -0.7998 15.5096 0.7981
v -0.8403 15.4843 0.7492
v -0.7897 15.4843 0.7492
v -0.7897 15.4835 0.7978
v -0.8403 15.4835 0.7978
v -0.7998 15.3278 0.8536
v -0.7890 15.3149 0.8333
v -0.8410 15.3149 0.8333
v -0.7998 15.3001 0.8142
v -0.7897 15.3214 0.7990
v -0.8403 15.3214 0.7990
v -0.7897 15.3493 0.8388
v -0.8403 15.3493 0.8388
v -0.7998 15.4568 0.8681
v -0.7890 15.4334 0.8741
v -0.8410 15.4334 0.8741
v -0.7998 15.4107 0.8822
v -0.7897 15.4029 0.8573
v -0.8403 15.4029 0.8573
v -0.7897 15.4493 0.8431
v -0.8403 15.4493 0.8431
v -0.8302 15.4601 0.6780
v -0.7998 15.4145 0.6624
v -0.7890 15.4370 0.6712
v -0.8410 15.4370 0.6712
v -0.8403 15.4518 0.7028
v -0.8403 15.4059 0.6870
v -0.7897 15.4059 0.6870
v -0.7897 15.4518 0.7028
v -0.7998 15.3017 0.7265
v -0.7890 15.3171 0.7079
v -0.8410 15.3171 0.7079
v -0.7998 15.3307 0.6880
v -0.8403 15.3224 0.7423
v -0.7897 15.3224 0.7423
v -0.7897 15.3516 0.7036
v -0.8403 15.3516 0.7036
v -0.8006 15.4646 0.7284
v -0.8294 15.4630 0.8179
v -0.8294 15.3775 0.8441
v -0.8294 15.3261 0.7708
v -0.8294 15.3800 0.6993
v -0.7998 15.5104 0.7499
v -0.8302 15.5096 0.7981
v -0.8302 15.3278 0.8536
v -0.8302 15.3001 0.8142
v -0.8302 15.4568 0.8681
v -0.8302 15.4107 0.8822
v -0.7998 15.4601 0.6780
v -0.8302 15.4145 0.6624
v -0.8302 15.3017 0.7265
v -0.8302 15.3307 0.6880
v -0.8150 15.3568 0.6927
v -0.8150 15.3077 0.7008
v -0.8150 15.4637 0.7043
v -0.8150 15.3955 0.6809
v -0.8150 15.4408 0.6602
v -0.8150 15.4613 0.8419
v -0.8150 15.4369 0.8853
v -0.8150 15.3541 0.8498
v -0.8150 15.3053 0.8400
v -0.8150 15.4857 0.8096
v -0.8150 15.5206 0.7742
v -0.8150 15.3134 0.7503
v -0.8150 15.3127 0.7908
v -0.8150 15.3924 0.8630
v -0.8150 15.4869 0.7375
v -0.2750 15.4190 1.6475
v -0.7072 15.4190 1.3869
v -0.4496 15.4190 1.5574
v -0.2821 15.4190 1.6363
v -0.7950 15.4190 1.2475
v -0.7050 15.6975 1.3884
v -0.4538 15.6975 1.5570
v -0.7917 15.4190 1.2608
v -0.7628 15.5783 1.2826
v -0.3369 15.5783 1.6103
v -0.7659 15.5783 1.3033
v -0.3400 15.5783 1.6310
v -0.7913 15.4190 1.2447
v -0.2825 15.4190 1.6525
v -0.7633 15.6975 1.2854
v -0.3395 15.6975 1.6282
v -0.3374 15.6975 1.6130
v -0.7668 15.7024 1.2894
v -0.7654 15.6975 1.3006
v -0.3334 15.7024 1.6227
v -0.2824 15.5819 1.6485
v -0.2822 15.5819 1.6403
v -0.7914 15.5819 1.2486
v -0.7915 15.5819 1.2569
v -0.7044 15.7519 1.3799
v -0.7016 15.7519 1.3727
v -0.4581 15.4190 1.5785
v -0.6988 15.4190 1.3657
v -0.4615 15.6975 1.5758
v -0.6973 15.6975 1.3696
v -0.4552 15.7519 1.5716
v -0.4524 15.7519 1.5644
v -0.5954 15.7590 1.4818
v -0.5992 15.7519 1.4883
v -0.6012 15.5819 1.4917
v -0.5915 15.7519 1.4752
v -0.5896 15.5819 1.4719
v 0.0375 15.4768 1.6475
v 0.0375 15.4997 1.6704
v 0.0375 15.5226 1.6475
v 0.0375 15.4997 1.6246
v 0.7950 15.3791 1.2465
v 0.7925 15.4030 1.2747
v 0.7757 15.4261 1.2795
v 0.7958 15.4020 1.2221
v 0.0891 15.4747 1.6308
v 0.0891 15.5080 1.6308
v 0.2101 15.4268 1.6642
v 0.2101 15.4601 1.6642
v 0.2558 15.4393 1.6475
v 0.2558 15.4164 1.6704
v 0.2558 15.4164 1.6246
v 0.2558 15.3934 1.6475
v 0.8240 15.3871 1.2220
v 0.8210 15.4030 1.2342
v 0.8240 15.4190 1.2220
v 0.8333 15.4030 1.2033
v 0.8142 15.3791 1.2129
v 0.8150 15.4259 1.2125
v 0.8078 15.4190 1.2502
v 0.8100 15.3871 1.2466
v 0.7967 15.4030 0.9557
v 0.8333 15.4030 0.9526
v 0.8150 15.3801 0.9542
v 0.8150 15.4259 0.9542
v 0.2101 15.4268 1.6308
v 0.2101 15.4601 1.6308
v 0.0891 15.4747 1.6642
v 0.0891 15.5080 1.6642
v 0.1500 15.4501 1.6475
v 0.1500 15.4730 1.6246
v 0.1500 15.4730 1.6704
v 0.1500 15.4959 1.6475
v 0.7137 15.3864 1.3839
v 0.7116 15.4197 1.3875
v 0.2843 15.3880 1.6278
v 0.2843 15.4214 1.6278
v 0.8011 15.3857 1.0752
v 0.8017 15.4197 1.0749
v 0.8283 15.4197 1.0680
v 0.8283 15.3864 1.0680
v 0.2848 15.3880 1.6609
v 0.2848 15.4214 1.6609
v 0.4547 15.3864 1.5519
v 0.4547 15.4197 1.5519
v 0.3434 15.4030 1.6439
v 0.3380 15.4030 1.6004
v 0.3407 15.3801 1.6221
v 0.3407 15.4259 1.6221
v 0.8028 15.4030 0.7420
v 0.8272 15.4030 0.7420
v 0.8150 15.3878 0.7420
v 0.8150 15.4183 0.7420
v 0.8022 15.4190 0.7757
v 0.8283 15.4197 0.8763
v 0.8283 15.3864 0.8763
v 0.8017 15.3864 0.8766
v 0.4660 15.3864 1.5806
v 0.4660 15.4197 1.5806
v 0.7029 15.3857 1.3543
v 0.7030 15.4197 1.3548
v 0.5994 15.4259 1.4794
v 0.6102 15.4030 1.4979
v 0.5886 15.4030 1.4610
v 0.5994 15.3801 1.4794
v 0.8017 15.4197 0.8766
v 0.8278 15.4190 0.7757
v 0.8278 15.3871 0.7757
v 0.8022 15.3871 0.7757
v 0.7967 15.4030 0.8225
v 0.8150 15.3801 0.8225
v 0.8333 15.4030 0.8225
v 0.8150 15.4259 0.8225
v 0.7867 15.4469 0.7729
v 0.8433 15.4469 0.7729
v 0.8294 15.4646 0.7284
v 0.8006 15.4630 0.8179
v 0.7867 15.4153 0.8148
v 0.8433 15.4153 0.8148
v 0.8006 15.3775 0.8441
v 0.7867 15.3656 0.7977
v 0.8433 15.3656 0.7977
v 0.8006 15.3261 0.7708
v 0.7867 15.3666 0.7452
v 0.8433 15.3666 0.7452
v 0.8006 15.3800 0.6993
v 0.7867 15.4168 0.7298
v 0.8433 15.4168 0.7298
v 0.7890 15.5089 0.7740
v 0.8410 15.5089 0.7740
v 0.8302 15.5104 0.7499
v 0.7998 15.5096 0.7981
v 0.8403 15.4843 0.7492
v 0.7897 15.4843 0.7492
v 0.7897 15.4835 0.7978
v 0.8403 15.4835 0.7978
v 0.7998 15.3278 0.8536
v 0.7890 15.3149 0.8333
v 0.8410 15.3149 0.8333
v 0.7998 15.3001 0.8142
v 0.7897 15.3214 0.7990
v 0.8403 15.3214 0.7990
v 0.7897 15.3493 0.8388
v 0.8403 15.3493 0.8388
v 0.7998 15.4568 0.8681
v 0.7890 15.4334 0.8741
v 0.8410 15.4334 0.8741
v 0.7998 15.4107 0.8822
v 0.7897 15.4029 0.8573
v 0.8403 15.4029 0.8573
v 0.7897 15.4493 0.8431
v 0.8403 15.4493 0.8431
v 0.8302 15.4601 0.6780
v 0.7998 15.4145 0.6624
v 0.7890 15.4370 0.6712
v 0.8410 15.4370 0.6712
v 0.8403 15.4518 0.7028
v 0.8403 15.4059 0.6870
v 0.7897 15.4059 0.6870
v 0.7897 15.4518 0.7028
v 0.7998 15.3017 0.7265
v 0.7890 15.3171 0.7079
v 0.8410 15.3171 0.7079
v 0.7998 15.3307 0.6880
v 0.8403 15.3224 0.7423
v 0.7897 15.3224 0.7423
v 0.7897 15.3516 0.7036
v 0.8403 15.3516 0.7036
v 0.8006 15.4646 0.7284
v 0.8294 15.4630 0.8179
v 0.8294 15.3775 0.8441
v 0.8294 15.3261 0.7708
v 0.8294 15.3800 0.6993
v 0.7998 15.5104 0.7499
v 0.8302 15.5096 0.7981
v 0.8302 15.3278 0.8536
v 0.8302 15.3001 0.8142
v 0.8302 15.4568 0.8681
v 0.8302 15.4107 0.8822
v 0.7998 15.4601 0.6780
v 0.8302 15.4145 0.6624
v 0.8302 15.3017 0.7265
v 0.8302 15.3307 0.6880
v 0.8150 15.3568 0.6927
v 0.8150 15.3077 0.7008
v 0.8150 15.4637 0.7043
v 0.8150 15.3955 0.6809
v 0.8150 15.4408 0.6602
v 0.8150 15.4613 0.8419
v 0.8150 15.4369 0.8853
v 0.8150 15.3541 0.8498
v 0.8150 15.3053 0.8400
v 0.8150 15.4857 0.8096
v 0.8150 15.5206 0.7742
v 0.8150 15.3134 0.7503
v 0.8150 15.3127 0.7908
v 0.8150 15.3924 0.8630
v 0.8150 15.4869 0.7375
v 0.2750 15.4190 1.6475
v 0.7072 15.4190 1.3869
v 0.4496 15.4190 1.5574
v 0.2821 15.4190 1.6363
v 0.7950 15.4190 1.2475
v 0.7050 15.6975 1.3884
v 0.4538 15.6975 1.5570
v 0.7917 15.4190 1.2608
v 0.7628 15.5783 1.2826
v 0.3369 15.5783 1.6103
v 0.7659 15.5783 1.3033
v 0.3400 15.5783 1.6310
v 0.7913 15.4190 1.2447
v 0.2825 15.4190 1.6525
v 0.7633 15.6975 1.2854
v 0.3395 15.6975 1.6282
v 0.3374 15.6975 1.6130
v 0.7668 15.7024 1.2894
v 0.7654 15.6975 1.3006
v 0.3334 15.7024 1.6227
v 0.2824 15.5819 1.6485
v 0.2822 15.5819 1.6403
v 0.7914 15.5819 1.2486
v 0.7915 15.5819 1.2569
v 0.7044 15.7519 1.3799
v 0.7016 15.7519 1.3727
v 0.4581 15.4190 1.5785
v 0.6988 15.4190 1.3657
v 0.4615 15.6975 1.5758
v 0.6973 15.6975 1.3696
v 0.4552 15.7519 1.5716
v 0.4524 15.7519 1.5644
v 0.5954 15.7590 1.4818
v 0.5992 15.7519 1.4883
v 0.6012 15.5819 1.4917
v 0.5915 15.7519 1.4752
v 0.5896 15.5819 1.4719
v -0.7083 15.3799 1.3693
v -0.7011 15.4029 1.3492
v -0.7154 15.4030 1.3900
v -0.2101 15.4664 1.6475
v -0.2101 15.4434 1.6704
v -0.2101 15.4434 1.6246
v -0.2101 15.4205 1.6475
v -0.8282 15.4030 1.2187
v -0.8092 15.4030 1.2520
v -0.8097 15.4258 1.2360
v -0.8118 15.3801 1.2323
v -0.8150 15.4250 0.7751
v -0.7965 15.4029 1.0763
v -0.8150 15.4259 1.0715
v -0.8333 15.4030 1.0667
v -0.0891 15.4684 1.6475
v -0.0891 15.4914 1.6246
v -0.0891 15.4914 1.6704
v -0.0891 15.5143 1.6475
v -0.8149 15.3799 1.0715
v -0.2849 15.4047 1.6671
v -0.2842 15.4047 1.6216
v -0.2846 15.3818 1.6443
v -0.2846 15.4276 1.6443
v -0.4603 15.4259 1.5663
v -0.8150 15.4030 0.7305
v -0.8326 15.4030 0.7751
v -0.8150 15.3811 0.7751
v -0.7974 15.4030 0.7751
v -0.7062 15.4259 1.3729
v -0.4681 15.4030 1.5860
v -0.4525 15.4030 1.5466
v -0.4603 15.3801 1.5663
v -0.7967 15.4030 0.8767
v -0.8150 15.3801 0.8765
v -0.8333 15.4030 0.8763
v -0.8150 15.4259 0.8765
v -0.8297 15.4864 0.7390
v -0.8003 15.3936 0.8621
v -0.8003 15.3140 0.7917
v -0.8431 15.4022 0.7721
v -0.8297 15.3147 0.7494
v -0.8439 15.4287 0.6951
v -0.7869 15.4022 0.7721
v -0.8307 15.5191 0.7741
v -0.7861 15.4836 0.7735
v -0.8003 15.4852 0.8081
v -0.8439 15.4836 0.7735
v -0.8307 15.3065 0.8392
v -0.7861 15.3356 0.8188
v -0.8439 15.3356 0.8188
v -0.8297 15.3536 0.8484
v -0.8307 15.4364 0.8839
v -0.7861 15.4260 0.8499
v -0.8439 15.4260 0.8499
v -0.8297 15.4598 0.8419
v -0.8307 15.4403 0.6615
v -0.8297 15.3967 0.6818
v -0.8003 15.4622 0.7043
v -0.7861 15.4287 0.6951
v -0.8307 15.3089 0.7017
v -0.8003 15.3563 0.6942
v -0.7861 15.3372 0.7231
v -0.8439 15.3372 0.7231
v -0.8297 15.3563 0.6942
v -0.7993 15.3089 0.7017
v -0.8297 15.4622 0.7043
v -0.8003 15.3967 0.6818
v -0.7993 15.4403 0.6615
v -0.8003 15.4598 0.8419
v -0.7993 15.4364 0.8839
v -0.8003 15.3536 0.8484
v -0.7993 15.3065 0.8392
v -0.8297 15.4852 0.8081
v -0.7993 15.5191 0.7741
v -0.8003 15.3147 0.7494
v -0.8297 15.3140 0.7917
v -0.8297 15.3936 0.8621
v -0.8003 15.4864 0.7390
v -0.6983 15.5810 1.3666
v -0.2896 15.5810 1.6494
v -0.6997 15.7451 1.3700
v -0.4590 15.5810 1.5780
v -0.7884 15.5810 1.2658
v -0.7915 15.5819 1.2527
v -0.7878 15.5810 1.2498
v -0.2823 15.5819 1.6444
v -0.2890 15.5810 1.6334
v -0.7053 15.7451 1.3840
v -0.7030 15.7519 1.3763
v -0.4538 15.7519 1.5680
v -0.4576 15.7451 1.5746
v -0.7067 15.5810 1.3874
v -0.4520 15.7451 1.5606
v -0.4506 15.5810 1.5571
v 0.7083 15.3799 1.3693
v 0.7011 15.4029 1.3492
v 0.7154 15.4030 1.3900
v 0.2101 15.4664 1.6475
v 0.2101 15.4434 1.6704
v 0.2101 15.4434 1.6246
v 0.2101 15.4205 1.6475
v 0.8282 15.4030 1.2187
v 0.8092 15.4030 1.2520
v 0.8097 15.4258 1.2360
v 0.8118 15.3801 1.2323
v 0.8150 15.4250 0.7751
v 0.7965 15.4029 1.0763
v 0.8150 15.4259 1.0715
v 0.8333 15.4030 1.0667
v 0.0891 15.4684 1.6475
v 0.0891 15.4914 1.6246
v 0.0891 15.4914 1.6704
v 0.0891 15.5143 1.6475
v 0.8149 15.3799 1.0715
v 0.2849 15.4047 1.6671
v 0.2842 15.4047 1.6216
v 0.2846 15.3818 1.6443
v 0.2846 15.4276 1.6443
v 0.4603 15.4259 1.5663
v 0.8150 15.4030 0.7305
v 0.8326 15.4030 0.7751
v 0.8150 15.3811 0.7751
v 0.7974 15.4030 0.7751
v 0.7062 15.4259 1.3729
v 0.4681 15.4030 1.5860
v 0.4525 15.4030 1.5466
v 0.4603 15.3801 1.5663
v 0.7967 15.4030 0.8767
v 0.8150 15.3801 0.8765
v 0.8333 15.4030 0.8763
v 0.8150 15.4259 0.8765
v 0.8297 15.4864 0.7390
v 0.8003 15.3936 0.8621
v 0.8003 15.3140 0.7917
v 0.8431 15.4022 0.7721
v 0.8297 15.3147 0.7494
v 0.8439 15.4287 0.6951
v 0.7869 15.4022 0.7721
v 0.8307 15.5191 0.7741
v 0.7861 15.4836 0.7735
v 0.8003 15.4852 0.8081
v 0.8439 15.4836 0.7735
v 0.8307 15.3065 0.8392
v 0.7861 15.3356 0.8188
v 0.8439 15.3356 0.8188
v 0.8297 15.3536 0.8484
v 0.8307 15.4364 0.8839
v 0.7861 15.4260 0.8499
v 0.8439 15.4260 0.8499
v 0.8297 15.4598 0.8419
v 0.8307 15.4403 0.6615
v 0.8297 15.3967 0.6818
v 0.8003 15.4622 0.7043
v 0.7861 15.4287 0.6951
v 0.8307 15.3089 0.7017
v 0.8003 15.3563 0.6942
v 0.7861 15.3372 0.7231
v 0.8439 15.3372 0.7231
v 0.8297 15.3563 0.6942
v 0.7993 15.3089 0.7017
v 0.8297 15.4622 0.7043
v 0.8003 15.3967 0.6818
v 0.7993 15.4403 0.6615
v 0.8003 15.4598 0.8419
v 0.7993 15.4364 0.8839
v 0.8003 15.3536 0.8484
v 0.7993 15.3065 0.8392
v 0.8297 15.4852 0.8081
v 0.7993 15.5191 0.7741
v 0.8003 15.3147 0.7494
v 0.8297 15.3140 0.7917
v 0.8297 15.3936 0.8621
v 0.8003 15.4864 0.7390
v 0.6983 15.5810 1.3666
v 0.2896 15.5810 1.6494
v 0.6997 15.7451 1.3700
v 0.4590 15.5810 1.5780
v 0.7884 15.5810 1.2658
v 0.7915 15.5819 1.2527
v 0.7878 15.5810 1.2498
v 0.2823 15.5819 1.6444
v 0.2890 15.5810 1.6334
v 0.7053 15.7451 1.3840
v 0.7030 15.7519 1.3763
v 0.4538 15.7519 1.5680
v 0.4576 15.7451 1.5746
v 0.7067 15.5810 1.3874
v 0.4520 15.7451 1.5606
v 0.4506 15.5810 1.5571
v -0.8100 15.4100 0.7300
v -0.8000 15.4000 0.7300
v -0.8100 15.3900 0.7300
v -0.8200 15.4000 0.7300
v -0.8524 15.4100 0.0997
v -0.8426 15.4000 0.1016
v -0.8524 15.3900 0.0997
v -0.8623 15.4000 0.0978
v -0.6975 15.4100 -0.1577
v -0.6893 15.4000 -0.1519
v -0.6975 15.3900 -0.1577
v -0.7056 15.4000 -0.1635
v -0.5246 15.4100 -0.3004
v -0.5191 15.4000 -0.2920
v -0.5246 15.3900 -0.3004
v -0.5300 15.4000 -0.3088
v -0.3386 15.4100 -0.3914
v -0.3348 15.4000 -0.3822
v -0.3386 15.3900 -0.3914
v -0.3424 15.4000 -0.4007
v -0.1946 15.4100 -0.4388
v -0.1920 15.4000 -0.4291
v -0.1946 15.3900 -0.4388
v -0.1971 15.4000 -0.4484
v -0.1049 15.4100 -0.4562
v -0.1036 15.4000 -0.4463
v -0.1049 15.3900 -0.4562
v -0.1063 15.4000 -0.4661
v -0.0548 15.4100 -0.4601
v -0.0542 15.4000 -0.4501
v -0.0548 15.3900 -0.4601
v -0.0555 15.4000 -0.4700
v -0.0292 15.4100 -0.4615
v -0.0274 15.4000 -0.4517
v -0.0292 15.3900 -0.4615
v -0.0310 15.4000 -0.4713
v -0.0176 15.4100 -0.4652
v -0.0112 15.4000 -0.4575
v -0.0176 15.3900 -0.4652
v -0.0239 15.4000 -0.4729
v -0.0130 15.4100 -0.4736
v -0.0035 15.4000 -0.4706
v -0.0130 15.3900 -0.4736
v -0.0226 15.4000 -0.4765
v -0.0114 15.4100 -0.4896
v -0.0014 15.4000 -0.4891
v -0.0114 15.3900 -0.4896
v -0.0214 15.4000 -0.4901
v -0.0113 15.4100 -0.5157
v -0.0013 15.4000 -0.5159
v -0.0113 15.3900 -0.5157
v -0.0212 15.4000 -0.5155
v -0.0127 15.4100 -0.5494
v -0.0027 15.4000 -0.5503
v -0.0127 15.3900 -0.5494
v -0.0226 15.4000 -0.5485
v -0.0174 15.4100 -0.5823
v -0.0077 15.4000 -0.5848
v -0.0174 15.3900 -0.5823
v -0.0270 15.4000 -0.5798
v -0.0265 15.4100 -0.6063
v -0.0179 15.4000 -0.6113
v -0.0265 15.3900 -0.6063
v -0.0352 15.4000 -0.6013
v -0.0387 15.4100 -0.6212
v -0.0309 15.4000 -0.6276
v -0.0387 15.3900 -0.6212
v -0.0464 15.4000 -0.6149
v -0.0497 15.4100 -0.6347
v -0.0409 15.4000 -0.6396
v -0.0497 15.3900 -0.6347
v -0.0585 15.4000 -0.6299
v -0.0554 15.4100 -0.6516
v -0.0454 15.4000 -0.6525
v -0.0554 15.3900 -0.6516
v -0.0653 15.4000 -0.6508
v -0.0528 15.4100 -0.6685
v -0.0442 15.4000 -0.6633
v -0.0528 15.3900 -0.6685
v -0.0613 15.4000 -0.6737
v -0.0395 15.4100 -0.6782
v -0.0361 15.4000 -0.6688
v -0.0395 15.3900 -0.6782
v -0.0428 15.4000 -0.6876
v -0.0110 15.4100 -0.6800
v -0.0110 15.4000 -0.6700
v -0.0110 15.3900 -0.6800
v -0.0110 15.4000 -0.6900
v 0.8100 15.4100 0.7300
v 0.8000 15.4000 0.7300
v 0.8100 15.3900 0.7300
v 0.8200 15.4000 0.7300
v 0.8524 15.4100 0.0997
v 0.8426 15.4000 0.1016
v 0.8524 15.3900 0.0997
v 0.8623 15.4000 0.0978
v 0.6975 15.4100 -0.1577
v 0.6893 15.4000 -0.1519
v 0.6975 15.3900 -0.1577
v 0.7056 15.4000 -0.1635
v 0.5246 15.4100 -0.3004
v 0.5191 15.4000 -0.2920
v 0.5246 15.3900 -0.3004
v 0.5300 15.4000 -0.3088
v 0.3386 15.4100 -0.3914
v 0.3348 15.4000 -0.3822
v 0.3386 15.3900 -0.3914
v 0.3424 15.4000 -0.4007
v 0.1946 15.4100 -0.4388
v 0.1920 15.4000 -0.4291
v 0.1946 15.3900 -0.4388
v 0.1971 15.4000 -0.4484
v 0.1049 15.4100 -0.4562
v 0.1036 15.4000 -0.4463
v 0.1049 15.3900 -0.4562
v 0.1063 15.4000 -0.4661
v 0.0548 15.4100 -0.4601
v 0.0542 15.4000 -0.4501
v 0.0548 15.3900 -0.4601
v 0.0555 15.4000 -0.4700
v 0.0292 15.4100 -0.4615
v 0.0274 15.4000 -0.4517
v 0.0292 15.3900 -0.4615
v 0.0310 15.4000 -0.4713
v 0.0176 15.4100 -0.4652
v 0.0112 15.4000 -0.4575
v 0.0176 15.3900 -0.4652
v 0.0239 15.4000 -0.4729
v 0.0130 15.4100 -0.4736
v 0.0035 15.4000 -0.4706
v 0.0130 15.3900 -0.4736
v 0.0226 15.4000 -0.4765
v 0.0114 15.4100 -0.4896
v 0.0014 15.4000 -0.4891
v 0.0114 15.3900 -0.4896
v 0.0214 15.4000 -0.4901
v 0.0113 15.4100 -0.5157
v 0.0013 15.4000 -0.5159
v 0.0113 15.3900 -0.5157
v 0.0212 15.4000 -0.5155
v 0.0127 15.4100 -0.5494
v 0.0027 15.4000 -0.5503
v 0.0127 15.3900 -0.5494
v 0.0226 15.4000 -0.5485
v 0.0174 15.4100 -0.5823
v 0.0077 15.4000 -0.5848
v 0.0174 15.3900 -0.5823
v 0.0270 15.4000 -0.5798
v 0.0265 15.4100 -0.6063
v 0.0179 15.4000 -0.6113
v 0.0265 15.3900 -0.6063
v 0.0352 15.4000 -0.6013
v 0.0387 15.4100 -0.6212
v 0.0309 15.4000 -0.6276
v 0.0387 15.3900 -0.6212
v 0.0464 15.4000 -0.6149
v 0.0497 15.4100 -0.6347
v 0.0409 15.4000 -0.6396
v 0.0497 15.3900 -0.6347
v 0.0585 15.4000 -0.6299
v 0.0554 15.4100 -0.6516
v 0.0454 15.4000 -0.6525
v 0.0554 15.3900 -0.6516
v 0.0653 15.4000 -0.6508
v 0.0528 15.4100 -0.6685
v 0.0442 15.4000 -0.6633
v 0.0528 15.3900 -0.6685
v 0.0613 15.4000 -0.6737
v 0.0395 15.4100 -0.6782
v 0.0361 15.4000 -0.6688
v 0.0395 15.3900 -0.6782
v 0.0428 15.4000 -0.6876
v 0.0110 15.4100 -0.6800
v 0.0110 15.4000 -0.6700
v 0.0110 15.3900 -0.6800
v 0.0110 15.4000 -0.6900
v -0.0399 15.3732 -0.4267
v -0.0399 15.4268 -0.4267
v -0.0396 15.3661 -0.4977
v -0.0396 15.4339 -0.4977
v 0.0399 15.3732 -0.4267
v 0.0399 15.4268 -0.4267
v 0.0396 15.3661 -0.4977
v 0.0396 15.4339 -0.4977
v -0.0226 15.3951 -0.4533
v -0.0226 15.4049 -0.4533
v -0.0224 15.3923 -0.4728
v -0.0224 15.4077 -0.4728
v 0.0226 15.3951 -0.4533
v 0.0226 15.4049 -0.4533
v 0.0224 15.3923 -0.4728
v 0.0224 15.4077 -0.4728
v -0.0433 15.3932 -0.4522
v -0.0433 15.4068 -0.4522
v -0.0433 15.3914 -0.4697
v -0.0433 15.4086 -0.4697
v -0.0219 15.3857 -0.5017
v -0.0219 15.4143 -0.5017
v 0.0219 15.3857 -0.5017
v 0.0219 15.4143 -0.5017
v 0.0433 15.3932 -0.4522
v 0.0433 15.4068 -0.4522
v 0.0433 15.3914 -0.4697
v 0.0433 15.4086 -0.4697
v -0.0436 15.4000 -0.5004
v -0.0263 15.4000 -0.4751
v -0.0433 15.4000 -0.4714
v -0.0263 15.4000 -0.5017
v 0.0436 15.4000 -0.5004
v 0.0263 15.4000 -0.4751
v 0.0263 15.4000 -0.5017
v 0.0433 15.4000 -0.4714
v -0.0399 15.3598 -0.4602
v 0.0399 15.3598 -0.4602
v -0.0226 15.3961 -0.4609
v 0.0226 15.3961 -0.4609
v -0.0433 15.3905 -0.4610
v 0.0433 15.3905 -0.4610
v -0.0399 15.4402 -0.4602
v 0.0399 15.4402 -0.4602
v -0.0226 15.4039 -0.4609
v 0.0226 15.4039 -0.4609
v -0.0433 15.4095 -0.4610
v 0.0433 15.4095 -0.4610
v -0.0399 15.3731 -0.6424
v -0.0399 15.4269 -0.6424
v -0.0396 15.3660 -0.7137
v -0.0396 15.4340 -0.7137
v 0.0399 15.3731 -0.6424
v 0.0399 15.4269 -0.6424
v 0.0396 15.3660 -0.7137
v 0.0396 15.4340 -0.7137
v -0.0226 15.3948 -0.6689
v -0.0226 15.4052 -0.6689
v -0.0226 15.3932 -0.6835
v -0.0226 15.4068 -0.6835
v 0.0226 15.3948 -0.6689
v 0.0226 15.4052 -0.6689
v 0.0226 15.3932 -0.6835
v 0.0226 15.4068 -0.6835
v -0.0433 15.3926 -0.6673
v -0.0433 15.4074 -0.6673
v -0.0433 15.3907 -0.6861
v -0.0433 15.4093 -0.6861
v -0.0219 15.3840 -0.7238
v -0.0219 15.4160 -0.7238
v 0.0219 15.3840 -0.7238
v 0.0219 15.4160 -0.7238
v 0.0433 15.3926 -0.6673
v 0.0433 15.4074 -0.6673
v 0.0433 15.3907 -0.6861
v 0.0433 15.4093 -0.6861
v -0.0436 15.4000 -0.7164
v -0.0220 15.4000 -0.6858
v -0.0433 15.4000 -0.6879
v -0.0220 15.4000 -0.7238
v 0.0436 15.4000 -0.7164
v 0.0220 15.4000 -0.6858
v 0.0220 15.4000 -0.7238
v 0.0433 15.4000 -0.6879
v -0.0399 15.3596 -0.6760
v 0.0399 15.3596 -0.6760
v -0.0226 15.3953 -0.6767
v 0.0226 15.3953 -0.6767
v -0.0433 15.3895 -0.6768
v 0.0433 15.3895 -0.6768
v -0.0399 15.4404 -0.6760
v 0.0399 15.4404 -0.6760
v -0.0226 15.4047 -0.6767
v 0.0226 15.4047 -0.6767
v -0.0433 15.4105 -0.6768
v 0.0433 15.4105 -0.6768
v -0.0399 15.3615 -0.4410
v -0.0399 15.4000 -0.4217
v -0.0399 15.4396 -0.4799
v -0.0432 15.3831 -0.5002
v -0.0213 15.3590 -0.4998
v 0.0213 15.4410 -0.4998
v 0.0432 15.3831 -0.5002
v 0.0399 15.3604 -0.4799
v 0.0399 15.4385 -0.4410
v 0.0399 15.4000 -0.4217
v 0.0230 15.3686 -0.4208
v -0.0230 15.4313 -0.4208
v -0.0226 15.3950 -0.4567
v -0.0226 15.4000 -0.4521
v -0.0226 15.4054 -0.4654
v -0.0259 15.3955 -0.4749
v -0.0110 15.3908 -0.4747
v 0.0110 15.4092 -0.4747
v 0.0259 15.3955 -0.4749
v 0.0226 15.3946 -0.4654
v 0.0226 15.4050 -0.4567
v 0.0226 15.4000 -0.4521
v 0.0111 15.3944 -0.4521
v -0.0111 15.4056 -0.4521
v -0.0433 15.3906 -0.4560
v -0.0433 15.4000 -0.4509
v -0.0433 15.4096 -0.4660
v -0.0433 15.3949 -0.4711
v -0.0343 15.4039 -0.4553
v -0.0344 15.4052 -0.4668
v -0.0344 15.3948 -0.4668
v -0.0343 15.3961 -0.4553
v -0.0463 15.3793 -0.4817
v -0.0462 15.3835 -0.4400
v -0.0462 15.4165 -0.4400
v -0.0463 15.4207 -0.4817
v -0.0258 15.3918 -0.5017
v -0.0126 15.3832 -0.5017
v 0.0126 15.4168 -0.5017
v 0.0258 15.3918 -0.5017
v 0.0192 15.3903 -0.4886
v 0.0192 15.4097 -0.4886
v -0.0192 15.3903 -0.4886
v -0.0192 15.4097 -0.4886
v 0.0433 15.3949 -0.4711
v 0.0433 15.3904 -0.4660
v 0.0433 15.4094 -0.4560
v 0.0433 15.4000 -0.4509
v 0.0343 15.4039 -0.4553
v 0.0344 15.4052 -0.4668
v 0.0344 15.3948 -0.4668
v 0.0343 15.3961 -0.4553
v 0.0463 15.4207 -0.4817
v 0.0462 15.4165 -0.4400
v 0.0462 15.3835 -0.4400
v 0.0463 15.3793 -0.4817
v -0.0295 15.4245 -0.5061
v -0.0295 15.3755 -0.5061
v 0.0295 15.3755 -0.5061
v 0.0295 15.4245 -0.5061
v -0.0432 15.4169 -0.5002
v -0.0259 15.4045 -0.4749
v -0.0433 15.4051 -0.4711
v -0.0258 15.4082 -0.5017
v -0.0350 15.4000 -0.5063
v -0.0231 15.4000 -0.4888
v -0.0467 15.4000 -0.4854
v -0.0348 15.4000 -0.4680
v 0.0432 15.4169 -0.5002
v 0.0259 15.4045 -0.4749
v 0.0258 15.4082 -0.5017
v 0.0433 15.4051 -0.4711
v 0.0350 15.4000 -0.5063
v 0.0467 15.4000 -0.4854
v 0.0348 15.4000 -0.4680
v 0.0231 15.4000 -0.4888
v 0.0213 15.3590 -0.4998
v -0.0213 15.4410 -0.4998
v -0.0230 15.3686 -0.4208
v 0.0230 15.4313 -0.4208
v 0.0110 15.3908 -0.4747
v -0.0110 15.4092 -0.4747
v -0.0111 15.3944 -0.4521
v 0.0111 15.4056 -0.4521
v 0.0126 15.3832 -0.5017
v -0.0126 15.4168 -0.5017
v -0.0399 15.3604 -0.4799
v 0.0399 15.3615 -0.4410
v -0.0226 15.3946 -0.4654
v 0.0226 15.3950 -0.4567
v -0.0433 15.3904 -0.4660
v 0.0433 15.3906 -0.4560
v -0.0230 15.3530 -0.4600
v -0.0111 15.3957 -0.4609
v 0.0462 15.3753 -0.4607
v 0.0343 15.3962 -0.4611
v -0.0462 15.3753 -0.4607
v -0.0343 15.3962 -0.4611
v 0.0111 15.3957 -0.4609
v 0.0230 15.3530 -0.4600
v -0.0399 15.4385 -0.4410
v 0.0399 15.4396 -0.4799
v -0.0226 15.4050 -0.4567
v 0.0226 15.4054 -0.4654
v -0.0433 15.4094 -0.4560
v 0.0433 15.4096 -0.4660
v 0.0230 15.4470 -0.4600
v 0.0111 15.4043 -0.4609
v 0.0462 15.4247 -0.4607
v 0.0343 15.4038 -0.4611
v -0.0462 15.4247 -0.4607
v -0.0343 15.4038 -0.4611
v -0.0111 15.4043 -0.4609
v -0.0230 15.4470 -0.4600
v -0.0399 15.3613 -0.6567
v -0.0399 15.4000 -0.6373
v -0.0399 15.4398 -0.6958
v -0.0432 15.3830 -0.7162
v -0.0213 15.3590 -0.7157
v 0.0213 15.4410 -0.7157
v 0.0432 15.3830 -0.7162
v 0.0399 15.3602 -0.6958
v 0.0399 15.4387 -0.6567
v 0.0399 15.4000 -0.6373
v 0.0230 15.3686 -0.6366
v -0.0230 15.4314 -0.6366
v -0.0226 15.3943 -0.6723
v -0.0226 15.4000 -0.6677
v -0.0226 15.4059 -0.6807
v -0.0225 15.3956 -0.6847
v -0.0111 15.3924 -0.6842
v 0.0111 15.4076 -0.6842
v 0.0225 15.3956 -0.6847
v 0.0226 15.3941 -0.6807
v 0.0226 15.4057 -0.6723
v 0.0226 15.4000 -0.6677
v 0.0111 15.3942 -0.6678
v -0.0111 15.4058 -0.6678
v -0.0433 15.3897 -0.6713
v -0.0433 15.4000 -0.6658
v -0.0433 15.4105 -0.6821
v -0.0433 15.3945 -0.6877
v -0.0343 15.4044 -0.6705
v -0.0343 15.4057 -0.6825
v -0.0343 15.3944 -0.6825
v -0.0343 15.3956 -0.6705
v -0.0463 15.3788 -0.6980
v -0.0462 15.3831 -0.6553
v -0.0462 15.4169 -0.6553
v -0.0463 15.4212 -0.6980
v -0.0225 15.3914 -0.7238
v -0.0127 15.3845 -0.7238
v 0.0127 15.4155 -0.7238
v 0.0225 15.3914 -0.7238
v 0.0433 15.3945 -0.6877
v 0.0433 15.3895 -0.6821
v 0.0433 15.4103 -0.6713
v 0.0433 15.4000 -0.6658
v 0.0343 15.4044 -0.6705
v 0.0343 15.4057 -0.6825
v 0.0343 15.3944 -0.6825
v 0.0343 15.3956 -0.6705
v 0.0463 15.4212 -0.6980
v 0.0462 15.4169 -0.6553
v 0.0462 15.3831 -0.6553
v 0.0463 15.3788 -0.6980
v -0.0294 15.4247 -0.7227
v -0.0294 15.3753 -0.7227
v 0.0294 15.3753 -0.7227
v 0.0294 15.4247 -0.7227
v -0.0432 15.4170 -0.7162
v -0.0225 15.4044 -0.6847
v -0.0433 15.4055 -0.6877
v -0.0225 15.4086 -0.7238
v -0.0345 15.4000 -0.7229
v -0.0467 15.4000 -0.7018
v -0.0343 15.4000 -0.6837
v 0.0432 15.4170 -0.7162
v 0.0225 15.4044 -0.6847
v 0.0225 15.4086 -0.7238
v 0.0433 15.4055 -0.6877
v 0.0345 15.4000 -0.7229
v 0.0467 15.4000 -0.7018
v 0.0343 15.4000 -0.6837
v 0.0213 15.3590 -0.7157
v -0.0213 15.4410 -0.7157
v -0.0230 15.3686 -0.6366
v 0.0230 15.4314 -0.6366
v 0.0111 15.3924 -0.6842
v -0.0111 15.4076 -0.6842
v -0.0111 15.3942 -0.6678
v 0.0111 15.4058 -0.6678
v 0.0127 15.3845 -0.7238
v -0.0127 15.4155 -0.7238
v -0.0399 15.3602 -0.6958
v 0.0399 15.3613 -0.6567
v -0.0226 15.3941 -0.6807
v 0.0226 15.3943 -0.6723
v -0.0433 15.3895 -0.6821
v 0.0433 15.3897 -0.6713
v -0.0230 15.3529 -0.6759
v -0.0111 15.3949 -0.6766
v 0.0462 15.3747 -0.6764
v 0.0343 15.3953 -0.6768
v -0.0462 15.3747 -0.6764
v -0.0343 15.3953 -0.6768
v 0.0111 15.3949 -0.6766
v 0.0230 15.3529 -0.6759
v -0.0399 15.4387 -0.6567
v 0.0399 15.4398 -0.6958
v -0.0226 15.4057 -0.6723
v 0.0226 15.4059 -0.6807
v -0.0433 15.4103 -0.6713
v 0.0433 15.4105 -0.6821
v 0.0230 15.4471 -0.6759
v 0.0111 15.4051 -0.6766
v 0.0462 15.4253 -0.6764
v 0.0343 15.4047 -0.6768
v -0.0462 15.4253 -0.6764
v -0.0343 15.4047 -0.6768
v -0.0111 15.4051 -0.6766
v -0.0230 15.4471 -0.6759
v 0.0110 15.4000 -0.7238
v -0.0110 15.4000 -0.7238
v 0.0110 15.4000 -0.6858
v -0.0110 15.4000 -0.6858
v -0.0230 15.4000 -0.4150
v 0.0230 15.3549 -0.4375
v -0.0230 15.4451 -0.4375
v -0.0111 15.4000 -0.4507
v 0.0111 15.3943 -0.4559
v -0.0111 15.4057 -0.4559
v -0.0343 15.4046 -0.4642
v -0.0343 15.3956 -0.4578
v -0.0347 15.4033 -0.4679
v -0.0343 15.4000 -0.4544
v -0.0462 15.3758 -0.4726
v -0.0462 15.4000 -0.4369
v -0.0462 15.4237 -0.4488
v -0.0466 15.4117 -0.4850
v 0.0226 15.3945 -0.4888
v -0.0109 15.3887 -0.4888
v 0.0109 15.4113 -0.4888
v -0.0226 15.3945 -0.4888
v 0.0343 15.4044 -0.4578
v 0.0347 15.4033 -0.4679
v 0.0343 15.4000 -0.4544
v 0.0343 15.3954 -0.4642
v 0.0462 15.4242 -0.4726
v 0.0462 15.4000 -0.4369
v 0.0462 15.3763 -0.4488
v 0.0466 15.4117 -0.4850
v -0.0343 15.4138 -0.5062
v 0.0169 15.3711 -0.5062
v 0.0343 15.4138 -0.5062
v -0.0169 15.4289 -0.5062
v -0.0343 15.3862 -0.5062
v -0.0226 15.4055 -0.4888
v -0.0466 15.3883 -0.4850
v -0.0347 15.3967 -0.4679
v 0.0343 15.3862 -0.5062
v 0.0466 15.3883 -0.4850
v 0.0347 15.3967 -0.4679
v 0.0226 15.4055 -0.4888
v 0.0169 15.4289 -0.5062
v -0.0169 15.3711 -0.5062
v -0.0109 15.4113 -0.4888
v 0.0109 15.3887 -0.4888
v 0.0111 15.4057 -0.4559
v -0.0111 15.3943 -0.4559
v 0.0111 15.4000 -0.4507
v 0.0230 15.4451 -0.4375
v -0.0230 15.3549 -0.4375
v 0.0230 15.4000 -0.4150
v -0.0228 15.3537 -0.4827
v -0.0111 15.3938 -0.4661
v 0.0462 15.3758 -0.4726
v 0.0343 15.3956 -0.4578
v -0.0462 15.3763 -0.4488
v -0.0343 15.3954 -0.4642
v 0.0111 15.3938 -0.4661
v 0.0228 15.3537 -0.4827
v 0.0228 15.4463 -0.4827
v 0.0111 15.4062 -0.4661
v 0.0462 15.4237 -0.4488
v 0.0343 15.4046 -0.4642
v -0.0462 15.4242 -0.4726
v -0.0343 15.4044 -0.4578
v -0.0111 15.4062 -0.4661
v -0.0228 15.4463 -0.4827
v -0.0230 15.4000 -0.6308
v 0.0230 15.3549 -0.6533
v -0.0230 15.4451 -0.6533
v -0.0111 15.4000 -0.6665
v 0.0111 15.3938 -0.6717
v -0.0111 15.4062 -0.6717
v -0.0343 15.4054 -0.6801
v -0.0343 15.3948 -0.6733
v -0.0343 15.4036 -0.6835
v -0.0343 15.4000 -0.6696
v -0.0462 15.3752 -0.6887
v -0.0462 15.4000 -0.6521
v -0.0462 15.4242 -0.6643
v -0.0466 15.4119 -0.7014
v 0.0343 15.4052 -0.6733
v 0.0343 15.4036 -0.6835
v 0.0343 15.4000 -0.6696
v 0.0343 15.3946 -0.6801
v 0.0462 15.4248 -0.6887
v 0.0462 15.4000 -0.6521
v 0.0462 15.3758 -0.6643
v 0.0466 15.4119 -0.7014
v -0.0340 15.4139 -0.7229
v 0.0169 15.3712 -0.7228
v 0.0340 15.4139 -0.7229
v -0.0169 15.4288 -0.7228
v -0.0340 15.3861 -0.7229
v -0.0466 15.3881 -0.7014
v -0.0343 15.3964 -0.6835
v 0.0340 15.3861 -0.7229
v 0.0466 15.3881 -0.7014
v 0.0343 15.3964 -0.6835
v 0.0169 15.4288 -0.7228
v -0.0169 15.3712 -0.7228
v 0.0111 15.4062 -0.6717
v -0.0111 15.3938 -0.6717
v 0.0111 15.4000 -0.6665
v 0.0230 15.4451 -0.6533
v -0.0230 15.3549 -0.6533
v 0.0230 15.4000 -0.6308
v -0.0228 15.3537 -0.6985
v -0.0111 15.3935 -0.6811
v 0.0462 15.3752 -0.6887
v 0.0343 15.3948 -0.6733
v -0.0462 15.3758 -0.6643
v -0.0343 15.3946 -0.6801
v 0.0111 15.3935 -0.6811
v 0.0228 15.3537 -0.6985
v 0.0228 15.4463 -0.6985
v 0.0111 15.4065 -0.6811
v 0.0462 15.4242 -0.6643
v 0.0343 15.4054 -0.6801
v -0.0462 15.4248 -0.6887
v -0.0343 15.4052 -0.6733
v -0.0111 15.4065 -0.6811
v -0.0228 15.4463 -0.6985
v 0.0112 15.3937 -0.7238
v -0.0112 15.3937 -0.7238
v -0.0112 15.4063 -0.7238
v 0.0112 15.4063 -0.7238
v 0.0111 15.3950 -0.6855
v -0.0111 15.3950 -0.6855
v -0.0111 15.4050 -0.6855
v 0.0111 15.4050 -0.6855
vt 0.0045 0.2725
vt 0.0045 0.2493
vt 0.0096 0.2492
vt 0.0096 0.2725
vt 0.3082 0.2776
vt 0.3082 0.2546
vt 0.3135 0.2547
vt 0.3135 0.2778
vt 0.0148 0.2493
vt 0.0148 0.2725
vt 0.7416 0.6447
vt 0.7366 0.6436
vt 0.7366 0.6231
vt 0.7416 0.6242
vt 0.7313 0.6444
vt 0.7313 0.6239
vt 0.8774 0.7880
vt 0.8723 0.7873
vt 0.8719 0.7655
vt 0.8770 0.7662
vt 0.3611 0.0799
vt 0.3568 0.0773
vt 0.3908 0.0434
vt 0.3956 0.0452
vt 0.3529 0.0752
vt 0.3865 0.0420
vt 0.4234 0.0165
vt 0.4286 0.0162
vt 0.4359 0.0160
vt 0.5430 0.7582
vt 0.5378 0.7567
vt 0.5378 0.7191
vt 0.5430 0.7208
vt 0.5327 0.7582
vt 0.5325 0.7207
vt 0.5301 0.6775
vt 0.5375 0.6773
vt 0.5430 0.6763
vt 0.7934 0.7609
vt 0.7881 0.7621
vt 0.7872 0.7222
vt 0.7925 0.7206
vt 0.7831 0.7607
vt 0.7822 0.7216
vt 0.7819 0.6889
vt 0.7870 0.6820
vt 0.7922 0.6788
vt 0.0049 0.3076
vt 0.0099 0.3075
vt 0.0103 0.3264
vt 0.0053 0.3264
vt 0.0152 0.3076
vt 0.0156 0.3264
vt 0.0159 0.3407
vt 0.0107 0.3407
vt 0.0056 0.3407
vt 0.7499 0.5937
vt 0.7449 0.5926
vt 0.7540 0.5765
vt 0.7591 0.5775
vt 0.7396 0.5934
vt 0.7487 0.5772
vt 0.7571 0.5650
vt 0.7624 0.5642
vt 0.7674 0.5653
vt 0.8760 0.8207
vt 0.8812 0.8200
vt 0.8907 0.8375
vt 0.8854 0.8382
vt 0.8863 0.8207
vt 0.8958 0.8381
vt 0.9044 0.8514
vt 0.8993 0.8508
vt 0.8941 0.8514
vt 0.3126 0.2191
vt 0.3073 0.2189
vt 0.3063 0.1993
vt 0.3116 0.1995
vt 0.3023 0.2192
vt 0.3014 0.1996
vt 0.3005 0.1846
vt 0.3054 0.1843
vt 0.3108 0.1844
vt 0.7908 0.6680
vt 0.7869 0.6678
vt 0.7869 0.6626
vt 0.7919 0.6640
vt 0.7831 0.6678
vt 0.7820 0.6638
vt 0.7819 0.6586
vt 0.7870 0.6576
vt 0.7922 0.6588
vt 0.7869 0.6740
vt 0.7919 0.6724
vt 0.7820 0.6734
vt 0.1204 0.5023
vt 0.1249 0.5018
vt 0.1384 0.5124
vt 0.1341 0.5118
vt 0.1436 0.5099
vt 0.1456 0.5140
vt 0.1478 0.5182
vt 0.1428 0.5169
vt 0.7801 0.6689
vt 0.4330 0.0110
vt 0.4389 0.0101
vt 0.4288 0.0119
vt 0.7942 0.6680
vt 0.4364 0.0074
vt 0.4414 0.0060
vt 0.2665 0.5181
vt 0.2664 0.5139
vt 0.2811 0.5139
vt 0.2810 0.5179
vt 0.2665 0.5098
vt 0.2810 0.5100
vt 0.2898 0.5108
vt 0.2915 0.5139
vt 0.2898 0.5171
vt 0.5378 0.6323
vt 0.5430 0.6317
vt 0.5324 0.6318
vt 0.5326 0.5947
vt 0.5378 0.5950
vt 0.5430 0.5947
vt 0.1893 0.5140
vt 0.1905 0.5181
vt 0.1883 0.5099
vt 0.2254 0.5098
vt 0.2257 0.5139
vt 0.2261 0.5181
vt 0.7886 0.6163
vt 0.7939 0.6172
vt 0.7836 0.6169
vt 0.7849 0.5822
vt 0.7900 0.5819
vt 0.7952 0.5825
vt 0.3079 0.2384
vt 0.3132 0.2385
vt 0.3032 0.2549
vt 0.3029 0.2387
vt 0.8671 0.7880
vt 0.8723 0.7873
vt 0.8752 0.8023
vt 0.8700 0.8030
vt 0.8803 0.8030
vt 0.7392 0.6091
vt 0.7442 0.6102
vt 0.7339 0.6099
vt 0.0097 0.2885
vt 0.0046 0.2886
vt 0.0149 0.2886
vt 0.4826 0.0094
vt 0.4816 0.0139
vt 0.4839 0.0055
vt 0.5193 0.0050
vt 0.5187 0.0089
vt 0.5186 0.0132
vt 0.7659 0.5569
vt 0.7710 0.5579
vt 0.7607 0.5576
vt 0.7607 0.5452
vt 0.7660 0.5443
vt 0.7711 0.5455
vt 0.9031 0.8587
vt 0.8979 0.8594
vt 0.9082 0.8594
vt 0.9093 0.8729
vt 0.9042 0.8720
vt 0.8989 0.8729
vt 0.3060 0.1750
vt 0.3113 0.1752
vt 0.3011 0.1752
vt 0.3081 0.1572
vt 0.3128 0.1575
vt 0.3179 0.1583
vt 0.0118 0.3497
vt 0.0068 0.3498
vt 0.0171 0.3496
vt 0.0237 0.3665
vt 0.0187 0.3671
vt 0.0139 0.3677
vt 0.0589 0.4497
vt 0.0317 0.4059
vt 0.0360 0.4042
vt 0.0629 0.4473
vt 0.0406 0.4024
vt 0.0672 0.4449
vt 0.5417 0.5305
vt 0.5378 0.5288
vt 0.5378 0.5250
vt 0.5425 0.5285
vt 0.5339 0.5305
vt 0.5331 0.5285
vt 0.7801 0.8384
vt 0.7814 0.8338
vt 0.7848 0.8347
vt 0.7848 0.8385
vt 0.7812 0.8432
vt 0.7847 0.8425
vt 0.7968 0.5430
vt 0.7915 0.5426
vt 0.7921 0.5283
vt 0.7971 0.5289
vt 0.7865 0.5428
vt 0.7872 0.5287
vt 0.7887 0.5204
vt 0.7926 0.5187
vt 0.7964 0.5206
vt 0.5595 0.0127
vt 0.5593 0.0084
vt 0.5740 0.0082
vt 0.5740 0.0124
vt 0.5595 0.0045
vt 0.5740 0.0045
vt 0.5828 0.0054
vt 0.5844 0.0083
vt 0.5828 0.0115
vt 0.5430 0.5537
vt 0.5378 0.5539
vt 0.5378 0.5392
vt 0.5427 0.5392
vt 0.5326 0.5537
vt 0.5328 0.5392
vt 0.0915 0.4820
vt 0.0959 0.4803
vt 0.1016 0.4794
vt 0.7971 0.8232
vt 0.7919 0.8248
vt 0.7900 0.7986
vt 0.7952 0.7972
vt 0.7596 0.5199
vt 0.7649 0.5187
vt 0.7900 0.7986
vt 0.7849 0.7970
vt 0.9055 0.8996
vt 0.9002 0.9008
vt 0.9106 0.9008
vt 0.5378 0.7868
vt 0.5327 0.7884
vt 0.9072 0.9300
vt 0.9020 0.9314
vt 0.3300 0.1205
vt 0.3346 0.1224
vt 0.3258 0.1190
vt 0.5378 0.5706
vt 0.5430 0.5704
vt 0.5326 0.5704
vt 0.5427 0.0086
vt 0.5429 0.0129
vt 0.5430 0.0047
vt 0.7909 0.5588
vt 0.7961 0.5593
vt 0.7858 0.5590
vt 0.2497 0.5139
vt 0.2499 0.5181
vt 0.2498 0.5098
vt 0.2385 0.7713
vt 0.2341 0.7712
vt 0.2339 0.7642
vt 0.2383 0.7646
vt 0.2294 0.7744
vt 0.2297 0.7642
vt 0.2303 0.7577
vt 0.2337 0.7565
vt 0.2382 0.7568
vt 0.1248 0.8378
vt 0.1203 0.8378
vt 0.1201 0.8327
vt 0.1246 0.8329
vt 0.3540 0.7584
vt 0.3486 0.7577
vt 0.3517 0.7511
vt 0.3558 0.7534
vt 0.3542 0.7474
vt 0.3577 0.7480
vt 0.1198 0.8270
vt 0.1245 0.8271
vt 0.2128 0.7785
vt 0.2083 0.7783
vt 0.2089 0.7715
vt 0.2135 0.7719
vt 0.1769 0.7498
vt 0.1721 0.7495
vt 0.1782 0.7408
vt 0.1806 0.7433
vt 0.2089 0.7715
vt 0.2054 0.7693
vt 0.2066 0.7638
vt 0.2095 0.7641
vt 0.2143 0.7644
vt 0.0224 0.7030
vt 0.0237 0.6920
vt 0.0375 0.6918
vt 0.0333 0.7047
vt 0.0224 0.6814
vt 0.0333 0.6790
vt 0.0434 0.6744
vt 0.0487 0.6836
vt 0.0564 0.6916
vt 0.0487 0.6995
vt 0.0434 0.7093
vt 0.2128 0.7785
vt 0.2172 0.7787
vt 0.2175 0.7850
vt 0.2130 0.7844
vt 0.0614 0.6923
vt 0.0564 0.6916
vt 0.0625 0.6830
vt 0.0650 0.6859
vt 0.0667 0.6779
vt 0.0692 0.6789
vt 0.2179 0.7916
vt 0.2132 0.7913
vt 0.0298 0.6684
vt 0.0369 0.6662
vt 0.0227 0.6710
vt 0.0224 0.6646
vt 0.0274 0.6614
vt 0.0333 0.6609
vt 0.1379 0.7603
vt 0.1394 0.7492
vt 0.1533 0.7493
vt 0.1489 0.7624
vt 0.1381 0.7382
vt 0.1491 0.7361
vt 0.1592 0.7316
vt 0.1645 0.7413
vt 0.1721 0.7495
vt 0.1644 0.7575
vt 0.1590 0.7673
vt 0.3905 0.8310
vt 0.3905 0.8357
vt 0.3829 0.8364
vt 0.3825 0.8315
vt 0.3891 0.8386
vt 0.3833 0.8396
vt 0.3776 0.8394
vt 0.3756 0.8368
vt 0.3749 0.8321
vt 0.1280 0.7491
vt 0.1280 0.7417
vt 0.1279 0.7567
vt 0.1214 0.7550
vt 0.1202 0.7492
vt 0.1215 0.7435
vt 0.3560 0.8389
vt 0.3519 0.8387
vt 0.3517 0.8315
vt 0.3559 0.8320
vt 0.3468 0.8416
vt 0.3472 0.8312
vt 0.3480 0.8246
vt 0.3515 0.8237
vt 0.3558 0.8240
vt 0.0124 0.6921
vt 0.0124 0.6850
vt 0.0124 0.6997
vt 0.0059 0.6982
vt 0.0046 0.6924
vt 0.0059 0.6869
vt 0.3620 0.7728
vt 0.3659 0.7720
vt 0.3650 0.7786
vt 0.3609 0.7798
vt 0.0604 0.7173
vt 0.0599 0.7145
vt 0.0643 0.7104
vt 0.0671 0.7129
vt 0.0667 0.7052
vt 0.0692 0.7054
vt 0.2143 0.7565
vt 0.2191 0.7571
vt 0.2189 0.7646
vt 0.2143 0.7644
vt 0.1738 0.7346
vt 0.1694 0.7286
vt 0.1757 0.7263
vt 0.1801 0.7302
vt 0.1825 0.7356
vt 0.0579 0.7059
vt 0.0536 0.7122
vt 0.0625 0.7001
vt 0.3581 0.7578
vt 0.3617 0.7569
vt 0.3637 0.7642
vt 0.3599 0.7648
vt 0.0451 0.7145
vt 0.0525 0.7158
vt 0.3574 0.7328
vt 0.3615 0.7324
vt 0.3650 0.7385
vt 0.3609 0.7392
vt 0.0204 0.7217
vt 0.0224 0.7200
vt 0.0274 0.7227
vt 0.0266 0.7264
vt 0.0333 0.7233
vt 0.0346 0.7259
vt 0.3659 0.7464
vt 0.3620 0.7474
vt 0.1456 0.7253
vt 0.1528 0.7231
vt 0.1384 0.7276
vt 0.1381 0.7210
vt 0.1432 0.7180
vt 0.1491 0.7175
vt 0.0298 0.7152
vt 0.0227 0.7134
vt 0.0369 0.7177
vt 0.2603 0.8247
vt 0.2648 0.8243
vt 0.2650 0.8317
vt 0.2604 0.8318
vt 0.2683 0.8212
vt 0.2683 0.8319
vt 0.2680 0.8386
vt 0.2653 0.8398
vt 0.2605 0.8400
vt 0.0167 0.7502
vt 0.0121 0.7506
vt 0.0112 0.7426
vt 0.0159 0.7419
vt 0.0087 0.7498
vt 0.0073 0.7440
vt 0.0063 0.7389
vt 0.0089 0.7365
vt 0.0133 0.7355
vt 0.1579 0.8278
vt 0.1623 0.8270
vt 0.1623 0.8330
vt 0.1578 0.8336
vt 0.0095 0.7611
vt 0.0045 0.7601
vt 0.0068 0.7536
vt 0.0108 0.7560
vt 0.1623 0.8396
vt 0.1577 0.8403
vt 0.8308 0.8384
vt 0.8263 0.8387
vt 0.8263 0.8312
vt 0.8309 0.8312
vt 0.1341 0.7634
vt 0.1379 0.7603
vt 0.1381 0.7710
vt 0.1349 0.7708
vt 0.8263 0.8312
vt 0.8231 0.8305
vt 0.8236 0.8238
vt 0.8263 0.8230
vt 0.8310 0.8229
vt 0.1453 0.7731
vt 0.1524 0.7757
vt 0.1487 0.7813
vt 0.1428 0.7806
vt 0.1378 0.7777
vt 0.2175 0.7995
vt 0.2127 0.7995
vt 0.2203 0.7924
vt 0.2204 0.7980
vt 0.0112 0.7831
vt 0.0073 0.7809
vt 0.0087 0.7764
vt 0.0121 0.7764
vt 0.0159 0.7829
vt 0.0167 0.7759
vt 0.0139 0.7608
vt 0.0178 0.7601
vt 0.0193 0.7674
vt 0.0152 0.7678
vt 0.1604 0.7721
vt 0.1590 0.7673
vt 0.1692 0.7704
vt 0.1678 0.7736
vt 0.1754 0.7728
vt 0.1757 0.7754
vt 0.0209 0.7753
vt 0.0167 0.7759
vt 0.1736 0.7642
vt 0.1781 0.7583
vt 0.1823 0.7635
vt 0.1799 0.7689
vt 0.0579 0.6769
vt 0.0536 0.6713
vt 0.0599 0.6689
vt 0.0643 0.6725
vt 0.0108 0.7684
vt 0.0068 0.7702
vt 0.2055 0.7916
vt 0.2085 0.7912
vt 0.2078 0.7990
vt 0.2044 0.7972
vt 0.0203 0.7820
vt 0.1825 0.7710
vt 0.8388 0.8414
vt 0.8353 0.8388
vt 0.8355 0.8313
vt 0.8388 0.8307
vt 0.8357 0.8231
vt 0.8385 0.8241
vt 0.1553 0.7775
vt 0.1535 0.8277
vt 0.1532 0.8336
vt 0.1530 0.8403
vt 0.1498 0.7836
vt 0.1418 0.7839
vt 0.0209 0.7495
vt 0.0203 0.7415
vt 0.0177 0.7354
vt 0.1356 0.7789
vt 0.1342 0.7357
vt 0.1352 0.7283
vt 0.2558 0.8244
vt 0.2559 0.8318
vt 0.2558 0.8399
vt 0.2527 0.8320
vt 0.2531 0.8387
vt 0.3508 0.7366
vt 0.3533 0.7340
vt 0.3565 0.7401
vt 0.3525 0.7417
vt 0.3577 0.7480
vt 0.3558 0.7657
vt 0.3517 0.7677
vt 0.3577 0.7736
vt 0.3542 0.7737
vt 0.3565 0.7802
vt 0.3525 0.7783
vt 0.2094 0.7566
vt 0.2059 0.7585
vt 0.0188 0.7065
vt 0.0120 0.7036
vt 0.3597 0.8399
vt 0.3596 0.8327
vt 0.3597 0.8249
vt 0.0045 0.7005
vt 0.3880 0.8237
vt 0.3898 0.8263
vt 0.3822 0.8267
vt 0.3821 0.8235
vt 0.3749 0.8274
vt 0.3765 0.8246
vt 0.1805 0.7564
vt 0.2084 0.7845
vt 0.2048 0.7868
vt 0.0650 0.6987
vt 0.2180 0.7719
vt 0.4482 0.8377
vt 0.4527 0.8376
vt 0.4527 0.8424
vt 0.4492 0.8419
vt 0.0400 0.7199
vt 0.1291 0.8388
vt 0.1291 0.8337
vt 0.1291 0.8280
vt 0.1273 0.7602
vt 0.2425 0.7723
vt 0.2424 0.7653
vt 0.2425 0.7576
vt 0.1198 0.7569
vt 0.1954 0.6326
vt 0.1597 0.6333
vt 0.1590 0.5830
vt 0.1945 0.5821
vt 0.1311 0.6338
vt 0.1314 0.5844
vt 0.1367 0.5546
vt 0.1593 0.5469
vt 0.1941 0.5448
vt 0.2180 0.7467
vt 0.2066 0.7475
vt 0.2078 0.6972
vt 0.2188 0.6973
vt 0.2044 0.7475
vt 0.2056 0.6970
vt 0.2163 0.6589
vt 0.2180 0.6604
vt 0.2237 0.6673
vt 0.1954 0.5272
vt 0.1945 0.5294
vt 0.1591 0.5322
vt 0.1599 0.5300
vt 0.1315 0.5474
vt 0.1314 0.5459
vt 0.0059 0.5634
vt 0.0045 0.5272
vt 0.0546 0.5292
vt 0.0563 0.5652
vt 0.2436 0.7447
vt 0.2435 0.6946
vt 0.2436 0.6584
vt 0.0906 0.5314
vt 0.0934 0.5669
vt 0.0058 0.6494
vt 0.0059 0.6464
vt 0.0560 0.6465
vt 0.0562 0.6494
vt 0.0061 0.6330
vt 0.0553 0.6336
vt 0.0849 0.6288
vt 0.0921 0.6357
vt 0.0935 0.6381
vt 0.0057 0.6519
vt 0.0058 0.6507
vt 0.0561 0.6507
vt 0.0561 0.6519
vt 0.0934 0.6392
vt 0.0934 0.6404
vt 0.1198 0.6340
vt 0.1205 0.5837
vt 0.1941 0.8059
vt 0.1932 0.8060
vt 0.1915 0.7555
vt 0.1924 0.7557
vt 0.1932 0.7175
vt 0.1941 0.7189
vt 0.5010 0.7282
vt 0.5022 0.7285
vt 0.4899 0.7775
vt 0.4886 0.7772
vt 0.5035 0.7289
vt 0.4911 0.7779
vt 0.4889 0.8160
vt 0.4877 0.8157
vt 0.4865 0.8154
vt 0.5057 0.7295
vt 0.4934 0.7782
vt 0.2044 0.5294
vt 0.2163 0.5291
vt 0.2166 0.5784
vt 0.2052 0.5796
vt 0.2220 0.6079
vt 0.2164 0.6154
vt 0.4911 0.8151
vt 0.0934 0.5669
vt 0.1087 0.5680
vt 0.1070 0.6069
vt 0.0923 0.6050
vt 0.1108 0.5690
vt 0.1090 0.6081
vt 0.2527 0.7323
vt 0.2538 0.7324
vt 0.2595 0.7789
vt 0.2583 0.7785
vt 0.2550 0.7326
vt 0.2606 0.7792
vt 0.2702 0.8122
vt 0.2691 0.8116
vt 0.2680 0.8110
vt 0.2680 0.6416
vt 0.2691 0.6422
vt 0.2595 0.6815
vt 0.2583 0.6812
vt 0.2702 0.6429
vt 0.2606 0.6818
vt 0.2423 0.6437
vt 0.2412 0.6416
vt 0.1052 0.5320
vt 0.1072 0.5329
vt 0.0063 0.6025
vt 0.0564 0.6041
vt 0.5057 0.8345
vt 0.5041 0.8362
vt 0.2443 0.6146
vt 0.2439 0.6294
vt 0.2749 0.6150
vt 0.2753 0.6304
vt 0.2444 0.6316
vt 0.2762 0.6326
vt 0.2446 0.5284
vt 0.2440 0.5785
vt 0.2762 0.5272
vt 0.2753 0.5776
vt 0.3611 0.4441
vt 0.3956 0.4779
vt 0.3908 0.4794
vt 0.3568 0.4463
vt 0.4359 0.5055
vt 0.4286 0.5056
vt 0.4234 0.5059
vt 0.3865 0.4814
vt 0.3529 0.4490
vt 0.8957 0.5872
vt 0.8965 0.5429
vt 0.9018 0.5428
vt 0.9010 0.5875
vt 0.8977 0.4996
vt 0.9031 0.5016
vt 0.9106 0.5019
vt 0.9071 0.5428
vt 0.9061 0.5872
vt 0.7683 0.8263
vt 0.7662 0.8714
vt 0.7611 0.8707
vt 0.7632 0.8262
vt 0.7639 0.9111
vt 0.7589 0.9087
vt 0.7542 0.9014
vt 0.7559 0.8699
vt 0.7580 0.8260
vt 0.0049 0.2146
vt 0.0053 0.1961
vt 0.0103 0.1961
vt 0.0099 0.2145
vt 0.0056 0.1821
vt 0.0107 0.1821
vt 0.0159 0.1821
vt 0.0156 0.1961
vt 0.0152 0.2146
vt 0.7499 0.6757
vt 0.7591 0.6924
vt 0.7540 0.6913
vt 0.7449 0.6746
vt 0.7674 0.7051
vt 0.7624 0.7040
vt 0.7571 0.7048
vt 0.7487 0.6921
vt 0.7396 0.6754
vt 0.8744 0.7334
vt 0.8832 0.7159
vt 0.8884 0.7152
vt 0.8796 0.7328
vt 0.8914 0.7026
vt 0.8966 0.7019
vt 0.9017 0.7026
vt 0.8935 0.7159
vt 0.8847 0.7334
vt 0.3126 0.3114
vt 0.3116 0.3288
vt 0.3063 0.3287
vt 0.3073 0.3113
vt 0.3108 0.3419
vt 0.3054 0.3418
vt 0.3005 0.3420
vt 0.3014 0.3290
vt 0.3023 0.3116
vt 0.2881 0.6452
vt 0.2892 0.6488
vt 0.2843 0.6498
vt 0.2842 0.6452
vt 0.2895 0.6537
vt 0.2844 0.6544
vt 0.2792 0.6538
vt 0.2793 0.6490
vt 0.2803 0.6453
vt 0.7633 0.9177
vt 0.7585 0.9166
vt 0.7620 0.9221
vt 0.7582 0.9224
vt 0.7543 0.9219
vt 0.7535 0.9163
vt 0.1204 0.0205
vt 0.1341 0.0110
vt 0.1384 0.0103
vt 0.1249 0.0209
vt 0.7530 0.9249
vt 0.7511 0.9188
vt 0.1384 0.0103
vt 0.1428 0.0060
vt 0.1478 0.0046
vt 0.1456 0.0087
vt 0.1436 0.0129
vt 0.4389 0.5114
vt 0.4330 0.5107
vt 0.4414 0.5160
vt 0.4364 0.5147
vt 0.2913 0.6459
vt 0.2891 0.6416
vt 0.4288 0.5105
vt 0.2665 0.0045
vt 0.2810 0.0047
vt 0.2811 0.0086
vt 0.2664 0.0086
vt 0.2898 0.0055
vt 0.2915 0.0086
vt 0.2898 0.0117
vt 0.2810 0.0126
vt 0.2665 0.0128
vt 0.5520 0.8489
vt 0.5529 0.8053
vt 0.5580 0.8053
vt 0.5574 0.8493
vt 0.5536 0.7691
vt 0.5586 0.7689
vt 0.5639 0.7691
vt 0.5634 0.8053
vt 0.5647 0.8494
vt 0.1905 0.0046
vt 0.1893 0.0087
vt 0.2261 0.0045
vt 0.2257 0.0086
vt 0.2254 0.0128
vt 0.1883 0.0128
vt 0.2902 0.6963
vt 0.2850 0.6966
vt 0.2907 0.7318
vt 0.2855 0.7318
vt 0.2804 0.7319
vt 0.2798 0.6964
vt 0.3132 0.2934
vt 0.3079 0.2932
vt 0.3029 0.2935
vt 0.3032 0.2779
vt 0.8667 0.7662
vt 0.8690 0.7512
vt 0.8742 0.7505
vt 0.8719 0.7655
vt 0.8793 0.7511
vt 0.7442 0.6589
vt 0.7392 0.6578
vt 0.7339 0.6586
vt 0.0046 0.2333
vt 0.0097 0.2333
vt 0.0149 0.2333
vt 0.4816 0.5070
vt 0.4826 0.5110
vt 0.5186 0.5068
vt 0.5187 0.5106
vt 0.5193 0.5150
vt 0.4839 0.5154
vt 0.7710 0.7136
vt 0.7659 0.7126
vt 0.7711 0.7328
vt 0.7660 0.7320
vt 0.7607 0.7325
vt 0.7607 0.7133
vt 0.8949 0.6940
vt 0.9001 0.6933
vt 0.8953 0.6759
vt 0.9006 0.6754
vt 0.9057 0.6758
vt 0.9052 0.6940
vt 0.3113 0.3502
vt 0.3060 0.3501
vt 0.3179 0.3668
vt 0.3128 0.3673
vt 0.3081 0.3682
vt 0.3011 0.3505
vt 0.0068 0.1732
vt 0.0118 0.1732
vt 0.0139 0.1553
vt 0.0187 0.1559
vt 0.0237 0.1565
vt 0.0171 0.1734
vt 0.0589 0.0732
vt 0.0629 0.0756
vt 0.0360 0.1188
vt 0.0317 0.1170
vt 0.0672 0.0781
vt 0.0406 0.1205
vt 0.2914 0.6312
vt 0.2879 0.6320
vt 0.2867 0.6271
vt 0.2915 0.6272
vt 0.2818 0.7974
vt 0.2826 0.7955
vt 0.2865 0.7970
vt 0.2866 0.8009
vt 0.2904 0.7953
vt 0.2913 0.7973
vt 0.2880 0.6225
vt 0.2915 0.6234
vt 0.2913 0.7721
vt 0.2913 0.7866
vt 0.2864 0.7867
vt 0.2862 0.7720
vt 0.2814 0.7867
vt 0.2810 0.7722
vt 0.5596 0.5062
vt 0.5740 0.5062
vt 0.5740 0.5099
vt 0.5593 0.5101
vt 0.5828 0.5071
vt 0.5844 0.5101
vt 0.5828 0.5133
vt 0.5740 0.5141
vt 0.5596 0.5144
vt 0.5544 0.7290
vt 0.5549 0.7148
vt 0.5597 0.7144
vt 0.5594 0.7286
vt 0.5562 0.7065
vt 0.5600 0.7047
vt 0.5639 0.7065
vt 0.5647 0.7149
vt 0.5647 0.7290
vt 0.0959 0.0425
vt 0.0915 0.0408
vt 0.1016 0.0435
vt 0.7700 0.7749
vt 0.7649 0.7745
vt 0.7596 0.7746
vt 0.8954 0.6363
vt 0.9006 0.6363
vt 0.9057 0.6363
vt 0.3346 0.4023
vt 0.3300 0.4039
vt 0.3258 0.4059
vt 0.5540 0.7453
vt 0.5591 0.7450
vt 0.5644 0.7453
vt 0.5429 0.5064
vt 0.5427 0.5103
vt 0.5430 0.5146
vt 0.2911 0.7555
vt 0.2859 0.7554
vt 0.2807 0.7556
vt 0.2499 0.0045
vt 0.2497 0.0086
vt 0.2498 0.0128
vt 0.0652 0.7502
vt 0.0650 0.7435
vt 0.0691 0.7442
vt 0.0692 0.7511
vt 0.0650 0.7357
vt 0.0692 0.7365
vt 0.4224 0.7709
vt 0.4149 0.7676
vt 0.4165 0.7657
vt 0.4230 0.7674
vt 0.4292 0.7741
vt 0.4330 0.7710
vt 0.0095 0.8386
vt 0.0093 0.8337
vt 0.0138 0.8345
vt 0.0138 0.8396
vt 0.0092 0.8279
vt 0.0138 0.8288
vt 0.1553 0.7020
vt 0.1499 0.7080
vt 0.1486 0.7054
vt 0.1522 0.6998
vt 0.1604 0.6966
vt 0.1587 0.6914
vt 0.0383 0.7574
vt 0.0390 0.7508
vt 0.0435 0.7508
vt 0.0427 0.7576
vt 0.0398 0.7433
vt 0.0444 0.7434
vt 0.4724 0.8376
vt 0.4724 0.8424
vt 0.4688 0.8419
vt 0.4678 0.8377
vt 0.1767 0.6744
vt 0.1803 0.6807
vt 0.1778 0.6822
vt 0.1717 0.6737
vt 0.4332 0.7489
vt 0.4441 0.7468
vt 0.4483 0.7600
vt 0.4345 0.7599
vt 0.4543 0.7423
vt 0.4596 0.7520
vt 0.4672 0.7602
vt 0.4595 0.7682
vt 0.4540 0.7780
vt 0.4440 0.7731
vt 0.4330 0.7710
vt 0.0383 0.7574
vt 0.0385 0.7633
vt 0.0339 0.7634
vt 0.0338 0.7572
vt 0.0388 0.7702
vt 0.0340 0.7701
vt 0.0310 0.7705
vt 0.0303 0.7657
vt 0.4719 0.7605
vt 0.4756 0.7671
vt 0.4732 0.7690
vt 0.4672 0.7602
vt 0.4475 0.7864
vt 0.4404 0.7838
vt 0.4438 0.7920
vt 0.4379 0.7913
vt 0.4328 0.7884
vt 0.4332 0.7817
vt 0.1377 0.6635
vt 0.1486 0.6611
vt 0.1528 0.6739
vt 0.1390 0.6741
vt 0.1587 0.6565
vt 0.1640 0.6657
vt 0.1717 0.6737
vt 0.1640 0.6816
vt 0.1587 0.6914
vt 0.1486 0.6868
vt 0.1377 0.6851
vt 0.3378 0.8311
vt 0.3299 0.8316
vt 0.3296 0.8268
vt 0.3372 0.8265
vt 0.3223 0.8322
vt 0.3223 0.8275
vt 0.3239 0.8247
vt 0.3295 0.8237
vt 0.3354 0.8239
vt 0.1277 0.6818
vt 0.1277 0.6742
vt 0.1212 0.6803
vt 0.1199 0.6745
vt 0.1212 0.6690
vt 0.1277 0.6671
vt 0.0638 0.8379
vt 0.0636 0.8310
vt 0.0674 0.8317
vt 0.0675 0.8388
vt 0.0636 0.8230
vt 0.0675 0.8239
vt 0.1273 0.6856
vt 0.1198 0.6826
vt 0.1341 0.6886
vt 0.4231 0.7598
vt 0.4153 0.7599
vt 0.4166 0.7542
vt 0.4231 0.7524
vt 0.3357 0.7728
vt 0.3346 0.7798
vt 0.3302 0.7802
vt 0.3314 0.7736
vt 0.0398 0.7354
vt 0.0398 0.7433
vt 0.0351 0.7430
vt 0.0350 0.7355
vt 0.0321 0.7426
vt 0.0314 0.7374
vt 0.3262 0.7783
vt 0.3279 0.7737
vt 0.1732 0.6879
vt 0.1820 0.6873
vt 0.1796 0.6925
vt 0.1752 0.6966
vt 0.1689 0.6942
vt 0.4645 0.7393
vt 0.4688 0.7453
vt 0.4708 0.7370
vt 0.4752 0.7409
vt 0.4775 0.7463
vt 0.4733 0.7515
vt 0.3318 0.7578
vt 0.3336 0.7648
vt 0.3294 0.7657
vt 0.3277 0.7584
vt 0.3254 0.7677
vt 0.3223 0.7577
vt 0.3311 0.7328
vt 0.3346 0.7392
vt 0.3302 0.7401
vt 0.3270 0.7340
vt 0.3357 0.7474
vt 0.3314 0.7480
vt 0.3279 0.7474
vt 0.3262 0.7417
vt 0.3245 0.7366
vt 0.1450 0.6973
vt 0.1427 0.7048
vt 0.1377 0.7021
vt 0.1380 0.6955
vt 0.4335 0.7383
vt 0.4407 0.7360
vt 0.4332 0.7317
vt 0.4383 0.7287
vt 0.4442 0.7282
vt 0.4478 0.7338
vt 0.8308 0.7985
vt 0.8309 0.8056
vt 0.8263 0.8056
vt 0.8263 0.7982
vt 0.8310 0.8139
vt 0.8263 0.8137
vt 0.8236 0.8126
vt 0.8231 0.8059
vt 0.4293 0.7464
vt 0.4303 0.7390
vt 0.3871 0.7473
vt 0.3863 0.7389
vt 0.3907 0.7385
vt 0.3913 0.7465
vt 0.3837 0.7325
vt 0.3881 0.7324
vt 0.4369 0.7946
vt 0.4307 0.7896
vt 0.4449 0.7943
vt 0.2381 0.7842
vt 0.2380 0.7899
vt 0.2334 0.7900
vt 0.2336 0.7840
vt 0.2378 0.7967
vt 0.2331 0.7966
vt 0.4504 0.7882
vt 0.4555 0.7828
vt 0.0376 0.8382
vt 0.0377 0.8310
vt 0.0423 0.8311
vt 0.0420 0.8386
vt 0.0378 0.8226
vt 0.0425 0.8229
vt 0.0453 0.8238
vt 0.0456 0.8305
vt 0.0456 0.8412
vt 0.1380 0.6531
vt 0.1450 0.6505
vt 0.1377 0.6467
vt 0.1427 0.6435
vt 0.1486 0.6430
vt 0.1522 0.6483
vt 0.0382 0.7784
vt 0.0333 0.7779
vt 0.3863 0.7799
vt 0.3871 0.7729
vt 0.3913 0.7723
vt 0.3907 0.7790
vt 0.4775 0.7817
vt 0.4708 0.7861
vt 0.4705 0.7835
vt 0.4750 0.7796
vt 0.0299 0.7761
vt 0.3842 0.7578
vt 0.3855 0.7648
vt 0.3811 0.7655
vt 0.3799 0.7581
vt 0.3871 0.7729
vt 0.3825 0.7734
vt 0.3791 0.7734
vt 0.3772 0.7673
vt 0.3749 0.7572
vt 0.1689 0.6534
vt 0.1732 0.6590
vt 0.1752 0.6510
vt 0.1796 0.6546
vt 0.1820 0.6600
vt 0.1777 0.6651
vt 0.4687 0.7749
vt 0.4774 0.7742
vt 0.4750 0.7796
vt 0.4643 0.7811
vt 0.4628 0.7843
vt 0.3896 0.7644
vt 0.3882 0.7571
vt 0.0458 0.7712
vt 0.0459 0.7769
vt 0.0430 0.7784
vt 0.0434 0.7705
vt 0.3777 0.7779
vt 0.3816 0.7801
vt 0.4300 0.7815
vt 0.0299 0.8303
vt 0.0304 0.8236
vt 0.0331 0.8228
vt 0.0331 0.8309
vt 0.0331 0.8384
vt 0.3772 0.7506
vt 0.3811 0.7530
vt 0.3791 0.7468
vt 0.3825 0.7476
vt 0.2424 0.7894
vt 0.2424 0.7960
vt 0.2424 0.7834
vt 0.3777 0.7410
vt 0.3816 0.7397
vt 0.3766 0.7359
vt 0.3793 0.7335
vt 0.8388 0.7950
vt 0.8388 0.8057
vt 0.8355 0.8055
vt 0.8353 0.7981
vt 0.8385 0.8124
vt 0.8357 0.8136
vt 0.1419 0.7085
vt 0.1357 0.7037
vt 0.3386 0.7385
vt 0.3396 0.7464
vt 0.3352 0.7324
vt 0.1678 0.6978
vt 0.1757 0.6994
vt 0.3373 0.7642
vt 0.3396 0.7720
vt 0.3354 0.7569
vt 0.1824 0.6950
vt 0.1845 0.6875
vt 0.0446 0.7360
vt 0.3386 0.7786
vt 0.0546 0.8406
vt 0.0550 0.8302
vt 0.0594 0.8305
vt 0.0597 0.8377
vt 0.0558 0.8236
vt 0.0592 0.8226
vt 0.3365 0.8387
vt 0.3307 0.8397
vt 0.3302 0.8365
vt 0.3378 0.8359
vt 0.3249 0.8396
vt 0.3230 0.8369
vt 0.1803 0.6680
vt 0.1845 0.6610
vt 0.0430 0.7638
vt 0.4756 0.7540
vt 0.0310 0.7482
vt 0.0344 0.7504
vt 0.3254 0.7511
vt 0.3294 0.7534
vt 0.0048 0.8335
vt 0.0045 0.8279
vt 0.0050 0.8386
vt 0.0561 0.7533
vt 0.0564 0.7431
vt 0.0606 0.7431
vt 0.0609 0.7501
vt 0.0571 0.7366
vt 0.0604 0.7354
vt 0.5203 0.6093
vt 0.4698 0.6100
vt 0.4704 0.5670
vt 0.5205 0.5661
vt 0.4325 0.6104
vt 0.4342 0.5681
vt 0.4418 0.5451
vt 0.4716 0.5392
vt 0.5209 0.5374
vt 0.4043 0.5440
vt 0.3551 0.5465
vt 0.3538 0.5301
vt 0.4039 0.5269
vt 0.3256 0.5554
vt 0.3181 0.5474
vt 0.3165 0.5461
vt 0.3534 0.5282
vt 0.4038 0.5250
vt 0.4149 0.6103
vt 0.4173 0.5674
vt 0.4195 0.5676
vt 0.4171 0.6105
vt 0.4331 0.5390
vt 0.4346 0.5399
vt 0.4059 0.6375
vt 0.3554 0.6383
vt 0.3550 0.5868
vt 0.4052 0.5857
vt 0.3181 0.6389
vt 0.3190 0.5884
vt 0.0983 0.7707
vt 0.0829 0.7225
vt 0.0855 0.7219
vt 0.1009 0.7697
vt 0.0805 0.6838
vt 0.0831 0.6845
vt 0.3552 0.7226
vt 0.3193 0.7118
vt 0.3267 0.7059
vt 0.3563 0.7110
vt 0.4053 0.7234
vt 0.4055 0.7113
vt 0.0959 0.7715
vt 0.0805 0.7234
vt 0.0817 0.7229
vt 0.0971 0.7711
vt 0.0782 0.6846
vt 0.0793 0.6842
vt 0.4709 0.5284
vt 0.5211 0.5262
vt 0.4706 0.5272
vt 0.5211 0.5250
vt 0.2890 0.6135
vt 0.2874 0.5633
vt 0.2887 0.5633
vt 0.2902 0.6135
vt 0.2890 0.5273
vt 0.2902 0.5272
vt 0.2915 0.5272
vt 0.2899 0.5633
vt 0.2915 0.6135
vt 0.5211 0.7192
vt 0.4706 0.7174
vt 0.4709 0.7147
vt 0.5211 0.7164
vt 0.4331 0.7009
vt 0.4346 0.6990
vt 0.4418 0.6908
vt 0.4716 0.6983
vt 0.5209 0.6993
vt 0.3181 0.6389
vt 0.3197 0.6824
vt 0.3049 0.6834
vt 0.3027 0.6391
vt 0.1009 0.6625
vt 0.0990 0.6609
vt 0.3027 0.6838
vt 0.3005 0.6391
vt 0.5520 0.6044
vt 0.5577 0.5582
vt 0.5589 0.5578
vt 0.5532 0.6042
vt 0.5678 0.5262
vt 0.5689 0.5256
vt 0.5700 0.5250
vt 0.5600 0.5575
vt 0.5544 0.6041
vt 0.5678 0.6957
vt 0.5577 0.6556
vt 0.5589 0.6553
vt 0.5689 0.6951
vt 0.5600 0.6550
vt 0.5700 0.6945
vt 0.3042 0.5878
vt 0.3020 0.5876
vt 0.3557 0.6825
vt 0.4059 0.6819
vt 0.4173 0.6605
vt 0.4195 0.6602
vt 0.4342 0.6591
vt 0.4704 0.6595
vt 0.5205 0.6592
vt 0.7182 0.5185
vt 0.6002 0.6746
vt 0.5972 0.6735
vt 0.7155 0.5169
vt 0.8388 0.7148
vt 0.8388 0.5195
vt 0.8419 0.5187
vt 0.8419 0.7145
vt 0.9928 0.4906
vt 0.8738 0.3362
vt 0.8768 0.3345
vt 0.9955 0.4885
vt 0.5811 0.7190
vt 0.5811 0.5250
vt 0.5844 0.5262
vt 0.5844 0.7196
vt 0.5966 0.7677
vt 0.5934 0.7679
vt 0.6029 0.6759
vt 0.5996 0.7677
vt 0.8697 0.2442
vt 0.8729 0.2438
vt 0.8711 0.3369
vt 0.8667 0.2436
vt 0.6172 0.8341
vt 0.6143 0.8354
vt 0.8283 0.5201
vt 0.8269 0.5871
vt 0.8236 0.5868
vt 0.8251 0.5187
vt 0.8898 0.1786
vt 0.8928 0.1794
vt 0.8871 0.1769
vt 0.6499 0.8893
vt 0.6473 0.8911
vt 0.8264 0.6507
vt 0.8231 0.6510
vt 0.8298 0.5869
vt 0.8293 0.6510
vt 0.9198 0.1218
vt 0.9222 0.1241
vt 0.6792 0.9261
vt 0.6768 0.9282
vt 0.8264 0.6966
vt 0.8231 0.6973
vt 0.8293 0.6973
vt 0.9491 0.0852
vt 0.9513 0.0878
vt 0.6995 0.9458
vt 0.6973 0.9483
vt 0.8266 0.7233
vt 0.8233 0.7243
vt 0.9513 0.0878
vt 0.9714 0.0683
vt 0.9736 0.0701
vt 0.9537 0.0893
vt 0.9695 0.0655
vt 0.7118 0.9554
vt 0.7098 0.9579
vt 0.8268 0.7373
vt 0.8235 0.7386
vt 0.9837 0.0589
vt 0.9857 0.0608
vt 0.9819 0.0559
vt 0.7182 0.9601
vt 0.7159 0.9624
vt 0.8269 0.7449
vt 0.8236 0.7458
vt 0.9900 0.0542
vt 0.9923 0.0559
vt 0.9880 0.0515
vt 0.2197 0.8423
vt 0.2197 0.8461
vt 0.2165 0.8451
vt 0.2165 0.8429
vt 0.8269 0.7501
vt 0.8236 0.7495
vt 0.8298 0.7458
vt 0.8298 0.7496
vt 0.9896 0.0499
vt 0.9924 0.0513
vt 0.3118 0.7985
vt 0.3099 0.7963
vt 0.3126 0.7946
vt 0.3133 0.7956
vt 0.3105 0.8012
vt 0.3072 0.7978
vt 0.9924 0.0513
vt 0.9921 0.0484
vt 0.9952 0.0470
vt 0.9955 0.0517
vt 0.9893 0.0487
vt 0.3083 0.7916
vt 0.3113 0.7906
vt 0.4003 0.7678
vt 0.4003 0.7622
vt 0.4034 0.7617
vt 0.4034 0.7666
vt 0.9898 0.0440
vt 0.9926 0.0420
vt 0.5844 0.7302
vt 0.5843 0.7342
vt 0.5810 0.7334
vt 0.5811 0.7286
vt 0.3064 0.7838
vt 0.3095 0.7830
vt 0.4003 0.7539
vt 0.4034 0.7537
vt 0.9854 0.0373
vt 0.9881 0.0351
vt 0.5842 0.7419
vt 0.5809 0.7412
vt 0.3045 0.7735
vt 0.3076 0.7729
vt 0.4003 0.7432
vt 0.4034 0.7432
vt 0.9792 0.0289
vt 0.9818 0.0265
vt 0.5840 0.7519
vt 0.5807 0.7515
vt 0.3035 0.7632
vt 0.3067 0.7632
vt 0.4003 0.7324
vt 0.4034 0.7329
vt 0.9724 0.0212
vt 0.9746 0.0185
vt 0.5840 0.7617
vt 0.5806 0.7618
vt 0.3046 0.7554
vt 0.3076 0.7561
vt 0.3005 0.7630
vt 0.3017 0.7543
vt 0.9659 0.0166
vt 0.9674 0.0134
vt 0.5840 0.7688
vt 0.5807 0.7697
vt 0.3073 0.7500
vt 0.3101 0.7512
vt 0.3045 0.7485
vt 0.9602 0.0148
vt 0.9613 0.0114
vt 0.5842 0.7737
vt 0.5809 0.7750
vt 0.3096 0.7452
vt 0.3126 0.7459
vt 0.3067 0.7442
vt 0.9551 0.0132
vt 0.9566 0.0100
vt 0.5844 0.7790
vt 0.5811 0.7799
vt 0.3102 0.7397
vt 0.3133 0.7391
vt 0.7969 0.8350
vt 0.7969 0.8392
vt 0.7938 0.8392
vt 0.7938 0.8338
vt 0.9507 0.0098
vt 0.9533 0.0075
vt 0.5844 0.7858
vt 0.5811 0.7854
vt 0.3082 0.7347
vt 0.3104 0.7324
vt 0.7969 0.8425
vt 0.7938 0.8443
vt 0.9485 0.0051
vt 0.9517 0.0045
vt 0.5842 0.7925
vt 0.5809 0.7903
vt 0.4302 0.8394
vt 0.4302 0.8443
vt 0.4270 0.8443
vt 0.4270 0.8375
vt 0.5216 0.8428
vt 0.5216 0.8398
vt 0.5249 0.8393
vt 0.5249 0.8444
vt 0.5187 0.8444
vt 0.5187 0.8394
vt 0.4036 0.8392
vt 0.3996 0.8333
vt 0.4029 0.8328
vt 0.4056 0.8370
vt 0.5813 0.8464
vt 0.5812 0.8376
vt 0.5844 0.8374
vt 0.5844 0.8473
vt 0.5214 0.8328
vt 0.5246 0.8313
vt 0.4029 0.8328
vt 0.4028 0.8240
vt 0.4056 0.8238
vt 0.4055 0.8315
vt 0.3995 0.8235
vt 0.8540 0.7125
vt 0.8509 0.7128
vt 0.8509 0.5187
vt 0.8540 0.5190
vt 0.7223 0.5061
vt 0.7198 0.5079
vt 0.6007 0.3526
vt 0.6035 0.3513
vt 0.8108 0.5187
vt 0.8141 0.5194
vt 0.8094 0.7064
vt 0.8061 0.7062
vt 0.8547 0.0045
vt 0.8577 0.0062
vt 0.7394 0.1607
vt 0.7361 0.1596
vt 0.6007 0.3526
vt 0.5978 0.3537
vt 0.5934 0.2594
vt 0.5965 0.2596
vt 0.5996 0.2596
vt 0.8113 0.7936
vt 0.8079 0.7948
vt 0.7349 0.2537
vt 0.7313 0.2539
vt 0.6139 0.1918
vt 0.6167 0.1932
vt 0.6195 0.1943
vt 0.8141 0.8477
vt 0.8109 0.8499
vt 0.7545 0.3204
vt 0.7512 0.3217
vt 0.6465 0.1359
vt 0.6491 0.1378
vt 0.6517 0.1394
vt 0.7545 0.3204
vt 0.7568 0.3192
vt 0.7883 0.3744
vt 0.7862 0.3760
vt 0.7832 0.3778
vt 0.6759 0.0987
vt 0.6782 0.1009
vt 0.6805 0.1028
vt 0.8166 0.4112
vt 0.8148 0.4132
vt 0.8120 0.4153
vt 0.6963 0.0786
vt 0.6984 0.0811
vt 0.7004 0.0832
vt 0.8361 0.4310
vt 0.8346 0.4332
vt 0.8321 0.4356
vt 0.7087 0.0689
vt 0.7106 0.0715
vt 0.7125 0.0738
vt 0.8480 0.4406
vt 0.8467 0.4429
vt 0.8443 0.4454
vt 0.7148 0.0643
vt 0.7170 0.0667
vt 0.7191 0.0688
vt 0.8546 0.4456
vt 0.8529 0.4478
vt 0.8503 0.4500
vt 0.7164 0.0627
vt 0.7194 0.0638
vt 0.7223 0.0645
vt 0.8577 0.4499
vt 0.8553 0.4507
vt 0.8518 0.4517
vt 0.7161 0.0615
vt 0.7191 0.0608
vt 0.7221 0.0598
vt 0.5182 0.7650
vt 0.5150 0.7669
vt 0.5148 0.7624
vt 0.5181 0.7621
vt 0.8550 0.4537
vt 0.8516 0.4528
vt 0.0661 0.7623
vt 0.0692 0.7629
vt 0.0692 0.7672
vt 0.0661 0.7673
vt 0.7168 0.0564
vt 0.7194 0.0547
vt 0.5148 0.7567
vt 0.5181 0.7572
vt 0.8527 0.4581
vt 0.8495 0.4565
vt 0.0692 0.7750
vt 0.0661 0.7753
vt 0.7124 0.0497
vt 0.7149 0.0477
vt 0.5148 0.7486
vt 0.5181 0.7493
vt 0.8483 0.4648
vt 0.8453 0.4631
vt 0.0692 0.7852
vt 0.0661 0.7857
vt 0.7062 0.0412
vt 0.7086 0.0391
vt 0.5148 0.7383
vt 0.5181 0.7392
vt 0.8421 0.4732
vt 0.8393 0.4713
vt 0.0692 0.7947
vt 0.0661 0.7958
vt 0.6993 0.0335
vt 0.7014 0.0311
vt 0.5149 0.7282
vt 0.5182 0.7296
vt 0.8353 0.4808
vt 0.8328 0.4786
vt 0.6993 0.0335
vt 0.6973 0.0357
vt 0.6915 0.0315
vt 0.6929 0.0289
vt 0.6942 0.0260
vt 0.8353 0.4808
vt 0.8369 0.4832
vt 0.8298 0.4883
vt 0.8289 0.4854
vt 0.8271 0.4827
vt 0.5180 0.7880
vt 0.5148 0.7865
vt 0.5148 0.7814
vt 0.5180 0.7825
vt 0.6872 0.0271
vt 0.6881 0.0240
vt 0.8237 0.4902
vt 0.8233 0.4871
vt 0.8219 0.4842
vt 0.5148 0.7759
vt 0.5180 0.7775
vt 0.6820 0.0255
vt 0.6834 0.0226
vt 0.8191 0.4915
vt 0.8182 0.4887
vt 0.8163 0.4860
vt 0.6820 0.0255
vt 0.6805 0.0281
vt 0.6752 0.0239
vt 0.6776 0.0222
vt 0.6800 0.0201
vt 0.1407 0.8270
vt 0.1440 0.8291
vt 0.1438 0.8327
vt 0.1405 0.8318
vt 0.8139 0.4920
vt 0.8110 0.4902
vt 0.4180 0.8441
vt 0.4149 0.8447
vt 0.4149 0.8375
vt 0.4180 0.8388
vt 0.6754 0.0174
vt 0.6785 0.0171
vt 0.1438 0.8360
vt 0.1405 0.8370
vt 0.8116 0.4968
vt 0.8081 0.4968
vt 0.6754 0.0174
vt 0.6723 0.0173
vt 0.6747 0.0106
vt 0.6772 0.0126
vt 0.6797 0.0143
vt 0.1440 0.8383
vt 0.1408 0.8409
vt 0.8134 0.5016
vt 0.8104 0.5035
vt 0.6825 0.0045
vt 0.6842 0.0072
vt 0.6859 0.0097
vt 0.8134 0.5016
vt 0.8153 0.4999
vt 0.8215 0.5045
vt 0.8203 0.5070
vt 0.8181 0.5097
vt 0.8375 0.7692
vt 0.8387 0.7692
vt 0.8387 0.7760
vt 0.8375 0.7760
vt 0.1021 0.8335
vt 0.0926 0.8323
vt 0.0926 0.8198
vt 0.1021 0.8209
vt 0.0926 0.8198
vt 0.0827 0.8203
vt 0.0840 0.8166
vt 0.0924 0.8161
vt 0.1006 0.8171
vt 0.1723 0.8130
vt 0.1724 0.7988
vt 0.1771 0.7983
vt 0.1770 0.8124
vt 0.1655 0.7989
vt 0.1653 0.7935
vt 0.1712 0.7934
vt 0.1724 0.7988
vt 0.1752 0.7929
vt 0.0827 0.8329
vt 0.4342 0.8232
vt 0.4342 0.8090
vt 0.4392 0.8089
vt 0.4392 0.8232
vt 0.4273 0.8090
vt 0.4271 0.8037
vt 0.4331 0.8037
vt 0.4342 0.8090
vt 0.4373 0.8036
vt 0.1654 0.8131
vt 0.8410 0.7396
vt 0.8410 0.7331
vt 0.8427 0.7333
vt 0.8427 0.7398
vt 0.8392 0.7333
vt 0.8394 0.7301
vt 0.8409 0.7300
vt 0.8410 0.7331
vt 0.8424 0.7301
vt 0.4273 0.8233
vt 0.1530 0.8124
vt 0.1531 0.7993
vt 0.1585 0.7990
vt 0.1584 0.8130
vt 0.8359 0.7692
vt 0.8359 0.7760
vt 0.8383 0.7796
vt 0.8372 0.7796
vt 0.8359 0.7796
vt 0.4149 0.8227
vt 0.4149 0.8095
vt 0.4203 0.8091
vt 0.4203 0.8232
vt 0.0072 0.8087
vt 0.0057 0.8088
vt 0.0057 0.8020
vt 0.0072 0.8019
vt 0.0057 0.8020
vt 0.0045 0.8020
vt 0.0049 0.7984
vt 0.0059 0.7984
vt 0.0072 0.7983
vt 0.0072 0.7983
vt 0.0072 0.7947
vt 0.0082 0.7947
vt 0.0086 0.7984
vt 0.0074 0.7922
vt 0.0089 0.7921
vt 0.0100 0.7921
vt 0.0090 0.7947
vt 0.0110 0.7985
vt 0.8359 0.7656
vt 0.8359 0.7620
vt 0.8369 0.7620
vt 0.8372 0.7656
vt 0.8358 0.7591
vt 0.8374 0.7591
vt 0.8386 0.7592
vt 0.8377 0.7620
vt 0.8383 0.7656
vt 0.0667 0.8103
vt 0.0653 0.8104
vt 0.0656 0.8070
vt 0.0667 0.8069
vt 0.0115 0.7973
vt 0.0093 0.7946
vt 0.2180 0.8201
vt 0.2176 0.8195
vt 0.2192 0.8183
vt 0.2196 0.8194
vt 0.0649 0.8051
vt 0.0665 0.8051
vt 0.8397 0.7269
vt 0.8409 0.7268
vt 0.8388 0.7239
vt 0.8410 0.7238
vt 0.8431 0.7240
vt 0.8421 0.7269
vt 0.2158 0.8333
vt 0.2165 0.8284
vt 0.2201 0.8284
vt 0.2218 0.8333
vt 0.2165 0.8238
vt 0.2180 0.8239
vt 0.2191 0.8236
vt 0.2229 0.8274
vt 0.2272 0.8318
vt 0.2060 0.8123
vt 0.2104 0.8155
vt 0.2094 0.8205
vt 0.2044 0.8205
vt 0.2139 0.8187
vt 0.2134 0.8208
vt 0.2138 0.8229
vt 0.2103 0.8257
vt 0.2058 0.8289
vt 0.2162 0.8085
vt 0.2167 0.8132
vt 0.2131 0.8133
vt 0.2104 0.8088
vt 0.2166 0.8179
vt 0.2150 0.8179
vt 0.2284 0.8212
vt 0.2241 0.8210
vt 0.2240 0.8174
vt 0.2284 0.8160
vt 0.2196 0.8210
vt 0.2196 0.8194
vt 0.2231 0.8146
vt 0.2275 0.8108
vt 0.1758 0.8301
vt 0.1758 0.8345
vt 0.1741 0.8345
vt 0.1744 0.8301
vt 0.1756 0.8381
vt 0.1731 0.8382
vt 0.1713 0.8384
vt 0.1729 0.8347
vt 0.8316 0.7806
vt 0.8273 0.7796
vt 0.8273 0.7785
vt 0.8322 0.7795
vt 0.0089 0.8019
vt 0.0089 0.8088
vt 0.8316 0.7760
vt 0.8272 0.7760
vt 0.8272 0.7692
vt 0.8316 0.7692
vt 0.8272 0.7692
vt 0.8231 0.7686
vt 0.8232 0.7658
vt 0.8273 0.7666
vt 0.8322 0.7656
vt 0.8231 0.7765
vt 0.0116 0.8021
vt 0.0160 0.8021
vt 0.0160 0.8088
vt 0.0116 0.8088
vt 0.0160 0.8088
vt 0.0202 0.8095
vt 0.0201 0.8123
vt 0.0159 0.8113
vt 0.0110 0.8123
vt 0.5367 0.8401
vt 0.5353 0.8399
vt 0.5358 0.8357
vt 0.5375 0.8360
vt 0.5342 0.8404
vt 0.5345 0.8356
vt 0.5339 0.8313
vt 0.5357 0.8315
vt 0.5382 0.8320
vt 0.0072 0.8122
vt 0.0072 0.8158
vt 0.0062 0.8159
vt 0.0059 0.8123
vt 0.0074 0.8188
vt 0.0058 0.8189
vt 0.0046 0.8188
vt 0.0054 0.8159
vt 0.0049 0.8123
vt 0.1758 0.8301
vt 0.1756 0.8274
vt 0.1767 0.8273
vt 0.1772 0.8301
vt 0.2072 0.8450
vt 0.2044 0.8450
vt 0.2044 0.8434
vt 0.2073 0.8439
vt 0.2046 0.8424
vt 0.2075 0.8434
vt 0.1772 0.8270
vt 0.1783 0.8297
vt 0.8424 0.7432
vt 0.8421 0.7469
vt 0.8409 0.7467
vt 0.8409 0.7431
vt 0.8431 0.7492
vt 0.8410 0.7490
vt 0.8388 0.7491
vt 0.8397 0.7468
vt 0.8394 0.7432
vt 0.8359 0.7796
vt 0.8359 0.7833
vt 0.8349 0.7832
vt 0.8345 0.7796
vt 0.8358 0.7860
vt 0.8343 0.7860
vt 0.8332 0.7860
vt 0.8341 0.7833
vt 0.8322 0.7795
vt 0.0299 0.7993
vt 0.0347 0.7992
vt 0.0349 0.8029
vt 0.0301 0.8054
vt 0.0394 0.7994
vt 0.0394 0.8010
vt 0.0397 0.8021
vt 0.0360 0.8057
vt 0.0319 0.8109
vt 0.0507 0.7889
vt 0.0475 0.7929
vt 0.0424 0.7919
vt 0.0424 0.7874
vt 0.0445 0.7967
vt 0.0424 0.7963
vt 0.0403 0.7967
vt 0.0373 0.7929
vt 0.0341 0.7889
vt 0.0549 0.7993
vt 0.0500 0.7992
vt 0.0497 0.7956
vt 0.0543 0.7933
vt 0.0453 0.7994
vt 0.0453 0.7979
vt 0.0424 0.8116
vt 0.0371 0.8115
vt 0.0388 0.8068
vt 0.0424 0.8069
vt 0.0408 0.8026
vt 0.0424 0.8026
vt 0.3476 0.8019
vt 0.3474 0.8072
vt 0.3442 0.8061
vt 0.3444 0.8019
vt 0.3465 0.8125
vt 0.3427 0.8095
vt 0.3411 0.8064
vt 0.3422 0.8045
vt 0.3424 0.8019
vt 0.0202 0.8017
vt 0.3413 0.7892
vt 0.3393 0.7929
vt 0.3295 0.7929
vt 0.3290 0.7892
vt 0.3295 0.7929
vt 0.3312 0.7967
vt 0.3284 0.7975
vt 0.3258 0.7943
vt 0.3238 0.7915
vt 0.0424 0.8136
vt 0.0381 0.8136
vt 0.3241 0.8019
vt 0.3271 0.8019
vt 0.3272 0.8045
vt 0.3242 0.8061
vt 0.3283 0.8064
vt 0.3256 0.8095
vt 0.3223 0.8072
vt 0.3235 0.8125
vt 0.3385 0.7967
vt 0.3286 0.8146
vt 0.3292 0.8108
vt 0.3390 0.8108
vt 0.3409 0.8146
vt 0.3390 0.8108
vt 0.3383 0.8071
vt 0.3469 0.7915
vt 0.3476 0.7967
vt 0.3443 0.7976
vt 0.3430 0.7943
vt 0.3423 0.7994
vt 0.3412 0.7975
vt 0.0158 0.7983
vt 0.0159 0.7995
vt 0.5380 0.8404
vt 0.5392 0.8364
vt 0.5407 0.8325
vt 0.5404 0.8367
vt 0.5426 0.8330
vt 0.2239 0.8246
vt 0.2282 0.8265
vt 0.2195 0.8225
vt 0.0692 0.8109
vt 0.0681 0.8103
vt 0.0677 0.8069
vt 0.0683 0.8068
vt 0.0681 0.8050
vt 0.0692 0.8048
vt 0.3243 0.7976
vt 0.3224 0.7967
vt 0.3273 0.7994
vt 0.0476 0.8115
vt 0.0467 0.8136
vt 0.0529 0.8109
vt 0.0476 0.8115
vt 0.0460 0.8068
vt 0.0488 0.8057
vt 0.0440 0.8026
vt 0.0451 0.8021
vt 0.8338 0.7834
vt 0.2075 0.8466
vt 0.2046 0.8477
vt 0.2044 0.8466
vt 0.2073 0.8460
vt 0.1746 0.8273
vt 0.1788 0.8347
vt 0.1775 0.8345
vt 0.1802 0.8384
vt 0.1782 0.8382
vt 0.3310 0.8071
vt 0.0201 0.7988
vt 0.8232 0.7794
vt 0.0045 0.8088
vt 0.8392 0.7397
vt 0.8410 0.7396
vt 0.4271 0.8285
vt 0.4331 0.8285
vt 0.0801 0.8404
vt 0.0782 0.8352
vt 0.0827 0.8329
vt 0.0840 0.8384
vt 0.1651 0.8180
vt 0.1710 0.8180
vt 0.1750 0.8175
vt 0.1006 0.8389
vt 0.0924 0.8379
vt 0.1533 0.8177
vt 0.1590 0.8180
vt 0.8345 0.7656
vt 0.8343 0.7692
vt 0.8343 0.7760
vt 0.0499 0.8029
vt 0.0547 0.8054
vt 0.0454 0.8010
vt 0.8377 0.7833
vt 0.8369 0.7833
vt 0.8386 0.7860
vt 0.8374 0.7860
vt 0.2129 0.8280
vt 0.2100 0.8326
vt 0.2149 0.8237
vt 0.8341 0.7620
vt 0.8349 0.7620
vt 0.8332 0.7592
vt 0.8343 0.7591
vt 0.8343 0.7760
vt 0.1535 0.7934
vt 0.1592 0.7935
vt 0.4154 0.8283
vt 0.4210 0.8285
vt 0.3818 0.8106
vt 0.3829 0.8065
vt 0.3903 0.8065
vt 0.3916 0.8106
vt 0.0086 0.8123
vt 0.0089 0.8088
vt 0.0350 0.7956
vt 0.0304 0.7933
vt 0.0395 0.7979
vt 0.0090 0.8159
vt 0.0082 0.8159
vt 0.0100 0.8188
vt 0.0089 0.8188
vt 0.2203 0.8134
vt 0.2222 0.8089
vt 0.2181 0.8179
vt 0.0054 0.7947
vt 0.0062 0.7948
vt 0.0046 0.7921
vt 0.0058 0.7922
vt 0.4154 0.8038
vt 0.4210 0.8037
vt 0.5831 0.8115
vt 0.5843 0.8115
vt 0.5843 0.8184
vt 0.5831 0.8184
vt 0.3133 0.8276
vt 0.3037 0.8264
vt 0.3037 0.8138
vt 0.3133 0.8150
vt 0.3037 0.8138
vt 0.2938 0.8144
vt 0.2951 0.8107
vt 0.3035 0.8102
vt 0.3118 0.8112
vt 0.1391 0.8130
vt 0.1393 0.7988
vt 0.1440 0.7983
vt 0.1438 0.8124
vt 0.1324 0.7989
vt 0.1322 0.7935
vt 0.1381 0.7934
vt 0.1393 0.7988
vt 0.1421 0.7929
vt 0.2938 0.8270
vt 0.5380 0.8171
vt 0.5380 0.8028
vt 0.5430 0.8027
vt 0.5430 0.8170
vt 0.5311 0.8028
vt 0.5309 0.7975
vt 0.5369 0.7975
vt 0.5380 0.8028
vt 0.5412 0.7974
vt 0.1323 0.8131
vt 0.1918 0.8309
vt 0.1918 0.8245
vt 0.1936 0.8246
vt 0.1936 0.8311
vt 0.1900 0.8246
vt 0.1902 0.8214
vt 0.1918 0.8213
vt 0.1918 0.8245
vt 0.1934 0.8214
vt 0.5311 0.8171
vt 0.1198 0.8124
vt 0.1199 0.7993
vt 0.1254 0.7990
vt 0.1253 0.8130
vt 0.5816 0.8115
vt 0.5816 0.8184
vt 0.5839 0.8220
vt 0.5829 0.8219
vt 0.5815 0.8220
vt 0.5187 0.8165
vt 0.5187 0.8033
vt 0.5241 0.8029
vt 0.5241 0.8170
vt 0.2405 0.8186
vt 0.2420 0.8186
vt 0.2420 0.8254
vt 0.2405 0.8255
vt 0.2420 0.8254
vt 0.2432 0.8254
vt 0.2429 0.8290
vt 0.2418 0.8290
vt 0.2405 0.8290
vt 0.2405 0.8290
vt 0.2404 0.8326
vt 0.2394 0.8326
vt 0.2392 0.8290
vt 0.2403 0.8352
vt 0.2386 0.8352
vt 0.2374 0.8353
vt 0.2387 0.8326
vt 0.2383 0.8290
vt 0.5815 0.8080
vt 0.5815 0.8043
vt 0.5826 0.8043
vt 0.5829 0.8079
vt 0.5814 0.8015
vt 0.5831 0.8015
vt 0.5844 0.8015
vt 0.5834 0.8043
vt 0.5839 0.8079
vt 0.3635 0.8074
vt 0.3649 0.8077
vt 0.3647 0.8111
vt 0.3636 0.8111
vt 0.3656 0.8079
vt 0.3653 0.8113
vt 0.4618 0.8152
vt 0.4615 0.8145
vt 0.4632 0.8133
vt 0.4637 0.8145
vt 0.4618 0.8163
vt 0.4637 0.8162
vt 0.1904 0.8181
vt 0.1918 0.8180
vt 0.1895 0.8151
vt 0.1918 0.8150
vt 0.1941 0.8152
vt 0.1931 0.8182
vt 0.4597 0.8286
vt 0.4603 0.8238
vt 0.4640 0.8238
vt 0.4657 0.8286
vt 0.4603 0.8193
vt 0.4619 0.8194
vt 0.4631 0.8190
vt 0.4669 0.8228
vt 0.4711 0.8270
vt 0.4499 0.8074
vt 0.4542 0.8105
vt 0.4531 0.8157
vt 0.4482 0.8157
vt 0.4575 0.8137
vt 0.4571 0.8159
vt 0.4575 0.8182
vt 0.4540 0.8210
vt 0.4496 0.8241
vt 0.4601 0.8036
vt 0.4606 0.8082
vt 0.4569 0.8084
vt 0.4543 0.8039
vt 0.4604 0.8128
vt 0.4588 0.8128
vt 0.4724 0.8164
vt 0.4682 0.8162
vt 0.4681 0.8125
vt 0.4724 0.8112
vt 0.4671 0.8096
vt 0.4714 0.8060
vt 0.2405 0.8151
vt 0.2404 0.8115
vt 0.2415 0.8115
vt 0.2418 0.8151
vt 0.2403 0.8085
vt 0.2419 0.8085
vt 0.2433 0.8086
vt 0.2424 0.8115
vt 0.2429 0.8151
vt 0.3632 0.7954
vt 0.3630 0.7924
vt 0.3641 0.7924
vt 0.3645 0.7954
vt 0.3630 0.7892
vt 0.3647 0.7893
vt 0.3659 0.7895
vt 0.3648 0.7925
vt 0.3652 0.7956
vt 0.1934 0.8346
vt 0.1931 0.8381
vt 0.1918 0.8380
vt 0.1918 0.8344
vt 0.1941 0.8404
vt 0.1918 0.8402
vt 0.1895 0.8404
vt 0.1904 0.8381
vt 0.1902 0.8345
vt 0.5815 0.8220
vt 0.5815 0.8256
vt 0.5805 0.8256
vt 0.5803 0.8219
vt 0.5814 0.8284
vt 0.5798 0.8284
vt 0.5786 0.8284
vt 0.5797 0.8256
vt 0.5794 0.8219
vt 0.0782 0.7926
vt 0.0829 0.7925
vt 0.0830 0.7963
vt 0.0784 0.7987
vt 0.0875 0.7926
vt 0.0875 0.7943
vt 0.0878 0.7955
vt 0.0842 0.7991
vt 0.0803 0.8042
vt 0.0990 0.7820
vt 0.0959 0.7859
vt 0.0907 0.7849
vt 0.0906 0.7805
vt 0.0930 0.7897
vt 0.0907 0.7892
vt 0.0884 0.7897
vt 0.0854 0.7859
vt 0.0823 0.7821
vt 0.1032 0.7924
vt 0.0985 0.7924
vt 0.0982 0.7886
vt 0.1027 0.7864
vt 0.0940 0.7926
vt 0.0939 0.7909
vt 0.0908 0.8049
vt 0.0855 0.8048
vt 0.0871 0.8001
vt 0.0908 0.8002
vt 0.0890 0.7960
vt 0.0907 0.7961
vt 0.4002 0.8018
vt 0.4000 0.8071
vt 0.3966 0.8060
vt 0.3968 0.8017
vt 0.3991 0.8124
vt 0.3953 0.8094
vt 0.3930 0.8066
vt 0.3932 0.8043
vt 0.3931 0.8017
vt 0.2391 0.8254
vt 0.2391 0.8186
vt 0.3940 0.7891
vt 0.3919 0.7928
vt 0.3821 0.7928
vt 0.3816 0.7891
vt 0.3821 0.7928
vt 0.3831 0.7969
vt 0.3804 0.7967
vt 0.3784 0.7940
vt 0.3765 0.7913
vt 0.0908 0.8071
vt 0.0865 0.8071
vt 0.3768 0.8017
vt 0.3803 0.8017
vt 0.3801 0.8043
vt 0.3769 0.8060
vt 0.3803 0.8066
vt 0.3781 0.8094
vt 0.3749 0.8071
vt 0.3761 0.8124
vt 0.3905 0.7969
vt 0.3812 0.8145
vt 0.3936 0.8145
vt 0.3995 0.7913
vt 0.4002 0.7965
vt 0.3968 0.7974
vt 0.3955 0.7940
vt 0.3933 0.7990
vt 0.3932 0.7967
vt 0.4680 0.8199
vt 0.4722 0.8217
vt 0.4636 0.8178
vt 0.3614 0.8079
vt 0.3621 0.8077
vt 0.3625 0.8111
vt 0.3618 0.8113
vt 0.4617 0.8174
vt 0.4614 0.8180
vt 0.1013 0.8040
vt 0.0985 0.8071
vt 0.0951 0.8071
vt 0.0961 0.8048
vt 0.3802 0.7990
vt 0.3770 0.7974
vt 0.0945 0.8001
vt 0.0973 0.7990
vt 0.0924 0.7960
vt 0.0936 0.7955
vt 0.3610 0.7956
vt 0.3613 0.7925
vt 0.3619 0.7924
vt 0.3618 0.7954
vt 0.3601 0.7895
vt 0.3613 0.7893
vt 0.2432 0.8186
vt 0.1900 0.8310
vt 0.1918 0.8309
vt 0.5309 0.8223
vt 0.5369 0.8223
vt 0.2912 0.8345
vt 0.2893 0.8293
vt 0.2938 0.8270
vt 0.2951 0.8325
vt 0.1319 0.8180
vt 0.1379 0.8180
vt 0.1419 0.8175
vt 0.3118 0.8330
vt 0.3035 0.8320
vt 0.1201 0.8177
vt 0.1258 0.8180
vt 0.5794 0.8079
vt 0.5803 0.8079
vt 0.5801 0.8115
vt 0.5792 0.8115
vt 0.5801 0.8184
vt 0.5792 0.8184
vt 0.0984 0.7962
vt 0.1031 0.7985
vt 0.0940 0.7942
vt 0.5834 0.8256
vt 0.5826 0.8256
vt 0.5844 0.8284
vt 0.5831 0.8284
vt 0.4567 0.8234
vt 0.4539 0.8279
vt 0.4587 0.8192
vt 0.5797 0.8043
vt 0.5805 0.8043
vt 0.5786 0.8015
vt 0.5798 0.8015
vt 0.5801 0.8184
vt 0.1203 0.7934
vt 0.1260 0.7935
vt 0.5192 0.8222
vt 0.5248 0.8223
vt 0.3900 0.7997
vt 0.3835 0.7997
vt 0.2383 0.8151
vt 0.2392 0.8151
vt 0.2391 0.8186
vt 0.2380 0.8186
vt 0.2380 0.8254
vt 0.0832 0.7887
vt 0.0787 0.7866
vt 0.0875 0.7909
vt 0.2387 0.8115
vt 0.2394 0.8115
vt 0.2374 0.8086
vt 0.2386 0.8085
vt 0.4643 0.8084
vt 0.4661 0.8040
vt 0.4620 0.8129
vt 0.2424 0.8326
vt 0.2415 0.8326
vt 0.2433 0.8353
vt 0.2419 0.8352
vt 0.5192 0.7976
vt 0.5248 0.7975
vt 0.3835 0.7997
vt 0.3835 0.8017
vt 0.3899 0.8017
vt 0.3834 0.8037
vt 0.3899 0.8037
vt 0.3899 0.8037
vt 0.3633 0.7984
vt 0.3648 0.7984
vt 0.3650 0.8045
vt 0.3634 0.8044
vt 0.3633 0.7984
vt 0.3617 0.7984
vt 0.3619 0.8045
vt 0.3609 0.7986
vt 0.3611 0.8047
vt 0.3650 0.8045
vt 0.3658 0.8047
vt 0.3656 0.7986
f 2/1 109/2 415/3 217/4
f 413/5 215/6 3/7 110/8
f 217/4 415/3 111/9 4/10
f 108/11 414/12 216/13 1/14
f 216/13 414/12 109/15 2/16
f 3/17 218/18 416/19 110/20
f 35/21 282/22 611/23 277/24
f 282/22 33/25 251/26 611/23
f 611/23 251/26 6/27 219/28
f 277/24 611/23 219/28 5/29
f 36/30 281/31 612/32 278/33
f 281/31 35/34 277/35 612/32
f 612/32 277/35 5/36 222/37
f 278/33 612/32 222/37 8/38
f 33/39 280/40 613/41 251/42
f 280/40 34/43 252/44 613/41
f 613/41 252/44 7/45 220/46
f 251/42 613/41 220/46 6/47
f 24/48 250/49 614/50 226/51
f 250/49 22/52 244/53 614/50
f 614/50 244/53 11/54 227/55
f 226/51 614/50 227/55 12/56
f 23/57 249/58 615/59 225/60
f 249/58 24/61 226/62 615/59
f 615/59 226/62 12/63 228/64
f 225/60 615/59 228/64 9/65
f 22/66 248/67 616/68 244/69
f 248/67 21/70 243/71 616/68
f 616/68 243/71 10/72 229/73
f 244/69 616/68 229/73 11/74
f 21/75 247/76 617/77 243/78
f 247/76 23/79 225/80 617/77
f 617/77 225/80 9/81 230/82
f 243/78 617/77 230/82 10/83
f 14/84 232/85 618/86 231/87
f 232/85 15/88 233/89 618/86
f 618/86 233/89 16/90 234/91
f 231/87 618/86 234/91 13/92
f 6/47 220/46 619/93 238/94
f 220/46 7/45 237/95 619/93
f 619/93 237/95 15/88 232/85
f 238/94 619/93 232/85 14/84
f 7/96 221/97 620/98 237/99
f 221/97 8/100 236/101 620/98
f 620/98 236/101 16/102 233/103
f 237/95 620/104 233/89 15/88
f 5/29 219/28 621/105 235/106
f 219/28 6/27 238/107 621/105
f 621/108 238/94 14/84 231/87
f 235/106 621/105 231/109 13/110
f 38/111 290/112 622/113 284/114
f 290/112 37/115 271/116 622/113
f 622/113 271/116 29/117 270/118
f 284/114 622/113 270/118 31/119
f 8/38 222/37 623/120 256/121
f 222/37 5/36 255/122 623/120
f 623/120 255/122 18/123 239/124
f 256/121 623/120 239/124 17/125
f 16/102 236/101 624/126 257/127
f 236/101 8/100 256/128 624/126
f 624/126 256/128 17/129 242/130
f 257/127 624/126 242/130 19/131
f 13/92 234/91 625/132 258/133
f 234/91 16/90 257/134 625/132
f 625/132 257/134 19/135 240/136
f 258/133 625/132 240/136 20/137
f 3/7 215/6 626/138 223/139
f 215/6 1/140 245/141 626/138
f 626/138 245/141 23/79 247/76
f 223/139 626/138 247/76 21/75
f 4/142 218/143 627/144 224/145
f 218/18 3/17 223/146 627/144
f 627/144 223/146 21/70 248/67
f 224/145 627/144 248/67 22/66
f 1/14 216/13 628/147 245/148
f 216/13 2/16 246/149 628/147
f 628/147 246/149 24/61 249/58
f 245/148 628/147 249/58 23/57
f 2/1 217/4 629/150 246/151
f 217/4 4/10 224/152 629/150
f 629/150 224/152 22/52 250/49
f 246/151 629/150 250/49 24/48
f 5/29 235/106 630/153 255/154
f 235/106 13/110 258/155 630/153
f 630/153 258/155 20/156 241/157
f 255/154 630/153 241/157 18/158
f 9/65 228/64 631/159 259/160
f 228/64 12/63 260/161 631/159
f 631/159 260/161 26/162 263/163
f 259/160 631/159 263/163 25/164
f 11/74 229/73 632/165 254/166
f 229/73 10/72 253/167 632/165
f 632/165 253/167 27/168 264/169
f 254/166 632/165 264/169 28/170
f 10/83 230/82 633/171 253/172
f 230/82 9/81 259/173 633/171
f 633/171 259/173 25/174 265/175
f 253/172 633/171 265/175 27/176
f 12/56 227/55 634/177 260/178
f 227/55 11/54 254/179 634/177
f 634/177 254/179 28/180 266/181
f 260/178 634/177 266/181 26/182
f 34/183 276/184 635/185 279/186
f 276/184 26/182 266/181 635/185
f 635/185 266/181 28/180 262/187
f 279/186 635/185 262/187 36/188
f 29/189 267/190 636/191 270/192
f 267/190 30/193 269/194 636/191
f 636/195 269/196 32/197 268/198
f 270/199 636/195 268/198 31/200
f 39/201 289/202 637/203 285/204
f 289/202 38/205 284/206 637/203
f 637/203 284/206 31/207 268/208
f 285/204 637/203 268/208 32/209
f 40/210 288/211 638/212 286/213
f 288/211 39/214 285/215 638/212
f 638/212 285/215 32/216 269/217
f 286/213 638/212 269/217 30/218
f 37/219 287/220 639/221 271/222
f 287/220 40/223 286/224 639/221
f 639/221 286/224 30/193 267/190
f 271/222 639/221 267/190 29/189
f 7/96 252/225 640/226 221/97
f 252/225 34/183 279/186 640/226
f 640/226 279/186 36/188 278/227
f 221/97 640/226 278/227 8/100
f 25/228 263/229 641/230 275/231
f 263/163 26/162 276/232 641/233
f 641/234 276/235 34/43 280/40
f 275/231 641/230 280/40 33/39
f 28/170 264/169 642/236 262/237
f 264/169 27/168 261/238 642/236
f 642/239 261/240 35/34 281/31
f 262/237 642/236 281/241 36/242
f 27/176 265/175 643/243 261/244
f 265/175 25/174 275/245 643/243
f 643/243 275/245 33/25 282/22
f 261/244 643/243 282/22 35/21
f 17/125 239/124 644/246 283/247
f 239/124 18/123 274/248 644/246
f 644/246 274/248 40/223 287/220
f 283/247 644/246 287/220 37/219
f 18/158 241/157 645/249 274/250
f 241/157 20/156 273/251 645/249
f 645/249 273/251 39/214 288/211
f 274/250 645/249 288/211 40/210
f 20/137 240/136 646/252 273/253
f 240/136 19/135 272/254 646/252
f 646/252 272/254 38/205 289/202
f 273/253 646/252 289/202 39/201
f 19/131 242/130 647/255 272/256
f 242/130 17/129 283/257 647/255
f 647/255 283/257 37/115 290/112
f 272/256 647/255 290/112 38/111
f 71/258 293/259 648/260 375/261
f 293/259 42/262 310/263 648/260
f 648/260 310/263 54/264 308/265
f 375/261 648/260 308/265 76/266
f 73/267 297/268 649/269 374/270
f 297/271 45/272 326/273 649/274
f 649/274 326/273 61/275 325/276
f 374/270 649/269 325/277 81/278
f 74/279 300/280 650/281 373/282
f 300/283 47/284 318/285 650/286
f 650/287 318/288 57/289 317/290
f 373/282 650/281 317/290 79/291
f 44/292 292/293 651/294 296/295
f 42/296 305/297 651/294 292/293
f 50/298 302/299 651/294 305/297
f 48/300 299/301 651/294 302/299
f 46/302 296/295 651/294 299/301
f 74/303 349/304 652/305 372/306
f 349/307 48/308 342/309 652/310
f 652/310 342/309 67/311 359/312
f 372/306 652/305 359/313 84/314
f 50/298 305/297 653/315 335/316
f 305/297 42/296 334/317 653/315
f 653/315 334/317 64/318 333/319
f 335/316 653/315 333/319 65/320
f 41/321 291/322 654/323 304/324
f 43/325 295/326 654/323 291/322
f 45/327 298/328 654/323 295/326
f 47/329 301/330 654/323 298/328
f 49/331 304/324 654/323 301/330
f 76/332 308/333 655/334 371/335
f 308/333 54/336 307/337 655/334
f 655/334 307/337 53/338 352/339
f 371/335 655/334 352/339 77/340
f 43/325 291/322 656/341 312/342
f 291/322 41/321 311/343 656/341
f 656/341 311/343 51/344 306/345
f 312/342 656/341 306/345 52/346
f 72/347 294/348 657/349 370/350
f 294/348 43/351 312/352 657/349
f 657/349 312/352 52/353 309/354
f 370/350 657/349 309/354 77/355
f 42/296 292/293 658/356 310/357
f 292/293 44/292 313/358 658/356
f 658/356 313/358 53/359 307/360
f 310/357 658/356 307/360 54/361
f 78/362 353/363 659/364 369/365
f 353/366 55/367 316/368 659/369
f 659/369 316/368 58/370 354/371
f 369/372 659/373 354/374 79/375
f 47/329 298/328 660/376 318/285
f 298/328 45/327 320/377 660/376
f 660/376 320/377 56/378 315/379
f 318/285 660/376 315/379 57/380
f 46/302 299/301 661/381 321/382
f 299/301 48/300 319/383 661/381
f 661/381 319/383 58/370 316/368
f 321/382 661/381 316/368 55/367
f 73/384 348/385 662/386 368/387
f 348/388 46/302 321/382 662/389
f 662/389 321/382 55/367 353/366
f 368/387 662/386 353/363 78/362
f 80/390 355/391 663/392 367/393
f 355/394 59/395 324/396 663/397
f 663/397 324/396 62/398 356/399
f 367/393 663/392 356/400 81/401
f 45/327 295/326 664/402 326/403
f 295/326 43/325 328/404 664/402
f 664/402 328/404 60/405 323/406
f 326/403 664/402 323/406 61/407
f 44/292 296/295 665/408 329/409
f 296/295 46/302 327/410 665/408
f 665/408 327/410 62/398 324/396
f 329/409 665/408 324/396 59/395
f 72/411 347/412 666/413 366/414
f 347/412 44/415 329/416 666/413
f 666/413 329/416 59/417 355/418
f 366/414 666/413 355/418 80/419
f 83/420 358/421 667/422 365/423
f 358/421 65/424 333/425 667/422
f 667/422 333/425 64/426 330/427
f 365/423 667/422 330/427 82/428
f 75/429 350/430 668/431 364/432
f 350/433 50/434 335/435 668/436
f 668/436 335/435 65/424 358/421
f 364/432 668/431 358/437 83/438
f 71/439 346/440 669/441 363/442
f 346/443 41/444 337/445 669/446
f 669/447 337/448 63/449 357/450
f 363/442 669/441 357/450 82/451
f 41/321 304/324 670/452 337/445
f 304/324 49/331 336/453 670/452
f 670/452 336/453 66/454 332/455
f 337/445 670/452 332/455 63/456
f 84/314 359/313 671/457 362/458
f 359/313 67/459 340/460 671/457
f 671/461 340/462 70/463 360/464
f 362/465 671/461 360/464 85/466
f 75/467 303/468 672/469 361/470
f 303/471 49/472 344/473 672/474
f 672/474 344/473 69/475 341/476
f 361/470 672/469 341/477 85/478
f 49/331 301/330 673/479 344/473
f 301/330 47/329 343/480 673/479
f 673/479 343/480 68/481 339/482
f 344/473 673/479 339/482 69/475
f 48/300 302/299 674/483 342/309
f 302/299 50/298 345/484 674/483
f 674/483 345/484 70/485 340/486
f 342/309 674/483 340/486 67/311
f 50/434 350/433 675/487 345/488
f 350/433 75/467 361/470 675/487
f 675/487 361/470 85/478 360/464
f 345/488 675/487 360/464 70/463
f 68/489 338/490 676/491 339/492
f 338/490 84/314 362/458 676/491
f 676/493 362/465 85/466 341/477
f 339/482 676/494 341/476 69/475
f 42/495 293/496 677/497 334/498
f 293/496 71/439 363/442 677/497
f 677/497 363/442 82/451 330/499
f 334/498 677/497 330/499 64/500
f 49/472 303/471 678/501 336/453
f 303/502 75/429 364/432 678/503
f 678/503 364/432 83/438 331/504
f 336/453 678/501 331/505 66/454
f 66/454 331/505 679/506 332/455
f 331/507 83/420 365/423 679/508
f 679/508 365/423 82/428 357/509
f 332/455 679/506 357/510 63/456
f 43/325 294/511 680/512 328/404
f 294/513 72/411 366/414 680/514
f 680/514 366/414 80/419 322/515
f 328/516 680/514 322/515 60/517
f 60/518 322/519 681/520 323/521
f 322/519 80/390 367/393 681/520
f 681/520 367/393 81/401 325/522
f 323/521 681/520 325/522 61/275
f 45/272 297/271 682/523 320/524
f 297/271 73/384 368/387 682/523
f 682/523 368/387 78/362 314/525
f 320/524 682/523 314/525 56/526
f 56/526 314/525 683/527 315/528
f 314/525 78/362 369/365 683/527
f 683/529 369/372 79/375 317/290
f 315/530 683/529 317/290 57/289
f 44/292 347/531 684/532 313/358
f 347/533 72/347 370/350 684/534
f 684/534 370/350 77/355 352/535
f 313/358 684/532 352/536 53/359
f 51/537 351/538 685/539 306/540
f 351/538 76/332 371/335 685/539
f 685/539 371/335 77/340 309/541
f 306/540 685/539 309/541 52/542
f 47/284 300/283 686/543 343/480
f 300/280 74/279 372/306 686/544
f 686/544 372/306 84/314 338/490
f 343/545 686/544 338/490 68/489
f 48/300 349/307 687/546 319/383
f 349/304 74/303 373/282 687/547
f 687/547 373/282 79/291 354/374
f 319/548 687/549 354/550 58/551
f 46/302 348/388 688/552 327/410
f 348/553 73/267 374/270 688/554
f 688/554 374/270 81/278 356/555
f 327/410 688/552 356/399 62/398
f 41/321 346/443 689/556 311/343
f 346/557 71/258 375/261 689/558
f 689/558 375/261 76/266 351/559
f 311/343 689/556 351/560 51/344
f 103/561 403/562 690/563 412/564
f 403/562 87/565 384/566 690/563
f 690/563 384/566 91/567 405/568
f 412/564 690/563 405/568 105/569
f 88/570 389/571 691/572 387/573
f 389/571 94/574 396/575 691/572
f 691/572 396/575 101/576 391/577
f 387/573 691/572 391/577 92/578
f 107/579 411/580 692/581 401/582
f 411/580 105/569 405/568 692/581
f 692/581 405/568 91/567 390/583
f 401/582 692/581 390/583 99/584
f 102/585 402/586 693/587 410/588
f 402/589 88/570 387/573 693/590
f 693/590 387/573 92/578 404/591
f 410/588 693/587 404/592 104/593
f 97/594 383/595 694/596 399/597
f 383/595 86/598 386/599 694/596
f 694/596 386/599 90/600 394/601
f 399/597 694/596 394/601 98/602
f 96/603 380/604 695/605 398/606
f 380/604 97/594 399/597 695/605
f 695/605 399/597 98/602 393/607
f 398/606 695/605 393/607 99/608
f 87/565 388/609 696/610 384/566
f 388/611 96/612 398/613 696/614
f 696/614 398/613 99/615 390/616
f 384/566 696/610 390/583 91/567
f 94/617 376/618 697/619 396/620
f 376/618 95/621 397/622 697/619
f 697/619 397/622 100/623 395/624
f 396/620 697/619 395/624 101/625
f 95/621 379/626 698/627 397/622
f 379/628 89/629 385/630 698/631
f 698/631 385/630 93/632 392/633
f 397/622 698/627 392/634 100/623
f 104/635 409/636 699/637 381/638
f 409/636 106/639 400/640 699/637
f 699/637 400/640 98/602 394/601
f 381/638 699/637 394/601 90/600
f 106/641 408/642 700/643 400/644
f 408/642 107/645 401/646 700/643
f 700/643 401/646 99/647 393/648
f 400/644 700/643 393/648 98/649
f 101/650 395/651 701/652 406/653
f 395/651 100/654 407/655 701/652
f 701/652 407/655 107/645 408/642
f 406/653 701/652 408/642 106/641
f 92/578 391/577 702/656 404/591
f 391/577 101/576 406/657 702/656
f 702/658 406/659 106/639 409/636
f 404/592 702/658 409/636 104/593
f 86/598 377/660 703/661 386/599
f 377/660 102/585 410/588 703/661
f 703/661 410/588 104/593 381/638
f 386/599 703/661 381/638 90/600
f 100/623 392/634 704/662 407/663
f 392/633 93/632 382/664 704/665
f 704/665 382/664 105/666 411/667
f 407/668 704/665 411/667 107/669
f 89/629 378/670 705/671 385/630
f 378/670 103/672 412/673 705/671
f 705/671 412/673 105/666 382/664
f 385/630 705/671 382/664 93/632
f 142/674 475/675 706/676 480/677
f 475/675 112/678 417/679 706/676
f 706/676 417/679 113/680 449/681
f 480/677 706/676 449/681 140/682
f 143/683 476/684 707/685 479/686
f 476/684 115/687 420/688 707/685
f 707/685 420/688 112/689 475/690
f 479/686 707/685 475/690 142/691
f 140/692 449/693 708/694 478/695
f 449/693 113/696 418/697 708/694
f 708/694 418/697 114/698 450/699
f 478/695 708/694 450/699 141/700
f 131/701 424/702 709/703 448/704
f 424/702 119/705 425/706 709/703
f 709/703 425/706 118/707 442/708
f 448/704 709/703 442/708 129/709
f 130/710 423/711 710/712 447/713
f 423/711 116/714 426/715 710/712
f 710/712 426/715 119/716 424/717
f 447/713 710/712 424/717 131/718
f 129/719 442/720 711/721 446/722
f 442/720 118/723 427/724 711/721
f 711/721 427/724 117/725 441/726
f 446/722 711/721 441/726 128/727
f 128/728 441/729 712/730 445/731
f 441/729 117/732 428/733 712/730
f 712/730 428/733 116/734 423/735
f 445/731 712/730 423/735 130/736
f 121/737 429/738 713/739 430/740
f 429/738 120/741 432/742 713/739
f 713/739 432/742 123/743 431/744
f 430/740 713/739 431/744 122/745
f 113/696 436/746 714/747 418/697
f 436/746 121/748 430/749 714/747
f 714/747 430/749 122/750 435/751
f 418/697 714/747 435/751 114/698
f 114/752 435/753 715/754 419/755
f 435/751 122/750 431/756 715/757
f 715/758 431/759 123/760 434/761
f 419/755 715/754 434/761 115/762
f 112/678 433/763 716/764 417/679
f 433/763 120/765 429/766 716/764
f 716/767 429/738 121/737 436/768
f 417/679 716/764 436/769 113/680
f 145/770 482/771 717/772 488/773
f 482/771 138/774 468/775 717/772
f 717/772 468/775 136/776 469/777
f 488/773 717/772 469/777 144/778
f 115/779 454/780 718/781 420/782
f 454/780 124/783 437/784 718/781
f 718/781 437/784 125/785 453/786
f 420/782 718/781 453/786 112/787
f 123/760 455/788 719/789 434/761
f 455/788 126/790 440/791 719/789
f 719/789 440/791 124/792 454/793
f 434/761 719/789 454/793 115/762
f 120/741 456/794 720/795 432/742
f 456/794 127/796 438/797 720/795
f 720/795 438/797 126/798 455/799
f 432/742 720/795 455/799 123/743
f 110/8 421/800 721/801 413/5
f 421/800 128/728 445/731 721/801
f 721/801 445/731 130/736 443/802
f 413/5 721/801 443/802 108/803
f 111/804 422/805 722/806 416/807
f 422/805 129/719 446/722 722/806
f 722/806 446/722 128/727 421/808
f 416/19 722/806 421/808 110/20
f 108/11 443/809 723/810 414/12
f 443/809 130/710 447/713 723/810
f 723/810 447/713 131/718 444/811
f 414/12 723/810 444/811 109/15
f 109/2 444/812 724/813 415/3
f 444/812 131/701 448/704 724/813
f 724/813 448/704 129/709 422/814
f 415/3 724/813 422/814 111/9
f 112/678 453/815 725/816 433/763
f 453/815 125/817 439/818 725/816
f 725/816 439/818 127/819 456/820
f 433/763 725/816 456/820 120/765
f 116/714 457/821 726/822 426/715
f 457/821 132/823 461/824 726/822
f 726/822 461/824 133/825 458/826
f 426/715 726/822 458/826 119/716
f 118/723 452/827 727/828 427/724
f 452/827 135/829 462/830 727/828
f 727/828 462/830 134/831 451/832
f 427/724 727/828 451/832 117/725
f 117/732 451/833 728/834 428/733
f 451/833 134/835 463/836 728/834
f 728/834 463/836 132/837 457/838
f 428/733 728/834 457/838 116/734
f 119/705 458/839 729/840 425/706
f 458/839 133/841 464/842 729/840
f 729/840 464/842 135/843 452/844
f 425/706 729/840 452/844 118/707
f 141/845 477/846 730/847 474/848
f 477/846 143/849 460/850 730/847
f 730/847 460/850 135/843 464/842
f 474/848 730/847 464/842 133/841
f 136/851 468/852 731/853 465/854
f 468/855 138/856 466/857 731/858
f 731/858 466/857 139/859 467/860
f 465/854 731/853 467/861 137/862
f 146/863 483/864 732/865 487/866
f 483/864 139/859 466/857 732/865
f 732/865 466/857 138/856 482/867
f 487/866 732/865 482/867 145/868
f 147/869 484/870 733/871 486/872
f 484/870 137/873 467/874 733/871
f 733/871 467/874 139/875 483/876
f 486/872 733/871 483/876 146/877
f 144/878 469/879 734/880 485/881
f 469/879 136/882 465/883 734/880
f 734/880 465/883 137/884 484/885
f 485/881 734/880 484/885 147/886
f 114/752 419/755 735/887 450/888
f 419/755 115/762 476/889 735/887
f 735/887 476/889 143/849 477/846
f 450/888 735/887 477/846 141/845
f 132/823 473/890 736/891 461/824
f 473/890 140/692 478/695 736/891
f 736/891 478/695 141/700 474/892
f 461/824 736/891 474/892 133/825
f 135/829 460/893 737/894 462/830
f 460/893 143/683 479/686 737/894
f 737/894 479/686 142/691 459/895
f 462/830 737/894 459/895 134/831
f 134/835 459/896 738/897 463/836
f 459/896 142/674 480/677 738/897
f 738/897 480/677 140/682 473/898
f 463/836 738/897 473/898 132/837
f 124/783 481/899 739/900 437/784
f 481/899 144/878 485/881 739/900
f 739/900 485/881 147/886 472/901
f 437/784 739/900 472/901 125/785
f 125/817 472/902 740/903 439/818
f 472/902 147/869 486/872 740/903
f 740/903 486/872 146/877 471/904
f 439/818 740/903 471/904 127/819
f 127/796 471/905 741/906 438/797
f 471/905 146/863 487/866 741/906
f 741/906 487/866 145/868 470/907
f 438/797 741/906 470/907 126/798
f 126/790 470/908 742/909 440/791
f 470/908 145/770 488/773 742/909
f 742/909 488/773 144/778 481/910
f 440/791 742/909 481/910 124/792
f 178/911 573/912 743/913 491/914
f 573/912 183/915 506/916 743/913
f 743/917 506/918 161/919 508/920
f 491/921 743/917 508/920 149/922
f 180/923 572/924 744/925 495/926
f 572/924 188/927 523/928 744/925
f 744/929 523/930 168/931 524/932
f 495/933 744/929 524/932 152/934
f 181/935 571/936 745/937 498/938
f 571/936 186/939 515/940 745/937
f 745/941 515/942 164/943 516/944
f 498/945 745/946 516/947 154/948
f 151/949 494/950 746/951 490/952
f 153/953 497/954 746/951 494/950
f 155/955 500/956 746/951 497/954
f 157/957 503/958 746/951 500/956
f 149/959 490/952 746/951 503/958
f 181/960 570/961 747/962 547/963
f 570/961 191/964 557/965 747/962
f 747/962 557/965 174/966 540/967
f 547/968 747/969 540/970 155/971
f 157/957 533/972 748/973 503/958
f 533/972 172/974 531/975 748/973
f 748/973 531/975 171/976 532/977
f 503/958 748/973 532/977 149/959
f 148/978 502/979 749/980 489/981
f 156/982 499/983 749/980 502/979
f 154/984 496/985 749/980 499/983
f 152/986 493/987 749/980 496/985
f 150/988 489/981 749/980 493/987
f 183/989 569/990 750/991 506/992
f 569/990 184/993 550/994 750/991
f 750/991 550/994 160/995 505/996
f 506/992 750/991 505/996 161/997
f 150/988 510/998 751/999 489/981
f 510/998 159/1000 504/1001 751/999
f 751/999 504/1001 158/1002 509/1003
f 489/981 751/999 509/1003 148/978
f 179/1004 568/1005 752/1006 492/1007
f 568/1005 184/1008 507/1009 752/1006
f 752/1010 507/1011 159/1000 510/998
f 492/1012 752/1010 510/998 150/988
f 149/959 508/920 753/1013 490/952
f 508/920 161/919 505/1014 753/1013
f 753/1013 505/1014 160/1015 511/1016
f 490/952 753/1013 511/1016 151/949
f 185/1017 567/1018 754/1019 551/1020
f 567/1021 186/1022 552/1023 754/1024
f 754/1024 552/1023 165/1025 514/1026
f 551/1020 754/1019 514/1027 162/1028
f 154/984 516/947 755/1029 496/985
f 516/947 164/1030 513/1031 755/1029
f 755/1029 513/1031 163/1032 518/1033
f 496/985 755/1029 518/1033 152/986
f 153/953 519/1034 756/1035 497/954
f 519/1034 162/1036 514/1037 756/1035
f 756/1035 514/1037 165/1038 517/1039
f 497/954 756/1035 517/1039 155/955
f 180/1040 566/1041 757/1042 546/1043
f 566/1041 185/1017 551/1020 757/1042
f 757/1042 551/1020 162/1028 519/1044
f 546/1043 757/1042 519/1044 153/1045
f 187/1046 565/1047 758/1048 553/1049
f 565/1047 188/1050 554/1051 758/1048
f 758/1048 554/1051 169/1052 522/1053
f 553/1049 758/1048 522/1053 166/1054
f 152/986 524/932 759/1055 493/987
f 524/932 168/931 521/1056 759/1055
f 759/1055 521/1056 167/1057 526/1058
f 493/987 759/1055 526/1058 150/988
f 151/949 527/1059 760/1060 494/950
f 527/1059 166/1061 522/1062 760/1060
f 760/1060 522/1062 169/1063 525/1064
f 494/950 760/1060 525/1064 153/953
f 179/1065 564/1066 761/1067 545/1068
f 564/1066 187/1069 553/1070 761/1067
f 761/1067 553/1070 166/1071 527/1072
f 545/1073 761/1074 527/1059 151/949
f 190/1075 563/1076 762/1077 556/1078
f 563/1076 189/1079 528/1080 762/1077
f 762/1081 528/1082 171/976 531/975
f 556/1083 762/1081 531/975 172/974
f 182/1084 562/1085 763/1086 548/1087
f 562/1085 190/1088 556/1089 763/1086
f 763/1090 556/1083 172/974 533/972
f 548/1091 763/1090 533/972 157/957
f 178/1092 561/1093 764/1094 544/1095
f 561/1093 189/1096 555/1097 764/1094
f 764/1094 555/1097 170/1098 535/1099
f 544/1095 764/1094 535/1099 148/1100
f 148/978 535/1101 765/1102 502/979
f 535/1101 170/1103 530/1104 765/1102
f 765/1102 530/1104 173/1105 534/1106
f 502/979 765/1102 534/1106 156/982
f 191/964 560/1107 766/1108 557/965
f 560/1109 192/1110 558/1111 766/1112
f 766/1113 558/1114 177/1115 538/1116
f 557/965 766/1108 538/1117 174/966
f 182/1118 559/1119 767/1120 501/1121
f 559/1119 192/1122 539/1123 767/1120
f 767/1120 539/1123 176/1124 542/1125
f 501/1121 767/1120 542/1125 156/1126
f 156/982 542/1127 768/1128 499/983
f 542/1127 176/1129 537/1130 768/1128
f 768/1128 537/1130 175/1131 541/1132
f 499/983 768/1128 541/1132 154/984
f 155/955 540/970 769/1133 500/956
f 540/970 174/1134 538/1135 769/1133
f 769/1133 538/1135 177/1115 543/1136
f 500/956 769/1133 543/1136 157/957
f 157/957 543/1136 770/1137 548/1091
f 543/1136 177/1115 558/1114 770/1137
f 770/1138 558/1111 192/1110 559/1119
f 548/1139 770/1138 559/1119 182/1118
f 175/1140 537/1141 771/1142 536/1143
f 537/1144 176/1124 539/1123 771/1145
f 771/1145 539/1123 192/1122 560/1109
f 536/1143 771/1142 560/1107 191/964
f 149/922 532/977 772/1146 491/921
f 532/1147 171/1148 528/1149 772/1150
f 772/1150 528/1149 189/1096 561/1093
f 491/1151 772/1150 561/1093 178/1092
f 156/1126 534/1152 773/1153 501/1121
f 534/1152 173/1154 529/1155 773/1153
f 773/1156 529/1157 190/1088 562/1085
f 501/1158 773/1156 562/1085 182/1084
f 173/1154 530/1159 774/1160 529/1155
f 530/1159 170/1161 555/1162 774/1160
f 774/1160 555/1162 189/1079 563/1076
f 529/1155 774/1160 563/1076 190/1075
f 150/1163 526/1164 775/1165 492/1166
f 526/1164 167/1167 520/1168 775/1165
f 775/1165 520/1168 187/1069 564/1066
f 492/1166 775/1165 564/1066 179/1065
f 167/1057 521/1056 776/1169 520/1170
f 521/1056 168/931 523/930 776/1169
f 776/1171 523/1172 188/1050 565/1047
f 520/1173 776/1171 565/1047 187/1046
f 152/934 518/1033 777/1174 495/933
f 518/1033 163/1032 512/1175 777/1174
f 777/1176 512/1177 185/1017 566/1041
f 495/1178 777/1176 566/1041 180/1040
f 163/1032 513/1031 778/1179 512/1175
f 513/1031 164/1030 515/1180 778/1179
f 778/1181 515/940 186/939 567/1021
f 512/1177 778/1182 567/1018 185/1017
f 151/1183 511/1184 779/1185 545/1186
f 511/1184 160/1187 550/1188 779/1185
f 779/1185 550/1188 184/1008 568/1005
f 545/1186 779/1185 568/1005 179/1004
f 158/1189 504/1190 780/1191 549/1192
f 504/1190 159/1193 507/1194 780/1191
f 780/1191 507/1194 184/993 569/990
f 549/1192 780/1191 569/990 183/989
f 154/948 541/1132 781/1195 498/945
f 541/1132 175/1131 536/1196 781/1195
f 781/1197 536/1143 191/964 570/961
f 498/938 781/1197 570/961 181/935
f 155/955 517/1039 782/1198 547/968
f 517/1199 165/1025 552/1023 782/1200
f 782/1200 552/1023 186/1022 571/936
f 547/963 782/1200 571/936 181/960
f 153/1045 525/1201 783/1202 546/1043
f 525/1201 169/1052 554/1051 783/1202
f 783/1203 554/1204 188/927 572/924
f 546/1205 783/1203 572/924 180/923
f 148/1206 509/1207 784/1208 544/1209
f 509/1207 158/1210 549/1211 784/1208
f 784/1208 549/1211 183/915 573/912
f 544/1209 784/1208 573/912 178/911
f 210/1212 610/1213 785/1214 601/1215
f 610/1213 212/1216 603/1217 785/1214
f 785/1214 603/1217 198/1218 582/1219
f 601/1215 785/1214 582/1219 194/1220
f 195/1221 585/1222 786/1223 587/1224
f 585/1222 199/1225 589/1226 786/1223
f 786/1223 589/1226 208/1227 594/1228
f 587/1224 786/1223 594/1228 201/1229
f 214/1230 599/1231 787/1232 609/1233
f 599/1231 206/1234 588/1235 787/1232
f 787/1232 588/1235 198/1218 603/1217
f 609/1233 787/1232 603/1217 212/1216
f 209/1236 608/1237 788/1238 600/1239
f 608/1237 211/1240 602/1241 788/1238
f 788/1238 602/1241 199/1225 585/1222
f 600/1239 788/1238 585/1222 195/1221
f 204/1242 597/1243 789/1244 581/1245
f 597/1243 205/1246 592/1247 789/1244
f 789/1248 592/1249 197/1250 584/1251
f 581/1252 789/1248 584/1251 193/1253
f 203/1254 596/1255 790/1256 578/1257
f 596/1255 206/1258 591/1259 790/1256
f 790/1256 591/1259 205/1246 597/1243
f 578/1257 790/1256 597/1243 204/1242
f 194/1220 582/1219 791/1260 586/1261
f 582/1219 198/1218 588/1235 791/1260
f 791/1260 588/1235 206/1234 596/1262
f 586/1261 791/1260 596/1262 203/1263
f 201/1264 594/1265 792/1266 574/1267
f 594/1265 208/1268 593/1269 792/1266
f 792/1266 593/1269 207/1270 595/1271
f 574/1267 792/1266 595/1271 202/1272
f 202/1273 595/1274 793/1275 577/1276
f 595/1274 207/1277 590/1278 793/1275
f 793/1275 590/1278 200/1279 583/1280
f 577/1276 793/1275 583/1280 196/1281
f 211/1282 579/1283 794/1284 607/1285
f 579/1283 197/1250 592/1249 794/1284
f 794/1286 592/1247 205/1246 598/1287
f 607/1285 794/1284 598/1288 213/1289
f 213/1290 598/1291 795/1292 606/1293
f 598/1291 205/1294 591/1295 795/1292
f 795/1292 591/1295 206/1296 599/1297
f 606/1293 795/1292 599/1297 214/1298
f 208/1299 604/1300 796/1301 593/1302
f 604/1300 213/1290 606/1293 796/1301
f 796/1301 606/1293 214/1298 605/1303
f 593/1302 796/1301 605/1303 207/1304
f 199/1225 602/1241 797/1305 589/1226
f 602/1241 211/1240 607/1285 797/1305
f 797/1305 607/1285 213/1289 604/1306
f 589/1226 797/1305 604/1306 208/1227
f 193/1253 584/1251 798/1307 575/1308
f 584/1251 197/1250 579/1283 798/1307
f 798/1307 579/1283 211/1282 608/1237
f 575/1308 798/1307 608/1237 209/1236
f 207/1277 605/1309 799/1310 590/1278
f 605/1309 214/1230 609/1233 799/1310
f 799/1310 609/1233 212/1216 580/1311
f 590/1278 799/1310 580/1311 200/1279
f 196/1281 583/1280 800/1312 576/1313
f 583/1280 200/1279 580/1311 800/1312
f 800/1312 580/1311 212/1216 610/1213
f 576/1313 800/1312 610/1213 210/1212
f 416/807 218/18 4/142 111/804
f 108/803 1/140 215/6 413/5
f 801/1314 805/1315 808/1316 804/1317
f 802/1318 806/1319 805/1320 801/1321
f 803/1322 807/1323 806/1324 802/1325
f 804/1326 808/1327 807/1328 803/1329
f 805/1315 809/1330 812/1331 808/1316
f 806/1332 810/1333 809/1330 805/1315
f 807/1323 811/1334 810/1335 806/1324
f 808/1336 812/1337 811/1334 807/1323
f 809/1330 813/1338 816/1339 812/1331
f 810/1340 814/1341 813/1342 809/1343
f 811/1334 815/1344 814/1345 810/1335
f 812/1337 816/1346 815/1344 811/1334
f 813/1338 817/1347 820/1348 816/1339
f 814/1341 818/1349 817/1350 813/1342
f 815/1351 819/1352 818/1349 814/1341
f 816/1346 820/1353 819/1354 815/1344
f 817/1347 821/1355 824/1356 820/1348
f 818/1349 822/1357 821/1358 817/1350
f 819/1352 823/1359 822/1357 818/1349
f 820/1353 824/1360 823/1361 819/1354
f 821/1355 825/1362 828/1363 824/1356
f 822/1357 826/1364 825/1365 821/1358
f 823/1366 827/1367 826/1368 822/1369
f 824/1360 828/1370 827/1367 823/1361
f 825/1362 829/1371 832/1372 828/1363
f 826/1364 830/1373 829/1374 825/1365
f 827/1367 831/1375 830/1376 826/1368
f 828/1370 832/1377 831/1375 827/1367
f 829/1371 833/1378 836/1379 832/1372
f 830/1373 834/1380 833/1381 829/1374
f 831/1375 835/1382 834/1383 830/1376
f 832/1377 836/1384 835/1382 831/1375
f 833/1385 837/1386 840/1387 836/1388
f 834/1380 838/1389 837/1390 833/1381
f 835/1391 839/1392 838/1389 834/1380
f 836/1384 840/1393 839/1394 835/1382
f 837/1395 841/1396 844/1397 840/1398
f 838/1399 842/1400 841/1396 837/1395
f 839/1401 843/1402 842/1403 838/1404
f 840/1393 844/1405 843/1402 839/1394
f 841/1396 845/1406 848/1407 844/1397
f 842/1408 846/1409 845/1410 841/1411
f 843/1402 847/1412 846/1413 842/1403
f 844/1414 848/1415 847/1416 843/1417
f 845/1406 849/1418 852/1419 848/1407
f 846/1409 850/1420 849/1421 845/1410
f 847/1412 851/1422 850/1423 846/1413
f 848/1415 852/1424 851/1425 847/1416
f 849/1418 853/1426 856/1427 852/1419
f 850/1420 854/1428 853/1429 849/1421
f 851/1422 855/1430 854/1431 850/1423
f 852/1424 856/1432 855/1433 851/1425
f 853/1426 857/1434 860/1435 856/1427
f 854/1428 858/1436 857/1437 853/1429
f 855/1430 859/1438 858/1439 854/1431
f 856/1432 860/1440 859/1441 855/1433
f 857/1434 861/1442 864/1443 860/1435
f 858/1444 862/1445 861/1442 857/1434
f 859/1438 863/1446 862/1447 858/1439
f 860/1440 864/1448 863/1449 859/1441
f 861/1442 865/1450 868/1451 864/1443
f 862/1445 866/1452 865/1450 861/1442
f 863/1446 867/1453 866/1454 862/1447
f 864/1448 868/1455 867/1456 863/1449
f 865/1450 869/1457 872/1458 868/1451
f 866/1452 870/1459 869/1457 865/1450
f 867/1453 871/1460 870/1461 866/1454
f 868/1455 872/1462 871/1463 867/1456
f 869/1457 873/1464 876/1465 872/1458
f 870/1466 874/1467 873/1468 869/1469
f 871/1460 875/1470 874/1471 870/1461
f 872/1462 876/1472 875/1473 871/1463
f 873/1464 877/1474 880/1475 876/1465
f 874/1467 878/1476 877/1477 873/1468
f 875/1470 879/1478 878/1479 874/1471
f 876/1472 880/1480 879/1481 875/1473
f 877/1482 881/1483 884/1484 880/1485
f 878/1486 882/1487 881/1488 877/1489
f 879/1490 883/1491 882/1487 878/1486
f 880/1492 884/1493 883/1494 879/1495
f 881/1496 885/1497 888/1498 884/1499
f 882/1487 886/1500 885/1501 881/1488
f 883/1502 887/1503 886/1504 882/1505
f 884/1493 888/1506 887/1503 883/1494
f 889/1507 892/1508 896/1509 893/1510
f 890/1511 889/1512 893/1513 894/1514
f 891/1515 890/1516 894/1517 895/1518
f 892/1519 891/1520 895/1521 896/1522
f 893/1523 896/1524 900/1525 897/1526
f 894/1514 893/1513 897/1526 898/1527
f 895/1518 894/1517 898/1528 899/1529
f 896/1522 895/1521 899/1530 900/1531
f 897/1526 900/1525 904/1532 901/1533
f 898/1527 897/1526 901/1533 902/1534
f 899/1529 898/1528 902/1535 903/1536
f 900/1531 899/1530 903/1537 904/1538
f 901/1533 904/1532 908/1539 905/1540
f 902/1534 901/1533 905/1540 906/1541
f 903/1542 902/1543 906/1544 907/1545
f 904/1538 903/1537 907/1545 908/1546
f 905/1540 908/1539 912/1547 909/1548
f 906/1541 905/1540 909/1548 910/1549
f 907/1545 906/1544 910/1550 911/1551
f 908/1546 907/1545 911/1551 912/1552
f 909/1548 912/1547 916/1553 913/1554
f 910/1549 909/1548 913/1554 914/1555
f 911/1551 910/1550 914/1556 915/1557
f 912/1552 911/1551 915/1557 916/1558
f 913/1554 916/1553 920/1559 917/1560
f 914/1555 913/1554 917/1560 918/1561
f 915/1557 914/1556 918/1562 919/1563
f 916/1558 915/1557 919/1563 920/1564
f 917/1560 920/1559 924/1565 921/1566
f 918/1561 917/1560 921/1566 922/1567
f 919/1563 918/1562 922/1568 923/1569
f 920/1564 919/1563 923/1569 924/1570
f 921/1566 924/1565 928/1571 925/1572
f 922/1567 921/1566 925/1572 926/1573
f 923/1569 922/1568 926/1574 927/1575
f 924/1570 923/1569 927/1575 928/1576
f 925/1572 928/1571 932/1577 929/1578
f 926/1573 925/1572 929/1578 930/1579
f 927/1580 926/1581 930/1582 931/1583
f 928/1576 927/1575 931/1584 932/1585
f 929/1586 932/1587 936/1588 933/1589
f 930/1579 929/1578 933/1590 934/1591
f 931/1583 930/1582 934/1592 935/1593
f 932/1585 931/1584 935/1594 936/1595
f 933/1589 936/1588 940/1596 937/1597
f 934/1591 933/1590 937/1598 938/1599
f 935/1593 934/1592 938/1600 939/1601
f 936/1595 935/1594 939/1602 940/1603
f 937/1597 940/1596 944/1604 941/1605
f 938/1599 937/1598 941/1606 942/1607
f 939/1601 938/1600 942/1608 943/1609
f 940/1603 939/1602 943/1610 944/1611
f 941/1605 944/1604 948/1612 945/1613
f 942/1607 941/1606 945/1614 946/1615
f 943/1609 942/1608 946/1616 947/1617
f 944/1611 943/1610 947/1618 948/1619
f 945/1620 948/1621 952/1622 949/1623
f 946/1615 945/1614 949/1623 950/1624
f 947/1625 946/1626 950/1627 951/1628
f 948/1619 947/1618 951/1628 952/1629
f 949/1630 952/1631 956/1632 953/1633
f 950/1624 949/1623 953/1634 954/1635
f 951/1628 950/1627 954/1636 955/1637
f 952/1629 951/1628 955/1637 956/1638
f 953/1633 956/1632 960/1639 957/1640
f 954/1635 953/1634 957/1641 958/1642
f 955/1637 954/1636 958/1643 959/1644
f 956/1638 955/1637 959/1644 960/1645
f 957/1646 960/1647 964/1648 961/1649
f 958/1642 957/1641 961/1649 962/1650
f 959/1651 958/1652 962/1653 963/1654
f 960/1645 959/1644 963/1655 964/1656
f 961/1657 964/1658 968/1659 965/1660
f 962/1650 961/1649 965/1661 966/1662
f 963/1654 962/1653 966/1663 967/1664
f 964/1656 963/1655 967/1665 968/1666
f 965/1667 968/1668 972/1669 969/1670
f 966/1662 965/1661 969/1670 970/1671
f 967/1664 966/1663 970/1672 971/1673
f 968/1666 967/1665 971/1674 972/1675
f 969/1670 972/1669 976/1676 973/1677
f 970/1671 969/1670 973/1677 974/1678
f 971/1679 970/1680 974/1681 975/1682
f 972/1675 971/1674 975/1682 976/1683
f 1342/1684 1155/1685 1095/1686 1303/1687
f 1083/1688 1346/1689 1299/1690 1151/1691
f 1299/1692 1084/1693 978/1694 1074/1695
f 1151/1691 1299/1690 1074/1695 977/1696
f 1345/1697 1300/1698 1083/1699 1151/1700
f 1172/1701 1014/1702 1160/1703 1300/1704
f 1300/1704 1160/1703 981/1705 1083/1699
f 1346/1689 1152/1706 1084/1693 1299/1690
f 1344/1707 1301/1708 1084/1709 1152/1710
f 1186/1711 1019/1712 1173/1713 1301/1714
f 1301/1714 1173/1713 978/1715 1084/1709
f 1165/1716 1172/1701 1300/1704 1345/1697
f 1343/1717 1302/1718 1096/1719 1156/1720
f 1155/1721 985/1722 1086/1723 1302/1724
f 1302/1724 1086/1723 986/1725 1096/1719
f 1179/1726 1186/1711 1301/1714 1344/1707
f 1077/1727 1149/1728 1354/1729 1347/1730
f 1166/1731 1342/1684 1303/1687 1171/1732
f 1303/1687 1095/1686 989/1733 1162/1734
f 1171/1732 1303/1687 1162/1734 1016/1735
f 1078/1736 1150/1737 1362/1738 1355/1739
f 1180/1740 1341/1741 1304/1742 1185/1743
f 1304/1744 1096/1745 986/1746 1175/1747
f 1185/1743 1304/1742 1175/1747 1021/1748
f 1021/1749 1184/1750 1305/1751 1087/1752
f 1184/1750 1023/1753 1099/1754 1305/1751
f 1305/1751 1099/1754 996/1755 1102/1756
f 1087/1752 1305/1751 1102/1756 988/1757
f 1015/1758 1170/1759 1306/1760 1085/1761
f 1170/1759 1017/1762 1097/1763 1306/1760
f 1306/1760 1097/1763 993/1764 1104/1765
f 1085/1761 1306/1760 1104/1765 985/1766
f 1006/1767 1134/1768 1307/1769 1140/1770
f 1134/1771 988/1757 1102/1756 1307/1772
f 1307/1773 1102/1774 996/1775 1135/1776
f 1140/1770 1307/1769 1135/1777 1007/1778
f 985/1722 1104/1779 1308/1780 1086/1723
f 1104/1779 993/1781 1098/1782 1308/1780
f 1308/1780 1098/1782 994/1783 1101/1784
f 1086/1723 1308/1780 1101/1784 986/1725
f 1013/1785 1169/1786 1309/1787 1159/1788
f 1169/1786 1017/1789 1163/1790 1309/1787
f 1309/1787 1163/1790 995/1791 1105/1792
f 1159/1788 1309/1787 1105/1792 979/1793
f 978/1794 1107/1795 1310/1796 1074/1797
f 1107/1795 994/1798 1098/1799 1310/1796
f 1310/1796 1098/1799 993/1800 1106/1801
f 1074/1797 1310/1796 1106/1801 977/1802
f 1019/1803 1183/1804 1311/1805 1173/1806
f 1183/1804 1023/1807 1177/1808 1311/1805
f 1311/1805 1177/1808 994/1798 1107/1795
f 1173/1806 1311/1805 1107/1795 978/1794
f 1005/1809 1139/1810 1312/1811 1133/1812
f 1139/1810 1007/1813 1135/1814 1312/1811
f 1312/1811 1135/1814 996/1775 1108/1815
f 1133/1812 1312/1811 1108/1815 980/1816
f 1010/1817 1148/1818 1313/1819 1091/1820
f 1148/1818 1011/1821 1112/1822 1313/1819
f 1313/1819 1112/1822 999/1823 1113/1824
f 1091/1825 1313/1826 1113/1827 991/1828
f 1180/1740 1185/1743 1361/1829 1356/1830
f 1153/1831 1340/1832 1314/1833 1089/1834
f 1314/1835 1110/1836 997/1837 1115/1838
f 1089/1834 1314/1833 1115/1838 987/1839
f 1340/1832 1157/1840 1110/1836 1314/1833
f 1154/1841 1339/1842 1315/1843 1090/1844
f 1315/1845 1111/1846 1000/1847 1114/1848
f 1090/1844 1315/1843 1114/1848 992/1849
f 1006/1850 1088/1851 1316/1852 1138/1853
f 1088/1851 987/1854 1115/1855 1316/1852
f 1316/1852 1115/1855 997/1856 1109/1857
f 1138/1853 1316/1852 1109/1857 1008/1858
f 1022/1859 1182/1860 1317/1861 1093/1862
f 1182/1860 1024/1863 1119/1864 1317/1861
f 1317/1861 1119/1864 1002/1865 1121/1866
f 1093/1862 1317/1861 1121/1866 990/1867
f 1010/1868 1147/1869 1318/1870 1142/1871
f 1147/1872 1012/1873 1144/1874 1318/1875
f 1318/1875 1144/1874 1004/1876 1122/1877
f 1142/1871 1318/1870 1122/1878 992/1879
f 990/1880 1121/1881 1319/1882 1094/1883
f 1121/1881 1002/1884 1120/1885 1319/1882
f 1319/1882 1120/1885 1001/1886 1124/1887
f 1094/1883 1319/1882 1124/1887 989/1888
f 1016/1889 1168/1890 1320/1891 1092/1892
f 1168/1890 1018/1893 1118/1894 1320/1891
f 1320/1891 1118/1894 1003/1895 1123/1896
f 1092/1892 1320/1891 1123/1896 991/1897
f 1020/1898 1181/1899 1321/1900 1174/1901
f 1181/1899 1024/1902 1178/1903 1321/1900
f 1321/1900 1178/1903 1004/1904 1125/1905
f 1174/1901 1321/1900 1125/1905 984/1906
f 981/1907 1127/1908 1322/1909 1082/1910
f 1127/1908 1001/1911 1120/1912 1322/1909
f 1322/1909 1120/1912 1002/1913 1126/1914
f 1082/1910 1322/1909 1126/1914 982/1915
f 1014/1916 1167/1917 1323/1918 1160/1919
f 1167/1917 1018/1920 1164/1921 1323/1918
f 1323/1918 1164/1921 1001/1911 1127/1908
f 1160/1919 1323/1918 1127/1908 981/1907
f 1009/1922 1141/1923 1324/1924 1146/1925
f 1141/1923 984/1906 1125/1905 1324/1924
f 1324/1924 1125/1905 1004/1904 1144/1926
f 1146/1925 1324/1924 1144/1926 1012/1927
f 1005/1928 1133/1929 1325/1930 1137/1931
f 1133/1929 980/1932 1129/1933 1325/1930
f 1325/1930 1129/1933 998/1934 1136/1935
f 1137/1931 1325/1930 1136/1935 1008/1936
f 1339/1842 1158/1937 1111/1846 1315/1843
f 1077/1938 1338/1939 1326/1940 1149/1941
f 1326/1942 1157/1943 999/1944 1131/1945
f 1149/1941 1326/1940 1131/1945 983/1946
f 1009/1922 1145/1947 1327/1948 1141/1923
f 1145/1949 1011/1950 1143/1951 1327/1952
f 1327/1952 1143/1951 1000/1953 1132/1954
f 1141/1955 1327/1952 1132/1954 984/1956
f 1338/1939 1110/1957 1157/1943 1326/1940
f 1078/1958 1337/1959 1328/1960 1150/1961
f 1328/1962 1158/1963 998/1934 1129/1933
f 1150/1961 1328/1960 1129/1933 980/1932
f 979/1964 1076/1965 1329/1966 1130/1967
f 1076/1965 1005/1928 1137/1931 1329/1966
f 1329/1966 1137/1931 1008/1936 1109/1968
f 1130/1967 1329/1966 1109/1968 997/1969
f 988/1757 1134/1771 1330/1970 1116/1971
f 1134/1972 1006/1850 1138/1853 1330/1973
f 1330/1973 1138/1853 1008/1858 1136/1974
f 1116/1975 1330/1973 1136/1974 998/1976
f 979/1793 1105/1792 1331/1977 1076/1978
f 1105/1792 995/1791 1100/1979 1331/1977
f 1331/1977 1100/1979 1007/1813 1139/1810
f 1076/1978 1331/1977 1139/1810 1005/1809
f 987/1980 1088/1981 1332/1982 1103/1983
f 1088/1981 1006/1767 1140/1770 1332/1982
f 1332/1982 1140/1770 1007/1778 1100/1984
f 1103/1983 1332/1982 1100/1984 995/1985
f 983/1946 1131/1945 1333/1986 1079/1987
f 1131/1945 999/1944 1112/1988 1333/1986
f 1333/1986 1112/1988 1011/1950 1145/1949
f 1079/1989 1333/1990 1145/1947 1009/1922
f 983/1991 1079/1992 1334/1993 1128/1994
f 1079/1989 1009/1922 1146/1925 1334/1993
f 1334/1993 1146/1925 1012/1927 1117/1995
f 1128/1994 1334/1993 1117/1995 1003/1996
f 991/1828 1123/1896 1335/1997 1091/1825
f 1123/1998 1003/1999 1117/2000 1335/2001
f 1335/2001 1117/2000 1012/1873 1147/1872
f 1091/1820 1335/2002 1147/1869 1010/1817
f 992/1879 1114/2003 1336/2004 1142/1871
f 1114/2003 1000/2005 1143/2006 1336/2004
f 1336/2004 1143/2006 1011/1821 1148/1818
f 1142/1871 1336/2004 1148/1818 1010/1868
f 984/1956 1132/1954 1337/1959 1078/1958
f 1132/1954 1000/1953 1111/2007 1337/1959
f 979/1964 1130/1967 1338/1939 1077/1938
f 1130/1967 997/1969 1110/1957 1338/1939
f 988/1757 1116/1971 1339/1842 1154/1841
f 1116/1971 998/2008 1158/1937 1339/1842
f 991/1828 1113/1827 1340/1832 1153/1831
f 1113/1827 999/2009 1157/1840 1340/1832
f 1022/1859 1093/1862 1341/1741 1180/1740
f 1093/1862 990/1867 1156/2010 1341/1741
f 1015/1758 1085/1761 1342/1684 1166/1731
f 1085/1761 985/1766 1155/1685 1342/1684
f 989/1888 1095/2011 1343/2012 1094/1883
f 1094/1883 1343/2012 1156/1720 990/1880
f 1020/2013 1179/1726 1344/1707 1081/2014
f 1081/2015 1344/2016 1152/2017 982/2018
f 1013/2019 1165/1716 1345/1697 1073/2020
f 1073/2020 1345/1697 1151/1700 977/2021
f 981/2022 1082/2023 1346/1689 1083/1688
f 1082/2023 982/2018 1152/2017 1346/1689
f 979/2024 1077/1727 1347/1730 1159/2025
f 1347/1730 1354/1729 1172/1701 1165/1716
f 1341/1741 1156/2010 1096/1745 1304/1742
f 1159/2025 1347/1730 1165/1716 1013/2019
f 987/1839 1161/2026 1348/2027 1089/1834
f 1161/2026 1015/1758 1166/1731 1348/2027
f 1348/2027 1353/2028 1153/1831 1089/1834
f 1095/2011 1155/1721 1302/1724 1343/2012
f 983/1991 1128/1994 1349/2029 1080/2030
f 1128/1994 1003/1996 1118/2031 1349/2029
f 1349/2029 1118/2031 1018/1920 1167/1917
f 1080/2030 1349/2029 1167/1917 1014/1916
f 989/1733 1124/2032 1350/2033 1162/1734
f 1124/2032 1001/2034 1164/2035 1350/2033
f 1350/2033 1164/2035 1018/1893 1168/1890
f 1162/1734 1350/2033 1168/1890 1016/1735
f 977/1802 1106/1801 1351/2036 1073/2037
f 1106/1801 993/1800 1097/2038 1351/2036
f 1351/2036 1097/2038 1017/1789 1169/1786
f 1073/2037 1351/2036 1169/1786 1013/1785
f 987/1839 1103/2039 1352/2040 1161/2026
f 1103/2039 995/2041 1163/2042 1352/2040
f 1352/2040 1163/2042 1017/1762 1170/1759
f 1161/2026 1352/2040 1170/1759 1015/1758
f 1353/2043 1171/1732 1016/1735 1092/1892
f 1153/1831 1353/2028 1092/1892 991/1828
f 1149/1728 983/2044 1080/2045 1354/1729
f 1354/1729 1080/2045 1014/1702 1172/1701
f 984/2046 1078/1736 1355/1739 1174/2047
f 1355/1739 1362/1738 1186/1711 1179/1726
f 1395/2048 1225/2049 1266/2050 1388/2051
f 1174/2047 1355/1739 1179/1726 1020/2013
f 992/1849 1176/2052 1356/2053 1090/1844
f 1176/2052 1022/1859 1180/1740 1356/2053
f 1356/2053 1361/1829 1154/1841 1090/1844
f 1166/1731 1171/1732 1353/2043 1348/2027
f 982/1915 1126/1914 1357/2054 1081/2055
f 1126/1914 1002/1913 1119/2056 1357/2054
f 1357/2054 1119/2056 1024/1902 1181/1899
f 1081/2055 1357/2054 1181/1899 1020/1898
f 992/1849 1122/2057 1358/2058 1176/2052
f 1122/2057 1004/2059 1178/2060 1358/2058
f 1358/2058 1178/2060 1024/1863 1182/1860
f 1176/2052 1358/2058 1182/1860 1022/1859
f 980/1816 1108/1815 1359/2061 1075/2062
f 1108/1815 996/1775 1099/2063 1359/2061
f 1359/2061 1099/2063 1023/1807 1183/1804
f 1075/2062 1359/2061 1183/1804 1019/1803
f 986/1746 1101/2064 1360/2065 1175/1747
f 1101/2064 994/2066 1177/2067 1360/2065
f 1360/2065 1177/2067 1023/1753 1184/1750
f 1175/1747 1360/2065 1184/1750 1021/1748
f 1361/1829 1185/1743 1021/1748 1087/1752
f 1154/1841 1361/1829 1087/1752 988/1757
f 1150/1737 980/2068 1075/2069 1362/1738
f 1362/1738 1075/2069 1019/1712 1186/1711
f 1398/2070 1263/2071 1209/2072 1367/2073
f 1197/2074 1402/2075 1363/2076 1259/2077
f 1363/2078 1198/2079 1026/2080 1188/2081
f 1259/2077 1363/2076 1188/2081 1025/2082
f 1401/2083 1364/2084 1197/2085 1259/2086
f 1280/2087 1062/2088 1268/2089 1364/2090
f 1364/2090 1268/2089 1029/2091 1197/2085
f 1402/2075 1260/2092 1198/2079 1363/2076
f 1400/2093 1365/2094 1198/2095 1260/2096
f 1294/2097 1067/2098 1281/2099 1365/2100
f 1365/2100 1281/2099 1026/2101 1198/2095
f 1273/2102 1280/2087 1364/2090 1401/2083
f 1399/2103 1366/2104 1210/2105 1264/2106
f 1263/2107 1033/2108 1200/2109 1366/2110
f 1366/2110 1200/2109 1034/2111 1210/2105
f 1287/2112 1294/2097 1365/2100 1400/2093
f 1191/2113 1257/2114 1410/2115 1403/2116
f 1274/2117 1398/2070 1367/2073 1279/2118
f 1367/2073 1209/2072 1037/2119 1270/2120
f 1279/2118 1367/2073 1270/2120 1064/2121
f 1192/2122 1258/2123 1418/2124 1411/2125
f 1288/2126 1397/2127 1368/2128 1293/2129
f 1368/2130 1210/2131 1034/2132 1283/2133
f 1293/2129 1368/2128 1283/2133 1069/2134
f 1069/2135 1292/2136 1369/2137 1201/2138
f 1292/2136 1071/2139 1213/2140 1369/2137
f 1369/2137 1213/2140 1044/2141 1216/2142
f 1201/2138 1369/2137 1216/2142 1036/2143
f 1063/2144 1278/2145 1370/2146 1199/2147
f 1278/2145 1065/2148 1211/2149 1370/2146
f 1370/2146 1211/2149 1041/2150 1218/2151
f 1199/2147 1370/2146 1218/2151 1033/2152
f 1054/2153 1244/2154 1371/2155 1249/2156
f 1244/2154 1036/2157 1216/2158 1371/2155
f 1371/2159 1216/2160 1044/2161 1245/2162
f 1249/2163 1371/2159 1245/2162 1055/2164
f 1033/2108 1218/2165 1372/2166 1200/2109
f 1218/2165 1041/2167 1212/2168 1372/2166
f 1372/2166 1212/2168 1042/2169 1215/2170
f 1200/2109 1372/2166 1215/2170 1034/2111
f 1061/2171 1277/2172 1373/2173 1267/2174
f 1277/2172 1065/2175 1271/2176 1373/2173
f 1373/2173 1271/2176 1043/2177 1219/2178
f 1267/2174 1373/2173 1219/2178 1027/2179
f 1026/2180 1221/2181 1374/2182 1188/2183
f 1221/2181 1042/2184 1212/2185 1374/2182
f 1374/2182 1212/2185 1041/2186 1220/2187
f 1188/2183 1374/2182 1220/2187 1025/2188
f 1067/2189 1291/2190 1375/2191 1281/2192
f 1291/2190 1071/2193 1285/2194 1375/2191
f 1375/2191 1285/2194 1042/2184 1221/2181
f 1281/2192 1375/2191 1221/2181 1026/2180
f 1053/2195 1248/2196 1376/2197 1243/2198
f 1248/2196 1055/2164 1245/2162 1376/2197
f 1376/2197 1245/2162 1044/2161 1222/2199
f 1243/2198 1376/2197 1222/2199 1028/2200
f 1070/2201 1290/2202 1377/2203 1207/2204
f 1290/2202 1072/2205 1229/2206 1377/2203
f 1377/2203 1229/2206 1050/2207 1231/2208
f 1207/2204 1377/2203 1231/2208 1038/2209
f 1058/2210 1256/2211 1378/2212 1251/2213
f 1256/2211 1060/2214 1253/2215 1378/2212
f 1378/2212 1253/2215 1052/2216 1232/2217
f 1251/2213 1378/2212 1232/2217 1040/2218
f 1038/2219 1231/2220 1379/2221 1208/2222
f 1231/2220 1050/2223 1230/2224 1379/2221
f 1379/2221 1230/2224 1049/2225 1234/2226
f 1208/2222 1379/2221 1234/2226 1037/2227
f 1064/2228 1276/2229 1380/2230 1206/2231
f 1276/2229 1066/2232 1228/2233 1380/2230
f 1380/2230 1228/2233 1051/2234 1233/2235
f 1206/2231 1380/2230 1233/2235 1039/2236
f 1068/2237 1289/2238 1381/2239 1282/2240
f 1289/2238 1072/2241 1286/2242 1381/2239
f 1381/2239 1286/2242 1052/2243 1235/2244
f 1282/2240 1381/2239 1235/2244 1032/2245
f 1029/2246 1237/2247 1382/2248 1196/2249
f 1237/2247 1049/2250 1230/2251 1382/2248
f 1382/2248 1230/2251 1050/2252 1236/2253
f 1196/2249 1382/2248 1236/2253 1030/2254
f 1062/2255 1275/2256 1383/2257 1268/2258
f 1275/2256 1066/2259 1272/2260 1383/2257
f 1383/2257 1272/2260 1049/2250 1237/2247
f 1268/2258 1383/2257 1237/2247 1029/2246
f 1057/2261 1250/2262 1384/2263 1255/2264
f 1250/2262 1032/2245 1235/2244 1384/2263
f 1384/2263 1235/2244 1052/2243 1253/2265
f 1255/2264 1384/2263 1253/2265 1060/2266
f 1053/2267 1243/2268 1385/2269 1247/2270
f 1243/2268 1028/2271 1239/2272 1385/2269
f 1385/2269 1239/2272 1046/2273 1246/2274
f 1247/2270 1385/2269 1246/2274 1056/2275
f 1288/2126 1293/2129 1417/2276 1412/2277
f 1191/2278 1396/2279 1386/2280 1257/2281
f 1386/2282 1265/2283 1047/2284 1241/2285
f 1257/2281 1386/2280 1241/2285 1031/2286
f 1057/2261 1254/2287 1387/2288 1250/2262
f 1254/2289 1059/2290 1252/2291 1387/2292
f 1387/2292 1252/2291 1048/2293 1242/2294
f 1250/2295 1387/2292 1242/2294 1032/2296
f 1396/2279 1224/2297 1265/2283 1386/2280
f 1192/2298 1395/2048 1388/2051 1258/2299
f 1388/2051 1266/2050 1046/2273 1239/2272
f 1258/2299 1388/2051 1239/2272 1028/2271
f 1027/2300 1190/2301 1389/2302 1240/2303
f 1190/2301 1053/2267 1247/2270 1389/2302
f 1389/2302 1247/2270 1056/2275 1223/2304
f 1240/2303 1389/2302 1223/2304 1045/2305
f 1027/2179 1219/2178 1390/2306 1190/2307
f 1219/2178 1043/2177 1214/2308 1390/2306
f 1390/2306 1214/2308 1055/2164 1248/2196
f 1190/2307 1390/2306 1248/2196 1053/2195
f 1035/2309 1202/2310 1391/2311 1217/2312
f 1202/2310 1054/2153 1249/2156 1391/2311
f 1391/2313 1249/2163 1055/2164 1214/2308
f 1217/2314 1391/2313 1214/2308 1043/2177
f 1031/2315 1241/2316 1392/2317 1193/2318
f 1241/2285 1047/2284 1226/2319 1392/2320
f 1392/2320 1226/2319 1059/2290 1254/2289
f 1193/2318 1392/2317 1254/2287 1057/2261
f 1031/2315 1193/2318 1393/2321 1238/2322
f 1193/2318 1057/2261 1255/2264 1393/2321
f 1393/2321 1255/2264 1060/2266 1227/2323
f 1238/2322 1393/2321 1227/2323 1051/2324
f 1039/2325 1233/2326 1394/2327 1205/2328
f 1233/2326 1051/2329 1227/2330 1394/2327
f 1394/2327 1227/2330 1060/2214 1256/2211
f 1205/2328 1394/2327 1256/2211 1058/2210
f 1032/2296 1242/2294 1395/2048 1192/2298
f 1242/2294 1048/2293 1225/2049 1395/2048
f 1027/2300 1240/2303 1396/2279 1191/2278
f 1240/2303 1045/2305 1224/2297 1396/2279
f 1070/2201 1207/2204 1397/2127 1288/2126
f 1207/2204 1038/2209 1264/2331 1397/2127
f 1063/2144 1199/2147 1398/2070 1274/2117
f 1199/2147 1033/2152 1263/2071 1398/2070
f 1037/2227 1209/2332 1399/2333 1208/2222
f 1208/2222 1399/2333 1264/2106 1038/2219
f 1068/2334 1287/2112 1400/2093 1195/2335
f 1195/2336 1400/2337 1260/2338 1030/2339
f 1061/2340 1273/2102 1401/2083 1187/2341
f 1187/2341 1401/2083 1259/2086 1025/2342
f 1029/2343 1196/2344 1402/2075 1197/2074
f 1196/2344 1030/2339 1260/2338 1402/2075
f 1027/2345 1191/2113 1403/2116 1267/2346
f 1403/2116 1410/2115 1280/2087 1273/2102
f 1397/2127 1264/2331 1210/2131 1368/2128
f 1267/2346 1403/2116 1273/2102 1061/2340
f 1035/2347 1269/2348 1404/2349 1203/2350
f 1269/2348 1063/2144 1274/2117 1404/2349
f 1404/2349 1409/2351 1261/2352 1203/2350
f 1209/2332 1263/2107 1366/2110 1399/2333
f 1031/2315 1238/2322 1405/2353 1194/2354
f 1238/2322 1051/2324 1228/2355 1405/2353
f 1405/2353 1228/2355 1066/2259 1275/2256
f 1194/2354 1405/2353 1275/2256 1062/2255
f 1037/2119 1234/2356 1406/2357 1270/2120
f 1234/2356 1049/2358 1272/2359 1406/2357
f 1406/2357 1272/2359 1066/2232 1276/2229
f 1270/2120 1406/2357 1276/2229 1064/2121
f 1025/2188 1220/2187 1407/2360 1187/2361
f 1220/2187 1041/2186 1211/2362 1407/2360
f 1407/2360 1211/2362 1065/2175 1277/2172
f 1187/2361 1407/2360 1277/2172 1061/2171
f 1035/2347 1217/2363 1408/2364 1269/2348
f 1217/2363 1043/2365 1271/2366 1408/2364
f 1408/2364 1271/2366 1065/2148 1278/2145
f 1269/2348 1408/2364 1278/2145 1063/2144
f 1409/2367 1279/2118 1064/2121 1206/2231
f 1261/2352 1409/2351 1206/2231 1039/2236
f 1257/2114 1031/2368 1194/2369 1410/2115
f 1410/2115 1194/2369 1062/2088 1280/2087
f 1032/2370 1192/2122 1411/2125 1282/2371
f 1411/2125 1418/2124 1294/2097 1287/2112
f 1420/2372 1419/2373 1265/2283 1224/2297
f 1282/2371 1411/2125 1287/2112 1068/2334
f 1040/2374 1284/2375 1412/2376 1204/2377
f 1284/2375 1070/2201 1288/2126 1412/2376
f 1412/2376 1417/2276 1262/2378 1204/2377
f 1274/2117 1279/2118 1409/2367 1404/2349
f 1030/2254 1236/2253 1413/2379 1195/2380
f 1236/2253 1050/2252 1229/2381 1413/2379
f 1413/2379 1229/2381 1072/2241 1289/2238
f 1195/2380 1413/2379 1289/2238 1068/2237
f 1040/2374 1232/2382 1414/2383 1284/2375
f 1232/2382 1052/2384 1286/2385 1414/2383
f 1414/2383 1286/2385 1072/2205 1290/2202
f 1284/2375 1414/2383 1290/2202 1070/2201
f 1028/2200 1222/2199 1415/2386 1189/2387
f 1222/2199 1044/2161 1213/2388 1415/2386
f 1415/2386 1213/2388 1071/2193 1291/2190
f 1189/2387 1415/2386 1291/2190 1067/2189
f 1034/2132 1215/2389 1416/2390 1283/2133
f 1215/2389 1042/2391 1285/2392 1416/2390
f 1416/2390 1285/2392 1071/2139 1292/2136
f 1283/2133 1416/2390 1292/2136 1069/2134
f 1417/2276 1293/2129 1069/2134 1201/2138
f 1262/2378 1417/2276 1201/2138 1036/2143
f 1258/2123 1028/2393 1189/2394 1418/2124
f 1418/2124 1189/2394 1067/2098 1294/2097
f 1059/2290 1226/2319 1419/2395 1295/2396
f 1226/2319 1047/2284 1265/2283 1419/2395
f 1296/2397 1295/2396 1419/2395 1420/2372
f 1225/2049 1422/2398 1421/2399 1266/2050
f 1056/2275 1296/2397 1420/2372 1223/2304
f 1223/2304 1420/2372 1224/2297 1045/2305
f 1056/2275 1246/2274 1421/2400 1296/2397
f 1246/2274 1046/2273 1266/2050 1421/2400
f 1422/2398 1295/2396 1296/2397 1421/2399
f 1297/2401 1426/2402 1425/2403 1298/2404
f 1048/2293 1252/2291 1422/2398 1225/2049
f 1252/2291 1059/2290 1295/2396 1422/2398
f 1058/2210 1297/2405 1423/2406 1205/2328
f 1298/2404 1424/2407 1423/2406 1297/2401
f 1205/2328 1423/2406 1261/2408 1039/2325
f 1054/2153 1202/2310 1424/2407 1298/2404
f 1202/2310 1035/2309 1203/2409 1424/2407
f 1036/2157 1244/2154 1425/2410 1262/2411
f 1244/2154 1054/2153 1298/2404 1425/2410
f 1425/2410 1426/2402 1204/2412 1262/2411
f 1424/2407 1203/2409 1261/2408 1423/2406
f 1426/2402 1297/2401 1058/2210 1251/2213
f 1204/2412 1426/2402 1251/2213 1040/2218
f 1337/1959 1111/2007 1158/1963 1328/1960
