# Exported from MakeClothes (TM)
# author Rehman Polanski
# license AGPL3 (see also http://www.makehuman.org/doc/node/external_tools_license.html)
# homepage http://www.makehuman.org/
v 0.5261 6.8656 -0.2716
v 0.4243 6.9352 -0.3629
v 0.2954 7.0346 -0.4383
v 0.2522 7.1103 -0.4592
v 0.5720 6.8283 -0.2284
v 0.4779 6.9036 -0.3198
v 0.3510 6.9883 -0.4172
v 0.2960 7.0736 -0.4438
v 0.1970 7.1463 -0.4593
v 0.5090 6.8022 -0.2927
v 0.4783 6.7516 -0.3028
v 0.4100 6.8971 -0.3834
v 0.3833 6.8627 -0.3898
v 0.2878 6.9949 -0.4460
v 0.2604 6.9741 -0.4447
v 0.2420 7.0790 -0.4696
v 0.2269 7.0672 -0.4657
v 0.5172 6.7047 -0.2642
v 0.5537 6.7578 -0.2497
v 0.4389 6.8097 -0.3427
v 0.4664 6.8471 -0.3343
v 0.3009 6.9252 -0.4278
v 0.3390 6.9500 -0.4264
v 0.2649 7.0265 -0.4500
v 0.2910 7.0381 -0.4507
v 0.1904 7.1248 -0.4626
v 0.1931 7.1360 -0.4684
v 0.6971 6.7064 0.7029
v 0.6993 6.8228 0.7596
v 0.6811 6.9076 0.7765
v 0.7398 6.7762 0.5525
v 0.7535 6.8548 0.5651
v 0.7378 6.9048 0.5662
v 0.7480 6.8539 0.3529
v 0.7653 6.8927 0.3585
v 0.7518 6.9372 0.3600
v 0.7269 6.8500 0.1558
v 0.7434 6.8989 0.1589
v 0.7306 6.9351 0.1663
v 0.6809 6.8504 -0.0063
v 0.7029 6.9053 0.0064
v 0.6907 6.9264 0.0130
v 0.6341 6.8957 -0.1411
v 0.6560 6.9344 -0.1274
v 0.6446 6.9575 -0.1192
v 0.5558 6.9501 -0.2505
v 0.5814 6.9824 -0.2442
v 0.5724 7.0032 -0.2357
v 0.4660 7.0128 -0.3504
v 0.4870 7.0405 -0.3475
v 0.4785 7.0587 -0.3381
v 0.3701 7.0789 -0.4117
v 0.3942 7.1061 -0.4096
v 0.3889 7.1187 -0.3992
v 0.2564 7.1373 -0.4531
v 0.2818 7.1650 -0.4507
v 0.2741 7.1767 -0.4428
v 0.2024 7.1727 -0.4676
v 0.2098 7.1895 -0.4763
v 0.2039 7.1978 -0.4688
v 0.3165 7.1055 -0.4314
v 0.3395 7.1345 -0.4293
v 0.3322 7.1480 -0.4198
v 0.6101 6.9229 -0.1984
v 0.6289 6.9586 -0.1927
v 0.6180 6.9790 -0.1844
v 0.6544 6.8731 -0.0805
v 0.6784 6.9168 -0.0633
v 0.6683 6.9391 -0.0511
v 0.7729 6.8542 0.2369
v 0.7603 6.8971 0.2505
v 0.7477 6.9344 0.2556
v 0.7183 6.7394 0.6287
v 0.7325 6.8439 0.6512
v 0.7122 6.9130 0.6657
v 0.7092 6.8465 0.0669
v 0.7297 6.8974 0.0782
v 0.7169 6.9297 0.0880
v 0.6211 6.6810 0.7691
v 0.6233 6.7888 0.8361
v 0.5936 6.8817 0.8930
v 0.7533 6.8257 0.4210
v 0.7626 6.8811 0.4532
v 0.7502 6.9260 0.4567
v 0.5126 6.9817 -0.2991
v 0.5349 7.0083 -0.2950
v 0.5283 7.0264 -0.2835
v 0.4278 7.0491 -0.3888
v 0.4484 7.0752 -0.3840
v 0.4426 7.0934 -0.3714
v 0.6533 7.1511 0.8297
v 0.6465 7.2345 0.8485
v 0.6111 7.2964 0.8802
v 0.7163 7.0859 0.6559
v 0.7188 7.1831 0.6511
v 0.6988 7.2806 0.6555
v 0.7562 7.0823 0.4793
v 0.7678 7.1795 0.4746
v 0.7464 7.2720 0.4553
v 0.7515 7.1171 0.2697
v 0.7490 7.1706 0.2583
v 0.7227 7.2731 0.2548
v 0.7213 7.1302 0.0938
v 0.7272 7.1806 0.0966
v 0.7127 7.2542 0.1009
v 0.6781 7.1558 -0.0528
v 0.6860 7.1920 -0.0494
v 0.6789 7.2406 -0.0408
v 0.6285 7.1832 -0.1718
v 0.6349 7.2060 -0.1742
v 0.6274 7.2396 -0.1700
v 0.5052 7.1804 -0.3024
v 0.5097 7.2106 -0.3034
v 0.4995 7.2393 -0.2972
v 0.3356 7.2104 -0.4140
v 0.3431 7.2304 -0.4158
v 0.3465 7.2572 -0.4014
v 0.2329 7.2431 -0.4525
v 0.2301 7.2586 -0.4580
v 0.2267 7.2688 -0.4498
v 0.6568 7.1712 -0.1160
v 0.6630 7.2030 -0.1186
v 0.6553 7.2388 -0.1145
v 0.7002 7.1433 0.0096
v 0.7101 7.1877 0.0205
v 0.6998 7.2497 0.0251
v 0.7629 7.0880 0.3663
v 0.7631 7.1705 0.3579
v 0.7332 7.2768 0.3471
v 0.6918 7.1013 0.7244
v 0.6905 7.2150 0.7265
v 0.6513 7.3082 0.7818
v 0.7340 7.1222 0.1691
v 0.7371 7.1688 0.1714
v 0.7171 7.2648 0.1734
v 0.5986 7.1121 0.9654
v 0.5891 7.1639 0.9933
v 0.5658 7.2091 1.0152
v 0.7381 7.0794 0.5640
v 0.7450 7.1739 0.5608
v 0.7295 7.2719 0.5553
v 0.5765 7.1809 -0.2282
v 0.5780 7.2125 -0.2361
v 0.5719 7.2401 -0.2269
v 0.4368 7.1934 -0.3632
v 0.4313 7.2237 -0.3722
v 0.4315 7.2488 -0.3582
v 0.6275 7.2172 0.9222
v 0.6412 7.1341 0.8784
v 0.5985 7.2720 0.9539
v 0.6325 7.3015 0.8321
v 0.6660 7.2382 0.7916
v 0.6702 7.1372 0.7817
v 0.5546 7.6217 0.8228
v 0.6101 7.5854 0.7990
v 0.6201 7.5273 0.8022
v 0.4552 7.5781 1.0274
v 0.5136 7.5565 0.9982
v 0.5378 7.5105 0.9654
v 0.6501 7.5338 0.5907
v 0.6451 7.5885 0.5877
v 0.5963 7.6362 0.5802
v 0.6457 7.5356 0.3901
v 0.6423 7.5867 0.3902
v 0.6015 7.6233 0.3905
v 0.6351 7.5378 0.2304
v 0.6295 7.5904 0.2276
v 0.5896 7.6248 0.2411
v 0.6109 7.5716 0.0875
v 0.6090 7.6157 0.0881
v 0.5697 7.6446 0.0922
v 0.5756 7.5316 -0.0691
v 0.5697 7.5687 -0.0817
v 0.5315 7.5836 -0.0883
v 0.5110 7.4724 -0.1819
v 0.5073 7.5058 -0.1913
v 0.4730 7.5224 -0.1875
v 0.3732 7.3890 -0.3357
v 0.3762 7.4152 -0.3414
v 0.3547 7.4281 -0.3312
v 0.2335 7.3411 -0.3944
v 0.2405 7.3486 -0.4020
v 0.2274 7.3433 -0.3962
v 0.5939 7.5522 0.0094
v 0.5874 7.5927 -0.0015
v 0.5508 7.6116 -0.0031
v 0.6199 7.5587 0.1472
v 0.6174 7.6043 0.1505
v 0.5752 7.6429 0.1605
v 0.6516 7.5347 0.4966
v 0.6443 7.5927 0.4889
v 0.6000 7.6358 0.4879
v 0.5978 7.5161 0.8822
v 0.5608 7.5814 0.9147
v 0.5051 7.6148 0.9308
v 0.6454 7.5257 0.3108
v 0.6388 7.5848 0.3126
v 0.5982 7.6236 0.3105
v 0.6406 7.5391 0.6867
v 0.6297 7.5982 0.6922
v 0.5873 7.6357 0.6834
v 0.5649 7.5072 -0.1147
v 0.5578 7.5468 -0.1221
v 0.5207 7.5592 -0.1213
v 0.4542 7.4382 -0.2520
v 0.4546 7.4638 -0.2621
v 0.4246 7.4817 -0.2552
v 0.4232 7.5493 1.0909
v 0.5104 7.4917 1.0185
v 0.4804 7.5340 1.0628
v -0.0932 7.8721 0.8257
v -0.0210 7.8962 0.8015
v 0.0534 7.8693 0.8001
v -0.0583 7.7484 1.0585
v -0.0003 7.7705 1.0471
v 0.0692 7.7586 1.0227
v 0.0066 7.9242 0.5847
v -0.0496 7.9484 0.5785
v -0.1085 7.9301 0.5728
v -0.0131 7.9258 0.3845
v -0.0578 7.9499 0.3916
v -0.1193 7.9287 0.3840
v -0.0156 7.9014 0.2421
v -0.0596 7.9248 0.2405
v -0.1180 7.9051 0.2414
v -0.0308 7.8488 0.0797
v -0.0647 7.8726 0.0792
v -0.1074 7.8598 0.0939
v -0.0301 7.7708 -0.0670
v -0.0615 7.7829 -0.0806
v -0.0948 7.7591 -0.0834
v -0.0186 7.6683 -0.1960
v -0.0450 7.6822 -0.2055
v -0.0760 7.6648 -0.2024
v -0.0203 7.5200 -0.3463
v -0.0383 7.5374 -0.3508
v -0.0627 7.5231 -0.3422
v -0.0386 7.4278 -0.4115
v -0.0403 7.4414 -0.4186
v -0.0428 7.4266 -0.4128
v -0.0314 7.8120 0.0081
v -0.0647 7.8294 -0.0041
v -0.1003 7.8098 -0.0026
v -0.0176 7.8867 0.1561
v -0.0583 7.9108 0.1565
v -0.1144 7.8917 0.1592
v -0.0031 7.9257 0.4797
v -0.0551 7.9494 0.4797
v -0.1143 7.9303 0.4709
v 0.0605 7.8382 0.8846
v -0.0152 7.8495 0.9219
v -0.0845 7.8223 0.9443
v -0.0178 7.9154 0.3193
v -0.0571 7.9378 0.3184
v -0.1217 7.9174 0.3162
v 0.0266 7.9028 0.6788
v -0.0346 7.9272 0.6834
v -0.1053 7.9118 0.6807
v -0.0214 7.7219 -0.1276
v -0.0521 7.7397 -0.1340
v -0.0828 7.7199 -0.1331
v -0.0201 7.6085 -0.2686
v -0.0386 7.6210 -0.2773
v -0.0680 7.6057 -0.2695
v -0.3517 7.7632 0.8199
v -0.2986 7.8282 0.7973
v -0.2299 7.8229 0.7975
v -0.2567 7.6869 1.0494
v -0.2028 7.7472 1.0359
v -0.1509 7.7469 1.0139
v -0.2646 7.8511 0.5712
v -0.3153 7.8574 0.5794
v -0.3619 7.8004 0.5728
v -0.2662 7.8518 0.3854
v -0.3088 7.8619 0.3922
v -0.3602 7.7997 0.3822
v -0.2547 7.8367 0.2430
v -0.3023 7.8464 0.2401
v -0.3532 7.7874 0.2393
v -0.2281 7.8075 0.0914
v -0.2880 7.8153 0.0858
v -0.3370 7.7637 0.0923
v -0.1870 7.7535 -0.0477
v -0.2451 7.7576 -0.0679
v -0.2941 7.7070 -0.0670
v -0.1333 7.6490 -0.1904
v -0.1914 7.6715 -0.1889
v -0.2342 7.6219 -0.1893
v -0.0848 7.4983 -0.3260
v -0.1196 7.5200 -0.3344
v -0.1566 7.4735 -0.3287
v -0.0672 7.4181 -0.3771
v -0.0941 7.4450 -0.3753
v -0.1217 7.4084 -0.3659
v -0.2097 7.7793 0.0179
v -0.2677 7.7850 0.0063
v -0.3119 7.7388 0.0145
v -0.2428 7.8271 0.1600
v -0.2951 7.8361 0.1593
v -0.3448 7.7793 0.1599
v -0.2620 7.8541 0.4820
v -0.3105 7.8612 0.4811
v -0.3599 7.8022 0.4708
v -0.2073 7.8031 0.8795
v -0.2705 7.8039 0.9163
v -0.3246 7.7272 0.9446
v -0.2605 7.8465 0.3160
v -0.3061 7.8580 0.3182
v -0.3609 7.7952 0.3138
v -0.2571 7.8402 0.6783
v -0.3121 7.8462 0.6813
v -0.3661 7.7900 0.6781
v -0.1638 7.7114 -0.1096
v -0.2199 7.7187 -0.1258
v -0.2516 7.6633 -0.1379
v -0.1113 7.5904 -0.2580
v -0.1587 7.6132 -0.2638
v -0.1943 7.5632 -0.2675
v -0.1777 7.6456 1.1368
v -0.0934 7.7121 1.0837
v -0.1441 7.7109 1.1166
v -0.5607 7.5205 0.8387
v -0.5377 7.5794 0.8234
v -0.4977 7.6299 0.8217
v -0.4828 7.5188 1.0000
v -0.4616 7.5736 0.9906
v -0.4270 7.6217 0.9690
v -0.5924 7.5954 0.5926
v -0.6275 7.5391 0.6024
v -0.6465 7.4743 0.5886
v -0.6216 7.5542 0.3780
v -0.6538 7.5029 0.3829
v -0.6662 7.4324 0.3722
v -0.6186 7.5303 0.2324
v -0.6540 7.4688 0.2249
v -0.6719 7.4091 0.2225
v -0.6192 7.5025 0.0725
v -0.6536 7.4333 0.0686
v -0.6697 7.3801 0.0752
v -0.5838 7.4419 -0.0780
v -0.6229 7.3715 -0.0923
v -0.6258 7.3067 -0.0907
v -0.5006 7.3577 -0.2248
v -0.5410 7.2953 -0.2138
v -0.5445 7.2434 -0.2069
v -0.3388 7.2545 -0.3750
v -0.3598 7.2099 -0.3809
v -0.3763 7.1805 -0.3687
v -0.1996 7.1982 -0.4499
v -0.1938 7.1538 -0.4606
v -0.1824 7.1247 -0.4554
v -0.6000 7.4680 -0.0064
v -0.6355 7.4013 -0.0149
v -0.6484 7.3492 -0.0067
v -0.6209 7.5126 0.1440
v -0.6552 7.4514 0.1416
v -0.6740 7.3948 0.1402
v -0.6211 7.5802 0.4865
v -0.6567 7.5282 0.4842
v -0.6686 7.4525 0.4652
v -0.4637 7.6301 0.9027
v -0.4966 7.5802 0.9184
v -0.5211 7.5129 0.9289
v -0.6182 7.5442 0.3088
v -0.6523 7.4900 0.3058
v -0.6717 7.4218 0.2998
v -0.0938 7.5789 1.1681
v -0.1785 7.5680 1.1673
v -0.2609 7.5437 1.1399
v -0.5499 7.6115 0.7064
v -0.5866 7.5591 0.7120
v -0.6100 7.4924 0.7055
v -0.5691 7.4188 -0.1475
v -0.6027 7.3539 -0.1515
v -0.6065 7.2834 -0.1475
v -0.4458 7.2998 -0.2950
v -0.4736 7.2522 -0.2907
v -0.4809 7.2214 -0.2780
v -0.3837 7.5338 1.1139
v -0.2948 7.6192 1.1143
v -0.3354 7.5817 1.1235
v -0.4385 7.5227 1.0713
v -0.3845 7.6205 1.0407
v -0.4113 7.5781 1.0708
v -0.3259 7.5343 1.1384
v -0.2042 7.6190 1.1488
v -0.2627 7.5827 1.1560
v -0.5195 6.4406 0.0464
v -0.4657 6.4700 -0.1121
v -0.3775 6.6106 -0.2867
v -0.2785 6.7692 -0.3904
v -0.2205 6.8588 -0.4219
v -0.1107 6.9986 -0.4592
v -0.4871 6.4305 0.1112
v -0.4954 6.4552 -0.0379
v -0.4436 6.4995 -0.1672
v -0.4144 6.5381 -0.2364
v -0.3228 6.7005 -0.3529
v -0.2574 6.8148 -0.4058
v -0.1750 6.8982 -0.4420
v -0.2871 7.1519 -0.4176
v -0.5749 6.4984 0.0698
v -0.6268 6.5884 0.0916
v -0.5331 6.5288 -0.1184
v -0.5608 6.6068 -0.1044
v -0.4064 6.6750 -0.3056
v -0.4187 6.7243 -0.2987
v -0.2960 6.7950 -0.3955
v -0.3160 6.8206 -0.3827
v -0.2351 6.8720 -0.4262
v -0.2383 6.8854 -0.4187
v -0.1133 6.9976 -0.4640
v -0.1173 7.0046 -0.4576
v -0.6020 6.5715 0.2136
v -0.5617 6.4779 0.1694
v -0.5985 6.6005 -0.0129
v -0.5605 6.5108 -0.0293
v -0.5312 6.6231 -0.1716
v -0.5061 6.5597 -0.1829
v -0.4734 6.6685 -0.2515
v -0.4542 6.6020 -0.2537
v -0.3697 6.7700 -0.3429
v -0.3465 6.7333 -0.3612
v -0.2801 6.8494 -0.4025
v -0.2725 6.8329 -0.4110
v -0.1997 6.9196 -0.4346
v -0.1928 6.9096 -0.4444
v -0.2829 7.1809 -0.4259
v -0.2736 7.2298 -0.4146
v -0.6648 7.0042 0.7238
v -0.7464 6.9907 0.3494
v -0.6348 6.9819 -0.0861
v -0.4899 7.0004 -0.2785
v -0.3209 7.0405 -0.3960
v -0.1884 7.0957 -0.4496
v -0.6250 7.0241 0.9330
v -0.7343 6.9979 0.5180
v -0.7193 6.9877 0.1922
v -0.6687 6.9657 0.0210
v -0.5755 6.9833 -0.1892
v -0.3997 7.0293 -0.3683
v -0.2547 7.0564 -0.4215
v -0.6719 7.1068 0.7507
v -0.6293 7.2299 0.7816
v -0.7683 7.0921 0.3617
v -0.7352 7.1647 0.3654
v -0.6551 7.0279 -0.0968
v -0.6371 7.0658 -0.0865
v -0.5145 7.0195 -0.2777
v -0.5074 7.0449 -0.2583
v -0.3502 7.0626 -0.3996
v -0.3360 7.0756 -0.3899
v -0.2089 7.0974 -0.4529
v -0.1996 7.1051 -0.4454
v -0.5145 7.2625 1.0310
v -0.5723 7.1365 0.9913
v -0.7088 7.1995 0.5457
v -0.7463 7.1074 0.5326
v -0.7199 7.1267 0.2160
v -0.7449 7.0659 0.2024
v -0.6783 7.0745 0.0374
v -0.6923 7.0179 0.0194
v -0.5802 7.0507 -0.1799
v -0.5999 7.0193 -0.1859
v -0.4201 7.0636 -0.3505
v -0.4308 7.0467 -0.3654
v -0.2809 7.0900 -0.4147
v -0.2790 7.0718 -0.4280
v -0.6319 7.0128 0.8220
v -0.5822 7.2426 0.9082
v -0.6304 7.1192 0.8743
v -0.7128 7.1046 0.6386
v -0.6739 7.2147 0.6611
v -0.7014 6.9942 0.6189
v -0.7418 6.9874 0.4319
v -0.7598 7.0935 0.4447
v -0.7254 7.1766 0.4516
v 0.3495 7.3114 -0.4549
v 0.3351 7.3653 -0.4438
v 0.3174 7.4056 -0.4356
v 0.2889 7.4509 -0.4263
v 0.2777 7.4574 -0.4249
v 0.2714 7.4650 -0.4234
v 0.2639 7.4806 -0.4202
v 0.2220 7.5183 -0.4124
v 0.1849 7.5428 -0.4074
v 0.1359 7.5659 -0.4027
v 0.1229 7.5654 -0.4028
v 0.1134 7.5684 -0.4021
v 0.0985 7.5776 -0.4003
v 0.0424 7.5871 -0.3983
v -0.0023 7.5881 -0.3981
v -0.0563 7.5815 -0.3995
v -0.0670 7.5742 -0.4010
v -0.0767 7.5717 -0.4015
v -0.0942 7.5716 -0.4015
v -0.1467 7.5499 -0.4059
v -0.1848 7.5271 -0.4106
v -0.2266 7.4929 -0.4176
v -0.2315 7.4811 -0.4201
v -0.2383 7.4739 -0.4215
v -0.2530 7.4645 -0.4235
v -0.2852 7.4184 -0.4329
v -0.3046 7.3790 -0.4410
v -0.3209 7.3282 -0.4515
v -0.3186 7.3156 -0.4540
v -0.3203 7.3060 -0.4560
v -0.3275 7.2903 -0.4592
v -0.3291 7.2345 -0.4707
v -0.3238 7.1910 -0.4796
v -0.3094 7.1397 -0.4902
v -0.3005 7.1303 -0.4921
v -0.2967 7.1213 -0.4939
v -0.2940 7.1043 -0.4974
v -0.2646 7.0565 -0.5072
v -0.2361 7.0228 -0.5141
v -0.1957 6.9871 -0.5215
v -0.1830 6.9840 -0.5221
v -0.1748 6.9784 -0.5232
v -0.1632 6.9656 -0.5259
v -0.1121 6.9409 -0.5310
v -0.0695 6.9276 -0.5337
v -0.0158 6.9191 -0.5354
v -0.0034 6.9231 -0.5346
v 0.0066 6.9228 -0.5347
v 0.0235 6.9181 -0.5356
v 0.0801 6.9245 -0.5343
v 0.1232 6.9359 -0.5320
v 0.1731 6.9571 -0.5276
v 0.1812 6.9670 -0.5256
v 0.1898 6.9721 -0.5246
v 0.2066 6.9771 -0.5235
v 0.2507 7.0124 -0.5163
v 0.2807 7.0448 -0.5096
v 0.3110 7.0891 -0.5005
v 0.3124 7.1018 -0.4979
v 0.3168 7.1106 -0.4961
v 0.3282 7.1237 -0.4934
v 0.3458 7.1767 -0.4825
v 0.3532 7.2199 -0.4737
v 0.3542 7.2732 -0.4628
v 0.3483 7.2846 -0.4604
v 0.3472 7.2943 -0.4584
v 0.3414 7.3369 -0.4709
v 0.3234 7.3893 -0.4602
v 0.3032 7.4278 -0.4523
v 0.2720 7.4707 -0.4434
v 0.2630 7.4738 -0.4401
v 0.2563 7.4810 -0.4386
v 0.2453 7.4984 -0.4377
v 0.2012 7.5330 -0.4307
v 0.1630 7.5547 -0.4262
v 0.1130 7.5742 -0.4222
v 0.1034 7.5720 -0.4199
v 0.0939 7.5744 -0.4194
v 0.0753 7.5834 -0.4203
v 0.0192 7.5891 -0.4192
v -0.0250 7.5872 -0.4196
v -0.0778 7.5771 -0.4216
v -0.0849 7.5701 -0.4203
v -0.0944 7.5671 -0.4209
v -0.1146 7.5648 -0.4241
v -0.1650 7.5400 -0.4293
v -0.2011 7.5149 -0.4344
v -0.2400 7.4785 -0.4418
v -0.2423 7.4687 -0.4411
v -0.2486 7.4612 -0.4426
v -0.2641 7.4486 -0.4479
v -0.2928 7.4010 -0.4578
v -0.3093 7.3609 -0.4660
v -0.3219 7.3096 -0.4765
v -0.3188 7.3000 -0.4757
v -0.3200 7.2904 -0.4777
v -0.3258 7.2717 -0.4843
v -0.3236 7.2165 -0.4956
v -0.3153 7.1740 -0.5044
v -0.2977 7.1242 -0.5145
v -0.2901 7.1177 -0.5132
v -0.2857 7.1090 -0.5149
v -0.2800 7.0903 -0.5215
v -0.2477 7.0449 -0.5309
v -0.2173 7.0135 -0.5373
v -0.1750 6.9810 -0.5439
v -0.1653 6.9795 -0.5415
v -0.1568 6.9744 -0.5426
v -0.1414 6.9618 -0.5479
v -0.0892 6.9408 -0.5522
v -0.0462 6.9305 -0.5544
v 0.0073 6.9255 -0.5553
v 0.0160 6.9293 -0.5518
v 0.0259 6.9296 -0.5518
v 0.0462 6.9272 -0.5550
v 0.1017 6.9372 -0.5530
v 0.1435 6.9513 -0.5501
v 0.1913 6.9754 -0.5451
v 0.1962 6.9831 -0.5408
v 0.2044 6.9886 -0.5397
v 0.2230 6.9974 -0.5406
v 0.2642 7.0352 -0.5329
v 0.2917 7.0692 -0.5259
v 0.3185 7.1148 -0.5165
v 0.3181 7.1238 -0.5119
v 0.3220 7.1328 -0.5101
v 0.3331 7.1501 -0.5092
v 0.3469 7.2037 -0.4983
v 0.3512 7.2469 -0.4894
v 0.3486 7.2995 -0.4786
v 0.3430 7.3068 -0.4743
v 0.3413 7.3163 -0.4724
v 0.3268 7.3558 -0.4850
v 0.3064 7.4056 -0.4749
v 0.2847 7.4419 -0.4674
v 0.2520 7.4818 -0.4591
v 0.2458 7.4829 -0.4539
v 0.2389 7.4896 -0.4525
v 0.2246 7.5071 -0.4539
v 0.1799 7.5383 -0.4476
v 0.1416 7.5573 -0.4437
v 0.0921 7.5735 -0.4403
v 0.0857 7.5710 -0.4358
v 0.0762 7.5730 -0.4354
v 0.0550 7.5803 -0.4389
v 0.0002 7.5829 -0.4385
v -0.0425 7.5786 -0.4394
v -0.0931 7.5660 -0.4418
v -0.0977 7.5604 -0.4380
v -0.1067 7.5570 -0.4387
v -0.1280 7.5521 -0.4447
v -0.1755 7.5252 -0.4503
v -0.2091 7.4990 -0.4557
v -0.2447 7.4616 -0.4633
v -0.2460 7.4543 -0.4597
v -0.2517 7.4467 -0.4613
v -0.2664 7.4314 -0.4695
v -0.2915 7.3836 -0.4794
v -0.3053 7.3438 -0.4876
v -0.3146 7.2935 -0.4978
v -0.3122 7.2865 -0.4942
v -0.3129 7.2770 -0.4961
v -0.3162 7.2566 -0.5054
v -0.3110 7.2031 -0.5164
v -0.3006 7.1623 -0.5248
v -0.2807 7.1150 -0.5344
v -0.2753 7.1102 -0.5304
v -0.2707 7.1020 -0.5321
v -0.2617 7.0831 -0.5410
v -0.2277 7.0409 -0.5497
v -0.1964 7.0121 -0.5556
v -0.1537 6.9829 -0.5615
v -0.1471 6.9815 -0.5568
v -0.1385 6.9770 -0.5577
v -0.1200 6.9661 -0.5650
v -0.0682 6.9486 -0.5687
v -0.0259 6.9409 -0.5703
v 0.0262 6.9390 -0.5706
v 0.0319 6.9412 -0.5651
v 0.0416 6.9419 -0.5649
v 0.0637 6.9427 -0.5698
v 0.1170 6.9554 -0.5673
v 0.1568 6.9713 -0.5640
v 0.2017 6.9973 -0.5586
v 0.2048 7.0020 -0.5526
v 0.2124 7.0077 -0.5514
v 0.2312 7.0203 -0.5539
v 0.2691 7.0592 -0.5460
v 0.2937 7.0936 -0.5389
v 0.3172 7.1393 -0.5294
v 0.3166 7.1447 -0.5233
v 0.3199 7.1536 -0.5215
v 0.3293 7.1743 -0.5223
v 0.3397 7.2270 -0.5115
v 0.3414 7.2691 -0.5029
v 0.3359 7.3199 -0.4924
v 0.3319 7.3240 -0.4865
v 0.3298 7.3332 -0.4846
v 0.3092 7.3648 -0.4952
v 0.2879 7.4118 -0.4856
v 0.2658 7.4456 -0.4787
v 0.2332 7.4825 -0.4710
v 0.2295 7.4835 -0.4642
v 0.2227 7.4896 -0.4630
v 0.2060 7.5058 -0.4662
v 0.1622 7.5340 -0.4606
v 0.1249 7.5508 -0.4571
v 0.0771 7.5645 -0.4542
v 0.0728 7.5632 -0.4479
v 0.0637 7.5648 -0.4475
v 0.0415 7.5697 -0.4531
v -0.0110 7.5702 -0.4531
v -0.0516 7.5646 -0.4543
v -0.0994 7.5509 -0.4570
v -0.1030 7.5473 -0.4511
v -0.1116 7.5438 -0.4518
v -0.1323 7.5364 -0.4599
v -0.1766 7.5091 -0.4657
v -0.2077 7.4828 -0.4711
v -0.2404 7.4459 -0.4785
v -0.2421 7.4408 -0.4730
v -0.2474 7.4333 -0.4745
v -0.2600 7.4163 -0.4846
v -0.2823 7.3698 -0.4943
v -0.2939 7.3313 -0.5022
v -0.3011 7.2830 -0.5120
v -0.3004 7.2775 -0.5065
v -0.3007 7.2684 -0.5084
v -0.3012 7.2476 -0.5192
v -0.2943 7.1968 -0.5298
v -0.2828 7.1582 -0.5377
v -0.2622 7.1137 -0.5467
v -0.2593 7.1093 -0.5410
v -0.2545 7.1015 -0.5426
v -0.2428 7.0839 -0.5528
v -0.2088 7.0448 -0.5610
v -0.1779 7.0184 -0.5664
v -0.1360 6.9920 -0.5717
v -0.1319 6.9895 -0.5656
v -0.1235 6.9855 -0.5664
v -0.1033 6.9771 -0.5747
v -0.0531 6.9622 -0.5779
v -0.0125 6.9564 -0.5791
v 0.0373 6.9563 -0.5790
v 0.0414 6.9563 -0.5724
v 0.0506 6.9573 -0.5722
v 0.0730 6.9612 -0.5780
v 0.1234 6.9752 -0.5753
v 0.1608 6.9918 -0.5719
v 0.2027 7.0181 -0.5663
v 0.2056 7.0201 -0.5593
v 0.2127 7.0258 -0.5582
v 0.2301 7.0411 -0.5616
v 0.2648 7.0797 -0.5538
v 0.2871 7.1134 -0.5469
v 0.3078 7.1578 -0.5377
v 0.3084 7.1607 -0.5305
v 0.3113 7.1693 -0.5287
v 0.3182 7.1916 -0.5307
v 0.3261 7.2424 -0.5204
v 0.3262 7.2826 -0.5122
v 0.3192 7.3309 -0.5021
v 0.3173 7.3334 -0.4950
v 0.3150 7.3422 -0.4932
v 0.2918 7.3635 -0.4997
v 0.2711 7.4076 -0.4907
v 0.2498 7.4394 -0.4842
v 0.2186 7.4739 -0.4770
v 0.2167 7.4760 -0.4694
v 0.2102 7.4818 -0.4682
v 0.1927 7.4956 -0.4725
v 0.1509 7.5217 -0.4673
v 0.1154 7.5372 -0.4641
v 0.0701 7.5497 -0.4614
v 0.0666 7.5503 -0.4542
v 0.0578 7.5517 -0.4539
v 0.0363 7.5542 -0.4605
v -0.0133 7.5541 -0.4607
v -0.0516 7.5483 -0.4619
v -0.0967 7.5348 -0.4645
v -0.1008 7.5332 -0.4577
v -0.1088 7.5298 -0.4584
v -0.1276 7.5207 -0.4674
v -0.1692 7.4943 -0.4729
v -0.1983 7.4692 -0.4781
v -0.2287 7.4340 -0.4852
v -0.2321 7.4303 -0.4788
v -0.2370 7.4231 -0.4803
v -0.2470 7.4057 -0.4910
v -0.2674 7.3615 -0.5002
v -0.2780 7.3250 -0.5077
v -0.2842 7.2792 -0.5169
v -0.2857 7.2741 -0.5109
v -0.2859 7.2654 -0.5127
v -0.2840 7.2458 -0.5238
v -0.2767 7.1978 -0.5338
v -0.2654 7.1614 -0.5413
v -0.2455 7.1196 -0.5497
v -0.2447 7.1143 -0.5437
v -0.2400 7.1069 -0.5452
v -0.2268 7.0917 -0.5554
v -0.1942 7.0551 -0.5631
v -0.1646 7.0305 -0.5681
v -0.1248 7.0059 -0.5731
v -0.1219 7.0016 -0.5668
v -0.1140 6.9979 -0.5676
v -0.0936 6.9923 -0.5759
v -0.0460 6.9788 -0.5788
v -0.0076 6.9737 -0.5798
v 0.0395 6.9742 -0.5796
v 0.0435 6.9718 -0.5729
v 0.0523 6.9729 -0.5727
v 0.0732 6.9792 -0.5785
v 0.1208 6.9930 -0.5758
v 0.1559 7.0091 -0.5725
v 0.1953 7.0345 -0.5672
v 0.1991 7.0344 -0.5601
v 0.2059 7.0399 -0.5589
v 0.2209 7.0565 -0.5627
v 0.2532 7.0934 -0.5552
v 0.2739 7.1255 -0.5486
v 0.2930 7.1677 -0.5398
v 0.2955 7.1694 -0.5324
v 0.2982 7.1776 -0.5307
v 0.3024 7.1998 -0.5333
v 0.3092 7.2479 -0.5235
v 0.3089 7.2859 -0.5157
v 0.3017 7.3315 -0.5062
v 0.3021 7.3341 -0.4986
v 0.2998 7.3424 -0.4969
v 0.2773 7.3532 -0.4975
v 0.2583 7.3951 -0.4891
v 0.2387 7.4253 -0.4829
v 0.2098 7.4583 -0.4760
v 0.2089 7.4625 -0.4685
v 0.2028 7.4681 -0.4674
v 0.1856 7.4791 -0.4717
v 0.1466 7.5043 -0.4667
v 0.1134 7.5193 -0.4636
v 0.0708 7.5318 -0.4609
v 0.0671 7.5347 -0.4537
v 0.0588 7.5361 -0.4534
v 0.0390 7.5365 -0.4599
v -0.0077 7.5370 -0.4599
v -0.0440 7.5321 -0.4610
v -0.0867 7.5200 -0.4633
v -0.0921 7.5202 -0.4567
v -0.0998 7.5171 -0.4573
v -0.1160 7.5071 -0.4659
v -0.1556 7.4828 -0.4711
v -0.1833 7.4595 -0.4759
v -0.2126 7.4267 -0.4825
v -0.2180 7.4238 -0.4765
v -0.2228 7.4170 -0.4779
v -0.2302 7.4003 -0.4879
v -0.2500 7.3589 -0.4965
v -0.2605 7.3246 -0.5036
v -0.2671 7.2815 -0.5123
v -0.2707 7.2760 -0.5068
v -0.2710 7.2678 -0.5085
v -0.2673 7.2500 -0.5187
v -0.2611 7.2046 -0.5282
v -0.2510 7.1702 -0.5352
v -0.2328 7.1305 -0.5433
v -0.2335 7.1237 -0.5381
v -0.2292 7.1167 -0.5395
v -0.2156 7.1039 -0.5487
v -0.1853 7.0690 -0.5560
v -0.1578 7.0454 -0.5609
v -0.1205 7.0216 -0.5656
v -0.1181 7.0153 -0.5603
v -0.1106 7.0117 -0.5611
v -0.0914 7.0084 -0.5683
v -0.0466 6.9950 -0.5712
v -0.0105 6.9898 -0.5723
v 0.0339 6.9895 -0.5722
v 0.0387 6.9852 -0.5665
v 0.0471 6.9862 -0.5663
v 0.0658 6.9938 -0.5713
v 0.1108 7.0062 -0.5689
v 0.1441 7.0210 -0.5659
v 0.1816 7.0443 -0.5610
v 0.1873 7.0430 -0.5546
v 0.1938 7.0482 -0.5536
v 0.2061 7.0647 -0.5568
v 0.2371 7.0991 -0.5498
v 0.2570 7.1291 -0.5437
v 0.2757 7.1686 -0.5354
v 0.2804 7.1703 -0.5285
v 0.2830 7.1781 -0.5269
v 0.2849 7.1987 -0.5293
v 0.2921 7.2440 -0.5201
v 0.2922 7.2798 -0.5127
v 0.2862 7.3229 -0.5038
v 0.2885 7.3267 -0.4964
v 0.2863 7.3346 -0.4948
v 0.2427 7.3305 -0.4917
v 0.2272 7.3683 -0.4840
v 0.2118 7.3936 -0.4788
v 0.1871 7.4238 -0.4725
v 0.1874 7.4290 -0.4666
v 0.1822 7.4339 -0.4656
v 0.1679 7.4414 -0.4689
v 0.1340 7.4649 -0.4642
v 0.1070 7.4781 -0.4615
v 0.0696 7.4904 -0.4588
v 0.0665 7.4948 -0.4531
v 0.0594 7.4962 -0.4528
v 0.0438 7.4951 -0.4579
v 0.0023 7.4969 -0.4576
v -0.0277 7.4937 -0.4583
v -0.0659 7.4843 -0.4601
v -0.0715 7.4861 -0.4549
v -0.0783 7.4836 -0.4554
v -0.0903 7.4744 -0.4621
v -0.1262 7.4540 -0.4664
v -0.1496 7.4355 -0.4702
v -0.1766 7.4073 -0.4759
v -0.1828 7.4057 -0.4714
v -0.1871 7.4000 -0.4725
v -0.1916 7.3861 -0.4803
v -0.2106 7.3499 -0.4878
v -0.2201 7.3219 -0.4935
v -0.2272 7.2839 -0.5012
v -0.2321 7.2791 -0.4974
v -0.2326 7.2721 -0.4988
v -0.2282 7.2581 -0.5065
v -0.2241 7.2177 -0.5149
v -0.2166 7.1891 -0.5208
v -0.2017 7.1533 -0.5281
v -0.2037 7.1465 -0.5246
v -0.2002 7.1404 -0.5258
v -0.1883 7.1311 -0.5326
v -0.1625 7.0992 -0.5392
v -0.1405 7.0791 -0.5434
v -0.1081 7.0569 -0.5478
v -0.1066 7.0500 -0.5444
v -0.1003 7.0467 -0.5451
v -0.0846 7.0454 -0.5502
v -0.0453 7.0322 -0.5530
v -0.0157 7.0270 -0.5541
v 0.0238 7.0254 -0.5543
v 0.0283 7.0203 -0.5505
v 0.0355 7.0208 -0.5504
v 0.0499 7.0281 -0.5537
v 0.0902 7.0379 -0.5518
v 0.1181 7.0492 -0.5495
v 0.1521 7.0688 -0.5454
v 0.1582 7.0667 -0.5410
v 0.1640 7.0710 -0.5401
v 0.1726 7.0849 -0.5421
v 0.2012 7.1145 -0.5361
v 0.2183 7.1387 -0.5311
v 0.2361 7.1732 -0.5240
v 0.2419 7.1745 -0.5188
v 0.2444 7.1812 -0.5175
v 0.2445 7.1976 -0.5189
v 0.2522 7.2376 -0.5108
v 0.2533 7.2671 -0.5048
v 0.2492 7.3056 -0.4968
v 0.2528 7.3096 -0.4911
v 0.2512 7.3165 -0.4897
v 0.2532 7.2558 -0.4256
v 0.2477 7.2959 -0.4173
v 0.2394 7.3243 -0.4115
v 0.2231 7.3597 -0.4043
v 0.2212 7.3727 -0.4065
v 0.2173 7.3787 -0.4053
v 0.2091 7.3815 -0.3998
v 0.1823 7.4124 -0.3934
v 0.1597 7.4319 -0.3894
v 0.1264 7.4530 -0.3851
v 0.1182 7.4631 -0.3879
v 0.1116 7.4661 -0.3873
v 0.1026 7.4640 -0.3829
v 0.0630 7.4757 -0.3804
v 0.0332 7.4801 -0.3795
v -0.0064 7.4803 -0.3795
v -0.0184 7.4846 -0.3835
v -0.0255 7.4836 -0.3837
v -0.0324 7.4769 -0.3802
v -0.0723 7.4658 -0.3824
v -0.0998 7.4538 -0.3849
v -0.1332 7.4329 -0.3893
v -0.1451 7.4303 -0.3947
v -0.1506 7.4257 -0.3956
v -0.1532 7.4163 -0.3927
v -0.1806 7.3858 -0.3989
v -0.1971 7.3612 -0.4039
v -0.2137 7.3259 -0.4112
v -0.2218 7.3176 -0.4178
v -0.2238 7.3108 -0.4192
v -0.2214 7.3013 -0.4163
v -0.2276 7.2612 -0.4244
v -0.2279 7.2317 -0.4305
v -0.2224 7.1933 -0.4385
v -0.2240 7.1821 -0.4456
v -0.2220 7.1753 -0.4470
v -0.2152 7.1685 -0.4436
v -0.1984 7.1314 -0.4511
v -0.1823 7.1065 -0.4562
v -0.1565 7.0771 -0.4623
v -0.1512 7.0670 -0.4693
v -0.1457 7.0623 -0.4702
v -0.1368 7.0600 -0.4658
v -0.1021 7.0378 -0.4703
v -0.0748 7.0253 -0.4729
v -0.0369 7.0142 -0.4752
v -0.0263 7.0087 -0.4812
v -0.0192 7.0077 -0.4814
v -0.0109 7.0103 -0.4760
v 0.0305 7.0099 -0.4760
v 0.0604 7.0139 -0.4752
v 0.0984 7.0247 -0.4731
v 0.1109 7.0258 -0.4777
v 0.1175 7.0287 -0.4771
v 0.1224 7.0351 -0.4709
v 0.1574 7.0568 -0.4664
v 0.1804 7.0759 -0.4625
v 0.2064 7.1051 -0.4566
v 0.2169 7.1128 -0.4598
v 0.2208 7.1187 -0.4586
v 0.2209 7.1267 -0.4521
v 0.2384 7.1634 -0.4445
v 0.2471 7.1916 -0.4387
v 0.2529 7.2300 -0.4309
v 0.2580 7.2422 -0.4333
v 0.2580 7.2492 -0.4318
v 0.2928 7.2472 -0.4169
v 0.2881 7.2925 -0.4074
v 0.2792 7.3273 -0.4003
v 0.2622 7.3678 -0.3921
v 0.2578 7.3840 -0.3954
v 0.2535 7.3911 -0.3939
v 0.2460 7.3950 -0.3865
v 0.2171 7.4306 -0.3791
v 0.1904 7.4551 -0.3741
v 0.1538 7.4802 -0.3690
v 0.1418 7.4917 -0.3732
v 0.1343 7.4954 -0.3725
v 0.1251 7.4945 -0.3661
v 0.0811 7.5091 -0.3630
v 0.0451 7.5156 -0.3616
v 0.0005 7.5173 -0.3614
v -0.0153 7.5209 -0.3673
v -0.0236 7.5200 -0.3675
v -0.0315 7.5141 -0.3621
v -0.0767 7.5032 -0.3642
v -0.1105 7.4896 -0.3670
v -0.1490 7.4674 -0.3717
v -0.1635 7.4622 -0.3793
v -0.1700 7.4570 -0.3804
v -0.1741 7.4477 -0.3757
v -0.2061 7.4146 -0.3824
v -0.2271 7.3852 -0.3884
v -0.2472 7.3462 -0.3965
v -0.2558 7.3344 -0.4055
v -0.2584 7.3266 -0.4071
v -0.2575 7.3164 -0.4027
v -0.2661 7.2715 -0.4117
v -0.2675 7.2357 -0.4191
v -0.2629 7.1923 -0.4281
v -0.2629 7.1780 -0.4377
v -0.2608 7.1700 -0.4393
v -0.2551 7.1617 -0.4344
v -0.2376 7.1194 -0.4430
v -0.2190 7.0886 -0.4493
v -0.1911 7.0545 -0.4564
v -0.1825 7.0426 -0.4654
v -0.1764 7.0371 -0.4666
v -0.1677 7.0329 -0.4609
v -0.1297 7.0066 -0.4661
v -0.0970 6.9904 -0.4694
v -0.0547 6.9765 -0.4724
v -0.0402 6.9713 -0.4801
v -0.0320 6.9699 -0.4804
v -0.0231 6.9708 -0.4736
v 0.0234 6.9688 -0.4739
v 0.0598 6.9725 -0.4731
v 0.1031 6.9832 -0.4711
v 0.1188 6.9867 -0.4769
v 0.1266 6.9899 -0.4763
v 0.1329 6.9951 -0.4686
v 0.1730 7.0181 -0.4638
v 0.2016 7.0404 -0.4592
v 0.2321 7.0724 -0.4527
v 0.2442 7.0839 -0.4570
v 0.2489 7.0906 -0.4556
v 0.2506 7.0982 -0.4475
v 0.2717 7.1387 -0.4390
v 0.2834 7.1727 -0.4320
v 0.2915 7.2157 -0.4233
v 0.2960 7.2320 -0.4266
v 0.2962 7.2402 -0.4249
v 0.3097 7.2424 -0.4136
v 0.3056 7.2905 -0.4036
v 0.2967 7.3275 -0.3960
v 0.2793 7.3707 -0.3873
v 0.2723 7.3877 -0.3909
v 0.2679 7.3952 -0.3894
v 0.2624 7.3998 -0.3813
v 0.2324 7.4380 -0.3733
v 0.2045 7.4644 -0.3679
v 0.1660 7.4915 -0.3625
v 0.1516 7.5024 -0.3674
v 0.1437 7.5063 -0.3666
v 0.1358 7.5071 -0.3593
v 0.0894 7.5234 -0.3558
v 0.0513 7.5308 -0.3543
v 0.0040 7.5332 -0.3539
v -0.0133 7.5349 -0.3607
v -0.0221 7.5341 -0.3609
v -0.0299 7.5303 -0.3545
v -0.0780 7.5194 -0.3566
v -0.1141 7.5055 -0.3595
v -0.1552 7.4825 -0.3643
v -0.1700 7.4750 -0.3730
v -0.1769 7.4696 -0.3741
v -0.1822 7.4621 -0.3685
v -0.2166 7.4274 -0.3755
v -0.2393 7.3966 -0.3818
v -0.2612 7.3555 -0.3904
v -0.2687 7.3415 -0.4004
v -0.2715 7.3334 -0.4021
v -0.2726 7.3240 -0.3969
v -0.2825 7.2766 -0.4065
v -0.2846 7.2387 -0.4142
v -0.2803 7.1925 -0.4239
v -0.2781 7.1770 -0.4342
v -0.2760 7.1686 -0.4359
v -0.2725 7.1600 -0.4305
v -0.2546 7.1149 -0.4397
v -0.2355 7.0819 -0.4464
v -0.2063 7.0453 -0.4541
v -0.1952 7.0337 -0.4636
v -0.1888 7.0277 -0.4648
v -0.1819 7.0221 -0.4589
v -0.1420 6.9936 -0.4646
v -0.1076 6.9760 -0.4682
v -0.0629 6.9606 -0.4715
v -0.0463 6.9570 -0.4793
v -0.0377 6.9554 -0.4797
v -0.0295 6.9541 -0.4728
v 0.0197 6.9512 -0.4733
v 0.0584 6.9546 -0.4726
v 0.1045 6.9654 -0.4705
v 0.1212 6.9713 -0.4764
v 0.1294 6.9745 -0.4757
v 0.1362 6.9775 -0.4680
v 0.1792 7.0012 -0.4630
v 0.2098 7.0245 -0.4582
v 0.2427 7.0580 -0.4515
v 0.2543 7.0720 -0.4557
v 0.2594 7.0791 -0.4543
v 0.2627 7.0850 -0.4459
v 0.2858 7.1277 -0.4370
v 0.2987 7.1635 -0.4297
v 0.3078 7.2091 -0.4205
v 0.3106 7.2273 -0.4239
v 0.3110 7.2359 -0.4221
v 0.3268 7.2470 -0.4169
v 0.3218 7.2979 -0.4063
v 0.3119 7.3369 -0.3983
v 0.2929 7.3823 -0.3891
v 0.2834 7.3987 -0.3923
v 0.2787 7.4065 -0.3907
v 0.2747 7.4128 -0.3829
v 0.2425 7.4529 -0.3745
v 0.2126 7.4805 -0.3688
v 0.1716 7.5086 -0.3632
v 0.1552 7.5176 -0.3679
v 0.1469 7.5217 -0.3671
v 0.1394 7.5247 -0.3599
v 0.0901 7.5413 -0.3564
v 0.0498 7.5487 -0.3548
v -0.0002 7.5506 -0.3546
v -0.0182 7.5498 -0.3613
v -0.0274 7.5488 -0.3615
v -0.0361 7.5471 -0.3553
v -0.0868 7.5350 -0.3576
v -0.1248 7.5199 -0.3608
v -0.1680 7.4950 -0.3660
v -0.1819 7.4850 -0.3746
v -0.1891 7.4793 -0.3758
v -0.1962 7.4731 -0.3705
v -0.2322 7.4360 -0.3780
v -0.2558 7.4032 -0.3847
v -0.2784 7.3594 -0.3938
v -0.2839 7.3438 -0.4036
v -0.2868 7.3352 -0.4054
v -0.2901 7.3260 -0.4007
v -0.2999 7.2757 -0.4109
v -0.3016 7.2356 -0.4191
v -0.2964 7.1868 -0.4293
v -0.2917 7.1710 -0.4391
v -0.2894 7.1622 -0.4409
v -0.2878 7.1525 -0.4363
v -0.2684 7.1051 -0.4459
v -0.2476 7.0704 -0.4530
v -0.2163 7.0321 -0.4610
v -0.2029 7.0215 -0.4698
v -0.1961 7.0153 -0.4710
v -0.1901 7.0078 -0.4660
v -0.1476 6.9782 -0.4720
v -0.1110 6.9600 -0.4757
v -0.0636 6.9444 -0.4790
v -0.0457 6.9428 -0.4859
v -0.0366 6.9412 -0.4863
v -0.0281 6.9378 -0.4804
v 0.0240 6.9354 -0.4807
v 0.0648 6.9394 -0.4799
v 0.1134 6.9514 -0.4776
v 0.1300 6.9598 -0.4824
v 0.1385 6.9633 -0.4817
v 0.1468 6.9647 -0.4749
v 0.1920 6.9903 -0.4695
v 0.2241 7.0153 -0.4643
v 0.2583 7.0511 -0.4571
v 0.2684 7.0671 -0.4604
v 0.2737 7.0746 -0.4589
v 0.2791 7.0800 -0.4512
v 0.3030 7.1254 -0.4417
v 0.3162 7.1634 -0.4339
v 0.3252 7.2117 -0.4241
v 0.3256 7.2307 -0.4268
v 0.3259 7.2398 -0.4250
v 0.3410 7.2616 -0.4259
v 0.3338 7.3146 -0.4149
v 0.3219 7.3550 -0.4066
v 0.3002 7.4017 -0.3972
v 0.2888 7.4159 -0.3993
v 0.2835 7.4239 -0.3977
v 0.2800 7.4330 -0.3908
v 0.2446 7.4738 -0.3823
v 0.2123 7.5014 -0.3766
v 0.1683 7.5292 -0.3710
v 0.1514 7.5353 -0.3748
v 0.1426 7.5392 -0.3740
v 0.1340 7.5448 -0.3678
v 0.0817 7.5604 -0.3645
v 0.0393 7.5666 -0.3632
v -0.0131 7.5666 -0.3633
v -0.0301 7.5629 -0.3691
v -0.0396 7.5616 -0.3694
v -0.0505 7.5616 -0.3643
v -0.1031 7.5470 -0.3672
v -0.1422 7.5297 -0.3708
v -0.1863 7.5020 -0.3766
v -0.1980 7.4901 -0.3841
v -0.2053 7.4839 -0.3853
v -0.2150 7.4780 -0.3815
v -0.2512 7.4379 -0.3896
v -0.2746 7.4026 -0.3969
v -0.2964 7.3560 -0.4066
v -0.2991 7.3399 -0.4149
v -0.3018 7.3308 -0.4168
v -0.3072 7.3205 -0.4138
v -0.3156 7.2676 -0.4246
v -0.3157 7.2256 -0.4332
v -0.3083 7.1748 -0.4437
v -0.3012 7.1600 -0.4518
v -0.2984 7.1509 -0.4537
v -0.2979 7.1393 -0.4510
v -0.2757 7.0903 -0.4610
v -0.2527 7.0548 -0.4683
v -0.2184 7.0161 -0.4763
v -0.2037 7.0076 -0.4831
v -0.1964 7.0014 -0.4844
v -0.1900 6.9917 -0.4813
v -0.1444 6.9622 -0.4873
v -0.1054 6.9446 -0.4909
v -0.0552 6.9301 -0.4940
v -0.0375 6.9309 -0.4988
v -0.0280 6.9296 -0.4991
v -0.0178 6.9247 -0.4951
v 0.0368 6.9241 -0.4951
v 0.0793 6.9299 -0.4939
v 0.1296 6.9443 -0.4911
v 0.1445 6.9545 -0.4940
v 0.1533 6.9584 -0.4932
v 0.1640 6.9595 -0.4879
v 0.2103 6.9879 -0.4820
v 0.2429 7.0153 -0.4764
v 0.2772 7.0541 -0.4685
v 0.2847 7.0707 -0.4701
v 0.2899 7.0787 -0.4685
v 0.2978 7.0851 -0.4622
v 0.3210 7.1335 -0.4521
v 0.3333 7.1738 -0.4438
v 0.3408 7.2246 -0.4335
v 0.3385 7.2427 -0.4348
v 0.3385 7.2522 -0.4329
v 0.3493 7.2844 -0.4392
v 0.3388 7.3386 -0.4281
v 0.3241 7.3795 -0.4197
v 0.2990 7.4262 -0.4101
v 0.2869 7.4368 -0.4107
v 0.2811 7.4446 -0.4091
v 0.2763 7.4571 -0.4038
v 0.2375 7.4971 -0.3955
v 0.2026 7.5237 -0.3901
v 0.1557 7.5497 -0.3848
v 0.1400 7.5523 -0.3870
v 0.1307 7.5559 -0.3862
v 0.1195 7.5638 -0.3819
v 0.0648 7.5768 -0.3791
v 0.0208 7.5807 -0.3783
v -0.0330 7.5778 -0.3790
v -0.0474 7.5717 -0.3830
v -0.0571 7.5698 -0.3834
v -0.0712 7.5704 -0.3805
v -0.1244 7.5525 -0.3842
v -0.1636 7.5324 -0.3883
v -0.2073 7.5014 -0.3947
v -0.2157 7.4888 -0.4000
v -0.2228 7.4821 -0.4014
v -0.2353 7.4750 -0.4001
v -0.2702 7.4317 -0.4089
v -0.2921 7.3941 -0.4167
v -0.3117 7.3449 -0.4268
v -0.3115 7.3299 -0.4326
v -0.3138 7.3205 -0.4346
v -0.3207 7.3079 -0.4344
v -0.3262 7.2530 -0.4456
v -0.3238 7.2097 -0.4545
v -0.3132 7.1580 -0.4652
v -0.3044 7.1455 -0.4705
v -0.3012 7.1364 -0.4723
v -0.3003 7.1220 -0.4726
v -0.2746 7.0729 -0.4826
v -0.2488 7.0378 -0.4898
v -0.2112 6.9999 -0.4976
v -0.1967 6.9941 -0.5015
v -0.1889 6.9882 -0.5028
v -0.1806 6.9764 -0.5024
v -0.1319 6.9488 -0.5081
v -0.0907 6.9329 -0.5113
v -0.0382 6.9209 -0.5138
v -0.0226 6.9238 -0.5160
v -0.0127 6.9229 -0.5162
v 0.0005 6.9174 -0.5146
v 0.0567 6.9199 -0.5140
v 0.1001 6.9283 -0.5123
v 0.1509 6.9461 -0.5087
v 0.1628 6.9569 -0.5092
v 0.1716 6.9614 -0.5083
v 0.1854 6.9636 -0.5051
v 0.2313 6.9955 -0.4985
v 0.2632 7.0256 -0.4923
v 0.2961 7.0674 -0.4838
v 0.3004 7.0829 -0.4833
v 0.3053 7.0913 -0.4816
v 0.3154 7.1004 -0.4770
v 0.3365 7.1516 -0.4664
v 0.3467 7.1938 -0.4578
v 0.3513 7.2464 -0.4470
v 0.3467 7.2618 -0.4466
v 0.3461 7.2715 -0.4446
v 0.3268 7.3758 -0.4417
v 0.3221 7.3869 -0.4394
v 0.2093 7.5228 -0.4115
v 0.1991 7.5296 -0.4101
v 0.0292 7.5841 -0.3989
v 0.0169 7.5845 -0.3988
v -0.1561 7.5404 -0.4079
v -0.1666 7.5342 -0.4092
v -0.2879 7.4055 -0.4356
v -0.2933 7.3947 -0.4378
v -0.3242 7.2222 -0.4732
v -0.3228 7.2102 -0.4757
v -0.2537 7.0487 -0.5088
v -0.2459 7.0394 -0.5107
v -0.0986 6.9402 -0.5311
v -0.0869 6.9364 -0.5319
v 0.0918 6.9310 -0.5330
v 0.1037 6.9340 -0.5324
v 0.2570 7.0241 -0.5139
v 0.2654 7.0329 -0.5121
v 0.3447 7.1899 -0.4798
v 0.3468 7.2018 -0.4774
v 0.3160 7.3966 -0.4566
v 0.3106 7.4073 -0.4544
v 0.1908 7.5351 -0.4282
v 0.1803 7.5412 -0.4269
v 0.0090 7.5853 -0.4179
v -0.0032 7.5849 -0.4179
v -0.1717 7.5313 -0.4290
v -0.1817 7.5245 -0.4303
v -0.2939 7.3901 -0.4579
v -0.2986 7.3791 -0.4602
v -0.3187 7.2067 -0.4956
v -0.3166 7.1949 -0.4980
v -0.2384 7.0392 -0.5300
v -0.2301 7.0304 -0.5318
v -0.0784 6.9408 -0.5501
v -0.0666 6.9378 -0.5508
v 0.1105 6.9428 -0.5497
v 0.1221 6.9466 -0.5490
v 0.2683 7.0446 -0.5289
v 0.2760 7.0538 -0.5270
v 0.3449 7.2137 -0.4941
v 0.3463 7.2256 -0.4917
v 0.3007 7.4107 -0.4700
v 0.2949 7.4208 -0.4679
v 0.1719 7.5394 -0.4435
v 0.1614 7.5448 -0.4424
v -0.0075 7.5794 -0.4353
v -0.0194 7.5784 -0.4355
v -0.1806 7.5181 -0.4479
v -0.1900 7.5110 -0.4494
v -0.2923 7.3748 -0.4773
v -0.2963 7.3639 -0.4796
v -0.3072 7.1952 -0.5142
v -0.3045 7.1839 -0.5165
v -0.2206 7.0361 -0.5468
v -0.2121 7.0280 -0.5485
v -0.0599 6.9482 -0.5649
v -0.0483 6.9459 -0.5654
v 0.1237 6.9593 -0.5626
v 0.1348 6.9635 -0.5618
v 0.2721 7.0659 -0.5407
v 0.2791 7.0753 -0.5388
v 0.3381 7.2342 -0.5062
v 0.3388 7.2458 -0.5038
v 0.2840 7.4160 -0.4797
v 0.2781 7.4255 -0.4778
v 0.1561 7.5353 -0.4552
v 0.1459 7.5402 -0.4542
v -0.0174 7.5680 -0.4485
v -0.0287 7.5667 -0.4488
v -0.1814 7.5036 -0.4618
v -0.1901 7.4965 -0.4632
v -0.2838 7.3626 -0.4907
v -0.2872 7.3520 -0.4929
v -0.2921 7.1897 -0.5262
v -0.2891 7.1789 -0.5284
v -0.2037 7.0399 -0.5569
v -0.1953 7.0324 -0.5585
v -0.0466 6.9607 -0.5732
v -0.0354 6.9588 -0.5736
v 0.1293 6.9772 -0.5698
v 0.1397 6.9816 -0.5689
v 0.2681 7.0843 -0.5478
v 0.2745 7.0935 -0.5459
v 0.3258 7.2478 -0.5143
v 0.3260 7.2590 -0.5120
v 0.2689 7.4122 -0.4843
v 0.2632 7.4212 -0.4825
v 0.1459 7.5243 -0.4613
v 0.1361 7.5288 -0.4604
v -0.0195 7.5534 -0.4554
v -0.0302 7.5520 -0.4556
v -0.1747 7.4903 -0.4683
v -0.1829 7.4835 -0.4697
v -0.2704 7.3551 -0.4961
v -0.2736 7.3450 -0.4981
v -0.2763 7.1906 -0.5298
v -0.2734 7.1804 -0.5319
v -0.1905 7.0491 -0.5589
v -0.1824 7.0421 -0.5603
v -0.0402 6.9756 -0.5740
v -0.0295 6.9739 -0.5743
v 0.1269 6.9933 -0.5703
v 0.1367 6.9975 -0.5695
v 0.2576 7.0966 -0.5491
v 0.2636 7.1054 -0.5473
v 0.3106 7.2528 -0.5171
v 0.3107 7.2634 -0.5149
v 0.2574 7.4009 -0.4828
v 0.2521 7.4095 -0.4811
v 0.1420 7.5086 -0.4607
v 0.1328 7.5130 -0.4598
v -0.0145 7.5380 -0.4547
v -0.0247 7.5368 -0.4549
v -0.1624 7.4799 -0.4666
v -0.1703 7.4735 -0.4679
v -0.2547 7.3527 -0.4927
v -0.2578 7.3431 -0.4947
v -0.2622 7.1968 -0.5247
v -0.2595 7.1871 -0.5267
v -0.1824 7.0617 -0.5525
v -0.1748 7.0549 -0.5539
v -0.0407 6.9902 -0.5671
v -0.0306 6.9886 -0.5675
v 0.1179 7.0052 -0.5641
v 0.1273 7.0091 -0.5633
v 0.2430 7.1018 -0.5442
v 0.2488 7.1101 -0.5425
v 0.2950 7.2493 -0.5140
v 0.2953 7.2593 -0.5119
v 0.2275 7.3741 -0.4791
v 0.2231 7.3816 -0.4775
v 0.1307 7.4699 -0.4594
v 0.1228 7.4739 -0.4586
v -0.0037 7.4992 -0.4534
v -0.0125 7.4984 -0.4536
v -0.1328 7.4527 -0.4629
v -0.1398 7.4474 -0.4640
v -0.2158 7.3452 -0.4850
v -0.2188 7.3370 -0.4867
v -0.2263 7.2107 -0.5126
v -0.2243 7.2023 -0.5143
v -0.1610 7.0921 -0.5370
v -0.1546 7.0861 -0.5382
v -0.0405 7.0269 -0.5503
v -0.0318 7.0252 -0.5507
v 0.0968 7.0359 -0.5485
v 0.1050 7.0390 -0.5479
v 0.2074 7.1161 -0.5320
v 0.2126 7.1232 -0.5306
v 0.2561 7.2422 -0.5061
v 0.2566 7.2509 -0.5044
v 0.2484 7.3081 -0.4185
v 0.2459 7.3164 -0.4168
v 0.1766 7.4231 -0.3949
v 0.1699 7.4288 -0.3938
v 0.0527 7.4818 -0.3829
v 0.0440 7.4831 -0.3826
v -0.0839 7.4656 -0.3862
v -0.0919 7.4621 -0.3869
v -0.1899 7.3797 -0.4038
v -0.1947 7.3724 -0.4053
v -0.2316 7.2512 -0.4302
v -0.2316 7.2425 -0.4320
v -0.1958 7.1210 -0.4569
v -0.1910 7.1137 -0.4584
v -0.0938 7.0305 -0.4755
v -0.0858 7.0269 -0.4763
v 0.0419 7.0083 -0.4801
v 0.0507 7.0095 -0.4798
v 0.1683 7.0616 -0.4691
v 0.1750 7.0672 -0.4680
v 0.2453 7.1733 -0.4462
v 0.2478 7.1816 -0.4445
v 0.2876 7.3083 -0.4092
v 0.2851 7.3180 -0.4072
v 0.2085 7.4438 -0.3814
v 0.2010 7.4506 -0.3800
v 0.0671 7.5158 -0.3666
v 0.0571 7.5176 -0.3663
v -0.0915 7.5015 -0.3696
v -0.1010 7.4977 -0.3704
v -0.2171 7.4055 -0.3893
v -0.2230 7.3973 -0.3910
v -0.2698 7.2582 -0.4195
v -0.2702 7.2482 -0.4216
v -0.2328 7.1064 -0.4507
v -0.2276 7.0978 -0.4524
v -0.1179 6.9983 -0.4729
v -0.1088 6.9938 -0.4738
v 0.0384 6.9682 -0.4790
v 0.0486 6.9693 -0.4788
v 0.1865 7.0256 -0.4673
v 0.1945 7.0320 -0.4660
v 0.2794 7.1524 -0.4412
v 0.2827 7.1620 -0.4393
v 0.3034 7.3077 -0.4055
v 0.3008 7.3180 -0.4034
v 0.2217 7.4514 -0.3760
v 0.2138 7.4587 -0.3745
v 0.0736 7.5291 -0.3601
v 0.0630 7.5311 -0.3597
v -0.0939 7.5161 -0.3628
v -0.1039 7.5121 -0.3636
v -0.2275 7.4164 -0.3832
v -0.2338 7.4077 -0.3850
v -0.2850 7.2617 -0.4150
v -0.2855 7.2511 -0.4171
v -0.2479 7.1012 -0.4479
v -0.2425 7.0920 -0.4498
v -0.1282 6.9858 -0.4716
v -0.1186 6.9810 -0.4726
v 0.0363 6.9521 -0.4785
v 0.0470 6.9532 -0.4783
v 0.1932 7.0109 -0.4665
v 0.2017 7.0174 -0.4651
v 0.2928 7.1434 -0.4393
v 0.2963 7.1534 -0.4372
v 0.3175 7.3153 -0.4078
v 0.3147 7.3261 -0.4056
v 0.2298 7.4655 -0.3770
v 0.2214 7.4731 -0.3754
v 0.0730 7.5454 -0.3606
v 0.0618 7.5473 -0.3602
v -0.1029 7.5295 -0.3638
v -0.1134 7.5253 -0.3647
v -0.2421 7.4231 -0.3857
v -0.2486 7.4139 -0.3876
v -0.3005 7.2597 -0.4192
v -0.3009 7.2486 -0.4215
v -0.2595 7.0914 -0.4537
v -0.2537 7.0819 -0.4557
v -0.1321 6.9716 -0.4784
v -0.1219 6.9666 -0.4794
v 0.0412 6.9382 -0.4852
v 0.0525 6.9394 -0.4850
v 0.2055 7.0019 -0.4721
v 0.2143 7.0089 -0.4707
v 0.3085 7.1425 -0.4433
v 0.3121 7.1531 -0.4411
v 0.3274 7.3310 -0.4154
v 0.3241 7.3421 -0.4132
v 0.2306 7.4843 -0.3840
v 0.2217 7.4919 -0.3824
v 0.0646 7.5619 -0.3680
v 0.0529 7.5636 -0.3677
v -0.1179 7.5394 -0.3727
v -0.1287 7.5345 -0.3737
v -0.2590 7.4237 -0.3964
v -0.2655 7.4139 -0.3984
v -0.3139 7.2517 -0.4317
v -0.3139 7.2400 -0.4341
v -0.2651 7.0779 -0.4674
v -0.2587 7.0681 -0.4694
v -0.1282 6.9575 -0.4921
v -0.1174 6.9527 -0.4931
v 0.0535 6.9288 -0.4980
v 0.0652 6.9305 -0.4977
v 0.2221 7.0008 -0.4832
v 0.2311 7.0084 -0.4816
v 0.3243 7.1508 -0.4524
v 0.3276 7.1619 -0.4501
v 0.3309 7.3524 -0.4273
v 0.3268 7.3637 -0.4250
v 0.2235 7.5046 -0.3961
v 0.2139 7.5120 -0.3945
v 0.0491 7.5758 -0.3814
v 0.0370 7.5769 -0.3812
v -0.1369 7.5433 -0.3881
v -0.1477 7.5378 -0.3892
v -0.2754 7.4175 -0.4139
v -0.2814 7.4072 -0.4161
v -0.3225 7.2383 -0.4507
v -0.3218 7.2264 -0.4532
v -0.2632 7.0626 -0.4868
v -0.2561 7.0529 -0.4888
v -0.1164 6.9462 -0.5107
v -0.1050 6.9418 -0.5116
v 0.0714 6.9261 -0.5148
v 0.0834 6.9284 -0.5143
v 0.2405 7.0085 -0.4979
v 0.2493 7.0168 -0.4962
v 0.3372 7.1675 -0.4653
v 0.3401 7.1791 -0.4629
v 0.5886 7.2985 -0.7704
v 0.5775 7.4086 -0.7480
v 0.5448 7.5145 -0.7265
v 0.4915 7.6121 -0.7067
v 0.4199 7.6976 -0.6893
v 0.3326 7.7678 -0.6750
v 0.2330 7.8200 -0.6644
v 0.1250 7.8521 -0.6579
v 0.0126 7.8630 -0.6557
v -0.0998 7.8521 -0.6579
v -0.2079 7.8200 -0.6644
v -0.3075 7.7678 -0.6750
v -0.3948 7.6976 -0.6893
v -0.4664 7.6121 -0.7067
v -0.5196 7.5145 -0.7265
v -0.5524 7.4086 -0.7480
v -0.5635 7.2985 -0.7704
v -0.5524 7.1883 -0.7927
v -0.5196 7.0824 -0.8142
v -0.4664 6.9848 -0.8341
v -0.3948 6.8993 -0.8514
v -0.3075 6.8291 -0.8657
v -0.2079 6.7769 -0.8763
v -0.0998 6.7448 -0.8828
v 0.0126 6.7339 -0.8850
v 0.1250 6.7448 -0.8828
v 0.2330 6.7769 -0.8763
v 0.3326 6.8291 -0.8657
v 0.4199 6.8993 -0.8514
v 0.4915 6.9848 -0.8341
v 0.5448 7.0824 -0.8142
v 0.5775 7.1883 -0.7927
v 0.5677 7.3186 -0.8693
v 0.5570 7.4247 -0.8477
v 0.5254 7.5267 -0.8270
v 0.4741 7.6208 -0.8079
v 0.4051 7.7032 -0.7911
v 0.3210 7.7709 -0.7774
v 0.2250 7.8212 -0.7672
v 0.1209 7.8521 -0.7609
v 0.0126 7.8626 -0.7588
v -0.0957 7.8521 -0.7609
v -0.1999 7.8212 -0.7672
v -0.2958 7.7709 -0.7774
v -0.3800 7.7032 -0.7911
v -0.4490 7.6208 -0.8079
v -0.5003 7.5267 -0.8270
v -0.5319 7.4247 -0.8477
v -0.5426 7.3186 -0.8693
v -0.5319 7.2124 -0.8908
v -0.5003 7.1104 -0.9116
v -0.4490 7.0163 -0.9307
v -0.3800 6.9339 -0.9474
v -0.2958 6.8662 -0.9611
v -0.1999 6.8159 -0.9713
v -0.0957 6.7850 -0.9776
v 0.0126 6.7745 -0.9798
v 0.1209 6.7850 -0.9776
v 0.2250 6.8159 -0.9713
v 0.3210 6.8662 -0.9611
v 0.4051 6.9339 -0.9474
v 0.4741 7.0163 -0.9307
v 0.5254 7.1104 -0.9116
v 0.5570 7.2124 -0.8908
v 0.5081 7.3356 -0.9531
v 0.4986 7.4303 -0.9339
v 0.4704 7.5214 -0.9154
v 0.4246 7.6054 -0.8983
v 0.3630 7.6790 -0.8834
v 0.2879 7.7394 -0.8711
v 0.2022 7.7843 -0.8620
v 0.1093 7.8119 -0.8564
v 0.0126 7.8212 -0.8545
v -0.0841 7.8119 -0.8564
v -0.1771 7.7843 -0.8620
v -0.2628 7.7394 -0.8711
v -0.3379 7.6790 -0.8834
v -0.3995 7.6054 -0.8983
v -0.4453 7.5214 -0.9154
v -0.4735 7.4303 -0.9339
v -0.4830 7.3356 -0.9531
v -0.4735 7.2408 -0.9724
v -0.4453 7.1497 -0.9909
v -0.3995 7.0658 -1.0079
v -0.3379 6.9922 -1.0229
v -0.2628 6.9318 -1.0351
v -0.1771 6.8869 -1.0443
v -0.0841 6.8593 -1.0499
v 0.0126 6.8499 -1.0518
v 0.1093 6.8593 -1.0499
v 0.2022 6.8869 -1.0443
v 0.2879 6.9318 -1.0351
v 0.3630 6.9922 -1.0229
v 0.4246 7.0658 -1.0079
v 0.4704 7.1497 -0.9909
v 0.4986 7.2408 -0.9724
v 0.4190 7.3470 -1.0092
v 0.4112 7.4247 -0.9934
v 0.3881 7.4994 -0.9782
v 0.3505 7.5683 -0.9642
v 0.3000 7.6286 -0.9520
v 0.2384 7.6782 -0.9419
v 0.1681 7.7150 -0.9344
v 0.0919 7.7376 -0.9298
v 0.0126 7.7453 -0.9283
v -0.0667 7.7376 -0.9298
v -0.1430 7.7150 -0.9344
v -0.2132 7.6782 -0.9419
v -0.2748 7.6286 -0.9520
v -0.3254 7.5683 -0.9642
v -0.3629 7.4994 -0.9782
v -0.3861 7.4247 -0.9934
v -0.3939 7.3470 -1.0092
v -0.3861 7.2693 -1.0249
v -0.3629 7.1945 -1.0401
v -0.3254 7.1257 -1.0541
v -0.2748 7.0653 -1.0664
v -0.2132 7.0158 -1.0764
v -0.1430 6.9790 -1.0839
v -0.0667 6.9563 -1.0885
v 0.0126 6.9486 -1.0901
v 0.0919 6.9563 -1.0885
v 0.1681 6.9790 -1.0839
v 0.2384 7.0158 -1.0764
v 0.3000 7.0653 -1.0664
v 0.3505 7.1257 -1.0541
v 0.3881 7.1945 -1.0401
v 0.4112 7.2693 -1.0249
v 0.3139 7.3514 -1.0392
v 0.3081 7.4090 -1.0275
v 0.2909 7.4644 -1.0163
v 0.2631 7.5155 -1.0059
v 0.2256 7.5602 -0.9968
v 0.1800 7.5969 -0.9893
v 0.1279 7.6242 -0.9838
v 0.0714 7.6410 -0.9804
v 0.0126 7.6467 -0.9792
v -0.0462 7.6410 -0.9804
v -0.1027 7.6242 -0.9838
v -0.1548 7.5969 -0.9893
v -0.2005 7.5602 -0.9968
v -0.2380 7.5155 -1.0059
v -0.2658 7.4644 -1.0163
v -0.2830 7.4090 -1.0275
v -0.2887 7.3514 -1.0392
v -0.2830 7.2938 -1.0509
v -0.2658 7.2384 -1.0622
v -0.2380 7.1874 -1.0725
v -0.2005 7.1426 -1.0816
v -0.1548 7.1059 -1.0891
v -0.1027 7.0786 -1.0946
v -0.0462 7.0618 -1.0980
v 0.0126 7.0561 -1.0992
v 0.0714 7.0618 -1.0980
v 0.1279 7.0786 -1.0946
v 0.1800 7.1059 -1.0891
v 0.2256 7.1426 -1.0816
v 0.2631 7.1874 -1.0725
v 0.2909 7.2384 -1.0622
v 0.3081 7.2938 -1.0509
v 0.2087 7.3474 -1.0195
v 0.2050 7.3849 -1.0119
v 0.1938 7.4210 -1.0046
v 0.1757 7.4542 -0.9978
v 0.1513 7.4834 -0.9919
v 0.1216 7.5073 -0.9871
v 0.0876 7.5250 -0.9835
v 0.0508 7.5360 -0.9812
v 0.0126 7.5397 -0.9805
v -0.0257 7.5360 -0.9812
v -0.0625 7.5250 -0.9835
v -0.0964 7.5073 -0.9871
v -0.1261 7.4834 -0.9919
v -0.1505 7.4542 -0.9978
v -0.1687 7.4210 -1.0046
v -0.1798 7.3849 -1.0119
v -0.1836 7.3474 -1.0195
v -0.1798 7.3099 -1.0271
v -0.1687 7.2739 -1.0345
v -0.1505 7.2406 -1.0412
v -0.1261 7.2115 -1.0471
v -0.0964 7.1876 -1.0520
v -0.0625 7.1698 -1.0556
v -0.0257 7.1589 -1.0578
v 0.0126 7.1552 -1.0586
v 0.0508 7.1589 -1.0578
v 0.0876 7.1698 -1.0556
v 0.1216 7.1876 -1.0520
v 0.1513 7.2115 -1.0471
v 0.1757 7.2406 -1.0412
v 0.1938 7.2739 -1.0345
v 0.2050 7.3099 -1.0271
v 0.0952 7.3378 -0.9641
v 0.0936 7.3536 -0.9609
v 0.0889 7.3688 -0.9578
v 0.0813 7.3828 -0.9550
v 0.0710 7.3951 -0.9525
v 0.0585 7.4051 -0.9504
v 0.0442 7.4126 -0.9489
v 0.0287 7.4172 -0.9480
v 0.0126 7.4188 -0.9477
v -0.0036 7.4172 -0.9480
v -0.0191 7.4126 -0.9489
v -0.0333 7.4051 -0.9504
v -0.0459 7.3951 -0.9525
v -0.0561 7.3828 -0.9550
v -0.0638 7.3688 -0.9578
v -0.0685 7.3536 -0.9609
v -0.0701 7.3378 -0.9641
v -0.0685 7.3220 -0.9673
v -0.0638 7.3068 -0.9704
v -0.0561 7.2928 -0.9732
v -0.0459 7.2805 -0.9757
v -0.0333 7.2705 -0.9778
v -0.0191 7.2630 -0.9793
v -0.0036 7.2584 -0.9802
v 0.0126 7.2568 -0.9805
v 0.0287 7.2584 -0.9802
v 0.0442 7.2630 -0.9793
v 0.0585 7.2705 -0.9778
v 0.0710 7.2805 -0.9757
v 0.0813 7.2928 -0.9732
v 0.0889 7.3068 -0.9704
v 0.0936 7.3220 -0.9673
v 0.0201 7.3290 -0.9206
v 0.0199 7.3304 -0.9203
v 0.0195 7.3318 -0.9200
v 0.0188 7.3331 -0.9197
v 0.0179 7.3342 -0.9195
v 0.0167 7.3351 -0.9193
v 0.0154 7.3358 -0.9192
v 0.0140 7.3362 -0.9191
v 0.0126 7.3363 -0.9191
v 0.0111 7.3362 -0.9191
v 0.0097 7.3358 -0.9192
v 0.0084 7.3351 -0.9193
v 0.0073 7.3342 -0.9195
v 0.0063 7.3331 -0.9197
v 0.0056 7.3318 -0.9200
v 0.0052 7.3304 -0.9203
v 0.0051 7.3290 -0.9206
v 0.0052 7.3275 -0.9209
v 0.0056 7.3262 -0.9211
v 0.0063 7.3249 -0.9214
v 0.0073 7.3238 -0.9216
v 0.0084 7.3229 -0.9218
v 0.0097 7.3222 -0.9220
v 0.0111 7.3218 -0.9220
v 0.0126 7.3216 -0.9221
v 0.0140 7.3218 -0.9220
v 0.0154 7.3222 -0.9220
v 0.0167 7.3229 -0.9218
v 0.0179 7.3238 -0.9216
v 0.0188 7.3249 -0.9214
v 0.0195 7.3262 -0.9211
v 0.0199 7.3275 -0.9209
v 0.0148 7.2985 -0.7704
v 0.0147 7.2989 -0.7703
v 0.0146 7.2993 -0.7702
v 0.0144 7.2997 -0.7701
v 0.0141 7.3000 -0.7700
v 0.0138 7.3003 -0.7700
v 0.0134 7.3005 -0.7699
v 0.0130 7.3006 -0.7699
v 0.0126 7.3006 -0.7699
v 0.0121 7.3006 -0.7699
v 0.0117 7.3005 -0.7699
v 0.0113 7.3003 -0.7700
v 0.0110 7.3000 -0.7700
v 0.0107 7.2997 -0.7701
v 0.0105 7.2993 -0.7702
v 0.0104 7.2989 -0.7703
v 0.0104 7.2985 -0.7704
v 0.0104 7.2980 -0.7704
v 0.0105 7.2976 -0.7705
v 0.0107 7.2973 -0.7706
v 0.0110 7.2969 -0.7707
v 0.0113 7.2967 -0.7707
v 0.0117 7.2965 -0.7708
v 0.0121 7.2963 -0.7708
v 0.0126 7.2963 -0.7708
v 0.0130 7.2963 -0.7708
v 0.0134 7.2965 -0.7708
v 0.0138 7.2967 -0.7707
v 0.0141 7.2969 -0.7707
v 0.0144 7.2973 -0.7706
v 0.0146 7.2976 -0.7705
v 0.0147 7.2980 -0.7704
v 0.0492 7.2772 -0.6655
v 0.0485 7.2842 -0.6641
v 0.0464 7.2909 -0.6627
v 0.0431 7.2971 -0.6614
v 0.0385 7.3026 -0.6603
v 0.0329 7.3070 -0.6594
v 0.0266 7.3104 -0.6588
v 0.0197 7.3124 -0.6583
v 0.0126 7.3131 -0.6582
v 0.0054 7.3124 -0.6583
v -0.0015 7.3104 -0.6588
v -0.0078 7.3070 -0.6594
v -0.0134 7.3026 -0.6603
v -0.0179 7.2971 -0.6614
v -0.0213 7.2909 -0.6627
v -0.0234 7.2842 -0.6641
v -0.0241 7.2772 -0.6655
v -0.0234 7.2702 -0.6669
v -0.0213 7.2634 -0.6683
v -0.0179 7.2572 -0.6696
v -0.0134 7.2518 -0.6707
v -0.0078 7.2473 -0.6716
v -0.0015 7.2440 -0.6722
v 0.0054 7.2419 -0.6727
v 0.0126 7.2412 -0.6728
v 0.0197 7.2419 -0.6727
v 0.0266 7.2440 -0.6722
v 0.0329 7.2473 -0.6716
v 0.0385 7.2518 -0.6707
v 0.0431 7.2572 -0.6696
v 0.0464 7.2634 -0.6683
v 0.0485 7.2702 -0.6669
v 0.0952 7.2591 -0.5766
v 0.0936 7.2749 -0.5734
v 0.0889 7.2901 -0.5703
v 0.0813 7.3041 -0.5675
v 0.0710 7.3164 -0.5650
v 0.0585 7.3265 -0.5629
v 0.0442 7.3339 -0.5614
v 0.0287 7.3385 -0.5605
v 0.0126 7.3401 -0.5602
v -0.0036 7.3385 -0.5605
v -0.0191 7.3339 -0.5614
v -0.0333 7.3265 -0.5629
v -0.0459 7.3164 -0.5650
v -0.0561 7.3041 -0.5675
v -0.0638 7.2901 -0.5703
v -0.0685 7.2749 -0.5734
v -0.0701 7.2591 -0.5766
v -0.0685 7.2433 -0.5798
v -0.0638 7.2281 -0.5829
v -0.0561 7.2141 -0.5858
v -0.0459 7.2019 -0.5882
v -0.0333 7.1918 -0.5903
v -0.0191 7.1843 -0.5918
v -0.0036 7.1797 -0.5927
v 0.0126 7.1781 -0.5931
v 0.0287 7.1797 -0.5927
v 0.0442 7.1843 -0.5918
v 0.0585 7.1918 -0.5903
v 0.0710 7.2019 -0.5882
v 0.0813 7.2141 -0.5858
v 0.0889 7.2281 -0.5829
v 0.0936 7.2433 -0.5798
v 0.2087 7.2500 -0.5315
v 0.2050 7.2875 -0.5239
v 0.1938 7.3235 -0.5166
v 0.1757 7.3568 -0.5099
v 0.1513 7.3859 -0.5039
v 0.1216 7.4098 -0.4991
v 0.0876 7.4276 -0.4955
v 0.0508 7.4385 -0.4933
v 0.0126 7.4422 -0.4925
v -0.0257 7.4385 -0.4933
v -0.0625 7.4276 -0.4955
v -0.0964 7.4098 -0.4991
v -0.1261 7.3859 -0.5039
v -0.1505 7.3568 -0.5099
v -0.1687 7.3235 -0.5166
v -0.1798 7.2875 -0.5239
v -0.1836 7.2500 -0.5315
v -0.1798 7.2125 -0.5392
v -0.1687 7.1764 -0.5465
v -0.1505 7.1432 -0.5532
v -0.1261 7.1140 -0.5592
v -0.0964 7.0901 -0.5640
v -0.0625 7.0724 -0.5676
v -0.0257 7.0614 -0.5698
v 0.0126 7.0577 -0.5706
v 0.0508 7.0614 -0.5698
v 0.0876 7.0724 -0.5676
v 0.1216 7.0901 -0.5640
v 0.1513 7.1140 -0.5592
v 0.1757 7.1432 -0.5532
v 0.1938 7.1764 -0.5465
v 0.2050 7.2125 -0.5392
v 0.3139 7.2460 -0.5119
v 0.3081 7.3036 -0.5002
v 0.2909 7.3590 -0.4889
v 0.2631 7.4100 -0.4786
v 0.2256 7.4548 -0.4695
v 0.1800 7.4915 -0.4620
v 0.1279 7.5188 -0.4565
v 0.0714 7.5356 -0.4531
v 0.0126 7.5413 -0.4519
v -0.0462 7.5356 -0.4531
v -0.1027 7.5188 -0.4565
v -0.1548 7.4915 -0.4620
v -0.2005 7.4548 -0.4695
v -0.2380 7.4100 -0.4786
v -0.2658 7.3590 -0.4889
v -0.2830 7.3036 -0.5002
v -0.2887 7.2460 -0.5119
v -0.2830 7.1884 -0.5236
v -0.2658 7.1330 -0.5348
v -0.2380 7.0819 -0.5452
v -0.2005 7.0372 -0.5543
v -0.1548 7.0005 -0.5617
v -0.1027 6.9732 -0.5673
v -0.0462 6.9564 -0.5707
v 0.0126 6.9507 -0.5718
v 0.0714 6.9564 -0.5707
v 0.1279 6.9732 -0.5673
v 0.1800 7.0005 -0.5617
v 0.2256 7.0372 -0.5543
v 0.2631 7.0819 -0.5452
v 0.2909 7.1330 -0.5348
v 0.3081 7.1884 -0.5236
v 0.4190 7.2500 -0.5315
v 0.4112 7.3277 -0.5158
v 0.3881 7.4024 -0.5006
v 0.3505 7.4713 -0.4866
v 0.3000 7.5316 -0.4743
v 0.2384 7.5812 -0.4643
v 0.1681 7.6180 -0.4568
v 0.0919 7.6406 -0.4522
v 0.0126 7.6483 -0.4507
v -0.0667 7.6406 -0.4522
v -0.1430 7.6180 -0.4568
v -0.2132 7.5812 -0.4643
v -0.2748 7.5316 -0.4743
v -0.3254 7.4713 -0.4866
v -0.3629 7.4024 -0.5006
v -0.3861 7.3277 -0.5158
v -0.3939 7.2500 -0.5315
v -0.3861 7.1723 -0.5473
v -0.3629 7.0975 -0.5625
v -0.3254 7.0287 -0.5765
v -0.2748 6.9683 -0.5887
v -0.2132 6.9188 -0.5988
v -0.1430 6.8820 -0.6063
v -0.0667 6.8593 -0.6109
v 0.0126 6.8516 -0.6124
v 0.0919 6.8593 -0.6109
v 0.1681 6.8820 -0.6063
v 0.2384 6.9188 -0.5988
v 0.3000 6.9683 -0.5887
v 0.3505 7.0287 -0.5765
v 0.3881 7.0975 -0.5625
v 0.4112 7.1723 -0.5473
v 0.5081 7.2613 -0.5876
v 0.4986 7.3561 -0.5683
v 0.4704 7.4472 -0.5498
v 0.4246 7.5312 -0.5328
v 0.3630 7.6048 -0.5178
v 0.2879 7.6652 -0.5056
v 0.2022 7.7100 -0.4965
v 0.1093 7.7377 -0.4908
v 0.0126 7.7470 -0.4889
v -0.0841 7.7377 -0.4908
v -0.1771 7.7100 -0.4965
v -0.2628 7.6652 -0.5056
v -0.3379 7.6048 -0.5178
v -0.3995 7.5312 -0.5328
v -0.4453 7.4472 -0.5498
v -0.4735 7.3561 -0.5683
v -0.4830 7.2613 -0.5876
v -0.4735 7.1666 -0.6068
v -0.4453 7.0755 -0.6253
v -0.3995 6.9915 -0.6424
v -0.3379 6.9179 -0.6573
v -0.2628 6.8575 -0.6696
v -0.1771 6.8126 -0.6787
v -0.0841 6.7850 -0.6843
v 0.0126 6.7757 -0.6862
v 0.1093 6.7850 -0.6843
v 0.2022 6.8126 -0.6787
v 0.2879 6.8575 -0.6696
v 0.3630 6.9179 -0.6573
v 0.4246 6.9915 -0.6424
v 0.4704 7.0755 -0.6253
v 0.4986 7.1666 -0.6068
v 0.5677 7.2784 -0.6714
v 0.5570 7.3845 -0.6499
v 0.5254 7.4866 -0.6292
v 0.4741 7.5806 -0.6101
v 0.4051 7.6631 -0.5933
v 0.3210 7.7307 -0.5796
v 0.2250 7.7810 -0.5694
v 0.1209 7.8120 -0.5631
v 0.0126 7.8224 -0.5610
v -0.0957 7.8120 -0.5631
v -0.1999 7.7810 -0.5694
v -0.2958 7.7307 -0.5796
v -0.3800 7.6631 -0.5933
v -0.4490 7.5806 -0.6101
v -0.5003 7.4866 -0.6292
v -0.5319 7.3845 -0.6499
v -0.5426 7.2784 -0.6714
v -0.5319 7.1722 -0.6930
v -0.5003 7.0702 -0.7137
v -0.4490 6.9761 -0.7328
v -0.3800 6.8937 -0.7496
v -0.2958 6.8260 -0.7633
v -0.1999 6.7758 -0.7735
v -0.0957 6.7448 -0.7798
v 0.0126 6.7343 -0.7819
v 0.1209 6.7448 -0.7798
v 0.2250 6.7758 -0.7735
v 0.3210 6.8260 -0.7633
v 0.4051 6.8937 -0.7496
v 0.4741 6.9761 -0.7328
v 0.5254 7.0702 -0.7137
v 0.5570 7.1722 -0.6930
v 0.1707 7.4186 1.1780
v 0.2594 7.6786 1.1165
v 0.3382 7.7682 0.9529
v 0.3376 7.8186 0.7557
v 0.3322 7.8596 0.5701
v 0.3229 7.8651 0.3763
v 0.3135 7.8177 0.1381
v 0.2795 7.7353 -0.0763
v 0.2044 7.6136 -0.2679
v 0.1427 7.4645 -0.4104
v 0.4379 6.3934 0.1661
v 0.4618 6.4075 -0.0473
v 0.3518 6.4669 -0.2095
v 0.2540 6.6833 -0.3998
v 0.1392 7.0293 -0.4888
v 0.1805 7.0699 -0.4761
v 0.3681 6.8190 -0.3948
v 0.5261 6.6165 -0.2233
v 0.6115 6.5365 -0.0024
v 0.5258 6.5467 0.2412
v 0.5776 6.7098 0.7585
v 0.5729 6.7213 0.6898
v 0.5808 6.7315 0.6315
v 0.6029 6.7494 0.5652
v 0.6265 6.7996 0.4828
v 0.6825 6.7857 0.3255
v 0.7144 6.7627 0.0736
v 0.6038 6.8126 -0.2017
v 0.4114 6.9390 -0.3898
v 0.2006 7.1138 -0.4700
v 0.2180 7.1668 -0.4675
v 0.4300 7.0363 -0.3893
v 0.6215 6.9498 -0.1841
v 0.7214 6.9021 0.0883
v 0.7813 6.8897 0.2924
v 0.7349 6.8714 0.4686
v 0.7170 6.8756 0.5887
v 0.7085 6.8675 0.6924
v 0.6626 6.8870 0.8017
v 0.5627 6.8827 0.8705
v 0.5261 7.0545 0.9531
v 0.6366 7.0843 0.8725
v 0.6849 7.0495 0.7506
v 0.7062 7.0406 0.6195
v 0.7372 7.0278 0.4548
v 0.7505 7.0608 0.2765
v 0.7202 7.0867 0.0723
v 0.6355 7.1117 -0.1682
v 0.4442 7.1514 -0.3716
v 0.2243 7.2218 -0.4643
v 0.1993 7.3946 -0.4279
v 0.2167 7.3004 -0.4515
v 0.4276 7.3324 -0.3430
v 0.3465 7.5101 -0.3172
v 0.4830 7.6104 -0.1188
v 0.6186 7.3697 -0.1520
v 0.6958 7.3688 0.0672
v 0.5485 7.6632 0.0954
v 0.5765 7.6836 0.3255
v 0.7192 7.3485 0.2974
v 0.7446 7.3375 0.4881
v 0.6021 7.6667 0.5133
v 0.6000 7.6407 0.6955
v 0.7072 7.3454 0.6514
v 0.6657 7.3587 0.8226
v 0.5697 7.6183 0.8941
v 0.4489 7.5926 1.0650
v 0.5794 7.4151 0.9827
v 0.4160 7.2868 1.0785
v 0.2987 7.3779 1.1492
v 0.0949 7.4274 1.1845
v 0.1252 7.7051 1.1350
v 0.1647 7.8230 0.9787
v 0.1652 7.8835 0.7860
v 0.1690 7.9290 0.5996
v 0.1650 7.9353 0.4064
v 0.1570 7.8852 0.1704
v 0.1413 7.7925 -0.0408
v 0.1079 7.6487 -0.2456
v 0.0790 7.4864 -0.4013
v 0.2682 6.1120 0.0479
v 0.2650 6.1998 -0.0837
v 0.1782 6.3718 -0.2178
v 0.1334 6.5700 -0.3770
v 0.0934 6.9909 -0.4917
v 0.1283 5.9851 -0.0209
v 0.0988 6.0614 -0.1396
v 0.0802 6.3231 -0.2391
v 0.0739 6.5509 -0.3750
v 0.0601 6.9782 -0.4907
v -0.1346 7.4283 1.1763
v -0.2433 7.6897 1.1121
v -0.3183 7.7617 0.9456
v -0.3290 7.8054 0.7557
v -0.3244 7.8346 0.5726
v -0.3170 7.8381 0.3723
v -0.3034 7.7917 0.1330
v -0.2530 7.7205 -0.0732
v -0.1678 7.6002 -0.2572
v -0.1095 7.4565 -0.4014
v -0.4050 6.4252 0.1360
v -0.4136 6.4104 -0.0693
v -0.3110 6.4706 -0.2178
v -0.2224 6.6799 -0.3860
v -0.1144 7.0233 -0.4791
v -0.1577 7.0621 -0.4646
v -0.3409 6.8116 -0.3755
v -0.4860 6.6194 -0.2265
v -0.5649 6.5386 -0.0316
v -0.5007 6.5505 0.2276
v -0.5496 6.6873 0.7876
v -0.5383 6.6804 0.7111
v -0.5558 6.6714 0.6541
v -0.5776 6.7062 0.5921
v -0.5850 6.7523 0.5192
v -0.5836 6.7493 0.3554
v -0.6932 6.7606 0.0873
v -0.5803 6.8110 -0.1903
v -0.3931 6.9279 -0.3651
v -0.1786 7.1047 -0.4590
v -0.1956 7.1534 -0.4568
v -0.4141 7.0142 -0.3634
v -0.6105 6.9303 -0.1594
v -0.7105 6.8819 0.1332
v -0.7270 6.8589 0.3498
v -0.7213 6.8296 0.5253
v -0.6923 6.8263 0.6415
v -0.6640 6.8231 0.7448
v -0.6514 6.8520 0.8066
v -0.5386 6.8727 0.8797
v -0.4987 7.0618 0.9627
v -0.6111 7.0994 0.8666
v -0.6513 7.0612 0.7759
v -0.6698 7.0523 0.6626
v -0.7176 7.0369 0.5349
v -0.7449 7.0672 0.3592
v -0.7171 7.0949 0.1365
v -0.6300 7.1134 -0.1238
v -0.4288 7.1456 -0.3432
v -0.2015 7.2160 -0.4536
v -0.1687 7.3852 -0.4178
v -0.1905 7.2933 -0.4402
v -0.3996 7.3273 -0.3225
v -0.3067 7.4929 -0.3014
v -0.4510 7.5970 -0.1162
v -0.5952 7.3640 -0.1286
v -0.6799 7.3687 0.1068
v -0.5321 7.6369 0.0863
v -0.5722 7.6448 0.3184
v -0.7103 7.3499 0.3387
v -0.7178 7.3302 0.5124
v -0.6001 7.6495 0.5121
v -0.5572 7.6342 0.6947
v -0.6806 7.3373 0.6673
v -0.6346 7.3558 0.8291
v -0.5087 7.6211 0.8905
v -0.4248 7.6083 1.0473
v -0.5571 7.4097 1.0031
v -0.3976 7.2980 1.0856
v -0.2434 7.4058 1.1530
v -0.0531 7.4348 1.1866
v -0.1236 7.7156 1.1318
v -0.1618 7.8195 0.9843
v -0.1692 7.8853 0.8039
v -0.1631 7.9309 0.6109
v -0.1553 7.9365 0.4046
v -0.1435 7.8864 0.1605
v -0.1161 7.7896 -0.0442
v -0.0724 7.6417 -0.2408
v -0.0457 7.4821 -0.3961
v -0.2628 6.1395 0.0544
v -0.2359 6.2027 -0.0837
v -0.1488 6.3744 -0.2176
v -0.1041 6.5709 -0.3680
v -0.0670 6.9870 -0.4846
v -0.1246 5.9859 -0.0246
v -0.0734 6.0626 -0.1380
v -0.0545 6.3242 -0.2368
v -0.0473 6.5517 -0.3687
v -0.0333 6.9760 -0.4862
v 0.0111 7.4388 1.1967
v 0.0086 7.7197 1.1380
v 0.0137 7.8226 0.9897
v 0.0090 7.8928 0.8053
v 0.0103 7.9434 0.6111
v 0.0090 7.9490 0.4095
v 0.0098 7.9002 0.1680
v 0.0132 7.8024 -0.0364
v 0.0176 7.6524 -0.2395
v 0.0166 7.4895 -0.3968
v -0.0385 5.9605 -0.0612
v 0.0121 6.0379 -0.1494
v 0.0126 6.3139 -0.2470
v 0.0128 6.5484 -0.3763
v 0.0134 6.9748 -0.4880
v 0.1951 7.5040 1.1874
v 0.5529 6.7236 0.7250
v 0.5951 6.8885 0.8479
v 0.5642 7.0660 0.9377
v 0.3534 7.4395 1.1465
v 0.4866 7.3243 1.0783
v 0.1027 7.5179 1.2024
v 0.0116 7.5290 1.2173
v -0.1745 7.5171 1.1898
v -0.5264 6.6999 0.7541
v -0.5958 6.8668 0.8743
v -0.5442 7.0843 0.9342
v -0.3088 7.4719 1.1548
v -0.4758 7.3577 1.0356
v -0.0753 7.5270 1.2102
v -0.1257 7.2004 -0.5206
v -0.1279 7.2416 -0.5144
v 0.1074 7.4123 -0.4875
v 0.1411 7.3573 -0.4963
v 0.1511 7.2432 -0.5145
v 0.1484 7.2083 -0.5198
v -0.1136 7.3523 -0.4967
v -0.0784 7.4085 -0.4877
v -0.0314 7.4298 -0.4844
v -0.1217 7.2888 -0.5069
v 0.1466 7.2939 -0.5065
v 0.0604 7.4318 -0.4843
v 0.0492 7.1095 -0.5352
v 0.0130 7.1081 -0.5353
v -0.0234 7.1076 -0.5353
v 0.1346 7.1739 -0.5251
v 0.1229 7.1511 -0.5286
v -0.0998 7.1461 -0.5290
v -0.1118 7.1683 -0.5256
v -0.0489 7.1138 -0.5344
v -0.0760 7.1293 -0.5319
v 0.0999 7.1344 -0.5314
v 0.0740 7.1172 -0.5341
v 0.0144 7.4353 -0.4836
v 0.4399 7.2443 -0.3597
v 0.6320 7.2446 -0.1639
v 0.7113 7.2318 0.0617
v 0.7432 7.2014 0.2779
v 0.6800 7.1983 0.7915
v 0.6286 7.2759 0.9436
v 0.2210 7.2615 -0.4588
v 0.7080 7.1880 0.6405
v 0.7579 7.1813 0.4619
v 0.4714 7.1938 1.0242
v 0.5288 7.2241 1.0143
v 0.1494 7.2687 -0.5105
v 0.2093 7.3475 -0.4395
v 0.3914 7.4226 -0.3286
v 0.5600 7.4955 -0.1356
v 0.6339 7.5211 0.0789
v 0.6581 7.5204 0.3117
v 0.6833 7.5064 0.5005
v 0.6809 7.4986 0.6795
v 0.5322 7.5023 1.0311
v 0.6561 7.4980 0.8692
v 0.3546 7.3464 1.1249
v 0.4264 7.3914 1.1174
v 0.1447 7.3251 -0.5015
v 0.2789 7.5653 -0.2920
v 0.3871 7.6773 -0.1007
v 0.4375 7.7466 0.1140
v 0.1757 7.4312 -0.4188
v 0.4724 7.7698 0.5404
v 0.4767 7.7352 0.7243
v 0.2249 7.4058 1.1664
v 0.3682 7.6408 1.0922
v 0.4548 7.7814 0.3494
v 0.4613 7.6965 0.9227
v 0.2963 7.4764 1.1724
v 0.1277 7.3856 -0.4918
v -0.2405 7.5498 -0.2796
v -0.3577 7.6612 -0.0966
v -0.4261 7.7157 0.1073
v -0.1435 7.4223 -0.4087
v -0.4705 7.7451 0.5393
v -0.4692 7.7345 0.7202
v -0.1976 7.4179 1.1621
v -0.3457 7.6559 1.0873
v -0.4531 7.7447 0.3421
v -0.4442 7.7094 0.9146
v -0.2499 7.4944 1.1738
v -0.0993 7.3811 -0.4921
v -0.1811 7.3391 -0.4290
v -0.3576 7.4139 -0.3146
v -0.5290 7.4881 -0.1307
v -0.6117 7.5100 0.0829
v -0.6462 7.5030 0.3160
v -0.6749 7.5034 0.5016
v -0.6335 7.5036 0.6766
v -0.4886 7.5256 1.0017
v -0.5950 7.5020 0.8639
v -0.3104 7.3698 1.1291
v -0.3885 7.4515 1.1015
v -0.1186 7.3200 -0.5019
v -0.4180 7.2343 -0.3342
v -0.6189 7.2354 -0.1254
v -0.7037 7.2290 0.1234
v -0.7405 7.1990 0.3512
v -0.6577 7.1842 0.7884
v -0.6256 7.2500 0.9555
v -0.1966 7.2535 -0.4479
v -0.6811 7.1888 0.6616
v -0.7205 7.1753 0.5235
v -0.4616 7.1824 1.0254
v -0.5305 7.1943 0.9831
v -0.1251 7.2644 -0.5108
v -0.5237 6.9551 0.9186
v -0.6164 6.9853 0.8390
v -0.6778 6.9422 0.6580
v -0.6644 6.9454 0.7648
v -0.7142 6.9262 0.5351
v -0.7388 6.9588 0.3588
v -0.2007 7.1861 -0.4556
v -0.4242 7.0798 -0.3544
v -0.6243 7.0212 -0.1373
v -0.7168 6.9866 0.1420
v -0.5988 6.9823 0.9217
v -0.1284 7.2221 -0.5174
v -0.6427 6.6475 0.0270
v -0.1680 7.0808 -0.4616
v -0.3703 6.8682 -0.3692
v -0.5412 6.7102 -0.2131
v -0.5531 6.6410 0.2928
v -0.1056 7.1553 -0.5275
v -0.4847 6.4710 -0.0540
v -0.2846 6.7499 -0.3854
v -0.1370 7.0427 -0.4717
v -0.4447 6.5157 0.1751
v -0.3965 6.5300 -0.2217
v -0.0884 7.1375 -0.5305
v -0.2272 6.4278 -0.2201
v -0.1602 6.6160 -0.3778
v -0.3591 6.2975 0.0959
v -0.3325 6.3191 -0.0634
v -0.0907 7.0044 -0.4824
v -0.0630 7.1214 -0.5332
v 0.2640 6.4256 -0.2129
v 0.1925 6.6185 -0.3891
v 0.3757 6.2860 0.1115
v 0.3726 6.3196 -0.0516
v 0.1171 7.0098 -0.4909
v 0.0879 7.1258 -0.5328
v 0.5359 6.4686 -0.0283
v 0.3149 6.7547 -0.4013
v 0.1607 7.0497 -0.4823
v 0.4944 6.4845 0.2062
v 0.4398 6.5251 -0.2118
v 0.1119 7.1426 -0.5300
v 0.6776 6.6452 0.0405
v 0.1903 7.0891 -0.4733
v 0.3931 6.8782 -0.3911
v 0.5750 6.7106 -0.2154
v 0.5792 6.6505 0.2892
v 0.1283 7.1606 -0.5271
v 0.3138 7.8356 0.2590
v 0.6178 6.5184 0.0969
v 0.4926 6.3908 0.0151
v 0.7204 6.7693 0.1847
v 0.7695 6.8959 0.1920
v 0.7364 7.0741 0.1759
v 0.5569 7.6707 0.2121
v 0.7021 7.3601 0.1835
v 0.1597 7.9037 0.2890
v 0.2884 6.1223 -0.0460
v 0.1280 5.9744 -0.1170
v 0.0090 7.9187 0.2887
v -0.0134 5.9584 -0.1321
v -0.3080 7.8108 0.2529
v -0.5799 6.5219 0.0746
v -0.4481 6.3917 -0.0063
v -0.6959 6.7457 0.2074
v -0.7199 6.8705 0.2433
v -0.7321 7.0818 0.2493
v -0.5477 7.6394 0.2027
v -0.6895 7.3617 0.2240
v -0.1489 7.9056 0.2825
v -0.2709 6.1418 -0.0444
v -0.1092 5.9805 -0.1137
v 0.7214 7.2202 0.1716
v 0.6407 7.5202 0.1965
v 0.4406 7.7597 0.2338
v -0.4360 7.7276 0.2252
v -0.6239 7.5071 0.2001
v -0.7164 7.2184 0.2392
v -0.7289 6.9731 0.2521
v -0.6616 6.6227 0.1415
v -0.5183 6.4601 0.0262
v -0.3785 6.2943 -0.0017
v 0.4088 6.2896 0.0064
v 0.5633 6.4550 0.0581
v 0.6945 6.6269 0.1467
vt 0.4529 0.8541
vt 0.4481 0.8423
vt 0.4347 0.8486
vt 0.4381 0.8598
vt 0.4252 0.8643
vt 0.4205 0.8563
vt 0.4059 0.8647
vt 0.4084 0.8728
vt 0.3956 0.8806
vt 0.3943 0.8723
vt 0.3839 0.8797
vt 0.3848 0.8870
vt 0.3746 0.8929
vt 0.3728 0.8866
vt 0.3622 0.8965
vt 0.3641 0.8996
vt 0.4668 0.8486
vt 0.4616 0.8364
vt 0.4550 0.8263
vt 0.4425 0.8329
vt 0.4298 0.8414
vt 0.4159 0.8490
vt 0.3991 0.8590
vt 0.3894 0.8676
vt 0.3792 0.8768
vt 0.3703 0.8839
vt 0.3612 0.8931
vt 0.8386 0.3582
vt 0.8460 0.3738
vt 0.8290 0.3855
vt 0.8149 0.3661
vt 0.8172 0.3923
vt 0.8010 0.3747
vt 0.8077 0.3497
vt 0.8312 0.3441
vt 0.7871 0.3539
vt 0.8536 0.3898
vt 0.8639 0.4153
vt 0.8546 0.4180
vt 0.8413 0.3994
vt 0.8480 0.4239
vt 0.8342 0.4061
vt 0.8703 0.4284
vt 0.8898 0.4424
vt 0.8820 0.4468
vt 0.8670 0.4320
vt 0.8763 0.4515
vt 0.8608 0.4381
vt 0.9019 0.4527
vt 0.9152 0.4643
vt 0.9063 0.4697
vt 0.8947 0.4591
vt 0.9008 0.4732
vt 0.8888 0.4633
vt 0.9258 0.4755
vt 0.9349 0.4898
vt 0.9256 0.4928
vt 0.9161 0.4811
vt 0.9211 0.4946
vt 0.9126 0.4835
vt 0.9414 0.5017
vt 0.9469 0.5139
vt 0.9404 0.5174
vt 0.9335 0.5047
vt 0.9369 0.5195
vt 0.9294 0.5070
vt 0.9544 0.5280
vt 0.9600 0.5414
vt 0.9542 0.5432
vt 0.9473 0.5300
vt 0.9504 0.5445
vt 0.9436 0.5322
vt 0.9663 0.5554
vt 0.9720 0.5704
vt 0.9664 0.5721
vt 0.9607 0.5576
vt 0.9625 0.5735
vt 0.9572 0.5593
vt 0.9765 0.5836
vt 0.9807 0.5956
vt 0.9744 0.5971
vt 0.9704 0.5848
vt 0.9719 0.5986
vt 0.9676 0.5858
vt 0.9852 0.6093
vt 0.9880 0.6211
vt 0.9845 0.6244
vt 0.9788 0.6103
vt 0.9814 0.6254
vt 0.9767 0.6117
vt 0.5426 0.3080
vt 0.5445 0.3182
vt 0.5252 0.3150
vt 0.5268 0.3031
vt 0.5318 0.2883
vt 0.5467 0.2982
vt 0.5133 0.3047
vt 0.5151 0.2942
vt 0.5222 0.2798
vt 0.5525 0.3458
vt 0.5523 0.3655
vt 0.5342 0.3646
vt 0.5338 0.3456
vt 0.5287 0.3291
vt 0.5507 0.3308
vt 0.5152 0.3637
vt 0.5150 0.3425
vt 0.5113 0.3153
vt 0.5506 0.3831
vt 0.5482 0.4056
vt 0.5322 0.4055
vt 0.5321 0.3823
vt 0.5112 0.4058
vt 0.5139 0.3841
vt 0.5412 0.4241
vt 0.5384 0.4440
vt 0.5295 0.4425
vt 0.5308 0.4253
vt 0.5106 0.4409
vt 0.5104 0.4243
vt 0.5354 0.4589
vt 0.5313 0.4760
vt 0.5230 0.4726
vt 0.5258 0.4574
vt 0.5109 0.4710
vt 0.5115 0.4556
vt 0.5275 0.4890
vt 0.5232 0.5021
vt 0.5170 0.5016
vt 0.5207 0.4872
vt 0.5101 0.5006
vt 0.5113 0.4850
vt 0.5197 0.5137
vt 0.5182 0.5302
vt 0.5122 0.5305
vt 0.5154 0.5130
vt 0.5067 0.5293
vt 0.5088 0.5123
vt 0.5158 0.5516
vt 0.5110 0.5708
vt 0.5050 0.5717
vt 0.5102 0.5505
vt 0.5001 0.5694
vt 0.5043 0.5502
vt 0.5033 0.5947
vt 0.4940 0.6146
vt 0.4895 0.6143
vt 0.5000 0.5928
vt 0.4862 0.6134
vt 0.4948 0.5899
vt 0.5528 0.2795
vt 0.5441 0.2733
vt 0.5365 0.2669
vt 0.3860 0.9444
vt 0.3622 0.9476
vt 0.3670 0.9364
vt 0.3917 0.9326
vt 0.3740 0.9221
vt 0.3908 0.9221
vt 0.4135 0.9332
vt 0.4150 0.9437
vt 0.4145 0.9224
vt 0.3387 0.9449
vt 0.3228 0.9415
vt 0.3312 0.9338
vt 0.3469 0.9357
vt 0.3409 0.9247
vt 0.3538 0.9261
vt 0.4339 0.9207
vt 0.4528 0.9207
vt 0.4543 0.9311
vt 0.4345 0.9302
vt 0.4544 0.9427
vt 0.4358 0.9430
vt 0.4742 0.9214
vt 0.4902 0.9197
vt 0.4897 0.9303
vt 0.4741 0.9303
vt 0.4901 0.9410
vt 0.4740 0.9405
vt 0.5064 0.9228
vt 0.5231 0.9279
vt 0.5224 0.9357
vt 0.5068 0.9321
vt 0.5204 0.9467
vt 0.5042 0.9421
vt 0.5351 0.9311
vt 0.5516 0.9297
vt 0.5535 0.9371
vt 0.5347 0.9386
vt 0.5545 0.9442
vt 0.5342 0.9476
vt 0.5683 0.9283
vt 0.5843 0.9259
vt 0.5852 0.9331
vt 0.5705 0.9349
vt 0.5864 0.9393
vt 0.5727 0.9416
vt 0.6035 0.9266
vt 0.6228 0.9278
vt 0.6240 0.9320
vt 0.6045 0.9325
vt 0.6234 0.9381
vt 0.6049 0.9390
vt 0.6483 0.9292
vt 0.6796 0.9362
vt 0.6805 0.9386
vt 0.6482 0.9332
vt 0.6799 0.9407
vt 0.6468 0.9377
vt 0.0915 0.3537
vt 0.0944 0.3331
vt 0.1095 0.3391
vt 0.1055 0.3588
vt 0.1243 0.3456
vt 0.1209 0.3594
vt 0.1002 0.3776
vt 0.0859 0.3770
vt 0.1128 0.3787
vt 0.1161 0.3165
vt 0.1030 0.3127
vt 0.1299 0.3210
vt 0.1067 0.3935
vt 0.1029 0.4097
vt 0.0922 0.4090
vt 0.0950 0.3939
vt 0.0801 0.4098
vt 0.0831 0.3940
vt 0.0990 0.4244
vt 0.0969 0.4347
vt 0.0889 0.4341
vt 0.0899 0.4226
vt 0.0757 0.4340
vt 0.0775 0.4233
vt 0.0960 0.4469
vt 0.0941 0.4605
vt 0.0858 0.4594
vt 0.0869 0.4463
vt 0.0745 0.4588
vt 0.0752 0.4459
vt 0.0901 0.4736
vt 0.0888 0.4860
vt 0.0819 0.4870
vt 0.0832 0.4725
vt 0.0747 0.4871
vt 0.0748 0.4702
vt 0.0878 0.4994
vt 0.0885 0.5115
vt 0.0821 0.5113
vt 0.0813 0.5007
vt 0.0759 0.5118
vt 0.0743 0.5019
vt 0.0878 0.5249
vt 0.0861 0.5393
vt 0.0822 0.5400
vt 0.0823 0.5256
vt 0.0763 0.5394
vt 0.0759 0.5255
vt 0.0843 0.5574
vt 0.0808 0.5745
vt 0.0785 0.5749
vt 0.0806 0.5571
vt 0.0762 0.5745
vt 0.0757 0.5563
vt 0.0179 0.3659
vt 0.0204 0.3444
vt 0.0341 0.3501
vt 0.0306 0.3699
vt 0.0482 0.3554
vt 0.0453 0.3694
vt 0.0293 0.3890
vt 0.0171 0.3894
vt 0.0414 0.3893
vt 0.0296 0.3241
vt 0.0409 0.3047
vt 0.0503 0.3106
vt 0.0424 0.3271
vt 0.0628 0.3157
vt 0.0547 0.3305
vt 0.0406 0.4069
vt 0.0411 0.4214
vt 0.0304 0.4215
vt 0.0294 0.4056
vt 0.0187 0.4233
vt 0.0185 0.4067
vt 0.0400 0.4371
vt 0.0404 0.4485
vt 0.0306 0.4479
vt 0.0306 0.4360
vt 0.0176 0.4488
vt 0.0182 0.4377
vt 0.0404 0.4605
vt 0.0416 0.4742
vt 0.0302 0.4740
vt 0.0300 0.4608
vt 0.0187 0.4742
vt 0.0181 0.4611
vt 0.0426 0.4860
vt 0.0436 0.4990
vt 0.0309 0.5004
vt 0.0296 0.4863
vt 0.0213 0.4992
vt 0.0187 0.4855
vt 0.0457 0.5109
vt 0.0470 0.5234
vt 0.0345 0.5250
vt 0.0327 0.5134
vt 0.0267 0.5281
vt 0.0220 0.5136
vt 0.0483 0.5404
vt 0.0483 0.5550
vt 0.0385 0.5540
vt 0.0365 0.5382
vt 0.0305 0.5556
vt 0.0270 0.5390
vt 0.0475 0.5736
vt 0.0466 0.5884
vt 0.0404 0.5870
vt 0.0400 0.5734
vt 0.0335 0.5862
vt 0.0319 0.5737
vt 0.3737 0.9908
vt 0.3541 0.9938
vt 0.3533 0.9797
vt 0.3740 0.9782
vt 0.3527 0.9676
vt 0.3703 0.9662
vt 0.3984 0.9798
vt 0.4026 0.9927
vt 0.3960 0.9678
vt 0.3380 0.9944
vt 0.3209 0.9952
vt 0.3185 0.9832
vt 0.3374 0.9827
vt 0.3205 0.9713
vt 0.3373 0.9698
vt 0.4206 0.9682
vt 0.4428 0.9678
vt 0.4461 0.9793
vt 0.4221 0.9808
vt 0.4530 0.9925
vt 0.4275 0.9929
vt 0.4652 0.9675
vt 0.4792 0.9659
vt 0.4824 0.9777
vt 0.4668 0.9790
vt 0.4869 0.9908
vt 0.4722 0.9918
vt 0.4948 0.9649
vt 0.5130 0.9642
vt 0.5164 0.9773
vt 0.4993 0.9779
vt 0.5194 0.9885
vt 0.5027 0.9896
vt 0.5274 0.9625
vt 0.5451 0.9631
vt 0.5495 0.9771
vt 0.5314 0.9770
vt 0.5510 0.9875
vt 0.5329 0.9878
vt 0.5608 0.9628
vt 0.5758 0.9623
vt 0.5787 0.9760
vt 0.5663 0.9774
vt 0.5833 0.9886
vt 0.5703 0.9891
vt 0.6014 0.9627
vt 0.6226 0.9648
vt 0.6228 0.9757
vt 0.6006 0.9775
vt 0.6230 0.9821
vt 0.6037 0.9871
vt 0.6512 0.9593
vt 0.6672 0.9557
vt 0.6717 0.9646
vt 0.6531 0.9688
vt 0.6733 0.9701
vt 0.6524 0.9758
vt 0.6901 0.9600
vt 0.6835 0.9523
vt 0.6948 0.9647
vt 0.2452 0.9667
vt 0.2723 0.9667
vt 0.2793 0.9789
vt 0.2590 0.9775
vt 0.2893 0.9917
vt 0.2747 0.9872
vt 0.3043 0.9934
vt 0.2975 0.9812
vt 0.2941 0.9702
vt 0.2975 0.9812
vt 0.5908 0.8691
vt 0.5852 0.8519
vt 0.5688 0.8573
vt 0.5742 0.8730
vt 0.5579 0.8792
vt 0.5526 0.8643
vt 0.5392 0.8683
vt 0.5445 0.8816
vt 0.5138 0.8834
vt 0.5090 0.8752
vt 0.4947 0.8805
vt 0.4968 0.8859
vt 0.4830 0.8875
vt 0.4813 0.8830
vt 0.4710 0.8877
vt 0.4716 0.8909
vt 0.4625 0.8920
vt 0.4622 0.8890
vt 0.4531 0.8913
vt 0.4527 0.8945
vt 0.6026 0.8664
vt 0.6010 0.8448
vt 0.5238 0.8730
vt 0.5290 0.8823
vt 0.4339 0.8928
vt 0.4338 0.8943
vt 0.5969 0.8255
vt 0.5789 0.8350
vt 0.5632 0.8435
vt 0.5483 0.8529
vt 0.5359 0.8591
vt 0.5200 0.8642
vt 0.5060 0.8687
vt 0.4940 0.8730
vt 0.4810 0.8775
vt 0.4699 0.8847
vt 0.4612 0.8870
vt 0.4528 0.8890
vt 0.4337 0.8897
vt 0.1657 0.3219
vt 0.1716 0.3052
vt 0.1940 0.2997
vt 0.1862 0.3207
vt 0.1457 0.3861
vt 0.1656 0.3865
vt 0.1544 0.4112
vt 0.1389 0.4109
vt 0.1489 0.3725
vt 0.1695 0.3732
vt 0.1270 0.4580
vt 0.1355 0.4606
vt 0.1293 0.4789
vt 0.1221 0.4791
vt 0.1203 0.5009
vt 0.1244 0.5000
vt 0.1246 0.5214
vt 0.1207 0.5235
vt 0.1204 0.5381
vt 0.1249 0.5363
vt 0.1246 0.5494
vt 0.1212 0.5503
vt 0.1549 0.3587
vt 0.1592 0.3406
vt 0.1805 0.3404
vt 0.1761 0.3590
vt 0.1384 0.4403
vt 0.1283 0.4390
vt 0.1267 0.5615
vt 0.1249 0.5624
vt 0.2193 0.2977
vt 0.2112 0.3190
vt 0.2026 0.3394
vt 0.1858 0.3738
vt 0.1798 0.3878
vt 0.1667 0.4110
vt 0.1498 0.4392
vt 0.1431 0.4604
vt 0.1355 0.4793
vt 0.1300 0.4976
vt 0.1284 0.5199
vt 0.1277 0.5360
vt 0.1286 0.5465
vt 0.1304 0.5601
vt 0.2276 0.2756
vt 0.2029 0.2794
vt 0.1773 0.2871
vt 0.1943 0.3588
vt 0.1761 0.3590
vt 0.9833 0.1498
vt 0.9618 0.1436
vt 0.9532 0.1185
vt 0.9756 0.1206
vt 0.6683 0.1498
vt 0.6883 0.1628
vt 0.6903 0.1668
vt 0.6703 0.1564
vt 0.6760 0.1206
vt 0.6932 0.1371
vt 0.6797 0.1177
vt 0.6964 0.1332
vt 0.9687 0.1046
vt 0.9463 0.1050
vt 0.9316 0.0845
vt 0.9536 0.0802
vt 0.9697 0.1125
vt 0.9484 0.1128
vt 0.9287 0.0848
vt 0.9490 0.0790
vt 0.6980 0.0802
vt 0.7098 0.1009
vt 0.6982 0.1230
vt 0.6829 0.1046
vt 0.9260 0.0818
vt 0.9461 0.0754
vt 0.7026 0.0790
vt 0.7144 0.0982
vt 0.9227 0.0752
vt 0.9442 0.0688
vt 0.7054 0.0754
vt 0.7167 0.0950
vt 0.9020 0.0587
vt 0.9219 0.0484
vt 0.7073 0.0688
vt 0.7171 0.0906
vt 0.7296 0.0484
vt 0.7352 0.0716
vt 0.7343 0.0480
vt 0.7400 0.0700
vt 0.9075 0.0387
vt 0.8889 0.0511
vt 0.8655 0.0418
vt 0.8816 0.0263
vt 0.9126 0.0447
vt 0.8948 0.0565
vt 0.8632 0.0436
vt 0.8771 0.0277
vt 0.7700 0.0263
vt 0.7686 0.0501
vt 0.7470 0.0624
vt 0.7440 0.0387
vt 0.8593 0.0426
vt 0.8727 0.0263
vt 0.7745 0.0277
vt 0.7740 0.0503
vt 0.8529 0.0387
vt 0.8676 0.0217
vt 0.7788 0.0263
vt 0.7777 0.0489
vt 0.8266 0.0361
vt 0.8378 0.0166
vt 0.7840 0.0217
vt 0.7805 0.0454
vt 0.8138 0.0166
vt 0.8059 0.0392
vt 0.8179 0.0188
vt 0.8108 0.0405
vt 0.8204 0.0163
vt 0.8114 0.0368
vt 0.7867 0.0417
vt 0.7919 0.0198
vt 0.8280 0.0186
vt 0.8194 0.0381
vt 0.7858 0.0444
vt 0.7889 0.0235
vt 0.8597 0.0198
vt 0.8457 0.0392
vt 0.8208 0.0378
vt 0.8311 0.0163
vt 0.7820 0.0456
vt 0.7845 0.0247
vt 0.8627 0.0235
vt 0.8501 0.0423
vt 0.7745 0.0458
vt 0.7777 0.0236
vt 0.8671 0.0247
vt 0.8539 0.0430
vt 0.7509 0.0578
vt 0.7498 0.0354
vt 0.8739 0.0236
vt 0.8582 0.0416
vt 0.9018 0.0354
vt 0.8829 0.0501
vt 0.9040 0.0395
vt 0.8863 0.0539
vt 0.7350 0.0445
vt 0.7386 0.0667
vt 0.7204 0.0841
vt 0.7129 0.0629
vt 0.7426 0.0424
vt 0.7460 0.0635
vt 0.7211 0.0869
vt 0.7124 0.0677
vt 0.9386 0.0629
vt 0.9164 0.0716
vt 0.8962 0.0571
vt 0.9165 0.0445
vt 0.7185 0.0900
vt 0.7093 0.0710
vt 0.9391 0.0677
vt 0.9184 0.0766
vt 0.7124 0.0942
vt 0.7030 0.0738
vt 0.9423 0.0710
vt 0.9213 0.0793
vt 0.6990 0.1170
vt 0.6860 0.0988
vt 0.9485 0.0738
vt 0.9256 0.0804
vt 0.9656 0.0988
vt 0.9418 0.1010
vt 0.9653 0.1034
vt 0.9427 0.1060
vt 0.6784 0.1144
vt 0.6934 0.1311
vt 0.6875 0.1556
vt 0.6698 0.1419
vt 0.6837 0.1085
vt 0.6979 0.1244
vt 0.6896 0.1576
vt 0.6719 0.1461
vt 0.9817 0.1419
vt 0.9583 0.1372
vt 0.9492 0.1140
vt 0.9731 0.1144
vt 0.6891 0.1616
vt 0.6711 0.1506
vt 0.9796 0.1461
vt 0.9573 0.1424
vt 0.6863 0.1684
vt 0.6673 0.1564
vt 0.9804 0.1506
vt 0.9583 0.1463
vt 0.6874 0.1949
vt 0.6665 0.1866
vt 0.9842 0.1564
vt 0.9613 0.1496
vt 0.9850 0.1866
vt 0.9638 0.1756
vt 0.9823 0.1904
vt 0.9619 0.1803
vt 0.6686 0.2038
vt 0.6903 0.2098
vt 0.6986 0.2336
vt 0.6762 0.2316
vt 0.6699 0.1961
vt 0.6904 0.2017
vt 0.7014 0.2341
vt 0.6803 0.2340
vt 0.9753 0.2316
vt 0.9582 0.2150
vt 0.9630 0.1906
vt 0.9829 0.2038
vt 0.7032 0.2377
vt 0.6821 0.2382
vt 0.9712 0.2340
vt 0.9545 0.2189
vt 0.7044 0.2451
vt 0.6820 0.2451
vt 0.9695 0.2382
vt 0.9532 0.2226
vt 0.7197 0.2667
vt 0.6977 0.2710
vt 0.9696 0.2451
vt 0.9540 0.2270
vt 0.9539 0.2710
vt 0.9420 0.2503
vt 0.9496 0.2727
vt 0.9379 0.2531
vt 0.7087 0.2844
vt 0.7302 0.2777
vt 0.7500 0.2932
vt 0.7301 0.3036
vt 0.7056 0.2771
vt 0.7259 0.2708
vt 0.7527 0.2921
vt 0.7349 0.3034
vt 0.9214 0.3036
vt 0.9160 0.2803
vt 0.9333 0.2625
vt 0.9428 0.2844
vt 0.7561 0.2942
vt 0.7386 0.3060
vt 0.9167 0.3034
vt 0.9108 0.2816
vt 0.7611 0.2997
vt 0.7423 0.3119
vt 0.9129 0.3060
vt 0.9077 0.2841
vt 0.7857 0.3097
vt 0.7695 0.3252
vt 0.9093 0.3119
vt 0.9060 0.2882
vt 0.8821 0.3252
vt 0.8833 0.3013
vt 0.8775 0.3243
vt 0.8783 0.3015
vt 0.7860 0.3304
vt 0.8004 0.3132
vt 0.8255 0.3155
vt 0.8144 0.3350
vt 0.7794 0.3261
vt 0.7932 0.3097
vt 0.8272 0.3132
vt 0.8183 0.3323
vt 0.8372 0.3350
vt 0.8451 0.3125
vt 0.8694 0.3068
vt 0.8655 0.3304
vt 0.8312 0.3131
vt 0.8229 0.3325
vt 0.8333 0.3323
vt 0.8401 0.3108
vt 0.8384 0.3150
vt 0.8291 0.3354
vt 0.8287 0.3325
vt 0.8361 0.3112
vt 0.8644 0.3101
vt 0.8592 0.3319
vt 0.8224 0.3354
vt 0.8325 0.3137
vt 0.7924 0.3319
vt 0.8063 0.3125
vt 0.7891 0.3287
vt 0.8020 0.3099
vt 0.8759 0.3274
vt 0.8787 0.3051
vt 0.9011 0.2935
vt 0.9023 0.3159
vt 0.8680 0.3273
vt 0.8707 0.3061
vt 0.9012 0.2907
vt 0.9041 0.3115
vt 0.7493 0.3159
vt 0.7682 0.3013
vt 0.7916 0.3096
vt 0.7756 0.3274
vt 0.9045 0.2884
vt 0.9080 0.3092
vt 0.7474 0.3115
vt 0.7648 0.2971
vt 0.9116 0.2861
vt 0.9149 0.3083
vt 0.7435 0.3092
vt 0.7613 0.2953
vt 0.9309 0.2679
vt 0.9383 0.2891
vt 0.7367 0.3083
vt 0.7568 0.2955
vt 0.7133 0.2891
vt 0.7355 0.2803
vt 0.7122 0.2846
vt 0.7333 0.2758
vt 0.9499 0.2762
vt 0.9403 0.2560
vt 0.9528 0.2341
vt 0.9659 0.2523
vt 0.9432 0.2804
vt 0.9340 0.2611
vt 0.9513 0.2316
vt 0.9651 0.2477
vt 0.6857 0.2523
vt 0.7095 0.2502
vt 0.7247 0.2699
vt 0.7017 0.2762
vt 0.9529 0.2279
vt 0.9671 0.2436
vt 0.6865 0.2477
vt 0.7089 0.2449
vt 0.9576 0.2222
vt 0.9724 0.2391
vt 0.6845 0.2436
vt 0.7069 0.2415
vt 0.9640 0.1965
vt 0.9817 0.2103
vt 0.6792 0.2391
vt 0.7031 0.2392
vt 0.6699 0.2103
vt 0.6933 0.2149
vt 0.6714 0.2059
vt 0.6939 0.2099
vt 0.9845 0.1932
vt 0.9654 0.1814
vt 0.9642 0.1562
vt 0.9850 0.1644
vt 0.9811 0.2003
vt 0.9630 0.1891
vt 0.9616 0.1549
vt 0.9818 0.1610
vt 0.6665 0.1644
vt 0.6877 0.1755
vt 0.6899 0.2003
vt 0.6671 0.1932
vt 0.9609 0.1509
vt 0.9813 0.1564
vt 0.6698 0.1610
vt 0.6901 0.1708
vt 0.9444 0.1403
vt 0.9356 0.1185
vt 0.9506 0.1173
vt 0.9719 0.1177
vt 0.9287 0.1069
vt 0.9147 0.0896
vt 0.9319 0.1143
vt 0.9134 0.0904
vt 0.9109 0.0879
vt 0.9064 0.0818
vt 0.8872 0.0683
vt 0.8991 0.0591
vt 0.9173 0.0480
vt 0.8752 0.0622
vt 0.8540 0.0552
vt 0.8817 0.0667
vt 0.8533 0.0566
vt 0.8498 0.0558
vt 0.8427 0.0531
vt 0.8193 0.0521
vt 0.8244 0.0380
vt 0.8337 0.0188
vt 0.8059 0.0536
vt 0.7843 0.0591
vt 0.8139 0.0538
vt 0.7845 0.0606
vt 0.7811 0.0619
vt 0.7737 0.0634
vt 0.7535 0.0753
vt 0.7501 0.0606
vt 0.7475 0.0395
vt 0.7430 0.0837
vt 0.7278 0.1001
vt 0.7498 0.0796
vt 0.7288 0.1013
vt 0.7266 0.1041
vt 0.7212 0.1094
vt 0.7106 0.1303
vt 0.6999 0.1198
vt 0.6862 0.1034
vt 0.7063 0.1431
vt 0.7024 0.1651
vt 0.7098 0.1360
vt 0.7039 0.1656
vt 0.7036 0.1691
vt 0.7020 0.1765
vt 0.7043 0.1998
vt 0.6896 0.1968
vt 0.6692 0.1904
vt 0.7076 0.2129
vt 0.7162 0.2335
vt 0.7067 0.2050
vt 0.7177 0.2331
vt 0.7194 0.2362
vt 0.7220 0.2433
vt 0.7366 0.2617
vt 0.7226 0.2671
vt 0.7020 0.2727
vt 0.7464 0.2709
vt 0.7648 0.2836
vt 0.7414 0.2647
vt 0.7658 0.2825
vt 0.7690 0.2842
vt 0.7750 0.2887
vt 0.7972 0.2963
vt 0.7883 0.3084
vt 0.7740 0.3243
vt 0.8104 0.2987
vt 0.8327 0.2995
vt 0.8029 0.2963
vt 0.8330 0.2980
vt 0.8366 0.2977
vt 0.8441 0.2983
vt 0.8669 0.2926
vt 0.8660 0.3076
vt 0.8625 0.3287
vt 0.8793 0.2875
vt 0.8985 0.2761
vt 0.8716 0.2895
vt 0.8979 0.2747
vt 0.9008 0.2725
vt 0.9074 0.2690
vt 0.9235 0.2519
vt 0.9309 0.2650
vt 0.9393 0.2846
vt 0.9312 0.2408
vt 0.9412 0.2209
vt 0.9258 0.2467
vt 0.9399 0.2200
vt 0.9411 0.2166
vt 0.9448 0.2100
vt 0.9491 0.1870
vt 0.9624 0.1940
vt 0.9801 0.2059
vt 0.9496 0.1735
vt 0.9472 0.1513
vt 0.9483 0.1814
vt 0.9457 0.1513
vt 0.9449 0.1478
vt 0.9270 0.1412
vt 0.9187 0.1228
vt 0.9340 0.1181
vt 0.9124 0.1130
vt 0.8997 0.0985
vt 0.9161 0.1192
vt 0.8995 0.0990
vt 0.8973 0.0969
vt 0.8923 0.0920
vt 0.8753 0.0810
vt 0.8857 0.0688
vt 0.8647 0.0761
vt 0.8462 0.0708
vt 0.8711 0.0794
vt 0.8463 0.0713
vt 0.8433 0.0708
vt 0.8364 0.0694
vt 0.8161 0.0693
vt 0.8183 0.0534
vt 0.8046 0.0710
vt 0.7861 0.0765
vt 0.8118 0.0702
vt 0.7866 0.0768
vt 0.7837 0.0780
vt 0.7772 0.0805
vt 0.7601 0.0914
vt 0.7533 0.0769
vt 0.7513 0.0991
vt 0.7387 0.1137
vt 0.7570 0.0945
vt 0.7393 0.1138
vt 0.7375 0.1163
vt 0.7334 0.1220
vt 0.7249 0.1404
vt 0.7114 0.1318
vt 0.7216 0.1515
vt 0.7190 0.1706
vt 0.7239 0.1446
vt 0.7195 0.1704
vt 0.7194 0.1735
vt 0.7189 0.1805
vt 0.7217 0.2006
vt 0.7057 0.2006
vt 0.7250 0.2117
vt 0.7331 0.2292
vt 0.7233 0.2047
vt 0.7334 0.2287
vt 0.7350 0.2314
vt 0.7384 0.2375
vt 0.7516 0.2529
vt 0.7382 0.2616
vt 0.7604 0.2605
vt 0.7767 0.2708
vt 0.7551 0.2555
vt 0.7767 0.2703
vt 0.7795 0.2717
vt 0.7856 0.2750
vt 0.8051 0.2808
vt 0.7985 0.2954
vt 0.8166 0.2824
vt 0.8359 0.2823
vt 0.8095 0.2811
vt 0.8355 0.2818
vt 0.8386 0.2815
vt 0.8456 0.2809
vt 0.8651 0.2753
vt 0.8675 0.2911
vt 0.8757 0.2704
vt 0.8918 0.2600
vt 0.8690 0.2732
vt 0.8913 0.2597
vt 0.8937 0.2578
vt 0.8993 0.2535
vt 0.9126 0.2383
vt 0.9232 0.2503
vt 0.9189 0.2285
vt 0.9268 0.2109
vt 0.9148 0.2344
vt 0.9263 0.2110
vt 0.9273 0.2080
vt 0.9297 0.2014
vt 0.9326 0.1814
vt 0.9480 0.1858
vt 0.9326 0.1698
vt 0.9298 0.1507
vt 0.9323 0.1770
vt 0.9293 0.1511
vt 0.9286 0.1481
vt 0.9102 0.1458
vt 0.9030 0.1305
vt 0.9180 0.1225
vt 0.8976 0.1224
vt 0.8869 0.1103
vt 0.9013 0.1272
vt 0.8873 0.1103
vt 0.8854 0.1085
vt 0.8806 0.1050
vt 0.8662 0.0959
vt 0.8746 0.0811
vt 0.8573 0.0920
vt 0.8418 0.0877
vt 0.8630 0.0941
vt 0.8421 0.0874
vt 0.8395 0.0870
vt 0.8336 0.0866
vt 0.8166 0.0868
vt 0.8157 0.0698
vt 0.8070 0.0883
vt 0.7916 0.0931
vt 0.8130 0.0870
vt 0.7917 0.0926
vt 0.7893 0.0937
vt 0.7841 0.0966
vt 0.7699 0.1059
vt 0.7599 0.0921
vt 0.7627 0.1123
vt 0.7523 0.1247
vt 0.7670 0.1080
vt 0.7522 0.1243
vt 0.7507 0.1264
vt 0.7479 0.1317
vt 0.7410 0.1472
vt 0.7251 0.1410
vt 0.7384 0.1565
vt 0.7363 0.1725
vt 0.7397 0.1506
vt 0.7360 0.1722
vt 0.7359 0.1749
vt 0.7364 0.1808
vt 0.7390 0.1976
vt 0.7223 0.2009
vt 0.7418 0.2069
vt 0.7488 0.2214
vt 0.7397 0.2012
vt 0.7483 0.2214
vt 0.7497 0.2236
vt 0.7533 0.2283
vt 0.7645 0.2411
vt 0.7523 0.2529
vt 0.7720 0.2473
vt 0.7857 0.2558
vt 0.7671 0.2437
vt 0.7853 0.2560
vt 0.7876 0.2572
vt 0.7932 0.2592
vt 0.8095 0.2638
vt 0.8056 0.2804
vt 0.8192 0.2651
vt 0.8353 0.2648
vt 0.8131 0.2647
vt 0.8351 0.2652
vt 0.8377 0.2649
vt 0.8435 0.2636
vt 0.8597 0.2587
vt 0.8654 0.2747
vt 0.8685 0.2545
vt 0.8819 0.2456
vt 0.8631 0.2574
vt 0.8819 0.2460
vt 0.8839 0.2443
vt 0.8881 0.2401
vt 0.8991 0.2272
vt 0.9126 0.2376
vt 0.9043 0.2189
vt 0.9107 0.2042
vt 0.9013 0.2243
vt 0.9110 0.2045
vt 0.9118 0.2020
vt 0.9130 0.1962
vt 0.9152 0.1794
vt 0.9322 0.1809
vt 0.9151 0.1697
vt 0.9126 0.1537
vt 0.9156 0.1757
vt 0.9130 0.1539
vt 0.9123 0.1514
vt 0.8939 0.1528
vt 0.8884 0.1403
vt 0.9030 0.1300
vt 0.8841 0.1338
vt 0.8756 0.1240
vt 0.8873 0.1372
vt 0.8763 0.1233
vt 0.8747 0.1218
vt 0.8707 0.1196
vt 0.8592 0.1121
vt 0.8660 0.0955
vt 0.8521 0.1089
vt 0.8397 0.1053
vt 0.8567 0.1101
vt 0.8398 0.1043
vt 0.8377 0.1039
vt 0.8331 0.1043
vt 0.8195 0.1042
vt 0.8162 0.0866
vt 0.8118 0.1053
vt 0.7993 0.1089
vt 0.8163 0.1038
vt 0.7990 0.1081
vt 0.7970 0.1089
vt 0.7933 0.1117
vt 0.7818 0.1189
vt 0.7695 0.1059
vt 0.7759 0.1241
vt 0.7674 0.1339
vt 0.7789 0.1204
vt 0.7666 0.1333
vt 0.7654 0.1351
vt 0.7638 0.1394
vt 0.7580 0.1518
vt 0.7406 0.1475
vt 0.7558 0.1593
vt 0.7540 0.1721
vt 0.7564 0.1546
vt 0.7530 0.1721
vt 0.7530 0.1742
vt 0.7539 0.1787
vt 0.7558 0.1922
vt 0.7388 0.1980
vt 0.7580 0.1997
vt 0.7634 0.2115
vt 0.7559 0.1955
vt 0.7626 0.2120
vt 0.7637 0.2138
vt 0.7669 0.2171
vt 0.7758 0.2275
vt 0.7646 0.2415
vt 0.7817 0.2326
vt 0.7926 0.2396
vt 0.7776 0.2301
vt 0.7922 0.2404
vt 0.7941 0.2414
vt 0.7986 0.2424
vt 0.8116 0.2463
vt 0.8099 0.2641
vt 0.8194 0.2474
vt 0.8323 0.2474
vt 0.8147 0.2476
vt 0.8325 0.2484
vt 0.8346 0.2481
vt 0.8389 0.2465
vt 0.8520 0.2428
vt 0.8602 0.2587
vt 0.8591 0.2395
vt 0.8700 0.2325
vt 0.8552 0.2422
vt 0.8706 0.2332
vt 0.8723 0.2319
vt 0.8751 0.2282
vt 0.8841 0.2180
vt 0.8995 0.2270
vt 0.8883 0.2114
vt 0.8937 0.1996
vt 0.8864 0.2157
vt 0.8946 0.1999
vt 0.8952 0.1979
vt 0.8956 0.1933
vt 0.8976 0.1798
vt 0.9155 0.1790
vt 0.8976 0.1720
vt 0.8958 0.1591
vt 0.8984 0.1766
vt 0.8967 0.1589
vt 0.8961 0.1568
vt 0.8768 0.1608
vt 0.8731 0.1514
vt 0.8887 0.1395
vt 0.8702 0.1464
vt 0.8642 0.1389
vt 0.8725 0.1487
vt 0.8647 0.1379
vt 0.8636 0.1367
vt 0.8606 0.1355
vt 0.8524 0.1297
vt 0.8591 0.1113
vt 0.8472 0.1271
vt 0.8381 0.1240
vt 0.8505 0.1277
vt 0.8380 0.1229
vt 0.8365 0.1225
vt 0.8333 0.1231
vt 0.8232 0.1227
vt 0.8189 0.1035
vt 0.8175 0.1232
vt 0.8082 0.1256
vt 0.8205 0.1220
vt 0.8074 0.1247
vt 0.8060 0.1252
vt 0.8036 0.1274
vt 0.7949 0.1325
vt 0.7809 0.1187
vt 0.7904 0.1361
vt 0.7838 0.1431
vt 0.7923 0.1334
vt 0.7827 0.1427
vt 0.7818 0.1440
vt 0.7810 0.1471
vt 0.7764 0.1561
vt 0.7572 0.1521
vt 0.7745 0.1615
vt 0.7728 0.1710
vt 0.7747 0.1583
vt 0.7716 0.1713
vt 0.7715 0.1728
vt 0.7726 0.1759
vt 0.7735 0.1859
vt 0.7552 0.1929
vt 0.7749 0.1915
vt 0.7786 0.2004
vt 0.7733 0.1887
vt 0.7778 0.2013
vt 0.7785 0.2026
vt 0.7811 0.2046
vt 0.7873 0.2126
vt 0.7757 0.2284
vt 0.7915 0.2165
vt 0.7994 0.2220
vt 0.7886 0.2150
vt 0.7992 0.2232
vt 0.8006 0.2239
vt 0.8037 0.2242
vt 0.8133 0.2275
vt 0.8121 0.2471
vt 0.8190 0.2286
vt 0.8285 0.2290
vt 0.8157 0.2289
vt 0.8290 0.2301
vt 0.8306 0.2299
vt 0.8334 0.2285
vt 0.8432 0.2261
vt 0.8528 0.2432
vt 0.8486 0.2239
vt 0.8568 0.2190
vt 0.8460 0.2259
vt 0.8578 0.2197
vt 0.8591 0.2188
vt 0.8607 0.2160
vt 0.8677 0.2087
vt 0.8849 0.2179
vt 0.8710 0.2039
vt 0.8753 0.1954
vt 0.8699 0.2071
vt 0.8765 0.1954
vt 0.8770 0.1939
vt 0.8769 0.1907
vt 0.8788 0.1808
vt 0.8983 0.1793
vt 0.8790 0.1751
vt 0.8780 0.1655
vt 0.8798 0.1783
vt 0.8790 0.1649
vt 0.8787 0.1634
vt 0.8735 0.1504
vt 0.8522 0.1286
vt 0.8225 0.1219
vt 0.7939 0.1322
vt 0.7754 0.1564
vt 0.7729 0.1868
vt 0.7872 0.2136
vt 0.8138 0.2285
vt 0.8442 0.2266
vt 0.8687 0.2086
vt 0.8797 0.1802
vt 0.7743 0.1737
vt 0.7558 0.1758
vt 0.7571 0.1626
vt 0.7756 0.1641
vt 0.7772 0.1587
vt 0.7589 0.1552
vt 0.7637 0.1435
vt 0.7811 0.1503
vt 0.7759 0.1602
vt 0.7577 0.1570
vt 0.7645 0.1402
vt 0.7812 0.1479
vt 0.7655 0.1384
vt 0.7820 0.1466
vt 0.7669 0.1379
vt 0.7836 0.1463
vt 0.7751 0.1275
vt 0.7899 0.1388
vt 0.7942 0.1352
vt 0.7807 0.1223
vt 0.7910 0.1151
vt 0.8020 0.1302
vt 0.7922 0.1357
vt 0.7786 0.1232
vt 0.7935 0.1127
vt 0.8034 0.1283
vt 0.7953 0.1118
vt 0.8048 0.1276
vt 0.7968 0.1121
vt 0.8063 0.1282
vt 0.8093 0.1078
vt 0.8156 0.1253
vt 0.8212 0.1245
vt 0.8168 0.1064
vt 0.8294 0.1059
vt 0.8304 0.1245
vt 0.8192 0.1239
vt 0.8146 0.1061
vt 0.8327 0.1053
vt 0.8326 0.1237
vt 0.8348 0.1055
vt 0.8341 0.1239
vt 0.8358 0.1066
vt 0.8351 0.1252
vt 0.8487 0.1097
vt 0.8445 0.1279
vt 0.8496 0.1302
vt 0.8557 0.1126
vt 0.8666 0.1190
vt 0.8574 0.1352
vt 0.8483 0.1287
vt 0.8541 0.1111
vt 0.8697 0.1202
vt 0.8597 0.1357
vt 0.8714 0.1215
vt 0.8609 0.1367
vt 0.8716 0.1230
vt 0.8610 0.1383
vt 0.8808 0.1326
vt 0.8675 0.1456
vt 0.8705 0.1503
vt 0.8851 0.1388
vt 0.8908 0.1501
vt 0.8743 0.1588
vt 0.8702 0.1483
vt 0.8846 0.1367
vt 0.8928 0.1528
vt 0.8760 0.1604
vt 0.8935 0.1548
vt 0.8764 0.1619
vt 0.8929 0.1562
vt 0.8757 0.1633
vt 0.8954 0.1692
vt 0.8772 0.1730
vt 0.8772 0.1786
vt 0.8957 0.1768
vt 0.8944 0.1893
vt 0.8758 0.1877
vt 0.8780 0.1768
vt 0.8964 0.1747
vt 0.8946 0.1927
vt 0.8764 0.1900
vt 0.8941 0.1947
vt 0.8759 0.1915
vt 0.8929 0.1956
vt 0.8745 0.1923
vt 0.8879 0.2079
vt 0.8706 0.2012
vt 0.8675 0.2059
vt 0.8841 0.2145
vt 0.8762 0.2243
vt 0.8615 0.2129
vt 0.8692 0.2049
vt 0.8858 0.2130
vt 0.8745 0.2273
vt 0.8607 0.2151
vt 0.8730 0.2287
vt 0.8595 0.2161
vt 0.8715 0.2287
vt 0.8579 0.2161
vt 0.8607 0.2364
vt 0.8497 0.2214
vt 0.8446 0.2237
vt 0.8539 0.2399
vt 0.8420 0.2439
vt 0.8357 0.2263
vt 0.8466 0.2238
vt 0.8561 0.2396
vt 0.8390 0.2455
vt 0.8339 0.2278
vt 0.8369 0.2458
vt 0.8323 0.2280
vt 0.8357 0.2451
vt 0.8310 0.2270
vt 0.8224 0.2457
vt 0.8213 0.2271
vt 0.8157 0.2263
vt 0.8148 0.2449
vt 0.8026 0.2419
vt 0.8068 0.2237
vt 0.8174 0.2274
vt 0.8168 0.2459
vt 0.7992 0.2415
vt 0.8045 0.2239
vt 0.7973 0.2407
vt 0.8031 0.2233
vt 0.7966 0.2394
vt 0.8025 0.2218
vt 0.7852 0.2328
vt 0.7943 0.2165
vt 0.7900 0.2129
vt 0.7792 0.2281
vt 0.7706 0.2189
vt 0.7839 0.2059
vt 0.7908 0.2147
vt 0.7804 0.2299
vt 0.7679 0.2168
vt 0.7819 0.2048
vt 0.7667 0.2151
vt 0.7810 0.2035
vt 0.7669 0.2136
vt 0.7814 0.2019
vt 0.7608 0.2018
vt 0.7772 0.1930
vt 0.7757 0.1877
vt 0.7584 0.1946
vt 0.7561 0.1822
vt 0.7743 0.1785
vt 0.7753 0.1896
vt 0.7583 0.1968
vt 0.7549 0.1790
vt 0.7732 0.1764
vt 0.7549 0.1769
vt 0.7732 0.1749
vt 0.7390 0.1771
vt 0.7403 0.1607
vt 0.7570 0.1595
vt 0.7753 0.1620
vt 0.7425 0.1515
vt 0.7482 0.1369
vt 0.7416 0.1537
vt 0.7499 0.1329
vt 0.7512 0.1307
vt 0.7521 0.1299
vt 0.7621 0.1169
vt 0.7768 0.1249
vt 0.7908 0.1369
vt 0.7688 0.1103
vt 0.7815 0.1012
vt 0.7669 0.1117
vt 0.7852 0.0987
vt 0.7874 0.0976
vt 0.7886 0.0974
vt 0.8041 0.0918
vt 0.8121 0.1065
vt 0.8174 0.1242
vt 0.8133 0.0899
vt 0.8289 0.0891
vt 0.8110 0.0901
vt 0.8333 0.0890
vt 0.8358 0.0893
vt 0.8369 0.0897
vt 0.8529 0.0934
vt 0.8517 0.1101
vt 0.8466 0.1279
vt 0.8617 0.0968
vt 0.8753 0.1046
vt 0.8597 0.0957
vt 0.8790 0.1069
vt 0.8810 0.1085
vt 0.8817 0.1094
vt 0.8932 0.1212
vt 0.8831 0.1346
vt 0.8692 0.1468
vt 0.8987 0.1288
vt 0.9060 0.1427
vt 0.8976 0.1267
vt 0.9079 0.1466
vt 0.9087 0.1490
vt 0.9087 0.1502
vt 0.9120 0.1663
vt 0.8963 0.1721
vt 0.8780 0.1749
vt 0.9126 0.1757
vt 0.9112 0.1913
vt 0.9127 0.1734
vt 0.9106 0.1956
vt 0.9100 0.1981
vt 0.9094 0.1991
vt 0.9035 0.2144
vt 0.8871 0.2108
vt 0.8703 0.2033
vt 0.8988 0.2227
vt 0.8892 0.2350
vt 0.9003 0.2208
vt 0.8864 0.2384
vt 0.8846 0.2401
vt 0.8835 0.2406
vt 0.8703 0.2503
vt 0.8584 0.2385
vt 0.8483 0.2230
vt 0.8619 0.2547
vt 0.8472 0.2599
vt 0.8641 0.2539
vt 0.8430 0.2612
vt 0.8405 0.2617
vt 0.8393 0.2615
vt 0.8229 0.2626
vt 0.8194 0.2462
vt 0.8193 0.2277
vt 0.8135 0.2617
vt 0.7983 0.2582
vt 0.8158 0.2623
vt 0.7941 0.2570
vt 0.7917 0.2560
vt 0.7908 0.2553
vt 0.7765 0.2473
vt 0.7824 0.2316
vt 0.7923 0.2160
vt 0.7690 0.2415
vt 0.7581 0.2302
vt 0.7706 0.2432
vt 0.7552 0.2270
vt 0.7537 0.2249
vt 0.7534 0.2238
vt 0.7457 0.2093
vt 0.7591 0.1992
vt 0.7759 0.1915
vt 0.7425 0.2004
vt 0.7395 0.1850
vt 0.7430 0.2027
vt 0.7388 0.1807
vt 0.7387 0.1782
vt 0.7201 0.1760
vt 0.7220 0.1561
vt 0.7409 0.1567
vt 0.7247 0.1450
vt 0.7319 0.1273
vt 0.7244 0.1478
vt 0.7349 0.1230
vt 0.7365 0.1203
vt 0.7368 0.1189
vt 0.7491 0.1031
vt 0.7647 0.1139
vt 0.7575 0.0952
vt 0.7730 0.0843
vt 0.7556 0.0974
vt 0.7779 0.0822
vt 0.7806 0.0809
vt 0.7817 0.0798
vt 0.8006 0.0732
vt 0.8079 0.0907
vt 0.8119 0.0711
vt 0.8309 0.0703
vt 0.8091 0.0720
vt 0.8361 0.0712
vt 0.8391 0.0715
vt 0.8406 0.0712
vt 0.8600 0.0759
vt 0.8567 0.0945
vt 0.8707 0.0802
vt 0.8871 0.0898
vt 0.8679 0.0794
vt 0.8910 0.0934
vt 0.8934 0.0953
vt 0.8948 0.0958
vt 0.9086 0.1103
vt 0.8958 0.1242
vt 0.9152 0.1197
vt 0.9239 0.1366
vt 0.9133 0.1175
vt 0.9252 0.1417
vt 0.9262 0.1447
vt 0.9271 0.1458
vt 0.9309 0.1655
vt 0.9126 0.1702
vt 0.9314 0.1770
vt 0.9295 0.1959
vt 0.9309 0.1741
vt 0.9279 0.2009
vt 0.9271 0.2039
vt 0.9272 0.2054
vt 0.9198 0.2240
vt 0.9018 0.2181
vt 0.9140 0.2339
vt 0.9022 0.2488
vt 0.9152 0.2313
vt 0.8981 0.2521
vt 0.8958 0.2542
vt 0.8951 0.2555
vt 0.8788 0.2672
vt 0.8669 0.2525
vt 0.8686 0.2724
vt 0.8506 0.2785
vt 0.8710 0.2708
vt 0.8453 0.2791
vt 0.8423 0.2796
vt 0.8410 0.2804
vt 0.8210 0.2814
vt 0.8189 0.2626
vt 0.8096 0.2802
vt 0.7911 0.2756
vt 0.8125 0.2802
vt 0.7864 0.2733
vt 0.7836 0.2721
vt 0.7821 0.2720
vt 0.7647 0.2620
vt 0.7731 0.2451
vt 0.7557 0.2549
vt 0.7427 0.2411
vt 0.7582 0.2564
vt 0.7399 0.2365
vt 0.7382 0.2340
vt 0.7370 0.2331
vt 0.7278 0.2153
vt 0.7440 0.2057
vt 0.7241 0.2045
vt 0.7206 0.1858
vt 0.7253 0.2071
vt 0.7207 0.1805
vt 0.7206 0.1774
vt 0.7053 0.1715
vt 0.7083 0.1488
vt 0.7234 0.1515
vt 0.7119 0.1362
vt 0.7208 0.1165
vt 0.7118 0.1401
vt 0.7248 0.1126
vt 0.7267 0.1097
vt 0.7267 0.1070
vt 0.7415 0.0896
vt 0.7528 0.1000
vt 0.7514 0.0810
vt 0.7696 0.0691
vt 0.7492 0.0842
vt 0.7750 0.0681
vt 0.7782 0.0666
vt 0.7796 0.0644
vt 0.8015 0.0577
vt 0.8054 0.0726
vt 0.8145 0.0558
vt 0.8362 0.0557
vt 0.8109 0.0574
vt 0.8413 0.0577
vt 0.8448 0.0582
vt 0.8472 0.0572
vt 0.8692 0.0634
vt 0.8644 0.0780
vt 0.8811 0.0687
vt 0.8995 0.0804
vt 0.8773 0.0681
vt 0.9027 0.0849
vt 0.9053 0.0872
vt 0.9079 0.0876
vt 0.9231 0.1047
vt 0.9112 0.1144
vt 0.9302 0.1157
vt 0.9393 0.1354
vt 0.9273 0.1131
vt 0.9396 0.1409
vt 0.9406 0.1443
vt 0.9426 0.1460
vt 0.9461 0.1686
vt 0.9308 0.1703
vt 0.9462 0.1817
vt 0.9432 0.2032
vt 0.9451 0.1780
vt 0.9404 0.2080
vt 0.9394 0.2114
vt 0.9401 0.2139
vt 0.9309 0.2348
vt 0.9171 0.2280
vt 0.9239 0.2459
vt 0.9097 0.2623
vt 0.9250 0.2421
vt 0.9048 0.2649
vt 0.9022 0.2672
vt 0.9014 0.2697
vt 0.8823 0.2823
vt 0.8744 0.2691
vt 0.8704 0.2878
vt 0.8496 0.2940
vt 0.8734 0.2853
vt 0.8441 0.2935
vt 0.8407 0.2940
vt 0.8386 0.2957
vt 0.8158 0.2960
vt 0.8163 0.2806
vt 0.8028 0.2942
vt 0.7819 0.2881
vt 0.8067 0.2936
vt 0.7776 0.2847
vt 0.7744 0.2833
vt 0.7718 0.2836
vt 0.7524 0.2715
vt 0.7611 0.2588
vt 0.7424 0.2630
vt 0.7282 0.2466
vt 0.7460 0.2646
vt 0.7263 0.2414
vt 0.7245 0.2385
vt 0.7221 0.2373
vt 0.7123 0.2166
vt 0.7265 0.2107
vt 0.7086 0.2041
vt 0.7054 0.1826
vt 0.7106 0.2074
vt 0.7067 0.1772
vt 0.7067 0.1738
vt 0.7106 0.1443
vt 0.6981 0.1285
vt 0.7459 0.0871
vt 0.7439 0.0670
vt 0.8066 0.0580
vt 0.8157 0.0400
vt 0.8733 0.0663
vt 0.8907 0.0561
vt 0.9250 0.1095
vt 0.9451 0.1103
vt 0.9451 0.1736
vt 0.9616 0.1852
vt 0.9273 0.2385
vt 0.9350 0.2572
vt 0.8773 0.2835
vt 0.8737 0.3033
vt 0.8109 0.2943
vt 0.7971 0.3090
vt 0.7493 0.2675
vt 0.7297 0.2723
vt 0.7119 0.2115
vt 0.6928 0.2051
vt 0.6819 0.1125
vt 0.7389 0.0447
vt 0.8236 0.0186
vt 0.9089 0.0424
vt 0.9679 0.1085
vt 0.9817 0.1961
vt 0.9460 0.2771
vt 0.8721 0.3261
vt 0.7835 0.3273
vt 0.7084 0.2804
vt 0.6705 0.2003
vt 0.2028 0.1289
vt 0.2023 0.1432
vt 0.1621 0.1433
vt 0.1623 0.1289
vt 0.2028 0.1289
vt 0.2032 0.1133
vt 0.2368 0.1133
vt 0.2362 0.1288
vt 0.1264 0.1433
vt 0.1264 0.1289
vt 0.1624 0.1133
vt 0.0938 0.1432
vt 0.0948 0.1289
vt 0.1263 0.1133
vt 0.0598 0.1432
vt 0.0599 0.1289
vt 0.0958 0.1133
vt 0.0222 0.1435
vt 0.0222 0.1291
vt 0.0600 0.1134
vt 0.6329 0.1276
vt 0.6329 0.1431
vt 0.5945 0.1432
vt 0.5945 0.1277
vt 0.0222 0.1137
vt 0.5495 0.1429
vt 0.5489 0.1279
vt 0.5941 0.1122
vt 0.6329 0.1123
vt 0.5113 0.1427
vt 0.5108 0.1279
vt 0.5479 0.1121
vt 0.4769 0.1427
vt 0.4768 0.1280
vt 0.5101 0.1120
vt 0.4421 0.1427
vt 0.4416 0.1280
vt 0.4766 0.1120
vt 0.4089 0.1426
vt 0.4081 0.1280
vt 0.4411 0.1121
vt 0.3793 0.1426
vt 0.3796 0.1280
vt 0.4073 0.1120
vt 0.3468 0.1426
vt 0.3480 0.1280
vt 0.3799 0.1120
vt 0.3137 0.1426
vt 0.3144 0.1280
vt 0.3491 0.1121
vt 0.2774 0.1427
vt 0.2778 0.1280
vt 0.3150 0.1121
vt 0.2375 0.1428
vt 0.2375 0.1280
vt 0.2780 0.1121
vt 0.1952 0.1426
vt 0.1956 0.1280
vt 0.2375 0.1121
vt 0.1570 0.1425
vt 0.1586 0.1280
vt 0.1959 0.1121
vt 0.1117 0.1425
vt 0.1119 0.1281
vt 0.1600 0.1123
vt 0.0610 0.1423
vt 0.0612 0.1281
vt 0.1121 0.1123
vt 0.0068 0.1425
vt 0.0074 0.1281
vt 0.0614 0.1124
vt 0.6495 0.1287
vt 0.6489 0.1432
vt 0.5998 0.1432
vt 0.6009 0.1287
vt 0.0079 0.1124
vt 0.5611 0.1432
vt 0.5597 0.1288
vt 0.6020 0.1131
vt 0.6500 0.1130
vt 0.5157 0.1432
vt 0.5148 0.1288
vt 0.5582 0.1131
vt 0.4684 0.1431
vt 0.4684 0.1288
vt 0.5138 0.1131
vt 0.4287 0.1433
vt 0.4287 0.1288
vt 0.4684 0.1131
vt 0.3881 0.1432
vt 0.3889 0.1288
vt 0.4287 0.1131
vt 0.3518 0.1432
vt 0.3521 0.1288
vt 0.3896 0.1132
vt 0.3118 0.1433
vt 0.3129 0.1289
vt 0.3522 0.1132
vt 0.2754 0.1432
vt 0.2755 0.1289
vt 0.3139 0.1132
vt 0.2355 0.1432
vt 0.2362 0.1288
vt 0.2756 0.1132
vt 0.2023 0.1562
vt 0.1621 0.1562
vt 0.1264 0.1562
vt 0.0938 0.1562
vt 0.0598 0.1562
vt 0.0222 0.1565
vt 0.6329 0.1556
vt 0.5946 0.1556
vt 0.5496 0.1556
vt 0.5113 0.1556
vt 0.4769 0.1556
vt 0.4421 0.1556
vt 0.4089 0.1556
vt 0.3793 0.1556
vt 0.3468 0.1556
vt 0.3137 0.1556
vt 0.2774 0.1556
vt 0.2375 0.1556
vt 0.1952 0.1556
vt 0.1570 0.1556
vt 0.1117 0.1556
vt 0.0610 0.1556
vt 0.0068 0.1556
vt 0.6489 0.1562
vt 0.5998 0.1562
vt 0.5611 0.1562
vt 0.5157 0.1562
vt 0.4684 0.1562
vt 0.4287 0.1562
vt 0.3881 0.1562
vt 0.3518 0.1562
vt 0.3118 0.1562
vt 0.2754 0.1562
vt 0.2355 0.1562
vt 0.2023 0.1683
vt 0.1621 0.1684
vt 0.1264 0.1683
vt 0.0938 0.1683
vt 0.0598 0.1683
vt 0.0222 0.1685
vt 0.6329 0.1682
vt 0.5948 0.1683
vt 0.5498 0.1680
vt 0.5113 0.1678
vt 0.4769 0.1678
vt 0.4421 0.1678
vt 0.4089 0.1677
vt 0.3793 0.1677
vt 0.3468 0.1677
vt 0.3137 0.1677
vt 0.2774 0.1678
vt 0.2375 0.1679
vt 0.1952 0.1677
vt 0.1570 0.1676
vt 0.1117 0.1676
vt 0.0610 0.1674
vt 0.0068 0.1676
vt 0.6489 0.1683
vt 0.5998 0.1683
vt 0.5611 0.1683
vt 0.5157 0.1683
vt 0.4684 0.1682
vt 0.4287 0.1684
vt 0.3881 0.1683
vt 0.3518 0.1683
vt 0.3118 0.1684
vt 0.2754 0.1683
vt 0.2355 0.1683
vt 0.2023 0.1804
vt 0.1621 0.1805
vt 0.1264 0.1805
vt 0.0938 0.1804
vt 0.0598 0.1804
vt 0.0222 0.1807
vt 0.6329 0.1803
vt 0.5951 0.1805
vt 0.5501 0.1802
vt 0.5113 0.1800
vt 0.4769 0.1800
vt 0.4421 0.1799
vt 0.4089 0.1798
vt 0.3793 0.1798
vt 0.3468 0.1799
vt 0.3137 0.1798
vt 0.2774 0.1799
vt 0.2375 0.1800
vt 0.1952 0.1799
vt 0.1570 0.1797
vt 0.1117 0.1797
vt 0.0610 0.1796
vt 0.0068 0.1798
vt 0.6489 0.1804
vt 0.5998 0.1804
vt 0.5611 0.1804
vt 0.5157 0.1804
vt 0.4684 0.1803
vt 0.4287 0.1806
vt 0.3881 0.1804
vt 0.3518 0.1804
vt 0.3118 0.1805
vt 0.2754 0.1805
vt 0.2355 0.1804
vt 0.2023 0.1934
vt 0.1621 0.1935
vt 0.1264 0.1935
vt 0.0938 0.1934
vt 0.0598 0.1934
vt 0.0222 0.1937
vt 0.6329 0.1933
vt 0.5951 0.1933
vt 0.5501 0.1930
vt 0.5113 0.1930
vt 0.4769 0.1930
vt 0.4421 0.1929
vt 0.4089 0.1928
vt 0.3793 0.1928
vt 0.3468 0.1929
vt 0.3137 0.1928
vt 0.2774 0.1929
vt 0.2375 0.1930
vt 0.1952 0.1929
vt 0.1570 0.1927
vt 0.1117 0.1927
vt 0.0610 0.1925
vt 0.0068 0.1927
vt 0.6489 0.1934
vt 0.5998 0.1934
vt 0.5611 0.1934
vt 0.5157 0.1934
vt 0.4684 0.1933
vt 0.4287 0.1935
vt 0.3881 0.1934
vt 0.3518 0.1934
vt 0.3118 0.1935
vt 0.2754 0.1935
vt 0.2355 0.1934
vt 0.2026 0.2098
vt 0.1621 0.2099
vt 0.1264 0.2098
vt 0.0938 0.2097
vt 0.0598 0.2096
vt 0.0222 0.2098
vt 0.6329 0.2095
vt 0.5966 0.2097
vt 0.5513 0.2100
vt 0.5132 0.2098
vt 0.4792 0.2099
vt 0.4442 0.2098
vt 0.4089 0.2098
vt 0.3811 0.2098
vt 0.3468 0.2099
vt 0.3137 0.2099
vt 0.2774 0.2099
vt 0.2375 0.2099
vt 0.1966 0.2099
vt 0.1579 0.2096
vt 0.1128 0.2096
vt 0.0610 0.2095
vt 0.0068 0.2097
vt 0.6489 0.2103
vt 0.5998 0.2104
vt 0.5611 0.2103
vt 0.5157 0.2103
vt 0.4684 0.2101
vt 0.4287 0.2103
vt 0.3902 0.2100
vt 0.3534 0.2099
vt 0.3118 0.2100
vt 0.2754 0.2100
vt 0.2355 0.2098
vt 0.2006 0.2278
vt 0.1621 0.2278
vt 0.1264 0.2278
vt 0.0938 0.2278
vt 0.0598 0.2278
vt 0.0222 0.2281
vt 0.6329 0.2272
vt 0.5966 0.2272
vt 0.5510 0.2272
vt 0.5128 0.2272
vt 0.4793 0.2272
vt 0.4440 0.2272
vt 0.4089 0.2272
vt 0.3829 0.2272
vt 0.3468 0.2272
vt 0.3137 0.2272
vt 0.2774 0.2272
vt 0.2375 0.2272
vt 0.1957 0.2272
vt 0.1566 0.2272
vt 0.1117 0.2272
vt 0.0610 0.2272
vt 0.0068 0.2272
vt 0.6489 0.2278
vt 0.5998 0.2278
vt 0.5611 0.2278
vt 0.5157 0.2278
vt 0.4684 0.2278
vt 0.4287 0.2278
vt 0.3900 0.2278
vt 0.3527 0.2278
vt 0.3118 0.2278
vt 0.2754 0.2278
vt 0.2355 0.2278
vt 0.2002 0.2444
vt 0.1621 0.2444
vt 0.1264 0.2444
vt 0.0938 0.2444
vt 0.0598 0.2444
vt 0.0222 0.2447
vt 0.6329 0.2438
vt 0.5962 0.2438
vt 0.5506 0.2438
vt 0.5124 0.2438
vt 0.4789 0.2438
vt 0.4436 0.2438
vt 0.4089 0.2438
vt 0.3842 0.2438
vt 0.3468 0.2438
vt 0.3137 0.2438
vt 0.2774 0.2438
vt 0.2375 0.2438
vt 0.1953 0.2438
vt 0.1562 0.2438
vt 0.1113 0.2438
vt 0.0610 0.2438
vt 0.0068 0.2438
vt 0.6489 0.2444
vt 0.5998 0.2444
vt 0.5611 0.2444
vt 0.5157 0.2444
vt 0.4684 0.2444
vt 0.4287 0.2444
vt 0.3896 0.2444
vt 0.3524 0.2444
vt 0.3118 0.2444
vt 0.2754 0.2444
vt 0.2355 0.2444
vt 0.2017 0.0100
vt 0.2018 0.0239
vt 0.1597 0.0239
vt 0.1587 0.0100
vt 0.1236 0.0239
vt 0.1226 0.0100
vt 0.0931 0.0239
vt 0.0921 0.0100
vt 0.0573 0.0239
vt 0.0563 0.0100
vt 0.0222 0.0239
vt 0.0222 0.0103
vt 0.6329 0.0089
vt 0.6329 0.0233
vt 0.5920 0.0233
vt 0.5910 0.0088
vt 0.5458 0.0233
vt 0.5448 0.0088
vt 0.5074 0.0233
vt 0.5065 0.0088
vt 0.4740 0.0233
vt 0.4730 0.0088
vt 0.4384 0.0233
vt 0.4374 0.0088
vt 0.4046 0.0233
vt 0.4037 0.0088
vt 0.3772 0.0233
vt 0.3763 0.0089
vt 0.3464 0.0233
vt 0.3454 0.0089
vt 0.3124 0.0233
vt 0.3114 0.0089
vt 0.2754 0.0233
vt 0.2744 0.0089
vt 0.2375 0.0233
vt 0.2375 0.0089
vt 0.1932 0.0233
vt 0.1922 0.0090
vt 0.1574 0.0233
vt 0.1564 0.0090
vt 0.1095 0.0233
vt 0.1085 0.0090
vt 0.0588 0.0233
vt 0.0578 0.0090
vt 0.0053 0.0233
vt 0.0043 0.0091
vt 0.6463 0.0097
vt 0.6473 0.0239
vt 0.5993 0.0239
vt 0.5983 0.0097
vt 0.5555 0.0239
vt 0.5545 0.0098
vt 0.5111 0.0239
vt 0.5102 0.0098
vt 0.4684 0.0239
vt 0.4684 0.0098
vt 0.4287 0.0239
vt 0.4287 0.0098
vt 0.3869 0.0239
vt 0.3859 0.0099
vt 0.3495 0.0239
vt 0.3485 0.0099
vt 0.3124 0.0239
vt 0.3123 0.0099
vt 0.2742 0.0239
vt 0.2741 0.0099
vt 0.2353 0.0239
vt 0.2353 0.0099
vt 0.2018 0.0386
vt 0.1598 0.0386
vt 0.1237 0.0387
vt 0.0932 0.0387
vt 0.0574 0.0387
vt 0.0222 0.0390
vt 0.6329 0.0376
vt 0.5921 0.0377
vt 0.5459 0.0378
vt 0.5075 0.0378
vt 0.4740 0.0378
vt 0.4385 0.0378
vt 0.4047 0.0378
vt 0.3773 0.0378
vt 0.3465 0.0378
vt 0.3125 0.0378
vt 0.2755 0.0378
vt 0.2375 0.0378
vt 0.1933 0.0379
vt 0.1575 0.0380
vt 0.1095 0.0381
vt 0.0589 0.0381
vt 0.0054 0.0381
vt 0.6474 0.0388
vt 0.5994 0.0388
vt 0.5556 0.0387
vt 0.5112 0.0387
vt 0.4684 0.0388
vt 0.4287 0.0387
vt 0.3870 0.0386
vt 0.3496 0.0386
vt 0.3125 0.0385
vt 0.2743 0.0385
vt 0.2354 0.0385
vt 0.2019 0.0545
vt 0.1612 0.0545
vt 0.1251 0.0545
vt 0.0946 0.0545
vt 0.0588 0.0546
vt 0.0222 0.0549
vt 0.6329 0.0535
vt 0.5928 0.0536
vt 0.5466 0.0538
vt 0.5089 0.0537
vt 0.4754 0.0537
vt 0.4398 0.0536
vt 0.4061 0.0536
vt 0.3787 0.0536
vt 0.3478 0.0536
vt 0.3138 0.0537
vt 0.2768 0.0537
vt 0.2375 0.0537
vt 0.1946 0.0537
vt 0.1588 0.0539
vt 0.1109 0.0539
vt 0.0602 0.0539
vt 0.0067 0.0540
vt 0.6488 0.0546
vt 0.6007 0.0546
vt 0.5570 0.0546
vt 0.5126 0.0546
vt 0.4684 0.0546
vt 0.4287 0.0546
vt 0.3883 0.0545
vt 0.3509 0.0544
vt 0.3126 0.0544
vt 0.2743 0.0543
vt 0.2355 0.0544
vt 0.2031 0.0692
vt 0.1623 0.0693
vt 0.1262 0.0693
vt 0.0957 0.0693
vt 0.0599 0.0694
vt 0.0222 0.0696
vt 0.6329 0.0682
vt 0.5936 0.0684
vt 0.5474 0.0686
vt 0.5100 0.0684
vt 0.4765 0.0684
vt 0.4410 0.0684
vt 0.4072 0.0684
vt 0.3798 0.0684
vt 0.3490 0.0684
vt 0.3150 0.0684
vt 0.2780 0.0684
vt 0.2375 0.0685
vt 0.1958 0.0685
vt 0.1600 0.0686
vt 0.1120 0.0687
vt 0.0614 0.0687
vt 0.0079 0.0687
vt 0.6499 0.0694
vt 0.6019 0.0694
vt 0.5581 0.0693
vt 0.5138 0.0694
vt 0.4684 0.0694
vt 0.4287 0.0694
vt 0.3895 0.0693
vt 0.3521 0.0692
vt 0.3138 0.0691
vt 0.2755 0.0691
vt 0.2367 0.0691
vt 0.2032 0.0836
vt 0.1624 0.0836
vt 0.1263 0.0836
vt 0.0958 0.0837
vt 0.0600 0.0837
vt 0.0222 0.0840
vt 0.6329 0.0826
vt 0.5938 0.0825
vt 0.5476 0.0826
vt 0.5101 0.0828
vt 0.4766 0.0828
vt 0.4411 0.0828
vt 0.4073 0.0827
vt 0.3799 0.0828
vt 0.3491 0.0828
vt 0.3150 0.0828
vt 0.2781 0.0828
vt 0.2375 0.0828
vt 0.1959 0.0829
vt 0.1601 0.0830
vt 0.1121 0.0830
vt 0.0614 0.0831
vt 0.0080 0.0831
vt 0.6500 0.0837
vt 0.6020 0.0837
vt 0.5582 0.0837
vt 0.5138 0.0837
vt 0.4684 0.0838
vt 0.4287 0.0837
vt 0.3896 0.0836
vt 0.3522 0.0835
vt 0.3139 0.0835
vt 0.2756 0.0834
vt 0.2368 0.0835
vt 0.2031 0.0972
vt 0.1623 0.0973
vt 0.1262 0.0973
vt 0.0957 0.0973
vt 0.0599 0.0974
vt 0.0222 0.0976
vt 0.6329 0.0962
vt 0.5939 0.0964
vt 0.5477 0.0963
vt 0.5100 0.0960
vt 0.4765 0.0960
vt 0.4410 0.0960
vt 0.4072 0.0960
vt 0.3798 0.0960
vt 0.3490 0.0960
vt 0.3149 0.0960
vt 0.2780 0.0961
vt 0.2375 0.0961
vt 0.1958 0.0961
vt 0.1600 0.0963
vt 0.1120 0.0963
vt 0.0613 0.0963
vt 0.0079 0.0964
vt 0.6499 0.0970
vt 0.6019 0.0970
vt 0.5581 0.0971
vt 0.5137 0.0971
vt 0.4684 0.0971
vt 0.4287 0.0971
vt 0.3895 0.0971
vt 0.3521 0.0972
vt 0.3138 0.0972
vt 0.2755 0.0972
vt 0.2367 0.0972
vt 0.0676 0.9410
vt 0.0944 0.9281
vt 0.1007 0.9571
vt 0.0718 0.9651
vt 0.0627 0.9242
vt 0.0900 0.9071
vt 0.1219 0.9125
vt 0.1155 0.8890
vt 0.1485 0.8612
vt 0.1583 0.8893
vt 0.1717 0.9262
vt 0.1309 0.9451
vt 0.1864 0.8386
vt 0.1990 0.8707
vt 0.2143 0.9082
vt 0.2219 0.8211
vt 0.2361 0.8531
vt 0.2520 0.8883
vt 0.2568 0.8006
vt 0.2715 0.8298
vt 0.2887 0.8644
vt 0.2904 0.8131
vt 0.3090 0.8470
vt 0.3094 0.7965
vt 0.2937 0.7714
vt 0.3331 0.7417
vt 0.3479 0.7630
vt 0.2904 0.8131
vt 0.2753 0.7860
vt 0.3667 0.7911
vt 0.3292 0.8296
vt 0.3799 0.7080
vt 0.3907 0.7260
vt 0.4057 0.7442
vt 0.4177 0.6697
vt 0.4240 0.6808
vt 0.4357 0.6928
vt 0.4483 0.6580
vt 0.4566 0.6678
vt 0.4434 0.6502
vt 0.1940 0.4216
vt 0.2142 0.4233
vt 0.2166 0.4591
vt 0.1945 0.4558
vt 0.2405 0.4306
vt 0.2458 0.3935
vt 0.3035 0.4216
vt 0.2969 0.4513
vt 0.2142 0.4233
vt 0.2193 0.3858
vt 0.3581 0.4656
vt 0.3510 0.4853
vt 0.2916 0.4845
vt 0.2421 0.4670
vt 0.4162 0.5452
vt 0.4124 0.5520
vt 0.3441 0.5063
vt 0.4357 0.5707
vt 0.4334 0.5744
vt 0.4081 0.5592
vt 0.4041 0.5663
vt 0.4081 0.5592
vt 0.4311 0.5781
vt 0.4291 0.5818
vt 0.4041 0.5663
vt 0.4028 0.5723
vt 0.3365 0.5417
vt 0.3378 0.5264
vt 0.2858 0.5381
vt 0.2873 0.5157
vt 0.2429 0.5341
vt 0.2447 0.5017
vt 0.2200 0.4945
vt 0.2166 0.4591
vt 0.1987 0.4920
vt 0.2200 0.4945
vt 0.2188 0.5322
vt 0.1982 0.5350
vt 0.0257 0.6241
vt 0.0362 0.6231
vt 0.0363 0.6952
vt 0.0270 0.7066
vt 0.0665 0.5945
vt 0.0672 0.6631
vt 0.0464 0.6842
vt 0.0474 0.6091
vt 0.0972 0.5898
vt 0.0997 0.6400
vt 0.1333 0.5895
vt 0.1365 0.6217
vt 0.1940 0.5832
vt 0.1884 0.6125
vt 0.2138 0.5702
vt 0.2103 0.6015
vt 0.2411 0.5658
vt 0.2851 0.5606
vt 0.2138 0.5702
vt 0.2188 0.5322
vt 0.2852 0.5852
vt 0.2327 0.5944
vt 0.3364 0.5576
vt 0.3399 0.5814
vt 0.4019 0.5796
vt 0.4018 0.5949
vt 0.4285 0.5894
vt 0.4294 0.6004
vt 0.4287 0.5851
vt 0.4040 0.6099
vt 0.3406 0.6048
vt 0.4323 0.6102
vt 0.2840 0.6143
vt 0.2370 0.6278
vt 0.1926 0.6426
vt 0.1459 0.6600
vt 0.2148 0.6352
vt 0.1114 0.6826
vt 0.0813 0.7098
vt 0.0603 0.7335
vt 0.0478 0.7470
vt 0.0382 0.7603
vt 0.0744 0.7742
vt 0.0588 0.7933
vt 0.0966 0.7461
vt 0.1255 0.7179
vt 0.1575 0.6949
vt 0.1989 0.6762
vt 0.2209 0.6674
vt 0.2880 0.6426
vt 0.2429 0.6587
vt 0.3452 0.6266
vt 0.4064 0.6207
vt 0.4130 0.6584
vt 0.4106 0.6449
vt 0.4369 0.6334
vt 0.4392 0.6424
vt 0.4130 0.6584
vt 0.3694 0.6899
vt 0.4085 0.6315
vt 0.4064 0.6207
vt 0.4338 0.6175
vt 0.4352 0.6246
vt 0.4085 0.6315
vt 0.4106 0.6449
vt 0.3601 0.6686
vt 0.3506 0.6472
vt 0.3061 0.6954
vt 0.2936 0.6684
vt 0.3191 0.7219
vt 0.2791 0.7481
vt 0.2640 0.7180
vt 0.2494 0.6869
vt 0.2283 0.6971
vt 0.2209 0.6674
vt 0.2607 0.7605
vt 0.2443 0.7295
vt 0.2423 0.7729
vt 0.2077 0.7907
vt 0.2607 0.7605
vt 0.2753 0.7860
vt 0.2072 0.7074
vt 0.2246 0.7410
vt 0.1890 0.7595
vt 0.1701 0.7270
vt 0.2283 0.6971
vt 0.2443 0.7295
vt 0.1574 0.7796
vt 0.1400 0.7498
vt 0.1744 0.8086
vt 0.1394 0.8349
vt 0.1257 0.8071
vt 0.1117 0.7784
vt 0.0987 0.8392
vt 0.0886 0.8102
vt 0.1089 0.8663
vt 0.0900 0.9071
vt 0.0858 0.8869
vt 0.0785 0.8621
vt 0.0719 0.8341
vt 0.0584 0.8577
vt 0.0450 0.8098
vt 0.0588 0.7933
vt 0.0719 0.8341
vt 0.0588 0.9071
vt 0.0579 0.8826
vt 0.0785 0.8621
vt 0.0858 0.8869
vt 0.1050 0.9794
vt 0.0749 0.9850
vt 0.1815 0.9588
vt 0.1382 0.9721
vt 0.2263 0.9421
vt 0.2688 0.9204
vt 0.3100 0.8935
vt 0.3322 0.8736
vt 0.3900 0.8091
vt 0.3545 0.8537
vt 0.4224 0.7546
vt 0.4476 0.7007
vt 0.4650 0.6747
vt 0.2134 0.3379
vt 0.2329 0.3436
vt 0.2193 0.3858
vt 0.1994 0.3831
vt 0.2558 0.3539
vt 0.2859 0.3072
vt 0.3290 0.3675
vt 0.3117 0.3928
vt 0.2329 0.3436
vt 0.2693 0.2929
vt 0.3767 0.4347
vt 0.3656 0.4471
vt 0.4267 0.5317
vt 0.4201 0.5381
vt 0.2562 0.2831
vt 0.3007 0.2931
vt 0.3469 0.3540
vt 0.2840 0.2735
vt 0.3910 0.4266
vt 0.4377 0.5262
vt 0.4434 0.5620
vt 0.4383 0.5669
vt 0.9223 0.9222
vt 0.9197 0.9520
vt 0.8795 0.9388
vt 0.8837 0.9037
vt 0.9506 0.9370
vt 0.9510 0.9643
vt 0.9243 0.8978
vt 0.9513 0.9160
vt 0.8378 0.9291
vt 0.8441 0.8912
vt 0.8881 0.8772
vt 0.7965 0.9191
vt 0.8069 0.8803
vt 0.8512 0.8604
vt 0.7551 0.9020
vt 0.7682 0.8630
vt 0.8169 0.8467
vt 0.7794 0.8300
vt 0.7466 0.8496
vt 0.7581 0.8190
vt 0.7251 0.8363
vt 0.7088 0.8741
vt 0.6669 0.8430
vt 0.6817 0.8122
vt 0.7466 0.8496
vt 0.7319 0.8880
vt 0.6221 0.8033
vt 0.6342 0.7832
vt 0.6931 0.7890
vt 0.7369 0.8081
vt 0.5849 0.7576
vt 0.5946 0.7440
vt 0.6420 0.7639
vt 0.5990 0.7321
vt 0.7914 0.4379
vt 0.7692 0.4440
vt 0.7581 0.4066
vt 0.7805 0.4000
vt 0.7470 0.4501
vt 0.7509 0.4868
vt 0.6947 0.5111
vt 0.6844 0.4788
vt 0.7692 0.4440
vt 0.7723 0.4801
vt 0.6455 0.5525
vt 0.6354 0.5325
vt 0.6730 0.4494
vt 0.7358 0.4131
vt 0.5910 0.6211
vt 0.5857 0.6146
vt 0.6251 0.5135
vt 0.5710 0.6437
vt 0.5681 0.6402
vt 0.5807 0.6082
vt 0.5961 0.6276
vt 0.5983 0.6333
vt 0.5744 0.6505
vt 0.5735 0.6473
vt 0.5961 0.6276
vt 0.6548 0.5716
vt 0.6584 0.5866
vt 0.7037 0.5416
vt 0.7085 0.5636
vt 0.7536 0.5217
vt 0.7604 0.5537
vt 0.7743 0.5159
vt 0.7813 0.5533
vt 0.7951 0.5102
vt 0.7743 0.5159
vt 0.7723 0.4801
vt 0.7938 0.4735
vt 0.9582 0.6194
vt 0.9701 0.6856
vt 0.9466 0.6672
vt 0.9373 0.6072
vt 0.9712 0.6320
vt 0.9812 0.6950
vt 0.9110 0.6484
vt 0.9059 0.6065
vt 0.8717 0.6349
vt 0.8697 0.6108
vt 0.8179 0.6241
vt 0.8172 0.5958
vt 0.8172 0.5958
vt 0.7920 0.5904
vt 0.7813 0.5533
vt 0.8023 0.5529
vt 0.7669 0.5850
vt 0.7715 0.6167
vt 0.7171 0.6160
vt 0.7126 0.5859
vt 0.7920 0.5904
vt 0.7947 0.6204
vt 0.6627 0.6256
vt 0.6609 0.6024
vt 0.6029 0.6547
vt 0.6003 0.6404
vt 0.5763 0.6652
vt 0.5752 0.6548
vt 0.6033 0.6638
vt 0.5757 0.6714
vt 0.6642 0.6422
vt 0.7206 0.6383
vt 0.7718 0.6422
vt 0.7948 0.6458
vt 0.8694 0.6599
vt 0.8179 0.6494
vt 0.9083 0.6777
vt 0.9429 0.7005
vt 0.9668 0.7203
vt 0.9914 0.7087
vt 0.9817 0.6317
vt 0.9894 0.7392
vt 0.9789 0.7303
vt 0.9855 0.7694
vt 0.9864 0.8158
vt 0.9686 0.8028
vt 0.9738 0.7606
vt 0.9595 0.7481
vt 0.9501 0.7855
vt 0.9262 0.7617
vt 0.9362 0.7272
vt 0.9595 0.7481
vt 0.9668 0.7203
vt 0.9789 0.7303
vt 0.9738 0.7606
vt 0.8944 0.7378
vt 0.9033 0.7040
vt 0.8596 0.7193
vt 0.8661 0.6861
vt 0.8159 0.7064
vt 0.8176 0.6751
vt 0.7944 0.6708
vt 0.7948 0.6458
vt 0.7711 0.6665
vt 0.7699 0.6951
vt 0.7230 0.6859
vt 0.7233 0.6595
vt 0.7944 0.6708
vt 0.7929 0.7008
vt 0.6643 0.6804
vt 0.6655 0.6585
vt 0.6026 0.6825
vt 0.6031 0.6720
vt 0.5748 0.6834
vt 0.5750 0.6768
vt 0.6019 0.7202
vt 0.5990 0.7321
vt 0.5707 0.7169
vt 0.5736 0.7086
vt 0.6019 0.7202
vt 0.6023 0.7068
vt 0.6562 0.7240
vt 0.6498 0.7449
vt 0.6024 0.6937
vt 0.6023 0.7068
vt 0.5744 0.6994
vt 0.5746 0.6904
vt 0.6024 0.6937
vt 0.6626 0.7027
vt 0.7214 0.7126
vt 0.7128 0.7403
vt 0.7038 0.7675
vt 0.7579 0.7533
vt 0.7474 0.7826
vt 0.7674 0.7235
vt 0.7899 0.7306
vt 0.7799 0.7610
vt 0.7689 0.7909
vt 0.7581 0.8190
vt 0.7903 0.7993
vt 0.8019 0.7687
vt 0.8394 0.7845
vt 0.8271 0.8156
vt 0.7689 0.7909
vt 0.7799 0.7610
vt 0.8124 0.7376
vt 0.8518 0.7524
vt 0.7899 0.7306
vt 0.7929 0.7008
vt 0.8844 0.7711
vt 0.8715 0.8024
vt 0.8592 0.8322
vt 0.9037 0.8248
vt 0.8932 0.8528
vt 0.9152 0.7950
vt 0.9401 0.8200
vt 0.9328 0.8477
vt 0.9264 0.8744
vt 0.9566 0.8695
vt 0.9520 0.8962
vt 0.9686 0.8028
vt 0.9602 0.8410
vt 0.9801 0.8604
vt 0.9803 0.8881
vt 0.9566 0.8695
vt 0.9602 0.8410
vt 0.9772 0.9154
vt 0.9773 0.9308
vt 0.9513 0.9160
vt 0.9520 0.8962
vt 0.9804 0.9687
vt 0.9764 0.9458
vt 0.9180 0.9842
vt 0.8739 0.9775
vt 0.9512 0.9880
vt 0.8278 0.9675
vt 0.7825 0.9547
vt 0.7382 0.9349
vt 0.6887 0.9030
vt 0.6473 0.8647
vt 0.7135 0.9189
vt 0.6074 0.8161
vt 0.5745 0.7671
vt 0.5605 0.7363
vt 0.5671 0.7253
vt 0.7570 0.3590
vt 0.7386 0.3677
vt 0.7017 0.3312
vt 0.7133 0.3196
vt 0.7201 0.3763
vt 0.6608 0.4229
vt 0.7386 0.3677
vt 0.7581 0.4066
vt 0.6434 0.4041
vt 0.6902 0.3429
vt 0.6152 0.4966
vt 0.6023 0.4861
vt 0.5759 0.6020
vt 0.5683 0.5965
vt 0.5620 0.6335
vt 0.5562 0.6293
vt 0.5652 0.6368
vt 0.6852 0.3311
vt 0.6954 0.3162
vt 0.6291 0.3962
vt 0.6749 0.3302
vt 0.5869 0.4802
vt 0.5565 0.5927
vt 0.5471 0.6259
vt 0.9814 0.9880
vt 0.5533 0.7444
vt 0.2744 0.2606
vt 0.4517 0.5573
f 1/1 10/2 21/3 6/4
f 2/5 12/6 23/7 7/8
f 3/9 14/10 25/11 8/12
f 4/13 16/14 27/15 9/16
f 5/17 19/18 10/2 1/1
f 6/4 21/3 12/6 2/5
f 7/8 23/7 14/10 3/9
f 8/12 25/11 16/14 4/13
f 10/2 19/18 18/19 11/20
f 11/20 20/21 21/3 10/2
f 12/6 21/3 20/21 13/22
f 13/22 22/23 23/7 12/6
f 14/10 23/7 22/23 15/24
f 15/24 24/25 25/11 14/10
f 16/14 25/11 24/25 17/26
f 17/26 26/27 27/15 16/14
f 28/28 73/29 74/30 29/31
f 29/31 74/30 75/32 30/33
f 29/31 80/34 79/35 28/28
f 30/33 81/36 80/34 29/31
f 31/37 82/38 83/39 32/40
f 32/40 74/30 73/29 31/37
f 32/40 83/39 84/41 33/42
f 33/42 75/32 74/30 32/40
f 34/43 70/44 71/45 35/46
f 35/46 71/45 72/47 36/48
f 35/46 83/39 82/38 34/43
f 36/48 84/41 83/39 35/46
f 37/49 76/50 77/51 38/52
f 38/52 71/45 70/44 37/49
f 38/52 77/51 78/53 39/54
f 39/54 72/47 71/45 38/52
f 40/55 67/56 68/57 41/58
f 41/58 68/57 69/59 42/60
f 41/58 77/51 76/50 40/55
f 42/60 78/53 77/51 41/58
f 43/61 64/62 65/63 44/64
f 44/64 65/63 66/65 45/66
f 44/64 68/57 67/56 43/61
f 45/66 69/59 68/57 44/64
f 46/67 85/68 86/69 47/70
f 47/70 65/63 64/62 46/67
f 47/70 86/69 87/71 48/72
f 48/72 66/65 65/63 47/70
f 49/73 88/74 89/75 50/76
f 50/76 86/69 85/68 49/73
f 50/76 89/75 90/77 51/78
f 51/78 87/71 86/69 50/76
f 52/79 61/80 62/81 53/82
f 53/82 62/81 63/83 54/84
f 53/82 89/75 88/74 52/79
f 54/84 90/77 89/75 53/82
f 55/85 58/86 59/87 56/88
f 56/88 59/87 60/89 57/90
f 56/88 62/81 61/80 55/85
f 57/90 63/83 62/81 56/88
f 91/91 153/92 152/93 92/94
f 92/94 148/95 149/96 91/91
f 92/94 152/93 151/97 93/98
f 93/98 150/99 148/95 92/94
f 94/100 139/101 140/102 95/103
f 95/103 131/104 130/105 94/100
f 95/103 140/102 141/106 96/107
f 96/107 132/108 131/104 95/103
f 97/109 127/110 128/111 98/112
f 98/112 128/111 129/113 99/114
f 98/112 140/102 139/101 97/109
f 99/114 141/106 140/102 98/112
f 100/115 133/116 134/117 101/118
f 101/118 128/111 127/110 100/115
f 101/118 134/117 135/119 102/120
f 102/120 129/113 128/111 101/118
f 103/121 124/122 125/123 104/124
f 104/124 125/123 126/125 105/126
f 104/124 134/117 133/116 103/121
f 105/126 135/119 134/117 104/124
f 106/127 121/128 122/129 107/130
f 107/130 122/129 123/131 108/132
f 107/130 125/123 124/122 106/127
f 108/132 126/125 125/123 107/130
f 109/133 142/134 143/135 110/136
f 110/136 122/129 121/128 109/133
f 110/136 143/135 144/137 111/138
f 111/138 123/131 122/129 110/136
f 112/139 145/140 146/141 113/142
f 113/142 143/135 142/134 112/139
f 113/142 146/141 147/143 114/144
f 114/144 144/137 143/135 113/142
f 115/145 118/146 119/147 116/148
f 116/148 119/147 120/149 117/150
f 116/148 146/141 145/140 115/145
f 117/150 147/143 146/141 116/148
f 131/104 152/93 153/92 130/105
f 132/108 151/97 152/93 131/104
f 136/151 149/96 148/95 137/152
f 137/152 148/95 150/99 138/153
f 154/154 195/155 194/156 155/157
f 155/157 194/156 193/158 156/159
f 155/157 200/160 201/161 154/154
f 156/159 199/162 200/160 155/157
f 157/163 208/164 210/165 158/166
f 158/166 194/156 195/155 157/163
f 158/166 210/165 209/167 159/168
f 159/168 193/158 194/156 158/166
f 160/169 190/170 191/171 161/172
f 161/172 191/171 192/173 162/174
f 161/172 200/160 199/162 160/169
f 162/174 201/161 200/160 161/172
f 163/175 196/176 197/177 164/178
f 164/178 191/171 190/170 163/175
f 164/178 197/177 198/179 165/180
f 165/180 192/173 191/171 164/178
f 166/181 187/182 188/183 167/184
f 167/184 188/183 189/185 168/186
f 167/184 197/177 196/176 166/181
f 168/186 198/179 197/177 167/184
f 169/187 184/188 185/189 170/190
f 170/190 185/189 186/191 171/192
f 170/190 188/183 187/182 169/187
f 171/192 189/185 188/183 170/190
f 172/193 202/194 203/195 173/196
f 173/196 185/189 184/188 172/193
f 173/196 203/195 204/197 174/198
f 174/198 186/191 185/189 173/196
f 175/199 205/200 206/201 176/202
f 176/202 203/195 202/194 175/199
f 176/202 206/201 207/203 177/204
f 177/204 204/197 203/195 176/202
f 178/205 181/206 182/207 179/208
f 179/208 182/207 183/209 180/210
f 179/208 206/201 205/200 178/205
f 180/210 207/203 206/201 179/208
f 211/211 252/212 251/213 212/214
f 212/214 251/213 250/215 213/216
f 212/214 257/217 258/218 211/211
f 213/216 256/219 257/217 212/214
f 215/220 251/213 252/212 214/221
f 216/222 250/215 251/213 215/220
f 217/223 247/224 248/225 218/226
f 218/226 248/225 249/227 219/228
f 218/226 257/217 256/219 217/223
f 219/228 258/218 257/217 218/226
f 220/229 253/230 254/231 221/232
f 221/232 248/225 247/224 220/229
f 221/232 254/231 255/233 222/234
f 222/234 249/227 248/225 221/232
f 223/235 244/236 245/237 224/238
f 224/238 245/237 246/239 225/240
f 224/238 254/231 253/230 223/235
f 225/240 255/233 254/231 224/238
f 226/241 241/242 242/243 227/244
f 227/244 242/243 243/245 228/246
f 227/244 245/237 244/236 226/241
f 228/246 246/239 245/237 227/244
f 229/247 259/248 260/249 230/250
f 230/250 242/243 241/242 229/247
f 230/250 260/249 261/251 231/252
f 231/252 243/245 242/243 230/250
f 232/253 262/254 263/255 233/256
f 233/256 260/249 259/248 232/253
f 233/256 263/255 264/257 234/258
f 234/258 261/251 260/249 233/256
f 235/259 238/260 239/261 236/262
f 236/262 239/261 240/263 237/264
f 236/262 263/255 262/254 235/259
f 237/264 264/257 263/255 236/262
f 265/265 306/266 305/267 266/268
f 266/268 305/267 304/269 267/270
f 266/268 311/271 312/272 265/265
f 267/270 310/273 311/271 266/268
f 268/274 319/275 321/276 269/277
f 269/277 305/267 306/266 268/274
f 269/277 321/276 320/278 270/279
f 270/279 304/269 305/267 269/277
f 271/280 301/281 302/282 272/283
f 272/283 302/282 303/284 273/285
f 272/283 311/271 310/273 271/280
f 273/285 312/272 311/271 272/283
f 274/286 307/287 308/288 275/289
f 275/289 302/282 301/281 274/286
f 275/289 308/288 309/290 276/291
f 276/291 303/284 302/282 275/289
f 277/292 298/293 299/294 278/295
f 278/295 299/294 300/296 279/297
f 278/295 308/288 307/287 277/292
f 279/297 309/290 308/288 278/295
f 280/298 295/299 296/300 281/301
f 281/301 296/300 297/302 282/303
f 281/301 299/294 298/293 280/298
f 282/303 300/296 299/294 281/301
f 283/304 313/305 314/306 284/307
f 284/307 296/300 295/299 283/304
f 284/307 314/306 315/308 285/309
f 285/309 297/302 296/300 284/307
f 286/310 316/311 317/312 287/313
f 287/313 314/306 313/305 286/310
f 287/313 317/312 318/314 288/315
f 288/315 315/308 314/306 287/313
f 289/316 292/317 293/318 290/319
f 290/319 293/318 294/320 291/321
f 290/319 317/312 316/311 289/316
f 291/321 318/314 317/312 290/319
f 322/322 363/323 362/324 323/325
f 323/325 362/324 361/326 324/327
f 323/325 371/328 372/329 322/322
f 324/327 370/330 371/328 323/325
f 325/331 382/332 384/333 326/334
f 326/334 362/324 363/323 325/331
f 326/334 384/333 383/335 327/336
f 327/336 361/326 362/324 326/334
f 328/337 358/338 359/339 329/340
f 329/340 359/339 360/341 330/342
f 329/340 371/328 370/330 328/337
f 330/342 372/329 371/328 329/340
f 331/343 364/344 365/345 332/346
f 332/346 359/339 358/338 331/343
f 332/346 365/345 366/347 333/348
f 333/348 360/341 359/339 332/346
f 334/349 355/350 356/351 335/352
f 335/352 356/351 357/353 336/354
f 335/352 365/345 364/344 334/349
f 336/354 366/347 365/345 335/352
f 337/355 352/356 353/357 338/358
f 338/358 353/357 354/359 339/360
f 338/358 356/351 355/350 337/355
f 339/360 357/353 356/351 338/358
f 340/361 373/362 374/363 341/364
f 341/364 353/357 352/356 340/361
f 341/364 374/363 375/365 342/366
f 342/366 354/359 353/357 341/364
f 343/367 376/368 377/369 344/370
f 344/370 374/363 373/362 343/367
f 344/370 377/369 378/371 345/372
f 345/372 375/365 374/363 344/370
f 346/373 429/374 428/375 347/376
f 347/376 377/369 376/368 346/373
f 347/376 428/375 401/377 348/378
f 348/378 378/371 377/369 347/376
f 350/379 428/375 429/374 349/380
f 351/381 401/377 428/375 350/379
f 367/382 386/383 387/384 368/385
f 368/385 387/384 385/386 369/387
f 379/388 385/386 387/384 381/389
f 380/390 383/335 384/333 381/391
f 381/389 384/333 382/332 379/388
f 381/391 387/384 386/383 380/390
f 388/392 402/393 417/394 395/395
f 389/396 404/397 419/398 396/399
f 390/400 406/401 423/402 398/403
f 391/404 408/405 425/406 399/407
f 392/408 410/409 427/410 400/411
f 394/412 415/413 402/393 388/392
f 395/395 417/394 404/397 389/396
f 396/399 419/398 421/414 397/415
f 397/415 421/414 406/401 390/400
f 398/403 423/402 408/405 391/404
f 399/407 425/406 410/409 392/408
f 400/411 427/410 412/416 393/417
f 402/393 415/413 414/418 403/419
f 403/419 416/420 417/394 402/393
f 404/397 417/394 416/420 405/421
f 405/421 418/422 419/398 404/397
f 406/401 421/414 420/423 407/424
f 407/424 422/425 423/402 406/401
f 408/405 423/402 422/425 409/426
f 409/426 424/427 425/406 408/405
f 410/409 425/406 424/427 411/428
f 411/428 426/429 427/410 410/409
f 412/416 427/410 426/429 413/430
f 418/422 420/423 421/414 419/398
f 430/431 469/432 471/433 443/434
f 431/435 445/436 460/437 438/438
f 431/435 475/439 476/440 445/436
f 432/441 447/442 464/443 440/444
f 433/445 449/446 466/447 441/448
f 434/449 451/450 468/451 442/452
f 437/453 474/454 472/455 458/456
f 438/438 460/437 462/457 439/458
f 439/458 462/457 447/442 432/441
f 440/444 464/443 449/446 433/445
f 441/448 466/447 451/450 434/449
f 442/452 468/451 453/459 435/460
f 443/434 471/433 470/461 444/462
f 443/434 472/455 474/454 430/431
f 444/462 473/463 472/455 443/434
f 445/436 476/440 477/464 446/465
f 446/465 459/466 460/437 445/436
f 447/442 462/457 461/467 448/468
f 448/468 463/469 464/443 447/442
f 449/446 464/443 463/469 450/470
f 450/470 465/471 466/447 449/446
f 451/450 466/447 465/471 452/472
f 452/472 467/473 468/451 451/450
f 453/459 468/451 467/473 454/474
f 455/475 470/461 471/433 456/476
f 456/476 471/433 469/432 436/477
f 457/478 477/464 476/440 458/479
f 458/479 472/455 473/463 457/478
f 458/456 476/440 475/439 437/453
f 459/466 461/467 462/457 460/437
f 478/480 544/481 545/482 479/483
f 478/484 1270/485 1335/486 543/487
f 479/488 1271/489 1270/485 478/484
f 479/488 1336/490 1600/491 1271/489
f 480/492 546/493 547/494 481/495
f 480/492 1337/496 1359/497 546/493
f 481/495 547/494 548/498 482/499
f 481/500 1273/501 1272/502 480/503
f 482/499 548/498 549/504 483/505
f 482/506 1274/507 1273/501 481/500
f 483/505 549/504 550/508 484/509
f 483/510 1275/511 1274/507 482/506
f 484/509 550/508 551/512 485/513
f 484/514 1276/515 1275/511 483/510
f 485/516 1277/517 1276/515 484/514
f 485/516 1338/518 1602/519 1277/517
f 486/520 552/521 553/522 487/523
f 486/520 1339/524 1361/525 552/521
f 487/523 553/522 554/526 488/527
f 487/528 1279/529 1278/530 486/531
f 488/527 554/526 555/532 489/533
f 488/534 1280/535 1279/529 487/528
f 489/533 555/532 556/536 490/537
f 489/538 1281/539 1280/535 488/534
f 490/537 556/536 557/540 491/541
f 490/542 1282/543 1281/539 489/538
f 491/544 1283/545 1282/543 490/542
f 491/544 1340/546 1604/547 1283/545
f 492/548 558/549 559/550 493/551
f 492/548 1341/552 1363/553 558/549
f 493/551 559/550 560/554 494/555
f 493/556 1285/557 1284/558 492/559
f 494/555 560/554 561/560 495/561
f 494/562 1286/563 1285/557 493/556
f 495/561 561/560 562/564 496/565
f 495/566 1287/567 1286/563 494/562
f 496/565 562/564 563/568 497/569
f 496/570 1288/571 1287/567 495/566
f 497/572 1289/573 1288/571 496/570
f 497/572 1342/574 1606/575 1289/573
f 498/576 564/577 565/578 499/579
f 498/576 1343/580 1365/581 564/577
f 499/579 565/578 566/582 500/583
f 499/584 1291/585 1290/586 498/587
f 500/583 566/582 567/588 501/589
f 500/590 1292/591 1291/585 499/584
f 501/589 567/588 568/592 502/593
f 501/594 1293/595 1292/591 500/590
f 502/593 568/592 569/596 503/597
f 502/598 1294/599 1293/595 501/594
f 503/600 1295/601 1294/599 502/598
f 503/600 1344/602 1608/603 1295/601
f 504/604 570/605 571/606 505/607
f 504/604 1345/608 1367/609 570/605
f 505/607 571/606 572/610 506/611
f 505/612 1297/613 1296/614 504/615
f 506/611 572/610 573/616 507/617
f 506/618 1298/619 1297/613 505/612
f 507/617 573/616 574/620 508/621
f 507/622 1299/623 1298/619 506/618
f 508/621 574/620 575/624 509/625
f 508/626 1300/627 1299/623 507/622
f 509/628 1301/629 1300/627 508/626
f 509/628 1346/630 1610/631 1301/629
f 510/632 576/633 577/634 511/635
f 510/632 1347/636 1369/637 576/633
f 511/635 577/634 578/638 512/639
f 511/640 1303/641 1302/642 510/643
f 512/639 578/638 579/644 513/645
f 512/646 1304/647 1303/641 511/640
f 513/645 579/644 580/648 514/649
f 513/650 1305/651 1304/647 512/646
f 514/649 580/648 581/652 515/653
f 514/654 1306/655 1305/651 513/650
f 515/656 1307/657 1306/655 514/654
f 515/656 1348/658 1612/659 1307/657
f 516/660 582/661 583/662 517/663
f 516/660 1349/664 1371/665 582/661
f 517/663 583/662 584/666 518/667
f 517/668 1309/669 1308/670 516/671
f 518/667 584/666 585/672 519/673
f 518/674 1310/675 1309/669 517/668
f 519/673 585/672 586/676 520/677
f 519/678 1311/679 1310/675 518/674
f 520/677 586/676 587/680 521/681
f 520/682 1312/683 1311/679 519/678
f 521/684 1313/685 1312/683 520/682
f 521/684 1350/686 1614/687 1313/685
f 522/688 588/689 589/690 523/691
f 522/688 1351/692 1373/693 588/689
f 523/691 589/690 590/694 524/695
f 523/696 1315/697 1314/698 522/699
f 524/695 590/694 591/700 525/701
f 524/702 1316/703 1315/697 523/696
f 525/701 591/700 592/704 526/705
f 525/706 1317/707 1316/703 524/702
f 526/705 592/704 593/708 527/709
f 526/710 1318/711 1317/707 525/706
f 527/712 1319/713 1318/711 526/710
f 527/712 1352/714 1616/715 1319/713
f 528/716 594/717 595/718 529/719
f 528/716 1353/720 1375/721 594/717
f 529/719 595/718 596/722 530/723
f 529/724 1321/725 1320/726 528/727
f 530/723 596/722 597/728 531/729
f 530/730 1322/731 1321/725 529/724
f 531/729 597/728 598/732 532/733
f 531/734 1323/735 1322/731 530/730
f 532/733 598/732 599/736 533/737
f 532/738 1324/739 1323/735 531/734
f 533/740 1325/741 1324/739 532/738
f 533/740 1354/742 1618/743 1325/741
f 534/744 600/745 601/746 535/747
f 534/744 1355/748 1377/749 600/745
f 535/747 601/746 602/750 536/751
f 535/752 1327/753 1326/754 534/755
f 536/751 602/750 603/756 537/757
f 536/758 1328/759 1327/753 535/752
f 537/757 603/756 604/760 538/761
f 537/762 1329/763 1328/759 536/758
f 538/761 604/760 605/764 539/765
f 538/766 1330/767 1329/763 537/762
f 539/768 1331/769 1330/767 538/766
f 539/768 1356/770 1620/771 1331/769
f 540/772 606/773 607/774 541/775
f 540/772 1357/776 1379/777 606/773
f 541/775 607/774 608/778 542/779
f 541/780 1333/781 1332/782 540/783
f 542/779 608/778 609/784 543/785
f 542/786 1334/787 1333/781 541/780
f 543/785 609/784 544/481 478/480
f 543/487 1335/486 1334/787 542/786
f 544/481 610/788 611/789 545/482
f 545/482 1358/790 1336/791 479/483
f 546/493 612/792 613/793 547/494
f 546/493 1359/497 1381/794 612/792
f 547/494 613/793 614/795 548/498
f 548/498 614/795 615/796 549/504
f 549/504 615/796 616/797 550/508
f 550/508 616/797 617/798 551/512
f 551/512 1360/799 1338/800 485/513
f 552/521 618/801 619/802 553/522
f 552/521 1361/525 1383/803 618/801
f 553/522 619/802 620/804 554/526
f 554/526 620/804 621/805 555/532
f 555/532 621/805 622/806 556/536
f 556/536 622/806 623/807 557/540
f 557/540 1362/808 1340/809 491/541
f 558/549 624/810 625/811 559/550
f 558/549 1363/553 1385/812 624/810
f 559/550 625/811 626/813 560/554
f 560/554 626/813 627/814 561/560
f 561/560 627/814 628/815 562/564
f 562/564 628/815 629/816 563/568
f 563/568 1364/817 1342/818 497/569
f 564/577 630/819 631/820 565/578
f 564/577 1365/581 1387/821 630/819
f 565/578 631/820 632/822 566/582
f 566/582 632/822 633/823 567/588
f 567/588 633/823 634/824 568/592
f 568/592 634/824 635/825 569/596
f 569/596 1366/826 1344/827 503/597
f 570/605 636/828 637/829 571/606
f 570/605 1367/609 1389/830 636/828
f 571/606 637/829 638/831 572/610
f 572/610 638/831 639/832 573/616
f 573/616 639/832 640/833 574/620
f 574/620 640/833 641/834 575/624
f 575/624 1368/835 1346/836 509/625
f 576/633 642/837 643/838 577/634
f 576/633 1369/637 1391/839 642/837
f 577/634 643/838 644/840 578/638
f 578/638 644/840 645/841 579/644
f 579/644 645/841 646/842 580/648
f 580/648 646/842 647/843 581/652
f 581/652 1370/844 1348/845 515/653
f 582/661 648/846 649/847 583/662
f 582/661 1371/665 1393/848 648/846
f 583/662 649/847 650/849 584/666
f 584/666 650/849 651/850 585/672
f 585/672 651/850 652/851 586/676
f 586/676 652/851 653/852 587/680
f 587/680 1372/853 1350/854 521/681
f 588/689 654/855 655/856 589/690
f 588/689 1373/693 1395/857 654/855
f 589/690 655/856 656/858 590/694
f 590/694 656/858 657/859 591/700
f 591/700 657/859 658/860 592/704
f 592/704 658/860 659/861 593/708
f 593/708 1374/862 1352/863 527/709
f 594/717 660/864 661/865 595/718
f 594/717 1375/721 1397/866 660/864
f 595/718 661/865 662/867 596/722
f 596/722 662/867 663/868 597/728
f 597/728 663/868 664/869 598/732
f 598/732 664/869 665/870 599/736
f 599/736 1376/871 1354/872 533/737
f 600/745 666/873 667/874 601/746
f 600/745 1377/749 1399/875 666/873
f 601/746 667/874 668/876 602/750
f 602/750 668/876 669/877 603/756
f 603/756 669/877 670/878 604/760
f 604/760 670/878 671/879 605/764
f 605/764 1378/880 1356/881 539/765
f 606/773 672/882 673/883 607/774
f 606/773 1379/777 1401/884 672/882
f 607/774 673/883 674/885 608/778
f 608/778 674/885 675/886 609/784
f 609/784 675/886 610/788 544/481
f 610/788 676/887 677/888 611/789
f 611/789 1380/889 1358/790 545/482
f 612/792 678/890 679/891 613/793
f 612/792 1381/794 1403/892 678/890
f 613/793 679/891 680/893 614/795
f 614/795 680/893 681/894 615/796
f 615/796 681/894 682/895 616/797
f 616/797 682/895 683/896 617/798
f 617/798 1382/897 1360/799 551/512
f 618/801 684/898 685/899 619/802
f 618/801 1383/803 1405/900 684/898
f 619/802 685/899 686/901 620/804
f 620/804 686/901 687/902 621/805
f 621/805 687/902 688/903 622/806
f 622/806 688/903 689/904 623/807
f 623/807 1384/905 1362/808 557/540
f 624/810 690/906 691/907 625/811
f 624/810 1385/812 1407/908 690/906
f 625/811 691/907 692/909 626/813
f 626/813 692/909 693/910 627/814
f 627/814 693/910 694/911 628/815
f 628/815 694/911 695/912 629/816
f 629/816 1386/913 1364/817 563/568
f 630/819 696/914 697/915 631/820
f 630/819 1387/821 1409/916 696/914
f 631/820 697/915 698/917 632/822
f 632/822 698/917 699/918 633/823
f 633/823 699/918 700/919 634/824
f 634/824 700/919 701/920 635/825
f 635/825 1388/921 1366/826 569/596
f 636/828 702/922 703/923 637/829
f 636/828 1389/830 1411/924 702/922
f 637/829 703/923 704/925 638/831
f 638/831 704/925 705/926 639/832
f 639/832 705/926 706/927 640/833
f 640/833 706/927 707/928 641/834
f 641/834 1390/929 1368/835 575/624
f 642/837 708/930 709/931 643/838
f 642/837 1391/839 1413/932 708/930
f 643/838 709/931 710/933 644/840
f 644/840 710/933 711/934 645/841
f 645/841 711/934 712/935 646/842
f 646/842 712/935 713/936 647/843
f 647/843 1392/937 1370/844 581/652
f 648/846 714/938 715/939 649/847
f 648/846 1393/848 1415/940 714/938
f 649/847 715/939 716/941 650/849
f 650/849 716/941 717/942 651/850
f 651/850 717/942 718/943 652/851
f 652/851 718/943 719/944 653/852
f 653/852 1394/945 1372/853 587/680
f 654/855 720/946 721/947 655/856
f 654/855 1395/857 1417/948 720/946
f 655/856 721/947 722/949 656/858
f 656/858 722/949 723/950 657/859
f 657/859 723/950 724/951 658/860
f 658/860 724/951 725/952 659/861
f 659/861 1396/953 1374/862 593/708
f 660/864 726/954 727/955 661/865
f 660/864 1397/866 1419/956 726/954
f 661/865 727/955 728/957 662/867
f 662/867 728/957 729/958 663/868
f 663/868 729/958 730/959 664/869
f 664/869 730/959 731/960 665/870
f 665/870 1398/961 1376/871 599/736
f 666/873 732/962 733/963 667/874
f 666/873 1399/875 1421/964 732/962
f 667/874 733/963 734/965 668/876
f 668/876 734/965 735/966 669/877
f 669/877 735/966 736/967 670/878
f 670/878 736/967 737/968 671/879
f 671/879 1400/969 1378/880 605/764
f 672/882 738/970 739/971 673/883
f 672/882 1401/884 1423/972 738/970
f 673/883 739/971 740/973 674/885
f 674/885 740/973 741/974 675/886
f 675/886 741/974 676/887 610/788
f 676/887 742/975 743/976 677/888
f 677/888 1402/977 1380/889 611/789
f 678/890 744/978 745/979 679/891
f 678/890 1403/892 1425/980 744/978
f 679/891 745/979 746/981 680/893
f 680/893 746/981 747/982 681/894
f 681/894 747/982 748/983 682/895
f 682/895 748/983 749/984 683/896
f 683/896 1404/985 1382/897 617/798
f 684/898 750/986 751/987 685/899
f 684/898 1405/900 1427/988 750/986
f 685/899 751/987 752/989 686/901
f 686/901 752/989 753/990 687/902
f 687/902 753/990 754/991 688/903
f 688/903 754/991 755/992 689/904
f 689/904 1406/993 1384/905 623/807
f 690/906 756/994 757/995 691/907
f 690/906 1407/908 1429/996 756/994
f 691/907 757/995 758/997 692/909
f 692/909 758/997 759/998 693/910
f 693/910 759/998 760/999 694/911
f 694/911 760/999 761/1000 695/912
f 695/912 1408/1001 1386/913 629/816
f 696/914 762/1002 763/1003 697/915
f 696/914 1409/916 1431/1004 762/1002
f 697/915 763/1003 764/1005 698/917
f 698/917 764/1005 765/1006 699/918
f 699/918 765/1006 766/1007 700/919
f 700/919 766/1007 767/1008 701/920
f 701/920 1410/1009 1388/921 635/825
f 702/922 768/1010 769/1011 703/923
f 702/922 1411/924 1433/1012 768/1010
f 703/923 769/1011 770/1013 704/925
f 704/925 770/1013 771/1014 705/926
f 705/926 771/1014 772/1015 706/927
f 706/927 772/1015 773/1016 707/928
f 707/928 1412/1017 1390/929 641/834
f 708/930 774/1018 775/1019 709/931
f 708/930 1413/932 1435/1020 774/1018
f 709/931 775/1019 776/1021 710/933
f 710/933 776/1021 777/1022 711/934
f 711/934 777/1022 778/1023 712/935
f 712/935 778/1023 779/1024 713/936
f 713/936 1414/1025 1392/937 647/843
f 714/938 780/1026 781/1027 715/939
f 714/938 1415/940 1437/1028 780/1026
f 715/939 781/1027 782/1029 716/941
f 716/941 782/1029 783/1030 717/942
f 717/942 783/1030 784/1031 718/943
f 718/943 784/1031 785/1032 719/944
f 719/944 1416/1033 1394/945 653/852
f 720/946 786/1034 787/1035 721/947
f 720/946 1417/948 1439/1036 786/1034
f 721/947 787/1035 788/1037 722/949
f 722/949 788/1037 789/1038 723/950
f 723/950 789/1038 790/1039 724/951
f 724/951 790/1039 791/1040 725/952
f 725/952 1418/1041 1396/953 659/861
f 726/954 792/1042 793/1043 727/955
f 726/954 1419/956 1441/1044 792/1042
f 727/955 793/1043 794/1045 728/957
f 728/957 794/1045 795/1046 729/958
f 729/958 795/1046 796/1047 730/959
f 730/959 796/1047 797/1048 731/960
f 731/960 1420/1049 1398/961 665/870
f 732/962 798/1050 799/1051 733/963
f 732/962 1421/964 1443/1052 798/1050
f 733/963 799/1051 800/1053 734/965
f 734/965 800/1053 801/1054 735/966
f 735/966 801/1054 802/1055 736/967
f 736/967 802/1055 803/1056 737/968
f 737/968 1422/1057 1400/969 671/879
f 738/970 804/1058 805/1059 739/971
f 738/970 1423/972 1445/1060 804/1058
f 739/971 805/1059 806/1061 740/973
f 740/973 806/1061 807/1062 741/974
f 741/974 807/1062 742/975 676/887
f 742/975 808/1063 809/1064 743/976
f 743/976 1424/1065 1402/977 677/888
f 744/978 810/1066 811/1067 745/979
f 744/978 1425/980 1447/1068 810/1066
f 745/979 811/1067 812/1069 746/981
f 746/981 812/1069 813/1070 747/982
f 747/982 813/1070 814/1071 748/983
f 748/983 814/1071 815/1072 749/984
f 749/984 1426/1073 1404/985 683/896
f 750/986 816/1074 817/1075 751/987
f 750/986 1427/988 1449/1076 816/1074
f 751/987 817/1075 818/1077 752/989
f 752/989 818/1077 819/1078 753/990
f 753/990 819/1078 820/1079 754/991
f 754/991 820/1079 821/1080 755/992
f 755/992 1428/1081 1406/993 689/904
f 756/994 822/1082 823/1083 757/995
f 756/994 1429/996 1451/1084 822/1082
f 757/995 823/1083 824/1085 758/997
f 758/997 824/1085 825/1086 759/998
f 759/998 825/1086 826/1087 760/999
f 760/999 826/1087 827/1088 761/1000
f 761/1000 1430/1089 1408/1001 695/912
f 762/1002 828/1090 829/1091 763/1003
f 762/1002 1431/1004 1453/1092 828/1090
f 763/1003 829/1091 830/1093 764/1005
f 764/1005 830/1093 831/1094 765/1006
f 765/1006 831/1094 832/1095 766/1007
f 766/1007 832/1095 833/1096 767/1008
f 767/1008 1432/1097 1410/1009 701/920
f 768/1010 834/1098 835/1099 769/1011
f 768/1010 1433/1012 1455/1100 834/1098
f 769/1011 835/1099 836/1101 770/1013
f 770/1013 836/1101 837/1102 771/1014
f 771/1014 837/1102 838/1103 772/1015
f 772/1015 838/1103 839/1104 773/1016
f 773/1016 1434/1105 1412/1017 707/928
f 774/1018 840/1106 841/1107 775/1019
f 774/1018 1435/1020 1457/1108 840/1106
f 775/1019 841/1107 842/1109 776/1021
f 776/1021 842/1109 843/1110 777/1022
f 777/1022 843/1110 844/1111 778/1023
f 778/1023 844/1111 845/1112 779/1024
f 779/1024 1436/1113 1414/1025 713/936
f 780/1026 846/1114 847/1115 781/1027
f 780/1026 1437/1028 1459/1116 846/1114
f 781/1027 847/1115 848/1117 782/1029
f 782/1029 848/1117 849/1118 783/1030
f 783/1030 849/1118 850/1119 784/1031
f 784/1031 850/1119 851/1120 785/1032
f 785/1032 1438/1121 1416/1033 719/944
f 786/1034 852/1122 853/1123 787/1035
f 786/1034 1439/1036 1461/1124 852/1122
f 787/1035 853/1123 854/1125 788/1037
f 788/1037 854/1125 855/1126 789/1038
f 789/1038 855/1126 856/1127 790/1039
f 790/1039 856/1127 857/1128 791/1040
f 791/1040 1440/1129 1418/1041 725/952
f 792/1042 858/1130 859/1131 793/1043
f 792/1042 1441/1044 1463/1132 858/1130
f 793/1043 859/1131 860/1133 794/1045
f 794/1045 860/1133 861/1134 795/1046
f 795/1046 861/1134 862/1135 796/1047
f 796/1047 862/1135 863/1136 797/1048
f 797/1048 1442/1137 1420/1049 731/960
f 798/1050 864/1138 865/1139 799/1051
f 798/1050 1443/1052 1465/1140 864/1138
f 799/1051 865/1139 866/1141 800/1053
f 800/1053 866/1141 867/1142 801/1054
f 801/1054 867/1142 868/1143 802/1055
f 802/1055 868/1143 869/1144 803/1056
f 803/1056 1444/1145 1422/1057 737/968
f 804/1058 870/1146 871/1147 805/1059
f 804/1058 1445/1060 1467/1148 870/1146
f 805/1059 871/1147 872/1149 806/1061
f 806/1061 872/1149 873/1150 807/1062
f 807/1062 873/1150 808/1063 742/975
f 808/1063 874/1151 875/1152 809/1064
f 809/1064 1446/1153 1424/1065 743/976
f 810/1066 876/1154 877/1155 811/1067
f 810/1066 1447/1068 1469/1156 876/1154
f 811/1067 877/1155 878/1157 812/1069
f 812/1069 878/1157 879/1158 813/1070
f 813/1070 879/1158 880/1159 814/1071
f 814/1071 880/1159 881/1160 815/1072
f 815/1072 1448/1161 1426/1073 749/984
f 816/1074 882/1162 883/1163 817/1075
f 816/1074 1449/1076 1471/1164 882/1162
f 817/1075 883/1163 884/1165 818/1077
f 818/1077 884/1165 885/1166 819/1078
f 819/1078 885/1166 886/1167 820/1079
f 820/1079 886/1167 887/1168 821/1080
f 821/1080 1450/1169 1428/1081 755/992
f 822/1082 888/1170 889/1171 823/1083
f 822/1082 1451/1084 1473/1172 888/1170
f 823/1083 889/1171 890/1173 824/1085
f 824/1085 890/1173 891/1174 825/1086
f 825/1086 891/1174 892/1175 826/1087
f 826/1087 892/1175 893/1176 827/1088
f 827/1088 1452/1177 1430/1089 761/1000
f 828/1090 894/1178 895/1179 829/1091
f 828/1090 1453/1092 1475/1180 894/1178
f 829/1091 895/1179 896/1181 830/1093
f 830/1093 896/1181 897/1182 831/1094
f 831/1094 897/1182 898/1183 832/1095
f 832/1095 898/1183 899/1184 833/1096
f 833/1096 1454/1185 1432/1097 767/1008
f 834/1098 900/1186 901/1187 835/1099
f 834/1098 1455/1100 1477/1188 900/1186
f 835/1099 901/1187 902/1189 836/1101
f 836/1101 902/1189 903/1190 837/1102
f 837/1102 903/1190 904/1191 838/1103
f 838/1103 904/1191 905/1192 839/1104
f 839/1104 1456/1193 1434/1105 773/1016
f 840/1106 906/1194 907/1195 841/1107
f 840/1106 1457/1108 1479/1196 906/1194
f 841/1107 907/1195 908/1197 842/1109
f 842/1109 908/1197 909/1198 843/1110
f 843/1110 909/1198 910/1199 844/1111
f 844/1111 910/1199 911/1200 845/1112
f 845/1112 1458/1201 1436/1113 779/1024
f 846/1114 912/1202 913/1203 847/1115
f 846/1114 1459/1116 1481/1204 912/1202
f 847/1115 913/1203 914/1205 848/1117
f 848/1117 914/1205 915/1206 849/1118
f 849/1118 915/1206 916/1207 850/1119
f 850/1119 916/1207 917/1208 851/1120
f 851/1120 1460/1209 1438/1121 785/1032
f 852/1122 918/1210 919/1211 853/1123
f 852/1122 1461/1124 1483/1212 918/1210
f 853/1123 919/1211 920/1213 854/1125
f 854/1125 920/1213 921/1214 855/1126
f 855/1126 921/1214 922/1215 856/1127
f 856/1127 922/1215 923/1216 857/1128
f 857/1128 1462/1217 1440/1129 791/1040
f 858/1130 924/1218 925/1219 859/1131
f 858/1130 1463/1132 1485/1220 924/1218
f 859/1131 925/1219 926/1221 860/1133
f 860/1133 926/1221 927/1222 861/1134
f 861/1134 927/1222 928/1223 862/1135
f 862/1135 928/1223 929/1224 863/1136
f 863/1136 1464/1225 1442/1137 797/1048
f 864/1138 930/1226 931/1227 865/1139
f 864/1138 1465/1140 1487/1228 930/1226
f 865/1139 931/1227 932/1229 866/1141
f 866/1141 932/1229 933/1230 867/1142
f 867/1142 933/1230 934/1231 868/1143
f 868/1143 934/1231 935/1232 869/1144
f 869/1144 1466/1233 1444/1145 803/1056
f 870/1146 936/1234 937/1235 871/1147
f 870/1146 1467/1148 1489/1236 936/1234
f 871/1147 937/1235 938/1237 872/1149
f 872/1149 938/1237 939/1238 873/1150
f 873/1150 939/1238 874/1151 808/1063
f 875/1152 1468/1239 1446/1153 809/1064
f 881/1160 1470/1240 1448/1161 815/1072
f 887/1168 1472/1241 1450/1169 821/1080
f 893/1176 1474/1242 1452/1177 827/1088
f 899/1184 1476/1243 1454/1185 833/1096
f 905/1192 1478/1244 1456/1193 839/1104
f 911/1200 1480/1245 1458/1201 845/1112
f 917/1208 1482/1246 1460/1209 851/1120
f 923/1216 1484/1247 1462/1217 857/1128
f 929/1224 1486/1248 1464/1225 863/1136
f 935/1232 1488/1249 1466/1233 869/1144
f 940/1250 1006/1251 1007/1252 941/1253
f 942/1254 1008/1255 1009/1256 943/1257
f 942/1254 1491/1258 1513/1259 1008/1255
f 943/1257 1009/1256 1010/1260 944/1261
f 944/1261 1010/1260 1011/1262 945/1263
f 945/1263 1011/1262 1012/1264 946/1265
f 946/1265 1012/1264 1013/1266 947/1267
f 948/1268 1014/1269 1015/1270 949/1271
f 948/1268 1493/1272 1515/1273 1014/1269
f 949/1271 1015/1270 1016/1274 950/1275
f 950/1275 1016/1274 1017/1276 951/1277
f 951/1277 1017/1276 1018/1278 952/1279
f 952/1279 1018/1278 1019/1280 953/1281
f 954/1282 1020/1283 1021/1284 955/1285
f 954/1282 1495/1286 1517/1287 1020/1283
f 955/1285 1021/1284 1022/1288 956/1289
f 956/1289 1022/1288 1023/1290 957/1291
f 957/1291 1023/1290 1024/1292 958/1293
f 958/1293 1024/1292 1025/1294 959/1295
f 960/1296 1026/1297 1027/1298 961/1299
f 960/1296 1497/1300 1519/1301 1026/1297
f 961/1299 1027/1298 1028/1302 962/1303
f 962/1303 1028/1302 1029/1304 963/1305
f 963/1305 1029/1304 1030/1306 964/1307
f 964/1307 1030/1306 1031/1308 965/1309
f 966/1310 1032/1311 1033/1312 967/1313
f 966/1310 1499/1314 1521/1315 1032/1311
f 967/1313 1033/1312 1034/1316 968/1317
f 968/1317 1034/1316 1035/1318 969/1319
f 969/1319 1035/1318 1036/1320 970/1321
f 970/1321 1036/1320 1037/1322 971/1323
f 972/1324 1038/1325 1039/1326 973/1327
f 972/1324 1501/1328 1523/1329 1038/1325
f 973/1327 1039/1326 1040/1330 974/1331
f 974/1331 1040/1330 1041/1332 975/1333
f 975/1333 1041/1332 1042/1334 976/1335
f 976/1335 1042/1334 1043/1336 977/1337
f 978/1338 1044/1339 1045/1340 979/1341
f 978/1338 1503/1342 1525/1343 1044/1339
f 979/1341 1045/1340 1046/1344 980/1345
f 980/1345 1046/1344 1047/1346 981/1347
f 981/1347 1047/1346 1048/1348 982/1349
f 982/1349 1048/1348 1049/1350 983/1351
f 984/1352 1050/1353 1051/1354 985/1355
f 984/1352 1505/1356 1527/1357 1050/1353
f 985/1355 1051/1354 1052/1358 986/1359
f 986/1359 1052/1358 1053/1360 987/1361
f 987/1361 1053/1360 1054/1362 988/1363
f 988/1363 1054/1362 1055/1364 989/1365
f 990/1366 1056/1367 1057/1368 991/1369
f 990/1366 1507/1370 1529/1371 1056/1367
f 991/1369 1057/1368 1058/1372 992/1373
f 992/1373 1058/1372 1059/1374 993/1375
f 993/1375 1059/1374 1060/1376 994/1377
f 994/1377 1060/1376 1061/1378 995/1379
f 996/1380 1062/1381 1063/1382 997/1383
f 996/1380 1509/1384 1531/1385 1062/1381
f 997/1383 1063/1382 1064/1386 998/1387
f 998/1387 1064/1386 1065/1388 999/1389
f 999/1389 1065/1388 1066/1390 1000/1391
f 1000/1391 1066/1390 1067/1392 1001/1393
f 1002/1394 1068/1395 1069/1396 1003/1397
f 1002/1394 1511/1398 1533/1399 1068/1395
f 1003/1397 1069/1396 1070/1400 1004/1401
f 1004/1401 1070/1400 1071/1402 1005/1403
f 1005/1403 1071/1402 1006/1251 940/1250
f 1006/1251 1072/1404 1073/1405 1007/1252
f 1007/1252 1512/1406 1490/1407 941/1253
f 1008/1255 1074/1408 1075/1409 1009/1256
f 1008/1255 1513/1259 1535/1410 1074/1408
f 1009/1256 1075/1409 1076/1411 1010/1260
f 1010/1260 1076/1411 1077/1412 1011/1262
f 1011/1262 1077/1412 1078/1413 1012/1264
f 1012/1264 1078/1413 1079/1414 1013/1266
f 1013/1266 1514/1415 1492/1416 947/1267
f 1014/1269 1080/1417 1081/1418 1015/1270
f 1014/1269 1515/1273 1537/1419 1080/1417
f 1015/1270 1081/1418 1082/1420 1016/1274
f 1016/1274 1082/1420 1083/1421 1017/1276
f 1017/1276 1083/1421 1084/1422 1018/1278
f 1018/1278 1084/1422 1085/1423 1019/1280
f 1019/1280 1516/1424 1494/1425 953/1281
f 1020/1283 1086/1426 1087/1427 1021/1284
f 1020/1283 1517/1287 1539/1428 1086/1426
f 1021/1284 1087/1427 1088/1429 1022/1288
f 1022/1288 1088/1429 1089/1430 1023/1290
f 1023/1290 1089/1430 1090/1431 1024/1292
f 1024/1292 1090/1431 1091/1432 1025/1294
f 1025/1294 1518/1433 1496/1434 959/1295
f 1026/1297 1092/1435 1093/1436 1027/1298
f 1026/1297 1519/1301 1541/1437 1092/1435
f 1027/1298 1093/1436 1094/1438 1028/1302
f 1028/1302 1094/1438 1095/1439 1029/1304
f 1029/1304 1095/1439 1096/1440 1030/1306
f 1030/1306 1096/1440 1097/1441 1031/1308
f 1031/1308 1520/1442 1498/1443 965/1309
f 1032/1311 1098/1444 1099/1445 1033/1312
f 1032/1311 1521/1315 1543/1446 1098/1444
f 1033/1312 1099/1445 1100/1447 1034/1316
f 1034/1316 1100/1447 1101/1448 1035/1318
f 1035/1318 1101/1448 1102/1449 1036/1320
f 1036/1320 1102/1449 1103/1450 1037/1322
f 1037/1322 1522/1451 1500/1452 971/1323
f 1038/1325 1104/1453 1105/1454 1039/1326
f 1038/1325 1523/1329 1545/1455 1104/1453
f 1039/1326 1105/1454 1106/1456 1040/1330
f 1040/1330 1106/1456 1107/1457 1041/1332
f 1041/1332 1107/1457 1108/1458 1042/1334
f 1042/1334 1108/1458 1109/1459 1043/1336
f 1043/1336 1524/1460 1502/1461 977/1337
f 1044/1339 1110/1462 1111/1463 1045/1340
f 1044/1339 1525/1343 1547/1464 1110/1462
f 1045/1340 1111/1463 1112/1465 1046/1344
f 1046/1344 1112/1465 1113/1466 1047/1346
f 1047/1346 1113/1466 1114/1467 1048/1348
f 1048/1348 1114/1467 1115/1468 1049/1350
f 1049/1350 1526/1469 1504/1470 983/1351
f 1050/1353 1116/1471 1117/1472 1051/1354
f 1050/1353 1527/1357 1549/1473 1116/1471
f 1051/1354 1117/1472 1118/1474 1052/1358
f 1052/1358 1118/1474 1119/1475 1053/1360
f 1053/1360 1119/1475 1120/1476 1054/1362
f 1054/1362 1120/1476 1121/1477 1055/1364
f 1055/1364 1528/1478 1506/1479 989/1365
f 1056/1367 1122/1480 1123/1481 1057/1368
f 1056/1367 1529/1371 1551/1482 1122/1480
f 1057/1368 1123/1481 1124/1483 1058/1372
f 1058/1372 1124/1483 1125/1484 1059/1374
f 1059/1374 1125/1484 1126/1485 1060/1376
f 1060/1376 1126/1485 1127/1486 1061/1378
f 1061/1378 1530/1487 1508/1488 995/1379
f 1062/1381 1128/1489 1129/1490 1063/1382
f 1062/1381 1531/1385 1553/1491 1128/1489
f 1063/1382 1129/1490 1130/1492 1064/1386
f 1064/1386 1130/1492 1131/1493 1065/1388
f 1065/1388 1131/1493 1132/1494 1066/1390
f 1066/1390 1132/1494 1133/1495 1067/1392
f 1067/1392 1532/1496 1510/1497 1001/1393
f 1068/1395 1134/1498 1135/1499 1069/1396
f 1068/1395 1533/1399 1555/1500 1134/1498
f 1069/1396 1135/1499 1136/1501 1070/1400
f 1070/1400 1136/1501 1137/1502 1071/1402
f 1071/1402 1137/1502 1072/1404 1006/1251
f 1072/1404 1138/1503 1139/1504 1073/1405
f 1073/1405 1534/1505 1512/1406 1007/1252
f 1074/1408 1140/1506 1141/1507 1075/1409
f 1074/1408 1535/1410 1557/1508 1140/1506
f 1075/1409 1141/1507 1142/1509 1076/1411
f 1076/1411 1142/1509 1143/1510 1077/1412
f 1077/1412 1143/1510 1144/1511 1078/1413
f 1078/1413 1144/1511 1145/1512 1079/1414
f 1079/1414 1536/1513 1514/1415 1013/1266
f 1080/1417 1146/1514 1147/1515 1081/1418
f 1080/1417 1537/1419 1559/1516 1146/1514
f 1081/1418 1147/1515 1148/1517 1082/1420
f 1082/1420 1148/1517 1149/1518 1083/1421
f 1083/1421 1149/1518 1150/1519 1084/1422
f 1084/1422 1150/1519 1151/1520 1085/1423
f 1085/1423 1538/1521 1516/1424 1019/1280
f 1086/1426 1152/1522 1153/1523 1087/1427
f 1086/1426 1539/1428 1561/1524 1152/1522
f 1087/1427 1153/1523 1154/1525 1088/1429
f 1088/1429 1154/1525 1155/1526 1089/1430
f 1089/1430 1155/1526 1156/1527 1090/1431
f 1090/1431 1156/1527 1157/1528 1091/1432
f 1091/1432 1540/1529 1518/1433 1025/1294
f 1092/1435 1158/1530 1159/1531 1093/1436
f 1092/1435 1541/1437 1563/1532 1158/1530
f 1093/1436 1159/1531 1160/1533 1094/1438
f 1094/1438 1160/1533 1161/1534 1095/1439
f 1095/1439 1161/1534 1162/1535 1096/1440
f 1096/1440 1162/1535 1163/1536 1097/1441
f 1097/1441 1542/1537 1520/1442 1031/1308
f 1098/1444 1164/1538 1165/1539 1099/1445
f 1098/1444 1543/1446 1565/1540 1164/1538
f 1099/1445 1165/1539 1166/1541 1100/1447
f 1100/1447 1166/1541 1167/1542 1101/1448
f 1101/1448 1167/1542 1168/1543 1102/1449
f 1102/1449 1168/1543 1169/1544 1103/1450
f 1103/1450 1544/1545 1522/1451 1037/1322
f 1104/1453 1170/1546 1171/1547 1105/1454
f 1104/1453 1545/1455 1567/1548 1170/1546
f 1105/1454 1171/1547 1172/1549 1106/1456
f 1106/1456 1172/1549 1173/1550 1107/1457
f 1107/1457 1173/1550 1174/1551 1108/1458
f 1108/1458 1174/1551 1175/1552 1109/1459
f 1109/1459 1546/1553 1524/1460 1043/1336
f 1110/1462 1176/1554 1177/1555 1111/1463
f 1110/1462 1547/1464 1569/1556 1176/1554
f 1111/1463 1177/1555 1178/1557 1112/1465
f 1112/1465 1178/1557 1179/1558 1113/1466
f 1113/1466 1179/1558 1180/1559 1114/1467
f 1114/1467 1180/1559 1181/1560 1115/1468
f 1115/1468 1548/1561 1526/1469 1049/1350
f 1116/1471 1182/1562 1183/1563 1117/1472
f 1116/1471 1549/1473 1571/1564 1182/1562
f 1117/1472 1183/1563 1184/1565 1118/1474
f 1118/1474 1184/1565 1185/1566 1119/1475
f 1119/1475 1185/1566 1186/1567 1120/1476
f 1120/1476 1186/1567 1187/1568 1121/1477
f 1121/1477 1550/1569 1528/1478 1055/1364
f 1122/1480 1188/1570 1189/1571 1123/1481
f 1122/1480 1551/1482 1573/1572 1188/1570
f 1123/1481 1189/1571 1190/1573 1124/1483
f 1124/1483 1190/1573 1191/1574 1125/1484
f 1125/1484 1191/1574 1192/1575 1126/1485
f 1126/1485 1192/1575 1193/1576 1127/1486
f 1127/1486 1552/1577 1530/1487 1061/1378
f 1128/1489 1194/1578 1195/1579 1129/1490
f 1128/1489 1553/1491 1575/1580 1194/1578
f 1129/1490 1195/1579 1196/1581 1130/1492
f 1130/1492 1196/1581 1197/1582 1131/1493
f 1131/1493 1197/1582 1198/1583 1132/1494
f 1132/1494 1198/1583 1199/1584 1133/1495
f 1133/1495 1554/1585 1532/1496 1067/1392
f 1134/1498 1200/1586 1201/1587 1135/1499
f 1134/1498 1555/1500 1577/1588 1200/1586
f 1135/1499 1201/1587 1202/1589 1136/1501
f 1136/1501 1202/1589 1203/1590 1137/1502
f 1137/1502 1203/1590 1138/1503 1072/1404
f 1138/1503 1204/1591 1205/1592 1139/1504
f 1139/1504 1556/1593 1534/1505 1073/1405
f 1140/1506 1206/1594 1207/1595 1141/1507
f 1140/1506 1557/1508 1579/1596 1206/1594
f 1141/1507 1207/1595 1208/1597 1142/1509
f 1142/1509 1208/1597 1209/1598 1143/1510
f 1143/1510 1209/1598 1210/1599 1144/1511
f 1144/1511 1210/1599 1211/1600 1145/1512
f 1145/1512 1558/1601 1536/1513 1079/1414
f 1146/1514 1212/1602 1213/1603 1147/1515
f 1146/1514 1559/1516 1581/1604 1212/1602
f 1147/1515 1213/1603 1214/1605 1148/1517
f 1148/1517 1214/1605 1215/1606 1149/1518
f 1149/1518 1215/1606 1216/1607 1150/1519
f 1150/1519 1216/1607 1217/1608 1151/1520
f 1151/1520 1560/1609 1538/1521 1085/1423
f 1152/1522 1218/1610 1219/1611 1153/1523
f 1152/1522 1561/1524 1583/1612 1218/1610
f 1153/1523 1219/1611 1220/1613 1154/1525
f 1154/1525 1220/1613 1221/1614 1155/1526
f 1155/1526 1221/1614 1222/1615 1156/1527
f 1156/1527 1222/1615 1223/1616 1157/1528
f 1157/1528 1562/1617 1540/1529 1091/1432
f 1158/1530 1224/1618 1225/1619 1159/1531
f 1158/1530 1563/1532 1585/1620 1224/1618
f 1159/1531 1225/1619 1226/1621 1160/1533
f 1160/1533 1226/1621 1227/1622 1161/1534
f 1161/1534 1227/1622 1228/1623 1162/1535
f 1162/1535 1228/1623 1229/1624 1163/1536
f 1163/1536 1564/1625 1542/1537 1097/1441
f 1164/1538 1230/1626 1231/1627 1165/1539
f 1164/1538 1565/1540 1587/1628 1230/1626
f 1165/1539 1231/1627 1232/1629 1166/1541
f 1166/1541 1232/1629 1233/1630 1167/1542
f 1167/1542 1233/1630 1234/1631 1168/1543
f 1168/1543 1234/1631 1235/1632 1169/1544
f 1169/1544 1566/1633 1544/1545 1103/1450
f 1170/1546 1236/1634 1237/1635 1171/1547
f 1170/1546 1567/1548 1589/1636 1236/1634
f 1171/1547 1237/1635 1238/1637 1172/1549
f 1172/1549 1238/1637 1239/1638 1173/1550
f 1173/1550 1239/1638 1240/1639 1174/1551
f 1174/1551 1240/1639 1241/1640 1175/1552
f 1175/1552 1568/1641 1546/1553 1109/1459
f 1176/1554 1242/1642 1243/1643 1177/1555
f 1176/1554 1569/1556 1591/1644 1242/1642
f 1177/1555 1243/1643 1244/1645 1178/1557
f 1178/1557 1244/1645 1245/1646 1179/1558
f 1179/1558 1245/1646 1246/1647 1180/1559
f 1180/1559 1246/1647 1247/1648 1181/1560
f 1181/1560 1570/1649 1548/1561 1115/1468
f 1182/1562 1248/1650 1249/1651 1183/1563
f 1182/1562 1571/1564 1593/1652 1248/1650
f 1183/1563 1249/1651 1250/1653 1184/1565
f 1184/1565 1250/1653 1251/1654 1185/1566
f 1185/1566 1251/1654 1252/1655 1186/1567
f 1186/1567 1252/1655 1253/1656 1187/1568
f 1187/1568 1572/1657 1550/1569 1121/1477
f 1188/1570 1254/1658 1255/1659 1189/1571
f 1188/1570 1573/1572 1595/1660 1254/1658
f 1189/1571 1255/1659 1256/1661 1190/1573
f 1190/1573 1256/1661 1257/1662 1191/1574
f 1191/1574 1257/1662 1258/1663 1192/1575
f 1192/1575 1258/1663 1259/1664 1193/1576
f 1193/1576 1574/1665 1552/1577 1127/1486
f 1194/1578 1260/1666 1261/1667 1195/1579
f 1194/1578 1575/1580 1597/1668 1260/1666
f 1195/1579 1261/1667 1262/1669 1196/1581
f 1196/1581 1262/1669 1263/1670 1197/1582
f 1197/1582 1263/1670 1264/1671 1198/1583
f 1198/1583 1264/1671 1265/1672 1199/1584
f 1199/1584 1576/1673 1554/1585 1133/1495
f 1200/1586 1266/1674 1267/1675 1201/1587
f 1200/1586 1577/1588 1599/1676 1266/1674
f 1201/1587 1267/1675 1268/1677 1202/1589
f 1202/1589 1268/1677 1269/1678 1203/1590
f 1203/1590 1269/1678 1204/1591 1138/1503
f 1204/1591 1270/485 1271/489 1205/1592
f 1205/1592 1578/1679 1556/1593 1139/1504
f 1206/1594 1272/502 1273/501 1207/1595
f 1206/1594 1579/1596 1601/1680 1272/502
f 1207/1595 1273/501 1274/507 1208/1597
f 1208/1597 1274/507 1275/511 1209/1598
f 1209/1598 1275/511 1276/515 1210/1599
f 1210/1599 1276/515 1277/517 1211/1600
f 1211/1600 1580/1681 1558/1601 1145/1512
f 1212/1602 1278/530 1279/529 1213/1603
f 1212/1602 1581/1604 1603/1682 1278/530
f 1213/1603 1279/529 1280/535 1214/1605
f 1214/1605 1280/535 1281/539 1215/1606
f 1215/1606 1281/539 1282/543 1216/1607
f 1216/1607 1282/543 1283/545 1217/1608
f 1217/1608 1582/1683 1560/1609 1151/1520
f 1218/1610 1284/558 1285/557 1219/1611
f 1218/1610 1583/1612 1605/1684 1284/558
f 1219/1611 1285/557 1286/563 1220/1613
f 1220/1613 1286/563 1287/567 1221/1614
f 1221/1614 1287/567 1288/571 1222/1615
f 1222/1615 1288/571 1289/573 1223/1616
f 1223/1616 1584/1685 1562/1617 1157/1528
f 1224/1618 1290/586 1291/585 1225/1619
f 1224/1618 1585/1620 1607/1686 1290/586
f 1225/1619 1291/585 1292/591 1226/1621
f 1226/1621 1292/591 1293/595 1227/1622
f 1227/1622 1293/595 1294/599 1228/1623
f 1228/1623 1294/599 1295/601 1229/1624
f 1229/1624 1586/1687 1564/1625 1163/1536
f 1230/1626 1296/614 1297/613 1231/1627
f 1230/1626 1587/1628 1609/1688 1296/614
f 1231/1627 1297/613 1298/619 1232/1629
f 1232/1629 1298/619 1299/623 1233/1630
f 1233/1630 1299/623 1300/627 1234/1631
f 1234/1631 1300/627 1301/629 1235/1632
f 1235/1632 1588/1689 1566/1633 1169/1544
f 1236/1634 1302/642 1303/641 1237/1635
f 1236/1634 1589/1636 1611/1690 1302/642
f 1237/1635 1303/641 1304/647 1238/1637
f 1238/1637 1304/647 1305/651 1239/1638
f 1239/1638 1305/651 1306/655 1240/1639
f 1240/1639 1306/655 1307/657 1241/1640
f 1241/1640 1590/1691 1568/1641 1175/1552
f 1242/1642 1308/670 1309/669 1243/1643
f 1242/1642 1591/1644 1613/1692 1308/670
f 1243/1643 1309/669 1310/675 1244/1645
f 1244/1645 1310/675 1311/679 1245/1646
f 1245/1646 1311/679 1312/683 1246/1647
f 1246/1647 1312/683 1313/685 1247/1648
f 1247/1648 1592/1693 1570/1649 1181/1560
f 1248/1650 1314/698 1315/697 1249/1651
f 1248/1650 1593/1652 1615/1694 1314/698
f 1249/1651 1315/697 1316/703 1250/1653
f 1250/1653 1316/703 1317/707 1251/1654
f 1251/1654 1317/707 1318/711 1252/1655
f 1252/1655 1318/711 1319/713 1253/1656
f 1253/1656 1594/1695 1572/1657 1187/1568
f 1254/1658 1320/726 1321/725 1255/1659
f 1254/1658 1595/1660 1617/1696 1320/726
f 1255/1659 1321/725 1322/731 1256/1661
f 1256/1661 1322/731 1323/735 1257/1662
f 1257/1662 1323/735 1324/739 1258/1663
f 1258/1663 1324/739 1325/741 1259/1664
f 1259/1664 1596/1697 1574/1665 1193/1576
f 1260/1666 1326/754 1327/753 1261/1667
f 1260/1666 1597/1668 1619/1698 1326/754
f 1261/1667 1327/753 1328/759 1262/1669
f 1262/1669 1328/759 1329/763 1263/1670
f 1263/1670 1329/763 1330/767 1264/1671
f 1264/1671 1330/767 1331/769 1265/1672
f 1265/1672 1598/1699 1576/1673 1199/1584
f 1266/1674 1332/782 1333/781 1267/1675
f 1266/1674 1599/1676 1621/1700 1332/782
f 1267/1675 1333/781 1334/787 1268/1677
f 1268/1677 1334/787 1335/486 1269/1678
f 1269/1678 1335/486 1270/485 1204/1591
f 1271/489 1600/491 1578/1679 1205/1592
f 1272/502 1601/1680 1337/1701 480/503
f 1277/517 1602/519 1580/1681 1211/1600
f 1278/530 1603/1682 1339/1702 486/531
f 1283/545 1604/547 1582/1683 1217/1608
f 1284/558 1605/1684 1341/1703 492/559
f 1289/573 1606/575 1584/1685 1223/1616
f 1290/586 1607/1686 1343/1704 498/587
f 1295/601 1608/603 1586/1687 1229/1624
f 1296/614 1609/1688 1345/1705 504/615
f 1301/629 1610/631 1588/1689 1235/1632
f 1302/642 1611/1690 1347/1706 510/643
f 1307/657 1612/659 1590/1691 1241/1640
f 1308/670 1613/1692 1349/1707 516/671
f 1313/685 1614/687 1592/1693 1247/1648
f 1314/698 1615/1694 1351/1708 522/699
f 1319/713 1616/715 1594/1695 1253/1656
f 1320/726 1617/1696 1353/1709 528/727
f 1325/741 1618/743 1596/1697 1259/1664
f 1326/754 1619/1698 1355/1710 534/755
f 1331/769 1620/771 1598/1699 1265/1672
f 1332/782 1621/1700 1357/1711 540/783
f 1336/791 1358/790 1359/497 1337/496
f 1337/1701 1601/1680 1600/491 1336/490
f 1338/800 1360/799 1361/525 1339/524
f 1339/1702 1603/1682 1602/519 1338/518
f 1340/809 1362/808 1363/553 1341/552
f 1341/1703 1605/1684 1604/547 1340/546
f 1342/818 1364/817 1365/581 1343/580
f 1343/1704 1607/1686 1606/575 1342/574
f 1344/827 1366/826 1367/609 1345/608
f 1345/1705 1609/1688 1608/603 1344/602
f 1346/836 1368/835 1369/637 1347/636
f 1347/1706 1611/1690 1610/631 1346/630
f 1348/845 1370/844 1371/665 1349/664
f 1349/1707 1613/1692 1612/659 1348/658
f 1350/854 1372/853 1373/693 1351/692
f 1351/1708 1615/1694 1614/687 1350/686
f 1352/863 1374/862 1375/721 1353/720
f 1353/1709 1617/1696 1616/715 1352/714
f 1354/872 1376/871 1377/749 1355/748
f 1355/1710 1619/1698 1618/743 1354/742
f 1356/881 1378/880 1379/777 1357/776
f 1357/1711 1621/1700 1620/771 1356/770
f 1358/790 1380/889 1381/794 1359/497
f 1360/799 1382/897 1383/803 1361/525
f 1362/808 1384/905 1385/812 1363/553
f 1364/817 1386/913 1387/821 1365/581
f 1366/826 1388/921 1389/830 1367/609
f 1368/835 1390/929 1391/839 1369/637
f 1370/844 1392/937 1393/848 1371/665
f 1372/853 1394/945 1395/857 1373/693
f 1374/862 1396/953 1397/866 1375/721
f 1376/871 1398/961 1399/875 1377/749
f 1378/880 1400/969 1401/884 1379/777
f 1380/889 1402/977 1403/892 1381/794
f 1382/897 1404/985 1405/900 1383/803
f 1384/905 1406/993 1407/908 1385/812
f 1386/913 1408/1001 1409/916 1387/821
f 1388/921 1410/1009 1411/924 1389/830
f 1390/929 1412/1017 1413/932 1391/839
f 1392/937 1414/1025 1415/940 1393/848
f 1394/945 1416/1033 1417/948 1395/857
f 1396/953 1418/1041 1419/956 1397/866
f 1398/961 1420/1049 1421/964 1399/875
f 1400/969 1422/1057 1423/972 1401/884
f 1402/977 1424/1065 1425/980 1403/892
f 1404/985 1426/1073 1427/988 1405/900
f 1406/993 1428/1081 1429/996 1407/908
f 1408/1001 1430/1089 1431/1004 1409/916
f 1410/1009 1432/1097 1433/1012 1411/924
f 1412/1017 1434/1105 1435/1020 1413/932
f 1414/1025 1436/1113 1437/1028 1415/940
f 1416/1033 1438/1121 1439/1036 1417/948
f 1418/1041 1440/1129 1441/1044 1419/956
f 1420/1049 1442/1137 1443/1052 1421/964
f 1422/1057 1444/1145 1445/1060 1423/972
f 1424/1065 1446/1153 1447/1068 1425/980
f 1426/1073 1448/1161 1449/1076 1427/988
f 1428/1081 1450/1169 1451/1084 1429/996
f 1430/1089 1452/1177 1453/1092 1431/1004
f 1432/1097 1454/1185 1455/1100 1433/1012
f 1434/1105 1456/1193 1457/1108 1435/1020
f 1436/1113 1458/1201 1459/1116 1437/1028
f 1438/1121 1460/1209 1461/1124 1439/1036
f 1440/1129 1462/1217 1463/1132 1441/1044
f 1442/1137 1464/1225 1465/1140 1443/1052
f 1444/1145 1466/1233 1467/1148 1445/1060
f 1446/1153 1468/1239 1469/1156 1447/1068
f 1448/1161 1470/1240 1471/1164 1449/1076
f 1450/1169 1472/1241 1473/1172 1451/1084
f 1452/1177 1474/1242 1475/1180 1453/1092
f 1454/1185 1476/1243 1477/1188 1455/1100
f 1456/1193 1478/1244 1479/1196 1457/1108
f 1458/1201 1480/1245 1481/1204 1459/1116
f 1460/1209 1482/1246 1483/1212 1461/1124
f 1462/1217 1484/1247 1485/1220 1463/1132
f 1464/1225 1486/1248 1487/1228 1465/1140
f 1466/1233 1488/1249 1489/1236 1467/1148
f 1490/1407 1512/1406 1513/1259 1491/1258
f 1492/1416 1514/1415 1515/1273 1493/1272
f 1494/1425 1516/1424 1517/1287 1495/1286
f 1496/1434 1518/1433 1519/1301 1497/1300
f 1498/1443 1520/1442 1521/1315 1499/1314
f 1500/1452 1522/1451 1523/1329 1501/1328
f 1502/1461 1524/1460 1525/1343 1503/1342
f 1504/1470 1526/1469 1527/1357 1505/1356
f 1506/1479 1528/1478 1529/1371 1507/1370
f 1508/1488 1530/1487 1531/1385 1509/1384
f 1510/1497 1532/1496 1533/1399 1511/1398
f 1512/1406 1534/1505 1535/1410 1513/1259
f 1514/1415 1536/1513 1537/1419 1515/1273
f 1516/1424 1538/1521 1539/1428 1517/1287
f 1518/1433 1540/1529 1541/1437 1519/1301
f 1520/1442 1542/1537 1543/1446 1521/1315
f 1522/1451 1544/1545 1545/1455 1523/1329
f 1524/1460 1546/1553 1547/1464 1525/1343
f 1526/1469 1548/1561 1549/1473 1527/1357
f 1528/1478 1550/1569 1551/1482 1529/1371
f 1530/1487 1552/1577 1553/1491 1531/1385
f 1532/1496 1554/1585 1555/1500 1533/1399
f 1534/1505 1556/1593 1557/1508 1535/1410
f 1536/1513 1558/1601 1559/1516 1537/1419
f 1538/1521 1560/1609 1561/1524 1539/1428
f 1540/1529 1562/1617 1563/1532 1541/1437
f 1542/1537 1564/1625 1565/1540 1543/1446
f 1544/1545 1566/1633 1567/1548 1545/1455
f 1546/1553 1568/1641 1569/1556 1547/1464
f 1548/1561 1570/1649 1571/1564 1549/1473
f 1550/1569 1572/1657 1573/1572 1551/1482
f 1552/1577 1574/1665 1575/1580 1553/1491
f 1554/1585 1576/1673 1577/1588 1555/1500
f 1556/1593 1578/1679 1579/1596 1557/1508
f 1558/1601 1580/1681 1581/1604 1559/1516
f 1560/1609 1582/1683 1583/1612 1561/1524
f 1562/1617 1584/1685 1585/1620 1563/1532
f 1564/1625 1586/1687 1587/1628 1565/1540
f 1566/1633 1588/1689 1589/1636 1567/1548
f 1568/1641 1590/1691 1591/1644 1569/1556
f 1570/1649 1592/1693 1593/1652 1571/1564
f 1572/1657 1594/1695 1595/1660 1573/1572
f 1574/1665 1596/1697 1597/1668 1575/1580
f 1576/1673 1598/1699 1599/1676 1577/1588
f 1578/1679 1600/491 1601/1680 1579/1596
f 1580/1681 1602/519 1603/1682 1581/1604
f 1582/1683 1604/547 1605/1684 1583/1612
f 1584/1685 1606/575 1607/1686 1585/1620
f 1586/1687 1608/603 1609/1688 1587/1628
f 1588/1689 1610/631 1611/1690 1589/1636
f 1590/1691 1612/659 1613/1692 1591/1644
f 1592/1693 1614/687 1615/1694 1593/1652
f 1594/1695 1616/715 1617/1696 1595/1660
f 1596/1697 1618/743 1619/1698 1597/1668
f 1598/1699 1620/771 1621/1700 1599/1676
f 1622/1712 1654/1713 1655/1714 1623/1715
f 1622/1716 2102/1717 2133/1718 1653/1719
f 1623/1715 1655/1714 1656/1720 1624/1721
f 1623/1715 2103/1722 2102/1717 1622/1712
f 1624/1721 1656/1720 1657/1723 1625/1724
f 1624/1721 2104/1725 2103/1722 1623/1715
f 1625/1724 1657/1723 1658/1726 1626/1727
f 1625/1724 2105/1728 2104/1725 1624/1721
f 1626/1727 1658/1726 1659/1729 1627/1730
f 1626/1727 2106/1731 2105/1728 1625/1724
f 1627/1732 1659/1733 1660/1734 1628/1735
f 1627/1730 2107/1736 2106/1731 1626/1727
f 1628/1735 1660/1734 1661/1737 1629/1738
f 1628/1735 2108/1739 2107/1740 1627/1732
f 1629/1738 1661/1737 1662/1741 1630/1742
f 1629/1738 2109/1743 2108/1739 1628/1735
f 1630/1742 1662/1741 1663/1744 1631/1745
f 1630/1742 2110/1746 2109/1743 1629/1738
f 1631/1745 1663/1744 1664/1747 1632/1748
f 1631/1745 2111/1749 2110/1746 1630/1742
f 1632/1748 1664/1747 1665/1750 1633/1751
f 1632/1748 2112/1752 2111/1749 1631/1745
f 1633/1751 1665/1750 1666/1753 1634/1754
f 1633/1751 2113/1755 2112/1752 1632/1748
f 1634/1754 1666/1753 1667/1756 1635/1757
f 1634/1754 2114/1758 2113/1755 1633/1751
f 1635/1757 1667/1756 1668/1759 1636/1760
f 1635/1757 2115/1761 2114/1758 1634/1754
f 1636/1760 1668/1759 1669/1762 1637/1763
f 1636/1760 2116/1764 2115/1761 1635/1757
f 1637/1763 1669/1762 1670/1765 1638/1766
f 1637/1763 2117/1767 2116/1764 1636/1760
f 1638/1766 1670/1765 1671/1768 1639/1769
f 1638/1766 2118/1770 2117/1767 1637/1763
f 1639/1769 1671/1768 1672/1771 1640/1772
f 1639/1769 2119/1773 2118/1770 1638/1766
f 1640/1772 1672/1771 1673/1774 1641/1775
f 1640/1772 2120/1776 2119/1773 1639/1769
f 1641/1775 1673/1774 1674/1777 1642/1778
f 1641/1775 2121/1779 2120/1776 1640/1772
f 1642/1778 1674/1777 1675/1780 1643/1781
f 1642/1778 2122/1782 2121/1779 1641/1775
f 1643/1783 1675/1784 1676/1785 1644/1786
f 1643/1781 2123/1787 2122/1782 1642/1778
f 1644/1786 1676/1785 1677/1788 1645/1789
f 1644/1786 2124/1790 2123/1791 1643/1783
f 1645/1789 1677/1788 1678/1792 1646/1793
f 1645/1789 2125/1794 2124/1790 1644/1786
f 1646/1793 1678/1792 1679/1795 1647/1796
f 1646/1793 2126/1797 2125/1794 1645/1789
f 1647/1796 1679/1795 1680/1798 1648/1799
f 1647/1796 2127/1800 2126/1797 1646/1793
f 1648/1799 1680/1798 1681/1801 1649/1802
f 1648/1799 2128/1803 2127/1800 1647/1796
f 1649/1802 1681/1801 1682/1804 1650/1805
f 1649/1802 2129/1806 2128/1803 1648/1799
f 1650/1805 1682/1804 1683/1807 1651/1808
f 1650/1805 2130/1809 2129/1806 1649/1802
f 1651/1808 1683/1807 1684/1810 1652/1811
f 1651/1808 2131/1812 2130/1809 1650/1805
f 1652/1811 1684/1810 1685/1813 1653/1814
f 1652/1811 2132/1815 2131/1812 1651/1808
f 1653/1719 1685/1813 1654/1713 1622/1716
f 1653/1719 2133/1718 2132/1815 1652/1811
f 1654/1713 1686/1816 1687/1817 1655/1714
f 1655/1714 1687/1817 1688/1818 1656/1720
f 1656/1720 1688/1818 1689/1819 1657/1723
f 1657/1723 1689/1819 1690/1820 1658/1726
f 1658/1726 1690/1820 1691/1821 1659/1729
f 1659/1733 1691/1822 1692/1823 1660/1734
f 1660/1734 1692/1823 1693/1824 1661/1737
f 1661/1737 1693/1824 1694/1825 1662/1741
f 1662/1741 1694/1825 1695/1826 1663/1744
f 1663/1744 1695/1826 1696/1827 1664/1747
f 1664/1747 1696/1827 1697/1828 1665/1750
f 1665/1750 1697/1828 1698/1829 1666/1753
f 1666/1753 1698/1829 1699/1830 1667/1756
f 1667/1756 1699/1830 1700/1831 1668/1759
f 1668/1759 1700/1831 1701/1832 1669/1762
f 1669/1762 1701/1832 1702/1833 1670/1765
f 1670/1765 1702/1833 1703/1834 1671/1768
f 1671/1768 1703/1834 1704/1835 1672/1771
f 1672/1771 1704/1835 1705/1836 1673/1774
f 1673/1774 1705/1836 1706/1837 1674/1777
f 1674/1777 1706/1837 1707/1838 1675/1780
f 1675/1784 1707/1839 1708/1840 1676/1785
f 1676/1785 1708/1840 1709/1841 1677/1788
f 1677/1788 1709/1841 1710/1842 1678/1792
f 1678/1792 1710/1842 1711/1843 1679/1795
f 1679/1795 1711/1843 1712/1844 1680/1798
f 1680/1798 1712/1844 1713/1845 1681/1801
f 1681/1801 1713/1845 1714/1846 1682/1804
f 1682/1804 1714/1846 1715/1847 1683/1807
f 1683/1807 1715/1847 1716/1848 1684/1810
f 1684/1810 1716/1848 1717/1849 1685/1813
f 1685/1813 1717/1849 1686/1816 1654/1713
f 1686/1816 1718/1850 1719/1851 1687/1817
f 1687/1817 1719/1851 1720/1852 1688/1818
f 1688/1818 1720/1852 1721/1853 1689/1819
f 1689/1819 1721/1853 1722/1854 1690/1820
f 1690/1820 1722/1854 1723/1855 1691/1821
f 1691/1822 1723/1856 1724/1857 1692/1823
f 1692/1823 1724/1857 1725/1858 1693/1824
f 1693/1824 1725/1858 1726/1859 1694/1825
f 1694/1825 1726/1859 1727/1860 1695/1826
f 1695/1826 1727/1860 1728/1861 1696/1827
f 1696/1827 1728/1861 1729/1862 1697/1828
f 1697/1828 1729/1862 1730/1863 1698/1829
f 1698/1829 1730/1863 1731/1864 1699/1830
f 1699/1830 1731/1864 1732/1865 1700/1831
f 1700/1831 1732/1865 1733/1866 1701/1832
f 1701/1832 1733/1866 1734/1867 1702/1833
f 1702/1833 1734/1867 1735/1868 1703/1834
f 1703/1834 1735/1868 1736/1869 1704/1835
f 1704/1835 1736/1869 1737/1870 1705/1836
f 1705/1836 1737/1870 1738/1871 1706/1837
f 1706/1837 1738/1871 1739/1872 1707/1838
f 1707/1839 1739/1873 1740/1874 1708/1840
f 1708/1840 1740/1874 1741/1875 1709/1841
f 1709/1841 1741/1875 1742/1876 1710/1842
f 1710/1842 1742/1876 1743/1877 1711/1843
f 1711/1843 1743/1877 1744/1878 1712/1844
f 1712/1844 1744/1878 1745/1879 1713/1845
f 1713/1845 1745/1879 1746/1880 1714/1846
f 1714/1846 1746/1880 1747/1881 1715/1847
f 1715/1847 1747/1881 1748/1882 1716/1848
f 1716/1848 1748/1882 1749/1883 1717/1849
f 1717/1849 1749/1883 1718/1850 1686/1816
f 1718/1850 1750/1884 1751/1885 1719/1851
f 1719/1851 1751/1885 1752/1886 1720/1852
f 1720/1852 1752/1886 1753/1887 1721/1853
f 1721/1853 1753/1887 1754/1888 1722/1854
f 1722/1854 1754/1888 1755/1889 1723/1855
f 1723/1856 1755/1890 1756/1891 1724/1857
f 1724/1857 1756/1891 1757/1892 1725/1858
f 1725/1858 1757/1892 1758/1893 1726/1859
f 1726/1859 1758/1893 1759/1894 1727/1860
f 1727/1860 1759/1894 1760/1895 1728/1861
f 1728/1861 1760/1895 1761/1896 1729/1862
f 1729/1862 1761/1896 1762/1897 1730/1863
f 1730/1863 1762/1897 1763/1898 1731/1864
f 1731/1864 1763/1898 1764/1899 1732/1865
f 1732/1865 1764/1899 1765/1900 1733/1866
f 1733/1866 1765/1900 1766/1901 1734/1867
f 1734/1867 1766/1901 1767/1902 1735/1868
f 1735/1868 1767/1902 1768/1903 1736/1869
f 1736/1869 1768/1903 1769/1904 1737/1870
f 1737/1870 1769/1904 1770/1905 1738/1871
f 1738/1871 1770/1905 1771/1906 1739/1872
f 1739/1873 1771/1907 1772/1908 1740/1874
f 1740/1874 1772/1908 1773/1909 1741/1875
f 1741/1875 1773/1909 1774/1910 1742/1876
f 1742/1876 1774/1910 1775/1911 1743/1877
f 1743/1877 1775/1911 1776/1912 1744/1878
f 1744/1878 1776/1912 1777/1913 1745/1879
f 1745/1879 1777/1913 1778/1914 1746/1880
f 1746/1880 1778/1914 1779/1915 1747/1881
f 1747/1881 1779/1915 1780/1916 1748/1882
f 1748/1882 1780/1916 1781/1917 1749/1883
f 1749/1883 1781/1917 1750/1884 1718/1850
f 1750/1884 1782/1918 1783/1919 1751/1885
f 1751/1885 1783/1919 1784/1920 1752/1886
f 1752/1886 1784/1920 1785/1921 1753/1887
f 1753/1887 1785/1921 1786/1922 1754/1888
f 1754/1888 1786/1922 1787/1923 1755/1889
f 1755/1890 1787/1924 1788/1925 1756/1891
f 1756/1891 1788/1925 1789/1926 1757/1892
f 1757/1892 1789/1926 1790/1927 1758/1893
f 1758/1893 1790/1927 1791/1928 1759/1894
f 1759/1894 1791/1928 1792/1929 1760/1895
f 1760/1895 1792/1929 1793/1930 1761/1896
f 1761/1896 1793/1930 1794/1931 1762/1897
f 1762/1897 1794/1931 1795/1932 1763/1898
f 1763/1898 1795/1932 1796/1933 1764/1899
f 1764/1899 1796/1933 1797/1934 1765/1900
f 1765/1900 1797/1934 1798/1935 1766/1901
f 1766/1901 1798/1935 1799/1936 1767/1902
f 1767/1902 1799/1936 1800/1937 1768/1903
f 1768/1903 1800/1937 1801/1938 1769/1904
f 1769/1904 1801/1938 1802/1939 1770/1905
f 1770/1905 1802/1939 1803/1940 1771/1906
f 1771/1907 1803/1941 1804/1942 1772/1908
f 1772/1908 1804/1942 1805/1943 1773/1909
f 1773/1909 1805/1943 1806/1944 1774/1910
f 1774/1910 1806/1944 1807/1945 1775/1911
f 1775/1911 1807/1945 1808/1946 1776/1912
f 1776/1912 1808/1946 1809/1947 1777/1913
f 1777/1913 1809/1947 1810/1948 1778/1914
f 1778/1914 1810/1948 1811/1949 1779/1915
f 1779/1915 1811/1949 1812/1950 1780/1916
f 1780/1916 1812/1950 1813/1951 1781/1917
f 1781/1917 1813/1951 1782/1918 1750/1884
f 1782/1918 1814/1952 1815/1953 1783/1919
f 1783/1919 1815/1953 1816/1954 1784/1920
f 1784/1920 1816/1954 1817/1955 1785/1921
f 1785/1921 1817/1955 1818/1956 1786/1922
f 1786/1922 1818/1956 1819/1957 1787/1923
f 1787/1924 1819/1958 1820/1959 1788/1925
f 1788/1925 1820/1959 1821/1960 1789/1926
f 1789/1926 1821/1960 1822/1961 1790/1927
f 1790/1927 1822/1961 1823/1962 1791/1928
f 1791/1928 1823/1962 1824/1963 1792/1929
f 1792/1929 1824/1963 1825/1964 1793/1930
f 1793/1930 1825/1964 1826/1965 1794/1931
f 1794/1931 1826/1965 1827/1966 1795/1932
f 1795/1932 1827/1966 1828/1967 1796/1933
f 1796/1933 1828/1967 1829/1968 1797/1934
f 1797/1934 1829/1968 1830/1969 1798/1935
f 1798/1935 1830/1969 1831/1970 1799/1936
f 1799/1936 1831/1970 1832/1971 1800/1937
f 1800/1937 1832/1971 1833/1972 1801/1938
f 1801/1938 1833/1972 1834/1973 1802/1939
f 1802/1939 1834/1973 1835/1974 1803/1940
f 1803/1941 1835/1975 1836/1976 1804/1942
f 1804/1942 1836/1976 1837/1977 1805/1943
f 1805/1943 1837/1977 1838/1978 1806/1944
f 1806/1944 1838/1978 1839/1979 1807/1945
f 1807/1945 1839/1979 1840/1980 1808/1946
f 1808/1946 1840/1980 1841/1981 1809/1947
f 1809/1947 1841/1981 1842/1982 1810/1948
f 1810/1948 1842/1982 1843/1983 1811/1949
f 1811/1949 1843/1983 1844/1984 1812/1950
f 1812/1950 1844/1984 1845/1985 1813/1951
f 1813/1951 1845/1985 1814/1952 1782/1918
f 1814/1952 1846/1986 1847/1987 1815/1953
f 1815/1953 1847/1987 1848/1988 1816/1954
f 1816/1954 1848/1988 1849/1989 1817/1955
f 1817/1955 1849/1989 1850/1990 1818/1956
f 1818/1956 1850/1990 1851/1991 1819/1957
f 1819/1958 1851/1992 1852/1993 1820/1959
f 1820/1959 1852/1993 1853/1994 1821/1960
f 1821/1960 1853/1994 1854/1995 1822/1961
f 1822/1961 1854/1995 1855/1996 1823/1962
f 1823/1962 1855/1996 1856/1997 1824/1963
f 1824/1963 1856/1997 1857/1998 1825/1964
f 1825/1964 1857/1998 1858/1999 1826/1965
f 1826/1965 1858/1999 1859/2000 1827/1966
f 1827/1966 1859/2000 1860/2001 1828/1967
f 1828/1967 1860/2001 1861/2002 1829/1968
f 1829/1968 1861/2002 1862/2003 1830/1969
f 1830/1969 1862/2003 1863/2004 1831/1970
f 1831/1970 1863/2004 1864/2005 1832/1971
f 1832/1971 1864/2005 1865/2006 1833/1972
f 1833/1972 1865/2006 1866/2007 1834/1973
f 1834/1973 1866/2007 1867/2008 1835/1974
f 1835/1975 1867/2009 1868/2010 1836/1976
f 1836/1976 1868/2010 1869/2011 1837/1977
f 1837/1977 1869/2011 1870/2012 1838/1978
f 1838/1978 1870/2012 1871/2013 1839/1979
f 1839/1979 1871/2013 1872/2014 1840/1980
f 1840/1980 1872/2014 1873/2015 1841/1981
f 1841/1981 1873/2015 1874/2016 1842/1982
f 1842/1982 1874/2016 1875/2017 1843/1983
f 1843/1983 1875/2017 1876/2018 1844/1984
f 1844/1984 1876/2018 1877/2019 1845/1985
f 1845/1985 1877/2019 1846/1986 1814/1952
f 1846/1986 1878/2020 1879/2021 1847/1987
f 1847/1987 1879/2021 1880/2022 1848/1988
f 1848/1988 1880/2022 1881/2023 1849/1989
f 1849/1989 1881/2023 1882/2024 1850/1990
f 1850/1990 1882/2024 1883/2025 1851/1991
f 1851/1992 1883/2026 1884/2027 1852/1993
f 1852/1993 1884/2027 1885/2028 1853/1994
f 1853/1994 1885/2028 1886/2029 1854/1995
f 1854/1995 1886/2029 1887/2030 1855/1996
f 1855/1996 1887/2030 1888/2031 1856/1997
f 1856/1997 1888/2031 1889/2032 1857/1998
f 1857/1998 1889/2032 1890/2033 1858/1999
f 1858/1999 1890/2033 1891/2034 1859/2000
f 1859/2000 1891/2034 1892/2035 1860/2001
f 1860/2001 1892/2035 1893/2036 1861/2002
f 1861/2002 1893/2036 1894/2037 1862/2003
f 1862/2003 1894/2037 1895/2038 1863/2004
f 1863/2004 1895/2038 1896/2039 1864/2005
f 1864/2005 1896/2039 1897/2040 1865/2006
f 1865/2006 1897/2040 1898/2041 1866/2007
f 1866/2007 1898/2041 1899/2042 1867/2008
f 1867/2009 1899/2043 1900/2044 1868/2010
f 1868/2010 1900/2044 1901/2045 1869/2011
f 1869/2011 1901/2045 1902/2046 1870/2012
f 1870/2012 1902/2046 1903/2047 1871/2013
f 1871/2013 1903/2047 1904/2048 1872/2014
f 1872/2014 1904/2048 1905/2049 1873/2015
f 1873/2015 1905/2049 1906/2050 1874/2016
f 1874/2016 1906/2050 1907/2051 1875/2017
f 1875/2017 1907/2051 1908/2052 1876/2018
f 1876/2018 1908/2052 1909/2053 1877/2019
f 1877/2019 1909/2053 1878/2020 1846/1986
f 1878/2054 1910/2055 1911/2056 1879/2057
f 1879/2057 1911/2056 1912/2058 1880/2059
f 1880/2059 1912/2058 1913/2060 1881/2061
f 1881/2061 1913/2060 1914/2062 1882/2063
f 1882/2063 1914/2062 1915/2064 1883/2065
f 1883/2066 1915/2067 1916/2068 1884/2069
f 1884/2069 1916/2068 1917/2070 1885/2071
f 1885/2071 1917/2070 1918/2072 1886/2073
f 1886/2073 1918/2072 1919/2074 1887/2075
f 1887/2075 1919/2074 1920/2076 1888/2077
f 1888/2077 1920/2076 1921/2078 1889/2079
f 1889/2079 1921/2078 1922/2080 1890/2081
f 1890/2081 1922/2080 1923/2082 1891/2083
f 1891/2083 1923/2082 1924/2084 1892/2085
f 1892/2085 1924/2084 1925/2086 1893/2087
f 1893/2087 1925/2086 1926/2088 1894/2089
f 1894/2089 1926/2088 1927/2090 1895/2091
f 1895/2091 1927/2090 1928/2092 1896/2093
f 1896/2093 1928/2092 1929/2094 1897/2095
f 1897/2095 1929/2094 1930/2096 1898/2097
f 1898/2097 1930/2096 1931/2098 1899/2099
f 1899/2100 1931/2101 1932/2102 1900/2103
f 1900/2103 1932/2102 1933/2104 1901/2105
f 1901/2105 1933/2104 1934/2106 1902/2107
f 1902/2107 1934/2106 1935/2108 1903/2109
f 1903/2109 1935/2108 1936/2110 1904/2111
f 1904/2111 1936/2110 1937/2112 1905/2113
f 1905/2113 1937/2112 1938/2114 1906/2115
f 1906/2115 1938/2114 1939/2116 1907/2117
f 1907/2117 1939/2116 1940/2118 1908/2119
f 1908/2119 1940/2118 1941/2120 1909/2121
f 1909/2121 1941/2120 1910/2055 1878/2054
f 1910/2055 1942/2122 1943/2123 1911/2056
f 1911/2056 1943/2123 1944/2124 1912/2058
f 1912/2058 1944/2124 1945/2125 1913/2060
f 1913/2060 1945/2125 1946/2126 1914/2062
f 1914/2062 1946/2126 1947/2127 1915/2064
f 1915/2067 1947/2128 1948/2129 1916/2068
f 1916/2068 1948/2129 1949/2130 1917/2070
f 1917/2070 1949/2130 1950/2131 1918/2072
f 1918/2072 1950/2131 1951/2132 1919/2074
f 1919/2074 1951/2132 1952/2133 1920/2076
f 1920/2076 1952/2133 1953/2134 1921/2078
f 1921/2078 1953/2134 1954/2135 1922/2080
f 1922/2080 1954/2135 1955/2136 1923/2082
f 1923/2082 1955/2136 1956/2137 1924/2084
f 1924/2084 1956/2137 1957/2138 1925/2086
f 1925/2086 1957/2138 1958/2139 1926/2088
f 1926/2088 1958/2139 1959/2140 1927/2090
f 1927/2090 1959/2140 1960/2141 1928/2092
f 1928/2092 1960/2141 1961/2142 1929/2094
f 1929/2094 1961/2142 1962/2143 1930/2096
f 1930/2096 1962/2143 1963/2144 1931/2098
f 1931/2101 1963/2145 1964/2146 1932/2102
f 1932/2102 1964/2146 1965/2147 1933/2104
f 1933/2104 1965/2147 1966/2148 1934/2106
f 1934/2106 1966/2148 1967/2149 1935/2108
f 1935/2108 1967/2149 1968/2150 1936/2110
f 1936/2110 1968/2150 1969/2151 1937/2112
f 1937/2112 1969/2151 1970/2152 1938/2114
f 1938/2114 1970/2152 1971/2153 1939/2116
f 1939/2116 1971/2153 1972/2154 1940/2118
f 1940/2118 1972/2154 1973/2155 1941/2120
f 1941/2120 1973/2155 1942/2122 1910/2055
f 1942/2122 1974/2156 1975/2157 1943/2123
f 1943/2123 1975/2157 1976/2158 1944/2124
f 1944/2124 1976/2158 1977/2159 1945/2125
f 1945/2125 1977/2159 1978/2160 1946/2126
f 1946/2126 1978/2160 1979/2161 1947/2127
f 1947/2128 1979/2162 1980/2163 1948/2129
f 1948/2129 1980/2163 1981/2164 1949/2130
f 1949/2130 1981/2164 1982/2165 1950/2131
f 1950/2131 1982/2165 1983/2166 1951/2132
f 1951/2132 1983/2166 1984/2167 1952/2133
f 1952/2133 1984/2167 1985/2168 1953/2134
f 1953/2134 1985/2168 1986/2169 1954/2135
f 1954/2135 1986/2169 1987/2170 1955/2136
f 1955/2136 1987/2170 1988/2171 1956/2137
f 1956/2137 1988/2171 1989/2172 1957/2138
f 1957/2138 1989/2172 1990/2173 1958/2139
f 1958/2139 1990/2173 1991/2174 1959/2140
f 1959/2140 1991/2174 1992/2175 1960/2141
f 1960/2141 1992/2175 1993/2176 1961/2142
f 1961/2142 1993/2176 1994/2177 1962/2143
f 1962/2143 1994/2177 1995/2178 1963/2144
f 1963/2145 1995/2179 1996/2180 1964/2146
f 1964/2146 1996/2180 1997/2181 1965/2147
f 1965/2147 1997/2181 1998/2182 1966/2148
f 1966/2148 1998/2182 1999/2183 1967/2149
f 1967/2149 1999/2183 2000/2184 1968/2150
f 1968/2150 2000/2184 2001/2185 1969/2151
f 1969/2151 2001/2185 2002/2186 1970/2152
f 1970/2152 2002/2186 2003/2187 1971/2153
f 1971/2153 2003/2187 2004/2188 1972/2154
f 1972/2154 2004/2188 2005/2189 1973/2155
f 1973/2155 2005/2189 1974/2156 1942/2122
f 1974/2156 2006/2190 2007/2191 1975/2157
f 1975/2157 2007/2191 2008/2192 1976/2158
f 1976/2158 2008/2192 2009/2193 1977/2159
f 1977/2159 2009/2193 2010/2194 1978/2160
f 1978/2160 2010/2194 2011/2195 1979/2161
f 1979/2162 2011/2196 2012/2197 1980/2163
f 1980/2163 2012/2197 2013/2198 1981/2164
f 1981/2164 2013/2198 2014/2199 1982/2165
f 1982/2165 2014/2199 2015/2200 1983/2166
f 1983/2166 2015/2200 2016/2201 1984/2167
f 1984/2167 2016/2201 2017/2202 1985/2168
f 1985/2168 2017/2202 2018/2203 1986/2169
f 1986/2169 2018/2203 2019/2204 1987/2170
f 1987/2170 2019/2204 2020/2205 1988/2171
f 1988/2171 2020/2205 2021/2206 1989/2172
f 1989/2172 2021/2206 2022/2207 1990/2173
f 1990/2173 2022/2207 2023/2208 1991/2174
f 1991/2174 2023/2208 2024/2209 1992/2175
f 1992/2175 2024/2209 2025/2210 1993/2176
f 1993/2176 2025/2210 2026/2211 1994/2177
f 1994/2177 2026/2211 2027/2212 1995/2178
f 1995/2179 2027/2213 2028/2214 1996/2180
f 1996/2180 2028/2214 2029/2215 1997/2181
f 1997/2181 2029/2215 2030/2216 1998/2182
f 1998/2182 2030/2216 2031/2217 1999/2183
f 1999/2183 2031/2217 2032/2218 2000/2184
f 2000/2184 2032/2218 2033/2219 2001/2185
f 2001/2185 2033/2219 2034/2220 2002/2186
f 2002/2186 2034/2220 2035/2221 2003/2187
f 2003/2187 2035/2221 2036/2222 2004/2188
f 2004/2188 2036/2222 2037/2223 2005/2189
f 2005/2189 2037/2223 2006/2190 1974/2156
f 2006/2190 2038/2224 2039/2225 2007/2191
f 2007/2191 2039/2225 2040/2226 2008/2192
f 2008/2192 2040/2226 2041/2227 2009/2193
f 2009/2193 2041/2227 2042/2228 2010/2194
f 2010/2194 2042/2228 2043/2229 2011/2195
f 2011/2196 2043/2230 2044/2231 2012/2197
f 2012/2197 2044/2231 2045/2232 2013/2198
f 2013/2198 2045/2232 2046/2233 2014/2199
f 2014/2199 2046/2233 2047/2234 2015/2200
f 2015/2200 2047/2234 2048/2235 2016/2201
f 2016/2201 2048/2235 2049/2236 2017/2202
f 2017/2202 2049/2236 2050/2237 2018/2203
f 2018/2203 2050/2237 2051/2238 2019/2204
f 2019/2204 2051/2238 2052/2239 2020/2205
f 2020/2205 2052/2239 2053/2240 2021/2206
f 2021/2206 2053/2240 2054/2241 2022/2207
f 2022/2207 2054/2241 2055/2242 2023/2208
f 2023/2208 2055/2242 2056/2243 2024/2209
f 2024/2209 2056/2243 2057/2244 2025/2210
f 2025/2210 2057/2244 2058/2245 2026/2211
f 2026/2211 2058/2245 2059/2246 2027/2212
f 2027/2213 2059/2247 2060/2248 2028/2214
f 2028/2214 2060/2248 2061/2249 2029/2215
f 2029/2215 2061/2249 2062/2250 2030/2216
f 2030/2216 2062/2250 2063/2251 2031/2217
f 2031/2217 2063/2251 2064/2252 2032/2218
f 2032/2218 2064/2252 2065/2253 2033/2219
f 2033/2219 2065/2253 2066/2254 2034/2220
f 2034/2220 2066/2254 2067/2255 2035/2221
f 2035/2221 2067/2255 2068/2256 2036/2222
f 2036/2222 2068/2256 2069/2257 2037/2223
f 2037/2223 2069/2257 2038/2224 2006/2190
f 2038/2224 2070/2258 2071/2259 2039/2225
f 2039/2225 2071/2259 2072/2260 2040/2226
f 2040/2226 2072/2260 2073/2261 2041/2227
f 2041/2227 2073/2261 2074/2262 2042/2228
f 2042/2228 2074/2262 2075/2263 2043/2229
f 2043/2230 2075/2264 2076/2265 2044/2231
f 2044/2231 2076/2265 2077/2266 2045/2232
f 2045/2232 2077/2266 2078/2267 2046/2233
f 2046/2233 2078/2267 2079/2268 2047/2234
f 2047/2234 2079/2268 2080/2269 2048/2235
f 2048/2235 2080/2269 2081/2270 2049/2236
f 2049/2236 2081/2270 2082/2271 2050/2237
f 2050/2237 2082/2271 2083/2272 2051/2238
f 2051/2238 2083/2272 2084/2273 2052/2239
f 2052/2239 2084/2273 2085/2274 2053/2240
f 2053/2240 2085/2274 2086/2275 2054/2241
f 2054/2241 2086/2275 2087/2276 2055/2242
f 2055/2242 2087/2276 2088/2277 2056/2243
f 2056/2243 2088/2277 2089/2278 2057/2244
f 2057/2244 2089/2278 2090/2279 2058/2245
f 2058/2245 2090/2279 2091/2280 2059/2246
f 2059/2247 2091/2281 2092/2282 2060/2248
f 2060/2248 2092/2282 2093/2283 2061/2249
f 2061/2249 2093/2283 2094/2284 2062/2250
f 2062/2250 2094/2284 2095/2285 2063/2251
f 2063/2251 2095/2285 2096/2286 2064/2252
f 2064/2252 2096/2286 2097/2287 2065/2253
f 2065/2253 2097/2287 2098/2288 2066/2254
f 2066/2254 2098/2288 2099/2289 2067/2255
f 2067/2255 2099/2289 2100/2290 2068/2256
f 2068/2256 2100/2290 2101/2291 2069/2257
f 2069/2257 2101/2291 2070/2258 2038/2224
f 2070/2258 2102/1717 2103/1722 2071/2259
f 2071/2259 2103/1722 2104/1725 2072/2260
f 2072/2260 2104/1725 2105/1728 2073/2261
f 2073/2261 2105/1728 2106/1731 2074/2262
f 2074/2262 2106/1731 2107/1736 2075/2263
f 2075/2264 2107/1740 2108/1739 2076/2265
f 2076/2265 2108/1739 2109/1743 2077/2266
f 2077/2266 2109/1743 2110/1746 2078/2267
f 2078/2267 2110/1746 2111/1749 2079/2268
f 2079/2268 2111/1749 2112/1752 2080/2269
f 2080/2269 2112/1752 2113/1755 2081/2270
f 2081/2270 2113/1755 2114/1758 2082/2271
f 2082/2271 2114/1758 2115/1761 2083/2272
f 2083/2272 2115/1761 2116/1764 2084/2273
f 2084/2273 2116/1764 2117/1767 2085/2274
f 2085/2274 2117/1767 2118/1770 2086/2275
f 2086/2275 2118/1770 2119/1773 2087/2276
f 2087/2276 2119/1773 2120/1776 2088/2277
f 2088/2277 2120/1776 2121/1779 2089/2278
f 2089/2278 2121/1779 2122/1782 2090/2279
f 2090/2279 2122/1782 2123/1787 2091/2280
f 2091/2281 2123/1791 2124/1790 2092/2282
f 2092/2282 2124/1790 2125/1794 2093/2283
f 2093/2283 2125/1794 2126/1797 2094/2284
f 2094/2284 2126/1797 2127/1800 2095/2285
f 2095/2285 2127/1800 2128/1803 2096/2286
f 2096/2286 2128/1803 2129/1806 2097/2287
f 2097/2287 2129/1806 2130/1809 2098/2288
f 2098/2288 2130/1809 2131/1812 2099/2289
f 2099/2289 2131/1812 2132/1815 2100/2290
f 2100/2290 2132/1815 2133/1718 2101/2291
f 2101/2291 2133/1718 2102/1717 2070/2258
f 2134/2292 2329/2293 2335/2294 2204/2295
f 2134/2292 2398/2296 2402/2297 2329/2293
f 2135/2298 2399/2299 2401/2300 2136/2301
f 2136/2301 2206/2302 2205/2303 2135/2298
f 2136/2301 2401/2300 2397/2304 2137/2305
f 2137/2305 2207/2306 2206/2302 2136/2301
f 2137/2305 2397/2304 2396/2307 2138/2308
f 2138/2308 2208/2309 2207/2306 2137/2305
f 2138/2308 2396/2307 2400/2310 2139/2311
f 2139/2311 2209/2312 2208/2309 2138/2308
f 2139/2311 2488/2313 2496/2314 2209/2312
f 2140/2315 2394/2316 2393/2317 2141/2318
f 2140/2315 2488/2319 2514/2320 2394/2316
f 2141/2318 2211/2321 2210/2322 2140/2315
f 2141/2318 2393/2317 2392/2323 2142/2324
f 2142/2324 2212/2325 2211/2321 2141/2318
f 2142/2324 2392/2323 2395/2326 2143/2327
f 2143/2327 2213/2328 2212/2325 2142/2324
f 2143/2327 2346/2329 2355/2330 2213/2328
f 2143/2327 2395/2326 2403/2331 2346/2329
f 2144/2332 2490/2333 2523/2334 2479/2335
f 2145/2336 2473/2337 2470/2338 2146/2339
f 2145/2336 2490/2340 2522/2341 2473/2337
f 2146/2339 2470/2338 2471/2342 2147/2343
f 2146/2339 2480/2344 2476/2345 2145/2336
f 2147/2343 2471/2342 2474/2346 2148/2347
f 2147/2343 2477/2348 2480/2344 2146/2339
f 2148/2347 2474/2346 2475/2349 2365/2350
f 2148/2347 2478/2351 2477/2348 2147/2343
f 2149/2352 2478/2353 2481/2354 2360/2355
f 2149/2356 2483/2357 2484/2358 2150/2359
f 2150/2359 2477/2348 2478/2351 2149/2356
f 2150/2359 2484/2358 2485/2360 2151/2361
f 2151/2361 2480/2344 2477/2348 2150/2359
f 2151/2361 2485/2360 2482/2362 2152/2363
f 2152/2363 2476/2345 2480/2344 2151/2361
f 2152/2363 2489/2364 2523/2365 2476/2345
f 2153/2366 2489/2367 2524/2368 2486/2369
f 2154/2370 2330/2371 2331/2372 2173/2373
f 2156/2374 2171/2375 2172/2376 2155/2377
f 2157/2378 2170/2379 2171/2375 2156/2374
f 2158/2380 2169/2381 2170/2379 2157/2378
f 2159/2382 2168/2383 2169/2381 2158/2380
f 2159/2382 2491/2384 2492/2385 2168/2383
f 2160/2386 2482/2362 2485/2360 2161/2387
f 2160/2386 2491/2388 2524/2389 2482/2362
f 2161/2387 2166/2390 2167/2391 2160/2386
f 2161/2387 2485/2360 2484/2358 2162/2392
f 2162/2392 2165/2393 2166/2390 2161/2387
f 2162/2392 2484/2358 2483/2357 2163/2394
f 2163/2394 2164/2395 2165/2393 2162/2392
f 2163/2394 2359/2396 2349/2397 2164/2395
f 2163/2394 2483/2357 2487/2398 2359/2396
f 2164/2395 2183/2399 2182/2400 2165/2393
f 2164/2395 2349/2397 2348/2401 2183/2399
f 2165/2393 2182/2400 2181/2402 2166/2390
f 2166/2390 2181/2402 2180/2403 2167/2391
f 2167/2391 2492/2385 2491/2384 2160/2386
f 2168/2383 2179/2404 2178/2405 2169/2381
f 2168/2383 2492/2385 2493/2406 2179/2404
f 2169/2381 2178/2405 2177/2407 2170/2379
f 2170/2379 2177/2407 2176/2408 2171/2375
f 2171/2375 2176/2408 2175/2409 2172/2376
f 2172/2376 2331/2372 2330/2371 2155/2377
f 2173/2373 2331/2372 2332/2410 2174/2411
f 2175/2409 2332/2410 2331/2372 2172/2376
f 2175/2409 2373/2412 2378/2413 2332/2410
f 2176/2408 2372/2414 2373/2412 2175/2409
f 2177/2407 2375/2415 2372/2414 2176/2408
f 2178/2405 2376/2416 2375/2415 2177/2407
f 2179/2404 2371/2417 2376/2416 2178/2405
f 2179/2404 2493/2406 2512/2418 2371/2417
f 2180/2403 2493/2406 2492/2385 2167/2391
f 2181/2402 2369/2419 2370/2420 2180/2403
f 2182/2400 2368/2421 2369/2419 2181/2402
f 2183/2399 2374/2422 2368/2421 2182/2400
f 2184/2423 2380/2424 2391/2425 2347/2426
f 2184/2427 2395/2326 2392/2323 2187/2428
f 2185/2429 2374/2430 2379/2431 2354/2432
f 2185/2433 2380/2434 2381/2435 2186/2436
f 2186/2436 2368/2421 2374/2422 2185/2433
f 2186/2436 2381/2435 2382/2437 2189/2438
f 2187/2428 2381/2435 2380/2434 2184/2427
f 2187/2428 2392/2323 2393/2317 2188/2439
f 2188/2439 2382/2437 2381/2435 2187/2428
f 2188/2439 2393/2317 2394/2316 2191/2440
f 2189/2438 2369/2419 2368/2421 2186/2436
f 2189/2438 2382/2437 2383/2441 2190/2442
f 2190/2442 2370/2420 2369/2419 2189/2438
f 2190/2442 2495/2443 2512/2444 2370/2420
f 2191/2440 2383/2441 2382/2437 2188/2439
f 2191/2440 2494/2445 2513/2446 2383/2441
f 2192/2447 2400/2310 2396/2307 2195/2448
f 2192/2447 2494/2449 2514/2450 2400/2310
f 2193/2451 2384/2452 2385/2453 2194/2454
f 2193/2451 2495/2455 2513/2456 2384/2452
f 2194/2454 2376/2416 2371/2417 2193/2451
f 2194/2454 2385/2453 2386/2457 2197/2458
f 2195/2448 2385/2453 2384/2452 2192/2447
f 2195/2448 2396/2307 2397/2304 2196/2459
f 2196/2459 2386/2457 2385/2453 2195/2448
f 2196/2459 2397/2304 2401/2300 2199/2460
f 2197/2458 2375/2415 2376/2416 2194/2454
f 2197/2458 2386/2457 2388/2461 2198/2462
f 2198/2462 2372/2414 2375/2415 2197/2458
f 2198/2462 2388/2461 2387/2463 2201/2464
f 2199/2460 2388/2461 2386/2457 2196/2459
f 2199/2460 2401/2300 2399/2299 2200/2465
f 2200/2465 2387/2463 2388/2461 2199/2460
f 2200/2465 2399/2299 2402/2466 2333/2467
f 2201/2464 2373/2412 2372/2414 2198/2462
f 2201/2464 2387/2463 2390/2468 2334/2469
f 2202/2470 2377/2471 2378/2472 2334/2473
f 2203/2474 2389/2475 2390/2476 2333/2477
f 2204/2295 2335/2294 2336/2478 2314/2479
f 2205/2303 2335/2294 2329/2293 2135/2298
f 2206/2302 2316/2480 2315/2481 2205/2303
f 2207/2306 2317/2482 2316/2480 2206/2302
f 2208/2309 2318/2483 2317/2482 2207/2306
f 2209/2312 2319/2484 2318/2483 2208/2309
f 2209/2312 2496/2314 2499/2485 2319/2484
f 2210/2322 2496/2314 2488/2313 2140/2315
f 2211/2321 2321/2486 2320/2487 2210/2322
f 2212/2325 2322/2488 2321/2486 2211/2321
f 2213/2328 2323/2489 2322/2488 2212/2325
f 2213/2328 2355/2330 2367/2490 2323/2489
f 2214/2491 2497/2492 2522/2493 2472/2494
f 2215/2495 2220/2496 2221/2497 2216/2498
f 2215/2495 2497/2499 2498/2500 2220/2496
f 2216/2498 2221/2497 2222/2501 2217/2502
f 2216/2498 2470/2338 2473/2337 2215/2495
f 2217/2502 2222/2501 2223/2503 2218/2504
f 2217/2502 2471/2342 2470/2338 2216/2498
f 2218/2504 2474/2346 2471/2342 2217/2502
f 2219/2505 2498/2500 2497/2499 2214/2491
f 2220/2496 2325/2506 2326/2507 2221/2497
f 2220/2496 2498/2500 2500/2508 2325/2506
f 2221/2497 2326/2507 2327/2509 2222/2501
f 2222/2501 2327/2509 2328/2510 2223/2503
f 2223/2503 2356/2511 2366/2512 2218/2504
f 2225/2513 2295/2514 2296/2515 2226/2516
f 2225/2513 2337/2517 2343/2518 2295/2514
f 2225/2513 2411/2519 2414/2520 2337/2517
f 2226/2516 2296/2515 2297/2521 2227/2522
f 2226/2516 2413/2523 2411/2519 2225/2513
f 2227/2522 2297/2521 2298/2524 2228/2525
f 2227/2522 2409/2526 2413/2523 2226/2516
f 2228/2525 2298/2524 2299/2527 2229/2528
f 2228/2525 2408/2529 2409/2526 2227/2522
f 2229/2528 2412/2530 2408/2529 2228/2525
f 2229/2528 2501/2531 2515/2532 2412/2530
f 2230/2533 2300/2534 2301/2535 2231/2536
f 2230/2533 2501/2537 2509/2538 2300/2534
f 2231/2536 2301/2535 2302/2539 2232/2540
f 2231/2536 2405/2541 2406/2542 2230/2533
f 2232/2540 2302/2539 2303/2543 2233/2544
f 2232/2540 2404/2545 2405/2541 2231/2536
f 2233/2544 2407/2546 2404/2545 2232/2540
f 2234/2547 2503/2548 2521/2549 2466/2550
f 2235/2551 2458/2552 2462/2553 2236/2554
f 2235/2551 2503/2555 2520/2556 2458/2552
f 2236/2554 2462/2553 2459/2557 2237/2558
f 2236/2554 2464/2559 2467/2560 2235/2551
f 2237/2558 2459/2557 2460/2561 2238/2562
f 2237/2558 2465/2563 2464/2559 2236/2554
f 2238/2562 2460/2561 2463/2564 2364/2565
f 2238/2562 2468/2566 2465/2563 2237/2558
f 2239/2567 2453/2568 2457/2569 2361/2570
f 2239/2571 2460/2561 2459/2557 2240/2572
f 2240/2572 2454/2573 2453/2568 2239/2571
f 2240/2572 2459/2557 2462/2553 2241/2574
f 2241/2574 2455/2575 2454/2573 2240/2572
f 2241/2574 2462/2553 2458/2552 2242/2576
f 2242/2576 2452/2577 2455/2575 2241/2574
f 2242/2576 2502/2578 2519/2579 2452/2577
f 2243/2580 2502/2581 2520/2582 2461/2583
f 2245/2584 2262/2585 2261/2586 2246/2587
f 2245/2584 2338/2588 2339/2589 2262/2585
f 2246/2587 2261/2586 2260/2590 2247/2591
f 2247/2591 2260/2590 2259/2592 2248/2593
f 2248/2593 2259/2592 2258/2594 2249/2595
f 2249/2596 2504/2597 2519/2598 2456/2599
f 2250/2600 2257/2601 2256/2602 2251/2603
f 2250/2600 2504/2604 2505/2605 2257/2601
f 2251/2603 2256/2602 2255/2606 2252/2607
f 2251/2603 2455/2575 2452/2577 2250/2600
f 2252/2607 2255/2606 2254/2608 2253/2609
f 2252/2607 2454/2573 2455/2575 2251/2603
f 2253/2609 2453/2568 2454/2573 2252/2607
f 2254/2608 2344/2610 2362/2611 2253/2609
f 2254/2608 2446/2612 2451/2613 2344/2610
f 2255/2606 2447/2614 2446/2612 2254/2608
f 2256/2602 2448/2615 2447/2614 2255/2606
f 2257/2601 2449/2616 2448/2615 2256/2602
f 2257/2601 2505/2605 2518/2617 2449/2616
f 2258/2594 2505/2605 2504/2604 2249/2595
f 2259/2592 2444/2618 2445/2619 2258/2594
f 2260/2590 2442/2620 2444/2618 2259/2592
f 2261/2586 2443/2621 2442/2620 2260/2590
f 2262/2585 2441/2622 2443/2621 2261/2586
f 2263/2623 2339/2589 2338/2588 2244/2624
f 2263/2623 2440/2625 2450/2626 2339/2589
f 2264/2627 2437/2628 2438/2629 2340/2630
f 2265/2631 2433/2632 2432/2633 2266/2634
f 2265/2635 2441/2636 2450/2637 2340/2638
f 2266/2634 2432/2633 2435/2639 2267/2640
f 2266/2634 2443/2621 2441/2622 2265/2631
f 2267/2640 2435/2639 2436/2641 2268/2642
f 2267/2640 2442/2620 2443/2621 2266/2634
f 2268/2642 2436/2641 2431/2643 2269/2644
f 2268/2642 2444/2618 2442/2620 2267/2640
f 2269/2644 2445/2619 2444/2618 2268/2642
f 2269/2644 2506/2645 2518/2646 2445/2619
f 2270/2647 2430/2648 2429/2649 2271/2650
f 2270/2647 2506/2651 2517/2652 2430/2648
f 2271/2650 2429/2649 2428/2653 2272/2654
f 2271/2650 2448/2615 2449/2616 2270/2647
f 2272/2654 2428/2653 2434/2655 2273/2656
f 2272/2654 2447/2614 2448/2615 2271/2650
f 2273/2656 2434/2655 2439/2657 2345/2658
f 2273/2656 2446/2612 2447/2614 2272/2654
f 2274/2659 2407/2660 2415/2661 2350/2662
f 2274/2663 2416/2664 2417/2665 2277/2666
f 2275/2667 2416/2668 2427/2669 2353/2670
f 2275/2671 2434/2655 2428/2653 2276/2672
f 2276/2672 2417/2665 2416/2664 2275/2671
f 2276/2672 2428/2653 2429/2649 2279/2673
f 2277/2666 2404/2545 2407/2546 2274/2663
f 2277/2666 2417/2665 2418/2674 2278/2675
f 2278/2675 2405/2541 2404/2545 2277/2666
f 2278/2675 2418/2674 2419/2676 2281/2677
f 2279/2673 2418/2674 2417/2665 2276/2672
f 2279/2673 2429/2649 2430/2648 2280/2678
f 2280/2678 2419/2676 2418/2674 2279/2673
f 2280/2678 2508/2679 2516/2680 2419/2676
f 2281/2677 2406/2542 2405/2541 2278/2675
f 2281/2677 2507/2681 2515/2682 2406/2542
f 2282/2683 2420/2684 2421/2685 2285/2686
f 2282/2683 2507/2687 2516/2688 2420/2684
f 2283/2689 2431/2643 2436/2641 2284/2690
f 2283/2689 2508/2691 2517/2692 2431/2643
f 2284/2690 2421/2685 2420/2684 2283/2689
f 2284/2690 2436/2641 2435/2639 2287/2693
f 2285/2686 2408/2529 2412/2530 2282/2683
f 2285/2686 2421/2685 2422/2694 2286/2695
f 2286/2695 2409/2526 2408/2529 2285/2686
f 2286/2695 2422/2694 2424/2696 2289/2697
f 2287/2693 2422/2694 2421/2685 2284/2690
f 2287/2693 2435/2639 2432/2633 2288/2698
f 2288/2698 2424/2696 2422/2694 2287/2693
f 2288/2698 2432/2633 2433/2632 2291/2699
f 2289/2697 2413/2523 2409/2526 2286/2695
f 2289/2697 2424/2696 2423/2700 2290/2701
f 2290/2701 2411/2519 2413/2523 2289/2697
f 2290/2701 2423/2700 2426/2702 2341/2703
f 2291/2699 2423/2700 2424/2696 2288/2698
f 2291/2699 2433/2632 2438/2704 2342/2705
f 2292/2706 2425/2707 2426/2708 2342/2709
f 2293/2710 2410/2711 2414/2712 2341/2713
f 2294/2714 2343/2518 2337/2517 2224/2715
f 2295/2514 2315/2716 2316/2717 2296/2515
f 2295/2514 2343/2518 2336/2718 2315/2716
f 2296/2515 2316/2717 2317/2719 2297/2521
f 2297/2521 2317/2719 2318/2720 2298/2524
f 2298/2524 2318/2720 2319/2721 2299/2527
f 2299/2527 2509/2538 2501/2537 2229/2528
f 2300/2534 2320/2722 2321/2723 2301/2535
f 2300/2534 2509/2538 2499/2724 2320/2722
f 2301/2535 2321/2723 2322/2725 2302/2539
f 2302/2539 2322/2725 2323/2726 2303/2543
f 2303/2543 2352/2727 2351/2728 2233/2544
f 2304/2729 2510/2730 2511/2731 2309/2732
f 2305/2733 2467/2560 2464/2559 2306/2734
f 2305/2733 2510/2735 2521/2736 2467/2560
f 2306/2734 2311/2737 2310/2738 2305/2733
f 2306/2734 2464/2559 2465/2563 2307/2739
f 2307/2739 2312/2740 2311/2737 2306/2734
f 2307/2739 2465/2563 2468/2566 2308/2741
f 2308/2741 2313/2742 2312/2740 2307/2739
f 2308/2741 2363/2743 2358/2744 2313/2742
f 2308/2741 2468/2566 2469/2745 2363/2743
f 2309/2732 2511/2731 2500/2746 2324/2747
f 2310/2738 2511/2731 2510/2730 2305/2733
f 2311/2737 2326/2748 2325/2749 2310/2738
f 2312/2740 2327/2750 2326/2748 2311/2737
f 2313/2742 2328/2751 2327/2750 2312/2740
f 2313/2742 2358/2744 2357/2752 2328/2751
f 2314/2753 2336/2718 2343/2518 2294/2714
f 2315/2481 2336/2478 2335/2294 2205/2303
f 2319/2721 2499/2724 2509/2538 2299/2527
f 2320/2487 2499/2485 2496/2314 2210/2322
f 2323/2726 2367/2754 2352/2727 2303/2543
f 2324/2755 2500/2508 2498/2500 2219/2505
f 2325/2749 2500/2746 2511/2731 2310/2738
f 2328/2510 2357/2756 2356/2511 2223/2503
f 2329/2293 2402/2297 2399/2299 2135/2298
f 2332/2410 2378/2413 2377/2471 2174/2411
f 2333/2467 2390/2476 2387/2463 2200/2465
f 2333/2467 2402/2466 2398/2296 2203/2474
f 2334/2469 2378/2472 2373/2412 2201/2464
f 2334/2473 2390/2468 2389/2475 2202/2470
f 2337/2517 2414/2520 2410/2711 2224/2715
f 2339/2589 2450/2626 2441/2636 2262/2585
f 2340/2638 2438/2629 2433/2632 2265/2635
f 2340/2630 2450/2637 2440/2625 2264/2627
f 2341/2713 2414/2712 2411/2519 2290/2701
f 2341/2713 2426/2702 2425/2707 2293/2710
f 2342/2705 2426/2708 2423/2700 2291/2699
f 2342/2705 2438/2704 2437/2628 2292/2706
f 2345/2658 2451/2613 2446/2612 2273/2656
f 2347/2426 2403/2331 2395/2326 2184/2423
f 2348/2401 2379/2431 2374/2430 2183/2399
f 2350/2662 2427/2669 2416/2668 2274/2659
f 2351/2728 2415/2661 2407/2660 2233/2544
f 2353/2670 2439/2657 2434/2655 2275/2667
f 2354/2432 2391/2425 2380/2424 2185/2429
f 2360/2355 2487/2398 2483/2357 2149/2352
f 2361/2570 2463/2564 2460/2561 2239/2567
f 2362/2611 2457/2569 2453/2568 2253/2609
f 2364/2565 2469/2745 2468/2566 2238/2562
f 2365/2350 2481/2354 2478/2353 2148/2347
f 2366/2512 2475/2349 2474/2346 2218/2504
f 2370/2420 2512/2444 2493/2406 2180/2403
f 2371/2417 2512/2418 2495/2443 2193/2451
f 2383/2441 2513/2446 2495/2455 2190/2442
f 2384/2452 2513/2456 2494/2445 2192/2447
f 2394/2316 2514/2320 2494/2449 2191/2440
f 2400/2310 2514/2450 2488/2319 2139/2311
f 2406/2542 2515/2682 2501/2531 2230/2533
f 2412/2530 2515/2532 2507/2681 2282/2683
f 2419/2676 2516/2680 2507/2687 2281/2677
f 2420/2684 2516/2688 2508/2679 2283/2689
f 2430/2648 2517/2652 2508/2691 2280/2678
f 2431/2643 2517/2692 2506/2651 2269/2644
f 2445/2619 2518/2646 2505/2605 2258/2594
f 2449/2616 2518/2617 2506/2645 2270/2647
f 2452/2577 2519/2579 2504/2597 2250/2600
f 2456/2599 2519/2598 2502/2578 2243/2580
f 2458/2552 2520/2556 2502/2581 2242/2576
f 2461/2583 2520/2582 2503/2555 2234/2547
f 2466/2550 2521/2549 2510/2735 2304/2729
f 2467/2560 2521/2736 2503/2548 2235/2551
f 2472/2494 2522/2493 2490/2340 2144/2332
f 2473/2337 2522/2341 2497/2492 2215/2495
f 2476/2345 2523/2365 2490/2333 2145/2336
f 2479/2335 2523/2334 2489/2364 2153/2366
f 2482/2362 2524/2389 2489/2367 2152/2363
f 2486/2369 2524/2368 2491/2388 2159/2382