# Blender 4.4.3
# www.blender.org
mtllib beach_poncho_rain_slicker.mtl
o beach_poncho_rain_slicker
v 3.983703 3.220057 1.143917
v -4.162208 3.447914 1.291607
v 3.140105 2.452849 -1.056084
v 1.250844 1.944021 3.071227
v -1.107596 2.146867 -3.379120
v 2.871387 2.268672 -2.368726
v 2.012500 1.669322 -2.720254
v -1.841957 2.541252 -3.251994
v 3.051571 3.008748 2.651341
v -2.536504 2.242171 2.206734
v -3.682426 3.110847 -0.901220
v 0.899905 1.497991 -3.033263
v -4.202011 3.444381 -0.007217
v 3.752424 2.905113 -0.903793
v 0.333313 1.856484 3.345526
v -1.450841 1.950846 -2.647807
v -3.305757 3.012350 2.861070
v 2.051095 1.951321 -3.374712
v 2.670910 2.508442 2.100367
v -3.235803 2.605098 2.217850
v -1.587954 2.051301 3.616148
v -3.007957 2.739661 -0.817307
v 4.131488 3.219808 0.068245
v -0.652605 1.809036 3.292149
v 1.474615 1.934875 1.989661
v -3.885032 3.465410 2.405590
v -0.588558 1.644220 -3.001246
v 2.640725 2.357784 -3.236416
v 2.272583 2.106897 1.111447
v -2.049482 2.080719 3.097612
v -2.382180 2.546055 -2.299772
v 3.743748 3.309843 2.121061
v -0.569132 3.685037 3.100834
v 3.176500 4.721778 0.440664
v -2.896047 4.892617 1.466132
v 0.133725 3.571336 -2.474328
v 1.328777 3.909676 2.873019
v 2.095115 4.057644 -2.159540
v 1.762989 3.977778 2.309423
v -2.125074 4.463272 -2.076814
v 2.817311 4.665600 1.639546
v -1.733476 4.028532 3.143694
v 3.081671 4.719026 1.086044
v 2.711341 4.341266 -0.728823
v 0.703389 3.778460 3.065428
v -3.115204 5.002376 0.704969
v -1.183350 3.999470 -2.283286
v 2.496872 4.205426 -1.549599
v 1.445408 3.633276 -2.100153
v 2.540517 4.335016 1.587325
v -2.132626 4.149270 2.601326
v -1.481153 4.255491 -2.447471
v -2.975046 4.870512 -0.960791
v 0.882938 3.522963 -2.477586
v 0.090244 3.664826 3.040444
v -3.158016 5.006261 -0.190437
v 3.028449 4.571159 -0.181183
v -2.710072 4.574727 1.289298
v -0.655831 3.772855 -2.203213
v 1.897228 3.805029 -2.038518
v -2.313035 4.311686 1.715752
v 2.077981 4.072749 1.658224
v -1.150451 3.843204 3.265000
v -2.573030 4.644554 -1.448214
v 2.761799 5.077792 1.041339
v -2.737348 5.343819 0.537497
v 2.488868 4.795623 -0.566713
v 0.581436 4.199592 2.729659
v -1.049548 4.487918 -1.890020
v 2.216085 4.645328 -1.113079
v 1.190764 4.174061 -1.851678
v -1.418964 4.695299 -2.010090
v 2.234338 4.706142 1.563242
v -1.854418 4.592040 2.387816
v -2.629972 5.253851 -0.852051
v 0.697908 4.113798 -2.029306
v 2.736634 4.979756 -0.046624
v 0.048397 4.136176 2.761053
v -2.774649 5.362126 -0.176507
v -2.357013 4.953823 1.348822
v -0.486840 4.294166 -1.987451
v 1.597102 4.313383 -1.561817
v 1.878095 4.529363 1.844277
v -2.112539 4.751575 1.803530
v -1.002644 4.275821 2.856494
v -2.309303 5.061659 -1.342922
v -0.495784 4.162261 2.808789
v 2.843799 5.090901 0.515057
v -2.571838 5.190747 1.034538
v 0.115145 4.157036 -2.058064
v 1.090883 4.307632 2.592837
v 1.890933 4.502614 -1.571901
v 1.539647 4.427039 2.302477
v -1.466195 4.429325 2.732606
v -1.903560 4.877857 -1.751180
v 2.527626 4.947004 1.409176
v 0.503036 4.680320 -1.581124
v -2.280715 5.606173 -0.085272
v 2.321461 5.333608 0.128416
v 0.026869 4.597883 2.373603
v -0.373095 4.800537 -1.689199
v -1.965358 5.296441 1.296735
v 1.269132 4.812427 -1.338411
v 1.575369 4.926641 1.794157
v -1.754501 5.112028 1.629128
v -0.803418 4.698826 2.350269
v -1.943959 5.428078 -1.054952
v 2.374804 5.370568 0.560196
v -0.399339 4.621689 2.385118
v 0.860971 4.695596 2.212273
v -2.138378 5.456449 0.904993
v 0.065216 4.710075 -1.639969
v 1.586820 4.952540 -1.068692
v 1.242431 4.788093 2.015290
v -1.166721 4.808841 2.210675
v -1.611975 5.277527 -1.357943
v 2.113524 5.229082 1.304379
v 2.303707 5.357434 0.996704
v -2.262100 5.590843 0.483381
v 2.137880 5.214911 -0.341870
v 0.452645 4.629264 2.329194
v -0.808894 4.940400 -1.665141
v 1.880945 5.088461 -0.739448
v 0.908272 4.716631 -1.503736
v -1.493218 4.940505 1.949020
v -1.225754 5.112281 -1.546306
v 1.862235 5.087503 1.573020
v -2.184766 5.561526 -0.599533
v 5.160921 1.079868 2.532870
v 4.706645 1.856161 2.377991
v 4.206801 2.579762 2.238306
v -2.988162 -0.145302 -2.759127
v -2.735176 0.731667 -2.560425
v -2.523527 1.618758 -2.384223
v -2.206166 -0.834927 1.938981
v -2.238862 0.149024 2.366677
v -2.174504 1.123745 2.813290
v 3.220370 -0.436269 1.167593
v 2.922196 0.427445 1.091781
v 2.607157 1.267410 1.056561
v 3.091755 0.021076 -3.627802
v 2.956780 0.798670 -3.529812
v 2.819232 1.568636 -3.402398
v -1.696329 -0.785222 -3.657969
v -0.876001 0.071857 -3.523072
v -0.810291 0.814689 -3.197402
v -5.139290 1.360183 2.908531
v -4.709963 2.034939 2.680234
v -4.303056 2.728380 2.526124
v 1.940225 -0.862051 0.943432
v 1.793753 0.064034 1.128375
v 1.628685 0.989564 1.451890
v -0.674558 -0.927630 3.339316
v -0.655813 -0.010603 3.257931
v -0.658403 0.897140 3.239819
v 5.344007 0.802508 -0.196908
v 4.917427 1.605659 -0.149424
v 4.537310 2.427291 -0.073921
v -3.776128 -0.007017 -0.628256
v -3.482929 0.896480 -0.612902
v -3.223687 1.809337 -0.629397
v -2.090137 -0.709471 3.212758
v -1.955457 0.215827 3.307323
v -1.796729 1.138402 3.472680
v -3.859068 -0.001642 2.297387
v -3.691474 0.879039 2.311946
v -3.494645 1.743696 2.344780
v 3.507955 0.035276 2.607685
v 3.176327 0.858048 2.419335
v 2.893147 1.683841 2.262774
v 1.956399 -0.390966 -3.804245
v 2.058518 0.394491 -3.708621
v 2.104557 1.171552 -3.560354
v -4.098031 0.676814 3.293941
v -3.825974 1.453637 3.133668
v -3.568061 2.228459 3.024424
v -2.440761 -0.520142 -3.320756
v -2.036096 0.314132 -3.069347
v -1.800591 1.100399 -2.848319
v 0.758960 -0.845919 3.501497
v 0.634611 0.058720 3.364746
v 0.485089 0.957583 3.314753
v 4.818146 0.560723 -1.516360
v 4.448827 1.341204 -1.337730
v 4.098622 2.120533 -1.136458
v -5.527833 1.065177 0.016644
v -5.051030 1.842649 0.044064
v -4.613972 2.635878 0.043690
v 0.881633 -1.109775 -3.173626
v 0.929119 -0.102749 -3.040071
v 0.837176 0.722812 -2.948731
v -4.707244 0.543107 -1.067988
v -4.328135 1.382482 -0.928139
v -3.982814 2.238067 -0.853775
v -3.398365 -0.481273 1.183890
v -3.187228 0.438541 1.503715
v -2.904016 1.348392 1.931976
v 4.219621 0.842673 3.441859
v 3.815934 1.548442 3.114156
v 3.418183 2.273125 2.875062
v -2.934815 0.121463 -3.792111
v -2.549892 0.927302 -3.584488
v -2.172842 1.725572 -3.398021
v 2.399009 -0.892512 -2.935817
v 2.339419 0.015514 -2.773374
v 2.189934 0.861128 -2.733132
v 3.069106 -0.350897 -2.557591
v 3.038601 0.524026 -2.541195
v 2.960095 1.387396 -2.466536
v -1.807839 -0.199279 -4.226346
v -1.564665 0.586938 -3.921003
v -1.328825 1.354792 -3.614416
v 1.761871 -0.873128 2.528973
v 1.600051 0.063692 2.591990
v 1.438314 1.002735 2.785995
v 3.854554 -0.065470 -1.145682
v 3.590082 0.761060 -1.122016
v 3.358238 1.598416 -1.096019
v -5.405214 1.105323 1.551990
v -5.001335 1.892812 1.450941
v -4.608195 2.684865 1.365071
v 4.885245 0.647645 1.183910
v 4.624439 1.538085 1.146296
v 4.422110 2.448128 1.125003
v -2.905392 3.213606 -0.996234
v -1.479132 2.503958 3.644029
v 2.714111 2.889434 1.801656
v -3.082016 3.033410 1.997075
v 2.012619 2.358530 -3.253658
v -1.304215 2.371510 -2.559051
v -3.184426 3.412279 2.672600
v 3.577752 3.304945 -0.764832
v -3.990900 3.851592 -0.059381
v 0.263680 2.303864 3.349802
v 0.970390 1.918840 -3.112145
v -3.535442 3.552253 -0.963590
v -1.708345 2.955319 -3.144476
v -2.383118 2.704823 2.332440
v 2.894328 3.369023 2.497015
v 1.935584 2.077296 -2.762605
v 2.848230 2.742748 -2.253246
v -1.047079 2.560475 -3.232678
v -3.934216 3.836290 1.219989
v 1.141855 2.416313 3.205189
v 3.033666 2.900057 -1.019404
v 3.728754 3.559249 1.139427
v -2.022814 2.565740 3.197311
v 3.520216 3.663930 2.042123
v -2.389992 3.036406 -2.261229
v 2.100982 2.551451 1.283494
v 2.531009 2.762008 -3.113810
v 1.422119 2.422436 2.304443
v -0.550801 2.079304 -2.974445
v -3.669395 3.838762 2.297195
v 3.918303 3.606595 0.155071
v -0.644692 2.270465 3.320510
v -2.831151 3.702457 -1.211549
v -1.369382 2.952834 3.617783
v 2.584254 3.280986 1.643883
v -2.868943 3.457250 1.783353
v 2.009328 2.806103 -3.013807
v -1.180573 2.777874 -2.523381
v -3.097258 3.804798 2.323106
v 3.406602 3.716017 -0.564805
v -3.756478 4.251236 -0.118478
v 0.205588 2.750269 3.312993
v 1.012140 2.395975 -3.057800
v -3.389065 3.998277 -0.990862
v -1.610831 3.374369 -2.981334
v -2.276049 3.177509 2.522263
v 2.750074 3.708323 2.300581
v 1.840887 2.562603 -2.620676
v 2.819089 3.244070 -2.082126
v -1.073176 2.998503 -3.013857
v -3.701298 4.237755 1.091849
v 0.997355 2.880444 3.273426
v 2.951377 3.378215 -0.949540
v 3.528912 3.949961 1.138042
v -1.965498 3.053077 3.252686
v 3.301689 4.005885 1.929324
v -2.371003 3.529588 -2.254403
v 1.924527 3.014344 1.745776
v 2.415459 3.173393 -2.912162
v 1.411996 2.917288 2.586015
v -0.337933 2.477866 -2.983655
v -3.440294 4.204789 2.112995
v 3.689417 3.981259 0.253727
v -0.633390 2.738384 3.326974
v -1.621513 -1.169883 -3.125499
v -2.489446 -0.940811 -3.271285
v -1.875670 -0.590293 -4.314744
v -3.127449 -0.229017 -3.865824
v -3.064782 -0.571961 -2.822105
v -3.912662 -0.457253 -0.623325
v -4.889960 0.138521 -1.164822
v -5.773581 0.676710 0.004414
v -5.596415 0.695814 1.603396
v -5.365163 1.011369 3.038657
v -4.213827 0.303148 3.431956
v -3.926048 -0.447133 2.319182
v -3.470546 -0.915620 0.995440
v -2.150155 -1.304299 1.777263
v -2.184160 -1.138833 3.225694
v -0.688068 -1.380206 3.428131
v 0.814486 -1.295759 3.603222
v 1.870385 -1.316460 2.535037
v 1.975651 -1.303332 0.847528
v 3.369332 -0.870267 1.206173
v 3.647905 -0.376438 2.727183
v 4.417511 0.498503 3.627648
v 5.375608 0.679291 2.614637
v 5.017994 0.200489 1.208298
v 5.570862 0.413663 -0.213618
v 4.998815 0.185975 -1.619391
v 3.977632 -0.469327 -1.096402
v 3.029793 -0.779710 -2.553402
v 3.189778 -0.297622 -3.688300
v 1.888113 -0.773556 -3.824440
v 2.363537 -1.311906 -2.829384
v 0.802410 -1.498340 -2.595876
v -0.566412 1.971749 -2.976425
v -1.333514 2.265376 -2.580928
v -1.053390 2.455315 -3.276230
v -1.738300 2.850106 -3.175845
v -2.366232 2.909250 -2.281001
v -2.929836 3.092762 -0.957301
v -3.573388 3.441560 -0.944420
v -4.044796 3.748081 -0.044739
v -3.990616 3.737876 1.248126
v -3.723060 3.743615 2.330572
v -3.213446 3.313234 2.733032
v -3.124499 2.927625 2.064330
v -2.424863 2.588733 2.303298
v -2.028337 2.443554 3.174067
v -1.506458 2.389914 3.640490
v -0.646315 2.154185 3.316423
v 0.284838 2.191658 3.350214
v 1.172472 2.297993 3.174803
v 1.433715 2.298837 2.223632
v 2.144454 2.437119 1.220363
v 2.707603 2.798689 1.886886
v 2.933543 3.283490 2.543334
v 3.573738 3.575273 2.067136
v 3.786851 3.470367 1.148107
v 3.972378 3.508764 0.131256
v 3.621729 3.204664 -0.801326
v 3.060922 2.784746 -1.040729
v 2.837929 2.617309 -2.306909
v 2.557492 2.658777 -3.151376
v 2.018295 2.254316 -3.293200
v 1.955052 1.967700 -2.767968
v 0.957890 1.808965 -3.098002
v 3.902935 3.266470 1.640576
v 5.019781 0.624527 0.425377
v -4.185959 3.430009 0.669569
v -5.366283 1.266180 2.245461
v 3.465293 2.669883 -0.876413
v 3.283631 -0.320288 -1.654621
v 0.826640 1.918880 3.327650
v 1.656949 -0.929115 1.747734
v -1.359321 2.048144 -3.016714
v -2.269976 0.022522 -4.232309
v 3.284209 -0.145030 -3.000869
v 2.123527 1.806784 -3.035017
v 1.949437 -1.152611 -3.030279
v -3.148811 -0.006895 -3.177167
v 2.786580 2.745690 2.488302
v 4.808468 1.101974 3.165746
v -2.943548 2.407389 2.075798
v -2.741381 -0.723809 1.317617
v -3.408144 2.926672 -0.677074
v -5.227934 0.859397 -0.691609
v -0.524420 -0.939683 -3.698356
v 4.016643 3.120324 -0.498400
v -0.113215 1.775609 3.189312
v -1.120989 1.793098 -2.696585
v -3.570517 3.273596 2.748130
v -3.860863 0.274945 2.882971
v 2.268505 2.179997 -3.449092
v 2.576499 2.306188 1.540045
v -1.953684 2.077241 3.400941
v -1.397852 -0.786700 3.493065
v -2.584232 2.588628 -1.622413
v 2.631550 -0.685554 0.771605
v 0.128510 4.011769 -2.164050
v -0.515637 4.164083 -2.042202
v -1.105463 4.370824 -1.968346
v -1.426310 4.585734 -2.141696
v -1.956456 4.775417 -1.857557
v -2.391593 4.963351 -1.398811
v -2.730788 5.165155 -0.906113
v -2.881277 5.273869 -0.180425
v -2.837630 5.261719 0.578485
v -2.663357 5.137940 1.176371
v -2.434769 4.858071 1.292680
v -2.136887 4.643260 1.764249
v -1.930474 4.483783 2.452058
v -1.533701 4.326595 2.846377
v -1.043036 4.170277 2.979389
v -0.516888 4.042765 2.892855
v 0.057272 4.017041 2.838711
v 0.610577 4.095911 2.829899
v 1.145721 4.203530 2.668376
v 1.608699 4.321217 2.329587
v 1.906871 4.414162 1.779604
v 2.310577 4.604078 1.508111
v 2.603850 4.891751 1.496396
v 2.847510 4.987142 1.057991
v 2.937545 4.999034 0.507023
v 2.824740 4.882689 -0.090972
v 2.562809 4.687196 -0.622631
v 2.286605 4.537079 -1.245361
v 1.944742 4.392943 -1.737995
v 1.685637 4.189703 -1.628867
v 1.251244 4.036302 -1.924348
v 0.747591 3.965838 -2.146411
v -0.872304 3.751174 3.194076
v -0.150837 2.238055 3.228840
v 3.134187 4.714311 0.777238
v 3.810994 3.504285 -0.375069
v -3.026660 4.982212 1.144381
v -3.398378 3.645834 2.607651
v 0.529135 3.526920 -2.531943
v -1.037505 2.220464 -2.651387
v 1.015478 3.844400 2.996612
v 1.715858 2.463497 1.715310
v 2.313220 4.138922 -1.899640
v 2.207495 2.574659 -3.294209
v 2.464697 2.682675 1.465455
v -1.812923 4.364901 -2.298298
v -2.546931 3.077030 -1.706406
v 2.616277 4.527590 1.741087
v 3.671222 3.627105 1.607566
v -1.944406 4.076379 2.902852
v -1.861689 2.548696 3.474143
v 2.839267 4.440093 -0.383483
v 2.876537 2.765878 -1.710309
v 0.399606 3.710404 3.062709
v -3.143192 5.005075 0.278349
v -0.981715 3.889927 -2.184400
v -1.249984 2.761607 -3.300249
v 1.701786 3.711800 -2.002567
v 1.508124 1.933887 -2.938179
v 2.326462 4.187830 1.560689
v -2.177605 4.216021 2.179445
v -2.761593 4.749104 -1.156423
v -3.822324 3.739550 -0.639417
v -3.209442 3.211064 2.340127
v 0.102106 4.299658 -1.952123
v -0.461961 4.424074 -1.922553
v -0.986199 4.600548 -1.842769
v -1.379052 4.798908 -1.894153
v -1.839937 4.979417 -1.649473
v -2.227125 5.151786 -1.275136
v -2.519573 5.330818 -0.802220
v -2.655791 5.434791 -0.156267
v -2.636482 5.434172 0.530785
v -2.497184 5.256091 1.002455
v -2.277726 5.047334 1.378289
v -2.061695 4.856710 1.834416
v -1.764731 4.689129 2.295831
v -1.394399 4.530954 2.614682
v -0.957491 4.381157 2.728317
v -0.473465 4.279978 2.714597
v 0.041295 4.253898 2.674141
v 0.549552 4.305617 2.629656
v 1.033396 4.410024 2.512439
v 1.463750 4.525624 2.251720
v 1.847299 4.644504 1.899899
v 2.163865 4.806126 1.601388
v 2.457013 5.018350 1.396036
v 2.666437 5.174936 1.046640
v 2.735445 5.168830 0.527236
v 2.636546 5.065777 -0.006616
v 2.406324 4.896339 -0.501444
v 2.137918 4.755950 -1.003040
v 1.818049 4.611081 -1.435121
v 1.520593 4.435004 -1.531543
v 1.124654 4.312082 -1.768181
v 0.646621 4.259687 -1.913206
v 2.646209 5.020934 1.248288
v 2.818748 5.092868 0.796251
v -2.771991 5.363631 0.194826
v -2.669914 5.277106 0.812301
v 2.622248 4.886914 -0.308329
v 2.349853 4.712785 -0.840884
v 0.317380 4.159259 2.752445
v 0.839953 4.248380 2.675285
v -0.760479 4.381217 -1.965579
v -1.266590 4.582928 -1.936478
v 2.050713 4.565465 -1.343879
v 1.401977 4.231665 -1.754159
v 0.956865 4.133076 -1.939084
v -1.664288 4.779377 -1.888628
v 2.050603 4.615616 1.705403
v 2.407847 4.814500 1.461969
v -1.984285 4.663234 2.098350
v -1.675785 4.511228 2.592956
v -2.489111 5.161473 -1.124652
v -2.725482 5.323072 -0.532429
v 0.415666 4.121739 -2.066540
v 2.810722 5.049146 0.230251
v -0.224955 4.136871 2.777692
v -2.493386 5.062354 1.173134
v -2.233473 4.847171 1.560000
v -0.194218 4.216893 -2.019587
v 1.780875 4.393583 -1.519615
v 1.710038 4.467690 2.065726
v -1.241075 4.347435 2.815776
v -0.755251 4.210752 2.845769
v -2.114348 4.964619 -1.558811
v 1.328957 4.367413 2.470556
v 0.018274 5.227646 -1.149661
v -0.304624 5.285098 -1.174052
v -0.621548 5.373119 -1.139720
v -0.932559 5.479050 -1.060229
v -1.221764 5.574626 -0.938793
v -1.467479 5.649559 -0.709475
v -1.638535 5.704289 -0.404660
v -1.698729 5.697038 -0.032391
v -1.681509 5.646539 0.318184
v -1.606397 5.545371 0.619169
v -1.458213 5.442794 0.895958
v -1.294109 5.329720 1.167586
v -1.100399 5.224374 1.424699
v -0.862029 5.142704 1.636905
v -0.591516 5.079200 1.778643
v -0.289497 5.033066 1.845541
v 0.021128 5.014216 1.859635
v 0.336026 5.023818 1.825304
v 0.640146 5.052384 1.729233
v 0.920165 5.101995 1.580283
v 1.166353 5.179356 1.396594
v 1.394245 5.265150 1.211827
v 1.598556 5.350656 1.019227
v 1.724586 5.442920 0.783471
v 1.792733 5.496877 0.493805
v 1.775473 5.512051 0.157370
v 1.644021 5.481963 -0.165751
v 1.443865 5.432311 -0.461517
v 1.192063 5.360293 -0.672349
v 0.928705 5.285121 -0.857751
v 0.645932 5.229026 -1.000610
v 0.339358 5.208477 -1.092636
v 0.711300 4.689812 -1.542900
v 0.286547 4.687194 -1.612832
v -2.244338 5.589084 -0.358450
v -2.284536 5.608790 0.193350
v 2.360713 5.356798 0.346974
v 2.235666 5.266532 -0.123294
v -0.187532 4.601398 2.379531
v 0.240953 4.606661 2.355363
v -0.156671 4.748033 -1.662842
v -0.590212 4.865670 -1.691479
v -2.055423 5.382596 1.108677
v -1.871155 5.197575 1.459236
v 1.433223 4.876604 -1.207310
v 1.093645 4.758325 -1.435994
v 1.414314 4.853132 1.904359
v 1.730467 4.997779 1.680360
v -1.630122 5.022397 1.790120
v -0.992252 4.749795 2.293106
v -0.605314 4.653690 2.375113
v -1.786361 5.349143 -1.215060
v -2.072879 5.492836 -0.855356
v 2.354339 5.370748 0.780988
v 0.660164 4.658184 2.278663
v 1.057383 4.735042 2.117011
v -2.211076 5.532780 0.706406
v 1.736775 5.018039 -0.908047
v -1.338749 4.868771 2.087279
v -1.422656 5.193975 -1.461071
v 1.994873 5.160214 1.444028
v 2.220740 5.301187 1.162881
v 2.013512 5.146241 -0.539222
v -1.022472 5.023007 -1.612442
v 5.111786 0.857776 1.844144
v 4.796957 1.724968 1.743564
v 4.387298 2.535918 1.683961
v 4.036827 3.182986 0.609136
v 4.384348 2.355063 0.511758
v 4.665117 1.475475 0.445296
v -5.489805 1.069203 0.803993
v -5.039803 1.847667 0.776678
v -4.614315 2.638035 0.739023
v -4.089591 3.498220 1.872304
v -4.537845 2.763273 1.963915
v -4.965427 2.026602 2.079787
v 4.310928 0.210382 -1.452812
v 4.009604 1.022876 -1.321856
v 3.738419 1.840521 -1.123541
v 2.918204 2.292495 -1.756088
v 3.024168 1.406025 -1.741439
v 3.148388 0.540006 -1.711119
v 1.416547 -0.837295 3.186487
v 1.256742 0.090950 3.160780
v 1.054484 1.010438 3.221179
v 1.397366 1.925500 2.600888
v 1.436707 0.963668 2.171515
v 1.524330 0.013674 1.886574
v -2.133837 -0.381534 -3.867065
v -1.887417 0.439351 -3.549167
v -1.665654 1.231109 -3.230899
v -1.329360 2.358250 -3.458380
v -1.593765 1.580562 -3.702171
v -1.930167 0.812509 -3.967492
v 2.882911 2.350776 -2.782434
v 3.059526 1.518755 -2.879968
v 3.200262 0.696199 -2.954578
v 2.228379 -0.652381 -3.358077
v 2.303136 0.186634 -3.278790
v 2.267787 1.009777 -3.151055
v 1.532931 1.516744 -2.816905
v 1.636736 0.725517 -2.689280
v 1.747185 -0.160083 -2.757975
v -2.250039 2.575573 -2.788449
v -2.528757 1.705986 -2.853897
v -2.851462 0.854756 -2.989441
v 3.753954 0.405743 3.175252
v 3.382978 1.182891 2.931112
v 3.055181 1.966303 2.721063
v 3.420825 3.206689 2.472217
v 3.856449 2.504209 2.678534
v 4.329062 1.806528 2.899569
v -3.782353 -0.243720 1.682871
v -3.583736 0.659734 1.790545
v -3.308036 1.541224 1.984442
v -2.218738 2.129841 2.698145
v -2.460431 1.192778 2.347548
v -2.649662 0.238017 1.797407
v -4.280326 0.243733 -0.749237
v -3.957543 1.125623 -0.622919
v -3.664584 2.018970 -0.562358
v -4.006801 3.320972 -0.597294
v -4.380003 2.493165 -0.578520
v -4.790390 1.675872 -0.625029
v 0.131481 1.544717 -3.189207
v -0.098290 0.751054 -3.218685
v -0.036592 0.004392 -3.213627
v 5.262360 0.787021 -0.961560
v 4.840290 1.575920 -0.850920
v 4.429981 2.357643 -0.708957
v 0.058453 -0.954786 3.315000
v 0.015050 -0.045924 3.183934
v -0.045038 0.860711 3.134001
v -2.186867 -0.683729 -3.237307
v -1.546972 0.172343 -3.181857
v -1.371915 0.934031 -2.873470
v -4.610408 1.112774 3.331178
v -4.252235 1.827074 3.098442
v -3.914493 2.539203 2.923259
v -3.219730 2.778513 2.658483
v -3.440496 1.941234 2.801799
v -3.642592 1.107388 2.829316
v 2.428047 -0.111447 -3.967157
v 2.395040 0.664187 -3.853271
v 2.355620 1.422179 -3.686498
v 3.475156 -0.207467 1.880352
v 3.188380 0.649154 1.734498
v 2.886412 1.483072 1.619240
v -2.310627 -0.777787 2.592449
v -2.281499 0.189909 2.860009
v -2.167851 1.145697 3.175115
v -1.069004 1.942257 3.563681
v -1.183525 1.043046 3.517106
v -1.295321 0.131516 3.472701
v -3.218679 -0.171376 -1.636572
v -2.941119 0.727220 -1.594765
v -2.729165 1.640916 -1.550150
v 1.826902 1.985417 1.379064
v 2.105914 1.082076 0.948209
v 2.381279 0.203807 0.796363
v 4.935903 1.471058 2.453487
v 4.441049 2.205547 2.299572
v 3.970630 2.943243 2.176402
v -2.855980 0.294397 -2.669719
v -2.664244 1.179060 -2.425765
v -2.500993 2.092271 -2.281922
v -2.227895 -0.344435 2.137718
v -2.240494 0.642877 2.605411
v -2.140764 1.607246 2.980030
v 3.050201 -0.007371 1.154478
v 2.730988 0.844152 1.136461
v 2.430134 1.690621 1.139475
v 3.022300 0.410619 -3.581684
v 2.862975 1.156245 -3.464996
v 2.731924 1.956629 -3.327739
v -1.295286 -0.360661 -3.731934
v -0.733495 0.471859 -3.316650
v -0.842581 1.208063 -3.105127
v -4.917447 1.699980 2.786935
v -4.476548 2.326199 2.564562
v -4.094608 3.087187 2.461504
v 1.875809 -0.397615 1.028314
v 1.736552 0.530482 1.281580
v 1.577236 1.462901 1.699151
v -0.661959 -0.467864 3.291046
v -0.662357 0.442055 3.233993
v -0.659603 1.353730 3.265254
v 5.119887 1.198427 -0.180406
v 4.709265 2.005939 -0.114804
v 4.330629 2.821855 -0.015218
v -3.631160 0.445923 -0.631523
v -3.343150 1.350071 -0.631916
v -3.108214 2.271282 -0.723353
v -2.014777 -0.250554 3.241332
v -1.868407 0.670789 3.373012
v -1.697238 1.591683 3.537539
v -3.731826 0.421144 2.323578
v -3.539866 1.289421 2.382417
v -3.364604 2.171857 2.327834
v 3.340618 0.447292 2.508016
v 3.055960 1.277589 2.324228
v 2.800925 2.095004 2.163455
v 2.013169 0.003332 -3.764040
v 2.119080 0.781060 -3.626576
v 2.091560 1.560271 -3.466673
v -3.962086 1.065206 3.199725
v -3.706946 1.841267 3.065223
v -3.460620 2.621930 2.935965
v -2.243716 -0.100748 -3.250289
v -1.885575 0.694279 -2.974723
v -1.624358 1.524140 -2.760942
v 0.701235 -0.395710 3.415312
v 0.568531 0.498778 3.296117
v 0.422444 1.398352 3.294463
v 4.630595 0.950159 -1.424349
v 4.270147 1.724438 -1.213230
v 3.925695 2.510123 -1.015309
v -5.284922 1.452935 0.030721
v -4.814118 2.225073 0.055227
v -4.400831 3.033489 0.032485
v 0.894299 -0.585726 -3.109968
v 0.940047 0.341783 -2.991026
v 0.827755 1.101699 -2.973582
v -4.513969 0.965210 -0.995386
v -4.152727 1.809310 -0.869444
v -3.831895 2.673084 -0.848853
v -3.302967 -0.021782 1.361403
v -3.068956 0.901735 1.794391
v -2.751399 1.805628 2.139869
v 4.016337 1.196584 3.267660
v 3.620560 1.879538 2.929008
v 3.239500 2.637419 2.748349
v -2.743160 0.526571 -3.694163
v -2.334379 1.311289 -3.483289
v -1.996059 2.127418 -3.324257
v 2.378128 -0.433009 -2.862886
v 2.251554 0.443855 -2.743226
v 2.094133 1.277959 -2.692946
v 3.066530 0.089990 -2.555829
v 3.040819 0.970280 -2.473993
v 2.957072 1.839587 -2.379467
v -1.692822 0.198501 -4.087326
v -1.482990 0.967641 -3.734800
v -1.219172 1.746912 -3.491496
v 1.668354 -0.406649 2.550241
v 1.488393 0.526976 2.667856
v 1.338638 1.470739 2.915597
v 3.717339 0.348159 -1.135007
v 3.466413 1.175560 -1.136673
v 3.247346 2.020868 -1.096094
v -5.183031 1.486988 1.509752
v -4.792359 2.278503 1.416547
v -4.390350 3.069271 1.334042
v 4.755527 1.092486 1.162898
v 4.512708 1.988928 1.127297
v 4.213206 2.843464 1.122306
v -1.025810 2.389975 3.563589
v -0.190300 2.702381 3.232991
v 3.816597 3.558683 0.646920
v 3.610586 3.900566 -0.240733
v -3.860821 3.874866 1.787646
v -3.207141 4.028232 2.399594
v 0.263461 1.968714 -3.207746
v -0.854092 2.608483 -2.693311
v 1.366413 2.410651 2.813910
v 1.626577 2.952456 2.119126
v 2.784921 2.773024 -2.697792
v 2.132511 2.999777 -3.084295
v 2.291826 3.104186 1.483100
v -2.140404 3.017510 -2.741381
v -2.517639 3.573075 -1.793340
v 3.225311 3.560006 2.354339
v 3.461352 3.999404 1.552381
v -2.138063 2.608053 2.827229
v -1.753755 3.020259 3.504939
v 3.321976 3.096703 -0.731875
v 2.824515 3.261652 -1.588074
v 0.712685 2.367891 3.356672
v -3.953687 3.816192 0.597602
v -1.263353 2.459643 -2.891721
v -1.200645 3.186824 -3.105430
v 2.069651 2.207531 -2.969837
v 1.456949 2.448307 -2.797233
v 2.749143 3.104546 2.253881
v -2.757517 2.845588 2.051698
v -3.283789 3.387055 -0.781319
v -3.626688 4.163452 -0.695844
v -3.093880 3.629270 1.954737
v -2.884381 3.336022 -1.052279
v -1.451181 2.616980 3.642611
v 2.667892 2.984443 1.778544
v -3.032609 3.141156 1.956480
v 2.025532 2.469041 -3.198183
v -1.263388 2.472371 -2.559229
v -3.163302 3.513755 2.596069
v 3.542559 3.407576 -0.680164
v -3.932633 3.951810 -0.075321
v 0.247415 2.415263 3.343800
v 0.985427 2.032527 -3.116137
v -3.510166 3.665901 -0.942014
v -1.679880 3.059234 -3.108046
v -2.358464 2.824479 2.382569
v 2.856057 3.454411 2.448076
v 1.908321 2.190743 -2.753937
v 2.853450 2.869615 -2.209350
v -1.064507 2.671544 -3.177234
v -3.879154 3.937937 1.190120
v 1.105467 2.532440 3.225435
v 3.010709 3.018154 -1.007230
v 3.674752 3.654479 1.139690
v -2.003577 2.686627 3.218692
v 3.465534 3.747980 2.010857
v -2.392892 3.160875 -2.256870
v 2.059031 2.666980 1.414180
v 2.501735 2.863114 -3.071707
v 1.423606 2.547342 2.377124
v -0.509325 2.183197 -2.976554
v -3.614087 3.922753 2.247217
v 3.859923 3.700581 0.179049
v -0.641126 2.388389 3.327472
v -0.983137 2.841531 3.528275
v 3.609025 3.947981 0.699469
v -3.622764 4.258498 1.637659
v 0.400948 2.409320 -3.151495
v 1.297068 2.896837 2.987359
v 2.685683 3.233357 -2.539372
v -2.055164 3.476305 -2.667342
v 3.028961 3.905794 2.213488
v -2.068145 3.094181 2.921679
v 3.170172 3.536153 -0.572808
v 0.595646 2.820156 3.355998
v -3.723703 4.223907 0.504909
v -1.253503 2.897924 -2.708070
v 2.043255 2.673820 -2.749608
v 2.639799 3.466143 2.062903
v -2.563560 3.294269 2.058409
v -3.147269 3.851318 -0.901044
v -0.237664 3.653502 3.037715
v 3.138279 4.678805 0.099244
v -2.758030 4.741755 1.502708
v -0.266807 3.653644 -2.340931
v 1.546545 3.928873 2.600538
v 1.917001 3.921866 -2.225458
v 1.834038 3.998080 1.939374
v -2.345694 4.545628 -1.795720
v 2.983283 4.712552 1.383231
v -1.442160 3.935691 3.241870
v 2.607884 4.266541 -1.172494
v -1.203517 4.110705 -2.457932
v 1.175408 3.560109 -2.299577
v -3.101234 4.968283 -0.645568
v -2.516573 4.435098 1.417699
v -2.719230 4.178189 -1.396708
v -1.275759 3.392066 3.487108
v 2.336006 3.655124 1.604913
v -2.620872 3.891163 1.750287
v 2.046105 3.300302 -2.572373
v -0.954323 3.230420 -2.460295
v -3.003125 4.222049 1.793356
v 3.225928 4.135738 -0.277419
v -3.480857 4.633832 -0.173820
v 0.144324 3.202952 3.220911
v 0.999604 2.939929 -2.831260
v -3.214611 4.440133 -0.937095
v -1.544929 3.799841 -2.745581
v -2.207449 3.664035 2.610011
v 2.667280 4.025747 1.958305
v 1.688093 3.088786 -2.401074
v 2.707752 3.737656 -1.862685
v -1.203441 3.493303 -2.665095
v -3.432981 4.630307 0.917251
v 0.841356 3.333851 3.236155
v 2.843907 3.856724 -0.866240
v 3.325762 4.341976 1.123513
v -1.859434 3.537439 3.236216
v 3.070769 4.331477 1.789664
v -2.286234 4.009372 -2.215943
v 1.876791 3.493498 2.176911
v 2.276043 3.595985 -2.598629
v 1.390435 3.412104 2.766114
v -0.039867 2.974718 -2.839033
v -3.191049 4.551751 1.822881
v 3.442184 4.345427 0.343247
v -0.609220 3.209097 3.267486
v -0.544964 -1.346831 -3.252384
v -2.109339 -1.120953 -3.095556
v -2.163973 -0.804724 -3.916450
v -2.445157 -0.408843 -4.209172
v -3.123584 -0.435485 -3.373455
v -3.362196 -0.618334 -1.627861
v -4.394152 -0.195869 -0.944435
v -5.363471 0.405971 -0.627851
v -5.664424 0.633483 0.811697
v -5.487897 0.826945 2.344620
v -4.794562 0.738058 3.453357
v -4.039068 -0.114013 2.912592
v -3.751268 -0.718562 1.711310
v -2.782075 -1.186136 1.217010
v -2.148193 -1.258528 2.529093
v -1.405701 -1.258157 3.332704
v 0.091223 -1.421288 3.363716
v 1.366230 -1.313398 3.105453
v 1.796234 -1.382456 1.714693
v 2.727378 -1.136059 0.845001
v 3.508095 -0.659781 1.997404
v 3.971698 0.021133 3.285738
v 5.042357 0.738580 3.301389
v 5.149565 0.404155 1.954974
v 5.225121 0.213119 0.435755
v 5.253231 0.328389 -0.866592
v 4.497327 -0.186859 -1.400281
v 3.373403 -0.736360 -1.630794
v 3.166004 -0.574914 -3.110223
v 2.492393 -0.542749 -3.874895
v 2.152269 -1.070108 -3.333743
v 1.830465 -1.519737 -2.707162
v 0.237980 1.862099 -3.199431
v -1.060640 2.113707 -2.661434
v -1.256248 2.347102 -2.942254
v -1.272987 2.657177 -3.336495
v -2.143663 2.896217 -2.753321
v -2.561687 2.955398 -1.686115
v -3.312915 3.270039 -0.763411
v -3.866824 3.630993 -0.619240
v -4.010504 3.716134 0.617440
v -3.908808 3.770399 1.820645
v -3.451910 3.539221 2.607095
v -3.204997 3.102458 2.441061
v -2.801467 2.734670 2.103734
v -2.158198 2.487170 2.798262
v -1.879978 2.428986 3.456111
v -1.038853 2.276078 3.562608
v -0.141695 2.122424 3.223378
v 0.740555 2.253629 3.347699
v 1.368523 2.288233 2.762663
v 1.748975 2.343526 1.630480
v 2.470696 2.580271 1.523858
v 2.797289 3.013801 2.280641
v 3.266023 3.457176 2.369635
v 3.723053 3.533233 1.622673
v 3.872187 3.465041 0.638547
v 3.860547 3.405015 -0.404358
v 3.357221 2.987761 -0.782019
v 2.892514 2.646317 -1.730482
v 2.778893 2.648306 -2.730371
v 2.228000 2.471673 -3.330915
v 2.057357 2.095244 -3.013852
v 1.515535 1.819096 -2.938369
v 0.449374 3.973442 -2.186173
v -0.203036 4.077416 -2.101318
v -0.802376 4.256501 -2.027705
v -1.295205 4.467525 -2.053742
v -1.703233 4.672269 -2.000017
v -2.188495 4.866264 -1.640677
v -2.577956 5.067175 -1.169107
v -2.836321 5.243845 -0.579772
v -2.876894 5.279576 0.207673
v -2.765950 5.192239 0.863911
v -2.579797 4.983673 1.213736
v -2.302282 4.743362 1.535523
v -2.046368 4.552713 2.122807
v -1.760001 4.415964 2.703528
v -1.296521 4.243117 2.936042
v -0.785261 4.098673 2.954627
v -0.230974 4.015862 2.855125
v 0.337092 4.046869 2.841897
v 0.885533 4.143521 2.761668
v 1.401163 4.271596 2.538719
v 1.753350 4.350630 2.052629
v 2.112649 4.505065 1.659820
v 2.490631 4.730066 1.475056
v 2.736554 4.941243 1.278898
v 2.913897 5.003832 0.792175
v 2.910516 4.964018 0.190909
v 2.699254 4.783085 -0.348906
v 2.428337 4.606224 -0.934827
v 2.119474 4.452027 -1.482161
v 1.855831 4.273036 -1.663917
v 1.474138 4.098861 -1.826101
v 1.014890 3.988543 -2.038019
v 0.381104 4.267701 -1.948187
v -0.184034 4.353775 -1.934133
v -0.728505 4.507269 -1.898514
v -1.226257 4.696847 -1.822913
v -1.629779 4.889053 -1.769325
v -2.039248 5.058105 -1.455322
v -2.392556 5.250884 -1.069125
v -2.612701 5.401650 -0.495754
v -2.664350 5.451164 0.198381
v -2.578531 5.372294 0.826248
v -2.396482 5.150860 1.194953
v -2.173426 4.952501 1.588920
v -1.916218 4.771444 2.070548
v -1.594061 4.610188 2.483607
v -1.180102 4.454452 2.698125
v -0.721092 4.322761 2.732304
v -0.217631 4.256411 2.691994
v 0.297772 4.271554 2.657646
v 0.793503 4.357346 2.593038
v 1.261949 4.466933 2.399100
v 1.658119 4.582569 2.074757
v 1.993365 4.727385 1.754987
v 2.319370 4.907488 1.499945
v 2.573046 5.130337 1.263377
v 2.722251 5.190965 0.800879
v 2.708055 5.134672 0.259737
v 2.534870 4.985805 -0.263902
v 2.269461 4.816287 -0.731890
v 1.983181 4.680075 -1.202411
v 1.698646 4.515141 -1.387827
v 1.333627 4.365559 -1.676612
v 0.894220 4.276077 -1.839436
v 0.180014 5.213015 -1.126250
v -0.144194 5.251451 -1.164404
v -0.464653 5.325754 -1.167219
v -0.776963 5.425962 -1.105728
v -1.076951 5.525724 -1.010735
v -1.352717 5.613856 -0.836996
v -1.566666 5.682716 -0.573072
v -1.686081 5.711900 -0.206605
v -1.700429 5.687110 0.163396
v -1.651318 5.602818 0.476376
v -1.534266 5.500202 0.771149
v -1.377074 5.387007 1.031117
v -1.204266 5.274090 1.301459
v -0.986564 5.181998 1.540201
v -0.729313 5.108527 1.718710
v -0.440828 5.053017 1.820312
v -0.135358 5.019041 1.856556
v 0.178174 5.015981 1.848984
v 0.488537 5.035606 1.786312
v 0.783256 5.074585 1.661628
v 1.048490 5.136915 1.491360
v 1.281542 5.222550 1.303846
v 1.499235 5.311968 1.123389
v 1.673123 5.404679 0.914438
v 1.766311 5.487745 0.658128
v 1.800065 5.514927 0.343324
v 1.722646 5.503834 -0.012745
v 1.552489 5.458181 -0.322245
v 1.318336 5.396584 -0.572388
v 1.061587 5.322822 -0.768141
v 0.790648 5.252683 -0.938491
v 0.495019 5.213418 -1.049712
v 4.965051 1.296014 1.786477
v 4.596301 2.134973 1.710647
v 4.148149 2.908468 1.663112
v 4.257570 2.800929 0.556381
v 4.550135 1.927394 0.470232
v 4.843716 1.051750 0.431190
v -5.240803 1.439964 0.787020
v -4.818238 2.234839 0.751622
v -4.397988 3.030449 0.708363
v -4.285667 3.095105 1.930195
v -4.736480 2.377489 2.017357
v -5.142747 1.628044 2.157170
v 4.160846 0.617882 -1.381222
v 3.872714 1.430817 -1.225867
v 3.601011 2.252686 -1.029394
v 2.990904 1.853555 -1.757800
v 3.096009 0.976800 -1.733107
v 3.219469 0.111577 -1.689358
v 1.326399 -0.377793 3.149992
v 1.139971 0.542227 3.154092
v 0.932438 1.458370 3.252666
v 1.415788 1.443255 2.377318
v 1.506485 0.491191 2.021400
v 1.594749 -0.457142 1.804194
v -2.004765 0.031390 -3.741863
v -1.766977 0.827998 -3.382913
v -1.494944 1.630723 -3.127150
v -1.457324 1.964039 -3.575871
v -1.761739 1.194008 -3.821785
v -2.106827 0.418623 -4.101664
v 2.948034 1.913077 -2.845772
v 3.111783 1.094326 -2.930197
v 3.235293 0.271320 -2.988082
v 2.268751 -0.233967 -3.336140
v 2.285657 0.596866 -3.222711
v 2.183748 1.406233 -3.087964
v 1.569480 1.143905 -2.711997
v 1.726749 0.325041 -2.754599
v 1.865515 -0.658239 -2.961233
v -2.346007 2.121164 -2.823607
v -2.667171 1.270911 -2.919804
v -2.991711 0.422945 -3.095013
v 3.568300 0.794316 3.045483
v 3.217202 1.573418 2.816874
v 2.916594 2.356270 2.608756
v 3.625070 2.832040 2.549337
v 4.078267 2.131344 2.759812
v 4.571404 1.458858 3.031101
v -3.662773 0.196802 1.755331
v -3.419530 1.088259 1.951654
v -3.114986 1.968265 2.138923
v -2.348753 1.663616 2.554327
v -2.587785 0.723482 2.110594
v -2.709288 -0.244163 1.541903
v -4.104255 0.680910 -0.724477
v -3.802798 1.569950 -0.588257
v -3.528688 2.469750 -0.615281
v -4.187103 2.902090 -0.567818
v -4.576566 2.079930 -0.590011
v -5.005050 1.266353 -0.653621
v -0.181705 1.121691 -3.221936
v 0.055121 0.400801 -3.202285
v -0.272315 -0.435607 -3.431872
v 5.044896 1.178114 -0.902393
v 4.627900 1.962774 -0.781705
v 4.215249 2.731453 -0.598098
v 0.050133 -0.509253 3.210861
v -0.007885 0.408322 3.148986
v -0.077527 1.320601 3.163539
v -1.895134 -0.257016 -3.420839
v -1.420776 0.568679 -3.109512
v -1.273613 1.360016 -2.804212
v -4.424897 1.471165 3.209997
v -4.080875 2.159340 2.979728
v -3.749377 2.889528 2.821194
v -3.335203 2.359410 2.755875
v -3.542517 1.525209 2.819914
v -3.756532 0.693541 2.841327
v 2.414093 0.274962 -3.907706
v 2.386227 1.041538 -3.770422
v 2.328334 1.795884 -3.566834
v 3.294248 0.209064 1.811717
v 2.988912 1.049851 1.687175
v 2.691094 1.879936 1.594127
v -2.281796 -0.297796 2.714206
v -2.207149 0.663812 3.024864
v -2.032398 1.604572 3.302658
v -1.130557 1.491116 3.535555
v -1.245644 0.585375 3.479026
v -1.344274 -0.331255 3.460743
v -3.078746 0.279747 -1.625440
v -2.845301 1.185316 -1.562943
v -2.672237 2.118655 -1.566406
v 1.979316 1.534961 1.188544
v 2.247711 0.647451 0.924752
v 2.505023 -0.239140 0.805349
v -1.016784 2.502617 3.557442
v -0.164297 2.354318 3.234217
v 3.761738 3.653484 0.657625
v 3.756036 3.598655 -0.334159
v -3.797574 3.962263 1.753578
v -3.370934 3.734111 2.526932
v 0.293088 2.076018 -3.206685
v -0.996683 2.323805 -2.659529
v 1.342481 2.531773 2.866589
v 1.694767 2.586338 1.825719
v 2.756965 2.882328 -2.665493
v 2.200695 2.675972 -3.237583
v 2.407412 2.786684 1.510436
v -2.110787 3.127169 -2.723932
v -2.561307 3.206471 -1.715287
v 3.179510 3.637075 2.302845
v 3.615184 3.716951 1.591351
v -2.121718 2.729932 2.857536
v -1.832028 2.665839 3.485501
v 3.285314 3.206622 -0.700609
v 2.877292 2.893921 -1.665820
v 0.683595 2.480226 3.357755
v -3.895375 3.916174 0.574948
v -1.237325 2.560902 -2.861779
v -1.245955 2.865487 -3.246872
v 2.043941 2.311848 -2.945857
v 1.497816 2.058568 -2.919517
v 2.728406 3.196930 2.195340
v -2.709658 2.955477 2.093528
v -3.250115 3.503726 -0.820063
v -3.772648 3.844034 -0.647129
v -3.166673 3.310588 2.278390
v -0.950229 3.292648 3.410957
v 3.385957 4.331159 0.744095
v -3.336290 4.610241 1.405815
v 0.527177 2.934299 -2.926276
v 1.160132 3.374146 3.074747
v 2.519677 3.672598 -2.272220
v -1.935851 3.912868 -2.520641
v 2.840512 4.210370 1.975849
v -1.997190 3.582047 2.967720
v 3.029691 3.992659 -0.485132
v 0.499491 3.261292 3.250284
v -3.457517 4.621953 0.393967
v -1.135589 3.358131 -2.512178
v 1.906065 3.174890 -2.455844
v 2.486203 3.822083 1.830289
v -2.386843 3.753705 2.185299
v -2.990337 4.313249 -1.076658
v -0.224064 3.175592 3.188958
v 3.375843 4.276158 -0.063733
v -3.042850 4.370378 1.924603
v -0.561208 3.071418 -2.645427
v 1.548713 3.436864 2.459851
v 2.085768 3.448379 -2.701568
v 2.059747 3.544274 1.757462
v -2.498394 4.077353 -1.831844
v 3.234774 4.355267 1.472749
v -1.601321 3.481125 3.449492
v 2.767785 3.775135 -1.385657
v -1.244657 3.638654 -2.798707
v 1.357936 2.992645 -2.602381
v -3.383408 4.566046 -0.693536
v -2.830129 4.036903 1.750573
v -0.025330 7.467379 -0.586900
v -0.213712 7.456300 -0.572661
v -0.376305 7.484263 -0.510417
v -0.482664 7.545864 -0.430517
v -0.547053 7.614275 -0.346360
v -0.602551 7.671433 -0.242844
v -0.660335 7.750348 -0.080552
v -0.700002 7.806476 0.079624
v -0.717543 7.861371 0.274514
v -0.711788 7.900294 0.468752
v -0.673526 7.938867 0.659466
v -0.612025 7.966899 0.868055
v -0.526294 7.958583 1.064271
v -0.400772 7.962095 1.207224
v -0.239456 7.978985 1.310404
v -0.047767 7.998994 1.358627
v 0.126523 7.999092 1.364487
v 0.323353 7.978742 1.328296
v 0.482521 7.954347 1.230948
v 0.625071 7.930300 1.112245
v 0.722756 7.949117 0.930983
v 0.796692 7.929473 0.723131
v 0.846758 7.887373 0.536169
v 0.862589 7.848292 0.347029
v 0.854983 7.793630 0.153137
v 0.819472 7.737798 -0.015851
v 0.778170 7.658257 -0.170626
v 0.724346 7.604998 -0.278213
v 0.665104 7.538420 -0.365468
v 0.556632 7.482221 -0.454343
v 0.403660 7.451672 -0.537222
v 0.212735 7.465604 -0.573312
v 0.092297 7.470716 -0.584160
v -0.121861 7.448890 -0.592969
v -0.301432 7.470412 -0.542243
v -0.433961 7.515253 -0.470140
v -0.514232 7.584037 -0.388785
v -0.576715 7.640485 -0.300198
v -0.630093 7.710975 -0.166664
v -0.684447 7.779878 -0.003576
v -0.711093 7.835164 0.177251
v -0.717972 7.881290 0.367249
v -0.696839 7.920671 0.565843
v -0.644836 7.954566 0.759856
v -0.573476 7.966256 0.971480
v -0.469346 7.951617 1.144349
v -0.317248 7.972427 1.260635
v -0.167234 7.988875 1.334535
v 0.037351 8.001317 1.365248
v 0.249925 7.988874 1.348126
v 0.401860 7.967237 1.281885
v 0.560668 7.940737 1.178321
v 0.678310 7.940295 1.026842
v 0.761615 7.946746 0.827400
v 0.826079 7.908989 0.629993
v 0.858281 7.868172 0.437196
v 0.860964 7.822312 0.250734
v 0.841718 7.767583 0.066807
v 0.798720 7.697304 -0.097458
v 0.754669 7.629100 -0.228774
v 0.692603 7.576356 -0.323347
v 0.618659 7.509162 -0.407975
v 0.488846 7.459760 -0.499092
v 0.312059 7.446382 -0.567579
v -0.052705 7.671696 -0.485713
v -0.185230 7.597605 -0.519986
v -0.339376 7.586840 -0.483898
v -0.425900 7.645460 -0.420543
v -0.426650 7.732094 -0.356383
v -0.469629 7.793165 -0.260365
v -0.518253 7.870583 -0.117970
v -0.550962 7.930441 0.040796
v -0.567516 7.993726 0.233025
v -0.556940 8.035532 0.419320
v -0.517187 8.073891 0.599168
v -0.456671 8.099982 0.769605
v -0.377639 8.111846 0.936488
v -0.276329 8.115295 1.054464
v -0.188519 8.092701 1.171573
v -0.029340 8.140828 1.133140
v 0.120425 8.140956 1.137884
v 0.278946 8.092710 1.185288
v 0.371886 8.110774 1.073036
v 0.479492 8.106250 0.965194
v 0.568497 8.098377 0.813343
v 0.639808 8.069080 0.639948
v 0.690085 8.028083 0.464760
v 0.709987 7.985378 0.282463
v 0.703731 7.921940 0.091755
v 0.675959 7.862878 -0.070521
v 0.641091 7.782925 -0.208127
v 0.603097 7.723936 -0.303881
v 0.605911 7.639903 -0.363383
v 0.483103 7.608197 -0.434178
v 0.371892 7.586491 -0.493988
v 0.233136 7.667733 -0.471602
v 0.088730 7.679669 -0.479899
v -0.113785 7.582173 -0.541202
v -0.272906 7.604108 -0.494318
v -0.373771 7.634245 -0.445476
v -0.414911 7.693308 -0.393687
v -0.446938 7.760333 -0.314746
v -0.493822 7.832777 -0.192201
v -0.537493 7.899710 -0.046000
v -0.561805 7.963618 0.138810
v -0.565922 8.015864 0.322435
v -0.540443 8.055698 0.512336
v -0.489010 8.088309 0.684535
v -0.419978 8.109931 0.856961
v -0.328715 8.114059 0.999625
v -0.223962 8.111362 1.108842
v -0.133410 8.117869 1.147725
v 0.044790 8.144840 1.133357
v 0.224737 8.118232 1.158713
v 0.317332 8.107524 1.123991
v 0.427527 8.109081 1.023297
v 0.526629 8.102625 0.897517
v 0.606232 8.085287 0.724208
v 0.668305 8.049208 0.555871
v 0.703696 8.008236 0.369340
v 0.709321 7.954741 0.189221
v 0.693121 7.892098 0.004298
v 0.658980 7.823514 -0.141722
v 0.622422 7.750350 -0.261971
v 0.593635 7.689113 -0.338439
v 0.550492 7.635824 -0.390555
v 0.447891 7.564217 -0.477357
v 0.298124 7.579439 -0.519212
v -1.043773 5.777545 -0.884908
v -0.890650 6.003975 -0.644562
v -0.712712 6.303837 -0.416237
v -0.641584 6.662261 -0.349314
v -0.643420 6.927155 -0.377037
v -0.636801 7.169509 -0.396062
v -0.589921 7.400305 -0.395615
v -0.632429 7.434120 -0.343040
v -0.685745 7.207989 -0.340195
v -0.695525 6.971249 -0.323171
v -0.689024 6.722783 -0.293299
v -0.767338 6.379617 -0.345215
v -0.981710 6.043585 -0.578225
v -1.169417 5.793189 -0.819400
v 1.267357 5.666575 -0.486685
v 1.078439 5.941874 -0.325607
v 0.874652 6.295298 -0.192316
v 0.821948 6.641160 -0.194054
v 0.839090 6.896644 -0.249064
v 0.830061 7.148002 -0.290204
v 0.775445 7.388006 -0.311934
v 0.734362 7.350312 -0.364926
v 0.781770 7.106879 -0.348135
v 0.785093 6.850235 -0.304155
v 0.763218 6.586808 -0.245360
v 0.807235 6.244168 -0.244669
v 0.984796 5.915237 -0.399606
v 1.148532 5.647464 -0.589674
v 0.879057 5.430958 1.448382
v 0.843251 5.874723 1.423298
v 0.845404 6.285468 1.408537
v 0.926630 6.621677 1.373749
v 0.923819 6.979267 1.445063
v 0.856642 7.336962 1.539787
v 0.763555 7.671542 1.322416
v 0.819702 7.666596 1.209222
v 0.917985 7.328199 1.399404
v 0.974251 7.003830 1.301102
v 0.968704 6.645973 1.281211
v 0.897364 6.311941 1.305768
v 0.931342 5.896193 1.328193
v 1.008429 5.447539 1.362377
v 0.609465 5.415585 1.592637
v 0.624974 5.792631 1.579752
v 0.656447 6.102997 1.580057
v 0.561362 7.499529 1.622294
v 0.561021 7.727614 1.445587
v 0.679909 7.689122 1.409216
v 0.745346 7.364845 1.631755
v 0.860002 6.970275 1.502313
v 0.875395 6.604171 1.428149
v 0.776432 6.240286 1.491230
v 0.743283 5.843650 1.505546
v 0.744915 5.420662 1.525158
v -1.607952 5.835468 -0.225482
v -1.401221 6.116273 -0.075530
v -1.193794 6.514134 0.120505
v -1.078753 6.863086 0.179024
v -1.004230 7.107493 0.126567
v -0.897222 7.381151 0.056103
v -0.798548 7.616376 0.024827
v -0.817569 7.641477 0.107038
v -0.926388 7.401981 0.144580
v -1.047293 7.116914 0.209549
v -1.116130 6.864499 0.243616
v -1.224207 6.509997 0.197226
v -1.432327 6.114473 0.039660
v -1.621800 5.837291 -0.066101
v 0.457045 5.513259 -0.916953
v 0.408427 5.788020 -0.672912
v 0.368583 6.062564 -0.482076
v 0.349165 6.379899 -0.451258
v 0.357211 6.662373 -0.519470
v 0.361173 6.945707 -0.586141
v 0.341810 7.226035 -0.598767
v 0.224008 7.221413 -0.625754
v 0.234447 6.934031 -0.619309
v 0.233599 6.649954 -0.551673
v 0.228948 6.371747 -0.481211
v 0.237104 6.060145 -0.513629
v 0.266445 5.783988 -0.702182
v 0.305777 5.503243 -0.940765
v -1.479767 5.820445 -0.538425
v -1.246898 6.099481 -0.330820
v -0.988505 6.482906 -0.123011
v -0.882105 6.833661 -0.069640
v -0.849281 7.079414 -0.113144
v -0.809338 7.319363 -0.139586
v -0.737112 7.540507 -0.146305
v -0.769760 7.582842 -0.059246
v -0.851905 7.355557 -0.046287
v -0.928414 7.100531 0.007403
v -0.995133 6.857442 0.071056
v -1.103293 6.509076 0.014316
v -1.336111 6.111927 -0.205763
v -1.564169 5.830631 -0.405351
v 0.748910 5.552609 -0.830222
v 0.668427 5.815617 -0.590015
v 0.587502 6.085636 -0.402640
v 0.551050 6.426929 -0.375078
v 0.568757 6.718504 -0.439044
v 0.574457 6.996235 -0.500060
v 0.541033 7.260856 -0.516195
v 0.447639 7.240773 -0.560794
v 0.474784 6.967318 -0.545840
v 0.468744 6.685899 -0.481283
v 0.455760 6.398202 -0.415298
v 0.486182 6.068442 -0.446604
v 0.543090 5.797913 -0.636762
v 0.604521 5.529697 -0.882046
v 1.321190 5.503541 1.074721
v 1.190513 5.943986 1.011254
v 1.071852 6.397018 0.958551
v 1.130680 6.723676 0.946259
v 1.118795 7.059314 0.911200
v 1.037635 7.396576 0.911653
v 0.930425 7.707616 0.827949
v 0.958683 7.699754 0.709876
v 1.071394 7.409253 0.777331
v 1.170015 7.068981 0.808103
v 1.193155 6.740698 0.846841
v 1.161878 6.403937 0.861949
v 1.316941 5.939300 0.907755
v 1.502640 5.508891 0.970515
v 1.124300 5.473663 1.265622
v 1.012240 5.913954 1.222445
v 0.943957 6.325764 1.184721
v 1.006860 6.667749 1.171676
v 1.012212 7.028727 1.154094
v 0.958505 7.339436 1.235226
v 0.861661 7.677778 1.083474
v 0.897404 7.696350 0.954372
v 0.997191 7.367388 1.067240
v 1.059107 7.045386 1.025123
v 1.059532 6.694379 1.059276
v 0.998350 6.356334 1.071603
v 1.093583 5.930832 1.119609
v 1.220928 5.487930 1.187437
v -1.610580 5.791613 0.310218
v -1.420569 6.078105 0.348213
v -1.234053 6.460126 0.423671
v -1.149192 6.836661 0.458383
v -1.088338 7.132906 0.443643
v -0.964841 7.437409 0.424000
v -0.846454 7.693361 0.400311
v -0.842822 7.706137 0.505302
v -0.961342 7.440265 0.529482
v -1.079368 7.126242 0.543694
v -1.134361 6.816921 0.551412
v -1.195820 6.447421 0.508389
v -1.368910 6.065694 0.465631
v -1.581702 5.743803 0.445412
v -1.631151 5.830092 0.055932
v -1.445003 6.106518 0.140496
v -1.237872 6.499686 0.263322
v -1.135962 6.862211 0.301267
v -1.070417 7.127409 0.277926
v -0.945250 7.419306 0.232043
v -0.831953 7.662937 0.202144
v -0.842594 7.680139 0.301789
v -0.958777 7.430769 0.325283
v -1.084261 7.132823 0.354085
v -1.148177 6.852621 0.372013
v -1.244217 6.482719 0.332639
v -1.441931 6.092772 0.246838
v -1.623206 5.811921 0.222108
v 1.696986 5.631769 0.679201
v 1.538063 5.949980 0.627672
v 1.358952 6.382577 0.610662
v 1.279243 6.780407 0.583247
v 1.225880 7.080415 0.526718
v 1.106417 7.396200 0.455916
v 0.990481 7.658188 0.400220
v 0.985608 7.641431 0.301416
v 1.099095 7.385210 0.363530
v 1.217723 7.076059 0.451831
v 1.273791 6.792706 0.513567
v 1.361577 6.401866 0.543259
v 1.553439 5.964777 0.532928
v 1.725535 5.650079 0.538948
v 1.620923 5.563680 0.863267
v 1.435140 5.928843 0.806255
v 1.288600 6.350410 0.766119
v 1.246651 6.745757 0.753846
v 1.204822 7.074922 0.709005
v 1.094024 7.406631 0.659562
v 0.978414 7.684826 0.599839
v 0.988593 7.671424 0.496523
v 1.105380 7.402877 0.552270
v 1.222451 7.079890 0.612945
v 1.271543 6.762838 0.665412
v 1.337876 6.359142 0.694178
v 1.504106 5.936195 0.713904
v 1.674806 5.610689 0.754968
v -1.271609 5.630256 0.908719
v -1.091816 6.035365 0.888551
v -0.951517 6.430077 0.893481
v -0.985230 6.753590 0.899009
v -0.964042 7.087752 0.887452
v -0.892135 7.423969 0.914323
v -0.783383 7.734342 0.852512
v -0.755634 7.721467 0.984742
v -0.865683 7.395107 1.080641
v -0.928263 7.070516 1.013632
v -0.945233 6.723406 1.026096
v -0.913115 6.395662 1.022848
v -1.028808 6.011086 1.017918
v -1.196794 5.605504 1.019073
v -1.494131 5.681778 0.593547
v -1.272044 6.065088 0.605723
v -1.081916 6.488720 0.641515
v -1.092066 6.807838 0.656065
v -1.054219 7.118298 0.650484
v -0.947438 7.441539 0.640001
v -0.830252 7.719581 0.609278
v -0.809258 7.730527 0.724184
v -0.922597 7.439373 0.766637
v -1.013170 7.105690 0.764469
v -1.042187 6.787167 0.769479
v -1.007334 6.475274 0.761387
v -1.171798 6.057242 0.747108
v -1.366720 5.656005 0.747288
v -0.307949 5.577968 -1.048231
v -0.302063 5.835919 -0.781309
v -0.279533 6.098341 -0.560045
v -0.252597 6.422029 -0.498455
v -0.261794 6.706247 -0.551281
v -0.268923 6.981404 -0.605237
v -0.249707 7.248351 -0.607493
v -0.344868 7.270702 -0.575409
v -0.369555 7.013354 -0.575210
v -0.361325 6.743438 -0.528153
v -0.345672 6.452137 -0.482079
v -0.384831 6.116711 -0.549408
v -0.434031 5.859002 -0.779750
v -0.460012 5.615207 -1.048119
v 1.713061 5.658416 0.116905
v 1.480341 5.982355 0.194739
v 1.249391 6.423101 0.282791
v 1.152824 6.797010 0.270098
v 1.097355 7.055639 0.170702
v 1.024954 7.324360 0.082548
v 0.936760 7.562801 0.035693
v 0.911787 7.520891 -0.049565
v 0.989563 7.289663 -0.012771
v 1.028568 7.038199 0.040942
v 1.053228 6.778680 0.114636
v 1.149736 6.403859 0.130007
v 1.406321 5.978135 0.056680
v 1.642646 5.659340 -0.026270
v -0.000981 5.520755 -1.000468
v -0.023058 5.797748 -0.752700
v -0.034021 6.071010 -0.554012
v -0.026338 6.380873 -0.511813
v -0.026748 6.657844 -0.576928
v -0.031395 6.939597 -0.640633
v -0.028526 7.224473 -0.642610
v -0.143193 7.231690 -0.631274
v -0.155087 6.956076 -0.627641
v -0.149187 6.677185 -0.568414
v -0.144151 6.396897 -0.509885
v -0.159708 6.082772 -0.560905
v -0.164201 5.814740 -0.771544
v -0.153507 5.546642 -1.030462
v 1.733024 5.658775 0.431676
v 1.550870 5.975178 0.439961
v 1.353068 6.414618 0.478745
v 1.258637 6.797125 0.455363
v 1.199708 7.066550 0.383532
v 1.086325 7.368401 0.277087
v 0.977107 7.620274 0.207273
v 0.961975 7.595818 0.123658
v 1.063255 7.348449 0.188376
v 1.162970 7.059112 0.298084
v 1.225480 6.798365 0.388002
v 1.320706 6.423388 0.402936
v 1.529457 5.980814 0.329101
v 1.737475 5.658364 0.287134
v -0.881261 5.512124 1.378880
v -0.815092 5.930529 1.367214
v -0.792037 6.317351 1.368718
v -0.840081 6.656125 1.333972
v -0.823834 7.015355 1.420584
v -0.737311 7.382327 1.556573
v -0.617109 7.710752 1.348730
v -0.527165 7.731952 1.430580
v -0.619896 7.413547 1.637057
v -0.747759 7.014521 1.459429
v -0.773091 6.650066 1.361285
v -0.716591 6.274597 1.441767
v -0.720724 5.892110 1.456604
v -0.761589 5.490298 1.477704
v -1.103137 5.568623 1.149642
v -0.966027 5.986897 1.147749
v -0.881560 6.378355 1.159779
v -0.919566 6.699203 1.148127
v -0.904377 7.053796 1.145577
v -0.839101 7.371970 1.253528
v -0.722278 7.705683 1.115909
v -0.677531 7.700395 1.240422
v -0.801119 7.367797 1.420683
v -0.876089 7.032809 1.289441
v -0.890742 6.674372 1.255554
v -0.844420 6.350227 1.275467
v -0.896078 5.960318 1.265226
v -0.996124 5.537870 1.269568
v -0.909038 5.747319 -0.944764
v -0.798932 5.944612 -0.708813
v -0.678321 6.177805 -0.496669
v -0.616060 6.575723 -0.408246
v -0.591130 6.880108 -0.432985
v -0.583847 7.128344 -0.450858
v -0.544189 7.362616 -0.446552
v 1.373903 5.667403 -0.391683
v 1.168191 5.955847 -0.246100
v 0.945875 6.326344 -0.125738
v 0.878630 6.680547 -0.135488
v 0.889846 6.937088 -0.188503
v 0.875917 7.185349 -0.228179
v 0.815251 7.421215 -0.255594
v -0.612106 5.659773 -1.030279
v -0.564624 5.875614 -0.771732
v -0.494499 6.110577 -0.542814
v -0.419408 6.468376 -0.472582
v -0.448391 6.792418 -0.502236
v -0.455319 7.051222 -0.538169
v -0.425412 7.296525 -0.536939
v -0.491408 7.328629 -0.493369
v -0.527213 7.099326 -0.499337
v -0.535795 6.820842 -0.495549
v -0.616963 6.146941 -0.530302
v -0.693627 5.883027 -0.759471
v -0.760146 5.705405 -0.998564
v 1.571081 5.665698 -0.160545
v 1.330336 5.973225 -0.064157
v 1.068345 6.381310 0.008349
v 0.984379 6.752474 0.005698
v 0.982497 7.009727 -0.047596
v 0.958788 7.252441 -0.088385
v 0.885322 7.481577 -0.126025
v 0.853672 7.450573 -0.193031
v 0.920575 7.219038 -0.159472
v 0.937469 6.975061 -0.122026
v 0.929530 6.717885 -0.073460
v 1.005630 6.353915 -0.068397
v 1.251912 5.966906 -0.158328
v 1.478680 5.675292 -0.260128
v -0.391897 5.428884 1.664267
v -0.345948 5.758156 1.655799
v -0.196881 7.581329 1.689074
v -0.202529 7.798348 1.546960
v -0.068095 7.813026 1.580282
v -0.166515 6.010997 1.688657
v -0.209710 5.734079 1.684158
v -0.264979 5.398908 1.690660
v -0.648690 5.466668 1.557782
v -0.611284 5.829048 1.544989
v -0.608281 6.124903 1.553979
v -0.421999 7.542706 1.641026
v -0.397157 7.764891 1.470368
v -0.287309 7.784120 1.514336
v -0.475364 6.068091 1.624430
v -0.483934 5.787154 1.612958
v -0.516160 5.446062 1.626979
v -1.391978 5.817523 -0.649136
v -1.157912 6.085774 -0.433717
v -0.896012 6.454014 -0.229413
v -0.805058 6.803007 -0.166251
v -0.797816 7.047887 -0.194219
v -0.775207 7.279534 -0.211371
v -0.706227 7.499023 -0.221776
v 0.888238 5.584210 -0.764539
v 0.783532 5.841701 -0.533571
v 0.673575 6.113555 -0.351087
v 0.633725 6.464385 -0.331507
v 0.654770 6.757952 -0.394409
v 0.658206 7.030872 -0.450830
v 0.619170 7.285940 -0.467605
v -0.672679 7.465219 -0.285016
v -0.734516 7.243624 -0.276484
v -0.748607 7.010869 -0.261502
v -0.744064 6.764960 -0.236525
v -0.826695 6.420548 -0.294802
v -1.070459 6.069037 -0.509487
v -1.286890 5.812869 -0.725144
v 0.684557 7.316198 -0.415940
v 0.727963 7.068410 -0.399549
v 0.728600 6.801768 -0.348692
v 0.706911 6.517070 -0.286321
v 0.750425 6.167021 -0.294040
v 0.888821 5.876612 -0.468886
v 1.019647 5.617092 -0.685170
v 0.205463 5.395878 1.706531
v 0.216303 5.729046 1.698488
v 0.253821 7.579695 1.705536
v 0.273111 7.797738 1.563475
v 0.356974 7.781517 1.535009
v 0.400319 6.027083 1.690762
v 0.362620 5.741879 1.680303
v 0.335370 5.400642 1.691213
v -0.111484 5.375578 1.694182
v -0.071931 5.719365 1.698379
v 0.024265 7.600276 1.730969
v 0.028234 7.815838 1.589152
v 0.130978 7.812880 1.587253
v 0.077434 5.999364 1.705947
v 0.073722 5.718944 1.705194
v 0.074112 5.377660 1.714279
v 0.095413 7.220697 -0.643133
v 0.099174 6.932089 -0.639586
v 0.101807 6.648643 -0.572295
v 0.098867 6.372700 -0.502073
v 0.098502 6.063660 -0.537820
v 0.120651 5.787046 -0.726904
v 0.150793 5.503968 -0.959659
v 0.480376 5.405467 1.646467
v 0.501586 5.760785 1.639446
v 0.544108 6.053664 1.649637
v 0.426080 7.538517 1.641910
v 0.452816 7.756710 1.492671
v -0.406827 8.080573 0.192332
v -0.126119 8.153079 0.157221
v 0.069107 8.167699 0.156557
v 0.265087 8.150714 0.168440
v 0.547531 8.074603 0.224195
v -0.402545 8.048478 0.099545
v -0.120981 8.124599 0.061980
v 0.072484 8.143353 0.058460
v 0.266658 8.122232 0.073195
v 0.548568 8.041889 0.132088
v -0.403688 8.104418 0.282372
v -0.126767 8.177035 0.250893
v 0.066048 8.188923 0.250613
v 0.259787 8.175468 0.261553
v 0.539724 8.099840 0.312558
v -0.393935 8.122692 0.376517
v -0.123645 8.193129 0.343402
v 0.063269 8.204065 0.342260
v 0.251575 8.192194 0.353529
v 0.525417 8.118633 0.405520
v -0.379159 8.139646 0.466977
v -0.118409 8.205374 0.430901
v 0.060694 8.215749 0.428849
v 0.241452 8.204811 0.440402
v 0.505557 8.136067 0.494561
v -0.360322 8.154729 0.550822
v -0.111479 8.215961 0.512579
v 0.058192 8.225590 0.510363
v 0.229820 8.215682 0.521595
v 0.481772 8.152229 0.576872
v -0.337451 8.165751 0.630653
v -0.102382 8.223047 0.590138
v 0.055840 8.231841 0.588047
v 0.216445 8.223058 0.598575
v 0.454283 8.164612 0.655007
v -0.311172 8.172923 0.704775
v -0.091390 8.224952 0.660157
v 0.053951 8.232530 0.657448
v 0.201194 8.225169 0.668278
v 0.423308 8.172768 0.728876
v -0.281893 8.178859 0.774173
v -0.079318 8.224608 0.720676
v 0.052216 8.231069 0.716804
v 0.185053 8.224939 0.728250
v 0.389466 8.179142 0.796980
v -0.248836 8.183684 0.837393
v -0.065871 8.224011 0.773149
v 0.051015 8.229356 0.767897
v 0.168933 8.224175 0.779863
v 0.352674 8.183949 0.857953
v -0.212344 8.186386 0.894007
v -0.051078 8.223078 0.818699
v 0.050742 8.227588 0.812162
v 0.153329 8.222985 0.824670
v 0.313898 8.186462 0.912057
v -0.175428 8.185590 0.947308
v -0.037060 8.219596 0.864339
v 0.050366 8.223929 0.856513
v 0.138513 8.219500 0.869529
v 0.275117 8.184973 0.962348
v -0.143944 8.172576 1.019795
v -0.027399 8.204150 0.947938
v 0.048971 8.208001 0.940580
v 0.125873 8.204194 0.952568
v 0.240588 8.171648 1.030189
v -0.392944 8.013622 0.004239
v -0.113654 8.090502 -0.033327
v 0.075822 8.110376 -0.039893
v 0.266000 8.088524 -0.022065
v 0.544413 8.007430 0.037326
v -0.382879 7.978327 -0.082229
v -0.110792 8.045898 -0.114265
v 0.077712 8.061838 -0.119324
v 0.266676 8.043494 -0.101598
v 0.537802 7.972782 -0.047818
v -0.368384 7.945655 -0.150931
v -0.105696 8.001633 -0.177386
v 0.079492 8.012101 -0.179428
v 0.264268 7.998669 -0.163153
v 0.526081 7.940132 -0.115842
v -0.349621 7.907341 -0.213431
v -0.096880 7.957856 -0.232282
v 0.081217 7.965222 -0.232561
v 0.258250 7.954684 -0.217668
v 0.512105 7.900947 -0.176893
v -0.328645 7.867690 -0.271044
v -0.086129 7.916616 -0.281743
v 0.082473 7.923159 -0.281218
v 0.249381 7.913384 -0.267631
v 0.495284 7.860366 -0.234516
v -0.307690 7.832018 -0.320576
v -0.073740 7.876970 -0.326944
v 0.083621 7.883467 -0.325737
v 0.239338 7.873917 -0.313556
v 0.478854 7.824501 -0.283940
v -0.292296 7.792998 -0.364761
v -0.060356 7.815448 -0.383201
v 0.084980 7.820644 -0.382069
v 0.229532 7.812426 -0.370527
v 0.467512 7.788600 -0.325397
v -0.295038 7.714264 -0.422052
v 0.482535 7.727141 -0.365500
v 0.119366 7.597228 1.729635
v 0.329927 7.562301 1.677445
v -0.045396 5.999426 1.704071
v -0.284648 7.568892 1.660771
v -0.066300 7.597426 1.722654
v -0.310811 6.034353 1.660766
v 0.226518 6.009473 1.700049
v 0.190802 7.994743 1.358816
v 0.175005 8.132216 1.145342
v 0.205754 7.806874 1.578584
v 0.410866 8.120873 0.189621
v 0.412276 8.088546 0.097021
v 0.403727 8.147254 0.280850
v 0.391522 8.165069 0.373090
v 0.375883 8.179541 0.460992
v 0.357696 8.192635 0.542372
v 0.336729 8.202239 0.619389
v 0.312732 8.206861 0.689726
v 0.286988 8.209517 0.751354
v 0.259873 8.211077 0.805470
v 0.232631 8.211276 0.854012
v 0.206022 8.208607 0.901247
v 0.183596 8.194569 0.980674
v 0.409663 8.054099 0.003638
v 0.407059 8.014485 -0.078406
v 0.400077 7.976583 -0.142975
v 0.389331 7.935680 -0.199526
v 0.375006 7.895017 -0.252005
v 0.360392 7.857042 -0.299082
v 0.350262 7.807051 -0.348459
v 0.370849 7.699800 -0.419902
v 0.190721 7.590358 1.721282
v -0.109254 7.994578 1.348769
v -0.083371 8.131901 1.137289
v -0.137373 7.807096 1.566661
v -0.271095 8.125078 0.168936
v -0.266471 8.093161 0.075983
v -0.269132 8.150150 0.261085
v -0.261674 8.167295 0.354299
v -0.250942 8.181342 0.443124
v -0.237439 8.193724 0.525682
v -0.220708 8.202595 0.603571
v -0.201172 8.206662 0.674755
v -0.179845 8.208964 0.737582
v -0.155977 8.210900 0.792805
v -0.130066 8.211385 0.842467
v -0.104730 8.208559 0.891828
v -0.085360 8.194525 0.972774
v -0.257562 8.058124 -0.017710
v -0.251697 8.018607 -0.101475
v -0.242113 7.980980 -0.167941
v -0.227957 7.940660 -0.225301
v -0.211285 7.900333 -0.277180
v -0.193064 7.862729 -0.323641
v -0.176472 7.814544 -0.372515
v -0.168919 7.719242 -0.445059
v -0.133874 7.590856 1.709078
v -0.518727 6.522306 -0.440331
vn -0.8610 -0.5071 -0.0396
vn -0.8384 -0.5418 -0.0596
vn -0.8064 -0.5889 -0.0538
vn -0.8267 -0.5559 -0.0870
vn 0.8691 -0.4844 -0.0996
vn 0.8704 -0.4923 0.0005
vn 0.8555 -0.5176 -0.0134
vn 0.8393 -0.5386 -0.0737
vn -0.9070 -0.2050 0.3679
vn -0.1698 -0.2643 0.9494
vn -0.4272 -0.2689 0.8633
vn -0.9405 -0.1617 0.2989
vn -0.9762 -0.0230 -0.2154
vn -0.5820 0.0792 -0.8093
vn -0.4510 0.0522 -0.8910
vn -0.9323 -0.0055 -0.3617
vn -0.4352 -0.1267 0.8914
vn -0.8003 0.3705 -0.4713
vn -0.8299 0.3433 -0.4397
vn -0.4799 -0.2263 0.8476
vn -0.9851 -0.1686 -0.0326
vn -0.9812 -0.1800 0.0696
vn -0.9916 -0.0945 0.0888
vn -0.9768 -0.2125 0.0267
vn -0.1541 0.1453 0.9773
vn 0.9335 0.1568 0.3226
vn 0.8788 0.2046 0.4311
vn -0.3371 0.2161 0.9164
vn 0.7484 -0.2894 0.5968
vn 0.2905 -0.3137 0.9040
vn 0.2073 -0.3520 0.9128
vn 0.6768 -0.3411 0.6523
vn -0.2676 -0.3502 -0.8977
vn 0.4894 -0.0444 -0.8709
vn 0.8123 -0.1647 -0.5595
vn -0.1982 -0.4517 -0.8699
vn 0.7556 -0.1393 -0.6400
vn 0.1438 -0.0592 -0.9878
vn 0.3955 0.0207 -0.9182
vn 0.8525 -0.0635 -0.5189
vn 0.5874 -0.1502 0.7952
vn -0.4902 0.2543 0.8337
vn -0.4433 0.2969 0.8458
vn 0.6447 -0.1749 0.7442
vn -0.2150 0.1330 0.9675
vn -0.3293 0.2121 0.9201
vn -0.2942 0.2954 0.9089
vn -0.1580 0.1576 0.9748
vn 0.8911 -0.4535 -0.0183
vn 0.8559 -0.3601 0.3711
vn 0.8552 -0.3800 0.3525
vn 0.8667 -0.4964 -0.0498
vn 0.2067 -0.2310 0.9508
vn -0.6030 -0.4614 0.6508
vn -0.5912 -0.5024 0.6309
vn 0.2486 -0.2056 0.9465
vn -0.0736 0.1202 -0.9900
vn 0.2702 0.1173 -0.9556
vn 0.2936 0.0872 -0.9519
vn -0.0256 0.0317 -0.9992
vn -0.9103 0.3781 -0.1687
vn 0.0113 -0.2527 0.9675
vn 0.1126 -0.1882 0.9756
vn -0.9242 0.3609 -0.1251
vn -0.7844 0.1330 -0.6059
vn 0.1550 -0.2494 -0.9559
vn 0.0098 -0.4320 -0.9018
vn -0.9736 0.0427 -0.2244
vn 0.9752 0.1533 -0.1598
vn 0.4971 -0.1661 0.8517
vn 0.4645 -0.2299 0.8552
vn 0.9798 0.1793 -0.0885
vn 0.9037 0.2070 -0.3748
vn 0.9369 0.2371 -0.2570
vn 0.9438 -0.0188 -0.3301
vn 0.9709 -0.1913 -0.1443
vn -0.5169 0.0080 -0.8560
vn -0.9633 0.2619 -0.0584
vn -0.9847 0.1185 -0.1281
vn -0.2249 -0.0996 -0.9693
vn -0.0264 0.1212 -0.9923
vn 0.5416 0.0500 -0.8391
vn 0.4751 -0.0055 -0.8799
vn -0.1188 0.0540 -0.9914
vn 0.3235 0.0815 0.9427
vn 0.8746 -0.0996 0.4745
vn 0.8890 0.0053 0.4579
vn 0.4530 0.1716 0.8749
vn -0.8401 -0.4824 0.2479
vn -0.8809 -0.4469 -0.1560
vn -0.8663 -0.4594 -0.1963
vn -0.8134 -0.5189 0.2629
vn -0.1763 0.0513 -0.9830
vn -0.4989 0.0901 -0.8620
vn -0.5253 0.0572 -0.8490
vn -0.1792 0.0769 -0.9808
vn -0.8312 0.0585 -0.5529
vn -0.9828 -0.0263 -0.1825
vn -0.9920 -0.0280 -0.1233
vn -0.8673 0.1715 -0.4674
vn 0.5453 -0.4023 -0.7354
vn 0.8200 -0.4727 -0.3228
vn 0.7696 -0.5528 -0.3195
vn 0.4320 -0.5166 -0.7393
vn 0.4001 -0.3891 0.8298
vn 0.1736 -0.2654 0.9484
vn 0.2504 -0.0718 0.9655
vn 0.4819 -0.1414 0.8648
vn -0.3762 -0.3053 0.8748
vn -0.8769 -0.2402 0.4164
vn -0.8280 -0.3579 0.4316
vn -0.3023 -0.3650 0.8805
vn 0.7846 0.1961 -0.5881
vn -0.3468 0.0516 -0.9365
vn -0.6451 0.1938 -0.7391
vn 0.6235 0.3487 -0.6998
vn 0.9457 -0.0993 -0.3094
vn 0.9008 -0.0942 -0.4239
vn 0.9321 -0.0171 -0.3617
vn 0.9212 -0.0512 -0.3858
vn 0.9458 -0.1907 0.2629
vn 0.9413 -0.2274 0.2494
vn 0.9218 -0.1915 0.3370
vn 0.9534 -0.0318 0.3001
vn -0.8041 -0.5485 -0.2293
vn -0.5813 -0.4583 -0.6723
vn -0.5144 -0.5287 -0.6752
vn -0.8022 -0.5566 -0.2162
vn -0.2112 -0.3038 -0.9290
vn -0.3903 -0.3070 -0.8680
vn -0.3226 -0.4608 -0.8268
vn -0.1854 -0.4567 -0.8701
vn -0.7921 -0.5777 0.1973
vn -0.8298 -0.5435 -0.1269
vn -0.7801 -0.6198 -0.0854
vn -0.7394 -0.6560 0.1512
vn -0.3056 -0.5782 -0.7565
vn 0.5388 -0.7643 -0.3544
vn 0.3957 -0.8535 -0.3391
vn -0.4459 -0.5032 -0.7403
vn 0.1863 -0.5399 0.8208
vn 0.0777 -0.5445 0.8351
vn 0.0211 -0.5932 0.8048
vn 0.1147 -0.5388 0.8346
vn -0.8386 0.0807 -0.5388
vn -0.6065 -0.1059 -0.7880
vn -0.1466 -0.6379 -0.7561
vn -0.4857 -0.5387 -0.6884
vn 0.1681 -0.6567 0.7352
vn -0.4725 -0.6837 0.5562
vn -0.3443 -0.8059 0.4816
vn 0.5889 -0.5977 0.5441
vn -0.9209 -0.2271 -0.3167
vn -0.7310 0.1020 -0.6747
vn -0.6841 -0.3380 -0.6464
vn -0.9136 -0.2464 -0.3235
vn 0.7427 -0.3601 0.5646
vn 0.4703 -0.4503 0.7590
vn 0.2094 -0.6806 0.7021
vn 0.4646 -0.6157 0.6365
vn -0.6419 -0.6235 -0.4464
vn -0.1708 -0.5911 -0.7883
vn 0.2977 -0.5254 -0.7971
vn -0.4876 -0.7429 -0.4586
vn 0.3754 -0.3813 -0.8448
vn 0.7819 -0.2341 -0.5778
vn 0.3372 -0.6965 -0.6334
vn 0.0137 -0.7096 -0.7045
vn -0.8308 -0.5426 -0.1238
vn -0.7891 -0.5715 -0.2252
vn -0.6340 -0.7008 -0.3270
vn -0.7618 -0.6249 -0.1707
vn -0.9076 -0.3534 0.2266
vn -0.7905 -0.3942 0.4688
vn -0.7787 -0.4212 0.4650
vn -0.7633 -0.5418 0.3519
vn -0.2740 -0.3303 -0.9032
vn 0.0613 -0.3573 -0.9320
vn 0.0990 -0.5536 -0.8269
vn -0.0628 -0.6197 -0.7824
vn 0.6976 -0.6961 -0.1694
vn 0.7581 -0.6510 -0.0380
vn 0.6842 -0.7253 -0.0764
vn 0.5413 -0.8115 -0.2200
vn -0.9868 -0.0516 0.1535
vn -0.7753 -0.2627 0.5744
vn -0.2668 -0.4513 0.8516
vn -0.8440 -0.3849 0.3735
vn -0.6631 -0.6123 0.4306
vn -0.8609 -0.4563 0.2251
vn -0.6468 -0.6699 0.3646
vn -0.4278 -0.7798 0.4571
vn -0.3526 -0.5470 0.7592
vn 0.1110 -0.5372 0.8361
vn -0.2035 -0.4873 0.8492
vn -0.3416 -0.5475 0.7639
vn 0.7432 -0.2007 -0.6382
vn 0.6146 -0.3899 -0.6857
vn -0.2158 -0.1305 -0.9677
vn 0.5737 -0.1561 -0.8040
vn 0.8305 -0.1485 -0.5369
vn 0.9144 -0.2786 -0.2938
vn 0.8282 -0.4931 -0.2664
vn 0.5840 -0.6112 -0.5343
vn 0.2610 -0.5200 0.8133
vn -0.1964 -0.5410 0.8178
vn -0.5152 -0.6291 0.5821
vn 0.1128 -0.6985 0.7066
vn 0.6997 -0.4545 0.5513
vn 0.5283 -0.1867 0.8283
vn 0.5795 -0.4512 0.6787
vn 0.6358 -0.6543 0.4096
vn -0.1485 -0.5411 0.8277
vn -0.3955 -0.5306 0.7497
vn -0.3107 -0.6045 0.7335
vn -0.1229 -0.6197 0.7752
vn 0.1272 -0.3530 -0.9269
vn 0.0652 -0.3280 -0.9424
vn -0.0099 -0.4739 -0.8805
vn 0.1022 -0.5099 -0.8541
vn 0.7608 -0.6479 -0.0362
vn 0.7704 -0.6093 0.1880
vn 0.6915 -0.7089 0.1388
vn 0.7058 -0.7083 -0.0121
vn -0.5205 -0.3980 0.7554
vn -0.6302 -0.5086 0.5866
vn -0.6613 -0.6108 0.4353
vn -0.6176 -0.4476 0.6466
vn -0.3303 -0.5709 -0.7516
vn -0.8932 0.1946 -0.4053
vn -0.5500 0.0209 -0.8349
vn 0.5844 -0.3319 -0.7405
vn -0.2429 -0.3829 0.8913
vn 0.1671 -0.5096 0.8440
vn 0.1118 -0.4608 0.8804
vn -0.0724 -0.3595 0.9303
vn 0.5929 -0.4389 0.6752
vn 0.9687 0.0678 0.2390
vn 0.8406 -0.2912 0.4567
vn -0.0330 -0.6163 0.7868
vn 0.7672 -0.4694 -0.4371
vn 0.2321 -0.5394 -0.8094
vn 0.7264 -0.2801 -0.6276
vn 0.8574 -0.3984 -0.3258
vn 0.3499 -0.0713 -0.9341
vn -0.6083 -0.1262 -0.7836
vn -0.7988 -0.0887 -0.5950
vn -0.4456 0.0390 -0.8944
vn -0.3253 -0.3511 -0.8780
vn -0.0342 -0.4196 -0.9070
vn -0.1073 -0.6547 -0.7483
vn -0.3031 -0.5294 -0.7924
vn 0.7389 -0.2141 0.6389
vn 0.8111 -0.2507 0.5285
vn 0.6022 -0.5142 0.6108
vn 0.6541 -0.4115 0.6347
vn -0.6820 -0.7011 -0.2082
vn -0.5510 -0.6969 -0.4591
vn -0.7046 -0.5281 -0.4740
vn -0.7033 -0.6807 -0.2047
vn 0.5209 -0.7908 -0.3216
vn 0.6091 -0.7861 -0.1046
vn 0.6448 -0.7576 -0.1010
vn 0.6682 -0.6806 -0.3004
vn -0.5480 -0.7037 0.4522
vn -0.5708 -0.6399 0.5145
vn -0.4917 -0.7018 0.5155
vn -0.4353 -0.7596 0.4832
vn -0.0471 -0.6754 -0.7359
vn 0.0593 -0.6510 -0.7568
vn 0.0219 -0.6627 -0.7485
vn -0.0082 -0.6483 -0.7613
vn -0.4637 -0.4655 0.7538
vn 0.0083 -0.5047 0.8632
vn 0.0506 -0.4478 0.8927
vn -0.2504 -0.4816 0.8399
vn -0.3074 -0.8075 0.5034
vn -0.4871 -0.7706 0.4109
vn -0.4753 -0.7760 0.4146
vn -0.3186 -0.7904 0.5232
vn -0.2280 -0.5739 0.7866
vn -0.2169 -0.5407 0.8128
vn -0.2060 -0.5721 0.7939
vn -0.1711 -0.5918 0.7878
vn 0.0841 -0.7516 0.6542
vn -0.6954 -0.4803 0.5346
vn -0.6207 -0.4491 0.6427
vn 0.0641 -0.7493 0.6591
vn -0.3198 -0.0595 -0.9456
vn -0.6049 -0.0163 -0.7961
vn -0.6246 -0.0540 -0.7790
vn -0.4935 -0.0643 -0.8674
vn 0.3772 -0.7563 -0.5346
vn 0.6876 -0.6000 -0.4090
vn 0.5260 -0.6924 -0.4940
vn 0.2584 -0.7928 -0.5520
vn 0.4817 -0.8096 0.3353
vn 0.4474 -0.7367 0.5071
vn 0.4059 -0.7928 0.4547
vn 0.4539 -0.8306 0.3226
vn -0.1179 -0.6399 0.7593
vn -0.2292 -0.6315 0.7407
vn -0.1970 -0.6353 0.7467
vn -0.1185 -0.6428 0.7568
vn -0.5523 -0.6659 0.5016
vn -0.5611 -0.7447 0.3614
vn -0.5366 -0.7721 0.3404
vn -0.5126 -0.7277 0.4557
vn 0.0480 -0.5807 -0.8127
vn -0.0489 -0.5423 -0.8388
vn -0.0559 -0.5873 -0.8074
vn 0.0105 -0.6191 -0.7852
vn 0.6316 -0.7753 0.0015
vn 0.5819 -0.8001 0.1457
vn 0.5129 -0.8442 0.1557
vn 0.5755 -0.8174 0.0248
vn 0.7511 -0.3179 -0.5786
vn 0.4507 -0.3510 -0.8208
vn 0.6152 -0.4050 -0.6764
vn 0.7423 -0.3529 -0.5696
vn -0.0688 -0.4001 0.9139
vn 0.0117 -0.4530 0.8914
vn -0.0584 -0.4843 0.8730
vn -0.0647 -0.4459 0.8927
vn -0.3927 -0.6161 0.6828
vn 0.2340 -0.5419 0.8072
vn -0.1326 -0.6082 0.7826
vn -0.4232 -0.5453 0.7236
vn -0.6029 0.1409 -0.7852
vn -0.8279 -0.0707 -0.5563
vn -0.7297 -0.0713 -0.6800
vn -0.6842 0.0710 -0.7258
vn 0.8695 -0.3178 -0.3781
vn 0.8049 -0.1839 -0.5642
vn 0.8163 -0.2877 -0.5010
vn 0.7491 -0.4100 -0.5203
vn -0.2315 -0.6731 -0.7024
vn -0.1004 -0.7333 -0.6725
vn -0.1232 -0.7241 -0.6786
vn -0.1879 -0.6988 -0.6902
vn 0.3914 -0.6741 0.6264
vn 0.3549 -0.7091 0.6093
vn 0.2393 -0.7640 0.5992
vn 0.3191 -0.7315 0.6026
vn -0.1530 -0.5390 -0.8283
vn -0.2594 -0.5837 -0.7694
vn -0.1946 -0.6310 -0.7510
vn -0.1360 -0.5877 -0.7976
vn -0.6446 -0.7476 0.1600
vn -0.6925 -0.7197 -0.0509
vn -0.6523 -0.7579 -0.0120
vn -0.5816 -0.7949 0.1729
vn -0.2896 -0.6199 -0.7293
vn 0.2970 -0.8902 -0.3456
vn 0.5425 -0.6246 -0.5618
vn 0.4767 -0.5758 -0.6642
vn 0.0241 -0.5500 0.8348
vn -0.0337 -0.6124 0.7898
vn -0.0657 -0.6191 0.7826
vn -0.0299 -0.5650 0.8246
vn -0.2031 -0.6533 -0.7293
vn -0.1113 -0.6416 -0.7590
vn -0.1073 -0.6389 -0.7617
vn -0.1979 -0.6642 -0.7209
vn 0.7514 -0.3413 0.5648
vn -0.3587 -0.8158 0.4536
vn -0.3450 -0.8096 0.4750
vn 0.6289 -0.3726 0.6824
vn -0.7510 -0.4111 -0.5167
vn -0.4335 -0.6149 -0.6587
vn -0.3303 -0.6566 -0.6781
vn -0.5972 -0.4828 -0.6405
vn -0.0168 -0.7445 -0.6674
vn 0.0968 -0.7778 -0.6210
vn 0.1024 -0.7791 -0.6185
vn -0.0151 -0.7443 -0.6677
vn 0.2678 -0.7437 0.6125
vn 0.0815 -0.7351 0.6730
vn 0.0747 -0.7372 0.6715
vn 0.2343 -0.7788 0.5819
vn -0.3217 -0.8162 -0.4799
vn 0.2857 -0.3227 -0.9023
vn -0.3573 -0.2083 -0.9105
vn -0.5517 -0.4311 -0.7140
vn -0.1248 -0.6386 0.7593
vn -0.1509 -0.6318 0.7603
vn -0.1286 -0.7011 0.7014
vn -0.1440 -0.6917 0.7077
vn 0.3967 -0.9173 0.0353
vn 0.4022 -0.9068 0.1265
vn 0.1799 -0.9834 0.0246
vn 0.1438 -0.9895 -0.0136
vn -0.5009 -0.7647 0.4054
vn -0.5117 -0.8151 0.2717
vn -0.2871 -0.9519 0.1067
vn -0.3213 -0.9083 0.2677
vn -0.0178 -0.6648 -0.7468
vn -0.0460 -0.6634 -0.7468
vn -0.0223 -0.7786 -0.6272
vn -0.0268 -0.7780 -0.6277
vn -0.1099 -0.4857 0.8672
vn -0.1553 -0.5246 0.8370
vn -0.2234 -0.6890 0.6895
vn -0.1905 -0.7085 0.6795
vn 0.3817 -0.7216 -0.5776
vn 0.3802 -0.7195 -0.5812
vn -0.0483 -0.9173 -0.3953
vn -0.0573 -0.8993 -0.4335
vn -0.2911 -0.6037 0.7422
vn -0.3316 -0.6001 0.7280
vn -0.1940 -0.7650 0.6141
vn -0.1566 -0.7519 0.6404
vn -0.3437 -0.5750 -0.7424
vn -0.3175 -0.6440 -0.6960
vn -0.0352 -0.8485 -0.5280
vn -0.0226 -0.8619 -0.5066
vn 0.2560 -0.8084 -0.5300
vn 0.3459 -0.7752 -0.5286
vn -0.0045 -0.9075 -0.4201
vn 0.0007 -0.8968 -0.4423
vn -0.1264 -0.7204 -0.6819
vn -0.0949 -0.7633 -0.6390
vn -0.0107 -0.8383 -0.5451
vn -0.0553 -0.8122 -0.5807
vn 0.2958 -0.7917 0.5345
vn 0.2462 -0.7403 0.6255
vn 0.1095 -0.8833 0.4558
vn 0.1488 -0.9177 0.3684
vn -0.4933 -0.8603 0.1283
vn -0.4638 -0.8859 0.0084
vn -0.1961 -0.9795 -0.0466
vn -0.2411 -0.9705 -0.0069
vn -0.1071 -0.6702 -0.7344
vn -0.1260 -0.6910 -0.7118
vn -0.0562 -0.7955 -0.6034
vn -0.0641 -0.7820 -0.6199
vn -0.1386 -0.7609 -0.6339
vn -0.0722 -0.7393 -0.6695
vn -0.0782 -0.8114 -0.5793
vn -0.1149 -0.8258 -0.5521
vn 0.3482 -0.7831 -0.5154
vn 0.2493 -0.8159 -0.5216
vn -0.0318 -0.9343 -0.3552
vn -0.0015 -0.9485 -0.3168
vn -0.1136 -0.5841 0.8037
vn -0.1163 -0.6223 0.7741
vn -0.1608 -0.6871 0.7086
vn -0.1793 -0.6875 0.7037
vn 0.0877 -0.5724 0.8153
vn -0.3458 -0.7677 0.5395
vn -0.2471 -0.7847 0.5684
vn -0.1946 -0.7696 0.6081
vn -0.2643 -0.7202 -0.6414
vn -0.1836 -0.7585 -0.6253
vn -0.1010 -0.8331 -0.5438
vn -0.0745 -0.8426 -0.5334
vn -0.0307 -0.8080 -0.5883
vn 0.0504 -0.8434 -0.5349
vn 0.0575 -0.8788 -0.4737
vn 0.0129 -0.8590 -0.5118
vn 0.2475 -0.7527 0.6101
vn 0.0651 -0.7269 0.6836
vn -0.0098 -0.8063 0.5914
vn 0.0946 -0.8571 0.5063
vn -0.2138 -0.7215 -0.6586
vn -0.2669 -0.6197 -0.7381
vn -0.0036 -0.9137 -0.4063
vn 0.0297 -0.8984 -0.4381
vn -0.4269 -0.8909 -0.1551
vn -0.3430 -0.8574 -0.3838
vn -0.0300 -0.9486 -0.3152
vn -0.1124 -0.9740 -0.1965
vn 0.3241 -0.9044 -0.2773
vn 0.3785 -0.9219 -0.0823
vn 0.0903 -0.9863 -0.1381
vn 0.0159 -0.9652 -0.2611
vn -0.4889 -0.6872 0.5374
vn -0.5080 -0.7189 0.4745
vn -0.3434 -0.8768 0.3365
vn -0.3353 -0.8411 0.4244
vn -0.0114 -0.7037 -0.7104
vn -0.0036 -0.6755 -0.7374
vn -0.0191 -0.7840 -0.6204
vn -0.0592 -0.7973 -0.6007
vn -0.0499 -0.4814 0.8751
vn -0.0167 -0.4767 0.8789
vn -0.1427 -0.7325 0.6656
vn -0.1202 -0.7463 0.6547
vn -0.3471 -0.7400 0.5761
vn -0.5132 -0.7196 0.4678
vn -0.3506 -0.8207 0.4513
vn -0.2662 -0.7874 0.5560
vn -0.1164 -0.5996 0.7918
vn -0.1730 -0.5958 0.7843
vn -0.1186 -0.7327 0.6702
vn -0.0900 -0.7116 0.6968
vn 0.1122 -0.8547 -0.5069
vn 0.1918 -0.8422 -0.5039
vn 0.0335 -0.8945 -0.4458
vn 0.0545 -0.8879 -0.4569
vn 0.0342 -0.7366 0.6754
vn -0.2957 -0.5292 0.7953
vn -0.1010 -0.7590 0.6432
vn -0.0504 -0.7837 0.6190
vn -0.3279 -0.5099 -0.7953
vn -0.3711 -0.5229 -0.7674
vn 0.0409 -0.8549 -0.5172
vn 0.0236 -0.8867 -0.4617
vn 0.3935 -0.8795 0.2678
vn 0.3541 -0.8444 0.4019
vn 0.1735 -0.9453 0.2763
vn 0.1946 -0.9728 0.1254
vn -0.9380 -0.2161 0.2711
vn -0.7565 -0.5464 -0.3594
vn -0.7143 -0.5609 -0.4185
vn -0.9128 -0.3881 0.1271
vn -0.8996 -0.4362 0.0201
vn -0.6680 -0.5663 -0.4828
vn -0.5877 -0.6188 -0.5212
vn -0.8439 -0.5302 -0.0820
vn -0.8414 -0.5034 -0.1967
vn -0.6363 -0.5004 -0.5871
vn -0.5665 -0.5522 -0.6117
vn -0.8056 -0.5461 -0.2299
vn 0.9454 -0.2511 0.2076
vn 0.9758 0.0077 -0.2187
vn 0.8958 -0.2220 -0.3851
vn 0.9329 -0.3063 0.1894
vn 0.9325 -0.3034 0.1960
vn 0.9234 -0.1958 -0.3301
vn 0.9542 -0.2397 -0.1790
vn 0.9558 -0.2132 0.2025
vn 0.9346 -0.2813 0.2177
vn 0.9530 -0.2963 -0.0631
vn 0.9639 -0.2399 0.1152
vn 0.9658 -0.1022 0.2381
vn 0.9759 0.2112 0.0557
vn 0.7162 0.2000 -0.6686
vn 0.7639 0.2510 -0.5945
vn 0.9900 -0.0508 0.1317
vn 0.9955 -0.0242 0.0918
vn 0.7890 0.2412 -0.5650
vn 0.8067 0.2517 -0.5346
vn 0.9966 -0.0814 0.0157
vn 0.9947 -0.0917 -0.0459
vn 0.8379 0.0821 -0.5396
vn 0.8766 0.0536 -0.4782
vn 0.9789 -0.1255 -0.1610
vn 0.9464 0.1434 -0.2895
vn 0.5135 0.0336 -0.8575
vn 0.4840 0.1842 -0.8555
vn 0.8544 0.3148 -0.4134
vn 0.8954 0.1738 -0.4100
vn 0.4877 0.0688 -0.8703
vn 0.3207 0.3017 -0.8978
vn 0.7910 0.3765 -0.4822
vn 0.8678 0.1474 -0.4745
vn 0.2986 0.0297 -0.9539
vn -0.0586 0.3276 -0.9430
vn 0.7470 0.3777 -0.5470
vn -0.3514 -0.0365 0.9355
vn -0.9906 -0.0044 0.1370
vn -0.9481 -0.1594 0.2751
vn -0.4292 -0.1669 0.8877
vn -0.4483 -0.1688 0.8778
vn -0.9311 -0.1501 0.3326
vn -0.8966 -0.2587 0.3593
vn -0.4612 -0.2362 0.8553
vn -0.4791 -0.2027 0.8540
vn -0.9025 -0.1576 0.4009
vn -0.8842 -0.2770 0.3760
vn -0.4199 -0.2832 0.8623
vn 0.4041 0.6238 0.6691
vn 0.1595 0.7717 0.6157
vn -0.1285 -0.1139 0.9852
vn 0.5255 -0.1759 0.8324
vn 0.2749 -0.6246 0.7310
vn -0.3186 -0.2130 0.9237
vn -0.2622 -0.1820 0.9477
vn 0.2919 -0.4023 0.8677
vn 0.2928 -0.4195 0.8592
vn -0.0763 -0.1711 0.9823
vn 0.0885 -0.1021 0.9908
vn 0.4801 -0.2067 0.8525
vn 0.3718 -0.4864 -0.7907
vn 0.8902 -0.4334 -0.1405
vn 0.7971 -0.5676 -0.2060
vn 0.4014 -0.5008 -0.7668
vn 0.4453 -0.4832 -0.7538
vn 0.8169 -0.5005 -0.2866
vn 0.7143 -0.6096 -0.3436
vn 0.4447 -0.5534 -0.7042
vn 0.5944 -0.3464 -0.7257
vn 0.8119 -0.4295 -0.3954
vn 0.7664 -0.5568 -0.3203
vn 0.5186 -0.4448 -0.7302
vn -0.1216 0.0071 -0.9926
vn -0.9501 -0.1458 -0.2758
vn -0.9371 -0.0753 -0.3407
vn -0.3001 0.0611 -0.9520
vn -0.4144 -0.0027 -0.9101
vn -0.9358 -0.0861 -0.3420
vn -0.9488 0.0207 -0.3151
vn -0.5492 0.1398 -0.8239
vn -0.6542 -0.0188 -0.7561
vn -0.9561 -0.0859 -0.2803
vn -0.9690 0.0422 -0.2436
vn -0.7573 0.1843 -0.6266
vn -0.0646 -0.1490 -0.9867
vn -0.0261 0.0778 -0.9966
vn -0.2365 -0.0682 -0.9692
vn -0.0789 -0.1651 -0.9831
vn -0.1143 -0.0682 -0.9911
vn -0.2803 -0.0053 -0.9599
vn -0.3523 -0.0014 -0.9359
vn -0.1223 -0.0683 -0.9901
vn -0.1497 -0.0155 -0.9886
vn -0.4094 0.0734 -0.9094
vn -0.4653 0.0694 -0.8824
vn -0.1678 0.0529 -0.9844
vn -0.9360 -0.2147 0.2789
vn -0.7545 -0.4034 -0.5176
vn -0.7923 -0.3721 -0.4835
vn -0.8632 -0.4942 0.1029
vn -0.8823 -0.4575 0.1104
vn -0.8241 -0.3539 -0.4423
vn -0.8799 -0.3084 -0.3614
vn -0.8680 -0.4804 0.1261
vn -0.8894 -0.4261 0.1658
vn -0.9004 -0.3307 -0.2826
vn -0.9179 -0.3388 -0.2065
vn -0.8343 -0.5059 0.2190
vn -0.4377 -0.0685 0.8965
vn 0.8301 -0.2516 0.4976
vn 0.8244 -0.2642 0.5006
vn -0.1920 0.0456 0.9803
vn -0.1480 -0.0835 0.9855
vn 0.8164 -0.2874 0.5009
vn 0.8394 -0.2239 0.4953
vn 0.0239 -0.0252 0.9994
vn 0.0945 -0.0579 0.9938
vn 0.8414 -0.2249 0.4914
vn 0.8718 -0.1038 0.4788
vn 0.2391 0.0897 0.9668
vn 0.2683 0.1260 -0.9551
vn 0.9853 0.0824 -0.1498
vn 0.9211 -0.0402 -0.3873
vn 0.3385 -0.0516 -0.9395
vn 0.2829 0.0474 -0.9580
vn 0.8504 0.0628 -0.5223
vn 0.7665 0.0261 -0.6417
vn 0.2125 0.0454 -0.9761
vn 0.1380 0.1263 -0.9823
vn 0.6684 0.1153 -0.7348
vn 0.6022 0.0133 -0.7983
vn 0.0497 0.0836 -0.9953
vn -0.9769 0.0265 -0.2121
vn -0.9382 0.2617 -0.2267
vn -0.9536 0.2597 -0.1521
vn -0.9286 0.2917 -0.2295
vn -0.9688 0.1310 -0.2105
vn -0.9832 0.1724 -0.0604
vn -0.9502 0.2960 -0.0979
vn -0.8255 0.4161 -0.3815
vn -0.8928 0.1520 -0.4240
vn -0.9860 0.1653 -0.0233
vn -0.9636 0.2661 -0.0248
vn -0.5962 0.3420 -0.7264
vn 0.8099 0.2050 -0.5496
vn 0.9743 0.1487 -0.1691
vn 0.9203 0.3522 -0.1702
vn 0.8347 0.2238 -0.5031
vn 0.8339 0.2383 -0.4978
vn 0.9531 0.2803 -0.1144
vn 0.9297 0.3365 -0.1498
vn 0.8758 0.1953 -0.4414
vn 0.8553 0.2594 -0.4485
vn 0.9494 0.2773 -0.1475
vn 0.9334 0.3024 -0.1934
vn 0.9114 0.1627 -0.3780
vn 0.8168 -0.1503 -0.5569
vn 0.1542 0.0864 0.9843
vn 0.4046 -0.1376 0.9041
vn 0.8394 -0.0590 -0.5403
vn 0.8606 -0.0138 -0.5091
vn 0.4477 -0.1394 0.8833
vn 0.5658 -0.2104 0.7972
vn 0.9014 0.0262 -0.4323
vn 0.9360 0.0959 -0.3388
vn 0.5544 -0.1277 0.8224
vn 0.5656 -0.1944 0.8015
vn 0.9556 0.1666 -0.2430
vn -0.8198 0.1980 -0.5373
vn -0.2364 -0.2332 -0.9433
vn -0.2084 -0.1872 -0.9600
vn -0.7932 0.1363 -0.5935
vn -0.7554 0.1740 -0.6318
vn -0.1295 -0.1790 -0.9753
vn -0.0532 -0.2311 -0.9715
vn -0.7504 0.1417 -0.6456
vn -0.7242 0.1682 -0.6687
vn 0.1080 -0.1672 -0.9800
vn 0.0767 -0.2737 -0.9587
vn -0.7754 0.1000 -0.6236
vn -0.8880 0.0829 -0.4522
vn -0.2757 0.2003 0.9401
vn 0.1626 0.0378 0.9860
vn -0.8466 0.4112 -0.3380
vn -0.8660 0.4453 -0.2276
vn 0.1119 -0.5006 0.8584
vn 0.1716 -0.2652 0.9488
vn -0.9115 0.3770 -0.1644
vn -0.9362 0.2859 -0.2045
vn 0.0218 -0.4282 0.9034
vn 0.0083 -0.1839 0.9829
vn -0.8903 0.4174 -0.1820
vn -0.5578 -0.0217 -0.8297
vn 0.3033 -0.1258 -0.9445
vn 0.3002 -0.1770 -0.9373
vn -0.4018 -0.1862 -0.8966
vn -0.3474 -0.0915 -0.9332
vn 0.2973 -0.0476 -0.9536
vn 0.2762 -0.0834 -0.9575
vn -0.2679 -0.1356 -0.9539
vn -0.2062 0.0528 -0.9771
vn 0.2775 0.0406 -0.9599
vn 0.2832 0.0398 -0.9582
vn -0.1231 -0.0131 -0.9923
vn 0.2367 0.0491 0.9703
vn -0.8459 -0.1790 0.5024
vn -0.6017 -0.4412 0.6658
vn 0.1900 -0.1196 0.9745
vn 0.1482 -0.1181 0.9819
vn -0.6078 -0.4161 0.6763
vn -0.5587 -0.4577 0.6916
vn 0.1553 -0.2072 0.9659
vn 0.1280 -0.1686 0.9773
vn -0.5892 -0.4071 0.6980
vn -0.5563 -0.4871 0.6733
vn 0.1551 -0.1998 0.9675
vn 0.8872 -0.4520 -0.0930
vn 0.7842 -0.3227 0.5300
vn 0.7578 -0.4736 0.4489
vn 0.8380 -0.5436 -0.0477
vn 0.8774 -0.4784 -0.0352
vn 0.7774 -0.4589 0.4303
vn 0.7815 -0.4718 0.4082
vn 0.8591 -0.5118 0.0010
vn 0.8958 -0.4445 0.0067
vn 0.8266 -0.3979 0.3979
vn 0.8213 -0.4132 0.3934
vn 0.8785 -0.4777 -0.0019
vn -0.1636 0.7866 0.5954
vn 0.0136 0.7646 0.6444
vn -0.1481 -0.1380 0.9793
vn -0.3291 -0.2108 0.9204
vn -0.2460 -0.2224 0.9434
vn -0.2439 -0.2793 0.9287
vn -0.3093 -0.0567 0.9493
vn -0.2072 -0.0449 0.9773
vn -0.2592 -0.1247 0.9577
vn -0.2939 -0.2012 0.9344
vn -0.3208 0.0256 0.9468
vn -0.2574 0.0043 0.9663
vn 0.5748 -0.2433 0.7812
vn -0.5496 -0.0941 0.8301
vn -0.5124 0.1240 0.8497
vn 0.4107 -0.3200 0.8538
vn 0.4021 -0.2953 0.8667
vn -0.5668 0.0577 0.8218
vn -0.5708 0.1294 0.8108
vn 0.3944 -0.2833 0.8742
vn 0.4446 -0.2215 0.8679
vn -0.5747 0.1638 0.8018
vn -0.5388 0.2185 0.8136
vn 0.4878 -0.2144 0.8463
vn 0.3354 0.2505 -0.9082
vn -0.8500 0.1283 -0.5110
vn -0.6276 0.3439 -0.6985
vn 0.3435 0.3296 -0.8794
vn 0.4568 0.2724 -0.8468
vn -0.5536 0.2684 -0.7884
vn -0.2271 0.4964 -0.8378
vn 0.5741 0.3593 -0.7357
vn 0.6404 0.1067 -0.7606
vn -0.1522 0.2289 -0.9615
vn 0.0970 0.3447 -0.9337
vn 0.7150 0.1052 -0.6912
vn -0.2070 -0.5065 -0.8370
vn 0.5646 -0.0135 -0.8253
vn 0.5225 -0.0741 -0.8494
vn -0.1680 -0.4786 -0.8618
vn -0.1503 -0.4532 -0.8787
vn 0.4692 -0.0739 -0.8800
vn 0.4346 -0.1509 -0.8879
vn -0.0864 -0.4888 -0.8681
vn -0.2245 -0.2885 -0.9308
vn 0.3424 -0.0202 -0.9393
vn 0.4555 -0.0891 -0.8858
vn -0.1941 -0.4393 -0.8771
vn 0.9635 -0.2447 0.1088
vn 0.4435 -0.2641 0.8565
vn 0.4465 -0.4227 0.7886
vn 0.8723 -0.4188 0.2523
vn 0.8451 -0.4231 0.3269
vn 0.4213 -0.4396 0.7933
vn 0.3944 -0.4553 0.7982
vn 0.7897 -0.4770 0.3859
vn 0.7988 -0.3669 0.4768
vn 0.3854 -0.3743 0.8434
vn 0.3354 -0.3560 0.8722
vn 0.7638 -0.4006 0.5061
vn -0.2145 0.5003 0.8389
vn 0.8701 -0.1872 -0.4560
vn 0.9558 0.0105 -0.2937
vn -0.1164 -0.1587 0.9804
vn 0.0335 -0.2902 0.9564
vn 0.9902 0.0280 -0.1368
vn 0.9920 0.1208 0.0375
vn 0.0129 -0.0351 0.9993
vn 0.0495 -0.0826 0.9954
vn 0.9855 0.0796 0.1497
vn 0.9502 0.1776 0.2562
vn 0.0269 -0.0157 0.9995
vn -0.9468 0.2041 -0.2488
vn -0.9547 -0.0473 0.2938
vn -0.9765 -0.0669 0.2048
vn -0.9069 -0.0474 -0.4186
vn -0.9237 -0.0464 -0.3803
vn -0.9817 -0.1114 0.1545
vn -0.9925 -0.0618 0.1051
vn -0.9578 -0.0676 -0.2792
vn -0.9638 -0.1366 -0.2290
vn -0.9808 -0.1767 0.0828
vn -0.9962 -0.0460 0.0735
vn -0.9851 -0.1149 -0.1280
vn 0.0584 -0.0961 0.9937
vn -0.8090 0.1914 -0.5558
vn -0.7699 0.3951 -0.5011
vn -0.1571 -0.2678 0.9506
vn -0.2277 -0.2706 0.9354
vn -0.7581 0.4475 -0.4744
vn -0.7703 0.4216 -0.4785
vn -0.3708 -0.2658 0.8898
vn -0.3925 -0.1195 0.9120
vn -0.7626 0.4170 -0.4945
vn -0.7651 0.4125 -0.4944
vn -0.4341 -0.1478 0.8886
vn -0.9551 -0.2678 0.1272
vn -0.8225 -0.0057 -0.5688
vn -0.8670 -0.1796 -0.4647
vn -0.9769 -0.1725 0.1262
vn -0.9809 -0.1593 0.1119
vn -0.8605 -0.0984 -0.4999
vn -0.8277 -0.1662 -0.5360
vn -0.9877 -0.1475 0.0515
vn -0.9923 -0.1238 -0.0056
vn -0.7827 0.0097 -0.6223
vn -0.6982 -0.0433 -0.7146
vn -0.9927 -0.1055 -0.0590
vn -0.6364 -0.0970 0.7653
vn 0.3980 0.2653 0.8782
vn 0.4852 0.0826 0.8705
vn -0.6660 -0.1378 0.7331
vn -0.7287 -0.1649 0.6647
vn 0.4261 0.0653 0.9023
vn 0.3250 0.0095 0.9457
vn -0.7935 -0.1386 0.5926
vn -0.8256 -0.1945 0.5296
vn 0.2109 -0.1055 0.9718
vn 0.0162 -0.1072 0.9941
vn -0.8876 -0.1388 0.4392
vn 0.9366 -0.3496 -0.0251
vn 0.9141 -0.4002 -0.0650
vn 0.8446 -0.5330 -0.0516
vn 0.8608 -0.5050 0.0629
vn 0.9147 -0.4028 0.0321
vn 0.9032 -0.4278 -0.0340
vn 0.8732 -0.4872 -0.0096
vn 0.8610 -0.5077 0.0318
vn 0.8984 -0.4381 -0.0298
vn 0.9020 -0.4318 0.0079
vn 0.8735 -0.4863 0.0237
vn 0.8307 -0.5518 -0.0735
vn -0.9088 -0.3660 -0.2003
vn -0.9495 -0.1374 0.2821
vn -0.8912 -0.2450 0.3817
vn -0.9355 -0.3302 -0.1257
vn -0.9402 -0.3351 -0.0604
vn -0.8876 -0.2787 0.3669
vn -0.9065 -0.3118 0.2846
vn -0.9694 -0.2432 -0.0335
vn -0.9597 -0.2790 0.0342
vn -0.9401 -0.3239 0.1064
vn -0.8636 -0.5041 -0.0084
vn -0.9275 -0.3720 0.0376
vn 0.5035 0.0919 0.8591
vn 0.8897 -0.0326 0.4554
vn 0.8990 0.0870 0.4293
vn 0.5677 0.1879 0.8015
vn -0.1578 0.0475 -0.9863
vn 0.4244 0.0007 -0.9055
vn 0.3872 -0.0572 -0.9202
vn -0.1841 -0.0028 -0.9829
vn 0.9752 0.1028 -0.1960
vn 0.8586 -0.3074 -0.4103
vn 0.5686 0.3761 -0.7316
vn 0.9448 0.2407 -0.2223
vn -0.1286 -0.4384 -0.8895
vn -0.9645 -0.0343 -0.2618
vn -0.8815 0.1756 -0.4383
vn 0.2304 -0.0975 -0.9682
vn 0.9878 0.0288 -0.1527
vn 0.4440 -0.2595 0.8576
vn 0.5963 -0.3889 0.7023
vn 0.9920 0.0913 -0.0871
vn -0.9809 0.1432 -0.1319
vn 0.1994 -0.1932 0.9607
vn 0.2983 -0.0805 0.9511
vn -0.9488 0.3156 -0.0122
vn -0.9952 0.0914 -0.0339
vn 0.0849 -0.3098 -0.9470
vn -0.3441 -0.5453 -0.7643
vn -0.9663 0.2354 -0.1043
vn 0.3066 -0.2627 0.9149
vn -0.6138 -0.4914 0.6179
vn -0.4834 -0.6170 0.6209
vn 0.3162 -0.3697 0.8737
vn 0.8710 -0.4859 -0.0720
vn 0.8752 -0.3515 0.3325
vn 0.8523 -0.4123 0.3218
vn 0.8551 -0.5127 -0.0766
vn -0.0004 0.0377 -0.9993
vn 0.2736 0.0577 -0.9601
vn 0.2641 0.0318 -0.9640
vn 0.0260 -0.0167 -0.9995
vn -0.1269 0.1244 0.9841
vn -0.2921 0.0659 0.9541
vn -0.3306 -0.0514 0.9424
vn -0.1292 0.0393 0.9908
vn 0.6981 -0.1363 0.7029
vn -0.4340 0.2679 0.8602
vn -0.4188 0.1736 0.8913
vn 0.6381 -0.2652 0.7228
vn 0.6673 -0.2331 0.7074
vn 0.1734 -0.3417 0.9237
vn 0.1207 -0.4097 0.9042
vn 0.6035 -0.3454 0.7187
vn 0.8734 -0.1118 -0.4740
vn 0.4496 -0.2560 -0.8558
vn 0.6381 0.1041 -0.7629
vn 0.8953 -0.0036 -0.4455
vn -0.2161 -0.3852 -0.8972
vn 0.7911 0.1458 -0.5941
vn 0.8763 -0.0004 -0.4817
vn -0.0561 -0.5459 -0.8360
vn -0.3508 -0.0651 0.9342
vn 0.8997 -0.0669 0.4313
vn 0.7930 0.1029 0.6005
vn -0.3271 -0.1585 0.9316
vn -0.9899 0.0161 0.1407
vn -0.9961 -0.0459 0.0759
vn -0.9988 0.0069 0.0476
vn -0.9751 -0.1474 0.1660
vn -0.4905 -0.2493 0.8350
vn -0.8589 0.2005 -0.4713
vn -0.8690 0.2145 -0.4460
vn -0.6324 -0.3809 0.6746
vn 0.8744 -0.4768 -0.0893
vn 0.8675 -0.4974 -0.0106
vn 0.8707 -0.4918 -0.0085
vn 0.8318 -0.5488 -0.0834
vn -0.8850 0.0370 -0.4640
vn -0.3581 0.0675 -0.9312
vn -0.3161 -0.0020 -0.9487
vn -0.8506 -0.0555 -0.5229
vn -0.9390 -0.2196 0.2648
vn -0.4760 -0.3847 0.7909
vn -0.5895 -0.2972 0.7511
vn -0.9620 -0.1406 0.2341
vn -0.8401 -0.5235 -0.1421
vn -0.8541 -0.5187 -0.0380
vn -0.8576 -0.5130 -0.0365
vn -0.8612 -0.4845 -0.1537
vn 0.8747 -0.0034 -0.4846
vn 0.9484 -0.0324 -0.3154
vn 0.9476 -0.0727 -0.3110
vn 0.8454 -0.1015 -0.5244
vn -0.8192 -0.5240 -0.2329
vn -0.5641 -0.4264 -0.7070
vn -0.4488 -0.6136 -0.6497
vn -0.7902 -0.5668 -0.2331
vn 0.9562 0.0352 0.2904
vn 0.8961 0.0173 0.4436
vn 0.8595 -0.1438 0.4905
vn 0.9578 0.0701 0.2787
vn 0.5321 0.1397 -0.8351
vn -0.7407 0.1686 -0.6504
vn -0.7271 0.3836 -0.5694
vn 0.0715 0.6427 -0.7628
vn -0.2697 -0.3801 0.8847
vn -0.8474 -0.2242 0.4813
vn -0.7776 -0.3868 0.4957
vn -0.2047 -0.4583 0.8649
vn -0.8843 0.1405 -0.4453
vn -0.9934 0.0061 -0.1144
vn -0.9905 -0.0209 -0.1362
vn -0.8767 0.2391 -0.4174
vn 0.5112 -0.1400 0.8480
vn 0.2684 -0.0230 0.9630
vn 0.2641 -0.0841 0.9608
vn 0.5092 -0.1604 0.8455
vn 0.5223 -0.4000 -0.7532
vn 0.7944 -0.5128 -0.3255
vn 0.7034 -0.6391 -0.3111
vn 0.2962 -0.6635 -0.6870
vn -0.8217 -0.5038 0.2664
vn -0.8625 -0.4576 -0.2162
vn -0.8536 -0.4712 -0.2220
vn -0.7818 -0.5629 0.2684
vn -0.1796 0.0347 -0.9831
vn -0.5221 0.0520 -0.8513
vn -0.5228 0.0316 -0.8519
vn -0.1841 0.0440 -0.9819
vn 0.6499 0.1109 0.7519
vn 0.8923 0.0279 0.4505
vn 0.8841 -0.0117 0.4672
vn 0.7411 0.0452 0.6698
vn -0.2187 -0.0406 -0.9750
vn 0.3205 -0.0817 -0.9437
vn 0.1505 -0.2395 -0.9592
vn -0.2824 -0.2199 -0.9337
vn 0.9571 0.1867 -0.2217
vn 0.6162 -0.0078 -0.7875
vn -0.0984 0.2224 -0.9700
vn 0.8469 0.3038 -0.4364
vn 0.3219 -0.4218 -0.8476
vn -0.8377 -0.1071 -0.5355
vn -0.3842 -0.0265 -0.9229
vn 0.7089 -0.2686 -0.6522
vn 0.9959 0.0605 -0.0670
vn 0.6418 -0.2824 0.7130
vn 0.9164 -0.2579 0.3061
vn 0.9720 -0.0680 0.2249
vn -0.9901 0.0662 0.1236
vn 0.3491 -0.1366 0.9271
vn 0.3148 -0.2881 0.9044
vn -0.6614 0.0368 0.7492
vn -0.9860 0.1458 -0.0805
vn -0.5014 -0.3456 -0.7932
vn -0.9171 -0.1668 -0.3620
vn -0.9100 0.0267 -0.4138
vn 0.1707 -0.2916 0.9412
vn -0.5887 -0.4911 0.6421
vn -0.4374 -0.6128 0.6582
vn -0.1258 -0.4290 0.8945
vn 0.8596 -0.5059 -0.0723
vn 0.8663 -0.4082 0.2879
vn 0.8167 -0.5233 0.2434
vn 0.8144 -0.5775 -0.0574
vn 0.0742 -0.0338 -0.9967
vn 0.2314 -0.0226 -0.9726
vn 0.1561 -0.1280 -0.9794
vn 0.1277 -0.1928 -0.9729
vn -0.1444 -0.1319 0.9807
vn -0.4056 -0.2204 0.8871
vn -0.4501 -0.3622 0.8163
vn -0.1620 -0.3695 0.9150
vn 0.6957 -0.1810 0.6951
vn -0.2371 0.2570 0.9369
vn 0.1508 0.0776 0.9855
vn 0.6398 -0.3615 0.6782
vn 0.5532 -0.3165 0.7706
vn 0.1020 -0.4017 0.9101
vn -0.0454 -0.5246 0.8502
vn 0.4032 -0.4421 0.8012
vn 0.8876 -0.0378 -0.4591
vn 0.7316 -0.1408 -0.6670
vn 0.8680 -0.1155 -0.4829
vn 0.8686 -0.0568 -0.4922
vn -0.0682 -0.4394 -0.8957
vn 0.8710 0.0633 -0.4871
vn 0.8494 -0.1370 -0.5097
vn 0.3505 -0.5524 -0.7564
vn -0.2806 -0.3410 0.8972
vn 0.7459 -0.2140 0.6308
vn 0.4904 -0.2748 0.8270
vn -0.3305 -0.4073 0.8514
vn -0.9460 -0.2207 0.2376
vn -0.9915 -0.1255 0.0330
vn -0.9777 -0.1954 0.0770
vn -0.8341 -0.4289 0.3469
vn -0.6902 -0.2756 0.6691
vn -0.8803 0.1772 -0.4401
vn -0.9770 0.0959 -0.1903
vn -0.9223 -0.3199 0.2168
vn 0.8403 -0.5330 -0.0996
vn 0.8652 -0.5013 -0.0129
vn 0.8242 -0.5657 -0.0235
vn 0.7603 -0.6368 -0.1284
vn -0.7684 -0.0140 -0.6398
vn -0.2516 -0.0067 -0.9678
vn -0.0946 -0.1831 -0.9785
vn -0.5724 -0.1366 -0.8085
vn -0.9553 -0.1894 0.2269
vn -0.6685 -0.3462 0.6582
vn -0.7852 -0.3066 0.5381
vn -0.9545 -0.2169 0.2044
vn -0.8852 -0.4371 -0.1593
vn -0.8836 -0.4631 -0.0699
vn -0.8516 -0.5064 -0.1352
vn -0.8697 -0.4727 -0.1418
vn 0.7974 -0.0844 -0.5975
vn 0.9471 -0.0770 -0.3115
vn 0.9093 -0.1538 -0.3866
vn 0.6612 -0.2350 -0.7124
vn -0.7973 -0.5322 -0.2846
vn -0.5071 -0.5246 -0.6839
vn -0.3534 -0.6424 -0.6800
vn -0.7211 -0.5972 -0.3513
vn 0.9513 -0.0536 0.3037
vn 0.8134 -0.1344 0.5660
vn 0.6713 -0.2875 0.6832
vn 0.9116 -0.0963 0.3997
vn -0.2989 0.3019 -0.9053
vn -0.7558 0.2967 -0.5838
vn -0.7009 0.3881 -0.5985
vn -0.7815 0.2124 -0.5866
vn -0.2042 -0.4727 0.8573
vn -0.7370 -0.4083 0.5386
vn -0.5961 -0.5831 0.5520
vn -0.0264 -0.6275 0.7781
vn -0.8922 0.1845 -0.4122
vn -0.9766 0.0203 -0.2141
vn -0.8982 -0.0257 -0.4389
vn -0.8967 0.1335 -0.4221
vn 0.4692 -0.1935 0.8616
vn 0.2275 -0.1745 0.9580
vn 0.1452 -0.3895 0.9095
vn 0.3236 -0.3736 0.8693
vn 0.4137 -0.5661 -0.7130
vn 0.7360 -0.5885 -0.3346
vn 0.6223 -0.7150 -0.3184
vn -0.0102 -0.7402 -0.6723
vn -0.8218 -0.5156 0.2425
vn -0.8702 -0.4471 -0.2070
vn -0.8478 -0.5039 -0.1651
vn -0.7781 -0.5873 0.2230
vn -0.2000 -0.0077 -0.9798
vn -0.5124 -0.0062 -0.8587
vn -0.4719 -0.1378 -0.8708
vn -0.2114 -0.1087 -0.9713
vn 0.6439 -0.2918 0.7073
vn -0.6786 -0.2522 0.6899
vn -0.6693 -0.6355 -0.3848
vn -0.4388 -0.7029 -0.5599
vn 0.7979 -0.5074 0.3254
vn -0.1587 -0.1885 0.9692
vn 0.7642 -0.4302 0.4805
vn -0.3897 -0.1811 0.9029
vn -0.8124 -0.5645 -0.1460
vn -0.7753 -0.5623 -0.2877
vn 0.8302 -0.5555 0.0460
vn 0.8188 -0.5416 0.1905
vn -0.8363 -0.5291 0.1437
vn -0.8359 -0.5488 -0.0012
vn 0.7949 -0.5723 -0.2015
vn 0.8201 -0.5643 -0.0954
vn 0.2783 -0.2105 0.9371
vn -0.8079 -0.4097 0.4237
vn 0.0352 -0.2019 0.9788
vn -0.8253 -0.4886 0.2831
vn 0.5438 -0.7152 -0.4390
vn 0.7096 -0.6187 -0.3371
vn 0.6149 -0.2759 0.7388
vn -0.7029 -0.2679 0.6589
vn 0.4561 -0.2436 0.8559
vn -0.7883 -0.3418 0.5117
vn 0.2572 -0.7445 -0.6161
vn 0.3876 -0.7177 -0.5785
vn 0.7594 -0.4052 0.5091
vn -0.4792 -0.2047 0.8535
vn 0.6951 -0.3212 0.6431
vn -0.5977 -0.2270 0.7689
vn -0.3111 -0.7199 -0.6205
vn -0.0296 -0.7682 -0.6395
vn 0.8090 -0.5339 0.2458
vn -0.1137 -0.2216 0.9685
vn 0.7754 -0.4584 0.4342
vn -0.3067 -0.1713 0.9363
vn -0.5858 -0.6787 -0.4430
vn -0.4489 -0.6878 -0.5704
vn 0.8291 -0.5587 -0.0195
vn 0.8275 -0.5497 0.1138
vn -0.7966 -0.5629 -0.2205
vn -0.7351 -0.5867 -0.3396
vn 0.7641 -0.5835 -0.2751
vn 0.8086 -0.5704 -0.1442
vn -0.8388 -0.5401 0.0680
vn -0.8294 -0.5549 -0.0649
vn 0.3911 -0.7339 -0.5554
vn 0.6340 -0.6718 -0.3829
vn 0.1908 -0.1914 0.9628
vn -0.8127 -0.4359 0.3865
vn -0.0093 -0.2266 0.9739
vn -0.8308 -0.5202 0.1980
vn 0.0760 -0.7683 -0.6355
vn 0.3300 -0.7247 -0.6049
vn 0.5274 -0.2557 0.8102
vn -0.7454 -0.2944 0.5980
vn 0.3535 -0.2243 0.9081
vn -0.8047 -0.3831 0.4535
vn -0.4385 -0.6857 -0.5809
vn -0.1224 -0.7606 -0.6376
vn 0.7412 -0.3670 0.5621
vn -0.5310 -0.2198 0.8184
vn 0.6732 -0.6967 0.2477
vn 0.6517 -0.6780 0.3399
vn -0.0343 -0.4079 0.9124
vn -0.6829 -0.7282 0.0580
vn -0.6525 -0.7567 -0.0408
vn 0.6504 -0.7594 -0.0147
vn 0.6732 -0.7338 0.0916
vn -0.0699 -0.4150 0.9071
vn -0.6844 -0.6614 0.3067
vn -0.6959 -0.6858 0.2133
vn 0.5330 -0.7899 -0.3033
vn 0.6114 -0.7838 -0.1087
vn 0.4016 -0.3696 0.8379
vn -0.6400 -0.5452 0.5415
vn 0.2416 -0.3772 0.8941
vn -0.6726 -0.5746 0.4663
vn 0.3960 -0.7812 -0.4826
vn 0.4726 -0.7812 -0.4079
vn 0.5599 -0.5229 0.6428
vn -0.4585 -0.3266 0.8265
vn 0.5560 -0.4328 0.7096
vn -0.5958 -0.4492 0.6658
vn -0.0194 -0.8488 -0.5284
vn 0.1704 -0.8307 -0.5299
vn 0.6433 -0.6298 0.4353
vn -0.2744 -0.3527 0.8946
vn 0.6114 -0.5807 0.5376
vn -0.4521 -0.3720 0.8107
vn -0.4132 -0.7771 -0.4748
vn -0.1972 -0.8103 -0.5518
vn 0.6790 -0.7163 0.1610
vn 0.6607 -0.6913 0.2927
vn -0.0930 -0.4430 0.8917
vn -0.5593 -0.7774 -0.2879
vn -0.5109 -0.7623 -0.3974
vn 0.6335 -0.7706 -0.0690
vn 0.6641 -0.7460 0.0493
vn -0.6706 -0.7416 0.0174
vn -0.6308 -0.7704 -0.0929
vn 0.4886 -0.7819 -0.3872
vn 0.5794 -0.7926 -0.1898
vn -0.0101 -0.4457 0.8951
vn -0.6882 -0.6793 0.2549
vn -0.6944 -0.7079 0.1293
vn 0.2238 -0.8085 -0.5443
vn 0.4057 -0.7870 -0.4648
vn 0.2754 -0.3575 0.8924
vn -0.6576 -0.5620 0.5018
vn 0.1799 -0.3705 0.9112
vn -0.6828 -0.6114 0.4000
vn -0.0849 -0.8431 -0.5310
vn 0.0563 -0.8485 -0.5262
vn 0.5329 -0.4693 0.7041
vn -0.6132 -0.4117 0.6742
vn 0.3989 -0.3479 0.8484
vn -0.6149 -0.4994 0.6103
vn -0.4395 -0.7721 -0.4590
vn -0.4166 -0.7745 -0.4759
vn 0.6297 -0.5940 0.5006
vn -0.3292 -0.3393 0.8812
vn 0.5895 -0.5642 0.5781
vn -0.4247 -0.3617 0.8300
vn -0.6000 -0.7804 -0.1758
vn -0.5229 -0.7656 -0.3747
vn -0.4516 -0.3110 0.8362
vn -0.2191 -0.6935 0.6863
vn -0.2290 -0.5922 0.7726
vn -0.5141 -0.0944 0.8525
vn -0.6104 0.2105 0.7636
vn -0.6124 0.1572 0.7747
vn -0.5914 -0.0438 0.8052
vn 0.5275 -0.5188 0.6727
vn 0.3514 -0.7559 0.5523
vn 0.3824 -0.6506 0.6561
vn 0.6130 -0.2827 0.7378
vn 0.7949 0.0608 0.6037
vn 0.8205 -0.0253 0.5711
vn 0.7924 -0.2104 0.5726
vn -0.0348 -0.3576 -0.9332
vn -0.0501 -0.0246 -0.9984
vn -0.0435 0.0052 -0.9990
vn -0.1442 -0.5387 -0.8301
vn -0.2376 -0.3370 -0.9110
vn -0.2883 -0.0046 -0.9575
vn -0.2887 0.0742 -0.9545
vn -0.2434 -0.5702 0.7847
vn -0.4313 -0.4632 -0.7742
vn -0.8193 -0.3584 0.4477
vn -0.6764 -0.6262 0.3877
vn -0.6898 -0.5176 0.5063
vn -0.8060 -0.1814 0.5635
vn -0.8707 0.0747 0.4860
vn -0.9004 -0.0313 0.4340
vn -0.8730 -0.2161 0.4373
vn 0.0265 -0.3692 0.9290
vn -0.1002 -0.7428 0.6619
vn 0.0146 -0.6837 0.7296
vn 0.0743 -0.2059 0.9758
vn 0.2656 0.1367 0.9543
vn 0.4053 0.1531 0.9013
vn 0.3986 -0.0452 0.9160
vn -0.6966 -0.3960 0.5983
vn -0.5544 -0.6402 0.5318
vn -0.5360 -0.5169 0.6675
vn -0.6933 -0.1237 0.7100
vn -0.8236 0.1394 0.5497
vn -0.8338 0.0341 0.5511
vn -0.8035 -0.1439 0.5777
vn 0.1767 -0.3818 0.9072
vn -0.0556 -0.7736 0.6312
vn 0.0081 -0.6657 0.7462
vn 0.7072 0.0078 0.7069
vn 0.6131 -0.1171 0.7813
vn 0.1933 -0.4030 -0.8946
vn 0.2811 -0.0649 -0.9575
vn 0.2548 0.0085 -0.9669
vn 0.3551 -0.5143 -0.7806
vn -0.0055 -0.4018 -0.9157
vn 0.0593 -0.0117 -0.9982
vn 0.1141 0.0039 -0.9935
vn 0.0930 -0.5483 -0.8311
vn -0.9213 -0.3632 -0.1389
vn -0.8701 -0.4882 -0.0679
vn -0.9137 -0.4064 0.0045
vn -0.9638 -0.2164 0.1556
vn -0.9568 -0.1371 0.2564
vn -0.9315 -0.2795 0.2329
vn -0.9170 -0.3546 0.1826
vn -0.2220 -0.4779 0.8499
vn -0.2245 -0.6465 0.7291
vn -0.1595 -0.5753 0.8022
vn -0.1067 -0.1229 0.9867
vn -0.0387 0.2377 0.9706
vn -0.0068 0.2257 0.9742
vn -0.0016 0.0096 1.0000
vn -0.9255 -0.3558 0.1302
vn -0.7947 -0.5769 0.1888
vn -0.8001 -0.4672 0.3763
vn -0.8385 -0.1960 0.5085
vn -0.8708 -0.0187 0.4913
vn -0.8999 -0.1299 0.4163
vn -0.8913 -0.2627 0.3695
vn -0.1614 -0.4017 0.9015
vn -0.1901 -0.6949 0.6935
vn -0.1156 -0.6236 0.7731
vn 0.0217 -0.1752 0.9843
vn 0.1725 0.1948 0.9655
vn 0.2150 0.2003 0.9558
vn 0.2049 -0.0011 0.9788
vn 0.5226 -0.5071 -0.6853
vn 0.7045 -0.1525 -0.6931
vn 0.8132 -0.0695 -0.5778
vn 0.8651 0.0824 -0.4948
vn 0.8994 0.0345 -0.4358
vn 0.9153 -0.0589 -0.3985
vn 0.7920 -0.4988 -0.3521
vn 0.4097 -0.4619 -0.7866
vn 0.5774 -0.0951 -0.8109
vn 0.6703 -0.0134 -0.7419
vn 0.3838 -0.5830 -0.7161
vn -0.4769 -0.5096 -0.7162
vn -0.5723 -0.3769 -0.7283
vn -0.6453 -0.2882 -0.7075
vn -0.7276 -0.0362 -0.6851
vn -0.8963 -0.1420 -0.4201
vn -0.9162 -0.3151 -0.2475
vn -0.9080 -0.3955 -0.1384
vn -0.8587 -0.3225 -0.3984
vn -0.8011 -0.4645 -0.3776
vn -0.8603 -0.3626 -0.3584
vn -0.9584 -0.1896 -0.2134
vn -0.9805 -0.1776 -0.0839
vn -0.9370 -0.3492 -0.0112
vn -0.9175 -0.3968 0.0271
vn 0.6196 -0.5809 -0.5279
vn 0.7764 -0.3736 -0.5076
vn 0.8240 -0.2976 -0.4821
vn 0.9244 0.1076 -0.3660
vn 0.9130 -0.0804 -0.4000
vn 0.9301 -0.2126 -0.2997
vn 0.9072 -0.3697 -0.2007
vn 0.6015 -0.5260 -0.6014
vn 0.7875 -0.2936 -0.5419
vn 0.9068 -0.2261 -0.3558
vn 0.9746 0.1028 -0.1989
vn 0.9788 -0.0491 -0.1989
vn 0.9730 -0.1446 -0.1800
vn 0.8940 -0.3871 -0.2258
vn -0.5091 -0.3972 -0.7635
vn -0.6792 -0.2058 -0.7045
vn -0.8543 -0.1419 -0.5000
vn -0.9334 0.1677 -0.3172
vn -0.9593 0.0155 -0.2818
vn -0.9626 -0.0950 -0.2538
vn -0.8757 -0.3937 -0.2796
vn -0.5313 -0.4891 -0.6917
vn -0.6922 -0.2998 -0.6565
vn -0.7365 -0.2513 -0.6280
vn -0.8531 0.1354 -0.5039
vn -0.8589 -0.0666 -0.5078
vn -0.9136 -0.1745 -0.3673
vn -0.8835 -0.3729 -0.2836
vn 0.8610 -0.4354 -0.2629
vn 0.8239 -0.5124 -0.2424
vn 0.8905 -0.3967 -0.2227
vn 0.9693 -0.2251 -0.0989
vn 0.9774 -0.2110 0.0092
vn 0.9241 -0.3768 0.0632
vn 0.9067 -0.4127 0.0872
vn 0.6016 -0.5952 -0.5327
vn 0.7207 -0.4191 -0.5522
vn 0.7771 -0.2963 -0.5553
vn 0.8367 -0.0166 -0.5474
vn 0.9388 -0.1473 -0.3113
vn 0.9260 -0.3335 -0.1767
vn 0.9111 -0.4034 -0.0848
vn -0.3152 -0.3494 -0.8824
vn -0.4095 -0.0043 -0.9123
vn -0.4995 0.0763 -0.8629
vn -0.3592 -0.5365 -0.7636
vn -0.4270 -0.3770 -0.8219
vn -0.5526 -0.0667 -0.8308
vn -0.6997 0.0049 -0.7144
vn -0.7719 0.1112 -0.6260
vn -0.7056 0.1226 -0.6980
vn -0.6424 0.0721 -0.7630
vn -0.6376 -0.5280 -0.5610
vn -0.2081 -0.4009 0.8922
vn -0.1194 -0.6779 0.7254
vn -0.1875 -0.5849 0.7892
vn -0.2905 -0.1136 0.9501
vn -0.3522 0.2267 0.9081
vn -0.3599 0.2172 0.9074
vn -0.3386 0.0184 0.9407
vn 0.8404 -0.4956 0.2194
vn 0.6794 -0.6865 0.2589
vn 0.6559 -0.6017 0.4557
vn 0.7238 -0.3317 0.6051
vn 0.8120 -0.0982 0.5754
vn 0.8517 -0.1801 0.4921
vn 0.8533 -0.2923 0.4318
vn -0.1520 -0.4847 0.8614
vn -0.1176 -0.6454 0.7547
vn -0.1523 -0.5672 0.8094
vn -0.1661 -0.1097 0.9800
vn -0.1520 0.2452 0.9575
vn -0.1501 0.2282 0.9620
vn -0.1414 0.0137 0.9899
vn 0.8899 -0.4562 0.0064
vn 0.8200 -0.5709 0.0422
vn 0.8691 -0.4874 0.0838
vn 0.9286 -0.2980 0.2210
vn 0.9227 -0.2032 0.3277
vn 0.8970 -0.3250 0.2997
vn 0.8938 -0.3770 0.2429
vn 0.0588 -0.3976 -0.9157
vn 0.0810 -0.0117 -0.9966
vn 0.0324 0.0097 -0.9994
vn -0.0303 -0.5493 -0.8351
vn -0.1119 -0.3376 -0.9346
vn -0.1190 -0.0212 -0.9927
vn -0.0882 0.0286 -0.9957
vn -0.3804 -0.4757 -0.7931
vn -0.5126 -0.3041 0.8029
vn -0.2860 -0.6800 0.6751
vn -0.2182 -0.5431 0.8108
vn -0.5576 -0.0788 0.8264
vn -0.7182 0.2041 0.6653
vn -0.7042 0.1214 0.6995
vn -0.6740 -0.0750 0.7349
vn 0.4460 -0.5269 0.7235
vn 0.2936 -0.7587 0.5815
vn 0.2797 -0.6478 0.7086
vn 0.5549 -0.2567 0.7913
vn 0.7652 0.0879 0.6378
vn 0.7772 0.0034 0.6293
vn 0.7463 -0.1756 0.6420
vn -0.3759 -0.3414 0.8615
vn -0.1773 -0.6944 0.6974
vn -0.2450 -0.6040 0.7584
vn -0.4553 -0.1104 0.8835
vn -0.5273 0.2133 0.8225
vn -0.5360 0.1846 0.8238
vn -0.5125 -0.0171 0.8585
vn 0.6444 -0.5173 0.5631
vn 0.4752 -0.7549 0.4520
vn 0.4991 -0.6559 0.5663
vn 0.6856 -0.3036 0.6616
vn 0.8132 0.0183 0.5817
vn 0.8570 -0.0664 0.5109
vn 0.8291 -0.2462 0.5020
vn 0.3224 -0.4324 -0.8421
vn 0.4505 -0.0785 -0.8893
vn 0.4758 0.0216 -0.8793
vn 0.3017 -0.5696 -0.7646
vn 0.0991 -0.3930 -0.9142
vn 0.1933 -0.0515 -0.9798
vn 0.1948 -0.0108 -0.9808
vn 0.3198 -0.5154 -0.7951
vn -0.7460 -0.3665 0.5561
vn -0.5890 -0.6279 0.5087
vn -0.6094 -0.5131 0.6045
vn -0.7571 -0.1582 0.6338
vn -0.8552 0.1103 0.5064
vn -0.8694 0.0069 0.4941
vn -0.8421 -0.1779 0.5090
vn 0.0846 -0.3595 0.9293
vn -0.0495 -0.7779 0.6264
vn -0.0433 -0.6688 0.7422
vn 0.3047 0.0693 0.9499
vn 0.4770 -0.0793 0.8753
vn -0.5856 -0.3634 0.7246
vn -0.4750 -0.6532 0.5897
vn -0.4843 -0.5292 0.6967
vn -0.6664 -0.1021 0.7386
vn -0.7856 0.1691 0.5952
vn -0.8020 0.0593 0.5944
vn -0.7684 -0.1213 0.6284
vn 0.2241 -0.4301 0.8745
vn 0.0537 -0.7606 0.6470
vn -0.0288 -0.6271 0.7784
vn 0.6766 -0.2608 0.6886
vn 0.8366 0.0165 0.5475
vn 0.7364 0.0300 0.6759
vn 0.6733 -0.1327 0.7274
vn 0.5548 -0.5166 -0.6521
vn 0.7565 -0.2180 -0.6166
vn 0.8865 -0.1419 -0.4404
vn 0.9598 0.1129 -0.2570
vn 0.9734 -0.0308 -0.2268
vn 0.9678 -0.1285 -0.2166
vn 0.8626 -0.4347 -0.2588
vn 0.4669 -0.4899 -0.7362
vn 0.6378 -0.1137 -0.7617
vn 0.6815 -0.0368 -0.7309
vn 0.5636 -0.0505 -0.8245
vn 0.4191 0.2019 -0.8852
vn 0.4892 0.2097 -0.8466
vn 0.5928 -0.5636 -0.5752
vn -0.9184 -0.3911 -0.0601
vn -0.8509 -0.5233 0.0458
vn -0.8752 -0.4314 0.2188
vn -0.8955 -0.2042 0.3955
vn -0.9052 -0.0800 0.4173
vn -0.9157 -0.2034 0.3465
vn -0.9091 -0.3076 0.2808
vn -0.1934 -0.4331 0.8804
vn -0.2159 -0.6717 0.7087
vn -0.1406 -0.5982 0.7889
vn -0.0368 -0.1463 0.9886
vn 0.0742 0.2167 0.9734
vn 0.1160 0.2148 0.9697
vn 0.1022 0.0073 0.9947
vn -0.8697 -0.3477 0.3502
vn -0.7044 -0.6064 0.3689
vn -0.7267 -0.4972 0.4741
vn -0.8140 -0.1893 0.5492
vn -0.8625 0.0352 0.5048
vn -0.8983 -0.0743 0.4330
vn -0.8848 -0.2417 0.3983
vn -0.0760 -0.3864 0.9192
vn -0.1483 -0.7171 0.6810
vn -0.0742 -0.6479 0.7581
vn 0.0842 -0.1994 0.9763
vn 0.2560 0.1744 0.9508
vn 0.3105 0.1817 0.9330
vn 0.2972 -0.0204 0.9546
vn 0.5156 -0.6414 -0.5681
vn 0.7145 -0.3707 -0.5934
vn 0.7822 -0.2970 -0.5477
vn 0.8843 0.0796 -0.4601
vn 0.9181 -0.1040 -0.3824
vn 0.9213 -0.2802 -0.2695
vn 0.9080 -0.3881 -0.1582
vn 0.6162 -0.5400 -0.5734
vn 0.7801 -0.3483 -0.5197
vn 0.8702 -0.2807 -0.4048
vn 0.9583 0.1005 -0.2676
vn 0.9527 -0.0638 -0.2970
vn 0.9596 -0.1626 -0.2298
vn 0.9059 -0.3646 -0.2154
vn -0.6771 -0.4174 -0.6061
vn -0.7062 -0.4429 -0.5524
vn -0.7539 -0.3199 -0.5739
vn -0.8894 -0.1428 -0.4343
vn -0.9555 -0.1707 -0.2406
vn -0.9286 -0.3458 -0.1344
vn -0.9139 -0.4013 -0.0608
vn -0.8713 -0.3727 -0.3191
vn -0.8547 -0.4675 -0.2256
vn -0.9040 -0.3870 -0.1817
vn -0.9774 -0.2096 -0.0281
vn -0.9824 -0.1674 0.0833
vn -0.9376 -0.3275 0.1168
vn -0.9178 -0.3805 0.1138
vn 0.8712 -0.4647 -0.1580
vn 0.8396 -0.5346 -0.0966
vn 0.8932 -0.4454 -0.0612
vn 0.9605 -0.2677 0.0765
vn 0.9624 -0.2160 0.1646
vn 0.9128 -0.3646 0.1838
vn 0.9000 -0.4003 0.1723
vn 0.7891 -0.4751 -0.3894
vn 0.7909 -0.4884 -0.3686
vn 0.8454 -0.3334 -0.4174
vn 0.9391 -0.1521 -0.3081
vn 0.9707 -0.1911 -0.1458
vn 0.9285 -0.3660 -0.0631
vn 0.9105 -0.4134 -0.0001
vn -0.4956 -0.4256 -0.7572
vn -0.6636 -0.2677 -0.6985
vn -0.8052 -0.2139 -0.5531
vn -0.9073 0.1509 -0.3925
vn -0.9229 -0.0216 -0.3845
vn -0.9495 -0.1168 -0.2912
vn -0.8851 -0.3718 -0.2800
vn -0.3936 -0.5524 -0.7348
vn -0.5317 -0.3075 -0.7891
vn -0.6520 -0.2705 -0.7083
vn -0.7914 0.0825 -0.6057
vn -0.8618 -0.1007 -0.4971
vn -0.9025 -0.2550 -0.3470
vn -0.8948 -0.3842 -0.2272
vn -0.2876 -0.3730 0.8821
vn -0.1551 -0.6887 0.7082
vn -0.2178 -0.5956 0.7732
vn -0.3676 -0.1176 0.9225
vn -0.4371 0.2189 0.8724
vn -0.4470 0.2049 0.8708
vn -0.4249 0.0045 0.9052
vn 0.7412 -0.5089 0.4378
vn 0.5275 -0.7388 0.4195
vn 0.5578 -0.6404 0.5279
vn 0.7051 -0.3164 0.6346
vn 0.8024 -0.0328 0.5959
vn 0.8494 -0.1165 0.5146
vn 0.8416 -0.2692 0.4682
vn -0.1700 -0.4421 0.8807
vn -0.1028 -0.6616 0.7428
vn -0.1649 -0.5735 0.8024
vn -0.2318 -0.1074 0.9668
vn -0.2587 0.2374 0.9363
vn -0.2664 0.2242 0.9374
vn -0.2401 0.0200 0.9705
vn 0.8653 -0.4988 0.0492
vn 0.7801 -0.6125 0.1278
vn 0.8104 -0.5329 0.2433
vn 0.8533 -0.3308 0.4030
vn 0.8609 -0.1646 0.4814
vn 0.8738 -0.2562 0.4133
vn 0.8792 -0.3352 0.3384
vn -0.3772 -0.3645 -0.8514
vn -0.4827 -0.0272 -0.8753
vn -0.5842 0.0373 -0.8108
vn -0.3899 -0.5695 -0.7236
vn -0.4647 -0.3844 -0.7977
vn -0.6210 -0.1299 -0.7730
vn -0.8083 -0.0575 -0.5860
vn -0.9044 0.1712 -0.3909
vn -0.9336 0.0488 -0.3551
vn -0.9276 -0.0637 -0.3682
vn -0.8199 -0.4485 -0.3557
vn -0.5584 -0.3253 0.7631
vn -0.3884 -0.6648 0.6381
vn -0.3539 -0.5248 0.7742
vn -0.5919 -0.0803 0.8020
vn -0.7593 0.1934 0.6213
vn -0.7712 0.0869 0.6306
vn -0.7377 -0.1025 0.6673
vn 0.3022 -0.4833 0.8216
vn 0.1847 -0.7606 0.6224
vn 0.1827 -0.6487 0.7388
vn 0.6006 -0.2562 0.7574
vn 0.7765 0.0827 0.6247
vn 0.7446 0.0247 0.6671
vn 0.7039 -0.1507 0.6941
vn -0.5340 -0.8003 0.2725
vn -0.5254 -0.8304 0.1856
vn -0.5091 -0.8549 0.0999
vn -0.4953 -0.8659 0.0709
vn -0.4797 -0.8766 0.0391
vn -0.4588 -0.8884 -0.0161
vn -0.4319 -0.8996 -0.0648
vn -0.3973 -0.9078 -0.1342
vn -0.3803 -0.9054 -0.1888
vn -0.3574 -0.9009 -0.2461
vn -0.3243 -0.8957 -0.3043
vn -0.2985 -0.8887 -0.3479
vn 0.0345 -0.9479 -0.3166
vn -0.5321 -0.7904 0.3035
vn -0.5269 -0.7776 0.3431
vn -0.5194 -0.7409 0.4259
vn -0.5010 -0.6876 0.5256
vn -0.4745 -0.6698 0.5711
vn -0.4488 -0.6671 0.5946
vn -0.4204 -0.6458 0.6374
vn -0.3830 -0.5798 0.7192
vn 0.2974 -0.5847 0.7547
vn -0.0958 -0.5704 0.8157
vn 0.0605 -0.5872 0.8072
vn 0.0066 -0.5753 0.8179
vn 0.3539 -0.6591 0.6636
vn 0.0870 -0.6768 0.7310
vn 0.0201 -0.6697 0.7423
vn -0.0978 -0.6667 0.7388
vn -0.2578 -0.6709 0.6953
vn 0.3928 -0.6833 0.6155
vn 0.1138 -0.7406 0.6622
vn 0.0263 -0.7469 0.6644
vn -0.0974 -0.7442 0.6609
vn -0.2881 -0.7135 0.6386
vn 0.4257 -0.6887 0.5869
vn 0.1277 -0.7555 0.6426
vn 0.0300 -0.7602 0.6490
vn -0.0982 -0.7563 0.6469
vn -0.3083 -0.7217 0.6198
vn 0.4589 -0.7068 0.5384
vn 0.1475 -0.7768 0.6122
vn 0.0416 -0.7633 0.6446
vn -0.1057 -0.7578 0.6439
vn -0.3293 -0.7468 0.5778
vn 0.4820 -0.7538 0.4467
vn 0.1852 -0.8211 0.5399
vn 0.0675 -0.7914 0.6075
vn -0.1220 -0.7833 0.6095
vn -0.3524 -0.8047 0.4779
vn 0.4935 -0.7883 0.3674
vn 0.2259 -0.8627 0.4526
vn 0.0969 -0.8594 0.5020
vn -0.1376 -0.8546 0.5008
vn -0.3747 -0.8395 0.3935
vn 0.5023 -0.7977 0.3338
vn 0.2358 -0.9060 0.3516
vn 0.1033 -0.9381 0.3306
vn -0.1321 -0.9378 0.3212
vn -0.3811 -0.8636 0.3300
vn 0.0680 -0.9387 -0.3381
vn -0.0135 -0.9482 -0.3173
vn -0.0995 -0.9226 -0.3726
vn 0.3041 -0.8970 -0.3208
vn 0.0819 -0.9784 -0.1897
vn 0.0319 -0.9822 -0.1854
vn -0.0209 -0.9824 -0.1854
vn -0.1479 -0.9605 -0.2357
vn 0.3303 -0.9047 -0.2691
vn 0.1136 -0.9871 -0.1126
vn 0.0401 -0.9956 -0.0851
vn -0.0357 -0.9957 -0.0858
vn -0.1826 -0.9695 -0.1638
vn 0.3548 -0.9097 -0.2157
vn 0.1297 -0.9897 -0.0601
vn 0.0430 -0.9984 -0.0370
vn -0.0398 -0.9984 -0.0403
vn -0.2170 -0.9695 -0.1139
vn 0.3759 -0.9135 -0.1554
vn 0.1421 -0.9892 -0.0369
vn 0.0464 -0.9985 -0.0278
vn -0.0421 -0.9986 -0.0312
vn -0.2435 -0.9664 -0.0818
vn 0.4117 -0.9077 -0.0813
vn 0.1554 -0.9875 -0.0264
vn 0.0502 -0.9986 -0.0194
vn -0.0464 -0.9987 -0.0211
vn -0.2685 -0.9616 -0.0564
vn 0.4340 -0.8993 -0.0533
vn 0.1681 -0.9858 0.0054
vn 0.0541 -0.9984 0.0150
vn -0.0533 -0.9985 0.0135
vn -0.2919 -0.9561 -0.0265
vn 0.4556 -0.8902 -0.0037
vn 0.1792 -0.9813 0.0710
vn 0.0570 -0.9949 0.0830
vn -0.0613 -0.9948 0.0814
vn -0.3164 -0.9479 0.0355
vn 0.4720 -0.8799 0.0551
vn 0.1858 -0.9760 0.1134
vn 0.0583 -0.9908 0.1224
vn -0.0664 -0.9905 0.1203
vn -0.3327 -0.9394 0.0826
vn 0.4844 -0.8699 0.0934
vn 0.1903 -0.9734 0.1279
vn 0.0588 -0.9891 0.1351
vn -0.0693 -0.9886 0.1334
vn -0.3435 -0.9339 0.0995
vn 0.4957 -0.8599 0.1222
vn 0.1941 -0.9675 0.1621
vn 0.0598 -0.9842 0.1668
vn -0.0748 -0.9833 0.1662
vn -0.3535 -0.9260 0.1324
vn 0.5059 -0.8387 0.2016
vn 0.2000 -0.9477 0.2486
vn 0.0668 -0.9698 0.2347
vn -0.0893 -0.9682 0.2338
vn -0.3656 -0.9022 0.2289
vn 0.5081 -0.8088 0.2962
vn 0.2168 -0.9262 0.3085
vn 0.0853 -0.9602 0.2661
vn -0.1114 -0.9594 0.2593
vn -0.3755 -0.8757 0.3034
vn 0.2346 -0.8869 -0.3979
vn -0.2487 -0.8867 -0.3898
vn -0.3587 -0.4879 0.7958
vn 0.2802 -0.5151 0.8100
vn -0.2468 -0.9231 0.2949
vn -0.2234 -0.9430 0.2465
vn -0.2097 -0.9650 0.1577
vn -0.2032 -0.9717 0.1207
vn -0.1965 -0.9746 0.1076
vn -0.1845 -0.9805 0.0670
vn -0.1666 -0.9860 0.0007
vn -0.1495 -0.9882 -0.0318
vn -0.1344 -0.9898 -0.0475
vn -0.1227 -0.9902 -0.0668
vn -0.1050 -0.9880 -0.1133
vn -0.0688 -0.9790 -0.1917
vn -0.0463 -0.9396 -0.3390
vn -0.2696 -0.9042 0.3313
vn -0.2677 -0.8522 0.4496
vn -0.2345 -0.8048 0.5453
vn -0.2055 -0.7623 0.6137
vn -0.1925 -0.7445 0.6393
vn -0.1846 -0.7306 0.6573
vn -0.1711 -0.6639 0.7280
vn -0.1712 -0.5678 0.8052
vn -0.2705 -0.5126 -0.8149
vn -0.1385 -0.8321 -0.5370
vn -0.2170 -0.7454 -0.6303
vn -0.3046 -0.4773 0.8242
vn -0.1927 -0.5526 0.8109
vn -0.3240 -0.5192 0.7908
vn 0.3449 -0.8822 0.3206
vn 0.3425 -0.9097 0.2347
vn 0.3384 -0.9298 0.1447
vn 0.3307 -0.9367 0.1149
vn 0.3210 -0.9425 0.0932
vn 0.3098 -0.9499 0.0420
vn 0.2929 -0.9560 -0.0184
vn 0.2749 -0.9604 -0.0454
vn 0.2554 -0.9645 -0.0677
vn 0.2301 -0.9674 -0.1061
vn 0.1964 -0.9685 -0.1533
vn 0.1582 -0.9621 -0.2220
vn 0.1072 -0.9211 -0.3742
vn 0.3450 -0.8688 0.3551
vn 0.3334 -0.8512 0.4053
vn 0.3087 -0.8202 0.4816
vn 0.2795 -0.7658 0.5792
vn 0.2509 -0.7385 0.6258
vn 0.2246 -0.7282 0.6475
vn 0.1881 -0.6836 0.7052
vn 0.1651 -0.5868 0.7927
vn 0.2114 -0.5363 -0.8171
vn 0.1232 -0.8419 -0.5254
vn 0.1726 -0.7599 -0.6266
vn 0.0907 -0.5472 0.8321
vn 0.1856 -0.5234 0.8316
vn 0.2556 -0.4927 0.8318
vn 0.2646 0.1494 0.9527
vn 0.5766 0.1000 0.8109
vn 0.0996 -0.2348 0.9669
vn 0.2449 -0.2659 0.9324
vt 0.618100 0.412900
vt 0.617700 0.391100
vt 0.643300 0.389500
vt 0.643600 0.413800
vt 0.641900 0.438000
vt 0.616800 0.434200
vt 0.598000 0.431500
vt 0.599100 0.411800
vt 0.598700 0.391700
vt 0.177900 0.433700
vt 0.182100 0.455400
vt 0.157700 0.462000
vt 0.152900 0.437900
vt 0.151100 0.414000
vt 0.176300 0.412500
vt 0.195200 0.411200
vt 0.196600 0.431000
vt 0.200400 0.450900
vt 0.587500 0.286400
vt 0.575700 0.268200
vt 0.595800 0.253100
vt 0.608800 0.273200
vt 0.620300 0.295200
vt 0.597500 0.305800
vt 0.580600 0.313600
vt 0.571500 0.295800
vt 0.560800 0.279300
vt 0.470200 0.606600
vt 0.490100 0.599100
vt 0.500900 0.621700
vt 0.478600 0.630100
vt 0.455400 0.636700
vt 0.449500 0.612800
vt 0.445100 0.594900
vt 0.464100 0.589200
vt 0.482500 0.582200
vt 0.281100 0.208100
vt 0.262800 0.220500
vt 0.247700 0.200300
vt 0.268200 0.186500
vt 0.290200 0.174900
vt 0.300700 0.197800
vt 0.308500 0.214600
vt 0.290600 0.224200
vt 0.274100 0.235500
vt 0.562200 0.251100
vt 0.547000 0.235200
vt 0.564400 0.216800
vt 0.581100 0.234400
vt 0.548200 0.263800
vt 0.534600 0.249600
vt 0.451000 0.183500
vt 0.429400 0.179400
vt 0.432700 0.154500
vt 0.456900 0.159000
vt 0.480500 0.165800
vt 0.472200 0.189600
vt 0.466000 0.206900
vt 0.446600 0.201700
vt 0.426700 0.197900
vt 0.246100 0.234700
vt 0.230600 0.250100
vt 0.211300 0.233700
vt 0.228900 0.216000
vt 0.258600 0.248400
vt 0.244400 0.263100
vt 0.598100 0.497200
vt 0.606200 0.476800
vt 0.629700 0.485700
vt 0.620800 0.507700
vt 0.609200 0.529400
vt 0.588200 0.516600
vt 0.572300 0.507100
vt 0.581400 0.488700
vt 0.588600 0.470500
vt 0.266200 0.578000
vt 0.284000 0.589600
vt 0.271400 0.610700
vt 0.250800 0.597400
vt 0.232600 0.584400
vt 0.248900 0.565600
vt 0.260900 0.551600
vt 0.276500 0.563200
vt 0.293200 0.573700
vt 0.181400 0.346700
vt 0.177700 0.368400
vt 0.152700 0.365100
vt 0.156900 0.341100
vt 0.163700 0.317400
vt 0.187400 0.325600
vt 0.205100 0.331500
vt 0.199500 0.350900
vt 0.196400 0.370700
vt 0.407500 0.177100
vt 0.385600 0.177400
vt 0.384500 0.151900
vt 0.409100 0.151900
vt 0.406700 0.196000
vt 0.386500 0.196400
vt 0.176000 0.390400
vt 0.150800 0.389600
vt 0.194800 0.390900
vt 0.605800 0.326100
vt 0.629500 0.318000
vt 0.636400 0.341500
vt 0.611800 0.347300
vt 0.593500 0.351600
vt 0.588200 0.332200
vt 0.428500 0.616600
vt 0.432400 0.640800
vt 0.408700 0.643000
vt 0.407300 0.618600
vt 0.406400 0.600400
vt 0.425900 0.598600
vt 0.321200 0.189800
vt 0.312800 0.165900
vt 0.336200 0.159300
vt 0.342200 0.183700
vt 0.346600 0.201800
vt 0.327300 0.207400
vt 0.206300 0.516200
vt 0.218300 0.534200
vt 0.198800 0.549200
vt 0.184800 0.528900
vt 0.174000 0.508000
vt 0.196500 0.496800
vt 0.213500 0.488900
vt 0.222000 0.506300
vt 0.233100 0.523100
vt 0.492600 0.198100
vt 0.503400 0.175300
vt 0.525200 0.187000
vt 0.512100 0.208500
vt 0.502300 0.224700
vt 0.484700 0.215000
vt 0.576300 0.533700
vt 0.595700 0.549800
vt 0.578900 0.568300
vt 0.560800 0.550000
vt 0.547900 0.539000
vt 0.560800 0.522900
vt 0.232900 0.550500
vt 0.214800 0.568100
vt 0.246400 0.537500
vt 0.343900 0.612500
vt 0.364800 0.616600
vt 0.361100 0.640800
vt 0.337400 0.636300
vt 0.315400 0.630500
vt 0.323100 0.606900
vt 0.329100 0.589400
vt 0.348100 0.594800
vt 0.367400 0.598600
vt 0.195400 0.305300
vt 0.172800 0.294500
vt 0.183600 0.273200
vt 0.205200 0.285900
vt 0.221200 0.295400
vt 0.212200 0.313000
vt 0.615700 0.369000
vt 0.640700 0.365200
vt 0.597100 0.371500
vt 0.386000 0.618600
vt 0.384700 0.643000
vt 0.386800 0.600400
vt 0.509300 0.589100
vt 0.527300 0.577900
vt 0.542600 0.597900
vt 0.522700 0.610200
vt 0.500100 0.573200
vt 0.516700 0.562900
vt 0.188300 0.476600
vt 0.164500 0.485100
vt 0.205800 0.470100
vt 0.363700 0.179400
vt 0.359800 0.154400
vt 0.366400 0.198100
vt 0.530200 0.221100
vt 0.545100 0.200800
vt 0.518900 0.236100
vt 0.544600 0.565000
vt 0.561800 0.583500
vt 0.532400 0.551400
vt 0.303000 0.599100
vt 0.292700 0.621600
vt 0.310700 0.582300
vt 0.216900 0.267500
vt 0.196400 0.253000
vt 0.232200 0.278700
vt 0.612600 0.455900
vt 0.637000 0.462200
vt 0.594500 0.451200
vt 0.390500 0.521000
vt 0.402400 0.521000
vt 0.403500 0.545500
vt 0.389300 0.545500
vt 0.374900 0.544000
vt 0.378700 0.519900
vt 0.381300 0.501700
vt 0.391400 0.502700
vt 0.401500 0.502700
vt 0.515200 0.383300
vt 0.513000 0.372300
vt 0.537400 0.364900
vt 0.540100 0.379200
vt 0.541500 0.394000
vt 0.516300 0.395000
vt 0.498400 0.395400
vt 0.497600 0.386200
vt 0.495900 0.376700
vt 0.283900 0.440400
vt 0.289200 0.452200
vt 0.265100 0.464000
vt 0.259900 0.449800
vt 0.256200 0.435600
vt 0.281000 0.428600
vt 0.297700 0.422400
vt 0.300100 0.432200
vt 0.302800 0.442600
vt 0.378600 0.279900
vt 0.366900 0.282000
vt 0.360600 0.257200
vt 0.374600 0.254600
vt 0.389300 0.253200
vt 0.390600 0.278800
vt 0.391600 0.298000
vt 0.381300 0.298900
vt 0.371100 0.300800
vt 0.458100 0.503800
vt 0.467800 0.497800
vt 0.481100 0.518700
vt 0.470800 0.524600
vt 0.457800 0.532000
vt 0.448100 0.509500
vt 0.440500 0.493100
vt 0.449300 0.488500
vt 0.457700 0.483000
vt 0.470000 0.303600
vt 0.459900 0.296300
vt 0.473500 0.274200
vt 0.484700 0.282200
vt 0.496500 0.291800
vt 0.479600 0.311200
vt 0.467500 0.326000
vt 0.460200 0.319100
vt 0.451500 0.312800
vt 0.477200 0.490400
vt 0.485900 0.482400
vt 0.503900 0.500700
vt 0.492800 0.509700
vt 0.465200 0.476700
vt 0.472900 0.469700
vt 0.297800 0.328300
vt 0.292200 0.338200
vt 0.269700 0.325200
vt 0.277400 0.312700
vt 0.286600 0.301000
vt 0.305300 0.318700
vt 0.319000 0.331900
vt 0.312900 0.339800
vt 0.307600 0.348400
vt 0.513100 0.429500
vt 0.515600 0.417700
vt 0.540800 0.422100
vt 0.538300 0.436500
vt 0.534200 0.450900
vt 0.509600 0.441500
vt 0.493800 0.434100
vt 0.496000 0.424000
vt 0.497300 0.414300
vt 0.345100 0.509200
vt 0.355700 0.514100
vt 0.348200 0.537200
vt 0.334500 0.531200
vt 0.322600 0.525600
vt 0.334900 0.504200
vt 0.343400 0.488400
vt 0.352400 0.493100
vt 0.361700 0.496900
vt 0.516400 0.406200
vt 0.541700 0.408100
vt 0.498400 0.404900
vt 0.501600 0.340000
vt 0.494800 0.329300
vt 0.515800 0.314200
vt 0.523500 0.326300
vt 0.529800 0.339300
vt 0.506400 0.350000
vt 0.490200 0.358800
vt 0.485800 0.349800
vt 0.480400 0.341200
vt 0.437200 0.514100
vt 0.445000 0.537100
vt 0.431900 0.541200
vt 0.425800 0.517600
vt 0.421500 0.499800
vt 0.431200 0.496900
vt 0.278600 0.416500
vt 0.253500 0.421300
vt 0.252500 0.407500
vt 0.277700 0.405700
vt 0.295600 0.403800
vt 0.296600 0.413200
vt 0.333400 0.295500
vt 0.322700 0.302100
vt 0.307700 0.281400
vt 0.319500 0.273200
vt 0.333200 0.266300
vt 0.344200 0.289700
vt 0.352100 0.307500
vt 0.342900 0.312500
vt 0.333900 0.317600
vt 0.488300 0.320100
vt 0.506700 0.302400
vt 0.474300 0.333200
vt 0.426200 0.282100
vt 0.414600 0.279700
vt 0.418400 0.254300
vt 0.433100 0.257300
vt 0.446900 0.261000
vt 0.437800 0.285300
vt 0.432100 0.303700
vt 0.422200 0.300900
vt 0.412400 0.298900
vt 0.506100 0.453200
vt 0.529600 0.464400
vt 0.522000 0.478800
vt 0.500500 0.463700
vt 0.484800 0.453300
vt 0.490000 0.443900
vt 0.325100 0.498100
vt 0.310100 0.517600
vt 0.299000 0.509500
vt 0.315900 0.490600
vt 0.327000 0.476400
vt 0.335200 0.482900
vt 0.313600 0.310200
vt 0.296900 0.290500
vt 0.325700 0.324500
vt 0.280000 0.371800
vt 0.278600 0.382300
vt 0.253500 0.377800
vt 0.255100 0.365100
vt 0.258600 0.351400
vt 0.283000 0.359700
vt 0.299900 0.366800
vt 0.297500 0.375900
vt 0.296100 0.384900
vt 0.402700 0.278700
vt 0.404100 0.253100
vt 0.402000 0.297900
vt 0.414200 0.519900
vt 0.417800 0.544000
vt 0.411600 0.501700
vt 0.277600 0.393900
vt 0.252200 0.392600
vt 0.295300 0.394500
vt 0.510600 0.361800
vt 0.534700 0.352600
vt 0.493600 0.367800
vt 0.292500 0.464000
vt 0.299100 0.473600
vt 0.278000 0.488500
vt 0.270000 0.474800
vt 0.307600 0.452700
vt 0.313500 0.461400
vt 0.355500 0.285500
vt 0.346400 0.261400
vt 0.361500 0.303700
vt 0.449100 0.290100
vt 0.461100 0.267200
vt 0.442100 0.308000
vt 0.307100 0.482500
vt 0.287600 0.498900
vt 0.320000 0.469200
vt 0.494200 0.473700
vt 0.513900 0.490800
vt 0.479600 0.461700
vt 0.367100 0.517500
vt 0.361100 0.541300
vt 0.371300 0.499800
vt 0.286600 0.349500
vt 0.263300 0.337900
vt 0.303400 0.357500
vt 0.492500 0.404000
vt 0.492600 0.395600
vt 0.491400 0.413100
vt 0.485700 0.411600
vt 0.486600 0.403700
vt 0.486800 0.395700
vt 0.302300 0.411900
vt 0.303600 0.420500
vt 0.301400 0.403200
vt 0.307100 0.402900
vt 0.308200 0.410800
vt 0.309400 0.418900
vt 0.480500 0.353000
vt 0.475500 0.345100
vt 0.484800 0.361300
vt 0.479500 0.363800
vt 0.475600 0.356100
vt 0.470900 0.349100
vt 0.429200 0.491100
vt 0.437900 0.487500
vt 0.420000 0.493800
vt 0.418600 0.487900
vt 0.427100 0.485400
vt 0.435300 0.482000
vt 0.346000 0.317900
vt 0.337800 0.322900
vt 0.354600 0.313500
vt 0.356800 0.319500
vt 0.349000 0.323400
vt 0.341500 0.328100
vt 0.470000 0.337900
vt 0.463300 0.331000
vt 0.465500 0.342300
vt 0.459400 0.336100
vt 0.421000 0.307300
vt 0.411600 0.305400
vt 0.430100 0.310100
vt 0.428500 0.316300
vt 0.419700 0.313600
vt 0.410700 0.311800
vt 0.329800 0.329600
vt 0.323500 0.336500
vt 0.334300 0.334300
vt 0.327700 0.341300
vt 0.484300 0.440900
vt 0.488400 0.431600
vt 0.479300 0.449600
vt 0.474000 0.445800
vt 0.479000 0.437800
vt 0.482700 0.429300
vt 0.338700 0.477800
vt 0.346500 0.483100
vt 0.331100 0.471400
vt 0.335300 0.466500
vt 0.342200 0.472600
vt 0.349600 0.477700
vt 0.303200 0.377500
vt 0.301800 0.386000
vt 0.305500 0.368700
vt 0.311000 0.370600
vt 0.308700 0.378600
vt 0.307400 0.386700
vt 0.401800 0.304400
vt 0.391900 0.304400
vt 0.401400 0.310800
vt 0.392200 0.310800
vt 0.488000 0.369900
vt 0.490300 0.378200
vt 0.484800 0.379600
vt 0.482600 0.371600
vt 0.410700 0.495600
vt 0.401200 0.496600
vt 0.400900 0.490500
vt 0.409800 0.489600
vt 0.301200 0.394500
vt 0.306800 0.394700
vt 0.313200 0.448700
vt 0.318400 0.457000
vt 0.307900 0.439500
vt 0.313900 0.436600
vt 0.318500 0.445000
vt 0.323200 0.452400
vt 0.363300 0.309900
vt 0.372400 0.307100
vt 0.373900 0.313400
vt 0.365200 0.316100
vt 0.439200 0.313600
vt 0.447900 0.318200
vt 0.444700 0.323700
vt 0.436900 0.319500
vt 0.474900 0.457600
vt 0.468400 0.465100
vt 0.463900 0.460500
vt 0.470000 0.453200
vt 0.324000 0.464400
vt 0.328700 0.459800
vt 0.372800 0.493800
vt 0.382100 0.495700
vt 0.363700 0.491100
vt 0.365800 0.485300
vt 0.374300 0.487900
vt 0.383000 0.489600
vt 0.308900 0.360100
vt 0.312900 0.351700
vt 0.317900 0.355100
vt 0.314000 0.362600
vt 0.391600 0.496600
vt 0.391900 0.490500
vt 0.491900 0.386700
vt 0.486400 0.387400
vt 0.306100 0.429800
vt 0.310600 0.427700
vt 0.382100 0.305300
vt 0.383000 0.311600
vt 0.446300 0.483100
vt 0.454200 0.478000
vt 0.443200 0.477800
vt 0.450600 0.472900
vt 0.456500 0.324400
vt 0.452300 0.329500
vt 0.461300 0.472000
vt 0.457300 0.467200
vt 0.354900 0.487500
vt 0.357500 0.481900
vt 0.317700 0.343900
vt 0.322600 0.347900
vt 0.490000 0.422000
vt 0.485100 0.420400
vt 0.400400 0.329400
vt 0.393000 0.329400
vt 0.407800 0.330200
vt 0.404200 0.353500
vt 0.399000 0.353100
vt 0.393800 0.353000
vt 0.322400 0.395500
vt 0.322600 0.402000
vt 0.323000 0.389100
vt 0.343200 0.390500
vt 0.343200 0.395000
vt 0.344100 0.400100
vt 0.467700 0.378100
vt 0.464800 0.371200
vt 0.469600 0.383900
vt 0.449800 0.387000
vt 0.448400 0.381900
vt 0.446100 0.377600
vt 0.407200 0.471800
vt 0.414300 0.470500
vt 0.400000 0.472500
vt 0.398900 0.449500
vt 0.403900 0.449000
vt 0.408800 0.448000
vt 0.371300 0.333500
vt 0.364600 0.336300
vt 0.378400 0.331400
vt 0.383500 0.354100
vt 0.378500 0.355300
vt 0.373600 0.356900
vt 0.333800 0.434800
vt 0.337400 0.441200
vt 0.330500 0.428300
vt 0.350500 0.419200
vt 0.353000 0.423500
vt 0.355900 0.427800
vt 0.429100 0.336800
vt 0.422200 0.334000
vt 0.435800 0.340200
vt 0.424000 0.359500
vt 0.419400 0.357400
vt 0.414500 0.355700
vt 0.455300 0.441800
vt 0.459500 0.435700
vt 0.450900 0.447900
vt 0.434300 0.432300
vt 0.437200 0.428200
vt 0.440000 0.424000
vt 0.342000 0.447100
vt 0.347100 0.452700
vt 0.358800 0.431900
vt 0.362000 0.435800
vt 0.378600 0.470400
vt 0.385600 0.471800
vt 0.371700 0.468300
vt 0.379100 0.446600
vt 0.383800 0.448000
vt 0.389000 0.449000
vt 0.328900 0.370300
vt 0.326300 0.376300
vt 0.332400 0.364300
vt 0.349900 0.372900
vt 0.347300 0.376700
vt 0.345300 0.380800
vt 0.470900 0.389900
vt 0.471400 0.396300
vt 0.450200 0.396400
vt 0.450600 0.391400
vt 0.392800 0.472500
vt 0.394000 0.449500
vt 0.434200 0.462300
vt 0.440300 0.458200
vt 0.427800 0.465700
vt 0.418400 0.444700
vt 0.422900 0.442200
vt 0.427100 0.439400
vt 0.327400 0.421800
vt 0.325000 0.415200
vt 0.346400 0.409700
vt 0.347900 0.414600
vt 0.385600 0.330000
vt 0.388700 0.353300
vt 0.441900 0.344800
vt 0.447500 0.349600
vt 0.432600 0.364100
vt 0.428500 0.361700
vt 0.445900 0.453400
vt 0.430900 0.436100
vt 0.365200 0.465500
vt 0.358600 0.462000
vt 0.369900 0.442100
vt 0.374400 0.444600
vt 0.336400 0.358800
vt 0.341100 0.353400
vt 0.356700 0.366400
vt 0.353100 0.369600
vt 0.468200 0.416000
vt 0.470100 0.409600
vt 0.465600 0.422600
vt 0.445000 0.415200
vt 0.447400 0.410600
vt 0.448800 0.405800
vt 0.471200 0.403100
vt 0.449900 0.401000
vt 0.323400 0.408800
vt 0.345100 0.404800
vt 0.461400 0.365600
vt 0.457300 0.359900
vt 0.443500 0.373800
vt 0.440300 0.370100
vt 0.421200 0.468400
vt 0.413700 0.446600
vt 0.358000 0.339500
vt 0.351700 0.343400
vt 0.369000 0.358900
vt 0.364700 0.361300
vt 0.452600 0.354700
vt 0.436600 0.367000
vt 0.415100 0.331800
vt 0.409500 0.354400
vt 0.352600 0.457800
vt 0.365800 0.439200
vt 0.346200 0.348300
vt 0.360400 0.363800
vt 0.462600 0.429100
vt 0.442700 0.419600
vt 0.324100 0.383200
vt 0.343900 0.385300
vt 0.759100 0.493300
vt 0.765800 0.457000
vt 0.790500 0.460800
vt 0.783500 0.499800
vt 0.771300 0.537600
vt 0.748000 0.528700
vt 0.724600 0.520000
vt 0.734600 0.487200
vt 0.741300 0.453600
vt 0.710500 0.481100
vt 0.716700 0.450100
vt 0.701200 0.511500
vt 0.677100 0.503200
vt 0.685900 0.474900
vt 0.691900 0.446000
vt 0.661400 0.468500
vt 0.666900 0.441800
vt 0.653200 0.494200
vt 0.094100 0.178000
vt 0.074600 0.209800
vt 0.052900 0.197200
vt 0.074400 0.163700
vt 0.099800 0.133000
vt 0.117800 0.150000
vt 0.136300 0.166100
vt 0.114900 0.192900
vt 0.096400 0.222100
vt 0.135400 0.207500
vt 0.118300 0.234500
vt 0.155200 0.182400
vt 0.174000 0.199500
vt 0.155900 0.222700
vt 0.140100 0.247400
vt 0.176400 0.237600
vt 0.161900 0.260200
vt 0.192800 0.216200
vt 0.241500 0.733900
vt 0.275200 0.745700
vt 0.268200 0.768500
vt 0.232100 0.755600
vt 0.198300 0.738500
vt 0.209500 0.717100
vt 0.221300 0.695900
vt 0.251500 0.711200
vt 0.282900 0.723100
vt 0.261500 0.688700
vt 0.290500 0.700100
vt 0.233700 0.674500
vt 0.246000 0.653100
vt 0.271700 0.666200
vt 0.298900 0.676900
vt 0.282300 0.643800
vt 0.306600 0.653700
vt 0.259000 0.631800
vt 0.645100 0.677100
vt 0.671100 0.652200
vt 0.688800 0.669200
vt 0.660600 0.695900
vt 0.629700 0.718900
vt 0.616200 0.698600
vt 0.601900 0.678600
vt 0.628600 0.658200
vt 0.652900 0.635700
vt 0.612100 0.639700
vt 0.635100 0.618700
vt 0.587300 0.658500
vt 0.572500 0.638200
vt 0.595300 0.621000
vt 0.616100 0.602300
vt 0.578500 0.602400
vt 0.598200 0.584800
vt 0.557400 0.618000
vt 0.621200 0.097600
vt 0.588800 0.079900
vt 0.599800 0.058500
vt 0.634700 0.078300
vt 0.664800 0.105100
vt 0.648600 0.123500
vt 0.632000 0.141500
vt 0.605600 0.118800
vt 0.576600 0.100400
vt 0.590700 0.139000
vt 0.563900 0.121800
vt 0.614900 0.159700
vt 0.598200 0.178700
vt 0.574900 0.159800
vt 0.551200 0.143500
vt 0.560100 0.180700
vt 0.538100 0.165200
vt 0.581100 0.197600
vt 0.341100 0.028600
vt 0.304300 0.034000
vt 0.297700 0.009700
vt 0.337100 0.003300
vt 0.376800 0.000400
vt 0.378500 0.024400
vt 0.379600 0.050100
vt 0.344400 0.054000
vt 0.309300 0.059400
vt 0.349200 0.079400
vt 0.317300 0.084500
vt 0.380400 0.075500
vt 0.381600 0.101000
vt 0.351900 0.104300
vt 0.322400 0.110200
vt 0.356500 0.129100
vt 0.330500 0.135300
vt 0.383200 0.126300
vt 0.046900 0.529400
vt 0.061400 0.562900
vt 0.039400 0.574100
vt 0.023600 0.538400
vt 0.012400 0.500800
vt 0.036300 0.494300
vt 0.060200 0.487800
vt 0.070400 0.520800
vt 0.083700 0.552300
vt 0.093100 0.512200
vt 0.105800 0.541200
vt 0.084600 0.481600
vt 0.109000 0.475200
vt 0.117300 0.503300
vt 0.128700 0.530300
vt 0.141100 0.494000
vt 0.151200 0.518800
vt 0.133500 0.468300
vt 0.585500 0.718600
vt 0.596900 0.739500
vt 0.562100 0.756300
vt 0.552300 0.734100
vt 0.542600 0.711600
vt 0.573200 0.696500
vt 0.560500 0.674900
vt 0.532600 0.689200
vt 0.521800 0.666800
vt 0.548200 0.653100
vt 0.534900 0.631700
vt 0.511700 0.644200
vt 0.378500 0.765100
vt 0.414100 0.765600
vt 0.415300 0.790100
vt 0.377200 0.789500
vt 0.342600 0.783000
vt 0.344200 0.759900
vt 0.347500 0.737100
vt 0.380000 0.740700
vt 0.413500 0.741000
vt 0.381400 0.716300
vt 0.412200 0.716500
vt 0.350700 0.713300
vt 0.353900 0.689200
vt 0.382400 0.691800
vt 0.411400 0.691900
vt 0.383800 0.667300
vt 0.409700 0.667400
vt 0.357700 0.665000
vt 0.765900 0.345800
vt 0.755500 0.312600
vt 0.778700 0.307700
vt 0.790600 0.342000
vt 0.795000 0.381700
vt 0.769900 0.383300
vt 0.744700 0.384600
vt 0.740500 0.350500
vt 0.733100 0.317700
vt 0.715700 0.354600
vt 0.709200 0.323400
vt 0.719700 0.386200
vt 0.694300 0.386900
vt 0.690700 0.358400
vt 0.685000 0.329200
vt 0.665500 0.361800
vt 0.660700 0.335400
vt 0.668900 0.388700
vt 0.057900 0.242700
vt 0.044200 0.277000
vt 0.020300 0.269300
vt 0.035000 0.232600
vt 0.080900 0.253000
vt 0.068200 0.284900
vt 0.104000 0.263100
vt 0.092100 0.292900
vt 0.127000 0.273400
vt 0.116000 0.301100
vt 0.149900 0.284200
vt 0.139900 0.309300
vt 0.309600 0.756500
vt 0.304900 0.779700
vt 0.314800 0.731800
vt 0.320300 0.708100
vt 0.325900 0.684200
vt 0.331900 0.660300
vt 0.123700 0.652500
vt 0.149800 0.676400
vt 0.134800 0.695200
vt 0.106200 0.669500
vt 0.081200 0.639900
vt 0.100600 0.624900
vt 0.119900 0.609700
vt 0.141800 0.635600
vt 0.166200 0.658600
vt 0.159400 0.618700
vt 0.182100 0.640000
vt 0.139500 0.594500
vt 0.159000 0.579400
vt 0.178200 0.602000
vt 0.199200 0.621600
vt 0.196100 0.584800
vt 0.215600 0.602600
vt 0.178800 0.564500
vt 0.694900 0.624900
vt 0.715400 0.594600
vt 0.736400 0.607600
vt 0.714300 0.639800
vt 0.675100 0.609800
vt 0.694400 0.581700
vt 0.655500 0.594800
vt 0.673100 0.568600
vt 0.635400 0.579700
vt 0.651900 0.555500
vt 0.615700 0.564700
vt 0.630600 0.542400
vt 0.558300 0.061200
vt 0.523900 0.046700
vt 0.532600 0.022900
vt 0.569000 0.039200
vt 0.547100 0.083900
vt 0.515200 0.070400
vt 0.536100 0.106500
vt 0.506500 0.094100
vt 0.524800 0.129400
vt 0.497600 0.118000
vt 0.514100 0.152500
vt 0.489100 0.141800
vt 0.079100 0.595400
vt 0.058600 0.608200
vt 0.100300 0.582000
vt 0.121300 0.568700
vt 0.142400 0.555400
vt 0.163600 0.542500
vt 0.268900 0.045800
vt 0.234500 0.060400
vt 0.223400 0.037600
vt 0.260000 0.022000
vt 0.277500 0.069700
vt 0.245600 0.083200
vt 0.286300 0.093300
vt 0.256700 0.105900
vt 0.296200 0.117200
vt 0.268100 0.129000
vt 0.304500 0.141800
vt 0.279000 0.151900
vt 0.450300 0.762300
vt 0.484700 0.754800
vt 0.489600 0.777900
vt 0.453600 0.786700
vt 0.446900 0.738000
vt 0.479200 0.732000
vt 0.443200 0.713700
vt 0.473600 0.708500
vt 0.439800 0.689400
vt 0.467600 0.684600
vt 0.435800 0.665000
vt 0.461500 0.660600
vt 0.749100 0.277300
vt 0.734800 0.242500
vt 0.757400 0.232000
vt 0.772400 0.268800
vt 0.724600 0.285000
vt 0.712000 0.252900
vt 0.700900 0.293000
vt 0.689100 0.263300
vt 0.677000 0.301200
vt 0.666100 0.273900
vt 0.653300 0.309600
vt 0.643100 0.284500
vt 0.025000 0.384900
vt 0.025200 0.421900
vt 0.000100 0.423300
vt 0.000100 0.383800
vt 0.005100 0.344800
vt 0.029300 0.349100
vt 0.053400 0.352200
vt 0.050100 0.386100
vt 0.050300 0.420500
vt 0.075200 0.387100
vt 0.075400 0.419200
vt 0.078000 0.355400
vt 0.102800 0.358600
vt 0.100400 0.388000
vt 0.100600 0.417200
vt 0.125700 0.388800
vt 0.125900 0.415800
vt 0.127800 0.361900
vt 0.415600 0.025400
vt 0.416300 0.000100
vt 0.455600 0.003600
vt 0.452500 0.028400
vt 0.448200 0.053000
vt 0.414200 0.050900
vt 0.412600 0.076200
vt 0.444300 0.077900
vt 0.442100 0.104300
vt 0.411300 0.101200
vt 0.409400 0.126400
vt 0.436200 0.129900
vt 0.034000 0.313000
vt 0.010000 0.307700
vt 0.058900 0.318400
vt 0.083200 0.323800
vt 0.107900 0.329600
vt 0.132400 0.335300
vt 0.178100 0.699000
vt 0.165200 0.719100
vt 0.192400 0.678100
vt 0.207200 0.658000
vt 0.221500 0.637500
vt 0.236900 0.617800
vt 0.733500 0.562700
vt 0.755500 0.573600
vt 0.710900 0.551700
vt 0.688700 0.541000
vt 0.665600 0.530400
vt 0.643200 0.518800
vt 0.142700 0.121300
vt 0.127100 0.103100
vt 0.160300 0.080100
vt 0.173300 0.100500
vt 0.187500 0.119600
vt 0.160500 0.140900
vt 0.177600 0.159700
vt 0.202300 0.139500
vt 0.217500 0.159600
vt 0.195100 0.178200
vt 0.212100 0.197500
vt 0.232600 0.180000
vt 0.488400 0.035700
vt 0.494600 0.011100
vt 0.482100 0.060200
vt 0.475900 0.084600
vt 0.468700 0.109000
vt 0.462800 0.134200
vt 0.674800 0.149100
vt 0.692900 0.132900
vt 0.717500 0.164000
vt 0.697400 0.178600
vt 0.677100 0.193100
vt 0.655700 0.165900
vt 0.636800 0.182800
vt 0.656600 0.207800
vt 0.636300 0.222800
vt 0.618100 0.199900
vt 0.599400 0.217100
vt 0.616000 0.238000
vt 0.201500 0.078400
vt 0.188800 0.057700
vt 0.215200 0.100000
vt 0.228500 0.121400
vt 0.242400 0.142800
vt 0.255100 0.165000
vt 0.518700 0.747400
vt 0.526000 0.769900
vt 0.511100 0.723700
vt 0.503500 0.700400
vt 0.495100 0.677000
vt 0.486900 0.653600
vt 0.718100 0.209200
vt 0.739000 0.197000
vt 0.696100 0.222100
vt 0.674300 0.234700
vt 0.652100 0.247300
vt 0.630400 0.260600
vt 0.028600 0.458500
vt 0.004000 0.462400
vt 0.053400 0.454700
vt 0.078200 0.450200
vt 0.103100 0.446400
vt 0.128000 0.441800
vt 0.769800 0.420500
vt 0.795000 0.421500
vt 0.744700 0.419300
vt 0.719600 0.418200
vt 0.694200 0.416800
vt 0.668800 0.416000
vt 0.217900 0.315700
vt 0.211000 0.333600
vt 0.226500 0.298700
vt 0.231700 0.302200
vt 0.223500 0.318400
vt 0.217000 0.335700
vt 0.349600 0.588800
vt 0.368200 0.592500
vt 0.331200 0.583500
vt 0.333300 0.577700
vt 0.351000 0.582900
vt 0.369100 0.586400
vt 0.555500 0.519700
vt 0.566900 0.503900
vt 0.543200 0.534600
vt 0.538300 0.530600
vt 0.550400 0.516200
vt 0.561200 0.500800
vt 0.251100 0.533400
vt 0.264900 0.546800
vt 0.238000 0.519400
vt 0.243200 0.515800
vt 0.255500 0.529100
vt 0.269200 0.542400
vt 0.482000 0.220500
vt 0.464000 0.212900
vt 0.499000 0.230100
vt 0.495900 0.235500
vt 0.479500 0.226300
vt 0.461700 0.218800
vt 0.329400 0.213400
vt 0.311100 0.220300
vt 0.348100 0.208000
vt 0.349600 0.214100
vt 0.331500 0.219400
vt 0.313900 0.226000
vt 0.227300 0.503200
vt 0.218900 0.485800
vt 0.224500 0.482800
vt 0.232800 0.499900
vt 0.582400 0.334200
vt 0.574900 0.316300
vt 0.587200 0.353000
vt 0.581000 0.354500
vt 0.576700 0.336800
vt 0.569200 0.319100
vt 0.201200 0.391100
vt 0.201500 0.410800
vt 0.202800 0.371500
vt 0.209100 0.372200
vt 0.207600 0.391200
vt 0.207900 0.410300
vt 0.424900 0.592500
vt 0.443600 0.588900
vt 0.406100 0.594300
vt 0.405600 0.588100
vt 0.423900 0.586400
vt 0.442100 0.582900
vt 0.406300 0.202400
vt 0.386800 0.202700
vt 0.425800 0.204200
vt 0.424900 0.210500
vt 0.406100 0.208800
vt 0.387100 0.209000
vt 0.205600 0.352300
vt 0.211600 0.354100
vt 0.262800 0.253100
vt 0.249300 0.267200
vt 0.277800 0.240500
vt 0.281500 0.245600
vt 0.267200 0.257700
vt 0.253900 0.271400
vt 0.280300 0.558200
vt 0.296400 0.568300
vt 0.283900 0.553200
vt 0.299600 0.563000
vt 0.575800 0.486100
vt 0.582900 0.467900
vt 0.569900 0.483500
vt 0.577100 0.465600
vt 0.445000 0.207800
vt 0.443500 0.214000
vt 0.543900 0.268300
vt 0.530100 0.254100
vt 0.555900 0.283200
vt 0.551200 0.287400
vt 0.539100 0.272500
vt 0.525900 0.258800
vt 0.293800 0.229500
vt 0.296900 0.235000
vt 0.202900 0.429800
vt 0.206500 0.449100
vt 0.209100 0.428700
vt 0.212600 0.447300
vt 0.462000 0.583400
vt 0.479900 0.576600
vt 0.459900 0.577500
vt 0.477100 0.571000
vt 0.566200 0.299200
vt 0.560900 0.302500
vt 0.592800 0.411100
vt 0.592300 0.391900
vt 0.591700 0.430300
vt 0.585400 0.429100
vt 0.586400 0.410700
vt 0.586000 0.392100
vt 0.313400 0.576800
vt 0.316200 0.571200
vt 0.588300 0.449400
vt 0.582300 0.447600
vt 0.237000 0.282600
vt 0.242100 0.286300
vt 0.528200 0.546800
vt 0.513000 0.557900
vt 0.509200 0.552900
vt 0.524000 0.542100
vt 0.515200 0.241300
vt 0.511300 0.246300
vt 0.496800 0.567900
vt 0.493800 0.562400
vt 0.367300 0.204400
vt 0.368200 0.210700
vt 0.211800 0.467800
vt 0.217700 0.465400
vt 0.590700 0.372300
vt 0.584400 0.373200
vt 0.387100 0.594300
vt 0.387400 0.588200
vt 0.240100 0.327000
vt 0.234800 0.341800
vt 0.248000 0.311700
vt 0.355600 0.565200
vt 0.371800 0.568300
vt 0.339600 0.560300
vt 0.535500 0.505100
vt 0.545800 0.491300
vt 0.523900 0.517800
vt 0.269400 0.517000
vt 0.281800 0.528400
vt 0.257900 0.505300
vt 0.471100 0.243400
vt 0.455300 0.236400
vt 0.486200 0.251700
vt 0.337900 0.237300
vt 0.321700 0.243300
vt 0.354400 0.232500
vt 0.248800 0.490600
vt 0.241300 0.474800
vt 0.558500 0.342800
vt 0.552300 0.327000
vt 0.562500 0.359100
vt 0.226600 0.391900
vt 0.226900 0.409200
vt 0.227900 0.374700
vt 0.421400 0.568300
vt 0.437600 0.565000
vt 0.404800 0.569900
vt 0.405100 0.227700
vt 0.388000 0.227800
vt 0.422000 0.229100
vt 0.230200 0.358300
vt 0.279700 0.271600
vt 0.268000 0.283900
vt 0.292700 0.260600
vt 0.295600 0.538500
vt 0.309000 0.546900
vt 0.553600 0.475700
vt 0.559100 0.459400
vt 0.438800 0.232400
vt 0.525000 0.285100
vt 0.513200 0.272700
vt 0.535900 0.298500
vt 0.306500 0.250900
vt 0.228100 0.425600
vt 0.231100 0.442300
vt 0.453500 0.560100
vt 0.469400 0.554100
vt 0.545400 0.312900
vt 0.567300 0.409600
vt 0.567000 0.392900
vt 0.566400 0.426200
vt 0.323800 0.554100
vt 0.563700 0.442700
vt 0.257300 0.297200
vt 0.510000 0.528600
vt 0.497700 0.537900
vt 0.500200 0.261500
vt 0.484000 0.546400
vt 0.370900 0.229400
vt 0.235800 0.458800
vt 0.565600 0.376000
vt 0.388100 0.569900
vt 0.960500 0.108200
vt 0.961700 0.105300
vt 0.968800 0.111700
vt 0.967900 0.114000
vt 0.068800 0.832400
vt 0.067300 0.835300
vt 0.057900 0.834500
vt 0.059300 0.832200
vt 0.045700 0.899200
vt 0.043200 0.904300
vt 0.031000 0.893300
vt 0.032800 0.889400
vt 0.039500 0.908600
vt 0.034000 0.911100
vt 0.024700 0.899000
vt 0.028100 0.896400
vt 0.952600 0.128100
vt 0.954000 0.124900
vt 0.961900 0.129200
vt 0.960500 0.132400
vt 0.071000 0.806700
vt 0.071700 0.812200
vt 0.059800 0.814400
vt 0.057300 0.810300
vt 0.955500 0.121400
vt 0.956800 0.117500
vt 0.964700 0.122400
vt 0.963300 0.126100
vt 0.071800 0.817200
vt 0.071500 0.821700
vt 0.061200 0.822500
vt 0.060600 0.818600
vt 0.051000 0.877700
vt 0.049300 0.882500
vt 0.038400 0.876900
vt 0.040600 0.873300
vt 0.048200 0.887800
vt 0.047200 0.893500
vt 0.034400 0.885200
vt 0.036200 0.880900
vt 0.945000 0.142100
vt 0.947000 0.138400
vt 0.956000 0.143400
vt 0.954500 0.147200
vt 0.948900 0.135000
vt 0.950800 0.131500
vt 0.959000 0.136200
vt 0.957500 0.139900
vt 0.056400 0.861800
vt 0.055200 0.865600
vt 0.045600 0.862500
vt 0.047300 0.858800
vt 0.054100 0.869300
vt 0.052700 0.873400
vt 0.042500 0.869700
vt 0.044200 0.866000
vt 0.935700 0.159700
vt 0.938900 0.155000
vt 0.950800 0.159000
vt 0.949300 0.163400
vt 0.941300 0.150300
vt 0.943300 0.146000
vt 0.953200 0.151000
vt 0.952100 0.154900
vt 0.968600 0.093000
vt 0.971600 0.089800
vt 0.978400 0.098900
vt 0.975200 0.101400
vt 0.062200 0.847600
vt 0.060400 0.851100
vt 0.051500 0.848300
vt 0.053300 0.844900
vt 0.975300 0.086600
vt 0.979600 0.083500
vt 0.986600 0.095800
vt 0.982000 0.096600
vt 0.058900 0.854800
vt 0.057700 0.858100
vt 0.048900 0.855100
vt 0.050200 0.851700
vt 0.928600 0.180400
vt 0.928500 0.174800
vt 0.944700 0.175800
vt 0.944800 0.180000
vt 0.929900 0.169500
vt 0.932500 0.164400
vt 0.947500 0.167600
vt 0.945900 0.171700
vt 0.962800 0.102200
vt 0.969500 0.109000
vt 0.066100 0.838200
vt 0.056900 0.836900
vt 0.964200 0.099200
vt 0.966100 0.096100
vt 0.972500 0.103700
vt 0.970800 0.106400
vt 0.065000 0.841200
vt 0.063800 0.844300
vt 0.054900 0.841900
vt 0.056100 0.839300
vt 0.934400 0.199500
vt 0.933400 0.196300
vt 0.947100 0.192200
vt 0.948100 0.194900
vt 0.932200 0.192000
vt 0.930800 0.186500
vt 0.945400 0.184500
vt 0.945900 0.188700
vt 0.958000 0.114000
vt 0.965900 0.118900
vt 0.070900 0.825700
vt 0.060800 0.826100
vt 0.959100 0.111000
vt 0.966900 0.116300
vt 0.070000 0.829300
vt 0.060200 0.829500
vt 0.024300 0.916400
vt 0.020500 0.918400
vt 0.014300 0.905700
vt 0.017600 0.904200
vt 0.014100 0.921400
vt 0.009400 0.923600
vt 0.004300 0.909300
vt 0.008600 0.907900
vt 0.069900 0.800700
vt 0.055200 0.804800
vt 0.028900 0.913900
vt 0.021200 0.901700
vt 0.984600 0.080300
vt 0.992000 0.093700
vt 0.937100 0.207500
vt 0.935500 0.202800
vt 0.949400 0.197700
vt 0.951300 0.201600
vt 0.017500 0.919900
vt 0.011600 0.906800
vt 0.967100 0.139400
vt 0.965700 0.143200
vt 0.969800 0.131800
vt 0.968500 0.135300
vt 0.052700 0.816800
vt 0.046600 0.816400
vt 0.034200 0.865700
vt 0.036000 0.862000
vt 0.030000 0.872400
vt 0.032100 0.869200
vt 0.961800 0.154400
vt 0.960900 0.158100
vt 0.964400 0.146700
vt 0.963000 0.150600
vt 0.989800 0.107800
vt 0.985200 0.103500
vt 0.041300 0.851200
vt 0.042900 0.847700
vt 0.037600 0.858700
vt 0.039500 0.855000
vt 0.957900 0.169600
vt 0.957000 0.173400
vt 0.959900 0.161900
vt 0.959000 0.165600
vt 0.976000 0.107900
vt 0.975500 0.110900
vt 0.047700 0.838600
vt 0.049100 0.836200
vt 0.982500 0.105600
vt 0.979000 0.107500
vt 0.044300 0.844600
vt 0.046000 0.841500
vt 0.956100 0.183600
vt 0.954600 0.186700
vt 0.956600 0.176800
vt 0.956400 0.180200
vt 0.974700 0.117200
vt 0.974000 0.119400
vt 0.054000 0.831800
vt 0.053500 0.829300
vt 0.973600 0.112500
vt 0.974700 0.114800
vt 0.050100 0.834200
vt 0.051600 0.832600
vt 0.001200 0.895500
vt 0.005000 0.895000
vt 0.957400 0.188100
vt 0.959500 0.189700
vt 0.971000 0.128700
vt 0.053400 0.820200
vt 0.973200 0.122100
vt 0.972200 0.125300
vt 0.053900 0.825700
vt 0.055600 0.823000
vt 0.014600 0.893400
vt 0.016800 0.890800
vt 0.010400 0.895400
vt 0.013300 0.896500
vt 0.042700 0.810200
vt 0.023600 0.882800
vt 0.025700 0.879300
vt 0.019200 0.888400
vt 0.021500 0.885800
vt 0.027900 0.875700
vt 0.996700 0.106300
vt 0.007800 0.895000
vt 0.961400 0.191600
vt 0.963700 0.194700
vt 0.422800 0.370800
vt 0.418800 0.369700
vt 0.170600 0.819800
vt 0.169700 0.825600
vt 0.154600 0.825700
vt 0.155900 0.820600
vt 0.136800 0.825300
vt 0.139500 0.820900
vt 0.115200 0.826600
vt 0.118100 0.822400
vt 0.097600 0.828000
vt 0.099800 0.824000
vt 0.082700 0.828800
vt 0.084200 0.825000
vt 0.355200 0.378500
vt 0.353000 0.380300
vt 0.878300 0.042800
vt 0.882300 0.040100
vt 0.896700 0.051000
vt 0.893400 0.054400
vt 0.916500 0.066800
vt 0.914300 0.071000
vt 0.931800 0.083000
vt 0.930000 0.087300
vt 0.941700 0.094000
vt 0.940300 0.097600
vt 0.950500 0.103300
vt 0.949300 0.106600
vt 0.403200 0.432300
vt 0.406800 0.431200
vt 0.170300 0.956500
vt 0.171000 0.961500
vt 0.151300 0.960000
vt 0.151100 0.954300
vt 0.134600 0.958900
vt 0.134400 0.952700
vt 0.023500 0.932200
vt 0.020200 0.933800
vt 0.410300 0.430300
vt 0.414100 0.428700
vt 0.170700 0.945900
vt 0.170400 0.951500
vt 0.150800 0.948400
vt 0.150400 0.942500
vt 0.133800 0.945500
vt 0.133000 0.939200
vt 0.041600 0.826400
vt 0.047500 0.823500
vt 0.048100 0.829100
vt 0.044900 0.830600
vt 0.035300 0.926400
vt 0.030400 0.928800
vt 0.440300 0.380100
vt 0.438100 0.377900
vt 0.169900 0.852800
vt 0.170400 0.858000
vt 0.151200 0.855600
vt 0.151300 0.850000
vt 0.124200 0.852800
vt 0.125300 0.846200
vt 0.101500 0.851700
vt 0.102700 0.846000
vt 0.086700 0.850100
vt 0.087900 0.845800
vt 0.073600 0.848900
vt 0.075200 0.845500
vt 0.375000 0.369600
vt 0.370700 0.371000
vt 0.901700 0.019800
vt 0.905600 0.015300
vt 0.914400 0.026700
vt 0.910300 0.029900
vt 0.924600 0.039000
vt 0.920400 0.041100
vt 0.938000 0.055000
vt 0.935900 0.057700
vt 0.949500 0.069600
vt 0.948000 0.074200
vt 0.959600 0.082100
vt 0.957500 0.086000
vt 0.435600 0.376400
vt 0.432600 0.374500
vt 0.168900 0.842200
vt 0.168900 0.848000
vt 0.151400 0.845200
vt 0.151700 0.840300
vt 0.126800 0.841700
vt 0.128200 0.837800
vt 0.104400 0.841600
vt 0.106300 0.837900
vt 0.089400 0.842000
vt 0.091200 0.838400
vt 0.076600 0.842100
vt 0.077900 0.838700
vt 0.366700 0.372200
vt 0.363200 0.373600
vt 0.894200 0.029000
vt 0.898000 0.024300
vt 0.905900 0.032800
vt 0.903800 0.037900
vt 0.916900 0.045700
vt 0.915400 0.048800
vt 0.945200 0.082400
vt 0.946100 0.077900
vt 0.956100 0.090000
vt 0.954500 0.093000
vt 0.385900 0.431500
vt 0.389500 0.432100
vt 0.803700 0.114400
vt 0.807100 0.110800
vt 0.823200 0.123100
vt 0.818600 0.127000
vt 0.837000 0.133500
vt 0.831300 0.138000
vt 0.920100 0.200300
vt 0.918800 0.195800
vt 0.393300 0.432700
vt 0.397900 0.432800
vt 0.795300 0.121600
vt 0.799700 0.117600
vt 0.814400 0.130700
vt 0.810500 0.134700
vt 0.826700 0.142100
vt 0.823200 0.145800
vt 0.923500 0.211400
vt 0.922200 0.206900
vt 0.444900 0.391700
vt 0.444600 0.389200
vt 0.169700 0.874600
vt 0.169800 0.878600
vt 0.151300 0.876200
vt 0.151100 0.872300
vt 0.124000 0.874300
vt 0.123500 0.871300
vt 0.100400 0.871900
vt 0.100300 0.869300
vt 0.084800 0.869000
vt 0.085500 0.866000
vt 0.069000 0.864900
vt 0.070000 0.861400
vt 0.394100 0.367100
vt 0.389200 0.367000
vt 0.918700 0.003400
vt 0.923500 0.000100
vt 0.931600 0.013100
vt 0.927000 0.016200
vt 0.940100 0.026000
vt 0.935700 0.029200
vt 0.951200 0.040100
vt 0.947100 0.043600
vt 0.962700 0.052900
vt 0.958500 0.056800
vt 0.974300 0.066300
vt 0.969700 0.070100
vt 0.443900 0.386100
vt 0.442500 0.382800
vt 0.170600 0.863500
vt 0.170200 0.869400
vt 0.151000 0.867700
vt 0.151100 0.861900
vt 0.123100 0.867600
vt 0.123200 0.861200
vt 0.100400 0.865900
vt 0.100500 0.859900
vt 0.085900 0.862200
vt 0.086100 0.856200
vt 0.071000 0.857600
vt 0.072100 0.853100
vt 0.384300 0.367600
vt 0.379500 0.368500
vt 0.909700 0.011100
vt 0.914200 0.007100
vt 0.922600 0.019600
vt 0.918400 0.023100
vt 0.931700 0.032400
vt 0.927900 0.035800
vt 0.943500 0.047300
vt 0.940400 0.051200
vt 0.954900 0.060900
vt 0.951800 0.065200
vt 0.965700 0.074100
vt 0.962300 0.078100
vt 0.371000 0.424900
vt 0.374700 0.427100
vt 0.818100 0.098600
vt 0.822000 0.094400
vt 0.842600 0.110200
vt 0.838700 0.113600
vt 0.862400 0.125200
vt 0.858500 0.127900
vt 0.880200 0.135900
vt 0.877200 0.138700
vt 0.897700 0.149600
vt 0.893900 0.154700
vt 0.911100 0.165400
vt 0.909100 0.171800
vt 0.378500 0.428900
vt 0.382000 0.430300
vt 0.810900 0.106600
vt 0.814400 0.102900
vt 0.834200 0.116800
vt 0.828200 0.119600
vt 0.853900 0.130000
vt 0.843200 0.130300
vt 0.916200 0.188900
vt 0.908100 0.178900
vt 0.441300 0.405300
vt 0.443800 0.400500
vt 0.172500 0.892500
vt 0.173900 0.899500
vt 0.149100 0.895800
vt 0.151200 0.889500
vt 0.121300 0.892300
vt 0.125700 0.885800
vt 0.101400 0.887900
vt 0.101900 0.883000
vt 0.083200 0.884400
vt 0.083700 0.879900
vt 0.065300 0.881900
vt 0.066400 0.877000
vt 0.444600 0.397100
vt 0.444900 0.394900
vt 0.170100 0.884000
vt 0.170800 0.887200
vt 0.151800 0.884500
vt 0.151600 0.880400
vt 0.125800 0.881700
vt 0.124900 0.877500
vt 0.101400 0.878800
vt 0.100800 0.875000
vt 0.084000 0.875800
vt 0.084400 0.872100
vt 0.067300 0.872600
vt 0.068200 0.868600
vt 0.358100 0.413300
vt 0.361500 0.416900
vt 0.833800 0.083200
vt 0.838000 0.078300
vt 0.858600 0.093700
vt 0.854400 0.098500
vt 0.880200 0.110300
vt 0.874700 0.113800
vt 0.897100 0.120700
vt 0.892200 0.124700
vt 0.912900 0.131500
vt 0.909100 0.135700
vt 0.927800 0.142600
vt 0.923900 0.147600
vt 0.364100 0.419300
vt 0.367400 0.422300
vt 0.826100 0.090300
vt 0.830500 0.086500
vt 0.850500 0.102500
vt 0.846500 0.106500
vt 0.870100 0.117400
vt 0.866300 0.121800
vt 0.887700 0.128600
vt 0.883800 0.132500
vt 0.905400 0.140000
vt 0.901700 0.144500
vt 0.919100 0.153000
vt 0.914600 0.158900
vt 0.427900 0.419400
vt 0.430900 0.416000
vt 0.171700 0.917800
vt 0.172000 0.923500
vt 0.146500 0.919800
vt 0.146700 0.914200
vt 0.122000 0.915900
vt 0.122600 0.910200
vt 0.102200 0.910800
vt 0.102300 0.905400
vt 0.081100 0.908500
vt 0.081600 0.901400
vt 0.061600 0.909900
vt 0.063400 0.902500
vt 0.433300 0.413300
vt 0.435700 0.409400
vt 0.172200 0.907300
vt 0.171900 0.913000
vt 0.146800 0.908600
vt 0.147300 0.902500
vt 0.121900 0.904500
vt 0.120700 0.898200
vt 0.102000 0.899600
vt 0.101500 0.893300
vt 0.082200 0.895200
vt 0.082700 0.889500
vt 0.064100 0.894900
vt 0.064500 0.887800
vt 0.349700 0.397900
vt 0.350500 0.399900
vt 0.853400 0.066400
vt 0.856100 0.064600
vt 0.871600 0.075500
vt 0.868600 0.078300
vt 0.892400 0.092900
vt 0.888800 0.095200
vt 0.910800 0.108700
vt 0.907700 0.110900
vt 0.924200 0.118400
vt 0.921900 0.121200
vt 0.937900 0.127700
vt 0.935700 0.131000
vt 0.351300 0.404100
vt 0.353700 0.409200
vt 0.842400 0.072600
vt 0.848400 0.068800
vt 0.865400 0.082100
vt 0.862200 0.088000
vt 0.885800 0.098100
vt 0.884100 0.105800
vt 0.904300 0.113400
vt 0.901100 0.117000
vt 0.919100 0.124200
vt 0.916200 0.127700
vt 0.933200 0.134400
vt 0.930700 0.138200
vt 0.417500 0.426900
vt 0.170900 0.940700
vt 0.149400 0.936800
vt 0.131100 0.933300
vt 0.042100 0.923600
vt 0.421100 0.424800
vt 0.424600 0.422400
vt 0.171900 0.929400
vt 0.171500 0.935100
vt 0.147500 0.930700
vt 0.146700 0.925200
vt 0.124200 0.926000
vt 0.122400 0.921100
vt 0.102900 0.919000
vt 0.102500 0.915500
vt 0.080000 0.919700
vt 0.080400 0.915600
vt 0.054500 0.922700
vt 0.058700 0.916500
vt 0.409600 0.367900
vt 0.404600 0.367400
vt 0.171800 0.802000
vt 0.171700 0.807900
vt 0.157000 0.810000
vt 0.156900 0.804400
vt 0.141300 0.811800
vt 0.141200 0.806700
vt 0.121500 0.813400
vt 0.122300 0.808300
vt 0.103400 0.814700
vt 0.104500 0.809400
vt 0.086700 0.815800
vt 0.087400 0.810500
vt 0.349500 0.385500
vt 0.348800 0.389000
vt 0.866500 0.054200
vt 0.870500 0.049700
vt 0.885200 0.062800
vt 0.881100 0.066900
vt 0.905100 0.082700
vt 0.900400 0.087100
vt 0.921800 0.098200
vt 0.917500 0.102600
vt 0.934300 0.106200
vt 0.930200 0.110300
vt 0.946200 0.114100
vt 0.943800 0.118000
vt 0.399300 0.367200
vt 0.170800 0.790300
vt 0.171500 0.796100
vt 0.156500 0.798800
vt 0.155700 0.793100
vt 0.141000 0.801100
vt 0.140400 0.795500
vt 0.122600 0.802900
vt 0.122500 0.797300
vt 0.105000 0.803700
vt 0.105000 0.797800
vt 0.087500 0.804600
vt 0.087200 0.798400
vt 0.348700 0.392100
vt 0.348900 0.394500
vt 0.860300 0.061000
vt 0.863200 0.058200
vt 0.877800 0.070100
vt 0.874800 0.072800
vt 0.897700 0.089600
vt 0.895200 0.091300
vt 0.915200 0.104900
vt 0.913300 0.106700
vt 0.927800 0.113400
vt 0.926100 0.115900
vt 0.941800 0.121300
vt 0.940000 0.124500
vt 0.171000 0.968500
vt 0.151000 0.965800
vt 0.134300 0.963900
vt 0.016000 0.936000
vt 0.026500 0.930700
vt 0.426500 0.372000
vt 0.168800 0.831500
vt 0.153000 0.830700
vt 0.132500 0.829200
vt 0.111200 0.830200
vt 0.095200 0.831300
vt 0.081100 0.832100
vt 0.357700 0.376500
vt 0.886300 0.036300
vt 0.899600 0.047200
vt 0.917800 0.062800
vt 0.933000 0.079000
vt 0.943100 0.090200
vt 0.952000 0.099900
vt 0.414300 0.368700
vt 0.171400 0.813800
vt 0.156700 0.815400
vt 0.140800 0.816600
vt 0.120000 0.818100
vt 0.101800 0.819600
vt 0.085600 0.820700
vt 0.351200 0.382700
vt 0.874400 0.046000
vt 0.889500 0.058400
vt 0.910400 0.076300
vt 0.926900 0.092000
vt 0.938200 0.101500
vt 0.948100 0.110100
vt 0.921100 0.203600
vt 0.429800 0.373300
vt 0.168400 0.837200
vt 0.152000 0.835500
vt 0.129700 0.833400
vt 0.108300 0.834100
vt 0.093000 0.834900
vt 0.079400 0.835400
vt 0.360200 0.375000
vt 0.890400 0.032900
vt 0.902000 0.043000
vt 0.917900 0.056700
vt 0.932200 0.068600
vt 0.933400 0.074300
vt 0.944100 0.086400
vt 0.953200 0.096500
vt 0.874900 0.141000
vt 0.891600 0.157900
vt 0.030600 0.854500
vt 0.032600 0.850800
vt 0.028700 0.858100
vt 0.026700 0.861800
vt 0.024700 0.865400
vt 0.022800 0.868700
vt 0.020800 0.871900
vt 0.018900 0.875000
vt 0.017000 0.877900
vt 0.015100 0.880600
vt 0.013300 0.883100
vt 0.011500 0.885400
vt 0.010100 0.888800
vt 0.969200 0.185600
vt 0.972200 0.188200
vt 0.034700 0.846900
vt 0.036700 0.843400
vt 0.038300 0.840500
vt 0.040000 0.837700
vt 0.041700 0.834900
vt 0.043300 0.832500
vt 0.979900 0.113800
vt 0.981000 0.118300
vt 0.034100 0.815600
vt 0.038500 0.821500
vt 0.986200 0.118200
vt 0.985300 0.112200
vt 0.991600 0.117000
vt 0.998800 0.116100
vt 0.980600 0.121100
vt 0.985900 0.121600
vt 0.991600 0.121400
vt 0.999500 0.120900
vt 0.030200 0.818600
vt 0.035300 0.824700
vt 0.039200 0.828900
vt 0.979900 0.123900
vt 0.985300 0.124500
vt 0.991200 0.124500
vt 0.999700 0.124200
vt 0.027600 0.820800
vt 0.033300 0.827100
vt 0.037500 0.831400
vt 0.979100 0.127000
vt 0.984700 0.127600
vt 0.990900 0.127800
vt 0.999900 0.127800
vt 0.024900 0.823200
vt 0.031200 0.829700
vt 0.035700 0.834000
vt 0.978200 0.130200
vt 0.984000 0.130900
vt 0.990500 0.131400
vt 0.999900 0.131800
vt 0.022000 0.826000
vt 0.028900 0.832500
vt 0.033800 0.836800
vt 0.977300 0.133400
vt 0.983300 0.134400
vt 0.990000 0.135300
vt 0.999700 0.136300
vt 0.018900 0.829300
vt 0.026500 0.835500
vt 0.031800 0.839700
vt 0.976200 0.137300
vt 0.982500 0.138600
vt 0.989400 0.139800
vt 0.999000 0.141500
vt 0.015600 0.833500
vt 0.023700 0.839200
vt 0.029400 0.843200
vt 0.974800 0.141500
vt 0.981100 0.142900
vt 0.988000 0.144600
vt 0.997800 0.147100
vt 0.012300 0.838300
vt 0.021200 0.843500
vt 0.027200 0.847200
vt 0.966200 0.184300
vt 0.000100 0.884900
vt 0.004200 0.885300
vt 0.007100 0.886500
vt 0.964000 0.180300
vt 0.962400 0.183700
vt 0.968500 0.180900
vt 0.971900 0.182200
vt 0.975600 0.185000
vt 0.000100 0.880300
vt 0.004700 0.881000
vt 0.008100 0.882500
vt 0.964500 0.177400
vt 0.969200 0.178300
vt 0.973000 0.180000
vt 0.977200 0.183300
vt 0.000200 0.877900
vt 0.005500 0.878700
vt 0.009400 0.880200
vt 0.965000 0.174300
vt 0.969800 0.175700
vt 0.973900 0.177800
vt 0.978800 0.181500
vt 0.000300 0.875500
vt 0.006400 0.876500
vt 0.010800 0.878000
vt 0.965600 0.171100
vt 0.970600 0.172900
vt 0.975100 0.175300
vt 0.980600 0.179400
vt 0.000600 0.872800
vt 0.007400 0.874000
vt 0.012300 0.875500
vt 0.966500 0.167800
vt 0.971600 0.169900
vt 0.976400 0.172600
vt 0.982700 0.176900
vt 0.001100 0.869600
vt 0.008600 0.871100
vt 0.013900 0.872700
vt 0.967400 0.164400
vt 0.972800 0.166700
vt 0.978000 0.169400
vt 0.985000 0.173900
vt 0.001700 0.865900
vt 0.009900 0.867800
vt 0.015500 0.869600
vt 0.968500 0.160900
vt 0.974100 0.163200
vt 0.979700 0.165900
vt 0.987400 0.170300
vt 0.002700 0.861800
vt 0.011300 0.864100
vt 0.017200 0.866200
vt 0.969600 0.157200
vt 0.975400 0.159500
vt 0.981400 0.162100
vt 0.989800 0.166500
vt 0.003900 0.857400
vt 0.012900 0.860300
vt 0.019000 0.862700
vt 0.970800 0.153300
vt 0.976900 0.155500
vt 0.983100 0.158100
vt 0.992100 0.162200
vt 0.005400 0.852900
vt 0.014600 0.856300
vt 0.020900 0.859000
vt 0.972200 0.149300
vt 0.978300 0.151400
vt 0.984800 0.153800
vt 0.994200 0.157400
vt 0.007300 0.848100
vt 0.016600 0.852100
vt 0.022900 0.855100
vt 0.973400 0.145500
vt 0.979700 0.147200
vt 0.986400 0.149300
vt 0.996100 0.152400
vt 0.009600 0.843200
vt 0.018800 0.847800
vt 0.025000 0.851200
vt 0.934000 0.063100
s 0
f 1/1/1 580/2/1 1060/3/1 768/4/1
f 1/1/2 768/4/2 1059/5/2 353/6/2
f 1/1/3 353/6/3 952/7/3 344/8/3
f 1/1/4 344/8/4 953/9/4 580/2/4
f 2/10/5 586/11/5 1066/12/5 765/13/5
f 2/10/6 765/13/6 1065/14/6 355/15/6
f 2/10/7 355/15/7 937/16/7 329/17/7
f 2/10/8 329/17/8 938/18/8 586/11/8
f 3/19/9 592/20/9 1072/21/9 762/22/9
f 3/19/10 762/22/10 1071/23/10 357/24/10
f 3/19/11 357/24/11 955/25/11 347/26/11
f 3/19/12 347/26/12 956/27/12 592/20/12
f 4/28/13 598/29/13 1078/30/13 759/31/13
f 4/28/14 759/31/14 1077/32/14 359/33/14
f 4/28/15 359/33/15 946/34/15 338/35/15
f 4/28/16 338/35/16 947/36/16 598/29/16
f 5/37/17 604/38/17 1084/39/17 756/40/17
f 5/37/18 756/40/18 1083/41/18 361/42/18
f 5/37/19 361/42/19 931/43/19 323/44/19
f 5/37/20 323/44/20 932/45/20 604/38/20
f 6/46/21 607/47/21 1087/48/21 753/49/21
f 6/46/22 753/49/22 1072/21/22 592/20/22
f 6/46/23 592/20/23 956/27/23 348/50/23
f 6/46/24 348/50/24 957/51/24 607/47/24
f 7/52/25 613/53/25 1093/54/25 750/55/25
f 7/52/26 750/55/26 1092/56/26 364/57/26
f 7/52/27 364/57/27 959/58/27 351/59/27
f 7/52/28 351/59/28 960/60/28 613/53/28
f 8/61/29 616/62/29 1096/63/29 747/64/29
f 8/61/30 747/64/30 1084/39/30 604/38/30
f 8/61/31 604/38/31 932/45/31 324/65/31
f 8/61/32 324/65/32 933/66/32 616/62/32
f 9/67/33 622/68/33 1102/69/33 744/70/33
f 9/67/34 744/70/34 1101/71/34 367/72/34
f 9/67/35 367/72/35 950/73/35 342/74/35
f 9/67/36 342/74/36 951/75/36 622/68/36
f 10/76/37 628/77/37 1108/78/37 741/79/37
f 10/76/38 741/79/38 1107/80/38 369/81/38
f 10/76/39 369/81/39 941/82/39 333/83/39
f 10/76/40 333/83/40 942/84/40 628/77/40
f 11/85/41 634/86/41 1114/87/41 738/88/41
f 11/85/42 738/88/42 1113/89/42 371/90/42
f 11/85/43 371/90/43 935/91/43 327/92/43
f 11/85/44 327/92/44 936/93/44 634/86/44
f 12/94/45 637/95/45 1117/96/45 735/97/45
f 12/94/46 735/97/46 1093/54/46 613/53/46
f 12/94/47 613/53/47 960/60/47 352/98/47
f 12/94/48 352/98/48 929/99/48 637/95/48
f 13/100/49 355/15/49 1065/14/49 732/101/49
f 13/100/50 732/101/50 1114/87/50 634/86/50
f 13/100/51 634/86/51 936/93/51 328/102/51
f 13/100/52 328/102/52 937/16/52 355/15/52
f 14/103/53 357/24/53 1071/23/53 729/104/53
f 14/103/54 729/104/54 1122/105/54 374/106/54
f 14/103/55 374/106/55 954/107/55 346/108/55
f 14/103/56 346/108/56 955/25/56 357/24/56
f 15/109/57 359/33/57 1077/32/57 726/110/57
f 15/109/58 726/110/58 1125/111/58 375/112/58
f 15/109/59 375/112/59 945/113/59 337/114/59
f 15/109/60 337/114/60 946/34/60 359/33/60
f 16/115/61 361/42/61 1083/41/61 723/116/61
f 16/115/62 723/116/62 1128/117/62 376/118/62
f 16/115/63 376/118/63 930/119/63 322/120/63
f 16/115/64 322/120/64 931/43/64 361/42/64
f 17/121/65 652/122/65 1132/123/65 720/124/65
f 17/121/66 720/124/66 1131/125/66 377/126/66
f 17/121/67 377/126/67 939/127/67 331/128/67
f 17/121/68 331/128/68 940/129/68 652/122/68
f 18/130/69 364/57/69 1092/56/69 717/131/69
f 18/130/70 717/131/70 1137/132/70 379/133/70
f 18/130/71 379/133/71 958/134/71 350/135/71
f 18/130/72 350/135/72 959/58/72 364/57/72
f 19/136/73 367/72/73 1101/71/73 714/137/73
f 19/136/74 714/137/74 1140/138/74 380/139/74
f 19/136/75 380/139/75 949/140/75 341/141/75
f 19/136/76 341/141/76 950/73/76 367/72/76
f 20/142/77 369/81/77 1107/80/77 711/143/77
f 20/142/78 711/143/78 1132/123/78 652/122/78
f 20/142/79 652/122/79 940/129/79 332/144/79
f 20/142/80 332/144/80 941/82/80 369/81/80
f 21/145/81 664/146/81 1144/147/81 708/148/81
f 21/145/82 708/148/82 1143/149/82 381/150/82
f 21/145/83 381/150/83 943/151/83 335/152/83
f 21/145/84 335/152/84 944/153/84 664/146/84
f 22/154/85 371/90/85 1113/89/85 705/155/85
f 22/154/86 705/155/86 1149/156/86 383/157/86
f 22/154/87 383/157/87 934/158/87 326/159/87
f 22/154/88 326/159/88 935/91/88 371/90/88
f 23/160/89 374/106/89 1122/105/89 702/161/89
f 23/160/90 702/161/90 1060/3/90 580/2/90
f 23/160/91 580/2/91 953/9/91 345/162/91
f 23/160/92 345/162/92 954/107/92 374/106/92
f 24/163/93 375/112/93 1125/111/93 699/164/93
f 24/163/94 699/164/94 1144/147/94 664/146/94
f 24/163/95 664/146/95 944/153/95 336/165/95
f 24/163/96 336/165/96 945/113/96 375/112/96
f 25/166/97 670/167/97 1150/168/97 696/169/97
f 25/166/98 696/169/98 1078/30/98 598/29/98
f 25/166/99 598/29/99 947/36/99 339/170/99
f 25/166/100 339/170/100 948/171/100 670/167/100
f 26/172/101 377/126/101 1131/125/101 693/173/101
f 26/172/102 693/173/102 1066/12/102 586/11/102
f 26/172/103 586/11/103 938/18/103 330/174/103
f 26/172/104 330/174/104 939/127/104 377/126/104
f 27/175/105 376/118/105 1128/117/105 690/176/105
f 27/175/106 690/176/106 1117/96/106 637/95/106
f 27/175/107 637/95/107 929/99/107 321/177/107
f 27/175/108 321/177/108 930/119/108 376/118/108
f 28/178/109 379/133/109 1137/132/109 687/179/109
f 28/178/110 687/179/110 1087/48/110 607/47/110
f 28/178/111 607/47/111 957/51/111 349/180/111
f 28/178/112 349/180/112 958/134/112 379/133/112
f 29/181/113 380/139/113 1140/138/113 684/182/113
f 29/181/114 684/182/114 1150/168/114 670/167/114
f 29/181/115 670/167/115 948/171/115 340/183/115
f 29/181/116 340/183/116 949/140/116 380/139/116
f 30/184/117 381/150/117 1143/149/117 681/185/117
f 30/184/118 681/185/118 1108/78/118 628/77/118
f 30/184/119 628/77/119 942/84/119 334/186/119
f 30/184/120 334/186/120 943/151/120 381/150/120
f 31/187/121 383/157/121 1149/156/121 678/188/121
f 31/187/122 678/188/122 1096/63/122 616/62/122
f 31/187/123 616/62/123 933/66/123 325/189/123
f 31/187/124 325/189/124 934/158/124 383/157/124
f 32/190/125 353/6/125 1059/5/125 675/191/125
f 32/190/126 675/191/126 1102/69/126 622/68/126
f 32/190/127 622/68/127 951/75/127 343/192/127
f 32/190/128 343/192/128 952/7/128 353/6/128
f 33/193/129 850/194/129 1202/195/129 896/196/129
f 33/193/130 896/196/130 1185/197/130 417/198/130
f 33/193/131 417/198/131 976/199/131 400/200/131
f 33/193/132 400/200/132 977/201/132 850/194/132
f 34/202/133 851/203/133 1203/204/133 895/205/133
f 34/202/134 895/205/134 1186/206/134 419/207/134
f 34/202/135 419/207/135 985/208/135 409/209/135
f 34/202/136 409/209/136 986/210/136 851/203/136
f 35/211/137 852/212/137 1204/213/137 894/214/137
f 35/211/138 894/214/138 1187/215/138 421/216/138
f 35/211/139 421/216/139 970/217/139 394/218/139
f 35/211/140 394/218/140 971/219/140 852/212/140
f 36/220/141 853/221/141 1205/222/141 893/223/141
f 36/220/142 893/223/142 1188/224/142 423/225/142
f 36/220/143 423/225/143 961/226/143 385/227/143
f 36/220/144 385/227/144 962/228/144 853/221/144
f 37/229/145 854/230/145 1206/231/145 892/232/145
f 37/229/146 892/232/146 1189/233/146 425/234/146
f 37/229/147 425/234/147 979/235/147 403/236/147
f 37/229/148 403/236/148 980/237/148 854/230/148
f 38/238/149 855/239/149 1207/240/149 891/241/149
f 38/238/150 891/241/150 1190/242/150 427/243/150
f 38/238/151 427/243/151 989/244/151 413/245/151
f 38/238/152 413/245/152 990/246/152 855/239/152
f 39/247/153 856/248/153 1208/249/153 890/250/153
f 39/247/154 890/250/154 1206/231/154 854/230/154
f 39/247/155 854/230/155 980/237/155 404/251/155
f 39/247/156 404/251/156 981/252/156 856/248/156
f 40/253/157 857/254/157 1209/255/157 889/256/157
f 40/253/158 889/256/158 1191/257/158 430/258/158
f 40/253/159 430/258/159 965/259/159 389/260/159
f 40/253/160 389/260/160 966/261/160 857/254/160
f 41/262/161 858/263/161 1210/264/161 888/265/161
f 41/262/162 888/265/162 1192/266/162 432/267/162
f 41/262/163 432/267/163 983/268/163 407/269/163
f 41/262/164 407/269/164 984/270/164 858/263/164
f 42/271/165 859/272/165 1211/273/165 887/274/165
f 42/271/166 887/274/166 1193/275/166 434/276/166
f 42/271/167 434/276/167 974/277/167 398/278/167
f 42/271/168 398/278/168 975/279/168 859/272/168
f 43/280/169 419/207/169 1186/206/169 886/281/169
f 43/280/170 886/281/170 1210/264/170 858/263/170
f 43/280/171 858/263/171 984/270/171 408/282/171
f 43/280/172 408/282/172 985/208/172 419/207/172
f 44/283/173 860/284/173 1212/285/173 885/286/173
f 44/283/174 885/286/174 1194/287/174 436/288/174
f 44/283/175 436/288/175 987/289/175 411/290/175
f 44/283/176 411/290/176 988/291/176 860/284/176
f 45/292/177 425/234/177 1189/233/177 884/293/177
f 45/292/178 884/293/178 1195/294/178 438/295/178
f 45/292/179 438/295/179 978/296/179 402/297/179
f 45/292/180 402/297/180 979/235/180 425/234/180
f 46/298/181 421/216/181 1187/215/181 883/299/181
f 46/298/182 883/299/182 1196/300/182 439/301/182
f 46/298/183 439/301/183 969/302/183 393/303/183
f 46/298/184 393/303/184 970/217/184 421/216/184
f 47/304/185 861/305/185 1213/306/185 882/307/185
f 47/304/186 882/307/186 1197/308/186 440/309/186
f 47/304/187 440/309/187 963/310/187 387/311/187
f 47/304/188 387/311/188 964/312/188 861/305/188
f 48/313/189 427/243/189 1190/242/189 881/314/189
f 48/313/190 881/314/190 1212/285/190 860/284/190
f 48/313/191 860/284/191 988/291/191 412/315/191
f 48/313/192 412/315/192 989/244/192 427/243/192
f 49/316/193 862/317/193 1214/318/193 880/319/193
f 49/316/194 880/319/194 1198/320/194 442/321/194
f 49/316/195 442/321/195 991/322/195 415/323/195
f 49/316/196 415/323/196 992/324/196 862/317/196
f 50/325/197 432/267/197 1192/266/197 879/326/197
f 50/325/198 879/326/198 1199/327/198 444/328/198
f 50/325/199 444/328/199 982/329/199 406/330/199
f 50/325/200 406/330/200 983/268/200 432/267/200
f 51/331/201 434/276/201 1193/275/201 878/332/201
f 51/331/202 878/332/202 1200/333/202 445/334/202
f 51/331/203 445/334/203 973/335/203 397/336/203
f 51/331/204 397/336/204 974/277/204 434/276/204
f 52/337/205 430/258/205 1191/257/205 877/338/205
f 52/337/206 877/338/206 1213/306/206 861/305/206
f 52/337/207 861/305/207 964/312/207 388/339/207
f 52/337/208 388/339/208 965/259/208 430/258/208
f 53/340/209 863/341/209 1215/342/209 876/343/209
f 53/340/210 876/343/210 1201/344/210 446/345/210
f 53/340/211 446/345/211 967/346/211 391/347/211
f 53/340/212 391/347/212 968/348/212 863/341/212
f 54/349/213 423/225/213 1188/224/213 875/350/213
f 54/349/214 875/350/214 1214/318/214 862/317/214
f 54/349/215 862/317/215 992/324/215 416/351/215
f 54/349/216 416/351/216 961/226/216 423/225/216
f 55/352/217 438/295/217 1195/294/217 874/353/217
f 55/352/218 874/353/218 1202/195/218 850/194/218
f 55/352/219 850/194/219 977/201/219 401/354/219
f 55/352/220 401/354/220 978/296/220 438/295/220
f 56/355/221 439/301/221 1196/300/221 873/356/221
f 56/355/222 873/356/222 1215/342/222 863/341/222
f 56/355/223 863/341/223 968/348/223 392/357/223
f 56/355/224 392/357/224 969/302/224 439/301/224
f 57/358/225 436/288/225 1194/287/225 872/359/225
f 57/358/226 872/359/226 1203/204/226 851/203/226
f 57/358/227 851/203/227 986/210/227 410/360/227
f 57/358/228 410/360/228 987/289/228 436/288/228
f 58/361/229 864/362/229 1216/363/229 871/364/229
f 58/361/230 871/364/230 1204/213/230 852/212/230
f 58/361/231 852/212/231 971/219/231 395/365/231
f 58/361/232 395/365/232 972/366/232 864/362/232
f 59/367/233 440/309/233 1197/308/233 870/368/233
f 59/367/234 870/368/234 1205/222/234 853/221/234
f 59/367/235 853/221/235 962/228/235 386/369/235
f 59/367/236 386/369/236 963/310/236 440/309/236
f 60/370/237 442/321/237 1198/320/237 869/371/237
f 60/370/238 869/371/238 1207/240/238 855/239/238
f 60/370/239 855/239/239 990/246/239 414/372/239
f 60/370/240 414/372/240 991/322/240 442/321/240
f 61/373/241 445/334/241 1200/333/241 868/374/241
f 61/373/242 868/374/242 1216/363/242 864/362/242
f 61/373/243 864/362/243 972/366/243 396/375/243
f 61/373/244 396/375/244 973/335/244 445/334/244
f 62/376/245 444/328/245 1199/327/245 867/377/245
f 62/376/246 867/377/246 1208/249/246 856/248/246
f 62/376/247 856/248/247 981/252/247 405/378/247
f 62/376/248 405/378/248 982/329/248 444/328/248
f 63/379/249 417/198/249 1185/197/249 866/380/249
f 63/379/250 866/380/250 1211/273/250 859/272/250
f 63/379/251 859/272/251 975/279/251 399/381/251
f 63/379/252 399/381/252 976/199/252 417/198/252
f 64/382/253 446/345/253 1201/344/253 865/383/253
f 64/382/254 865/383/254 1209/255/254 857/254/254
f 64/382/255 857/254/255 966/261/255 390/384/255
f 64/382/256 390/384/256 967/346/256 446/345/256
f 65/385/257 482/386/257 985/208/257 408/282/257
f 65/385/258 408/282/258 984/270/258 481/387/258
f 65/385/259 481/387/259 1016/388/259 472/389/259
f 65/385/260 472/389/260 1017/390/260 482/386/260
f 66/391/261 484/392/261 970/217/261 393/303/261
f 66/391/262 393/303/262 969/302/262 483/393/262
f 66/391/263 483/393/263 1001/394/263 457/395/263
f 66/391/264 457/395/264 1002/396/264 484/392/264
f 67/397/265 486/398/265 988/291/265 411/290/265
f 67/397/266 411/290/266 987/289/266 485/399/266
f 67/397/267 485/399/267 1019/400/267 475/401/267
f 67/397/268 475/401/268 1020/402/268 486/398/268
f 68/403/269 488/404/269 979/235/269 402/297/269
f 68/403/270 402/297/270 978/296/270 487/405/270
f 68/403/271 487/405/271 1010/406/271 466/407/271
f 68/403/272 466/407/272 1011/408/272 488/404/272
f 69/409/273 490/410/273 964/312/273 387/311/273
f 69/409/274 387/311/274 963/310/274 489/411/274
f 69/409/275 489/411/275 995/412/275 451/413/275
f 69/409/276 451/413/276 996/414/276 490/410/276
f 70/415/277 491/416/277 989/244/277 412/315/277
f 70/415/278 412/315/278 988/291/278 486/398/278
f 70/415/279 486/398/279 1020/402/279 476/417/279
f 70/415/280 476/417/280 1021/418/280 491/416/280
f 71/419/281 493/420/281 992/324/281 415/323/281
f 71/419/282 415/323/282 991/322/282 492/421/282
f 71/419/283 492/421/283 1023/422/283 479/423/283
f 71/419/284 479/423/284 1024/424/284 493/420/284
f 72/425/285 494/426/285 965/259/285 388/339/285
f 72/425/286 388/339/286 964/312/286 490/410/286
f 72/425/287 490/410/287 996/414/287 452/427/287
f 72/425/288 452/427/288 997/428/288 494/426/288
f 73/429/289 496/430/289 983/268/289 406/330/289
f 73/429/290 406/330/290 982/329/290 495/431/290
f 73/429/291 495/431/291 1014/432/291 470/433/291
f 73/429/292 470/433/292 1015/434/292 496/430/292
f 74/435/293 498/436/293 974/277/293 397/336/293
f 74/435/294 397/336/294 973/335/294 497/437/294
f 74/435/295 497/437/295 1005/438/295 461/439/295
f 74/435/296 461/439/296 1006/440/296 498/436/296
f 75/441/297 500/442/297 968/348/297 391/347/297
f 75/441/298 391/347/298 967/346/298 499/443/298
f 75/441/299 499/443/299 999/444/299 455/445/299
f 75/441/300 455/445/300 1000/446/300 500/442/300
f 76/447/301 501/448/301 961/226/301 416/351/301
f 76/447/302 416/351/302 992/324/302 493/420/302
f 76/447/303 493/420/303 1024/424/303 480/449/303
f 76/447/304 480/449/304 993/450/304 501/448/304
f 77/451/305 485/399/305 987/289/305 410/360/305
f 77/451/306 410/360/306 986/210/306 502/452/306
f 77/451/307 502/452/307 1018/453/307 474/454/307
f 77/451/308 474/454/308 1019/400/308 485/399/308
f 78/455/309 487/405/309 978/296/309 401/354/309
f 78/455/310 401/354/310 977/201/310 503/456/310
f 78/455/311 503/456/311 1009/457/311 465/458/311
f 78/455/312 465/458/312 1010/406/312 487/405/312
f 79/459/313 483/393/313 969/302/313 392/357/313
f 79/459/314 392/357/314 968/348/314 500/442/314
f 79/459/315 500/442/315 1000/446/315 456/460/315
f 79/459/316 456/460/316 1001/394/316 483/393/316
f 80/461/317 505/462/317 972/366/317 395/365/317
f 80/461/318 395/365/318 971/219/318 504/463/318
f 80/461/319 504/463/319 1003/464/319 459/465/319
f 80/461/320 459/465/320 1004/466/320 505/462/320
f 81/467/321 489/411/321 963/310/321 386/369/321
f 81/467/322 386/369/322 962/228/322 506/468/322
f 81/467/323 506/468/323 994/469/323 450/470/323
f 81/467/324 450/470/324 995/412/324 489/411/324
f 82/471/325 492/421/325 991/322/325 414/372/325
f 82/471/326 414/372/326 990/246/326 507/472/326
f 82/471/327 507/472/327 1022/473/327 478/474/327
f 82/471/328 478/474/328 1023/422/328 492/421/328
f 83/475/329 495/431/329 982/329/329 405/378/329
f 83/475/330 405/378/330 981/252/330 508/476/330
f 83/475/331 508/476/331 1013/477/331 469/478/331
f 83/475/332 469/478/332 1014/432/332 495/431/332
f 84/479/333 497/437/333 973/335/333 396/375/333
f 84/479/334 396/375/334 972/366/334 505/462/334
f 84/479/335 505/462/335 1004/466/335 460/480/335
f 84/479/336 460/480/336 1005/438/336 497/437/336
f 85/481/337 510/482/337 976/199/337 399/381/337
f 85/481/338 399/381/338 975/279/338 509/483/338
f 85/481/339 509/483/339 1007/484/339 463/485/339
f 85/481/340 463/485/340 1008/486/340 510/482/340
f 86/487/341 499/443/341 967/346/341 390/384/341
f 86/487/342 390/384/342 966/261/342 511/488/342
f 86/487/343 511/488/343 998/489/343 454/490/343
f 86/487/344 454/490/344 999/444/344 499/443/344
f 87/491/345 503/456/345 977/201/345 400/200/345
f 87/491/346 400/200/346 976/199/346 510/482/346
f 87/491/347 510/482/347 1008/486/347 464/492/347
f 87/491/348 464/492/348 1009/457/348 503/456/348
f 88/493/349 502/452/349 986/210/349 409/209/349
f 88/493/350 409/209/350 985/208/350 482/386/350
f 88/493/351 482/386/351 1017/390/351 473/494/351
f 88/493/352 473/494/352 1018/453/352 502/452/352
f 89/495/353 504/463/353 971/219/353 394/218/353
f 89/495/354 394/218/354 970/217/354 484/392/354
f 89/495/355 484/392/355 1002/396/355 458/496/355
f 89/495/356 458/496/356 1003/464/356 504/463/356
f 90/497/357 506/468/357 962/228/357 385/227/357
f 90/497/358 385/227/358 961/226/358 501/448/358
f 90/497/359 501/448/359 993/450/359 449/498/359
f 90/497/360 449/498/360 994/469/360 506/468/360
f 91/499/361 512/500/361 980/237/361 403/236/361
f 91/499/362 403/236/362 979/235/362 488/404/362
f 91/499/363 488/404/363 1011/408/363 467/501/363
f 91/499/364 467/501/364 1012/502/364 512/500/364
f 92/503/365 507/472/365 990/246/365 413/245/365
f 92/503/366 413/245/366 989/244/366 491/416/366
f 92/503/367 491/416/367 1021/418/367 477/504/367
f 92/503/368 477/504/368 1022/473/368 507/472/368
f 93/505/369 508/476/369 981/252/369 404/251/369
f 93/505/370 404/251/370 980/237/370 512/500/370
f 93/505/371 512/500/371 1012/502/371 468/506/371
f 93/505/372 468/506/372 1013/477/372 508/476/372
f 94/507/373 509/483/373 975/279/373 398/278/373
f 94/507/374 398/278/374 974/277/374 498/436/374
f 94/507/375 498/436/375 1006/440/375 462/508/375
f 94/507/376 462/508/376 1007/484/376 509/483/376
f 95/509/377 511/488/377 966/261/377 389/260/377
f 95/509/378 389/260/378 965/259/378 494/426/378
f 95/509/379 494/426/379 997/428/379 453/510/379
f 95/509/380 453/510/380 998/489/380 511/488/380
f 96/511/381 481/387/381 984/270/381 407/269/381
f 96/511/382 407/269/382 983/268/382 496/430/382
f 96/511/383 496/430/383 1015/434/383 471/512/383
f 96/511/384 471/512/384 1016/388/384 481/387/384
f 97/513/385 546/514/385 993/450/385 480/449/385
f 97/513/386 480/449/386 1024/424/386 545/515/386
f 97/513/387 545/515/387 1056/516/387 544/517/387
f 97/513/388 544/517/388 1025/518/388 546/514/388
f 98/519/389 548/520/389 1001/394/389 456/460/389
f 98/519/390 456/460/390 1000/446/390 547/521/390
f 98/519/391 547/521/391 1032/522/391 520/523/391
f 98/519/392 520/523/392 1033/524/392 548/520/392
f 99/525/393 550/526/393 1019/400/393 474/454/393
f 99/525/394 474/454/394 1018/453/394 549/527/394
f 99/525/395 549/527/395 1050/528/395 538/529/395
f 99/525/396 538/529/396 1051/530/396 550/526/396
f 100/531/397 552/532/397 1010/406/397 465/458/397
f 100/531/398 465/458/398 1009/457/398 551/533/398
f 100/531/399 551/533/399 1041/534/399 529/535/399
f 100/531/400 529/535/400 1042/536/400 552/532/400
f 101/537/401 554/538/401 995/412/401 450/470/401
f 101/537/402 450/470/402 994/469/402 553/539/402
f 101/537/403 553/539/403 1026/540/403 514/541/403
f 101/537/404 514/541/404 1027/542/404 554/538/404
f 102/543/405 556/544/405 1004/466/405 459/465/405
f 102/543/406 459/465/406 1003/464/406 555/545/406
f 102/543/407 555/545/407 1035/546/407 523/547/407
f 102/543/408 523/547/408 1036/548/408 556/544/408
f 103/549/409 558/550/409 1023/422/409 478/474/409
f 103/549/410 478/474/410 1022/473/410 557/551/410
f 103/549/411 557/551/411 1054/552/411 542/553/411
f 103/549/412 542/553/412 1055/554/412 558/550/412
f 104/555/413 560/556/413 1014/432/413 469/478/413
f 104/555/414 469/478/414 1013/477/414 559/557/414
f 104/555/415 559/557/415 1045/558/415 533/559/415
f 104/555/416 533/559/416 1046/560/416 560/556/416
f 105/561/417 561/562/417 1005/438/417 460/480/417
f 105/561/418 460/480/418 1004/466/418 556/544/418
f 105/561/419 556/544/419 1036/548/419 524/563/419
f 105/561/420 524/563/420 1037/564/420 561/562/420
f 106/565/421 563/566/421 1008/486/421 463/485/421
f 106/565/422 463/485/422 1007/484/422 562/567/422
f 106/565/423 562/567/423 1039/568/423 527/569/423
f 106/565/424 527/569/424 1040/570/424 563/566/424
f 107/571/425 565/572/425 999/444/425 454/490/425
f 107/571/426 454/490/426 998/489/426 564/573/426
f 107/571/427 564/573/427 1030/574/427 518/575/427
f 107/571/428 518/575/428 1031/576/428 565/572/428
f 108/577/429 549/527/429 1018/453/429 473/494/429
f 108/577/430 473/494/430 1017/390/430 566/578/430
f 108/577/431 566/578/431 1049/579/431 537/580/431
f 108/577/432 537/580/432 1050/528/432 549/527/432
f 109/581/433 551/533/433 1009/457/433 464/492/433
f 109/581/434 464/492/434 1008/486/434 563/566/434
f 109/581/435 563/566/435 1040/570/435 528/582/435
f 109/581/436 528/582/436 1041/534/436 551/533/436
f 110/583/437 568/584/437 1012/502/437 467/501/437
f 110/583/438 467/501/438 1011/408/438 567/585/438
f 110/583/439 567/585/439 1043/586/439 531/587/439
f 110/583/440 531/587/440 1044/588/440 568/584/440
f 111/589/441 555/545/441 1003/464/441 458/496/441
f 111/589/442 458/496/442 1002/396/442 569/590/442
f 111/589/443 569/590/443 1034/591/443 522/592/443
f 111/589/444 522/592/444 1035/546/444 555/545/444
f 112/593/445 553/539/445 994/469/445 449/498/445
f 112/593/446 449/498/446 993/450/446 546/514/446
f 112/593/447 546/514/447 1025/518/447 513/594/447
f 112/593/448 513/594/448 1026/540/448 553/539/448
f 113/595/449 557/551/449 1022/473/449 477/504/449
f 113/595/450 477/504/450 1021/418/450 570/596/450
f 113/595/451 570/596/451 1053/597/451 541/598/451
f 113/595/452 541/598/452 1054/552/452 557/551/452
f 114/599/453 559/557/453 1013/477/453 468/506/453
f 114/599/454 468/506/454 1012/502/454 568/584/454
f 114/599/455 568/584/455 1044/588/455 532/600/455
f 114/599/456 532/600/456 1045/558/456 559/557/456
f 115/601/457 562/567/457 1007/484/457 462/508/457
f 115/601/458 462/508/458 1006/440/458 571/602/458
f 115/601/459 571/602/459 1038/603/459 526/604/459
f 115/601/460 526/604/460 1039/568/460 562/567/460
f 116/605/461 564/573/461 998/489/461 453/510/461
f 116/605/462 453/510/462 997/428/462 572/606/462
f 116/605/463 572/606/463 1029/607/463 517/608/463
f 116/605/464 517/608/464 1030/574/464 564/573/464
f 117/609/465 574/610/465 1016/388/465 471/512/465
f 117/609/466 471/512/466 1015/434/466 573/611/466
f 117/609/467 573/611/467 1047/612/467 535/613/467
f 117/609/468 535/613/468 1048/614/468 574/610/468
f 118/615/469 566/578/469 1017/390/469 472/389/469
f 118/615/470 472/389/470 1016/388/470 574/610/470
f 118/615/471 574/610/471 1048/614/471 536/616/471
f 118/615/472 536/616/472 1049/579/472 566/578/472
f 119/617/473 569/590/473 1002/396/473 457/395/473
f 119/617/474 457/395/474 1001/394/474 548/520/474
f 119/617/475 548/520/475 1033/524/475 521/618/475
f 119/617/476 521/618/476 1034/591/476 569/590/476
f 120/619/477 575/620/477 1020/402/477 475/401/477
f 120/619/478 475/401/478 1019/400/478 550/526/478
f 120/619/479 550/526/479 1051/530/479 539/621/479
f 120/619/480 539/621/480 1052/622/480 575/620/480
f 121/623/481 567/585/481 1011/408/481 466/407/481
f 121/623/482 466/407/482 1010/406/482 552/532/482
f 121/623/483 552/532/483 1042/536/483 530/624/483
f 121/623/484 530/624/484 1043/586/484 567/585/484
f 122/625/485 576/626/485 996/414/485 451/413/485
f 122/625/486 451/413/486 995/412/486 554/538/486
f 122/625/487 554/538/487 1027/542/487 515/627/487
f 122/625/488 515/627/488 1028/628/488 576/626/488
f 123/629/489 570/596/489 1021/418/489 476/417/489
f 123/629/490 476/417/490 1020/402/490 575/620/490
f 123/629/491 575/620/491 1052/622/491 540/630/491
f 123/629/492 540/630/492 1053/597/492 570/596/492
f 124/631/493 545/515/493 1024/424/493 479/423/493
f 124/631/494 479/423/494 1023/422/494 558/550/494
f 124/631/495 558/550/495 1055/554/495 543/632/495
f 124/631/496 543/632/496 1056/516/496 545/515/496
f 125/633/497 571/602/497 1006/440/497 461/439/497
f 125/633/498 461/439/498 1005/438/498 561/562/498
f 125/633/499 561/562/499 1037/564/499 525/634/499
f 125/633/500 525/634/500 1038/603/500 571/602/500
f 126/635/501 572/606/501 997/428/501 452/427/501
f 126/635/502 452/427/502 996/414/502 576/626/502
f 126/635/503 576/626/503 1028/628/503 516/636/503
f 126/635/504 516/636/504 1029/607/504 572/606/504
f 127/637/505 573/611/505 1015/434/505 470/433/505
f 127/637/506 470/433/506 1014/432/506 560/556/506
f 127/637/507 560/556/507 1046/560/507 534/638/507
f 127/637/508 534/638/508 1047/612/508 573/611/508
f 128/639/509 547/521/509 1000/446/509 455/445/509
f 128/639/510 455/445/510 999/444/510 565/572/510
f 128/639/511 565/572/511 1031/576/511 519/640/511
f 128/639/512 519/640/512 1032/522/512 547/521/512
f 129/641/513 577/642/513 920/643/513 311/644/513
f 129/641/514 311/644/514 919/645/514 368/646/514
f 129/641/515 368/646/515 1104/647/515 673/648/515
f 129/641/516 673/648/516 1057/649/516 577/642/516
f 130/650/517 578/651/517 1057/649/517 673/648/517
f 130/650/518 673/648/518 1104/647/518 624/652/518
f 130/650/519 624/652/519 1103/653/519 674/654/519
f 130/650/520 674/654/520 1058/655/520 578/651/520
f 131/656/521 579/657/521 1058/655/521 674/654/521
f 131/656/522 674/654/522 1103/653/522 623/658/522
f 131/656/523 623/658/523 1102/69/523 675/191/523
f 131/656/524 675/191/524 1059/5/524 579/657/524
f 132/659/525 667/660/525 902/661/525 293/662/525
f 132/659/526 293/662/526 901/663/526 366/664/526
f 132/659/527 366/664/527 1098/665/527 676/666/527
f 132/659/528 676/666/528 1147/667/528 667/660/528
f 133/668/529 668/669/529 1147/667/529 676/666/529
f 133/668/530 676/666/530 1098/665/530 618/670/530
f 133/668/531 618/670/531 1097/671/531 677/672/531
f 133/668/532 677/672/532 1148/673/532 668/669/532
f 134/674/533 669/675/533 1148/673/533 677/672/533
f 134/674/534 677/672/534 1097/671/534 617/676/534
f 134/674/535 617/676/535 1096/63/535 678/188/535
f 134/674/536 678/188/536 1149/156/536 669/675/536
f 135/677/537 661/678/537 911/679/537 302/680/537
f 135/677/538 302/680/538 910/681/538 370/682/538
f 135/677/539 370/682/539 1110/683/539 679/684/539
f 135/677/540 679/684/540 1141/685/540 661/678/540
f 136/686/541 662/687/541 1141/685/541 679/684/541
f 136/686/542 679/684/542 1110/683/542 630/688/542
f 136/686/543 630/688/543 1109/689/543 680/690/543
f 136/686/544 680/690/544 1142/691/544 662/687/544
f 137/692/545 663/693/545 1142/691/545 680/690/545
f 137/692/546 680/690/546 1109/689/546 629/694/546
f 137/692/547 629/694/547 1108/78/547 681/185/547
f 137/692/548 681/185/548 1143/149/548 663/693/548
f 138/695/549 658/696/549 917/697/549 308/698/549
f 138/695/550 308/698/550 916/699/550 384/700/550
f 138/695/551 384/700/551 1152/701/551 682/702/551
f 138/695/552 682/702/552 1138/703/552 658/696/552
f 139/704/553 659/705/553 1138/703/553 682/702/553
f 139/704/554 682/702/554 1152/701/554 672/706/554
f 139/704/555 672/706/555 1151/707/555 683/708/555
f 139/704/556 683/708/556 1139/709/556 659/705/556
f 140/710/557 660/711/557 1139/709/557 683/708/557
f 140/710/558 683/708/558 1151/707/558 671/712/558
f 140/710/559 671/712/559 1150/168/559 684/182/559
f 140/710/560 684/182/560 1140/138/560 660/711/560
f 141/713/561 655/714/561 926/715/561 317/716/561
f 141/713/562 317/716/562 925/717/562 363/718/562
f 141/713/563 363/718/563 1089/719/563 685/720/563
f 141/713/564 685/720/564 1135/721/564 655/714/564
f 142/722/565 656/723/565 1135/721/565 685/720/565
f 142/722/566 685/720/566 1089/719/566 609/724/566
f 142/722/567 609/724/567 1088/725/567 686/726/567
f 142/722/568 686/726/568 1136/727/568 656/723/568
f 143/728/569 657/729/569 1136/727/569 686/726/569
f 143/728/570 686/726/570 1088/725/570 608/730/570
f 143/728/571 608/730/571 1087/48/571 687/179/571
f 143/728/572 687/179/572 1137/132/572 657/729/572
f 144/731/573 646/732/573 898/733/573 289/734/573
f 144/731/574 289/734/574 897/735/574 373/736/574
f 144/731/575 373/736/575 1119/737/575 688/738/575
f 144/731/576 688/738/576 1126/739/576 646/732/576
f 145/740/577 647/741/577 1126/739/577 688/738/577
f 145/740/578 688/738/578 1119/737/578 639/742/578
f 145/740/579 639/742/579 1118/743/579 689/744/579
f 145/740/580 689/744/580 1127/745/580 647/741/580
f 146/746/581 648/747/581 1127/745/581 689/744/581
f 146/746/582 689/744/582 1118/743/582 638/748/582
f 146/746/583 638/748/583 1117/96/583 690/176/583
f 146/746/584 690/176/584 1128/117/584 648/747/584
f 147/749/585 649/750/585 907/751/585 298/752/585
f 147/749/586 298/752/586 906/753/586 356/754/586
f 147/749/587 356/754/587 1068/755/587 691/756/587
f 147/749/588 691/756/588 1129/757/588 649/750/588
f 148/758/589 650/759/589 1129/757/589 691/756/589
f 148/758/590 691/756/590 1068/755/590 588/760/590
f 148/758/591 588/760/591 1067/761/591 692/762/591
f 148/758/592 692/762/592 1130/763/592 650/759/592
f 149/764/593 651/765/593 1130/763/593 692/762/593
f 149/764/594 692/762/594 1067/761/594 587/766/594
f 149/764/595 587/766/595 1066/12/595 693/173/595
f 149/764/596 693/173/596 1131/125/596 651/765/596
f 150/767/597 384/700/597 916/699/597 307/768/597
f 150/767/598 307/768/598 915/769/598 360/770/598
f 150/767/599 360/770/599 1080/771/599 694/772/599
f 150/767/600 694/772/600 1152/701/600 384/700/600
f 151/773/601 672/706/601 1152/701/601 694/772/601
f 151/773/602 694/772/602 1080/771/602 600/774/602
f 151/773/603 600/774/603 1079/775/603 695/776/603
f 151/773/604 695/776/604 1151/707/604 672/706/604
f 152/777/605 671/712/605 1151/707/605 695/776/605
f 152/777/606 695/776/606 1079/775/606 599/778/606
f 152/777/607 599/778/607 1078/30/607 696/169/607
f 152/777/608 696/169/608 1150/168/608 671/712/608
f 153/779/609 643/780/609 913/781/609 304/782/609
f 153/779/610 304/782/610 912/783/610 382/784/610
f 153/779/611 382/784/611 1146/785/611 697/786/611
f 153/779/612 697/786/612 1123/787/612 643/780/612
f 154/788/613 644/789/613 1123/787/613 697/786/613
f 154/788/614 697/786/614 1146/785/614 666/790/614
f 154/788/615 666/790/615 1145/791/615 698/792/615
f 154/788/616 698/792/616 1124/793/616 644/789/616
f 155/794/617 645/795/617 1124/793/617 698/792/617
f 155/794/618 698/792/618 1145/791/618 665/796/618
f 155/794/619 665/796/619 1144/147/619 699/164/619
f 155/794/620 699/164/620 1125/111/620 645/795/620
f 156/797/621 640/798/621 922/799/621 313/800/621
f 156/797/622 313/800/622 921/801/622 354/802/622
f 156/797/623 354/802/623 1062/803/623 700/804/623
f 156/797/624 700/804/624 1120/805/624 640/798/624
f 157/806/625 641/807/625 1120/805/625 700/804/625
f 157/806/626 700/804/626 1062/803/626 582/808/626
f 157/806/627 582/808/627 1061/809/627 701/810/627
f 157/806/628 701/810/628 1121/811/628 641/807/628
f 158/812/629 642/813/629 1121/811/629 701/810/629
f 158/812/630 701/810/630 1061/809/630 581/814/630
f 158/812/631 581/814/631 1060/3/631 702/161/631
f 158/812/632 702/161/632 1122/105/632 642/813/632
f 159/815/633 631/816/633 903/817/633 294/818/633
f 159/815/634 294/818/634 902/661/634 667/660/634
f 159/815/635 667/660/635 1147/667/635 703/819/635
f 159/815/636 703/819/636 1111/820/636 631/816/636
f 160/821/637 632/822/637 1111/820/637 703/819/637
f 160/821/638 703/819/638 1147/667/638 668/669/638
f 160/821/639 668/669/639 1148/673/639 704/823/639
f 160/821/640 704/823/640 1112/824/640 632/822/640
f 161/825/641 633/826/641 1112/824/641 704/823/641
f 161/825/642 704/823/642 1148/673/642 669/675/642
f 161/825/643 669/675/643 1149/156/643 705/155/643
f 161/825/644 705/155/644 1113/89/644 633/826/644
f 162/827/645 382/784/645 912/783/645 303/828/645
f 162/827/646 303/828/646 911/679/646 661/678/646
f 162/827/647 661/678/647 1141/685/647 706/829/647
f 162/827/648 706/829/648 1146/785/648 382/784/648
f 163/830/649 666/790/649 1146/785/649 706/829/649
f 163/830/650 706/829/650 1141/685/650 662/687/650
f 163/830/651 662/687/651 1142/691/651 707/831/651
f 163/830/652 707/831/652 1145/791/652 666/790/652
f 164/832/653 665/796/653 1145/791/653 707/831/653
f 164/832/654 707/831/654 1142/691/654 663/693/654
f 164/832/655 663/693/655 1143/149/655 708/148/655
f 164/832/656 708/148/656 1144/147/656 665/796/656
f 165/833/657 625/834/657 909/835/657 300/836/657
f 165/833/658 300/836/658 908/837/658 378/838/658
f 165/833/659 378/838/659 1134/839/659 709/840/659
f 165/833/660 709/840/660 1105/841/660 625/834/660
f 166/842/661 626/843/661 1105/841/661 709/840/661
f 166/842/662 709/840/662 1134/839/662 654/844/662
f 166/842/663 654/844/663 1133/845/663 710/846/663
f 166/842/664 710/846/664 1106/847/664 626/843/664
f 167/848/665 627/849/665 1106/847/665 710/846/665
f 167/848/666 710/846/666 1133/845/666 653/850/666
f 167/848/667 653/850/667 1132/123/667 711/143/667
f 167/848/668 711/143/668 1107/80/668 627/849/668
f 168/851/669 619/852/669 918/853/669 309/854/669
f 168/851/670 309/854/670 917/697/670 658/696/670
f 168/851/671 658/696/671 1138/703/671 712/855/671
f 168/851/672 712/855/672 1099/856/672 619/852/672
f 169/857/673 620/858/673 1099/856/673 712/855/673
f 169/857/674 712/855/674 1138/703/674 659/705/674
f 169/857/675 659/705/675 1139/709/675 713/859/675
f 169/857/676 713/859/676 1100/860/676 620/858/676
f 170/861/677 621/862/677 1100/860/677 713/859/677
f 170/861/678 713/859/678 1139/709/678 660/711/678
f 170/861/679 660/711/679 1140/138/679 714/137/679
f 170/861/680 714/137/680 1101/71/680 621/862/680
f 171/863/681 610/864/681 927/865/681 318/866/681
f 171/863/682 318/866/682 926/715/682 655/714/682
f 171/863/683 655/714/683 1135/721/683 715/867/683
f 171/863/684 715/867/684 1090/868/684 610/864/684
f 172/869/685 611/870/685 1090/868/685 715/867/685
f 172/869/686 715/867/686 1135/721/686 656/723/686
f 172/869/687 656/723/687 1136/727/687 716/871/687
f 172/869/688 716/871/688 1091/872/688 611/870/688
f 173/873/689 612/874/689 1091/872/689 716/871/689
f 173/873/690 716/871/690 1136/727/690 657/729/690
f 173/873/691 657/729/691 1137/132/691 717/131/691
f 173/873/692 717/131/692 1092/56/692 612/874/692
f 174/875/693 378/838/693 908/837/693 299/876/693
f 174/875/694 299/876/694 907/751/694 649/750/694
f 174/875/695 649/750/695 1129/757/695 718/877/695
f 174/875/696 718/877/696 1134/839/696 378/838/696
f 175/878/697 654/844/697 1134/839/697 718/877/697
f 175/878/698 718/877/698 1129/757/698 650/759/698
f 175/878/699 650/759/699 1130/763/699 719/879/699
f 175/878/700 719/879/700 1133/845/700 654/844/700
f 176/880/701 653/850/701 1133/845/701 719/879/701
f 176/880/702 719/879/702 1130/763/702 651/765/702
f 176/880/703 651/765/703 1131/125/703 720/124/703
f 176/880/704 720/124/704 1132/123/704 653/850/704
f 177/881/705 601/882/705 899/883/705 290/884/705
f 177/881/706 290/884/706 898/733/706 646/732/706
f 177/881/707 646/732/707 1126/739/707 721/885/707
f 177/881/708 721/885/708 1081/886/708 601/882/708
f 178/887/709 602/888/709 1081/886/709 721/885/709
f 178/887/710 721/885/710 1126/739/710 647/741/710
f 178/887/711 647/741/711 1127/745/711 722/889/711
f 178/887/712 722/889/712 1082/890/712 602/888/712
f 179/891/713 603/892/713 1082/890/713 722/889/713
f 179/891/714 722/889/714 1127/745/714 648/747/714
f 179/891/715 648/747/715 1128/117/715 723/116/715
f 179/891/716 723/116/716 1083/41/716 603/892/716
f 180/893/717 595/894/717 914/895/717 305/896/717
f 180/893/718 305/896/718 913/781/718 643/780/718
f 180/893/719 643/780/719 1123/787/719 724/897/719
f 180/893/720 724/897/720 1075/898/720 595/894/720
f 181/899/721 596/900/721 1075/898/721 724/897/721
f 181/899/722 724/897/722 1123/787/722 644/789/722
f 181/899/723 644/789/723 1124/793/723 725/901/723
f 181/899/724 725/901/724 1076/902/724 596/900/724
f 182/903/725 597/904/725 1076/902/725 725/901/725
f 182/903/726 725/901/726 1124/793/726 645/795/726
f 182/903/727 645/795/727 1125/111/727 726/110/727
f 182/903/728 726/110/728 1077/32/728 597/904/728
f 183/905/729 589/906/729 923/907/729 314/908/729
f 183/905/730 314/908/730 922/799/730 640/798/730
f 183/905/731 640/798/731 1120/805/731 727/909/731
f 183/905/732 727/909/732 1069/910/732 589/906/732
f 184/911/733 590/912/733 1069/910/733 727/909/733
f 184/911/734 727/909/734 1120/805/734 641/807/734
f 184/911/735 641/807/735 1121/811/735 728/913/735
f 184/911/736 728/913/736 1070/914/736 590/912/736
f 185/915/737 591/916/737 1070/914/737 728/913/737
f 185/915/738 728/913/738 1121/811/738 642/813/738
f 185/915/739 642/813/739 1122/105/739 729/104/739
f 185/915/740 729/104/740 1071/23/740 591/916/740
f 186/917/741 583/918/741 905/919/741 296/920/741
f 186/917/742 296/920/742 904/921/742 372/922/742
f 186/917/743 372/922/743 1116/923/743 730/924/743
f 186/917/744 730/924/744 1063/925/744 583/918/744
f 187/926/745 584/927/745 1063/925/745 730/924/745
f 187/926/746 730/924/746 1116/923/746 636/928/746
f 187/926/747 636/928/747 1115/929/747 731/930/747
f 187/926/748 731/930/748 1064/931/748 584/927/748
f 188/932/749 585/933/749 1064/931/749 731/930/749
f 188/932/750 731/930/750 1115/929/750 635/934/750
f 188/932/751 635/934/751 1114/87/751 732/101/751
f 188/932/752 732/101/752 1065/14/752 585/933/752
f 189/935/753 373/736/753 897/735/753 320/936/753
f 189/935/754 320/936/754 928/937/754 365/938/754
f 189/935/755 365/938/755 1095/939/755 733/940/755
f 189/935/756 733/940/756 1119/737/756 373/736/756
f 190/941/757 639/742/757 1119/737/757 733/940/757
f 190/941/758 733/940/758 1095/939/758 615/942/758
f 190/941/759 615/942/759 1094/943/759 734/944/759
f 190/941/760 734/944/760 1118/743/760 639/742/760
f 191/945/761 638/748/761 1118/743/761 734/944/761
f 191/945/762 734/944/762 1094/943/762 614/946/762
f 191/945/763 614/946/763 1093/54/763 735/97/763
f 191/945/764 735/97/764 1117/96/764 638/748/764
f 192/947/765 372/922/765 904/921/765 295/948/765
f 192/947/766 295/948/766 903/817/766 631/816/766
f 192/947/767 631/816/767 1111/820/767 736/949/767
f 192/947/768 736/949/768 1116/923/768 372/922/768
f 193/950/769 636/928/769 1116/923/769 736/949/769
f 193/950/770 736/949/770 1111/820/770 632/822/770
f 193/950/771 632/822/771 1112/824/771 737/951/771
f 193/950/772 737/951/772 1115/929/772 636/928/772
f 194/952/773 635/934/773 1115/929/773 737/951/773
f 194/952/774 737/951/774 1112/824/774 633/826/774
f 194/952/775 633/826/775 1113/89/775 738/88/775
f 194/952/776 738/88/776 1114/87/776 635/934/776
f 195/953/777 370/682/777 910/681/777 301/954/777
f 195/953/778 301/954/778 909/835/778 625/834/778
f 195/953/779 625/834/779 1105/841/779 739/955/779
f 195/953/780 739/955/780 1110/683/780 370/682/780
f 196/956/781 630/688/781 1110/683/781 739/955/781
f 196/956/782 739/955/782 1105/841/782 626/843/782
f 196/956/783 626/843/783 1106/847/783 740/957/783
f 196/956/784 740/957/784 1109/689/784 630/688/784
f 197/958/785 629/694/785 1109/689/785 740/957/785
f 197/958/786 740/957/786 1106/847/786 627/849/786
f 197/958/787 627/849/787 1107/80/787 741/79/787
f 197/958/788 741/79/788 1108/78/788 629/694/788
f 198/959/789 368/646/789 919/645/789 310/960/789
f 198/959/790 310/960/790 918/853/790 619/852/790
f 198/959/791 619/852/791 1099/856/791 742/961/791
f 198/959/792 742/961/792 1104/647/792 368/646/792
f 199/962/793 624/652/793 1104/647/793 742/961/793
f 199/962/794 742/961/794 1099/856/794 620/858/794
f 199/962/795 620/858/795 1100/860/795 743/963/795
f 199/962/796 743/963/796 1103/653/796 624/652/796
f 200/964/797 623/658/797 1103/653/797 743/963/797
f 200/964/798 743/963/798 1100/860/798 621/862/798
f 200/964/799 621/862/799 1101/71/799 744/70/799
f 200/964/800 744/70/800 1102/69/800 623/658/800
f 201/965/801 366/664/801 901/663/801 292/966/801
f 201/965/802 292/966/802 900/967/802 362/968/802
f 201/965/803 362/968/803 1086/969/803 745/970/803
f 201/965/804 745/970/804 1098/665/804 366/664/804
f 202/971/805 618/670/805 1098/665/805 745/970/805
f 202/971/806 745/970/806 1086/969/806 606/972/806
f 202/971/807 606/972/807 1085/973/807 746/974/807
f 202/971/808 746/974/808 1097/671/808 618/670/808
f 203/975/809 617/676/809 1097/671/809 746/974/809
f 203/975/810 746/974/810 1085/973/810 605/976/810
f 203/975/811 605/976/811 1084/39/811 747/64/811
f 203/975/812 747/64/812 1096/63/812 617/676/812
f 204/977/813 365/938/813 928/937/813 319/978/813
f 204/977/814 319/978/814 927/865/814 610/864/814
f 204/977/815 610/864/815 1090/868/815 748/979/815
f 204/977/816 748/979/816 1095/939/816 365/938/816
f 205/980/817 615/942/817 1095/939/817 748/979/817
f 205/980/818 748/979/818 1090/868/818 611/870/818
f 205/980/819 611/870/819 1091/872/819 749/981/819
f 205/980/820 749/981/820 1094/943/820 615/942/820
f 206/982/821 614/946/821 1094/943/821 749/981/821
f 206/982/822 749/981/822 1091/872/822 612/874/822
f 206/982/823 612/874/823 1092/56/823 750/55/823
f 206/982/824 750/55/824 1093/54/824 614/946/824
f 207/983/825 363/718/825 925/717/825 316/984/825
f 207/983/826 316/984/826 924/985/826 358/986/826
f 207/983/827 358/986/827 1074/987/827 751/988/827
f 207/983/828 751/988/828 1089/719/828 363/718/828
f 208/989/829 609/724/829 1089/719/829 751/988/829
f 208/989/830 751/988/830 1074/987/830 594/990/830
f 208/989/831 594/990/831 1073/991/831 752/992/831
f 208/989/832 752/992/832 1088/725/832 609/724/832
f 209/993/833 608/730/833 1088/725/833 752/992/833
f 209/993/834 752/992/834 1073/991/834 593/994/834
f 209/993/835 593/994/835 1072/21/835 753/49/835
f 209/993/836 753/49/836 1087/48/836 608/730/836
f 210/995/837 362/968/837 900/967/837 291/996/837
f 210/995/838 291/996/838 899/883/838 601/882/838
f 210/995/839 601/882/839 1081/886/839 754/997/839
f 210/995/840 754/997/840 1086/969/840 362/968/840
f 211/998/841 606/972/841 1086/969/841 754/997/841
f 211/998/842 754/997/842 1081/886/842 602/888/842
f 211/998/843 602/888/843 1082/890/843 755/999/843
f 211/998/844 755/999/844 1085/973/844 606/972/844
f 212/1000/845 605/976/845 1085/973/845 755/999/845
f 212/1000/846 755/999/846 1082/890/846 603/892/846
f 212/1000/847 603/892/847 1083/41/847 756/40/847
f 212/1000/848 756/40/848 1084/39/848 605/976/848
f 213/1001/849 360/770/849 915/769/849 306/1002/849
f 213/1001/850 306/1002/850 914/895/850 595/894/850
f 213/1001/851 595/894/851 1075/898/851 757/1003/851
f 213/1001/852 757/1003/852 1080/771/852 360/770/852
f 214/1004/853 600/774/853 1080/771/853 757/1003/853
f 214/1004/854 757/1003/854 1075/898/854 596/900/854
f 214/1004/855 596/900/855 1076/902/855 758/1005/855
f 214/1004/856 758/1005/856 1079/775/856 600/774/856
f 215/1006/857 599/778/857 1079/775/857 758/1005/857
f 215/1006/858 758/1005/858 1076/902/858 597/904/858
f 215/1006/859 597/904/859 1077/32/859 759/31/859
f 215/1006/860 759/31/860 1078/30/860 599/778/860
f 216/1007/861 358/986/861 924/985/861 315/1008/861
f 216/1007/862 315/1008/862 923/907/862 589/906/862
f 216/1007/863 589/906/863 1069/910/863 760/1009/863
f 216/1007/864 760/1009/864 1074/987/864 358/986/864
f 217/1010/865 594/990/865 1074/987/865 760/1009/865
f 217/1010/866 760/1009/866 1069/910/866 590/912/866
f 217/1010/867 590/912/867 1070/914/867 761/1011/867
f 217/1010/868 761/1011/868 1073/991/868 594/990/868
f 218/1012/869 593/994/869 1073/991/869 761/1011/869
f 218/1012/870 761/1011/870 1070/914/870 591/916/870
f 218/1012/871 591/916/871 1071/23/871 762/22/871
f 218/1012/872 762/22/872 1072/21/872 593/994/872
f 219/1013/873 356/754/873 906/753/873 297/1014/873
f 219/1013/874 297/1014/874 905/919/874 583/918/874
f 219/1013/875 583/918/875 1063/925/875 763/1015/875
f 219/1013/876 763/1015/876 1068/755/876 356/754/876
f 220/1016/877 588/760/877 1068/755/877 763/1015/877
f 220/1016/878 763/1015/878 1063/925/878 584/927/878
f 220/1016/879 584/927/879 1064/931/879 764/1017/879
f 220/1016/880 764/1017/880 1067/761/880 588/760/880
f 221/1018/881 587/766/881 1067/761/881 764/1017/881
f 221/1018/882 764/1017/882 1064/931/882 585/933/882
f 221/1018/883 585/933/883 1065/14/883 765/13/883
f 221/1018/884 765/13/884 1066/12/884 587/766/884
f 222/1019/885 354/802/885 921/801/885 312/1020/885
f 222/1019/886 312/1020/886 920/643/886 577/642/886
f 222/1019/887 577/642/887 1057/649/887 766/1021/887
f 222/1019/888 766/1021/888 1062/803/888 354/802/888
f 223/1022/889 582/808/889 1062/803/889 766/1021/889
f 223/1022/890 766/1021/890 1057/649/890 578/651/890
f 223/1022/891 578/651/891 1058/655/891 767/1023/891
f 223/1022/892 767/1023/892 1061/809/892 582/808/892
f 224/1024/893 581/814/893 1061/809/893 767/1023/893
f 224/1024/894 767/1023/894 1058/655/894 579/657/894
f 224/1024/895 579/657/895 1059/5/895 768/4/895
f 224/1024/896 768/4/896 1060/3/896 581/814/896
f 225/1025/897 798/1026/897 935/91/897 326/159/897
f 225/1025/898 326/159/898 934/158/898 431/1027/898
f 225/1025/899 431/1027/899 1167/1028/899 801/1029/899
f 225/1025/900 801/1029/900 1182/1030/900 798/1026/900
f 226/1031/901 769/1032/901 944/153/901 335/152/901
f 226/1031/902 335/152/902 943/151/902 435/1033/902
f 226/1031/903 435/1033/903 1171/1034/903 802/1035/903
f 226/1031/904 802/1035/904 1153/1036/904 769/1032/904
f 227/1037/905 796/1038/905 950/73/905 341/141/905
f 227/1037/906 341/141/906 949/140/906 429/1039/906
f 227/1037/907 429/1039/907 1165/1040/907 803/1041/907
f 227/1037/908 803/1041/908 1180/1042/908 796/1038/908
f 228/1043/909 797/1044/909 941/82/909 332/144/909
f 228/1043/910 332/144/910 940/129/910 448/1045/910
f 228/1043/911 448/1045/911 1184/1046/911 804/1047/911
f 228/1043/912 804/1047/912 1181/1048/912 797/1044/912
f 229/1049/913 794/1050/913 959/58/913 350/135/913
f 229/1049/914 350/135/914 958/134/914 428/1051/914
f 229/1049/915 428/1051/915 1164/1052/915 805/1053/915
f 229/1049/916 805/1053/916 1178/1054/916 794/1050/916
f 230/1055/917 792/1056/917 931/43/917 322/120/917
f 230/1055/918 322/120/918 930/119/918 424/1057/918
f 230/1055/919 424/1057/919 1160/1058/919 806/1059/919
f 230/1055/920 806/1059/920 1176/1060/920 792/1056/920
f 231/1061/921 448/1045/921 940/129/921 331/128/921
f 231/1061/922 331/128/922 939/127/922 422/1062/922
f 231/1061/923 422/1062/923 1158/1063/923 807/1064/923
f 231/1061/924 807/1064/924 1184/1046/924 448/1045/924
f 232/1065/925 788/1066/925 955/25/925 346/108/925
f 232/1065/926 346/108/926 954/107/926 420/1067/926
f 232/1065/927 420/1067/927 1156/1068/927 808/1069/927
f 232/1065/928 808/1069/928 1172/1070/928 788/1066/928
f 233/1071/929 791/1072/929 937/16/929 328/102/929
f 233/1071/930 328/102/930 936/93/930 447/1073/930
f 233/1071/931 447/1073/931 1183/1074/931 809/1075/931
f 233/1071/932 809/1075/932 1175/1076/932 791/1072/932
f 234/1077/933 790/1078/933 946/34/933 337/114/933
f 234/1077/934 337/114/934 945/113/934 418/1079/934
f 234/1077/935 418/1079/935 1154/1080/935 810/1081/935
f 234/1077/936 810/1081/936 1174/1082/936 790/1078/936
f 235/1083/937 775/1084/937 929/99/937 352/98/937
f 235/1083/938 352/98/938 960/60/938 443/1085/938
f 235/1083/939 443/1085/939 1179/1086/939 811/1087/939
f 235/1083/940 811/1087/940 1159/1088/940 775/1084/940
f 236/1089/941 447/1073/941 936/93/941 327/92/941
f 236/1089/942 327/92/942 935/91/942 798/1026/942
f 236/1089/943 798/1026/943 1182/1030/943 812/1090/943
f 236/1089/944 812/1090/944 1183/1074/944 447/1073/944
f 237/1091/945 782/1092/945 933/66/945 324/65/945
f 237/1091/946 324/65/946 932/45/946 441/1093/946
f 237/1091/947 441/1093/947 1177/1094/947 813/1095/947
f 237/1091/948 813/1095/948 1166/1096/948 782/1092/948
f 238/1097/949 786/1098/949 942/84/949 333/83/949
f 238/1097/950 333/83/950 941/82/950 797/1044/950
f 238/1097/951 797/1044/951 1181/1048/951 814/1099/951
f 238/1097/952 814/1099/952 1170/1100/952 786/1098/952
f 239/1101/953 784/1102/953 951/75/953 342/74/953
f 239/1101/954 342/74/954 950/73/954 796/1038/954
f 239/1101/955 796/1038/955 1180/1042/955 815/1103/955
f 239/1101/956 815/1103/956 1168/1104/956 784/1102/956
f 240/1105/957 443/1085/957 960/60/957 351/59/957
f 240/1105/958 351/59/958 959/58/958 794/1050/958
f 240/1105/959 794/1050/959 1178/1054/959 816/1106/959
f 240/1105/960 816/1106/960 1179/1086/960 443/1085/960
f 241/1107/961 779/1108/961 957/51/961 348/50/961
f 241/1107/962 348/50/962 956/27/962 437/1109/962
f 241/1107/963 437/1109/963 1173/1110/963 817/1111/963
f 241/1107/964 817/1111/964 1163/1112/964 779/1108/964
f 242/1113/965 441/1093/965 932/45/965 323/44/965
f 242/1113/966 323/44/966 931/43/966 792/1056/966
f 242/1113/967 792/1056/967 1176/1060/967 818/1114/967
f 242/1113/968 818/1114/968 1177/1094/968 441/1093/968
f 243/1115/969 773/1116/969 938/18/969 329/17/969
f 243/1115/970 329/17/970 937/16/970 791/1072/970
f 243/1115/971 791/1072/971 1175/1076/971 819/1117/971
f 243/1115/972 819/1117/972 1157/1118/972 773/1116/972
f 244/1119/973 777/1120/973 947/36/973 338/35/973
f 244/1119/974 338/35/974 946/34/974 790/1078/974
f 244/1119/975 790/1078/975 1174/1082/975 820/1121/975
f 244/1119/976 820/1121/976 1161/1122/976 777/1120/976
f 245/1123/977 437/1109/977 956/27/977 347/26/977
f 245/1123/978 347/26/978 955/25/978 788/1066/978
f 245/1123/979 788/1066/979 1172/1070/979 821/1124/979
f 245/1123/980 821/1124/980 1173/1110/980 437/1109/980
f 246/1125/981 771/1126/981 953/9/981 344/8/981
f 246/1125/982 344/8/982 952/7/982 433/1127/982
f 246/1125/983 433/1127/983 1169/1128/983 822/1129/983
f 246/1125/984 822/1129/984 1155/1130/984 771/1126/984
f 247/1131/985 435/1033/985 943/151/985 334/186/985
f 247/1131/986 334/186/986 942/84/986 786/1098/986
f 247/1131/987 786/1098/987 1170/1100/987 823/1132/987
f 247/1131/988 823/1132/988 1171/1034/988 435/1033/988
f 248/1133/989 433/1127/989 952/7/989 343/192/989
f 248/1133/990 343/192/990 951/75/990 784/1102/990
f 248/1133/991 784/1102/991 1168/1104/991 824/1134/991
f 248/1133/992 824/1134/992 1169/1128/992 433/1127/992
f 249/1135/993 431/1027/993 934/158/993 325/189/993
f 249/1135/994 325/189/994 933/66/994 782/1092/994
f 249/1135/995 782/1092/995 1166/1096/995 825/1136/995
f 249/1135/996 825/1136/996 1167/1028/996 431/1027/996
f 250/1137/997 429/1039/997 949/140/997 340/183/997
f 250/1137/998 340/183/998 948/171/998 426/1138/998
f 250/1137/999 426/1138/999 1162/1139/999 826/1140/999
f 250/1137/1000 826/1140/1000 1165/1040/1000 429/1039/1000
f 251/1141/1001 428/1051/1001 958/134/1001 349/180/1001
f 251/1141/1002 349/180/1002 957/51/1002 779/1108/1002
f 251/1141/1003 779/1108/1003 1163/1112/1003 827/1142/1003
f 251/1141/1004 827/1142/1004 1164/1052/1004 428/1051/1004
f 252/1143/1005 426/1138/1005 948/171/1005 339/170/1005
f 252/1143/1006 339/170/1006 947/36/1006 777/1120/1006
f 252/1143/1007 777/1120/1007 1161/1122/1007 828/1144/1007
f 252/1143/1008 828/1144/1008 1162/1139/1008 426/1138/1008
f 253/1145/1009 424/1057/1009 930/119/1009 321/177/1009
f 253/1145/1010 321/177/1010 929/99/1010 775/1084/1010
f 253/1145/1011 775/1084/1011 1159/1088/1011 829/1146/1011
f 253/1145/1012 829/1146/1012 1160/1058/1012 424/1057/1012
f 254/1147/1013 422/1062/1013 939/127/1013 330/174/1013
f 254/1147/1014 330/174/1014 938/18/1014 773/1116/1014
f 254/1147/1015 773/1116/1015 1157/1118/1015 830/1148/1015
f 254/1147/1016 830/1148/1016 1158/1063/1016 422/1062/1016
f 255/1149/1017 420/1067/1017 954/107/1017 345/162/1017
f 255/1149/1018 345/162/1018 953/9/1018 771/1126/1018
f 255/1149/1019 771/1126/1019 1155/1130/1019 831/1150/1019
f 255/1149/1020 831/1150/1020 1156/1068/1020 420/1067/1020
f 256/1151/1021 418/1079/1021 945/113/1021 336/165/1021
f 256/1151/1022 336/165/1022 944/153/1022 769/1032/1022
f 256/1151/1023 769/1032/1023 1153/1036/1023 832/1152/1023
f 256/1151/1024 832/1152/1024 1154/1080/1024 418/1079/1024
f 257/1153/1025 849/1154/1025 1182/1030/1025 801/1029/1025
f 257/1153/1026 801/1029/1026 1167/1028/1026 783/1155/1026
f 257/1153/1027 783/1155/1027 1209/255/1027 865/383/1027
f 257/1153/1028 865/383/1028 1201/344/1028 849/1154/1028
f 258/1156/1029 833/1157/1029 1153/1036/1029 802/1035/1029
f 258/1156/1030 802/1035/1030 1171/1034/1030 787/1158/1030
f 258/1156/1031 787/1158/1031 1211/273/1031 866/380/1031
f 258/1156/1032 866/380/1032 1185/197/1032 833/1157/1032
f 259/1159/1033 847/1160/1033 1180/1042/1033 803/1041/1033
f 259/1159/1034 803/1041/1034 1165/1040/1034 781/1161/1034
f 259/1159/1035 781/1161/1035 1208/249/1035 867/377/1035
f 259/1159/1036 867/377/1036 1199/327/1036 847/1160/1036
f 260/1162/1037 848/1163/1037 1181/1048/1037 804/1047/1037
f 260/1162/1038 804/1047/1038 1184/1046/1038 800/1164/1038
f 260/1162/1039 800/1164/1039 1216/363/1039 868/374/1039
f 260/1162/1040 868/374/1040 1200/333/1040 848/1163/1040
f 261/1165/1041 846/1166/1041 1178/1054/1041 805/1053/1041
f 261/1165/1042 805/1053/1042 1164/1052/1042 780/1167/1042
f 261/1165/1043 780/1167/1043 1207/240/1043 869/371/1043
f 261/1165/1044 869/371/1044 1198/320/1044 846/1166/1044
f 262/1168/1045 845/1169/1045 1176/1060/1045 806/1059/1045
f 262/1168/1046 806/1059/1046 1160/1058/1046 776/1170/1046
f 262/1168/1047 776/1170/1047 1205/222/1047 870/368/1047
f 262/1168/1048 870/368/1048 1197/308/1048 845/1169/1048
f 263/1171/1049 800/1164/1049 1184/1046/1049 807/1064/1049
f 263/1171/1050 807/1064/1050 1158/1063/1050 774/1172/1050
f 263/1171/1051 774/1172/1051 1204/213/1051 871/364/1051
f 263/1171/1052 871/364/1052 1216/363/1052 800/1164/1052
f 264/1173/1053 842/1174/1053 1172/1070/1053 808/1069/1053
f 264/1173/1054 808/1069/1054 1156/1068/1054 772/1175/1054
f 264/1173/1055 772/1175/1055 1203/204/1055 872/359/1055
f 264/1173/1056 872/359/1056 1194/287/1056 842/1174/1056
f 265/1176/1057 844/1177/1057 1175/1076/1057 809/1075/1057
f 265/1176/1058 809/1075/1058 1183/1074/1058 799/1178/1058
f 265/1176/1059 799/1178/1059 1215/342/1059 873/356/1059
f 265/1176/1060 873/356/1060 1196/300/1060 844/1177/1060
f 266/1179/1061 843/1180/1061 1174/1082/1061 810/1081/1061
f 266/1179/1062 810/1081/1062 1154/1080/1062 770/1181/1062
f 266/1179/1063 770/1181/1063 1202/195/1063 874/353/1063
f 266/1179/1064 874/353/1064 1195/294/1064 843/1180/1064
f 267/1182/1065 836/1183/1065 1159/1088/1065 811/1087/1065
f 267/1182/1066 811/1087/1066 1179/1086/1066 795/1184/1066
f 267/1182/1067 795/1184/1067 1214/318/1067 875/350/1067
f 267/1182/1068 875/350/1068 1188/224/1068 836/1183/1068
f 268/1185/1069 799/1178/1069 1183/1074/1069 812/1090/1069
f 268/1185/1070 812/1090/1070 1182/1030/1070 849/1154/1070
f 268/1185/1071 849/1154/1071 1201/344/1071 876/343/1071
f 268/1185/1072 876/343/1072 1215/342/1072 799/1178/1072
f 269/1186/1073 839/1187/1073 1166/1096/1073 813/1095/1073
f 269/1186/1074 813/1095/1074 1177/1094/1074 793/1188/1074
f 269/1186/1075 793/1188/1075 1213/306/1075 877/338/1075
f 269/1186/1076 877/338/1076 1191/257/1076 839/1187/1076
f 270/1189/1077 841/1190/1077 1170/1100/1077 814/1099/1077
f 270/1189/1078 814/1099/1078 1181/1048/1078 848/1163/1078
f 270/1189/1079 848/1163/1079 1200/333/1079 878/332/1079
f 270/1189/1080 878/332/1080 1193/275/1080 841/1190/1080
f 271/1191/1081 840/1192/1081 1168/1104/1081 815/1103/1081
f 271/1191/1082 815/1103/1082 1180/1042/1082 847/1160/1082
f 271/1191/1083 847/1160/1083 1199/327/1083 879/326/1083
f 271/1191/1084 879/326/1084 1192/266/1084 840/1192/1084
f 272/1193/1085 795/1184/1085 1179/1086/1085 816/1106/1085
f 272/1193/1086 816/1106/1086 1178/1054/1086 846/1166/1086
f 272/1193/1087 846/1166/1087 1198/320/1087 880/319/1087
f 272/1193/1088 880/319/1088 1214/318/1088 795/1184/1088
f 273/1194/1089 838/1195/1089 1163/1112/1089 817/1111/1089
f 273/1194/1090 817/1111/1090 1173/1110/1090 789/1196/1090
f 273/1194/1091 789/1196/1091 1212/285/1091 881/314/1091
f 273/1194/1092 881/314/1092 1190/242/1092 838/1195/1092
f 274/1197/1093 793/1188/1093 1177/1094/1093 818/1114/1093
f 274/1197/1094 818/1114/1094 1176/1060/1094 845/1169/1094
f 274/1197/1095 845/1169/1095 1197/308/1095 882/307/1095
f 274/1197/1096 882/307/1096 1213/306/1096 793/1188/1096
f 275/1198/1097 835/1199/1097 1157/1118/1097 819/1117/1097
f 275/1198/1098 819/1117/1098 1175/1076/1098 844/1177/1098
f 275/1198/1099 844/1177/1099 1196/300/1099 883/299/1099
f 275/1198/1100 883/299/1100 1187/215/1100 835/1199/1100
f 276/1200/1101 837/1201/1101 1161/1122/1101 820/1121/1101
f 276/1200/1102 820/1121/1102 1174/1082/1102 843/1180/1102
f 276/1200/1103 843/1180/1103 1195/294/1103 884/293/1103
f 276/1200/1104 884/293/1104 1189/233/1104 837/1201/1104
f 277/1202/1105 789/1196/1105 1173/1110/1105 821/1124/1105
f 277/1202/1106 821/1124/1106 1172/1070/1106 842/1174/1106
f 277/1202/1107 842/1174/1107 1194/287/1107 885/286/1107
f 277/1202/1108 885/286/1108 1212/285/1108 789/1196/1108
f 278/1203/1109 834/1204/1109 1155/1130/1109 822/1129/1109
f 278/1203/1110 822/1129/1110 1169/1128/1110 785/1205/1110
f 278/1203/1111 785/1205/1111 1210/264/1111 886/281/1111
f 278/1203/1112 886/281/1112 1186/206/1112 834/1204/1112
f 279/1206/1113 787/1158/1113 1171/1034/1113 823/1132/1113
f 279/1206/1114 823/1132/1114 1170/1100/1114 841/1190/1114
f 279/1206/1115 841/1190/1115 1193/275/1115 887/274/1115
f 279/1206/1116 887/274/1116 1211/273/1116 787/1158/1116
f 280/1207/1117 785/1205/1117 1169/1128/1117 824/1134/1117
f 280/1207/1118 824/1134/1118 1168/1104/1118 840/1192/1118
f 280/1207/1119 840/1192/1119 1192/266/1119 888/265/1119
f 280/1207/1120 888/265/1120 1210/264/1120 785/1205/1120
f 281/1208/1121 783/1155/1121 1167/1028/1121 825/1136/1121
f 281/1208/1122 825/1136/1122 1166/1096/1122 839/1187/1122
f 281/1208/1123 839/1187/1123 1191/257/1123 889/256/1123
f 281/1208/1124 889/256/1124 1209/255/1124 783/1155/1124
f 282/1209/1125 781/1161/1125 1165/1040/1125 826/1140/1125
f 282/1209/1126 826/1140/1126 1162/1139/1126 778/1210/1126
f 282/1209/1127 778/1210/1127 1206/231/1127 890/250/1127
f 282/1209/1128 890/250/1128 1208/249/1128 781/1161/1128
f 283/1211/1129 780/1167/1129 1164/1052/1129 827/1142/1129
f 283/1211/1130 827/1142/1130 1163/1112/1130 838/1195/1130
f 283/1211/1131 838/1195/1131 1190/242/1131 891/241/1131
f 283/1211/1132 891/241/1132 1207/240/1132 780/1167/1132
f 284/1212/1133 778/1210/1133 1162/1139/1133 828/1144/1133
f 284/1212/1134 828/1144/1134 1161/1122/1134 837/1201/1134
f 284/1212/1135 837/1201/1135 1189/233/1135 892/232/1135
f 284/1212/1136 892/232/1136 1206/231/1136 778/1210/1136
f 285/1213/1137 776/1170/1137 1160/1058/1137 829/1146/1137
f 285/1213/1138 829/1146/1138 1159/1088/1138 836/1183/1138
f 285/1213/1139 836/1183/1139 1188/224/1139 893/223/1139
f 285/1213/1140 893/223/1140 1205/222/1140 776/1170/1140
f 286/1214/1141 774/1172/1141 1158/1063/1141 830/1148/1141
f 286/1214/1142 830/1148/1142 1157/1118/1142 835/1199/1142
f 286/1214/1143 835/1199/1143 1187/215/1143 894/214/1143
f 286/1214/1144 894/214/1144 1204/213/1144 774/1172/1144
f 287/1215/1145 772/1175/1145 1156/1068/1145 831/1150/1145
f 287/1215/1146 831/1150/1146 1155/1130/1146 834/1204/1146
f 287/1215/1147 834/1204/1147 1186/206/1147 895/205/1147
f 287/1215/1148 895/205/1148 1203/204/1148 772/1175/1148
f 288/1216/1149 770/1181/1149 1154/1080/1149 832/1152/1149
f 288/1216/1150 832/1152/1150 1153/1036/1150 833/1157/1150
f 288/1216/1151 833/1157/1151 1185/197/1151 896/196/1151
f 288/1216/1152 896/196/1152 1202/195/1152 770/1181/1152
f 1352/1217/1153 1351/1218/1153 1253/1219/1153 1221/1220/1153
f 1366/1221/1154 1365/1222/1154 1277/1223/1154 1245/1224/1154
f 1380/1225/1155 1379/1226/1155 1236/1227/1155 1269/1228/1155
f 1392/1229/1156 1391/1230/1156 1235/1231/1156 1268/1232/1156
f 1406/1233/1157 1405/1234/1157 1256/1235/1157 1224/1236/1157
f 1420/1237/1158 1419/1238/1158 1280/1239/1158 1248/1240/1158
f 1434/1241/1159 1433/1242/1159 1255/1243/1159 1223/1244/1159
f 1448/1245/1160 1447/1246/1160 1279/1247/1160 1247/1248/1160
f 1462/1249/1161 1461/1250/1161 1238/1251/1161 1271/1252/1161
f 1476/1253/1162 1475/1254/1162 1237/1255/1162 1270/1256/1162
f 1490/1257/1163 1489/1258/1163 1258/1259/1163 1226/1260/1163
f 1504/1261/1164 1503/1262/1164 1257/1263/1164 1225/1264/1164
f 1518/1265/1165 1517/1266/1165 1240/1267/1165 1273/1268/1165
f 1532/1269/1166 1531/1270/1166 1239/1271/1166 1272/1272/1166
f 1546/1273/1167 1545/1274/1167 1260/1275/1167 1228/1276/1167
f 1560/1277/1168 1559/1278/1168 1259/1279/1168 1227/1280/1168
f 1574/1281/1169 1573/1282/1169 1218/1283/1169 1251/1284/1169
f 1588/1285/1170 1587/1286/1170 1242/1287/1170 1275/1288/1170
f 1602/1289/1171 1601/1290/1171 1217/1291/1171 1250/1292/1171
f 1616/1293/1172 1615/1294/1172 1241/1295/1172 1274/1296/1172
f 1630/1297/1173 1629/1298/1173 1262/1299/1173 1230/1300/1173
f 1644/1301/1174 1643/1302/1174 1261/1303/1174 1229/1304/1174
f 1351/1218/1175 1657/1305/1175 1220/1306/1175 1253/1219/1175
f 1365/1222/1176 1664/1307/1176 1244/1308/1176 1277/1223/1176
f 1672/1309/1177 1671/1310/1177 1219/1311/1177 1252/1312/1177
f 1685/1313/1178 1684/1314/1178 1243/1315/1178 1276/1316/1178
f 1901/1317/1179 1695/1318/1179 1264/1319/1179 1899/1320/1179
f 1705/1321/1180 1704/1322/1180 1263/1323/1180 1231/1324/1180
f 1433/1242/1181 1715/1325/1181 1222/1326/1181 1255/1243/1181
f 1447/1246/1182 1722/1327/1182 1246/1328/1182 1279/1247/1182
f 1723/1329/1183 1352/1217/1183 1221/1220/1183 1254/1330/1183
f 1730/1331/1184 1366/1221/1184 1245/1224/1184 1278/1332/1184
f 1741/1333/1185 1740/1334/1185 1266/1335/1185 1234/1336/1185
f 1749/1337/1186 1748/1338/1186 1265/1339/1186 1233/1340/1186
f 1503/1262/1187 1406/1233/1187 1224/1236/1187 1257/1263/1187
f 1753/1341/1188 1420/1237/1188 1248/1240/1188 1249/1342/1188
f 1405/1234/1189 1434/1241/1189 1223/1244/1189 1256/1235/1189
f 1419/1238/1190 1448/1245/1190 1247/1248/1190 1280/1239/1190
f 1379/1226/1191 1392/1229/1191 1268/1232/1191 1236/1227/1191
f 1391/1230/1192 1764/1343/1192 1267/1344/1192 1235/1231/1192
f 1559/1278/1193 1490/1257/1193 1226/1260/1193 1259/1279/1193
f 1489/1258/1194 1504/1261/1194 1225/1264/1194 1258/1259/1194
f 1461/1250/1195 1476/1253/1195 1270/1256/1195 1238/1251/1195
f 1475/1254/1196 1380/1225/1196 1269/1228/1196 1237/1255/1196
f 1643/1302/1197 1546/1273/1197 1228/1276/1197 1261/1303/1197
f 1545/1274/1198 1560/1277/1198 1227/1280/1198 1260/1275/1198
f 1517/1266/1199 1532/1269/1199 1272/1272/1199 1240/1267/1199
f 1531/1270/1200 1462/1249/1200 1271/1252/1200 1239/1271/1200
f 1704/1322/1201 1630/1297/1201 1230/1300/1201 1263/1323/1201
f 1629/1298/1202 1644/1301/1202 1229/1304/1202 1262/1299/1202
f 1573/1282/1203 1602/1289/1203 1250/1292/1203 1218/1283/1203
f 1587/1286/1204 1616/1293/1204 1274/1296/1204 1242/1287/1204
f 1601/1290/1205 1753/1345/1205 1249/1346/1205 1217/1291/1205
f 1615/1294/1206 1518/1265/1206 1273/1268/1206 1241/1295/1206
f 1748/1347/1207 1696/1348/1207 1232/1349/1207 1265/1350/1207
f 1695/1318/1208 1705/1321/1208 1231/1324/1208 1264/1319/1208
f 1657/1305/1209 1672/1309/1209 1252/1312/1209 1220/1306/1209
f 1664/1307/1210 1685/1313/1210 1276/1316/1210 1244/1308/1210
f 1671/1310/1211 1574/1281/1211 1251/1284/1211 1219/1311/1211
f 1684/1314/1212 1588/1285/1212 1275/1288/1212 1243/1315/1212
f 1764/1343/1213 1741/1333/1213 1234/1336/1213 1267/1344/1213
f 1876/1351/1214 1749/1337/1214 1233/1340/1214 1874/1352/1214
f 1715/1325/1215 1723/1329/1215 1254/1330/1215 1222/1326/1215
f 1722/1327/1216 1730/1331/1216 1278/1332/1216 1246/1328/1216
f 1225/1264/1217 1257/1263/1217 1321/1353/1217 1289/1354/1217
f 1224/1236/1218 1256/1235/1218 1320/1355/1218 1288/1356/1218
f 1248/1240/1219 1280/1239/1219 1344/1357/1219 1312/1358/1219
f 1272/1272/1220 1239/1271/1220 1303/1359/1220 1336/1360/1220
f 1271/1252/1221 1238/1251/1221 1302/1361/1221 1335/1362/1221
f 1227/1280/1222 1259/1279/1222 1323/1363/1222 1291/1364/1222
f 1226/1260/1223 1258/1259/1223 1322/1365/1223 1290/1366/1223
f 1250/1292/1224 1217/1291/1224 1281/1367/1224 1314/1368/1224
f 1274/1296/1225 1241/1295/1225 1305/1369/1225 1338/1370/1225
f 1273/1268/1226 1240/1267/1226 1304/1371/1226 1337/1372/1226
f 1229/1304/1227 1261/1303/1227 1325/1373/1227 1293/1374/1227
f 1228/1276/1228 1260/1275/1228 1324/1375/1228 1292/1376/1228
f 1252/1312/1229 1219/1311/1229 1283/1377/1229 1316/1378/1229
f 1276/1316/1230 1243/1315/1230 1307/1379/1230 1340/1380/1230
f 1251/1284/1231 1218/1283/1231 1282/1381/1231 1315/1382/1231
f 1275/1288/1232 1242/1287/1232 1306/1383/1232 1339/1384/1232
f 1231/1324/1233 1263/1323/1233 1327/1385/1233 1295/1386/1233
f 1230/1300/1234 1262/1299/1234 1326/1387/1234 1294/1388/1234
f 1254/1330/1235 1221/1220/1235 1285/1389/1235 1318/1390/1235
f 1278/1332/1236 1245/1224/1236 1309/1391/1236 1342/1392/1236
f 1253/1219/1237 1220/1306/1237 1284/1393/1237 1317/1394/1237
f 1277/1223/1238 1244/1308/1238 1308/1395/1238 1341/1396/1238
f 1233/1340/1239 1265/1339/1239 1329/1397/1239 1297/1398/1239
f 1899/1320/1240 1264/1319/1240 1328/1399/1240 1900/1400/1240
f 1256/1235/1241 1223/1244/1241 1287/1401/1241 1320/1355/1241
f 1280/1239/1242 1247/1248/1242 1311/1402/1242 1344/1357/1242
f 1255/1243/1243 1222/1326/1243 1286/1403/1243 1319/1404/1243
f 1279/1247/1244 1246/1328/1244 1310/1405/1244 1343/1406/1244
f 1235/1231/1245 1267/1344/1245 1331/1407/1245 1299/1408/1245
f 1234/1336/1246 1266/1335/1246 1330/1409/1246 1298/1410/1246
f 1258/1259/1247 1225/1264/1247 1289/1354/1247 1322/1365/1247
f 1257/1263/1248 1224/1236/1248 1288/1356/1248 1321/1353/1248
f 1249/1342/1249 1248/1240/1249 1312/1358/1249 1313/1411/1249
f 1237/1255/1250 1269/1228/1250 1333/1412/1250 1301/1413/1250
f 1236/1227/1251 1268/1232/1251 1332/1414/1251 1300/1415/1251
f 1260/1275/1252 1227/1280/1252 1291/1364/1252 1324/1375/1252
f 1259/1279/1253 1226/1260/1253 1290/1366/1253 1323/1363/1253
f 1239/1271/1254 1271/1252/1254 1335/1362/1254 1303/1359/1254
f 1238/1251/1255 1270/1256/1255 1334/1416/1255 1302/1361/1255
f 1262/1299/1256 1229/1304/1256 1293/1374/1256 1326/1387/1256
f 1261/1303/1257 1228/1276/1257 1292/1376/1257 1325/1373/1257
f 1217/1291/1258 1249/1346/1258 1313/1417/1258 1281/1367/1258
f 1241/1295/1259 1273/1268/1259 1337/1372/1259 1305/1369/1259
f 1240/1267/1260 1272/1272/1260 1336/1360/1260 1304/1371/1260
f 1264/1319/1261 1231/1324/1261 1295/1386/1261 1328/1399/1261
f 1263/1323/1262 1230/1300/1262 1294/1388/1262 1327/1385/1262
f 1219/1311/1263 1251/1284/1263 1315/1382/1263 1283/1377/1263
f 1243/1315/1264 1275/1288/1264 1339/1384/1264 1307/1379/1264
f 1218/1283/1265 1250/1292/1265 1314/1368/1265 1282/1381/1265
f 1242/1287/1266 1274/1296/1266 1338/1370/1266 1306/1383/1266
f 1874/1352/1267 1233/1340/1267 1297/1398/1267 1875/1418/1267
f 1265/1350/1268 1232/1349/1268 1296/1419/1268 1329/1420/1268
f 1221/1220/1269 1253/1219/1269 1317/1394/1269 1285/1389/1269
f 1245/1224/1270 1277/1223/1270 1341/1396/1270 1309/1391/1270
f 1220/1306/1271 1252/1312/1271 1316/1378/1271 1284/1393/1271
f 1244/1308/1272 1276/1316/1272 1340/1380/1272 1308/1395/1272
f 1268/1232/1273 1235/1231/1273 1299/1408/1273 1332/1414/1273
f 1267/1344/1274 1234/1336/1274 1298/1410/1274 1331/1407/1274
f 1223/1244/1275 1255/1243/1275 1319/1404/1275 1287/1401/1275
f 1247/1248/1276 1279/1247/1276 1343/1406/1276 1311/1402/1276
f 1222/1326/1277 1254/1330/1277 1318/1390/1277 1286/1403/1277
f 1246/1328/1278 1278/1332/1278 1342/1392/1278 1310/1405/1278
f 1270/1256/1279 1237/1255/1279 1301/1413/1279 1334/1416/1279
f 1269/1228/1280 1236/1227/1280 1300/1415/1280 1333/1412/1280
f 542/553/1281 1054/552/1281 1736/1421/1281 1716/1422/1281
f 1716/1423/1282 1736/1424/1282 1735/1425/1282 1717/1426/1282
f 1717/1426/1283 1735/1425/1283 1734/1427/1283 1718/1428/1283
f 1718/1428/1284 1734/1427/1284 1733/1429/1284 1719/1430/1284
f 1719/1430/1285 1733/1429/1285 1732/1431/1285 1720/1432/1285
f 1720/1432/1286 1732/1431/1286 1731/1433/1286 1721/1434/1286
f 1721/1434/1287 1731/1433/1287 1730/1331/1287 1722/1327/1287
f 518/575/1288 1030/574/1288 1729/1435/1288 1709/1436/1288
f 1709/1437/1289 1729/1438/1289 1728/1439/1289 1710/1440/1289
f 1710/1440/1290 1728/1439/1290 1727/1441/1290 1711/1442/1290
f 1711/1442/1291 1727/1441/1291 1726/1443/1291 1712/1444/1291
f 1712/1444/1292 1726/1443/1292 1725/1445/1292 1713/1446/1292
f 1713/1446/1293 1725/1445/1293 1724/1447/1293 1714/1448/1293
f 1714/1448/1294 1724/1447/1294 1723/1329/1294 1715/1325/1294
f 1042/536/1295 529/535/1295 1752/1449/1295 1737/1450/1295
f 1737/1451/1296 1752/1452/1296 1751/1453/1296 1738/1454/1296
f 1738/1454/1297 1751/1453/1297 1750/1455/1297 1873/1456/1297
f 1898/1457/1298 1867/1458/1298 1749/1337/1298 1876/1351/1298
f 1043/586/1299 530/624/1299 1744/1459/1299 1760/1460/1299
f 1760/1461/1300 1744/1462/1300 1743/1463/1300 1761/1464/1300
f 1761/1464/1301 1743/1463/1301 1742/1465/1301 1762/1466/1301
f 1896/1467/1302 1897/1468/1302 1866/1469/1302 1864/1470/1302
f 1763/1471/1303 1868/1472/1303 1741/1333/1303 1764/1343/1303
f 539/621/1304 1051/530/1304 1594/1473/1304 1678/1474/1304
f 1678/1475/1305 1594/1476/1305 1593/1477/1305 1679/1478/1305
f 1679/1478/1306 1593/1477/1306 1592/1479/1306 1680/1480/1306
f 1680/1480/1307 1592/1479/1307 1591/1481/1307 1681/1482/1307
f 1681/1482/1308 1591/1481/1308 1590/1483/1308 1682/1484/1308
f 1682/1484/1309 1590/1483/1309 1589/1485/1309 1683/1486/1309
f 1683/1486/1310 1589/1485/1310 1588/1285/1310 1684/1314/1310
f 515/627/1311 1027/542/1311 1580/1487/1311 1665/1488/1311
f 1665/1489/1312 1580/1490/1312 1579/1491/1312 1666/1492/1312
f 1666/1492/1313 1579/1491/1313 1578/1493/1313 1667/1494/1313
f 1667/1494/1314 1578/1493/1314 1577/1495/1314 1668/1496/1314
f 1668/1496/1315 1577/1495/1315 1576/1497/1315 1669/1498/1315
f 1669/1498/1316 1576/1497/1316 1575/1499/1316 1670/1500/1316
f 1670/1500/1317 1575/1499/1317 1574/1281/1317 1671/1310/1317
f 540/630/1318 1052/622/1318 1691/1501/1318 1658/1502/1318
f 1658/1503/1319 1691/1504/1319 1690/1505/1319 1659/1506/1319
f 1659/1506/1320 1690/1505/1320 1689/1507/1320 1660/1508/1320
f 1660/1508/1321 1689/1507/1321 1688/1509/1321 1661/1510/1321
f 1661/1510/1322 1688/1509/1322 1687/1511/1322 1662/1512/1322
f 1662/1512/1323 1687/1511/1323 1686/1513/1323 1663/1514/1323
f 1663/1514/1324 1686/1513/1324 1685/1313/1324 1664/1307/1324
f 516/636/1325 1028/628/1325 1677/1515/1325 1651/1516/1325
f 1651/1517/1326 1677/1518/1326 1676/1519/1326 1652/1520/1326
f 1652/1520/1327 1676/1519/1327 1675/1521/1327 1653/1522/1327
f 1655/1523/1328 1674/1524/1328 1673/1525/1328 1656/1526/1328
f 1656/1526/1329 1673/1525/1329 1672/1309/1329 1657/1305/1329
f 1040/570/1330 527/569/1330 1708/1527/1330 1692/1528/1330
f 1692/1529/1331 1708/1530/1331 1707/1531/1331 1693/1532/1331
f 1693/1532/1332 1707/1531/1332 1706/1533/1332 1872/1534/1332
f 1694/1535/1333 1870/1536/1333 1705/1321/1333 1695/1318/1333
f 1041/534/1334 528/582/1334 1699/1537/1334 1745/1538/1334
f 1745/1539/1335 1699/1540/1335 1698/1541/1335 1746/1542/1335
f 1746/1542/1336 1698/1541/1336 1697/1543/1336 1869/1544/1336
f 1747/1545/1337 1871/1546/1337 1696/1348/1337 1748/1347/1337
f 537/580/1338 1049/579/1338 1524/1547/1338 1609/1548/1338
f 1609/1549/1339 1524/1550/1339 1523/1551/1339 1610/1552/1339
f 1610/1552/1340 1523/1551/1340 1522/1553/1340 1611/1554/1340
f 1611/1554/1341 1522/1553/1341 1521/1555/1341 1612/1556/1341
f 1612/1556/1342 1521/1555/1342 1520/1557/1342 1613/1558/1342
f 1613/1558/1343 1520/1557/1343 1519/1559/1343 1614/1560/1343
f 1614/1560/1344 1519/1559/1344 1518/1265/1344 1615/1294/1344
f 513/594/1345 1025/518/1345 1759/1561/1345 1595/1562/1345
f 1595/1563/1346 1759/1564/1346 1758/1565/1346 1596/1566/1346
f 1596/1566/1347 1758/1565/1347 1757/1567/1347 1597/1568/1347
f 1597/1568/1348 1757/1567/1348 1756/1569/1348 1598/1570/1348
f 1598/1570/1349 1756/1569/1349 1755/1571/1349 1599/1572/1349
f 1599/1572/1350 1755/1571/1350 1754/1573/1350 1600/1574/1350
f 1600/1574/1351 1754/1573/1351 1753/1345/1351 1601/1290/1351
f 538/529/1352 1050/528/1352 1622/1575/1352 1581/1576/1352
f 1581/1577/1353 1622/1578/1353 1621/1579/1353 1582/1580/1353
f 1582/1580/1354 1621/1579/1354 1620/1581/1354 1583/1582/1354
f 1583/1582/1355 1620/1581/1355 1619/1583/1355 1584/1584/1355
f 1584/1584/1356 1619/1583/1356 1618/1585/1356 1585/1586/1356
f 1585/1586/1357 1618/1585/1357 1617/1587/1357 1586/1588/1357
f 1586/1588/1358 1617/1587/1358 1616/1293/1358 1587/1286/1358
f 514/541/1359 1026/540/1359 1608/1589/1359 1567/1590/1359
f 1567/1591/1360 1608/1592/1360 1607/1593/1360 1568/1594/1360
f 1568/1594/1361 1607/1593/1361 1606/1595/1361 1569/1596/1361
f 1569/1596/1362 1606/1595/1362 1605/1597/1362 1570/1598/1362
f 1570/1598/1363 1605/1597/1363 1604/1599/1363 1571/1600/1363
f 1571/1600/1364 1604/1599/1364 1603/1601/1364 1572/1602/1364
f 1572/1602/1365 1603/1601/1365 1602/1289/1365 1573/1282/1365
f 1038/603/1366 525/634/1366 1650/1603/1366 1623/1604/1366
f 1623/1605/1367 1650/1606/1367 1649/1607/1367 1624/1608/1367
f 1624/1608/1368 1649/1607/1368 1648/1609/1368 1625/1610/1368
f 1625/1610/1369 1648/1609/1369 1647/1611/1369 1626/1612/1369
f 1626/1612/1370 1647/1611/1370 1646/1613/1370 1627/1614/1370
f 1627/1614/1371 1646/1613/1371 1645/1615/1371 1628/1616/1371
f 1628/1616/1372 1645/1615/1372 1644/1301/1372 1629/1298/1372
f 1039/568/1373 526/604/1373 1636/1617/1373 1700/1618/1373
f 1700/1619/1374 1636/1620/1374 1635/1621/1374 1701/1622/1374
f 1701/1622/1375 1635/1621/1375 1634/1623/1375 1702/1624/1375
f 1703/1625/1376 1631/1626/1376 1630/1297/1376 1704/1322/1376
f 535/613/1377 1047/612/1377 1468/1627/1377 1525/1628/1377
f 1525/1629/1378 1468/1630/1378 1467/1631/1378 1526/1632/1378
f 1526/1632/1379 1467/1631/1379 1466/1633/1379 1527/1634/1379
f 1527/1634/1380 1466/1633/1380 1465/1635/1380 1528/1636/1380
f 1528/1636/1381 1465/1635/1381 1464/1637/1381 1529/1638/1381
f 1529/1638/1382 1464/1637/1382 1463/1639/1382 1530/1640/1382
f 1530/1640/1383 1463/1639/1383 1462/1249/1383 1531/1270/1383
f 536/616/1384 1048/614/1384 1538/1641/1384 1511/1642/1384
f 1511/1643/1385 1538/1644/1385 1537/1645/1385 1512/1646/1385
f 1512/1646/1386 1537/1645/1386 1536/1647/1386 1513/1648/1386
f 1513/1648/1387 1536/1647/1387 1535/1649/1387 1514/1650/1387
f 1514/1650/1388 1535/1649/1388 1534/1651/1388 1515/1652/1388
f 1515/1652/1389 1534/1651/1389 1533/1653/1389 1516/1654/1389
f 1516/1654/1390 1533/1653/1390 1532/1269/1390 1517/1266/1390
f 1036/548/1391 523/547/1391 1566/1655/1391 1539/1656/1391
f 1539/1657/1392 1566/1658/1392 1565/1659/1392 1540/1660/1392
f 1540/1660/1393 1565/1659/1393 1564/1661/1393 1541/1662/1393
f 1541/1662/1394 1564/1661/1394 1563/1663/1394 1542/1664/1394
f 1542/1664/1395 1563/1663/1395 1562/1665/1395 1543/1666/1395
f 1543/1666/1396 1562/1665/1396 1561/1667/1396 1544/1668/1396
f 1544/1668/1397 1561/1667/1397 1560/1277/1397 1545/1274/1397
f 1037/564/1398 524/563/1398 1552/1669/1398 1637/1670/1398
f 1637/1671/1399 1552/1672/1399 1551/1673/1399 1638/1674/1399
f 1638/1674/1400 1551/1673/1400 1550/1675/1400 1639/1676/1400
f 1639/1676/1401 1550/1675/1401 1549/1677/1401 1640/1678/1401
f 1640/1678/1402 1549/1677/1402 1548/1679/1402 1641/1680/1402
f 1641/1680/1403 1548/1679/1403 1547/1681/1403 1642/1682/1403
f 1642/1682/1404 1547/1681/1404 1546/1273/1404 1643/1302/1404
f 533/559/1405 1045/558/1405 1386/1683/1405 1469/1684/1405
f 1469/1685/1406 1386/1686/1406 1385/1687/1406 1470/1688/1406
f 1470/1688/1407 1385/1687/1407 1384/1689/1407 1471/1690/1407
f 1471/1690/1408 1384/1689/1408 1383/1691/1408 1472/1692/1408
f 1472/1692/1409 1383/1691/1409 1382/1693/1409 1473/1694/1409
f 1473/1694/1410 1382/1693/1410 1381/1695/1410 1474/1696/1410
f 1474/1696/1411 1381/1695/1411 1380/1225/1411 1475/1254/1411
f 534/638/1412 1046/560/1412 1482/1697/1412 1455/1698/1412
f 1455/1699/1413 1482/1700/1413 1481/1701/1413 1456/1702/1413
f 1456/1702/1414 1481/1701/1414 1480/1703/1414 1457/1704/1414
f 1457/1704/1415 1480/1703/1415 1479/1705/1415 1458/1706/1415
f 1458/1706/1416 1479/1705/1416 1478/1707/1416 1459/1708/1416
f 1459/1708/1417 1478/1707/1417 1477/1709/1417 1460/1710/1417
f 1460/1710/1418 1477/1709/1418 1476/1253/1418 1461/1250/1418
f 1034/591/1419 521/618/1419 1510/1711/1419 1483/1712/1419
f 1483/1713/1420 1510/1714/1420 1509/1715/1420 1484/1716/1420
f 1484/1716/1421 1509/1715/1421 1508/1717/1421 1485/1718/1421
f 1485/1718/1422 1508/1717/1422 1507/1719/1422 1486/1720/1422
f 1486/1720/1423 1507/1719/1423 1506/1721/1423 1487/1722/1423
f 1487/1722/1424 1506/1721/1424 1505/1723/1424 1488/1724/1424
f 1488/1724/1425 1505/1723/1425 1504/1261/1425 1489/1258/1425
f 1035/546/1426 522/592/1426 1496/1725/1426 1553/1726/1426
f 1553/1727/1427 1496/1728/1427 1495/1729/1427 1554/1730/1427
f 1554/1730/1428 1495/1729/1428 1494/1731/1428 1555/1732/1428
f 1555/1732/1429 1494/1731/1429 1493/1733/1429 1556/1734/1429
f 1556/1734/1430 1493/1733/1430 1492/1735/1430 1557/1736/1430
f 1557/1736/1431 1492/1735/1431 1491/1737/1431 1558/1738/1431
f 1558/1738/1432 1491/1737/1432 1490/1257/1432 1559/1278/1432
f 531/587/1433 1043/586/1433 1760/1460/1433 1387/1739/1433
f 1387/1740/1434 1760/1461/1434 1761/1464/1434 1388/1741/1434
f 1388/1741/1435 1761/1464/1435 1762/1466/1435 1389/1742/1435
f 1390/1743/1436 1763/1471/1436 1764/1343/1436 1391/1230/1436
f 532/600/1437 1044/588/1437 1398/1744/1437 1373/1745/1437
f 1373/1746/1438 1398/1747/1438 1397/1748/1438 1374/1749/1438
f 1374/1749/1439 1397/1748/1439 1396/1750/1439 1375/1751/1439
f 1375/1751/1440 1396/1750/1440 1395/1752/1440 1376/1753/1440
f 1376/1753/1441 1395/1752/1441 1394/1754/1441 1377/1755/1441
f 1377/1755/1442 1394/1754/1442 1393/1756/1442 1378/1757/1442
f 1378/1757/1443 1393/1756/1443 1392/1229/1443 1379/1226/1443
f 1056/516/1444 543/632/1444 1454/1758/1444 1413/1759/1444
f 1413/1760/1445 1454/1761/1445 1453/1762/1445 1414/1763/1445
f 1414/1763/1446 1453/1762/1446 1452/1764/1446 1415/1765/1446
f 1415/1765/1447 1452/1764/1447 1451/1766/1447 1416/1767/1447
f 1416/1767/1448 1451/1766/1448 1450/1768/1448 1417/1769/1448
f 1417/1769/1449 1450/1768/1449 1449/1770/1449 1418/1771/1449
f 1418/1771/1450 1449/1770/1450 1448/1245/1450 1419/1238/1450
f 1032/522/1451 519/640/1451 1440/1772/1451 1399/1773/1451
f 1399/1774/1452 1440/1775/1452 1439/1776/1452 1400/1777/1452
f 1400/1777/1453 1439/1776/1453 1438/1778/1453 1401/1779/1453
f 1401/1779/1454 1438/1778/1454 1437/1780/1454 1402/1781/1454
f 1402/1781/1455 1437/1780/1455 1436/1782/1455 1403/1783/1455
f 1403/1783/1456 1436/1782/1456 1435/1784/1456 1404/1785/1456
f 1404/1785/1457 1435/1784/1457 1434/1241/1457 1405/1234/1457
f 1025/518/1458 544/517/1458 1426/1786/1458 1759/1561/1458
f 1759/1787/1459 1426/1788/1459 1425/1789/1459 1758/1790/1459
f 1758/1790/1460 1425/1789/1460 1424/1791/1460 1757/1792/1460
f 1757/1792/1461 1424/1791/1461 1423/1793/1461 1756/1794/1461
f 1756/1794/1462 1423/1793/1462 1422/1795/1462 1755/1796/1462
f 1755/1796/1463 1422/1795/1463 1421/1797/1463 1754/1798/1463
f 1754/1798/1464 1421/1797/1464 1420/1237/1464 1753/1341/1464
f 1033/524/1465 520/523/1465 1412/1799/1465 1497/1800/1465
f 1497/1801/1466 1412/1802/1466 1411/1803/1466 1498/1804/1466
f 1498/1804/1467 1411/1803/1467 1410/1805/1467 1499/1806/1467
f 1499/1806/1468 1410/1805/1468 1409/1807/1468 1500/1808/1468
f 1500/1808/1469 1409/1807/1469 1408/1809/1469 1501/1810/1469
f 1501/1810/1470 1408/1809/1470 1407/1811/1470 1502/1812/1470
f 1502/1812/1471 1407/1811/1471 1406/1233/1471 1503/1262/1471
f 529/535/1472 1041/534/1472 1745/1538/1472 1752/1449/1472
f 1752/1452/1473 1745/1813/1473 1746/1814/1473 1751/1453/1473
f 1751/1453/1474 1746/1814/1474 1869/1815/1474 1750/1455/1474
f 1867/1458/1475 1747/1816/1475 1748/1338/1475 1749/1337/1475
f 530/624/1476 1042/536/1476 1737/1450/1476 1744/1459/1476
f 1744/1462/1477 1737/1451/1477 1738/1454/1477 1743/1463/1477
f 1743/1463/1478 1738/1454/1478 1873/1456/1478 1742/1465/1478
f 1868/1472/1479 1739/1817/1479 1740/1334/1479 1741/1333/1479
f 1054/552/1480 541/598/1480 1372/1818/1480 1736/1421/1480
f 1736/1424/1481 1372/1819/1481 1371/1820/1481 1735/1425/1481
f 1735/1425/1482 1371/1820/1482 1370/1821/1482 1734/1427/1482
f 1734/1427/1483 1370/1821/1483 1369/1822/1483 1733/1429/1483
f 1733/1429/1484 1369/1822/1484 1368/1823/1484 1732/1431/1484
f 1732/1431/1485 1368/1823/1485 1367/1824/1485 1731/1433/1485
f 1731/1433/1486 1367/1824/1486 1366/1221/1486 1730/1331/1486
f 1030/574/1487 517/608/1487 1358/1825/1487 1729/1435/1487
f 1729/1438/1488 1358/1826/1488 1357/1827/1488 1728/1439/1488
f 1728/1439/1489 1357/1827/1489 1356/1828/1489 1727/1441/1489
f 1727/1441/1490 1356/1828/1490 1355/1829/1490 1726/1443/1490
f 1726/1443/1491 1355/1829/1491 1354/1830/1491 1725/1445/1491
f 1725/1445/1492 1354/1830/1492 1353/1831/1492 1724/1447/1492
f 1724/1447/1493 1353/1831/1493 1352/1217/1493 1723/1329/1493
f 1055/554/1494 542/553/1494 1716/1422/1494 1441/1832/1494
f 1441/1833/1495 1716/1423/1495 1717/1426/1495 1442/1834/1495
f 1442/1834/1496 1717/1426/1496 1718/1428/1496 1443/1835/1496
f 1443/1835/1497 1718/1428/1497 1719/1430/1497 1444/1836/1497
f 1444/1836/1498 1719/1430/1498 1720/1432/1498 1445/1837/1498
f 1445/1837/1499 1720/1432/1499 1721/1434/1499 1446/1838/1499
f 1446/1838/1500 1721/1434/1500 1722/1327/1500 1447/1246/1500
f 1031/576/1501 518/575/1501 1709/1436/1501 1427/1839/1501
f 1427/1840/1502 1709/1437/1502 1710/1440/1502 1428/1841/1502
f 1428/1841/1503 1710/1440/1503 1711/1442/1503 1429/1842/1503
f 1429/1842/1504 1711/1442/1504 1712/1444/1504 1430/1843/1504
f 1430/1843/1505 1712/1444/1505 1713/1446/1505 1431/1844/1505
f 1431/1844/1506 1713/1446/1506 1714/1448/1506 1432/1845/1506
f 1432/1845/1507 1714/1448/1507 1715/1325/1507 1433/1242/1507
f 527/569/1508 1039/568/1508 1700/1618/1508 1708/1527/1508
f 1708/1530/1509 1700/1619/1509 1701/1622/1509 1707/1531/1509
f 1707/1531/1510 1701/1622/1510 1702/1624/1510 1706/1533/1510
f 1870/1536/1511 1703/1625/1511 1704/1322/1511 1705/1321/1511
f 528/582/1512 1040/570/1512 1692/1528/1512 1699/1537/1512
f 1699/1540/1513 1692/1529/1513 1693/1532/1513 1698/1541/1513
f 1698/1541/1514 1693/1532/1514 1872/1534/1514 1697/1543/1514
f 1923/1846/1515 1694/1535/1515 1695/1318/1515 1901/1317/1515
f 1052/622/1516 539/621/1516 1678/1474/1516 1691/1501/1516
f 1691/1504/1517 1678/1475/1517 1679/1478/1517 1690/1505/1517
f 1690/1505/1518 1679/1478/1518 1680/1480/1518 1689/1507/1518
f 1689/1507/1519 1680/1480/1519 1681/1482/1519 1688/1509/1519
f 1688/1509/1520 1681/1482/1520 1682/1484/1520 1687/1511/1520
f 1687/1511/1521 1682/1484/1521 1683/1486/1521 1686/1513/1521
f 1686/1513/1522 1683/1486/1522 1684/1314/1522 1685/1313/1522
f 1028/628/1523 515/627/1523 1665/1488/1523 1677/1515/1523
f 1677/1518/1524 1665/1489/1524 1666/1492/1524 1676/1519/1524
f 1676/1519/1525 1666/1492/1525 1667/1494/1525 1675/1521/1525
f 1674/1524/1526 1669/1498/1526 1670/1500/1526 1673/1525/1526
f 1673/1525/1527 1670/1500/1527 1671/1310/1527 1672/1309/1527
f 1053/597/1528 540/630/1528 1658/1502/1528 1359/1847/1528
f 1359/1848/1529 1658/1503/1529 1659/1506/1529 1360/1849/1529
f 1360/1849/1530 1659/1506/1530 1660/1508/1530 1361/1850/1530
f 1361/1850/1531 1660/1508/1531 1661/1510/1531 1362/1851/1531
f 1362/1851/1532 1661/1510/1532 1662/1512/1532 1363/1852/1532
f 1363/1852/1533 1662/1512/1533 1663/1514/1533 1364/1853/1533
f 1364/1853/1534 1663/1514/1534 1664/1307/1534 1365/1222/1534
f 1029/607/1535 516/636/1535 1651/1516/1535 1345/1854/1535
f 1345/1855/1536 1651/1517/1536 1652/1520/1536 1346/1856/1536
f 1346/1856/1537 1652/1520/1537 1653/1522/1537 1347/1857/1537
f 1347/1857/1538 1653/1522/1538 1654/1858/1538 1348/1859/1538
f 1348/1859/1539 1654/1858/1539 1655/1523/1539 1349/1860/1539
f 1349/1860/1540 1655/1523/1540 1656/1526/1540 1350/1861/1540
f 1350/1861/1541 1656/1526/1541 1657/1305/1541 1351/1218/1541
f 525/634/1542 1037/564/1542 1637/1670/1542 1650/1603/1542
f 1650/1606/1543 1637/1671/1543 1638/1674/1543 1649/1607/1543
f 1649/1607/1544 1638/1674/1544 1639/1676/1544 1648/1609/1544
f 1648/1609/1545 1639/1676/1545 1640/1678/1545 1647/1611/1545
f 1647/1611/1546 1640/1678/1546 1641/1680/1546 1646/1613/1546
f 1646/1613/1547 1641/1680/1547 1642/1682/1547 1645/1615/1547
f 1645/1615/1548 1642/1682/1548 1643/1302/1548 1644/1301/1548
f 526/604/1549 1038/603/1549 1623/1604/1549 1636/1617/1549
f 1636/1620/1550 1623/1605/1550 1624/1608/1550 1635/1621/1550
f 1635/1621/1551 1624/1608/1551 1625/1610/1551 1634/1623/1551
f 1634/1623/1552 1625/1610/1552 1626/1612/1552 1633/1862/1552
f 1633/1862/1553 1626/1612/1553 1627/1614/1553 1632/1863/1553
f 1632/1863/1554 1627/1614/1554 1628/1616/1554 1631/1626/1554
f 1631/1626/1555 1628/1616/1555 1629/1298/1555 1630/1297/1555
f 1050/528/1556 537/580/1556 1609/1548/1556 1622/1575/1556
f 1622/1578/1557 1609/1549/1557 1610/1552/1557 1621/1579/1557
f 1621/1579/1558 1610/1552/1558 1611/1554/1558 1620/1581/1558
f 1620/1581/1559 1611/1554/1559 1612/1556/1559 1619/1583/1559
f 1619/1583/1560 1612/1556/1560 1613/1558/1560 1618/1585/1560
f 1618/1585/1561 1613/1558/1561 1614/1560/1561 1617/1587/1561
f 1617/1587/1562 1614/1560/1562 1615/1294/1562 1616/1293/1562
f 1026/540/1563 513/594/1563 1595/1562/1563 1608/1589/1563
f 1608/1592/1564 1595/1563/1564 1596/1566/1564 1607/1593/1564
f 1607/1593/1565 1596/1566/1565 1597/1568/1565 1606/1595/1565
f 1606/1595/1566 1597/1568/1566 1598/1570/1566 1605/1597/1566
f 1605/1597/1567 1598/1570/1567 1599/1572/1567 1604/1599/1567
f 1604/1599/1568 1599/1572/1568 1600/1574/1568 1603/1601/1568
f 1603/1601/1569 1600/1574/1569 1601/1290/1569 1602/1289/1569
f 1051/530/1570 538/529/1570 1581/1576/1570 1594/1473/1570
f 1594/1476/1571 1581/1577/1571 1582/1580/1571 1593/1477/1571
f 1593/1477/1572 1582/1580/1572 1583/1582/1572 1592/1479/1572
f 1592/1479/1573 1583/1582/1573 1584/1584/1573 1591/1481/1573
f 1591/1481/1574 1584/1584/1574 1585/1586/1574 1590/1483/1574
f 1590/1483/1575 1585/1586/1575 1586/1588/1575 1589/1485/1575
f 1589/1485/1576 1586/1588/1576 1587/1286/1576 1588/1285/1576
f 1027/542/1577 514/541/1577 1567/1590/1577 1580/1487/1577
f 1580/1490/1578 1567/1591/1578 1568/1594/1578 1579/1491/1578
f 1579/1491/1579 1568/1594/1579 1569/1596/1579 1578/1493/1579
f 1578/1493/1580 1569/1596/1580 1570/1598/1580 1577/1495/1580
f 1577/1495/1581 1570/1598/1581 1571/1600/1581 1576/1497/1581
f 1576/1497/1582 1571/1600/1582 1572/1602/1582 1575/1499/1582
f 1575/1499/1583 1572/1602/1583 1573/1282/1583 1574/1281/1583
f 523/547/1584 1035/546/1584 1553/1726/1584 1566/1655/1584
f 1566/1658/1585 1553/1727/1585 1554/1730/1585 1565/1659/1585
f 1565/1659/1586 1554/1730/1586 1555/1732/1586 1564/1661/1586
f 1564/1661/1587 1555/1732/1587 1556/1734/1587 1563/1663/1587
f 1563/1663/1588 1556/1734/1588 1557/1736/1588 1562/1665/1588
f 1562/1665/1589 1557/1736/1589 1558/1738/1589 1561/1667/1589
f 1561/1667/1590 1558/1738/1590 1559/1278/1590 1560/1277/1590
f 524/563/1591 1036/548/1591 1539/1656/1591 1552/1669/1591
f 1552/1672/1592 1539/1657/1592 1540/1660/1592 1551/1673/1592
f 1551/1673/1593 1540/1660/1593 1541/1662/1593 1550/1675/1593
f 1550/1675/1594 1541/1662/1594 1542/1664/1594 1549/1677/1594
f 1549/1677/1595 1542/1664/1595 1543/1666/1595 1548/1679/1595
f 1548/1679/1596 1543/1666/1596 1544/1668/1596 1547/1681/1596
f 1547/1681/1597 1544/1668/1597 1545/1274/1597 1546/1273/1597
f 1048/614/1598 535/613/1598 1525/1628/1598 1538/1641/1598
f 1538/1644/1599 1525/1629/1599 1526/1632/1599 1537/1645/1599
f 1537/1645/1600 1526/1632/1600 1527/1634/1600 1536/1647/1600
f 1536/1647/1601 1527/1634/1601 1528/1636/1601 1535/1649/1601
f 1535/1649/1602 1528/1636/1602 1529/1638/1602 1534/1651/1602
f 1534/1651/1603 1529/1638/1603 1530/1640/1603 1533/1653/1603
f 1533/1653/1604 1530/1640/1604 1531/1270/1604 1532/1269/1604
f 1049/579/1605 536/616/1605 1511/1642/1605 1524/1547/1605
f 1524/1550/1606 1511/1643/1606 1512/1646/1606 1523/1551/1606
f 1523/1551/1607 1512/1646/1607 1513/1648/1607 1522/1553/1607
f 1522/1553/1608 1513/1648/1608 1514/1650/1608 1521/1555/1608
f 1521/1555/1609 1514/1650/1609 1515/1652/1609 1520/1557/1609
f 1520/1557/1610 1515/1652/1610 1516/1654/1610 1519/1559/1610
f 1519/1559/1611 1516/1654/1611 1517/1266/1611 1518/1265/1611
f 521/618/1612 1033/524/1612 1497/1800/1612 1510/1711/1612
f 1510/1714/1613 1497/1801/1613 1498/1804/1613 1509/1715/1613
f 1509/1715/1614 1498/1804/1614 1499/1806/1614 1508/1717/1614
f 1508/1717/1615 1499/1806/1615 1500/1808/1615 1507/1719/1615
f 1507/1719/1616 1500/1808/1616 1501/1810/1616 1506/1721/1616
f 1506/1721/1617 1501/1810/1617 1502/1812/1617 1505/1723/1617
f 1505/1723/1618 1502/1812/1618 1503/1262/1618 1504/1261/1618
f 522/592/1619 1034/591/1619 1483/1712/1619 1496/1725/1619
f 1496/1728/1620 1483/1713/1620 1484/1716/1620 1495/1729/1620
f 1495/1729/1621 1484/1716/1621 1485/1718/1621 1494/1731/1621
f 1494/1731/1622 1485/1718/1622 1486/1720/1622 1493/1733/1622
f 1493/1733/1623 1486/1720/1623 1487/1722/1623 1492/1735/1623
f 1492/1735/1624 1487/1722/1624 1488/1724/1624 1491/1737/1624
f 1491/1737/1625 1488/1724/1625 1489/1258/1625 1490/1257/1625
f 1046/560/1626 533/559/1626 1469/1684/1626 1482/1697/1626
f 1482/1700/1627 1469/1685/1627 1470/1688/1627 1481/1701/1627
f 1481/1701/1628 1470/1688/1628 1471/1690/1628 1480/1703/1628
f 1480/1703/1629 1471/1690/1629 1472/1692/1629 1479/1705/1629
f 1479/1705/1630 1472/1692/1630 1473/1694/1630 1478/1707/1630
f 1478/1707/1631 1473/1694/1631 1474/1696/1631 1477/1709/1631
f 1477/1709/1632 1474/1696/1632 1475/1254/1632 1476/1253/1632
f 1047/612/1633 534/638/1633 1455/1698/1633 1468/1627/1633
f 1468/1630/1634 1455/1699/1634 1456/1702/1634 1467/1631/1634
f 1467/1631/1635 1456/1702/1635 1457/1704/1635 1466/1633/1635
f 1466/1633/1636 1457/1704/1636 1458/1706/1636 1465/1635/1636
f 1465/1635/1637 1458/1706/1637 1459/1708/1637 1464/1637/1637
f 1464/1637/1638 1459/1708/1638 1460/1710/1638 1463/1639/1638
f 1463/1639/1639 1460/1710/1639 1461/1250/1639 1462/1249/1639
f 543/632/1640 1055/554/1640 1441/1832/1640 1454/1758/1640
f 1454/1761/1641 1441/1833/1641 1442/1834/1641 1453/1762/1641
f 1453/1762/1642 1442/1834/1642 1443/1835/1642 1452/1764/1642
f 1452/1764/1643 1443/1835/1643 1444/1836/1643 1451/1766/1643
f 1451/1766/1644 1444/1836/1644 1445/1837/1644 1450/1768/1644
f 1450/1768/1645 1445/1837/1645 1446/1838/1645 1449/1770/1645
f 1449/1770/1646 1446/1838/1646 1447/1246/1646 1448/1245/1646
f 519/640/1647 1031/576/1647 1427/1839/1647 1440/1772/1647
f 1440/1775/1648 1427/1840/1648 1428/1841/1648 1439/1776/1648
f 1439/1776/1649 1428/1841/1649 1429/1842/1649 1438/1778/1649
f 1438/1778/1650 1429/1842/1650 1430/1843/1650 1437/1780/1650
f 1437/1780/1651 1430/1843/1651 1431/1844/1651 1436/1782/1651
f 1436/1782/1652 1431/1844/1652 1432/1845/1652 1435/1784/1652
f 1435/1784/1653 1432/1845/1653 1433/1242/1653 1434/1241/1653
f 544/517/1654 1056/516/1654 1413/1759/1654 1426/1786/1654
f 1426/1788/1655 1413/1760/1655 1414/1763/1655 1425/1789/1655
f 1425/1789/1656 1414/1763/1656 1415/1765/1656 1424/1791/1656
f 1424/1791/1657 1415/1765/1657 1416/1767/1657 1423/1793/1657
f 1423/1793/1658 1416/1767/1658 1417/1769/1658 1422/1795/1658
f 1422/1795/1659 1417/1769/1659 1418/1771/1659 1421/1797/1659
f 1421/1797/1660 1418/1771/1660 1419/1238/1660 1420/1237/1660
f 520/523/1661 1032/522/1661 1399/1773/1661 1412/1799/1661
f 1412/1802/1662 1399/1774/1662 1400/1777/1662 1411/1803/1662
f 1411/1803/1663 1400/1777/1663 1401/1779/1663 1410/1805/1663
f 1410/1805/1664 1401/1779/1664 1402/1781/1664 1409/1807/1664
f 1409/1807/1665 1402/1781/1665 1403/1783/1665 1408/1809/1665
f 1408/1809/1666 1403/1783/1666 1404/1785/1666 1407/1811/1666
f 1407/1811/1667 1404/1785/1667 1405/1234/1667 1406/1233/1667
f 1044/588/1668 531/587/1668 1387/1739/1668 1398/1744/1668
f 1398/1747/1669 1387/1740/1669 1388/1741/1669 1397/1748/1669
f 1397/1748/1670 1388/1741/1670 1389/1742/1670 1396/1750/1670
f 1393/1756/1671 1390/1743/1671 1391/1230/1671 1392/1229/1671
f 1045/558/1672 532/600/1672 1373/1745/1672 1386/1683/1672
f 1386/1686/1673 1373/1746/1673 1374/1749/1673 1385/1687/1673
f 1385/1687/1674 1374/1749/1674 1375/1751/1674 1384/1689/1674
f 1384/1689/1675 1375/1751/1675 1376/1753/1675 1383/1691/1675
f 1383/1691/1676 1376/1753/1676 1377/1755/1676 1382/1693/1676
f 1382/1693/1677 1377/1755/1677 1378/1757/1677 1381/1695/1677
f 1381/1695/1678 1378/1757/1678 1379/1226/1678 1380/1225/1678
f 541/598/1679 1053/597/1679 1359/1847/1679 1372/1818/1679
f 1372/1819/1680 1359/1848/1680 1360/1849/1680 1371/1820/1680
f 1371/1820/1681 1360/1849/1681 1361/1850/1681 1370/1821/1681
f 1370/1821/1682 1361/1850/1682 1362/1851/1682 1369/1822/1682
f 1369/1822/1683 1362/1851/1683 1363/1852/1683 1368/1823/1683
f 1368/1823/1684 1363/1852/1684 1364/1853/1684 1367/1824/1684
f 1367/1824/1685 1364/1853/1685 1365/1222/1685 1366/1221/1685
f 517/608/1686 1029/607/1686 1345/1854/1686 1358/1825/1686
f 1358/1826/1687 1345/1855/1687 1346/1856/1687 1357/1827/1687
f 1357/1827/1688 1346/1856/1688 1347/1857/1688 1356/1828/1688
f 1356/1828/1689 1347/1857/1689 1348/1859/1689 1355/1829/1689
f 1355/1829/1690 1348/1859/1690 1349/1860/1690 1354/1830/1690
f 1354/1830/1691 1349/1860/1691 1350/1861/1691 1353/1831/1691
f 1353/1831/1692 1350/1861/1692 1351/1218/1692 1352/1217/1692
f 1769/1864/1693 1774/1865/1693 1337/1372/1693 1304/1371/1693
f 1779/1866/1694 1769/1864/1694 1304/1371/1694 1336/1360/1694
f 1784/1867/1695 1779/1866/1695 1336/1360/1695 1303/1359/1695
f 1789/1868/1696 1784/1867/1696 1303/1359/1696 1335/1362/1696
f 1794/1869/1697 1789/1868/1697 1335/1362/1697 1302/1361/1697
f 1799/1870/1698 1794/1869/1698 1302/1361/1698 1334/1416/1698
f 1804/1871/1699 1799/1870/1699 1334/1416/1699 1301/1413/1699
f 1809/1872/1700 1804/1871/1700 1301/1413/1700 1333/1412/1700
f 1814/1873/1701 1809/1872/1701 1333/1412/1701 1300/1415/1701
f 1819/1874/1702 1814/1873/1702 1300/1415/1702 1332/1414/1702
f 1824/1875/1703 1819/1874/1703 1332/1414/1703 1299/1408/1703
f 1829/1876/1704 1824/1875/1704 1299/1408/1704 1331/1407/1704
f 1296/1419/1705 1826/1877/1705 1827/1878/1705 1329/1420/1705
f 1774/1865/1706 1834/1879/1706 1305/1369/1706 1337/1372/1706
f 1834/1879/1707 1839/1880/1707 1338/1370/1707 1305/1369/1707
f 1839/1880/1708 1844/1881/1708 1306/1383/1708 1338/1370/1708
f 1844/1881/1709 1849/1882/1709 1339/1384/1709 1306/1383/1709
f 1849/1882/1710 1854/1883/1710 1307/1379/1710 1339/1384/1710
f 1854/1883/1711 1859/1884/1711 1340/1380/1711 1307/1379/1711
f 1859/1884/1712 1864/1470/1712 1308/1395/1712 1340/1380/1712
f 1864/1470/1713 1866/1469/1713 1341/1396/1713 1308/1395/1713
f 1285/1389/1714 1317/1394/1714 1865/1885/1714 1860/1886/1714
f 1862/1887/1715 1313/1411/1715 1312/1358/1715 1863/1888/1715
f 1921/1889/1716 1922/1890/1716 1281/1367/1716 1861/1891/1716
f 1861/1891/1717 1281/1367/1717 1313/1417/1717 1862/1892/1717
f 1318/1390/1718 1285/1389/1718 1860/1886/1718 1855/1893/1718
f 1920/1894/1719 1921/1889/1719 1861/1891/1719 1856/1895/1719
f 1856/1895/1720 1861/1891/1720 1862/1892/1720 1857/1896/1720
f 1857/1897/1721 1862/1887/1721 1863/1888/1721 1858/1898/1721
f 1895/1899/1722 1896/1467/1722 1864/1470/1722 1859/1884/1722
f 1286/1403/1723 1318/1390/1723 1855/1893/1723 1850/1900/1723
f 1919/1901/1724 1920/1894/1724 1856/1895/1724 1851/1902/1724
f 1851/1902/1725 1856/1895/1725 1857/1896/1725 1852/1903/1725
f 1852/1904/1726 1857/1897/1726 1858/1898/1726 1853/1905/1726
f 1894/1906/1727 1895/1899/1727 1859/1884/1727 1854/1883/1727
f 1319/1404/1728 1286/1403/1728 1850/1900/1728 1845/1907/1728
f 1918/1908/1729 1919/1901/1729 1851/1902/1729 1846/1909/1729
f 1846/1909/1730 1851/1902/1730 1852/1903/1730 1847/1910/1730
f 1847/1911/1731 1852/1904/1731 1853/1905/1731 1848/1912/1731
f 1893/1913/1732 1894/1906/1732 1854/1883/1732 1849/1882/1732
f 1287/1401/1733 1319/1404/1733 1845/1907/1733 1840/1914/1733
f 1917/1915/1734 1918/1908/1734 1846/1909/1734 1841/1916/1734
f 1841/1916/1735 1846/1909/1735 1847/1910/1735 1842/1917/1735
f 1842/1918/1736 1847/1911/1736 1848/1912/1736 1843/1919/1736
f 1892/1920/1737 1893/1913/1737 1849/1882/1737 1844/1881/1737
f 1320/1355/1738 1287/1401/1738 1840/1914/1738 1835/1921/1738
f 1916/1922/1739 1917/1915/1739 1841/1916/1739 1836/1923/1739
f 1836/1923/1740 1841/1916/1740 1842/1917/1740 1837/1924/1740
f 1837/1925/1741 1842/1918/1741 1843/1919/1741 1838/1926/1741
f 1891/1927/1742 1892/1920/1742 1844/1881/1742 1839/1880/1742
f 1288/1356/1743 1320/1355/1743 1835/1921/1743 1830/1928/1743
f 1915/1929/1744 1916/1922/1744 1836/1923/1744 1831/1930/1744
f 1831/1930/1745 1836/1923/1745 1837/1924/1745 1832/1931/1745
f 1832/1932/1746 1837/1925/1746 1838/1926/1746 1833/1933/1746
f 1890/1934/1747 1891/1927/1747 1839/1880/1747 1834/1879/1747
f 1321/1353/1748 1288/1356/1748 1830/1928/1748 1770/1935/1748
f 1903/1936/1749 1915/1929/1749 1831/1930/1749 1771/1937/1749
f 1771/1937/1750 1831/1930/1750 1832/1931/1750 1772/1938/1750
f 1772/1939/1751 1832/1932/1751 1833/1933/1751 1773/1940/1751
f 1878/1941/1752 1890/1934/1752 1834/1879/1752 1774/1865/1752
f 1900/1400/1753 1914/1942/1753 1826/1877/1753 1296/1419/1753
f 1329/1397/1754 1827/1943/1754 1828/1944/1754 1297/1398/1754
f 1875/1418/1755 1889/1945/1755 1829/1876/1755 1330/1409/1755
f 1327/1385/1756 1294/1388/1756 1820/1946/1756 1825/1947/1756
f 1914/1942/1757 1913/1948/1757 1821/1949/1757 1826/1877/1757
f 1826/1877/1758 1821/1949/1758 1822/1950/1758 1827/1878/1758
f 1827/1943/1759 1822/1951/1759 1823/1952/1759 1828/1944/1759
f 1889/1945/1760 1888/1953/1760 1824/1875/1760 1829/1876/1760
f 1294/1388/1761 1326/1387/1761 1815/1954/1761 1820/1946/1761
f 1913/1948/1762 1912/1955/1762 1816/1956/1762 1821/1949/1762
f 1821/1949/1763 1816/1956/1763 1817/1957/1763 1822/1950/1763
f 1822/1951/1764 1817/1958/1764 1818/1959/1764 1823/1952/1764
f 1888/1953/1765 1887/1960/1765 1819/1874/1765 1824/1875/1765
f 1326/1387/1766 1293/1374/1766 1810/1961/1766 1815/1954/1766
f 1912/1955/1767 1911/1962/1767 1811/1963/1767 1816/1956/1767
f 1816/1956/1768 1811/1963/1768 1812/1964/1768 1817/1957/1768
f 1817/1958/1769 1812/1965/1769 1813/1966/1769 1818/1959/1769
f 1887/1960/1770 1886/1967/1770 1814/1873/1770 1819/1874/1770
f 1293/1374/1771 1325/1373/1771 1805/1968/1771 1810/1961/1771
f 1911/1962/1772 1910/1969/1772 1806/1970/1772 1811/1963/1772
f 1811/1963/1773 1806/1970/1773 1807/1971/1773 1812/1964/1773
f 1812/1965/1774 1807/1972/1774 1808/1973/1774 1813/1966/1774
f 1886/1967/1775 1885/1974/1775 1809/1872/1775 1814/1873/1775
f 1325/1373/1776 1292/1376/1776 1800/1975/1776 1805/1968/1776
f 1910/1969/1777 1909/1976/1777 1801/1977/1777 1806/1970/1777
f 1806/1970/1778 1801/1977/1778 1802/1978/1778 1807/1971/1778
f 1807/1972/1779 1802/1979/1779 1803/1980/1779 1808/1973/1779
f 1885/1974/1780 1884/1981/1780 1804/1871/1780 1809/1872/1780
f 1292/1376/1781 1324/1375/1781 1795/1982/1781 1800/1975/1781
f 1909/1976/1782 1908/1983/1782 1796/1984/1782 1801/1977/1782
f 1801/1977/1783 1796/1984/1783 1797/1985/1783 1802/1978/1783
f 1802/1979/1784 1797/1986/1784 1798/1987/1784 1803/1980/1784
f 1884/1981/1785 1883/1988/1785 1799/1870/1785 1804/1871/1785
f 1324/1375/1786 1291/1364/1786 1790/1989/1786 1795/1982/1786
f 1908/1983/1787 1907/1990/1787 1791/1991/1787 1796/1984/1787
f 1796/1984/1788 1791/1991/1788 1792/1992/1788 1797/1985/1788
f 1797/1986/1789 1792/1993/1789 1793/1994/1789 1798/1987/1789
f 1883/1988/1790 1882/1995/1790 1794/1869/1790 1799/1870/1790
f 1291/1364/1791 1323/1363/1791 1785/1996/1791 1790/1989/1791
f 1907/1990/1792 1906/1997/1792 1786/1998/1792 1791/1991/1792
f 1791/1991/1793 1786/1998/1793 1787/1999/1793 1792/1992/1793
f 1792/1993/1794 1787/2000/1794 1788/2001/1794 1793/1994/1794
f 1882/1995/1795 1881/2002/1795 1789/1868/1795 1794/1869/1795
f 1323/1363/1796 1290/1366/1796 1780/2003/1796 1785/1996/1796
f 1906/1997/1797 1905/2004/1797 1781/2005/1797 1786/1998/1797
f 1786/1998/1798 1781/2005/1798 1782/2006/1798 1787/1999/1798
f 1787/2000/1799 1782/2007/1799 1783/2008/1799 1788/2001/1799
f 1881/2002/1800 1880/2009/1800 1784/1867/1800 1789/1868/1800
f 1290/1366/1801 1322/1365/1801 1775/2010/1801 1780/2003/1801
f 1905/2004/1802 1904/2011/1802 1776/2012/1802 1781/2005/1802
f 1781/2005/1803 1776/2012/1803 1777/2013/1803 1782/2006/1803
f 1782/2007/1804 1777/2014/1804 1778/2015/1804 1783/2008/1804
f 1880/2009/1805 1879/2016/1805 1779/1866/1805 1784/1867/1805
f 1322/1365/1806 1289/1354/1806 1765/2017/1806 1775/2010/1806
f 1904/2011/1807 1902/2018/1807 1766/2019/1807 1776/2012/1807
f 1776/2012/1808 1766/2019/1808 1767/2020/1808 1777/2013/1808
f 1777/2014/1809 1767/2021/1809 1768/2022/1809 1778/2015/1809
f 1879/2016/1810 1877/2023/1810 1769/1864/1810 1779/1866/1810
f 1289/1354/1811 1321/1353/1811 1770/1935/1811 1765/2017/1811
f 1902/2018/1812 1903/1936/1812 1771/1937/1812 1766/2019/1812
f 1766/2019/1813 1771/1937/1813 1772/1938/1813 1767/2020/1813
f 1767/2021/1814 1772/1939/1814 1773/1940/1814 1768/2022/1814
f 1877/2023/1815 1878/1941/1815 1774/1865/1815 1769/1864/1815
f 1295/1386/1816 1327/1385/1816 1825/1947/1816 1328/1399/1816
f 1330/1409/1817 1829/1876/1817 1331/1407/1817 1298/1410/1817
f 1309/1391/1818 1341/1396/1818 1866/1469/1818 1342/1392/1818
f 1317/1394/1819 1284/1393/1819 1316/1378/1819 1865/1885/1819
f 1768/2022/1820 1773/1940/1820 1878/1941/1820 1877/2023/1820
f 1778/2015/1821 1768/2022/1821 1877/2023/1821 1879/2016/1821
f 1783/2008/1822 1778/2015/1822 1879/2016/1822 1880/2009/1822
f 1788/2001/1823 1783/2008/1823 1880/2009/1823 1881/2002/1823
f 1793/1994/1824 1788/2001/1824 1881/2002/1824 1882/1995/1824
f 1798/1987/1825 1793/1994/1825 1882/1995/1825 1883/1988/1825
f 1803/1980/1826 1798/1987/1826 1883/1988/1826 1884/1981/1826
f 1808/1973/1827 1803/1980/1827 1884/1981/1827 1885/1974/1827
f 1813/1966/1828 1808/1973/1828 1885/1974/1828 1886/1967/1828
f 1818/1959/1829 1813/1966/1829 1886/1967/1829 1887/1960/1829
f 1823/1952/1830 1818/1959/1830 1887/1960/1830 1888/1953/1830
f 1828/1944/1831 1823/1952/1831 1888/1953/1831 1889/1945/1831
f 1297/1398/1832 1828/1944/1832 1889/1945/1832 1875/1418/1832
f 1773/1940/1833 1833/1933/1833 1890/1934/1833 1878/1941/1833
f 1833/1933/1834 1838/1926/1834 1891/1927/1834 1890/1934/1834
f 1838/1926/1835 1843/1919/1835 1892/1920/1835 1891/1927/1835
f 1843/1919/1836 1848/1912/1836 1893/1913/1836 1892/1920/1836
f 1848/1912/1837 1853/1905/1837 1894/1906/1837 1893/1913/1837
f 1853/1905/1838 1858/1898/1838 1895/1899/1838 1894/1906/1838
f 1858/1898/1839 1863/1888/1839 1896/1467/1839 1895/1899/1839
f 1863/1888/1840 1312/1358/1840 1897/1468/1840 1896/1467/1840
f 1739/1817/1841 1898/1457/1841 1876/1351/1841 1740/1334/1841
f 1266/1335/1842 1874/1352/1842 1875/1418/1842 1330/1409/1842
f 1740/1334/1843 1876/1351/1843 1874/1352/1843 1266/1335/1843
f 1342/1392/1844 1866/1469/1844 1897/1468/1844 1310/1405/1844
f 1311/1402/1845 1897/1468/1845 1312/1358/1845 1344/1357/1845
f 1310/1405/1846 1897/1468/1846 1311/1402/1846 1343/1406/1846
f 1765/2017/1847 1770/1935/1847 1903/1936/1847 1902/2018/1847
f 1775/2010/1848 1765/2017/1848 1902/2018/1848 1904/2011/1848
f 1780/2003/1849 1775/2010/1849 1904/2011/1849 1905/2004/1849
f 1785/1996/1850 1780/2003/1850 1905/2004/1850 1906/1997/1850
f 1790/1989/1851 1785/1996/1851 1906/1997/1851 1907/1990/1851
f 1795/1982/1852 1790/1989/1852 1907/1990/1852 1908/1983/1852
f 1800/1975/1853 1795/1982/1853 1908/1983/1853 1909/1976/1853
f 1805/1968/1854 1800/1975/1854 1909/1976/1854 1910/1969/1854
f 1810/1961/1855 1805/1968/1855 1910/1969/1855 1911/1962/1855
f 1815/1954/1856 1810/1961/1856 1911/1962/1856 1912/1955/1856
f 1820/1946/1857 1815/1954/1857 1912/1955/1857 1913/1948/1857
f 1825/1947/1858 1820/1946/1858 1913/1948/1858 1914/1942/1858
f 1328/1399/1859 1825/1947/1859 1914/1942/1859 1900/1400/1859
f 1770/1935/1860 1830/1928/1860 1915/1929/1860 1903/1936/1860
f 1830/1928/1861 1835/1921/1861 1916/1922/1861 1915/1929/1861
f 1835/1921/1862 1840/1914/1862 1917/1915/1862 1916/1922/1862
f 1840/1914/1863 1845/1907/1863 1918/1908/1863 1917/1915/1863
f 1845/1907/1864 1850/1900/1864 1919/1901/1864 1918/1908/1864
f 1850/1900/1865 1855/1893/1865 1920/1894/1865 1919/1901/1865
f 1855/1893/1866 1860/1886/1866 1921/1889/1866 1920/1894/1866
f 1860/1886/1867 1865/1885/1867 1922/1890/1867 1921/1889/1867
f 1871/1546/1868 1923/1846/1868 1901/1317/1868 1696/1348/1868
f 1232/1349/1869 1899/1320/1869 1900/1400/1869 1296/1419/1869
f 1696/1348/1870 1901/1317/1870 1899/1320/1870 1232/1349/1870
f 1281/1367/1871 1922/1890/1871 1282/1381/1871 1314/1368/1871
f 1282/1381/1872 1922/1890/1872 1865/1885/1872 1315/1382/1872
f 1316/1378/1873 1283/1377/1873 1315/1382/1873 1865/1885/1873
f 1668/1496/1874 1669/1498/1874 1674/1524/1874 1924/2024/1874
f 1654/1858/1875 1924/2024/1875 1674/1524/1875 1655/1523/1875
f 1668/1496/1876 1924/2024/1876 1675/1521/1876 1667/1494/1876
f 1654/1858/1877 1653/1522/1877 1675/1521/1877 1924/2024/1877
