# Exported from MakeClothes (TM)
# author Unknown
# license AGPL3 (see also http://www.makehuman.org/doc/node/external_tools_license.html)
# homepage http://www.makehuman.org/
v -2.2391 4.6547 0.1623
v -2.1223 4.5725 0.4793
v -2.0065 4.5669 0.6606
v -1.6742 4.4228 0.8307
v -1.5395 4.3360 0.8564
v -1.4420 4.2537 0.9009
v -1.3740 4.1704 0.9535
v -1.3460 4.0821 1.0163
v -1.3206 3.9822 1.0499
v -1.3068 3.8759 1.0803
v -1.8524 4.7113 0.6683
v -2.0341 4.7730 0.5229
v -2.1405 4.7922 0.1666
v -1.4613 4.5495 0.8164
v -1.3417 4.4691 0.9133
v -1.2651 4.3795 0.9975
v -1.2010 4.2824 1.0339
v -1.1779 4.1942 1.0920
v -1.1773 4.0992 1.1540
v -1.1867 3.9999 1.2133
v -1.5879 4.8308 0.6445
v -1.8188 4.9110 0.5191
v -1.9681 4.9836 0.2260
v -1.2268 4.6712 0.8564
v -1.0778 4.5766 0.9287
v -1.0104 4.4883 1.0372
v -0.9745 4.3969 1.1270
v -0.9583 4.3050 1.1869
v -0.9619 4.1958 1.2442
v -0.9910 4.0898 1.3150
v -1.2831 4.9302 0.6731
v -1.4642 5.0182 0.5713
v -1.6826 5.1303 0.2914
v -0.9647 4.7738 0.8619
v -0.7821 4.7191 1.0168
v -0.7635 4.5958 1.1218
v -0.7458 4.4811 1.1947
v -0.7487 4.3737 1.2439
v -0.7581 4.2483 1.2982
v -0.7827 4.1185 1.3518
v -1.0106 4.9620 0.6676
v -1.1163 5.0242 0.5743
v -1.2665 5.1580 0.3607
v -0.7738 4.8833 0.8784
v -0.0000 4.6260 1.2403
v -0.0000 4.5208 1.3123
v -0.0000 4.3888 1.3687
v -0.0000 4.2423 1.4151
v -0.6185 4.8488 0.9501
v -1.5598 3.9098 0.7029
v -1.5140 3.8146 0.6799
v -1.4944 3.6846 0.6697
v -1.4604 3.5369 0.6713
v -1.5347 3.8458 0.4583
v -1.4906 3.7100 0.4048
v -1.4695 3.6001 0.3584
v -1.4350 3.4796 0.3399
v -2.3063 4.5336 0.1634
v -2.1746 4.4377 0.4580
v -2.0858 4.4044 0.6104
v -1.8370 4.2889 0.8405
v -1.7135 4.2166 0.8789
v -1.5812 4.1413 0.8816
v -1.4513 4.0745 0.8714
v -1.3887 3.9897 0.8770
v -1.3508 3.8739 0.8902
v -1.3278 3.7426 0.9060
v -1.5661 3.8669 0.5869
v -1.5376 3.7351 0.5641
v -1.5091 3.6197 0.5338
v -1.4764 3.4803 0.5270
v -2.1867 4.6150 0.3173
v -2.0970 4.7908 0.3496
v -1.9157 4.9678 0.3884
v -1.5765 5.0796 0.4470
v -1.1922 5.0916 0.4789
v -2.2559 4.4898 0.3111
v -0.3813 5.0550 0.7878
v -0.2767 5.0396 0.8104
v -0.6230 5.1377 0.6568
v -0.6725 5.1782 0.5959
v -0.7162 5.2287 0.5308
v -0.3755 5.1359 -0.4478
v -0.1824 5.1142 -0.4948
v -0.0000 5.0693 -0.4677
v -0.5735 5.1882 -0.4521
v -0.7723 5.2299 -0.4051
v -0.9633 5.2469 -0.3039
v -0.5020 4.7172 1.0450
v -0.0000 4.0787 1.4580
v -0.1688 4.0796 1.4156
v -0.1532 4.2528 1.3745
v -0.2567 4.8231 0.9961
v -0.1432 4.3916 1.3393
v -0.1449 4.5183 1.2866
v -1.1198 5.2736 -0.1770
v -1.2232 5.3065 -0.0606
v -1.2754 5.2982 0.0444
v -1.2979 5.2631 0.1483
v -1.3035 5.2195 0.2455
v -1.0291 5.2877 0.3294
v -1.0551 5.3429 0.2480
v -1.0484 5.3780 0.1605
v -1.0259 5.3862 0.0566
v -0.9660 5.3664 -0.0686
v -0.8511 5.3591 -0.2059
v -0.7046 5.3475 -0.3412
v -0.5226 5.2928 -0.3856
v -0.0000 5.1942 -0.4615
v -0.1583 5.2318 -0.4752
v -0.3285 5.2467 -0.4321
v -0.2821 5.3475 -0.3937
v -0.1437 5.3361 -0.4264
v -0.0000 5.3045 -0.4339
v -0.4621 5.3805 -0.3158
v -0.6244 5.4339 -0.2500
v -0.7259 5.4479 -0.1151
v -0.8009 5.4499 0.0256
v -0.8281 5.4526 0.1502
v -0.1422 4.6276 1.2201
v -0.8342 5.4372 0.2450
v -0.8477 5.4013 0.3169
v -0.8246 5.3551 0.3862
v -0.3100 4.6048 1.1374
v -0.3117 4.4933 1.1927
v -0.2934 4.7147 1.0727
v -0.4270 4.8243 0.9639
v -0.1741 5.0325 0.8222
v -0.4782 5.0771 0.7566
v -0.7643 5.2872 0.4627
v -0.6095 4.9750 0.8184
v -0.2122 4.9273 0.9016
v -0.4857 4.9488 0.8596
v -0.3446 4.9290 0.8774
v -0.7795 5.0265 0.6714
v -0.8265 5.0636 0.5834
v -0.8749 5.1250 0.5048
v -0.9505 5.2076 0.4208
v -0.0794 5.0282 0.8206
v -0.0000 5.0274 0.8199
v -0.0966 4.9292 0.9136
v -0.0000 4.9293 0.9169
v -0.1148 4.8312 1.0344
v -0.0000 4.8302 1.0479
v -0.1337 4.7290 1.1364
v -0.0000 4.7267 1.1506
v -0.3120 4.3704 1.2400
v -0.3226 4.2379 1.2799
v -0.3512 4.0667 1.3312
v -0.5721 4.1013 1.3362
v -0.5390 4.2471 1.2689
v -0.5218 4.3819 1.2114
v -0.5131 4.5014 1.1692
v -0.5171 4.6123 1.1181
v -0.4034 5.0142 -0.5257
v -0.1961 4.9684 -0.5125
v -0.0000 4.9334 -0.4909
v -0.6136 5.0508 -0.5130
v -0.8260 5.0784 -0.4682
v -1.0610 5.1303 -0.4550
v -1.2420 5.1336 -0.2771
v -1.4195 5.2006 -0.1851
v -1.5718 5.2058 -0.0788
v -1.6220 5.1603 0.0493
v -1.6688 5.1347 0.1557
v -0.4289 4.8981 -0.6508
v -0.2071 4.8275 -0.5524
v -0.0000 4.7973 -0.5301
v -0.6425 4.8873 -0.5574
v -0.8695 4.9431 -0.5850
v -1.1153 4.9588 -0.4931
v -1.3489 4.9740 -0.3568
v -1.5911 5.0595 -0.2954
v -1.7496 5.0392 -0.1716
v -1.8569 4.9950 -0.0217
v -1.9393 4.9824 0.0909
v -1.4393 4.7645 -0.4322
v -1.3500 4.5688 -0.5282
v -1.3170 4.4147 -0.6374
v -1.2197 3.9450 -0.7171
v -1.1744 3.7794 -0.7011
v -1.1339 3.6110 -0.6864
v -1.1560 4.7896 -0.5966
v -1.1426 4.6113 -0.6997
v -1.1115 4.4423 -0.7592
v -1.0038 3.9816 -0.7406
v -0.9574 3.8333 -0.7223
v -0.9041 3.6561 -0.6767
v -0.8949 4.7665 -0.6289
v -0.8821 4.5742 -0.6201
v -0.8518 4.4208 -0.6614
v -0.7649 3.9928 -0.6561
v -0.7314 3.8431 -0.6771
v -0.6932 3.6789 -0.7030
v -0.6605 4.7364 -0.6340
v -0.6534 4.5758 -0.6764
v -0.6299 4.4222 -0.7023
v -0.5723 3.9908 -0.7640
v -0.5517 3.8353 -0.7705
v -0.5287 3.6674 -0.7643
v -0.4300 4.7470 -0.7299
v -0.4248 4.5720 -0.7383
v -0.4167 4.4055 -0.7390
v -0.3949 3.9734 -0.7676
v -0.3764 3.8219 -0.7761
v -0.3663 3.6452 -0.7715
v -0.2119 4.6807 -0.5905
v -0.2089 4.5209 -0.6332
v -0.2103 4.3665 -0.6744
v -0.2087 3.9703 -0.7434
v -0.2039 3.8140 -0.7496
v -0.1945 3.6347 -0.7431
v -0.0000 4.6581 -0.5699
v -0.0000 4.5071 -0.6096
v -0.0000 4.3627 -0.6400
v -0.0000 3.9617 -0.6985
v -0.0000 3.8116 -0.7026
v -0.0000 3.6311 -0.7023
v -1.6987 4.8396 -0.3611
v -1.8455 4.8084 -0.2079
v -2.0054 4.8017 -0.0996
v -2.1200 4.7974 0.0239
v -1.7982 4.6331 -0.3818
v -1.9821 4.6565 -0.2764
v -2.1380 4.6714 -0.1623
v -2.2198 4.6619 0.0145
v -1.6403 4.5947 -0.4618
v -1.5207 4.4728 -0.4850
v -1.5254 4.2191 -0.4427
v -1.4035 3.7879 -0.2357
v -1.3973 3.6361 -0.2551
v -1.3506 3.4948 -0.2878
v -1.8744 4.4603 -0.3847
v -2.0827 4.5210 -0.3191
v -2.1995 4.5286 -0.1776
v -2.2701 4.5290 0.0269
v -1.7190 4.4068 -0.4634
v -1.6041 4.3249 -0.4703
v -1.4510 4.3366 -0.4990
v -1.4425 3.7121 0.0418
v -1.4444 3.5828 -0.0211
v -1.4273 3.4534 -0.0790
v -1.4696 3.6818 0.2495
v -1.4332 3.5805 0.1886
v -1.5126 3.8452 0.3258
v -1.4740 3.8461 -0.0821
v -1.6667 4.1784 -0.4306
v -1.4745 3.8458 0.1432
v -2.2195 4.3885 -0.1470
v -2.3103 4.4075 0.0348
v -2.1164 4.3717 -0.2920
v -1.9279 4.3141 -0.3584
v -1.7881 4.2531 -0.4292
v -2.1676 4.2750 0.5926
v -2.2418 4.3209 0.4593
v -2.3467 4.4111 0.1685
v -1.5176 3.9841 0.8088
v -1.6443 4.0544 0.8295
v -1.7844 4.1165 0.8325
v -1.9091 4.1632 0.7561
v -2.3052 4.3703 0.3095
v -1.3830 3.6329 0.7815
v -1.4159 3.7715 0.7865
v -1.4473 3.8967 0.7929
v -1.5923 4.0973 -0.3836
v -1.4061 3.4729 0.1616
v -1.2244 3.5596 -0.4902
v -1.2520 3.7263 -0.4823
v -1.3022 3.8834 -0.4818
v -1.1360 3.5260 1.5476
v -1.1142 3.5270 1.5678
v -1.0948 3.5207 1.5859
v -1.0805 3.5060 1.6020
v -1.0752 3.4853 1.6115
v -1.0813 3.4590 1.6142
v -1.0971 3.4314 1.6095
v -1.1170 3.4089 1.5984
v -1.1377 3.3938 1.5817
v -1.1576 3.3901 1.5618
v -1.1739 3.3979 1.5410
v -1.1852 3.4163 1.5240
v -1.1898 3.4429 1.5125
v -1.1856 3.4712 1.5109
v -1.1752 3.4979 1.5151
v -1.1580 3.5170 1.5284
v -1.1374 3.4974 1.5669
v -1.1309 3.4936 1.5755
v -1.1263 3.4848 1.5830
v -1.1219 3.4752 1.5895
v -1.1208 3.4664 1.5921
v -1.1208 3.4538 1.5942
v -1.1222 3.4415 1.5949
v -1.1270 3.4299 1.5928
v -1.1382 3.4220 1.5844
v -1.1443 3.4263 1.5790
v -1.1539 3.4335 1.5686
v -1.1598 3.4429 1.5614
v -1.1617 3.4553 1.5573
v -1.1609 3.4677 1.5551
v -1.1558 3.4820 1.5555
v -1.1505 3.4927 1.5561
v -1.1257 3.5952 1.5128
v -1.0842 3.6011 1.5464
v -1.0479 3.5870 1.5788
v -1.0237 3.5546 1.6068
v -1.0167 3.5102 1.6271
v -1.0291 3.4589 1.6368
v -1.0571 3.4100 1.6323
v -1.0923 3.3699 1.6131
v -1.1289 3.3428 1.5815
v -1.1631 3.3362 1.5402
v -1.1931 3.3504 1.4947
v -1.2147 3.3840 1.4591
v -1.2246 3.4314 1.4393
v -1.2186 3.4844 1.4415
v -1.1980 3.5344 1.4554
v -1.1649 3.5719 1.4833
v -1.1131 3.6594 1.4838
v -1.0456 3.6653 1.5330
v -0.9828 3.6454 1.5727
v -0.9409 3.5991 1.6096
v -0.9296 3.5325 1.6397
v -0.9514 3.4572 1.6566
v -1.0006 3.3852 1.6531
v -1.0561 3.3281 1.6267
v -1.1153 3.2932 1.5758
v -1.1661 3.2851 1.5072
v -1.2072 3.3069 1.4309
v -1.2312 3.3557 1.3686
v -1.2465 3.4234 1.3421
v -1.2490 3.4988 1.3555
v -1.2249 3.5703 1.3890
v -1.1753 3.6264 1.4319
v -1.0760 3.7998 1.4331
v -0.9493 3.8085 1.4978
v -0.8270 3.7716 1.5446
v -0.7322 3.6913 1.5829
v -0.6939 3.5785 1.6339
v -0.7139 3.4493 1.6742
v -0.8034 3.3228 1.6801
v -0.9407 3.2283 1.6222
v -1.0547 3.1704 1.5381
v -1.1421 3.1566 1.4105
v -1.1909 3.1989 1.2461
v -1.2225 3.2921 1.1482
v -1.2566 3.4114 1.1358
v -1.2814 3.5370 1.1783
v -1.2729 3.6530 1.2623
v -1.1927 3.7466 1.3487
v -1.0502 3.8844 1.4022
v -0.8976 3.8970 1.4721
v -0.7416 3.8538 1.5042
v -0.5930 3.7565 1.5114
v -0.5341 3.6077 1.5662
v -0.5601 3.4400 1.6536
v -0.6526 3.2634 1.6865
v -0.8264 3.1472 1.5990
v -0.9986 3.0762 1.4923
v -1.1209 3.0595 1.3495
v -1.1826 3.1214 1.1526
v -1.2195 3.2519 1.0452
v -1.2616 3.4044 1.0369
v -1.2976 3.5646 1.0816
v -1.2853 3.7104 1.1911
v -1.2002 3.8210 1.3089
v -1.0208 3.9837 1.3653
v -0.8354 3.9994 1.4155
v -0.6274 3.9560 1.4009
v -0.3949 3.8555 1.3891
v -0.3486 3.6430 1.4804
v -0.3679 3.4298 1.5801
v -0.4633 3.1592 1.6813
v -0.6981 3.0192 1.5807
v -0.9359 2.9434 1.4487
v -1.0911 2.9303 1.2961
v -1.1773 3.0002 1.0465
v -1.2240 3.1981 0.9374
v -1.2579 3.3852 0.9123
v -1.3163 3.5981 0.9555
v -1.2997 3.7782 1.1161
v -1.2025 3.9061 1.2652
v -1.1850 3.6840 1.3861
v -1.2510 3.6107 1.3231
v -1.1616 3.2310 1.4646
v -1.0940 3.2412 1.5641
v -1.0965 3.7285 1.4575
v -1.2050 3.2596 1.3449
v -0.9982 3.7349 1.5153
v -1.2259 3.3270 1.2524
v -0.8473 3.4565 1.6674
v -0.8187 3.5574 1.6429
v -0.9056 3.7066 1.5583
v -1.2533 3.4191 1.2359
v -0.9250 3.3615 1.6672
v -0.8403 3.6450 1.6015
v -1.2688 3.5180 1.2670
v -1.0138 3.2869 1.6311
v -0.0000 3.8915 1.5021
v -0.0000 3.6786 1.5400
v -0.0000 3.4616 1.5647
v -0.0000 3.2331 1.5830
v -0.1775 3.8788 1.4562
v -0.1712 3.6669 1.4986
v -0.1781 3.4487 1.5323
v -0.2093 3.2129 1.5880
v -0.5595 5.1052 0.7131
v -0.7081 5.0010 0.7521
v -0.9038 4.9170 0.7704
v -1.1227 4.8355 0.7457
v -1.3948 4.7589 0.7809
v -1.6317 4.6354 0.7472
v -1.8452 4.5092 0.7901
v -1.9715 4.3623 0.7560
v -2.0537 4.2170 0.6913
v -1.2850 4.2598 -0.6953
v -1.0770 4.2821 -0.7750
v -0.8229 4.2784 -0.6703
v -0.6090 4.2753 -0.7176
v -0.4109 4.2568 -0.7503
v -0.2118 4.2305 -0.7060
v -0.0000 4.2201 -0.6651
v -1.4681 4.0889 -0.3907
v -1.5293 3.9969 -0.3103
v -1.4108 4.1743 -0.5218
v -1.2541 4.1006 -0.7132
v -1.0421 4.1307 -0.7647
v -0.7939 4.1355 -0.6576
v -0.5907 4.1330 -0.7371
v -0.4053 4.1163 -0.7589
v -0.2121 4.1040 -0.7291
v -0.0000 4.0947 -0.6845
v -1.4289 3.9523 -0.3263
v -1.5025 3.8924 -0.2161
v -1.3576 4.0413 -0.5016
v -1.4201 3.3932 0.6665
v -1.4077 3.3386 0.3304
v -1.4526 3.3499 0.5200
v -1.0907 3.4139 -0.6704
v -0.8419 3.4700 -0.6468
v -0.6507 3.4861 -0.7071
v -0.4977 3.4672 -0.7330
v -0.3524 3.4463 -0.7502
v -0.1904 3.4391 -0.7169
v -0.0000 3.4415 -0.6823
v -1.2987 3.3301 -0.2944
v -1.3828 3.2899 -0.1059
v -1.3756 3.3043 0.1214
v -1.1949 3.3715 -0.4891
v -1.3737 3.2533 0.6631
v -1.3683 3.1617 0.3081
v -1.4099 3.1891 0.5101
v -1.0079 3.1995 -0.6353
v -0.7727 3.2519 -0.6173
v -0.6058 3.2574 -0.6831
v -0.4652 3.2463 -0.6997
v -0.3258 3.2275 -0.7128
v -0.1742 3.2215 -0.6604
v -0.0000 3.2225 -0.6424
v -1.2594 3.1396 -0.2933
v -1.3540 3.1170 -0.1251
v -1.3462 3.1297 0.0884
v -1.1443 3.1647 -0.4811
v -1.3237 3.0712 0.6698
v -1.3355 2.9779 0.2902
v -1.3783 3.0206 0.5070
v -0.9160 2.9770 -0.5921
v -0.7064 3.0167 -0.5931
v -0.5558 3.0197 -0.6165
v -0.4305 3.0099 -0.6288
v -0.2951 2.9926 -0.6185
v -0.1537 2.9827 -0.5938
v -0.0000 2.9828 -0.5872
v -1.2060 2.9272 -0.2939
v -1.3157 2.9142 -0.1325
v -1.3169 2.9290 0.0685
v -1.0733 2.9472 -0.4798
v -1.3186 2.8472 0.6963
v -1.3284 2.7524 0.2781
v -1.3578 2.7978 0.5063
v -0.8305 2.7464 -0.5144
v -0.6591 2.7678 -0.5419
v -0.5193 2.7705 -0.5414
v -0.3943 2.7608 -0.5565
v -0.2661 2.7520 -0.5316
v -0.1400 2.7361 -0.5360
v -0.0000 2.7313 -0.5370
v -1.1440 2.7053 -0.2922
v -1.2820 2.6916 -0.1413
v -1.2990 2.7154 0.0586
v -0.9897 2.7135 -0.4621
v -1.3035 2.6209 0.7017
v -1.3161 2.5237 0.2763
v -1.3491 2.5734 0.5005
v -0.7635 2.5035 -0.4602
v -0.6085 2.5178 -0.4767
v -0.4752 2.5208 -0.4626
v -0.3578 2.5168 -0.4698
v -0.2386 2.5059 -0.4594
v -0.1223 2.4845 -0.4895
v -0.0000 2.4777 -0.4959
v -1.0658 2.4649 -0.2772
v -1.2185 2.4569 -0.1356
v -1.2708 2.4810 0.0507
v -0.9276 2.4730 -0.4204
v -1.2941 2.3814 0.6879
v -1.3100 2.2974 0.2739
v -1.3627 2.3424 0.4894
v -0.7161 2.2636 -0.4000
v -0.5642 2.2735 -0.4203
v -0.4400 2.2746 -0.3983
v -0.3321 2.2709 -0.3896
v -0.2227 2.2572 -0.4006
v -0.1138 2.2360 -0.4511
v -0.0000 2.2230 -0.4623
v -1.0167 2.2389 -0.2437
v -1.1726 2.2296 -0.1290
v -1.2491 2.2543 0.0489
v -0.8781 2.2445 -0.3615
v -1.2916 2.1450 0.6714
v -1.3144 2.0857 0.2672
v -1.3835 2.1197 0.4770
v -0.6805 2.0381 -0.3656
v -0.5366 2.0427 -0.3791
v -0.4166 2.0478 -0.3365
v -0.3137 2.0394 -0.3284
v -0.2117 2.0229 -0.3583
v -0.1079 2.0076 -0.4237
v -0.0000 1.9949 -0.4473
v -0.9751 2.0289 -0.2133
v -1.1435 2.0334 -0.1125
v -1.2303 2.0507 0.0467
v -0.8366 2.0319 -0.3201
v -1.2902 1.9324 0.6592
v -1.3281 1.8986 0.2527
v -1.4081 1.9270 0.4635
v -0.6705 1.8447 -0.3474
v -0.5327 1.8436 -0.3509
v -0.4122 1.8419 -0.2904
v -0.3105 1.8330 -0.2880
v -0.2086 1.8190 -0.3340
v -0.1058 1.8115 -0.4196
v -0.0000 1.8038 -0.4603
v -0.9578 1.8378 -0.2024
v -1.1290 1.8522 -0.1104
v -1.2254 1.8691 0.0321
v -0.8199 1.8407 -0.3077
v -1.3161 1.5696 0.6440
v -1.3647 1.5764 0.2172
v -1.4899 1.6087 0.4396
v -0.5565 1.5816 1.4309
v -0.6818 1.6721 -0.3500
v -0.5420 1.6624 -0.3399
v -0.4197 1.6529 -0.2681
v -0.3190 1.6446 -0.2698
v -0.2156 1.6372 -0.3259
v -0.1099 1.6405 -0.4309
v -0.0000 1.6399 -0.4864
v -0.1662 1.5872 1.6273
v -1.1748 1.5390 -0.1456
v -1.2848 1.5603 -0.0086
v -0.8642 1.5202 -0.3630
v -1.3619 1.4050 0.6534
v -1.3833 1.4116 0.2072
v -1.5372 1.4562 0.4434
v -0.3668 1.5867 1.5380
v -0.7515 1.3586 -0.4334
v -0.5981 1.3339 -0.4012
v -0.4712 1.3029 -0.3308
v -0.3715 1.3063 -0.3492
v -0.2591 1.3102 -0.4104
v -0.1289 1.3307 -0.5134
v -0.0000 1.3465 -0.5907
v -1.2263 1.3860 -0.1750
v -1.3421 1.4093 -0.0292
v -0.9049 1.3662 -0.4124
v -1.3336 3.4878 0.7815
v -1.2703 3.3241 0.7726
v -1.2412 3.1440 0.7979
v -1.2093 2.6673 0.8723
v -1.2373 2.9374 0.8585
v -0.0000 1.5986 1.6246
v -0.0000 2.7073 1.5973
v -0.0000 2.1505 1.6589
v -0.8709 2.7735 1.4276
v -1.0228 2.7378 1.2543
v -1.1496 1.5677 1.0820
v -0.1749 2.1436 1.6706
v -0.1831 2.6963 1.6049
v -0.3510 2.1293 1.5436
v -0.7760 2.5443 1.3681
v -0.9571 2.5027 1.2543
v -1.0865 1.9814 1.0637
v -0.5215 2.1026 1.4042
v -0.2100 2.9696 1.5997
v -0.5752 2.3534 1.5141
v -0.7700 2.2974 1.3866
v -0.9345 2.2525 1.2224
v -1.0739 2.2104 1.0668
v -0.3717 2.3955 1.5635
v -0.0000 2.9675 1.6032
v -0.1811 2.4077 1.6229
v -0.7357 2.0485 1.3343
v -0.9309 2.0132 1.1968
v -1.0747 2.4649 1.0765
v -0.0000 2.4172 1.6761
v -0.6323 2.8462 1.4945
v -0.3769 2.6596 1.5756
v -0.7546 1.5799 1.3094
v -0.9770 1.5755 1.2021
v -1.0957 2.7102 1.0776
v -0.5543 2.6071 1.4364
v -0.4388 2.9142 1.6415
v -1.1610 2.4233 0.8670
v -1.1575 2.1748 0.8676
v -1.1797 1.9471 0.8723
v -1.2431 1.5608 0.8823
v -0.9961 1.5110 -0.2348
v -0.0000 1.3935 1.5934
v -0.1573 1.3429 1.5466
v -0.2166 1.1169 1.5650
v -0.1858 0.8509 1.5767
v -0.0000 0.7804 1.5534
v -0.0000 1.2831 1.5921
v -0.0890 1.2471 1.5532
v -0.1274 1.1296 1.5589
v -0.1106 0.9946 1.6043
v -0.0000 0.9425 1.5973
v -0.0000 1.2079 1.5950
v -0.0593 1.2024 1.5710
v -0.0727 1.1316 1.5730
v -0.0749 1.0574 1.5975
v -0.0000 1.0431 1.6104
v -0.0000 1.1316 1.6018
v -0.5766 1.3525 1.4443
v -0.3739 1.3470 1.5390
v -1.1924 1.3669 1.0907
v -0.7717 1.3585 1.3180
v -0.9946 1.3661 1.2019
v -1.2824 1.3808 0.8950
v -1.4084 1.2306 0.6664
v -1.4242 1.2431 0.2023
v -1.5844 1.2898 0.4524
v -1.2843 1.2204 -0.2133
v -1.4061 1.2461 -0.0484
v -0.6075 1.1224 1.4631
v -0.3996 1.1106 1.5585
v -1.2277 1.1713 1.1243
v -0.7955 1.1336 1.3231
v -1.0188 1.1537 1.2193
v -1.3207 1.1946 0.9162
v -1.2440 1.7093 0.0123
v -1.1392 1.6904 -0.1238
v -1.2918 1.7433 0.6478
v -1.4437 1.7608 0.4476
v -1.3459 1.7338 0.2342
v -0.8326 1.6734 -0.3250
v -0.3454 1.4685 -0.2942
v -0.2410 1.4702 -0.3593
v -0.1199 1.4837 -0.4636
v -0.0000 1.4896 -0.5337
v -0.7134 1.5125 -0.3753
v -0.5678 1.4934 -0.3574
v -0.1637 1.8524 1.6461
v -0.4427 1.4708 -0.2799
v -1.2059 1.7463 0.8768
v -0.0000 1.8561 1.6596
v -0.5530 1.8245 1.4544
v -0.3593 1.8420 1.5332
v -0.7414 1.8077 1.3159
v -0.9534 1.7880 1.1971
v -1.1146 1.7686 1.0703
v -0.9654 1.6684 -0.2122
v -1.2470 0.9536 1.1452
v -0.4044 0.8406 1.5388
v -0.6126 0.8547 1.4222
v -1.4994 1.0715 -0.0912
v -1.3767 1.0461 -0.2934
v -1.6420 1.1034 0.4592
v -1.4976 1.0636 0.1913
v -1.4624 1.0380 0.6766
v -1.3561 0.9952 0.9335
v -1.0363 0.9183 1.2366
v -0.8011 0.8777 1.2934
v -1.0416 1.3521 -0.2697
v -1.0884 1.1822 -0.3280
v -1.1718 1.0258 -0.4624
v -0.7860 1.1979 -0.5095
v -0.6266 1.1766 -0.4863
v -0.4960 1.1503 -0.4281
v -0.3815 1.1530 -0.4328
v -0.2609 1.1532 -0.4788
v -0.1346 1.1756 -0.5910
v -0.0000 1.1912 -0.6564
v -0.8137 1.0299 -0.6026
v -0.6503 1.0249 -0.6070
v -0.5170 0.9949 -0.5535
v -0.3923 0.9786 -0.5377
v -0.2673 0.9853 -0.5954
v -0.1381 1.0084 -0.7000
v -0.0000 1.0201 -0.7423
v -0.8425 0.8717 -0.7862
v -0.6732 0.8783 -0.8057
v -0.5376 0.8631 -0.7856
v -0.4153 0.8527 -0.8014
v -0.2903 0.8448 -0.8473
v -0.1528 0.8312 -0.8971
v -0.0000 0.8175 -0.9244
v -0.9457 1.1997 -0.4750
v -0.9910 1.0351 -0.5770
v -1.2304 0.5998 -0.5746
v -1.0498 0.6242 -0.7677
v -1.5588 0.6224 -0.0976
v -1.4011 0.6034 -0.3432
v -1.7204 0.6367 0.4567
v -1.6511 0.6351 0.1772
v -1.6018 0.5838 0.7126
v -1.4935 0.5249 0.9854
v -0.0000 0.1338 1.4379
v -1.3331 0.4542 1.2333
v -0.4302 0.2016 1.3894
v -0.6503 0.2497 1.3847
v -1.0853 0.3824 1.3096
v -0.8483 0.3134 1.3336
v -0.2166 0.1559 1.4259
v -1.0656 0.6565 1.2831
v -0.8181 0.5938 1.3122
v -0.4257 0.5074 1.5084
v -0.2162 0.4774 1.5753
v -0.0000 0.4515 1.6171
v -1.2894 0.7154 1.1989
v -0.6287 0.5459 1.4012
v -0.1461 0.6076 -0.9818
v -0.0000 0.5764 -1.0027
v -0.8539 0.6496 -0.8648
v -0.6827 0.6661 -0.9021
v -0.5451 0.6639 -0.9021
v -1.0504 0.8610 -0.7280
v -0.4172 0.6561 -0.9142
v -0.2814 0.6391 -0.9460
v -1.2511 0.8489 -0.5865
v -1.6453 0.8734 0.1715
v -1.6220 0.8759 -0.1378
v -1.4279 0.7718 0.9677
v -1.5669 0.8298 0.7055
v -1.7275 0.8917 0.4661
v -1.4642 0.8573 -0.3840
v 2.2391 4.6547 0.1623
v 2.1223 4.5725 0.4793
v 2.0065 4.5669 0.6606
v 1.6742 4.4228 0.8307
v 1.5395 4.3360 0.8564
v 1.4420 4.2537 0.9009
v 1.3740 4.1704 0.9535
v 1.3460 4.0821 1.0163
v 1.3206 3.9822 1.0499
v 1.3068 3.8759 1.0803
v 1.8524 4.7113 0.6683
v 2.0341 4.7730 0.5229
v 2.1405 4.7922 0.1666
v 1.4613 4.5495 0.8164
v 1.3417 4.4691 0.9133
v 1.2651 4.3795 0.9975
v 1.2010 4.2824 1.0339
v 1.1779 4.1942 1.0920
v 1.1773 4.0992 1.1540
v 1.1867 3.9999 1.2133
v 1.5879 4.8308 0.6445
v 1.8188 4.9110 0.5191
v 1.9681 4.9836 0.2260
v 1.2268 4.6712 0.8564
v 1.0778 4.5766 0.9287
v 1.0104 4.4883 1.0372
v 0.9745 4.3969 1.1270
v 0.9583 4.3050 1.1869
v 0.9619 4.1958 1.2442
v 0.9910 4.0898 1.3150
v 1.2831 4.9302 0.6731
v 1.4642 5.0182 0.5713
v 1.6826 5.1303 0.2914
v 0.9647 4.7738 0.8619
v 0.7821 4.7191 1.0168
v 0.7635 4.5958 1.1218
v 0.7458 4.4811 1.1947
v 0.7487 4.3737 1.2439
v 0.7581 4.2483 1.2982
v 0.7827 4.1185 1.3518
v 1.0106 4.9620 0.6676
v 1.1163 5.0242 0.5743
v 1.2665 5.1580 0.3607
v 0.7738 4.8833 0.8784
v 0.6185 4.8488 0.9501
v 1.5598 3.9098 0.7029
v 1.5140 3.8146 0.6799
v 1.4944 3.6846 0.6697
v 1.4604 3.5369 0.6713
v 1.5347 3.8458 0.4583
v 1.4906 3.7100 0.4048
v 1.4695 3.6001 0.3584
v 1.4350 3.4796 0.3399
v 2.3063 4.5336 0.1634
v 2.1746 4.4377 0.4580
v 2.0858 4.4044 0.6104
v 1.8370 4.2889 0.8405
v 1.7135 4.2166 0.8789
v 1.5812 4.1413 0.8816
v 1.4513 4.0745 0.8714
v 1.3887 3.9897 0.8770
v 1.3508 3.8739 0.8902
v 1.3278 3.7426 0.9060
v 1.5661 3.8669 0.5869
v 1.5376 3.7351 0.5641
v 1.5091 3.6197 0.5338
v 1.4764 3.4803 0.5270
v 2.1867 4.6150 0.3173
v 2.0970 4.7908 0.3496
v 1.9157 4.9678 0.3884
v 1.5765 5.0796 0.4470
v 1.1922 5.0916 0.4789
v 2.2559 4.4898 0.3111
v 0.3813 5.0550 0.7878
v 0.2767 5.0396 0.8104
v 0.6230 5.1377 0.6568
v 0.6725 5.1782 0.5959
v 0.7162 5.2287 0.5308
v 0.3755 5.1359 -0.4478
v 0.1824 5.1142 -0.4948
v 0.5735 5.1882 -0.4521
v 0.7723 5.2299 -0.4051
v 0.9633 5.2469 -0.3039
v 0.5020 4.7172 1.0450
v 0.1688 4.0796 1.4156
v 0.1532 4.2528 1.3745
v 0.2567 4.8231 0.9961
v 0.1432 4.3916 1.3393
v 0.1449 4.5183 1.2866
v 1.1198 5.2736 -0.1770
v 1.2232 5.3065 -0.0606
v 1.2754 5.2982 0.0444
v 1.2979 5.2631 0.1483
v 1.3035 5.2195 0.2455
v 1.0291 5.2877 0.3294
v 1.0551 5.3429 0.2480
v 1.0484 5.3780 0.1605
v 1.0259 5.3862 0.0566
v 0.9660 5.3664 -0.0686
v 0.8511 5.3591 -0.2059
v 0.7046 5.3475 -0.3412
v 0.5226 5.2928 -0.3856
v 0.1583 5.2318 -0.4752
v 0.3285 5.2467 -0.4321
v 0.2821 5.3475 -0.3937
v 0.1437 5.3361 -0.4264
v 0.4621 5.3805 -0.3158
v 0.6244 5.4339 -0.2500
v 0.7259 5.4479 -0.1151
v 0.8009 5.4499 0.0256
v 0.8281 5.4526 0.1502
v 0.1422 4.6276 1.2201
v 0.8342 5.4372 0.2450
v 0.8477 5.4013 0.3169
v 0.8246 5.3551 0.3862
v 0.3100 4.6048 1.1374
v 0.3117 4.4933 1.1927
v 0.2934 4.7147 1.0727
v 0.4270 4.8243 0.9639
v 0.1741 5.0325 0.8222
v 0.4782 5.0771 0.7566
v 0.7643 5.2872 0.4627
v 0.6095 4.9750 0.8184
v 0.2122 4.9273 0.9016
v 0.4857 4.9488 0.8596
v 0.3446 4.9290 0.8774
v 0.7795 5.0265 0.6714
v 0.8265 5.0636 0.5834
v 0.8749 5.1250 0.5048
v 0.9505 5.2076 0.4208
v 0.0794 5.0282 0.8217
v 0.0966 4.9292 0.9136
v 0.1148 4.8312 1.0344
v 0.1337 4.7290 1.1364
v 0.3120 4.3704 1.2400
v 0.3226 4.2379 1.2799
v 0.3512 4.0667 1.3312
v 0.5721 4.1013 1.3362
v 0.5390 4.2471 1.2689
v 0.5218 4.3819 1.2114
v 0.5131 4.5014 1.1692
v 0.5171 4.6123 1.1181
v 0.4034 5.0142 -0.5257
v 0.1961 4.9684 -0.5125
v 0.6136 5.0508 -0.5130
v 0.8260 5.0784 -0.4682
v 1.0610 5.1303 -0.4550
v 1.2420 5.1336 -0.2771
v 1.4195 5.2006 -0.1851
v 1.5718 5.2058 -0.0788
v 1.6220 5.1603 0.0493
v 1.6688 5.1347 0.1557
v 0.4289 4.8981 -0.6508
v 0.2071 4.8275 -0.5524
v 0.6425 4.8873 -0.5574
v 0.8695 4.9431 -0.5850
v 1.1153 4.9588 -0.4931
v 1.3489 4.9740 -0.3568
v 1.5911 5.0595 -0.2954
v 1.7496 5.0392 -0.1716
v 1.8569 4.9950 -0.0217
v 1.9393 4.9824 0.0909
v 1.4393 4.7645 -0.4322
v 1.3500 4.5688 -0.5282
v 1.3170 4.4147 -0.6374
v 1.2197 3.9450 -0.7171
v 1.1744 3.7794 -0.7011
v 1.1339 3.6110 -0.6864
v 1.1560 4.7896 -0.5966
v 1.1426 4.6113 -0.6997
v 1.1115 4.4423 -0.7592
v 1.0038 3.9816 -0.7406
v 0.9574 3.8333 -0.7223
v 0.9041 3.6561 -0.6767
v 0.8949 4.7665 -0.6289
v 0.8821 4.5742 -0.6201
v 0.8518 4.4208 -0.6614
v 0.7649 3.9928 -0.6561
v 0.7314 3.8431 -0.6771
v 0.6932 3.6789 -0.7030
v 0.6605 4.7364 -0.6340
v 0.6534 4.5758 -0.6764
v 0.6299 4.4222 -0.7023
v 0.5723 3.9908 -0.7640
v 0.5517 3.8353 -0.7705
v 0.5287 3.6674 -0.7643
v 0.4300 4.7470 -0.7299
v 0.4248 4.5720 -0.7383
v 0.4167 4.4055 -0.7390
v 0.3949 3.9734 -0.7676
v 0.3764 3.8219 -0.7761
v 0.3663 3.6452 -0.7715
v 0.2119 4.6807 -0.5905
v 0.2089 4.5209 -0.6332
v 0.2103 4.3665 -0.6744
v 0.2087 3.9703 -0.7434
v 0.2039 3.8140 -0.7496
v 0.1945 3.6347 -0.7431
v 1.6987 4.8396 -0.3611
v 1.8455 4.8084 -0.2079
v 2.0054 4.8017 -0.0996
v 2.1200 4.7974 0.0239
v 1.7982 4.6331 -0.3818
v 1.9821 4.6565 -0.2764
v 2.1380 4.6714 -0.1623
v 2.2198 4.6619 0.0145
v 1.6403 4.5947 -0.4618
v 1.5207 4.4728 -0.4850
v 1.5254 4.2191 -0.4427
v 1.4035 3.7879 -0.2357
v 1.3973 3.6361 -0.2551
v 1.3506 3.4948 -0.2878
v 1.8744 4.4603 -0.3847
v 2.0827 4.5210 -0.3191
v 2.1995 4.5286 -0.1776
v 2.2701 4.5290 0.0269
v 1.7190 4.4068 -0.4634
v 1.6041 4.3249 -0.4703
v 1.4510 4.3366 -0.4990
v 1.4425 3.7121 0.0418
v 1.4444 3.5828 -0.0211
v 1.4273 3.4534 -0.0790
v 1.4696 3.6818 0.2495
v 1.4332 3.5805 0.1886
v 1.5126 3.8452 0.3258
v 1.4740 3.8461 -0.0821
v 1.6667 4.1784 -0.4306
v 1.4745 3.8458 0.1432
v 2.2195 4.3885 -0.1470
v 2.3103 4.4075 0.0348
v 2.1164 4.3717 -0.2920
v 1.9279 4.3141 -0.3584
v 1.7881 4.2531 -0.4292
v 2.1676 4.2750 0.5926
v 2.2418 4.3209 0.4593
v 2.3467 4.4111 0.1685
v 1.5176 3.9841 0.8088
v 1.6443 4.0544 0.8295
v 1.7844 4.1165 0.8325
v 1.9091 4.1632 0.7561
v 2.3052 4.3703 0.3095
v 1.3830 3.6329 0.7815
v 1.4159 3.7715 0.7865
v 1.4473 3.8967 0.7929
v 1.5923 4.0973 -0.3836
v 1.4061 3.4729 0.1616
v 1.2244 3.5596 -0.4902
v 1.2520 3.7263 -0.4823
v 1.3022 3.8834 -0.4818
v 1.1360 3.5260 1.5476
v 1.1142 3.5270 1.5678
v 1.0948 3.5207 1.5859
v 1.0805 3.5060 1.6020
v 1.0752 3.4853 1.6115
v 1.0813 3.4590 1.6142
v 1.0971 3.4314 1.6095
v 1.1170 3.4089 1.5984
v 1.1377 3.3938 1.5817
v 1.1576 3.3901 1.5618
v 1.1739 3.3979 1.5410
v 1.1852 3.4163 1.5240
v 1.1898 3.4429 1.5125
v 1.1856 3.4712 1.5109
v 1.1752 3.4979 1.5151
v 1.1580 3.5170 1.5284
v 1.1374 3.4974 1.5669
v 1.1309 3.4936 1.5755
v 1.1263 3.4848 1.5830
v 1.1219 3.4752 1.5895
v 1.1208 3.4664 1.5921
v 1.1208 3.4538 1.5942
v 1.1222 3.4415 1.5949
v 1.1270 3.4299 1.5928
v 1.1382 3.4220 1.5844
v 1.1443 3.4263 1.5790
v 1.1539 3.4335 1.5686
v 1.1598 3.4429 1.5614
v 1.1617 3.4553 1.5573
v 1.1609 3.4677 1.5551
v 1.1558 3.4820 1.5555
v 1.1505 3.4927 1.5561
v 1.1257 3.5952 1.5128
v 1.0842 3.6011 1.5464
v 1.0479 3.5870 1.5788
v 1.0237 3.5546 1.6068
v 1.0167 3.5102 1.6271
v 1.0291 3.4589 1.6368
v 1.0571 3.4100 1.6323
v 1.0923 3.3699 1.6131
v 1.1289 3.3428 1.5815
v 1.1631 3.3362 1.5402
v 1.1931 3.3504 1.4947
v 1.2147 3.3840 1.4591
v 1.2246 3.4314 1.4393
v 1.2186 3.4844 1.4415
v 1.1980 3.5344 1.4554
v 1.1649 3.5719 1.4833
v 1.1131 3.6594 1.4838
v 1.0456 3.6653 1.5330
v 0.9828 3.6454 1.5727
v 0.9409 3.5991 1.6096
v 0.9296 3.5325 1.6397
v 0.9514 3.4572 1.6566
v 1.0006 3.3852 1.6531
v 1.0561 3.3281 1.6267
v 1.1153 3.2932 1.5758
v 1.1661 3.2851 1.5072
v 1.2072 3.3069 1.4309
v 1.2312 3.3557 1.3686
v 1.2465 3.4234 1.3421
v 1.2490 3.4988 1.3555
v 1.2249 3.5703 1.3890
v 1.1753 3.6264 1.4319
v 1.0760 3.7998 1.4331
v 0.9493 3.8085 1.4978
v 0.8270 3.7716 1.5446
v 0.7322 3.6913 1.5829
v 0.6939 3.5785 1.6339
v 0.7139 3.4493 1.6742
v 0.8034 3.3228 1.6801
v 0.9407 3.2283 1.6222
v 1.0547 3.1704 1.5381
v 1.1421 3.1566 1.4105
v 1.1909 3.1989 1.2461
v 1.2225 3.2921 1.1482
v 1.2566 3.4114 1.1358
v 1.2814 3.5370 1.1783
v 1.2729 3.6530 1.2623
v 1.1927 3.7466 1.3487
v 1.0502 3.8844 1.4022
v 0.8976 3.8970 1.4721
v 0.7416 3.8538 1.5042
v 0.5930 3.7565 1.5114
v 0.5341 3.6077 1.5662
v 0.5601 3.4400 1.6536
v 0.6526 3.2634 1.6865
v 0.8264 3.1472 1.5990
v 0.9986 3.0762 1.4923
v 1.1209 3.0595 1.3495
v 1.1826 3.1214 1.1526
v 1.2195 3.2519 1.0452
v 1.2616 3.4044 1.0369
v 1.2976 3.5646 1.0816
v 1.2853 3.7104 1.1911
v 1.2002 3.8210 1.3089
v 1.0208 3.9837 1.3653
v 0.8354 3.9994 1.4155
v 0.6274 3.9560 1.4009
v 0.3949 3.8555 1.3891
v 0.3486 3.6430 1.4804
v 0.3679 3.4298 1.5801
v 0.4633 3.1592 1.6813
v 0.6981 3.0192 1.5807
v 0.9359 2.9434 1.4487
v 1.0911 2.9303 1.2961
v 1.1773 3.0002 1.0465
v 1.2240 3.1981 0.9374
v 1.2579 3.3852 0.9123
v 1.3163 3.5981 0.9555
v 1.2997 3.7782 1.1161
v 1.2025 3.9061 1.2652
v 1.1850 3.6840 1.3861
v 1.2510 3.6107 1.3231
v 1.1616 3.2310 1.4646
v 1.0940 3.2412 1.5641
v 1.0965 3.7285 1.4575
v 1.2050 3.2596 1.3449
v 0.9982 3.7349 1.5153
v 1.2259 3.3270 1.2524
v 0.8473 3.4565 1.6674
v 0.8187 3.5574 1.6429
v 0.9056 3.7066 1.5583
v 1.2533 3.4191 1.2359
v 0.9250 3.3615 1.6672
v 0.8403 3.6450 1.6015
v 1.2688 3.5180 1.2670
v 1.0138 3.2869 1.6311
v 0.1775 3.8788 1.4562
v 0.1712 3.6669 1.4986
v 0.1781 3.4487 1.5323
v 0.2093 3.2129 1.5880
v 0.5595 5.1052 0.7131
v 0.7081 5.0010 0.7521
v 0.9038 4.9170 0.7704
v 1.1227 4.8355 0.7457
v 1.3948 4.7589 0.7809
v 1.6317 4.6354 0.7472
v 1.8452 4.5092 0.7901
v 1.9715 4.3623 0.7560
v 2.0537 4.2170 0.6913
v 1.2850 4.2598 -0.6953
v 1.0770 4.2821 -0.7750
v 0.8229 4.2784 -0.6703
v 0.6090 4.2753 -0.7176
v 0.4109 4.2568 -0.7503
v 0.2118 4.2305 -0.7060
v 1.4681 4.0889 -0.3907
v 1.5293 3.9969 -0.3103
v 1.4108 4.1743 -0.5218
v 1.2541 4.1006 -0.7132
v 1.0421 4.1307 -0.7647
v 0.7939 4.1355 -0.6576
v 0.5907 4.1330 -0.7371
v 0.4053 4.1163 -0.7589
v 0.2121 4.1040 -0.7291
v 1.4289 3.9523 -0.3263
v 1.5025 3.8924 -0.2161
v 1.3576 4.0413 -0.5016
v 1.4201 3.3932 0.6665
v 1.4077 3.3386 0.3304
v 1.4526 3.3499 0.5200
v 1.0907 3.4139 -0.6704
v 0.8419 3.4700 -0.6468
v 0.6507 3.4861 -0.7071
v 0.4977 3.4672 -0.7330
v 0.3524 3.4463 -0.7502
v 0.1904 3.4391 -0.7169
v 1.2987 3.3301 -0.2944
v 1.3828 3.2899 -0.1059
v 1.3756 3.3043 0.1214
v 1.1949 3.3715 -0.4891
v 1.3737 3.2533 0.6631
v 1.3683 3.1617 0.3081
v 1.4099 3.1891 0.5101
v 1.0079 3.1995 -0.6353
v 0.7727 3.2519 -0.6173
v 0.6058 3.2574 -0.6831
v 0.4652 3.2463 -0.6997
v 0.3258 3.2275 -0.7128
v 0.1742 3.2215 -0.6604
v 1.2594 3.1396 -0.2933
v 1.3540 3.1170 -0.1251
v 1.3462 3.1297 0.0884
v 1.1443 3.1647 -0.4811
v 1.3237 3.0712 0.6698
v 1.3355 2.9779 0.2902
v 1.3783 3.0206 0.5070
v 0.9160 2.9770 -0.5921
v 0.7064 3.0167 -0.5931
v 0.5558 3.0197 -0.6165
v 0.4305 3.0099 -0.6288
v 0.2951 2.9926 -0.6185
v 0.1537 2.9827 -0.5938
v 1.2060 2.9272 -0.2939
v 1.3157 2.9142 -0.1325
v 1.3169 2.9290 0.0685
v 1.0733 2.9472 -0.4798
v 1.3186 2.8472 0.6963
v 1.3284 2.7524 0.2781
v 1.3578 2.7978 0.5063
v 0.8305 2.7464 -0.5144
v 0.6591 2.7678 -0.5419
v 0.5193 2.7705 -0.5414
v 0.3943 2.7608 -0.5565
v 0.2661 2.7520 -0.5316
v 0.1400 2.7361 -0.5360
v 1.1440 2.7053 -0.2922
v 1.2820 2.6916 -0.1413
v 1.2990 2.7154 0.0586
v 0.9897 2.7135 -0.4621
v 1.3035 2.6209 0.7017
v 1.3161 2.5237 0.2763
v 1.3491 2.5734 0.5005
v 0.7635 2.5035 -0.4602
v 0.6085 2.5178 -0.4767
v 0.4752 2.5208 -0.4626
v 0.3578 2.5168 -0.4698
v 0.2386 2.5059 -0.4594
v 0.1223 2.4845 -0.4895
v 1.0658 2.4649 -0.2772
v 1.2185 2.4569 -0.1356
v 1.2708 2.4810 0.0507
v 0.9276 2.4730 -0.4204
v 1.2941 2.3814 0.6879
v 1.3100 2.2974 0.2739
v 1.3627 2.3424 0.4894
v 0.7161 2.2636 -0.4000
v 0.5642 2.2735 -0.4203
v 0.4400 2.2746 -0.3983
v 0.3321 2.2709 -0.3896
v 0.2227 2.2572 -0.4006
v 0.1138 2.2360 -0.4511
v 1.0167 2.2389 -0.2437
v 1.1726 2.2296 -0.1290
v 1.2491 2.2543 0.0489
v 0.8781 2.2445 -0.3615
v 1.2916 2.1450 0.6714
v 1.3144 2.0857 0.2672
v 1.3835 2.1197 0.4770
v 0.6805 2.0381 -0.3656
v 0.5366 2.0427 -0.3791
v 0.4166 2.0478 -0.3365
v 0.3137 2.0394 -0.3284
v 0.2117 2.0229 -0.3583
v 0.1079 2.0076 -0.4237
v 0.9751 2.0289 -0.2133
v 1.1435 2.0334 -0.1125
v 1.2303 2.0507 0.0467
v 0.8366 2.0319 -0.3201
v 1.2902 1.9324 0.6592
v 1.3281 1.8986 0.2527
v 1.4081 1.9270 0.4635
v 0.6705 1.8447 -0.3474
v 0.5327 1.8436 -0.3509
v 0.4122 1.8419 -0.2904
v 0.3105 1.8330 -0.2880
v 0.2086 1.8190 -0.3340
v 0.1058 1.8115 -0.4196
v 0.9578 1.8378 -0.2024
v 1.1290 1.8522 -0.1104
v 1.2254 1.8691 0.0321
v 0.8199 1.8407 -0.3077
v 1.3161 1.5696 0.6440
v 1.3647 1.5764 0.2172
v 1.4899 1.6087 0.4396
v 0.5565 1.5816 1.4309
v 0.6818 1.6721 -0.3500
v 0.5420 1.6624 -0.3399
v 0.4197 1.6529 -0.2681
v 0.3190 1.6446 -0.2698
v 0.2156 1.6372 -0.3259
v 0.1099 1.6405 -0.4309
v 0.1662 1.5872 1.6273
v 1.1748 1.5390 -0.1456
v 1.2848 1.5603 -0.0086
v 0.8642 1.5202 -0.3630
v 1.3619 1.4050 0.6534
v 1.3833 1.4116 0.2072
v 1.5372 1.4562 0.4434
v 0.3668 1.5867 1.5380
v 0.7515 1.3586 -0.4334
v 0.5981 1.3339 -0.4012
v 0.4712 1.3029 -0.3308
v 0.3715 1.3063 -0.3492
v 0.2591 1.3102 -0.4104
v 0.1289 1.3307 -0.5134
v 1.2263 1.3860 -0.1750
v 1.3421 1.4093 -0.0292
v 0.9049 1.3662 -0.4124
v 1.3336 3.4878 0.7815
v 1.2703 3.3241 0.7726
v 1.2412 3.1440 0.7979
v 1.2093 2.6673 0.8723
v 1.2373 2.9374 0.8585
v 0.8709 2.7735 1.4276
v 1.0228 2.7378 1.2543
v 1.1496 1.5677 1.0820
v 0.1749 2.1436 1.6706
v 0.1831 2.6963 1.6049
v 0.3510 2.1293 1.5436
v 0.7760 2.5443 1.3681
v 0.9571 2.5027 1.2543
v 1.0865 1.9814 1.0637
v 0.5215 2.1026 1.4042
v 0.2100 2.9696 1.5997
v 0.5752 2.3534 1.5141
v 0.7700 2.2974 1.3866
v 0.9345 2.2525 1.2224
v 1.0739 2.2104 1.0668
v 0.3717 2.3955 1.5635
v 0.1811 2.4077 1.6229
v 0.7357 2.0485 1.3343
v 0.9309 2.0132 1.1968
v 1.0747 2.4649 1.0765
v 0.6323 2.8462 1.4945
v 0.3769 2.6596 1.5756
v 0.7546 1.5799 1.3094
v 0.9770 1.5755 1.2021
v 1.0957 2.7102 1.0776
v 0.5543 2.6071 1.4364
v 0.4388 2.9142 1.6415
v 1.1610 2.4233 0.8670
v 1.1575 2.1748 0.8676
v 1.1797 1.9471 0.8723
v 1.2431 1.5608 0.8823
v 0.9961 1.5110 -0.2348
v 0.1573 1.3429 1.5466
v 0.2166 1.1169 1.5650
v 0.1858 0.8509 1.5767
v 0.0890 1.2471 1.5532
v 0.1274 1.1296 1.5589
v 0.1106 0.9946 1.6043
v 0.0593 1.2024 1.5710
v 0.0727 1.1316 1.5730
v 0.0749 1.0574 1.5975
v 0.5766 1.3525 1.4443
v 0.3739 1.3470 1.5390
v 1.1924 1.3669 1.0907
v 0.7717 1.3585 1.3180
v 0.9946 1.3661 1.2019
v 1.2824 1.3808 0.8950
v 1.4084 1.2306 0.6664
v 1.4242 1.2431 0.2023
v 1.5844 1.2898 0.4524
v 1.2843 1.2204 -0.2133
v 1.4061 1.2461 -0.0484
v 0.6075 1.1224 1.4631
v 0.3996 1.1106 1.5585
v 1.2277 1.1713 1.1243
v 0.7955 1.1336 1.3231
v 1.0188 1.1537 1.2193
v 1.3207 1.1946 0.9162
v 1.2440 1.7093 0.0123
v 1.1392 1.6904 -0.1238
v 1.2918 1.7433 0.6478
v 1.4437 1.7608 0.4476
v 1.3459 1.7338 0.2342
v 0.8326 1.6734 -0.3250
v 0.3454 1.4685 -0.2942
v 0.2410 1.4702 -0.3593
v 0.1199 1.4837 -0.4636
v 0.7134 1.5125 -0.3753
v 0.5678 1.4934 -0.3574
v 0.1637 1.8524 1.6461
v 0.4427 1.4708 -0.2799
v 1.2059 1.7463 0.8768
v 0.5530 1.8245 1.4544
v 0.3593 1.8420 1.5332
v 0.7414 1.8077 1.3159
v 0.9534 1.7880 1.1971
v 1.1146 1.7686 1.0703
v 0.9654 1.6684 -0.2122
v 1.2470 0.9536 1.1452
v 0.4044 0.8406 1.5388
v 0.6126 0.8547 1.4222
v 1.4994 1.0715 -0.0912
v 1.3767 1.0461 -0.2934
v 1.6420 1.1034 0.4592
v 1.4976 1.0636 0.1913
v 1.4624 1.0380 0.6766
v 1.3561 0.9952 0.9335
v 1.0363 0.9183 1.2366
v 0.8011 0.8777 1.2934
v 1.0416 1.3521 -0.2697
v 1.0884 1.1822 -0.3280
v 1.1718 1.0258 -0.4624
v 0.7860 1.1979 -0.5095
v 0.6266 1.1766 -0.4863
v 0.4960 1.1503 -0.4281
v 0.3815 1.1530 -0.4328
v 0.2609 1.1532 -0.4788
v 0.1346 1.1756 -0.5910
v 0.8137 1.0299 -0.6026
v 0.6503 1.0249 -0.6070
v 0.5170 0.9949 -0.5535
v 0.3923 0.9786 -0.5377
v 0.2673 0.9853 -0.5954
v 0.1381 1.0084 -0.7000
v 0.8425 0.8717 -0.7862
v 0.6732 0.8783 -0.8057
v 0.5376 0.8631 -0.7856
v 0.4153 0.8527 -0.8014
v 0.2903 0.8448 -0.8473
v 0.1528 0.8312 -0.8971
v 0.9457 1.1997 -0.4750
v 0.9910 1.0351 -0.5770
v 1.2304 0.5998 -0.5746
v 1.0498 0.6242 -0.7677
v 1.5588 0.6224 -0.0976
v 1.4011 0.6034 -0.3432
v 1.7204 0.6367 0.4567
v 1.6511 0.6351 0.1772
v 1.6018 0.5838 0.7126
v 1.4935 0.5249 0.9854
v 1.3331 0.4542 1.2333
v 0.4302 0.2016 1.3894
v 0.6503 0.2497 1.3847
v 1.0853 0.3824 1.3096
v 0.8483 0.3134 1.3336
v 0.2166 0.1559 1.4259
v 1.0656 0.6565 1.2831
v 0.8181 0.5938 1.3122
v 0.4257 0.5074 1.5084
v 0.2162 0.4774 1.5753
v 1.2894 0.7154 1.1989
v 0.6287 0.5459 1.4012
v 0.1461 0.6076 -0.9818
v 0.8539 0.6496 -0.8648
v 0.6827 0.6661 -0.9021
v 0.5451 0.6639 -0.9021
v 1.0504 0.8610 -0.7280
v 0.4172 0.6561 -0.9142
v 0.2814 0.6391 -0.9460
v 1.2511 0.8489 -0.5865
v 1.6453 0.8734 0.1715
v 1.6220 0.8759 -0.1378
v 1.4279 0.7718 0.9677
v 1.5669 0.8298 0.7055
v 1.7275 0.8917 0.4661
v 1.4642 0.8573 -0.3840
vt 0.2693 0.8586
vt 0.2507 0.8489
vt 0.2576 0.8406
vt 0.2759 0.8502
vt 0.2351 0.8417
vt 0.2410 0.8345
vt 0.2224 0.8358
vt 0.2293 0.8284
vt 0.2127 0.8328
vt 0.2182 0.8250
vt 0.2054 0.8313
vt 0.2097 0.8233
vt 0.2657 0.8333
vt 0.2836 0.8423
vt 0.2502 0.8280
vt 0.2382 0.8220
vt 0.2268 0.8168
vt 0.2173 0.8140
vt 0.2917 0.8206
vt 0.2733 0.8145
vt 0.2867 0.8070
vt 0.3121 0.8135
vt 0.2587 0.8091
vt 0.2686 0.8013
vt 0.2465 0.8026
vt 0.2550 0.7940
vt 0.2355 0.7968
vt 0.2423 0.7877
vt 0.3382 0.8129
vt 0.3391 0.8011
vt 0.3591 0.8017
vt 0.3589 0.8119
vt 0.2969 0.7981
vt 0.3189 0.8014
vt 0.2772 0.7923
vt 0.2616 0.7844
vt 0.2478 0.7778
vt 0.3805 0.8004
vt 0.3805 0.8104
vt 0.3712 0.8111
vt 0.3714 0.8010
vt 0.3048 0.7894
vt 0.3246 0.7915
vt 0.2845 0.7836
vt 0.2675 0.7759
vt 0.2537 0.7692
vt 0.3115 0.7799
vt 0.3299 0.7815
vt 0.2907 0.7741
vt 0.2735 0.7665
vt 0.2603 0.7601
vt 0.2421 0.7626
vt 0.2302 0.7560
vt 0.2359 0.7469
vt 0.2484 0.7535
vt 0.2177 0.7495
vt 0.2224 0.7414
vt 0.2049 0.7422
vt 0.2084 0.7354
vt 0.3161 0.7700
vt 0.3333 0.7727
vt 0.2958 0.7635
vt 0.2799 0.7556
vt 0.2680 0.7497
vt 0.2430 0.7365
vt 0.2563 0.7436
vt 0.2285 0.7313
vt 0.2129 0.7261
vt 0.3805 0.7731
vt 0.3713 0.7765
vt 0.3716 0.7651
vt 0.3805 0.7604
vt 0.3206 0.7584
vt 0.3369 0.7600
vt 0.3010 0.7524
vt 0.2872 0.7444
vt 0.2775 0.7370
vt 0.2515 0.7235
vt 0.2661 0.7317
vt 0.2354 0.7176
vt 0.2183 0.7134
vt 0.3744 0.7455
vt 0.3805 0.7432
vt 0.3805 0.7912
vt 0.3713 0.7913
vt 0.2636 0.8656
vt 0.2459 0.8564
vt 0.2309 0.8490
vt 0.2179 0.8436
vt 0.2091 0.8408
vt 0.2027 0.8392
vt 0.3600 0.7919
vt 0.3639 0.7681
vt 0.3664 0.7505
vt 0.3241 0.8270
vt 0.3425 0.8247
vt 0.3617 0.7793
vt 0.3583 0.8233
vt 0.3080 0.8312
vt 0.2861 0.8685
vt 0.2945 0.8621
vt 0.2663 0.8842
vt 0.2822 0.8927
vt 0.2771 0.8977
vt 0.2622 0.8895
vt 0.2567 0.9241
vt 0.2654 0.9293
vt 0.2643 0.9372
vt 0.2567 0.9332
vt 0.2721 0.8791
vt 0.2885 0.8878
vt 0.2580 0.9127
vt 0.2681 0.9190
vt 0.2583 0.9033
vt 0.2703 0.9106
vt 0.2598 0.8961
vt 0.2732 0.9036
vt 0.2565 0.9412
vt 0.2636 0.9445
vt 0.2624 0.9509
vt 0.2561 0.9488
vt 0.2614 0.9562
vt 0.2552 0.9548
vt 0.2496 0.9473
vt 0.2492 0.9544
vt 0.2483 0.8990
vt 0.2489 0.9079
vt 0.2489 0.9193
vt 0.2493 0.9294
vt 0.2570 0.8710
vt 0.2526 0.8769
vt 0.2495 0.9385
vt 0.2494 0.8832
vt 0.2483 0.8907
vt 0.3027 0.8579
vt 0.3180 0.8705
vt 0.3094 0.8751
vt 0.2945 0.8621
vt 0.3483 0.8376
vt 0.3560 0.8529
vt 0.3463 0.8563
vt 0.3364 0.8410
vt 0.3600 0.8363
vt 0.3651 0.8518
vt 0.3364 0.8609
vt 0.3248 0.8474
vt 0.2861 0.8685
vt 0.3018 0.8800
vt 0.2958 0.8835
vt 0.2786 0.8741
vt 0.3755 0.8507
vt 0.3715 0.8357
vt 0.3805 0.8387
vt 0.3805 0.8518
vt 0.3705 0.8226
vt 0.3805 0.8224
vt 0.3420 0.7917
vt 0.3448 0.7819
vt 0.3482 0.7718
vt 0.3518 0.7587
vt 0.2432 0.9468
vt 0.2432 0.9546
vt 0.2386 0.8696
vt 0.2374 0.8776
vt 0.2429 0.9370
vt 0.2424 0.9267
vt 0.2378 0.8865
vt 0.2392 0.8960
vt 0.2407 0.9062
vt 0.2416 0.9166
vt 0.2412 0.8626
vt 0.2306 0.8938
vt 0.2331 0.9056
vt 0.2345 0.9164
vt 0.2357 0.9260
vt 0.2267 0.8559
vt 0.2249 0.8634
vt 0.2373 0.9477
vt 0.2376 0.9552
vt 0.2260 0.8728
vt 0.2366 0.9374
vt 0.2281 0.8826
vt 0.2257 0.9065
vt 0.2192 0.9106
vt 0.2161 0.9000
vt 0.2214 0.8922
vt 0.1559 0.6922
vt 0.1604 0.6857
vt 0.1673 0.6918
vt 0.1618 0.6993
vt 0.2132 0.9147
vt 0.2107 0.9058
vt 0.1477 0.7025
vt 0.1516 0.6972
vt 0.1576 0.7045
vt 0.1530 0.7097
vt 0.2277 0.9182
vt 0.2212 0.9209
vt 0.1497 0.6858
vt 0.1545 0.6801
vt 0.2149 0.9234
vt 0.1421 0.6960
vt 0.1457 0.6905
vt 0.2289 0.9290
vt 0.2229 0.9318
vt 0.1445 0.6810
vt 0.1491 0.6755
vt 0.2171 0.9339
vt 0.1371 0.6898
vt 0.1406 0.6856
vt 0.2304 0.9388
vt 0.2239 0.9404
vt 0.1394 0.6763
vt 0.1440 0.6711
vt 0.2181 0.9421
vt 0.1321 0.6846
vt 0.1355 0.6806
vt 0.2311 0.9479
vt 0.2249 0.9488
vt 0.1339 0.6721
vt 0.1388 0.6664
vt 0.2188 0.9501
vt 0.1268 0.6795
vt 0.1301 0.6759
vt 0.2319 0.9561
vt 0.2259 0.9572
vt 0.1272 0.6665
vt 0.1322 0.6606
vt 0.2208 0.9583
vt 0.1205 0.6742
vt 0.1237 0.6705
vt 0.2148 0.8517
vt 0.2151 0.8605
vt 0.2163 0.8692
vt 0.2191 0.8790
vt 0.2067 0.8492
vt 0.2071 0.8580
vt 0.1637 0.7112
vt 0.1693 0.7056
vt 0.1776 0.7120
vt 0.1711 0.7186
vt 0.2087 0.8663
vt 0.1751 0.6986
vt 0.1836 0.7047
vt 0.2113 0.8748
vt 0.1711 0.7186
vt 0.1837 0.7229
vt 0.1811 0.7284
vt 0.1711 0.7251
vt 0.1613 0.7211
vt 0.1637 0.7254
vt 0.2009 0.8475
vt 0.2008 0.8561
vt 0.1882 0.7161
vt 0.2027 0.8643
vt 0.1932 0.7082
vt 0.2049 0.8721
vt 0.2129 0.8841
vt 0.2063 0.8799
vt 0.2112 0.8920
vt 0.2057 0.8872
vt 0.1957 0.8461
vt 0.1960 0.8547
vt 0.1976 0.8630
vt 0.1992 0.8706
vt 0.2002 0.8778
vt 0.1999 0.8845
vt 0.1949 0.7287
vt 0.1989 0.7208
vt 0.1924 0.7347
vt 0.2030 0.8934
vt 0.1985 0.8902
vt 0.2319 0.7816
vt 0.2367 0.7716
vt 0.1994 0.8300
vt 0.2034 0.8216
vt 0.1971 0.8379
vt 0.2100 0.8118
vt 0.2262 0.7914
vt 0.1574 0.7159
vt 0.2036 0.7107
vt 0.2072 0.8984
vt 0.3259 0.6963
vt 0.3252 0.6961
vt 0.3253 0.6949
vt 0.3265 0.6952
vt 0.3237 0.6989
vt 0.3243 0.6993
vt 0.3236 0.7005
vt 0.3227 0.6998
vt 0.3245 0.6962
vt 0.3241 0.6951
vt 0.3249 0.6995
vt 0.3248 0.7008
vt 0.3239 0.6965
vt 0.3230 0.6956
vt 0.3256 0.6995
vt 0.3260 0.7007
vt 0.3235 0.6971
vt 0.3223 0.6965
vt 0.3269 0.6979
vt 0.3268 0.6973
vt 0.3281 0.6969
vt 0.3283 0.6980
vt 0.3263 0.6991
vt 0.3271 0.7001
vt 0.3233 0.6977
vt 0.3220 0.6976
vt 0.3265 0.6967
vt 0.3275 0.6959
vt 0.3267 0.6986
vt 0.3279 0.6992
vt 0.3234 0.6984
vt 0.3221 0.6987
vt 0.3253 0.6923
vt 0.3279 0.6928
vt 0.3219 0.7038
vt 0.3200 0.7022
vt 0.3229 0.6927
vt 0.3243 0.7046
vt 0.3207 0.6938
vt 0.3269 0.7043
vt 0.3193 0.6956
vt 0.3313 0.6963
vt 0.3316 0.6988
vt 0.3293 0.7031
vt 0.3187 0.6978
vt 0.3300 0.6943
vt 0.3309 0.7012
vt 0.3189 0.7001
vt 0.3244 0.7135
vt 0.3190 0.7119
vt 0.3167 0.6919
vt 0.3212 0.6896
vt 0.3301 0.7132
vt 0.3134 0.6954
vt 0.3395 0.6971
vt 0.3404 0.7020
vt 0.3353 0.7108
vt 0.3121 0.6996
vt 0.3366 0.6929
vt 0.3389 0.7070
vt 0.3123 0.7042
vt 0.3320 0.6901
vt 0.3149 0.7084
vt 0.3265 0.6887
vt 0.3114 0.7134
vt 0.3170 0.7181
vt 0.3146 0.7260
vt 0.3076 0.7187
vt 0.3273 0.6862
vt 0.3200 0.6872
vt 0.3182 0.6842
vt 0.3285 0.6835
vt 0.3243 0.7205
vt 0.3239 0.7297
vt 0.3130 0.6898
vt 0.3084 0.6877
vt 0.3322 0.7202
vt 0.3342 0.7302
vt 0.3092 0.6949
vt 0.3025 0.6946
vt 0.3461 0.7051
vt 0.3450 0.6983
vt 0.3522 0.6999
vt 0.3535 0.7085
vt 0.3392 0.7171
vt 0.3443 0.7259
vt 0.3069 0.7014
vt 0.3008 0.7033
vt 0.3409 0.6926
vt 0.3478 0.6923
vt 0.3440 0.7118
vt 0.3515 0.7179
vt 0.3074 0.7077
vt 0.3025 0.7114
vt 0.3356 0.6884
vt 0.3400 0.6858
vt 0.3239 0.7389
vt 0.3110 0.7340
vt 0.3039 0.6850
vt 0.3156 0.6807
vt 0.3366 0.7388
vt 0.2944 0.6937
vt 0.3608 0.7009
vt 0.3628 0.7129
vt 0.3485 0.7345
vt 0.2931 0.7054
vt 0.3536 0.6904
vt 0.3591 0.7245
vt 0.2939 0.7190
vt 0.3443 0.6833
vt 0.3015 0.7272
vt 0.3292 0.6794
vt 0.3056 0.7429
vt 0.2945 0.7355
vt 0.3103 0.6742
vt 0.3299 0.6742
vt 0.3235 0.7502
vt 0.2955 0.6812
vt 0.3372 0.7501
vt 0.2849 0.6926
vt 0.3693 0.7005
vt 0.3710 0.7158
vt 0.3512 0.7446
vt 0.2845 0.7082
vt 0.3604 0.6867
vt 0.3676 0.7313
vt 0.2859 0.7255
vt 0.3477 0.6789
vt 0.3745 0.7307
vt 0.3748 0.7151
vt 0.3731 0.6993
vt 0.3696 0.6859
vt 0.3805 0.7306
vt 0.3805 0.7126
vt 0.3805 0.6990
vt 0.3805 0.6854
vt 0.2571 0.7105
vt 0.2702 0.7177
vt 0.3135 0.8531
vt 0.3269 0.8659
vt 0.3135 0.8531
vt 0.2940 0.8367
vt 0.2765 0.8272
vt 0.2940 0.8367
vt 0.2612 0.8216
vt 0.2486 0.8158
vt 0.2367 0.8099
vt 0.2367 0.8099
vt 0.2269 0.8052
vt 0.2187 0.8011
vt 0.2269 0.8052
vt 0.2074 0.9185
vt 0.2052 0.9102
vt 0.2098 0.9263
vt 0.2117 0.9359
vt 0.2130 0.9436
vt 0.2141 0.9515
vt 0.2161 0.9593
vt 0.1987 0.8982
vt 0.1947 0.8947
vt 0.2021 0.9033
vt 0.2018 0.9223
vt 0.1991 0.9140
vt 0.2046 0.9303
vt 0.2066 0.9379
vt 0.2081 0.9450
vt 0.2095 0.9523
vt 0.2115 0.9603
vt 0.1928 0.9018
vt 0.1901 0.8980
vt 0.1960 0.9072
vt 0.1490 0.6647
vt 0.1541 0.6689
vt 0.1813 0.6895
vt 0.1900 0.6945
vt 0.1594 0.6734
vt 0.2420 0.7027
vt 0.1990 0.6973
vt 0.2095 0.6987
vt 0.2242 0.7000
vt 0.1654 0.6785
vt 0.1373 0.6541
vt 0.1437 0.6601
vt 0.1725 0.6841
vt 0.1476 0.6528
vt 0.1538 0.6575
vt 0.2301 0.6858
vt 0.2460 0.6895
vt 0.1418 0.6478
vt 0.1708 0.6697
vt 0.1785 0.6741
vt 0.1878 0.6788
vt 0.1966 0.6827
vt 0.1646 0.6652
vt 0.2056 0.6841
vt 0.1591 0.6613
vt 0.2163 0.6851
vt 0.2602 0.6984
vt 0.2226 0.6702
vt 0.2361 0.6708
vt 0.1526 0.6449
vt 0.1584 0.6491
vt 0.2508 0.6741
vt 0.1467 0.6397
vt 0.1766 0.6588
vt 0.1844 0.6621
vt 0.1938 0.6652
vt 0.2029 0.6681
vt 0.1701 0.6553
vt 0.2116 0.6695
vt 0.1643 0.6522
vt 0.2644 0.6829
vt 0.2299 0.6536
vt 0.2427 0.6553
vt 0.1574 0.6352
vt 0.1635 0.6377
vt 0.2559 0.6586
vt 0.1513 0.6317
vt 0.1818 0.6455
vt 0.1894 0.6477
vt 0.1987 0.6499
vt 0.2086 0.6522
vt 0.1754 0.6431
vt 0.2199 0.6531
vt 0.1696 0.6409
vt 0.2694 0.6650
vt 0.2357 0.6372
vt 0.2477 0.6383
vt 0.1630 0.6238
vt 0.1685 0.6266
vt 0.2616 0.6421
vt 0.1564 0.6207
vt 0.1860 0.6321
vt 0.1931 0.6340
vt 0.2024 0.6355
vt 0.2146 0.6361
vt 0.1799 0.6304
vt 0.2249 0.6367
vt 0.1741 0.6288
vt 0.2745 0.6477
vt 0.2391 0.6214
vt 0.2508 0.6231
vt 0.1664 0.6133
vt 0.1719 0.6155
vt 0.2646 0.6258
vt 0.1594 0.6114
vt 0.1900 0.6201
vt 0.1977 0.6209
vt 0.2074 0.6210
vt 0.2179 0.6213
vt 0.1835 0.6191
vt 0.2283 0.6213
vt 0.1776 0.6174
vt 0.2774 0.6298
vt 0.2649 0.6103
vt 0.2778 0.6127
vt 0.2401 0.6070
vt 0.2512 0.6084
vt 0.1689 0.6039
vt 0.1744 0.6052
vt 0.1618 0.6023
vt 0.1927 0.6083
vt 0.2008 0.6083
vt 0.2104 0.6081
vt 0.2202 0.6075
vt 0.1860 0.6079
vt 0.2301 0.6072
vt 0.1800 0.6069
vt 0.1763 0.5962
vt 0.1817 0.5974
vt 0.2636 0.5986
vt 0.2761 0.6003
vt 0.2399 0.5951
vt 0.2504 0.5962
vt 0.1705 0.5951
vt 0.1628 0.5944
vt 0.1945 0.5980
vt 0.2032 0.5973
vt 0.2119 0.5970
vt 0.2215 0.5962
vt 0.1876 0.5980
vt 0.2307 0.5957
vt 0.2305 0.5870
vt 0.2303 0.5790
vt 0.2395 0.5791
vt 0.2392 0.5870
vt 0.1765 0.5885
vt 0.1827 0.5895
vt 0.2628 0.5889
vt 0.2621 0.5803
vt 0.2743 0.5815
vt 0.2751 0.5903
vt 0.2499 0.5795
vt 0.2504 0.5877
vt 0.1706 0.5874
vt 0.1629 0.5869
vt 0.1959 0.5899
vt 0.2041 0.5890
vt 0.1887 0.5900
vt 0.2298 0.5707
vt 0.2394 0.5702
vt 0.1768 0.5825
vt 0.1762 0.5765
vt 0.1824 0.5762
vt 0.1829 0.5828
vt 0.2617 0.5713
vt 0.2742 0.5725
vt 0.2493 0.5709
vt 0.1703 0.5823
vt 0.1697 0.5771
vt 0.1627 0.5822
vt 0.1622 0.5777
vt 0.1965 0.5823
vt 0.1960 0.5746
vt 0.2040 0.5734
vt 0.2044 0.5814
vt 0.1891 0.5829
vt 0.1889 0.5756
vt 0.2731 0.7039
vt 0.2759 0.6893
vt 0.2898 0.6143
vt 0.2880 0.6020
vt 0.3014 0.6027
vt 0.3026 0.6161
vt 0.2898 0.6143
vt 0.2899 0.6330
vt 0.3020 0.6357
vt 0.2872 0.6526
vt 0.3598 0.6009
vt 0.3599 0.5873
vt 0.3708 0.5883
vt 0.3700 0.6018
vt 0.3000 0.6562
vt 0.3805 0.5899
vt 0.3805 0.6030
vt 0.3138 0.6571
vt 0.3308 0.6613
vt 0.3460 0.5993
vt 0.3467 0.5859
vt 0.2818 0.6725
vt 0.3590 0.6359
vt 0.3591 0.6186
vt 0.3701 0.6208
vt 0.3701 0.6384
vt 0.3156 0.6387
vt 0.3315 0.6437
vt 0.2955 0.6812
vt 0.3805 0.6209
vt 0.3805 0.6392
vt 0.3466 0.6315
vt 0.3463 0.6155
vt 0.3594 0.6537
vt 0.3703 0.6561
vt 0.3805 0.6573
vt 0.3471 0.6498
vt 0.3166 0.6180
vt 0.3318 0.6235
vt 0.3476 0.6669
vt 0.3588 0.6707
vt 0.3693 0.6732
vt 0.3805 0.6728
vt 0.3160 0.6046
vt 0.3317 0.6097
vt 0.3157 0.5945
vt 0.3151 0.5846
vt 0.3314 0.5855
vt 0.3319 0.5972
vt 0.3007 0.5932
vt 0.3006 0.5837
vt 0.2872 0.5920
vt 0.2870 0.5828
vt 0.3460 0.5993
vt 0.3319 0.5972
vt 0.2220 0.5872
vt 0.2305 0.5870
vt 0.2131 0.5880
vt 0.3718 0.5759
vt 0.3744 0.5720
vt 0.3805 0.5741
vt 0.3805 0.5785
vt 0.3694 0.5647
vt 0.3726 0.5643
vt 0.3709 0.5520
vt 0.3736 0.5567
vt 0.3805 0.5469
vt 0.3805 0.5522
vt 0.3756 0.5685
vt 0.3805 0.5696
vt 0.3745 0.5640
vt 0.3751 0.5595
vt 0.3805 0.5569
vt 0.3805 0.5637
vt 0.3314 0.5855
vt 0.3311 0.5744
vt 0.3457 0.5749
vt 0.3467 0.5859
vt 0.3155 0.5742
vt 0.2870 0.5732
vt 0.3005 0.5739
vt 0.3595 0.5768
vt 0.3153 0.5632
vt 0.3305 0.5632
vt 0.3003 0.5633
vt 0.2280 0.5602
vt 0.2385 0.5604
vt 0.2868 0.5630
vt 0.2493 0.5613
vt 0.3451 0.5629
vt 0.2740 0.5626
vt 0.2615 0.5615
vt 0.3583 0.5633
vt 0.2220 0.5793
vt 0.2131 0.5802
vt 0.2736 0.5512
vt 0.2859 0.5514
vt 0.2991 0.5513
vt 0.3144 0.5505
vt 0.2491 0.5507
vt 0.2614 0.5506
vt 0.3445 0.5485
vt 0.3577 0.5485
vt 0.3300 0.5499
vt 0.2264 0.5493
vt 0.2373 0.5498
vt 0.2197 0.5610
vt 0.2173 0.5498
vt 0.2217 0.5710
vt 0.2124 0.5720
vt 0.1685 0.5704
vt 0.1747 0.5689
vt 0.1946 0.5660
vt 0.2027 0.5645
vt 0.1811 0.5685
vt 0.1875 0.5675
vt 0.1616 0.5715
vt 0.1846 0.5573
vt 0.1919 0.5554
vt 0.1662 0.5613
vt 0.1724 0.5598
vt 0.2000 0.5534
vt 0.1783 0.5586
vt 0.1601 0.5621
vt 0.2111 0.5626
vt 0.2085 0.5514
vt 0.2051 0.5390
vt 0.2013 0.5279
vt 0.2106 0.5268
vt 0.2140 0.5377
vt 0.2367 0.5381
vt 0.2350 0.5264
vt 0.2477 0.5264
vt 0.2489 0.5384
vt 0.2725 0.5384
vt 0.2709 0.5253
vt 0.2828 0.5245
vt 0.2853 0.5384
vt 0.2594 0.5258
vt 0.2607 0.5382
vt 0.2241 0.5377
vt 0.2221 0.5266
vt 0.3146 0.5364
vt 0.3143 0.5211
vt 0.3293 0.5180
vt 0.3296 0.5339
vt 0.3432 0.5146
vt 0.3437 0.5315
vt 0.3560 0.5114
vt 0.3568 0.5297
vt 0.2988 0.5376
vt 0.2980 0.5234
vt 0.3697 0.5283
vt 0.3681 0.5090
vt 0.3805 0.5077
vt 0.3805 0.5277
vt 0.1575 0.5500
vt 0.1553 0.5411
vt 0.1600 0.5389
vt 0.1630 0.5487
vt 0.1878 0.5431
vt 0.1839 0.5317
vt 0.1921 0.5294
vt 0.1961 0.5407
vt 0.1803 0.5453
vt 0.1763 0.5345
vt 0.1741 0.5470
vt 0.1700 0.5363
vt 0.1685 0.5481
vt 0.1648 0.5376
vt 0.4918 0.8586
vt 0.4852 0.8502
vt 0.5034 0.8406
vt 0.5104 0.8489
vt 0.5200 0.8345
vt 0.5260 0.8417
vt 0.5318 0.8284
vt 0.5386 0.8358
vt 0.5429 0.8250
vt 0.5483 0.8328
vt 0.5513 0.8233
vt 0.5557 0.8313
vt 0.4774 0.8423
vt 0.4954 0.8333
vt 0.5109 0.8280
vt 0.5229 0.8220
vt 0.5343 0.8168
vt 0.5437 0.8140
vt 0.4694 0.8206
vt 0.4490 0.8135
vt 0.4743 0.8070
vt 0.4878 0.8145
vt 0.4925 0.8013
vt 0.5024 0.8091
vt 0.5061 0.7940
vt 0.5145 0.8026
vt 0.5188 0.7877
vt 0.5255 0.7968
vt 0.4229 0.8129
vt 0.4021 0.8119
vt 0.4020 0.8017
vt 0.4219 0.8011
vt 0.4421 0.8014
vt 0.4642 0.7981
vt 0.4839 0.7923
vt 0.4995 0.7844
vt 0.5132 0.7778
vt 0.3897 0.8010
vt 0.3898 0.8111
vt 0.4364 0.7915
vt 0.4563 0.7894
vt 0.4766 0.7836
vt 0.4936 0.7759
vt 0.5074 0.7692
vt 0.4311 0.7815
vt 0.4496 0.7799
vt 0.4703 0.7741
vt 0.4875 0.7665
vt 0.5008 0.7601
vt 0.5190 0.7626
vt 0.5126 0.7535
vt 0.5252 0.7469
vt 0.5308 0.7560
vt 0.5387 0.7414
vt 0.5433 0.7495
vt 0.5527 0.7354
vt 0.5562 0.7422
vt 0.4278 0.7727
vt 0.4450 0.7700
vt 0.4652 0.7635
vt 0.4812 0.7556
vt 0.4930 0.7497
vt 0.5048 0.7436
vt 0.5181 0.7365
vt 0.5326 0.7313
vt 0.5482 0.7261
vt 0.3894 0.7651
vt 0.3898 0.7765
vt 0.4241 0.7600
vt 0.4404 0.7584
vt 0.4601 0.7524
vt 0.4739 0.7444
vt 0.4836 0.7370
vt 0.4949 0.7317
vt 0.5096 0.7235
vt 0.5256 0.7176
vt 0.5427 0.7134
vt 0.3867 0.7455
vt 0.3897 0.7913
vt 0.4974 0.8656
vt 0.5152 0.8564
vt 0.5302 0.8490
vt 0.5431 0.8436
vt 0.5519 0.8408
vt 0.5584 0.8392
vt 0.4010 0.7919
vt 0.3947 0.7505
vt 0.3972 0.7681
vt 0.4370 0.8270
vt 0.4186 0.8247
vt 0.3994 0.7793
vt 0.4028 0.8233
vt 0.4531 0.8312
vt 0.4750 0.8685
vt 0.4666 0.8621
vt 0.4948 0.8842
vt 0.4989 0.8895
vt 0.4839 0.8977
vt 0.4789 0.8927
vt 0.5044 0.9241
vt 0.5044 0.9332
vt 0.4968 0.9372
vt 0.4957 0.9293
vt 0.4890 0.8791
vt 0.4725 0.8878
vt 0.5031 0.9127
vt 0.4930 0.9190
vt 0.5028 0.9033
vt 0.4907 0.9106
vt 0.5013 0.8961
vt 0.4879 0.9036
vt 0.5046 0.9412
vt 0.5050 0.9488
vt 0.4987 0.9509
vt 0.4975 0.9445
vt 0.5059 0.9548
vt 0.4997 0.9562
vt 0.5128 0.8990
vt 0.5122 0.9079
vt 0.5122 0.9193
vt 0.5117 0.9294
vt 0.5041 0.8710
vt 0.5085 0.8769
vt 0.5116 0.9385
vt 0.5117 0.8832
vt 0.5115 0.9473
vt 0.5128 0.8907
vt 0.4584 0.8579
vt 0.4666 0.8621
vt 0.4516 0.8751
vt 0.4431 0.8705
vt 0.4127 0.8376
vt 0.4247 0.8410
vt 0.4148 0.8563
vt 0.4051 0.8529
vt 0.4010 0.8363
vt 0.3960 0.8518
vt 0.4362 0.8474
vt 0.4246 0.8609
vt 0.4750 0.8685
vt 0.4825 0.8741
vt 0.4653 0.8835
vt 0.4592 0.8800
vt 0.3855 0.8507
vt 0.3895 0.8357
vt 0.3906 0.8226
vt 0.4163 0.7819
vt 0.4191 0.7917
vt 0.4129 0.7718
vt 0.4092 0.7587
vt 0.3906 0.8226
vt 0.5179 0.9468
vt 0.5179 0.9546
vt 0.5118 0.9544
vt 0.5115 0.9473
vt 0.5225 0.8696
vt 0.5237 0.8776
vt 0.5187 0.9267
vt 0.5182 0.9370
vt 0.5232 0.8865
vt 0.5219 0.8960
vt 0.5203 0.9062
vt 0.5195 0.9166
vt 0.5198 0.8626
vt 0.5304 0.8938
vt 0.5280 0.9056
vt 0.5265 0.9164
vt 0.5253 0.9260
vt 0.5343 0.8559
vt 0.5361 0.8634
vt 0.5238 0.9477
vt 0.5234 0.9552
vt 0.5351 0.8728
vt 0.5245 0.9374
vt 0.5330 0.8826
vt 0.5353 0.9065
vt 0.5397 0.8922
vt 0.5450 0.9000
vt 0.5418 0.9106
vt 0.6052 0.6922
vt 0.5992 0.6993
vt 0.5938 0.6918
vt 0.6007 0.6857
vt 0.5503 0.9058
vt 0.5478 0.9147
vt 0.6133 0.7025
vt 0.6081 0.7097
vt 0.6035 0.7045
vt 0.6095 0.6972
vt 0.5334 0.9182
vt 0.5399 0.9209
vt 0.6114 0.6858
vt 0.6066 0.6801
vt 0.5461 0.9234
vt 0.6190 0.6960
vt 0.6154 0.6905
vt 0.5321 0.9290
vt 0.5382 0.9318
vt 0.6165 0.6810
vt 0.6120 0.6755
vt 0.5440 0.9339
vt 0.6239 0.6898
vt 0.6205 0.6856
vt 0.5307 0.9388
vt 0.5372 0.9404
vt 0.6216 0.6763
vt 0.6171 0.6711
vt 0.5430 0.9421
vt 0.6290 0.6846
vt 0.6256 0.6806
vt 0.5299 0.9479
vt 0.5362 0.9488
vt 0.6272 0.6721
vt 0.6223 0.6664
vt 0.5422 0.9501
vt 0.6343 0.6795
vt 0.6310 0.6759
vt 0.5292 0.9561
vt 0.5351 0.9572
vt 0.6338 0.6665
vt 0.6289 0.6606
vt 0.5403 0.9583
vt 0.6406 0.6742
vt 0.6374 0.6705
vt 0.5462 0.8517
vt 0.5459 0.8605
vt 0.5447 0.8692
vt 0.5420 0.8790
vt 0.5544 0.8492
vt 0.5540 0.8580
vt 0.5974 0.7112
vt 0.5900 0.7186
vt 0.5835 0.7120
vt 0.5918 0.7056
vt 0.5524 0.8663
vt 0.5775 0.7047
vt 0.5859 0.6986
vt 0.5498 0.8748
vt 0.5900 0.7186
vt 0.5900 0.7251
vt 0.5799 0.7284
vt 0.5773 0.7229
vt 0.5998 0.7211
vt 0.5974 0.7254
vt 0.5602 0.8475
vt 0.5603 0.8561
vt 0.5729 0.7161
vt 0.5583 0.8643
vt 0.5678 0.7082
vt 0.5562 0.8721
vt 0.5547 0.8799
vt 0.5481 0.8841
vt 0.5554 0.8872
vt 0.5499 0.8920
vt 0.5653 0.8461
vt 0.5651 0.8547
vt 0.5635 0.8630
vt 0.5619 0.8706
vt 0.5608 0.8778
vt 0.5612 0.8845
vt 0.5622 0.7208
vt 0.5662 0.7287
vt 0.5687 0.7347
vt 0.5626 0.8902
vt 0.5581 0.8934
vt 0.5243 0.7716
vt 0.5292 0.7816
vt 0.5577 0.8216
vt 0.5617 0.8300
vt 0.5640 0.8379
vt 0.5511 0.8118
vt 0.5349 0.7914
vt 0.6036 0.7159
vt 0.5574 0.7107
vt 0.5538 0.8984
vt 0.4351 0.6963
vt 0.4346 0.6952
vt 0.4358 0.6949
vt 0.4358 0.6961
vt 0.4374 0.6989
vt 0.4384 0.6998
vt 0.4375 0.7005
vt 0.4368 0.6993
vt 0.4370 0.6951
vt 0.4365 0.6962
vt 0.4361 0.6995
vt 0.4363 0.7008
vt 0.4380 0.6956
vt 0.4372 0.6965
vt 0.4350 0.7007
vt 0.4354 0.6995
vt 0.4388 0.6965
vt 0.4376 0.6971
vt 0.4341 0.6979
vt 0.4328 0.6980
vt 0.4329 0.6969
vt 0.4342 0.6973
vt 0.4339 0.7001
vt 0.4348 0.6991
vt 0.4391 0.6976
vt 0.4378 0.6977
vt 0.4336 0.6959
vt 0.4346 0.6967
vt 0.4343 0.6986
vt 0.4331 0.6992
vt 0.4390 0.6987
vt 0.4377 0.6984
vt 0.4332 0.6928
vt 0.4357 0.6923
vt 0.4411 0.7022
vt 0.4392 0.7038
vt 0.4382 0.6927
vt 0.4367 0.7046
vt 0.4404 0.6938
vt 0.4341 0.7043
vt 0.4418 0.6956
vt 0.4294 0.6988
vt 0.4298 0.6963
vt 0.4318 0.7031
vt 0.4424 0.6978
vt 0.4311 0.6943
vt 0.4301 0.7012
vt 0.4422 0.7001
vt 0.4421 0.7119
vt 0.4367 0.7135
vt 0.4399 0.6896
vt 0.4444 0.6919
vt 0.4309 0.7132
vt 0.4477 0.6954
vt 0.4207 0.7020
vt 0.4215 0.6971
vt 0.4258 0.7108
vt 0.4489 0.6996
vt 0.4245 0.6929
vt 0.4222 0.7070
vt 0.4488 0.7042
vt 0.4291 0.6901
vt 0.4462 0.7084
vt 0.4346 0.6887
vt 0.4497 0.7134
vt 0.4535 0.7187
vt 0.4464 0.7260
vt 0.4441 0.7181
vt 0.4338 0.6862
vt 0.4326 0.6835
vt 0.4428 0.6842
vt 0.4411 0.6872
vt 0.4367 0.7205
vt 0.4371 0.7297
vt 0.4527 0.6877
vt 0.4480 0.6898
vt 0.4269 0.7302
vt 0.4289 0.7202
vt 0.4586 0.6946
vt 0.4519 0.6949
vt 0.4150 0.7051
vt 0.4076 0.7085
vt 0.4089 0.6999
vt 0.4161 0.6983
vt 0.4168 0.7259
vt 0.4219 0.7171
vt 0.4602 0.7033
vt 0.4542 0.7014
vt 0.4133 0.6923
vt 0.4201 0.6926
vt 0.4170 0.7118
vt 0.4096 0.7179
vt 0.4586 0.7114
vt 0.4537 0.7077
vt 0.4211 0.6858
vt 0.4255 0.6884
vt 0.4501 0.7340
vt 0.4372 0.7389
vt 0.4455 0.6807
vt 0.4572 0.6850
vt 0.4244 0.7388
vt 0.4666 0.6937
vt 0.3983 0.7129
vt 0.4003 0.7009
vt 0.4125 0.7345
vt 0.4679 0.7054
vt 0.4075 0.6904
vt 0.4019 0.7245
vt 0.4672 0.7190
vt 0.4167 0.6833
vt 0.4595 0.7272
vt 0.4318 0.6794
vt 0.4665 0.7355
vt 0.4554 0.7429
vt 0.4311 0.6742
vt 0.4508 0.6742
vt 0.4376 0.7502
vt 0.4656 0.6812
vt 0.4239 0.7501
vt 0.4762 0.6926
vt 0.3901 0.7158
vt 0.3918 0.7005
vt 0.4099 0.7446
vt 0.4765 0.7082
vt 0.4007 0.6867
vt 0.3935 0.7313
vt 0.4751 0.7255
vt 0.4133 0.6789
vt 0.3866 0.7307
vt 0.3862 0.7151
vt 0.3880 0.6993
vt 0.3914 0.6859
vt 0.4908 0.7177
vt 0.5040 0.7105
vt 0.4476 0.8531
vt 0.4341 0.8659
vt 0.4476 0.8531
vt 0.4671 0.8367
vt 0.4846 0.8272
vt 0.4671 0.8367
vt 0.4999 0.8216
vt 0.5125 0.8158
vt 0.5243 0.8099
vt 0.5243 0.8099
vt 0.5342 0.8052
vt 0.5423 0.8011
vt 0.5342 0.8052
vt 0.5558 0.9102
vt 0.5537 0.9185
vt 0.5512 0.9263
vt 0.5494 0.9359
vt 0.5481 0.9436
vt 0.5469 0.9515
vt 0.5450 0.9593
vt 0.5664 0.8947
vt 0.5624 0.8982
vt 0.5590 0.9033
vt 0.5620 0.9140
vt 0.5593 0.9223
vt 0.5564 0.9303
vt 0.5544 0.9379
vt 0.5530 0.9450
vt 0.5515 0.9523
vt 0.5496 0.9603
vt 0.5709 0.8980
vt 0.5683 0.9018
vt 0.5650 0.9072
vt 0.6070 0.6689
vt 0.6121 0.6647
vt 0.5711 0.6945
vt 0.5797 0.6895
vt 0.6016 0.6734
vt 0.5190 0.7027
vt 0.5516 0.6987
vt 0.5620 0.6973
vt 0.5368 0.7000
vt 0.5956 0.6785
vt 0.6174 0.6601
vt 0.6238 0.6541
vt 0.5885 0.6841
vt 0.6073 0.6575
vt 0.6134 0.6528
vt 0.5151 0.6895
vt 0.5310 0.6858
vt 0.6193 0.6478
vt 0.5826 0.6741
vt 0.5903 0.6697
vt 0.5644 0.6827
vt 0.5733 0.6788
vt 0.5965 0.6652
vt 0.5554 0.6841
vt 0.6019 0.6613
vt 0.5447 0.6851
vt 0.5008 0.6984
vt 0.5250 0.6708
vt 0.5385 0.6702
vt 0.6027 0.6491
vt 0.6085 0.6449
vt 0.5103 0.6741
vt 0.6143 0.6397
vt 0.5767 0.6621
vt 0.5845 0.6588
vt 0.5582 0.6681
vt 0.5672 0.6652
vt 0.5910 0.6553
vt 0.5494 0.6695
vt 0.5967 0.6522
vt 0.4966 0.6829
vt 0.5184 0.6553
vt 0.5311 0.6536
vt 0.5975 0.6377
vt 0.6036 0.6352
vt 0.5051 0.6586
vt 0.6097 0.6317
vt 0.5717 0.6477
vt 0.5792 0.6455
vt 0.5524 0.6522
vt 0.5623 0.6499
vt 0.5857 0.6431
vt 0.5412 0.6531
vt 0.5915 0.6409
vt 0.4917 0.6650
vt 0.5134 0.6383
vt 0.5254 0.6372
vt 0.5926 0.6266
vt 0.5980 0.6238
vt 0.4995 0.6421
vt 0.6047 0.6207
vt 0.5679 0.6340
vt 0.5750 0.6321
vt 0.5465 0.6361
vt 0.5586 0.6355
vt 0.5812 0.6304
vt 0.5361 0.6367
vt 0.5870 0.6288
vt 0.4866 0.6477
vt 0.5103 0.6231
vt 0.5220 0.6214
vt 0.5892 0.6155
vt 0.5946 0.6133
vt 0.4965 0.6258
vt 0.6016 0.6114
vt 0.5634 0.6209
vt 0.5711 0.6201
vt 0.5432 0.6213
vt 0.5536 0.6210
vt 0.5776 0.6191
vt 0.5327 0.6213
vt 0.5835 0.6174
vt 0.4836 0.6298
vt 0.4833 0.6127
vt 0.4961 0.6103
vt 0.5099 0.6084
vt 0.5210 0.6070
vt 0.5866 0.6052
vt 0.5922 0.6039
vt 0.5603 0.6083
vt 0.5683 0.6083
vt 0.5409 0.6075
vt 0.5507 0.6081
vt 0.5751 0.6079
vt 0.5309 0.6072
vt 0.5811 0.6069
vt 0.5794 0.5974
vt 0.5848 0.5962
vt 0.4850 0.6003
vt 0.4975 0.5986
vt 0.5107 0.5962
vt 0.5212 0.5951
vt 0.5906 0.5951
vt 0.5993 0.6023
vt 0.5983 0.5944
vt 0.5579 0.5973
vt 0.5665 0.5980
vt 0.5395 0.5962
vt 0.5491 0.5970
vt 0.5734 0.5980
vt 0.5304 0.5957
vt 0.5305 0.5870
vt 0.5218 0.5870
vt 0.5215 0.5791
vt 0.5308 0.5790
vt 0.5784 0.5895
vt 0.5845 0.5885
vt 0.4983 0.5889
vt 0.4860 0.5903
vt 0.4867 0.5815
vt 0.4990 0.5803
vt 0.5107 0.5877
vt 0.5112 0.5795
vt 0.5905 0.5874
vt 0.5981 0.5869
vt 0.5569 0.5890
vt 0.5652 0.5899
vt 0.5723 0.5900
vt 0.5217 0.5702
vt 0.5313 0.5707
vt 0.5843 0.5825
vt 0.5781 0.5828
vt 0.5786 0.5762
vt 0.5849 0.5765
vt 0.4868 0.5725
vt 0.4993 0.5713
vt 0.5118 0.5709
vt 0.5907 0.5823
vt 0.5913 0.5771
vt 0.5984 0.5822
vt 0.5988 0.5777
vt 0.5645 0.5823
vt 0.5566 0.5814
vt 0.5571 0.5734
vt 0.5651 0.5746
vt 0.5720 0.5829
vt 0.5722 0.5756
vt 0.4879 0.7039
vt 0.4851 0.6893
vt 0.4713 0.6143
vt 0.4585 0.6161
vt 0.4596 0.6027
vt 0.4731 0.6020
vt 0.4712 0.6330
vt 0.4713 0.6143
vt 0.4591 0.6357
vt 0.4739 0.6526
vt 0.4013 0.6009
vt 0.3911 0.6018
vt 0.3903 0.5883
vt 0.4012 0.5873
vt 0.4611 0.6562
vt 0.4302 0.6613
vt 0.4473 0.6571
vt 0.4150 0.5993
vt 0.4143 0.5859
vt 0.4793 0.6725
vt 0.4021 0.6359
vt 0.3910 0.6384
vt 0.3909 0.6208
vt 0.4020 0.6186
vt 0.4295 0.6437
vt 0.4454 0.6387
vt 0.4656 0.6812
vt 0.4145 0.6315
vt 0.4148 0.6155
vt 0.4016 0.6537
vt 0.3908 0.6561
vt 0.4140 0.6498
vt 0.4292 0.6235
vt 0.4444 0.6180
vt 0.4135 0.6669
vt 0.4023 0.6707
vt 0.3918 0.6732
vt 0.4293 0.6097
vt 0.4451 0.6046
vt 0.4453 0.5945
vt 0.4292 0.5972
vt 0.4297 0.5855
vt 0.4459 0.5846
vt 0.4605 0.5837
vt 0.4604 0.5932
vt 0.4739 0.5920
vt 0.4741 0.5828
vt 0.4150 0.5993
vt 0.4292 0.5972
vt 0.5391 0.5872
vt 0.5305 0.5870
vt 0.5480 0.5880
vt 0.3892 0.5759
vt 0.3867 0.5720
vt 0.3917 0.5647
vt 0.3884 0.5643
vt 0.3902 0.5520
vt 0.3875 0.5567
vt 0.3855 0.5685
vt 0.3866 0.5640
vt 0.3859 0.5595
vt 0.4297 0.5855
vt 0.4143 0.5859
vt 0.4154 0.5749
vt 0.4300 0.5744
vt 0.4456 0.5742
vt 0.4606 0.5739
vt 0.4740 0.5732
vt 0.4016 0.5768
vt 0.4305 0.5632
vt 0.4458 0.5632
vt 0.4608 0.5633
vt 0.5226 0.5604
vt 0.5331 0.5602
vt 0.4743 0.5630
vt 0.5118 0.5613
vt 0.4160 0.5629
vt 0.4871 0.5626
vt 0.4995 0.5615
vt 0.4027 0.5633
vt 0.5390 0.5793
vt 0.5480 0.5802
vt 0.4751 0.5514
vt 0.4874 0.5512
vt 0.4466 0.5505
vt 0.4620 0.5513
vt 0.4997 0.5506
vt 0.5120 0.5507
vt 0.4033 0.5485
vt 0.4165 0.5485
vt 0.4310 0.5499
vt 0.5237 0.5498
vt 0.5346 0.5493
vt 0.5438 0.5498
vt 0.5414 0.5610
vt 0.5394 0.5710
vt 0.5486 0.5720
vt 0.5864 0.5689
vt 0.5926 0.5704
vt 0.5583 0.5645
vt 0.5665 0.5660
vt 0.5800 0.5685
vt 0.5736 0.5675
vt 0.5995 0.5715
vt 0.5692 0.5554
vt 0.5764 0.5573
vt 0.5887 0.5598
vt 0.5948 0.5613
vt 0.5611 0.5534
vt 0.5828 0.5586
vt 0.6010 0.5621
vt 0.5981 0.5487
vt 0.6036 0.5500
vt 0.5926 0.5481
vt 0.5499 0.5626
vt 0.5525 0.5514
vt 0.5870 0.5470
vt 0.5560 0.5390
vt 0.5471 0.5377
vt 0.5505 0.5268
vt 0.5598 0.5279
vt 0.5244 0.5381
vt 0.5122 0.5384
vt 0.5133 0.5264
vt 0.5261 0.5264
vt 0.4886 0.5384
vt 0.4757 0.5384
vt 0.4783 0.5245
vt 0.4902 0.5253
vt 0.5003 0.5382
vt 0.5016 0.5258
vt 0.5370 0.5377
vt 0.5390 0.5266
vt 0.4464 0.5364
vt 0.4315 0.5339
vt 0.4318 0.5180
vt 0.4468 0.5211
vt 0.4173 0.5315
vt 0.4178 0.5146
vt 0.4043 0.5297
vt 0.4051 0.5114
vt 0.4623 0.5376
vt 0.4630 0.5234
vt 0.5807 0.5453
vt 0.5732 0.5431
vt 0.5649 0.5407
vt 0.5525 0.5514
vt 0.5560 0.5390
vt 0.3914 0.5283
vt 0.3930 0.5090
vt 0.6010 0.5389
vt 0.6057 0.5411
vt 0.5689 0.5294
vt 0.5772 0.5317
vt 0.5848 0.5345
vt 0.5911 0.5363
vt 0.5962 0.5376
vt 0.4623 0.5376
f 76/1 75/2 32/3 42/4
f 75/2 74/5 22/6 32/3
f 74/5 73/7 12/8 22/6
f 73/7 72/9 2/10 12/8
f 72/9 77/11 59/12 2/10
f 42/4 32/3 31/13 41/14
f 32/3 22/6 21/15 31/13
f 22/6 12/8 11/16 21/15
f 12/8 2/10 3/17 11/16
f 2/10 59/12 60/18 3/17
f 34/19 24/20 25/21 35/22
f 24/20 14/23 15/24 25/21
f 14/23 4/25 5/26 15/24
f 4/25 61/27 62/28 5/26
f 89/29 154/30 124/31 126/32
f 35/22 25/21 26/33 36/34
f 25/21 15/24 16/35 26/33
f 15/24 5/26 6/36 16/35
f 5/26 62/28 63/37 6/36
f 45/38 146/39 145/40 120/41
f 36/34 26/33 27/42 37/43
f 26/33 16/35 17/44 27/42
f 16/35 6/36 7/45 17/44
f 6/36 63/37 64/46 7/45
f 120/41 145/40 126/32 124/31
f 37/43 27/42 28/47 38/48
f 27/42 17/44 18/49 28/47
f 17/44 7/45 8/50 18/49
f 7/45 64/46 65/51 8/50
f 257/52 50/53 51/54 264/55
f 50/53 68/56 69/57 51/54
f 68/56 54/58 55/59 69/57
f 35/22 36/34 154/30 89/29
f 38/48 28/47 29/60 39/61
f 28/47 18/49 19/62 29/60
f 18/49 8/50 9/63 19/62
f 8/50 65/51 66/64 9/63
f 264/55 51/54 52/65 263/66
f 51/54 69/57 70/67 52/65
f 69/57 55/59 56/68 70/67
f 47/69 94/70 92/71 48/72
f 39/61 29/60 30/73 40/74
f 29/60 19/62 20/75 30/73
f 19/62 9/63 10/76 20/75
f 9/63 66/64 67/77 10/76
f 263/66 52/65 53/78 262/79
f 52/65 70/67 71/80 53/78
f 70/67 56/68 57/81 71/80
f 48/72 92/71 91/82 90/83
f 46/84 95/85 94/70 47/69
f 45/38 120/41 95/85 46/84
f 43/86 33/87 75/2 76/1
f 33/87 23/88 74/5 75/2
f 23/88 13/89 73/7 74/5
f 13/89 1/90 72/9 73/7
f 1/90 58/91 77/11 72/9
f 120/41 124/31 125/92 95/85
f 92/71 148/93 149/94 91/82
f 49/95 35/22 89/29 127/96
f 94/70 147/97 148/93 92/71
f 95/85 125/92 147/97 94/70
f 127/96 89/29 126/32 93/98
f 44/99 34/19 35/22 49/95
f 137/100 76/1 42/4 136/101
f 102/102 122/103 121/104 103/105
f 107/106 116/107 115/108 108/109
f 101/110 123/111 122/103 102/102
f 106/112 117/113 116/107 107/106
f 105/114 118/115 117/113 106/112
f 104/116 119/117 118/115 105/114
f 111/118 112/119 113/120 110/121
f 103/105 121/104 119/117 104/116
f 112/119 111/118 108/109 115/108
f 110/121 113/120 114/122 109/123
f 84/124 110/121 109/123 85/125
f 96/126 105/114 106/112 88/127
f 88/127 106/112 107/106 87/128
f 87/128 107/106 108/109 86/129
f 100/130 101/110 102/102 99/131
f 111/118 83/132 86/129 108/109
f 99/131 102/102 103/105 98/133
f 83/132 111/118 110/121 84/124
f 98/133 103/105 104/116 97/134
f 97/134 104/116 105/114 96/126
f 135/135 80/136 81/137 136/138
f 134/139 79/140 78/141 133/142
f 132/143 128/144 79/140 134/139
f 133/142 78/141 129/145 131/146
f 137/147 82/148 130/149 138/150
f 41/14 135/135 136/138 42/4
f 123/111 101/110 138/150 130/149
f 76/1 137/100 138/150 43/86
f 49/95 133/142 131/146 44/99
f 82/148 137/147 136/101 81/137
f 93/98 132/143 134/139 127/96
f 127/96 134/139 133/142 49/95
f 101/110 100/130 43/86 138/150
f 139/151 141/152 142/153 140/154
f 141/152 143/155 144/156 142/153
f 143/155 145/40 146/39 144/156
f 125/92 153/157 152/158 147/97
f 147/97 152/158 151/159 148/93
f 148/93 151/159 150/160 149/94
f 124/31 154/30 153/157 125/92
f 141/152 139/151 128/144 132/143
f 132/143 93/98 143/155 141/152
f 93/98 126/32 145/40 143/155
f 154/30 36/34 37/43 153/157
f 151/159 39/61 40/74 150/160
f 152/158 38/48 39/61 151/159
f 153/157 37/43 38/48 152/158
f 156/161 84/124 85/125 157/162
f 164/163 99/131 98/133 163/164
f 83/132 155/165 158/166 86/129
f 163/164 98/133 97/134 162/167
f 155/165 83/132 84/124 156/161
f 162/167 97/134 96/126 161/168
f 161/168 96/126 88/127 160/169
f 160/169 88/127 87/128 159/170
f 159/170 87/128 86/129 158/166
f 165/171 100/130 99/131 164/163
f 172/172 161/168 160/169 171/173
f 171/173 160/169 159/170 170/174
f 170/174 159/170 158/166 169/175
f 176/176 165/171 164/163 175/177
f 167/178 156/161 157/162 168/179
f 175/177 164/163 163/164 174/180
f 155/165 166/181 169/175 158/166
f 174/180 163/164 162/167 173/182
f 166/181 155/165 156/161 167/178
f 173/182 162/167 161/168 172/172
f 183/183 184/184 178/185 177/186
f 187/187 188/188 182/189 181/190
f 184/184 185/191 179/192 178/185
f 426/193 186/194 180/195 425/196
f 186/194 187/187 181/190 180/195
f 189/197 190/198 184/184 183/183
f 193/199 194/200 188/188 187/187
f 190/198 191/201 185/191 184/184
f 427/202 192/203 186/194 426/193
f 192/203 193/199 187/187 186/194
f 195/204 196/205 190/198 189/197
f 199/206 200/207 194/200 193/199
f 196/205 197/208 191/201 190/198
f 428/209 198/210 192/203 427/202
f 198/210 199/206 193/199 192/203
f 201/211 202/212 196/205 195/204
f 205/213 206/214 200/207 199/206
f 202/212 203/215 197/208 196/205
f 429/216 204/217 198/210 428/209
f 204/217 205/213 199/206 198/210
f 207/218 208/219 202/212 201/211
f 211/220 212/221 206/214 205/213
f 208/219 209/222 203/215 202/212
f 430/223 210/224 204/217 429/216
f 210/224 211/220 205/213 204/217
f 213/225 214/226 208/219 207/218
f 217/227 218/228 212/221 211/220
f 214/226 215/229 209/222 208/219
f 431/230 216/231 210/224 430/223
f 216/231 217/227 211/220 210/224
f 177/186 172/172 171/173 183/183
f 183/183 171/173 170/174 189/197
f 189/197 170/174 169/175 195/204
f 166/181 201/211 195/204 169/175
f 201/211 166/181 167/178 207/218
f 207/218 167/178 168/179 213/225
f 23/88 33/87 165/171 176/176
f 33/87 43/86 100/130 165/171
f 222/232 176/176 175/177 221/233
f 221/233 175/177 174/180 220/234
f 220/234 174/180 173/182 219/235
f 226/236 222/232 221/233 225/237
f 269/238 268/239 231/240 230/241
f 225/237 221/233 220/234 224/242
f 268/239 267/243 232/244 231/240
f 224/242 220/234 219/235 223/245
f 230/246 240/247 248/248 246/249
f 432/250 230/246 246/249 433/251
f 236/252 226/236 225/237 235/253
f 230/241 231/240 241/254 240/247
f 235/253 225/237 224/242 234/255
f 231/240 232/244 242/256 241/254
f 234/255 224/242 223/245 233/257
f 233/257 223/245 227/258 237/259
f 237/259 227/258 228/260 238/261
f 250/262 236/252 235/253 249/263
f 249/263 235/253 234/255 251/264
f 251/264 234/255 233/257 252/265
f 252/265 233/257 237/259 253/266
f 253/266 237/259 238/261 247/267
f 55/59 243/268 244/269 56/68
f 245/270 243/268 55/59 54/58
f 238/261 229/271 265/272 247/267
f 64/46 257/52 264/55 65/51
f 62/28 259/273 258/274 63/37
f 77/11 261/275 255/276 59/12
f 58/91 256/277 261/275 77/11
f 63/37 258/274 257/52 64/46
f 59/12 255/276 254/278 60/18
f 61/27 260/279 259/273 62/28
f 66/64 263/66 262/79 67/77
f 65/51 264/55 263/66 66/64
f 240/247 243/268 245/270 248/248
f 13/89 23/88 176/176 222/232
f 1/90 13/89 222/232 226/236
f 226/236 236/252 58/91 1/90
f 256/277 58/91 236/252 250/262
f 243/268 240/247 241/254 244/269
f 434/280 269/238 230/241 432/250
f 244/269 241/254 242/256 266/281
f 244/269 266/281 57/81 56/68
f 239/282 229/271 238/261 228/260
f 293/283 294/284 278/285 277/286
f 300/287 301/288 285/289 284/290
f 294/284 295/291 279/292 278/285
f 286/293 270/294 285/289 301/288
f 295/291 296/295 280/296 279/292
f 286/293 287/297 271/298 270/294
f 296/295 297/299 281/300 280/296
f 290/301 291/302 275/303 274/304
f 287/297 288/305 272/306 271/298
f 297/299 298/307 282/308 281/300
f 291/302 292/309 276/310 275/303
f 289/311 290/301 274/304 273/312
f 298/307 299/313 283/314 282/308
f 292/309 293/283 277/286 276/310
f 288/305 289/311 273/312 272/306
f 299/313 300/287 284/290 283/314
f 300/287 287/297 286/293 301/288
f 299/313 288/305 287/297 300/287
f 298/307 289/311 288/305 299/313
f 297/299 290/301 289/311 298/307
f 290/301 297/299 296/295 291/302
f 291/302 296/295 295/291 292/309
f 292/309 295/291 294/284 293/283
f 277/286 278/285 310/315 309/316
f 284/290 285/289 317/317 316/318
f 278/285 279/292 311/319 310/315
f 270/294 302/320 317/317 285/289
f 279/292 280/296 312/321 311/319
f 270/294 271/298 303/322 302/320
f 280/296 281/300 313/323 312/321
f 274/304 275/303 307/324 306/325
f 271/298 272/306 304/326 303/322
f 281/300 282/308 314/327 313/323
f 275/303 276/310 308/328 307/324
f 273/312 274/304 306/325 305/329
f 282/308 283/314 315/330 314/327
f 276/310 277/286 309/316 308/328
f 272/306 273/312 305/329 304/326
f 283/314 284/290 316/318 315/330
f 302/320 318/331 333/332 317/317
f 311/319 312/321 328/333 327/334
f 302/320 303/322 319/335 318/331
f 312/321 313/323 329/336 328/333
f 306/325 307/324 323/337 322/338
f 303/322 304/326 320/339 319/335
f 313/323 314/327 330/340 329/336
f 307/324 308/328 324/341 323/337
f 305/329 306/325 322/338 321/342
f 314/327 315/330 331/343 330/340
f 308/328 309/316 325/344 324/341
f 304/326 305/329 321/342 320/339
f 315/330 316/318 332/345 331/343
f 309/316 310/315 326/346 325/344
f 316/318 317/317 333/332 332/345
f 310/315 311/319 327/334 326/346
f 383/347 382/348 349/349 348/350
f 385/351 384/352 343/353 342/354
f 386/355 334/356 349/349 382/348
f 384/352 387/357 344/358 343/353
f 386/355 388/359 335/360 334/356
f 387/357 389/361 345/362 344/358
f 391/363 390/364 339/365 338/366
f 388/359 392/367 336/368 335/360
f 389/361 393/369 346/370 345/362
f 390/364 394/371 340/372 339/365
f 395/373 391/363 338/366 337/374
f 393/369 396/375 347/376 346/370
f 394/371 397/377 341/378 340/372
f 392/367 395/373 337/374 336/368
f 396/375 383/347 348/350 347/376
f 397/377 385/351 342/354 341/378
f 334/356 350/379 365/380 349/349
f 343/353 344/358 360/381 359/382
f 334/356 335/360 351/383 350/379
f 344/358 345/362 361/384 360/381
f 338/366 339/365 355/385 354/386
f 335/360 336/368 352/387 351/383
f 345/362 346/370 362/388 361/384
f 339/365 340/372 356/389 355/385
f 337/374 338/366 354/386 353/390
f 346/370 347/376 363/391 362/388
f 340/372 341/378 357/392 356/389
f 336/368 337/374 353/390 352/387
f 347/376 348/350 364/393 363/391
f 341/378 342/354 358/394 357/392
f 348/350 349/349 365/380 364/393
f 342/354 343/353 359/382 358/394
f 364/393 365/380 381/395 380/396
f 358/394 359/382 375/397 374/398
f 350/379 366/399 381/395 365/380
f 359/382 360/381 376/400 375/397
f 350/379 351/383 367/401 366/399
f 360/381 361/384 377/402 376/400
f 354/386 355/385 371/403 370/404
f 351/383 352/387 368/405 367/401
f 361/384 362/388 378/406 377/402
f 355/385 356/389 372/407 371/403
f 353/390 354/386 370/404 369/408
f 362/388 363/391 379/409 378/406
f 356/389 357/392 373/410 372/407
f 352/387 353/390 369/408 368/405
f 363/391 364/393 380/396 379/409
f 357/392 358/394 374/398 373/410
f 332/345 333/332 382/348 383/347
f 326/346 327/334 384/352 385/351
f 318/331 386/355 382/348 333/332
f 327/334 328/333 387/357 384/352
f 318/331 319/335 388/359 386/355
f 328/333 329/336 389/361 387/357
f 322/338 323/337 390/364 391/363
f 319/335 320/339 392/367 388/359
f 329/336 330/340 393/369 389/361
f 323/337 324/341 394/371 390/364
f 321/342 322/338 391/363 395/373
f 330/340 331/343 396/375 393/369
f 324/341 325/344 397/377 394/371
f 320/339 321/342 395/373 392/367
f 331/343 332/345 383/347 396/375
f 325/344 326/346 385/351 397/377
f 381/395 366/399 30/73 20/75
f 380/396 381/395 20/75 10/76
f 366/399 367/401 40/74 30/73
f 150/160 40/74 367/401 368/405
f 149/94 150/160 368/405 369/408
f 402/411 369/408 370/404 403/412
f 403/412 370/404 371/403 404/413
f 404/413 371/403 372/407 405/414
f 398/415 402/411 403/412 399/416
f 399/416 403/412 404/413 400/417
f 400/417 404/413 405/414 401/418
f 90/83 91/82 402/411 398/415
f 91/82 149/94 369/408 402/411
f 10/76 67/77 379/409 380/396
f 262/79 53/78 435/419 576/420
f 407/421 406/422 80/136 135/135
f 407/423 408/424 44/99 131/146
f 409/425 408/426 41/14 31/13
f 410/427 409/425 31/13 21/15
f 411/428 410/427 21/15 11/16
f 412/429 411/428 11/16 3/17
f 412/430 413/431 61/27 4/25
f 414/432 413/433 60/18 254/278
f 131/146 129/145 406/422 407/423
f 135/135 41/14 408/426 407/421
f 34/19 44/99 408/424 409/425
f 24/20 34/19 409/425 410/427
f 14/23 24/20 410/427 411/428
f 4/25 14/23 411/428 412/430
f 3/17 60/18 413/433 412/429
f 260/279 61/27 413/431 414/432
f 185/191 416/434 415/435 179/192
f 191/201 417/436 416/434 185/191
f 197/208 418/437 417/436 191/201
f 203/215 419/438 418/437 197/208
f 209/222 420/439 419/438 203/215
f 215/229 421/440 420/439 209/222
f 229/271 422/441 423/442 265/272
f 239/282 424/443 422/441 229/271
f 416/434 426/444 425/445 415/435
f 417/436 427/446 426/444 416/434
f 418/437 428/447 427/446 417/436
f 419/438 429/448 428/447 418/437
f 420/439 430/449 429/448 419/438
f 421/440 431/450 430/449 420/439
f 422/441 432/451 433/452 423/442
f 424/443 434/453 432/451 422/441
f 206/214 442/454 441/455 200/207
f 267/243 448/456 445/457 232/244
f 200/207 441/455 440/458 194/200
f 71/80 437/459 435/419 53/78
f 242/256 446/460 447/461 266/281
f 57/81 436/462 437/459 71/80
f 232/244 445/457 446/460 242/256
f 194/200 440/458 439/463 188/188
f 266/281 447/461 436/462 57/81
f 218/228 444/464 443/465 212/221
f 188/188 439/463 438/466 182/189
f 212/221 443/465 442/454 206/214
f 443/465 457/467 456/468 442/454
f 436/462 450/469 451/470 437/459
f 444/464 458/471 457/467 443/465
f 439/463 453/472 452/473 438/466
f 448/456 462/474 459/475 445/457
f 440/458 454/476 453/472 439/463
f 445/457 459/475 460/477 446/460
f 441/455 455/478 454/476 440/458
f 446/460 460/477 461/479 447/461
f 442/454 456/468 455/478 441/455
f 437/459 451/470 449/480 435/419
f 447/461 461/479 450/469 436/462
f 461/479 475/481 464/482 450/469
f 457/467 471/483 470/484 456/468
f 450/469 464/482 465/485 451/470
f 458/471 472/486 471/483 457/467
f 453/472 467/487 466/488 452/473
f 462/474 476/489 473/490 459/475
f 454/476 468/491 467/487 453/472
f 459/475 473/490 474/492 460/477
f 455/478 469/493 468/491 454/476
f 460/477 474/492 475/481 461/479
f 456/468 470/484 469/493 455/478
f 451/470 465/485 463/494 449/480
f 475/481 489/495 478/496 464/482
f 471/483 485/497 484/498 470/484
f 464/482 478/496 479/499 465/485
f 472/486 486/500 485/497 471/483
f 467/487 481/501 480/502 466/488
f 476/489 490/503 487/504 473/490
f 468/491 482/505 481/501 467/487
f 473/490 487/504 488/506 474/492
f 469/493 483/507 482/505 468/491
f 474/492 488/506 489/495 475/481
f 470/484 484/498 483/507 469/493
f 465/485 479/499 477/508 463/494
f 489/495 503/509 492/510 478/496
f 485/497 499/511 498/512 484/498
f 478/496 492/510 493/513 479/499
f 486/500 500/514 499/511 485/497
f 481/501 495/515 494/516 480/502
f 490/503 504/517 501/518 487/504
f 482/505 496/519 495/515 481/501
f 487/504 501/518 502/520 488/506
f 483/507 497/521 496/519 482/505
f 488/506 502/520 503/509 489/495
f 484/498 498/512 497/521 483/507
f 479/499 493/513 491/522 477/508
f 503/509 517/523 506/524 492/510
f 499/511 513/525 512/526 498/512
f 492/510 506/524 507/527 493/513
f 500/514 514/528 513/525 499/511
f 495/515 509/529 508/530 494/516
f 504/517 518/531 515/532 501/518
f 496/519 510/533 509/529 495/515
f 501/518 515/532 516/534 502/520
f 497/521 511/535 510/533 496/519
f 502/520 516/534 517/523 503/509
f 498/512 512/526 511/535 497/521
f 493/513 507/527 505/536 491/522
f 507/527 521/537 519/538 505/536
f 517/523 531/539 520/540 506/524
f 513/525 527/541 526/542 512/526
f 506/524 520/540 521/537 507/527
f 514/528 528/543 527/541 513/525
f 509/529 523/544 522/545 508/530
f 518/531 532/546 529/547 515/532
f 510/533 524/548 523/544 509/529
f 515/532 529/547 530/549 516/534
f 511/535 525/550 524/548 510/533
f 516/534 530/549 531/539 517/523
f 512/526 526/542 525/550 511/535
f 526/542 540/551 539/552 525/550
f 521/537 535/553 533/554 519/538
f 531/539 545/555 534/556 520/540
f 527/541 541/557 540/551 526/542
f 520/540 534/556 535/553 521/537
f 528/543 542/558 541/557 527/541
f 523/544 537/559 536/560 522/545
f 532/546 546/561 543/562 529/547
f 524/548 538/563 537/559 523/544
f 529/547 543/562 544/564 530/549
f 525/550 539/552 538/563 524/548
f 530/549 544/564 545/555 531/539
f 652/565 559/566 560/567 651/568
f 540/551 555/569 554/570 539/552
f 654/571 549/572 547/573 653/574
f 651/568 560/567 548/575 655/576
f 541/557 556/577 555/569 540/551
f 655/576 548/575 549/572 654/571
f 542/558 557/578 556/577 541/557
f 537/559 552/579 551/580 536/560
f 538/563 553/581 552/579 537/559
f 539/552 554/570 553/581 538/563
f 559/566 573/582 574/583 560/567
f 658/584 570/585 569/586 657/587
f 549/572 564/588 562/589 547/573
f 560/567 574/583 563/590 548/575
f 659/591 571/592 570/585 658/584
f 548/575 563/590 564/588 549/572
f 660/593 572/594 571/592 659/591
f 173/182 172/172 177/186 219/235
f 662/595 567/596 566/597 661/598
f 664/599 568/600 567/596 662/595
f 657/587 569/586 568/600 664/599
f 576/420 379/409 67/77 262/79
f 378/406 379/409 576/420 577/601
f 435/419 449/480 577/601 576/420
f 449/480 463/494 578/602 577/601
f 377/402 378/406 577/601 578/602
f 614/603 615/604 592/605 598/606
f 505/536 519/538 614/607 613/608
f 614/607 598/606 604/609 613/608
f 491/522 505/536 613/608 579/610
f 668/611 565/612 558/613 663/614
f 613/608 604/609 610/615 579/610
f 663/614 558/613 581/616 666/617
f 375/397 585/618 584/619 374/398
f 667/620 550/621 565/612 668/611
f 477/508 491/522 579/610 580/622
f 599/623 589/624 587/625 601/626
f 585/618 591/627 590/628 584/619
f 579/610 610/615 376/629 580/622
f 601/626 587/625 583/630 605/631
f 595/632 593/633 589/624 599/623
f 607/634 599/623 601/626 588/635
f 588/635 601/626 605/631 582/636
f 611/637 595/632 599/623 607/634
f 591/627 597/638 596/639 590/628
f 463/494 477/508 580/622 578/602
f 606/640 611/637 607/634 612/641
f 594/642 588/635 582/636 600/643
f 612/641 607/634 588/635 594/642
f 597/638 603/644 602/645 596/639
f 376/629 377/402 578/602 580/622
f 373/410 606/640 612/641 372/407
f 405/414 594/642 600/643 401/418
f 372/407 612/641 594/642 405/414
f 670/646 609/647 608/648 669/649
f 375/397 376/400 610/615 585/618
f 591/627 585/618 610/615 604/609
f 597/638 591/627 604/609 598/606
f 597/638 598/606 592/605 603/644
f 670/646 671/650 586/651 609/647
f 519/538 533/554 615/604 614/607
f 665/652 616/653 586/651 671/650
f 653/574 547/573 616/653 665/652
f 373/410 374/398 584/619 606/640
f 584/619 590/628 611/637 606/640
f 595/632 611/637 590/628 596/639
f 593/633 595/632 596/639 602/645
f 667/654 593/633 602/645 669/655
f 672/656 652/657 544/564 543/562
f 656/658 672/656 543/562 546/561
f 619/659 624/660 623/661 618/662
f 620/663 625/664 624/660 619/659
f 621/665 626/666 625/664 620/663
f 622/667 627/668 626/666 621/665
f 624/660 629/669 628/670 623/661
f 625/664 630/671 629/669 624/660
f 626/666 631/672 630/671 625/664
f 627/668 632/673 631/672 626/666
f 628/670 629/669 630/671 633/674
f 630/671 631/672 632/673 633/674
f 619/659 618/662 581/616 558/613
f 608/675 637/676 634/677 550/678
f 609/647 638/679 637/676 608/648
f 616/653 639/680 636/681 586/651
f 586/651 636/681 638/679 609/647
f 550/621 634/677 635/682 565/612
f 547/573 562/589 639/680 616/653
f 558/613 565/612 635/682 619/659
f 638/679 649/683 648/684 637/676
f 636/681 647/685 649/683 638/679
f 573/582 643/686 644/687 574/583
f 639/680 650/688 647/685 636/681
f 574/583 644/687 641/689 563/590
f 637/676 648/684 645/690 634/677
f 562/589 640/691 650/688 639/680
f 564/588 642/692 640/691 562/589
f 563/590 641/689 642/692 564/588
f 634/677 645/690 646/693 635/682
f 635/682 646/693 620/663 619/659
f 544/564 652/657 651/568 545/555
f 535/553 654/571 653/574 533/554
f 545/555 651/568 655/576 534/556
f 534/556 655/576 654/571 535/553
f 555/569 658/584 657/587 554/570
f 556/577 659/591 658/584 555/569
f 557/578 660/593 659/591 556/577
f 552/579 662/595 661/598 551/580
f 553/581 664/599 662/595 552/579
f 554/570 657/587 664/599 553/581
f 589/624 668/611 663/614 587/625
f 587/625 663/614 666/617 583/630
f 593/633 667/654 668/611 589/624
f 603/644 670/646 669/649 602/645
f 603/644 592/605 671/650 670/646
f 615/604 665/652 671/650 592/605
f 533/554 653/574 665/652 615/604
f 550/678 667/620 669/655 608/675
f 617/694 559/566 652/565 672/656
f 561/695 617/694 672/656 656/658
f 640/691 680/696 681/697 650/688
f 647/685 673/698 682/699 649/683
f 641/689 679/700 678/701 642/692
f 645/690 675/702 674/703 646/693
f 646/693 674/703 621/665 620/663
f 649/683 682/699 683/704 648/684
f 643/686 677/705 676/706 644/687
f 650/688 681/697 673/698 647/685
f 648/684 683/704 675/702 645/690
f 642/692 678/701 680/696 640/691
f 644/687 676/706 679/700 641/689
f 677/705 643/686 685/707 686/708
f 643/686 573/582 684/709 685/707
f 573/582 559/566 617/694 684/709
f 561/695 575/710 684/709 617/694
f 571/592 692/711 691/712 570/585
f 567/596 688/713 687/714 566/597
f 570/585 691/712 690/715 569/586
f 569/586 690/715 689/716 568/600
f 572/594 693/717 692/711 571/592
f 568/600 689/716 688/713 567/596
f 689/716 696/718 695/719 688/713
f 692/711 699/720 698/721 691/712
f 688/713 695/719 694/722 687/714
f 691/712 698/721 697/723 690/715
f 690/715 697/723 696/718 689/716
f 693/717 700/724 699/720 692/711
f 575/710 708/725 685/707 684/709
f 708/725 709/726 686/708 685/707
f 737/727 711/728 710/729 740/730
f 742/731 712/732 715/733 741/734
f 744/735 716/736 717/737 743/738
f 741/734 715/733 714/739 745/740
f 745/740 714/739 716/736 744/735
f 746/741 713/742 712/732 742/731
f 746/741 740/730 710/729 713/742
f 725/743 722/744 723/745 726/746
f 726/746 723/745 721/747 731/748
f 731/748 721/747 720/749 727/750
f 730/751 719/752 722/744 725/743
f 728/753 727/750 720/749 724/754
f 724/754 718/755 729/756 728/753
f 707/757 733/758 732/759 706/760
f 702/761 735/762 734/763 701/764
f 703/765 736/766 735/762 702/761
f 704/767 738/768 736/766 703/765
f 219/235 177/186 227/258 223/245
f 705/769 739/770 738/768 704/767
f 706/760 732/759 739/770 705/769
f 743/738 717/737 719/752 730/751
f 177/186 178/185 228/260 227/258
f 178/185 179/192 239/282 228/260
f 424/443 239/282 179/192 415/435
f 434/453 424/443 415/435 425/445
f 425/196 180/195 269/238 434/280
f 180/195 181/190 268/239 269/238
f 181/190 182/189 267/243 268/239
f 448/456 267/243 182/189 438/466
f 438/466 452/473 462/474 448/456
f 452/473 466/488 476/489 462/474
f 466/488 480/502 490/503 476/489
f 480/502 494/516 504/517 490/503
f 494/516 508/530 518/531 504/517
f 508/530 522/545 532/546 518/531
f 522/545 536/560 546/561 532/546
f 656/658 546/561 536/560 551/580
f 551/580 661/598 561/695 656/658
f 661/598 566/597 575/710 561/695
f 566/597 687/714 708/725 575/710
f 687/714 694/722 709/726 708/725
f 701/764 734/763 711/728 737/727
f 818/771 788/772 778/773 817/774
f 817/774 778/773 768/775 816/776
f 816/776 768/775 758/777 815/778
f 815/778 758/777 748/779 814/780
f 814/780 748/779 801/781 819/782
f 788/772 787/783 777/784 778/773
f 778/773 777/784 767/785 768/775
f 768/775 767/785 757/786 758/777
f 758/777 757/786 749/787 748/779
f 748/779 749/787 802/788 801/781
f 780/789 781/790 771/791 770/792
f 770/792 771/791 761/793 760/794
f 760/794 761/793 751/795 750/796
f 750/796 751/795 804/797 803/798
f 830/799 864/800 862/801 888/802
f 781/790 782/803 772/804 771/791
f 771/791 772/804 762/805 761/793
f 761/793 762/805 752/806 751/795
f 751/795 752/806 805/807 804/797
f 45/38 858/808 880/809 146/39
f 782/803 783/810 773/811 772/804
f 772/804 773/811 763/812 762/805
f 762/805 763/812 753/813 752/806
f 752/806 753/813 806/814 805/807
f 858/808 862/801 864/800 880/809
f 783/810 784/815 774/816 773/811
f 773/811 774/816 764/817 763/812
f 763/812 764/817 754/818 753/813
f 753/813 754/818 807/819 806/814
f 983/820 990/821 793/822 792/823
f 792/823 793/822 811/824 810/825
f 810/825 811/824 797/826 796/827
f 781/790 830/799 888/802 782/803
f 784/815 785/828 775/829 774/816
f 774/816 775/829 765/830 764/817
f 764/817 765/830 755/831 754/818
f 754/818 755/831 808/832 807/819
f 990/821 989/833 794/834 793/822
f 793/822 794/834 812/835 811/824
f 811/824 812/835 798/836 797/826
f 47/69 48/72 832/837 834/838
f 785/828 786/839 776/840 775/829
f 775/829 776/840 766/841 765/830
f 765/830 766/841 756/842 755/831
f 755/831 756/842 809/843 808/832
f 989/833 988/844 795/845 794/834
f 794/834 795/845 813/846 812/835
f 812/835 813/846 799/847 798/836
f 48/72 90/83 831/848 832/837
f 46/84 47/69 834/838 835/849
f 45/38 46/84 835/849 858/808
f 789/850 818/771 817/774 779/851
f 779/851 817/774 816/776 769/852
f 769/852 816/776 815/778 759/853
f 759/853 815/778 814/780 747/854
f 747/854 814/780 819/782 800/855
f 858/808 835/849 863/856 862/801
f 832/837 831/848 883/857 882/858
f 791/859 865/860 830/799 781/790
f 834/838 832/837 882/858 881/861
f 835/849 834/838 881/861 863/856
f 865/860 833/862 864/800 830/799
f 790/863 791/859 781/790 780/789
f 875/864 874/865 788/772 818/771
f 842/866 843/867 859/868 860/869
f 847/870 848/871 853/872 854/873
f 841/874 842/866 860/869 861/875
f 846/876 847/870 854/873 855/877
f 845/878 846/876 855/877 856/879
f 844/880 845/878 856/879 857/881
f 850/882 849/883 852/884 851/885
f 843/867 844/880 857/881 859/868
f 851/885 853/872 848/871 850/882
f 849/883 109/886 114/887 852/884
f 836/888 829/889 846/876 845/878
f 829/889 828/890 847/870 846/876
f 828/890 827/891 848/871 847/870
f 840/892 839/893 842/866 841/874
f 850/882 848/871 827/891 825/894
f 839/893 838/895 843/867 842/866
f 825/894 826/896 849/883 850/882
f 838/895 837/897 844/880 843/867
f 837/897 836/888 845/878 844/880
f 873/898 874/899 823/900 822/901
f 872/902 871/903 820/904 821/905
f 870/906 872/902 821/905 866/907
f 871/903 869/908 867/909 820/904
f 875/910 876/911 868/912 824/913
f 787/783 788/772 874/865 873/898
f 861/875 868/912 876/911 841/874
f 818/771 789/850 876/911 875/864
f 791/859 790/863 869/908 871/903
f 824/913 823/900 874/899 875/910
f 833/862 865/860 872/902 870/906
f 865/860 791/859 871/903 872/902
f 841/874 876/911 789/850 840/892
f 877/914 140/154 142/153 878/915
f 879/916 144/156 146/39 880/809
f 863/856 881/861 886/917 887/918
f 881/861 882/858 885/919 886/917
f 882/858 883/857 884/920 885/919
f 862/801 863/856 887/918 888/802
f 878/915 870/906 866/907 877/914
f 870/906 878/915 879/921 833/862
f 833/862 879/921 880/809 864/800
f 888/802 887/918 783/810 782/803
f 885/919 884/920 786/839 785/828
f 886/917 885/919 785/828 784/815
f 887/918 886/917 784/815 783/810
f 890/922 157/923 85/924 826/925
f 897/926 896/927 838/895 839/893
f 825/894 827/891 891/928 889/929
f 896/927 895/930 837/897 838/895
f 889/929 890/922 826/925 825/894
f 895/930 894/931 836/888 837/897
f 894/931 893/932 829/889 836/888
f 893/932 892/933 828/890 829/889
f 892/933 891/928 827/891 828/890
f 898/934 897/926 839/893 840/892
f 904/935 903/936 893/932 894/931
f 903/936 902/937 892/933 893/932
f 902/937 901/938 891/928 892/933
f 908/939 907/940 897/926 898/934
f 900/941 168/942 157/923 890/922
f 907/940 906/943 896/927 897/926
f 889/929 891/928 901/938 899/944
f 906/943 905/945 895/930 896/927
f 899/944 900/941 890/922 889/929
f 905/945 904/935 894/931 895/930
f 915/946 909/947 910/948 916/949
f 919/950 913/951 914/952 920/953
f 916/949 910/948 911/954 917/955
f 1147/956 1146/957 912/958 918/959
f 918/959 912/958 913/951 919/950
f 921/960 915/946 916/949 922/961
f 925/962 919/950 920/953 926/963
f 922/961 916/949 917/955 923/964
f 1148/965 1147/956 918/959 924/966
f 924/966 918/959 919/950 925/962
f 927/967 921/960 922/961 928/968
f 931/969 925/962 926/963 932/970
f 928/968 922/961 923/964 929/971
f 1149/972 1148/965 924/966 930/973
f 930/973 924/966 925/962 931/969
f 933/974 927/967 928/968 934/975
f 937/976 931/969 932/970 938/977
f 934/975 928/968 929/971 935/978
f 1150/979 1149/972 930/973 936/980
f 936/980 930/973 931/969 937/976
f 939/981 933/974 934/975 940/982
f 943/983 937/976 938/977 944/984
f 940/982 934/975 935/978 941/985
f 1151/986 1150/979 936/980 942/987
f 942/987 936/980 937/976 943/983
f 213/988 939/981 940/982 214/989
f 217/990 943/983 944/984 218/991
f 214/989 940/982 941/985 215/992
f 431/993 1151/986 942/987 216/994
f 216/994 942/987 943/983 217/990
f 909/947 915/946 903/936 904/935
f 915/946 921/960 902/937 903/936
f 921/960 927/967 901/938 902/937
f 899/944 901/938 927/967 933/974
f 933/974 939/981 900/941 899/944
f 939/981 213/988 168/942 900/941
f 769/852 908/939 898/934 779/851
f 779/851 898/934 840/892 789/850
f 948/995 947/996 907/940 908/939
f 947/996 946/997 906/943 907/940
f 946/997 945/998 905/945 906/943
f 952/999 951/1000 947/996 948/995
f 995/1001 956/1002 957/1003 994/1004
f 951/1000 950/1005 946/997 947/996
f 994/1004 957/1003 958/1006 993/1007
f 950/1005 949/1008 945/998 946/997
f 956/1009 972/1010 974/1011 966/1012
f 1152/1013 1153/1014 972/1010 956/1009
f 962/1015 961/1016 951/1000 952/999
f 956/1009 966/1012 967/1017 957/1003
f 961/1016 960/1018 950/1005 951/1000
f 957/1003 967/1017 968/1019 958/1006
f 960/1018 959/1020 949/1008 950/1005
f 959/1020 963/1021 953/1022 949/1008
f 963/1021 964/1023 954/1024 953/1022
f 976/1025 975/1026 961/1016 962/1015
f 975/1026 977/1027 960/1018 961/1016
f 977/1027 978/1028 959/1020 960/1018
f 978/1028 979/1029 963/1021 959/1020
f 979/1029 973/1030 964/1023 963/1021
f 797/826 798/836 970/1031 969/1032
f 971/1033 796/827 797/826 969/1032
f 964/1023 973/1030 991/1034 955/1035
f 806/814 807/819 990/821 983/820
f 804/797 805/807 984/1036 985/1037
f 819/782 801/781 981/1038 987/1039
f 800/855 819/782 987/1039 982/1040
f 805/807 806/814 983/820 984/1036
f 801/781 802/788 980/1041 981/1038
f 803/798 804/797 985/1037 986/1042
f 808/832 809/843 988/844 989/833
f 807/819 808/832 989/833 990/821
f 966/1012 974/1011 971/1033 969/1032
f 759/853 948/995 908/939 769/852
f 747/854 952/999 948/995 759/853
f 952/999 747/854 800/855 962/1015
f 982/1040 976/1025 962/1015 800/855
f 969/1032 970/1031 967/1017 966/1012
f 1154/1043 1152/1013 956/1009 995/1001
f 970/1031 992/1044 968/1019 967/1017
f 970/1031 798/836 799/847 992/1044
f 965/1045 954/1024 964/1023 955/1035
f 1019/1046 1003/1047 1004/1048 1020/1049
f 1026/1050 1010/1051 1011/1052 1027/1053
f 1020/1049 1004/1048 1005/1054 1021/1055
f 1012/1056 1027/1053 1011/1052 996/1057
f 1021/1055 1005/1054 1006/1058 1022/1059
f 1012/1056 996/1057 997/1060 1013/1061
f 1022/1059 1006/1058 1007/1062 1023/1063
f 1016/1064 1000/1065 1001/1066 1017/1067
f 1013/1061 997/1060 998/1068 1014/1069
f 1023/1063 1007/1062 1008/1070 1024/1071
f 1017/1067 1001/1066 1002/1072 1018/1073
f 1015/1074 999/1075 1000/1065 1016/1064
f 1024/1071 1008/1070 1009/1076 1025/1077
f 1018/1073 1002/1072 1003/1047 1019/1046
f 1014/1069 998/1068 999/1075 1015/1074
f 1025/1077 1009/1076 1010/1051 1026/1050
f 1026/1050 1027/1053 1012/1056 1013/1061
f 1025/1077 1026/1050 1013/1061 1014/1069
f 1024/1071 1025/1077 1014/1069 1015/1074
f 1023/1063 1024/1071 1015/1074 1016/1064
f 1016/1064 1017/1067 1022/1059 1023/1063
f 1017/1067 1018/1073 1021/1055 1022/1059
f 1018/1073 1019/1046 1020/1049 1021/1055
f 1003/1047 1035/1078 1036/1079 1004/1048
f 1010/1051 1042/1080 1043/1081 1011/1052
f 1004/1048 1036/1079 1037/1082 1005/1054
f 996/1057 1011/1052 1043/1081 1028/1083
f 1005/1054 1037/1082 1038/1084 1006/1058
f 996/1057 1028/1083 1029/1085 997/1060
f 1006/1058 1038/1084 1039/1086 1007/1062
f 1000/1065 1032/1087 1033/1088 1001/1066
f 997/1060 1029/1085 1030/1089 998/1068
f 1007/1062 1039/1086 1040/1090 1008/1070
f 1001/1066 1033/1088 1034/1091 1002/1072
f 999/1075 1031/1092 1032/1087 1000/1065
f 1008/1070 1040/1090 1041/1093 1009/1076
f 1002/1072 1034/1091 1035/1078 1003/1047
f 998/1068 1030/1089 1031/1092 999/1075
f 1009/1076 1041/1093 1042/1080 1010/1051
f 1028/1083 1043/1081 1059/1094 1044/1095
f 1037/1082 1053/1096 1054/1097 1038/1084
f 1028/1083 1044/1095 1045/1098 1029/1085
f 1038/1084 1054/1097 1055/1099 1039/1086
f 1032/1087 1048/1100 1049/1101 1033/1088
f 1029/1085 1045/1098 1046/1102 1030/1089
f 1039/1086 1055/1099 1056/1103 1040/1090
f 1033/1088 1049/1101 1050/1104 1034/1091
f 1031/1092 1047/1105 1048/1100 1032/1087
f 1040/1090 1056/1103 1057/1106 1041/1093
f 1034/1091 1050/1104 1051/1107 1035/1078
f 1030/1089 1046/1102 1047/1105 1031/1092
f 1041/1093 1057/1106 1058/1108 1042/1080
f 1035/1078 1051/1107 1052/1109 1036/1079
f 1042/1080 1058/1108 1059/1094 1043/1081
f 1036/1079 1052/1109 1053/1096 1037/1082
f 1109/1110 1074/1111 1075/1112 1108/1113
f 1111/1114 1068/1115 1069/1116 1110/1117
f 1112/1118 1108/1113 1075/1112 1060/1119
f 1110/1117 1069/1116 1070/1120 1113/1121
f 1112/1118 1060/1119 1061/1122 1114/1123
f 1113/1121 1070/1120 1071/1124 1115/1125
f 1117/1126 1064/1127 1065/1128 1116/1129
f 1114/1123 1061/1122 1062/1130 1118/1131
f 1115/1125 1071/1124 1072/1132 1119/1133
f 1116/1129 1065/1128 1066/1134 1120/1135
f 1121/1136 1063/1137 1064/1127 1117/1126
f 1119/1133 1072/1132 1073/1138 1122/1139
f 1120/1135 1066/1134 1067/1140 1123/1141
f 1118/1131 1062/1130 1063/1137 1121/1136
f 1122/1139 1073/1138 1074/1111 1109/1110
f 1123/1141 1067/1140 1068/1115 1111/1114
f 1060/1119 1075/1112 1091/1142 1076/1143
f 1069/1116 1085/1144 1086/1145 1070/1120
f 1060/1119 1076/1143 1077/1146 1061/1122
f 1070/1120 1086/1145 1087/1147 1071/1124
f 1064/1127 1080/1148 1081/1149 1065/1128
f 1061/1122 1077/1146 1078/1150 1062/1130
f 1071/1124 1087/1147 1088/1151 1072/1132
f 1065/1128 1081/1149 1082/1152 1066/1134
f 1063/1137 1079/1153 1080/1148 1064/1127
f 1072/1132 1088/1151 1089/1154 1073/1138
f 1066/1134 1082/1152 1083/1155 1067/1140
f 1062/1130 1078/1150 1079/1153 1063/1137
f 1073/1138 1089/1154 1090/1156 1074/1111
f 1067/1140 1083/1155 1084/1157 1068/1115
f 1074/1111 1090/1156 1091/1142 1075/1112
f 1068/1115 1084/1157 1085/1144 1069/1116
f 1090/1156 1106/1158 1107/1159 1091/1142
f 1084/1157 1100/1160 1101/1161 1085/1144
f 1076/1143 1091/1142 1107/1159 1092/1162
f 1085/1144 1101/1161 1102/1163 1086/1145
f 1076/1143 1092/1162 1093/1164 1077/1146
f 1086/1145 1102/1163 1103/1165 1087/1147
f 1080/1148 1096/1166 1097/1167 1081/1149
f 1077/1146 1093/1164 1094/1168 1078/1150
f 1087/1147 1103/1165 1104/1169 1088/1151
f 1081/1149 1097/1167 1098/1170 1082/1152
f 1079/1153 1095/1171 1096/1166 1080/1148
f 1088/1151 1104/1169 1105/1172 1089/1154
f 1082/1152 1098/1170 1099/1173 1083/1155
f 1078/1150 1094/1168 1095/1171 1079/1153
f 1089/1154 1105/1172 1106/1158 1090/1156
f 1083/1155 1099/1173 1100/1160 1084/1157
f 1058/1108 1109/1110 1108/1113 1059/1094
f 1052/1109 1111/1114 1110/1117 1053/1096
f 1044/1095 1059/1094 1108/1113 1112/1118
f 1053/1096 1110/1117 1113/1121 1054/1097
f 1044/1095 1112/1118 1114/1123 1045/1098
f 1054/1097 1113/1121 1115/1125 1055/1099
f 1048/1100 1117/1126 1116/1129 1049/1101
f 1045/1098 1114/1123 1118/1131 1046/1102
f 1055/1099 1115/1125 1119/1133 1056/1103
f 1049/1101 1116/1129 1120/1135 1050/1104
f 1047/1105 1121/1136 1117/1126 1048/1100
f 1056/1103 1119/1133 1122/1139 1057/1106
f 1050/1104 1120/1135 1123/1141 1051/1107
f 1046/1102 1118/1131 1121/1136 1047/1105
f 1057/1106 1122/1139 1109/1110 1058/1108
f 1051/1107 1123/1141 1111/1114 1052/1109
f 1107/1159 766/841 776/840 1092/1162
f 1106/1158 756/842 766/841 1107/1159
f 1092/1162 776/840 786/839 1093/1164
f 884/920 1094/1168 1093/1164 786/839
f 883/857 1095/1171 1094/1168 884/920
f 1124/1174 1125/1175 1096/1166 1095/1171
f 1125/1175 1126/1176 1097/1167 1096/1166
f 1126/1176 1127/1177 1098/1170 1097/1167
f 398/415 399/416 1125/1175 1124/1174
f 399/416 400/417 1126/1176 1125/1175
f 400/417 401/418 1127/1177 1126/1176
f 90/83 398/415 1124/1174 831/848
f 831/848 1124/1174 1095/1171 883/857
f 756/842 1106/1158 1105/1172 809/843
f 988/844 1286/1178 1155/1179 795/845
f 1129/1180 873/898 822/901 1128/1181
f 1129/1182 869/908 790/863 1130/1183
f 1131/1184 777/784 787/783 1130/1185
f 1132/1186 767/785 777/784 1131/1184
f 1133/1187 757/786 767/785 1132/1186
f 1134/1188 749/787 757/786 1133/1187
f 1134/1189 750/796 803/798 1135/1190
f 1136/1191 980/1041 802/788 1135/1192
f 869/908 1129/1182 1128/1181 867/909
f 873/898 1129/1180 1130/1183 787/783
f 780/789 1131/1184 1130/1185 790/863
f 770/792 1132/1186 1131/1184 780/789
f 760/794 1133/1187 1132/1186 770/792
f 750/796 1134/1189 1133/1187 760/794
f 749/787 1134/1188 1135/1190 802/788
f 986/1042 1136/1191 1135/1192 803/798
f 917/955 911/954 1137/1193 1138/1194
f 923/964 917/955 1138/1194 1139/1195
f 929/971 923/964 1139/1195 1140/1196
f 935/978 929/971 1140/1196 1141/1197
f 941/985 935/978 1141/1197 1142/1198
f 215/992 941/985 1142/1198 421/1199
f 955/1035 991/1034 1144/1200 1143/1201
f 965/1045 955/1035 1143/1201 1145/1202
f 1138/1194 1137/1193 1146/1203 1147/1204
f 1139/1195 1138/1194 1147/1204 1148/1205
f 1140/1196 1139/1195 1148/1205 1149/1206
f 1141/1197 1140/1196 1149/1206 1150/1207
f 1142/1198 1141/1197 1150/1207 1151/1208
f 421/1199 1142/1198 1151/1208 431/1209
f 1143/1201 1144/1200 1153/1210 1152/1211
f 1145/1202 1143/1201 1152/1211 1154/1212
f 938/977 932/970 1161/1213 1162/1214
f 993/1007 958/1006 1164/1215 1167/1216
f 932/970 926/963 1160/1217 1161/1213
f 813/846 795/845 1155/1179 1157/1218
f 968/1019 992/1044 1166/1219 1165/1220
f 799/847 813/846 1157/1218 1156/1221
f 958/1006 968/1019 1165/1220 1164/1215
f 926/963 920/953 1159/1222 1160/1217
f 992/1044 799/847 1156/1221 1166/1219
f 218/991 944/984 1163/1223 444/1224
f 920/953 914/952 1158/1225 1159/1222
f 944/984 938/977 1162/1214 1163/1223
f 1163/1223 1162/1214 1175/1226 1176/1227
f 1156/1221 1157/1218 1170/1228 1169/1229
f 444/1224 1163/1223 1176/1227 458/1230
f 1159/1222 1158/1225 1171/1231 1172/1232
f 1167/1216 1164/1215 1177/1233 1180/1234
f 1160/1217 1159/1222 1172/1232 1173/1235
f 1164/1215 1165/1220 1178/1236 1177/1233
f 1161/1213 1160/1217 1173/1235 1174/1237
f 1165/1220 1166/1219 1179/1238 1178/1236
f 1162/1214 1161/1213 1174/1237 1175/1226
f 1157/1218 1155/1179 1168/1239 1170/1228
f 1166/1219 1156/1221 1169/1229 1179/1238
f 1179/1238 1169/1229 1182/1240 1192/1241
f 1176/1227 1175/1226 1188/1242 1189/1243
f 1169/1229 1170/1228 1183/1244 1182/1240
f 458/1230 1176/1227 1189/1243 472/1245
f 1172/1232 1171/1231 1184/1246 1185/1247
f 1180/1234 1177/1233 1190/1248 1193/1249
f 1173/1235 1172/1232 1185/1247 1186/1250
f 1177/1233 1178/1236 1191/1251 1190/1248
f 1174/1237 1173/1235 1186/1250 1187/1252
f 1178/1236 1179/1238 1192/1241 1191/1251
f 1175/1226 1174/1237 1187/1252 1188/1242
f 1170/1228 1168/1239 1181/1253 1183/1244
f 1192/1241 1182/1240 1195/1254 1205/1255
f 1189/1243 1188/1242 1201/1256 1202/1257
f 1182/1240 1183/1244 1196/1258 1195/1254
f 472/1245 1189/1243 1202/1257 486/1259
f 1185/1247 1184/1246 1197/1260 1198/1261
f 1193/1249 1190/1248 1203/1262 1206/1263
f 1186/1250 1185/1247 1198/1261 1199/1264
f 1190/1248 1191/1251 1204/1265 1203/1262
f 1187/1252 1186/1250 1199/1264 1200/1266
f 1191/1251 1192/1241 1205/1255 1204/1265
f 1188/1242 1187/1252 1200/1266 1201/1256
f 1183/1244 1181/1253 1194/1267 1196/1258
f 1205/1255 1195/1254 1208/1268 1218/1269
f 1202/1257 1201/1256 1214/1270 1215/1271
f 1195/1254 1196/1258 1209/1272 1208/1268
f 486/1259 1202/1257 1215/1271 500/1273
f 1198/1261 1197/1260 1210/1274 1211/1275
f 1206/1263 1203/1262 1216/1276 1219/1277
f 1199/1264 1198/1261 1211/1275 1212/1278
f 1203/1262 1204/1265 1217/1279 1216/1276
f 1200/1266 1199/1264 1212/1278 1213/1280
f 1204/1265 1205/1255 1218/1269 1217/1279
f 1201/1256 1200/1266 1213/1280 1214/1270
f 1196/1258 1194/1267 1207/1281 1209/1272
f 1218/1269 1208/1268 1221/1282 1231/1283
f 1215/1271 1214/1270 1227/1284 1228/1285
f 1208/1268 1209/1272 1222/1286 1221/1282
f 500/1273 1215/1271 1228/1285 514/1287
f 1211/1275 1210/1274 1223/1288 1224/1289
f 1219/1277 1216/1276 1229/1290 1232/1291
f 1212/1278 1211/1275 1224/1289 1225/1292
f 1216/1276 1217/1279 1230/1293 1229/1290
f 1213/1280 1212/1278 1225/1292 1226/1294
f 1217/1279 1218/1269 1231/1283 1230/1293
f 1214/1270 1213/1280 1226/1294 1227/1284
f 1209/1272 1207/1281 1220/1295 1222/1286
f 1222/1286 1220/1295 1233/1296 1235/1297
f 1231/1283 1221/1282 1234/1298 1244/1299
f 1228/1285 1227/1284 1240/1300 1241/1301
f 1221/1282 1222/1286 1235/1297 1234/1298
f 1224/1289 1223/1288 1236/1302 1237/1303
f 1232/1291 1229/1290 1242/1304 1245/1305
f 1225/1292 1224/1289 1237/1303 1238/1306
f 1229/1290 1230/1293 1243/1307 1242/1304
f 1226/1294 1225/1292 1238/1306 1239/1308
f 1230/1293 1231/1283 1244/1299 1243/1307
f 1227/1284 1226/1294 1239/1308 1240/1300
f 1240/1300 1239/1308 1252/1309 1253/1310
f 1235/1297 1233/1296 1246/1311 1248/1312
f 1244/1299 1234/1298 1247/1313 1257/1314
f 1241/1301 1240/1300 1253/1310 1254/1315
f 1234/1298 1235/1297 1248/1312 1247/1313
f 528/1316 1241/1301 1254/1315 542/1317
f 1237/1303 1236/1302 1249/1318 1250/1319
f 1245/1305 1242/1304 1255/1320 1258/1321
f 1238/1306 1237/1303 1250/1319 1251/1322
f 1242/1304 1243/1307 1256/1323 1255/1320
f 1239/1308 1238/1306 1251/1322 1252/1309
f 1243/1307 1244/1299 1257/1314 1256/1323
f 1350/1324 1349/1325 1271/1326 1270/1327
f 1253/1310 1252/1309 1266/1328 1267/1329
f 1352/1330 1351/1331 1259/1332 1261/1333
f 1349/1325 1353/1334 1260/1335 1271/1326
f 1254/1315 1253/1310 1267/1329 1268/1336
f 1353/1334 1352/1330 1261/1333 1260/1335
f 542/1317 1254/1315 1268/1336 557/1337
f 1250/1319 1249/1318 1263/1338 1264/1339
f 1251/1322 1250/1319 1264/1339 1265/1340
f 1252/1309 1251/1322 1265/1340 1266/1328
f 1270/1327 1271/1326 1284/1341 1283/1342
f 1356/1343 1355/1344 1280/1345 1281/1346
f 1261/1333 1259/1332 1273/1347 1275/1348
f 1271/1326 1260/1335 1274/1349 1284/1341
f 1357/1350 1356/1343 1281/1346 1282/1351
f 1260/1335 1261/1333 1275/1348 1274/1349
f 660/1352 1357/1350 1282/1351 572/1353
f 905/945 945/998 909/947 904/935
f 1359/1354 1358/1355 1277/1356 1278/1357
f 1361/1358 1359/1354 1278/1357 1279/1359
f 1355/1344 1361/1358 1279/1359 1280/1345
f 1286/1178 988/844 809/843 1105/1172
f 1104/1169 1287/1360 1286/1178 1105/1172
f 1155/1179 1286/1178 1287/1360 1168/1239
f 1168/1239 1287/1360 1288/1361 1181/1253
f 1103/1165 1288/1361 1287/1360 1104/1169
f 1319/1362 1305/1363 1299/1364 1320/1365
f 1220/1295 1318/1366 1319/1367 1233/1296
f 1319/1362 1318/1366 1310/1368 1305/1363
f 1207/1281 1289/1369 1318/1366 1220/1295
f 1364/1370 1360/1371 1269/1372 1276/1373
f 1318/1366 1289/1369 1315/1374 1310/1368
f 1360/1371 666/617 581/616 1269/1372
f 1101/1161 1100/1160 1291/1375 1292/1376
f 1363/1377 1364/1370 1276/1373 1262/1378
f 1194/1267 1290/1379 1289/1369 1207/1281
f 1306/1380 1307/1381 1294/1382 1296/1383
f 1292/1376 1291/1375 1297/1384 1298/1385
f 1289/1369 1290/1379 1102/1386 1315/1374
f 1307/1381 605/631 583/630 1294/1382
f 1302/1387 1306/1380 1296/1383 1300/1388
f 1312/1389 1295/1390 1307/1381 1306/1380
f 1295/1390 582/636 605/631 1307/1381
f 1316/1391 1312/1389 1306/1380 1302/1387
f 1298/1385 1297/1384 1303/1392 1304/1393
f 1181/1253 1288/1361 1290/1379 1194/1267
f 1311/1394 1317/1395 1312/1389 1316/1391
f 1301/1396 600/643 582/636 1295/1390
f 1317/1395 1301/1396 1295/1390 1312/1389
f 1304/1393 1303/1392 1308/1397 1309/1398
f 1102/1386 1290/1379 1288/1361 1103/1165
f 1099/1173 1098/1170 1317/1395 1311/1394
f 1098/1170 1127/1177 1301/1396 1317/1395
f 1366/1399 1365/1400 1313/1401 1314/1402
f 1101/1161 1292/1376 1315/1374 1102/1163
f 1298/1385 1310/1368 1315/1374 1292/1376
f 1304/1393 1305/1363 1310/1368 1298/1385
f 1304/1393 1309/1398 1299/1364 1305/1363
f 1366/1399 1314/1402 1293/1403 1367/1404
f 1233/1296 1319/1367 1320/1365 1246/1311
f 1362/1405 1367/1404 1293/1403 1321/1406
f 1351/1331 1362/1405 1321/1406 1259/1332
f 1099/1173 1311/1394 1291/1375 1100/1160
f 1291/1375 1311/1394 1316/1391 1297/1384
f 1302/1387 1303/1392 1297/1384 1316/1391
f 1300/1388 1308/1397 1303/1392 1302/1387
f 1363/1407 1365/1408 1308/1397 1300/1388
f 1368/1409 1255/1320 1256/1323 1350/1410
f 1354/1411 1258/1321 1255/1320 1368/1409
f 1323/1412 618/662 623/661 1326/1413
f 1324/1414 1323/1412 1326/1413 1327/1415
f 1325/1416 1324/1414 1327/1415 1328/1417
f 622/667 1325/1416 1328/1417 627/668
f 1327/1415 1326/1413 1329/1418 1330/1419
f 1328/1417 1327/1415 1330/1419 1331/1420
f 627/668 1328/1417 1331/1420 632/673
f 628/670 633/674 1330/1419 1329/1418
f 1330/1419 633/674 632/673 1331/1420
f 1323/1412 1269/1372 581/616 618/662
f 1313/1421 1262/1422 1332/1423 1335/1424
f 1314/1402 1313/1401 1335/1424 1336/1425
f 1321/1406 1293/1403 1334/1426 1337/1427
f 1293/1403 1314/1402 1336/1425 1334/1426
f 1262/1378 1276/1373 1333/1428 1332/1423
f 1259/1332 1321/1406 1337/1427 1273/1347
f 1269/1372 1323/1412 1333/1428 1276/1373
f 1336/1425 1335/1424 1346/1429 1347/1430
f 1334/1426 1336/1425 1347/1430 1345/1431
f 1283/1342 1284/1341 1342/1432 1341/1433
f 1337/1427 1334/1426 1345/1431 1348/1434
f 1284/1341 1274/1349 1339/1435 1342/1432
f 1335/1424 1332/1423 1343/1436 1346/1429
f 1273/1347 1337/1427 1348/1434 1338/1437
f 1275/1348 1273/1347 1338/1437 1340/1438
f 1274/1349 1275/1348 1340/1438 1339/1435
f 1332/1423 1333/1428 1344/1439 1343/1436
f 1333/1428 1323/1412 1324/1414 1344/1439
f 1256/1323 1257/1314 1349/1325 1350/1410
f 1248/1312 1246/1311 1351/1331 1352/1330
f 1257/1314 1247/1313 1353/1334 1349/1325
f 1247/1313 1248/1312 1352/1330 1353/1334
f 1267/1329 1266/1328 1355/1344 1356/1343
f 1268/1336 1267/1329 1356/1343 1357/1350
f 557/1337 1268/1336 1357/1350 660/1352
f 1264/1339 1263/1338 1358/1355 1359/1354
f 1265/1340 1264/1339 1359/1354 1361/1358
f 1266/1328 1265/1340 1361/1358 1355/1344
f 1296/1383 1294/1382 1360/1371 1364/1370
f 1294/1382 583/630 666/617 1360/1371
f 1300/1388 1296/1383 1364/1370 1363/1407
f 1309/1398 1308/1397 1365/1408 1366/1399
f 1309/1398 1366/1399 1367/1404 1299/1364
f 1320/1365 1299/1364 1367/1404 1362/1405
f 1246/1311 1320/1365 1362/1405 1351/1331
f 1262/1422 1313/1421 1365/1400 1363/1377
f 1322/1440 1368/1409 1350/1410 1270/1327
f 1272/1441 1354/1411 1368/1409 1322/1440
f 1338/1437 1348/1434 1377/1442 1376/1443
f 1345/1431 1347/1430 1378/1444 1369/1445
f 1339/1435 1340/1438 1374/1446 1375/1447
f 1343/1436 1344/1439 1370/1448 1371/1449
f 1344/1439 1324/1414 1325/1416 1370/1448
f 1347/1430 1346/1429 1379/1450 1378/1444
f 1341/1433 1342/1432 1372/1451 1373/1452
f 1348/1434 1345/1431 1369/1445 1377/1442
f 1346/1429 1343/1436 1371/1449 1379/1450
f 1340/1438 1338/1437 1376/1443 1374/1446
f 1342/1432 1339/1435 1375/1447 1372/1451
f 621/665 728/753 729/756 622/667
f 728/753 621/665 674/703 727/750
f 727/750 674/703 675/702 731/748
f 731/748 675/702 683/704 726/746
f 726/746 683/704 682/699 725/743
f 725/743 682/699 673/698 730/751
f 681/697 743/738 730/751 673/698
f 680/696 744/735 743/738 681/697
f 744/735 680/696 678/701 745/740
f 679/700 741/734 745/740 678/701
f 741/734 679/700 676/706 742/731
f 1373/1452 1382/1453 1381/1454 1341/1433
f 1341/1433 1381/1454 1380/1455 1283/1342
f 1283/1342 1380/1455 1322/1440 1270/1327
f 1272/1441 1322/1440 1380/1455 1285/1456
f 1282/1351 1281/1346 1387/1457 1388/1458
f 1278/1357 1277/1356 1383/1459 1384/1460
f 1281/1346 1280/1345 1386/1461 1387/1457
f 1280/1345 1279/1359 1385/1462 1386/1461
f 572/1353 1282/1351 1388/1458 693/1463
f 1279/1359 1278/1357 1384/1460 1385/1462
f 1385/1462 1384/1460 1390/1464 1391/1465
f 1388/1458 1387/1457 1393/1466 1394/1467
f 1384/1460 1383/1459 1389/1468 1390/1464
f 1387/1457 1386/1461 1392/1469 1393/1466
f 1386/1461 1385/1462 1391/1465 1392/1469
f 693/1463 1388/1458 1394/1467 700/1470
f 677/705 746/741 742/731 676/706
f 746/741 677/705 686/708 740/730
f 740/730 686/708 709/726 737/727
f 694/722 701/764 737/727 709/726
f 695/719 702/761 701/764 694/722
f 696/718 703/765 702/761 695/719
f 697/723 704/767 703/765 696/718
f 698/721 705/769 704/767 697/723
f 699/720 706/760 705/769 698/721
f 700/724 707/757 706/760 699/720
f 700/1470 1394/1467 1400/1471 707/1472
f 1400/1471 1394/1467 1393/1466 1399/1473
f 1285/1456 1380/1455 1381/1454 1401/1474
f 1401/1474 1381/1454 1382/1453 1402/1475
f 1399/1473 1393/1466 1392/1469 1398/1476
f 1427/1477 1430/1478 1403/1479 1404/1480
f 1432/1481 1431/1482 1408/1483 1405/1484
f 1434/1485 1433/1486 1410/1487 1409/1488
f 1431/1482 1435/1489 1407/1490 1408/1483
f 1435/1489 1434/1485 1409/1488 1407/1490
f 1436/1491 1432/1481 1405/1484 1406/1492
f 1436/1491 1406/1492 1403/1479 1430/1478
f 1417/1493 1418/1494 1415/1495 1414/1496
f 1418/1494 1422/1497 1413/1498 1415/1495
f 1422/1497 1419/1499 1412/1500 1413/1498
f 1421/1501 1417/1493 1414/1496 1411/1502
f 1398/1476 1392/1469 1391/1465 1397/1503
f 1397/1503 1391/1465 1390/1464 1396/1504
f 1396/1504 1390/1464 1389/1468 1395/1505
f 1389/1468 1402/1506 1427/1507 1395/1505
f 1382/1453 1430/1478 1427/1477 1402/1475
f 1373/1452 1436/1491 1430/1478 1382/1453
f 1436/1491 1373/1452 1372/1451 1432/1481
f 1375/1447 1431/1482 1432/1481 1372/1451
f 1420/1508 1416/1509 1412/1500 1419/1499
f 1416/1509 1420/1508 729/756 718/755
f 707/1472 1400/1471 1423/1510 733/1511
f 1396/1504 1395/1505 1424/1512 1425/1513
f 1397/1503 1396/1504 1425/1513 1426/1514
f 1398/1476 1397/1503 1426/1514 1428/1515
f 945/998 949/1008 953/1022 909/947
f 1399/1473 1398/1476 1428/1515 1429/1516
f 1431/1482 1375/1447 1374/1446 1435/1489
f 1400/1471 1399/1473 1429/1516 1423/1510
f 1376/1443 1434/1485 1435/1489 1374/1446
f 1434/1485 1376/1443 1377/1442 1433/1486
f 1433/1486 1377/1442 1369/1445 1421/1517
f 1378/1444 1417/1493 1421/1501 1369/1445
f 1379/1450 1418/1494 1417/1493 1378/1444
f 1371/1449 1422/1497 1418/1494 1379/1450
f 1433/1486 1421/1517 1411/1502 1410/1487
f 1370/1448 1419/1499 1422/1497 1371/1449
f 909/947 953/1022 954/1024 910/948
f 910/948 954/1024 965/1045 911/954
f 1145/1202 1137/1193 911/954 965/1045
f 1154/1212 1146/1203 1137/1193 1145/1202
f 1146/957 1154/1043 995/1001 912/958
f 912/958 995/1001 994/1004 913/951
f 913/951 994/1004 993/1007 914/952
f 1167/1216 1158/1225 914/952 993/1007
f 1158/1225 1167/1216 1180/1234 1171/1231
f 1171/1231 1180/1234 1193/1249 1184/1246
f 1184/1246 1193/1249 1206/1263 1197/1260
f 1197/1260 1206/1263 1219/1277 1210/1274
f 1210/1274 1219/1277 1232/1291 1223/1288
f 1223/1288 1232/1291 1245/1305 1236/1302
f 1236/1302 1245/1305 1258/1321 1249/1318
f 1354/1411 1263/1338 1249/1318 1258/1321
f 1263/1338 1354/1411 1272/1441 1358/1355
f 1358/1355 1272/1441 1285/1456 1277/1356
f 1277/1356 1285/1456 1401/1474 1383/1459
f 1383/1459 1401/1474 1402/1475 1389/1468
f 1325/1416 1420/1508 1419/1499 1370/1448
f 1420/1508 1325/1416 622/667 729/756
f 1395/1505 1427/1507 1404/1480 1424/1512
f 878/915 142/153 144/156 879/921
f 1127/1177 401/418 600/643 1301/1396
f 1326/1413 623/661 628/670 1329/1418
f 514/1287 1228/1285 1241/1301 528/1316
f 826/896 85/924 109/886 849/883