HIERARCHY
ROOT Hips
{
	OFFSET -0.001795 -0.223333 0.028219
	CHANNELS 6 Xposition Yposition Zposition Zrotation Yrotation Xrotation 
	JOINT LeftUpLeg
	{
		OFFSET 0.069520 -0.091406 -0.006815
		CHANNELS 3 Zrotation Yrotation Xrotation
		JOINT LeftLeg
		{
			OFFSET 0.034277 -0.375199 -0.004496
			CHANNELS 3 Zrotation Yrotation Xrotation
			JOINT LeftFoot
			{
				OFFSET -0.013596 -0.397961 -0.043693
				CHANNELS 3 Zrotation Yrotation Xrotation
				JOINT LeftToe
				{
					OFFSET 0.026358 -0.055791 0.119288
					CHANNELS 3 Zrotation Yrotation Xrotation
					End Site
					{
						OFFSET 0.000000 0.000000 0.000000
					}
				}
			}
		}
	}
	JOINT RightUpLeg
	{
		OFFSET -0.067670 -0.090522 -0.004320
		CHANNELS 3 Zrotation Yrotation Xrotation
		JOINT RightLeg
		{
			OFFSET -0.038290 -0.382569 -0.008850
			CHANNELS 3 Zrotation Yrotation Xrotation
			JOINT RightFoot
			{
				OFFSET 0.015774 -0.398415 -0.042312
				CHANNELS 3 Zrotation Yrotation Xrotation
				JOINT RightToe
				{
					OFFSET -0.025372 -0.048144 0.123348
					CHANNELS 3 Zrotation Yrotation Xrotation
					End Site
					{
						OFFSET 0.000000 0.000000 0.000000
					}
				}
			}
		}
	}
	JOINT Spine
	{
		OFFSET -0.002533 0.108963 -0.026696
		CHANNELS 3 Zrotation Yrotation Xrotation
		JOINT Spine1
		{
			OFFSET 0.005487 0.135180 0.001092
			CHANNELS 3 Zrotation Yrotation Xrotation
			JOINT Spine2
			{
				OFFSET 0.001457 0.052922 0.025425
				CHANNELS 3 Zrotation Yrotation Xrotation
				JOINT Neck
				{
					OFFSET -0.002778 0.213870 -0.042857
					CHANNELS 3 Zrotation Yrotation Xrotation
					JOINT Head
					{
						OFFSET 0.005152 0.064970 0.051349
						CHANNELS 3 Zrotation Yrotation Xrotation
						End Site
						{
							OFFSET 0.000000 0.000000 0.000000
						}
					}
				}
				JOINT LeftShoulder
				{
					OFFSET 0.078845 0.121749 -0.034090
					CHANNELS 3 Zrotation Yrotation Xrotation
					JOINT LeftArm
					{
						OFFSET 0.090977 0.030469 -0.008868
						CHANNELS 3 Zrotation Yrotation Xrotation
						JOINT LeftForeArm
						{
							OFFSET 0.259612 -0.012772 -0.027456
							CHANNELS 3 Zrotation Yrotation Xrotation
							JOINT LeftHand
							{
								OFFSET 0.249234 0.008986 -0.001171
								CHANNELS 3 Zrotation Yrotation Xrotation
								End Site
								{
									OFFSET 0.000000 0.000000 0.000000
								}
							}
						}
					}
				}
				JOINT RightShoulder
				{
					OFFSET -0.081759 0.118833 -0.038615
					CHANNELS 3 Zrotation Yrotation Xrotation
					JOINT RightArm
					{
						OFFSET -0.096012 0.032551 -0.009143
						CHANNELS 3 Zrotation Yrotation Xrotation
						JOINT RightForeArm
						{
							OFFSET -0.253742 -0.013329 -0.021401
							CHANNELS 3 Zrotation Yrotation Xrotation
							JOINT RightHand
							{
								OFFSET -0.255298 0.007772 -0.005559
								CHANNELS 3 Zrotation Yrotation Xrotation
								End Site
								{
									OFFSET 0.000000 0.000000 0.000000
								}
							}
						}
					}
				}
			}
		}
	}
}
MOTION
Frames: 192
Frame Time: 0.050000
0.000000 0.468015 0.000000 -2.451308 19.852238 -14.623452 54.148262 8.592742 -46.236683 -44.547712 43.451303 90.253237 10.266520 32.720628 -37.696085 0.000000 0.000000 0.000000 -26.321611 -21.019819 -66.384024 39.927793 -44.258762 88.919852 -13.515773 -38.619757 -14.168627 0.000000 0.000000 0.000000 2.799649 -7.674410 48.887227 3.189127 0.483272 -29.208797 1.058378 -4.971500 25.492838 -0.607600 2.104097 -21.269803 0.000000 0.000000 0.000000 -26.936828 -13.771850 5.641863 -32.765546 -15.005724 -1.726514 7.216593 -49.956923 -1.396471 0.000000 0.000000 0.000000 19.195856 3.864259 2.140552 39.702379 -3.018896 -7.521141 -13.134494 43.583630 -2.367579 0.000000 0.000000 0.000000 
0.000242 0.513209 0.009570 -1.144913 19.415997 -10.643224 54.085741 6.782157 -39.554421 -58.519644 41.492759 68.529268 10.897360 35.227951 -36.150728 0.000000 0.000000 0.000000 -26.304361 -19.244672 -63.141402 37.477562 -40.542825 85.283485 -13.491632 -37.024304 -14.349466 0.000000 0.000000 0.000000 2.732721 -7.287193 47.717730 -1.278369 1.317524 -33.543839 3.556246 -7.280158 25.589955 -1.944050 2.576855 -22.476885 0.000000 0.000000 0.000000 -28.483837 -14.094151 6.983205 -36.501199 -11.332236 -3.282516 6.277969 -46.888232 -0.443122 0.000000 0.000000 0.000000 23.151531 3.158711 1.056900 39.727957 -5.977127 -8.171747 -16.829599 45.812425 -4.399948 0.000000 0.000000 0.000000 
0.002714 0.562996 0.018013 0.246050 19.979527 -6.744866 47.734655 5.191133 -39.715203 -56.944936 35.741232 63.561030 12.438139 40.057857 -32.497376 0.000000 0.000000 0.000000 -28.971441 -18.107899 -54.912538 36.588912 -38.846765 80.752462 -12.063264 -33.658473 -21.554939 0.000000 0.000000 0.000000 3.262614 -5.962847 40.610013 1.784414 0.783326 -28.574995 -2.534611 -6.219114 22.817818 2.108552 0.013695 -19.089094 0.000000 0.000000 0.000000 -29.355506 -10.170822 3.385061 -38.164850 -7.920338 -3.685729 6.709247 -46.934963 -0.861600 0.000000 0.000000 0.000000 26.960193 3.845461 1.961632 40.052370 -5.952800 -7.873778 -14.203545 45.179508 -3.202533 0.000000 0.000000 0.000000 
0.006223 0.612202 0.025183 0.484272 18.739042 -4.705685 44.490070 3.779573 -34.217169 -55.685511 29.444023 55.720937 14.070164 42.342966 -28.775570 0.000000 0.000000 0.000000 -27.486159 -14.083947 -48.646766 34.623639 -34.856552 74.004769 -11.561416 -32.484191 -25.384463 0.000000 0.000000 0.000000 2.514463 -4.587138 35.943609 2.364437 0.521179 -27.684059 -2.787186 -5.410210 22.882483 2.839383 0.097679 -22.494220 0.000000 0.000000 0.000000 -26.896083 -6.735024 0.902091 -43.626247 -6.371701 -4.485814 0.295169 -44.161660 1.768832 0.000000 0.000000 0.000000 22.207000 2.255346 1.257885 45.577403 -4.317644 -8.229146 -11.746847 43.411918 -1.788077 0.000000 0.000000 0.000000 
0.009795 0.690133 0.032051 0.955041 18.338551 -1.103428 37.155963 2.089595 -30.743156 -49.774728 20.989888 47.753202 16.477793 44.345277 -23.078358 0.000000 0.000000 0.000000 -25.560714 -10.355049 -41.496596 33.181177 -29.025554 61.521355 -11.148736 -30.736087 -24.297690 0.000000 0.000000 0.000000 2.607558 -3.420362 29.434469 1.341468 0.679793 -28.930717 -2.811464 -6.089270 26.268305 4.506032 -0.630542 -25.810832 0.000000 0.000000 0.000000 -26.035350 -5.246843 0.232454 -47.400247 -6.378104 -5.193770 0.492589 -39.071838 1.667165 0.000000 0.000000 0.000000 20.302969 1.394203 0.900249 50.763157 -3.325964 -8.897163 -13.212003 42.672885 -1.960170 0.000000 0.000000 0.000000 
0.011953 0.743527 0.038523 0.646181 17.469287 0.346579 33.903297 1.427772 -27.784280 -44.201232 15.868169 41.996764 19.576249 44.413509 -12.937484 0.000000 0.000000 0.000000 -22.610839 -7.538782 -37.679238 31.607247 -23.989237 52.224740 -10.937068 -30.094062 -20.928899 0.000000 0.000000 0.000000 2.874236 -2.664106 24.625550 1.418809 0.641893 -26.185698 -3.386898 -5.007936 24.626144 5.259729 -0.904533 -24.896039 0.000000 0.000000 0.000000 -23.211560 -4.335755 -0.525506 -52.116651 -5.077065 -5.900505 1.204086 -36.404891 1.189211 0.000000 0.000000 0.000000 18.298652 0.021981 0.267633 55.559392 -2.556118 -8.882618 -13.309477 41.991451 -1.740375 0.000000 0.000000 0.000000 
0.012853 0.792523 0.044729 -0.002051 16.642979 0.915441 30.522085 0.712778 -23.497006 -37.576834 11.366699 36.648105 19.432995 40.622462 -7.995264 0.000000 0.000000 0.000000 -19.755524 -4.937668 -32.185420 29.399200 -18.843783 42.892163 -11.242453 -30.373811 -15.140154 0.000000 0.000000 0.000000 2.379404 -1.960236 20.625389 2.202734 0.444694 -27.253999 -3.990125 -5.130247 26.882814 5.110932 -0.782625 -25.691253 0.000000 0.000000 0.000000 -22.088401 -2.682410 -1.198174 -53.886125 -4.875631 -6.461944 2.555985 -34.372504 0.814725 0.000000 0.000000 0.000000 16.936800 0.494890 0.542432 58.324563 -0.403770 -8.376217 -12.447586 40.196179 -1.261491 0.000000 0.000000 0.000000 
0.012669 0.829203 0.050573 -0.674950 15.696859 2.330284 27.589330 0.303955 -20.918438 -32.041950 8.324449 31.491609 20.427989 39.799956 -2.526034 0.000000 0.000000 0.000000 -16.491770 -3.106234 -29.414432 25.811269 -14.196797 36.180240 -11.509959 -30.427374 -10.571522 0.000000 0.000000 0.000000 1.580157 -1.308769 16.450645 3.580315 0.097318 -26.070592 -4.592397 -4.674911 25.737207 4.936204 -0.738672 -24.393517 0.000000 0.000000 0.000000 -21.126804 -1.943760 -1.641796 -54.753305 -3.439301 -7.000921 3.095437 -32.799076 0.542240 0.000000 0.000000 0.000000 16.446474 0.392924 0.458783 58.935304 0.226837 -7.874759 -11.920151 37.496866 -1.085806 0.000000 0.000000 0.000000 
0.012066 0.855967 0.055961 -1.091134 14.568160 2.565570 24.960488 0.012535 -17.840276 -26.472279 5.970631 27.025777 19.884970 37.362734 0.675057 0.000000 0.000000 0.000000 -14.074219 -1.896741 -26.903676 22.075347 -10.803560 32.204885 -11.663050 -29.414256 -5.443340 0.000000 0.000000 0.000000 0.961965 -0.925073 13.659422 3.666270 0.063063 -26.471248 -4.243463 -4.462683 26.410154 4.612324 -0.588831 -24.392486 0.000000 0.000000 0.000000 -20.682998 -1.060613 -1.979392 -54.619356 -3.982140 -6.810344 2.748660 -30.172160 0.614445 0.000000 0.000000 0.000000 15.538621 0.795357 0.623137 59.679539 1.069741 -7.562007 -10.503004 34.742744 -0.649866 0.000000 0.000000 0.000000 
0.011438 0.876538 0.060358 -1.328080 14.616346 2.819550 22.484021 -0.283358 -15.459484 -22.390104 4.292653 22.953061 19.672554 35.974109 3.229471 0.000000 0.000000 0.000000 -11.813735 -1.037665 -24.052058 18.539417 -7.964774 27.399161 -12.212578 -29.732406 -1.512309 0.000000 0.000000 0.000000 0.463204 -0.727641 12.054754 3.213699 0.167935 -26.949757 -3.827418 -4.700200 26.428061 4.077371 -0.341985 -23.936410 0.000000 0.000000 0.000000 -19.876810 -0.602230 -2.092509 -54.919974 -3.582808 -7.069868 3.343049 -29.436330 0.454609 0.000000 0.000000 0.000000 16.037293 1.065522 0.751636 59.930601 0.865228 -7.710501 -8.379081 33.070119 -0.109054 0.000000 0.000000 0.000000 
0.011250 0.889269 0.063775 -1.721512 14.171312 3.023773 21.359107 -0.405036 -13.617701 -20.233236 3.484596 19.653124 18.572171 33.935136 4.208410 0.000000 0.000000 0.000000 -10.544165 -0.547769 -21.856561 16.935952 -6.353378 23.229106 -11.968569 -28.372464 1.448303 0.000000 0.000000 0.000000 0.565735 -0.607666 10.337923 2.674639 0.271147 -27.348615 -3.281527 -4.318769 26.820284 4.125568 -0.321585 -24.108171 0.000000 0.000000 0.000000 -20.282735 -0.080429 -2.483941 -54.535959 -4.056833 -6.812403 3.804563 -27.215224 0.295466 0.000000 0.000000 0.000000 15.612364 1.309003 0.924660 61.069837 0.910271 -7.799104 -7.623383 30.504798 0.071965 0.000000 0.000000 0.000000 
0.011792 0.899363 0.066329 -1.945824 14.103532 3.312740 20.250806 -0.507015 -12.374287 -18.318860 2.819454 16.752812 18.411678 33.109716 6.811812 0.000000 0.000000 0.000000 -9.554137 -0.225901 -19.572797 14.949366 -4.912327 19.369689 -11.619512 -27.025088 3.885504 0.000000 0.000000 0.000000 0.604427 -0.484205 8.536573 2.421526 0.319631 -27.068073 -2.891064 -4.004123 26.168838 3.563449 0.132486 -24.515175 0.000000 0.000000 0.000000 -20.358168 0.181792 -2.770601 -54.617795 -3.068531 -7.165204 3.868734 -26.002012 0.227975 0.000000 0.000000 0.000000 15.994630 0.911523 0.778579 61.138248 0.032562 -8.171428 -6.403899 28.830172 0.317795 0.000000 0.000000 0.000000 
0.012808 0.906334 0.068166 -2.237666 13.920083 3.729511 19.484076 -0.562548 -11.550606 -16.751954 2.393115 14.903774 17.807396 32.089808 7.490771 0.000000 0.000000 0.000000 -8.871432 -0.045170 -18.789837 14.110197 -4.379765 17.952662 -11.476054 -26.344067 5.477286 0.000000 0.000000 0.000000 0.483860 -0.381559 7.111543 2.249884 0.349188 -27.222720 -2.352146 -4.129255 26.530114 3.525818 0.142795 -24.729590 0.000000 0.000000 0.000000 -20.475775 0.973358 -3.168100 -55.062679 -2.697292 -7.424045 4.053933 -24.648648 0.197035 0.000000 0.000000 0.000000 15.264821 1.010216 0.787620 61.902672 -0.324691 -8.421860 -4.965630 27.830608 0.590847 0.000000 0.000000 0.000000 
0.013678 0.912381 0.069480 -2.543551 13.220141 4.089069 18.682730 -0.595612 -10.354528 -15.216434 2.003869 12.445781 17.736762 31.752757 8.881680 0.000000 0.000000 0.000000 -7.921896 0.198657 -17.453656 12.435917 -3.456554 15.640501 -10.737796 -24.713484 6.347489 0.000000 0.000000 0.000000 0.176543 -0.275254 5.703482 2.752604 0.227678 -26.959901 -2.194671 -3.791822 26.262694 3.678600 0.118425 -25.347405 0.000000 0.000000 0.000000 -20.076312 1.536418 -3.407554 -56.032010 -2.221741 -7.756178 4.047713 -23.171024 0.191399 0.000000 0.000000 0.000000 15.009229 1.597932 1.059797 61.944367 -0.643329 -8.534568 -4.022072 26.625122 0.704728 0.000000 0.000000 0.000000 
0.013998 0.914465 0.070414 -2.749016 12.986619 4.274658 18.216628 -0.619176 -9.724860 -14.066265 1.754197 11.170317 17.615384 31.546150 8.904205 0.000000 0.000000 0.000000 -7.525397 0.285781 -16.745720 11.965158 -3.167337 14.568352 -10.771984 -24.749537 6.662565 0.000000 0.000000 0.000000 0.094658 -0.248370 5.306727 2.794699 0.215124 -26.971022 -1.997548 -3.642380 26.244780 3.950718 -0.052299 -25.182367 0.000000 0.000000 0.000000 -19.830371 1.655101 -3.436746 -56.509577 -1.916668 -7.969838 3.419429 -23.171371 0.317737 0.000000 0.000000 0.000000 14.779840 1.873544 1.202100 62.234560 -0.546099 -8.502084 -3.334380 25.811786 0.800819 0.000000 0.000000 0.000000 
0.013810 0.915904 0.071354 -2.756617 12.843369 4.310817 17.921665 -0.658130 -8.797942 -13.508719 1.600242 9.863337 17.022178 30.679743 8.974565 0.000000 0.000000 0.000000 -7.514042 0.298940 -15.818820 11.464192 -2.910034 13.665437 -10.272537 -23.719904 6.884890 0.000000 0.000000 0.000000 -0.195489 -0.207200 4.873258 3.044628 0.153205 -26.655690 -2.023108 -3.670241 26.049858 4.489704 -0.332726 -25.617166 0.000000 0.000000 0.000000 -19.443365 1.981593 -3.527557 -56.489603 -1.853182 -7.989517 2.131734 -22.872031 0.565362 0.000000 0.000000 0.000000 14.367124 2.143727 1.301372 62.461789 -0.504625 -8.465484 -2.400999 25.643632 0.962027 0.000000 0.000000 0.000000 
0.013575 0.917159 0.072208 -2.983697 12.353127 4.084869 17.982960 -0.686184 -7.647282 -12.897835 1.467783 8.592442 16.732477 30.198600 9.426931 0.000000 0.000000 0.000000 -7.302206 0.347406 -14.850667 10.855019 -2.617163 12.786517 -10.020832 -23.114072 7.582517 0.000000 0.000000 0.000000 -0.420394 -0.193843 4.884843 3.470007 0.056447 -26.849082 -1.774037 -3.611755 26.099907 4.255691 -0.184134 -26.101784 0.000000 0.000000 0.000000 -19.634648 2.440313 -3.741344 -55.977889 -1.762469 -7.962266 0.693127 -22.924646 0.860403 0.000000 0.000000 0.000000 13.960052 2.372409 1.356347 62.647465 -0.706135 -8.593002 -2.332730 25.711755 0.965543 0.000000 0.000000 0.000000 
0.013592 0.917932 0.072840 -3.073182 11.648497 3.982981 17.647148 -0.685937 -6.693334 -12.160882 1.363223 7.848537 16.382333 29.719087 9.294140 0.000000 0.000000 0.000000 -7.499163 0.344957 -14.377540 10.638053 -2.472750 12.346137 -9.814624 -22.671231 8.001353 0.000000 0.000000 0.000000 -0.752302 -0.173984 4.904447 3.856578 -0.031222 -27.021425 -1.544404 -3.484485 26.114548 4.593331 -0.380510 -26.582398 0.000000 0.000000 0.000000 -19.717723 2.242450 -3.551088 -55.515495 -1.883112 -7.855093 -0.714771 -22.754574 1.141787 0.000000 0.000000 0.000000 13.242593 2.839179 1.505413 62.881392 -0.972067 -8.755680 -2.147078 25.955666 0.993698 0.000000 0.000000 0.000000 
0.013824 0.918255 0.073210 -3.026009 10.957033 3.930550 17.453959 -0.679114 -5.950141 -11.846086 1.306820 6.973865 16.305388 29.563991 9.804218 0.000000 0.000000 0.000000 -7.542841 0.362283 -14.023590 10.357586 -2.324814 11.987586 -9.662351 -22.355774 8.341670 0.000000 0.000000 0.000000 -0.901595 -0.150878 4.586536 4.016752 -0.074408 -27.039022 -1.617403 -3.755329 26.282781 4.465687 -0.381077 -26.990799 0.000000 0.000000 0.000000 -19.887066 2.425300 -3.482135 -55.434250 -2.240484 -7.713101 -1.538309 -22.844269 1.345369 0.000000 0.000000 0.000000 12.890728 3.057488 1.473911 63.016725 -0.908457 -8.777103 -1.881624 26.537948 1.048019 0.000000 0.000000 0.000000 
0.014117 0.918797 0.073437 -2.892282 10.117708 3.907706 17.017655 -0.668678 -5.008314 -11.550437 1.242406 5.824140 16.421005 29.661278 10.397373 0.000000 0.000000 0.000000 -7.801570 0.355864 -13.706713 10.179051 -2.209139 11.719922 -9.310150 -21.734412 8.204464 0.000000 0.000000 0.000000 -0.736859 -0.139717 4.117753 3.992995 -0.085925 -26.757931 -1.929892 -3.881470 26.475346 4.428741 -0.446564 -27.223789 0.000000 0.000000 0.000000 -20.394830 1.778224 -3.008514 -54.966999 -3.003368 -7.341704 -1.766592 -22.462289 1.393185 0.000000 0.000000 0.000000 13.329081 3.367540 1.521303 62.779252 -1.081863 -8.930887 -1.683803 27.403783 1.111147 0.000000 0.000000 0.000000 
0.014097 0.919055 0.073822 -2.851325 9.449249 3.777996 16.629622 -0.676265 -3.865686 -11.317294 1.171070 4.547727 16.362149 29.547384 10.593720 0.000000 0.000000 0.000000 -7.825400 0.369044 -13.187856 9.958553 -2.094064 11.416840 -9.078581 -21.318891 8.219313 0.000000 0.000000 0.000000 -0.546048 -0.137338 3.827371 4.261458 -0.167560 -26.309063 -2.414358 -4.142652 26.411151 4.599323 -0.666578 -27.080377 0.000000 0.000000 0.000000 -20.676898 0.857119 -2.334868 -54.796448 -3.934997 -6.920791 -1.948426 -22.230270 1.436936 0.000000 0.000000 0.000000 13.375617 3.202962 1.309238 62.675354 -0.843174 -8.831451 -1.321173 28.676330 1.239032 0.000000 0.000000 0.000000 
0.013743 0.920022 0.074433 -2.827545 8.659198 3.646986 16.307551 -0.666935 -2.913685 -11.103289 1.107668 3.295432 16.856764 30.061839 11.910857 0.000000 0.000000 0.000000 -7.798193 0.388501 -12.511764 9.755506 -1.940609 10.572215 -8.494388 -20.211980 8.262421 0.000000 0.000000 0.000000 -0.552667 -0.113368 3.257228 4.687067 -0.292813 -25.866397 -2.895219 -4.870004 26.778446 4.111664 -0.574027 -27.376223 0.000000 0.000000 0.000000 -21.666653 -0.020008 -1.565808 -54.395885 -5.810878 -6.140260 -1.693068 -21.577591 1.392212 0.000000 0.000000 0.000000 13.075893 3.491593 1.230975 62.913748 -0.632876 -8.858384 -0.819087 29.951693 1.373706 0.000000 0.000000 0.000000 
0.013072 0.920946 0.075216 -2.761818 8.200133 3.547183 16.064336 -0.686399 -1.823173 -10.834694 1.025389 2.019417 17.030845 30.149188 12.914443 0.000000 0.000000 0.000000 -7.780689 0.393432 -11.896391 9.576453 -1.838193 10.011670 -8.312938 -19.863669 8.544998 0.000000 0.000000 0.000000 -0.540544 -0.094600 2.774197 5.104407 -0.420498 -25.367900 -3.449891 -5.964975 26.802827 3.796787 -0.644271 -27.181481 0.000000 0.000000 0.000000 -22.538893 -0.758510 -0.792022 -54.179989 -7.427232 -5.470876 -1.996599 -21.799496 1.510344 0.000000 0.000000 0.000000 13.232629 3.966758 1.200413 62.876955 -1.140847 -9.191497 0.225969 32.129636 1.685684 0.000000 0.000000 0.000000 
0.012328 0.921885 0.076038 -2.803623 7.616600 3.583256 15.657869 -0.681279 -0.972679 -10.424164 0.953412 1.060616 17.563264 30.718312 13.757316 0.000000 0.000000 0.000000 -7.829056 0.399751 -11.454052 9.396755 -1.725516 9.322702 -7.824689 -18.945168 8.462466 0.000000 0.000000 0.000000 -0.457934 -0.068722 2.028239 5.585011 -0.578939 -24.709910 -4.021876 -6.425887 26.881711 3.525751 -0.696179 -26.476556 0.000000 0.000000 0.000000 -23.037102 -1.956342 0.155585 -54.017067 -9.772916 -4.481365 -1.836751 -21.747346 1.497686 0.000000 0.000000 0.000000 13.602442 4.193664 1.137828 62.851426 -1.324800 -9.327148 1.425507 33.067934 2.013217 0.000000 0.000000 0.000000 
0.011389 0.922164 0.076839 -2.766959 7.400114 3.660270 15.406207 -0.689887 -0.363710 -10.328722 0.910360 0.298176 18.081596 31.241366 14.601832 0.000000 0.000000 0.000000 -7.819593 0.403678 -11.155759 9.327371 -1.685189 9.083396 -7.626238 -18.561797 8.627746 0.000000 0.000000 0.000000 -0.219479 -0.062871 1.670465 5.611748 -0.601846 -24.498702 -4.291889 -7.104066 26.986017 3.046023 -0.569760 -26.349482 0.000000 0.000000 0.000000 -23.358586 -2.786863 0.909672 -54.170025 -11.771272 -3.651959 -1.916446 -22.179760 1.573901 0.000000 0.000000 0.000000 13.311973 4.175456 0.980505 63.409714 -1.744453 -9.670699 2.506862 33.857944 2.319499 0.000000 0.000000 0.000000 
0.010250 0.922506 0.077633 -2.695819 6.901777 3.970167 15.324391 -0.680437 -0.146898 -10.306718 0.872540 -0.618990 18.633007 31.761325 15.729335 0.000000 0.000000 0.000000 -7.792823 0.423874 -11.025574 9.226341 -1.623627 8.789758 -7.414275 -18.182984 8.541565 0.000000 0.000000 0.000000 -0.161365 -0.032998 0.873910 5.851405 -0.688582 -24.136619 -4.585064 -7.232471 27.118914 2.353269 -0.264345 -26.110498 0.000000 0.000000 0.000000 -23.576104 -3.408581 1.430698 -54.214062 -13.680437 -2.824690 -2.402880 -22.435868 1.698396 0.000000 0.000000 0.000000 13.741729 4.331013 0.944881 63.571106 -2.027568 -9.868418 3.368955 33.939577 2.535069 0.000000 0.000000 0.000000 
0.008852 0.922823 0.078310 -2.879330 6.706591 4.071424 15.500818 -0.694345 0.043329 -10.274741 0.848414 -1.112657 18.885567 32.032039 15.980582 0.000000 0.000000 0.000000 -7.865010 0.426131 -10.988377 9.433699 -1.654022 8.716662 -7.435393 -18.217399 9.158813 0.000000 0.000000 0.000000 -0.199965 -0.029281 0.804013 6.217723 -0.784234 -24.095317 -4.539444 -7.626038 27.096457 1.945291 -0.090861 -26.425074 0.000000 0.000000 0.000000 -23.679358 -3.870918 1.880796 -54.436125 -15.379142 -2.078169 -2.769195 -23.383387 1.876821 0.000000 0.000000 0.000000 13.717123 4.697482 1.021237 63.852939 -1.929601 -9.885760 2.933597 33.391292 2.320699 0.000000 0.000000 0.000000 
0.007377 0.922544 0.078927 -3.029148 5.859067 4.118243 15.530602 -0.669473 0.359930 -10.121481 0.835800 -1.599431 19.737741 32.903977 17.006883 0.000000 0.000000 0.000000 -7.735335 0.463414 -11.003898 9.600458 -1.660384 8.838588 -7.374440 -18.162341 9.158205 0.000000 0.000000 0.000000 0.219397 -0.035495 0.675139 6.094859 -0.776825 -23.961093 -4.533155 -7.528755 27.519053 1.620879 0.004316 -26.290149 0.000000 0.000000 0.000000 -24.019096 -4.357095 2.357872 -54.206916 -17.005752 -1.418168 -3.246115 -23.895921 2.039799 0.000000 0.000000 0.000000 13.737969 5.255813 1.206595 64.027869 -1.218668 -9.604642 2.638015 32.620089 2.148862 0.000000 0.000000 0.000000 
0.006133 0.922226 0.079393 -3.152058 5.611713 4.099293 15.678265 -0.676463 0.600453 -10.028403 0.824738 -1.814268 19.764355 32.890455 17.272142 0.000000 0.000000 0.000000 -7.696512 0.470748 -10.886254 9.674628 -1.673608 8.971254 -7.607210 -18.625762 9.472159 0.000000 0.000000 0.000000 0.499092 -0.048638 0.795043 6.099604 -0.787636 -23.870371 -4.692401 -7.222131 27.437500 1.990993 -0.186695 -26.214283 0.000000 0.000000 0.000000 -23.962601 -5.315154 2.890440 -53.915751 -17.982427 -0.962051 -3.465298 -25.164453 2.203606 0.000000 0.000000 0.000000 14.293800 5.288905 1.220192 63.742824 -0.938467 -9.386391 3.021508 31.954865 2.205679 0.000000 0.000000 0.000000 
0.005189 0.921793 0.079712 -3.322020 5.207567 4.122803 15.926978 -0.683821 0.869442 -10.082784 0.817706 -2.238130 20.295634 33.405680 17.926303 0.000000 0.000000 0.000000 -7.580125 0.496053 -11.027300 9.620163 -1.675589 9.476693 -7.437661 -18.339921 8.976345 0.000000 0.000000 0.000000 0.885309 -0.064570 0.886905 5.990613 -0.771680 -23.765737 -4.626995 -7.034249 27.439127 2.114502 -0.277825 -26.092747 0.000000 0.000000 0.000000 -24.164781 -5.849804 3.259348 -53.930901 -18.558468 -0.710530 -3.861046 -26.075989 2.394298 0.000000 0.000000 0.000000 14.430326 5.644573 1.366654 63.720620 -0.217787 -8.994613 2.623882 31.023159 2.015986 0.000000 0.000000 0.000000 
0.004559 0.921371 0.079799 -3.387213 4.586892 4.157767 16.082956 -0.673485 1.141551 -10.027204 0.824418 -2.384302 20.376280 33.488295 18.092366 0.000000 0.000000 0.000000 -7.377077 0.539938 -11.388280 9.593789 -1.685749 10.210186 -7.410441 -18.336860 8.476890 0.000000 0.000000 0.000000 1.129459 -0.082108 1.080179 5.805180 -0.732747 -23.826644 -4.448106 -6.591926 27.602887 2.273868 -0.368010 -26.047928 0.000000 0.000000 0.000000 -24.137361 -6.164121 3.450723 -54.055880 -18.657213 -0.670844 -4.023043 -26.865907 2.521471 0.000000 0.000000 0.000000 14.413251 5.738107 1.422602 63.595605 0.412820 -8.664653 2.863930 30.581163 2.047470 0.000000 0.000000 0.000000 
0.004087 0.920895 0.079752 -3.469422 3.817727 4.463249 16.272188 -0.648295 1.109207 -9.683098 0.819564 -2.411881 20.259248 33.281803 18.563047 0.000000 0.000000 0.000000 -7.242687 0.596113 -12.034761 9.489603 -1.672104 11.001328 -7.279479 -18.129208 8.055508 0.000000 0.000000 0.000000 1.405411 -0.112313 1.442775 5.844642 -0.750545 -23.814218 -4.477998 -6.370916 27.629642 2.400365 -0.492741 -25.917602 0.000000 0.000000 0.000000 -24.615663 -6.333113 3.674525 -53.888812 -18.461664 -0.802636 -4.591682 -27.572521 2.748726 0.000000 0.000000 0.000000 14.464571 6.288662 1.625407 63.232153 1.020029 -8.300257 2.471494 30.449910 1.908370 0.000000 0.000000 0.000000 
0.003685 0.920189 0.079663 -3.420409 3.259600 4.613873 16.173580 -0.617796 1.140287 -9.543780 0.826363 -2.375839 20.396640 33.497976 18.401757 0.000000 0.000000 0.000000 -7.333718 0.622964 -12.591009 9.437285 -1.671395 11.680093 -7.193761 -17.991252 7.662922 0.000000 0.000000 0.000000 1.575986 -0.141936 1.843260 5.692922 -0.750329 -23.389173 -4.397318 -6.231186 27.623784 2.473856 -0.570911 -25.928391 0.000000 0.000000 0.000000 -24.916955 -6.599239 3.942854 -53.836710 -18.069500 -1.019362 -5.114840 -27.726779 2.902101 0.000000 0.000000 0.000000 14.503065 6.508993 1.681676 63.112074 2.059298 -7.746711 2.038685 30.403759 1.782653 0.000000 0.000000 0.000000 
0.003165 0.919368 0.079690 -3.332115 2.443484 4.858524 15.682986 -0.560899 1.245420 -9.229662 0.811159 -2.637228 20.711249 33.831135 18.714102 0.000000 0.000000 0.000000 -7.186907 0.667477 -12.776532 9.138162 -1.573974 11.844089 -6.958816 -17.554239 6.916969 0.000000 0.000000 0.000000 1.746442 -0.167145 2.139004 5.564872 -0.763281 -22.918766 -4.385311 -6.204263 27.705252 2.585967 -0.690357 -26.231744 0.000000 0.000000 0.000000 -25.549369 -6.707972 4.230017 -52.873939 -17.575166 -1.353987 -5.533063 -27.444798 2.968475 0.000000 0.000000 0.000000 14.761552 6.956856 1.776113 62.568479 3.072670 -7.160173 1.805967 29.948391 1.652915 0.000000 0.000000 0.000000 
0.002562 0.917938 0.079865 -3.331076 2.456822 5.032600 15.719184 -0.563656 1.131810 -9.430547 0.832892 -2.497951 20.943528 34.182296 18.391078 0.000000 0.000000 0.000000 -7.088744 0.691146 -13.148546 9.212112 -1.620958 12.433917 -7.132180 -17.897882 6.338279 0.000000 0.000000 0.000000 1.773709 -0.201780 2.690626 5.797400 -0.830750 -22.763469 -4.528259 -6.477621 27.728806 2.511880 -0.683547 -26.344601 0.000000 0.000000 0.000000 -26.149667 -6.652279 4.331674 -52.535970 -16.982841 -1.679383 -5.746717 -27.327710 3.011759 0.000000 0.000000 0.000000 14.731805 7.067445 1.773079 62.127963 3.363864 -6.966613 1.805981 30.788530 1.683937 0.000000 0.000000 0.000000 
0.001862 0.916367 0.079889 -3.196724 1.973609 5.325556 15.374868 -0.521934 0.914629 -9.198070 0.851035 -1.975863 21.611593 35.049154 18.180708 0.000000 0.000000 0.000000 -6.945423 0.746971 -13.854752 9.150036 -1.614442 13.093093 -7.177628 -17.991596 5.142307 0.000000 0.000000 0.000000 1.644494 -0.224952 3.178663 6.088147 -0.941159 -22.323256 -4.515196 -6.620547 27.828869 2.675472 -0.798667 -26.974768 0.000000 0.000000 0.000000 -26.744044 -6.342315 4.342651 -51.926880 -16.472616 -1.994067 -6.356366 -28.033086 3.270656 0.000000 0.000000 0.000000 14.740823 7.831172 2.049210 61.343776 3.869307 -6.638557 1.534145 31.378974 1.606125 0.000000 0.000000 0.000000 
0.000904 0.914284 0.079853 -3.059201 1.578381 5.648621 15.234655 -0.482683 0.416392 -9.284350 0.895454 -1.421631 22.205661 35.805565 18.104208 0.000000 0.000000 0.000000 -6.869427 0.797188 -14.604174 9.113631 -1.628907 13.980560 -7.408175 -18.481107 4.041458 0.000000 0.000000 0.000000 1.629611 -0.251293 3.626812 6.479229 -1.095501 -21.681914 -4.872480 -6.255718 27.519882 2.818972 -0.816067 -27.305246 0.000000 0.000000 0.000000 -26.984353 -6.422319 4.362243 -51.398935 -15.991916 -2.189012 -6.389880 -28.740905 3.367475 0.000000 0.000000 0.000000 15.043458 8.335933 2.298725 60.707036 4.223631 -6.334020 1.228245 32.205752 1.565419 0.000000 0.000000 0.000000 
-0.000452 0.912254 0.079808 -3.166203 0.604344 6.035345 15.152478 -0.437412 0.301245 -9.128334 0.926761 -0.963879 23.066657 36.942890 17.895814 0.000000 0.000000 0.000000 -6.442092 0.889398 -14.968011 8.984142 -1.575839 14.688170 -7.517334 -18.715614 2.662343 0.000000 0.000000 0.000000 1.832750 -0.273018 3.753983 6.661991 -1.221911 -20.898636 -4.744710 -5.968796 27.684853 2.422914 -0.591741 -28.054837 0.000000 0.000000 0.000000 -27.181979 -6.136988 4.341167 -50.931002 -15.814013 -2.347543 -6.868914 -29.961530 3.690787 0.000000 0.000000 0.000000 15.281327 9.035535 2.560927 59.607180 4.862209 -5.924721 1.253288 32.615915 1.556584 0.000000 0.000000 0.000000 
-0.002323 0.910409 0.080107 -3.225364 -0.153500 6.549006 15.011627 -0.404419 0.132857 -8.756823 0.915369 -0.797973 23.154205 37.269047 17.321407 0.000000 0.000000 0.000000 -6.012578 0.986867 -15.519623 8.966739 -1.547590 15.160153 -7.659012 -19.023233 1.703652 0.000000 0.000000 0.000000 2.000826 -0.292688 3.853980 6.518906 -1.227512 -20.504652 -4.449825 -5.457243 27.761527 2.366536 -0.555677 -28.060813 0.000000 0.000000 0.000000 -27.165403 -6.263048 4.425784 -50.358893 -15.551834 -2.481493 -7.386288 -30.764345 3.940142 0.000000 0.000000 0.000000 15.492971 9.187821 2.635932 58.566417 5.244790 -5.649582 1.604124 33.544960 1.695900 0.000000 0.000000 0.000000 
-0.004721 0.908466 0.080950 -3.198456 -0.679835 7.134297 14.984453 -0.371372 -0.434408 -8.962298 0.996027 0.218553 23.259402 37.720657 16.414960 0.000000 0.000000 0.000000 -5.425980 1.105282 -16.235494 8.842165 -1.518861 16.002689 -8.019383 -19.842053 0.978870 0.000000 0.000000 0.000000 2.144770 -0.344569 4.489466 6.404051 -1.220832 -20.266930 -4.138160 -5.390517 28.078678 1.506082 -0.067959 -29.029653 0.000000 0.000000 0.000000 -27.494017 -5.974543 4.407077 -49.671906 -16.137163 -2.347332 -7.342117 -31.968520 4.144487 0.000000 0.000000 0.000000 16.318781 9.539193 2.717081 56.772439 5.703335 -5.271696 1.765302 34.512553 1.758018 0.000000 0.000000 0.000000 
-0.007443 0.906552 0.082473 -3.007222 -1.277418 7.584812 15.085455 -0.346218 -0.770113 -9.160419 1.079547 1.165676 23.000834 37.669412 15.709869 0.000000 0.000000 0.000000 -5.316206 1.158716 -16.574891 8.683673 -1.458072 16.405514 -8.011066 -19.801222 -0.293365 0.000000 0.000000 0.000000 2.266519 -0.397210 5.153194 6.417569 -1.269797 -19.780973 -3.980006 -4.613987 27.980599 1.257608 0.186986 -29.732248 0.000000 0.000000 0.000000 -26.544594 -6.250137 4.366217 -49.487601 -16.099116 -2.282443 -7.316735 -32.987515 4.260775 0.000000 0.000000 0.000000 16.897980 9.248246 2.644399 56.161450 6.075736 -5.040000 1.349901 35.365883 1.714902 0.000000 0.000000 0.000000 
-0.010109 0.904663 0.084453 -2.962747 -1.552878 8.358962 15.751228 -0.321500 -1.779342 -9.810372 1.247906 2.618059 23.180169 37.965424 15.596281 0.000000 0.000000 0.000000 -4.910581 1.284098 -17.644095 8.365863 -1.392511 17.411968 -8.284901 -20.467118 -0.689417 0.000000 0.000000 0.000000 2.241490 -0.458444 6.085816 6.571976 -1.304189 -19.822872 -3.564413 -4.570930 27.829409 0.021829 0.868514 -30.349313 0.000000 0.000000 0.000000 -25.684681 -6.095267 4.260785 -50.005799 -16.687833 -1.986618 -7.397329 -33.794091 4.438244 0.000000 0.000000 0.000000 17.233020 9.562678 2.754345 55.167554 6.133400 -4.886044 1.990843 37.350860 1.995098 0.000000 0.000000 0.000000 
-0.012154 0.903388 0.086871 -2.844372 -1.818344 9.094032 15.915167 -0.250855 -3.440451 -10.067931 1.416754 4.729090 23.526191 38.458032 15.542710 0.000000 0.000000 0.000000 -4.746228 1.409757 -19.054527 8.567018 -1.481960 19.135723 -8.616900 -21.296002 -1.687723 0.000000 0.000000 0.000000 2.200665 -0.509347 6.915242 7.246824 -1.471516 -19.915703 -3.741294 -4.151055 27.944226 -0.503601 1.269603 -31.951816 0.000000 0.000000 0.000000 -24.466351 -6.175664 4.164202 -50.672986 -17.826679 -1.418637 -6.196087 -34.314322 4.163633 0.000000 0.000000 0.000000 16.210704 9.167903 2.658091 55.577432 5.787712 -5.117508 3.158701 39.645492 2.566432 0.000000 0.000000 0.000000 
-0.013331 0.901806 0.089922 -2.337914 -0.945217 9.926768 15.755361 -0.218033 -5.728038 -11.474504 1.917483 9.010036 23.109062 38.667819 13.279997 0.000000 0.000000 0.000000 -4.979429 1.471330 -20.934604 9.521068 -1.919099 21.619546 -9.597456 -23.792396 -1.880410 0.000000 0.000000 0.000000 2.378168 -0.635144 8.496253 7.388421 -1.392896 -20.876699 -3.796356 -4.559925 28.467677 -1.660233 1.910070 -33.229267 0.000000 0.000000 0.000000 -23.528309 -7.034054 4.642436 -50.365185 -20.018179 -0.517666 -5.367210 -35.598267 4.100902 0.000000 0.000000 0.000000 15.620944 9.828257 3.061468 54.708709 5.173653 -5.361757 6.522245 43.831707 4.183578 0.000000 0.000000 0.000000 
-0.013840 0.899478 0.093977 -1.583052 0.176278 10.801905 15.554023 -0.153332 -9.255038 -13.297722 2.637336 13.763265 23.472079 39.385563 12.574065 0.000000 0.000000 0.000000 -5.975138 1.368279 -22.547342 11.027193 -2.625997 23.858624 -10.006191 -25.186751 -3.979108 0.000000 0.000000 0.000000 2.441211 -0.778098 10.390077 7.408220 -1.426082 -20.206693 -3.786367 -4.493357 27.674248 -2.992871 2.734711 -35.305936 0.000000 0.000000 0.000000 -21.399481 -9.001577 5.379055 -49.712520 -23.349616 1.062374 -2.627377 -36.006777 3.176079 0.000000 0.000000 0.000000 14.482987 10.329841 3.512177 54.859020 5.492767 -5.178125 6.759801 47.914306 4.853905 0.000000 0.000000 0.000000 
-0.014146 0.893757 0.098729 -0.505340 1.887067 11.291935 15.768935 -0.084908 -13.057250 -15.331721 3.605547 19.653266 21.652395 37.744919 10.156918 0.000000 0.000000 0.000000 -6.747472 1.196924 -23.827051 12.287177 -3.504982 26.925492 -11.172046 -28.326328 -4.193193 0.000000 0.000000 0.000000 1.836770 -0.882441 13.111701 7.707775 -1.515106 -19.618810 -3.630960 -4.178580 26.183093 -3.619952 3.228742 -35.081804 0.000000 0.000000 0.000000 -19.001913 -10.762776 5.707486 -48.852048 -27.689959 3.130420 0.040574 -35.455890 2.107187 0.000000 0.000000 0.000000 14.841282 11.695928 4.481763 53.098829 6.736453 -4.328600 5.980424 52.622419 5.215797 0.000000 0.000000 0.000000 
-0.014219 0.884169 0.102694 -0.175349 2.885321 12.547962 17.588138 0.240976 -18.584876 -19.686780 5.775638 26.607606 21.537035 37.954791 9.582700 0.000000 0.000000 0.000000 -6.715789 1.251349 -27.227079 13.474719 -4.600383 31.692157 -11.622035 -30.061789 -5.804296 0.000000 0.000000 0.000000 1.033214 -0.900460 15.240821 7.532802 -1.385316 -20.034197 -2.298049 -2.449235 25.813485 -4.928685 4.146014 -35.462514 0.000000 0.000000 0.000000 -17.928310 -13.462620 6.506266 -46.801577 -31.282816 4.393212 3.802810 -36.670103 0.800362 0.000000 0.000000 0.000000 14.168772 12.711891 5.490019 50.435545 8.840058 -3.329941 5.522421 56.497240 5.846359 0.000000 0.000000 0.000000 
-0.013356 0.868320 0.105894 0.845645 5.847567 14.247796 20.130320 0.516262 -23.840803 -23.554244 8.004201 33.888493 19.913192 37.059950 5.725445 0.000000 0.000000 0.000000 -8.824888 0.558931 -31.727940 15.893755 -7.590711 40.360079 -12.371229 -32.690896 -7.336438 0.000000 0.000000 0.000000 0.528720 -1.110600 18.738512 7.630157 -1.281164 -20.479872 -1.706001 -0.747000 23.576562 -4.816266 4.537086 -34.121625 0.000000 0.000000 0.000000 -17.977404 -18.933124 8.573714 -39.206741 -37.678590 5.500980 10.691686 -33.671845 -1.631649 0.000000 0.000000 0.000000 13.413256 15.180886 7.366236 46.766252 13.714191 -1.236509 -6.226364 58.620808 0.230967 0.000000 0.000000 0.000000 
-0.010201 0.847189 0.109243 1.465735 5.755849 15.526285 23.597169 1.106333 -25.683016 -27.693690 10.998292 38.589741 19.915911 38.135767 3.245077 0.000000 0.000000 0.000000 -9.253513 0.409210 -35.613149 14.527426 -8.584859 50.523126 -11.883406 -32.115133 -9.634470 0.000000 0.000000 0.000000 -0.731583 -1.108436 23.461696 7.788005 -1.151145 -21.639077 -1.737679 1.697711 23.041440 -6.121080 5.486465 -33.105120 0.000000 0.000000 0.000000 -19.358830 -24.124896 11.106024 -26.187289 -44.036397 3.711912 16.350358 -28.144340 -2.850681 0.000000 0.000000 0.000000 14.021535 21.268301 11.157411 35.908285 21.439965 0.601543 -21.810525 54.657899 -7.646744 0.000000 0.000000 0.000000 
-0.004910 0.827753 0.113824 3.582232 7.301475 17.478649 23.580634 0.978815 -28.085703 -25.472499 11.329254 46.374473 16.989770 33.232569 4.370326 0.000000 0.000000 0.000000 -11.103813 -0.538010 -39.593819 15.360142 -11.660879 60.017075 -12.420531 -33.308992 -9.594705 0.000000 0.000000 0.000000 -0.864961 -1.514622 28.616104 5.502865 -0.293885 -24.344344 -2.127265 0.237142 21.736396 -7.973651 6.476905 -25.412255 0.000000 0.000000 0.000000 -24.950964 -29.738823 16.074311 -8.473519 -45.251109 -1.541122 19.393542 -23.003838 -2.860988 0.000000 0.000000 0.000000 12.741826 27.200165 13.865948 22.375836 25.843904 0.242817 -31.516444 47.718299 -11.203511 0.000000 0.000000 0.000000 
0.000351 0.810142 0.119515 4.689007 7.857609 21.081981 24.653526 0.839073 -28.274448 -25.430226 11.878037 48.798949 17.454612 35.238362 1.278515 0.000000 0.000000 0.000000 -14.604124 -2.253567 -44.875326 18.341471 -16.474618 67.658578 -13.681979 -34.094881 -4.046378 0.000000 0.000000 0.000000 -2.097992 -1.475818 33.072241 5.194488 0.091592 -27.694164 -4.010589 -0.285576 21.394457 -5.853417 5.256304 -16.353652 0.000000 0.000000 0.000000 -23.318826 -34.155818 19.046742 5.580724 -47.239206 -6.501478 20.311015 -18.747246 -2.390967 0.000000 0.000000 0.000000 12.700050 32.451214 16.911970 7.260192 29.579546 -1.685605 -35.549984 35.810921 -9.522490 0.000000 0.000000 0.000000 
0.001820 0.800933 0.126522 5.061266 8.648233 24.009013 27.040475 1.054209 -29.768574 -25.352156 11.637215 47.949474 14.131458 30.709158 -3.519456 0.000000 0.000000 0.000000 -15.053750 -3.340692 -50.798206 18.836760 -18.926069 73.396087 -14.965340 -35.548009 -0.810239 0.000000 0.000000 0.000000 -1.905164 -1.850447 35.326110 8.106895 -0.241460 -27.662604 -8.119208 -0.207419 17.713629 -5.516116 4.811235 -8.468225 0.000000 0.000000 0.000000 -23.718012 -34.895342 19.607027 7.384049 -47.723315 -7.058051 25.858191 -22.135595 -3.677084 0.000000 0.000000 0.000000 12.519043 35.226097 19.039482 0.008192 28.226654 -2.779086 -37.359724 29.418495 -7.971796 0.000000 0.000000 0.000000 
-0.002035 0.798537 0.136793 6.080403 8.512382 26.563926 30.473437 1.615045 -31.043128 -26.916192 12.344610 45.931060 12.718218 26.445229 6.008197 0.000000 0.000000 0.000000 -12.887387 -2.829919 -54.366516 14.975264 -15.851578 76.486328 -13.839856 -33.258945 -1.088112 0.000000 0.000000 0.000000 -2.061430 -2.100956 38.453405 3.238211 0.705261 -32.447481 -3.907076 -2.627669 20.921133 -7.243664 5.908631 -6.029476 0.000000 0.000000 0.000000 -26.103124 -33.574149 20.883584 9.542023 -50.637852 -8.847035 28.813539 -27.552293 -5.211379 0.000000 0.000000 0.000000 8.017287 36.473822 17.618456 -5.127153 26.211738 -3.435766 -40.450253 26.678495 -7.978600 0.000000 0.000000 0.000000 
-0.008785 0.793284 0.149154 7.875524 9.982188 29.930155 33.367992 1.859987 -33.412866 -28.341776 12.007216 41.996630 13.245381 26.664382 14.265699 0.000000 0.000000 0.000000 -12.856659 -3.469523 -55.171777 14.006213 -14.833818 73.279758 -13.159716 -32.852732 -4.093235 0.000000 0.000000 0.000000 -1.788672 -2.918025 41.883026 5.380325 0.482911 -30.983281 -7.478112 1.300681 14.092313 -3.144298 2.316393 0.399437 0.000000 0.000000 0.000000 -27.809654 -36.074384 21.277324 3.738800 -47.887035 -5.776729 30.845995 -35.391312 -7.087815 0.000000 0.000000 0.000000 8.246916 32.478927 17.347502 -6.371228 26.014054 -3.518415 -39.296348 24.761746 -6.510428 0.000000 0.000000 0.000000 
-0.014699 0.791883 0.160654 9.377634 10.961525 29.750006 30.682267 1.704941 -37.263700 -25.093475 9.704417 41.025498 13.774070 28.697853 8.902465 0.000000 0.000000 0.000000 -14.597340 -4.256737 -51.792118 16.945622 -17.039646 68.574243 -14.250030 -36.571952 -6.824462 0.000000 0.000000 0.000000 -1.952820 -3.518468 45.224355 4.452086 0.565870 -32.493629 -6.630340 0.679065 18.185466 -3.426562 3.359542 -10.247819 0.000000 0.000000 0.000000 -25.463432 -32.260367 18.065018 -1.699313 -48.557404 -4.301228 35.407484 -43.329077 -10.784257 0.000000 0.000000 0.000000 -1.441264 32.209062 13.533677 -2.064741 25.084673 -2.579498 -40.389075 24.130399 -6.673918 0.000000 0.000000 0.000000 
-0.016669 0.797105 0.170798 10.276501 11.838079 29.199078 28.270881 1.399903 -40.881975 -26.899869 10.264293 41.398390 11.740201 26.429806 -0.356809 0.000000 0.000000 0.000000 -14.552540 -4.662759 -51.986495 17.449717 -17.474698 67.405678 -15.970157 -39.675498 -5.114670 0.000000 0.000000 0.000000 -2.487804 -3.795102 47.258678 1.620792 0.801922 -30.890851 -3.354314 0.077275 20.025659 -4.652847 4.408284 -18.139797 0.000000 0.000000 0.000000 -21.954537 -31.345289 16.731533 -6.561920 -47.301955 -2.687614 41.143217 -47.273884 -14.772965 0.000000 0.000000 0.000000 -8.264828 29.421279 9.983222 8.264041 28.041598 -1.101582 -43.156936 21.980106 -6.170230 0.000000 0.000000 0.000000 
-0.015001 0.808328 0.181617 9.455436 12.863434 27.535472 26.538968 1.155367 -44.326869 -25.572299 10.091992 45.052943 10.715412 24.038361 2.190180 0.000000 0.000000 0.000000 -16.418819 -6.063847 -52.451529 19.755399 -20.364927 69.379484 -13.319228 -31.542076 -0.620665 0.000000 0.000000 0.000000 -3.601101 -3.892338 50.877971 5.877291 0.117069 -29.151645 -2.377762 4.761610 20.178071 -3.849992 4.562225 -19.981221 0.000000 0.000000 0.000000 -20.403864 -29.107553 13.044790 -11.616751 -45.110878 -0.910753 41.868963 -53.724335 -18.431731 0.000000 0.000000 0.000000 -7.606409 27.545621 9.522923 10.206558 29.612943 -0.515312 -43.224298 22.475064 -5.821990 0.000000 0.000000 0.000000 
-0.011797 0.815216 0.193102 7.316303 13.286308 25.696316 27.492717 1.711744 -46.696012 -25.587269 10.935462 48.452461 10.687144 23.623552 5.503340 0.000000 0.000000 0.000000 -20.550426 -9.707463 -58.140071 21.069254 -24.304874 78.581008 -10.366579 -23.622739 14.227920 0.000000 0.000000 0.000000 -4.650465 -3.622160 52.886238 7.812623 -0.298890 -28.160892 1.488921 6.937713 22.755923 -8.028202 6.955902 -26.933372 0.000000 0.000000 0.000000 -20.823539 -25.307145 10.057216 -16.529268 -43.684802 0.383007 42.421528 -61.469823 -22.549286 0.000000 0.000000 0.000000 -9.538049 26.012021 8.076639 16.205526 28.620328 0.545285 -45.776451 29.305672 -8.420274 0.000000 0.000000 0.000000 
-0.011685 0.816320 0.209495 5.217916 13.211851 23.777859 29.166302 2.446873 -46.777602 -28.066287 13.031199 50.423673 12.027372 25.740022 5.856305 0.000000 0.000000 0.000000 -21.915745 -12.265329 -64.794121 18.468237 -23.038544 86.421687 -9.596118 -22.429848 15.063982 0.000000 0.000000 0.000000 -5.489555 -3.310172 55.151489 10.131453 -0.717358 -28.007791 2.753528 9.902305 23.884622 -9.734358 7.967704 -29.686794 0.000000 0.000000 0.000000 -22.402620 -23.301103 7.865313 -19.495655 -39.193175 1.048421 42.036279 -65.951317 -25.186418 0.000000 0.000000 0.000000 -6.170939 22.921992 7.967785 19.712356 28.120379 0.909732 -46.014796 35.982108 -10.526002 0.000000 0.000000 0.000000 
-0.015627 0.810894 0.233176 3.491849 14.760184 21.579669 28.580320 1.856113 -44.940056 -28.540851 12.925471 51.333727 13.511778 29.143807 0.462034 0.000000 0.000000 0.000000 -22.052079 -13.711415 -67.013211 19.255722 -20.845595 78.755506 -11.725096 -26.786176 5.565428 0.000000 0.000000 0.000000 -2.910023 -5.261621 55.112697 8.398086 -0.621693 -26.202987 2.780461 9.478268 24.665629 -10.296457 8.462766 -27.545958 0.000000 0.000000 0.000000 -23.621338 -23.356038 8.044267 -22.355246 -34.287274 1.270020 45.976921 -66.179959 -28.415760 0.000000 0.000000 0.000000 2.552778 23.598292 11.010848 14.885900 26.560907 -0.457304 -46.013526 40.652890 -12.990751 0.000000 0.000000 0.000000 
-0.022467 0.796952 0.262991 1.972835 14.383891 18.893173 27.574358 1.470222 -40.561358 -25.847182 10.980531 51.103010 14.633763 31.900119 -3.592885 0.000000 0.000000 0.000000 -19.310013 -11.887065 -68.328756 15.267045 -13.657689 68.887141 -12.138168 -28.737883 -1.142927 0.000000 0.000000 0.000000 -2.613914 -5.144561 54.462581 9.168846 -0.380059 -29.992148 1.351413 10.200557 31.366575 -10.412220 9.008951 -31.509832 0.000000 0.000000 0.000000 -26.383746 -21.550499 6.763028 -23.356604 -29.869217 0.580500 37.373745 -67.801418 -23.527346 0.000000 0.000000 0.000000 7.646625 24.635366 13.140859 16.817684 24.954167 -0.871161 -53.150479 45.040316 -18.096600 0.000000 0.000000 0.000000 
-0.034546 0.781474 0.297049 0.537010 15.132304 14.967397 27.031911 1.129048 -37.581521 -20.490823 7.814368 54.922607 13.067559 29.407110 -10.784167 0.000000 0.000000 0.000000 -15.900297 -9.316055 -65.964796 11.106469 -7.936682 56.235764 -9.948744 -23.784739 -3.483686 0.000000 0.000000 0.000000 -1.766798 -5.857174 54.930874 6.802801 -0.423440 -25.066002 1.181160 10.458501 26.832425 -8.384163 7.891845 -31.892325 0.000000 0.000000 0.000000 -26.835870 -21.009292 5.946489 -23.980025 -24.238429 0.558681 27.398074 -68.167836 -17.302351 0.000000 0.000000 0.000000 10.952340 23.417095 13.563391 15.469577 25.265349 -0.802899 -52.399680 47.375540 -19.178977 0.000000 0.000000 0.000000 
-0.050873 0.770735 0.335291 -0.692221 15.180558 14.512496 30.588079 1.784137 -36.622233 -18.806338 7.553015 59.728013 13.101749 27.663248 0.111658 0.000000 0.000000 0.000000 -12.829298 -6.875629 -64.612392 8.338813 -5.479137 51.315876 -8.281139 -19.972149 -6.683765 0.000000 0.000000 0.000000 -0.875000 -5.974555 52.758257 3.747661 0.263541 -26.005043 1.775484 10.322596 27.646583 -7.687769 7.517109 -34.204798 0.000000 0.000000 0.000000 -28.276563 -20.183256 5.351961 -25.675589 -19.702328 0.048507 14.270200 -66.540834 -8.081450 0.000000 0.000000 0.000000 13.375174 21.694687 13.488454 13.026872 27.645525 -1.028840 -55.872184 48.362659 -21.509562 0.000000 0.000000 0.000000 
-0.066852 0.770185 0.375973 -0.884048 17.040138 10.602052 32.036480 1.936495 -37.839900 -19.497919 8.198128 66.680025 12.178268 25.154061 6.784365 0.000000 0.000000 0.000000 -9.885441 -5.203766 -61.242135 5.371330 -4.581172 55.771159 -8.648139 -20.856003 -7.212077 0.000000 0.000000 0.000000 -1.752240 -5.927477 52.771923 4.124876 -0.006292 -22.721185 0.730348 12.657513 24.721468 -7.952773 7.860375 -35.872695 0.000000 0.000000 0.000000 -30.896635 -20.307926 3.569914 -25.004686 -15.186027 0.085150 6.641717 -65.535491 -3.444720 0.000000 0.000000 0.000000 11.543578 22.827402 13.774623 13.337056 27.110899 -0.702894 -61.177725 49.620666 -24.368904 0.000000 0.000000 0.000000 
-0.077286 0.770657 0.417997 -0.298709 20.335055 9.631466 32.744041 1.582523 -40.409264 -23.169632 10.320566 68.148610 12.821844 26.806883 3.156903 0.000000 0.000000 0.000000 -8.921005 -5.680010 -60.308352 4.541066 -5.647069 62.644098 -8.008960 -18.989186 -8.217272 0.000000 0.000000 0.000000 -2.211040 -6.481782 52.583010 1.030595 0.843450 -26.859992 2.757308 12.196464 28.128898 -8.097304 8.224693 -35.640423 0.000000 0.000000 0.000000 -32.605893 -21.271811 3.592409 -24.209679 -13.295812 -0.170432 -1.310839 -62.127035 1.595571 0.000000 0.000000 0.000000 8.159736 22.550477 12.362275 14.485831 28.840886 -0.301446 -62.673729 51.164721 -25.509309 0.000000 0.000000 0.000000 
-0.080791 0.770340 0.462232 -0.109108 22.513871 6.593919 35.248624 1.548418 -39.527014 -27.934516 12.237495 63.459048 14.836977 31.167860 -0.507322 0.000000 0.000000 0.000000 -9.075700 -5.685014 -55.577490 4.859979 -7.927457 67.760037 -8.012248 -18.920570 -9.341429 0.000000 0.000000 0.000000 -3.150138 -6.618892 53.138369 0.550251 0.992395 -27.533542 1.596794 14.062574 27.590334 -8.608099 9.267125 -29.723347 0.000000 0.000000 0.000000 -34.861663 -21.889733 2.322412 -23.267753 -9.153393 -0.304417 -8.328167 -54.939299 5.053756 0.000000 0.000000 0.000000 9.786340 23.026709 13.537455 9.822844 29.331422 -0.903049 -63.574868 50.185539 -25.637784 0.000000 0.000000 0.000000 
-0.077470 0.769102 0.504647 0.088803 24.030004 4.106450 36.778405 1.291929 -36.896983 -29.134366 10.808267 55.347602 17.180951 35.603515 -1.420304 0.000000 0.000000 0.000000 -9.128997 -5.467158 -52.012155 3.887699 -8.606775 71.026299 -8.683911 -20.616659 -7.159772 0.000000 0.000000 0.000000 -4.408717 -6.072055 52.208195 -0.313845 1.156061 -29.662889 -0.298548 15.578896 28.379819 -5.255952 8.201958 -22.253601 0.000000 0.000000 0.000000 -34.571681 -20.777730 0.252921 -23.719943 -4.980164 -0.727927 -10.889139 -50.035542 5.530985 0.000000 0.000000 0.000000 8.864537 22.382632 13.057441 6.652778 30.713268 -1.216259 -66.628184 49.515052 -26.539467 0.000000 0.000000 0.000000 
-0.069395 0.772344 0.541166 0.330394 24.243605 1.764363 37.018051 0.945236 -32.888926 -26.420455 7.380302 44.410989 17.781822 36.093803 -0.858290 0.000000 0.000000 0.000000 -8.908926 -4.437194 -47.115812 3.013523 -8.762363 71.945045 -9.540620 -23.105654 -7.960808 0.000000 0.000000 0.000000 -7.162374 -4.565861 51.513321 -1.920206 1.450253 -30.448508 -0.865558 17.648011 27.282318 -4.120502 7.643071 -16.791243 0.000000 0.000000 0.000000 -36.128572 -20.661543 -1.285739 -21.413936 -1.621532 -0.828485 -13.252711 -43.434896 5.891961 0.000000 0.000000 0.000000 9.105325 22.400901 13.341138 -0.817609 29.342395 -1.924995 -77.724423 45.370528 -29.955734 0.000000 0.000000 0.000000 
-0.057185 0.778333 0.571751 0.305377 25.144873 0.591919 38.701721 0.737568 -31.117743 -23.377583 4.998516 34.531468 16.255627 32.082063 5.302417 0.000000 0.000000 0.000000 -8.874143 -3.746359 -42.229335 2.218434 -9.172958 72.346280 -10.144477 -25.201450 -9.862625 0.000000 0.000000 0.000000 -9.867150 -3.344553 50.711012 -3.145681 1.646972 -32.316271 -0.977793 18.888446 27.004025 -3.474813 6.797661 -10.599011 0.000000 0.000000 0.000000 -35.565208 -19.150911 -3.113064 -21.623328 2.617389 -1.348133 -13.135490 -41.532837 5.442209 0.000000 0.000000 0.000000 4.621308 19.917093 10.209211 -11.025373 28.671425 -2.343095 -83.909254 31.598229 -21.532279 0.000000 0.000000 0.000000 
-0.042341 0.783590 0.596841 -0.162281 26.182544 -0.758179 38.022995 0.467175 -30.886958 -19.667001 3.300468 29.990480 11.951585 25.237593 7.988791 0.000000 0.000000 0.000000 -9.644520 -3.340552 -36.591750 4.031700 -11.244351 68.787492 -11.369949 -29.246003 -11.127543 0.000000 0.000000 0.000000 -13.397111 -1.799602 48.227919 -3.184993 1.748463 -30.614650 -2.421317 20.741087 24.524655 -3.743148 6.778502 -9.052186 0.000000 0.000000 0.000000 -33.750013 -17.036443 -5.516247 -20.707872 4.003616 -1.258102 -14.791212 -39.351425 5.513881 0.000000 0.000000 0.000000 1.129031 17.778283 7.875195 -18.232224 22.761418 -1.187299 -83.602956 12.891330 -5.467118 0.000000 0.000000 0.000000 
-0.024553 0.787672 0.617851 -1.309737 28.479643 -1.454952 38.287552 0.261176 -33.211828 -19.223058 2.868930 27.833899 8.167191 20.281957 13.842860 0.000000 0.000000 0.000000 -10.793268 -2.931811 -29.208751 6.608004 -13.980223 63.777644 -11.041887 -31.183462 -16.820469 0.000000 0.000000 0.000000 -14.598431 -1.499171 44.897894 -5.194492 1.967870 -31.892964 -0.836070 19.389642 26.836961 -4.010119 7.060608 -8.769282 0.000000 0.000000 0.000000 -32.896931 -15.928084 -6.231993 -19.852697 6.392835 -1.565210 -16.161375 -40.613373 6.096175 0.000000 0.000000 0.000000 -7.963072 14.412596 2.617038 -18.778782 19.873883 0.007157 -74.477063 -3.926932 9.241885 0.000000 0.000000 0.000000 
-0.005444 0.786515 0.633685 -3.482398 29.126180 -2.481088 39.734423 -0.088100 -31.777223 -18.458136 2.484078 25.593120 7.427757 20.033624 19.470803 0.000000 0.000000 0.000000 -9.554625 -2.043288 -25.313443 7.724856 -15.418482 62.126727 -12.072041 -34.608427 -15.719047 0.000000 0.000000 0.000000 -15.910935 -1.028221 41.775598 -4.279646 1.742204 -31.580974 -0.783211 23.122660 27.031405 -4.095156 7.211243 -8.164713 0.000000 0.000000 0.000000 -31.244976 -16.655094 -7.862092 -18.572884 7.811617 -1.242603 -18.516390 -38.422624 6.307426 0.000000 0.000000 0.000000 -11.453593 8.532986 -0.865336 -17.447839 16.139293 1.066621 -66.987206 -9.709535 14.016415 0.000000 0.000000 0.000000 
0.011789 0.784228 0.644858 -4.624907 32.061866 -4.523674 38.801844 -0.675905 -33.015071 -17.163901 1.856841 27.395600 6.502859 18.760691 17.488909 0.000000 0.000000 0.000000 -9.764330 -1.954375 -21.338903 7.071468 -17.109051 63.149509 -12.165070 -35.098801 -15.599776 0.000000 0.000000 0.000000 -17.535093 -1.080006 40.286329 -3.446569 1.480693 -32.522909 -1.108769 24.043824 29.898782 -3.143869 7.447216 -10.552906 0.000000 0.000000 0.000000 -30.408193 -15.892444 -9.595949 -17.714433 6.512911 -0.835099 -16.105416 -38.316547 5.283344 0.000000 0.000000 0.000000 -16.833869 5.933263 -3.967126 -14.240641 13.228291 1.422859 -56.436748 -12.656757 14.710726 0.000000 0.000000 0.000000 
0.025777 0.781843 0.652949 -5.341561 34.646477 -5.527527 38.471487 -1.354651 -32.671831 -18.468459 1.825236 26.707808 8.110546 20.753332 14.891958 0.000000 0.000000 0.000000 -9.561242 -1.976117 -20.152578 5.831696 -17.917696 64.233611 -13.006579 -36.357448 -12.841386 0.000000 0.000000 0.000000 -18.836842 -1.093081 38.497748 -5.350358 1.886017 -30.945172 -0.027817 24.453589 29.736890 -4.195083 8.427948 -12.107515 0.000000 0.000000 0.000000 -28.994558 -16.169078 -9.822382 -17.798479 5.046063 -0.552967 -15.890484 -38.758974 5.059460 0.000000 0.000000 0.000000 -19.096698 3.516515 -5.582746 -10.902236 9.334127 1.424836 -51.964476 -10.669906 13.746360 0.000000 0.000000 0.000000 
0.036731 0.780913 0.659674 -6.207673 37.742773 -5.825415 38.032492 -1.950434 -34.752197 -17.585003 1.325501 27.909848 8.185746 21.235066 15.283079 0.000000 0.000000 0.000000 -9.263371 -1.935812 -18.655190 4.453893 -18.735168 64.781594 -12.541409 -35.542061 -12.842495 0.000000 0.000000 0.000000 -19.026485 -1.498902 37.851388 -7.271723 2.134366 -30.937666 -0.114565 25.027201 29.168128 -3.287070 8.005575 -13.118763 0.000000 0.000000 0.000000 -27.750429 -16.228559 -10.382092 -17.318849 3.499147 -0.192373 -14.697525 -38.539650 4.433709 0.000000 0.000000 0.000000 -19.903459 2.025720 -6.372109 -7.940257 7.494321 1.069521 -47.608991 -8.412855 12.250476 0.000000 0.000000 0.000000 
0.045034 0.781401 0.665939 -6.963660 40.920990 -5.743959 36.357922 -2.690428 -37.443121 -15.423285 0.384761 30.191863 7.305561 20.415596 14.965340 0.000000 0.000000 0.000000 -8.933993 -1.889208 -17.199116 3.902727 -19.829097 63.969477 -12.802211 -36.155863 -11.670277 0.000000 0.000000 0.000000 -19.244080 -1.765685 36.285120 -8.263437 2.232787 -30.718782 -0.056371 25.229187 29.808948 -2.585447 8.135145 -15.321737 0.000000 0.000000 0.000000 -26.641536 -16.094464 -11.075576 -17.281143 2.536874 0.009184 -15.140274 -39.303123 4.470413 0.000000 0.000000 0.000000 -20.856959 1.710126 -6.972418 -6.254830 5.708955 0.903689 -45.362231 -8.081884 12.091361 0.000000 0.000000 0.000000 
0.051508 0.781787 0.670946 -7.578918 42.494441 -5.788159 36.524312 -3.055045 -37.944103 -14.332392 -0.153630 31.906836 5.982669 18.356007 13.879493 0.000000 0.000000 0.000000 -8.133495 -1.598058 -15.883963 3.085029 -20.260605 64.110876 -12.580087 -35.780100 -11.480414 0.000000 0.000000 0.000000 -20.047115 -1.702750 34.980641 -8.842552 2.157752 -31.480394 0.342591 25.806024 30.654235 -1.556043 7.784109 -15.696213 0.000000 0.000000 0.000000 -26.002515 -15.886310 -11.746257 -16.615685 1.705154 0.206994 -16.043088 -40.066128 4.742518 0.000000 0.000000 0.000000 -21.745306 1.382248 -7.508124 -4.171479 5.433986 0.553835 -44.067284 -6.218066 11.459475 0.000000 0.000000 0.000000 
0.056735 0.781467 0.674644 -8.202068 44.284050 -5.001570 36.779603 -3.497854 -40.289233 -14.448267 -0.506795 35.219166 5.113814 16.771440 12.502105 0.000000 0.000000 0.000000 -7.933095 -1.505945 -14.682390 3.776823 -21.495182 62.852737 -12.672985 -36.624192 -11.794703 0.000000 0.000000 0.000000 -20.401265 -1.590651 32.631777 -10.910347 2.433639 -30.741579 1.270720 25.339566 30.368210 -0.731299 7.507951 -16.923969 0.000000 0.000000 0.000000 -25.498934 -15.148201 -12.400223 -16.218441 0.242925 0.395479 -17.357086 -41.252965 5.275894 0.000000 0.000000 0.000000 -22.997181 1.348633 -7.864039 -1.930392 3.966669 0.214962 -41.969379 -3.907971 10.322041 0.000000 0.000000 0.000000 
0.061576 0.780468 0.676657 -8.809036 45.677449 -5.249852 36.927378 -3.847714 -40.975968 -14.723097 -0.756800 37.080378 4.575358 15.292752 10.561127 0.000000 0.000000 0.000000 -8.078120 -1.553716 -13.888668 3.870964 -22.055898 62.068825 -12.786631 -37.151454 -11.631664 0.000000 0.000000 0.000000 -21.316095 -1.574626 31.588911 -10.503214 2.297595 -31.019494 1.767602 26.299460 30.571751 0.720279 7.082672 -18.160945 0.000000 0.000000 0.000000 -24.393163 -14.597654 -13.032873 -16.857439 0.297879 0.454021 -19.014464 -42.599976 5.716285 0.000000 0.000000 0.000000 -24.238204 1.681099 -8.351174 -0.522787 3.184691 0.003458 -42.045060 -0.627884 9.720455 0.000000 0.000000 0.000000 
0.067270 0.778011 0.677313 -9.817443 46.466915 -4.935559 38.695041 -4.031016 -42.189466 -16.884691 -0.136929 38.546751 4.962814 15.249978 8.634614 0.000000 0.000000 0.000000 -8.942008 -1.899792 -14.242176 4.275395 -22.662705 61.694279 -13.087890 -37.072138 -10.447011 0.000000 0.000000 0.000000 -21.584793 -1.426138 29.214680 -10.519551 2.262340 -30.794723 2.524328 27.182636 30.339577 2.097276 6.835418 -19.962967 0.000000 0.000000 0.000000 -23.020161 -13.580267 -13.754861 -18.609681 -0.650170 0.613301 -19.625349 -43.038676 5.472946 0.000000 0.000000 0.000000 -25.580187 1.829895 -8.746408 0.992464 2.473767 -0.218307 -41.787243 2.117499 9.288106 0.000000 0.000000 0.000000 
0.073817 0.775868 0.677051 -10.364451 46.556529 -4.649270 39.731869 -4.025617 -43.101464 -19.346925 0.709359 39.598110 6.058341 16.853864 7.549572 0.000000 0.000000 0.000000 -9.200012 -2.010524 -14.416780 3.522421 -21.854369 61.475247 -13.226566 -36.909827 -9.538532 0.000000 0.000000 0.000000 -22.032291 -1.250004 27.232081 -10.153384 2.049518 -31.530082 3.570051 28.005155 30.634104 2.421287 6.845417 -20.112346 0.000000 0.000000 0.000000 -22.915496 -13.161988 -14.598549 -18.232340 -0.032157 0.576482 -20.676822 -43.331388 5.900764 0.000000 0.000000 0.000000 -24.993259 2.103748 -8.628348 1.964185 2.601009 -0.363749 -44.260861 3.321955 9.852128 0.000000 0.000000 0.000000 
0.080860 0.773776 0.676356 -10.681663 46.655482 -4.577252 40.503014 -4.007802 -43.561057 -21.351012 1.417862 40.389466 6.739387 17.708994 6.454029 0.000000 0.000000 0.000000 -9.345599 -2.019186 -14.014728 2.607850 -20.851777 61.122939 -13.045331 -36.306581 -8.943680 0.000000 0.000000 0.000000 -22.012613 -1.149795 25.056661 -9.259273 1.933423 -31.435524 4.055440 29.070548 31.084221 3.610805 6.552705 -20.808157 0.000000 0.000000 0.000000 -21.263476 -12.790513 -14.434268 -20.383276 -0.359494 0.551820 -20.019241 -43.451384 5.047838 0.000000 0.000000 0.000000 -24.371111 2.672975 -8.343019 2.060198 1.813813 -0.383730 -45.685280 4.991703 9.912685 0.000000 0.000000 0.000000 
0.087405 0.773288 0.675818 -10.353602 47.122035 -4.455693 40.665194 -4.109256 -43.562561 -23.817695 2.154050 40.754265 7.330273 18.475543 5.363387 0.000000 0.000000 0.000000 -9.738850 -2.057965 -13.025472 1.545082 -19.689308 60.436117 -12.029860 -35.016584 -10.521561 0.000000 0.000000 0.000000 -22.393269 -1.119168 23.412384 -8.537294 1.827201 -31.576929 4.780898 29.610295 31.607634 4.092697 6.427111 -20.593689 0.000000 0.000000 0.000000 -20.457562 -12.994125 -14.284432 -21.035329 0.214103 0.440114 -18.261760 -43.630073 4.165129 0.000000 0.000000 0.000000 -23.562916 3.657507 -7.851768 2.728460 1.161072 -0.485095 -47.825081 5.763648 10.325428 0.000000 0.000000 0.000000 
0.093527 0.771564 0.675528 -10.425260 47.841070 -4.387905 41.042441 -4.276941 -44.194170 -26.499148 2.989042 41.738627 8.385258 20.085758 3.555968 0.000000 0.000000 0.000000 -9.431544 -1.899522 -11.983724 -0.192307 -18.285274 59.939121 -11.331514 -33.431947 -10.328850 0.000000 0.000000 0.000000 -22.332580 -1.155856 22.305442 -7.764493 1.826356 -30.978371 4.245283 29.638042 30.914425 5.239526 5.842929 -20.850436 0.000000 0.000000 0.000000 -18.833237 -12.666366 -13.467870 -22.082803 -1.113168 0.501150 -17.648766 -43.273548 3.462022 0.000000 0.000000 0.000000 -22.380810 3.172897 -7.511355 3.202054 0.438326 -0.554293 -48.183343 6.479342 10.168303 0.000000 0.000000 0.000000 
0.099382 0.770164 0.675642 -10.530244 48.498818 -4.842520 40.871094 -4.458556 -44.067634 -27.838503 3.266901 42.414174 8.686780 20.433652 2.548892 0.000000 0.000000 0.000000 -9.525969 -1.836596 -10.560520 -1.162441 -17.284048 58.947013 -10.558936 -32.473141 -11.377785 0.000000 0.000000 0.000000 -22.247115 -1.205550 21.084123 -6.787304 1.870654 -30.166470 4.194821 29.840310 30.792027 5.910493 5.290749 -19.868719 0.000000 0.000000 0.000000 -19.078262 -12.889787 -13.955602 -21.265933 -0.938521 0.582125 -19.066398 -43.644955 4.113095 0.000000 0.000000 0.000000 -21.779983 2.230950 -7.648313 3.648231 0.152837 -0.632212 -46.741548 5.889756 10.079555 0.000000 0.000000 0.000000 
0.105296 0.768695 0.675729 -11.228933 49.039615 -5.697206 41.100671 -4.610615 -44.120370 -29.903043 3.863176 43.416919 9.926787 22.543895 0.739303 0.000000 0.000000 0.000000 -8.907909 -1.649875 -9.754640 -3.043472 -15.938955 58.728114 -9.979182 -31.067229 -11.230512 0.000000 0.000000 0.000000 -21.529307 -1.244916 19.637595 -5.962586 1.985130 -28.866728 3.022007 29.126608 30.216008 6.231699 5.049749 -19.835767 0.000000 0.000000 0.000000 -18.177682 -11.516217 -13.925755 -21.607302 -1.852185 0.631428 -19.458267 -43.935809 4.008727 0.000000 0.000000 0.000000 -21.234742 1.252737 -7.682690 4.674102 -0.163821 -0.765982 -43.257041 6.301744 8.846482 0.000000 0.000000 0.000000 
0.111220 0.767354 0.675658 -11.420455 49.051191 -5.830482 42.759050 -4.529827 -44.060334 -32.601125 4.950478 43.066537 10.614024 23.938886 1.091950 0.000000 0.000000 0.000000 -9.391718 -1.740494 -9.040757 -3.472808 -15.290931 58.198059 -9.923542 -30.299908 -10.096934 0.000000 0.000000 0.000000 -21.231245 -1.228604 18.599170 -6.272903 2.173979 -27.802170 2.791909 28.106714 29.653083 5.695776 5.252684 -19.996143 0.000000 0.000000 0.000000 -18.096627 -10.584058 -14.017707 -20.637506 -2.493941 0.711120 -22.655578 -45.474192 5.411363 0.000000 0.000000 0.000000 -20.402964 -0.683704 -7.972285 5.142634 -0.235201 -0.841699 -38.833760 7.626905 7.051588 0.000000 0.000000 0.000000 
0.116648 0.765201 0.675376 -11.841532 49.153625 -6.524327 43.380923 -4.494081 -43.894084 -34.385738 5.658446 43.659908 11.367539 25.260416 0.763747 0.000000 0.000000 0.000000 -9.701575 -1.812374 -8.386339 -4.554548 -14.278411 57.971394 -9.667634 -29.162726 -9.291587 0.000000 0.000000 0.000000 -20.249176 -1.205087 18.177475 -6.732505 2.292744 -27.640591 2.363409 27.220961 29.775220 6.000117 5.168596 -20.407797 0.000000 0.000000 0.000000 -18.041549 -11.051565 -13.464137 -18.710121 -3.035062 0.756777 -26.351182 -46.661219 7.203258 0.000000 0.000000 0.000000 -18.852888 -1.240602 -7.608337 5.148475 -0.181234 -0.874621 -33.283946 10.419942 4.654393 0.000000 0.000000 0.000000 
0.121266 0.762391 0.675004 -11.561403 48.906993 -6.656314 43.869488 -4.365327 -43.281203 -36.127099 6.356878 43.683630 11.658053 25.746156 0.480647 0.000000 0.000000 0.000000 -10.873305 -2.161839 -8.563417 -5.815485 -13.150238 58.566974 -9.101183 -26.500702 -8.112729 0.000000 0.000000 0.000000 -21.008849 -1.251251 18.174593 -6.196079 2.319701 -26.934066 1.627350 26.046228 28.837924 4.771192 5.762561 -21.072808 0.000000 0.000000 0.000000 -16.911378 -9.839646 -12.410765 -18.676049 -3.641932 0.666218 -27.588123 -49.749181 7.934447 0.000000 0.000000 0.000000 -18.007246 -2.016815 -7.399120 6.490359 0.438015 -1.038227 -27.966240 15.840402 2.611145 0.000000 0.000000 0.000000 
0.125041 0.759051 0.674475 -11.552420 48.192868 -6.963818 44.734621 -4.131642 -42.597293 -37.718686 7.233115 44.167984 11.925549 26.187726 -0.473063 0.000000 0.000000 0.000000 -11.710293 -2.391142 -8.635234 -6.203456 -12.430202 58.756760 -8.796843 -25.637837 -8.520414 0.000000 0.000000 0.000000 -20.896067 -1.216507 18.057604 -6.442443 2.368808 -26.896706 1.284493 25.116707 28.609927 4.408908 6.160788 -22.710702 0.000000 0.000000 0.000000 -15.999181 -9.359223 -11.358491 -17.940026 -4.293853 0.601504 -28.241281 -51.935939 8.467364 0.000000 0.000000 0.000000 -17.516360 -2.467767 -7.289125 7.090609 1.428101 -1.093050 -20.806371 21.408186 1.515107 0.000000 0.000000 0.000000 
0.128219 0.756167 0.673865 -10.829360 46.818435 -6.668163 45.399699 -3.759103 -41.185479 -39.249036 8.008741 43.454119 11.725004 25.604846 -0.883850 0.000000 0.000000 0.000000 -12.684167 -2.714474 -9.852883 -7.435424 -11.082296 60.145682 -8.286683 -23.951125 -9.170406 0.000000 0.000000 0.000000 -21.286415 -1.133070 17.884972 -6.885130 2.437819 -26.975782 0.970947 25.015403 28.089880 3.814800 6.336543 -22.852152 0.000000 0.000000 0.000000 -14.806580 -9.556365 -9.832719 -17.220246 -4.525729 0.472236 -26.863821 -55.520188 8.206794 0.000000 0.000000 0.000000 -16.860463 -2.619455 -7.028176 8.183657 2.378867 -1.195904 -16.163693 25.152802 1.499448 0.000000 0.000000 0.000000 
0.131350 0.753199 0.672705 -10.735388 46.312274 -6.790050 46.045571 -3.724495 -40.289956 -40.769581 8.383278 42.236474 12.074365 26.320263 -2.109801 0.000000 0.000000 0.000000 -13.172784 -2.958286 -10.673243 -7.908313 -10.595030 60.656533 -8.321018 -23.898994 -9.374332 0.000000 0.000000 0.000000 -21.779491 -1.141483 17.626937 -7.074369 2.518377 -26.792098 1.324545 23.621258 28.154259 3.178322 6.491326 -22.786259 0.000000 0.000000 0.000000 -14.930269 -9.351383 -9.371412 -17.033452 -5.001095 0.410253 -22.544550 -56.478346 6.408723 0.000000 0.000000 0.000000 -16.058284 -2.522797 -6.576701 7.549292 2.522488 -1.115202 -12.339802 27.560467 1.766265 0.000000 0.000000 0.000000 
0.134441 0.751264 0.670729 -10.430305 45.362504 -6.100937 47.224663 -3.549514 -39.320536 -42.757272 8.935429 40.053084 12.388048 26.966069 -2.696265 0.000000 0.000000 0.000000 -13.717159 -3.179161 -11.723534 -8.248439 -9.726345 60.663414 -8.193574 -23.670599 -10.067400 0.000000 0.000000 0.000000 -21.907574 -1.055658 16.981478 -6.671123 2.470991 -26.720087 0.279858 23.074390 27.704435 2.355338 6.833068 -23.344516 0.000000 0.000000 0.000000 -14.673796 -10.094409 -8.411486 -16.973611 -6.256807 0.439315 -16.290169 -56.459463 3.268792 0.000000 0.000000 0.000000 -14.948126 -3.222183 -6.314858 7.349660 2.661534 -1.110775 -10.979779 30.611614 2.170433 0.000000 0.000000 0.000000 
0.137591 0.749102 0.667764 -10.202989 44.218432 -5.747306 48.090893 -3.357808 -38.168269 -43.882344 9.143008 38.094176 12.582804 27.297419 -2.509451 0.000000 0.000000 0.000000 -13.838049 -3.286025 -12.929128 -8.964199 -8.549114 60.735786 -8.408468 -24.066560 -9.828746 0.000000 0.000000 0.000000 -22.205091 -0.991055 16.568230 -6.842145 2.547669 -26.317479 0.607218 22.456538 27.197789 1.734469 6.817283 -22.248969 0.000000 0.000000 0.000000 -14.619264 -10.601243 -7.641084 -17.558791 -7.561422 0.477080 -11.218490 -55.070996 0.769005 0.000000 0.000000 0.000000 -13.157086 -4.461708 -6.020410 4.684682 2.562962 -0.804032 -11.930281 33.012807 2.050132 0.000000 0.000000 0.000000 
0.140289 0.747936 0.664363 -9.515337 43.970333 -4.750305 48.806072 -3.372569 -37.795689 -46.011785 9.418514 36.052212 13.176517 28.498616 -1.850061 0.000000 0.000000 0.000000 -14.079031 -3.456055 -13.762267 -10.433934 -7.295566 61.007516 -8.330913 -23.437773 -8.954132 0.000000 0.000000 0.000000 -22.516041 -0.953668 16.242791 -6.316741 2.431449 -26.598562 -0.501906 21.947362 27.386154 1.238753 7.042335 -22.453683 0.000000 0.000000 0.000000 -14.216355 -11.264847 -6.848333 -18.638966 -9.544485 0.578985 -6.603818 -51.967899 -1.412277 0.000000 0.000000 0.000000 -11.441720 -5.323982 -5.714198 3.176274 2.219738 -0.606713 -15.644359 34.280987 1.286613 0.000000 0.000000 0.000000 
0.142635 0.746490 0.660778 -8.729311 43.148327 -3.528448 49.079943 -3.157409 -37.736438 -47.772376 9.830534 34.642604 13.532174 29.339787 -2.175881 0.000000 0.000000 0.000000 -14.403742 -3.819296 -15.932084 -11.824737 -5.835960 61.639971 -8.384612 -22.995709 -8.031608 0.000000 0.000000 0.000000 -23.292630 -0.898497 15.899998 -5.349832 2.259550 -26.598444 -1.210576 22.537592 26.979844 0.349705 7.451999 -22.547484 0.000000 0.000000 0.000000 -13.420867 -12.077869 -6.063027 -20.423145 -10.928253 0.720352 -2.531169 -48.679134 -3.272359 0.000000 0.000000 0.000000 -10.528005 -6.585255 -5.845930 2.023770 0.935733 -0.387443 -20.192371 35.974442 0.490502 0.000000 0.000000 0.000000 
0.144430 0.746322 0.657729 -8.061891 43.162143 -2.525473 49.660611 -3.162821 -38.116124 -49.255555 9.805253 32.731001 14.829850 31.506259 0.722007 0.000000 0.000000 0.000000 -14.492702 -4.090157 -17.273631 -13.570522 -4.634971 62.340000 -8.161527 -21.951893 -7.217177 0.000000 0.000000 0.000000 -23.687355 -0.892992 15.572222 -4.969185 2.294041 -25.763135 -2.083778 21.869093 26.221511 -0.793834 7.950122 -23.178464 0.000000 0.000000 0.000000 -15.402391 -12.836771 -6.734093 -20.307327 -11.733053 0.956238 -1.588580 -45.199961 -2.786337 0.000000 0.000000 0.000000 -9.632101 -7.235173 -5.722236 0.885741 1.041618 -0.193228 -25.760428 37.083537 -0.769422 0.000000 0.000000 0.000000 
0.146045 0.745593 0.655647 -7.411020 43.280532 -1.765568 49.461124 -3.099545 -38.816566 -50.602033 10.160092 32.534103 15.173544 32.275444 0.722916 0.000000 0.000000 0.000000 -14.894428 -4.430620 -18.234239 -14.042353 -4.208916 62.461727 -8.242724 -22.116522 -7.216077 0.000000 0.000000 0.000000 -24.383308 -0.894922 15.861626 -4.581145 2.199175 -26.069729 -2.000155 21.719103 26.322947 -1.963636 8.414377 -22.601457 0.000000 0.000000 0.000000 -15.599640 -13.991079 -6.326445 -21.346372 -12.513974 1.114955 -0.342127 -42.484621 -2.963986 0.000000 0.000000 0.000000 -9.382203 -7.660609 -5.782019 0.189024 1.416193 -0.086786 -32.820495 38.951523 -2.403846 0.000000 0.000000 0.000000 
0.147716 0.744786 0.654661 -7.090929 43.748058 -1.417219 49.758524 -3.185070 -39.346349 -51.530483 10.249526 32.063988 15.635692 32.895137 2.285927 0.000000 0.000000 0.000000 -14.824984 -4.510349 -18.470701 -14.692199 -3.990969 62.684388 -8.272935 -22.364282 -7.633232 0.000000 0.000000 0.000000 -24.596746 -0.928392 15.965614 -4.089874 2.094459 -26.317996 -2.175059 22.083284 26.663206 -2.153854 8.583830 -22.566169 0.000000 0.000000 0.000000 -15.893609 -14.529112 -6.464754 -21.612794 -12.876167 1.212373 -0.734582 -41.004436 -2.623729 0.000000 0.000000 0.000000 -8.636877 -7.754072 -5.620042 -0.142243 2.259087 -0.075320 -40.933346 41.621475 -4.702702 0.000000 0.000000 0.000000 
0.149590 0.743397 0.654256 -6.811494 44.707839 -1.146065 49.890683 -3.358208 -39.870305 -52.296349 10.289845 31.919640 15.644440 32.960395 2.376760 0.000000 0.000000 0.000000 -15.127805 -4.789323 -18.772073 -14.388453 -4.579091 63.065259 -8.551945 -23.452529 -8.522242 0.000000 0.000000 0.000000 -24.918258 -0.984739 16.345152 -4.528984 2.247120 -25.629132 -1.764378 21.692079 25.434432 -3.009716 8.667979 -21.325459 0.000000 0.000000 0.000000 -14.888544 -14.337526 -5.889837 -22.738058 -12.153781 1.083052 -1.799062 -41.877545 -2.479564 0.000000 0.000000 0.000000 -8.018717 -7.579019 -5.327998 -0.035707 3.995084 -0.179667 -49.476548 44.988597 -8.036079 0.000000 0.000000 0.000000 
0.151610 0.741932 0.654053 -6.815137 45.757643 -1.256243 49.981263 -3.497035 -40.630364 -52.693721 10.310564 32.006662 15.355650 32.488695 2.445982 0.000000 0.000000 0.000000 -14.870819 -4.794827 -18.733005 -14.898167 -4.688188 63.357362 -8.439317 -23.504231 -9.346211 0.000000 0.000000 0.000000 -25.075749 -1.064364 16.577235 -4.935128 2.258753 -26.349851 -0.282742 22.566239 26.339999 -2.819894 8.726268 -20.901951 0.000000 0.000000 0.000000 -14.658854 -15.025832 -5.793965 -22.446999 -10.804744 0.863933 -4.258089 -43.091786 -1.691055 0.000000 0.000000 0.000000 -6.591932 -6.963415 -4.721678 -0.153266 4.992795 -0.211563 -56.456056 47.187341 -11.347832 0.000000 0.000000 0.000000 
0.153680 0.740826 0.653901 -6.618150 46.553133 -1.373022 49.321822 -3.662912 -41.180649 -52.426063 10.223576 32.727531 15.125498 31.973017 3.065018 0.000000 0.000000 0.000000 -14.811697 -4.802934 -18.394806 -14.713056 -5.281752 63.610395 -8.706782 -24.582642 -9.916307 0.000000 0.000000 0.000000 -25.328330 -1.189053 16.240327 -5.448544 2.425669 -25.519523 0.286851 23.604970 25.700246 -2.760112 8.666353 -20.703794 0.000000 0.000000 0.000000 -13.316430 -14.755603 -5.526935 -23.389175 -10.323263 0.767135 -5.989474 -44.100428 -1.465593 0.000000 0.000000 0.000000 -6.321518 -5.452926 -4.036098 2.013614 6.436348 -0.569162 -61.022498 51.096671 -14.433137 0.000000 0.000000 0.000000 
0.155797 0.739714 0.653762 -6.849172 47.170544 -1.949029 49.018304 -3.749563 -41.745527 -52.374970 10.477047 33.972317 14.616711 31.290888 2.024342 0.000000 0.000000 0.000000 -14.485351 -4.717431 -18.219685 -14.438059 -5.897100 64.000947 -8.800356 -25.292434 -10.887426 0.000000 0.000000 0.000000 -25.259646 -1.245848 16.439993 -6.419991 2.582270 -25.713744 2.089468 24.968800 26.101979 -2.409358 8.607898 -20.159415 0.000000 0.000000 0.000000 -13.371799 -15.139065 -5.929222 -23.699561 -8.522960 0.639491 -8.328225 -45.454728 -0.824878 0.000000 0.000000 0.000000 -5.755099 -4.346376 -3.424613 3.450626 7.860852 -0.769200 -64.997315 54.228333 -17.569173 0.000000 0.000000 0.000000 
0.157981 0.739859 0.653827 -6.613712 47.927775 -2.237115 47.997695 -3.906290 -42.499462 -50.994196 10.356479 35.767788 13.608439 29.389323 2.509251 0.000000 0.000000 0.000000 -14.495466 -4.680336 -17.485997 -14.182886 -6.622026 64.401935 -8.773894 -25.638381 -11.779071 0.000000 0.000000 0.000000 -25.257367 -1.348560 16.237375 -7.149149 2.732628 -25.458734 3.256226 26.700691 26.347750 -2.598868 8.647919 -19.222753 0.000000 0.000000 0.000000 -13.225030 -14.876804 -6.640882 -24.565792 -7.620134 0.621487 -11.067635 -46.434827 -0.100109 0.000000 0.000000 0.000000 -6.462199 -2.658121 -3.009045 6.162278 8.054341 -1.042730 -66.339954 54.794064 -17.377835 0.000000 0.000000 0.000000 
0.159980 0.739165 0.653995 -6.423151 48.606271 -2.513584 47.458996 -4.028558 -43.135244 -50.263347 10.438379 37.313076 12.661274 27.672267 2.032500 0.000000 0.000000 0.000000 -14.931514 -4.855605 -17.063535 -13.613347 -7.429804 64.768366 -9.008447 -26.535101 -12.202977 0.000000 0.000000 0.000000 -25.212765 -1.397856 16.464610 -8.428825 2.920492 -25.526997 5.149148 28.169528 26.274433 -1.778349 8.103391 -17.818147 0.000000 0.000000 0.000000 -13.083066 -14.459236 -7.349669 -25.912711 -6.120113 0.515553 -14.108719 -47.591384 0.683428 0.000000 0.000000 0.000000 -6.614772 -1.606621 -2.647666 7.332116 8.474842 -1.147517 -67.913555 54.177412 -17.094241 0.000000 0.000000 0.000000 
0.161656 0.739017 0.654372 -5.741253 49.567585 -2.227181 47.028717 -4.253940 -43.788523 -49.493131 10.178591 38.048944 11.839736 26.131283 2.698208 0.000000 0.000000 0.000000 -15.291355 -5.031437 -16.620543 -13.606084 -8.104512 65.629415 -8.955856 -26.573819 -12.919326 0.000000 0.000000 0.000000 -25.025826 -1.454000 16.434472 -9.659261 3.150272 -24.971266 6.118314 29.490813 26.076243 -1.708450 7.891292 -17.009940 0.000000 0.000000 0.000000 -12.022358 -13.795890 -7.475335 -27.301484 -5.829897 0.431629 -16.762079 -48.514670 1.151177 0.000000 0.000000 0.000000 -8.287481 -0.283170 -2.810285 9.914888 7.932230 -1.341724 -68.714795 51.811455 -14.458688 0.000000 0.000000 0.000000 
0.163228 0.739614 0.655084 -5.345949 50.733870 -2.307389 46.040373 -4.553842 -44.313668 -47.832557 9.627988 39.373319 11.234144 24.988095 2.973153 0.000000 0.000000 0.000000 -15.641731 -5.097597 -15.619572 -13.596018 -8.699368 65.675694 -9.126537 -27.182040 -12.640254 0.000000 0.000000 0.000000 -24.601147 -1.501028 16.705549 -10.374209 3.215222 -25.100237 6.780721 31.148000 26.408950 -0.838004 7.223770 -15.738635 0.000000 0.000000 0.000000 -11.550343 -13.930318 -7.850565 -27.849121 -5.125985 0.397591 -18.653368 -49.038320 1.471398 0.000000 0.000000 0.000000 -8.016511 0.440925 -2.331723 10.310674 7.776185 -1.404539 -71.855537 49.793992 -13.834605 0.000000 0.000000 0.000000 
0.164932 0.741286 0.656215 -5.060981 51.356999 -2.012667 45.412327 -4.712939 -44.458382 -45.958856 8.942120 39.863290 10.375335 23.398719 2.675448 0.000000 0.000000 0.000000 -15.796281 -5.053408 -14.920402 -13.025596 -9.397363 65.476851 -9.369868 -27.928085 -12.262758 0.000000 0.000000 0.000000 -24.091524 -1.484674 16.438678 -11.194287 3.256061 -25.282368 7.315761 32.389491 26.359345 -0.341113 6.877149 -15.459302 0.000000 0.000000 0.000000 -10.887379 -13.797374 -7.950067 -27.842513 -4.685684 0.379233 -20.218246 -49.701600 1.715508 0.000000 0.000000 0.000000 -9.105828 0.753886 -2.666655 12.255772 7.981462 -1.413273 -72.125098 46.397913 -10.509262 0.000000 0.000000 0.000000 
0.166982 0.742967 0.657694 -4.633819 51.825220 -1.736587 44.523513 -4.849960 -44.114682 -44.092950 8.225630 40.437310 9.702418 22.002294 1.834855 0.000000 0.000000 0.000000 -16.052078 -5.012858 -14.129856 -12.045215 -10.177673 64.814381 -9.756275 -29.491220 -12.347471 0.000000 0.000000 0.000000 -23.869926 -1.486204 16.273749 -11.416687 3.175609 -25.802408 7.613232 33.556954 26.466788 0.166651 6.303586 -14.347548 0.000000 0.000000 0.000000 -10.234909 -13.995526 -7.839221 -28.062436 -4.266579 0.321842 -19.425765 -49.502839 1.010402 0.000000 0.000000 0.000000 -7.914889 1.081189 -1.870665 12.327284 8.771978 -1.386388 -75.996439 42.767421 -9.188598 0.000000 0.000000 0.000000 
0.169547 0.745352 0.659243 -4.866744 52.098689 -1.733998 44.307538 -4.925526 -44.065883 -42.763139 7.853673 41.082496 9.107013 20.734718 0.746581 0.000000 0.000000 0.000000 -16.136749 -4.856121 -13.295346 -10.607280 -11.219563 63.906306 -10.201063 -31.142068 -12.149739 0.000000 0.000000 0.000000 -23.501736 -1.455944 16.106813 -11.324234 2.930101 -26.941373 8.635602 34.827434 27.349745 0.378210 6.282542 -14.317576 0.000000 0.000000 0.000000 -9.154061 -13.491103 -7.707325 -28.637874 -4.490367 0.210710 -18.295038 -49.095492 0.066364 0.000000 0.000000 0.000000 -8.029196 0.844657 -1.996040 12.411336 9.120522 -1.338541 -80.034890 36.550424 -4.573803 0.000000 0.000000 0.000000 
0.172210 0.746828 0.660144 -4.562612 51.887873 -1.850136 43.838880 -4.826813 -43.579434 -42.076835 7.678972 41.456662 8.945479 20.345623 1.114465 0.000000 0.000000 0.000000 -17.204469 -5.162515 -12.933850 -9.653521 -11.673592 64.003594 -10.115041 -30.932754 -12.425361 0.000000 0.000000 0.000000 -23.564751 -1.455431 15.954434 -10.881001 2.850795 -27.370078 8.881116 35.888636 27.826591 1.085919 5.740674 -13.612875 0.000000 0.000000 0.000000 -8.999927 -12.952956 -7.963306 -28.576901 -4.996131 0.289750 -15.915359 -47.243822 -0.842302 0.000000 0.000000 0.000000 -5.849872 0.316315 -1.075818 9.287755 10.180924 -1.216037 -84.079885 27.273538 1.422727 0.000000 0.000000 0.000000 
0.174647 0.748716 0.660313 -4.324146 51.228915 -1.887733 43.283961 -4.656405 -42.885413 -41.357553 7.561569 41.921287 7.920546 17.998207 -0.013258 0.000000 0.000000 0.000000 -17.383576 -5.093964 -12.819956 -8.522961 -12.251691 64.038390 -10.521601 -32.464365 -12.872800 0.000000 0.000000 0.000000 -23.617263 -1.410088 15.828817 -10.992353 2.803668 -27.673113 9.441897 36.919833 27.912051 1.463029 5.200761 -12.573047 0.000000 0.000000 0.000000 -8.313257 -12.929345 -7.516597 -28.946939 -5.912641 0.327701 -14.080116 -45.371051 -1.595638 0.000000 0.000000 0.000000 -6.103858 0.115573 -1.303133 7.316311 10.452430 -1.089833 -87.676995 16.493189 11.208335 0.000000 0.000000 0.000000 
0.176930 0.749851 0.660076 -3.159296 50.734842 -1.490133 42.896984 -4.464730 -42.169794 -41.675293 7.818693 42.364939 7.327170 16.561212 -0.283685 0.000000 0.000000 0.000000 -18.765986 -5.551466 -12.719893 -7.715508 -12.630288 64.932217 -10.285406 -32.103427 -14.256977 0.000000 0.000000 0.000000 -23.448115 -1.330772 16.086029 -11.826639 2.864427 -27.892688 9.589091 37.197538 27.444126 1.855887 4.220293 -10.737080 0.000000 0.000000 0.000000 -7.808114 -13.134294 -6.739234 -28.910645 -6.189325 0.240563 -11.654582 -42.080092 -2.051697 0.000000 0.000000 0.000000 -5.431474 0.382383 -0.863864 3.393182 11.275144 -0.791570 -88.771607 6.565102 19.005551 0.000000 0.000000 0.000000 
0.178822 0.751561 0.659644 -2.376050 50.136681 -1.070412 42.214931 -4.316489 -41.604550 -41.220527 7.682305 42.353703 6.175424 13.812124 -0.953305 0.000000 0.000000 0.000000 -19.641982 -5.898117 -13.127676 -6.697018 -13.003218 65.097597 -10.353134 -32.896132 -15.510538 0.000000 0.000000 0.000000 -23.535480 -1.280184 16.190217 -11.934421 2.698605 -28.711080 9.588021 37.815735 27.202776 1.490636 3.774052 -9.287165 0.000000 0.000000 0.000000 -7.245032 -13.240391 -6.248706 -28.704034 -6.471684 0.222008 -10.190198 -38.908022 -2.179394 0.000000 0.000000 0.000000 -6.304820 0.801624 -1.118522 1.463624 11.538861 -0.583958 -87.706518 -0.408181 24.978033 0.000000 0.000000 0.000000 
0.180254 0.753533 0.659288 -1.459858 50.170571 -0.576865 41.471918 -4.340012 -41.162501 -41.055490 7.504133 42.509374 5.645658 12.608312 -0.939779 0.000000 0.000000 0.000000 -20.482272 -6.153861 -12.738079 -5.958663 -13.490636 65.122842 -10.304472 -33.058872 -16.217538 0.000000 0.000000 0.000000 -23.453760 -1.259491 16.246874 -12.767294 2.745831 -28.710470 9.676778 37.359891 26.408124 1.010059 3.731859 -8.608922 0.000000 0.000000 0.000000 -7.071990 -14.199835 -5.544841 -28.072056 -6.348698 0.223817 -9.015614 -35.076416 -1.871065 0.000000 0.000000 0.000000 -7.781869 1.789049 -1.448189 -0.241433 11.116514 -0.376607 -82.741101 -2.946767 25.024159 0.000000 0.000000 0.000000 
0.181034 0.755549 0.658911 -1.103111 50.492600 -0.337521 41.121638 -4.417656 -41.230615 -40.766358 7.170410 41.911000 5.282102 11.911514 -0.594619 0.000000 0.000000 0.000000 -20.682451 -6.190352 -12.357620 -5.429330 -13.999174 64.899361 -10.264204 -33.710883 -17.239753 0.000000 0.000000 0.000000 -23.464596 -1.267560 16.464718 -12.869148 2.787964 -28.568993 9.000912 36.955137 26.058974 0.925799 3.952086 -9.053309 0.000000 0.000000 0.000000 -7.270769 -14.422338 -5.500147 -26.991958 -6.150235 0.291135 -8.486980 -32.667955 -1.555581 0.000000 0.000000 0.000000 -9.982964 1.850093 -2.538527 -0.153696 10.316629 -0.328638 -77.530931 -1.039484 22.265839 0.000000 0.000000 0.000000 
0.181023 0.757161 0.658399 -1.072395 50.910246 0.432706 41.103803 -4.579541 -41.815139 -40.901107 6.954612 40.967378 5.327309 11.919450 -1.157434 0.000000 0.000000 0.000000 -20.767745 -6.217742 -12.228236 -4.133090 -14.840078 63.496694 -10.284807 -34.526380 -17.676016 0.000000 0.000000 0.000000 -23.302681 -1.248564 16.262065 -13.172324 2.717395 -28.635889 8.277290 36.003561 25.837140 0.362771 4.159589 -8.784246 0.000000 0.000000 0.000000 -7.245104 -14.409625 -5.478091 -26.825664 -6.839527 0.508477 -7.220307 -30.902217 -1.672079 0.000000 0.000000 0.000000 -12.208002 1.431121 -3.794014 0.891585 9.218023 -0.396544 -72.288501 5.158074 16.978551 0.000000 0.000000 0.000000 
0.180169 0.757135 0.657177 -1.270269 51.507672 0.753664 42.573169 -4.660613 -42.313458 -42.388427 7.186246 39.168196 5.323006 12.465062 0.308768 0.000000 0.000000 0.000000 -20.829957 -6.330851 -12.355187 -3.574274 -15.486520 63.324587 -10.087758 -34.273004 -18.355527 0.000000 0.000000 0.000000 -23.477055 -1.261222 16.637248 -13.497340 2.861644 -28.123775 7.314340 34.777516 24.998101 -0.295131 4.791240 -9.549208 0.000000 0.000000 0.000000 -7.863490 -14.391443 -5.679711 -25.406336 -7.340399 0.804756 -7.888335 -29.096864 -1.112536 0.000000 0.000000 0.000000 -14.009896 0.223188 -5.100862 1.876725 8.816041 -0.465060 -67.625219 12.618097 11.558447 0.000000 0.000000 0.000000 
0.178837 0.756057 0.655162 -1.876114 52.491912 1.209138 43.743375 -4.885890 -43.656211 -43.413356 7.206083 37.622337 5.477155 13.160907 0.979056 0.000000 0.000000 0.000000 -20.328540 -6.302300 -12.708264 -2.807821 -16.324026 62.311580 -10.137991 -35.090136 -18.690896 0.000000 0.000000 0.000000 -23.764401 -1.302878 17.428016 -13.179889 2.619762 -28.819840 6.726231 33.597881 25.054881 -1.162363 5.440636 -9.883338 0.000000 0.000000 0.000000 -8.988639 -14.128516 -6.601312 -24.860430 -7.733920 1.063742 -8.624299 -27.992991 -0.706684 0.000000 0.000000 0.000000 -15.257923 -0.885379 -6.072229 3.068485 8.332996 -0.569726 -64.770417 19.146985 7.799377 0.000000 0.000000 0.000000 
0.177209 0.753492 0.652410 -2.833296 53.189915 1.254263 45.369672 -4.979027 -44.970531 -44.749860 7.370465 35.793448 5.842689 14.444957 2.292561 0.000000 0.000000 0.000000 -19.627284 -6.292495 -13.664648 -3.136950 -16.700174 62.824784 -10.322914 -35.031954 -17.980804 0.000000 0.000000 0.000000 -23.546709 -1.295688 17.504611 -14.040576 2.662726 -28.637907 6.507809 32.096360 24.447193 -2.672528 6.335546 -10.167818 0.000000 0.000000 0.000000 -10.389078 -14.153948 -7.288468 -23.662177 -7.377321 1.146817 -9.684113 -27.220681 -0.161989 0.000000 0.000000 0.000000 -14.777498 -2.031447 -6.267273 3.197130 9.375385 -0.553656 -64.408108 24.228312 4.649707 0.000000 0.000000 0.000000 
0.175734 0.751904 0.649642 -3.534113 53.460588 1.389689 46.844423 -4.884681 -46.279660 -45.584469 7.793039 34.975588 6.309898 15.914825 4.216735 0.000000 0.000000 0.000000 -19.681575 -6.432779 -14.194253 -1.818241 -17.612855 62.127419 -10.662949 -35.714847 -17.393578 0.000000 0.000000 0.000000 -23.893119 -1.297762 18.106508 -14.176288 2.396439 -29.721338 6.639542 31.420136 24.866580 -3.968831 7.144836 -10.307879 0.000000 0.000000 0.000000 -11.881662 -13.891367 -8.290854 -22.901972 -6.905650 1.161123 -11.010522 -27.004632 0.333309 0.000000 0.000000 0.000000 -14.048234 -2.867039 -6.306539 3.681467 9.660999 -0.608457 -67.414300 27.786073 2.639273 0.000000 0.000000 0.000000 
0.175088 0.751048 0.647108 -4.403592 53.496799 1.804822 48.260285 -4.753886 -47.341788 -46.528668 8.154733 33.830008 7.074833 17.547737 4.391911 0.000000 0.000000 0.000000 -19.377958 -6.507499 -15.293413 -0.712111 -18.484637 61.826302 -10.934595 -36.457942 -17.329007 0.000000 0.000000 0.000000 -23.881866 -1.241137 17.854889 -14.622814 2.140520 -30.518664 6.952283 30.788444 25.267949 -4.588863 8.046662 -11.952811 0.000000 0.000000 0.000000 -12.102743 -12.975455 -8.645516 -22.928826 -7.277765 1.125984 -12.497867 -26.712082 0.695218 0.000000 0.000000 0.000000 -13.358696 -3.949265 -6.463580 3.273702 10.332040 -0.564826 -69.044443 29.143607 1.635974 0.000000 0.000000 0.000000 
0.175707 0.751547 0.645039 -5.161186 53.311307 1.658713 49.018388 -4.506903 -48.420059 -46.662844 8.698120 34.154939 7.145091 17.816344 5.516740 0.000000 0.000000 0.000000 -18.912209 -6.336943 -15.699817 0.227065 -19.226372 61.673988 -10.922723 -36.812746 -17.987326 0.000000 0.000000 0.000000 -24.395227 -1.246751 17.719730 -14.074702 1.981674 -31.223132 7.057775 30.675093 25.535076 -4.643190 8.134383 -11.970917 0.000000 0.000000 0.000000 -12.545139 -12.327217 -9.006608 -23.400187 -6.587720 0.936199 -13.400633 -26.067662 0.949543 0.000000 0.000000 0.000000 -12.025248 -4.536376 -6.176689 1.857238 11.084016 -0.451459 -69.686248 27.040622 2.145428 0.000000 0.000000 0.000000 
0.177554 0.752254 0.643209 -5.720274 52.810799 1.818656 49.530565 -4.244538 -48.973346 -46.595830 9.235466 34.823785 6.847926 17.052328 4.471339 0.000000 0.000000 0.000000 -18.669000 -6.088791 -15.641778 2.053261 -20.047579 60.309858 -11.142285 -38.104647 -18.347172 0.000000 0.000000 0.000000 -24.442107 -1.188839 17.271187 -13.438192 1.886975 -31.526764 6.213975 30.809240 25.116298 -4.303255 7.812725 -11.593718 0.000000 0.000000 0.000000 -12.462621 -11.154277 -9.298640 -24.263929 -6.553873 0.837357 -14.282410 -24.419824 1.081942 0.000000 0.000000 0.000000 -11.005489 -5.211735 -5.997667 -0.988032 10.709637 -0.172991 -70.392278 21.429365 4.933045 0.000000 0.000000 0.000000 
0.180239 0.751741 0.641543 -6.249463 52.057951 1.245473 50.024762 -3.977808 -48.467065 -46.465392 9.531257 35.147633 6.527584 16.222066 4.041598 0.000000 0.000000 0.000000 -18.487115 -5.923531 -15.741949 1.980336 -19.721153 60.504763 -10.778487 -37.493945 -19.185248 0.000000 0.000000 0.000000 -24.600263 -1.171958 17.047663 -12.757419 1.858580 -31.749369 5.875807 31.221522 25.353822 -3.493143 7.652331 -12.327494 0.000000 0.000000 0.000000 -11.524196 -9.595264 -9.136705 -26.057395 -6.904314 0.658262 -14.794886 -22.972048 1.015577 0.000000 0.000000 0.000000 -10.495913 -6.761573 -6.435334 -3.745205 11.171106 0.178552 -67.903511 14.912164 8.195759 0.000000 0.000000 0.000000 
0.182975 0.750610 0.639843 -6.115492 51.013714 1.233028 49.714410 -3.655949 -48.372926 -46.036730 9.938239 36.226092 5.926512 14.612154 2.629628 0.000000 0.000000 0.000000 -18.528160 -5.927696 -16.250423 1.744942 -19.413743 61.454519 -11.058190 -37.576027 -18.660333 0.000000 0.000000 0.000000 -25.332735 -1.179128 16.724796 -11.725496 1.615501 -32.768770 6.023127 32.426905 26.327288 -3.264003 7.652355 -12.364260 0.000000 0.000000 0.000000 -9.854575 -8.697943 -8.309677 -27.913044 -7.099193 0.286409 -15.224994 -22.266932 0.893928 0.000000 0.000000 0.000000 -9.975604 -7.766324 -6.698353 -5.765501 10.274629 0.521601 -67.949814 10.394131 10.751886 0.000000 0.000000 0.000000 
0.185561 0.749534 0.638144 -5.730219 50.434780 0.782337 49.428756 -3.510729 -47.716048 -45.614555 10.098963 37.211657 5.577101 13.573335 1.776013 0.000000 0.000000 0.000000 -19.167542 -6.120855 -16.113294 0.956143 -18.933418 62.865290 -10.951466 -36.459018 -18.418415 0.000000 0.000000 0.000000 -25.972207 -1.235667 16.857484 -11.089217 1.705502 -32.443352 5.372076 32.610922 25.932523 -2.763003 7.678142 -13.403401 0.000000 0.000000 0.000000 -9.128042 -7.314233 -8.015298 -28.394566 -7.256258 0.038877 -14.588196 -20.290721 0.793530 0.000000 0.000000 0.000000 -9.659805 -8.510650 -6.872815 -7.753513 10.836294 0.826562 -64.889485 7.803565 11.048091 0.000000 0.000000 0.000000 
0.187908 0.748755 0.636612 -5.894799 49.315097 0.077613 49.601783 -3.200990 -46.872702 -45.395282 10.489922 38.163310 5.362264 12.770226 0.884631 0.000000 0.000000 0.000000 -19.243308 -6.116324 -16.443883 0.734546 -18.546098 63.810279 -10.832342 -35.945482 -18.896656 0.000000 0.000000 0.000000 -26.606653 -1.260321 16.753933 -10.075251 1.619010 -32.873707 5.870402 33.331364 26.501529 -2.061346 7.393317 -13.227020 0.000000 0.000000 0.000000 -9.102730 -5.853776 -8.442108 -29.432343 -6.616589 -0.331098 -14.422450 -19.962340 0.748621 0.000000 0.000000 0.000000 -8.435126 -8.839426 -6.589494 -9.628393 11.049552 1.145536 -64.241255 5.959966 11.093867 0.000000 0.000000 0.000000 
0.190099 0.749447 0.635097 -6.275668 48.498559 -0.702213 49.312579 -3.006745 -46.008460 -44.619874 10.529379 39.138310 5.372104 12.505157 0.056457 0.000000 0.000000 0.000000 -19.448274 -6.070589 -16.278461 0.637582 -18.353041 64.602073 -10.766111 -35.075071 -18.628383 0.000000 0.000000 0.000000 -26.554817 -1.263898 16.274358 -9.676730 1.706845 -32.527795 5.978100 33.484335 26.606953 -2.257596 7.172186 -11.942302 0.000000 0.000000 0.000000 -9.879200 -5.840463 -8.898574 -29.025713 -5.380369 -0.508267 -13.898250 -19.416039 0.756200 0.000000 0.000000 0.000000 -7.047321 -9.177229 -6.215446 -10.468577 11.641113 1.215911 -65.390780 4.227960 11.646691 0.000000 0.000000 0.000000 
0.192194 0.749250 0.633764 -7.203461 47.413236 -2.082865 49.208749 -2.701916 -45.205982 -43.703380 10.685774 40.455464 5.480467 12.658350 0.034636 0.000000 0.000000 0.000000 -19.582640 -5.874110 -15.709879 1.286109 -18.226602 64.213613 -10.482617 -34.413223 -19.187651 0.000000 0.000000 0.000000 -26.085511 -1.225879 15.991106 -9.109024 1.998921 -31.163525 5.655596 33.807031 26.035017 -1.949681 6.269649 -9.871222 0.000000 0.000000 0.000000 -11.939155 -5.192068 -10.506262 -28.189772 -4.382659 -0.453571 -13.388696 -18.919079 0.829297 0.000000 0.000000 0.000000 -4.737470 -9.532285 -5.475096 -12.452266 12.214157 1.447853 -66.341832 0.369645 12.887528 0.000000 0.000000 0.000000 
0.193822 0.747079 0.632463 -7.566493 46.494899 -2.471343 49.879668 -2.394593 -44.585872 -44.039822 11.140883 40.593184 5.684457 13.110225 0.260960 0.000000 0.000000 0.000000 -19.702380 -5.871555 -16.071059 1.523244 -18.276246 65.042116 -10.396541 -33.890695 -19.566656 0.000000 0.000000 0.000000 -25.671307 -1.141642 15.785071 -9.019028 2.074273 -30.757781 5.212055 33.826992 25.862693 -1.660514 5.710907 -8.870020 0.000000 0.000000 0.000000 -12.405254 -5.233432 -10.686337 -27.530547 -3.889533 -0.456930 -13.803457 -19.337610 0.937252 0.000000 0.000000 0.000000 -3.430827 -9.472591 -4.941558 -12.255282 12.609469 1.269811 -67.695975 -1.815553 14.095563 0.000000 0.000000 0.000000 
0.195019 0.744552 0.631023 -8.085229 45.790094 -3.087559 49.860817 -2.120019 -44.726919 -43.212508 11.347695 41.816449 5.653420 13.309941 1.455874 0.000000 0.000000 0.000000 -19.940903 -5.866845 -16.005397 2.317210 -18.684528 65.161736 -10.210238 -33.369719 -20.389941 0.000000 0.000000 0.000000 -25.633745 -1.130144 15.505414 -8.793298 2.175426 -30.154330 5.372167 33.617001 26.017415 -2.692093 5.919099 -7.515902 0.000000 0.000000 0.000000 -13.832537 -5.339050 -11.475023 -26.617540 -2.175810 -0.639871 -13.801981 -20.179172 1.085478 0.000000 0.000000 0.000000 -1.105483 -9.623991 -4.110003 -13.029180 13.657356 1.218175 -69.151034 -5.589803 15.758724 0.000000 0.000000 0.000000 
0.195819 0.742156 0.629348 -8.555597 45.475998 -3.559988 49.982744 -1.944054 -45.117090 -42.730319 11.524563 42.652521 5.553231 13.255083 2.168032 0.000000 0.000000 0.000000 -19.855265 -5.823766 -16.098571 3.177483 -19.224391 64.864405 -10.138767 -33.885750 -21.669853 0.000000 0.000000 0.000000 -25.198682 -1.100917 15.371777 -8.237109 2.255971 -29.390743 4.994302 33.885977 25.738878 -2.749913 5.660406 -6.861764 0.000000 0.000000 0.000000 -15.425820 -5.594377 -12.545869 -25.538572 -1.356813 -0.588552 -15.643564 -21.007207 1.521995 0.000000 0.000000 0.000000 0.481478 -9.317036 -3.289888 -14.051493 14.136573 1.258897 -71.594118 -7.573157 17.032380 0.000000 0.000000 0.000000 
0.196509 0.741538 0.627416 -8.746872 45.213490 -3.671438 50.050737 -1.872903 -45.163969 -42.076882 11.523384 43.354555 5.411273 13.043541 2.563603 0.000000 0.000000 0.000000 -19.618344 -5.658156 -15.947857 3.924931 -19.393922 63.772879 -10.127411 -34.560351 -22.146309 0.000000 0.000000 0.000000 -24.642490 -1.056293 15.122491 -8.951727 2.334066 -29.311617 5.621007 33.639593 26.196248 -3.160413 5.983793 -6.898031 0.000000 0.000000 0.000000 -16.096326 -5.920117 -12.914165 -26.292506 -0.025744 -0.861123 -16.281411 -23.057552 1.737376 0.000000 0.000000 0.000000 1.015656 -9.006506 -2.929090 -13.655823 14.411120 1.123285 -72.254570 -8.924957 17.993900 0.000000 0.000000 0.000000 
0.197519 0.743000 0.625255 -9.171930 44.902461 -4.073452 49.819934 -1.811657 -45.374161 -41.187515 11.321046 43.934453 5.308928 12.809160 2.482040 0.000000 0.000000 0.000000 -19.517206 -5.471192 -15.327340 5.195297 -19.647222 61.823525 -10.082582 -35.459197 -22.692266 0.000000 0.000000 0.000000 -23.902842 -1.029096 14.726323 -8.225673 2.328453 -28.959611 4.978616 34.648009 26.734355 -3.089504 6.099004 -7.303389 0.000000 0.000000 0.000000 -17.196145 -6.722300 -13.835960 -26.189823 1.199454 -0.907940 -16.948076 -24.913133 1.997705 0.000000 0.000000 0.000000 1.429333 -8.338302 -2.313965 -13.926005 13.994677 1.201869 -71.613214 -11.209714 19.192553 0.000000 0.000000 0.000000 
0.199024 0.745730 0.623175 -9.733769 44.886945 -4.295088 49.961821 -1.733748 -45.833265 -40.929336 11.401675 44.304587 5.315128 12.722234 2.115953 0.000000 0.000000 0.000000 -19.135173 -5.264403 -15.139605 5.955968 -19.512980 59.938923 -10.103714 -36.368271 -22.626000 0.000000 0.000000 0.000000 -23.271998 -0.964245 14.994129 -8.809336 2.354980 -29.235266 5.389258 34.973119 26.310110 -2.552655 5.612433 -7.174626 0.000000 0.000000 0.000000 -17.490507 -7.214807 -14.005431 -26.831095 1.120140 -0.855603 -17.267400 -25.635849 2.083177 0.000000 0.000000 0.000000 0.907399 -8.052934 -2.394969 -13.051508 13.407642 1.113898 -70.428886 -12.505391 20.147838 0.000000 0.000000 0.000000 
0.201035 0.749063 0.621311 -10.316624 45.132551 -4.605985 49.803265 -1.910692 -45.903940 -40.206538 10.916665 44.158467 5.053761 12.154728 1.909111 0.000000 0.000000 0.000000 -18.918684 -5.060528 -14.302925 7.108650 -19.880974 57.907757 -10.051397 -36.937870 -22.637952 0.000000 0.000000 0.000000 -22.642214 -0.950155 14.927045 -9.537216 2.454464 -29.104622 6.064715 35.361651 25.896925 -1.725418 5.265346 -7.760708 0.000000 0.000000 0.000000 -18.773284 -7.443674 -15.295443 -26.419065 1.567890 -0.633109 -16.782132 -26.079215 2.095257 0.000000 0.000000 0.000000 0.062606 -7.897923 -2.650025 -11.673631 12.739953 0.990844 -68.315466 -12.861472 20.383056 0.000000 0.000000 0.000000 
0.203197 0.751204 0.619564 -10.560472 45.231629 -4.667447 49.498175 -1.933621 -46.325094 -39.576399 10.689563 44.469418 4.879529 11.629480 1.263222 0.000000 0.000000 0.000000 -18.986674 -5.033978 -13.959879 7.428341 -19.834576 57.104077 -9.846512 -36.408270 -22.684560 0.000000 0.000000 0.000000 -22.599427 -0.946329 15.093171 -9.409238 2.279780 -30.037797 6.877922 36.021692 26.491531 -0.846692 4.872242 -7.985408 0.000000 0.000000 0.000000 -19.001836 -7.623912 -15.771128 -27.107193 2.509322 -0.801449 -16.089955 -26.438995 1.929865 0.000000 0.000000 0.000000 0.333825 -7.446428 -2.260294 -11.850559 12.208018 1.073417 -66.704315 -14.120381 20.505446 0.000000 0.000000 0.000000 
0.205282 0.752484 0.617986 -10.400702 45.414515 -4.604545 48.427936 -2.075254 -46.597601 -38.428907 10.148492 45.140981 4.857836 11.463007 0.723767 0.000000 0.000000 0.000000 -18.855196 -5.010427 -13.950463 7.175776 -19.767560 57.192514 -9.714362 -36.051482 -22.868470 0.000000 0.000000 0.000000 -22.044874 -0.898507 15.502789 -10.159322 2.291552 -30.319930 7.213670 35.750030 26.179574 -0.898575 4.520449 -7.170511 0.000000 0.000000 0.000000 -19.308305 -7.917399 -15.795840 -27.200368 2.610461 -0.796441 -14.979545 -25.795432 1.720067 0.000000 0.000000 0.000000 -0.342861 -7.357888 -2.539362 -11.763189 12.214666 1.087244 -66.132539 -14.222585 20.672223 0.000000 0.000000 0.000000 
0.207052 0.752533 0.616422 -10.432147 45.184317 -4.554249 48.185195 -2.003738 -46.719189 -38.355692 10.155113 45.178261 5.177225 11.938791 -0.108545 0.000000 0.000000 0.000000 -18.680519 -4.989874 -14.353841 7.040506 -19.756252 57.637989 -9.561891 -35.376783 -23.138618 0.000000 0.000000 0.000000 -22.147700 -0.866791 15.941341 -9.459620 2.063856 -31.292567 6.937140 36.222075 26.563042 0.390856 4.004041 -7.660467 0.000000 0.000000 0.000000 -19.479976 -7.732755 -16.126305 -27.304395 2.843127 -0.850657 -14.521227 -25.829718 1.625767 0.000000 0.000000 0.000000 1.004745 -7.374143 -1.902415 -14.219852 12.443819 1.489224 -65.032918 -16.319380 20.550342 0.000000 0.000000 0.000000 
0.208681 0.752172 0.614926 -10.416244 45.464160 -4.666739 47.701980 -2.070105 -47.100891 -37.571912 9.842058 45.678565 5.072631 11.748813 0.001195 0.000000 0.000000 0.000000 -18.579567 -4.997166 -14.404578 6.785831 -19.936005 58.220726 -9.409489 -34.838182 -23.564513 0.000000 0.000000 0.000000 -22.490692 -0.869609 17.247271 -9.534560 1.932415 -32.081679 7.003683 35.678994 26.548111 0.965048 3.672415 -7.623321 0.000000 0.000000 0.000000 -18.823033 -8.115485 -14.994592 -27.717461 3.000120 -1.107565 -13.380824 -25.747609 1.385473 0.000000 0.000000 0.000000 1.367480 -7.465491 -1.834554 -15.973647 12.011437 1.918752 -64.743087 -17.072406 20.182639 0.000000 0.000000 0.000000 
0.210279 0.751359 0.613453 -10.838142 45.420303 -4.815075 47.713126 -1.990949 -47.423811 -37.292960 9.799707 45.696477 5.483938 12.640833 -0.167304 0.000000 0.000000 0.000000 -18.329486 -4.974659 -14.928168 6.933032 -20.129266 58.423334 -9.324970 -34.486028 -23.792685 0.000000 0.000000 0.000000 -22.351921 -0.828895 18.088853 -9.669426 1.920176 -32.312040 6.556385 35.369941 25.600377 2.037525 2.947339 -7.768183 0.000000 0.000000 0.000000 -18.891946 -8.270306 -14.551090 -27.277096 2.898667 -1.120806 -13.521907 -25.694970 1.495819 0.000000 0.000000 0.000000 2.322963 -7.370751 -1.380754 -18.808365 11.082509 2.650785 -63.183813 -17.542508 18.703430 0.000000 0.000000 0.000000 
0.212102 0.750436 0.612053 -10.889904 45.549117 -4.659951 48.184396 -1.978551 -47.480776 -37.821957 9.973189 45.153754 5.380583 12.567917 0.240358 0.000000 0.000000 0.000000 -18.375935 -5.060864 -15.261418 7.142277 -20.271373 58.298197 -9.180347 -34.131008 -24.226065 0.000000 0.000000 0.000000 -22.912791 -0.831921 18.909020 -9.228624 1.746036 -32.981449 6.433974 35.533764 25.784662 2.796753 2.825745 -8.556437 0.000000 0.000000 0.000000 -18.748323 -8.321431 -14.355898 -27.073768 2.986728 -1.174615 -13.370070 -25.264738 1.474453 0.000000 0.000000 0.000000 3.089690 -8.251962 -1.514516 -20.820401 11.084083 3.104048 -61.099757 -17.489601 17.158537 0.000000 0.000000 0.000000 
0.213941 0.749798 0.610827 -10.726213 45.804532 -4.549467 48.124065 -2.039573 -47.653917 -37.950406 9.895444 44.753671 5.660157 13.245160 0.328954 0.000000 0.000000 0.000000 -18.674538 -5.159472 -15.057368 7.554475 -20.802954 58.452085 -9.032095 -33.620958 -24.805311 0.000000 0.000000 0.000000 -23.700609 -0.848547 19.763957 -9.218360 1.694635 -33.443803 6.274989 35.486865 25.161029 3.032975 2.459219 -8.164179 0.000000 0.000000 0.000000 -19.202540 -8.850092 -14.148179 -25.311285 3.191043 -1.040278 -13.224771 -24.508047 1.590415 0.000000 0.000000 0.000000 3.557169 -7.587267 -0.943749 -22.569647 10.189647 3.709733 -59.449311 -16.473841 15.267350 0.000000 0.000000 0.000000 
0.215537 0.747510 0.609867 -10.434089 46.098629 -4.157936 49.226170 -1.955344 -48.214447 -40.229052 10.740084 43.456240 6.066169 14.444397 1.395820 0.000000 0.000000 0.000000 -19.324621 -5.544820 -15.546820 7.354622 -21.101339 59.457014 -9.162767 -33.398618 -24.567556 0.000000 0.000000 0.000000 -24.578440 -0.868515 20.214190 -9.661814 1.539416 -34.277446 6.715478 35.393042 25.251175 3.722635 2.268595 -8.689643 0.000000 0.000000 0.000000 -18.730326 -8.796158 -13.748966 -25.395138 2.610769 -0.986717 -12.236434 -23.484157 1.343405 0.000000 0.000000 0.000000 3.099626 -7.309515 -1.013911 -22.524866 10.158652 3.770168 -58.172948 -15.141954 14.168803 0.000000 0.000000 0.000000 
0.216869 0.745761 0.609206 -10.273873 46.359540 -3.933283 50.454368 -1.874690 -48.401356 -42.385018 11.560785 42.525061 6.423525 15.349082 2.100924 0.000000 0.000000 0.000000 -20.025527 -5.807940 -15.349478 7.527288 -21.471859 59.908313 -9.085754 -32.626853 -24.600838 0.000000 0.000000 0.000000 -25.538791 -0.893786 20.685623 -9.184194 1.483488 -34.595020 5.955749 35.397965 25.045022 4.558605 2.050780 -9.507153 0.000000 0.000000 0.000000 -18.428295 -8.790148 -13.337957 -24.553487 1.732339 -0.816737 -11.074732 -22.287865 1.140292 0.000000 0.000000 0.000000 3.984904 -6.707157 -0.230697 -24.157391 9.980838 4.229597 -56.231525 -14.786910 12.662398 0.000000 0.000000 0.000000 
0.217997 0.744460 0.608686 -10.554383 46.290717 -4.206886 51.010364 -1.743700 -48.698859 -43.004576 11.981772 42.601938 6.310570 15.100090 1.988744 0.000000 0.000000 0.000000 -20.334535 -5.899351 -15.253997 7.586438 -21.523242 60.085874 -9.171006 -32.664665 -24.302793 0.000000 0.000000 0.000000 -26.337580 -0.917670 20.910206 -9.616683 1.419658 -35.209324 6.690070 34.792056 25.079665 3.762599 1.980335 -8.039603 0.000000 0.000000 0.000000 -18.359316 -9.162139 -12.680911 -23.905695 1.587602 -0.810402 -10.151056 -21.606329 1.022549 0.000000 0.000000 0.000000 4.455500 -6.166284 0.184939 -24.572382 10.147438 4.230366 -55.638509 -13.120791 11.210635 0.000000 0.000000 0.000000 
0.218932 0.745105 0.608328 -10.788186 46.143207 -4.705206 51.491618 -1.702494 -48.056824 -43.776993 12.204338 42.220281 6.353727 15.238689 2.676468 0.000000 0.000000 0.000000 -20.374090 -5.783325 -14.713022 7.466109 -21.277871 59.969961 -9.029483 -32.495001 -24.617543 0.000000 0.000000 0.000000 -26.122549 -0.936922 20.480764 -10.784156 1.761875 -34.235590 6.561805 33.664789 24.152362 3.156313 1.779969 -7.003532 0.000000 0.000000 0.000000 -18.777542 -9.371410 -12.286051 -22.793246 0.892381 -0.620272 -10.125648 -21.082515 1.105297 0.000000 0.000000 0.000000 5.203601 -5.672691 0.672122 -25.563843 10.510384 4.216997 -54.942042 -11.447427 9.654857 0.000000 0.000000 0.000000 
0.219498 0.746517 0.608232 -11.082289 46.210264 -5.310501 51.183543 -1.795988 -47.836295 -43.624754 12.241855 43.140678 6.218709 14.883835 2.338982 0.000000 0.000000 0.000000 -20.419165 -5.611069 -13.713144 7.958181 -21.337250 59.024689 -9.121900 -32.954605 -24.025716 0.000000 0.000000 0.000000 -26.420714 -1.028703 19.908722 -10.759787 1.796275 -34.175051 7.239323 33.355652 25.173485 2.132196 2.395270 -6.388959 0.000000 0.000000 0.000000 -18.180391 -9.999528 -11.556404 -22.556732 0.725990 -0.642016 -10.122694 -21.236811 1.094449 0.000000 0.000000 0.000000 5.117424 -5.436941 0.736230 -25.225203 10.637778 4.117287 -56.486972 -10.075537 9.293936 0.000000 0.000000 0.000000 
0.219562 0.747622 0.608360 -11.494534 46.087597 -6.160240 51.106775 -1.801735 -47.315718 -43.701918 12.292666 43.555191 6.827596 16.283244 3.527898 0.000000 0.000000 0.000000 -20.030413 -5.327417 -13.010594 7.713730 -21.166040 59.046442 -8.946056 -32.751665 -24.499498 0.000000 0.000000 0.000000 -26.391571 -1.094937 19.314407 -11.694930 2.148599 -33.279470 7.540177 31.809540 24.542364 0.685567 2.152243 -3.731547 0.000000 0.000000 0.000000 -18.352700 -10.399186 -10.839306 -21.168391 1.045568 -0.614858 -9.558734 -21.930774 1.088081 0.000000 0.000000 0.000000 6.373860 -5.117042 1.305880 -25.889107 11.356807 3.902702 -57.401099 -9.578901 8.521098 0.000000 0.000000 0.000000 
0.219387 0.748411 0.608313 -11.924451 46.322595 -6.919021 50.778760 -2.017853 -46.718743 -44.033699 12.130943 43.548637 7.677416 18.041131 4.011380 0.000000 0.000000 0.000000 -19.494590 -5.105256 -12.568041 7.253230 -21.002828 59.046661 -8.967559 -32.892189 -24.134394 0.000000 0.000000 0.000000 -26.537362 -1.233234 18.546658 -11.053950 2.339386 -32.240089 7.141203 31.142402 24.827348 -0.337324 3.252174 -4.366158 0.000000 0.000000 0.000000 -17.106176 -10.458743 -9.993009 -21.396464 0.040938 -0.541597 -9.416431 -22.616050 0.982794 0.000000 0.000000 0.000000 6.580404 -5.264147 1.356052 -25.005634 11.519535 3.757547 -58.401851 -9.331349 8.682002 0.000000 0.000000 0.000000 
0.219159 0.746824 0.607511 -12.053558 46.798658 -7.566959 49.961098 -2.300842 -46.663044 -44.331174 11.960178 43.889177 8.655890 20.061509 4.996649 0.000000 0.000000 0.000000 -19.436746 -5.059514 -11.884998 6.357871 -20.786131 59.582840 -8.847978 -32.416046 -24.002871 0.000000 0.000000 0.000000 -25.685870 -1.306643 17.899073 -12.171829 2.493818 -31.611065 7.740817 29.846775 25.335159 -1.158158 4.449165 -5.581122 0.000000 0.000000 0.000000 -16.173577 -10.947752 -9.156382 -22.323829 0.097304 -0.649920 -8.187507 -23.033868 0.669035 0.000000 0.000000 0.000000 5.098706 -4.875274 0.816910 -22.555608 11.624344 3.229175 -59.116311 -8.055691 9.002136 0.000000 0.000000 0.000000 
0.219002 0.744603 0.605494 -12.028051 47.018728 -7.835145 49.416332 -2.497307 -46.801039 -44.997790 11.920291 43.678066 9.372125 21.480228 5.560895 0.000000 0.000000 0.000000 -19.384727 -5.109741 -11.820531 5.250183 -20.223692 60.077002 -8.807455 -32.047439 -23.575663 0.000000 0.000000 0.000000 -24.864610 -1.315419 17.536374 -11.758628 2.414174 -31.701753 6.997178 30.183795 25.837546 -1.139903 4.634543 -6.112273 0.000000 0.000000 0.000000 -15.870433 -11.667910 -9.039557 -21.897013 -0.742016 -0.434969 -8.327276 -22.992552 0.661049 0.000000 0.000000 0.000000 4.598265 -4.871194 0.707137 -20.717368 11.468171 2.945482 -59.249811 -8.581851 9.991786 0.000000 0.000000 0.000000 
0.218470 0.742217 0.602245 -11.864991 47.521320 -8.165589 48.220643 -2.740694 -47.139272 -44.345044 11.523994 44.472084 9.360126 21.495764 5.572167 0.000000 0.000000 0.000000 -19.386333 -5.215292 -11.835236 3.878010 -19.596068 60.849415 -8.616072 -31.329024 -23.711081 0.000000 0.000000 0.000000 -24.658985 -1.359476 17.895708 -12.301905 2.321213 -32.061960 7.643931 29.720467 26.047974 -1.253526 5.516909 -8.094550 0.000000 0.000000 0.000000 -16.052264 -12.677403 -8.890508 -22.082709 -0.767971 -0.335992 -9.085505 -23.452429 0.798582 0.000000 0.000000 0.000000 2.599295 -4.803306 -0.219778 -17.960434 11.242855 2.447560 -59.476046 -7.743722 10.822647 0.000000 0.000000 0.000000 
0.217691 0.740049 0.598699 -11.613772 48.053726 -8.114458 47.043194 -3.048635 -48.003482 -43.863161 11.203622 45.186324 9.324659 21.491745 4.526248 0.000000 0.000000 0.000000 -19.460423 -5.286393 -11.428721 4.054938 -19.682308 59.922374 -8.427220 -31.579513 -24.552738 0.000000 0.000000 0.000000 -23.421733 -1.322868 17.839797 -13.227008 2.352813 -31.784713 7.209716 29.781874 25.022918 -0.165792 4.957382 -8.936162 0.000000 0.000000 0.000000 -16.442277 -13.550145 -9.093557 -22.419269 -1.133312 -0.139919 -9.056592 -22.857691 0.790845 0.000000 0.000000 0.000000 -0.049074 -3.553202 -0.736340 -14.892375 9.378721 2.154407 -59.047085 -7.550799 12.094677 0.000000 0.000000 0.000000 
0.216874 0.739087 0.595612 -11.529224 48.419061 -8.040106 46.084007 -3.212053 -49.021299 -42.829752 11.032467 46.675047 9.117870 21.074636 2.901886 0.000000 0.000000 0.000000 -19.485859 -5.395426 -11.609241 3.473976 -19.163716 59.630839 -8.373094 -31.176147 -24.002360 0.000000 0.000000 0.000000 -22.874047 -1.316708 17.728089 -13.333966 2.197157 -32.156321 6.985457 30.400103 24.746036 0.474013 4.493906 -9.061539 0.000000 0.000000 0.000000 -15.527457 -14.442134 -8.555702 -23.588807 -0.966418 -0.188628 -9.663381 -21.785832 0.789659 0.000000 0.000000 0.000000 -1.756968 -3.159302 -1.271305 -12.804630 8.581201 1.831397 -59.525945 -5.520338 12.280622 0.000000 0.000000 0.000000 
0.216346 0.739523 0.593394 -11.673721 48.284133 -8.191459 45.110632 -3.303516 -49.198793 -41.751122 10.528023 47.118622 9.005148 20.822645 1.514604 0.000000 0.000000 0.000000 -19.419170 -5.318900 -11.340892 3.780233 -19.135567 58.978665 -8.298232 -31.032299 -23.977614 0.000000 0.000000 0.000000 -21.696784 -1.234054 17.530483 -13.621415 2.116385 -32.396707 6.307257 30.782662 23.939178 1.053385 3.496208 -7.765070 0.000000 0.000000 0.000000 -16.341676 -14.869590 -9.144973 -23.046026 -0.446443 -0.069800 -10.649810 -20.709475 0.993262 0.000000 0.000000 0.000000 -2.722803 -2.244483 -1.235294 -12.374499 8.416368 1.707306 -59.972504 -4.342926 12.230778 0.000000 0.000000 0.000000 
0.216249 0.740699 0.591997 -12.004803 48.386200 -8.129149 44.643754 -3.421197 -49.558524 -40.751128 10.103888 47.492610 9.275617 21.353706 -0.171962 0.000000 0.000000 0.000000 -19.412312 -5.352710 -11.416520 4.660857 -19.396096 57.750035 -8.376704 -31.726956 -23.964114 0.000000 0.000000 0.000000 -21.053346 -1.200683 16.819674 -13.837683 2.031761 -32.550899 6.268791 31.228695 23.478648 2.019791 2.799579 -7.842354 0.000000 0.000000 0.000000 -15.807282 -15.374958 -8.747651 -23.792957 -0.358457 -0.186121 -11.637828 -19.608690 1.101144 0.000000 0.000000 0.000000 -3.234956 -1.343776 -0.984123 -12.781626 7.200866 1.927182 -61.186032 -3.262613 12.201534 0.000000 0.000000 0.000000 
0.216341 0.742322 0.591175 -12.330936 48.023959 -8.240232 44.516285 -3.335484 -49.268020 -40.031711 9.905121 47.822735 9.150473 20.981566 -1.089080 0.000000 0.000000 0.000000 -19.580200 -5.356024 -11.327466 5.261580 -19.767815 57.727107 -8.496052 -31.559673 -23.490609 0.000000 0.000000 0.000000 -20.666661 -1.155425 16.610189 -13.460805 1.781329 -33.447422 6.533876 31.298492 23.901789 2.344260 2.104043 -6.651685 0.000000 0.000000 0.000000 -15.648845 -14.850920 -8.899721 -24.140845 -0.093523 -0.298008 -12.031798 -19.118923 1.121265 0.000000 0.000000 0.000000 -3.427248 -0.864528 -0.857517 -14.551868 7.143331 2.327850 -60.608755 -2.607471 11.406262 0.000000 0.000000 0.000000 
0.216605 0.742641 0.590543 -12.540412 47.771229 -8.111171 45.153392 -3.159608 -49.308793 -40.264861 10.210525 47.747364 9.588449 21.890191 -1.638680 0.000000 0.000000 0.000000 -20.050549 -5.486007 -11.259548 5.742071 -19.966586 57.697125 -8.667729 -31.607212 -22.949766 0.000000 0.000000 0.000000 -20.152088 -1.099071 16.408577 -14.069290 1.821548 -33.370055 6.848703 30.892901 23.274455 3.265336 0.926858 -5.707326 0.000000 0.000000 0.000000 -15.880156 -14.649656 -8.910690 -23.698935 0.588822 -0.389111 -12.850038 -18.729810 1.259806 0.000000 0.000000 0.000000 -3.483415 -1.030458 -0.979632 -16.919847 6.763106 2.963279 -57.695423 -2.650746 10.217387 0.000000 0.000000 0.000000 
0.216938 0.743218 0.590023 -12.691874 47.168005 -7.976865 44.707563 -3.018987 -49.042780 -39.292326 10.006390 48.373681 9.703962 22.027625 -2.309217 0.000000 0.000000 0.000000 -19.880538 -5.394741 -11.608745 5.267857 -19.659764 58.456079 -8.688493 -31.374009 -22.835420 0.000000 0.000000 0.000000 -19.985072 -1.045334 16.320488 -13.032698 1.823047 -33.376660 6.286585 31.261291 23.414874 3.587150 0.445434 -5.254281 0.000000 0.000000 0.000000 -16.110296 -14.219005 -9.313942 -23.546479 1.105948 -0.451219 -12.948227 -18.721851 1.271715 0.000000 0.000000 0.000000 -3.827493 -1.551556 -1.370466 -19.596691 7.018947 3.654006 -55.301813 -2.924939 9.481817 0.000000 0.000000 0.000000 
0.217593 0.742573 0.589601 -12.909896 46.483909 -7.796449 45.137041 -2.730465 -49.165246 -40.133717 10.771861 48.701850 10.488130 23.733030 -2.888137 0.000000 0.000000 0.000000 -19.785049 -5.288087 -11.795728 5.663985 -19.622656 58.295484 -8.879732 -32.046508 -22.684337 0.000000 0.000000 0.000000 -19.399269 -0.963703 16.593680 -12.847175 1.601343 -34.269426 6.522445 30.966588 23.832803 2.485061 0.594667 -3.833423 0.000000 0.000000 0.000000 -15.797883 -13.179653 -9.339049 -24.509700 1.637481 -0.737935 -13.075798 -19.436589 1.265764 0.000000 0.000000 0.000000 -4.046489 -1.508130 -1.500844 -21.486989 7.232991 4.083722 -53.819071 -3.074190 8.871941 0.000000 0.000000 0.000000 
0.218293 0.741187 0.589241 -12.708579 45.666012 -7.180886 45.747278 -2.387548 -49.114803 -40.953221 11.474664 48.473233 10.738835 24.312441 -3.235097 0.000000 0.000000 0.000000 -19.918447 -5.290907 -12.231426 5.733916 -19.260067 58.321259 -8.958758 -32.233186 -22.723516 0.000000 0.000000 0.000000 -19.293479 -0.877412 16.754234 -12.967086 1.628823 -34.301539 7.061613 31.080114 23.540771 3.244670 0.228764 -4.254437 0.000000 0.000000 0.000000 -16.441283 -12.660194 -9.886725 -23.988850 2.216849 -0.734828 -14.146000 -19.813045 1.469834 0.000000 0.000000 0.000000 -5.074216 -2.179444 -2.303239 -21.573053 7.552548 4.099795 -52.878159 -2.574806 8.688639 0.000000 0.000000 0.000000 
0.218710 0.738755 0.588886 -12.496690 44.756915 -6.375987 46.928224 -1.945871 -49.122274 -41.742279 12.330794 48.270197 10.567803 23.956682 -2.955620 0.000000 0.000000 0.000000 -19.784108 -5.241972 -13.020249 5.805719 -19.231351 58.990932 -8.994476 -32.342322 -23.296185 0.000000 0.000000 0.000000 -19.317241 -0.785155 16.698157 -12.716695 1.457613 -34.933836 7.537352 31.084502 23.665488 3.648764 0.564670 -5.446110 0.000000 0.000000 0.000000 -16.106266 -11.652317 -9.920630 -25.109784 2.794921 -1.062554 -13.835721 -21.216894 1.430404 0.000000 0.000000 0.000000 -5.332376 -1.857302 -2.292156 -21.954267 7.731622 4.149987 -54.152637 -1.451409 8.401125 0.000000 0.000000 0.000000 
0.218823 0.736053 0.588434 -12.736272 43.972613 -5.577774 48.254325 -1.463869 -49.963452 -43.134514 13.560935 47.936994 10.832668 24.720414 -3.662552 0.000000 0.000000 0.000000 -19.613228 -5.309334 -14.348577 5.790767 -19.087396 59.475903 -9.200858 -32.693380 -23.153995 0.000000 0.000000 0.000000 -19.644703 -0.705309 16.581415 -11.757010 1.254302 -35.524862 8.119723 31.442804 24.431112 4.191597 1.487987 -8.029050 0.000000 0.000000 0.000000 -16.112038 -10.882691 -10.383081 -25.774797 2.600375 -1.126340 -14.310994 -22.299508 1.503405 0.000000 0.000000 0.000000 -6.551011 -1.948985 -2.889929 -19.320566 7.782537 3.534890 -57.902018 0.252533 9.270900 0.000000 0.000000 0.000000 
0.218573 0.733303 0.587651 -12.901756 43.277560 -4.985911 49.071626 -1.086095 -50.482242 -43.290982 14.239393 48.333816 10.967101 24.998864 -2.767476 0.000000 0.000000 0.000000 -19.354001 -5.294555 -15.279415 5.162714 -18.701329 60.486069 -9.174706 -32.280476 -23.314439 0.000000 0.000000 0.000000 -19.239706 -0.623780 16.004849 -11.986437 1.376063 -35.001628 8.067405 31.135695 24.338861 4.670715 1.605132 -9.101929 0.000000 0.000000 0.000000 -16.580622 -10.480761 -10.742710 -25.990925 2.563080 -1.129035 -13.494823 -22.920371 1.414570 0.000000 0.000000 0.000000 -7.199181 -1.259429 -2.858161 -17.102952 8.060542 2.891236 -59.332176 2.222929 9.063159 0.000000 0.000000 0.000000 
0.218260 0.732101 0.586811 -13.388270 42.526032 -4.577907 50.064505 -0.614101 -51.194035 -44.051809 15.371945 48.900587 11.423111 25.994203 -2.268110 0.000000 0.000000 0.000000 -18.589436 -5.102078 -16.393265 4.762420 -18.379446 61.133577 -9.283767 -32.575115 -23.323162 0.000000 0.000000 0.000000 -19.521868 -0.560174 15.766049 -12.033240 1.409864 -34.921462 8.264948 30.851639 24.131089 4.846090 2.135713 -10.721145 0.000000 0.000000 0.000000 -16.368766 -10.915953 -10.212314 -26.856148 3.115801 -1.363294 -12.657011 -24.494153 1.274703 0.000000 0.000000 0.000000 -8.059138 -0.316531 -2.825270 -13.980798 8.452184 2.112909 -59.864404 4.074291 8.775379 0.000000 0.000000 0.000000 
0.218068 0.732727 0.586175 -14.201547 41.622315 -4.246204 51.179752 -0.164468 -51.387470 -44.664215 16.020173 48.334231 12.164593 27.491765 -1.503823 0.000000 0.000000 0.000000 -17.501065 -4.715295 -17.125408 4.564942 -17.860788 60.808061 -9.168273 -32.553605 -23.644238 0.000000 0.000000 0.000000 -19.641196 -0.491703 15.581489 -11.172483 1.118511 -36.094407 8.429445 31.031178 25.445692 5.284956 2.923083 -13.127148 0.000000 0.000000 0.000000 -16.032678 -10.626351 -10.206877 -27.439337 2.478360 -1.364535 -11.654129 -25.592890 1.023601 0.000000 0.000000 0.000000 -8.893474 0.193014 -3.011597 -11.073599 8.584363 1.501840 -60.331663 3.405075 9.953950 0.000000 0.000000 0.000000 
0.217749 0.734557 0.585805 -14.385776 41.262594 -3.949586 51.877056 -0.017454 -51.052158 -45.633360 16.346258 47.323194 12.303753 27.702214 -0.809306 0.000000 0.000000 0.000000 -16.819814 -4.266184 -16.380971 4.870639 -17.820526 59.955402 -9.081248 -33.106593 -24.260164 0.000000 0.000000 0.000000 -20.396231 -0.480716 15.304435 -11.708540 1.367126 -35.263558 8.758395 30.103196 24.392921 5.462367 2.807223 -13.603496 0.000000 0.000000 0.000000 -15.678496 -10.571144 -9.552083 -27.731974 1.859139 -1.326106 -10.868600 -27.165815 0.856101 0.000000 0.000000 0.000000 -8.856540 0.683844 -2.759849 -9.804726 8.257944 1.276581 -59.684548 0.830950 11.116787 0.000000 0.000000 0.000000 
0.217337 0.736252 0.585477 -14.885937 40.899001 -3.598492 53.429786 0.249503 -50.739285 -47.247444 16.970459 45.751829 12.160090 27.577923 -1.560317 0.000000 0.000000 0.000000 -16.197476 -3.901340 -15.875913 5.481073 -17.837424 58.714256 -8.764112 -32.912784 -25.187987 0.000000 0.000000 0.000000 -21.228875 -0.454460 15.457512 -10.650474 1.122141 -36.309403 8.984351 30.334946 25.490019 6.408076 2.693294 -14.655341 0.000000 0.000000 0.000000 -15.519622 -10.713073 -9.465346 -27.268626 1.122642 -1.147716 -10.149546 -28.033556 0.674883 0.000000 0.000000 0.000000 -8.805807 0.451875 -2.872669 -9.814072 8.136592 1.329216 -58.960044 -3.287834 13.149136 0.000000 0.000000 0.000000 
0.216865 0.737678 0.584934 -14.796026 40.877419 -3.182284 53.281939 0.206001 -50.734399 -47.722990 16.812554 44.796084 12.304535 27.954399 -1.471725 0.000000 0.000000 0.000000 -16.430647 -3.808222 -14.962333 5.970065 -17.996332 58.011428 -8.676902 -32.638611 -25.064731 0.000000 0.000000 0.000000 -21.545033 -0.443395 15.397615 -10.685904 1.248088 -35.751442 8.278222 29.933731 25.064708 6.028033 2.433884 -13.518511 0.000000 0.000000 0.000000 -15.708139 -10.963864 -9.263653 -26.873351 0.416705 -0.977175 -8.094724 -28.834892 0.226964 0.000000 0.000000 0.000000 -7.437917 -0.383579 -2.590540 -11.508722 7.534644 1.749507 -59.585921 -6.640064 14.583828 0.000000 0.000000 0.000000 
0.216212 0.738672 0.583940 -15.028570 40.604685 -3.002229 53.825527 0.377497 -50.609566 -48.299958 16.845679 43.666463 12.333372 28.151203 -1.900372 0.000000 0.000000 0.000000 -16.621804 -3.691586 -14.171948 6.880437 -18.056988 56.619915 -8.447679 -32.048284 -25.202386 0.000000 0.000000 0.000000 -22.211923 -0.434460 15.301557 -9.907324 1.356495 -35.285417 7.874124 29.347143 24.955754 5.759749 2.003278 -12.036077 0.000000 0.000000 0.000000 -16.661111 -10.638019 -9.752815 -26.013787 0.063627 -0.780226 -7.686356 -29.763137 0.211832 0.000000 0.000000 0.000000 -5.938429 -0.966918 -2.180468 -15.071595 7.645739 2.543517 -61.888295 -12.067773 17.294064 0.000000 0.000000 0.000000 
0.215454 0.738904 0.582747 -15.312690 40.633016 -2.865338 54.324847 0.566080 -51.243846 -48.203559 16.812975 43.111603 12.630967 28.735288 -1.092608 0.000000 0.000000 0.000000 -16.533345 -3.579598 -13.734190 8.163185 -18.837642 55.746143 -8.273555 -32.233223 -26.393347 0.000000 0.000000 0.000000 -22.400402 -0.436394 15.202452 -9.558840 1.392445 -34.943819 7.197593 28.702405 25.090407 5.771868 1.860386 -11.753931 0.000000 0.000000 0.000000 -17.163589 -10.988882 -9.753906 -25.466470 -0.173115 -0.651562 -5.915649 -29.624018 -0.156798 0.000000 0.000000 0.000000 -5.583472 -1.824658 -2.389525 -15.818280 8.671165 2.550756 -66.736197 -16.510443 21.575278 0.000000 0.000000 0.000000 
0.214728 0.738915 0.581501 -15.656243 40.586660 -2.371275 54.353764 0.783724 -52.480333 -47.916214 16.872805 42.958167 12.776761 29.204904 -0.848431 0.000000 0.000000 0.000000 -15.828586 -3.219830 -13.123123 8.444193 -18.611888 54.464940 -8.266704 -32.780770 -26.037385 0.000000 0.000000 0.000000 -23.046969 -0.458688 14.688695 -8.046371 1.470602 -33.782452 5.912849 28.326130 24.982803 5.001856 2.454281 -11.917266 0.000000 0.000000 0.000000 -17.391043 -10.778171 -9.978252 -25.717560 -0.891202 -0.516780 -5.479857 -30.237608 -0.317284 0.000000 0.000000 0.000000 -4.022156 -2.845518 -2.130047 -19.096581 9.610423 3.108880 -75.495963 -22.149836 28.158523 0.000000 0.000000 0.000000 
0.214005 0.739258 0.580141 -16.159816 40.590440 -2.756833 53.951277 0.755986 -53.272766 -46.227237 16.371672 43.900895 12.611923 28.893475 0.000683 0.000000 0.000000 0.000000 -14.855752 -2.867230 -12.556071 8.954241 -18.886482 53.621455 -8.186651 -33.569002 -26.789753 0.000000 0.000000 0.000000 -23.185909 -0.518762 14.453204 -7.123577 1.542863 -32.804081 5.109270 28.446969 25.070874 4.457198 3.016055 -12.221143 0.000000 0.000000 0.000000 -18.445159 -10.825804 -10.931747 -24.799664 -0.850179 -0.259784 -5.439965 -30.597552 -0.288640 0.000000 0.000000 0.000000 -3.870308 -3.620924 -2.384096 -18.982093 10.963045 2.884068 -87.507620 -23.513503 35.820841 0.000000 0.000000 0.000000 
0.213258 0.739565 0.578456 -16.550302 40.427965 -2.593436 53.369138 0.690326 -53.498997 -44.079910 15.596394 44.867062 11.543969 27.128363 -1.867422 0.000000 0.000000 0.000000 -13.722612 -2.532368 -12.823052 8.213351 -18.246252 53.459858 -8.247073 -33.451965 -25.798687 0.000000 0.000000 0.000000 -23.920424 -0.552910 14.220883 -6.220116 1.590442 -31.833242 4.390499 28.504374 24.429861 3.272911 3.334191 -11.061279 0.000000 0.000000 0.000000 -18.621215 -11.061853 -11.038010 -25.033767 -0.512559 -0.225422 -4.944664 -31.391908 -0.500889 0.000000 0.000000 0.000000 -3.486034 -4.012073 -2.358482 -18.993570 12.205240 2.652478 -101.259743 -24.845181 45.501475 0.000000 0.000000 0.000000 
0.212629 0.741227 0.576714 -17.144245 40.429822 -2.669249 53.522697 0.737420 -53.837123 -42.668385 14.909031 44.644464 10.749715 25.498534 -1.962986 0.000000 0.000000 0.000000 -12.731044 -2.241732 -12.858033 8.287189 -18.062121 52.667618 -8.325659 -34.237625 -25.518986 0.000000 0.000000 0.000000 -24.107664 -0.588070 13.941142 -5.641427 1.553695 -31.509755 4.434887 28.977480 25.202298 2.171237 4.312208 -11.384669 0.000000 0.000000 0.000000 -18.663986 -10.893805 -11.504923 -25.617179 -1.156787 -0.067315 -4.588314 -32.777017 -0.798774 0.000000 0.000000 0.000000 -2.951615 -4.069960 -2.140318 -19.014314 11.814243 2.766073 -111.889183 -25.052160 53.162856 0.000000 0.000000 0.000000 
0.212340 0.744136 0.575064 -18.067858 40.503263 -3.094747 53.504417 0.633486 -53.709870 -41.156672 14.036483 44.462763 10.041164 24.092873 -3.230912 0.000000 0.000000 0.000000 -11.546359 -1.907410 -12.873834 8.451367 -17.838869 51.562655 -8.916543 -35.377745 -23.124488 0.000000 0.000000 0.000000 -24.249370 -0.633953 13.728607 -5.754168 1.624280 -31.048483 4.709840 28.846306 25.119607 1.398361 4.726246 -11.070075 0.000000 0.000000 0.000000 -18.431383 -10.764846 -11.465935 -25.853198 -1.338197 -0.030975 -3.584788 -34.431939 -1.300540 0.000000 0.000000 0.000000 -2.333774 -3.905839 -1.792673 -18.079853 12.029053 2.496076 -119.597727 -25.940377 60.616247 0.000000 0.000000 0.000000 
0.213116 0.748426 0.573613 -18.982178 40.339532 -3.367900 52.583269 0.465552 -53.662142 -39.717357 13.302231 44.896529 9.755093 23.439690 -4.455924 0.000000 0.000000 0.000000 -11.005716 -1.728481 -12.748447 9.212639 -17.855935 50.260490 -9.450572 -35.935785 -20.856708 0.000000 0.000000 0.000000 -24.231435 -0.655319 13.357729 -5.083154 1.480884 -31.486152 4.846466 29.640329 25.946081 1.621621 4.955005 -11.702285 0.000000 0.000000 0.000000 -17.619924 -11.214306 -11.046865 -26.317546 -1.181123 -0.124980 -3.695081 -36.454002 -1.637911 0.000000 0.000000 0.000000 -0.883622 -3.866699 -1.093892 -17.489853 10.976904 2.549515 -123.392989 -26.617478 64.317249 0.000000 0.000000 0.000000 
0.214975 0.752255 0.572292 -19.796159 40.026188 -3.534696 52.036198 0.440612 -53.480350 -38.857144 12.626249 44.173868 9.807791 23.626679 -5.276621 0.000000 0.000000 0.000000 -10.996454 -1.690421 -12.728802 10.284340 -17.923622 48.857650 -10.647543 -37.488883 -17.375826 0.000000 0.000000 0.000000 -23.673152 -0.671926 12.320640 -5.479047 1.484308 -31.574509 5.389855 29.664358 26.172772 1.591194 5.734388 -13.803108 0.000000 0.000000 0.000000 -17.561443 -11.175369 -11.142396 -26.020245 -1.664337 -0.006105 -3.997009 -36.935142 -1.598105 0.000000 0.000000 0.000000 -0.384129 -4.071347 -0.988249 -15.837911 10.192364 2.303172 -124.726451 -26.494813 65.957393 0.000000 0.000000 0.000000 
0.217308 0.755268 0.571018 -20.150900 39.645783 -3.758742 51.419762 0.313746 -52.829221 -38.208362 12.215926 44.385913 9.212443 21.997025 -6.677918 0.000000 0.000000 0.000000 -11.113024 -1.623571 -11.871033 10.959083 -17.687670 47.461528 -11.411669 -38.212640 -14.870547 0.000000 0.000000 0.000000 -23.486470 -0.713543 11.525913 -4.998750 1.302782 -32.396982 5.779629 29.945697 26.829511 2.455057 5.411978 -14.072842 0.000000 0.000000 0.000000 -17.093822 -11.593209 -10.831870 -26.028865 -1.193085 -0.089531 -4.957602 -37.407067 -1.432317 0.000000 0.000000 0.000000 -0.316704 -4.076586 -0.959680 -14.979332 9.788576 2.187094 -123.009430 -27.055513 65.714375 0.000000 0.000000 0.000000 
0.219248 0.756046 0.569695 -20.120018 39.299305 -3.915253 51.142193 0.356730 -52.609290 -38.455844 12.261260 44.240504 8.938164 21.233925 -6.692686 0.000000 0.000000 0.000000 -11.509785 -1.694920 -11.639323 11.169614 -17.631983 47.316783 -11.926505 -38.600839 -13.510357 0.000000 0.000000 0.000000 -23.343709 -0.720071 11.204125 -4.871217 1.141884 -33.365650 6.314078 30.051332 26.949796 3.207981 5.120704 -14.634469 0.000000 0.000000 0.000000 -17.269108 -12.000542 -10.827907 -25.237562 -0.646942 -0.085899 -6.363329 -37.619912 -0.924949 0.000000 0.000000 0.000000 -0.861448 -4.590878 -1.506226 -13.554738 9.186457 1.958941 -120.865962 -26.997772 64.824465 0.000000 0.000000 0.000000 
0.220581 0.755329 0.568246 -19.629604 38.969752 -3.802293 50.849908 0.415670 -52.377908 -39.660436 12.568867 43.448451 9.122379 21.697952 -6.675501 0.000000 0.000000 0.000000 -12.131337 -1.839039 -11.564185 11.203701 -17.690630 47.768181 -11.904129 -38.291063 -13.580057 0.000000 0.000000 0.000000 -23.221089 -0.734163 10.750169 -5.014686 1.162286 -33.322325 6.450632 29.593884 26.323511 3.622170 4.741832 -14.703721 0.000000 0.000000 0.000000 -16.968967 -11.728169 -10.500749 -25.664792 -1.275249 -0.042172 -6.672544 -36.715560 -0.790269 0.000000 0.000000 0.000000 -1.803151 -5.077151 -2.199184 -12.834032 8.580843 1.860990 -116.408295 -26.095661 60.632261 0.000000 0.000000 0.000000 
0.221461 0.752228 0.566469 -19.361166 39.117792 -4.046682 50.701758 0.401104 -52.742526 -41.330700 13.335071 43.648968 9.482044 22.717081 -6.898768 0.000000 0.000000 0.000000 -12.548446 -1.959863 -11.391464 10.831715 -17.966869 48.866055 -11.726180 -37.912013 -14.194779 0.000000 0.000000 0.000000 -22.735162 -0.716272 10.743462 -4.615799 1.131400 -33.296547 5.856819 29.353009 25.778546 4.902420 3.295817 -13.282753 0.000000 0.000000 0.000000 -17.442702 -12.325999 -10.543129 -25.524983 0.027575 -0.156298 -6.553571 -36.544921 -0.778113 0.000000 0.000000 0.000000 -0.996002 -5.905420 -2.252849 -13.688869 9.457934 1.905684 -113.073924 -25.985961 56.959305 0.000000 0.000000 0.000000 
0.222341 0.747329 0.564382 -18.982387 38.901034 -4.193291 51.547101 0.712069 -53.025640 -43.787658 14.391726 42.791288 10.234017 24.778946 -6.348712 0.000000 0.000000 0.000000 -13.621386 -2.270106 -11.601056 10.434396 -18.423757 50.893321 -11.469077 -36.760014 -14.621292 0.000000 0.000000 0.000000 -22.494131 -0.709754 10.601536 -4.334894 1.210920 -32.741587 5.419156 29.431206 24.964198 5.274615 2.398230 -11.878979 0.000000 0.000000 0.000000 -18.790204 -12.827029 -11.232255 -23.514273 1.167890 -0.038469 -9.064822 -37.524843 0.264439 0.000000 0.000000 0.000000 -1.011036 -5.405688 -2.016806 -13.691932 10.149609 1.755408 -111.363357 -26.405389 56.107448 0.000000 0.000000 0.000000 
0.223526 0.742881 0.562368 -18.928762 38.805461 -4.530166 51.359520 0.839314 -53.591302 -45.399104 15.179531 42.808293 11.183859 27.151038 -5.843665 0.000000 0.000000 0.000000 -14.612105 -2.537049 -11.484946 10.208532 -18.895776 52.553683 -11.340103 -35.648503 -14.400964 0.000000 0.000000 0.000000 -22.072918 -0.693491 10.631287 -4.299867 1.197404 -32.712849 5.450572 29.385639 24.554156 6.140842 1.625447 -11.704295 0.000000 0.000000 0.000000 -18.077201 -13.336617 -10.511436 -24.353305 2.431106 -0.332992 -10.266216 -39.297077 0.419573 0.000000 0.000000 0.000000 -0.092791 -6.075004 -1.987411 -13.606158 11.633142 1.458695 -106.308762 -28.595137 54.412224 0.000000 0.000000 0.000000 
0.224904 0.738649 0.560619 -19.096763 37.551103 -5.384435 51.725504 1.320201 -52.924116 -46.432255 16.072264 43.309819 11.176038 26.871111 -5.892728 0.000000 0.000000 0.000000 -14.552047 -2.430881 -11.294834 9.664122 -18.869943 54.506979 -11.165136 -35.030153 -14.958142 0.000000 0.000000 0.000000 -21.231115 -0.641268 10.303445 -4.403693 1.230199 -32.887421 6.555822 30.194320 24.280416 6.874235 0.286316 -9.883451 0.000000 0.000000 0.000000 -19.462875 -13.383316 -11.437987 -22.389865 4.745456 -0.459422 -14.945061 -42.209758 2.392982 0.000000 0.000000 0.000000 0.954646 -5.200848 -1.172605 -14.811900 12.354845 1.430811 -100.904625 -32.376884 53.139384 0.000000 0.000000 0.000000 
0.226659 0.737028 0.559232 -19.221629 37.862229 -6.652200 50.683417 1.070565 -53.502108 -45.889758 16.250087 45.332349 11.452539 27.329637 -5.328887 0.000000 0.000000 0.000000 -15.318104 -2.614268 -10.263237 9.953871 -19.732670 55.494418 -10.669461 -33.778959 -16.006316 0.000000 0.000000 0.000000 -20.697346 -0.720727 10.183566 -3.848994 1.406614 -31.147172 7.100366 30.339163 24.621637 6.556434 0.238010 -9.137152 0.000000 0.000000 0.000000 -21.072592 -14.133424 -12.729444 -21.538851 6.803644 -0.420962 -19.324512 -43.024169 4.231926 0.000000 0.000000 0.000000 0.609595 -5.635906 -1.538000 -13.741092 12.367354 1.285573 -95.389107 -35.154869 52.792607 0.000000 0.000000 0.000000 
0.228179 0.737154 0.558012 -20.577700 37.106860 -8.677362 48.302396 0.776057 -54.223245 -40.956354 14.857640 49.953123 10.482648 24.903059 -5.674426 0.000000 0.000000 0.000000 -14.243550 -2.223985 -8.800416 9.372780 -19.187615 55.319938 -10.988622 -33.249198 -13.085274 0.000000 0.000000 0.000000 -19.530184 -0.830820 8.628259 -2.734805 1.588289 -28.666567 7.178092 32.201170 24.393569 6.481734 -0.694915 -7.080032 0.000000 0.000000 0.000000 -23.155035 -13.873535 -14.957430 -18.229054 7.189757 -0.070299 -24.117428 -44.847740 7.048779 0.000000 0.000000 0.000000 2.773720 -5.248220 -0.271303 -15.242675 11.098433 1.711081 -87.738683 -34.210971 45.039985 0.000000 0.000000 0.000000 
0.229615 0.734243 0.557016 -21.496479 40.369906 -11.018768 44.856488 -1.167100 -54.878069 -40.757960 14.033086 53.448442 11.715545 29.366969 -9.540856 0.000000 0.000000 0.000000 -15.253562 -2.578289 -5.896927 8.920417 -20.109975 54.880685 -9.814393 -30.422740 -14.245391 0.000000 0.000000 0.000000 -18.663455 -0.887530 10.340869 2.500574 0.622087 -28.785513 4.007668 32.179273 26.742156 5.874055 -1.537496 -4.493992 0.000000 0.000000 0.000000 -25.835267 -13.323522 -18.408056 -16.574230 11.410978 -0.236353 -31.829796 -47.903241 11.583247 0.000000 0.000000 0.000000 5.105627 -5.219238 1.140333 -16.898879 10.766904 2.110071 -86.190897 -29.617224 38.359581 0.000000 0.000000 0.000000 
0.230260 0.729034 0.555931 -20.563162 38.293038 -11.286455 43.462462 -0.687607 -53.231218 -41.475811 14.250618 53.024167 12.221142 31.246330 -12.904312 0.000000 0.000000 0.000000 -15.711940 -2.589863 -5.766054 6.977384 -17.382940 55.428122 -8.787601 -27.133278 -14.977017 0.000000 0.000000 0.000000 -18.770096 -1.050834 7.743351 -0.062379 1.626968 -21.785061 3.954569 31.326440 20.153313 3.578608 -1.534435 -2.132259 0.000000 0.000000 0.000000 -24.644822 -13.374442 -14.846303 -19.245740 10.374402 -0.756293 -25.811360 -47.001602 8.664082 0.000000 0.000000 0.000000 9.028002 0.871751 6.362070 -21.250263 6.298775 3.737768 -87.319012 -24.979144 29.656142 0.000000 0.000000 0.000000 
0.229631 0.723257 0.555008 -18.425426 42.948311 -11.279954 45.785368 -1.777537 -51.379444 -53.995335 14.835216 41.390376 14.831356 40.580166 -14.842532 0.000000 0.000000 0.000000 -19.430550 -3.785142 -2.920645 1.011793 -14.460708 57.580154 -4.200857 -10.907592 -19.416802 0.000000 0.000000 0.000000 -18.307291 -1.017150 10.132247 2.140086 1.229876 -22.675864 -0.784430 28.571310 17.497283 -3.057188 -5.037857 12.175929 0.000000 0.000000 0.000000 -22.592970 -11.803093 -13.292611 -21.471655 10.488252 -1.479765 -31.149877 -44.838372 9.899785 0.000000 0.000000 0.000000 15.599797 1.987814 10.518378 -29.488825 10.414754 3.507127 -75.337756 -19.689422 15.729108 0.000000 0.000000 0.000000 
