# Exported from MakeClothes (TM)
# author Elvaerwyn
# license CC_by
# homepage http://www.makehuman.org/
v 0.1877 7.8376 -0.1182
v 0.1984 7.8331 -0.1142
v -0.3911 7.8215 0.0089
v -0.4100 7.8276 0.0278
v -0.5309 7.8930 0.5190
v -0.5253 7.9036 0.5404
v 0.0204 7.7477 -0.0372
v 0.0850 7.7420 -0.0301
v -0.1352 7.7432 -0.0419
v -0.1749 7.7527 -0.0277
v -0.4425 7.8052 0.1624
v -0.4500 7.8134 0.1809
v -0.4262 7.9496 0.7114
v -0.4043 7.9563 0.7271
v -0.0129 8.0065 0.8871
v 0.0402 8.0111 0.8775
v 0.3085 8.0070 0.7493
v 0.3111 8.0125 0.7410
v 0.4319 7.9958 0.5885
v 0.4292 8.0028 0.5883
v 0.4871 7.9888 0.4879
v 0.4886 7.9900 0.4648
v 0.5243 7.9795 0.4164
v 0.5205 7.9735 0.3629
v 0.4866 7.9219 0.1570
v 0.4684 7.9203 0.1283
v -0.3386 7.9382 0.8015
v -0.3359 7.9438 0.8030
v 0.0012 7.9597 0.9112
v -0.0023 7.9637 0.9104
v 0.2009 7.9630 0.8696
v 0.2135 7.9647 0.8606
v 0.3622 7.9607 0.7609
v 0.3654 7.9621 0.7529
v 0.4665 7.9408 0.5939
v 0.4681 7.9423 0.5856
v 0.5028 7.9158 0.4439
v 0.5019 7.9164 0.4391
v -0.5480 7.7836 0.3549
v -0.5489 7.7949 0.4152
v -0.4253 7.8891 0.7655
v -0.4461 7.8866 0.7472
v -0.0997 7.9456 0.9285
v -0.1461 7.9457 0.9231
v -0.4569 7.9448 0.4504
v -0.4450 7.9498 0.4845
v -0.4123 7.9635 0.6095
v -0.4301 7.9617 0.5898
v -0.3463 7.9722 0.7206
v -0.3634 7.9741 0.7134
v 0.2941 7.9447 0.7978
v 0.2819 7.9479 0.8107
v 0.3660 7.9475 0.7184
v 0.3619 7.9491 0.7266
v -0.3169 7.9719 0.7827
v -0.3347 7.9735 0.7768
v 0.0024 7.9839 0.9012
v -0.0244 7.9882 0.9069
v 0.3465 7.9473 0.7222
v 0.3433 7.9512 0.7349
v 0.4282 7.8504 0.3322
v 0.4381 7.8568 0.3556
v 0.4478 7.9313 0.6019
v 0.4487 7.9303 0.5952
v 0.4896 7.9079 0.4739
v 0.4903 7.9090 0.4792
v 0.3016 7.7828 0.1328
v 0.3146 7.7859 0.1398
v 0.1413 7.7336 0.0365
v 0.1742 7.7371 0.0453
v -0.1715 7.7116 0.0197
v -0.1290 7.7095 -0.0004
v -0.3366 7.7171 0.0860
v -0.3085 7.7121 0.0544
v -0.4205 7.7277 0.1329
v -0.3986 7.7209 0.0979
v -0.4129 7.9035 0.2793
v -0.4198 7.9089 0.3263
v -0.3279 8.0194 0.6713
v -0.3334 8.0099 0.6670
v 0.0313 8.0113 0.8185
v 0.0684 8.0135 0.8124
v 0.3287 7.9305 0.6256
v 0.3337 7.9372 0.6179
v 0.1435 7.8440 0.5699
v 0.1424 7.8393 0.5749
v 0.1883 7.8427 0.5253
v 0.1887 7.8455 0.5144
v 0.1951 7.8294 0.3406
v 0.1915 7.8346 0.3422
v 0.1548 7.8440 0.2490
v 0.1535 7.8504 0.2510
v 0.1106 7.8574 0.1701
v 0.1074 7.8623 0.1604
v -0.0100 7.8715 0.0827
v -0.0070 7.8805 0.0815
v -0.2095 7.9411 0.1528
v -0.2070 7.9497 0.1552
v -0.2628 7.9404 0.1625
v -0.2665 7.9445 0.1646
v -0.3023 7.9357 0.1622
v -0.3166 7.9497 0.1795
v -0.3957 7.9594 0.2765
v -0.4062 7.9765 0.3105
v 0.3488 7.8296 0.2499
v 0.3505 7.8376 0.2496
v 0.2390 7.7803 0.1121
v 0.2403 7.7884 0.1113
v 0.2353 7.7644 0.0860
v 0.2183 7.7709 0.0747
v 0.1785 7.7493 0.0332
v 0.1506 7.7561 0.0214
v 0.1429 7.7438 0.0019
v 0.0988 7.7504 -0.0104
v 0.3389 7.8086 0.6336
v 0.3516 7.7999 0.6015
v 0.3983 7.7731 0.3242
v 0.4110 7.7842 0.3651
v 0.2781 7.7685 0.1157
v 0.2974 7.7729 0.1291
v 0.1608 7.9826 0.5058
v 0.1609 7.9796 0.4961
v 0.1907 7.9522 0.4473
v 0.1919 7.9576 0.4619
v 0.2081 7.9238 0.3666
v 0.2151 7.9293 0.3804
v -0.0333 7.7903 0.0000
v 0.0067 7.7912 -0.0032
v -0.2949 7.8516 0.1084
v -0.2798 7.8500 0.0895
v 0.1833 7.8820 0.2616
v 0.1925 7.8855 0.2668
v 0.1121 7.8452 0.1815
v 0.1232 7.8476 0.1831
v -0.1218 7.8239 0.1709
v -0.1109 7.8233 0.1610
v -0.2437 7.8306 0.3002
v -0.2409 7.8293 0.2860
v -0.2595 7.8407 0.4904
v -0.2684 7.8387 0.4733
v -0.1926 7.8347 0.6058
v -0.2061 7.8347 0.5994
v -0.0251 7.8330 0.7076
v -0.0658 7.8347 0.7093
v 0.1508 7.8043 0.6991
v 0.1204 7.8117 0.7215
v 0.2474 7.7887 0.6655
v 0.2248 7.7984 0.6965
v -0.1229 7.7253 -0.1056
v -0.1443 7.7186 -0.0980
v -0.4547 7.7675 0.0768
v -0.4485 7.7734 0.0660
v -0.1864 7.7058 -0.0802
v -0.2062 7.6998 -0.0705
v -0.4748 7.7512 0.1140
v -0.4681 7.7565 0.1013
v -0.5268 7.9709 0.3614
v -0.5242 7.9643 0.3709
v -0.5131 8.0001 0.5751
v -0.5205 8.0062 0.5628
v -0.5178 7.9518 0.3952
v -0.5138 7.9461 0.4103
v -0.4807 7.9826 0.6223
v -0.4929 7.9884 0.6057
v -0.4494 8.0240 0.7314
v -0.4458 8.0153 0.7315
v -0.1927 8.0385 0.9193
v -0.1946 8.0467 0.9218
v -0.4350 7.9978 0.7344
v -0.4288 7.9891 0.7363
v -0.1796 8.0137 0.9135
v -0.1846 8.0220 0.9153
v 0.3531 8.0019 0.8007
v 0.3470 7.9957 0.7999
v 0.4883 7.9192 0.5228
v 0.4934 7.9262 0.5326
v 0.3347 7.9832 0.7986
v 0.3285 7.9769 0.7979
v 0.4716 7.8981 0.4939
v 0.4774 7.9050 0.5032
v 0.4008 7.8308 0.1676
v 0.3982 7.8259 0.1738
v 0.2868 7.7800 0.0673
v 0.2835 7.7859 0.0595
v 0.3923 7.8159 0.1851
v 0.3894 7.8109 0.1910
v 0.2951 7.7623 0.0899
v 0.2924 7.7682 0.0824
v 0.0817 7.7488 -0.0476
v 0.0914 7.7421 -0.0433
v -0.0266 7.7222 -0.0832
v -0.0324 7.7294 -0.0847
v 0.1104 7.7288 -0.0341
v 0.1195 7.7222 -0.0293
v -0.0108 7.7012 -0.0785
v -0.0155 7.7081 -0.0801
v -0.5669 7.8862 0.5358
v -0.5646 7.8814 0.5475
v -0.3101 7.9655 0.8623
v -0.3056 7.9722 0.8622
v -0.5582 7.8724 0.5737
v -0.5551 7.8678 0.5857
v -0.3239 7.9448 0.8619
v -0.3186 7.9518 0.8623
v 0.2229 7.9896 0.8566
v 0.2172 7.9846 0.8612
v 0.3691 7.9677 0.7311
v 0.3763 7.9702 0.7219
v 0.2056 7.9747 0.8700
v 0.1997 7.9698 0.8746
v 0.3482 7.9597 0.7564
v 0.3552 7.9624 0.7482
v 0.4614 7.9468 0.6028
v 0.4578 7.9447 0.6093
v 0.4965 7.9195 0.4963
v 0.4974 7.9208 0.4939
v 0.4501 7.9404 0.6224
v 0.4464 7.9382 0.6284
v 0.4937 7.9156 0.5036
v 0.4946 7.9169 0.5013
v -0.4637 7.9424 0.2084
v -0.4645 7.9368 0.2165
v -0.4664 7.9259 0.2348
v -0.4672 7.9206 0.2448
v -0.1733 7.8968 0.7895
v -0.1536 7.8874 0.7980
v 0.2052 7.9033 0.7894
v 0.1828 7.9186 0.8008
v -0.1096 7.8677 0.8125
v -0.0864 7.8575 0.8180
v 0.2574 7.8575 0.7559
v 0.2423 7.8727 0.7667
v 0.1787 8.0266 0.5519
v 0.1804 8.0180 0.5477
v 0.2377 7.9948 0.4770
v 0.2385 8.0038 0.4813
v 0.1838 8.0007 0.5387
v 0.1854 7.9920 0.5341
v 0.2346 7.9677 0.4638
v 0.2358 7.9767 0.4681
v 0.2534 7.9521 0.2865
v 0.2508 7.9430 0.2911
v 0.1709 7.8933 0.1605
v 0.1698 7.9016 0.1522
v 0.2455 7.9248 0.3000
v 0.2429 7.9157 0.3046
v 0.1731 7.8686 0.1851
v 0.1726 7.8769 0.1770
v -0.0512 7.8530 0.0840
v -0.0481 7.8468 0.0909
v -0.2245 7.8459 0.1821
v -0.2239 7.8511 0.1713
v -0.0426 7.8344 0.1049
v -0.0400 7.8282 0.1120
v -0.2242 7.8300 0.2134
v -0.2245 7.8353 0.2031
v -0.3018 7.8505 0.3145
v -0.2999 7.8454 0.3257
v -0.2915 7.8618 0.5354
v -0.2947 7.8702 0.5348
v -0.2952 7.8352 0.3480
v -0.2924 7.8301 0.3591
v -0.2817 7.8365 0.5371
v -0.2850 7.8449 0.5365
v -0.2297 7.8829 0.6635
v -0.2286 7.8737 0.6642
v -0.1866 7.8778 0.7382
v -0.1970 7.8873 0.7328
v -0.2262 7.8551 0.6656
v -0.2251 7.8458 0.6663
v -0.1521 7.8487 0.7532
v -0.1641 7.8583 0.7483
v 0.3521 7.9207 0.6696
v 0.3628 7.9058 0.6561
v 0.4059 7.8510 0.2509
v 0.4077 7.8626 0.2533
v 0.3839 7.8750 0.6241
v 0.3940 7.8590 0.6056
v 0.4003 7.8162 0.2435
v 0.4021 7.8278 0.2458
v 0.1453 7.8490 0.0059
v 0.1533 7.8402 0.0099
v -0.2048 7.8816 0.0014
v -0.2188 7.8919 0.0048
v 0.1689 7.8228 0.0181
v 0.1762 7.8140 0.0222
v -0.1579 7.8511 -0.0073
v -0.1741 7.8612 -0.0048
v -0.3510 7.9222 0.0810
v -0.3503 7.9159 0.0871
v -0.3488 7.9032 0.0993
v -0.3480 7.8969 0.1055
v 0.1438 8.0350 0.5646
v 0.1466 8.0275 0.5619
v 0.1519 8.0124 0.5566
v 0.1544 8.0048 0.5539
v -0.5142 7.7570 0.2018
v -0.5288 7.7644 0.2470
v -0.4890 7.8797 0.7003
v -0.5109 7.8751 0.6708
v -0.2296 7.9435 0.9028
v -0.2662 7.9417 0.8899
v -0.4739 7.9271 0.3338
v -0.4717 7.9333 0.3744
v -0.4664 7.9557 0.5371
v -0.4832 7.9514 0.5038
v -0.4019 7.9769 0.6926
v -0.4231 7.9775 0.6780
v 0.2522 7.9547 0.8378
v 0.2348 7.9580 0.8516
v 0.3538 7.9523 0.7420
v 0.3497 7.9539 0.7495
v -0.3699 7.9767 0.7636
v -0.3874 7.9782 0.7561
v -0.0835 7.9961 0.9138
v -0.1143 7.9995 0.9147
v 0.3362 7.9588 0.7598
v 0.3321 7.9627 0.7722
v 0.4537 7.8701 0.4051
v 0.4593 7.8771 0.4315
v 0.4459 7.9332 0.6152
v 0.4448 7.9341 0.6217
v 0.4915 7.9110 0.4897
v 0.4919 7.9122 0.4954
v 0.3425 7.7930 0.1580
v 0.3568 7.7969 0.1691
v 0.2308 7.7447 0.0656
v 0.2552 7.7486 0.0763
v -0.0305 7.7083 -0.0274
v 0.0247 7.7096 -0.0321
v -0.2240 7.7017 -0.0116
v -0.1622 7.6973 -0.0421
v -0.3512 7.7099 0.0365
v -0.3191 7.7045 0.0049
v -0.3753 7.8931 0.1663
v -0.3891 7.8956 0.1991
v 0.2985 7.8304 0.7075
v 0.3120 7.8238 0.6859
v 0.4227 7.8081 0.4555
v 0.4206 7.8201 0.5012
v 0.3362 7.7831 0.1620
v 0.3567 7.7893 0.1836
v 0.1589 7.9915 0.5335
v 0.1598 7.9886 0.5245
v 0.1918 7.9682 0.4903
v 0.1906 7.9733 0.5038
v 0.2260 7.9408 0.4106
v 0.2297 7.9467 0.4267
v 0.0843 7.7952 0.0011
v 0.1202 7.7982 0.0078
v -0.2390 7.8464 0.0495
v -0.2118 7.8444 0.0290
v 0.2115 7.8932 0.2800
v 0.2210 7.8973 0.2883
v 0.1444 7.8526 0.1868
v 0.1544 7.8552 0.1888
v -0.0854 7.8224 0.1422
v -0.0707 7.8221 0.1337
v -0.2345 7.8271 0.2595
v -0.2310 7.8262 0.2471
v -0.2820 7.8337 0.4344
v -0.2862 7.8308 0.4132
v -0.2339 7.8337 0.5824
v -0.2486 7.8324 0.5704
v -0.1405 7.8359 0.6981
v -0.1720 7.8360 0.6884
v 0.0305 7.8267 0.7602
v -0.0269 7.8327 0.7692
v 0.1574 7.8197 0.7598
v 0.1004 7.8311 0.7920
v 0.1448 7.8508 -0.1325
v 0.1555 7.8460 -0.1294
v -0.4481 7.8415 0.0735
v -0.4663 7.8489 0.0986
v -0.5103 7.9237 0.5792
v -0.5032 7.9330 0.5960
v -0.1643 7.7760 -0.0063
v -0.1085 7.7649 -0.0243
v -0.2398 7.7728 0.0055
v -0.2656 7.7831 0.0232
v -0.4641 7.8308 0.2227
v -0.4701 7.8399 0.2453
v -0.3614 7.9678 0.7515
v -0.3391 7.9732 0.7619
v 0.1354 8.0170 0.8429
v 0.1742 8.0188 0.8208
v 0.3160 8.0235 0.7244
v 0.3181 8.0290 0.7163
v 0.4233 8.0168 0.5884
v 0.4206 8.0237 0.5881
v 0.4888 7.9920 0.4170
v 0.4872 7.9931 0.3934
v 0.4978 7.9627 0.2611
v 0.4809 7.9589 0.2180
v 0.4302 7.9187 0.0775
v 0.4128 7.9193 0.0586
v -0.3304 7.9543 0.8037
v -0.3280 7.9597 0.8049
v -0.0116 7.9713 0.9076
v -0.0156 7.9753 0.9067
v 0.2361 7.9680 0.8417
v 0.2466 7.9697 0.8325
v 0.3717 7.9650 0.7362
v 0.3749 7.9664 0.7278
v 0.4709 7.9453 0.5689
v 0.4722 7.9468 0.5604
v 0.4999 7.9173 0.4290
v 0.4988 7.9178 0.4242
v -0.3102 8.0474 0.6837
v -0.3165 8.0382 0.6795
v 0.1347 8.0164 0.7927
v 0.1631 8.0173 0.7805
v 0.3439 7.9502 0.6012
v 0.3489 7.9567 0.5925
v 0.1413 7.8609 0.5707
v 0.1402 7.8559 0.5740
v 0.1876 7.8627 0.5435
v 0.1888 7.8661 0.5352
v 0.2397 7.8564 0.4039
v 0.2357 7.8609 0.4037
v 0.1822 7.8586 0.2531
v 0.1769 7.8656 0.2559
v 0.0692 7.8819 0.1693
v 0.0546 7.8891 0.1659
v -0.0721 7.9102 0.1393
v -0.0741 7.9190 0.1407
v -0.1987 7.9399 0.1731
v -0.1964 7.9478 0.1726
v -0.2699 7.9585 0.1925
v -0.2736 7.9668 0.1980
v -0.3458 7.9809 0.2331
v -0.3603 7.9974 0.2662
v -0.4149 8.0133 0.3946
v -0.4096 8.0323 0.4421
v 0.3540 7.8536 0.2493
v 0.3558 7.8617 0.2494
v 0.2426 7.8047 0.1096
v 0.2439 7.8128 0.1088
v 0.1791 7.7839 0.0522
v 0.1566 7.7905 0.0414
v 0.0862 7.7705 0.0017
v 0.0510 7.7783 -0.0048
v -0.0003 7.7664 -0.0222
v -0.0509 7.7762 -0.0197
v 0.3358 7.9386 0.7849
v 0.3416 7.9366 0.7753
v 0.4652 7.9241 0.5907
v 0.4636 7.9268 0.5991
v 0.3522 7.9326 0.7562
v 0.3574 7.9305 0.7464
v 0.4695 7.9157 0.5647
v 0.4682 7.9185 0.5735
v 0.5027 7.9026 0.4314
v 0.5034 7.9050 0.4384
v 0.4996 7.8955 0.4110
v 0.5007 7.8979 0.4179
v -0.2251 7.6923 0.0313
v -0.2750 7.6951 0.0667
v -0.3938 7.7191 0.1539
v -0.3660 7.7149 0.1128
v -0.3394 7.6997 0.1335
v -0.3646 7.7024 0.1688
v -0.4680 7.7470 0.3507
v -0.4490 7.7346 0.2703
v -0.4997 7.8209 0.5383
v -0.5165 7.8093 0.4615
v -0.4103 7.8411 0.6984
v -0.4422 7.8370 0.6574
v -0.2421 7.9292 0.8622
v -0.2672 7.9301 0.8534
v -0.1561 7.9256 0.8832
v -0.1864 7.9270 0.8775
v 0.0634 7.9643 0.9016
v 0.0398 7.9672 0.9088
v 0.1261 7.9546 0.8747
v 0.1068 7.9579 0.8843
v -0.0880 7.7923 -0.1147
v -0.1192 7.7920 -0.1042
v -0.4320 7.8033 0.1159
v -0.4307 7.8036 0.1077
v -0.1746 7.7922 -0.0792
v -0.1991 7.7926 -0.0652
v -0.4363 7.8028 0.1415
v -0.4350 7.8029 0.1327
v -0.5042 7.8604 0.5382
v -0.5080 7.8610 0.5339
v -0.4928 7.8586 0.5526
v -0.4967 7.8593 0.5481
v 0.3148 7.9661 0.7448
v 0.3021 7.9709 0.7628
v 0.3492 7.9510 0.6858
v 0.3378 7.9564 0.7070
v 0.4464 7.9394 0.5044
v 0.4406 7.9496 0.5435
v 0.4419 7.9075 0.3799
v 0.4475 7.9181 0.4214
v 0.4149 7.8912 0.1993
v 0.4308 7.8995 0.2231
v 0.3871 7.8727 0.1074
v 0.4086 7.8801 0.1273
v 0.3821 7.8765 0.1600
v 0.3658 7.8699 0.1442
v 0.3267 7.8541 0.0651
v 0.3463 7.8598 0.0770
v -0.3827 7.8901 0.7551
v -0.3869 7.8911 0.7542
v -0.3704 7.8874 0.7578
v -0.3744 7.8884 0.7571
v -0.2973 7.9038 0.8357
v -0.3091 7.9047 0.8313
v -0.2594 7.9008 0.8488
v -0.2725 7.9018 0.8446
v 0.2883 7.8409 -0.0116
v 0.3147 7.8471 0.0010
v 0.1894 7.8227 -0.0480
v 0.2262 7.8286 -0.0365
v 0.0402 7.9328 0.9210
v 0.0151 7.9364 0.9271
v 0.1086 7.9205 0.8964
v 0.0872 7.9248 0.9055
v 0.0780 7.7001 0.0272
v 0.0262 7.6944 0.0228
v -0.1418 7.6869 0.0192
v -0.0734 7.6883 0.0002
v -0.0795 7.6873 0.0338
v -0.1274 7.6857 0.0485
v -0.2782 7.6885 0.1032
v -0.2436 7.6878 0.0742
v 0.1583 7.8025 0.5589
v 0.1594 7.7983 0.5489
v 0.2086 7.7821 0.4614
v 0.2104 7.7905 0.4833
v 0.1606 7.7897 0.5283
v 0.1606 7.7853 0.5176
v 0.1888 7.7578 0.4005
v 0.1976 7.7655 0.4190
v 0.1821 7.7642 0.2856
v 0.1925 7.7707 0.2882
v 0.1527 7.7460 0.2825
v 0.1623 7.7519 0.2829
v 0.1141 7.7785 0.1930
v 0.1206 7.7817 0.1893
v 0.0948 7.7689 0.2044
v 0.1011 7.7721 0.2004
v 0.0218 7.7982 0.1474
v 0.0309 7.7992 0.1444
v -0.0046 7.7955 0.1581
v 0.0041 7.7963 0.1543
v -0.2360 7.9720 0.7268
v -0.2178 7.9707 0.7334
v 0.1806 7.9409 0.7361
v 0.1737 7.9457 0.7448
v -0.1778 7.9677 0.7454
v -0.1556 7.9661 0.7504
v 0.1970 7.9267 0.7108
v 0.1922 7.9314 0.7191
v 0.3368 7.8599 0.5421
v 0.3370 7.8645 0.5515
v 0.3346 7.8455 0.5128
v 0.3356 7.8503 0.5227
v -0.1072 7.8407 0.1641
v -0.0898 7.8398 0.1538
v -0.1468 7.8442 0.1975
v -0.1357 7.8430 0.1862
v -0.2222 7.8792 0.2227
v -0.2165 7.8789 0.2104
v -0.2379 7.8806 0.2633
v -0.2329 7.8800 0.2490
v -0.3068 7.9192 0.3256
v -0.3036 7.9185 0.3035
v -0.3067 7.9224 0.3971
v -0.3087 7.9213 0.3730
v -0.3513 7.9264 0.3845
v -0.3511 7.9212 0.3458
v -0.3256 7.9404 0.4907
v -0.3379 7.9364 0.4587
v 0.3116 7.7764 0.2486
v 0.3219 7.7801 0.2551
v 0.2814 7.7663 0.2336
v 0.2913 7.7695 0.2378
v 0.2322 7.7372 0.1461
v 0.2480 7.7414 0.1520
v 0.1786 7.7248 0.1291
v 0.1977 7.7289 0.1347
v -0.3477 7.9516 0.5527
v -0.3661 7.9480 0.5210
v -0.2918 7.9561 0.6163
v -0.3098 7.9555 0.5995
v 0.1516 7.7105 0.0804
v 0.1865 7.7160 0.0929
v 0.0192 7.6974 0.0600
v 0.0672 7.7008 0.0624
v -0.3099 7.8942 0.0014
v -0.3062 7.8877 -0.0019
v -0.4232 7.9205 0.0823
v -0.4216 7.9257 0.0806
v -0.2977 7.8746 -0.0088
v -0.2934 7.8681 -0.0122
v -0.4276 7.9049 0.0869
v -0.4262 7.9102 0.0854
v -0.2840 7.8552 -0.0192
v -0.2790 7.8486 -0.0227
v -0.4319 7.8890 0.0914
v -0.4304 7.8943 0.0899
v -0.5505 7.9930 0.4150
v -0.5504 7.9962 0.4071
v -0.5507 7.9828 0.4371
v -0.5507 7.9862 0.4298
v -0.5502 7.9721 0.4586
v -0.5504 7.9757 0.4517
v -0.4923 7.9354 0.3617
v -0.4918 7.9275 0.3468
v -0.4662 7.9613 0.5521
v -0.4649 7.9667 0.5554
v -0.4891 7.9119 0.3183
v -0.4871 7.9042 0.3047
v -0.4698 7.9449 0.5417
v -0.4686 7.9504 0.5454
v -0.4820 7.8892 0.2790
v -0.4789 7.8818 0.2664
v -0.4736 7.9283 0.5297
v -0.4722 7.9339 0.5342
v -0.3612 7.9789 0.7154
v -0.3657 7.9838 0.7123
v -0.3495 7.9645 0.7238
v -0.3530 7.9693 0.7213
v -0.3407 7.9500 0.7302
v -0.3435 7.9549 0.7282
v -0.0292 7.9814 0.8499
v -0.0202 7.9860 0.8486
v -0.0556 7.9676 0.8528
v -0.0470 7.9722 0.8520
v -0.0816 7.9534 0.8542
v -0.0731 7.9581 0.8539
v 0.2324 7.9543 0.7795
v 0.2447 7.9578 0.7671
v 0.1872 7.9439 0.8170
v 0.2038 7.9474 0.8045
v 0.1273 7.9327 0.8526
v 0.1491 7.9366 0.8412
v 0.2964 7.9469 0.7723
v 0.3077 7.9493 0.7588
v 0.2548 7.9399 0.8140
v 0.2703 7.9422 0.7997
v 0.1961 7.9332 0.8575
v 0.2180 7.9354 0.8430
v 0.3844 7.9416 0.7351
v 0.3902 7.9435 0.7233
v 0.3672 7.9354 0.7683
v 0.3729 7.9376 0.7577
v 0.3490 7.9288 0.7994
v 0.3553 7.9310 0.7891
v 0.4913 7.8701 0.2749
v 0.4828 7.8715 0.2596
v 0.5144 7.8662 0.3233
v 0.5071 7.8673 0.3059
v 0.5331 7.8632 0.3763
v 0.5274 7.8640 0.3576
v 0.3153 7.8331 0.0258
v 0.3093 7.8378 0.0254
v 0.3330 7.8191 0.0270
v 0.3271 7.8237 0.0264
v 0.3509 7.8052 0.0286
v 0.3447 7.8098 0.0278
v 0.0267 7.8367 -0.0902
v 0.0224 7.8424 -0.0896
v 0.0414 7.8195 -0.0914
v 0.0366 7.8252 -0.0910
v 0.0554 7.8024 -0.0924
v 0.0506 7.8081 -0.0921
v -0.4296 8.0564 0.7287
v -0.4280 8.0610 0.7280
v -0.4348 8.0421 0.7302
v -0.4330 8.0469 0.7298
v -0.4401 8.0276 0.7316
v -0.4384 8.0325 0.7312
v -0.2163 8.0786 0.8864
v -0.2087 8.0833 0.8869
v -0.2388 8.0645 0.8845
v -0.2315 8.0692 0.8852
v -0.2603 8.0503 0.8821
v -0.2533 8.0550 0.8830
v 0.2241 8.0506 0.8681
v 0.2254 8.0536 0.8654
v 0.2196 8.0414 0.8767
v 0.2210 8.0445 0.8740
v 0.2148 8.0323 0.8853
v 0.2164 8.0354 0.8826
v 0.4109 7.9977 0.7091
v 0.4115 8.0006 0.7064
v 0.4093 7.9890 0.7170
v 0.4098 7.9919 0.7144
v 0.4076 7.9803 0.7248
v 0.4081 7.9832 0.7222
v 0.4962 7.9425 0.5207
v 0.4969 7.9439 0.5179
v 0.4943 7.9382 0.5281
v 0.4950 7.9396 0.5254
v 0.4923 7.9338 0.5354
v 0.4930 7.9353 0.5331
v 0.5032 7.9026 0.3756
v 0.5029 7.9034 0.3740
v 0.5039 7.9003 0.3807
v 0.5036 7.9011 0.3791
v 0.5045 7.8979 0.3858
v 0.5043 7.8987 0.3842
v 0.0198 8.0803 0.7365
v 0.0059 8.0751 0.7413
v 0.1698 8.0979 0.7135
v 0.1708 8.2096 0.7157
v -0.0215 8.0641 0.7491
v -0.0352 8.0584 0.7522
v 0.1665 8.0804 0.7239
v 0.1675 8.0863 0.7205
v -0.0614 8.0465 0.7567
v -0.0743 8.0403 0.7583
v 0.1636 8.0627 0.7338
v 0.1645 8.0687 0.7306
v 0.3070 8.0938 0.6420
v 0.3085 8.0998 0.6372
v 0.3020 8.0753 0.6554
v 0.3036 8.0814 0.6510
v 0.2972 8.0570 0.6690
v 0.2989 8.0631 0.6644
v 0.1607 7.9773 0.5229
v 0.1590 7.9735 0.5254
v 0.1959 7.9581 0.4840
v 0.1972 7.9625 0.4799
v 0.1556 7.9659 0.5303
v 0.1540 7.9621 0.5327
v 0.1918 7.9446 0.4958
v 0.1932 7.9490 0.4919
v 0.1507 7.9544 0.5373
v 0.1490 7.9506 0.5396
v 0.1876 7.9310 0.5070
v 0.1890 7.9355 0.5034
v 0.2104 7.9139 0.3528
v 0.2119 7.9195 0.3518
v 0.2061 7.8971 0.3556
v 0.2076 7.9028 0.3548
v 0.2018 7.8804 0.3587
v 0.2032 7.8860 0.3576
v 0.1413 7.8659 0.2441
v 0.1460 7.8726 0.2436
v 0.1270 7.8458 0.2455
v 0.1318 7.8525 0.2450
v 0.1122 7.8257 0.2474
v 0.1172 7.8324 0.2468
v 0.0554 7.8315 0.1897
v 0.0588 7.8397 0.1883
v 0.0444 7.8070 0.1938
v 0.0481 7.8152 0.1924
v 0.0331 7.7826 0.1985
v 0.0369 7.7907 0.1968
v -0.0156 7.8097 0.1493
v -0.0170 7.8164 0.1476
v -0.0111 7.7897 0.1544
v -0.0126 7.7964 0.1527
v -0.0070 7.7697 0.1596
v -0.0085 7.7764 0.1579
v -0.1519 7.8132 0.1371
v -0.1619 7.8191 0.1427
v -0.1168 7.7957 0.1212
v -0.1296 7.8015 0.1263
v -0.0735 7.7786 0.1089
v -0.0887 7.7842 0.1125
v -0.3128 7.8633 0.2307
v -0.3177 7.8701 0.2446
v -0.2971 7.8440 0.1942
v -0.3024 7.8503 0.2056
v -0.2803 7.8253 0.1626
v -0.2861 7.8315 0.1727
v -0.3591 7.9500 0.5171
v -0.3493 7.9568 0.5293
v -0.3855 7.9281 0.4735
v -0.3773 7.9356 0.4893
v -0.4053 7.9039 0.4184
v -0.3997 7.9121 0.4381
v -0.2463 8.0176 0.6660
v -0.2381 8.0229 0.6667
v -0.2684 8.0014 0.6643
v -0.2613 8.0068 0.6647
v -0.2892 7.9848 0.6621
v -0.2823 7.9903 0.6629
v 0.4325 8.0474 0.4363
v 0.4341 8.0506 0.4165
v 0.4195 8.0351 0.4904
v 0.4246 8.0394 0.4728
v 0.4051 8.0238 0.5418
v 0.4097 8.0272 0.5245
v 0.3618 7.9635 0.1320
v 0.3518 7.9675 0.1190
v 0.3927 7.9532 0.1779
v 0.3824 7.9564 0.1614
v 0.4225 7.9455 0.2361
v 0.4130 7.9478 0.2153
v 0.2124 7.9039 -0.0126
v 0.2041 7.9333 -0.0169
v 0.2350 7.8915 -0.0001
v 0.2276 7.8956 -0.0043
v 0.2559 7.8792 0.0128
v 0.2492 7.8833 0.0086
v -0.1929 7.8765 -0.0353
v -0.1938 7.9070 -0.0393
v -0.1899 7.8611 -0.0439
v -0.1908 7.8662 -0.0428
v -0.1866 7.8458 -0.0474
v -0.1876 7.8509 -0.0463
v -0.3683 7.8832 0.0819
v -0.3666 7.8880 0.0813
v -0.3733 7.8690 0.0839
v -0.3715 7.8737 0.0831
v -0.3783 7.8547 0.0858
v -0.3766 7.8595 0.0852
v -0.1448 7.7753 -0.0775
v -0.1328 7.7703 -0.0796
v -0.2795 7.7755 -0.0516
v -0.2985 7.7822 -0.0405
v -0.1073 7.7604 -0.0831
v -0.0941 7.7555 -0.0844
v -0.2131 7.7558 -0.0826
v -0.2380 7.7623 -0.0723
v -0.0678 7.7459 -0.0858
v -0.0536 7.7412 -0.0861
v -0.1361 7.7379 -0.1057
v -0.1653 7.7437 -0.0984
v -0.4888 7.8280 0.1295
v -0.4955 7.8355 0.1428
v -0.4690 7.8066 0.0948
v -0.4759 7.8138 0.1064
v -0.4511 7.7867 0.0678
v -0.4579 7.7936 0.0778
v -0.4906 8.0415 0.3490
v -0.4899 8.0094 0.3291
v -0.4908 8.0485 0.5265
v -0.4807 8.0576 0.5465
v -0.4860 7.9913 0.2899
v -0.4827 7.9824 0.2709
v -0.5158 8.0192 0.4567
v -0.5085 8.0293 0.4815
v -0.4797 7.9837 0.2342
v -0.4687 7.9584 0.2172
v -0.5282 7.9883 0.3802
v -0.5257 7.9985 0.4054
v -0.4161 8.0792 0.6965
v -0.4001 8.0868 0.7086
v -0.4663 8.0537 0.6476
v -0.4494 8.0627 0.6661
v -0.5134 8.0236 0.5788
v -0.4986 8.0342 0.6039
v -0.3220 8.0942 0.8161
v -0.2937 8.1029 0.8289
v -0.3890 8.0685 0.7794
v -0.3695 8.0770 0.7910
v -0.4379 8.0421 0.7445
v -0.4229 8.0511 0.7564
v -0.0078 8.0989 0.9230
v 0.0265 8.1034 0.9167
v -0.0982 8.0823 0.9352
v -0.0675 8.0883 0.9352
v -0.1745 8.0621 0.9280
v -0.1516 8.0691 0.9313
v 0.3884 8.0303 0.7428
v 0.3936 8.0332 0.7344
v 0.3798 8.0212 0.7728
v 0.3848 8.0243 0.7653
v 0.3645 8.0114 0.7942
v 0.3696 8.0147 0.7873
v 0.5188 7.9342 0.3983
v 0.5185 7.9341 0.3765
v 0.5146 7.9342 0.4621
v 0.5168 7.9343 0.4412
v 0.5034 7.9337 0.5234
v 0.5079 7.9339 0.5034
v 0.3747 7.8536 0.0988
v 0.3705 7.8563 0.0907
v 0.3872 7.8457 0.1242
v 0.3830 7.8483 0.1156
v 0.4001 7.8383 0.1524
v 0.3958 7.8406 0.1426
v 0.2188 7.8120 -0.0064
v 0.2072 7.8149 -0.0150
v 0.2490 7.8035 0.0192
v 0.2394 7.8063 0.0106
v 0.2746 7.7949 0.0446
v 0.2667 7.7978 0.0363
v 0.0469 7.7633 -0.0591
v 0.0613 7.7594 -0.0553
v -0.5179 7.9379 0.6209
v -0.5096 7.9437 0.6318
v -0.5412 7.9190 0.5841
v -0.5331 7.9256 0.5978
v -0.5607 7.8992 0.5447
v -0.5534 7.9064 0.5604
v -0.2465 8.0017 0.8632
v -0.2381 8.0048 0.8629
v -0.2709 7.9919 0.8628
v -0.2626 7.9951 0.8629
v -0.2926 7.9820 0.8619
v -0.2849 7.9852 0.8620
v 0.2658 8.0168 0.8010
v 0.2702 8.0200 0.7938
v 0.2516 8.0071 0.8224
v 0.2564 8.0103 0.8153
v 0.2342 7.9975 0.8440
v 0.2399 8.0007 0.8367
v 0.3544 8.0044 0.7328
v 0.3505 8.0088 0.7352
v 0.3667 7.9909 0.7247
v 0.3625 7.9954 0.7275
v 0.3789 7.9772 0.7156
v 0.3747 7.9818 0.7187
v 0.4568 7.9600 0.6018
v 0.4556 7.9616 0.6026
v 0.4604 7.9552 0.5993
v 0.4592 7.9568 0.6002
v 0.4640 7.9505 0.5967
v 0.4628 7.9521 0.5976
v 0.4977 7.9251 0.4760
v 0.4976 7.9255 0.4739
v 0.4980 7.9238 0.4828
v 0.4979 7.9243 0.4807
v 0.4982 7.9226 0.4895
v 0.4981 7.9230 0.4874
v -0.1768 7.9475 0.7395
v -0.1812 7.9412 0.7380
v -0.0946 7.9600 0.8041
v -0.0787 7.9673 0.8057
v -0.1892 7.9287 0.7351
v -0.1931 7.9224 0.7335
v -0.1401 7.9372 0.7961
v -0.1255 7.9449 0.7992
v -0.2005 7.9098 0.7305
v -0.2039 7.9032 0.7288
v -0.1799 7.9136 0.7845
v -0.1673 7.9215 0.7886
v 0.1960 7.9799 0.7754
v 0.2007 7.9865 0.7702
v 0.1806 7.9602 0.7911
v 0.1858 7.9668 0.7859
v 0.1632 7.9405 0.8068
v 0.1693 7.9470 0.8015
v 0.2101 8.1371 0.5454
v 0.1470 8.0716 0.5482
v 0.1853 8.0652 0.5195
v 0.2826 8.1671 0.5138
v 0.1510 8.0633 0.5536
v 0.1490 8.0592 0.5564
v 0.1862 8.0525 0.5360
v 0.1885 8.0568 0.5306
v 0.1450 8.0509 0.5618
v 0.1430 8.0467 0.5645
v 0.1793 8.0395 0.5512
v 0.1815 8.0439 0.5463
v 0.2494 8.0374 0.4082
v 0.2831 8.0771 0.3966
v 0.2471 8.0272 0.4428
v 0.2483 8.0307 0.4316
v 0.2416 8.0165 0.4754
v 0.2437 8.0201 0.4649
v 0.2245 7.9931 0.2281
v 0.2537 8.0343 0.2218
v 0.2381 7.9789 0.2489
v 0.2336 7.9836 0.2416
v 0.2517 7.9655 0.2732
v 0.2472 7.9699 0.2647
v 0.1155 7.9536 0.1033
v 0.1061 7.9600 0.0977
v 0.1405 7.9348 0.1204
v 0.1326 7.9411 0.1147
v 0.1620 7.9160 0.1379
v 0.1551 7.9223 0.1321
v -0.1466 7.9143 0.0871
v -0.1570 7.9225 0.0895
v -0.1111 7.8901 0.0808
v -0.1239 7.8981 0.0829
v -0.0689 7.8668 0.0771
v -0.0833 7.8744 0.0777
v -0.2601 7.8950 0.1806
v -0.2648 7.9006 0.1832
v -0.2450 7.8783 0.1718
v -0.2502 7.8838 0.1748
v -0.2286 7.8618 0.1631
v -0.2343 7.8673 0.1661
v -0.3237 7.8975 0.3084
v -0.3265 7.9036 0.3093
v -0.3150 7.8795 0.3058
v -0.3179 7.8855 0.3065
v -0.3063 7.8616 0.3038
v -0.3092 7.8675 0.3043
v -0.2967 7.9268 0.5565
v -0.2964 7.9336 0.5595
v -0.2976 7.9062 0.5471
v -0.2973 7.9131 0.5503
v -0.2979 7.8856 0.5375
v -0.2978 7.8925 0.5408
v -0.2221 7.9372 0.6715
v -0.2207 7.9436 0.6728
v -0.2261 7.9179 0.6677
v -0.2249 7.9243 0.6689
v -0.2298 7.8985 0.6639
v -0.2286 7.9050 0.6651
v 0.3606 7.9624 0.6264
v 0.3631 7.9661 0.6179
v 0.3524 7.9511 0.6513
v 0.3552 7.9549 0.6431
v 0.3442 7.9393 0.6744
v 0.3471 7.9432 0.6667
v 0.3420 7.9724 0.1716
v 0.3325 7.9467 0.1631
v 0.3711 7.8816 0.2023
v 0.3612 7.8839 0.1910
v 0.4000 7.8757 0.2410
v 0.3905 7.8775 0.2271
v -0.0833 8.0078 0.0195
v -0.1127 7.9617 0.0155
v 0.0183 7.8756 -0.0187
v -0.0138 7.8812 -0.0186
v 0.1096 7.8617 -0.0057
v 0.0805 7.8659 -0.0119
v -0.2753 8.0102 0.0422
v -0.2899 8.0465 0.1294
v -0.2546 7.9227 0.0281
v -0.2593 7.9278 0.0328
v -0.2384 7.9073 0.0134
v -0.2442 7.9125 0.0183
v -0.3738 7.9688 0.1123
v -0.3768 8.0512 0.1182
v -0.3644 7.9514 0.0955
v -0.3675 7.9571 0.1009
v -0.3693 7.9342 0.0799
v -0.3581 7.9399 0.0850
v -0.3237 7.8143 0.0105
v -0.3310 7.8152 0.0177
v -0.4829 7.8721 0.2005
v -0.4796 7.8707 0.1896
v -0.3443 7.8170 0.0317
v -0.3503 7.8179 0.0385
v -0.4921 7.8770 0.2365
v -0.4892 7.8753 0.2243
v -0.3561 7.8187 0.0453
v -0.3615 7.8195 0.0519
v -0.4970 7.8806 0.2618
v -0.4946 7.8788 0.2489
v -0.4660 7.9620 0.6510
v -0.4720 7.9617 0.6446
v -0.4480 7.9626 0.6685
v -0.4539 7.9625 0.6629
v -0.4362 7.9627 0.6787
v -0.4421 7.9627 0.6737
v -0.4375 7.8346 0.2737
v -0.4325 7.8329 0.2731
v -0.4259 7.8825 0.5568
v -0.4294 7.8849 0.5582
v -0.4224 7.8295 0.2720
v -0.4174 7.8279 0.2716
v -0.4154 7.8751 0.5528
v -0.4190 7.8775 0.5539
v -0.4123 7.8262 0.2709
v -0.4073 7.8245 0.2707
v -0.4085 7.8702 0.5500
v -0.4120 7.8727 0.5514
v -0.3130 7.8893 0.7220
v -0.3161 7.8912 0.7238
v -0.3041 7.8836 0.7164
v -0.3071 7.8856 0.7183
v -0.2981 7.8798 0.7127
v -0.3011 7.8818 0.7146
v -0.1461 7.8853 0.8331
v -0.1666 7.8856 0.8298
v -0.0795 7.8831 0.8377
v -0.1023 7.8840 0.8372
v -0.0335 7.8805 0.8349
v -0.0565 7.8819 0.8369
v 0.0638 7.8751 0.8647
v 0.0316 7.8780 0.8730
v 0.1459 7.8642 0.8298
v 0.1212 7.8682 0.8426
v 0.1872 7.8562 0.8025
v 0.1678 7.8602 0.8163
v -0.3639 7.9893 0.7928
v -0.3703 7.9900 0.7900
v -0.3443 7.9869 0.8005
v -0.3509 7.9877 0.7980
v -0.3307 7.9853 0.8057
v -0.3375 7.9861 0.8031
v -0.2056 8.0109 0.9039
v -0.2174 8.0118 0.9019
v -0.1695 8.0081 0.9085
v -0.1821 8.0091 0.9072
v -0.1448 8.0060 0.9105
v -0.1572 8.0071 0.9097
v 0.2695 7.8673 0.8049
v 0.2409 7.8747 0.8301
v 0.3284 7.8462 0.7334
v 0.3111 7.8533 0.7577
v 0.3633 7.8298 0.6744
v 0.3457 7.8385 0.7061
v 0.4276 7.8542 0.6950
v 0.4020 7.8663 0.7412
v 0.4824 7.8058 0.4960
v 0.4717 7.8238 0.5719
v 0.4650 7.7687 0.3395
v 0.4805 7.7868 0.4154
v 0.5012 7.7885 0.2579
v 0.5185 7.7991 0.2981
v 0.4411 7.7630 0.1649
v 0.4616 7.7705 0.1911
v 0.4009 7.7506 0.1237
v 0.4207 7.7564 0.1425
v 0.3377 7.7577 0.0055
v 0.3488 7.7604 0.0112
v 0.3017 7.7495 -0.0119
v 0.3141 7.7522 -0.0062
v 0.2751 7.7441 -0.0233
v 0.2887 7.7468 -0.0176
v 0.2289 7.9912 0.8701
v 0.2258 7.9937 0.8746
v 0.2376 7.9836 0.8567
v 0.2348 7.9861 0.8612
v 0.2427 7.9786 0.8479
v 0.2401 7.9812 0.8524
v 0.3968 7.9488 0.7108
v 0.3973 7.9501 0.7136
v 0.3954 7.9447 0.7022
v 0.3959 7.9461 0.7051
v 0.3944 7.9420 0.6964
v 0.3949 7.9434 0.6993
v -0.0704 7.7582 -0.1064
v -0.0529 7.7584 -0.1096
v -0.1199 7.7583 -0.0936
v -0.1040 7.7582 -0.0983
v -0.1503 7.7588 -0.0830
v -0.1353 7.7585 -0.0885
v 0.4863 7.9110 0.5104
v 0.4867 7.9126 0.5146
v 0.4851 7.9064 0.4979
v 0.4855 7.9080 0.5020
v 0.4841 7.9033 0.4890
v 0.4847 7.9048 0.4932
v -0.0337 7.9964 0.7795
v -0.0157 7.9949 0.7784
v 0.2249 8.0015 0.6953
v 0.2193 8.0038 0.7021
v 0.0201 7.9911 0.7735
v 0.0373 7.9890 0.7699
v 0.2395 7.9947 0.6754
v 0.2350 7.9969 0.6819
v 0.0537 7.9867 0.7655
v 0.0693 7.9843 0.7605
v 0.2480 7.9901 0.6622
v 0.2438 7.9924 0.6688
v 0.3467 7.9687 0.5770
v 0.3417 7.9723 0.5916
v 0.3592 7.9571 0.5290
v 0.3555 7.9611 0.5456
v 0.3647 7.9486 0.4934
v 0.3623 7.9529 0.5113
v 0.1562 7.8971 0.5043
v 0.1557 7.8957 0.4988
v 0.1746 7.8559 0.4164
v 0.1783 7.8589 0.4251
v 0.1557 7.8449 0.3864
v 0.1503 7.8424 0.3803
v 0.0967 7.7955 0.2991
v 0.1016 7.7970 0.2996
v 0.1265 7.8049 0.3046
v 0.1215 7.8033 0.3033
v 0.0318 7.7546 0.2349
v 0.0394 7.7556 0.2356
v 0.1115 7.8001 0.3012
v 0.1066 7.7985 0.3004
v 0.0077 7.7523 0.2343
v 0.0158 7.7530 0.2342
v -0.0087 7.7511 0.2355
v -0.0005 7.7516 0.2347
v -0.0325 7.7279 0.2145
v -0.0199 7.7282 0.2129
v -0.0677 7.7278 0.2231
v -0.0564 7.7277 0.2197
v -0.0885 7.7283 0.2316
v -0.0784 7.7280 0.2271
v 0.4116 7.9336 0.4530
v 0.4112 7.9390 0.4746
v 0.4057 7.9174 0.3884
v 0.4089 7.9227 0.4100
v 0.3960 7.9069 0.3475
v 0.4014 7.9121 0.3678
v 0.4114 7.8881 0.2494
v 0.4190 7.8920 0.2618
v 0.3874 7.8772 0.2165
v 0.3956 7.8807 0.2269
v 0.3711 7.8707 0.1982
v 0.3793 7.8738 0.2070
v -0.0769 7.7098 0.1929
v -0.0642 7.7095 0.1885
v -0.1110 7.7114 0.2090
v -0.1004 7.7108 0.2032
v -0.1296 7.7127 0.2210
v -0.1206 7.7120 0.2149
v -0.1679 7.7128 0.1717
v -0.1575 7.7135 0.1628
v -0.3182 7.7552 0.2309
v -0.3130 7.7568 0.2186
v -0.1857 7.7115 0.1896
v -0.1931 7.7107 0.1983
v -0.3350 7.7483 0.2749
v -0.3293 7.7520 0.2589
v -0.1996 7.7098 0.2069
v -0.2055 7.7089 0.2152
v -0.3460 7.7406 0.3111
v -0.3407 7.7442 0.2924
v -0.3866 7.8665 0.5540
v -0.3961 7.8657 0.5332
v -0.3545 7.8671 0.6069
v -0.3656 7.8671 0.5907
v -0.3321 7.8662 0.6345
v -0.3433 7.8668 0.6214
v 0.2244 7.8257 0.0211
v 0.2319 7.8278 0.0214
v 0.2010 7.8196 0.0206
v 0.2088 7.8216 0.0207
v 0.1847 7.8155 0.0205
v 0.1931 7.8176 0.0206
v -0.1707 7.7916 -0.0114
v -0.1696 7.7921 -0.0165
v -0.1735 7.7900 0.0041
v -0.1725 7.7905 -0.0010
v -0.1752 7.7890 0.0145
v -0.1744 7.7895 0.0093
v -0.2474 7.9400 0.7260
v -0.2578 7.9409 0.7206
v -0.2129 7.9372 0.7420
v -0.2249 7.9381 0.7368
v -0.1865 7.9352 0.7522
v -0.2001 7.9362 0.7471
v -0.3414 7.8033 0.1145
v -0.3415 7.8030 0.1076
v -0.3406 7.8041 0.1349
v -0.3410 7.8039 0.1282
v -0.3398 7.8047 0.1486
v -0.3402 7.8044 0.1417
v 0.0066 7.9967 0.8316
v 0.0034 7.9941 0.8266
v -0.2833 7.9937 0.7338
v -0.2872 7.9973 0.7379
v -0.0002 7.9916 0.8215
v -0.0036 7.9890 0.8163
v -0.2754 7.9866 0.7255
v -0.2793 7.9901 0.7296
v -0.0099 7.9839 0.8060
v -0.0131 7.9813 0.8008
v -0.2637 7.9758 0.7131
v -0.2675 7.9794 0.7172
v -0.3803 8.0739 0.7401
v -0.3477 8.0763 0.7639
v -0.3792 8.0686 0.7117
v -0.4074 8.0656 0.6852
v -0.3098 8.0784 0.7879
v -0.2641 8.0804 0.8121
v -0.3218 8.0716 0.7540
v -0.3516 8.0702 0.7331
v -0.1439 8.0823 0.8528
v -0.0698 8.0809 0.8626
v -0.1968 8.0746 0.8156
v -0.2460 8.0738 0.7958
v 0.3020 8.0406 0.7910
v 0.3053 8.0374 0.7859
v -0.0921 8.0899 0.8910
v -0.1250 8.0919 0.8885
v 0.3085 8.0342 0.7810
v 0.3113 8.0311 0.7761
v -0.0256 8.0843 0.8900
v -0.0587 8.0874 0.8917
v 0.3168 8.0247 0.7664
v 0.3192 8.0216 0.7617
v 0.0692 8.0725 0.8726
v 0.0390 8.0769 0.8804
v -0.4755 8.0253 0.5140
v -0.4641 8.0276 0.5377
v -0.3816 7.9246 0.1156
v -0.3739 7.9242 0.1011
v -0.4522 8.0290 0.5576
v -0.4396 8.0304 0.5774
v -0.3966 7.9260 0.1474
v -0.3889 7.9252 0.1308
v -0.4144 8.0313 0.6094
v -0.4016 8.0313 0.6235
v -0.4184 7.9297 0.2035
v -0.4113 7.9282 0.1834
v -0.1610 7.8647 -0.0435
v -0.1908 7.8657 -0.0286
v 0.2050 7.8425 -0.0086
v 0.2237 7.8456 -0.0019
v -0.2162 7.8669 -0.0130
v -0.2392 7.8682 0.0032
v 0.1642 7.8363 -0.0208
v 0.1854 7.8394 -0.0149
v -0.2759 7.8707 0.0354
v -0.2909 7.8719 0.0512
v 0.0940 7.8282 -0.0341
v 0.1184 7.8307 -0.0306
v 0.4924 7.9292 0.4578
v 0.4916 7.9267 0.4505
v 0.4391 7.9771 0.6252
v 0.4396 7.9793 0.6271
v 0.4907 7.9242 0.4432
v 0.4896 7.9218 0.4365
v 0.4381 7.9729 0.6216
v 0.4385 7.9750 0.6236
v 0.4873 7.9168 0.4225
v 0.4859 7.9143 0.4153
v 0.4365 7.9664 0.6160
v 0.4369 7.9686 0.6180
v 0.3859 7.8506 0.1476
v 0.3724 7.8456 0.1347
v 0.4567 7.8809 0.4119
v 0.4582 7.8948 0.4691
v 0.3591 7.8411 0.1234
v 0.3461 7.8367 0.1131
v 0.4324 7.8547 0.3047
v 0.4478 7.8673 0.3561
v 0.3211 7.8288 0.0962
v 0.3087 7.8251 0.0888
v 0.3665 7.8252 0.1906
v 0.3901 7.8336 0.2220
v 0.3990 7.9235 0.5777
v 0.4049 7.9172 0.5515
v 0.2989 7.9542 0.6842
v 0.3010 7.9561 0.6883
v 0.4096 7.9105 0.5238
v 0.4124 7.9036 0.4951
v 0.2944 7.9505 0.6762
v 0.2966 7.9523 0.6803
v 0.4121 7.8892 0.4348
v 0.4085 7.8819 0.4046
v 0.2874 7.9449 0.6644
v 0.2898 7.9467 0.6683
v -0.3672 7.9907 0.6370
v -0.3642 7.9871 0.6333
v -0.4384 7.9612 0.4548
v -0.4431 7.9628 0.4524
v -0.3612 7.9835 0.6296
v -0.3583 7.9799 0.6258
v -0.4290 7.9581 0.4594
v -0.4337 7.9597 0.4571
v -0.3522 7.9728 0.6185
v -0.3491 7.9692 0.6149
v -0.4148 7.9533 0.4660
v -0.4195 7.9550 0.4640
v 0.0794 7.8807 0.2147
v 0.0645 7.8789 0.2136
v 0.1403 7.9161 0.2762
v 0.1505 7.9185 0.2801
v 0.0490 7.8772 0.2132
v 0.0331 7.8758 0.2138
v 0.1210 7.9119 0.2711
v 0.1305 7.9139 0.2733
v 0.0005 7.8738 0.2186
v -0.0154 7.8732 0.2231
v 0.0925 7.9063 0.2673
v 0.1021 7.9081 0.2683
v 0.3130 8.0538 0.1455
v 0.2919 7.9965 0.1282
v 0.3606 8.0515 0.3691
v 0.3373 8.1195 0.4169
v 0.2715 7.9914 0.1142
v 0.2514 7.9867 0.1024
v 0.3332 8.0272 0.2835
v 0.3495 8.0389 0.3240
v 0.2070 7.9776 0.0803
v 0.1807 7.9731 0.0693
v 0.2709 8.0003 0.2002
v 0.2923 8.0080 0.2220
v 0.0052 7.9370 -0.0550
v -0.0131 7.9104 -0.0523
v 0.2035 7.9563 0.0238
v 0.2246 8.0110 0.0323
v -0.0309 7.9094 -0.0488
v -0.0487 7.9085 -0.0447
v 0.1552 7.9499 0.0077
v 0.1803 7.9531 0.0154
v -0.0830 7.9073 -0.0342
v -0.0992 7.9068 -0.0281
v 0.0674 7.9421 -0.0084
v 0.0988 7.9444 -0.0046
v 0.2247 8.2017 0.6323
v 0.2357 8.0865 0.6139
v 0.1669 8.0640 0.6383
v 0.1061 8.2088 0.6442
v 0.2460 8.0790 0.5944
v 0.2562 8.0710 0.5728
v 0.1834 8.0534 0.6171
v 0.1758 8.0587 0.6275
v 0.2754 8.0531 0.5206
v 0.2829 8.0431 0.4897
v 0.2014 8.0376 0.5866
v 0.1959 8.0429 0.5969
v 0.0180 8.0232 0.6878
v 0.0425 8.0190 0.6800
v -0.2137 7.9677 0.6213
v -0.2224 7.9690 0.6170
v -0.4147 7.9238 0.2077
v -0.4136 7.9237 0.2157
v -0.3034 7.9059 0.0565
v -0.2994 7.9242 0.0746
v -0.4125 7.9236 0.2238
v -0.4113 7.9236 0.2318
v -0.3105 7.9059 0.0726
v -0.3071 7.9059 0.0646
v -0.4085 7.9235 0.2481
v -0.4070 7.9235 0.2565
v -0.3190 7.9058 0.0962
v -0.3165 7.9059 0.0884
v -0.3251 7.8972 0.3983
v -0.3225 7.8981 0.4137
v -0.2506 7.8369 0.2619
v -0.2416 7.8353 0.2446
v -0.3191 7.8989 0.4286
v -0.3149 7.8996 0.4429
v -0.2676 7.8414 0.3031
v -0.2593 7.8389 0.2812
v -0.3046 7.9006 0.4701
v -0.2986 7.9009 0.4828
v -0.2829 7.8521 0.3833
v -0.2802 7.8481 0.3544
v -0.1510 7.8362 0.2002
v -0.1679 7.8379 0.2157
v -0.0818 7.8532 0.1972
v -0.0610 7.8527 0.1873
v -0.1814 7.8395 0.2308
v -0.1924 7.8410 0.2455
v -0.1147 7.8549 0.2204
v -0.0998 7.8540 0.2085
v -0.2117 7.8445 0.2771
v -0.2210 7.8469 0.2959
v -0.1449 7.8577 0.2564
v -0.1369 7.8568 0.2447
v 0.1810 7.9535 0.3719
v 0.1739 7.9493 0.3596
v 0.1626 7.9675 0.4437
v 0.1623 7.9711 0.4565
v 0.1662 7.9454 0.3487
v 0.1579 7.9418 0.3392
v 0.1603 7.9603 0.4175
v 0.1619 7.9640 0.4307
v 0.1408 7.9354 0.3242
v 0.1322 7.9326 0.3185
v 0.1490 7.9500 0.3806
v 0.1538 7.9533 0.3922
v -0.0900 8.0352 0.6953
v -0.1161 8.0371 0.6914
v -0.0355 8.0303 0.6965
v -0.0630 8.0330 0.6971
v -0.2657 7.9745 0.5902
v -0.2568 7.9736 0.5967
v -0.3942 7.9822 0.7395
v -0.3780 7.9856 0.7521
v -0.5405 7.9009 0.4459
v -0.5441 7.8957 0.4142
v -0.3440 7.9918 0.7753
v -0.3255 7.9949 0.7865
v -0.5186 7.9151 0.5347
v -0.5275 7.9107 0.5065
v -0.3051 7.9980 0.7981
v -0.2824 8.0011 0.8098
v -0.4970 7.9230 0.5859
v -0.5083 7.9193 0.5614
v 0.0798 8.1145 0.8477
v 0.1212 8.1085 0.8311
v -0.1496 8.1082 0.8072
v -0.1910 8.1093 0.7976
v 0.1861 8.0957 0.7934
v 0.2108 8.0893 0.7741
v -0.0092 8.0999 0.8119
v -0.0570 8.1037 0.8153
v 0.2314 8.0829 0.7550
v 0.2484 8.0766 0.7364
v 0.0793 8.0891 0.7901
v 0.0371 8.0950 0.8032
v 0.2717 8.0366 0.7552
v 0.2751 8.0348 0.7503
v -0.0303 8.0426 0.8717
v -0.0534 8.0430 0.8732
v 0.2808 8.0314 0.7410
v 0.2836 8.0298 0.7364
v 0.0370 8.0402 0.8605
v 0.0151 8.0413 0.8653
v 0.2862 8.0281 0.7318
v 0.2887 8.0265 0.7273
v 0.0785 8.0376 0.8482
v 0.0582 8.0390 0.8548
v 0.4747 7.9402 0.5156
v 0.4761 7.9387 0.5015
v 0.3926 7.9981 0.6429
v 0.3887 7.9997 0.6529
v 0.4779 7.9353 0.4724
v 0.4782 7.9337 0.4579
v 0.4035 7.9929 0.6110
v 0.3998 7.9947 0.6221
v 0.4780 7.9319 0.4428
v 0.4774 7.9302 0.4281
v 0.4102 7.9890 0.5877
v 0.4068 7.9910 0.5996
v -0.4280 7.8098 0.1125
v -0.4398 7.8123 0.1343
v -0.3701 7.8124 0.0846
v -0.3549 7.8093 0.0645
v -0.4632 7.8189 0.1849
v -0.4743 7.8230 0.2140
v -0.4136 7.8234 0.1548
v -0.3987 7.8192 0.1286
v -0.4845 7.8279 0.2462
v -0.4931 7.8333 0.2810
v -0.4424 7.8343 0.2177
v -0.4280 7.8284 0.1840
v -0.3305 8.0880 0.6869
v -0.3050 8.0857 0.7020
v -0.3593 8.0678 0.6258
v -0.3830 8.0687 0.6017
v -0.2457 8.0809 0.7313
v -0.2094 8.0784 0.7455
v -0.2931 8.0601 0.6738
v -0.3147 8.0632 0.6604
v -0.1682 8.0755 0.7580
v -0.1215 8.0720 0.7673
v -0.2454 8.0534 0.6986
v -0.2705 8.0567 0.6862
v -0.2601 7.8155 0.0124
v -0.2767 7.8174 0.0268
v -0.0036 7.8182 -0.0492
v 0.0166 7.8186 -0.0515
v -0.3038 7.8210 0.0547
v -0.3150 7.8226 0.0682
v -0.0639 7.8182 -0.0368
v -0.0447 7.8180 -0.0418
v -0.3249 7.8242 0.0812
v -0.3338 7.8257 0.0941
v -0.1015 7.8190 -0.0243
v -0.0837 7.8185 -0.0308
v 0.3081 7.8562 0.0531
v 0.2966 7.8550 0.0491
v 0.4621 7.9147 0.2358
v 0.4733 7.9180 0.2501
v 0.2722 7.8528 0.0413
v 0.2595 7.8517 0.0375
v 0.4277 7.9066 0.2000
v 0.4392 7.9090 0.2108
v 0.2463 7.8507 0.0337
v 0.2323 7.8496 0.0299
v 0.4046 7.9021 0.1809
v 0.4161 7.9042 0.1898
v 0.4428 8.0178 0.6221
v 0.4426 8.0160 0.6161
v 0.3066 8.0771 0.7594
v 0.2970 8.0821 0.7735
v 0.4419 8.0124 0.6043
v 0.4415 8.0106 0.5981
v 0.3288 8.0627 0.7195
v 0.3221 8.0674 0.7326
v 0.4410 8.0087 0.5920
v 0.4405 8.0069 0.5858
v 0.3408 8.0533 0.6934
v 0.3349 8.0580 0.7066
v 0.4941 7.9117 0.4080
v 0.4930 7.9103 0.4007
v 0.4906 7.9076 0.3869
v 0.4892 7.9063 0.3798
v 0.4877 7.9050 0.3732
v 0.4862 7.9037 0.3662
v 0.3764 7.9199 0.3188
v 0.3595 7.9098 0.2730
v 0.3038 7.9657 0.6468
v 0.2954 7.9705 0.6605
v 0.3175 7.8941 0.2027
v 0.2960 7.8883 0.1774
v 0.3291 7.9496 0.5981
v 0.3207 7.9553 0.6158
v 0.2753 7.8835 0.1569
v 0.2553 7.8795 0.1400
v 0.3445 7.9372 0.5580
v 0.3371 7.9436 0.5789
v 0.2679 8.0530 0.0672
v 0.2611 8.0502 0.0664
v 0.3952 8.0878 0.2690
v 0.4042 8.0913 0.2767
v 0.2471 8.0447 0.0651
v 0.2398 8.0419 0.0646
v 0.3688 8.0788 0.2520
v 0.3775 8.0816 0.2568
v 0.2325 8.0392 0.0641
v 0.2249 8.0365 0.0637
v 0.3523 8.0736 0.2450
v 0.3605 8.0762 0.2482
v -0.2444 7.9256 0.0892
v -0.2617 7.9257 0.1079
v 0.0329 7.8828 0.0228
v 0.0742 7.8857 0.0269
v -0.2887 7.9256 0.1440
v -0.3008 7.9258 0.1631
v -0.0936 7.8802 0.0386
v -0.0531 7.8801 0.0286
v -0.3127 7.9263 0.1839
v -0.3248 7.9275 0.2077
v -0.1616 7.8825 0.0680
v -0.1298 7.8811 0.0520
v -0.4294 8.0310 0.4277
v -0.4160 8.0341 0.4737
v -0.3846 7.9757 0.2525
v -0.3724 7.9743 0.2154
v -0.3784 8.0365 0.5490
v -0.3575 8.0359 0.5776
v -0.3990 7.9847 0.3858
v -0.3992 7.9812 0.3386
v -0.3365 8.0341 0.6012
v -0.3162 8.0314 0.6202
v -0.3813 7.9908 0.4752
v -0.3928 7.9881 0.4320
v 0.1570 7.9511 0.7452
v 0.1708 7.9460 0.7344
v 0.0518 7.9547 0.7441
v 0.0207 7.9577 0.7523
v 0.1942 7.9359 0.7129
v 0.2038 7.9310 0.7025
v 0.1265 7.9431 0.7083
v 0.1049 7.9472 0.7214
v 0.2121 7.9261 0.6925
v 0.2196 7.9212 0.6826
v 0.1606 7.9348 0.6817
v 0.1450 7.9389 0.6949
v 0.3068 8.1220 0.5676
v 0.3027 8.1167 0.5509
v 0.1705 8.0627 0.6398
v 0.1677 8.0663 0.6530
v 0.2903 8.1069 0.5206
v 0.2826 8.1024 0.5075
v 0.1740 8.0508 0.5960
v 0.1738 8.0549 0.6113
v 0.2742 8.0983 0.5058
v 0.2654 8.0945 0.4959
v 0.1703 8.0427 0.5751
v 0.1728 8.0468 0.5903
v -0.0570 7.9604 0.7116
v -0.0370 7.9586 0.7106
v -0.1929 7.9584 0.6294
v -0.2022 7.9590 0.6261
v -0.0174 7.9567 0.7083
v 0.0020 7.9544 0.7047
v -0.1731 7.9572 0.6357
v -0.1832 7.9578 0.6326
v -0.3267 7.9335 0.4043
v -0.3214 7.9374 0.4249
v -0.2750 7.9270 0.2246
v -0.2755 7.9270 0.2163
v -0.3065 7.9443 0.4629
v -0.2974 7.9473 0.4797
v -0.2724 7.9273 0.2482
v -0.2735 7.9272 0.2407
v -0.2875 7.9500 0.4949
v -0.2772 7.9523 0.5083
v -0.2700 7.9275 0.2635
v -0.2713 7.9274 0.2559
v -0.2032 7.9483 0.1414
v -0.2012 7.9464 0.1457
v 0.0091 8.0208 -0.0222
v 0.0132 8.0228 -0.0259
v -0.1968 7.9425 0.1538
v -0.1945 7.9406 0.1577
v -0.0031 8.0147 -0.0108
v 0.0009 8.0167 -0.0147
v -0.1922 7.9387 0.1616
v -0.1897 7.9368 0.1654
v -0.0105 8.0108 -0.0029
v -0.0068 8.0127 -0.0069
v -0.0963 7.9630 0.7098
v -0.1148 7.9640 0.7073
v -0.2286 7.9608 0.6158
v -0.2200 7.9602 0.6194
v -0.5008 7.8844 0.2881
v -0.5027 7.8892 0.3131
v -0.4186 7.9639 0.6912
v -0.4245 7.9626 0.6880
v -0.5028 7.8993 0.3652
v -0.5006 7.9044 0.3915
v -0.4012 7.9676 0.6993
v -0.4070 7.9664 0.6966
v -0.4917 7.9143 0.4426
v -0.4851 7.9191 0.4673
v -0.3844 7.9710 0.7058
v -0.3899 7.9699 0.7038
v -0.4014 7.8653 0.5476
v -0.3935 7.8678 0.5555
v -0.2855 7.8780 0.7085
v -0.2923 7.8760 0.7089
v -0.3776 7.8724 0.5695
v -0.3696 7.8746 0.5758
v -0.2653 7.8836 0.7064
v -0.2720 7.8817 0.7072
v -0.3537 7.8784 0.5865
v -0.3457 7.8803 0.5913
v -0.2449 7.8891 0.7040
v -0.2518 7.8873 0.7048
v 0.0110 7.8767 0.8270
v 0.0108 7.8787 0.8223
v 0.2313 7.8483 0.7604
v 0.2188 7.8480 0.7751
v 0.0096 7.8827 0.8131
v 0.0090 7.8846 0.8085
v 0.2593 7.8497 0.7187
v 0.2511 7.8492 0.7323
v 0.0082 7.8887 0.7993
v 0.0075 7.8907 0.7948
v 0.2808 7.8512 0.6765
v 0.2739 7.8508 0.6911
v -0.3165 7.9837 0.8108
v -0.3095 7.9848 0.8121
v -0.1032 8.0041 0.9110
v -0.1196 8.0036 0.9114
v -0.2957 7.9869 0.8144
v -0.2886 7.9880 0.8156
v -0.0538 8.0051 0.9070
v -0.0703 8.0049 0.9089
v -0.2739 7.9901 0.8177
v -0.2664 7.9912 0.8188
v -0.0050 8.0050 0.8983
v -0.0211 8.0052 0.9017
v 0.3961 7.8088 0.5938
v 0.4031 7.8044 0.5623
v 0.3927 7.7369 0.2014
v 0.4087 7.7396 0.2203
v 0.4108 7.7943 0.4934
v 0.4103 7.7889 0.4574
v 0.3464 7.7314 0.1584
v 0.3617 7.7329 0.1709
v 0.3999 7.7783 0.3860
v 0.3904 7.7736 0.3532
v 0.3030 7.7287 0.1296
v 0.3175 7.7294 0.1383
v 0.3634 7.7407 0.0943
v 0.3515 7.7397 0.0877
v 0.2276 7.7385 -0.0384
v 0.2458 7.7388 -0.0345
v 0.3278 7.7381 0.0759
v 0.3157 7.7373 0.0705
v 0.1697 7.7384 -0.0475
v 0.1896 7.7383 -0.0449
v 0.2907 7.7358 0.0599
v 0.2772 7.7351 0.0545
v 0.1070 7.7393 -0.0514
v 0.1282 7.7388 -0.0508
v 0.2473 7.9737 0.8393
v 0.2538 7.9729 0.8325
v 0.3964 7.9381 0.6843
v 0.3934 7.9393 0.6907
v 0.2660 7.9714 0.8189
v 0.2713 7.9706 0.8122
v 0.4057 7.9342 0.6635
v 0.4027 7.9356 0.6706
v 0.2815 7.9692 0.7991
v 0.2860 7.9685 0.7927
v 0.4147 7.9299 0.6412
v 0.4117 7.9314 0.6489
v -0.1785 7.7596 -0.0710
v -0.1869 7.7627 -0.0635
v -0.3787 7.8237 0.0781
v -0.3719 7.8211 0.0653
v -0.2023 7.7689 -0.0484
v -0.2090 7.7720 -0.0409
v -0.3980 7.8318 0.1185
v -0.3917 7.8290 0.1046
v -0.2208 7.7781 -0.0261
v -0.2257 7.7810 -0.0189
v -0.4171 7.8412 0.1655
v -0.4109 7.8379 0.1490
v -0.3974 7.8213 0.2703
v -0.3989 7.8255 0.2834
v -0.4007 7.8342 0.3105
v -0.4010 7.8386 0.3245
v -0.4001 7.8476 0.3534
v -0.3988 7.8522 0.3678
v 0.4820 7.8952 0.4555
v 0.4823 7.8965 0.4621
v 0.4804 7.8915 0.4369
v 0.4810 7.8927 0.4430
v 0.2558 7.9856 0.6489
v 0.2626 7.9819 0.6340
v 0.3655 7.9364 0.4325
v 0.3669 7.9396 0.4556
v 0.2763 7.9740 0.6010
v 0.2828 7.9696 0.5827
v 0.3526 7.9271 0.3653
v 0.3583 7.9301 0.3872
v 0.2946 7.9598 0.5412
v 0.2992 7.9544 0.5182
v 0.3286 7.9196 0.3064
v 0.3376 7.9218 0.3247
v 0.1388 7.8379 0.3698
v 0.1320 7.8377 0.3615
v 0.0797 7.7951 0.2966
v 0.0868 7.7926 0.2982
v 0.1179 7.8381 0.3480
v 0.1109 7.8386 0.3428
v 0.0574 7.8028 0.2927
v 0.0650 7.8002 0.2938
v 0.0971 7.8401 0.3344
v 0.0905 7.8410 0.3311
v 0.0338 7.8109 0.2908
v 0.0418 7.8082 0.2911
v -0.0249 7.7502 0.2381
v -0.0424 7.7549 0.2436
v -0.1261 7.7357 0.2541
v -0.1064 7.7291 0.2412
v -0.0720 7.7652 0.2587
v -0.0838 7.7706 0.2675
v -0.1637 7.7551 0.2923
v -0.1539 7.7487 0.2799
v -0.1014 7.7816 0.2858
v -0.1077 7.7870 0.2949
v -0.1887 7.7756 0.3350
v -0.1806 7.7684 0.3189
v 0.3824 7.8973 0.3099
v 0.3712 7.8948 0.2856
v 0.3391 7.8638 0.1659
v 0.3547 7.8646 0.1823
v 0.3461 7.8913 0.2434
v 0.3329 7.8903 0.2258
v 0.2942 7.8636 0.1285
v 0.3088 7.8633 0.1393
v 0.3065 7.8894 0.1964
v 0.2937 7.8896 0.1845
v 0.2507 7.8656 0.1014
v 0.2656 7.8648 0.1100
v -0.1452 7.7141 0.2335
v -0.1629 7.7203 0.2477
v -0.2237 7.7120 0.2441
v -0.2152 7.7069 0.2315
v -0.1888 7.7324 0.2750
v -0.1993 7.7385 0.2892
v -0.2460 7.7282 0.2855
v -0.2386 7.7226 0.2705
v -0.2201 7.7522 0.3238
v -0.2297 7.7600 0.3459
v -0.2658 7.7473 0.3404
v -0.2598 7.7405 0.3201
v -0.3547 7.7386 0.3522
v -0.3535 7.7449 0.3677
v -0.3025 7.8644 0.6570
v -0.3100 7.8643 0.6566
v -0.3486 7.7640 0.3992
v -0.3448 7.7734 0.4146
v -0.2798 7.8648 0.6573
v -0.2873 7.8647 0.6574
v -0.3349 7.7852 0.4456
v -0.3288 7.7895 0.4598
v -0.2578 7.8655 0.6562
v -0.2651 7.8653 0.6567
v 0.1681 7.8115 0.0207
v 0.1461 7.8126 0.0149
v -0.1937 7.7929 0.0354
v -0.1766 7.7879 0.0248
v 0.0977 7.8153 0.0055
v 0.0718 7.8170 0.0026
v -0.2351 7.8080 0.0680
v -0.2227 7.8029 0.0571
v 0.0184 7.8213 0.0014
v -0.0089 7.8240 0.0033
v -0.2644 7.8229 0.0996
v -0.2557 7.8179 0.0893
v -0.1573 7.9330 0.7614
v -0.1461 7.9339 0.7597
v 0.1200 7.9759 0.7355
v 0.0984 7.9792 0.7489
v -0.1228 7.9355 0.7558
v -0.1114 7.9362 0.7533
v 0.1683 7.9655 0.6935
v 0.1547 7.9690 0.7075
v -0.0882 7.9374 0.7474
v -0.0770 7.9379 0.7439
v 0.1974 7.9557 0.6538
v 0.1894 7.9588 0.6666
v -0.3386 7.8053 0.1622
v -0.3423 7.8091 0.1721
v -0.3495 7.8170 0.1931
v -0.3530 7.8210 0.2042
v -0.3597 7.8294 0.2277
v -0.3628 7.8338 0.2402
v 0.1486 7.8856 0.4600
v 0.1484 7.8832 0.4466
v 0.1444 7.8785 0.4200
v 0.1406 7.8763 0.4073
v 0.1300 7.8724 0.3846
v 0.1236 7.8708 0.3750
v -0.1070 7.7335 -0.1115
v -0.2422 7.6991 -0.0531
v -0.4824 7.7414 0.1555
v -0.4306 7.7647 0.0615
v -0.4332 7.8834 0.0928
v -0.4724 7.8678 0.1676
v -0.4842 7.9608 0.6307
v -0.5508 7.9662 0.4624
v -0.3943 7.8223 0.0126
v -0.4326 7.8070 0.1061
v -0.5060 7.8681 0.5431
v -0.5275 7.8964 0.5277
v -0.3359 7.7116 0.0758
v -0.5199 7.7965 0.3795
v -0.4214 7.9499 0.7153
v -0.2910 7.9311 0.8438
v 0.0133 7.9704 0.9150
v -0.0052 8.0058 0.8859
v 0.3088 8.0068 0.7486
v 0.2873 7.9757 0.7814
v 0.4322 7.9593 0.5808
v 0.4320 7.9959 0.5892
v 0.4875 7.9888 0.4879
v 0.4479 7.9090 0.2529
v 0.4311 7.8879 0.1505
v 0.5249 7.9786 0.4136
v 0.4845 7.9204 0.1515
v 0.3367 7.8523 0.0107
v -0.0685 7.7933 -0.1221
v 0.1865 7.8320 -0.1192
v -0.4748 7.9227 0.5255
v -0.4364 7.8898 0.5608
v -0.3221 7.8951 0.7275
v -0.3378 7.9452 0.7323
v -0.0904 7.9486 0.8543
v -0.2060 7.8861 0.8211
v -0.0383 7.8827 0.8822
v 0.1024 7.9294 0.8636
v 0.1663 7.9329 0.8737
v 0.1532 7.8923 0.8835
v 0.3445 7.8916 0.8183
v 0.3385 7.9296 0.8129
v 0.5386 7.8630 0.3953
v 0.5437 7.8268 0.4009
v 0.3700 7.7659 0.0229
v 0.3559 7.8003 0.0281
v 0.0598 7.7967 -0.0927
v -0.0170 7.7590 -0.1143
v -0.3078 7.8125 -0.0039
v -0.2738 7.8421 -0.0263
v -0.5238 7.9856 0.4039
v -0.5032 7.9445 0.4533
v -0.4435 7.9793 0.6651
v -0.4853 8.0216 0.6188
v -0.3995 8.0339 0.7675
v -0.4017 7.9807 0.7522
v -0.1506 8.0048 0.9275
v -0.1271 8.0528 0.9402
v 0.3543 8.0072 0.8044
v 0.3219 7.9709 0.8102
v 0.4654 7.8918 0.4864
v 0.4984 7.9333 0.5425
v 0.4047 7.8360 0.1626
v 0.3880 7.8064 0.1986
v 0.2978 7.7565 0.0976
v 0.2822 7.7920 0.0530
v 0.0749 7.7556 -0.0512
v 0.1284 7.7157 -0.0244
v -0.0117 7.6952 -0.0770
v -0.0423 7.7371 -0.0861
v -0.5491 7.8763 0.5114
v -0.5215 7.8566 0.6273
v -0.3250 7.9393 0.8637
v -0.3020 7.9787 0.8391
v -0.4431 8.0214 0.7313
v -0.3827 7.9915 0.7847
v -0.2398 8.0134 0.8974
v -0.2675 8.0455 0.8812
v -0.3375 7.9384 0.8009
v -0.3865 7.8948 0.7562
v -0.3165 7.9075 0.8288
v 0.0002 7.9596 0.9104
v 0.2283 7.9945 0.8522
v 0.1934 7.9648 0.8790
v 0.3412 7.9569 0.7643
v 0.3835 7.9726 0.7123
v 0.2132 8.0293 0.8883
v 0.2192 7.9987 0.8834
v 0.3981 7.9528 0.7194
v 0.4070 7.9774 0.7274
v 0.2005 7.9629 0.8691
v -0.0109 7.9399 0.9320
v 0.3299 7.9406 0.7944
v 0.3622 7.9606 0.7606
v 0.4651 7.9489 0.5958
v 0.4425 7.9360 0.6346
v 0.4928 7.9143 0.5059
v 0.4983 7.9221 0.4916
v 0.4917 7.9324 0.5377
v 0.4873 7.9156 0.5229
v 0.4977 7.8842 0.3705
v 0.5047 7.8971 0.3873
v 0.4618 7.9295 0.6073
v 0.5042 7.9074 0.4451
v -0.4371 7.8863 0.6277
v -0.4254 7.9102 0.6950
v -0.4641 7.8633 0.6531
v -0.4755 7.8305 0.5391
v -0.4380 7.9659 0.5450
v -0.2529 8.0186 0.7856
v -0.3791 7.9720 0.7072
v -0.4773 7.9233 0.4896
v -0.4655 7.8577 0.2344
v -0.3552 7.9359 0.7131
v -0.3863 7.8971 0.6856
v -0.4511 7.8276 0.2302
v -0.3068 7.8817 0.6864
v -0.2635 7.9129 0.7598
v -0.2371 7.8405 0.7979
v -0.3491 7.7927 0.6718
v -0.0142 7.9679 0.8412
v 0.2985 7.9714 0.6677
v 0.2434 7.9514 0.7658
v 0.0510 7.9287 0.8649
v 0.3776 7.9258 0.3262
v 0.2876 7.9071 0.1353
v 0.3294 7.8739 0.1753
v 0.4006 7.9165 0.4726
v 0.1214 7.9658 0.1885
v -0.1353 8.0090 0.1592
v 0.0631 7.8376 -0.0349
v 0.2273 7.8562 0.0528
v -0.1427 7.9045 0.0048
v -0.2334 7.8319 0.0091
v -0.2587 7.8051 -0.0205
v 0.0457 7.8158 -0.0710
v -0.3322 7.9206 0.5803
v -0.2461 7.9259 0.6768
v -0.2381 7.8910 0.7030
v -0.3378 7.8820 0.5956
v -0.0000 7.9306 0.7653
v 0.2801 7.8955 0.6360
v 0.2879 7.8523 0.6620
v 0.0064 7.8931 0.7905
v 0.3098 7.7997 0.2085
v 0.2441 7.7647 0.0977
v 0.2888 7.7281 0.1218
v 0.3791 7.7699 0.3232
v 0.2175 7.7709 0.0382
v 0.0389 7.7853 -0.0380
v 0.0858 7.7399 -0.0511
v 0.2633 7.7343 0.0493
v -0.2982 7.8326 0.0631
v -0.4410 7.8961 0.2794
v -0.4228 7.8447 0.1824
v -0.2303 7.7839 -0.0117
v -0.0052 8.0196 0.7725
v 0.1571 8.0248 0.7600
v -0.1180 8.0021 0.8076
v -0.2093 7.9868 0.7524
v 0.2433 8.0254 0.7489
v 0.3060 8.0127 0.7279
v 0.2365 7.9870 0.7961
v 0.0012 8.0098 0.8544
v 0.4327 7.9529 0.5156
v 0.3511 7.8632 0.1651
v 0.3521 7.8329 0.1918
v 0.4004 7.9330 0.5974
v 0.1707 7.8160 0.0339
v -0.2164 7.8001 0.0507
v -0.1045 7.7474 0.0202
v 0.1806 7.7816 0.0561
v -0.4251 7.8324 0.3009
v -0.4348 7.8759 0.5729
v -0.4648 7.8046 0.4126
v -0.3607 7.7649 0.1826
v -0.2165 7.9653 0.8496
v 0.1936 7.9787 0.8181
v 0.1204 7.9464 0.8824
v -0.3171 7.9150 0.8222
v -0.0216 8.0337 0.8633
v 0.0915 8.0291 0.8662
v 0.0102 8.0047 0.8942
v -0.2591 7.9921 0.8194
v -0.1369 7.9465 0.8428
v 0.1743 7.9297 0.8166
v 0.1404 7.9028 0.8413
v -0.1689 7.9121 0.8382
v 0.3094 7.9835 0.7158
v 0.4018 7.9647 0.5864
v 0.3640 7.9542 0.6777
v 0.3098 7.9444 0.7491
v 0.3157 7.9859 0.7582
v 0.4271 7.9410 0.6189
v 0.4176 7.9284 0.6333
v 0.2903 7.9678 0.7862
v 0.3016 7.9093 0.7395
v 0.4003 7.8959 0.6258
v 0.3932 7.8887 0.6551
v 0.2865 7.8882 0.7636
v 0.4622 7.9224 0.4194
v 0.4793 7.8982 0.3684
v 0.4830 7.9035 0.4355
v 0.4413 7.9333 0.5546
v 0.4794 7.8969 0.4135
v 0.4662 7.8696 0.2904
v 0.4694 7.8638 0.2989
v 0.4797 7.8903 0.4309
v 0.4669 7.8696 0.4020
v 0.4721 7.8733 0.3274
v 0.4840 7.8782 0.3566
v 0.4725 7.8881 0.4810
v -0.4092 7.9778 0.7222
v -0.2604 8.0032 0.8171
v -0.4836 7.9255 0.6046
v -0.5434 7.8914 0.3865
v -0.0881 8.0082 0.8289
v 0.0752 8.0004 0.8232
v -0.3117 7.9374 0.7172
v -0.4332 7.9186 0.5628
v -0.0192 7.9761 0.7904
v -0.2558 7.9687 0.7048
v 0.4707 7.9129 0.5558
v 0.4984 7.8932 0.4045
v 0.0404 8.1190 0.8590
v 0.2778 8.0705 0.7185
v 0.1318 8.0954 0.7738
v -0.2284 8.1226 0.7858
v -0.4246 7.9626 0.6879
v -0.4155 7.8954 0.7741
v -0.0994 7.9456 0.9282
v -0.4716 7.7616 0.4411
v -0.3795 7.8431 0.7298
v -0.2924 7.8761 0.7089
v 0.2675 8.0383 0.7601
v 0.2910 8.0248 0.7228
v 0.0944 8.0360 0.8409
v -0.0835 8.0416 0.8709
v -0.4220 7.8491 0.2605
v -0.3588 7.9085 0.6416
v -0.3810 7.8931 0.5724
v -0.3728 7.8326 0.1853
v -0.3459 7.9722 0.7208
v -0.3856 8.0669 0.7373
v 0.0765 8.0694 0.8476
v -0.0799 8.0711 0.8402
v -0.4137 8.0574 0.6808
v -0.1264 7.9242 0.8868
v 0.1426 7.9517 0.8651
v 0.0100 7.8774 0.8275
v 0.2186 7.8489 0.7760
v -0.4381 7.8051 0.1534
v -0.4853 7.8618 0.5641
v -0.3139 7.9718 0.7841
v 0.4729 7.9417 0.5294
v 0.4763 7.9285 0.4130
v 0.4131 7.9870 0.5758
v 0.3844 8.0013 0.6627
v 0.3606 7.9453 0.6627
v 0.4337 7.8981 0.3445
v 0.3961 7.8096 0.5947
v 0.4107 7.7411 0.2232
v 0.3018 8.0406 0.7909
v 0.3238 8.0153 0.7521
v 0.1217 8.0619 0.8535
v -0.1314 8.0888 0.8879
v -0.5077 7.9477 0.5364
v -0.5018 7.9289 0.4729
v -0.2862 7.9085 0.0416
v -0.2522 7.9121 -0.0804
v 0.3464 7.9475 0.7224
v 0.4287 7.8507 0.3337
v -0.4793 8.0181 0.5050
v -0.3790 8.0276 0.6453
v -0.4300 7.9328 0.2455
v -0.3730 7.9232 0.1001
v -0.2366 7.9851 0.8414
v -0.1806 7.9773 0.8461
v -0.3685 7.9676 0.7217
v -0.4081 7.9745 0.7085
v -0.4176 7.8094 0.0961
v -0.4964 7.8395 0.3150
v -0.4480 7.8384 0.2431
v -0.3345 7.8060 0.0428
v 0.3538 7.8646 0.1344
v 0.3099 7.8490 0.0560
v 0.3651 7.7421 0.0958
v 0.2460 7.7389 -0.0343
v 0.2060 7.9640 -0.0618
v -0.0855 7.9983 -0.0175
v 0.0928 8.0684 0.1568
v 0.3607 7.9983 0.0761
v 0.1426 7.7337 0.0370
v -0.1566 7.8644 -0.0447
v -0.3092 7.8731 0.0773
v 0.0571 7.8245 -0.0353
v 0.2284 7.8461 0.0004
v -0.3645 7.8877 0.7600
v -0.2455 7.8998 0.8532
v 0.4829 7.9094 0.4016
v 0.4353 7.9622 0.6124
v -0.3553 8.1256 0.6701
v -0.0711 8.0802 0.7715
v -0.1703 8.0628 0.7109
v -0.3602 8.1041 0.5719
v -0.2337 7.8129 -0.0054
v -0.3356 7.8263 0.1020
v -0.1055 7.8190 -0.0198
v 0.0472 7.8194 -0.0517
v 0.1522 7.8173 -0.0570
v -0.2210 7.7932 -0.0500
v -0.1807 7.7602 -0.0704
v 0.2930 7.9678 0.7773
v 0.3039 7.9456 0.7491
v 0.1361 7.9666 0.8473
v 0.0763 7.9846 0.8815
v 0.4460 8.0284 0.2758
v 0.2543 8.0181 0.2415
v 0.3588 7.9642 0.2104
v 0.4039 8.0816 0.5677
v -0.1689 7.7114 0.0189
v -0.3370 7.7179 0.0866
v 0.3884 7.8510 0.1498
v 0.2877 7.8185 0.0782
v 0.3248 7.8129 0.1490
v 0.4583 7.8955 0.4720
v 0.4830 7.9002 0.4806
v 0.4833 7.8704 0.3311
v -0.4294 7.7351 0.1446
v -0.5470 7.8128 0.4619
v 0.3211 7.8575 0.0581
v 0.2236 7.8492 0.0294
v 0.3940 7.9004 0.1738
v 0.4841 7.9213 0.2648
v 0.1288 7.9160 0.8865
v 0.3625 7.9284 0.7363
v 0.3369 8.1051 0.6458
v 0.3920 7.9906 0.4318
v 0.3424 8.0081 0.6429
v 0.2882 8.0698 0.7295
v 0.3989 7.9236 0.5782
v 0.3953 7.8687 0.3496
v 0.2827 7.9412 0.6565
v 0.4830 7.9312 0.4519
v 0.4753 7.9063 0.4340
v 0.4069 7.9355 0.6335
v 0.4010 7.9637 0.6646
v -0.3429 7.9621 0.6076
v -0.4053 7.9501 0.4703
v 0.4430 8.0196 0.6281
v 0.4400 8.0050 0.5796
v 0.3467 8.0485 0.6797
v 0.2897 8.0856 0.7835
v -0.1455 7.7754 -0.0773
v -0.3013 7.7829 -0.0387
v -0.4968 7.8363 0.1457
v -0.3099 7.8940 0.0013
v -0.4206 7.9238 0.0792
v -0.5512 7.9911 0.3996
v 0.1205 7.8602 -0.1389
v -0.5033 7.8664 0.1611
v -0.4887 7.9502 0.6248
v -0.1585 7.6902 -0.0015
v -0.2486 7.8002 0.0395
v -0.3058 7.8033 0.0574
v -0.4796 7.8591 0.2952
v -0.2863 7.9837 0.7835
v 0.2328 8.0604 0.7749
v 0.3223 8.1008 0.7000
v 0.4148 8.0711 0.5879
v 0.4811 8.0284 0.3466
v 0.4417 7.9767 0.1459
v 0.3787 7.9215 0.0262
v -0.4757 7.8746 0.2555
v -0.4476 7.8380 0.2752
v -0.4913 7.9374 0.3751
v -0.4577 7.9683 0.5677
v -0.3610 7.9837 0.7150
v 0.3074 7.9496 0.7591
v 0.3895 7.9444 0.7245
v 0.4829 7.8712 0.2581
v 0.3098 7.8378 0.0252
v 0.0239 7.8425 -0.0895
v -0.4652 7.9494 0.2100
v -0.4692 7.9163 0.2624
v -0.4759 8.0816 0.5546
v -0.3855 8.0869 0.7179
v -0.2526 8.1220 0.8239
v 0.0823 8.1324 0.8857
v 0.3954 8.0321 0.7308
v 0.5185 7.9340 0.3761
v 0.3710 7.8563 0.0908
v 0.2094 7.8151 -0.0141
v -0.0396 7.7884 -0.0726
v -0.5083 7.9440 0.6103
v -0.2379 8.0047 0.8398
v -0.4316 8.0567 0.7258
v -0.2122 8.0813 0.8863
v -0.3232 7.9703 0.8071
v -0.0229 7.9832 0.9051
v 0.2701 8.0200 0.7939
v 0.2653 7.9733 0.8148
v 0.3812 7.9692 0.7106
v 0.4743 7.9497 0.5435
v 0.4965 7.9189 0.4147
v -0.3419 7.8587 0.6222
v -0.3998 7.8055 0.5472
v -0.3926 7.8937 0.4223
v -0.3969 7.8567 0.3822
v -0.1790 8.0068 0.7274
v -0.2836 7.9795 0.6898
v 0.4844 7.9023 0.3593
v 0.4742 7.8829 0.3033
v 0.4767 7.8897 0.3391
v -0.3903 7.7067 0.2118
v 0.4951 7.9131 0.4152
v 0.4896 7.8957 0.3348
v 0.4866 7.9074 0.3651
v -0.1918 7.9056 0.7802
v -0.0634 7.8512 0.8246
v 0.2708 7.8423 0.7455
v 0.1572 7.9339 0.8119
v 0.1628 8.1804 0.7595
v 0.2064 8.0085 0.7332
v 0.3313 7.9790 0.6184
v 0.2957 8.0941 0.6734
v 0.1661 7.9505 0.7535
v 0.3368 7.8691 0.5610
v 0.1768 7.8484 0.5494
v 0.2023 7.7959 0.4913
v 0.1804 7.7772 0.2912
v 0.2268 7.8381 0.3821
v 0.1695 7.8381 0.2488
v 0.0996 7.7868 0.1945
v 0.0097 7.8038 0.1582
v 0.0827 7.8632 0.1923
v -0.0793 7.8875 0.1532
v -0.0854 7.8433 0.1650
v -0.2081 7.8811 0.2096
v -0.2052 7.9184 0.1853
v -0.2602 7.9543 0.1869
v -0.2973 7.9392 0.2885
v -0.3467 7.9367 0.3135
v -0.3077 7.9951 0.1556
v -0.4006 7.9632 0.3231
v -0.3799 7.9435 0.4887
v -0.2527 7.9733 0.7202
v -0.3260 8.0091 0.6721
v 0.1861 7.9264 0.5107
v 0.1843 7.8651 0.4433
v 0.1369 7.8084 0.3080
v 0.2003 7.8749 0.3597
v 0.1072 7.8190 0.2482
v 0.0543 7.7575 0.2378
v 0.0051 7.7292 0.2119
v 0.0293 7.7745 0.2001
v -0.0056 7.7631 0.1613
v -0.0365 7.7093 0.1817
v -0.1349 7.7158 0.1458
v -0.0591 7.7737 0.1062
v -0.2748 7.8198 0.1530
v -0.3150 7.7732 0.2075
v -0.4111 7.8664 0.4924
v -0.4097 7.8954 0.3981
v -0.2946 8.0061 0.6620
v -0.2771 7.9428 0.7099
v -0.0701 7.9991 0.7961
v -0.0818 8.1843 0.7822
v 0.2381 8.0352 0.5560
v 0.1870 7.9833 0.5291
v 0.2333 7.9587 0.4594
v 0.2392 8.0128 0.4856
v 0.2561 7.9612 0.2820
v 0.2402 7.9065 0.3091
v 0.1734 7.8603 0.1930
v 0.1684 7.9098 0.1437
v -0.0542 7.8593 0.0770
v -0.0374 7.8220 0.1190
v -0.2235 7.8246 0.2237
v -0.2227 7.8563 0.1602
v -0.3035 7.8556 0.3033
v -0.2893 7.8250 0.3701
v -0.2785 7.8280 0.5376
v -0.2980 7.8787 0.5342
v -0.2309 7.8921 0.6627
v -0.2273 7.8418 0.6689
v -0.1446 7.8485 0.7625
v -0.2075 7.8974 0.7275
v 0.3415 7.9353 0.6817
v 0.4035 7.8426 0.5850
v 0.3984 7.8047 0.2413
v 0.4095 7.8743 0.2562
v 0.4003 8.0634 0.5580
v 0.4074 7.9495 0.5161
v 0.4335 7.9005 0.2890
v 0.4315 7.9437 0.2587
v 0.3324 7.7840 0.2626
v 0.2635 7.7456 0.1583
v 0.1371 7.8578 0.0020
v 0.1835 7.8053 0.0264
v -0.1409 7.8412 -0.0093
v -0.2325 7.9022 0.0085
v 0.2627 7.8752 0.0172
v 0.2469 7.8320 0.0222
v -0.1671 7.7930 -0.0270
v -0.1857 7.8407 -0.0485
v 0.2168 7.7217 0.1060
v 0.1256 7.7069 0.0368
v -0.3516 7.9285 0.0748
v -0.3471 7.8906 0.1115
v -0.3664 7.8732 0.2515
v -0.3657 7.8383 0.2533
v 0.0017 7.6921 -0.0075
v 0.3151 7.8528 0.4857
v 0.3621 7.8596 0.4379
v 0.3642 7.7852 0.4204
v 0.3142 7.7870 0.4574
v 0.2869 7.9777 0.4041
v 0.2551 7.9429 0.2086
v 0.3190 7.9177 0.2896
v 0.3024 7.9487 0.4937
v 0.2337 7.9597 0.6417
v 0.2563 7.8531 0.2471
v 0.2764 7.8138 0.2950
v 0.2250 7.9162 0.6369
v 0.1180 7.8062 0.3534
v 0.1146 7.8147 0.3043
v 0.0919 7.7586 0.2779
v 0.1313 7.7630 0.3525
v 0.0803 7.8432 0.2476
v -0.1004 7.8840 0.2300
v -0.0526 7.8299 0.2067
v 0.0035 7.7804 0.2127
v -0.1039 7.9654 0.2720
v -0.0078 8.0519 0.4007
v -0.2449 7.9206 0.3961
v -0.1817 7.8744 0.2785
v -0.0263 8.0946 0.5591
v 0.0263 8.0389 0.6703
v -0.1644 7.9849 0.6463
v -0.2178 7.9638 0.5590
v -0.0748 8.0323 0.7150
v -0.0990 8.0189 0.7549
v -0.0655 7.9745 0.7570
v -0.2287 7.9685 0.6577
v 0.0765 7.8854 0.3153
v 0.0126 7.8597 0.2815
v 0.0257 7.8138 0.2908
v 0.0840 7.8421 0.3284
v -0.0983 7.8387 0.2947
v -0.1959 7.8370 0.3766
v -0.1961 7.7833 0.3534
v -0.1125 7.7925 0.3037
v -0.2202 7.8482 0.5070
v -0.2489 7.8370 0.5240
v -0.2705 7.7544 0.3624
v -0.2377 7.7686 0.3714
v -0.2749 7.8626 0.5401
v -0.2071 7.9202 0.6414
v -0.2515 7.8678 0.6563
v -0.3218 7.7946 0.4750
v 0.0610 7.9684 0.3982
v 0.2257 7.9853 0.2708
v 0.2042 7.9526 0.6413
v -0.0657 7.9383 0.7401
v 0.0098 7.9758 0.2942
v 0.0310 7.9571 0.2480
v 0.1425 7.9165 0.2784
v 0.1539 7.9362 0.3267
v 0.0085 7.9284 0.1934
v -0.0224 7.8993 0.1464
v 0.0033 7.8547 0.1602
v 0.1194 7.8868 0.2219
v -0.1876 7.8909 0.2071
v -0.2715 7.9025 0.3647
v -0.2625 7.8655 0.3955
v -0.1833 7.8491 0.2232
v -0.2081 7.9208 0.5677
v -0.0625 7.9189 0.6594
v -0.0973 7.8656 0.6540
v -0.1987 7.8759 0.5707
v 0.1727 7.8894 0.5996
v 0.2710 7.8584 0.5091
v 0.2613 7.8163 0.5328
v 0.1490 7.8450 0.6265
v 0.2391 7.8311 0.1399
v -0.1921 7.8355 0.0924
v 0.1212 7.7774 0.0530
v 0.3138 7.7771 0.2072
v 0.1691 7.9225 0.0916
v 0.0982 7.8997 0.0241
v 0.2350 7.8664 0.0930
v 0.2810 7.8901 0.1739
v 0.0851 7.8067 0.1215
v -0.1941 7.8006 0.1596
v -0.1556 7.7437 0.1407
v 0.1073 7.7608 0.1417
v -0.3426 7.8836 0.2627
v -0.3464 7.9471 0.5320
v -0.3781 7.8847 0.3243
v -0.2463 7.8258 0.1084
v -0.1179 7.8949 0.0329
v -0.3029 7.8957 0.1294
v -0.2719 7.8277 0.1096
v -0.0358 7.8271 0.0070
v -0.2891 7.8042 0.2358
v -0.3604 7.8095 0.3575
v -0.3228 7.7393 0.2384
v -0.2538 7.7378 0.1894
v -0.2816 7.9786 0.6422
v -0.3329 7.9523 0.6034
v -0.3801 7.8500 0.0866
v -0.3415 7.8024 0.0939
v -0.3657 7.8337 0.5298
v -0.3930 7.7640 0.3604
v 0.3878 7.9315 0.3711
v 0.2346 7.8759 0.1247
v 0.3513 7.9305 0.5351
v 0.2871 7.9752 0.6732
v 0.1121 7.8970 0.2563
v 0.0714 7.8852 0.2414
v 0.1304 7.8533 0.3182
v 0.1664 7.8701 0.3600
v -0.0442 7.8728 0.2358
v 0.0727 7.9029 0.2661
v -0.3048 7.6890 0.1309
v 0.1955 8.0251 0.1862
v 0.0296 7.9668 0.1817
v 0.0559 8.0033 0.2424
v 0.2334 8.0634 0.2857
v 0.1709 7.7500 0.3813
v 0.1324 7.7408 0.2858
v -0.2231 7.9055 0.0698
v -0.3366 7.9363 0.2345
v -0.1884 7.8841 0.0852
v 0.1128 7.8607 0.0347
v 0.1620 7.8701 0.4552
v 0.1385 7.8459 0.3701
v 0.1358 7.8420 0.4101
v 0.1362 7.8613 0.5068
v 0.1646 8.0577 0.1512
v 0.1823 8.0687 0.1774
v 0.0694 7.7675 0.2165
v -0.0340 7.7985 0.1804
v 0.2014 7.9220 0.7027
v 0.3340 7.8415 0.5035
v -0.3578 8.0883 0.3465
v -0.2499 8.0280 0.6356
v -0.3187 7.9995 0.5136
v -0.3122 8.0437 0.1515
v -0.1562 7.8487 0.2245
v -0.2394 7.8835 0.2882
v -0.1291 7.9332 -0.0143
v 0.0020 7.9904 0.0393
v 0.3696 8.0170 0.5829
v 0.3075 7.9781 0.5611
v 0.0462 8.0772 0.7404
v 0.0360 8.1995 0.7589
v 0.2884 8.1245 0.4192
v 0.1615 8.1260 0.2693
v 0.2853 7.8741 0.1637
v 0.2076 7.8553 0.1348
v 0.3130 7.9043 0.2727
v 0.3741 7.9421 0.3885
v 0.1411 7.9561 0.7560
v 0.2263 7.9164 0.6730
v 0.1738 7.9306 0.6686
v -0.0123 7.9602 0.7576
v -0.2991 7.9244 0.4249
v -0.3104 7.9436 0.5188
v -0.3589 7.7667 0.3664
v -0.3073 7.8676 0.6598
v -0.1884 8.2266 0.6830
v -0.0572 8.1280 0.6992
v -0.1516 8.1159 0.6324
v -0.2812 8.1182 0.5462
v -0.1662 8.1300 0.6865
v 0.0333 8.0673 0.3650
v -0.1952 7.9650 0.6298
v 0.2717 7.7632 0.2300
v 0.1579 7.7208 0.1239
v -0.4036 7.9234 0.2728
v -0.3237 7.9327 0.1116
v 0.2370 8.1571 0.4043
v 0.0352 8.0231 0.2975
v 0.0513 8.0387 0.3703
v 0.1644 8.1311 0.4849
v -0.1328 7.9648 0.7040
v 0.0206 7.9518 0.6998
v -0.1625 7.9565 0.6387
v -0.2371 7.9613 0.6120
v -0.2746 7.9561 0.6298
v -0.1325 7.9642 0.7545
v -0.0194 7.8080 0.0179
v -0.2164 7.8302 0.1086
v 0.0096 7.8261 0.0552
v 0.1762 7.8388 0.0736
v -0.2824 8.0541 0.2660
v -0.0869 8.1258 0.4906
v -0.0082 8.0735 0.2853
v -0.2012 8.0264 0.1831
v -0.0265 7.8395 0.7116
v 0.1560 7.8195 0.7075
v -0.2855 7.9010 0.5054
v -0.2780 7.8604 0.4426
v 0.2526 7.7980 0.6696
v 0.3522 7.8005 0.6017
v -0.3304 7.9295 0.3829
v -0.2666 7.9542 0.5199
v -0.2685 7.9276 0.2711
v -0.2769 7.9268 0.2108
v -0.0298 7.6953 0.0636
v -0.1691 7.6849 0.0672
v -0.0488 8.0529 0.2053
v -0.0117 8.0562 0.3154
v -0.0295 8.0211 0.2399
v 0.0553 7.9827 0.2737
v -0.2375 7.8536 0.3423
v -0.1562 7.8593 0.2788
v -0.2966 7.8204 0.1079
v -0.3998 7.8564 0.3578
v -0.3259 7.8387 0.2045
v -0.1972 7.8133 0.0530
v 0.1154 7.9277 0.3103
v 0.1371 7.9441 0.3603
v -0.2061 7.9501 0.1383
v -0.1874 7.9349 0.1693
v -0.0197 7.9418 0.1193
v 0.0121 7.9579 0.0886
v 0.0246 8.2376 0.7408
v 0.3083 8.1588 0.6367
v -0.2381 8.1674 0.7015
v 0.2518 8.0437 0.7541
v 0.3589 7.9694 0.5741
v 0.1327 7.8386 0.5730
v 0.1538 7.8050 0.5606
v 0.1384 7.8680 0.5502
v 0.1811 7.8687 0.4985
v 0.2037 7.8657 0.3833
v 0.1431 7.8808 0.2657
v 0.0070 7.9063 0.1726
v -0.0848 7.9769 0.0816
v -0.1914 8.0027 0.1216
v -0.2826 8.0453 0.1850
v -0.3738 8.0369 0.3882
v -0.3562 8.1472 0.5609
v 0.1474 7.9467 0.5418
v 0.1568 7.9000 0.5152
v -0.3470 7.9569 0.5328
v -0.2306 8.0842 0.6701
v 0.2020 8.0426 0.5672
v 0.1568 7.9972 0.5511
v -0.1595 7.9407 0.0915
v -0.2653 7.9005 0.1844
v 0.4244 8.0891 0.4111
v 0.3515 7.9674 0.1189
v 0.3592 7.8777 0.2490
v 0.2463 7.8290 0.1072
v 0.1057 7.8042 0.0223
v -0.0231 7.7959 -0.0091
v -0.3668 7.8880 0.0816
v -0.1430 7.7989 0.0008
v 0.1338 7.8062 0.4161
v 0.1478 7.7723 0.4228
v 0.1221 7.9104 0.3658
v 0.1167 7.8695 0.3666
v 0.0418 7.9992 0.3747
v 0.1633 7.9579 0.3832
v 0.1578 7.7800 0.5028
v -0.0498 7.5861 0.5790
v -0.0498 7.6619 0.6625
v -0.0478 7.8675 0.5636
v -0.0478 7.9311 0.5768
v -0.0498 7.9822 0.7294
v -0.0498 8.1097 0.6831
v -0.0577 8.1908 0.5881
v -0.0481 8.1529 0.4352
v -0.0478 8.0605 0.3796
v -0.0811 7.5849 0.5746
v -0.1095 7.6596 0.6542
v -0.1319 7.7566 0.7071
v -0.1463 7.8665 0.7282
v -0.1513 7.9784 0.7153
v -0.1463 8.1061 0.6697
v -0.1334 8.1880 0.5776
v -0.0861 8.1515 0.4299
v -0.0659 8.0598 0.3771
v -0.1100 7.5814 0.5619
v -0.1643 7.6530 0.6300
v -0.2074 7.7476 0.6738
v -0.2351 7.8558 0.6890
v -0.2446 7.9672 0.6741
v -0.2351 8.0954 0.6306
v -0.2029 8.1797 0.5469
v -0.1210 8.1473 0.4145
v -0.0825 8.0578 0.3698
v -0.1339 7.5760 0.5419
v -0.2099 7.6427 0.5919
v -0.2702 7.7333 0.6214
v -0.3088 7.8391 0.6274
v -0.3222 7.9496 0.6093
v -0.3088 8.0787 0.5689
v -0.2607 8.1665 0.4986
v -0.1500 8.1407 0.3903
v -0.0963 8.0547 0.3583
v -0.1511 7.5690 0.5161
v -0.2425 7.6294 0.5430
v -0.3150 7.7150 0.5540
v -0.3616 7.8175 0.5482
v -0.3776 7.9270 0.5260
v -0.3616 8.0572 0.4897
v -0.3020 8.1497 0.4366
v -0.1708 8.1322 0.3591
v -0.1062 8.0507 0.3434
v -0.1600 7.5610 0.4868
v -0.2595 7.6142 0.4871
v -0.3384 7.6941 0.4772
v -0.3891 7.7930 0.4578
v -0.4066 7.9011 0.4310
v -0.3891 8.0326 0.3994
v -0.3235 8.1304 0.3658
v -0.1816 8.1225 0.3236
v -0.1113 8.0461 0.3265
v -0.1600 7.5527 0.4562
v -0.2595 7.5984 0.4289
v -0.3384 7.6723 0.3971
v -0.3891 7.7674 0.3637
v -0.4066 7.8742 0.3320
v -0.3891 8.0070 0.3052
v -0.3235 8.1104 0.2921
v -0.1816 8.1125 0.2865
v -0.1113 8.0413 0.3089
v -0.1062 7.7437 0.3956
v -0.1588 7.7658 0.3647
v -0.3150 7.6514 0.3202
v -0.3616 7.7428 0.2733
v -0.3776 7.8484 0.2370
v -0.3616 7.9824 0.2149
v -0.3020 8.0911 0.2213
v -0.1708 8.1028 0.2510
v -0.1062 8.0367 0.2920
v -0.1339 7.5377 0.4011
v -0.2099 7.5699 0.3242
v -0.2702 7.6331 0.2528
v -0.3088 7.7213 0.1941
v -0.3222 7.8257 0.1538
v -0.3088 7.9609 0.1357
v -0.2607 8.0743 0.1592
v -0.1500 8.0943 0.2198
v -0.0963 8.0326 0.2772
v -0.1100 7.5323 0.3810
v -0.1643 7.5595 0.2860
v -0.2074 7.6189 0.2004
v -0.2351 7.7045 0.1325
v -0.2446 7.8081 0.0889
v -0.2351 7.9441 0.0740
v -0.2029 8.0611 0.1109
v -0.1210 8.0877 0.1955
v -0.0825 8.0295 0.2657
v -0.0811 7.5288 0.3683
v -0.1095 7.5529 0.2619
v -0.1319 7.6098 0.1671
v -0.1463 7.6939 0.0934
v -0.1513 7.7969 0.0478
v -0.1463 7.9335 0.0349
v -0.1334 8.0528 0.0803
v -0.0861 8.0836 0.1801
v -0.0659 8.0275 0.2584
v -0.0498 7.5276 0.3640
v -0.0498 7.5507 0.2536
v -0.0498 7.6067 0.1557
v -0.0498 7.6902 0.0800
v -0.0498 7.7931 0.0337
v -0.0498 7.9299 0.0215
v -0.0577 8.0499 0.0698
v -0.0481 8.0821 0.1749
v -0.0478 8.0268 0.2558
v -0.0184 7.5288 0.3683
v 0.0099 7.5529 0.2619
v 0.0324 7.6098 0.1671
v 0.0468 7.6939 0.0934
v 0.0518 7.7969 0.0478
v 0.0468 7.9335 0.0349
v 0.0179 8.0528 0.0803
v -0.0101 8.0836 0.1801
v -0.0298 8.0275 0.2584
v 0.0105 7.5323 0.3810
v 0.0648 7.5595 0.2860
v 0.1079 7.6189 0.2004
v 0.1356 7.7045 0.1325
v 0.1451 7.8081 0.0889
v 0.1356 7.9441 0.0740
v 0.0875 8.0611 0.1109
v 0.0249 8.0877 0.1955
v -0.0132 8.0295 0.2657
v 0.0344 7.5377 0.4011
v 0.1104 7.5699 0.3242
v 0.1706 7.6331 0.2528
v 0.2093 7.7213 0.1941
v 0.2226 7.8257 0.1538
v 0.2093 7.9609 0.1357
v 0.1452 8.0743 0.1592
v 0.0539 8.0943 0.2198
v 0.0006 8.0326 0.2772
v 0.0516 7.5447 0.4268
v 0.1430 7.5832 0.3731
v 0.2155 7.6514 0.3202
v 0.2621 7.7428 0.2733
v 0.2781 7.8484 0.2370
v 0.2621 7.9824 0.2149
v 0.1866 8.0911 0.2213
v 0.0746 8.1028 0.2510
v 0.0105 8.0367 0.2920
v 0.0605 7.5527 0.4562
v 0.1599 7.5984 0.4289
v 0.2389 7.6723 0.3971
v 0.2896 7.7674 0.3637
v 0.3070 7.8742 0.3320
v 0.2896 8.0070 0.3052
v 0.2081 8.1104 0.2921
v 0.0855 8.1125 0.2865
v 0.0156 8.0413 0.3089
v 0.0605 7.5610 0.4868
v 0.1599 7.6142 0.4871
v 0.2389 7.6941 0.4772
v 0.2896 7.7930 0.4578
v 0.3070 7.9011 0.4310
v 0.2896 8.0326 0.3994
v 0.2081 8.1304 0.3658
v 0.0855 8.1225 0.3236
v 0.0156 8.0461 0.3265
v 0.0516 7.5690 0.5161
v 0.1430 7.6294 0.5430
v 0.2155 7.7150 0.5540
v 0.2621 7.8175 0.5482
v 0.2781 7.9270 0.5260
v 0.2621 8.0572 0.4897
v 0.1866 8.1497 0.4366
v 0.0746 8.1322 0.3591
v 0.0105 8.0507 0.3434
v 0.0344 7.5760 0.5419
v 0.1104 7.6427 0.5919
v 0.1706 7.7333 0.6214
v 0.2093 7.8391 0.6274
v 0.2226 7.9496 0.6093
v 0.2093 8.0787 0.5689
v 0.1452 8.1665 0.4986
v 0.0539 8.1407 0.3903
v 0.0006 8.0547 0.3583
v 0.0105 7.5814 0.5619
v 0.0648 7.6530 0.6300
v 0.1079 7.7476 0.6738
v 0.1356 7.8558 0.6890
v 0.1451 7.9672 0.6741
v 0.1356 8.0954 0.6306
v 0.0875 8.1797 0.5469
v 0.0249 8.1473 0.4145
v -0.0132 8.0578 0.3698
v -0.0184 7.5849 0.5746
v 0.0099 7.6596 0.6542
v 0.0324 7.7566 0.7071
v 0.0468 7.8665 0.7282
v 0.0518 7.9784 0.7153
v 0.0468 8.1061 0.6697
v 0.0179 8.1880 0.5776
v -0.0101 8.1515 0.4299
v -0.0298 8.0598 0.3771
v -0.0251 7.3967 1.6646
v -0.0293 7.4173 1.6555
v -0.2991 7.2835 1.6374
v -0.2955 7.2626 1.6447
v -0.5711 7.0986 1.5095
v -0.5626 7.0798 1.5148
v -0.7661 6.9077 1.3327
v -0.7590 6.8897 1.3415
v -0.9159 6.7157 1.1438
v -0.9083 6.6985 1.1491
v -0.9568 6.5695 0.8365
v -0.9495 6.5522 0.8437
v -0.9118 6.4932 0.5818
v -0.9023 6.4710 0.5888
v -0.8243 6.4121 0.2966
v -0.8099 6.3877 0.3050
v -0.6267 6.3070 0.0245
v -0.6210 6.2860 0.0267
v -0.4884 6.1894 -0.2585
v -0.4823 6.1722 -0.2691
v -0.3199 6.1275 -0.4004
v -0.3170 6.1110 -0.4047
v -0.1396 6.0996 -0.4694
v -0.1399 6.0822 -0.4743
v 0.7838 6.3289 0.3581
v 0.6110 6.2399 0.0632
v 0.6158 6.2560 0.0561
v 0.7922 6.3494 0.3514
v 0.3558 5.8698 -0.2443
v 0.4253 5.9413 -0.0628
v 0.4205 5.9316 -0.0547
v 0.3531 5.8600 -0.2387
v 0.6321 6.3557 0.8933
v 0.6431 6.5495 1.0281
v 0.6271 6.5387 1.0298
v 0.6114 6.3464 0.8958
v 0.2129 7.1695 1.6072
v -0.0233 7.0777 1.6745
v -0.0240 7.0639 1.6664
v 0.2101 7.1537 1.6010
v -0.4270 5.8757 -0.3230
v -0.2927 5.8561 -0.4506
v -0.2875 5.8472 -0.4488
v -0.4238 5.8658 -0.3198
v 0.5218 7.3855 1.2283
v 0.5030 7.4064 1.2664
v 0.5015 7.4020 1.2696
v 0.5206 7.3812 1.2314
v 0.0186 5.8349 -0.4953
v 0.0821 5.8684 -0.5395
v 0.0818 5.8612 -0.5375
v 0.0321 5.8286 -0.4878
v 0.4874 5.9857 0.2512
v 0.5574 6.0452 0.5370
v 0.5365 6.0370 0.5474
v 0.4766 5.9748 0.2648
v -0.2484 6.9691 1.6508
v -0.4570 6.8387 1.5220
v -0.4477 6.8273 1.5122
v -0.2417 6.9560 1.6412
v -0.6548 6.4990 1.1850
v -0.6478 6.2889 0.9298
v -0.6281 6.2788 0.9324
v -0.6367 6.4961 1.1834
v 0.3836 7.2958 1.4533
v 0.3803 7.2838 1.4536
v 0.6425 6.7299 1.1337
v 0.6029 6.8952 1.2165
v 0.5914 6.8794 1.2180
v 0.6283 6.7165 1.1344
v -0.5505 6.0526 0.4497
v -0.5077 5.9987 0.1014
v -0.5014 5.9889 0.1076
v -0.5379 6.0401 0.4569
v 0.6214 6.1511 0.7446
v 0.5975 6.1418 0.7507
v -0.6003 6.6703 1.3600
v -0.5888 6.6630 1.3521
v -0.6028 6.1173 0.7080
v -0.5849 6.1025 0.7136
v 0.5771 7.0846 1.2627
v 0.5714 7.0694 1.2683
v 0.1569 5.8522 -0.3608
v 0.1548 5.8432 -0.3575
v 0.3693 5.9346 -0.2768
v 0.4526 6.0043 -0.1104
v 0.4494 5.9903 -0.1033
v 0.3692 5.9190 -0.2725
v 0.7442 6.3602 0.8756
v 0.7662 6.5631 1.0113
v 0.7527 6.5493 1.0179
v 0.7266 6.3473 0.8821
v 0.2469 7.2982 1.6393
v -0.0073 7.2044 1.7050
v -0.0073 7.1910 1.7037
v 0.2473 7.2851 1.6404
v -0.4462 5.9474 -0.3365
v -0.3128 5.9250 -0.4633
v -0.3100 5.9115 -0.4668
v -0.4416 5.9353 -0.3461
v 0.0747 5.9027 -0.4437
v 0.0708 5.9143 -0.5168
v 0.0704 5.9036 -0.5166
v 0.0779 5.8901 -0.4440
v 0.5259 6.0644 0.1720
v 0.6109 6.1088 0.4597
v 0.5907 6.0994 0.4709
v 0.5158 6.0517 0.1837
v -0.2935 7.0763 1.6925
v -0.5327 6.9149 1.5852
v -0.5315 6.9040 1.5894
v -0.2926 7.0639 1.6944
v 0.2435 5.9070 -0.3658
v 0.2440 5.8932 -0.3637
v -0.7781 6.5344 1.1946
v -0.7952 6.3492 0.9078
v -0.7779 6.3353 0.9117
v -0.7646 6.5235 1.1970
v 0.5120 7.4337 1.2475
v 0.4115 7.3829 1.4540
v 0.4111 7.3709 1.4559
v 0.5111 7.4291 1.2510
v 0.7372 6.7771 1.1174
v 0.6848 6.9710 1.2030
v 0.6766 6.9533 1.2093
v 0.7255 6.7615 1.1232
v -0.6236 6.1010 0.3665
v -0.5407 6.0286 0.0449
v -0.5355 6.0149 0.0488
v -0.6111 6.0881 0.3739
v 0.6871 6.1944 0.6924
v 0.6654 6.1824 0.7006
v -0.6909 6.7265 1.4189
v -0.6846 6.7155 1.4210
v -0.7182 6.2071 0.6429
v -0.7003 6.1909 0.6486
v 0.6156 7.1670 1.2328
v 0.5295 7.4121 1.2093
v 0.5282 7.4074 1.2132
v 0.6119 7.1531 1.2399
v 0.8323 6.4428 0.3233
v 0.6566 6.3403 0.0394
v 0.6671 6.3683 0.0326
v 0.8378 6.4733 0.3113
v 0.8442 6.5326 0.2853
v 0.6857 6.4238 0.0181
v 0.6962 6.4518 0.0113
v 0.8497 6.5631 0.2733
v 0.8744 6.5791 0.5563
v 0.8766 6.6089 0.5422
v 0.8801 6.6675 0.5136
v 0.8823 6.6974 0.4995
v -0.9208 6.7768 1.1081
v -0.7943 6.9910 1.3140
v -0.8031 7.0150 1.3096
v -0.9232 6.8003 1.0959
v -0.9246 6.8690 1.0658
v -0.8188 7.0687 1.2995
v -0.8277 7.0924 1.2951
v -0.9269 6.8926 1.0535
v 0.5143 6.2884 -0.1754
v 0.5205 6.3107 -0.1781
v 0.5303 6.3562 -0.1824
v 0.5366 6.3785 -0.1852
v 0.2080 7.5629 1.5000
v 0.4169 7.5960 1.3269
v 0.4170 7.6151 1.3114
v 0.2104 7.5817 1.4876
v 0.2154 7.6194 1.4630
v 0.4170 7.6532 1.2806
v 0.4170 7.6722 1.2652
v 0.2179 7.6382 1.4506
v -0.8311 6.4797 0.2692
v -0.9186 6.5517 0.5495
v -0.9207 6.5761 0.5381
v -0.8328 6.5041 0.2600
v -0.8440 6.5605 0.2370
v -0.9330 6.6464 0.5065
v -0.9350 6.6708 0.4952
v -0.8456 6.5849 0.2278
v -0.3066 6.1948 -0.3895
v -0.4919 6.2697 -0.2555
v -0.4955 6.2946 -0.2509
v -0.3034 6.2217 -0.3849
v -0.2904 6.2818 -0.3743
v -0.4831 6.3473 -0.2584
v -0.4854 6.3742 -0.2560
v -0.2864 6.3086 -0.3697
v 0.6257 7.4562 1.0751
v 0.7491 7.2845 1.0406
v 0.7450 7.3112 1.0205
v 0.6217 7.4788 1.0620
v 0.6165 7.5218 1.0376
v 0.7432 7.3681 0.9774
v 0.7393 7.3937 0.9583
v 0.6123 7.5440 1.0249
v 0.8860 6.9033 0.8684
v 0.8829 6.7592 0.7424
v 0.8848 6.7878 0.7286
v 0.8877 6.9287 0.8556
v 0.8866 6.9973 0.8153
v 0.8878 6.8479 0.6987
v 0.8897 6.8769 0.6846
v 0.8885 7.0238 0.8016
v -0.5920 7.1937 1.4684
v -0.3142 7.3779 1.5723
v -0.3134 7.4018 1.5587
v -0.5968 7.2168 1.4592
v -0.6063 7.2630 1.4407
v -0.3116 7.4495 1.5316
v -0.3107 7.4734 1.5180
v -0.6111 7.2861 1.4314
v -0.9588 6.6240 0.8020
v -0.9602 6.6483 0.7896
v -0.9654 6.7264 0.7551
v -0.9667 6.7507 0.7426
v 0.3903 6.2449 -0.3145
v 0.2557 6.2104 -0.3987
v 0.2614 6.2334 -0.3978
v 0.3951 6.2670 -0.3141
v 0.3984 6.3112 -0.3160
v 0.2663 6.2788 -0.4007
v 0.2711 6.3016 -0.4001
v 0.4029 6.3336 -0.3157
v -0.6506 6.3808 -0.0015
v -0.6577 6.4052 -0.0096
v -0.6679 6.4533 -0.0359
v -0.6755 6.4778 -0.0436
v 0.4941 7.5852 1.1324
v 0.4923 7.5998 1.1229
v 0.4771 7.5904 1.1100
v 0.4753 7.6051 1.1005
v 0.8431 7.0844 0.9856
v 0.8399 7.1124 0.9674
v 0.8324 7.1874 0.9152
v 0.8292 7.2152 0.8971
v -0.1269 6.1518 -0.4262
v -0.1220 6.1777 -0.4217
v -0.1197 6.2496 -0.4252
v -0.1151 6.2758 -0.4212
v -0.0415 6.1700 -0.4157
v -0.0387 6.1944 -0.4145
v 0.0658 6.2710 -0.4356
v 0.0654 6.3032 -0.4392
v 0.0440 6.1882 -0.3851
v 0.0446 6.2110 -0.3872
v -0.0452 7.4906 1.5905
v -0.0430 7.5104 1.5779
v -0.0387 7.5499 1.5526
v -0.0365 7.5697 1.5400
v 0.5058 7.5663 1.1110
v 0.5036 7.5801 1.1006
v 0.4925 7.5712 1.0860
v 0.4903 7.5849 1.0757
v 0.2203 7.4793 1.5663
v 0.2168 7.4982 1.5561
v -0.0211 7.3167 1.6867
v -0.0171 7.2957 1.6956
v 0.2416 7.4030 1.6187
v 0.2381 7.4216 1.6086
v 0.4212 7.5234 1.3880
v 0.4225 7.5360 1.3798
v 0.4116 7.4601 1.4321
v 0.4126 7.4717 1.4238
v -0.3050 7.1786 1.6681
v -0.3015 7.1577 1.6759
v -0.5532 7.0041 1.5525
v -0.5446 6.9853 1.5577
v -0.7349 6.8091 1.3896
v -0.7276 6.7909 1.3982
v -0.8644 6.6001 1.1747
v -0.8568 6.5826 1.1800
v -0.8894 6.4750 0.8750
v -0.8821 6.4576 0.8822
v -0.8253 6.3529 0.6171
v -0.8157 6.3303 0.6241
v -0.7164 6.2325 0.3405
v -0.7021 6.2081 0.3489
v -0.5806 6.1516 0.0373
v -0.5748 6.1307 0.0396
v -0.4614 6.0652 -0.2966
v -0.4562 6.0475 -0.3064
v -0.3103 6.0641 -0.4443
v -0.3078 6.0488 -0.4505
v -0.1477 6.0446 -0.4597
v -0.1480 6.0256 -0.4653
v 0.4997 7.5305 1.1677
v 0.4993 7.5412 1.1598
v 0.5159 7.4667 1.2222
v 0.5155 7.4773 1.2143
v 0.5176 7.5420 1.1482
v 0.5188 7.5308 1.1534
v 0.6347 7.3729 1.1215
v 0.6346 7.3922 1.1112
v 0.5330 7.4566 1.1806
v 0.5341 7.4450 1.1862
v 0.6325 7.2459 1.1939
v 0.6326 7.2659 1.1831
v 0.7361 7.1963 1.1009
v 0.7371 7.2164 1.0902
v 0.7272 7.0742 1.1653
v 0.7282 7.0935 1.1557
v 0.8194 6.9896 1.0418
v 0.8221 7.0075 1.0331
v 0.8096 6.8783 1.0817
v 0.8116 6.8968 1.0735
v 0.8679 6.8052 0.9195
v 0.8711 6.8221 0.9101
v 0.8581 6.6596 0.9769
v 0.8617 6.6788 0.9664
v 0.8852 6.6468 0.7949
v 0.8887 6.6673 0.7879
v 0.8500 6.4682 0.8426
v 0.8549 6.4884 0.8357
v 0.8659 6.4628 0.6046
v 0.8712 6.4835 0.5973
v 0.8061 6.2962 0.6478
v 0.8114 6.3164 0.6405
v 0.7225 6.1749 0.3985
v 0.7305 6.1950 0.3918
v 0.4977 6.2022 -0.1674
v 0.5007 6.2205 -0.1694
v 0.5917 6.1444 0.0971
v 0.5868 6.1282 0.1043
v 0.4831 6.0855 -0.1545
v 0.4863 6.1037 -0.1565
v 0.3803 6.1785 -0.3171
v 0.3797 6.1578 -0.3164
v 0.2413 6.1246 -0.3984
v 0.2415 6.1460 -0.3991
v 0.3775 6.0528 -0.3075
v 0.3768 6.0322 -0.3067
v 0.2420 5.9973 -0.3846
v 0.2418 6.0186 -0.3856
v 0.1369 6.1329 -0.3844
v 0.1338 6.1141 -0.3815
v 0.0983 6.0963 -0.2597
v 0.1005 6.1190 -0.2569
v 0.0662 5.9958 -0.2923
v 0.0632 6.0187 -0.2840
v 0.0100 6.1433 -0.3895
v 0.0148 6.1165 -0.3998
v 0.0422 6.0192 -0.3809
v 0.0443 5.9965 -0.3890
v 0.3697 5.9815 -0.2898
v 0.4620 6.0464 -0.1318
v 0.4589 6.0324 -0.1247
v 0.3696 5.9659 -0.2855
v 0.8063 6.4212 0.8576
v 0.8138 6.6204 0.9930
v 0.8005 6.6069 0.9996
v 0.7887 6.4083 0.8642
v 0.2365 7.3468 1.6239
v -0.0129 7.2495 1.7019
v -0.0127 7.2360 1.7007
v 0.2369 7.3338 1.6250
v -0.4534 5.9923 -0.3196
v -0.3163 5.9649 -0.4544
v -0.3136 5.9514 -0.4580
v -0.4489 5.9803 -0.3290
v 0.0673 5.9403 -0.4418
v 0.0721 5.9464 -0.5172
v 0.0717 5.9357 -0.5171
v 0.0706 5.9277 -0.4421
v 0.5561 6.1027 0.1369
v 0.6753 6.1477 0.4267
v 0.6550 6.1382 0.4379
v 0.5461 6.0902 0.1486
v 0.2420 5.9482 -0.3724
v 0.2425 5.9345 -0.3702
v -0.8186 6.5649 1.1877
v -0.8463 6.3899 0.8985
v -0.8291 6.3761 0.9024
v -0.8051 6.5541 1.1900
v 0.5146 7.4476 1.2368
v 0.4080 7.4238 1.4422
v 0.4075 7.4120 1.4439
v 0.5136 7.4431 1.2402
v 0.7771 6.8334 1.0984
v 0.7110 7.0248 1.1842
v 0.7029 7.0075 1.1905
v 0.7655 6.8180 1.1043
v -0.6575 6.1421 0.3601
v -0.5543 6.0708 0.0428
v -0.5491 6.0571 0.0467
v -0.6448 6.1293 0.3676
v 0.7602 6.2514 0.6693
v 0.7383 6.2390 0.6774
v -0.5075 6.9519 1.5474
v -0.6961 6.7603 1.4009
v -0.6900 6.7492 1.4032
v -0.5064 6.9410 1.5517
v -0.7694 6.2580 0.6361
v -0.7513 6.2418 0.6419
v 0.6259 7.2048 1.2143
v 0.5331 7.4255 1.1982
v 0.5318 7.4208 1.2021
v 0.6224 7.1911 1.2213
v -0.2841 7.1155 1.6763
v -0.2830 7.1032 1.6779
v 0.3638 5.8993 -0.2612
v 0.4398 5.9706 -0.0871
v 0.4350 5.9608 -0.0790
v 0.3612 5.8895 -0.2556
v 0.6956 6.3677 0.8865
v 0.7293 6.5726 1.0222
v 0.7131 6.5617 1.0238
v 0.6748 6.3584 0.8890
v 0.2342 7.2198 1.6194
v -0.0151 7.1254 1.6950
v -0.0160 7.1117 1.6868
v 0.2313 7.2041 1.6131
v -0.4356 5.9052 -0.3341
v -0.3044 5.8841 -0.4589
v -0.2991 5.8752 -0.4572
v -0.4324 5.8953 -0.3307
v 0.0134 5.8613 -0.5011
v 0.0829 5.8899 -0.5452
v 0.0826 5.8828 -0.5432
v 0.0270 5.8549 -0.4935
v 0.4938 6.0134 0.2108
v 0.5517 6.0686 0.4914
v 0.5309 6.0527 0.5018
v 0.4830 5.9974 0.2244
v -0.2693 7.0156 1.6780
v -0.4876 6.8705 1.5571
v -0.4788 6.8590 1.5479
v -0.2626 7.0025 1.6684
v 0.1633 5.8793 -0.3709
v 0.1612 5.8703 -0.3675
v -0.7302 6.5084 1.2006
v -0.7325 6.3007 0.9173
v -0.7125 6.2908 0.9195
v -0.7129 6.5061 1.1992
v 0.5076 7.4195 1.2567
v 0.4005 7.3324 1.4491
v 0.3974 7.3205 1.4493
v 0.5062 7.4151 1.2599
v 0.7001 6.7605 1.1332
v 0.6554 6.9296 1.2188
v 0.6440 6.9138 1.2202
v 0.6854 6.7473 1.1337
v -0.5782 6.0659 0.3960
v -0.5179 5.9971 0.0662
v -0.5116 5.9871 0.0723
v -0.5657 6.0533 0.4032
v 0.6527 6.1733 0.7121
v 0.6288 6.1643 0.7182
v -0.6506 6.6868 1.4080
v -0.6391 6.6795 1.4001
v -0.6572 6.1577 0.6649
v -0.6387 6.1434 0.6702
v 0.6022 7.1207 1.2526
v 0.5256 7.3986 1.2191
v 0.5244 7.3943 1.2222
v 0.5972 7.1051 1.2584
v -0.0517 7.4313 1.6284
v -0.0180 7.2672 1.7014
v 0.2272 7.3563 1.6168
v 0.2006 7.5064 1.5370
v 0.4046 7.4389 1.4362
v 0.4169 7.5389 1.3731
v -0.3169 7.3063 1.6130
v -0.2865 7.1400 1.6731
v -0.5777 7.1244 1.4962
v -0.5098 6.9736 1.5388
v -0.7655 6.9264 1.3256
v -0.7084 6.7824 1.3963
v -0.9055 6.7302 1.1400
v -0.8444 6.5917 1.1822
v -0.9339 6.5934 0.8323
v -0.8754 6.4547 0.8895
v -0.8879 6.5186 0.5779
v -0.8122 6.3400 0.6342
v -0.8107 6.4267 0.2947
v -0.6965 6.2302 0.3618
v -0.6186 6.3115 0.0277
v -0.5536 6.1228 -0.0471
v -0.3953 6.1682 -0.2521
v -0.4008 6.0275 -0.3295
v -0.2876 6.1369 -0.3874
v -0.2374 6.0166 -0.3854
v -0.0751 6.1010 -0.4551
v -0.0227 5.9893 -0.3949
v 0.4609 7.3956 1.2263
v 0.4579 7.4807 1.1634
v 0.4963 7.4735 1.1481
v 0.5059 7.3838 1.1901
v 0.6360 7.2452 1.1874
v 0.6348 7.3938 1.1099
v 0.7327 7.0908 1.1483
v 0.7393 7.2390 1.0729
v 0.8045 6.9043 1.0723
v 0.8263 7.0493 1.0011
v 0.8426 6.6961 0.9779
v 0.8717 6.8429 0.8943
v 0.8441 6.5070 0.8423
v 0.8772 6.6713 0.7854
v 0.8060 6.3257 0.6511
v 0.8490 6.4907 0.5929
v 0.7167 6.1881 0.4035
v 0.7811 6.3530 0.3492
v 0.6145 6.2566 0.0567
v 0.6920 6.4815 0.0005
v 0.8219 6.5973 0.2522
v 0.4844 6.0815 0.0482
v 0.4113 6.0399 -0.1641
v 0.4924 6.2228 -0.1643
v 0.3711 6.1796 -0.3072
v 0.3567 6.0249 -0.2540
v 0.2385 5.9962 -0.3428
v 0.2376 6.1467 -0.3845
v 0.0620 5.9560 -0.3095
v 0.0368 6.1016 -0.2619
v 0.8670 6.7291 0.4808
v -0.8365 7.1162 1.2907
v -0.9229 6.9196 1.0419
v 0.5429 6.4007 -0.1880
v 0.4171 7.6913 1.2497
v 0.2203 7.6570 1.4383
v -0.9047 6.7129 0.4872
v -0.8244 6.6219 0.2210
v -0.4876 6.4063 -0.2252
v -0.2842 6.3393 -0.3491
v 0.7195 7.4322 0.9289
v 0.6073 7.5668 1.0116
v 0.8900 6.9076 0.6691
v 0.8737 7.0663 0.7752
v -0.3098 7.4973 1.5044
v -0.6159 7.3093 1.4221
v 0.8281 6.7635 0.1720
v 0.7124 6.6458 -0.0444
v 0.6920 6.6943 -0.0490
v 0.8082 6.8097 0.1559
v -0.9429 6.7889 0.7328
v 0.2758 6.3281 -0.3828
v 0.4075 6.3575 -0.3082
v -0.6777 6.5074 -0.0386
v 0.4433 7.5977 1.0874
v 0.7964 7.2683 0.8590
v -0.1163 6.3045 -0.4216
v 0.0885 6.2973 -0.3811
v -0.0344 7.5895 1.5273
v 0.4790 7.5837 1.0653
v 0.3109 6.5154 -0.3696
v 0.1213 6.4804 -0.3828
v 0.1233 6.5434 -0.3794
v 0.3075 6.5749 -0.3397
v -0.6018 7.4294 1.3555
v -0.2969 7.6026 1.4316
v -0.2791 7.6214 1.3843
v -0.5743 7.4540 1.3095
v 0.4597 7.6979 1.0081
v 0.5678 7.6445 0.9569
v 0.5194 7.6559 0.9424
v 0.4342 7.6993 0.9883
v 0.5524 6.5793 -0.2109
v 0.5356 6.6318 -0.1978
v 0.2102 7.7622 1.3008
v 0.4047 7.7716 1.1149
v 0.3837 7.7798 1.0822
v 0.2034 7.7790 1.2549
v -0.1081 6.4743 -0.4253
v -0.2874 6.4901 -0.3704
v -0.2781 6.5429 -0.3556
v -0.0962 6.5297 -0.4045
v 0.8060 6.9106 0.1045
v 0.7109 6.8156 -0.1083
v 0.6953 6.9926 -0.1587
v 0.7797 7.0820 0.0164
v -0.5038 6.5385 -0.2639
v -0.7290 6.6358 -0.0847
v -0.7101 6.6792 -0.0811
v -0.4911 6.5837 -0.2512
v 0.8794 7.0684 0.5698
v 0.8696 6.9020 0.3773
v 0.8433 6.9432 0.3570
v 0.8414 7.1038 0.5493
v -0.8383 6.7324 0.1649
v -0.8923 6.8283 0.4281
v -0.8644 6.8641 0.4119
v -0.8183 6.7708 0.1555
v 0.7909 7.3776 0.7947
v 0.8561 7.1918 0.6979
v 0.8202 7.2251 0.6746
v 0.7600 7.4063 0.7702
v -0.9224 6.9203 0.6764
v -0.8862 7.0642 0.9672
v -0.8554 7.1028 0.9364
v -0.8928 6.9586 0.6575
v -0.8328 7.2428 1.2254
v -0.7954 7.2748 1.1792
v 0.7219 7.5206 0.8768
v 0.6944 7.5386 0.8554
v 0.4145 6.5393 -0.3085
v 0.4036 6.5975 -0.2821
v -0.0285 7.6918 1.3997
v -0.0237 7.7074 1.3514
v 0.4446 7.7147 1.0242
v 0.4231 7.7190 1.0041
v 0.1390 6.7069 -0.4293
v -0.0910 6.6960 -0.4795
v -0.0837 6.9300 -0.5064
v 0.1423 6.9327 -0.4474
v -0.7685 7.3997 1.1194
v -0.5696 7.5366 1.2633
v -0.5356 7.6289 1.1697
v -0.6978 7.5337 1.0240
v 0.5477 7.7340 0.9177
v 0.6984 7.6192 0.8248
v 0.6545 7.6960 0.7587
v 0.5438 7.7943 0.8499
v 0.4144 6.7458 -0.3236
v 0.3220 6.7277 -0.4204
v 0.3299 6.9370 -0.4220
v 0.4302 6.9431 -0.3679
v -0.3113 7.6872 1.3376
v -0.0656 7.7831 1.3144
v -0.1140 7.8493 1.2193
v -0.3360 7.7482 1.2308
v 0.3362 7.8528 1.0851
v 0.4016 7.8203 1.0123
v 0.3831 7.8961 0.9519
v 0.2890 7.9221 1.0190
v 0.1693 7.8554 1.2333
v 0.1092 7.9146 1.1465
v -0.3051 6.7108 -0.4281
v -0.5327 6.7461 -0.3190
v -0.5217 6.9712 -0.3392
v -0.3130 6.9484 -0.4641
v 0.8367 7.0400 0.3004
v 0.7930 7.1999 0.2037
v -0.7280 6.8177 -0.1364
v -0.8468 6.9248 0.0788
v -0.7955 7.1115 0.0112
v -0.6910 7.0139 -0.1793
v 0.8112 7.3311 0.6146
v 0.8251 7.1946 0.4848
v 0.7729 7.3250 0.3840
v 0.7545 7.4499 0.5345
v -0.8891 7.0308 0.3336
v -0.9104 7.1377 0.5972
v -0.8716 7.3449 0.5145
v -0.8582 7.2303 0.2476
v 0.7611 7.4928 0.7220
v 0.7114 7.5838 0.6526
v -0.8605 7.2639 0.8778
v -0.8100 7.4460 0.7847
v 0.4468 7.7867 0.9796
v 0.4477 7.8610 0.9106
v 0.5417 6.7732 -0.2267
v 0.5534 6.9570 -0.2755
v -0.0769 7.2393 -0.4859
v -0.2952 7.2555 -0.4288
v -0.4930 7.2399 -0.3293
v -0.6453 7.2075 -0.2245
v 0.1438 7.2054 -0.4370
v 0.3384 7.1942 -0.4151
v 0.4530 7.1865 -0.3888
v 0.6745 7.1443 -0.2060
v 0.5677 7.1693 -0.3014
v 0.0367 8.0035 0.9832
v -0.0225 8.0347 0.7385
v -0.2368 7.9920 0.8080
v -0.1660 7.9330 1.0772
v -0.0460 7.9852 0.4635
v -0.2775 7.9550 0.5479
v -0.0629 7.8972 0.1353
v -0.3027 7.8836 0.2051
v -0.0680 7.7244 -0.1454
v -0.2949 7.7126 -0.0843
v -0.0704 7.5086 -0.3462
v -0.2855 7.5042 -0.2886
v -0.3939 7.8515 0.9026
v -0.3445 7.8193 1.1118
v -0.5230 7.8673 0.6141
v -0.5604 7.8052 0.2947
v -0.5367 7.6489 0.0019
v -0.4996 7.4579 -0.1994
v -0.6138 7.7020 0.9477
v -0.5168 7.7179 1.1003
v -0.7238 7.6761 0.6977
v -0.7828 7.6078 0.3999
v -0.7530 7.4795 0.1230
v -0.7026 7.3374 -0.0968
v 0.2395 7.9731 0.8764
v 0.1926 7.9743 0.6625
v 0.1682 7.9392 0.3922
v 0.1611 7.8502 0.1017
v 0.1526 7.6827 -0.1498
v 0.1493 7.4694 -0.3396
v 0.3772 7.9400 0.7993
v 0.3447 7.9215 0.6018
v 0.3352 7.8754 0.3575
v 0.3440 7.7916 0.0948
v 0.3474 7.6475 -0.1494
v 0.3452 7.4454 -0.3300
v 0.4501 7.9001 0.7625
v 0.4289 7.8755 0.5772
v 0.4274 7.8201 0.3550
v 0.4464 7.7358 0.1143
v 0.4654 7.6066 -0.1224
v 0.4623 7.4199 -0.2984
v 0.6238 7.7522 0.6934
v 0.6409 7.6894 0.5904
v 0.5377 7.8011 0.5661
v 0.5421 7.8333 0.7233
v 0.6527 7.5896 0.4464
v 0.5404 7.7261 0.3809
v 0.6765 7.4852 0.2704
v 0.5687 7.6383 0.1692
v 0.7125 7.3785 0.0768
v 0.5933 7.5193 -0.0441
v 0.7099 7.2562 -0.0943
v 0.5991 7.3680 -0.2215
v 0.3617 5.9377 -0.2507
v 0.4024 5.9499 -0.1651
v 0.4166 5.8766 -0.1989
v 0.3586 5.8737 -0.2673
v 0.7386 6.4303 0.8814
v 0.7628 6.6188 1.0173
v 0.6314 6.5575 1.0289
v 0.6262 6.3783 0.8967
v 0.2295 7.2776 1.6234
v -0.0165 7.1871 1.6950
v -0.0208 7.1046 1.6458
v 0.2125 7.1852 1.5851
v -0.4043 5.9151 -0.3908
v -0.2047 5.9133 -0.4009
v -0.1596 5.8410 -0.4569
v -0.3257 5.8315 -0.4179
v 0.4984 7.3559 1.2129
v 0.4580 7.3645 1.2502
v 0.4494 7.3390 1.2689
v 0.4909 7.3300 1.2313
v 0.0409 5.9141 -0.4033
v 0.0909 5.8922 -0.3329
v 0.0737 5.8474 -0.3704
v 0.0843 5.8644 -0.4140
v 0.4570 6.0066 0.0369
v 0.5952 6.1302 0.4707
v 0.5395 6.0699 0.5482
v 0.4384 5.8903 0.0086
v -0.2794 7.0665 1.6827
v -0.5031 6.9084 1.5645
v -0.4504 6.8401 1.5083
v -0.2393 6.9878 1.6251
v 0.2078 5.9175 -0.3377
v 0.1627 5.8608 -0.3577
v -0.7631 6.5275 1.1963
v -0.7724 6.3738 0.9146
v -0.6535 6.3167 0.9295
v -0.6596 6.5154 1.1872
v 0.4011 7.3667 1.4463
v 0.3814 7.2978 1.4465
v 0.7343 6.8140 1.1116
v 0.6845 6.9909 1.1868
v 0.6166 6.8974 1.1948
v 0.6451 6.7340 1.1196
v -0.6202 6.1533 0.4069
v -0.5101 6.0164 -0.0843
v -0.4599 5.9268 -0.1162
v -0.5449 6.0782 0.4501
v 0.6749 6.2484 0.7000
v 0.6354 6.1815 0.7120
v -0.6717 6.7160 1.4101
v -0.6025 6.6724 1.3631
v -0.7050 6.2428 0.6711
v -0.5953 6.1537 0.7047
v 0.6156 7.1676 1.2259
v 0.5871 7.0805 1.2539
v -0.1011 5.9026 -0.7191
v -0.0862 5.9039 -0.7219
v 0.0171 5.8219 -0.6739
v 0.0118 5.8200 -0.6689
v 0.1774 6.7878 -0.5653
v 0.1897 6.8006 -0.5602
v 0.1749 6.7607 -0.5640
v 0.1634 6.7510 -0.5651
v 0.1218 6.6331 -0.5507
v 0.1128 6.6252 -0.5511
v 0.0658 6.4369 -0.6156
v 0.0586 6.4383 -0.6146
v 0.0120 6.3070 -0.6204
v -0.0049 6.2842 -0.6094
v -0.1009 6.2363 -0.6519
v -0.1284 6.2315 -0.6413
v -0.1014 6.2149 -0.6221
v -0.1426 6.2394 -0.5759
v -0.1783 6.1050 -0.6845
v -0.1961 6.0950 -0.6809
v -0.1839 6.0920 -0.6820
v -0.2050 6.0659 -0.6792
v -0.1746 6.0016 -0.7095
v -0.1880 5.9987 -0.7090
v 0.0378 5.8094 -0.5790
v 0.0368 5.8095 -0.5767
v 0.0341 5.8093 -0.5844
v 0.0339 5.8095 -0.5817
v -0.0897 6.5099 -0.3787
v -0.0804 6.5110 -0.3765
v -0.0124 6.5125 -0.5762
v -0.0329 6.5220 -0.5890
v 0.0232 6.4546 -0.5805
v 0.0098 6.4584 -0.5828
v 0.0402 6.4318 -0.6155
v 0.0354 6.4260 -0.6175
v 0.0850 6.3104 -0.6146
v 0.0740 6.3195 -0.6243
v 0.0964 6.1947 -0.5756
v 0.0832 6.1984 -0.5879
v 0.0807 6.1131 -0.5321
v 0.0846 6.1110 -0.5352
v 0.2296 5.9884 -0.3445
v 0.2328 5.9903 -0.3459
v 0.2301 5.9549 -0.3245
v 0.2249 5.9775 -0.3388
v -0.0661 6.6058 -0.3439
v -0.0512 6.5880 -0.3439
v -0.1567 7.3902 -0.5306
v -0.1334 7.3955 -0.5325
v -0.0122 7.2454 -0.5716
v -0.0271 7.2359 -0.5687
v 0.0502 7.0764 -0.3473
v 0.0282 7.0736 -0.3536
v 0.2260 7.9056 0.0800
v 0.2397 7.9011 0.0784
v 0.2118 7.8862 0.0350
v 0.2008 7.8926 0.0414
v 0.1715 7.8786 0.0000
v 0.1589 7.8855 0.0095
v 0.0866 7.8604 -0.0625
v 0.0706 7.8666 -0.0555
v 0.0060 7.8172 -0.1602
v -0.0136 7.8087 -0.1736
v -0.0848 7.7291 -0.2742
v -0.1087 7.7390 -0.2695
v -0.2492 7.6884 -0.2627
v -0.2732 7.6920 -0.2499
v -0.2385 7.6294 -0.3325
v -0.2482 7.6242 -0.3335
v -0.2274 7.5765 -0.3791
v -0.2440 7.5665 -0.3776
v -0.2116 7.5047 -0.4391
v -0.2387 7.4933 -0.4395
v 0.1074 6.9710 -0.3506
v 0.0860 6.9715 -0.3562
v 0.1480 6.8858 -0.3379
v 0.1280 6.8867 -0.3455
v 0.2331 6.8748 -0.5413
v 0.2139 6.8679 -0.5488
v 0.2284 6.8656 -0.5442
v 0.2091 6.8327 -0.5518
v 0.2129 6.8470 -0.5507
v 0.1949 6.8116 -0.5579
v 0.4250 7.0803 -0.4833
v 0.4337 7.0685 -0.4784
v 0.3305 6.9878 -0.5119
v 0.3217 6.9985 -0.5149
v 0.2327 6.8972 -0.5408
v 0.2250 6.9078 -0.5434
v -0.1205 7.8888 0.0665
v -0.1197 7.8903 0.0770
v -0.0821 7.8828 0.0443
v -0.0844 7.9251 0.0339
v -0.0650 7.9081 -0.0065
v -0.0694 7.9036 -0.0160
v 0.0700 6.7907 -0.3650
v 0.0634 6.7995 -0.3665
v -0.0223 6.7112 -0.3659
v -0.0301 6.7244 -0.3712
v -0.0139 7.8678 -0.0800
v -0.0218 7.8653 -0.0876
v 0.0468 7.8194 -0.1438
v 0.0398 7.8161 -0.1489
v 0.1087 7.7758 -0.1841
v 0.1030 7.7710 -0.1908
v 0.1537 7.5806 -0.0608
v 0.1473 7.5766 -0.0665
v 0.2465 7.5498 -0.0784
v 0.2404 7.5470 -0.0827
v 0.3655 7.4955 -0.0985
v 0.3581 7.4934 -0.1053
v 0.4540 7.3384 -0.1770
v 0.4410 7.3461 -0.1827
v 0.4761 7.2029 -0.2080
v 0.4658 7.2293 -0.2158
v 0.4412 7.1427 -0.2260
v 0.4279 7.1653 -0.2380
v -0.1725 6.5415 -0.5825
v -0.1532 6.5424 -0.5884
v -0.1322 6.4874 -0.6002
v -0.1422 6.4875 -0.5978
v -0.1207 6.5436 -0.5962
v -0.1017 6.5433 -0.5966
v -0.0907 6.4832 -0.6005
v -0.1065 6.4852 -0.6022
v -0.1199 6.4273 -0.6145
v -0.1097 6.4298 -0.6143
v -0.0701 6.2973 -0.6470
v -0.0798 6.2962 -0.6478
v -0.0375 6.4046 -0.6199
v -0.0142 6.4089 -0.6216
v 0.0113 6.3430 -0.6318
v -0.0096 6.3416 -0.6309
v -0.0389 6.1935 -0.6669
v -0.0275 6.1959 -0.6642
v 0.0361 6.1102 -0.6456
v 0.0187 6.1097 -0.6534
v -0.0024 6.2009 -0.6532
v 0.0108 6.2019 -0.6443
v 0.0837 6.1288 -0.5927
v 0.0682 6.1217 -0.6148
v 0.1531 6.0925 -0.5689
v 0.1694 6.0644 -0.5503
v 0.1325 6.0394 -0.5643
v 0.0809 5.9928 -0.5631
v 0.1739 6.0512 -0.5240
v 0.1259 6.0169 -0.5496
v 0.1618 5.9840 -0.5690
v 0.2196 6.0476 -0.5393
v 0.2380 5.8795 -0.5572
v 0.1679 5.8814 -0.5563
v 0.0360 5.8095 -0.5785
v 0.0384 5.8095 -0.5743
v 0.0377 5.8093 -0.5816
v 0.0365 5.8093 -0.5839
v -0.1984 6.5866 -0.5676
v -0.1814 6.5880 -0.5722
v -0.1468 6.5921 -0.5809
v -0.1284 6.5951 -0.5847
v 0.2653 7.3241 -0.4966
v 0.2965 7.3192 -0.4946
v 0.2400 7.1758 -0.5289
v 0.2042 7.1847 -0.5316
v 0.3680 7.3034 -0.4906
v 0.3991 7.2904 -0.4870
v 0.3444 7.1478 -0.5063
v 0.3106 7.1569 -0.5162
v -0.1999 7.8705 -0.0334
v -0.1805 7.8759 -0.0303
v -0.1653 7.8554 -0.0814
v -0.1854 7.8505 -0.0832
v -0.1416 7.8868 -0.0238
v -0.1223 7.8922 -0.0207
v -0.1032 7.8743 -0.0680
v -0.1239 7.8680 -0.0724
v -0.1608 7.8212 -0.1329
v -0.1354 7.8310 -0.1300
v -0.0896 7.7729 -0.2147
v -0.1141 7.7613 -0.2204
v -0.0884 7.8475 -0.1267
v -0.0736 7.8517 -0.1238
v -0.0231 7.8005 -0.1858
v -0.0508 7.7952 -0.1969
v -0.0346 7.7223 -0.2854
v -0.0127 7.7295 -0.2732
v 0.0548 7.7059 -0.2873
v 0.0324 7.6996 -0.2991
v 0.0350 7.7387 -0.2605
v 0.0569 7.7458 -0.2483
v 0.0912 7.5509 -0.1649
v 0.0995 7.6978 -0.1509
v 0.1003 7.5099 -0.1510
v 0.1220 7.5143 -0.1414
v 0.2074 7.4761 -0.1684
v 0.1835 7.4730 -0.1761
v 0.1662 7.5234 -0.1227
v 0.1879 7.5281 -0.1135
v 0.2792 7.4855 -0.1451
v 0.2553 7.4823 -0.1528
v 0.2224 7.3748 -0.2321
v 0.2483 7.3760 -0.2290
v 0.2721 7.4104 -0.3381
v 0.2422 7.4124 -0.3413
v 0.3010 7.3777 -0.2213
v 0.3283 7.3777 -0.2155
v 0.3557 7.4001 -0.3235
v 0.3222 7.4070 -0.3141
v 0.1199 7.0857 -0.5632
v 0.1516 7.0776 -0.5561
v 0.0739 6.9677 -0.5870
v 0.0454 6.9694 -0.5944
v 0.2156 7.0647 -0.5460
v 0.2466 7.0574 -0.5369
v 0.1595 6.9624 -0.5648
v 0.1309 6.9641 -0.5722
v -0.0913 6.8329 -0.4010
v -0.0190 6.8340 -0.6104
v -0.1817 6.7135 -0.5884
v -0.2055 6.7116 -0.5816
v 0.0298 6.8383 -0.5995
v 0.0542 6.8402 -0.5941
v -0.0920 6.7854 -0.4000
v -0.1305 6.7177 -0.5921
v -0.2305 6.6608 -0.5593
v -0.2128 6.6567 -0.5628
v -0.1741 6.6476 -0.5693
v -0.1567 6.6431 -0.5724
v -0.2130 7.8645 0.0426
v -0.1952 7.8722 0.0427
v -0.1597 7.8894 0.0139
v -0.1420 7.8985 0.0189
v -0.0824 6.5998 -0.5816
v -0.0726 6.6008 -0.5793
v -0.0442 6.5269 -0.5876
v -0.0556 6.5321 -0.5894
v -0.0188 6.4693 -0.5937
v -0.0335 6.4737 -0.5962
v 0.0250 6.4252 -0.6200
v 0.0197 6.4229 -0.6201
v 0.0569 6.3402 -0.6326
v 0.0487 6.3448 -0.6331
v 0.0620 6.2101 -0.6057
v 0.0521 6.2114 -0.6104
v 0.1464 6.1089 -0.5290
v 0.1349 6.1157 -0.5521
v 0.1239 6.0840 -0.5134
v 0.1235 6.0703 -0.5247
v 0.2118 5.9491 -0.2969
v 0.2939 5.9771 -0.4995
v -0.0731 6.6691 -0.3656
v -0.0951 6.6554 -0.3579
v 0.3949 7.1168 -0.4943
v 0.4031 7.1058 -0.4926
v 0.3041 7.0193 -0.5203
v 0.2953 7.0295 -0.5228
v 0.2095 6.9289 -0.5486
v 0.2017 6.9395 -0.5513
v -0.1227 7.8971 0.0350
v -0.1219 7.9021 0.0455
v -0.0911 7.9142 0.0133
v -0.0951 7.9087 0.0030
v -0.0767 7.8943 -0.0350
v -0.0798 7.8896 -0.0444
v 0.0982 6.8160 -0.5842
v 0.0916 6.8248 -0.5857
v -0.0458 6.7507 -0.3817
v -0.0536 6.7638 -0.3870
v -0.0379 7.8600 -0.1029
v -0.0458 7.8574 -0.1106
v 0.0257 7.8094 -0.1592
v 0.0186 7.8061 -0.1644
v 0.0918 7.7612 -0.2043
v 0.0861 7.7563 -0.2110
v 0.1336 7.5688 -0.0778
v 0.1269 7.5650 -0.0835
v 0.2280 7.5413 -0.0913
v 0.2219 7.5385 -0.0956
v 0.3393 7.5140 -0.4110
v 0.3301 7.5132 -0.4175
v 0.3651 7.4513 -0.4326
v 0.3543 7.4554 -0.4345
v 0.3854 7.3826 -0.4644
v 0.3669 7.3944 -0.4730
v 0.4145 7.3152 -0.4866
v 0.3978 7.3367 -0.4891
v -0.1460 5.8975 -0.7101
v -0.1309 5.8987 -0.7130
v 0.0007 5.8164 -0.6581
v -0.0047 5.8154 -0.6538
v 0.0457 5.8156 -0.5947
v 0.0398 5.8169 -0.5959
v 0.1317 6.7429 -0.5707
v 0.1483 6.7593 -0.5702
v 0.1342 6.7277 -0.5670
v 0.1192 6.7160 -0.5681
v 0.0977 6.5819 -0.5550
v 0.0885 6.5808 -0.5570
v 0.0370 6.4422 -0.6089
v 0.0249 6.4465 -0.6034
v -0.0437 6.3318 -0.6003
v 0.0163 6.3153 -0.5631
v -0.1567 6.2446 -0.6316
v -0.1228 6.1792 -0.4232
v -0.1770 6.2305 -0.5137
v -0.1959 6.2170 -0.4896
v -0.2315 6.0717 -0.6676
v -0.2489 6.0601 -0.6574
v -0.2332 6.0553 -0.6837
v -0.2472 6.0504 -0.6857
v -0.2148 5.9901 -0.7082
v -0.2284 5.9856 -0.7075
v 0.0347 5.8098 -0.5723
v 0.0336 5.8150 -0.5702
v 0.0336 5.8126 -0.5764
v 0.0334 5.8127 -0.5737
v -0.2264 7.3696 -0.5201
v -0.2034 7.3775 -0.5217
v -0.0519 7.2169 -0.5836
v -0.0820 7.2081 -0.5888
v -0.0219 7.0680 -0.3732
v -0.0438 7.0652 -0.3794
v 0.1836 7.9140 0.0736
v 0.1954 7.9111 0.0742
v 0.1760 7.8835 0.0112
v 0.1686 7.8870 0.0155
v 0.1260 7.8566 -0.0573
v 0.1142 7.8631 -0.0485
v 0.0447 7.8501 -0.0958
v 0.0282 7.8604 -0.0811
v -0.0558 7.8552 -0.1342
v -0.1039 7.8549 -0.1272
v -0.1789 7.7940 -0.1671
v -0.2025 7.7934 -0.1592
v -0.2437 7.7284 -0.2236
v -0.2654 7.7284 -0.2158
v -0.2770 7.6522 -0.3009
v -0.2971 7.6496 -0.2974
v -0.3033 7.5506 -0.3715
v -0.3336 7.5386 -0.3689
v -0.2922 7.4717 -0.4334
v -0.3180 7.4613 -0.4333
v 0.0432 6.9725 -0.3673
v 0.0217 6.9731 -0.3729
v 0.0950 6.8883 -0.3566
v 0.0735 6.8892 -0.3622
v 0.1647 6.8542 -0.5670
v 0.0878 6.8401 -0.3601
v 0.1630 6.8174 -0.5687
v 0.1383 6.8066 -0.5753
v 0.1520 6.7899 -0.5721
v 0.1303 6.7751 -0.5766
v 0.3534 6.7322 -0.4943
v 0.3640 6.7131 -0.4885
v 0.3519 6.6195 -0.5220
v 0.3407 6.6274 -0.5231
v 0.4017 6.6502 -0.4804
v 0.4199 6.6545 -0.4760
v 0.4012 6.5779 -0.5007
v 0.3827 6.5967 -0.5101
v 0.3101 6.5139 -0.5603
v 0.3021 6.5253 -0.5592
v 0.3453 6.4752 -0.5417
v 0.3317 6.4891 -0.5472
v 0.2073 6.3724 -0.6058
v 0.1974 6.3771 -0.6073
v 0.2363 6.3548 -0.6009
v 0.2267 6.3609 -0.6025
v 0.1357 6.3047 -0.6076
v 0.1305 6.3115 -0.6117
v 0.1469 6.2908 -0.5940
v 0.1456 6.2888 -0.5962
v 0.0136 5.8325 -0.6761
v 0.0207 5.8221 -0.6618
v 0.0397 5.8163 -0.6081
v 0.0475 5.8154 -0.5904
v 0.0649 6.2353 -0.5906
v 0.0520 6.2403 -0.5945
v 0.1164 6.1838 -0.5462
v 0.1104 6.2057 -0.5551
v -0.1171 6.0854 -0.4961
v -0.1251 6.0924 -0.5094
v -0.0934 6.0641 -0.4560
v -0.1013 6.0712 -0.4693
v -0.0690 6.0258 -0.4420
v -0.0840 6.0758 -0.6559
v -0.0165 6.0343 -0.6800
v -0.0263 6.0391 -0.6788
v -0.0521 6.0176 -0.4442
v -0.0437 6.0135 -0.4454
v -0.0488 5.9501 -0.6619
v -0.0513 6.0109 -0.6685
v 0.0056 5.9357 -0.7206
v -0.0211 5.9401 -0.7298
v -0.0205 5.8562 -0.4968
v -0.0507 5.8418 -0.6414
v 0.3546 6.8327 -0.5052
v 0.3737 6.8202 -0.4943
v 0.3738 6.7589 -0.4866
v 0.3606 6.7753 -0.4940
v 0.4132 6.7781 -0.4633
v 0.4274 6.7657 -0.4532
v 0.4206 6.7094 -0.4529
v 0.4047 6.7260 -0.4644
v 0.3502 7.8726 0.0758
v 0.3577 7.8761 0.0869
v 0.3582 7.8519 0.0320
v 0.3456 7.8489 0.0203
v 0.3350 7.8843 0.1087
v 0.3184 7.8884 0.1196
v 0.3782 7.8621 0.0660
v 0.3718 7.8590 0.0545
v 0.3167 7.8189 -0.0592
v 0.2991 7.8157 -0.0733
v 0.3673 7.8287 -0.0170
v 0.3517 7.8253 -0.0309
v 0.2379 7.7970 -0.1355
v 0.2259 7.7911 -0.1452
v 0.2787 7.8113 -0.0947
v 0.2669 7.8070 -0.1091
v 0.1583 7.7767 -0.1842
v 0.1525 7.7722 -0.1905
v 0.1747 7.7908 -0.1490
v 0.1691 7.7861 -0.1554
v -0.0121 7.2851 -0.3274
v -0.0012 7.2844 -0.3246
v 0.0897 7.1807 -0.3264
v 0.0788 7.1821 -0.3290
v 0.0204 7.2830 -0.3189
v 0.0312 7.2823 -0.3161
v 0.1246 7.1762 -0.3183
v 0.1115 7.1777 -0.3211
v 0.2063 7.0692 -0.3191
v 0.1967 7.0711 -0.3219
v 0.2359 7.0635 -0.3103
v 0.2259 7.0654 -0.3133
v 0.0587 7.7839 -0.1806
v 0.0538 7.7834 -0.1849
v 0.0484 7.6287 -0.0259
v 0.0435 7.6257 -0.0303
v -0.0310 7.5806 -0.0964
v -0.0392 7.5782 -0.1007
v -0.0064 7.5878 -0.0836
v -0.0146 7.5854 -0.0879
v -0.0718 7.5263 -0.1638
v -0.0796 7.5224 -0.1659
v -0.0400 7.5331 -0.1538
v -0.0523 7.5315 -0.1578
v -0.0672 7.4731 -0.2179
v -0.0772 7.4745 -0.2183
v -0.0382 7.4687 -0.2171
v -0.0476 7.4701 -0.2173
v 0.2593 6.9732 -0.3028
v 0.2491 6.9764 -0.3060
v 0.2866 6.9637 -0.2929
v 0.2797 6.9668 -0.2965
v 0.2776 6.9045 -0.2955
v 0.2868 6.9116 -0.2922
v 0.3174 6.8820 -0.2692
v 0.3041 6.8895 -0.2779
v -0.0416 7.3915 -0.2695
v -0.0521 7.3931 -0.2698
v -0.0113 7.3867 -0.2688
v -0.0211 7.3883 -0.2690
v 0.3740 6.8556 -0.4637
v 0.3614 6.8679 -0.4723
v 0.3246 6.8203 -0.2614
v 0.3986 6.8230 -0.4559
v -0.0999 5.8164 -0.5832
v -0.0840 5.8154 -0.5868
v -0.0961 6.5658 -0.5940
v -0.0822 6.5689 -0.5912
v -0.0524 6.5212 -0.5897
v -0.0651 6.5201 -0.5922
v -0.0583 6.5736 -0.5860
v -0.0462 6.5755 -0.5833
v -0.0146 6.5242 -0.5823
v -0.0273 6.5230 -0.5848
v -0.0221 6.5786 -0.5781
v -0.0100 6.5800 -0.5755
v 0.0231 6.5279 -0.5750
v 0.0106 6.5266 -0.5774
v -0.0022 6.4567 -0.5853
v -0.0178 6.4580 -0.5883
v 0.0431 6.4523 -0.5769
v 0.0286 6.4540 -0.5794
v 0.0875 6.4496 -0.5688
v 0.0727 6.4505 -0.5715
v 0.0738 6.2956 -0.5515
v 0.0609 6.2926 -0.5522
v 0.0550 6.3120 -0.5212
v 0.0439 6.3117 -0.5154
v 0.1381 6.3633 -0.5747
v 0.1247 6.3616 -0.5748
v 0.1036 6.1987 -0.3974
v 0.0908 6.2153 -0.4306
v 0.1380 6.2802 -0.5657
v 0.1392 6.1636 -0.4472
v 0.1904 6.3071 -0.6005
v 0.1728 6.3005 -0.6006
v 0.0998 6.2329 -0.5853
v 0.0802 6.2234 -0.5777
v 0.1507 6.2527 -0.6075
v 0.1352 6.2470 -0.6069
v 0.1968 6.2687 -0.6043
v 0.1820 6.2608 -0.6027
v 0.0517 6.1584 -0.6198
v 0.0507 6.1588 -0.6209
v 0.1507 6.1908 -0.6150
v 0.1377 6.1879 -0.6131
v 0.1899 6.1871 -0.6181
v 0.1769 6.1843 -0.6163
v 0.0303 6.0553 -0.6713
v 0.0180 6.0560 -0.6716
v 0.0556 6.0358 -0.6901
v 0.0487 6.0415 -0.6861
v 0.0692 6.0210 -0.6975
v 0.0656 6.0254 -0.6958
v -0.0054 6.0624 -0.6132
v -0.0136 6.0383 -0.5562
v 0.0524 5.9765 -0.7322
v 0.0117 5.9901 -0.7355
v 0.0772 5.9648 -0.7216
v 0.0727 5.9668 -0.7239
v -0.0899 5.8239 -0.5606
v -0.1026 5.8210 -0.5765
v -0.0451 5.8143 -0.5890
v -0.0599 5.8172 -0.5786
v -0.0010 5.8097 -0.6250
v -0.0157 5.8103 -0.6124
v -0.0167 5.8103 -0.6150
v -0.0263 5.8107 -0.6137
v 0.0288 5.8090 -0.6016
v 0.0068 5.8094 -0.6137
v 0.0321 5.8090 -0.5977
v 0.0310 5.8090 -0.5990
v 0.0366 5.8093 -0.5838
v 0.0362 5.8093 -0.5837
v -0.2732 7.2504 -0.3006
v -0.2570 7.2545 -0.3091
v -0.2927 7.1720 -0.3102
v -0.3079 7.1704 -0.3015
v -0.2238 7.2600 -0.3165
v -0.2056 7.2627 -0.3205
v -0.2674 7.1760 -0.3263
v -0.2622 7.1754 -0.3274
v -0.1690 7.2679 -0.3286
v -0.1506 7.2706 -0.3327
v -0.2134 7.1775 -0.3399
v -0.2315 7.1770 -0.3353
v -0.3962 7.1213 -0.5252
v -0.4120 7.1184 -0.5165
v -0.3296 7.1308 -0.5554
v -0.3645 7.1277 -0.5424
v -0.2726 7.1363 -0.5687
v -0.2916 7.1344 -0.5643
v -0.0796 7.9344 0.0461
v -0.0699 7.9311 0.0469
v -0.0775 7.9150 0.0098
v -0.0846 7.9193 0.0094
v -0.0735 7.9337 0.0495
v -0.0684 7.9347 0.0509
v -0.0565 7.9163 0.0122
v -0.0634 7.9163 0.0112
v -0.0583 7.9360 0.0541
v -0.0521 7.9362 0.0559
v -0.0150 7.9136 0.0162
v -0.0294 7.9146 0.0149
v -0.0507 7.8998 -0.0219
v -0.0629 7.8992 -0.0255
v -0.0028 7.8999 -0.0104
v -0.0188 7.8999 -0.0142
v 0.0438 7.9006 0.0022
v 0.0291 7.9000 -0.0026
v 0.0270 7.8779 -0.0474
v 0.0077 7.8779 -0.0535
v 0.0848 7.8778 -0.0293
v 0.0655 7.8778 -0.0353
v 0.1426 7.8776 -0.0111
v 0.1233 7.8777 -0.0172
v 0.0973 7.8496 -0.0801
v 0.0740 7.8519 -0.0830
v 0.1670 7.8485 -0.0897
v 0.1437 7.8509 -0.0925
v 0.2367 7.8333 -0.0576
v 0.2135 7.8360 -0.0605
v 0.1299 7.7863 -0.1681
v 0.1108 7.7871 -0.1702
v 0.1876 7.7817 -0.1621
v 0.1685 7.7828 -0.1643
v 0.2449 7.7783 -0.1554
v 0.2258 7.7794 -0.1577
v 0.1116 7.7039 -0.2648
v 0.0998 7.7051 -0.2657
v 0.1471 7.6995 -0.2622
v 0.1351 7.7010 -0.2631
v 0.1837 7.6955 -0.2595
v 0.1714 7.6968 -0.2603
v 0.0316 7.6063 -0.3821
v 0.0225 7.6079 -0.3822
v 0.0592 7.6016 -0.3864
v 0.0500 7.6031 -0.3866
v 0.0880 7.5971 -0.3809
v 0.0782 7.5986 -0.3812
v -0.0581 7.4053 -0.2624
v -0.0682 7.4090 -0.2612
v -0.0039 7.5163 -0.4521
v -0.0140 7.5200 -0.4510
v 0.0259 7.5050 -0.4511
v 0.0161 7.5088 -0.4498
v -0.1407 7.3378 -0.2925
v -0.1566 7.3391 -0.2879
v -0.0928 7.3340 -0.3066
v -0.1088 7.3353 -0.3019
v -0.0687 7.3279 -0.3160
v -0.0605 7.3316 -0.3159
v -0.3642 7.0227 -0.5659
v -0.3796 7.0188 -0.5566
v -0.3034 7.0394 -0.5817
v -0.3242 7.0326 -0.5784
v -0.2429 7.0550 -0.5900
v -0.2626 7.0509 -0.5872
v -0.3103 6.9323 -0.5788
v -0.3287 6.9267 -0.5740
v -0.2554 6.9491 -0.5924
v -0.2737 6.9436 -0.5884
v -0.1997 6.9659 -0.6030
v -0.2183 6.9603 -0.5995
v -0.2282 6.8395 -0.5953
v -0.2420 6.8371 -0.5918
v -0.1868 6.8465 -0.6059
v -0.2006 6.8442 -0.6024
v -0.1455 6.8531 -0.6143
v -0.1595 6.8507 -0.6117
v -0.1700 6.7375 -0.5988
v -0.1838 6.7372 -0.5951
v -0.1289 6.7383 -0.6097
v -0.1426 6.7381 -0.6061
v -0.0909 6.7406 -0.6167
v -0.1029 6.7394 -0.6157
v -0.1172 6.6590 -0.5882
v -0.1306 6.6595 -0.5849
v -0.0803 6.6597 -0.5902
v -0.0918 6.6591 -0.5909
v -0.0421 6.6625 -0.5859
v -0.0549 6.6615 -0.5874
v -0.3244 6.5553 -0.5482
v -0.3126 6.5635 -0.5523
v -0.2864 6.5156 -0.5644
v -0.2987 6.5126 -0.5588
v -0.2851 6.5746 -0.5613
v -0.2712 6.5776 -0.5652
v -0.2502 6.5312 -0.5694
v -0.2649 6.5265 -0.5654
v -0.2434 6.5885 -0.5558
v -0.2294 6.5912 -0.5594
v -0.2063 6.5531 -0.5727
v -0.2209 6.5487 -0.5687
v -0.2567 6.4571 -0.5718
v -0.2908 6.4146 -0.5679
v -0.2211 6.4747 -0.5759
v -0.2314 6.4740 -0.5722
v -0.1755 6.4906 -0.5882
v -0.1916 6.4846 -0.5839
v -0.2350 6.3620 -0.5994
v -0.2525 6.3599 -0.5946
v -0.1827 6.3664 -0.6037
v -0.2002 6.3653 -0.5992
v -0.1366 6.4176 -0.6067
v -0.1442 6.4106 -0.6056
v -0.1873 6.2432 -0.6557
v -0.2041 6.2427 -0.6504
v -0.1530 6.2457 -0.6657
v -0.1611 6.2448 -0.6647
v -0.1085 6.2466 -0.6638
v -0.1158 6.2465 -0.6643
v -0.1362 6.1731 -0.6897
v -0.1450 6.1710 -0.6897
v -0.1124 6.1785 -0.6859
v -0.1198 6.1769 -0.6877
v -0.0720 6.1825 -0.6788
v -0.0777 6.1813 -0.6814
v -0.0757 6.0711 -0.6712
v -0.0881 6.0683 -0.6728
v -0.0389 6.0787 -0.6661
v -0.0512 6.0763 -0.6679
v -0.0055 6.1078 -0.6596
v -0.0149 6.1049 -0.6605
v -0.0221 6.0275 -0.6792
v -0.0351 6.0110 -0.6840
v 0.0123 6.0085 -0.7377
v -0.0009 5.9932 -0.7359
v 0.0498 6.0388 -0.6738
v 0.0375 6.0347 -0.6749
v 0.0202 5.8563 -0.4861
v 0.0109 5.8437 -0.5053
v 0.0522 5.9046 -0.5064
v 0.1249 5.8696 -0.6200
v 0.1667 6.0122 -0.5151
v 0.1600 6.0195 -0.5148
v -0.0573 5.8139 -0.5918
v -0.0708 5.8147 -0.5891
v -0.0593 5.8133 -0.5959
v -0.0701 5.8134 -0.5944
v 0.0305 5.8129 -0.5755
v 0.0300 5.8147 -0.5744
v 0.0319 5.8097 -0.5786
v 0.0314 5.8098 -0.5776
v 0.0332 5.8095 -0.5818
v 0.0328 5.8096 -0.5807
v 0.0334 5.8095 -0.5816
v 0.0332 5.8095 -0.5809
v 0.0342 5.8094 -0.5836
v 0.0340 5.8094 -0.5829
v 0.0350 5.8093 -0.5856
v 0.0348 5.8093 -0.5849
v 0.0748 7.2995 -0.2670
v 0.0902 7.2908 -0.2947
v 0.1124 7.2872 -0.5325
v 0.0941 7.2926 -0.5051
v 0.1267 7.2910 -0.2844
v 0.1481 7.2921 -0.2813
v 0.1588 7.2979 -0.5193
v 0.1490 7.3001 -0.5226
v 0.1811 7.2953 -0.2765
v 0.1957 7.2989 -0.2730
v 0.2164 7.3266 -0.5150
v 0.1975 7.3238 -0.5189
v 0.0322 7.1887 -0.5690
v 0.0127 7.1880 -0.5737
v 0.0917 7.1900 -0.5544
v 0.0713 7.1902 -0.5596
v 0.1494 7.1926 -0.5388
v 0.1301 7.1917 -0.5440
v -0.3020 7.7835 0.0121
v -0.2799 7.8150 0.0124
v -0.3186 7.8417 -0.0248
v -0.3236 7.8317 -0.0232
v -0.2925 7.8257 0.0737
v -0.2796 7.8343 0.0734
v -0.2797 7.8439 -0.0285
v -0.2947 7.8367 -0.0266
v -0.2561 7.8520 0.0835
v -0.2437 7.8547 0.0838
v -0.2344 7.8629 -0.0346
v -0.2495 7.8608 -0.0326
v -0.3177 7.8346 -0.0576
v -0.3241 7.8242 -0.0566
v -0.2699 7.8400 -0.0677
v -0.2862 7.8382 -0.0643
v -0.2211 7.8453 -0.0782
v -0.2373 7.8436 -0.0747
v -0.3066 7.7883 -0.1201
v -0.3203 7.7857 -0.1183
v -0.2549 7.7982 -0.1268
v -0.2722 7.7949 -0.1246
v -0.2033 7.8081 -0.1334
v -0.2205 7.8048 -0.1312
v -0.2819 7.7163 -0.2170
v -0.3024 7.7115 -0.2154
v -0.2204 7.7307 -0.2218
v -0.2409 7.7259 -0.2202
v -0.1602 7.7450 -0.2247
v -0.1808 7.7405 -0.2234
v -0.1989 7.6698 -0.3010
v -0.2198 7.6640 -0.3010
v -0.1366 7.6867 -0.3011
v -0.1572 7.6811 -0.3010
v -0.0757 7.7022 -0.3007
v -0.0955 7.6977 -0.3015
v -0.1103 7.6670 -0.3330
v -0.1241 7.6621 -0.3343
v -0.0436 7.6567 -0.3439
v -0.0566 7.6552 -0.3479
v -0.0029 7.6483 -0.3338
v -0.0174 7.6481 -0.3371
v -0.0492 7.5286 -0.3197
v -0.0653 7.4885 -0.3754
v -0.0009 7.5130 -0.3211
v -0.0170 7.5113 -0.3265
v 0.0623 7.5037 -0.2267
v 0.0462 7.5020 -0.2321
v 0.0396 7.4501 -0.2194
v 0.0224 7.4471 -0.2237
v 0.0912 7.4590 -0.2067
v 0.0740 7.4560 -0.2109
v 0.1425 7.4679 -0.1893
v 0.1257 7.4659 -0.1948
v 0.0792 7.3625 -0.2619
v 0.0628 7.3617 -0.2671
v 0.1284 7.3653 -0.2466
v 0.1120 7.3643 -0.2514
v 0.1795 7.3716 -0.2379
v 0.1624 7.3695 -0.2408
v -0.0032 7.0870 -0.5954
v -0.0182 7.0878 -0.5990
v 0.0360 7.0900 -0.5846
v 0.0229 7.0890 -0.5882
v 0.0751 7.0928 -0.5739
v 0.0621 7.0918 -0.5775
v -0.1036 6.9447 -0.4043
v -0.0791 6.9399 -0.4023
v -0.0251 6.9550 -0.6122
v -0.0353 6.9512 -0.6145
v 0.0073 6.9679 -0.6044
v -0.0025 6.9646 -0.6070
v -0.1871 6.7994 -0.3763
v -0.2031 6.7915 -0.3697
v -0.1383 6.8054 -0.3894
v -0.1548 6.7982 -0.3850
v -0.0933 6.8227 -0.4006
v -0.1052 6.8198 -0.3982
v -0.3141 6.6881 -0.5445
v -0.3325 6.6850 -0.5377
v -0.2786 6.6963 -0.5576
v -0.2904 6.6936 -0.5532
v -0.2411 6.7067 -0.5709
v -0.2530 6.7038 -0.5669
v -0.3389 6.6461 -0.5202
v -0.3509 6.6441 -0.5131
v -0.2996 6.6572 -0.5451
v -0.3126 6.6544 -0.5404
v -0.2605 6.6629 -0.5513
v -0.2736 6.6600 -0.5465
v 0.0312 5.8091 -0.5945
v 0.0328 5.8092 -0.5907
v 0.0360 5.8093 -0.5829
v 0.0376 5.8094 -0.5790
v 0.0391 5.8095 -0.5752
v 0.0406 5.8096 -0.5712
v 0.1312 6.6102 -0.5440
v 0.1361 6.6142 -0.5430
v 0.1549 6.5121 -0.3360
v 0.1612 6.5475 -0.5531
v 0.1461 6.6222 -0.5411
v 0.1512 6.6262 -0.5401
v 0.1746 6.5214 -0.3331
v 0.1680 6.5183 -0.3341
v 0.1373 6.5529 -0.3386
v 0.1424 6.5606 -0.3327
v 0.1877 6.5277 -0.3312
v 0.1812 6.5245 -0.3322
v 0.2345 6.4407 -0.3440
v 0.2298 6.4382 -0.3447
v 0.2487 6.4482 -0.3418
v 0.2439 6.4457 -0.3425
v 0.2582 6.4531 -0.3403
v 0.2534 6.4506 -0.3411
v 0.2664 6.3749 -0.3378
v 0.2594 6.3796 -0.3420
v 0.2874 6.3605 -0.3253
v 0.2804 6.3653 -0.3295
v 0.3013 6.3509 -0.3170
v 0.2944 6.3557 -0.3211
v 0.4023 6.3154 -0.5258
v 0.3951 6.3229 -0.5305
v 0.4162 6.2343 -0.4836
v 0.4175 6.2869 -0.5139
v 0.4286 6.2800 -0.4967
v 0.4217 6.2870 -0.5008
v 0.0261 5.8084 -0.6245
v 0.0232 5.8086 -0.6260
v 0.3542 6.2423 -0.5571
v 0.3426 6.2543 -0.5617
v 0.3863 6.1945 -0.5368
v 0.3761 6.2158 -0.5457
v 0.3964 6.1476 -0.5013
v 0.3933 6.1702 -0.5221
v 0.2869 6.1730 -0.6000
v 0.2810 6.1832 -0.6050
v 0.3194 6.1032 -0.5853
v 0.3076 6.1136 -0.5910
v 0.3431 6.0750 -0.5712
v 0.3315 6.0888 -0.5781
v 0.2436 6.0594 -0.6143
v 0.2410 6.0639 -0.6148
v 0.2531 6.0214 -0.6082
v 0.2497 6.0490 -0.6121
v 0.2618 6.0060 -0.6053
v 0.2572 6.0144 -0.6063
v 0.1172 5.9329 -0.6911
v 0.1116 5.9468 -0.6957
v 0.1324 5.9265 -0.6813
v 0.1233 5.9287 -0.6834
v 0.1669 5.9302 -0.6528
v 0.1554 5.9334 -0.6702
v 0.0364 5.8086 -0.6096
v 0.0340 5.8084 -0.6181
v 0.0488 5.8150 -0.5617
v 0.0474 5.8148 -0.5680
v 0.1085 5.8538 -0.6688
v 0.1070 5.8559 -0.6739
v 0.1118 5.8488 -0.6534
v 0.1109 5.8502 -0.6585
v 0.1450 5.8465 -0.6485
v 0.1265 5.8539 -0.6484
v -0.0313 7.2561 -0.3424
v -0.0265 7.2524 -0.3419
v -0.0828 7.1602 -0.3717
v -0.0840 7.1628 -0.3710
v -0.0168 7.2449 -0.3410
v -0.0121 7.2411 -0.3406
v -0.0793 7.1521 -0.3723
v -0.0831 7.1549 -0.3727
v -0.0072 7.2374 -0.3401
v -0.0024 7.2337 -0.3396
v -0.0719 7.1462 -0.3716
v -0.0756 7.1492 -0.3720
v -0.0768 7.0674 -0.3870
v -0.0799 7.0707 -0.3871
v -0.0674 7.0575 -0.3866
v -0.0706 7.0608 -0.3867
v -0.0615 7.0513 -0.3863
v -0.0643 7.0542 -0.3864
v 0.0783 7.9421 0.0993
v 0.0771 7.9451 0.1059
v 0.1433 7.9341 0.0989
v 0.1388 7.9310 0.0916
v 0.0326 7.9570 0.1283
v 0.0339 7.9621 0.1356
v 0.2610 7.9106 0.1081
v 0.2557 7.9092 0.1027
v 0.2297 7.9025 0.0760
v 0.2349 7.9039 0.0813
v 0.3360 7.8511 0.0215
v 0.3332 7.8506 0.0193
v 0.2453 7.9066 0.0921
v 0.2505 7.9079 0.0974
v 0.3444 7.8526 0.0281
v 0.3417 7.8520 0.0259
v 0.3500 7.8535 0.0325
v 0.3473 7.8530 0.0302
v 0.4193 7.8012 -0.0227
v 0.4151 7.8029 -0.0248
v 0.4318 7.7962 -0.0165
v 0.4276 7.7978 -0.0185
v 0.4304 7.7993 -0.0102
v 0.4266 7.8003 -0.0123
v -0.0144 7.0435 -0.6051
v -0.0187 7.0470 -0.6057
v -0.0568 7.0006 -0.3928
v -0.0611 7.0041 -0.3934
v -0.0482 7.0026 -0.3902
v -0.0525 7.0070 -0.3912
v -0.0261 6.9682 -0.6125
v -0.0312 6.9714 -0.6137
v -0.0106 6.9586 -0.6090
v -0.0158 6.9619 -0.6102
v -0.0003 6.9524 -0.6067
v -0.0054 6.9555 -0.6079
v 0.4419 7.7609 -0.1006
v 0.4381 7.7607 -0.1053
v 0.4536 7.7596 -0.0904
v 0.4497 7.7600 -0.0938
v 0.4613 7.7586 -0.0837
v 0.4574 7.7591 -0.0870
v 0.4052 7.6730 -0.2316
v 0.3960 7.6742 -0.2359
v 0.3220 7.5683 -0.3713
v 0.3097 7.5690 -0.3723
v 0.4240 7.6707 -0.2229
v 0.4335 7.6696 -0.2184
v 0.3740 7.5637 -0.3664
v 0.3491 7.5665 -0.3693
v 0.4430 7.6685 -0.2139
v 0.4527 7.6673 -0.2095
v 0.4197 7.5539 -0.3546
v 0.3980 7.5586 -0.3602
v 0.2051 7.4508 -0.4462
v 0.1943 7.4533 -0.4460
v 0.2366 7.4430 -0.4472
v 0.2263 7.4457 -0.4469
v 0.3104 7.4580 -0.4644
v 0.2982 7.4617 -0.4617
v 0.0092 6.8477 -0.6041
v 0.0017 6.8491 -0.6058
v 0.0314 6.8437 -0.5992
v 0.0240 6.8450 -0.6008
v 0.0463 6.8410 -0.5959
v 0.0388 6.8424 -0.5975
v 0.0857 6.7404 -0.5806
v 0.0790 6.7419 -0.5824
v 0.1061 6.7359 -0.5751
v 0.0993 6.7374 -0.5769
v 0.1196 6.7329 -0.5714
v 0.1129 6.7344 -0.5732
v 0.1245 7.3749 -0.5000
v 0.1172 7.3769 -0.5011
v 0.0910 7.2738 -0.3030
v 0.1391 7.3712 -0.4945
v 0.1571 7.2436 -0.3963
v 0.1498 7.2459 -0.3964
v 0.1308 6.6609 -0.5542
v 0.1250 6.6642 -0.5562
v 0.1484 6.6511 -0.5483
v 0.1426 6.6543 -0.5502
v 0.1484 6.6444 -0.5571
v 0.1422 6.6477 -0.5595
v -0.0051 6.3682 -0.3525
v 0.0011 6.3643 -0.3496
v -0.0524 6.4249 -0.3729
v -0.0628 6.4218 -0.3752
v 0.0073 6.3606 -0.3468
v 0.0136 6.3568 -0.3439
v -0.0316 6.4311 -0.3683
v -0.0420 6.4280 -0.3706
v 0.0260 6.3491 -0.3382
v 0.0322 6.3454 -0.3353
v -0.0006 6.4402 -0.3615
v -0.0109 6.4373 -0.3637
v -0.1116 5.8150 -0.5934
v -0.1065 5.8149 -0.5928
v -0.2106 5.8388 -0.5043
v -0.2154 5.8372 -0.5045
v -0.1392 5.8548 -0.5047
v -0.1321 5.8560 -0.5028
v -0.0671 5.9037 -0.4643
v -0.0732 5.9045 -0.4648
v -0.1251 5.8572 -0.5008
v -0.1180 5.8582 -0.4991
v -0.0548 5.9021 -0.4633
v -0.0610 5.9029 -0.4638
v -0.1037 5.8602 -0.4957
v -0.0965 5.8610 -0.4941
v -0.0501 5.9025 -0.4692
v -0.0426 5.9006 -0.4623
v -0.0350 5.8120 -0.6007
v -0.0393 5.8121 -0.6009
v 0.0130 6.0029 -0.4494
v -0.0664 5.9666 -0.5316
v 0.1284 6.1215 -0.5587
v 0.1043 6.1330 -0.5774
v -0.0611 5.9603 -0.5217
v -0.0557 5.9540 -0.5118
v 0.1549 6.0873 -0.5095
v 0.1490 6.1021 -0.5247
v -0.0451 5.9415 -0.4920
v -0.0398 5.9352 -0.4820
v 0.0833 5.9834 -0.5013
v 0.0687 6.0339 -0.5294
v 0.0868 6.0883 -0.4954
v 0.0787 6.0777 -0.4783
v 0.0217 6.2616 -0.2964
v -0.0067 6.1710 -0.4507
v 0.1269 6.1524 -0.4733
v 0.1334 6.1470 -0.4637
v 0.0306 6.2529 -0.2908
v 0.0261 6.2573 -0.2936
v 0.1464 6.1361 -0.4447
v 0.0212 6.1110 -0.4736
v 0.0439 6.2400 -0.2823
v 0.0395 6.2443 -0.2851
v -0.0989 6.4887 -0.3766
v -0.0889 6.4919 -0.3743
v -0.1037 6.5275 -0.3710
v -0.1070 6.5213 -0.3737
v -0.0789 6.4952 -0.3721
v -0.0688 6.4986 -0.3699
v -0.0972 6.5399 -0.3655
v -0.1004 6.5337 -0.3683
v -0.0490 6.5049 -0.3657
v -0.0391 6.5080 -0.3637
v -0.0877 6.5578 -0.3559
v -0.0951 6.5528 -0.3594
v -0.0250 7.9443 0.3855
v -0.0194 7.9152 0.0307
v -0.1007 7.9257 0.0453
v -0.1026 7.8968 0.3697
v -0.0357 7.7053 0.0877
v -0.0301 7.7095 0.0981
v -0.0814 7.9143 0.0505
v -0.0833 7.9092 0.0403
v -0.0191 7.7182 0.1192
v -0.0135 7.7225 0.1297
v -0.0780 7.9344 0.0521
v -0.0799 7.9293 0.0419
v -0.4543 6.9396 -0.5068
v -0.4570 6.9277 -0.5046
v -0.3824 7.0151 -0.2992
v -0.3791 7.0214 -0.2994
v -0.3454 6.9258 -0.3146
v -0.3481 6.9139 -0.3123
v -0.3862 7.0077 -0.2941
v -0.3837 7.0203 -0.2963
v -0.3583 6.8855 -0.3070
v -0.3603 6.8752 -0.3066
v -0.3935 6.9702 -0.2876
v -0.3910 6.9827 -0.2898
v -0.2870 6.7889 -0.5786
v -0.2846 6.7852 -0.5791
v -0.3904 6.8549 -0.5412
v -0.3880 6.8629 -0.5431
v -0.2821 6.7816 -0.5795
v -0.2797 6.7722 -0.5794
v -0.3950 6.8388 -0.5375
v -0.3928 6.8468 -0.5393
v -0.2743 6.7485 -0.5752
v -0.2715 6.7427 -0.5741
v 0.2012 6.8168 -0.3413
v -0.2937 6.8237 -0.3418
v -0.3634 7.1514 -0.2737
v -0.3642 7.1441 -0.2751
v -0.3335 7.2119 -0.2764
v -0.3353 7.2164 -0.2746
v -0.3659 7.1375 -0.2758
v -0.3675 7.1311 -0.2766
v -0.3299 7.2027 -0.2802
v -0.3317 7.2073 -0.2783
v -0.3709 7.1180 -0.2782
v -0.3725 7.1115 -0.2789
v -0.3292 7.1932 -0.2827
v -0.3290 7.1960 -0.2822
v -0.1807 7.3553 -0.2711
v -0.1766 7.3555 -0.2719
v -0.0252 7.4411 -0.2339
v -0.0324 7.4412 -0.2348
v -0.1771 6.5924 -0.5512
v -0.1756 6.5877 -0.5501
v -0.2105 6.6774 -0.5698
v -0.2127 6.6829 -0.5709
v -0.1740 6.5830 -0.5489
v -0.1144 6.6473 -0.3471
v -0.2061 6.6664 -0.5675
v -0.2083 6.6719 -0.5686
v -0.1110 6.6290 -0.3425
v -0.1096 6.6201 -0.3414
v -0.1466 6.7130 -0.3601
v -0.2017 6.6554 -0.5652
v 0.0253 7.4985 -0.1796
v 0.0329 7.5001 -0.1762
v 0.1071 7.5526 -0.1016
v 0.0992 7.5529 -0.1027
v 0.0406 7.5017 -0.1727
v 0.0482 7.5033 -0.1693
v 0.1228 7.5517 -0.0992
v 0.1150 7.5522 -0.1004
v 0.0635 7.5065 -0.1625
v 0.0712 7.5081 -0.1591
v 0.1460 7.5505 -0.0959
v 0.1385 7.5509 -0.0969
v 0.0717 7.6235 -0.0276
v 0.0780 7.6227 -0.0278
v 0.0226 7.6692 0.0316
v 0.0162 7.6666 0.0243
v 0.0844 7.6217 -0.0279
v 0.0908 7.6206 -0.0281
v 0.0356 7.6747 0.0462
v 0.0291 7.6719 0.0389
v 0.1034 7.6184 -0.0284
v 0.1104 7.6168 -0.0289
v 0.0551 7.6828 0.0682
v 0.0486 7.6801 0.0609
v -0.1343 7.8882 0.3133
v -0.1322 7.8759 0.0767
v -0.1081 7.8947 0.1150
v -0.1263 7.8438 0.3207
v -0.1086 7.9101 0.0852
v -0.1065 7.9145 0.0937
v -0.1220 7.8842 0.1280
v -0.1222 7.8812 0.1215
v -0.0967 7.9250 0.1106
v -0.0946 7.9294 0.1192
v -0.0903 7.9138 0.2039
v -0.0905 7.9108 0.1973
v -0.2009 7.3562 -0.2647
v -0.2045 7.3554 -0.2643
v -0.1941 7.3578 -0.2656
v -0.1975 7.3570 -0.2652
v -0.0814 7.4401 -0.2368
v -0.0773 7.4410 -0.2371
v -0.3129 6.3104 -0.5856
v -0.3092 6.3076 -0.5871
v -0.3512 6.3860 -0.5445
v -0.3482 6.3947 -0.5432
v -0.3022 6.3023 -0.5899
v -0.2987 6.2996 -0.5913
v -0.2452 6.3117 -0.3479
v -0.3473 6.3756 -0.5320
v -0.2486 6.2277 -0.3737
v -0.2471 6.2252 -0.3750
v -0.2479 6.3034 -0.3491
v -0.2465 6.3075 -0.3485
v -0.3573 6.4496 -0.5129
v -0.3541 6.4367 -0.5142
v -0.2620 6.4928 -0.3159
v -0.3686 6.4981 -0.5087
v -0.2374 6.4230 -0.3254
v -0.2403 6.3933 -0.3250
v -0.2469 6.4570 -0.3225
v -0.2519 6.4690 -0.3203
v -0.2400 6.3838 -0.3276
v -0.2384 6.3788 -0.3294
v -0.2368 6.4332 -0.3269
v -0.2418 6.4452 -0.3247
v -0.0373 5.8689 -0.4716
v -0.0418 5.8723 -0.4811
v -0.0237 5.8599 -0.4430
v -0.0281 5.8626 -0.4525
v -0.0160 5.8542 -0.4296
v -0.0190 5.8571 -0.4336
v -0.0600 6.0099 -0.4507
v -0.0650 5.9717 -0.4436
v -0.1130 6.0711 -0.6730
v -0.1145 6.0664 -0.6745
v -0.0636 5.9544 -0.4446
v -0.0619 5.9517 -0.4449
v -0.1071 6.1456 -0.5762
v -0.1092 6.1005 -0.6578
v -0.0600 5.9498 -0.4451
v -0.0581 5.9483 -0.4452
v -0.1119 6.0172 -0.4431
v -0.1145 6.0722 -0.6561
v -0.1758 6.1531 -0.6779
v -0.1746 6.1568 -0.6765
v -0.2664 6.2315 -0.6342
v -0.2666 6.2313 -0.6342
v -0.1723 6.1624 -0.6742
v -0.1712 6.1651 -0.6731
v -0.2653 6.2344 -0.6335
v -0.2658 6.2328 -0.6339
v -0.1701 6.1677 -0.6720
v -0.1690 6.1704 -0.6709
v -0.2089 6.2997 -0.5104
v -0.2640 6.2393 -0.6318
v -0.0873 7.0010 -0.4005
v -0.0837 6.9877 -0.4000
v -0.0319 7.0960 -0.3713
v -0.0388 7.1019 -0.3719
v -0.0768 6.9608 -0.3984
v -0.0735 6.9471 -0.3976
v -0.0124 7.0796 -0.3689
v -0.0196 7.0857 -0.3699
v -0.0703 6.9333 -0.3968
v -0.0671 6.9196 -0.3960
v 0.0017 7.0675 -0.3671
v -0.0054 7.0736 -0.3680
v -0.3445 7.7977 -0.0894
v -0.3419 7.8022 -0.0858
v -0.3405 7.8464 -0.0011
v -0.3411 7.8429 -0.0081
v -0.3374 7.8110 -0.0784
v -0.3350 7.8154 -0.0747
v -0.3375 7.8567 0.0196
v -0.3381 7.8532 0.0127
v -0.3320 7.8199 -0.0711
v -0.3282 7.8245 -0.0674
v -0.3299 7.8635 0.0335
v -0.3305 7.8601 0.0266
v -0.2328 6.7234 -0.3390
v -0.2247 6.7090 -0.3363
v -0.1604 6.8182 -0.3844
v -0.1630 6.8295 -0.3842
v -0.2086 6.6800 -0.3311
v -0.2005 6.6655 -0.3284
v -0.1512 6.7685 -0.3760
v -0.1545 6.7819 -0.3793
v -0.1924 6.6511 -0.3258
v -0.1845 6.6394 -0.3241
v -0.1446 6.7417 -0.3695
v -0.1479 6.7552 -0.3728
v -0.2814 6.5639 -0.3082
v -0.2736 6.5522 -0.3119
v -0.2524 6.6225 -0.2981
v -0.2618 6.6520 -0.2997
v -0.2579 6.5288 -0.3192
v -0.2500 6.5171 -0.3230
v -0.2240 6.5869 -0.3118
v -0.2369 6.5950 -0.3068
v -0.2422 6.5052 -0.3266
v -0.2321 6.4935 -0.3311
v -0.1981 6.5765 -0.3216
v -0.2112 6.5810 -0.3168
v 0.0696 7.1933 -0.3297
v 0.0793 7.1883 -0.3279
v 0.0819 7.2646 -0.3103
v 0.0752 7.2686 -0.3102
v 0.0986 7.1783 -0.3244
v 0.1082 7.1733 -0.3226
v 0.1014 7.2298 -0.3157
v 0.0933 7.2391 -0.3162
v 0.1182 7.1683 -0.3208
v 0.1277 7.1634 -0.3198
v 0.1139 7.2143 -0.3148
v 0.1076 7.2220 -0.3152
v -0.2913 7.8498 0.0507
v -0.2914 7.8531 0.0581
v -0.2118 7.8428 0.0903
v -0.2109 7.8403 0.0841
v -0.2916 7.8596 0.0728
v -0.2917 7.8629 0.0802
v -0.2145 7.8501 0.1091
v -0.2135 7.8477 0.1029
v -0.2918 7.8663 0.0876
v -0.2919 7.8695 0.0949
v -0.2173 7.8546 0.1218
v -0.2155 7.8525 0.1154
v 0.0655 7.3430 -0.2757
v 0.0722 7.3412 -0.2746
v 0.0076 7.4438 -0.2279
v 0.0028 7.4427 -0.2292
v 0.0788 7.3396 -0.2735
v 0.0855 7.3378 -0.2724
v 0.0172 7.4459 -0.2252
v 0.0124 7.4448 -0.2265
v -0.0681 7.5036 -0.1918
v -0.0694 7.5075 -0.1868
v -0.1365 7.5113 -0.1606
v -0.1388 7.5043 -0.1680
v -0.0720 7.5154 -0.1765
v -0.0733 7.5194 -0.1714
v -0.1304 7.5315 -0.1387
v -0.1323 7.5248 -0.1459
v -0.0543 7.5239 -0.1671
v -0.0513 7.5278 -0.1620
v -0.1266 7.5447 -0.1243
v -0.1285 7.5381 -0.1315
v -0.2730 7.6814 -0.2629
v -0.2670 7.6887 -0.2562
v -0.3276 7.7311 -0.1811
v -0.3313 7.7251 -0.1860
v -0.2554 7.7032 -0.2427
v -0.2496 7.7103 -0.2361
v -0.3120 7.7490 -0.1662
v -0.3179 7.7431 -0.1712
v -0.2439 7.7175 -0.2294
v -0.2382 7.7246 -0.2227
v -0.3001 7.7608 -0.1560
v -0.3060 7.7549 -0.1611
v 0.0523 7.3464 -0.2778
v 0.0456 7.3481 -0.2789
v -0.0115 7.4395 -0.2332
v -0.0067 7.4406 -0.2319
v 0.2009 6.5338 -0.3294
v 0.1995 6.5344 -0.3293
v 0.2666 6.4575 -0.3339
v 0.2650 6.4578 -0.3348
v 0.1966 6.5356 -0.3293
v 0.1951 6.5362 -0.3293
v 0.2715 6.4568 -0.3311
v 0.2699 6.4570 -0.3321
v 0.1923 6.5374 -0.3292
v 0.1908 6.5380 -0.3292
v 0.2342 6.4662 -0.3394
v 0.2748 6.4563 -0.3293
v 0.3152 6.3414 -0.3087
v 0.3143 6.3425 -0.3093
v 0.3010 6.2685 -0.3167
v 0.2992 6.2766 -0.3201
v 0.3123 6.3449 -0.3105
v 0.3113 6.3461 -0.3111
v 0.3048 6.2503 -0.3065
v 0.3039 6.2598 -0.3108
v 0.3092 6.3484 -0.3123
v 0.3081 6.3496 -0.3130
v 0.3072 6.2219 -0.2940
v 0.3064 6.2314 -0.2981
v 0.4021 6.2007 -0.4881
v 0.3922 6.2121 -0.4759
v 0.3664 6.0379 -0.5432
v 0.3622 6.0406 -0.5451
v 0.2716 6.1841 -0.3490
v 0.3693 6.1001 -0.4675
v 0.3301 6.0154 -0.5331
v 0.3258 6.0192 -0.5362
v 0.2833 6.1753 -0.2840
v 0.2840 6.1652 -0.2805
v 0.3678 6.0911 -0.5041
v 0.3673 6.0128 -0.4982
v 0.2731 5.9869 -0.6155
v 0.2749 5.9838 -0.6150
v 0.2068 5.9370 -0.6409
v 0.2035 5.9408 -0.6470
v 0.2797 5.9755 -0.6130
v 0.2831 5.9710 -0.6116
v 0.1956 5.9139 -0.6147
v 0.1941 5.9210 -0.6175
v 0.2526 5.9633 -0.5856
v 0.2598 5.9537 -0.5803
v 0.1869 5.8824 -0.6202
v 0.1900 5.8993 -0.6213
v 0.1137 5.8450 -0.6333
v 0.1133 5.8419 -0.6201
v 0.0447 5.8152 -0.5511
v 0.0504 5.8097 -0.5634
v 0.1466 6.6054 -0.3147
v 0.1452 6.6028 -0.3155
v 0.1422 6.6001 -0.3166
v 0.1405 6.5992 -0.3171
v 0.1373 6.5978 -0.3181
v 0.1355 6.5972 -0.3186
v -0.0644 7.1405 -0.3709
v -0.0596 7.1356 -0.3707
v -0.0562 7.0410 -0.3865
v -0.0549 7.0442 -0.3856
v -0.0501 7.1258 -0.3702
v -0.0453 7.1209 -0.3700
v -0.0601 7.0314 -0.3890
v -0.0588 7.0346 -0.3881
v -0.0357 7.1111 -0.3695
v -0.0310 7.1062 -0.3692
v -0.0639 7.0217 -0.3915
v -0.0626 7.0249 -0.3906
v 0.1740 7.9010 0.3220
v 0.1708 7.9363 0.1556
v 0.2662 7.9007 0.1246
v 0.2714 7.9337 0.2817
v 0.1648 7.9489 0.1705
v 0.1623 7.9517 0.1810
v 0.2509 7.9308 0.1419
v 0.2560 7.9264 0.1361
v 0.1563 7.8118 0.3139
v 0.1533 7.8032 0.3134
v 0.1781 7.7425 0.2358
v 0.1832 7.7392 0.2265
v 0.3557 7.8545 0.0369
v 0.3142 7.6609 0.1336
v 0.3513 7.6095 0.0685
v 0.4380 7.7952 -0.0062
v 0.2993 7.6715 0.1520
v 0.2919 7.6768 0.1612
v 0.3402 7.6199 0.0818
v 0.3437 7.6163 0.0775
v 0.2752 7.6891 0.1805
v 0.2693 7.6949 0.1885
v 0.3381 7.6259 0.0929
v 0.3383 7.6242 0.0894
v -0.0397 6.9939 -0.3883
v -0.0438 6.9880 -0.3895
v 0.0058 6.9385 -0.6053
v 0.0131 6.9490 -0.6028
v -0.0519 6.9760 -0.3920
v -0.0559 6.9700 -0.3933
v -0.0547 6.9172 -0.3933
v -0.0504 6.9247 -0.3924
v -0.0648 6.9574 -0.3957
v -0.0694 6.9509 -0.3967
v -0.0674 6.8950 -0.3960
v -0.0631 6.9024 -0.3951
v 0.4690 7.7577 -0.0772
v 0.4676 7.7593 -0.0743
v 0.4423 7.6655 -0.1987
v 0.4701 7.6667 -0.2005
v 0.3809 7.5718 0.0016
v 0.3796 7.5734 0.0044
v 0.3929 7.5163 -0.0591
v 0.4661 7.6730 -0.1951
v 0.3768 7.5767 0.0099
v 0.3755 7.5783 0.0127
v 0.3863 7.5244 -0.0535
v 0.3870 7.5226 -0.0551
v 0.4522 7.5465 -0.3462
v 0.4495 7.5569 -0.3394
v 0.2810 7.4347 -0.4423
v 0.2792 7.4296 -0.4450
v 0.4272 7.5820 -0.3236
v 0.3444 7.4325 -0.1842
v 0.2582 7.3570 -0.2370
v 0.2568 7.3519 -0.2396
v 0.3395 7.4458 -0.1711
v 0.3402 7.4516 -0.1638
v 0.2613 7.3720 -0.2295
v 0.2603 7.3671 -0.2320
v 0.0611 6.8383 -0.5918
v 0.0577 6.8327 -0.5933
v 0.0804 6.7652 -0.3569
v 0.1332 6.7299 -0.5677
v 0.0029 6.8223 -0.3801
v -0.0006 6.8166 -0.3808
v 0.0653 6.7437 -0.3559
v 0.0703 6.7509 -0.3563
v -0.0075 6.8054 -0.3823
v -0.0110 6.7997 -0.3830
v 0.0500 6.7221 -0.3550
v 0.0551 6.7293 -0.3553
v 0.1311 7.2652 -0.2967
v 0.1270 7.2705 -0.2947
v 0.0119 7.2215 -0.3385
v 0.0073 7.2262 -0.3387
v 0.1240 7.2803 -0.2903
v 0.1233 7.2853 -0.2880
v 0.0260 7.2071 -0.3378
v 0.0213 7.2119 -0.3380
v 0.1225 7.2949 -0.2833
v 0.1223 7.2999 -0.2809
v 0.0400 7.1926 -0.3371
v 0.0354 7.1974 -0.3373
v 0.1210 6.6809 -0.3299
v 0.1191 6.6749 -0.3292
v 0.1152 6.6629 -0.3277
v 0.1133 6.6568 -0.3270
v 0.1093 6.6448 -0.3255
v 0.1074 6.6388 -0.3248
v 0.0890 7.8677 0.3311
v 0.0889 7.9430 0.1570
v 0.0886 7.9578 0.1683
v 0.0883 7.9600 0.1734
v 0.0883 7.8191 0.3252
v 0.0886 7.8099 0.3243
v 0.0171 5.8212 -0.6563
v 0.0281 5.8247 -0.6518
v 0.0626 5.8299 -0.5920
v 0.3313 6.6332 -0.5229
v 0.2885 6.5378 -0.5536
v 0.0670 6.4373 -0.6154
v 0.1866 6.3817 -0.6089
v 0.1238 6.3179 -0.6152
v 0.0135 6.3030 -0.6188
v -0.1014 6.2360 -0.6518
v 0.0439 6.2435 -0.5962
v -0.0441 6.1262 -0.6627
v -0.1008 6.2123 -0.6257
v -0.1781 6.1050 -0.6845
v -0.0924 6.0799 -0.6548
v -0.0787 6.0401 -0.6791
v -0.1837 6.0917 -0.6819
v -0.1744 6.0511 -0.7195
v -0.0636 6.0066 -0.7395
v 0.0163 5.8918 -0.6952
v -0.0860 5.9530 -0.7146
v 0.0356 6.5291 -0.5725
v 0.1424 6.5356 -0.5553
v 0.2203 6.4332 -0.3461
v 0.1022 6.4488 -0.5661
v 0.1513 6.3651 -0.5746
v 0.2607 6.4702 -0.4068
v 0.3755 6.3515 -0.5378
v 0.2115 6.3320 -0.6295
v 0.2145 6.2947 -0.6328
v 0.3182 6.2825 -0.5803
v 0.2644 6.2028 -0.6071
v 0.1994 6.2028 -0.6042
v 0.0714 6.0172 -0.6995
v 0.1347 6.0360 -0.6519
v 0.1917 5.9366 -0.6272
v 0.0814 5.9618 -0.7133
v 0.0136 5.7994 -0.6317
v 0.1967 5.8355 -0.6087
v 0.0348 5.7981 -0.6022
v -0.0682 5.8035 -0.5904
v -0.1906 6.5283 -0.5777
v -0.0717 6.5384 -0.5920
v -0.0511 6.4732 -0.5935
v -0.1574 6.4765 -0.5944
v -0.1215 6.3922 -0.6129
v 0.0134 6.4133 -0.6193
v 0.0357 6.3418 -0.6259
v -0.0835 6.2901 -0.6456
v -0.0484 6.1908 -0.6711
v 0.0226 6.2026 -0.6319
v 0.1062 6.1212 -0.5826
v 0.0036 6.1105 -0.6579
v 0.1317 6.0022 -0.6518
v 0.1393 6.0031 -0.5462
v 0.2903 5.9981 -0.4112
v 0.2432 5.9076 -0.4978
v 0.1561 5.8292 -0.5914
v 0.0747 5.8469 -0.5515
v 0.0337 5.8094 -0.5828
v 0.0353 5.8092 -0.5862
v 0.2394 6.4750 -0.3376
v 0.1960 6.4149 -0.3476
v 0.3853 6.4891 -0.5234
v 0.3233 6.4843 -0.2989
v 0.1321 6.3678 -0.3528
v -0.0655 6.2041 -0.2898
v 0.1010 6.2146 -0.3515
v 0.2024 6.4104 -0.5126
v -0.0507 6.1113 -0.2583
v -0.1562 6.0455 -0.3595
v -0.0387 6.0408 -0.2769
v -0.0508 6.1175 -0.2560
v -0.1637 5.9546 -0.4295
v -0.1803 5.8816 -0.4816
v -0.0592 5.9069 -0.4615
v -0.0362 5.9683 -0.3724
v -0.0891 5.8344 -0.5319
v -0.0316 5.8035 -0.6195
v 0.0371 5.8036 -0.5727
v -0.0204 5.8218 -0.5377
v 0.0812 6.5469 -0.3359
v 0.1104 6.5009 -0.3118
v 0.2293 6.4674 -0.3395
v 0.1894 6.5386 -0.3292
v 0.1230 6.2859 -0.2599
v 0.1569 6.2065 -0.2691
v 0.3062 6.2124 -0.2921
v 0.3059 6.3508 -0.3143
v 0.1814 6.0500 -0.2633
v 0.1985 5.9701 -0.2998
v 0.3628 5.9969 -0.5174
v 0.2834 6.1028 -0.2872
v 0.2186 5.8765 -0.4101
v 0.2105 5.8588 -0.5657
v 0.2330 5.9108 -0.5600
v -0.0705 6.3700 -0.3064
v -0.1025 6.2999 -0.3032
v -0.0275 6.3844 -0.3430
v -0.0082 6.4551 -0.3280
v -0.1447 6.2512 -0.3666
v -0.0841 6.1316 -0.4943
v 0.0381 6.2583 -0.5988
v -0.0084 6.2877 -0.3993
v -0.0744 6.1699 -0.3331
v -0.0611 6.0163 -0.3156
v 0.1011 5.9570 -0.2854
v 0.0694 6.0944 -0.4133
v -0.0193 5.9019 -0.3888
v 0.0971 5.8158 -0.3366
v 0.2158 5.8657 -0.3425
v 0.1799 5.9328 -0.3164
v 0.1815 5.8413 -0.3685
v -0.0406 6.4026 -0.3750
v -0.0188 6.3567 -0.3492
v 0.1033 6.4413 -0.3440
v 0.0823 6.5309 -0.5637
v 0.0446 6.3633 -0.3011
v 0.0199 6.4716 -0.3287
v -0.3160 6.3129 -0.5843
v -0.2455 6.2225 -0.3482
v -0.2492 6.2992 -0.3217
v -0.3475 6.3978 -0.5423
v 0.4197 6.5590 -0.4914
v 0.3627 6.4601 -0.5329
v 0.2647 6.4579 -0.3350
v 0.0900 6.6232 -0.5465
v 0.1390 6.4944 -0.3385
v 0.1405 6.5298 -0.3337
v 0.0680 6.6732 -0.3414
v 0.0235 6.4545 -0.5804
v 0.2443 6.3470 -0.5992
v 0.1486 6.2875 -0.5942
v 0.3134 6.3415 -0.3098
v 0.2975 6.2767 -0.3223
v 0.0407 6.4319 -0.6155
v 0.1169 6.1547 -0.5360
v -0.0792 6.0577 -0.4297
v 0.4002 6.2008 -0.4888
v 0.3603 6.0413 -0.5467
v -0.0271 5.8128 -0.5944
v -0.1349 5.8177 -0.5913
v -0.1396 5.8188 -0.5893
v 0.0962 6.1949 -0.5709
v 0.0810 6.1133 -0.5322
v -0.0282 6.0107 -0.4320
v -0.0273 6.0109 -0.4512
v 0.2708 5.9611 -0.5837
v 0.2615 5.8998 -0.5732
v -0.2246 5.8853 -0.6593
v -0.1932 5.8348 -0.5247
v -0.2566 5.8948 -0.4463
v -0.2405 5.9885 -0.5070
v 0.2301 5.9553 -0.3246
v -0.1392 5.8555 -0.5041
v -0.0428 5.8934 -0.4507
v -0.0734 5.9052 -0.4644
v -0.3607 6.4624 -0.5116
v -0.2324 6.3723 -0.3330
v -0.2355 6.4481 -0.3132
v -0.3737 6.5099 -0.5065
v -0.0166 5.8525 -0.4197
v -0.0475 5.8784 -0.4907
v 0.0068 5.8652 -0.5216
v 0.0605 5.8209 -0.6210
v 0.2064 5.8298 -0.5643
v -0.2902 6.0805 -0.5540
v -0.2803 5.9796 -0.4050
v -0.2776 6.0669 -0.3878
v -0.2376 6.1367 -0.4002
v 0.1036 5.8393 -0.4301
v 0.0131 6.0033 -0.4493
v -0.0304 5.9242 -0.4640
v 0.0704 6.0260 -0.4829
v 0.1028 6.1158 -0.6084
v -0.0622 5.9438 -0.6543
v -0.0563 5.9493 -0.4448
v -0.1115 6.0195 -0.4425
v -0.1157 6.0633 -0.6690
v -0.2215 6.1776 -0.3970
v -0.2379 6.1381 -0.3998
v -0.1074 6.2169 -0.3747
v -0.1413 6.2381 -0.3995
v 0.0310 6.0712 -0.4812
v 0.0755 6.0859 -0.2461
v 0.0007 6.2307 -0.2322
v -0.0193 6.5144 -0.3595
v -0.0734 6.5651 -0.3511
v -0.1769 6.1501 -0.6789
v -0.1679 6.1731 -0.6698
v -0.2504 6.2182 -0.6142
v -0.2667 6.2310 -0.6343
v -0.1264 5.8948 -0.6624
v -0.0158 5.8139 -0.6292
v 0.0290 5.8091 -0.5981
v 0.3371 6.7517 -0.5017
v 0.0985 6.7100 -0.5715
v 0.0891 6.6928 -0.5702
v 0.0701 6.5776 -0.5612
v 0.0008 6.4719 -0.5670
v -0.1043 6.2451 -0.4053
v -0.1649 6.1775 -0.4124
v -0.2358 6.1927 -0.4629
v -0.2685 6.1369 -0.6357
v -0.2379 6.0414 -0.6778
v -0.2059 5.9737 -0.6801
v 0.0024 6.5812 -0.5729
v 0.1230 6.6022 -0.5463
v -0.0919 6.5635 -0.5937
v -0.0610 6.5177 -0.5916
v -0.0151 6.4565 -0.5879
v 0.0873 6.2407 -0.6128
v 0.0521 6.1595 -0.6218
v 0.0180 6.0551 -0.6719
v -0.0135 6.0389 -0.5570
v -0.1026 5.8210 -0.5766
v -0.2152 6.5791 -0.5630
v -0.1034 6.5972 -0.5857
v -0.2990 6.5045 -0.5431
v -0.2893 6.4142 -0.5574
v -0.2504 6.3565 -0.5847
v -0.2031 6.2445 -0.6497
v -0.1443 6.1702 -0.6898
v -0.0881 6.0681 -0.6664
v 0.0336 5.9583 -0.6593
v 0.0801 5.8235 -0.4484
v 0.2801 6.5164 -0.3214
v 0.3326 6.5394 -0.2882
v 0.0571 6.5897 -0.3314
v 0.1338 6.5968 -0.3190
v -0.0649 6.4335 -0.2745
v -0.0221 6.5022 -0.2932
v 0.4384 6.6297 -0.4710
v 0.2353 7.3385 -0.4659
v 0.4180 7.2713 -0.4860
v 0.3794 7.1386 -0.4973
v 0.1685 7.1935 -0.5344
v -0.1952 7.1780 -0.3444
v -0.0863 7.1682 -0.3695
v -0.0862 7.0773 -0.3874
v -0.2483 7.1339 -0.5740
v 0.0736 7.1836 -0.3384
v 0.1873 7.0731 -0.3247
v 0.2058 7.8875 0.0034
v 0.3355 7.8572 0.0044
v 0.2853 7.8307 -0.0754
v 0.1659 7.8613 -0.0355
v 0.0995 7.8460 -0.0864
v 0.2151 7.8111 -0.1165
v 0.1513 7.7968 -0.1519
v 0.0110 7.8608 -0.0858
v -0.0674 7.6429 -0.0275
v 0.0278 7.6359 -0.0211
v -0.0451 7.5889 -0.0891
v -0.1347 7.5675 -0.0948
v -0.2152 7.6623 -0.3045
v -0.0891 7.5238 -0.1611
v -0.0581 7.4761 -0.2177
v -0.2115 7.5872 -0.3720
v -0.2003 7.5085 -0.4332
v -0.0364 7.5171 -0.4511
v 0.0383 7.3813 -0.5272
v -0.1240 7.3966 -0.5334
v -0.0006 7.9848 0.3109
v 0.1302 7.9580 0.3144
v 0.2192 7.9294 0.0652
v 0.0582 7.9009 0.0072
v 0.1619 7.8776 -0.0051
v 0.3277 7.8496 0.0149
v 0.4068 7.8039 -0.0289
v 0.2599 7.8307 -0.0546
v 0.2640 7.7772 -0.1532
v 0.4302 7.7608 -0.1128
v 0.3502 7.6726 -0.2448
v 0.1946 7.6941 -0.2591
v 0.0960 7.5953 -0.3810
v 0.2571 7.5649 -0.3800
v 0.1672 7.4569 -0.4435
v 0.0356 7.5013 -0.4523
v -0.0538 7.3242 -0.3165
v 0.1025 7.3806 -0.5004
v -0.0410 7.2636 -0.3433
v -0.1311 7.2726 -0.3372
v -0.2194 7.8651 -0.0366
v -0.1029 7.8976 -0.0175
v -0.0851 7.8801 -0.0632
v -0.2047 7.8471 -0.0817
v -0.1861 7.8114 -0.1356
v -0.0578 7.8542 -0.1194
v 0.0046 7.7994 -0.1747
v -0.1397 7.7495 -0.2261
v -0.0437 7.7111 -0.2915
v 0.0876 7.7538 -0.2182
v 0.1264 7.5645 -0.0902
v 0.0228 7.6346 -0.2983
v 0.0785 7.4087 -0.2313
v 0.2096 7.5328 -0.1057
v 0.3031 7.4886 -0.1373
v 0.1596 7.4699 -0.1839
v 0.1965 7.3737 -0.2352
v 0.3376 7.3730 -0.2144
v 0.3588 7.3523 -0.3573
v 0.2106 7.3860 -0.3172
v 0.0881 7.0937 -0.5703
v 0.2776 7.0501 -0.5278
v 0.1863 6.9606 -0.5565
v 0.0169 6.9712 -0.6017
v -0.2232 7.0590 -0.5928
v -0.0275 7.0538 -0.6070
v -0.0416 6.9778 -0.6160
v -0.1812 6.9716 -0.6065
v 0.2390 6.9797 -0.3091
v 0.2748 6.9398 -0.3367
v -0.0768 6.8296 -0.4037
v 0.0786 6.8423 -0.5887
v -0.0787 6.7789 -0.3957
v -0.2292 6.7094 -0.5748
v -0.1316 6.8555 -0.6170
v -0.0131 6.8518 -0.6091
v 0.0654 6.7449 -0.5861
v -0.0797 6.7421 -0.6166
v 0.3194 6.9018 -0.4761
v 0.3476 6.8288 -0.5006
v -0.2475 6.6659 -0.5561
v -0.1430 6.6386 -0.5752
v 0.0103 6.6285 -0.3361
v 0.1055 6.6328 -0.3242
v 0.3437 6.7914 -0.5015
v 0.2220 7.0657 -0.3145
v 0.1478 7.0366 -0.3371
v 0.3153 7.0343 -0.2862
v 0.3862 7.0501 -0.2544
v -0.1987 7.0979 -0.3624
v -0.2881 6.9624 -0.3514
v -0.1111 7.0220 -0.3927
v -0.0262 7.1014 -0.3690
v 0.0138 7.1598 -0.3491
v 0.1184 6.9853 -0.3460
v 0.2321 6.9961 -0.3118
v 0.1273 7.1627 -0.3199
v 0.1746 7.9358 0.1439
v 0.2080 7.9390 0.0639
v 0.3222 7.9011 0.0356
v 0.2833 7.8945 0.1123
v 0.1010 7.9055 -0.0009
v -0.0350 7.7066 0.0906
v 0.0905 7.6760 0.0664
v 0.2551 7.8492 -0.0452
v -0.1263 7.6808 0.0571
v -0.2006 7.6118 -0.0178
v -0.0246 7.6255 -0.0425
v 0.0272 7.6702 0.0350
v -0.2705 7.5036 -0.1182
v -0.2765 7.3610 -0.2319
v -0.0968 7.4294 -0.2404
v -0.0928 7.5440 -0.1361
v -0.1731 7.3298 -0.2903
v -0.0980 7.2804 -0.3420
v 0.0259 7.2825 -0.3176
v -0.0143 7.3799 -0.2738
v 0.0277 7.7462 0.2738
v 0.0567 7.7788 0.0489
v 0.1729 7.7803 0.0685
v 0.1502 7.7549 0.2969
v 0.1339 7.7411 0.2069
v 0.2067 7.6671 0.1015
v 0.3377 7.6276 0.0964
v 0.2634 7.7006 0.1964
v 0.2432 7.5909 -0.0329
v 0.2769 7.5389 -0.0852
v 0.3858 7.5261 -0.0519
v 0.3740 7.5799 0.0154
v 0.2110 7.4936 -0.1480
v 0.1236 7.4095 -0.2254
v 0.2573 7.3744 -0.2288
v 0.3395 7.4575 -0.1573
v 0.0445 7.3280 -0.2893
v -0.1316 7.1757 -0.3599
v 0.0446 7.1879 -0.3369
v 0.1222 7.3047 -0.2785
v -0.2524 7.8601 0.1204
v -0.2348 7.8517 -0.0046
v -0.1000 7.9219 0.0302
v -0.1213 7.8613 0.0866
v -0.1896 7.7706 -0.1089
v -0.1462 7.7824 -0.1447
v 0.0164 7.8277 -0.1394
v -0.0313 7.8836 -0.0545
v -0.0570 7.6160 -0.0627
v -0.0003 7.5824 -0.0889
v 0.1227 7.5846 -0.0625
v 0.0527 7.6168 -0.0391
v 0.0827 7.5416 -0.1191
v 0.1406 7.4194 -0.2176
v 0.2888 7.4925 -0.1354
v 0.2057 7.5466 -0.0895
v 0.1988 7.2826 -0.2803
v 0.2481 7.0906 -0.3063
v 0.4078 7.0838 -0.2429
v 0.3607 7.3002 -0.2403
v 0.0625 6.9108 -0.3643
v 0.0346 6.7387 -0.3619
v 0.1365 6.8391 -0.3437
v 0.2176 6.9547 -0.3145
v -0.2405 6.8766 -0.3669
v -0.1964 6.8355 -0.3762
v -0.0716 6.8876 -0.3962
v -0.0740 6.9444 -0.3977
v 0.1764 6.8674 -0.3276
v 0.2158 6.7436 -0.3120
v 0.3437 6.7677 -0.2453
v 0.3182 6.8673 -0.2679
v -0.0021 6.6256 -0.3373
v -0.0177 6.5691 -0.3433
v 0.0259 6.6114 -0.3328
v 0.0580 6.7219 -0.3532
v -0.1119 6.7800 -0.3898
v -0.0526 6.6923 -0.3640
v 0.0450 6.7150 -0.3547
v -0.0144 6.7940 -0.3831
v 0.2202 6.6532 -0.2980
v 0.2819 6.6270 -0.2773
v 0.3446 6.6610 -0.2361
v 0.3545 6.7114 -0.2335
v -0.0299 6.5217 -0.3164
v 0.0071 6.5399 -0.3136
v -0.0294 6.6633 -0.5845
v 0.1133 6.6707 -0.5602
v 0.3004 6.5846 -0.2872
v 0.3521 6.5746 -0.2680
v -0.0911 7.0105 -0.4004
v -0.0640 6.9059 -0.3953
v 0.0088 7.0613 -0.3662
v -0.0458 7.1077 -0.3725
v -0.0480 7.9389 0.3174
v -0.0416 7.9432 0.0998
v 0.1043 7.9441 0.3033
v 0.0777 7.9332 0.3125
v -0.0024 7.9272 0.0981
v -0.0471 7.8921 0.0716
v 0.4365 6.6928 -0.4415
v -0.3471 7.7679 -0.0931
v -0.3235 7.7084 -0.0627
v -0.3511 7.7563 0.0404
v -0.3563 7.8142 -0.0150
v 0.3865 7.8703 0.0616
v 0.3827 7.8407 -0.0098
v -0.2408 6.7379 -0.3416
v -0.1770 6.6308 -0.3242
v -0.1412 6.7283 -0.3662
v -0.1655 6.8408 -0.3841
v 0.1283 7.9397 0.1241
v 0.1524 7.9317 0.1212
v 0.1814 7.9377 0.1839
v 0.1755 7.9421 0.1526
v -0.3641 6.8545 -0.3058
v -0.3949 6.9494 -0.2860
v 0.2849 7.8312 -0.0746
v 0.1947 7.8240 -0.0944
v 0.1356 7.1749 -0.3170
v 0.2433 7.0615 -0.3082
v -0.3839 6.6035 -0.4972
v -0.2231 6.5102 -0.3218
v -0.1851 6.5728 -0.3263
v -0.2727 6.6707 -0.3014
v 0.0552 7.6443 -0.0065
v 0.0035 7.6007 -0.0668
v -0.2131 6.7942 -0.3679
v -0.2989 6.8031 -0.3403
v -0.1213 7.0806 -0.3798
v -0.1105 7.1014 -0.3778
v -0.2579 7.2385 -0.3129
v -0.2676 7.2353 -0.3080
v -0.3758 7.0986 -0.2805
v -0.3300 7.1881 -0.2836
v -0.0446 6.9372 -0.3911
v 0.0120 6.9063 -0.3777
v -0.0404 7.0095 -0.3871
v -0.1022 7.0252 -0.3937
v 0.0615 7.1969 -0.3313
v 0.1364 7.1586 -0.3194
v 0.1180 7.2067 -0.3149
v 0.0685 7.2727 -0.3101
v -0.0270 7.5388 -0.1448
v -0.0286 7.4677 -0.2165
v 0.3909 7.5452 -0.3703
v 0.2856 7.4276 -0.4519
v -0.3629 7.2763 -0.2445
v -0.3480 7.2999 -0.2356
v -0.3643 7.3724 -0.1714
v -0.3622 7.3829 -0.1648
v -0.2044 7.3554 -0.2643
v -0.1683 7.3560 -0.2735
v -0.0107 7.4410 -0.2321
v 0.2984 6.9606 -0.2854
v 0.3312 6.8953 -0.2904
v -0.1071 6.6127 -0.3414
v -0.1423 6.7020 -0.3578
v -0.3579 7.8214 0.0434
v -0.3588 7.7889 0.1022
v -0.3444 7.8136 0.1282
v -0.3106 7.8136 0.0779
v 0.0389 7.3498 -0.2800
v 0.0922 7.3361 -0.2714
v 0.0219 7.4469 -0.2239
v -0.0164 7.4385 -0.2346
v -0.0016 7.3851 -0.2686
v 0.0421 7.2816 -0.3133
v 0.0460 6.8003 -0.3704
v 0.0574 6.7280 -0.3545
v 0.0423 6.8201 -0.3713
v -0.0012 6.8646 -0.3811
v -0.3252 7.4899 -0.0960
v -0.3473 7.4890 -0.0815
v -0.3104 7.5878 0.0114
v -0.2981 7.5750 0.0165
v 0.4372 7.3365 -0.1903
v 0.4351 7.2009 -0.2370
v 0.0865 7.5113 -0.1523
v 0.1613 7.5499 -0.0938
v 0.4152 7.1414 -0.2443
v 0.4316 7.0684 -0.4793
v -0.0668 7.4996 -0.1970
v -0.0483 7.5317 -0.1569
v -0.1248 7.5514 -0.1170
v -0.1849 7.6626 -0.3140
v 0.3369 6.8311 -0.2834
v 0.4416 6.7533 -0.4432
v -0.2591 7.6422 0.0698
v -0.2479 7.6570 0.0591
v -0.1637 7.6909 0.0955
v -0.1724 7.6759 0.0667
v 0.1239 7.6138 -0.0295
v 0.0682 7.6882 0.0830
v 0.0521 6.7118 -0.3525
v 0.1173 6.5982 -0.3221
v 0.0801 6.6510 -0.3326
v 0.0471 6.7552 -0.3624
v -0.1168 7.8849 0.2854
v -0.1246 7.8460 0.3287
v -0.2782 7.6747 -0.2693
v -0.2325 7.7318 -0.2161
v -0.2942 7.7333 -0.1510
v -0.3345 7.7193 -0.1910
v -0.2729 7.2499 -0.3009
v -0.4123 7.1187 -0.5163
v -0.2644 7.3504 -0.5172
v -0.1143 7.1879 -0.5882
v -0.0858 7.0576 -0.3908
v 0.2415 7.9117 0.0692
v 0.3442 7.8763 0.0512
v 0.1727 7.9311 0.1025
v 0.1463 7.9143 0.0614
v 0.0953 7.8995 0.0163
v -0.0020 7.9021 -0.0055
v -0.1096 7.6704 0.0271
v -0.2530 7.7960 -0.1009
v -0.3104 7.7266 -0.1650
v -0.3512 7.6355 -0.2801
v -0.3823 7.5145 -0.3582
v -0.3619 7.4410 -0.4258
v -0.0404 7.9395 0.3212
v 0.0757 7.9160 0.3226
v -0.0661 7.4092 -0.2608
v -0.1529 7.3402 -0.2880
v -0.2282 7.8549 0.0136
v -0.1243 7.9078 0.0415
v -0.2187 7.6647 -0.3005
v -0.1235 7.6181 -0.3343
v -0.3852 7.0193 -0.5532
v -0.3285 6.9267 -0.5741
v -0.0211 6.9741 -0.3841
v 0.0305 6.8910 -0.3733
v 0.0478 6.8288 -0.3701
v 0.0455 6.8163 -0.3704
v -0.1307 6.6594 -0.5848
v 0.0860 6.7660 -0.5806
v 0.1943 7.9126 0.1937
v 0.2834 7.8801 0.1628
v -0.0247 7.8107 0.3398
v 0.0888 7.8132 0.3233
v -0.2566 7.8592 0.1410
v -0.1417 7.8692 0.1215
v 0.3595 7.8959 0.1083
vt 0.5263 0.6861
vt 0.5259 0.6845
vt 0.5068 0.6790
vt 0.5058 0.6803
vt 0.4827 0.6715
vt 0.4828 0.6742
vt 0.7024 0.6974
vt 0.7025 0.6937
vt 0.6959 0.6932
vt 0.6955 0.6960
vt 0.6820 0.6952
vt 0.6812 0.6975
vt 0.6618 0.6943
vt 0.6595 0.6974
vt 0.6368 0.6949
vt 0.6328 0.6978
vt 0.6091 0.6916
vt 0.6067 0.6951
vt 0.5855 0.6892
vt 0.5846 0.6927
vt 0.5668 0.6901
vt 0.5664 0.6928
vt 0.5519 0.6902
vt 0.5519 0.6924
vt 0.5414 0.6897
vt 0.5414 0.6913
vt 0.4648 0.6689
vt 0.4649 0.6713
vt 0.4507 0.6683
vt 0.4504 0.6703
vt 0.4396 0.6689
vt 0.4384 0.6704
vt 0.4254 0.6674
vt 0.4244 0.6685
vt 0.4153 0.6668
vt 0.4146 0.6677
vt 0.4097 0.6666
vt 0.4094 0.6674
vt 0.4834 0.8554
vt 0.4830 0.8537
vt 0.4701 0.8569
vt 0.4707 0.8583
vt 0.4564 0.8576
vt 0.4574 0.8588
vt 0.6692 0.8523
vt 0.6707 0.8487
vt 0.6589 0.8476
vt 0.6575 0.8510
vt 0.6450 0.8457
vt 0.6439 0.8494
vt 0.4386 0.8577
vt 0.4395 0.8588
vt 0.4269 0.8597
vt 0.4275 0.8607
vt 0.6311 0.8516
vt 0.6305 0.8544
vt 0.6146 0.8538
vt 0.6147 0.8564
vt 0.5953 0.8480
vt 0.5961 0.8514
vt 0.5721 0.8367
vt 0.5734 0.8402
vt 0.4176 0.8651
vt 0.4173 0.8642
vt 0.4121 0.8682
vt 0.4123 0.8688
vt 0.5550 0.8320
vt 0.5560 0.8346
vt 0.5421 0.8307
vt 0.5427 0.8330
vt 0.5281 0.8346
vt 0.5279 0.8375
vt 0.5115 0.8421
vt 0.5113 0.8448
vt 0.4979 0.8487
vt 0.4981 0.8508
vt 0.6867 0.8459
vt 0.6872 0.8408
vt 0.8139 0.7195
vt 0.8134 0.7171
vt 0.7954 0.7144
vt 0.7950 0.7160
vt 0.7705 0.7049
vt 0.7717 0.7086
vt 0.9797 0.7165
vt 0.9810 0.7144
vt 0.9684 0.7128
vt 0.9675 0.7149
vt 0.9554 0.7116
vt 0.9547 0.7139
vt 0.9429 0.7111
vt 0.9406 0.7149
vt 0.9207 0.7181
vt 0.9174 0.7215
vt 0.8970 0.7192
vt 0.8948 0.7230
vt 0.8747 0.7187
vt 0.8739 0.7226
vt 0.8563 0.7207
vt 0.8561 0.7236
vt 0.8419 0.7204
vt 0.8415 0.7235
vt 0.8301 0.7209
vt 0.8300 0.7236
vt 0.7491 0.7017
vt 0.7507 0.7056
vt 0.7333 0.6964
vt 0.7345 0.7008
vt 0.7227 0.6937
vt 0.7233 0.6984
vt 0.7142 0.6931
vt 0.7144 0.6975
vt 0.7077 0.6933
vt 0.7079 0.6974
vt 0.7814 0.8553
vt 0.7818 0.8538
vt 0.7688 0.8551
vt 0.7687 0.8566
vt 0.7540 0.8539
vt 0.7543 0.8557
vt 0.9593 0.8786
vt 0.9601 0.8762
vt 0.9506 0.8742
vt 0.9501 0.8768
vt 0.9400 0.8744
vt 0.9398 0.8769
vt 0.7305 0.8504
vt 0.7311 0.8526
vt 0.7050 0.8481
vt 0.7055 0.8518
vt 0.9233 0.8758
vt 0.9234 0.8780
vt 0.9070 0.8763
vt 0.9074 0.8784
vt 0.8889 0.8704
vt 0.8897 0.8731
vt 0.8679 0.8576
vt 0.8690 0.8607
vt 0.8511 0.8503
vt 0.8517 0.8527
vt 0.8391 0.8465
vt 0.8391 0.8487
vt 0.8239 0.8456
vt 0.8235 0.8485
vt 0.8067 0.8484
vt 0.8065 0.8509
vt 0.7954 0.8498
vt 0.7949 0.8521
vt 0.4994 0.8723
vt 0.4993 0.8701
vt 0.4848 0.8722
vt 0.4847 0.8743
vt 0.4992 0.8656
vt 0.4992 0.8634
vt 0.4852 0.8659
vt 0.4851 0.8680
vt 0.6491 0.8852
vt 0.6493 0.8818
vt 0.6394 0.8806
vt 0.6396 0.8839
vt 0.6498 0.8749
vt 0.6501 0.8715
vt 0.6388 0.8708
vt 0.6390 0.8741
vt 0.6288 0.8816
vt 0.6285 0.8789
vt 0.6160 0.8794
vt 0.6162 0.8819
vt 0.6279 0.8735
vt 0.6276 0.8708
vt 0.6153 0.8719
vt 0.6155 0.8744
vt 0.6026 0.8825
vt 0.6022 0.8797
vt 0.5881 0.8745
vt 0.5901 0.8787
vt 0.6012 0.8741
vt 0.6007 0.8713
vt 0.5820 0.8617
vt 0.5840 0.8659
vt 0.5693 0.8708
vt 0.5676 0.8661
vt 0.5508 0.8608
vt 0.5522 0.8648
vt 0.5644 0.8566
vt 0.5628 0.8519
vt 0.5468 0.8488
vt 0.5481 0.8528
vt 0.5331 0.8691
vt 0.5318 0.8658
vt 0.5128 0.8682
vt 0.5134 0.8708
vt 0.5293 0.8591
vt 0.5281 0.8557
vt 0.5108 0.8605
vt 0.5115 0.8631
vt 0.4722 0.8749
vt 0.4725 0.8729
vt 0.4579 0.8729
vt 0.4569 0.8749
vt 0.4730 0.8691
vt 0.4733 0.8671
vt 0.4609 0.8670
vt 0.4599 0.8690
vt 0.4380 0.8753
vt 0.4392 0.8731
vt 0.4266 0.8744
vt 0.4256 0.8764
vt 0.4416 0.8687
vt 0.4427 0.8664
vt 0.4296 0.8682
vt 0.4286 0.8703
vt 0.4166 0.8769
vt 0.4171 0.8754
vt 0.4123 0.8750
vt 0.4122 0.8758
vt 0.4181 0.8723
vt 0.4186 0.8708
vt 0.4128 0.8726
vt 0.4126 0.8734
vt 0.6594 0.8864
vt 0.6598 0.8833
vt 0.6606 0.8769
vt 0.6610 0.8737
vt 0.7903 0.8786
vt 0.7907 0.8757
vt 0.7750 0.8748
vt 0.7738 0.8780
vt 0.7913 0.8697
vt 0.7917 0.8668
vt 0.7785 0.8655
vt 0.7774 0.8686
vt 0.9517 0.9048
vt 0.9509 0.9018
vt 0.9413 0.9016
vt 0.9420 0.9047
vt 0.9493 0.8958
vt 0.9485 0.8928
vt 0.9391 0.8924
vt 0.9398 0.8955
vt 0.9284 0.9058
vt 0.9275 0.9024
vt 0.9126 0.9018
vt 0.9134 0.9051
vt 0.9258 0.8955
vt 0.9249 0.8921
vt 0.9102 0.8919
vt 0.9110 0.8952
vt 0.8986 0.9019
vt 0.8977 0.8988
vt 0.8831 0.8938
vt 0.8853 0.8981
vt 0.8959 0.8925
vt 0.8950 0.8894
vt 0.8766 0.8808
vt 0.8788 0.8852
vt 0.8643 0.8872
vt 0.8624 0.8827
vt 0.8439 0.8755
vt 0.8450 0.8794
vt 0.8587 0.8737
vt 0.8568 0.8692
vt 0.8404 0.8636
vt 0.8415 0.8675
vt 0.8254 0.8809
vt 0.8245 0.8773
vt 0.8057 0.8770
vt 0.8058 0.8804
vt 0.8229 0.8702
vt 0.8221 0.8666
vt 0.8055 0.8669
vt 0.8055 0.8703
vt 0.7601 0.8785
vt 0.7617 0.8756
vt 0.7467 0.8755
vt 0.7444 0.8781
vt 0.7649 0.8700
vt 0.7665 0.8671
vt 0.7536 0.8675
vt 0.7513 0.8701
vt 0.7163 0.8818
vt 0.7198 0.8783
vt 0.6918 0.8852
vt 0.6878 0.8889
vt 0.7268 0.8711
vt 0.7303 0.8675
vt 0.7038 0.8740
vt 0.6998 0.8777
vt 0.6730 0.8894
vt 0.6752 0.8857
vt 0.6797 0.8784
vt 0.6820 0.8748
vt 0.9601 0.9048
vt 0.9591 0.9020
vt 0.9569 0.8964
vt 0.9559 0.8936
vt 0.4846 0.8604
vt 0.4842 0.8587
vt 0.4718 0.8610
vt 0.4724 0.8624
vt 0.4592 0.8613
vt 0.4601 0.8625
vt 0.6645 0.8632
vt 0.6660 0.8596
vt 0.6546 0.8579
vt 0.6532 0.8613
vt 0.6418 0.8566
vt 0.6407 0.8603
vt 0.4412 0.8610
vt 0.4421 0.8621
vt 0.4287 0.8629
vt 0.4293 0.8640
vt 0.6292 0.8598
vt 0.6286 0.8626
vt 0.6148 0.8616
vt 0.6149 0.8642
vt 0.5978 0.8582
vt 0.5986 0.8617
vt 0.5761 0.8471
vt 0.5774 0.8505
vt 0.4182 0.8668
vt 0.4185 0.8676
vt 0.4125 0.8700
vt 0.4127 0.8706
vt 0.5581 0.8396
vt 0.5591 0.8421
vt 0.5438 0.8378
vt 0.5443 0.8401
vt 0.5275 0.8435
vt 0.5273 0.8464
vt 0.5109 0.8500
vt 0.5106 0.8527
vt 0.4985 0.8549
vt 0.4987 0.8570
vt 0.6852 0.8610
vt 0.6857 0.8560
vt 0.7804 0.8595
vt 0.7808 0.8581
vt 0.7685 0.8597
vt 0.7684 0.8612
vt 0.7549 0.8594
vt 0.7552 0.8612
vt 0.9566 0.8860
vt 0.9575 0.8835
vt 0.9492 0.8820
vt 0.9487 0.8846
vt 0.9392 0.8819
vt 0.9389 0.8844
vt 0.7322 0.8572
vt 0.7327 0.8594
vt 0.7064 0.8592
vt 0.7069 0.8629
vt 0.9237 0.8823
vt 0.9238 0.8844
vt 0.9082 0.8824
vt 0.9086 0.8845
vt 0.8915 0.8784
vt 0.8923 0.8810
vt 0.8712 0.8670
vt 0.8723 0.8702
vt 0.8530 0.8575
vt 0.8536 0.8599
vt 0.8391 0.8530
vt 0.8392 0.8552
vt 0.8226 0.8543
vt 0.8221 0.8572
vt 0.8060 0.8560
vt 0.8058 0.8585
vt 0.7937 0.8568
vt 0.7931 0.8592
vt 0.5275 0.6908
vt 0.5271 0.6892
vt 0.5039 0.6828
vt 0.5030 0.6841
vt 0.4831 0.6795
vt 0.4833 0.6822
vt 0.7020 0.7084
vt 0.7021 0.7048
vt 0.6947 0.7015
vt 0.6943 0.7042
vt 0.6798 0.7022
vt 0.6790 0.7045
vt 0.6549 0.7036
vt 0.6527 0.7067
vt 0.6250 0.7036
vt 0.6210 0.7066
vt 0.6018 0.7021
vt 0.5994 0.7056
vt 0.5827 0.6997
vt 0.5817 0.7032
vt 0.5657 0.6982
vt 0.5654 0.7009
vt 0.5519 0.6966
vt 0.5519 0.6987
vt 0.5414 0.6943
vt 0.5414 0.6959
vt 0.4650 0.6762
vt 0.4651 0.6786
vt 0.4497 0.6743
vt 0.4494 0.6763
vt 0.4360 0.6734
vt 0.4348 0.6749
vt 0.4225 0.6708
vt 0.4215 0.6719
vt 0.4134 0.6696
vt 0.4128 0.6705
vt 0.4089 0.6689
vt 0.4087 0.6696
vt 0.8155 0.7266
vt 0.8149 0.7243
vt 0.7943 0.7193
vt 0.7939 0.7210
vt 0.7742 0.7161
vt 0.7754 0.7198
vt 0.9760 0.7230
vt 0.9772 0.7208
vt 0.9659 0.7192
vt 0.9650 0.7214
vt 0.9533 0.7183
vt 0.9526 0.7205
vt 0.9361 0.7225
vt 0.9338 0.7263
vt 0.9107 0.7285
vt 0.9074 0.7320
vt 0.8903 0.7306
vt 0.8881 0.7344
vt 0.8724 0.7302
vt 0.8717 0.7340
vt 0.8556 0.7296
vt 0.8553 0.7325
vt 0.8407 0.7298
vt 0.8403 0.7330
vt 0.8297 0.7290
vt 0.8296 0.7317
vt 0.7540 0.7133
vt 0.7557 0.7172
vt 0.7369 0.7096
vt 0.7382 0.7139
vt 0.7244 0.7077
vt 0.7249 0.7124
vt 0.7148 0.7062
vt 0.7150 0.7105
vt 0.7083 0.7058
vt 0.7085 0.7100
vt 0.4334 0.6606
vt 0.4331 0.6595
vt 0.4189 0.6610
vt 0.4188 0.6618
vt 0.4324 0.6574
vt 0.4321 0.6563
vt 0.4191 0.6587
vt 0.4190 0.6595
vt 0.4116 0.6623
vt 0.4115 0.6629
vt 0.4120 0.6605
vt 0.4119 0.6611
vt 0.7026 0.6759
vt 0.7024 0.6738
vt 0.6952 0.6738
vt 0.6953 0.6761
vt 0.7018 0.6695
vt 0.7016 0.6674
vt 0.6948 0.6669
vt 0.6949 0.6692
vt 0.6837 0.6741
vt 0.6836 0.6763
vt 0.6841 0.6673
vt 0.6840 0.6696
vt 0.6645 0.6733
vt 0.6642 0.6752
vt 0.6655 0.6675
vt 0.6652 0.6694
vt 0.6518 0.6740
vt 0.6519 0.6759
vt 0.6515 0.6682
vt 0.6516 0.6702
vt 0.5188 0.6672
vt 0.5185 0.6644
vt 0.4966 0.6589
vt 0.4971 0.6607
vt 0.5178 0.6590
vt 0.5174 0.6562
vt 0.4950 0.6533
vt 0.4956 0.6552
vt 0.4784 0.6538
vt 0.4786 0.6550
vt 0.4781 0.6501
vt 0.4782 0.6513
vt 0.6277 0.6692
vt 0.6282 0.6728
vt 0.6264 0.6584
vt 0.6268 0.6620
vt 0.6025 0.6655
vt 0.6019 0.6694
vt 0.6044 0.6540
vt 0.6037 0.6579
vt 0.5803 0.6639
vt 0.5791 0.6673
vt 0.5590 0.6672
vt 0.5575 0.6705
vt 0.5829 0.6570
vt 0.5842 0.6536
vt 0.5633 0.6573
vt 0.5618 0.6606
vt 0.4670 0.6527
vt 0.4669 0.6538
vt 0.4674 0.6496
vt 0.4673 0.6507
vt 0.4602 0.6540
vt 0.4601 0.6551
vt 0.4604 0.6504
vt 0.4603 0.6516
vt 0.5409 0.6668
vt 0.5404 0.6702
vt 0.5423 0.6565
vt 0.5418 0.6599
vt 0.4498 0.6556
vt 0.4497 0.6571
vt 0.4503 0.6512
vt 0.4501 0.6527
vt 0.7163 0.6754
vt 0.7161 0.6733
vt 0.7081 0.6740
vt 0.7085 0.6761
vt 0.7156 0.6691
vt 0.7153 0.6670
vt 0.7072 0.6676
vt 0.7075 0.6697
vt 0.9840 0.6989
vt 0.9847 0.6963
vt 0.9750 0.6957
vt 0.9744 0.6982
vt 0.9861 0.6910
vt 0.9868 0.6884
vt 0.9767 0.6880
vt 0.9761 0.6905
vt 0.9619 0.6953
vt 0.9606 0.6973
vt 0.9658 0.6893
vt 0.9645 0.6913
vt 0.9493 0.6955
vt 0.9482 0.6972
vt 0.9525 0.6903
vt 0.9515 0.6920
vt 0.9391 0.6959
vt 0.9391 0.6975
vt 0.9393 0.6909
vt 0.9393 0.6926
vt 0.8067 0.6961
vt 0.8063 0.6928
vt 0.7823 0.6861
vt 0.7831 0.6888
vt 0.8056 0.6862
vt 0.8053 0.6830
vt 0.7800 0.6781
vt 0.7808 0.6808
vt 0.7598 0.6767
vt 0.7601 0.6786
vt 0.7589 0.6711
vt 0.7592 0.6730
vt 0.9173 0.6928
vt 0.9176 0.6963
vt 0.9164 0.6823
vt 0.9167 0.6858
vt 0.8924 0.6910
vt 0.8918 0.6948
vt 0.8940 0.6794
vt 0.8935 0.6832
vt 0.8691 0.6909
vt 0.8679 0.6947
vt 0.8727 0.6793
vt 0.8715 0.6831
vt 0.8475 0.6933
vt 0.8463 0.6968
vt 0.8513 0.6828
vt 0.8500 0.6863
vt 0.7447 0.6735
vt 0.7443 0.6760
vt 0.7460 0.6661
vt 0.7455 0.6686
vt 0.7338 0.6713
vt 0.7335 0.6738
vt 0.7346 0.6636
vt 0.7343 0.6661
vt 0.8292 0.6934
vt 0.8288 0.6969
vt 0.8302 0.6828
vt 0.8298 0.6863
vt 0.7250 0.6705
vt 0.7249 0.6728
vt 0.7250 0.6636
vt 0.7250 0.6659
vt 0.4874 0.4647
vt 0.4888 0.4628
vt 0.4771 0.4580
vt 0.4764 0.4597
vt 0.4917 0.4590
vt 0.4931 0.4571
vt 0.4790 0.4529
vt 0.4783 0.4546
vt 0.4960 0.4533
vt 0.4974 0.4514
vt 0.4808 0.4479
vt 0.4802 0.4496
vt 0.4659 0.4535
vt 0.4659 0.4549
vt 0.4659 0.4494
vt 0.4659 0.4507
vt 0.4660 0.4453
vt 0.4659 0.4466
vt 0.6674 0.4956
vt 0.6673 0.4936
vt 0.6591 0.4922
vt 0.6596 0.4943
vt 0.6672 0.4897
vt 0.6672 0.4877
vt 0.6577 0.4861
vt 0.6582 0.4882
vt 0.6670 0.4837
vt 0.6670 0.4817
vt 0.6563 0.4800
vt 0.6568 0.4820
vt 0.6467 0.4890
vt 0.6481 0.4914
vt 0.6424 0.4817
vt 0.6439 0.4841
vt 0.6382 0.4743
vt 0.6396 0.4768
vt 0.6178 0.4877
vt 0.6184 0.4908
vt 0.6163 0.4781
vt 0.6168 0.4813
vt 0.6148 0.4686
vt 0.6153 0.4717
vt 0.5971 0.4845
vt 0.5970 0.4886
vt 0.5972 0.4724
vt 0.5972 0.4764
vt 0.5974 0.4602
vt 0.5974 0.4643
vt 0.5754 0.4718
vt 0.5748 0.4744
vt 0.5772 0.4640
vt 0.5766 0.4666
vt 0.5790 0.4561
vt 0.5784 0.4587
vt 0.5562 0.4609
vt 0.5558 0.4626
vt 0.5574 0.4558
vt 0.5570 0.4575
vt 0.5586 0.4507
vt 0.5582 0.4524
vt 0.5372 0.4586
vt 0.5364 0.4605
vt 0.5395 0.4532
vt 0.5387 0.4550
vt 0.5418 0.4477
vt 0.5410 0.4495
vt 0.5230 0.4598
vt 0.5217 0.4620
vt 0.5268 0.4530
vt 0.5255 0.4552
vt 0.5306 0.4462
vt 0.5293 0.4485
vt 0.5059 0.4615
vt 0.5043 0.4636
vt 0.5106 0.4550
vt 0.5090 0.4572
vt 0.5154 0.4486
vt 0.5138 0.4507
vt 0.4568 0.4518
vt 0.4570 0.4530
vt 0.4564 0.4482
vt 0.4565 0.4494
vt 0.4560 0.4446
vt 0.4561 0.4458
vt 0.4482 0.4505
vt 0.4484 0.4516
vt 0.4476 0.4472
vt 0.4478 0.4483
vt 0.4470 0.4439
vt 0.4472 0.4450
vt 0.4377 0.4481
vt 0.4379 0.4491
vt 0.4369 0.4451
vt 0.4372 0.4461
vt 0.4362 0.4421
vt 0.4364 0.4431
vt 0.4274 0.4456
vt 0.4276 0.4466
vt 0.4268 0.4426
vt 0.4270 0.4436
vt 0.4263 0.4397
vt 0.4265 0.4407
vt 0.4199 0.4431
vt 0.4200 0.4438
vt 0.4194 0.4411
vt 0.4195 0.4418
vt 0.4189 0.4391
vt 0.4191 0.4398
vt 0.4145 0.4415
vt 0.4146 0.4420
vt 0.4143 0.4401
vt 0.4144 0.4406
vt 0.4141 0.4387
vt 0.4142 0.4392
vt 0.7665 0.5159
vt 0.7684 0.5133
vt 0.7519 0.5101
vt 0.7509 0.5122
vt 0.7722 0.5080
vt 0.7741 0.5054
vt 0.7548 0.5036
vt 0.7538 0.5057
vt 0.7778 0.5002
vt 0.7797 0.4975
vt 0.7577 0.4971
vt 0.7568 0.4992
vt 0.7383 0.5066
vt 0.7380 0.5086
vt 0.7394 0.5003
vt 0.7390 0.5024
vt 0.7404 0.4940
vt 0.7401 0.4961
vt 0.9574 0.5319
vt 0.9572 0.5301
vt 0.9496 0.5288
vt 0.9502 0.5307
vt 0.9566 0.5264
vt 0.9563 0.5246
vt 0.9479 0.5231
vt 0.9484 0.5250
vt 0.9558 0.5209
vt 0.9555 0.5191
vt 0.9461 0.5174
vt 0.9467 0.5193
vt 0.9383 0.5270
vt 0.9392 0.5292
vt 0.9357 0.5203
vt 0.9366 0.5225
vt 0.9331 0.5136
vt 0.9340 0.5158
vt 0.9203 0.5239
vt 0.9217 0.5275
vt 0.9162 0.5133
vt 0.9176 0.5169
vt 0.9121 0.5027
vt 0.9135 0.5063
vt 0.9014 0.5190
vt 0.9025 0.5236
vt 0.8982 0.5054
vt 0.8993 0.5100
vt 0.8950 0.4918
vt 0.8961 0.4964
vt 0.8793 0.5122
vt 0.8793 0.5156
vt 0.8792 0.5021
vt 0.8792 0.5055
vt 0.8791 0.4920
vt 0.8792 0.4954
vt 0.8567 0.5072
vt 0.8564 0.5094
vt 0.8578 0.5006
vt 0.8574 0.5028
vt 0.8589 0.4941
vt 0.8585 0.4963
vt 0.8333 0.5058
vt 0.8324 0.5078
vt 0.8361 0.4996
vt 0.8352 0.5017
vt 0.8389 0.4934
vt 0.8380 0.4955
vt 0.8143 0.5052
vt 0.8126 0.5075
vt 0.8194 0.4982
vt 0.8177 0.5005
vt 0.8245 0.4912
vt 0.8228 0.4935
vt 0.7917 0.5085
vt 0.7895 0.5112
vt 0.7982 0.5004
vt 0.7960 0.5031
vt 0.8047 0.4924
vt 0.8026 0.4950
vt 0.7288 0.5040
vt 0.7288 0.5060
vt 0.7287 0.4978
vt 0.7287 0.4999
vt 0.7287 0.4917
vt 0.7287 0.4937
vt 0.7186 0.5015
vt 0.7189 0.5035
vt 0.7179 0.4955
vt 0.7181 0.4975
vt 0.7172 0.4894
vt 0.7174 0.4914
vt 0.7061 0.4975
vt 0.7066 0.4991
vt 0.7047 0.4925
vt 0.7052 0.4942
vt 0.7033 0.4876
vt 0.7038 0.4893
vt 0.6924 0.4960
vt 0.6931 0.4977
vt 0.6904 0.4909
vt 0.6911 0.4926
vt 0.6884 0.4858
vt 0.6891 0.4875
vt 0.6807 0.4938
vt 0.6814 0.4955
vt 0.6788 0.4884
vt 0.6794 0.4902
vt 0.6769 0.4830
vt 0.6775 0.4848
vt 0.5133 0.8911
vt 0.5134 0.8889
vt 0.4959 0.8851
vt 0.4954 0.8866
vt 0.5136 0.8844
vt 0.5137 0.8822
vt 0.4974 0.8806
vt 0.4969 0.8821
vt 0.5139 0.8778
vt 0.5139 0.8755
vt 0.4989 0.8760
vt 0.4984 0.8775
vt 0.4810 0.8859
vt 0.4805 0.8873
vt 0.4826 0.8818
vt 0.4820 0.8832
vt 0.4841 0.8777
vt 0.4836 0.8791
vt 0.6587 0.9040
vt 0.6587 0.9022
vt 0.6507 0.9009
vt 0.6510 0.9026
vt 0.6588 0.8986
vt 0.6588 0.8968
vt 0.6499 0.8956
vt 0.6502 0.8974
vt 0.6589 0.8932
vt 0.6589 0.8914
vt 0.6491 0.8904
vt 0.6494 0.8921
vt 0.6422 0.9006
vt 0.6426 0.9026
vt 0.6412 0.8948
vt 0.6416 0.8968
vt 0.6402 0.8891
vt 0.6405 0.8910
vt 0.6315 0.8987
vt 0.6318 0.9007
vt 0.6305 0.8925
vt 0.6308 0.8946
vt 0.6295 0.8864
vt 0.6298 0.8884
vt 0.6199 0.8966
vt 0.6204 0.8984
vt 0.6184 0.8914
vt 0.6189 0.8931
vt 0.6169 0.8861
vt 0.6174 0.8879
vt 0.6054 0.8942
vt 0.6057 0.8954
vt 0.6044 0.8904
vt 0.6047 0.8916
vt 0.6034 0.8866
vt 0.6037 0.8878
vt 0.5946 0.8927
vt 0.5950 0.8941
vt 0.5936 0.8885
vt 0.5939 0.8899
vt 0.5925 0.8843
vt 0.5928 0.8857
vt 0.5773 0.8945
vt 0.5782 0.8972
vt 0.5745 0.8863
vt 0.5755 0.8891
vt 0.5718 0.8782
vt 0.5727 0.8809
vt 0.5558 0.8939
vt 0.5561 0.8974
vt 0.5548 0.8831
vt 0.5551 0.8867
vt 0.5538 0.8724
vt 0.5542 0.8760
vt 0.5344 0.8786
vt 0.5343 0.8756
vt 0.4679 0.8860
vt 0.4673 0.8873
vt 0.4696 0.8821
vt 0.4691 0.8834
vt 0.4714 0.8781
vt 0.4708 0.8795
vt 0.4506 0.8873
vt 0.4498 0.8888
vt 0.4528 0.8828
vt 0.4521 0.8843
vt 0.4551 0.8783
vt 0.4544 0.8798
vt 0.4318 0.8900
vt 0.4311 0.8918
vt 0.4340 0.8846
vt 0.4333 0.8864
vt 0.4361 0.8793
vt 0.4354 0.8811
vt 0.4253 0.8883
vt 0.4254 0.8897
vt 0.4250 0.8841
vt 0.4251 0.8855
vt 0.4247 0.8799
vt 0.4248 0.8813
vt 0.4173 0.8825
vt 0.4175 0.8831
vt 0.4168 0.8807
vt 0.4169 0.8813
vt 0.4162 0.8790
vt 0.4164 0.8796
vt 0.4120 0.8796
vt 0.4120 0.8801
vt 0.4120 0.8784
vt 0.4120 0.8788
vt 0.4120 0.8771
vt 0.4120 0.8775
vt 0.8018 0.9075
vt 0.8023 0.9045
vt 0.7816 0.8982
vt 0.7804 0.9006
vt 0.8033 0.8986
vt 0.8038 0.8956
vt 0.7852 0.8911
vt 0.7840 0.8935
vt 0.8048 0.8897
vt 0.8054 0.8867
vt 0.7888 0.8839
vt 0.7876 0.8863
vt 0.7630 0.8943
vt 0.7617 0.8962
vt 0.7671 0.8886
vt 0.7658 0.8905
vt 0.7713 0.8830
vt 0.7699 0.8849
vt 0.9627 0.9234
vt 0.9625 0.9214
vt 0.9556 0.9223
vt 0.9560 0.9244
vt 0.9622 0.9175
vt 0.9620 0.9155
vt 0.9543 0.9161
vt 0.9547 0.9181
vt 0.9616 0.9115
vt 0.9614 0.9096
vt 0.9530 0.9098
vt 0.9534 0.9119
vt 0.9456 0.9234
vt 0.9461 0.9257
vt 0.9444 0.9167
vt 0.9448 0.9190
vt 0.9431 0.9100
vt 0.9435 0.9122
vt 0.9322 0.9234
vt 0.9326 0.9255
vt 0.9309 0.9173
vt 0.9314 0.9194
vt 0.9297 0.9112
vt 0.9301 0.9133
vt 0.9185 0.9222
vt 0.9191 0.9242
vt 0.9167 0.9163
vt 0.9173 0.9183
vt 0.9148 0.9104
vt 0.9154 0.9124
vt 0.9054 0.9188
vt 0.9063 0.9208
vt 0.9029 0.9129
vt 0.9037 0.9149
vt 0.9004 0.9070
vt 0.9012 0.9089
vt 0.8910 0.9155
vt 0.8915 0.9173
vt 0.8895 0.9099
vt 0.8900 0.9118
vt 0.8879 0.9043
vt 0.8884 0.9062
vt 0.8746 0.9137
vt 0.8759 0.9168
vt 0.8710 0.9043
vt 0.8722 0.9074
vt 0.8674 0.8949
vt 0.8686 0.8980
vt 0.8504 0.9113
vt 0.8510 0.9153
vt 0.8486 0.8993
vt 0.8492 0.9033
vt 0.8468 0.8874
vt 0.8474 0.8914
vt 0.8260 0.9107
vt 0.8260 0.9144
vt 0.8261 0.8994
vt 0.8261 0.9032
vt 0.8262 0.8882
vt 0.8261 0.8920
vt 0.7507 0.8923
vt 0.7495 0.8939
vt 0.7540 0.8876
vt 0.7529 0.8892
vt 0.7573 0.8829
vt 0.7562 0.8845
vt 0.7303 0.8948
vt 0.7286 0.8968
vt 0.7354 0.8888
vt 0.7337 0.8908
vt 0.7405 0.8828
vt 0.7388 0.8848
vt 0.6978 0.9051
vt 0.6957 0.9079
vt 0.7043 0.8967
vt 0.7021 0.8995
vt 0.7107 0.8882
vt 0.7086 0.8910
vt 0.6803 0.9054
vt 0.6798 0.9073
vt 0.6818 0.8999
vt 0.6813 0.9018
vt 0.6833 0.8944
vt 0.6828 0.8963
vt 0.6692 0.9049
vt 0.6690 0.9065
vt 0.6699 0.8998
vt 0.6697 0.9015
vt 0.6705 0.8947
vt 0.6703 0.8964
vt 0.5071 0.4307
vt 0.5070 0.4298
vt 0.4852 0.4284
vt 0.4850 0.4296
vt 0.5066 0.4280
vt 0.5064 0.4270
vt 0.4857 0.4250
vt 0.4855 0.4262
vt 0.5063 0.4261
vt 0.5061 0.4252
vt 0.4860 0.4228
vt 0.4859 0.4239
vt 0.4654 0.4248
vt 0.4652 0.4258
vt 0.4658 0.4216
vt 0.4656 0.4226
vt 0.4661 0.4195
vt 0.4659 0.4205
vt 0.6603 0.4527
vt 0.6604 0.4502
vt 0.6472 0.4459
vt 0.6471 0.4484
vt 0.6606 0.4451
vt 0.6607 0.4426
vt 0.6475 0.4385
vt 0.6474 0.4409
vt 0.6608 0.4401
vt 0.6609 0.4376
vt 0.6477 0.4335
vt 0.6476 0.4360
vt 0.6298 0.4365
vt 0.6293 0.4385
vt 0.6313 0.4307
vt 0.6308 0.4327
vt 0.6323 0.4269
vt 0.6318 0.4288
vt 0.6135 0.4295
vt 0.6132 0.4313
vt 0.6145 0.4243
vt 0.6141 0.4261
vt 0.6151 0.4208
vt 0.6148 0.4226
vt 0.6006 0.4282
vt 0.6003 0.4297
vt 0.6014 0.4237
vt 0.6011 0.4252
vt 0.6019 0.4208
vt 0.6017 0.4223
vt 0.4528 0.4275
vt 0.4528 0.4285
vt 0.4528 0.4245
vt 0.4528 0.4255
vt 0.4528 0.4224
vt 0.4528 0.4235
vt 0.4433 0.4313
vt 0.4435 0.4322
vt 0.4429 0.4287
vt 0.4430 0.4296
vt 0.4426 0.4269
vt 0.4428 0.4278
vt 0.5841 0.4314
vt 0.5838 0.4336
vt 0.5849 0.4250
vt 0.5846 0.4271
vt 0.5854 0.4207
vt 0.5851 0.4228
vt 0.5636 0.4327
vt 0.5632 0.4348
vt 0.5648 0.4266
vt 0.5644 0.4286
vt 0.5656 0.4225
vt 0.5652 0.4245
vt 0.5479 0.4335
vt 0.5476 0.4349
vt 0.5491 0.4294
vt 0.5487 0.4307
vt 0.5498 0.4266
vt 0.5494 0.4280
vt 0.5377 0.4343
vt 0.5377 0.4350
vt 0.5380 0.4322
vt 0.5379 0.4329
vt 0.5382 0.4307
vt 0.5381 0.4315
vt 0.4329 0.4305
vt 0.4332 0.4314
vt 0.4322 0.4280
vt 0.4324 0.4288
vt 0.4316 0.4262
vt 0.4319 0.4271
vt 0.4235 0.4292
vt 0.4237 0.4299
vt 0.4229 0.4273
vt 0.4231 0.4279
vt 0.4225 0.4260
vt 0.4227 0.4266
vt 0.5271 0.4319
vt 0.5272 0.4325
vt 0.5267 0.4300
vt 0.5268 0.4306
vt 0.5265 0.4287
vt 0.5266 0.4294
vt 0.4164 0.4315
vt 0.4166 0.4319
vt 0.4158 0.4300
vt 0.4160 0.4305
vt 0.4154 0.4290
vt 0.4156 0.4295
vt 0.7945 0.4710
vt 0.7948 0.4693
vt 0.7677 0.4654
vt 0.7673 0.4673
vt 0.7953 0.4659
vt 0.7955 0.4642
vt 0.7692 0.4599
vt 0.7687 0.4617
vt 0.7958 0.4625
vt 0.7961 0.4608
vt 0.7702 0.4562
vt 0.7697 0.4580
vt 0.7464 0.4583
vt 0.7457 0.4601
vt 0.7483 0.4531
vt 0.7476 0.4548
vt 0.7495 0.4496
vt 0.7489 0.4514
vt 0.9482 0.4979
vt 0.9486 0.4963
vt 0.9375 0.4901
vt 0.9374 0.4921
vt 0.9379 0.4824
vt 0.9380 0.4804
vt 0.9215 0.4717
vt 0.9213 0.4734
vt 0.9205 0.4815
vt 0.9207 0.4799
vt 0.9009 0.4706
vt 0.9008 0.4715
vt 0.9210 0.4766
vt 0.9212 0.4750
vt 0.9014 0.4677
vt 0.9012 0.4687
vt 0.9016 0.4659
vt 0.9015 0.4668
vt 0.8900 0.4677
vt 0.8899 0.4685
vt 0.8903 0.4651
vt 0.8902 0.4660
vt 0.8904 0.4635
vt 0.8904 0.4643
vt 0.7290 0.4617
vt 0.7285 0.4634
vt 0.7305 0.4568
vt 0.7300 0.4585
vt 0.7316 0.4536
vt 0.7310 0.4552
vt 0.7143 0.4672
vt 0.7141 0.4688
vt 0.7149 0.4627
vt 0.7147 0.4642
vt 0.7152 0.4597
vt 0.7150 0.4612
vt 0.8796 0.4685
vt 0.8793 0.4693
vt 0.8804 0.4663
vt 0.8802 0.4671
vt 0.8810 0.4649
vt 0.8807 0.4656
vt 0.8665 0.4722
vt 0.8660 0.4731
vt 0.8490 0.4746
vt 0.8484 0.4758
vt 0.8675 0.4702
vt 0.8680 0.4693
vt 0.8511 0.4710
vt 0.8504 0.4722
vt 0.8686 0.4683
vt 0.8691 0.4673
vt 0.8524 0.4685
vt 0.8518 0.4698
vt 0.8353 0.4740
vt 0.8348 0.4752
vt 0.8367 0.4704
vt 0.8363 0.4716
vt 0.8377 0.4681
vt 0.8372 0.4693
vt 0.6982 0.4651
vt 0.6983 0.4670
vt 0.6981 0.4593
vt 0.6981 0.4612
vt 0.6980 0.4554
vt 0.6980 0.4573
vt 0.6825 0.4588
vt 0.6826 0.4609
vt 0.6822 0.4526
vt 0.6823 0.4547
vt 0.6821 0.4484
vt 0.6822 0.4505
vt 0.8212 0.4710
vt 0.8210 0.4723
vt 0.8218 0.4672
vt 0.8216 0.4685
vt 0.8222 0.4647
vt 0.8220 0.4660
vt 0.6710 0.4529
vt 0.6713 0.4553
vt 0.6699 0.4458
vt 0.6703 0.4482
vt 0.6693 0.4410
vt 0.6696 0.4434
vt 0.6212 0.5041
vt 0.6212 0.5077
vt 0.6414 0.5114
vt 0.6422 0.5079
vt 0.6212 0.5112
vt 0.6212 0.5148
vt 0.6399 0.5183
vt 0.6407 0.5148
vt 0.6212 0.5219
vt 0.6212 0.5254
vt 0.6377 0.5287
vt 0.6384 0.5253
vt 0.4578 0.4597
vt 0.4565 0.4611
vt 0.4610 0.4660
vt 0.4622 0.4646
vt 0.4552 0.4626
vt 0.4538 0.4640
vt 0.4586 0.4688
vt 0.4598 0.4674
vt 0.4512 0.4668
vt 0.4498 0.4683
vt 0.4549 0.4730
vt 0.4561 0.4716
vt 0.4349 0.4546
vt 0.4341 0.4553
vt 0.4474 0.4583
vt 0.4482 0.4571
vt 0.4334 0.4560
vt 0.4326 0.4566
vt 0.4459 0.4606
vt 0.4466 0.4594
vt 0.4311 0.4580
vt 0.4304 0.4587
vt 0.4436 0.4641
vt 0.4443 0.4630
vt 0.4706 0.4719
vt 0.4704 0.4734
vt 0.4845 0.4780
vt 0.4846 0.4766
vt 0.4702 0.4750
vt 0.4700 0.4765
vt 0.4843 0.4808
vt 0.4844 0.4794
vt 0.4696 0.4796
vt 0.4694 0.4812
vt 0.4839 0.4850
vt 0.4840 0.4836
vt 0.4989 0.4771
vt 0.4984 0.4789
vt 0.5158 0.4796
vt 0.5160 0.4778
vt 0.4980 0.4807
vt 0.4976 0.4825
vt 0.5153 0.4833
vt 0.5155 0.4815
vt 0.4967 0.4862
vt 0.4962 0.4880
vt 0.5146 0.4889
vt 0.5148 0.4870
vt 0.4162 0.4472
vt 0.4155 0.4475
vt 0.4220 0.4513
vt 0.4227 0.4509
vt 0.4149 0.4479
vt 0.4143 0.4482
vt 0.4207 0.4523
vt 0.4214 0.4518
vt 0.4131 0.4489
vt 0.4125 0.4492
vt 0.4186 0.4537
vt 0.4193 0.4532
vt 0.5349 0.4796
vt 0.5349 0.4820
vt 0.5557 0.4866
vt 0.5562 0.4831
vt 0.5349 0.4844
vt 0.5348 0.4868
vt 0.5547 0.4938
vt 0.5552 0.4902
vt 0.5347 0.4916
vt 0.5347 0.4939
vt 0.5532 0.5045
vt 0.5537 0.5009
vt 0.5751 0.4963
vt 0.5751 0.4989
vt 0.5955 0.5085
vt 0.5949 0.5059
vt 0.5752 0.5014
vt 0.5752 0.5040
vt 0.5966 0.5137
vt 0.5960 0.5111
vt 0.5753 0.5092
vt 0.5753 0.5117
vt 0.5982 0.5215
vt 0.5977 0.5189
vt 0.6536 0.5159
vt 0.6529 0.5186
vt 0.6633 0.5195
vt 0.6640 0.5174
vt 0.6523 0.5213
vt 0.6517 0.5240
vt 0.6619 0.5237
vt 0.6626 0.5216
vt 0.6504 0.5294
vt 0.6498 0.5321
vt 0.6598 0.5301
vt 0.6605 0.5280
vt 0.9205 0.5438
vt 0.9201 0.5468
vt 0.9374 0.5474
vt 0.9379 0.5448
vt 0.9198 0.5499
vt 0.9194 0.5529
vt 0.9365 0.5524
vt 0.9370 0.5499
vt 0.9186 0.5589
vt 0.9182 0.5619
vt 0.9352 0.5600
vt 0.9356 0.5575
vt 0.7287 0.5178
vt 0.7287 0.5196
vt 0.7392 0.5221
vt 0.7390 0.5200
vt 0.7286 0.5214
vt 0.7286 0.5232
vt 0.7397 0.5263
vt 0.7395 0.5242
vt 0.7286 0.5268
vt 0.7286 0.5286
vt 0.7404 0.5327
vt 0.7402 0.5306
vt 0.7050 0.5097
vt 0.7044 0.5112
vt 0.7180 0.5158
vt 0.7181 0.5142
vt 0.7038 0.5127
vt 0.7032 0.5142
vt 0.7176 0.5190
vt 0.7178 0.5174
vt 0.7020 0.5172
vt 0.7013 0.5188
vt 0.7171 0.5237
vt 0.7173 0.5221
vt 0.7526 0.5224
vt 0.7529 0.5247
vt 0.7649 0.5322
vt 0.7646 0.5305
vt 0.7532 0.5270
vt 0.7534 0.5293
vt 0.7656 0.5356
vt 0.7653 0.5339
vt 0.7540 0.5339
vt 0.7543 0.5362
vt 0.7667 0.5408
vt 0.7663 0.5391
vt 0.7847 0.5405
vt 0.7848 0.5427
vt 0.8089 0.5422
vt 0.8088 0.5401
vt 0.6757 0.5129
vt 0.6748 0.5150
vt 0.6884 0.5114
vt 0.6893 0.5096
vt 0.6739 0.5171
vt 0.6730 0.5192
vt 0.6866 0.5151
vt 0.6875 0.5132
vt 0.6712 0.5235
vt 0.6704 0.5256
vt 0.6840 0.5206
vt 0.6849 0.5187
vt 0.8323 0.5318
vt 0.8328 0.5341
vt 0.8568 0.5372
vt 0.8572 0.5335
vt 0.8332 0.5364
vt 0.8337 0.5387
vt 0.8562 0.5445
vt 0.8565 0.5408
vt 0.8346 0.5433
vt 0.8351 0.5456
vt 0.8551 0.5556
vt 0.8555 0.5519
vt 0.8807 0.5357
vt 0.8799 0.5393
vt 0.9012 0.5456
vt 0.9017 0.5423
vt 0.8791 0.5429
vt 0.8783 0.5465
vt 0.9002 0.5522
vt 0.9007 0.5489
vt 0.8767 0.5536
vt 0.8759 0.5572
vt 0.8987 0.5622
vt 0.8992 0.5589
vt 0.9501 0.5464
vt 0.9497 0.5485
vt 0.9579 0.5494
vt 0.9584 0.5475
vt 0.9492 0.5506
vt 0.9487 0.5527
vt 0.9567 0.5531
vt 0.9573 0.5512
vt 0.9477 0.5569
vt 0.9472 0.5590
vt 0.9551 0.5588
vt 0.9556 0.5569
vt 0.7845 0.5317
vt 0.7844 0.5295
vt 0.7846 0.5361
vt 0.7845 0.5339
vt 0.8082 0.5298
vt 0.8083 0.5319
vt 0.4582 0.9006
vt 0.4569 0.9015
vt 0.4749 0.9000
vt 0.4753 0.8985
vt 0.4543 0.9032
vt 0.4529 0.9041
vt 0.4738 0.9044
vt 0.4742 0.9029
vt 0.4516 0.9049
vt 0.4503 0.9058
vt 0.4731 0.9073
vt 0.4735 0.9059
vt 0.6341 0.9149
vt 0.6343 0.9169
vt 0.6459 0.9208
vt 0.6458 0.9186
vt 0.6346 0.9211
vt 0.6348 0.9232
vt 0.6460 0.9275
vt 0.6460 0.9253
vt 0.6350 0.9253
vt 0.6351 0.9274
vt 0.6462 0.9320
vt 0.6461 0.9297
vt 0.4300 0.9016
vt 0.4298 0.9020
vt 0.4384 0.9022
vt 0.4389 0.9016
vt 0.4295 0.9029
vt 0.4294 0.9033
vt 0.4367 0.9041
vt 0.4373 0.9035
vt 0.4293 0.9037
vt 0.4291 0.9041
vt 0.4356 0.9053
vt 0.4361 0.9047
vt 0.4141 0.8864
vt 0.4140 0.8872
vt 0.4235 0.8972
vt 0.4237 0.8965
vt 0.4138 0.8889
vt 0.4137 0.8897
vt 0.4231 0.8992
vt 0.4232 0.8985
vt 0.4136 0.8905
vt 0.4135 0.8913
vt 0.4228 0.9006
vt 0.4229 0.8999
vt 0.4951 0.9032
vt 0.4949 0.9055
vt 0.5144 0.9121
vt 0.5148 0.9094
vt 0.4946 0.9103
vt 0.4944 0.9126
vt 0.5134 0.9203
vt 0.5138 0.9176
vt 0.4942 0.9150
vt 0.4941 0.9173
vt 0.5128 0.9258
vt 0.5131 0.9231
vt 0.6552 0.9191
vt 0.6554 0.9222
vt 0.6623 0.9232
vt 0.6620 0.9202
vt 0.6559 0.9284
vt 0.6561 0.9315
vt 0.6632 0.9323
vt 0.6629 0.9293
vt 0.6563 0.9345
vt 0.6565 0.9376
vt 0.6638 0.9384
vt 0.6635 0.9353
vt 0.5357 0.9159
vt 0.5355 0.9184
vt 0.5552 0.9200
vt 0.5553 0.9176
vt 0.5349 0.9234
vt 0.5346 0.9259
vt 0.5548 0.9273
vt 0.5549 0.9249
vt 0.5344 0.9283
vt 0.5341 0.9308
vt 0.5545 0.9321
vt 0.5546 0.9297
vt 0.5749 0.9096
vt 0.5743 0.9125
vt 0.5922 0.9063
vt 0.5929 0.9035
vt 0.5731 0.9183
vt 0.5726 0.9212
vt 0.5900 0.9146
vt 0.5907 0.9118
vt 0.5720 0.9241
vt 0.5714 0.9271
vt 0.5885 0.9201
vt 0.5892 0.9173
vt 0.6055 0.9067
vt 0.6055 0.9082
vt 0.6212 0.9127
vt 0.6212 0.9108
vt 0.6053 0.9111
vt 0.6053 0.9125
vt 0.6213 0.9183
vt 0.6213 0.9164
vt 0.6052 0.9140
vt 0.6051 0.9154
vt 0.6214 0.9221
vt 0.6214 0.9202
vt 0.4100 0.8834
vt 0.4098 0.8838
vt 0.4095 0.8847
vt 0.4093 0.8852
vt 0.4091 0.8857
vt 0.4090 0.8861
vt 0.7377 0.9118
vt 0.7361 0.9137
vt 0.7561 0.9107
vt 0.7562 0.9088
vt 0.7331 0.9177
vt 0.7316 0.9196
vt 0.7558 0.9162
vt 0.7559 0.9144
vt 0.7301 0.9216
vt 0.7285 0.9236
vt 0.7556 0.9199
vt 0.7557 0.9181
vt 0.9336 0.9374
vt 0.9335 0.9391
vt 0.9483 0.9435
vt 0.9483 0.9417
vt 0.9335 0.9425
vt 0.9334 0.9442
vt 0.9483 0.9489
vt 0.9483 0.9471
vt 0.9334 0.9459
vt 0.9334 0.9476
vt 0.9483 0.9524
vt 0.9483 0.9506
vt 0.6931 0.9231
vt 0.6930 0.9254
vt 0.7095 0.9218
vt 0.7101 0.9196
vt 0.6930 0.9299
vt 0.6929 0.9322
vt 0.7079 0.9284
vt 0.7084 0.9262
vt 0.6929 0.9345
vt 0.6929 0.9368
vt 0.7068 0.9329
vt 0.7073 0.9307
vt 0.6701 0.9212
vt 0.6704 0.9241
vt 0.6797 0.9257
vt 0.6795 0.9229
vt 0.6710 0.9300
vt 0.6714 0.9330
vt 0.6805 0.9340
vt 0.6802 0.9312
vt 0.6717 0.9359
vt 0.6720 0.9389
vt 0.6810 0.9395
vt 0.6807 0.9368
vt 0.7815 0.9183
vt 0.7819 0.9210
vt 0.8053 0.9281
vt 0.8053 0.9253
vt 0.7828 0.9262
vt 0.7832 0.9289
vt 0.8053 0.9363
vt 0.8053 0.9336
vt 0.7837 0.9315
vt 0.7841 0.9342
vt 0.8053 0.9418
vt 0.8053 0.9391
vt 0.9588 0.9421
vt 0.9587 0.9440
vt 0.9668 0.9426
vt 0.9669 0.9406
vt 0.9586 0.9478
vt 0.9585 0.9497
vt 0.9662 0.9486
vt 0.9664 0.9466
vt 0.9585 0.9516
vt 0.9584 0.9534
vt 0.9658 0.9527
vt 0.9660 0.9507
vt 0.8274 0.9401
vt 0.8271 0.9425
vt 0.8471 0.9451
vt 0.8476 0.9428
vt 0.8269 0.9449
vt 0.8266 0.9473
vt 0.8461 0.9497
vt 0.8466 0.9474
vt 0.8725 0.9298
vt 0.8715 0.9325
vt 0.8920 0.9313
vt 0.8930 0.9291
vt 0.8693 0.9379
vt 0.8682 0.9406
vt 0.8891 0.9381
vt 0.8901 0.9358
vt 0.8671 0.9433
vt 0.8660 0.9460
vt 0.8872 0.9426
vt 0.8882 0.9403
vt 0.9073 0.9312
vt 0.9068 0.9328
vt 0.9198 0.9345
vt 0.9199 0.9330
vt 0.9057 0.9361
vt 0.9052 0.9378
vt 0.9194 0.9391
vt 0.9195 0.9376
vt 0.9047 0.9394
vt 0.9041 0.9411
vt 0.9191 0.9422
vt 0.9192 0.9406
vt 0.8279 0.9353
vt 0.8282 0.9328
vt 0.8490 0.9359
vt 0.8485 0.9382
vt 0.4863 0.4205
vt 0.4865 0.4181
vt 0.4668 0.4159
vt 0.4664 0.4173
vt 0.4868 0.4133
vt 0.4869 0.4109
vt 0.4682 0.4114
vt 0.4677 0.4129
vt 0.4872 0.4061
vt 0.4873 0.4037
vt 0.4696 0.4070
vt 0.4691 0.4085
vt 0.6479 0.4286
vt 0.6483 0.4265
vt 0.6342 0.4212
vt 0.6332 0.4230
vt 0.6491 0.4223
vt 0.6494 0.4202
vt 0.6371 0.4157
vt 0.6362 0.4175
vt 0.6502 0.4160
vt 0.6506 0.4139
vt 0.6401 0.4103
vt 0.6391 0.4121
vt 0.6157 0.4174
vt 0.6171 0.4161
vt 0.6032 0.4159
vt 0.6025 0.4178
vt 0.6200 0.4134
vt 0.6214 0.4121
vt 0.6052 0.4104
vt 0.6045 0.4122
vt 0.6242 0.4095
vt 0.6257 0.4082
vt 0.6072 0.4049
vt 0.6065 0.4067
vt 0.4528 0.4204
vt 0.4531 0.4191
vt 0.4422 0.4239
vt 0.4423 0.4252
vt 0.4537 0.4166
vt 0.4540 0.4153
vt 0.4417 0.4198
vt 0.4419 0.4212
vt 0.4545 0.4127
vt 0.4548 0.4114
vt 0.4413 0.4158
vt 0.4415 0.4171
vt 0.5859 0.4164
vt 0.5863 0.4147
vt 0.5671 0.4168
vt 0.5665 0.4183
vt 0.5871 0.4113
vt 0.5875 0.4096
vt 0.5690 0.4121
vt 0.5683 0.4137
vt 0.5883 0.4062
vt 0.5886 0.4045
vt 0.5708 0.4074
vt 0.5702 0.4090
vt 0.5506 0.4238
vt 0.5510 0.4223
vt 0.5385 0.4274
vt 0.5383 0.4293
vt 0.5520 0.4194
vt 0.5525 0.4179
vt 0.5390 0.4217
vt 0.5388 0.4236
vt 0.5535 0.4149
vt 0.5539 0.4134
vt 0.5395 0.4160
vt 0.5393 0.4179
vt 0.4311 0.4245
vt 0.4308 0.4238
vt 0.4219 0.4243
vt 0.4222 0.4247
vt 0.4300 0.4224
vt 0.4297 0.4217
vt 0.4209 0.4234
vt 0.4212 0.4237
vt 0.4290 0.4202
vt 0.4286 0.4195
vt 0.4200 0.4225
vt 0.4203 0.4228
vt 0.5262 0.4275
vt 0.5258 0.4251
vt 0.5055 0.4207
vt 0.5057 0.4234
vt 0.5250 0.4205
vt 0.5246 0.4181
vt 0.5048 0.4129
vt 0.5050 0.4155
vt 0.5238 0.4135
vt 0.5234 0.4112
vt 0.5041 0.4051
vt 0.5043 0.4077
vt 0.6611 0.4326
vt 0.6613 0.4306
vt 0.6617 0.4267
vt 0.6619 0.4247
vt 0.6623 0.4207
vt 0.6625 0.4187
vt 0.4141 0.4266
vt 0.4143 0.4270
vt 0.4134 0.4255
vt 0.4136 0.4259
vt 0.7712 0.4525
vt 0.7723 0.4491
vt 0.7520 0.4436
vt 0.7508 0.4461
vt 0.7747 0.4423
vt 0.7759 0.4390
vt 0.7557 0.4360
vt 0.7544 0.4386
vt 0.7783 0.4322
vt 0.7795 0.4288
vt 0.7594 0.4285
vt 0.7581 0.4310
vt 0.9382 0.4765
vt 0.9389 0.4746
vt 0.9231 0.4666
vt 0.9219 0.4685
vt 0.9402 0.4707
vt 0.9409 0.4687
vt 0.9269 0.4611
vt 0.9256 0.4629
vt 0.9423 0.4648
vt 0.9430 0.4629
vt 0.9306 0.4555
vt 0.9294 0.4573
vt 0.9019 0.4640
vt 0.9036 0.4617
vt 0.8914 0.4594
vt 0.8906 0.4618
vt 0.9068 0.4571
vt 0.9085 0.4548
vt 0.8939 0.4522
vt 0.8931 0.4546
vt 0.9117 0.4502
vt 0.9134 0.4480
vt 0.8963 0.4450
vt 0.8955 0.4474
vt 0.7326 0.4503
vt 0.7338 0.4477
vt 0.7164 0.4536
vt 0.7156 0.4566
vt 0.7362 0.4424
vt 0.7374 0.4398
vt 0.7188 0.4445
vt 0.7180 0.4475
vt 0.7398 0.4345
vt 0.7410 0.4319
vt 0.7211 0.4354
vt 0.7204 0.4384
vt 0.8815 0.4634
vt 0.8819 0.4614
vt 0.8706 0.4639
vt 0.8701 0.4654
vt 0.8826 0.4573
vt 0.8829 0.4553
vt 0.8721 0.4593
vt 0.8716 0.4608
vt 0.8836 0.4512
vt 0.8840 0.4492
vt 0.8736 0.4547
vt 0.8731 0.4562
vt 0.8538 0.4661
vt 0.8546 0.4646
vt 0.8392 0.4639
vt 0.8386 0.4657
vt 0.8561 0.4616
vt 0.8568 0.4601
vt 0.8408 0.4586
vt 0.8403 0.4604
vt 0.8584 0.4571
vt 0.8591 0.4556
vt 0.8425 0.4533
vt 0.8420 0.4551
vt 0.6979 0.4515
vt 0.6984 0.4489
vt 0.6822 0.4419
vt 0.6819 0.4442
vt 0.6993 0.4435
vt 0.6998 0.4408
vt 0.6832 0.4350
vt 0.6828 0.4373
vt 0.7007 0.4354
vt 0.7012 0.4327
vt 0.6842 0.4281
vt 0.6838 0.4304
vt 0.8226 0.4622
vt 0.8225 0.4597
vt 0.7970 0.4542
vt 0.7966 0.4574
vt 0.8224 0.4548
vt 0.8223 0.4523
vt 0.7983 0.4446
vt 0.7979 0.4478
vt 0.8221 0.4473
vt 0.8221 0.4448
vt 0.7997 0.4350
vt 0.7992 0.4382
vt 0.6686 0.4363
vt 0.6687 0.4342
vt 0.6689 0.4301
vt 0.6690 0.4280
vt 0.6692 0.4239
vt 0.6693 0.4218
vt 0.9514 0.4851
vt 0.9517 0.4829
vt 0.9523 0.4784
vt 0.9526 0.4761
vt 0.9532 0.4717
vt 0.9535 0.4694
vt 0.4994 0.8745
vt 0.4991 0.8611
vt 0.4853 0.8638
vt 0.4846 0.8764
vt 0.4815 0.4462
vt 0.4847 0.4318
vt 0.4649 0.4279
vt 0.4660 0.4439
vt 0.5068 0.6790
vt 0.4976 0.6626
vt 0.4787 0.6563
vt 0.4827 0.6715
vt 0.6954 0.6783
vt 0.6835 0.6786
vt 0.6618 0.6943
vt 0.6638 0.6771
vt 0.6520 0.6778
vt 0.6368 0.6949
vt 0.6091 0.6916
vt 0.6286 0.6764
vt 0.6013 0.6732
vt 0.5855 0.6892
vt 0.5668 0.6901
vt 0.5778 0.6707
vt 0.5561 0.6739
vt 0.5519 0.6902
vt 0.5414 0.6897
vt 0.5399 0.6736
vt 0.5192 0.6699
vt 0.5259 0.6845
vt 0.6559 0.4780
vt 0.6470 0.4533
vt 0.6283 0.4423
vt 0.6368 0.4719
vt 0.6143 0.4654
vt 0.6126 0.4347
vt 0.5997 0.4327
vt 0.5975 0.4562
vt 0.5796 0.4535
vt 0.5833 0.4379
vt 0.5623 0.4389
vt 0.5590 0.4490
vt 0.5426 0.4458
vt 0.5468 0.4377
vt 0.5375 0.4364
vt 0.5318 0.4439
vt 0.5170 0.4464
vt 0.5274 0.4338
vt 0.5075 0.4325
vt 0.4988 0.4495
vt 0.6488 0.8886
vt 0.6504 0.8681
vt 0.6386 0.8676
vt 0.6398 0.8871
vt 0.6292 0.8843
vt 0.6273 0.8681
vt 0.6151 0.8694
vt 0.6164 0.8844
vt 0.6031 0.8853
vt 0.6003 0.8685
vt 0.5800 0.8574
vt 0.5921 0.8830
vt 0.5709 0.8755
vt 0.5612 0.8472
vt 0.5455 0.8448
vt 0.5535 0.8688
vt 0.5343 0.8725
vt 0.5268 0.8524
vt 0.5102 0.8580
vt 0.5140 0.8733
vt 0.4720 0.8768
vt 0.4735 0.8652
vt 0.4619 0.8650
vt 0.4559 0.8768
vt 0.4558 0.4434
vt 0.4527 0.4305
vt 0.4438 0.4339
vt 0.4468 0.4428
vt 0.4648 0.6689
vt 0.4668 0.6548
vt 0.4600 0.6563
vt 0.4507 0.6683
vt 0.4368 0.8775
vt 0.4439 0.8642
vt 0.4305 0.8662
vt 0.4246 0.8785
vt 0.4359 0.4411
vt 0.4337 0.4331
vt 0.4241 0.4312
vt 0.4261 0.4387
vt 0.4396 0.6689
vt 0.4496 0.6586
vt 0.4337 0.6617
vt 0.4254 0.6674
vt 0.4161 0.8784
vt 0.4191 0.8693
vt 0.4130 0.8718
vt 0.4120 0.8766
vt 0.4187 0.4385
vt 0.4170 0.4329
vt 0.4126 0.4340
vt 0.4141 0.4382
vt 0.4187 0.6625
vt 0.4114 0.6635
vt 0.4850 0.8221
vt 0.4695 0.8313
vt 0.4799 0.8433
vt 0.4953 0.8327
vt 0.4867 0.3816
vt 0.4618 0.3897
vt 0.4700 0.4055
vt 0.4875 0.4013
vt 0.5021 0.6319
vt 0.4819 0.6252
vt 0.4773 0.6365
vt 0.4942 0.6399
vt 0.6919 0.6337
vt 0.6756 0.6368
vt 0.6833 0.6524
vt 0.6952 0.6509
vt 0.6553 0.6356
vt 0.6324 0.6238
vt 0.6437 0.6456
vt 0.6636 0.6543
vt 0.6159 0.6143
vt 0.6019 0.6090
vt 0.6058 0.6275
vt 0.6216 0.6332
vt 0.5837 0.6108
vt 0.5661 0.6160
vt 0.5702 0.6332
vt 0.5878 0.6296
vt 0.5494 0.6278
vt 0.5293 0.6306
vt 0.5198 0.6461
vt 0.5454 0.6457
vt 0.6642 0.4013
vt 0.6534 0.3979
vt 0.6411 0.4084
vt 0.6510 0.4118
vt 0.6388 0.3933
vt 0.6174 0.3862
vt 0.6078 0.4031
vt 0.6271 0.4069
vt 0.5911 0.3816
vt 0.5707 0.3889
vt 0.5715 0.4058
vt 0.5890 0.4028
vt 0.5507 0.3936
vt 0.5339 0.3924
vt 0.5396 0.4141
vt 0.5544 0.4120
vt 0.5168 0.3864
vt 0.5003 0.3817
vt 0.5038 0.4024
vt 0.5229 0.4088
vt 0.6621 0.8025
vt 0.6479 0.8027
vt 0.6506 0.8229
vt 0.6623 0.8207
vt 0.6300 0.8072
vt 0.6114 0.8130
vt 0.6114 0.8342
vt 0.6300 0.8308
vt 0.5964 0.8137
vt 0.5798 0.8113
vt 0.5694 0.8243
vt 0.5904 0.8319
vt 0.5628 0.8082
vt 0.5445 0.8046
vt 0.5399 0.8220
vt 0.5533 0.8211
vt 0.5204 0.8038
vt 0.4995 0.8125
vt 0.5078 0.8256
vt 0.5237 0.8214
vt 0.4512 0.8322
vt 0.4326 0.8337
vt 0.4480 0.8491
vt 0.4649 0.8473
vt 0.4476 0.3945
vt 0.4391 0.4008
vt 0.4412 0.4144
vt 0.4551 0.4101
vt 0.4665 0.6239
vt 0.4527 0.6264
vt 0.4557 0.6376
vt 0.4646 0.6355
vt 0.4168 0.8321
vt 0.4074 0.8376
vt 0.4205 0.8458
vt 0.4325 0.8474
vt 0.4259 0.4101
vt 0.4168 0.4174
vt 0.4197 0.4222
vt 0.4282 0.4188
vt 0.4425 0.6327
vt 0.4320 0.6393
vt 0.4361 0.6430
vt 0.4482 0.6396
vt 0.4042 0.8510
vt 0.4062 0.8617
vt 0.4104 0.8637
vt 0.4133 0.8535
vt 0.4105 0.4220
vt 0.4072 0.4249
vt 0.4092 0.4275
vt 0.4132 0.4252
vt 0.4195 0.6458
vt 0.4119 0.6520
vt 0.4128 0.6550
vt 0.4204 0.6506
vt 0.4595 0.8997
vt 0.4490 0.9067
vt 0.4727 0.9088
vt 0.4757 0.8970
vt 0.6364 0.7264
vt 0.6334 0.7368
vt 0.6637 0.7443
vt 0.6720 0.7292
vt 0.6212 0.5325
vt 0.6362 0.5357
vt 0.4192 0.6579
vt 0.4121 0.6599
vt 0.6339 0.9128
vt 0.6353 0.9295
vt 0.6462 0.9342
vt 0.6457 0.9163
vt 0.4863 0.4205
vt 0.4664 0.4173
vt 0.4701 0.8569
vt 0.4564 0.8576
vt 0.6947 0.6646
vt 0.6842 0.6651
vt 0.6479 0.4286
vt 0.6332 0.4230
vt 0.4301 0.9012
vt 0.4290 0.9045
vt 0.4350 0.9060
vt 0.4395 0.9010
vt 0.6880 0.7309
vt 0.6762 0.7519
vt 0.6849 0.7565
vt 0.6948 0.7324
vt 0.6589 0.8476
vt 0.6450 0.8457
vt 0.4578 0.4597
vt 0.4472 0.4711
vt 0.4525 0.4758
vt 0.4622 0.4646
vt 0.6659 0.6656
vt 0.6514 0.6663
vt 0.6157 0.4174
vt 0.6025 0.4178
vt 0.4945 0.6515
vt 0.4780 0.6488
vt 0.6311 0.8516
vt 0.6146 0.8538
vt 0.4142 0.8856
vt 0.4134 0.8922
vt 0.4226 0.9013
vt 0.4238 0.8958
vt 0.6259 0.6549
vt 0.6050 0.6502
vt 0.5859 0.4164
vt 0.5665 0.4183
vt 0.4349 0.4546
vt 0.4288 0.4600
vt 0.4420 0.4665
vt 0.4482 0.4571
vt 0.4876 0.6992
vt 0.4866 0.7111
vt 0.5213 0.7172
vt 0.5241 0.7092
vt 0.5953 0.8480
vt 0.5721 0.8367
vt 0.4706 0.4719
vt 0.4690 0.4843
vt 0.4837 0.4878
vt 0.4846 0.4766
vt 0.4606 0.6920
vt 0.4561 0.7035
vt 0.4718 0.7080
vt 0.4774 0.6972
vt 0.4952 0.9008
vt 0.4939 0.9197
vt 0.5125 0.9286
vt 0.5151 0.9066
vt 0.5855 0.6502
vt 0.5647 0.6539
vt 0.5506 0.4238
vt 0.5383 0.4293
vt 0.5418 0.7100
vt 0.5391 0.7237
vt 0.5543 0.7298
vt 0.5563 0.7129
vt 0.5550 0.8320
vt 0.5421 0.8307
vt 0.4989 0.4771
vt 0.4954 0.4916
vt 0.5141 0.4926
vt 0.5160 0.4778
vt 0.4675 0.6486
vt 0.4605 0.6493
vt 0.4113 0.4499
vt 0.4172 0.4546
vt 0.6550 0.9160
vt 0.6568 0.9407
vt 0.6641 0.9414
vt 0.6617 0.9171
vt 0.5360 0.9134
vt 0.5338 0.9333
vt 0.5543 0.9346
vt 0.5555 0.9152
vt 0.5427 0.6531
vt 0.5171 0.6535
vt 0.5262 0.4275
vt 0.5057 0.4234
vt 0.4297 0.6844
vt 0.4287 0.6967
vt 0.4415 0.7012
vt 0.4449 0.6881
vt 0.5688 0.7162
vt 0.5809 0.7191
vt 0.5808 0.7352
vt 0.5679 0.7329
vt 0.5281 0.8346
vt 0.5115 0.8421
vt 0.5349 0.4796
vt 0.5346 0.4987
vt 0.5523 0.5116
vt 0.5562 0.4831
vt 0.4150 0.4281
vt 0.4107 0.4301
vt 0.4979 0.8487
vt 0.4830 0.8537
vt 0.5754 0.9067
vt 0.5708 0.9300
vt 0.5878 0.9229
vt 0.5936 0.9007
vt 0.4504 0.6497
vt 0.4318 0.6552
vt 0.5917 0.7241
vt 0.5909 0.7373
vt 0.6045 0.7375
vt 0.6063 0.7256
vt 0.5751 0.4963
vt 0.5754 0.5169
vt 0.5994 0.5268
vt 0.5949 0.5059
vt 0.4099 0.6746
vt 0.4089 0.6817
vt 0.4175 0.6880
vt 0.4168 0.6779
vt 0.6485 0.5375
vt 0.6584 0.5343
vt 0.6056 0.9053
vt 0.6050 0.9169
vt 0.6215 0.9240
vt 0.6211 0.9089
vt 0.5133 0.8911
vt 0.4954 0.8866
vt 0.4805 0.8873
vt 0.4874 0.4647
vt 0.4764 0.4597
vt 0.4659 0.4549
vt 0.5283 0.6939
vt 0.5011 0.6866
vt 0.4835 0.6875
vt 0.7029 0.6780
vt 0.7017 0.7158
vt 0.6936 0.7097
vt 0.6775 0.7092
vt 0.6481 0.7129
vt 0.6132 0.7124
vt 0.5945 0.7126
vt 0.5799 0.7102
vt 0.5647 0.7064
vt 0.5519 0.7030
vt 0.5414 0.6990
vt 0.6669 0.4797
vt 0.6601 0.4577
vt 0.6674 0.4956
vt 0.6596 0.4943
vt 0.6481 0.4914
vt 0.6184 0.4908
vt 0.5748 0.4744
vt 0.5558 0.4626
vt 0.5364 0.4605
vt 0.5217 0.4620
vt 0.5043 0.4636
vt 0.6590 0.8896
vt 0.6614 0.8705
vt 0.6587 0.9040
vt 0.6510 0.9026
vt 0.6426 0.9026
vt 0.6318 0.9007
vt 0.6204 0.8984
vt 0.6057 0.8954
vt 0.5950 0.8941
vt 0.5782 0.8972
vt 0.5561 0.8974
vt 0.5345 0.8972
vt 0.4673 0.8873
vt 0.4498 0.8888
vt 0.4570 0.4530
vt 0.4484 0.4516
vt 0.4653 0.6834
vt 0.4488 0.6803
vt 0.4311 0.8918
vt 0.4254 0.8897
vt 0.4379 0.4491
vt 0.4324 0.6780
vt 0.4195 0.6742
vt 0.4115 0.6724
vt 0.4082 0.6711
vt 0.4939 0.9197
vt 0.4727 0.9088
vt 0.4739 0.9258
vt 0.4887 0.9361
vt 0.5021 0.9479
vt 0.4690 0.4843
vt 0.4525 0.4758
vt 0.4490 0.4907
vt 0.4720 0.4994
vt 0.4848 0.5034
vt 0.4866 0.7111
vt 0.4718 0.7080
vt 0.4643 0.7231
vt 0.4868 0.7254
vt 0.5091 0.7279
vt 0.6762 0.7519
vt 0.6637 0.7443
vt 0.6624 0.7607
vt 0.6744 0.7699
vt 0.6807 0.7761
vt 0.7008 0.6344
vt 0.7020 0.6493
vt 0.6334 0.7368
vt 0.6045 0.7375
vt 0.6177 0.7483
vt 0.6452 0.7504
vt 0.5909 0.7373
vt 0.5808 0.7352
vt 0.5827 0.7509
vt 0.5983 0.7520
vt 0.5679 0.7329
vt 0.5543 0.7298
vt 0.5462 0.7431
vt 0.5640 0.7494
vt 0.5391 0.7237
vt 0.5279 0.7337
vt 0.6485 0.5375
vt 0.6362 0.5357
vt 0.6301 0.5584
vt 0.6415 0.5570
vt 0.6512 0.5551
vt 0.6714 0.4077
vt 0.6627 0.4168
vt 0.6212 0.5325
vt 0.5994 0.5268
vt 0.5941 0.5464
vt 0.6148 0.5559
vt 0.5754 0.5169
vt 0.5523 0.5116
vt 0.5479 0.5317
vt 0.5685 0.5373
vt 0.5346 0.4987
vt 0.5141 0.4926
vt 0.5196 0.5088
vt 0.5323 0.5185
vt 0.4954 0.4916
vt 0.5019 0.5050
vt 0.6568 0.9407
vt 0.6462 0.9342
vt 0.6455 0.9551
vt 0.6587 0.9594
vt 0.6682 0.9594
vt 0.6727 0.8049
vt 0.6712 0.8212
vt 0.6353 0.9295
vt 0.6215 0.9240
vt 0.6121 0.9396
vt 0.6289 0.9480
vt 0.6050 0.9169
vt 0.5878 0.9229
vt 0.5815 0.9436
vt 0.5976 0.9385
vt 0.5708 0.9300
vt 0.5543 0.9346
vt 0.5480 0.9545
vt 0.5658 0.9501
vt 0.5338 0.9333
vt 0.5236 0.9558
vt 0.4490 0.9067
vt 0.4350 0.9060
vt 0.4380 0.9233
vt 0.4559 0.9236
vt 0.4472 0.4711
vt 0.4420 0.4665
vt 0.4318 0.4743
vt 0.4382 0.4810
vt 0.4561 0.7035
vt 0.4415 0.7012
vt 0.4365 0.7185
vt 0.4495 0.7209
vt 0.4290 0.9045
vt 0.4226 0.9013
vt 0.4177 0.9090
vt 0.4259 0.9156
vt 0.4288 0.4600
vt 0.4172 0.4546
vt 0.4092 0.4593
vt 0.4189 0.4661
vt 0.4287 0.6967
vt 0.4175 0.6880
vt 0.4169 0.7051
vt 0.4261 0.7135
vt 0.4134 0.8922
vt 0.4088 0.8866
vt 0.4058 0.8887
vt 0.4104 0.8979
vt 0.4113 0.4499
vt 0.4084 0.4471
vt 0.4042 0.4487
vt 0.4060 0.4525
vt 0.4089 0.6817
vt 0.4056 0.6791
vt 0.4042 0.6846
vt 0.4075 0.6939
vt 0.7013 0.6653
vt 0.4102 0.8829
vt 0.4121 0.4447
vt 0.5561 0.8974
vt 0.4072 0.6743
vt 0.7900 0.8816
vt 0.7920 0.8638
vt 0.7797 0.8624
vt 0.7726 0.8811
vt 0.7587 0.4949
vt 0.7663 0.4710
vt 0.7445 0.4635
vt 0.7408 0.4919
vt 0.7839 0.6915
vt 0.7604 0.6805
vt 0.9684 0.7128
vt 0.9739 0.7008
vt 0.9593 0.6993
vt 0.9554 0.7116
vt 0.9429 0.7111
vt 0.9472 0.6989
vt 0.9390 0.6992
vt 0.9207 0.7181
vt 0.8970 0.7192
vt 0.9179 0.6998
vt 0.8913 0.6987
vt 0.8747 0.7187
vt 0.8563 0.7207
vt 0.8668 0.6986
vt 0.8450 0.7003
vt 0.8419 0.7204
vt 0.8301 0.7209
vt 0.8285 0.7005
vt 0.8070 0.6993
vt 0.8134 0.7171
vt 0.9456 0.5156
vt 0.9373 0.4960
vt 0.9201 0.4847
vt 0.9322 0.5114
vt 0.9107 0.4992
vt 0.9005 0.4734
vt 0.8897 0.4702
vt 0.8939 0.4873
vt 0.8791 0.4887
vt 0.8788 0.4708
vt 0.8649 0.4751
vt 0.8592 0.4919
vt 0.8399 0.4914
vt 0.8470 0.4782
vt 0.8339 0.4776
vt 0.8262 0.4888
vt 0.8069 0.4897
vt 0.8206 0.4748
vt 0.7940 0.4743
vt 0.7816 0.4949
vt 0.9525 0.9077
vt 0.9477 0.8898
vt 0.9384 0.8894
vt 0.9427 0.9078
vt 0.9292 0.9092
vt 0.9241 0.8887
vt 0.9094 0.8886
vt 0.9142 0.9084
vt 0.8995 0.9050
vt 0.8940 0.8863
vt 0.8745 0.8765
vt 0.8874 0.9025
vt 0.8662 0.8917
vt 0.8549 0.8647
vt 0.8392 0.8596
vt 0.8462 0.8834
vt 0.8262 0.8845
vt 0.8213 0.8630
vt 0.8054 0.8636
vt 0.8059 0.8838
vt 0.7584 0.8813
vt 0.7681 0.8643
vt 0.7558 0.8648
vt 0.7422 0.8808
vt 0.7287 0.4896
vt 0.7274 0.4667
vt 0.7138 0.4718
vt 0.7169 0.4874
vt 0.7439 0.6785
vt 0.7333 0.6764
vt 0.7129 0.8854
vt 0.7338 0.8640
vt 0.7078 0.8703
vt 0.6838 0.8926
vt 0.7028 0.4860
vt 0.6984 0.4709
vt 0.6828 0.4651
vt 0.6877 0.4841
vt 0.7249 0.6751
vt 0.7165 0.6774
vt 0.6708 0.8931
vt 0.6842 0.8711
vt 0.6815 0.4105
vt 0.6694 0.4197
vt 0.7088 0.6782
vt 0.7894 0.8163
vt 0.7675 0.8199
vt 0.7812 0.8428
vt 0.7969 0.8373
vt 0.7816 0.4026
vt 0.7612 0.4017
vt 0.7606 0.4259
vt 0.7807 0.4255
vt 0.7931 0.6513
vt 0.7737 0.6403
vt 0.7614 0.6529
vt 0.7797 0.6603
vt 0.9737 0.6569
vt 0.9593 0.6595
vt 0.9657 0.6769
vt 0.9780 0.6731
vt 0.9405 0.6568
vt 0.9188 0.6460
vt 0.9314 0.6687
vt 0.9503 0.6793
vt 0.9032 0.6377
vt 0.8898 0.6326
vt 0.8940 0.6525
vt 0.9096 0.6578
vt 0.8693 0.6322
vt 0.8498 0.6320
vt 0.8552 0.6540
vt 0.8738 0.6533
vt 0.8350 0.6427
vt 0.8175 0.6477
vt 0.8081 0.6699
vt 0.8331 0.6702
vt 0.9615 0.4519
vt 0.9489 0.4431
vt 0.9319 0.4536
vt 0.9437 0.4610
vt 0.9315 0.4348
vt 0.9081 0.4255
vt 0.8971 0.4427
vt 0.9150 0.4457
vt 0.8866 0.4247
vt 0.8722 0.4324
vt 0.8741 0.4532
vt 0.8844 0.4472
vt 0.8553 0.4328
vt 0.8355 0.4281
vt 0.8431 0.4515
vt 0.8599 0.4541
vt 0.8146 0.4185
vt 0.7959 0.4086
vt 0.8001 0.4318
vt 0.8220 0.4423
vt 0.9675 0.8429
vt 0.9554 0.8401
vt 0.9446 0.8590
vt 0.9552 0.8594
vt 0.9361 0.8408
vt 0.9191 0.8416
vt 0.9078 0.8610
vt 0.9265 0.8609
vt 0.9029 0.8401
vt 0.8847 0.8344
vt 0.8686 0.8448
vt 0.8882 0.8554
vt 0.8664 0.8276
vt 0.8493 0.8213
vt 0.8389 0.8372
vt 0.8525 0.8391
vt 0.8283 0.8149
vt 0.8072 0.8146
vt 0.8084 0.8323
vt 0.8238 0.8327
vt 0.7441 0.8167
vt 0.7201 0.8180
vt 0.7433 0.8380
vt 0.7635 0.8411
vt 0.7434 0.4017
vt 0.7264 0.4068
vt 0.7219 0.4324
vt 0.7422 0.4293
vt 0.7591 0.6341
vt 0.7455 0.6290
vt 0.7367 0.6450
vt 0.7479 0.6472
vt 0.7050 0.8124
vt 0.6938 0.8086
vt 0.7008 0.8200
vt 0.7182 0.8300
vt 0.7116 0.4135
vt 0.6955 0.4130
vt 0.6845 0.4258
vt 0.7016 0.4301
vt 0.7332 0.6277
vt 0.7209 0.6316
vt 0.7179 0.6485
vt 0.7270 0.6466
vt 0.6839 0.8077
vt 0.6864 0.8175
vt 0.6762 0.4812
vt 0.6720 0.4601
vt 0.7109 0.6342
vt 0.7102 0.6487
vt 0.7392 0.9098
vt 0.7270 0.9255
vt 0.7555 0.9218
vt 0.7563 0.9070
vt 0.9212 0.7481
vt 0.9219 0.7575
vt 0.9508 0.7574
vt 0.9502 0.7447
vt 0.9175 0.5679
vt 0.9342 0.5651
vt 0.7068 0.6655
vt 0.9336 0.9357
vt 0.9333 0.9494
vt 0.9484 0.9542
vt 0.9483 0.9399
vt 0.9773 0.6854
vt 0.9671 0.6873
vt 0.6931 0.9208
vt 0.6928 0.9391
vt 0.7062 0.9351
vt 0.7106 0.9173
vt 0.9641 0.7437
vt 0.9658 0.7595
vt 0.9748 0.7608
vt 0.9753 0.7434
vt 0.7286 0.5322
vt 0.7408 0.5370
vt 0.9536 0.6886
vt 0.9394 0.6893
vt 0.7792 0.6754
vt 0.7586 0.6692
vt 0.6697 0.9182
vt 0.6723 0.9419
vt 0.6812 0.9423
vt 0.6792 0.9202
vt 0.9161 0.6787
vt 0.8945 0.6755
vt 0.7001 0.5218
vt 0.7168 0.5269
vt 0.7823 0.7418
vt 0.7799 0.7580
vt 0.8140 0.7557
vt 0.8167 0.7472
vt 0.7548 0.5408
vt 0.7674 0.5442
vt 0.7564 0.7393
vt 0.7492 0.7565
vt 0.7648 0.7581
vt 0.7727 0.7422
vt 0.7810 0.9157
vt 0.7845 0.9368
vt 0.8053 0.9446
vt 0.8053 0.9226
vt 0.8738 0.6754
vt 0.8526 0.6792
vt 0.8538 0.4661
vt 0.8386 0.4657
vt 0.8306 0.7496
vt 0.8324 0.7608
vt 0.8437 0.7638
vt 0.8428 0.7506
vt 0.7844 0.5295
vt 0.7849 0.5472
vt 0.8091 0.5463
vt 0.8082 0.5298
vt 0.7464 0.6636
vt 0.7349 0.6610
vt 0.6686 0.5298
vt 0.6823 0.5242
vt 0.9588 0.9402
vt 0.9584 0.9553
vt 0.9656 0.9547
vt 0.9671 0.9386
vt 0.8285 0.9304
vt 0.8263 0.9497
vt 0.8456 0.9520
vt 0.8495 0.9335
vt 0.8305 0.6792
vt 0.8050 0.6797
vt 0.7258 0.7343
vt 0.7231 0.7552
vt 0.7356 0.7560
vt 0.7417 0.7377
vt 0.8587 0.7508
vt 0.8587 0.7656
vt 0.8738 0.7640
vt 0.8717 0.7529
vt 0.8239 0.8456
vt 0.8067 0.8484
vt 0.8360 0.5502
vt 0.8545 0.5629
vt 0.7954 0.8498
vt 0.7818 0.8538
vt 0.8736 0.9271
vt 0.8650 0.9487
vt 0.8862 0.9448
vt 0.8940 0.9268
vt 0.7250 0.6613
vt 0.7151 0.6649
vt 0.8822 0.7532
vt 0.8837 0.7641
vt 0.8958 0.7627
vt 0.8954 0.7517
vt 0.8743 0.5644
vt 0.8977 0.5688
vt 0.7048 0.7320
vt 0.6972 0.7563
vt 0.7097 0.7555
vt 0.7154 0.7341
vt 0.9463 0.5632
vt 0.9540 0.5626
vt 0.9079 0.9295
vt 0.9036 0.9427
vt 0.9190 0.9437
vt 0.9201 0.9315
vt 0.7665 0.5159
vt 0.7509 0.5122
vt 0.7380 0.5086
vt 0.8165 0.7314
vt 0.7931 0.7243
vt 0.7779 0.7273
vt 0.9810 0.7144
vt 0.9833 0.7016
vt 0.9735 0.7273
vt 0.9634 0.7256
vt 0.9511 0.7249
vt 0.9293 0.7339
vt 0.9007 0.7389
vt 0.8836 0.7420
vt 0.8702 0.7416
vt 0.8548 0.7385
vt 0.8395 0.7393
vt 0.8293 0.7371
vt 0.9552 0.5173
vt 0.9475 0.5011
vt 0.8126 0.5075
vt 0.7895 0.5112
vt 0.9612 0.9076
vt 0.9548 0.8909
vt 0.9063 0.9208
vt 0.8915 0.9173
vt 0.8759 0.9168
vt 0.7288 0.5060
vt 0.7189 0.5035
vt 0.7590 0.7249
vt 0.7406 0.7227
vt 0.7066 0.4991
vt 0.7260 0.7218
vt 0.7154 0.7193
vt 0.6814 0.4955
vt 0.7089 0.7184
vt 0.7845 0.9368
vt 0.7555 0.9218
vt 0.7634 0.9446
vt 0.7807 0.9572
vt 0.7945 0.9678
vt 0.7548 0.5408
vt 0.7408 0.5370
vt 0.7409 0.5556
vt 0.7611 0.5586
vt 0.7768 0.5616
vt 0.7799 0.7580
vt 0.7648 0.7581
vt 0.7542 0.7793
vt 0.7777 0.7767
vt 0.8004 0.7753
vt 0.9658 0.7595
vt 0.9508 0.7574
vt 0.9593 0.7732
vt 0.9754 0.7739
vt 0.9854 0.7727
vt 0.9827 0.6586
vt 0.9856 0.6729
vt 0.9219 0.7575
vt 0.8958 0.7627
vt 0.9119 0.7720
vt 0.9386 0.7680
vt 0.8837 0.7641
vt 0.8738 0.7640
vt 0.8780 0.7804
vt 0.8936 0.7786
vt 0.8587 0.7656
vt 0.8437 0.7638
vt 0.8371 0.7812
vt 0.8570 0.7830
vt 0.8324 0.7608
vt 0.8188 0.7774
vt 0.9463 0.5632
vt 0.9342 0.5651
vt 0.9257 0.5867
vt 0.9393 0.5825
vt 0.9514 0.5774
vt 0.9714 0.4619
vt 0.9539 0.4672
vt 0.9175 0.5679
vt 0.8977 0.5688
vt 0.8851 0.5873
vt 0.9083 0.5895
vt 0.8743 0.5644
vt 0.8545 0.5629
vt 0.8518 0.5845
vt 0.8659 0.5856
vt 0.8360 0.5502
vt 0.8091 0.5463
vt 0.8219 0.5637
vt 0.8402 0.5731
vt 0.7849 0.5472
vt 0.7983 0.5612
vt 0.9584 0.9553
vt 0.9484 0.9542
vt 0.9416 0.9724
vt 0.9540 0.9739
vt 0.9649 0.9721
vt 0.9761 0.8487
vt 0.9625 0.8611
vt 0.9333 0.9494
vt 0.9190 0.9437
vt 0.9062 0.9632
vt 0.9227 0.9674
vt 0.9036 0.9427
vt 0.8862 0.9448
vt 0.8716 0.9637
vt 0.8900 0.9616
vt 0.8650 0.9487
vt 0.8456 0.9520
vt 0.8365 0.9729
vt 0.8537 0.9691
vt 0.8263 0.9497
vt 0.8147 0.9739
vt 0.7270 0.9255
vt 0.7062 0.9351
vt 0.7193 0.9511
vt 0.7406 0.9415
vt 0.7286 0.5322
vt 0.7168 0.5269
vt 0.7067 0.5413
vt 0.7226 0.5501
vt 0.7492 0.7565
vt 0.7356 0.7560
vt 0.7245 0.7830
vt 0.7385 0.7816
vt 0.6928 0.9391
vt 0.6812 0.9423
vt 0.6906 0.9607
vt 0.7030 0.9567
vt 0.7001 0.5218
vt 0.6823 0.5242
vt 0.6739 0.5439
vt 0.6894 0.5395
vt 0.7231 0.7552
vt 0.7097 0.7555
vt 0.6988 0.7825
vt 0.7122 0.7816
vt 0.6723 0.9419
vt 0.6802 0.9607
vt 0.6686 0.5298
vt 0.6614 0.5509
vt 0.6972 0.7563
vt 0.6883 0.7825
vt 0.9875 0.6858
vt 0.0000 0.0000
vt 0.0000 0.0000
vt 0.0000 0.0000
vt 0.0000 0.0000
vt 0.0000 0.0000
vt 0.0000 0.0000
vt 0.0000 0.0000
vt 0.0000 0.0000
vt 0.8770 0.2026
vt 0.8765 0.2058
vt 0.8372 0.1908
vt 0.8376 0.1875
vt 0.7910 0.1728
vt 0.7918 0.1697
vt 0.7473 0.1545
vt 0.7482 0.1515
vt 0.7078 0.1370
vt 0.7082 0.1343
vt 0.6614 0.1264
vt 0.6620 0.1235
vt 0.6219 0.1194
vt 0.6225 0.1155
vt 0.5755 0.1086
vt 0.5759 0.1039
vt 0.5225 0.0875
vt 0.5224 0.0837
vt 0.4692 0.0680
vt 0.4682 0.0648
vt 0.4300 0.0587
vt 0.4293 0.0559
vt 0.4011 0.0543
vt 0.4009 0.0514
vt 0.1934 0.1024
vt 0.2427 0.0861
vt 0.2435 0.0890
vt 0.1939 0.1058
vt 0.3101 0.0222
vt 0.2743 0.0323
vt 0.2735 0.0304
vt 0.3096 0.0204
vt 0.1080 0.0808
vt 0.0828 0.1080
vt 0.0818 0.1052
vt 0.1070 0.0774
vt 0.9206 0.1715
vt 0.8818 0.1556
vt 0.8819 0.1531
vt 0.9211 0.1689
vt 0.4597 0.0203
vt 0.4221 0.0137
vt 0.4220 0.0119
vt 0.4596 0.0186
vt 0.9874 0.2236
vt 0.9794 0.2243
vt 0.9791 0.2234
vt 0.9872 0.2227
vt 0.3958 0.0111
vt 0.3693 0.0121
vt 0.3691 0.0107
vt 0.3956 0.0096
vt 0.2226 0.0345
vt 0.1769 0.0385
vt 0.1757 0.0347
vt 0.2211 0.0317
vt 0.8430 0.1398
vt 0.7991 0.1231
vt 0.7993 0.1204
vt 0.8436 0.1371
vt 0.7207 0.0883
vt 0.6735 0.0662
vt 0.6741 0.0627
vt 0.7218 0.0859
vt 0.9520 0.1969
vt 0.9523 0.1950
vt 0.0596 0.1311
vt 0.0402 0.1543
vt 0.0392 0.1514
vt 0.0584 0.1281
vt 0.5865 0.0361
vt 0.5265 0.0307
vt 0.5271 0.0287
vt 0.5871 0.0330
vt 0.1400 0.0533
vt 0.1389 0.0492
vt 0.7575 0.1063
vt 0.7578 0.1038
vt 0.6315 0.0449
vt 0.6319 0.0410
vt 0.0242 0.1815
vt 0.0099 0.2274
vt 0.0096 0.2266
vt 0.0235 0.1790
vt 0.3379 0.0170
vt 0.3378 0.0154
vt 0.3128 0.0338
vt 0.2791 0.0447
vt 0.2784 0.0422
vt 0.3123 0.0313
vt 0.1146 0.1009
vt 0.0893 0.1247
vt 0.0882 0.1221
vt 0.1135 0.0978
vt 0.9174 0.1864
vt 0.8811 0.1703
vt 0.8812 0.1684
vt 0.9177 0.1845
vt 0.4605 0.0308
vt 0.4229 0.0249
vt 0.4226 0.0226
vt 0.4604 0.0285
vt 0.3974 0.0206
vt 0.3707 0.0211
vt 0.3705 0.0190
vt 0.3970 0.0185
vt 0.2313 0.0514
vt 0.1844 0.0608
vt 0.1832 0.0572
vt 0.2301 0.0484
vt 0.8404 0.1553
vt 0.7981 0.1388
vt 0.7982 0.1370
vt 0.8404 0.1535
vt 0.3389 0.0272
vt 0.3386 0.0250
vt 0.7144 0.1031
vt 0.6697 0.0868
vt 0.6703 0.0835
vt 0.7151 0.1006
vt 0.9810 0.2295
vt 0.9503 0.2083
vt 0.9507 0.2064
vt 0.9808 0.2286
vt 0.0665 0.1488
vt 0.0459 0.1718
vt 0.0449 0.1690
vt 0.0652 0.1460
vt 0.5823 0.0550
vt 0.5228 0.0437
vt 0.5230 0.0411
vt 0.5830 0.0518
vt 0.1462 0.0772
vt 0.1452 0.0735
vt 0.7559 0.1206
vt 0.7562 0.1187
vt 0.6287 0.0687
vt 0.6292 0.0648
vt 0.0283 0.1960
vt 0.0121 0.2324
vt 0.0116 0.2315
vt 0.0276 0.1938
vt 0.1972 0.1203
vt 0.2447 0.1038
vt 0.2451 0.1087
vt 0.1983 0.1252
vt 0.2005 0.1348
vt 0.2459 0.1186
vt 0.2463 0.1236
vt 0.2016 0.1397
vt 0.1589 0.1357
vt 0.1601 0.1403
vt 0.1626 0.1497
vt 0.1638 0.1544
vt 0.7052 0.1482
vt 0.7465 0.1655
vt 0.7462 0.1692
vt 0.7044 0.1520
vt 0.7027 0.1594
vt 0.7456 0.1765
vt 0.7453 0.1801
vt 0.7018 0.1632
vt 0.2832 0.0945
vt 0.2832 0.0984
vt 0.2833 0.1062
vt 0.2833 0.1101
vt 0.9150 0.2302
vt 0.9523 0.2462
vt 0.9527 0.2499
vt 0.9155 0.2335
vt 0.9165 0.2400
vt 0.9535 0.2573
vt 0.9539 0.2609
vt 0.9170 0.2433
vt 0.5722 0.1206
vt 0.6182 0.1314
vt 0.6169 0.1354
vt 0.5711 0.1246
vt 0.5690 0.1326
vt 0.6144 0.1434
vt 0.6132 0.1474
vt 0.5679 0.1366
vt 0.4309 0.0720
vt 0.4710 0.0820
vt 0.4716 0.0866
vt 0.4312 0.0764
vt 0.4318 0.0853
vt 0.4727 0.0959
vt 0.4733 0.1005
vt 0.4321 0.0897
vt 0.0378 0.2449
vt 0.0589 0.2240
vt 0.0601 0.2285
vt 0.0384 0.2489
vt 0.0396 0.2568
vt 0.0626 0.2374
vt 0.0639 0.2419
vt 0.0403 0.2608
vt 0.1048 0.1755
vt 0.1262 0.1558
vt 0.1273 0.1605
vt 0.1058 0.1800
vt 0.1078 0.1892
vt 0.1294 0.1699
vt 0.1305 0.1746
vt 0.1088 0.1937
vt 0.7894 0.1840
vt 0.8373 0.2029
vt 0.8373 0.2069
vt 0.7889 0.1878
vt 0.7878 0.1953
vt 0.8374 0.2150
vt 0.8374 0.2191
vt 0.7872 0.1990
vt 0.6577 0.1380
vt 0.6564 0.1419
vt 0.6540 0.1496
vt 0.6528 0.1535
vt 0.3138 0.0859
vt 0.3393 0.0787
vt 0.3387 0.0826
vt 0.3134 0.0897
vt 0.3126 0.0973
vt 0.3373 0.0904
vt 0.3367 0.0943
vt 0.3121 0.1012
vt 0.5210 0.1008
vt 0.5205 0.1052
vt 0.5195 0.1141
vt 0.5190 0.1185
vt 0.9827 0.2611
vt 0.9824 0.2641
vt 0.9817 0.2701
vt 0.9814 0.2731
vt 0.0807 0.2008
vt 0.0818 0.2057
vt 0.0841 0.2153
vt 0.0852 0.2202
vt 0.4010 0.0674
vt 0.4010 0.0718
vt 0.4010 0.0806
vt 0.4010 0.0850
vt 0.3851 0.0686
vt 0.3849 0.0729
vt 0.3680 0.0821
vt 0.3676 0.0862
vt 0.3692 0.0698
vt 0.3688 0.0739
vt 0.8775 0.2159
vt 0.8779 0.2193
vt 0.8786 0.2260
vt 0.8790 0.2294
vt 0.0183 0.2625
vt 0.0191 0.2654
vt 0.0208 0.2712
vt 0.0217 0.2741
vt 0.9877 0.2700
vt 0.9875 0.2731
vt 0.9137 0.2174
vt 0.9134 0.2204
vt 0.8797 0.1866
vt 0.8803 0.1834
vt 0.9156 0.1990
vt 0.9153 0.2021
vt 0.9508 0.2330
vt 0.9512 0.2352
vt 0.9489 0.2197
vt 0.9492 0.2219
vt 0.8397 0.1711
vt 0.8401 0.1678
vt 0.7959 0.1541
vt 0.7967 0.1510
vt 0.7525 0.1363
vt 0.7533 0.1333
vt 0.7102 0.1208
vt 0.7106 0.1181
vt 0.6653 0.1092
vt 0.6660 0.1063
vt 0.6252 0.0961
vt 0.6257 0.0922
vt 0.5781 0.0803
vt 0.5786 0.0755
vt 0.5217 0.0645
vt 0.5216 0.0606
vt 0.4631 0.0488
vt 0.4620 0.0456
vt 0.4258 0.0420
vt 0.4251 0.0392
vt 0.3996 0.0367
vt 0.3994 0.0338
vt 0.9836 0.2498
vt 0.9838 0.2520
vt 0.9824 0.2364
vt 0.9826 0.2386
vt 0.0158 0.2538
vt 0.0156 0.2517
vt 0.0354 0.2298
vt 0.0359 0.2330
vt 0.0146 0.2412
vt 0.0144 0.2391
vt 0.0323 0.2103
vt 0.0328 0.2135
vt 0.0547 0.2075
vt 0.0552 0.2106
vt 0.0514 0.1890
vt 0.0519 0.1921
vt 0.0768 0.1834
vt 0.0774 0.1863
vt 0.0731 0.1657
vt 0.0737 0.1687
vt 0.1009 0.1588
vt 0.1017 0.1617
vt 0.0959 0.1410
vt 0.0967 0.1439
vt 0.1227 0.1385
vt 0.1230 0.1417
vt 0.1205 0.1198
vt 0.1208 0.1229
vt 0.1548 0.1184
vt 0.1552 0.1216
vt 0.1519 0.0994
vt 0.1524 0.1025
vt 0.1906 0.0821
vt 0.1911 0.0855
vt 0.2830 0.0796
vt 0.2831 0.0827
vt 0.2389 0.0718
vt 0.2381 0.0689
vt 0.2827 0.0605
vt 0.2828 0.0637
vt 0.3150 0.0744
vt 0.3150 0.0709
vt 0.3413 0.0635
vt 0.3414 0.0671
vt 0.3149 0.0535
vt 0.3149 0.0500
vt 0.3406 0.0421
vt 0.3407 0.0456
vt 0.3559 0.0623
vt 0.3559 0.0588
vt 0.3706 0.0542
vt 0.3705 0.0575
vt 0.3715 0.0345
vt 0.3713 0.0378
vt 0.3858 0.0559
vt 0.3857 0.0528
vt 0.3855 0.0373
vt 0.3854 0.0341
vt 0.9902 0.2363
vt 0.9900 0.2384
vt 0.3141 0.0415
vt 0.2813 0.0523
vt 0.2806 0.0497
vt 0.3136 0.0389
vt 0.1179 0.1104
vt 0.0928 0.1327
vt 0.0916 0.1300
vt 0.1168 0.1072
vt 0.9165 0.1921
vt 0.8809 0.1763
vt 0.8810 0.1743
vt 0.9168 0.1902
vt 0.4608 0.0378
vt 0.4238 0.0318
vt 0.4235 0.0295
vt 0.4607 0.0355
vt 0.3984 0.0268
vt 0.3713 0.0271
vt 0.3711 0.0251
vt 0.3981 0.0247
vt 0.2349 0.0602
vt 0.1878 0.0715
vt 0.1867 0.0679
vt 0.2337 0.0572
vt 0.3399 0.0340
vt 0.3396 0.0317
vt 0.7123 0.1105
vt 0.6678 0.0968
vt 0.6684 0.0935
vt 0.7130 0.1080
vt 0.9817 0.2323
vt 0.9493 0.2138
vt 0.9496 0.2119
vt 0.9815 0.2314
vt 0.0701 0.1572
vt 0.0488 0.1803
vt 0.0479 0.1775
vt 0.0689 0.1544
vt 0.5803 0.0645
vt 0.5220 0.0515
vt 0.5222 0.0489
vt 0.5810 0.0613
vt 0.1493 0.0886
vt 0.1483 0.0848
vt 0.7977 0.1443
vt 0.7549 0.1264
vt 0.7552 0.1245
vt 0.7978 0.1424
vt 0.6273 0.0805
vt 0.6278 0.0765
vt 0.0304 0.2026
vt 0.0133 0.2351
vt 0.0129 0.2342
vt 0.0297 0.2004
vt 0.8405 0.1609
vt 0.8405 0.1590
vt 0.3114 0.0276
vt 0.2768 0.0382
vt 0.2760 0.0363
vt 0.3110 0.0258
vt 0.1113 0.0910
vt 0.0860 0.1164
vt 0.0850 0.1136
vt 0.1102 0.0876
vt 0.9188 0.1793
vt 0.8814 0.1633
vt 0.8816 0.1607
vt 0.9194 0.1767
vt 0.4602 0.0252
vt 0.4224 0.0190
vt 0.4223 0.0172
vt 0.4600 0.0236
vt 0.3965 0.0155
vt 0.3701 0.0163
vt 0.3698 0.0149
vt 0.3963 0.0140
vt 0.2271 0.0428
vt 0.1807 0.0497
vt 0.1795 0.0459
vt 0.2256 0.0401
vt 0.8415 0.1480
vt 0.7986 0.1314
vt 0.7988 0.1287
vt 0.8420 0.1453
vt 0.3383 0.0218
vt 0.3382 0.0202
vt 0.7173 0.0957
vt 0.6716 0.0766
vt 0.6722 0.0731
vt 0.7184 0.0933
vt 0.9802 0.2269
vt 0.9512 0.2026
vt 0.9515 0.2007
vt 0.9800 0.2260
vt 0.0630 0.1400
vt 0.0430 0.1631
vt 0.0421 0.1602
vt 0.0618 0.1371
vt 0.5844 0.0456
vt 0.5244 0.0369
vt 0.5251 0.0349
vt 0.5851 0.0424
vt 0.1431 0.0654
vt 0.1420 0.0613
vt 0.7568 0.1137
vt 0.7570 0.1113
vt 0.6301 0.0568
vt 0.6306 0.0529
vt 0.0262 0.1888
vt 0.0109 0.2299
vt 0.0106 0.2290
vt 0.0255 0.1864
vt 0.8765 0.2058
vt 0.8808 0.1802
vt 0.9159 0.1960
vt 0.9134 0.2204
vt 0.9486 0.2175
vt 0.9512 0.2352
vt 0.8372 0.1908
vt 0.8405 0.1646
vt 0.7910 0.1728
vt 0.7975 0.1479
vt 0.7473 0.1545
vt 0.7542 0.1302
vt 0.7078 0.1370
vt 0.7110 0.1154
vt 0.6614 0.1264
vt 0.6666 0.1034
vt 0.6219 0.1194
vt 0.6263 0.0883
vt 0.5755 0.1086
vt 0.5790 0.0708
vt 0.5225 0.0875
vt 0.5215 0.0568
vt 0.4692 0.0680
vt 0.4610 0.0424
vt 0.4300 0.0587
vt 0.4243 0.0364
vt 0.4011 0.0543
vt 0.3991 0.0309
vt 0.9822 0.2341
vt 0.9838 0.2520
vt 0.0158 0.2538
vt 0.0142 0.2369
vt 0.0318 0.2070
vt 0.0359 0.2330
vt 0.0508 0.1859
vt 0.0552 0.2106
vt 0.0725 0.1628
vt 0.0774 0.1863
vt 0.0951 0.1380
vt 0.1017 0.1617
vt 0.1201 0.1167
vt 0.1230 0.1417
vt 0.1514 0.0962
vt 0.1552 0.1216
vt 0.1901 0.0787
vt 0.1939 0.1058
vt 0.1939 0.1058
vt 0.2435 0.0890
vt 0.2467 0.1285
vt 0.2027 0.1445
vt 0.2435 0.0890
vt 0.2374 0.0660
vt 0.2827 0.0573
vt 0.2831 0.0827
vt 0.3150 0.0744
vt 0.3149 0.0466
vt 0.3405 0.0385
vt 0.3414 0.0671
vt 0.3716 0.0312
vt 0.3705 0.0575
vt 0.1650 0.1591
vt 0.7450 0.1838
vt 0.7010 0.1669
vt 0.2833 0.1141
vt 0.9543 0.2646
vt 0.9175 0.2466
vt 0.6119 0.1514
vt 0.5668 0.1406
vt 0.4739 0.1052
vt 0.4324 0.0942
vt 0.0651 0.2463
vt 0.0409 0.2648
vt 0.1315 0.1793
vt 0.1098 0.1983
vt 0.8375 0.2231
vt 0.7867 0.2028
vt 0.2114 0.1717
vt 0.2508 0.1553
vt 0.2533 0.1634
vt 0.2142 0.1796
vt 0.6515 0.1573
vt 0.3360 0.0982
vt 0.3117 0.1050
vt 0.5185 0.1230
vt 0.9810 0.2761
vt 0.0863 0.2250
vt 0.4009 0.0894
vt 0.3672 0.0903
vt 0.8793 0.2327
vt 0.0225 0.2769
vt 0.3326 0.1291
vt 0.3645 0.1216
vt 0.3639 0.1324
vt 0.3323 0.1400
vt 0.7869 0.2240
vt 0.8385 0.2428
vt 0.8392 0.2513
vt 0.7867 0.2333
vt 0.0249 0.2940
vt 0.0427 0.2813
vt 0.0411 0.2896
vt 0.0259 0.2994
vt 0.2870 0.1434
vt 0.2883 0.1526
vt 0.9202 0.2728
vt 0.9599 0.2887
vt 0.9597 0.2953
vt 0.9210 0.2809
vt 0.4008 0.1175
vt 0.4318 0.1199
vt 0.4311 0.1293
vt 0.3996 0.1275
vt 0.1794 0.3418
vt 0.2262 0.3491
vt 0.2159 0.3794
vt 0.1808 0.3766
vt 0.4718 0.1287
vt 0.5169 0.1460
vt 0.5154 0.1534
vt 0.4708 0.1369
vt 0.1402 0.2070
vt 0.1757 0.1884
vt 0.1785 0.1964
vt 0.1428 0.2156
vt 0.5600 0.1597
vt 0.6045 0.1708
vt 0.6017 0.1782
vt 0.5579 0.1665
vt 0.0902 0.2444
vt 0.1155 0.2206
vt 0.1175 0.2290
vt 0.0919 0.2521
vt 0.6464 0.1793
vt 0.6963 0.1924
vt 0.6936 0.2013
vt 0.6441 0.1873
vt 0.7432 0.2039
vt 0.7410 0.2140
vt 0.0690 0.2614
vt 0.0699 0.2674
vt 0.3137 0.1349
vt 0.3140 0.1456
vt 0.8804 0.2580
vt 0.8811 0.2662
vt 0.9785 0.2939
vt 0.9783 0.2993
vt 0.3272 0.4199
vt 0.3486 0.4564
vt 0.3138 0.4721
vt 0.2951 0.4415
vt 0.1626 0.7448
vt 0.1105 0.7298
vt 0.1157 0.7048
vt 0.1574 0.7120
vt 0.0306 0.5079
vt 0.0373 0.4692
vt 0.0534 0.4806
vt 0.0474 0.5100
vt 0.2867 0.3798
vt 0.3026 0.3928
vt 0.2752 0.4176
vt 0.2624 0.4056
vt 0.0651 0.6941
vt 0.0382 0.6527
vt 0.0592 0.6442
vt 0.0824 0.6791
vt 0.0279 0.5669
vt 0.0285 0.5467
vt 0.0471 0.5479
vt 0.0472 0.5682
vt 0.0264 0.6074
vt 0.0471 0.6051
vt 0.3620 0.4930
vt 0.3683 0.5382
vt 0.3306 0.5426
vt 0.3247 0.5058
vt 0.1342 0.3516
vt 0.1445 0.3857
vt 0.3617 0.5879
vt 0.3397 0.6315
vt 0.3101 0.6134
vt 0.3276 0.5797
vt 0.0658 0.4023
vt 0.0927 0.3756
vt 0.1103 0.4038
vt 0.0829 0.4264
vt 0.3097 0.6730
vt 0.2698 0.7078
vt 0.2467 0.6763
vt 0.2820 0.6460
vt 0.0485 0.4381
vt 0.0654 0.4544
vt 0.2178 0.7348
vt 0.2039 0.6990
vt 0.0275 0.5335
vt 0.0466 0.5333
vt 0.2624 0.3643
vt 0.2437 0.3921
vt 0.2749 0.4913
vt 0.2832 0.5188
vt 0.2919 0.5465
vt 0.2989 0.5709
vt 0.2623 0.4644
vt 0.2473 0.4430
vt 0.2371 0.4313
vt 0.2098 0.4028
vt 0.2241 0.4172
vt 0.0774 0.5971
vt 0.1100 0.5835
vt 0.1201 0.6127
vt 0.0839 0.6313
vt 0.1418 0.5654
vt 0.1511 0.5961
vt 0.1784 0.5446
vt 0.1880 0.5728
vt 0.2118 0.5253
vt 0.2213 0.5512
vt 0.2419 0.5085
vt 0.2511 0.5334
vt 0.1264 0.6446
vt 0.0978 0.6616
vt 0.1669 0.6277
vt 0.2016 0.6043
vt 0.2339 0.5801
vt 0.2622 0.5602
vt 0.1481 0.6795
vt 0.1196 0.6855
vt 0.1861 0.6628
vt 0.2221 0.6391
vt 0.2537 0.6129
vt 0.2797 0.5884
vt 0.0722 0.5630
vt 0.1024 0.5522
vt 0.1358 0.5362
vt 0.1697 0.5181
vt 0.2018 0.5008
vt 0.2316 0.4836
vt 0.0712 0.5386
vt 0.0990 0.5280
vt 0.1303 0.5127
vt 0.1619 0.4957
vt 0.1925 0.4792
vt 0.2202 0.4626
vt 0.0704 0.5247
vt 0.0966 0.5138
vt 0.1257 0.4986
vt 0.1558 0.4818
vt 0.1856 0.4653
vt 0.2124 0.4498
vt 0.0671 0.4874
vt 0.0805 0.4730
vt 0.0911 0.4949
vt 0.0691 0.5061
vt 0.1017 0.4539
vt 0.1166 0.4791
vt 0.1290 0.4353
vt 0.1452 0.4622
vt 0.1594 0.4199
vt 0.1744 0.4466
vt 0.1878 0.4096
vt 0.2008 0.4331
vt 0.0466 0.5333
vt 0.1797 0.3185
vt 0.2349 0.3235
vt 0.3560 0.4046
vt 0.3807 0.4432
vt 0.1683 0.7732
vt 0.1070 0.7487
vt 0.0132 0.5042
vt 0.0239 0.4583
vt 0.3084 0.3586
vt 0.3274 0.3739
vt 0.0515 0.7054
vt 0.0202 0.6588
vt 0.0137 0.5564
vt 0.0113 0.5329
vt 0.0096 0.6074
vt 0.3959 0.4798
vt 0.4038 0.5313
vt 0.1285 0.3289
vt 0.3917 0.5934
vt 0.3707 0.6498
vt 0.0524 0.3804
vt 0.0813 0.3549
vt 0.3357 0.6988
vt 0.2944 0.7373
vt 0.0346 0.4232
vt 0.2332 0.7664
vt 0.0096 0.5272
vt 0.2793 0.3406
vt 0.9904 0.2341
vt 0.9886 0.2515
vt 0.9873 0.2762
vt 0.9835 0.2935
vt 0.9833 0.2994
vt 0.3123 0.0313
vt 0.2784 0.0422
vt 0.2735 0.0304
vt 0.3096 0.0204
vt 0.1135 0.0978
vt 0.0882 0.1221
vt 0.0818 0.1052
vt 0.1070 0.0774
vt 0.9177 0.1845
vt 0.8812 0.1684
vt 0.8819 0.1531
vt 0.9211 0.1689
vt 0.4604 0.0285
vt 0.4226 0.0226
vt 0.4220 0.0119
vt 0.4596 0.0186
vt 0.9886 0.2280
vt 0.9808 0.2286
vt 0.9791 0.2234
vt 0.9872 0.2227
vt 0.3970 0.0185
vt 0.3705 0.0190
vt 0.3691 0.0107
vt 0.3956 0.0096
vt 0.2301 0.0484
vt 0.1832 0.0572
vt 0.1757 0.0347
vt 0.2211 0.0317
vt 0.8404 0.1535
vt 0.7982 0.1370
vt 0.7993 0.1204
vt 0.8436 0.1371
vt 0.3386 0.0250
vt 0.3378 0.0154
vt 0.7151 0.1006
vt 0.6703 0.0835
vt 0.6741 0.0627
vt 0.7218 0.0859
vt 0.9507 0.2064
vt 0.9523 0.1950
vt 0.0652 0.1460
vt 0.0449 0.1690
vt 0.0392 0.1514
vt 0.0584 0.1281
vt 0.5830 0.0518
vt 0.5230 0.0411
vt 0.5271 0.0287
vt 0.5871 0.0330
vt 0.1452 0.0735
vt 0.1389 0.0492
vt 0.7562 0.1187
vt 0.7578 0.1038
vt 0.6292 0.0648
vt 0.6319 0.0410
vt 0.0276 0.1938
vt 0.0116 0.2315
vt 0.0096 0.2266
vt 0.0235 0.1790
vt 0.5263 0.6861
vt 0.5259 0.6845
vt 0.5068 0.6790
vt 0.5058 0.6803
vt 0.7024 0.6974
vt 0.7025 0.6937
vt 0.6959 0.6932
vt 0.6955 0.6960
vt 0.6820 0.6952
vt 0.6812 0.6975
vt 0.6618 0.6943
vt 0.6595 0.6974
vt 0.6368 0.6949
vt 0.6328 0.6978
vt 0.6091 0.6916
vt 0.6067 0.6951
vt 0.5855 0.6892
vt 0.5846 0.6927
vt 0.5668 0.6901
vt 0.5664 0.6928
vt 0.5519 0.6902
vt 0.5519 0.6924
vt 0.5414 0.6897
vt 0.5414 0.6913
vt 0.4146 0.6677
vt 0.4153 0.6668
vt 0.4097 0.6666
vt 0.4094 0.6674
vt 0.6692 0.8523
vt 0.6707 0.8487
vt 0.6589 0.8476
vt 0.6575 0.8510
vt 0.6450 0.8457
vt 0.6439 0.8494
vt 0.6311 0.8516
vt 0.6305 0.8544
vt 0.6146 0.8538
vt 0.6147 0.8564
vt 0.5953 0.8480
vt 0.5961 0.8514
vt 0.5721 0.8367
vt 0.5734 0.8402
vt 0.5550 0.8320
vt 0.5560 0.8346
vt 0.5421 0.8307
vt 0.5427 0.8330
vt 0.6867 0.8459
vt 0.6872 0.8408
vt 0.8139 0.7195
vt 0.8134 0.7171
vt 0.7954 0.7144
vt 0.7950 0.7160
vt 0.7705 0.7049
vt 0.7717 0.7086
vt 0.9797 0.7165
vt 0.9810 0.7144
vt 0.9684 0.7128
vt 0.9675 0.7149
vt 0.9554 0.7116
vt 0.9547 0.7139
vt 0.9429 0.7111
vt 0.9406 0.7149
vt 0.9207 0.7181
vt 0.9174 0.7215
vt 0.8970 0.7192
vt 0.8948 0.7230
vt 0.8747 0.7187
vt 0.8739 0.7226
vt 0.8563 0.7207
vt 0.8561 0.7236
vt 0.8419 0.7204
vt 0.8415 0.7235
vt 0.8301 0.7209
vt 0.8300 0.7236
vt 0.7491 0.7017
vt 0.7507 0.7056
vt 0.7333 0.6964
vt 0.7345 0.7008
vt 0.7227 0.6937
vt 0.7233 0.6984
vt 0.7142 0.6931
vt 0.7144 0.6975
vt 0.7077 0.6933
vt 0.7079 0.6974
vt 0.7814 0.8553
vt 0.7818 0.8538
vt 0.7688 0.8551
vt 0.7687 0.8566
vt 0.7540 0.8539
vt 0.7543 0.8557
vt 0.9593 0.8786
vt 0.9601 0.8762
vt 0.9506 0.8742
vt 0.9501 0.8768
vt 0.9400 0.8744
vt 0.9398 0.8769
vt 0.7305 0.8504
vt 0.7311 0.8526
vt 0.7050 0.8481
vt 0.7055 0.8518
vt 0.9233 0.8758
vt 0.9234 0.8780
vt 0.9070 0.8763
vt 0.9074 0.8784
vt 0.8889 0.8704
vt 0.8897 0.8731
vt 0.8679 0.8576
vt 0.8690 0.8607
vt 0.8511 0.8503
vt 0.8517 0.8527
vt 0.8391 0.8465
vt 0.8391 0.8487
vt 0.8239 0.8456
vt 0.8235 0.8485
vt 0.8067 0.8484
vt 0.8065 0.8509
vt 0.7954 0.8498
vt 0.7949 0.8521
vt 0.6491 0.8852
vt 0.6493 0.8818
vt 0.6394 0.8806
vt 0.6396 0.8839
vt 0.6498 0.8749
vt 0.6501 0.8715
vt 0.6388 0.8708
vt 0.6390 0.8741
vt 0.6288 0.8816
vt 0.6285 0.8789
vt 0.6160 0.8794
vt 0.6162 0.8819
vt 0.6279 0.8735
vt 0.6276 0.8708
vt 0.6153 0.8719
vt 0.6155 0.8744
vt 0.6026 0.8825
vt 0.6022 0.8797
vt 0.5881 0.8745
vt 0.5901 0.8787
vt 0.6012 0.8741
vt 0.6007 0.8713
vt 0.5820 0.8617
vt 0.5840 0.8659
vt 0.5693 0.8708
vt 0.5676 0.8661
vt 0.5508 0.8608
vt 0.5522 0.8648
vt 0.5644 0.8566
vt 0.5628 0.8519
vt 0.5468 0.8488
vt 0.5481 0.8528
vt 0.4166 0.8769
vt 0.4171 0.8754
vt 0.4123 0.8750
vt 0.4122 0.8758
vt 0.6594 0.8864
vt 0.6598 0.8833
vt 0.6606 0.8769
vt 0.6610 0.8737
vt 0.5281 0.8557
vt 0.5293 0.8591
vt 0.7903 0.8786
vt 0.7907 0.8757
vt 0.7750 0.8748
vt 0.7738 0.8780
vt 0.7913 0.8697
vt 0.7917 0.8668
vt 0.7785 0.8655
vt 0.7774 0.8686
vt 0.9517 0.9048
vt 0.9509 0.9018
vt 0.9413 0.9016
vt 0.9420 0.9047
vt 0.9493 0.8958
vt 0.9485 0.8928
vt 0.9391 0.8924
vt 0.9398 0.8955
vt 0.9284 0.9058
vt 0.9275 0.9024
vt 0.9126 0.9018
vt 0.9134 0.9051
vt 0.9258 0.8955
vt 0.9249 0.8921
vt 0.9102 0.8919
vt 0.9110 0.8952
vt 0.8986 0.9019
vt 0.8977 0.8988
vt 0.8831 0.8938
vt 0.8853 0.8981
vt 0.8959 0.8925
vt 0.8950 0.8894
vt 0.8766 0.8808
vt 0.8788 0.8852
vt 0.8643 0.8872
vt 0.8624 0.8827
vt 0.8439 0.8755
vt 0.8450 0.8794
vt 0.8587 0.8737
vt 0.8568 0.8692
vt 0.8404 0.8636
vt 0.8415 0.8675
vt 0.8254 0.8809
vt 0.8245 0.8773
vt 0.8057 0.8770
vt 0.8058 0.8804
vt 0.8229 0.8702
vt 0.8221 0.8666
vt 0.8055 0.8669
vt 0.8055 0.8703
vt 0.7601 0.8785
vt 0.7617 0.8756
vt 0.7467 0.8755
vt 0.7444 0.8781
vt 0.7649 0.8700
vt 0.7665 0.8671
vt 0.7536 0.8675
vt 0.7513 0.8701
vt 0.7163 0.8818
vt 0.7198 0.8783
vt 0.6918 0.8852
vt 0.6878 0.8889
vt 0.7268 0.8711
vt 0.7303 0.8675
vt 0.7038 0.8740
vt 0.6998 0.8777
vt 0.6730 0.8894
vt 0.6752 0.8857
vt 0.6797 0.8784
vt 0.6820 0.8748
vt 0.9601 0.9048
vt 0.9591 0.9020
vt 0.9569 0.8964
vt 0.9559 0.8936
vt 0.6645 0.8632
vt 0.6660 0.8596
vt 0.6546 0.8579
vt 0.6532 0.8613
vt 0.6418 0.8566
vt 0.6407 0.8603
vt 0.6292 0.8598
vt 0.6286 0.8626
vt 0.6148 0.8616
vt 0.6149 0.8642
vt 0.5978 0.8582
vt 0.5986 0.8617
vt 0.5761 0.8471
vt 0.5774 0.8505
vt 0.5581 0.8396
vt 0.5591 0.8421
vt 0.5438 0.8378
vt 0.5443 0.8401
vt 0.6852 0.8610
vt 0.6857 0.8560
vt 0.7804 0.8595
vt 0.7808 0.8581
vt 0.7685 0.8597
vt 0.7684 0.8612
vt 0.7549 0.8594
vt 0.7552 0.8612
vt 0.9566 0.8860
vt 0.9575 0.8835
vt 0.9492 0.8820
vt 0.9487 0.8846
vt 0.9392 0.8819
vt 0.9389 0.8844
vt 0.7322 0.8572
vt 0.7327 0.8594
vt 0.7064 0.8592
vt 0.7069 0.8629
vt 0.9237 0.8823
vt 0.9238 0.8844
vt 0.9082 0.8824
vt 0.9086 0.8845
vt 0.8915 0.8784
vt 0.8923 0.8810
vt 0.8712 0.8670
vt 0.8723 0.8702
vt 0.8530 0.8575
vt 0.8536 0.8599
vt 0.8391 0.8530
vt 0.8392 0.8552
vt 0.8226 0.8543
vt 0.8221 0.8572
vt 0.8060 0.8560
vt 0.8058 0.8585
vt 0.7937 0.8568
vt 0.7931 0.8592
vt 0.5275 0.6908
vt 0.5271 0.6892
vt 0.5039 0.6828
vt 0.5030 0.6841
vt 0.4831 0.6795
vt 0.4833 0.6822
vt 0.7020 0.7084
vt 0.7021 0.7048
vt 0.6947 0.7015
vt 0.6943 0.7042
vt 0.6798 0.7022
vt 0.6790 0.7045
vt 0.6549 0.7036
vt 0.6527 0.7067
vt 0.6250 0.7036
vt 0.6210 0.7066
vt 0.6018 0.7021
vt 0.5994 0.7056
vt 0.5827 0.6997
vt 0.5817 0.7032
vt 0.5657 0.6982
vt 0.5654 0.7009
vt 0.5519 0.6966
vt 0.5519 0.6987
vt 0.5414 0.6943
vt 0.5414 0.6959
vt 0.4128 0.6705
vt 0.4134 0.6696
vt 0.4089 0.6689
vt 0.4087 0.6696
vt 0.8155 0.7266
vt 0.8149 0.7243
vt 0.7943 0.7193
vt 0.7939 0.7210
vt 0.7742 0.7161
vt 0.7754 0.7198
vt 0.9760 0.7230
vt 0.9772 0.7208
vt 0.9659 0.7192
vt 0.9650 0.7214
vt 0.9533 0.7183
vt 0.9526 0.7205
vt 0.9361 0.7225
vt 0.9338 0.7263
vt 0.9107 0.7285
vt 0.9074 0.7320
vt 0.8903 0.7306
vt 0.8881 0.7344
vt 0.8724 0.7302
vt 0.8717 0.7340
vt 0.8556 0.7296
vt 0.8553 0.7325
vt 0.8407 0.7298
vt 0.8403 0.7330
vt 0.8297 0.7290
vt 0.8296 0.7317
vt 0.7540 0.7133
vt 0.7557 0.7172
vt 0.7369 0.7096
vt 0.7382 0.7139
vt 0.7244 0.7077
vt 0.7249 0.7124
vt 0.7148 0.7062
vt 0.7150 0.7105
vt 0.7083 0.7058
vt 0.7085 0.7100
vt 0.7026 0.6759
vt 0.7024 0.6738
vt 0.6952 0.6738
vt 0.6953 0.6761
vt 0.7018 0.6695
vt 0.7016 0.6674
vt 0.6948 0.6669
vt 0.6949 0.6692
vt 0.6837 0.6741
vt 0.6836 0.6763
vt 0.6841 0.6673
vt 0.6840 0.6696
vt 0.6645 0.6733
vt 0.6642 0.6752
vt 0.6655 0.6675
vt 0.6652 0.6694
vt 0.6518 0.6740
vt 0.6519 0.6759
vt 0.6515 0.6682
vt 0.6516 0.6702
vt 0.6277 0.6692
vt 0.6282 0.6728
vt 0.6264 0.6584
vt 0.6268 0.6620
vt 0.6025 0.6655
vt 0.6019 0.6694
vt 0.6044 0.6540
vt 0.6037 0.6579
vt 0.5803 0.6639
vt 0.5791 0.6673
vt 0.5590 0.6672
vt 0.5575 0.6705
vt 0.5829 0.6570
vt 0.5842 0.6536
vt 0.5633 0.6573
vt 0.5618 0.6606
vt 0.5409 0.6668
vt 0.5404 0.6702
vt 0.5423 0.6565
vt 0.5418 0.6599
vt 0.5185 0.6644
vt 0.5188 0.6672
vt 0.5174 0.6562
vt 0.5178 0.6590
vt 0.7163 0.6754
vt 0.7161 0.6733
vt 0.7081 0.6740
vt 0.7085 0.6761
vt 0.7156 0.6691
vt 0.7153 0.6670
vt 0.7072 0.6676
vt 0.7075 0.6697
vt 0.9840 0.6989
vt 0.9847 0.6963
vt 0.9750 0.6957
vt 0.9744 0.6982
vt 0.9861 0.6910
vt 0.9868 0.6884
vt 0.9767 0.6880
vt 0.9761 0.6905
vt 0.9619 0.6953
vt 0.9606 0.6973
vt 0.9658 0.6893
vt 0.9645 0.6913
vt 0.9493 0.6955
vt 0.9482 0.6972
vt 0.9525 0.6903
vt 0.9515 0.6920
vt 0.9391 0.6975
vt 0.9391 0.6959
vt 0.9393 0.6926
vt 0.9393 0.6909
vt 0.8067 0.6961
vt 0.8063 0.6928
vt 0.7823 0.6861
vt 0.7831 0.6888
vt 0.8056 0.6862
vt 0.8053 0.6830
vt 0.7800 0.6781
vt 0.7808 0.6808
vt 0.7598 0.6767
vt 0.7601 0.6786
vt 0.7589 0.6711
vt 0.7592 0.6730
vt 0.9176 0.6963
vt 0.9173 0.6928
vt 0.9164 0.6823
vt 0.9167 0.6858
vt 0.8924 0.6910
vt 0.8918 0.6948
vt 0.8940 0.6794
vt 0.8935 0.6832
vt 0.8691 0.6909
vt 0.8679 0.6947
vt 0.8727 0.6793
vt 0.8715 0.6831
vt 0.8475 0.6933
vt 0.8463 0.6968
vt 0.8513 0.6828
vt 0.8500 0.6863
vt 0.7447 0.6735
vt 0.7443 0.6760
vt 0.7460 0.6661
vt 0.7455 0.6686
vt 0.7338 0.6713
vt 0.7335 0.6738
vt 0.7346 0.6636
vt 0.7343 0.6661
vt 0.8292 0.6934
vt 0.8288 0.6969
vt 0.8302 0.6828
vt 0.8298 0.6863
vt 0.7250 0.6705
vt 0.7249 0.6728
vt 0.7250 0.6636
vt 0.7250 0.6659
vt 0.6674 0.4956
vt 0.6673 0.4936
vt 0.6591 0.4922
vt 0.6596 0.4943
vt 0.6672 0.4897
vt 0.6672 0.4877
vt 0.6577 0.4861
vt 0.6582 0.4882
vt 0.6670 0.4837
vt 0.6670 0.4817
vt 0.6563 0.4800
vt 0.6568 0.4820
vt 0.6467 0.4890
vt 0.6481 0.4914
vt 0.6424 0.4817
vt 0.6439 0.4841
vt 0.6382 0.4743
vt 0.6396 0.4768
vt 0.6178 0.4877
vt 0.6184 0.4908
vt 0.6163 0.4781
vt 0.6168 0.4813
vt 0.6148 0.4686
vt 0.6153 0.4717
vt 0.5971 0.4845
vt 0.5970 0.4886
vt 0.5972 0.4724
vt 0.5972 0.4764
vt 0.5974 0.4602
vt 0.5974 0.4643
vt 0.5754 0.4718
vt 0.5748 0.4744
vt 0.5772 0.4640
vt 0.5766 0.4666
vt 0.5790 0.4561
vt 0.5784 0.4587
vt 0.5562 0.4609
vt 0.5558 0.4626
vt 0.5586 0.4507
vt 0.5582 0.4524
vt 0.5372 0.4586
vt 0.5364 0.4605
vt 0.5570 0.4575
vt 0.5574 0.4558
vt 0.5395 0.4532
vt 0.5387 0.4550
vt 0.5418 0.4477
vt 0.5410 0.4495
vt 0.5230 0.4598
vt 0.5217 0.4620
vt 0.5268 0.4530
vt 0.5255 0.4552
vt 0.5306 0.4462
vt 0.5293 0.4485
vt 0.5059 0.4615
vt 0.5043 0.4636
vt 0.5106 0.4550
vt 0.5090 0.4572
vt 0.5154 0.4486
vt 0.5138 0.4507
vt 0.4974 0.4514
vt 0.4960 0.4533
vt 0.4270 0.4436
vt 0.4268 0.4426
vt 0.4194 0.4411
vt 0.4195 0.4418
vt 0.4191 0.4398
vt 0.4189 0.4391
vt 0.4141 0.4387
vt 0.4142 0.4392
vt 0.7665 0.5159
vt 0.7684 0.5133
vt 0.7519 0.5101
vt 0.7509 0.5122
vt 0.7722 0.5080
vt 0.7741 0.5054
vt 0.7548 0.5036
vt 0.7538 0.5057
vt 0.7778 0.5002
vt 0.7797 0.4975
vt 0.7577 0.4971
vt 0.7568 0.4992
vt 0.7383 0.5066
vt 0.7380 0.5086
vt 0.7394 0.5003
vt 0.7390 0.5024
vt 0.7404 0.4940
vt 0.7401 0.4961
vt 0.9574 0.5319
vt 0.9572 0.5301
vt 0.9496 0.5288
vt 0.9502 0.5307
vt 0.9566 0.5264
vt 0.9563 0.5246
vt 0.9479 0.5231
vt 0.9484 0.5250
vt 0.9558 0.5209
vt 0.9555 0.5191
vt 0.9461 0.5174
vt 0.9467 0.5193
vt 0.9383 0.5270
vt 0.9392 0.5292
vt 0.9357 0.5203
vt 0.9366 0.5225
vt 0.9331 0.5136
vt 0.9340 0.5158
vt 0.9203 0.5239
vt 0.9217 0.5275
vt 0.9162 0.5133
vt 0.9176 0.5169
vt 0.9121 0.5027
vt 0.9135 0.5063
vt 0.9014 0.5190
vt 0.9025 0.5236
vt 0.8982 0.5054
vt 0.8993 0.5100
vt 0.8950 0.4918
vt 0.8961 0.4964
vt 0.8793 0.5122
vt 0.8793 0.5156
vt 0.8792 0.5021
vt 0.8792 0.5055
vt 0.8791 0.4920
vt 0.8792 0.4954
vt 0.8567 0.5072
vt 0.8564 0.5094
vt 0.8578 0.5006
vt 0.8574 0.5028
vt 0.8589 0.4941
vt 0.8585 0.4963
vt 0.8333 0.5058
vt 0.8324 0.5078
vt 0.8361 0.4996
vt 0.8352 0.5017
vt 0.8389 0.4934
vt 0.8380 0.4955
vt 0.8143 0.5052
vt 0.8126 0.5075
vt 0.8194 0.4982
vt 0.8177 0.5005
vt 0.8245 0.4912
vt 0.8228 0.4935
vt 0.7917 0.5085
vt 0.7895 0.5112
vt 0.7982 0.5004
vt 0.7960 0.5031
vt 0.8047 0.4924
vt 0.8026 0.4950
vt 0.7288 0.5040
vt 0.7288 0.5060
vt 0.7287 0.4978
vt 0.7287 0.4999
vt 0.7287 0.4917
vt 0.7287 0.4937
vt 0.7186 0.5015
vt 0.7189 0.5035
vt 0.7179 0.4955
vt 0.7181 0.4975
vt 0.7172 0.4894
vt 0.7174 0.4914
vt 0.7061 0.4975
vt 0.7066 0.4991
vt 0.7047 0.4925
vt 0.7052 0.4942
vt 0.7033 0.4876
vt 0.7038 0.4893
vt 0.6924 0.4960
vt 0.6931 0.4977
vt 0.6904 0.4909
vt 0.6911 0.4926
vt 0.6884 0.4858
vt 0.6891 0.4875
vt 0.6807 0.4938
vt 0.6814 0.4955
vt 0.6788 0.4884
vt 0.6794 0.4902
vt 0.6769 0.4830
vt 0.6775 0.4848
vt 0.6587 0.9040
vt 0.6587 0.9022
vt 0.6507 0.9009
vt 0.6510 0.9026
vt 0.6588 0.8986
vt 0.6588 0.8968
vt 0.6499 0.8956
vt 0.6502 0.8974
vt 0.6589 0.8932
vt 0.6589 0.8914
vt 0.6491 0.8904
vt 0.6494 0.8921
vt 0.6422 0.9006
vt 0.6426 0.9026
vt 0.6412 0.8948
vt 0.6416 0.8968
vt 0.6402 0.8891
vt 0.6405 0.8910
vt 0.6315 0.8987
vt 0.6318 0.9007
vt 0.6305 0.8925
vt 0.6308 0.8946
vt 0.6295 0.8864
vt 0.6298 0.8884
vt 0.6199 0.8966
vt 0.6204 0.8984
vt 0.6184 0.8914
vt 0.6189 0.8931
vt 0.6169 0.8861
vt 0.6174 0.8879
vt 0.6054 0.8942
vt 0.6057 0.8954
vt 0.6044 0.8904
vt 0.6047 0.8916
vt 0.6034 0.8866
vt 0.6037 0.8878
vt 0.5946 0.8927
vt 0.5950 0.8941
vt 0.5936 0.8885
vt 0.5939 0.8899
vt 0.5925 0.8843
vt 0.5928 0.8857
vt 0.5773 0.8945
vt 0.5782 0.8972
vt 0.5745 0.8863
vt 0.5755 0.8891
vt 0.5718 0.8782
vt 0.5727 0.8809
vt 0.5558 0.8939
vt 0.5561 0.8974
vt 0.5548 0.8831
vt 0.5551 0.8867
vt 0.5538 0.8724
vt 0.5542 0.8760
vt 0.4311 0.8918
vt 0.4318 0.8900
vt 0.4253 0.8883
vt 0.4254 0.8897
vt 0.4175 0.8831
vt 0.4173 0.8825
vt 0.4120 0.8796
vt 0.4120 0.8801
vt 0.4169 0.8813
vt 0.4168 0.8807
vt 0.4120 0.8784
vt 0.4120 0.8788
vt 0.4164 0.8796
vt 0.4162 0.8790
vt 0.4120 0.8771
vt 0.4120 0.8775
vt 0.8018 0.9075
vt 0.8023 0.9045
vt 0.7816 0.8982
vt 0.7804 0.9006
vt 0.8033 0.8986
vt 0.8038 0.8956
vt 0.7852 0.8911
vt 0.7840 0.8935
vt 0.8048 0.8897
vt 0.8054 0.8867
vt 0.7888 0.8839
vt 0.7876 0.8863
vt 0.7630 0.8943
vt 0.7617 0.8962
vt 0.7671 0.8886
vt 0.7658 0.8905
vt 0.7713 0.8830
vt 0.7699 0.8849
vt 0.9627 0.9234
vt 0.9625 0.9214
vt 0.9556 0.9223
vt 0.9560 0.9244
vt 0.9622 0.9175
vt 0.9620 0.9155
vt 0.9543 0.9161
vt 0.9547 0.9181
vt 0.9616 0.9115
vt 0.9614 0.9096
vt 0.9530 0.9098
vt 0.9534 0.9119
vt 0.9456 0.9234
vt 0.9461 0.9257
vt 0.9444 0.9167
vt 0.9448 0.9190
vt 0.9431 0.9100
vt 0.9435 0.9122
vt 0.9322 0.9234
vt 0.9326 0.9255
vt 0.9309 0.9173
vt 0.9314 0.9194
vt 0.9297 0.9112
vt 0.9301 0.9133
vt 0.9185 0.9222
vt 0.9191 0.9242
vt 0.9167 0.9163
vt 0.9173 0.9183
vt 0.9148 0.9104
vt 0.9154 0.9124
vt 0.9054 0.9188
vt 0.9063 0.9208
vt 0.9029 0.9129
vt 0.9037 0.9149
vt 0.9004 0.9070
vt 0.9012 0.9089
vt 0.8910 0.9155
vt 0.8915 0.9173
vt 0.8895 0.9099
vt 0.8900 0.9118
vt 0.8879 0.9043
vt 0.8884 0.9062
vt 0.8746 0.9137
vt 0.8759 0.9168
vt 0.8710 0.9043
vt 0.8722 0.9074
vt 0.8674 0.8949
vt 0.8686 0.8980
vt 0.8504 0.9113
vt 0.8510 0.9153
vt 0.8486 0.8993
vt 0.8492 0.9033
vt 0.8468 0.8874
vt 0.8474 0.8914
vt 0.8260 0.9107
vt 0.8260 0.9144
vt 0.8261 0.8994
vt 0.8261 0.9032
vt 0.8262 0.8882
vt 0.8261 0.8920
vt 0.7507 0.8923
vt 0.7495 0.8939
vt 0.7540 0.8876
vt 0.7529 0.8892
vt 0.7573 0.8829
vt 0.7562 0.8845
vt 0.7303 0.8948
vt 0.7286 0.8968
vt 0.7354 0.8888
vt 0.7337 0.8908
vt 0.7405 0.8828
vt 0.7388 0.8848
vt 0.6978 0.9051
vt 0.6957 0.9079
vt 0.7043 0.8967
vt 0.7021 0.8995
vt 0.7107 0.8882
vt 0.7086 0.8910
vt 0.6803 0.9054
vt 0.6798 0.9073
vt 0.6818 0.8999
vt 0.6813 0.9018
vt 0.6833 0.8944
vt 0.6828 0.8963
vt 0.6692 0.9049
vt 0.6690 0.9065
vt 0.6699 0.8998
vt 0.6697 0.9015
vt 0.6705 0.8947
vt 0.6703 0.8964
vt 0.6603 0.4527
vt 0.6604 0.4502
vt 0.6472 0.4459
vt 0.6471 0.4484
vt 0.6606 0.4451
vt 0.6607 0.4426
vt 0.6475 0.4385
vt 0.6474 0.4409
vt 0.6608 0.4401
vt 0.6609 0.4376
vt 0.6477 0.4335
vt 0.6476 0.4360
vt 0.6298 0.4365
vt 0.6293 0.4385
vt 0.6313 0.4307
vt 0.6308 0.4327
vt 0.6323 0.4269
vt 0.6318 0.4288
vt 0.6135 0.4295
vt 0.6132 0.4313
vt 0.6145 0.4243
vt 0.6141 0.4261
vt 0.6151 0.4208
vt 0.6148 0.4226
vt 0.6006 0.4282
vt 0.6003 0.4297
vt 0.6014 0.4237
vt 0.6011 0.4252
vt 0.6019 0.4208
vt 0.6017 0.4223
vt 0.5841 0.4314
vt 0.5838 0.4336
vt 0.5849 0.4250
vt 0.5846 0.4271
vt 0.5854 0.4207
vt 0.5851 0.4228
vt 0.5636 0.4327
vt 0.5632 0.4348
vt 0.5648 0.4266
vt 0.5644 0.4286
vt 0.5656 0.4225
vt 0.5652 0.4245
vt 0.5479 0.4335
vt 0.5476 0.4349
vt 0.5491 0.4294
vt 0.5487 0.4307
vt 0.5498 0.4266
vt 0.5494 0.4280
vt 0.5377 0.4343
vt 0.5377 0.4350
vt 0.5380 0.4322
vt 0.5379 0.4329
vt 0.5382 0.4307
vt 0.5381 0.4315
vt 0.4435 0.4322
vt 0.4433 0.4313
vt 0.4329 0.4305
vt 0.4332 0.4314
vt 0.4235 0.4292
vt 0.4237 0.4299
vt 0.5271 0.4319
vt 0.5272 0.4325
vt 0.5267 0.4300
vt 0.5268 0.4306
vt 0.5265 0.4287
vt 0.5266 0.4294
vt 0.5070 0.4298
vt 0.5071 0.4307
vt 0.5064 0.4270
vt 0.5066 0.4280
vt 0.5061 0.4252
vt 0.5063 0.4261
vt 0.7945 0.4710
vt 0.7948 0.4693
vt 0.7677 0.4654
vt 0.7673 0.4673
vt 0.7953 0.4659
vt 0.7955 0.4642
vt 0.7692 0.4599
vt 0.7687 0.4617
vt 0.7958 0.4625
vt 0.7961 0.4608
vt 0.7702 0.4562
vt 0.7697 0.4580
vt 0.7464 0.4583
vt 0.7457 0.4601
vt 0.7483 0.4531
vt 0.7476 0.4548
vt 0.7495 0.4496
vt 0.7489 0.4514
vt 0.9482 0.4979
vt 0.9486 0.4963
vt 0.9375 0.4901
vt 0.9374 0.4921
vt 0.9379 0.4824
vt 0.9380 0.4804
vt 0.9215 0.4717
vt 0.9213 0.4734
vt 0.9205 0.4815
vt 0.9207 0.4799
vt 0.9009 0.4706
vt 0.9008 0.4715
vt 0.9210 0.4766
vt 0.9212 0.4750
vt 0.9014 0.4677
vt 0.9012 0.4687
vt 0.9016 0.4659
vt 0.9015 0.4668
vt 0.8900 0.4677
vt 0.8899 0.4685
vt 0.8903 0.4651
vt 0.8902 0.4660
vt 0.8904 0.4635
vt 0.8904 0.4643
vt 0.7290 0.4617
vt 0.7285 0.4634
vt 0.7305 0.4568
vt 0.7300 0.4585
vt 0.7316 0.4536
vt 0.7310 0.4552
vt 0.7143 0.4672
vt 0.7141 0.4688
vt 0.7149 0.4627
vt 0.7147 0.4642
vt 0.7152 0.4597
vt 0.7150 0.4612
vt 0.8796 0.4685
vt 0.8793 0.4693
vt 0.8804 0.4663
vt 0.8802 0.4671
vt 0.8810 0.4649
vt 0.8807 0.4656
vt 0.8665 0.4722
vt 0.8660 0.4731
vt 0.8490 0.4746
vt 0.8484 0.4758
vt 0.8675 0.4702
vt 0.8680 0.4693
vt 0.8511 0.4710
vt 0.8504 0.4722
vt 0.8686 0.4683
vt 0.8691 0.4673
vt 0.8524 0.4685
vt 0.8518 0.4698
vt 0.8353 0.4740
vt 0.8348 0.4752
vt 0.8367 0.4704
vt 0.8363 0.4716
vt 0.8377 0.4681
vt 0.8372 0.4693
vt 0.6982 0.4651
vt 0.6983 0.4670
vt 0.6981 0.4593
vt 0.6981 0.4612
vt 0.6980 0.4554
vt 0.6980 0.4573
vt 0.6825 0.4588
vt 0.6826 0.4609
vt 0.6822 0.4526
vt 0.6823 0.4547
vt 0.6821 0.4484
vt 0.6822 0.4505
vt 0.8212 0.4710
vt 0.8210 0.4723
vt 0.8218 0.4672
vt 0.8216 0.4685
vt 0.8222 0.4647
vt 0.8220 0.4660
vt 0.6710 0.4529
vt 0.6713 0.4553
vt 0.6699 0.4458
vt 0.6703 0.4482
vt 0.6693 0.4410
vt 0.6696 0.4434
vt 0.6212 0.5041
vt 0.6212 0.5077
vt 0.6414 0.5114
vt 0.6422 0.5079
vt 0.6212 0.5112
vt 0.6212 0.5148
vt 0.6399 0.5183
vt 0.6407 0.5148
vt 0.6212 0.5219
vt 0.6212 0.5254
vt 0.6377 0.5287
vt 0.6384 0.5253
vt 0.4989 0.4771
vt 0.4984 0.4789
vt 0.5158 0.4796
vt 0.5160 0.4778
vt 0.4980 0.4807
vt 0.4976 0.4825
vt 0.5153 0.4833
vt 0.5155 0.4815
vt 0.4967 0.4862
vt 0.4962 0.4880
vt 0.5146 0.4889
vt 0.5148 0.4870
vt 0.5349 0.4796
vt 0.5349 0.4820
vt 0.5557 0.4866
vt 0.5562 0.4831
vt 0.5349 0.4844
vt 0.5348 0.4868
vt 0.5547 0.4938
vt 0.5552 0.4902
vt 0.5347 0.4916
vt 0.5347 0.4939
vt 0.5532 0.5045
vt 0.5537 0.5009
vt 0.5751 0.4963
vt 0.5751 0.4989
vt 0.5955 0.5085
vt 0.5949 0.5059
vt 0.5752 0.5014
vt 0.5752 0.5040
vt 0.5966 0.5137
vt 0.5960 0.5111
vt 0.5753 0.5092
vt 0.5753 0.5117
vt 0.5982 0.5215
vt 0.5977 0.5189
vt 0.6536 0.5159
vt 0.6529 0.5186
vt 0.6633 0.5195
vt 0.6640 0.5174
vt 0.6523 0.5213
vt 0.6517 0.5240
vt 0.6619 0.5237
vt 0.6626 0.5216
vt 0.6504 0.5294
vt 0.6498 0.5321
vt 0.6598 0.5301
vt 0.6605 0.5280
vt 0.4214 0.4518
vt 0.4207 0.4523
vt 0.4326 0.4566
vt 0.4334 0.4560
vt 0.4840 0.4836
vt 0.4839 0.4850
vt 0.9205 0.5438
vt 0.9379 0.5448
vt 0.9374 0.5474
vt 0.9201 0.5468
vt 0.9198 0.5499
vt 0.9194 0.5529
vt 0.9365 0.5524
vt 0.9370 0.5499
vt 0.9186 0.5589
vt 0.9356 0.5575
vt 0.9352 0.5600
vt 0.9182 0.5619
vt 0.7287 0.5178
vt 0.7287 0.5196
vt 0.7392 0.5221
vt 0.7390 0.5200
vt 0.7286 0.5214
vt 0.7286 0.5232
vt 0.7397 0.5263
vt 0.7395 0.5242
vt 0.7286 0.5268
vt 0.7286 0.5286
vt 0.7404 0.5327
vt 0.7402 0.5306
vt 0.7050 0.5097
vt 0.7044 0.5112
vt 0.7180 0.5158
vt 0.7181 0.5142
vt 0.7038 0.5127
vt 0.7032 0.5142
vt 0.7176 0.5190
vt 0.7178 0.5174
vt 0.7020 0.5172
vt 0.7013 0.5188
vt 0.7171 0.5237
vt 0.7173 0.5221
vt 0.7526 0.5224
vt 0.7529 0.5247
vt 0.7649 0.5322
vt 0.7646 0.5305
vt 0.7532 0.5270
vt 0.7534 0.5293
vt 0.7656 0.5356
vt 0.7653 0.5339
vt 0.7540 0.5339
vt 0.7543 0.5362
vt 0.7667 0.5408
vt 0.7663 0.5391
vt 0.7847 0.5405
vt 0.7848 0.5427
vt 0.8089 0.5422
vt 0.8088 0.5401
vt 0.6757 0.5129
vt 0.6748 0.5150
vt 0.6884 0.5114
vt 0.6893 0.5096
vt 0.6739 0.5171
vt 0.6730 0.5192
vt 0.6866 0.5151
vt 0.6875 0.5132
vt 0.6712 0.5235
vt 0.6704 0.5256
vt 0.6840 0.5206
vt 0.6849 0.5187
vt 0.8323 0.5318
vt 0.8328 0.5341
vt 0.8568 0.5372
vt 0.8572 0.5335
vt 0.8332 0.5364
vt 0.8337 0.5387
vt 0.8562 0.5445
vt 0.8565 0.5408
vt 0.8346 0.5433
vt 0.8351 0.5456
vt 0.8551 0.5556
vt 0.8555 0.5519
vt 0.8807 0.5357
vt 0.8799 0.5393
vt 0.9012 0.5456
vt 0.9017 0.5423
vt 0.8791 0.5429
vt 0.8783 0.5465
vt 0.9002 0.5522
vt 0.9007 0.5489
vt 0.8767 0.5536
vt 0.8759 0.5572
vt 0.8987 0.5622
vt 0.8992 0.5589
vt 0.9501 0.5464
vt 0.9497 0.5485
vt 0.9579 0.5494
vt 0.9584 0.5475
vt 0.9492 0.5506
vt 0.9487 0.5527
vt 0.9567 0.5531
vt 0.9573 0.5512
vt 0.9477 0.5569
vt 0.9472 0.5590
vt 0.9551 0.5588
vt 0.9556 0.5569
vt 0.7845 0.5317
vt 0.7844 0.5295
vt 0.7846 0.5361
vt 0.7845 0.5339
vt 0.8082 0.5298
vt 0.8083 0.5319
vt 0.6341 0.9149
vt 0.6343 0.9169
vt 0.6459 0.9208
vt 0.6458 0.9186
vt 0.6346 0.9211
vt 0.6348 0.9232
vt 0.6460 0.9275
vt 0.6460 0.9253
vt 0.6350 0.9253
vt 0.6351 0.9274
vt 0.6462 0.9320
vt 0.6461 0.9297
vt 0.6552 0.9191
vt 0.6554 0.9222
vt 0.6623 0.9232
vt 0.6620 0.9202
vt 0.6559 0.9284
vt 0.6561 0.9315
vt 0.6632 0.9323
vt 0.6629 0.9293
vt 0.6563 0.9345
vt 0.6565 0.9376
vt 0.6638 0.9384
vt 0.6635 0.9353
vt 0.5749 0.9096
vt 0.5743 0.9125
vt 0.5922 0.9063
vt 0.5929 0.9035
vt 0.5731 0.9183
vt 0.5726 0.9212
vt 0.5900 0.9146
vt 0.5907 0.9118
vt 0.5720 0.9241
vt 0.5714 0.9271
vt 0.5885 0.9201
vt 0.5892 0.9173
vt 0.6055 0.9067
vt 0.6055 0.9082
vt 0.6212 0.9127
vt 0.6212 0.9108
vt 0.6053 0.9111
vt 0.6053 0.9125
vt 0.6213 0.9183
vt 0.6213 0.9164
vt 0.6052 0.9140
vt 0.6051 0.9154
vt 0.6214 0.9221
vt 0.6214 0.9202
vt 0.5553 0.9176
vt 0.5552 0.9200
vt 0.5549 0.9249
vt 0.5548 0.9273
vt 0.5546 0.9297
vt 0.5545 0.9321
vt 0.7377 0.9118
vt 0.7361 0.9137
vt 0.7561 0.9107
vt 0.7562 0.9088
vt 0.7331 0.9177
vt 0.7316 0.9196
vt 0.7558 0.9162
vt 0.7559 0.9144
vt 0.7301 0.9216
vt 0.7285 0.9236
vt 0.7556 0.9199
vt 0.7557 0.9181
vt 0.9336 0.9374
vt 0.9335 0.9391
vt 0.9483 0.9435
vt 0.9483 0.9417
vt 0.9335 0.9425
vt 0.9334 0.9442
vt 0.9483 0.9489
vt 0.9483 0.9471
vt 0.9334 0.9459
vt 0.9334 0.9476
vt 0.9483 0.9524
vt 0.9483 0.9506
vt 0.6931 0.9231
vt 0.6930 0.9254
vt 0.7095 0.9218
vt 0.7101 0.9196
vt 0.6930 0.9299
vt 0.6929 0.9322
vt 0.7079 0.9284
vt 0.7084 0.9262
vt 0.6929 0.9345
vt 0.6929 0.9368
vt 0.7068 0.9329
vt 0.7073 0.9307
vt 0.6701 0.9212
vt 0.6704 0.9241
vt 0.6797 0.9257
vt 0.6795 0.9229
vt 0.6710 0.9300
vt 0.6714 0.9330
vt 0.6805 0.9340
vt 0.6802 0.9312
vt 0.6717 0.9359
vt 0.6720 0.9389
vt 0.6810 0.9395
vt 0.6807 0.9368
vt 0.7815 0.9183
vt 0.7819 0.9210
vt 0.8053 0.9281
vt 0.8053 0.9253
vt 0.7828 0.9262
vt 0.7832 0.9289
vt 0.8053 0.9363
vt 0.8053 0.9336
vt 0.7837 0.9315
vt 0.7841 0.9342
vt 0.8053 0.9418
vt 0.8053 0.9391
vt 0.9588 0.9421
vt 0.9587 0.9440
vt 0.9668 0.9426
vt 0.9669 0.9406
vt 0.9586 0.9478
vt 0.9585 0.9497
vt 0.9662 0.9486
vt 0.9664 0.9466
vt 0.9585 0.9516
vt 0.9584 0.9534
vt 0.9658 0.9527
vt 0.9660 0.9507
vt 0.8274 0.9401
vt 0.8271 0.9425
vt 0.8471 0.9451
vt 0.8476 0.9428
vt 0.8269 0.9449
vt 0.8266 0.9473
vt 0.8461 0.9497
vt 0.8466 0.9474
vt 0.8725 0.9298
vt 0.8715 0.9325
vt 0.8920 0.9313
vt 0.8930 0.9291
vt 0.8693 0.9379
vt 0.8682 0.9406
vt 0.8891 0.9381
vt 0.8901 0.9358
vt 0.8671 0.9433
vt 0.8660 0.9460
vt 0.8872 0.9426
vt 0.8882 0.9403
vt 0.9073 0.9312
vt 0.9068 0.9328
vt 0.9198 0.9345
vt 0.9199 0.9330
vt 0.9057 0.9361
vt 0.9052 0.9378
vt 0.9194 0.9391
vt 0.9195 0.9376
vt 0.9047 0.9394
vt 0.9041 0.9411
vt 0.9191 0.9422
vt 0.9192 0.9406
vt 0.8279 0.9353
vt 0.8282 0.9328
vt 0.8490 0.9359
vt 0.8485 0.9382
vt 0.6479 0.4286
vt 0.6483 0.4265
vt 0.6342 0.4212
vt 0.6332 0.4230
vt 0.6491 0.4223
vt 0.6494 0.4202
vt 0.6371 0.4157
vt 0.6362 0.4175
vt 0.6502 0.4160
vt 0.6506 0.4139
vt 0.6401 0.4103
vt 0.6391 0.4121
vt 0.6157 0.4174
vt 0.6171 0.4161
vt 0.6032 0.4159
vt 0.6025 0.4178
vt 0.6200 0.4134
vt 0.6214 0.4121
vt 0.6052 0.4104
vt 0.6045 0.4122
vt 0.6242 0.4095
vt 0.6257 0.4082
vt 0.6072 0.4049
vt 0.6065 0.4067
vt 0.5859 0.4164
vt 0.5863 0.4147
vt 0.5671 0.4168
vt 0.5665 0.4183
vt 0.5871 0.4113
vt 0.5875 0.4096
vt 0.5690 0.4121
vt 0.5683 0.4137
vt 0.5883 0.4062
vt 0.5886 0.4045
vt 0.5708 0.4074
vt 0.5702 0.4090
vt 0.5506 0.4238
vt 0.5510 0.4223
vt 0.5385 0.4274
vt 0.5383 0.4293
vt 0.5520 0.4194
vt 0.5525 0.4179
vt 0.5390 0.4217
vt 0.5388 0.4236
vt 0.5535 0.4149
vt 0.5539 0.4134
vt 0.5395 0.4160
vt 0.5393 0.4179
vt 0.5262 0.4275
vt 0.5258 0.4251
vt 0.5055 0.4207
vt 0.5057 0.4234
vt 0.6611 0.4326
vt 0.6613 0.4306
vt 0.6617 0.4267
vt 0.6619 0.4247
vt 0.6623 0.4207
vt 0.6625 0.4187
vt 0.7712 0.4525
vt 0.7723 0.4491
vt 0.7520 0.4436
vt 0.7508 0.4461
vt 0.7747 0.4423
vt 0.7759 0.4390
vt 0.7557 0.4360
vt 0.7544 0.4386
vt 0.7783 0.4322
vt 0.7795 0.4288
vt 0.7594 0.4285
vt 0.7581 0.4310
vt 0.9382 0.4765
vt 0.9389 0.4746
vt 0.9231 0.4666
vt 0.9219 0.4685
vt 0.9402 0.4707
vt 0.9409 0.4687
vt 0.9269 0.4611
vt 0.9256 0.4629
vt 0.9423 0.4648
vt 0.9430 0.4629
vt 0.9306 0.4555
vt 0.9294 0.4573
vt 0.9019 0.4640
vt 0.9036 0.4617
vt 0.8914 0.4594
vt 0.8906 0.4618
vt 0.9068 0.4571
vt 0.9085 0.4548
vt 0.8939 0.4522
vt 0.8931 0.4546
vt 0.9117 0.4502
vt 0.9134 0.4480
vt 0.8963 0.4450
vt 0.8955 0.4474
vt 0.7326 0.4503
vt 0.7338 0.4477
vt 0.7164 0.4536
vt 0.7156 0.4566
vt 0.7362 0.4424
vt 0.7374 0.4398
vt 0.7188 0.4445
vt 0.7180 0.4475
vt 0.7398 0.4345
vt 0.7410 0.4319
vt 0.7211 0.4354
vt 0.7204 0.4384
vt 0.8815 0.4634
vt 0.8819 0.4614
vt 0.8706 0.4639
vt 0.8701 0.4654
vt 0.8826 0.4573
vt 0.8829 0.4553
vt 0.8721 0.4593
vt 0.8716 0.4608
vt 0.8836 0.4512
vt 0.8840 0.4492
vt 0.8736 0.4547
vt 0.8731 0.4562
vt 0.8538 0.4661
vt 0.8546 0.4646
vt 0.8392 0.4639
vt 0.8386 0.4657
vt 0.8561 0.4616
vt 0.8568 0.4601
vt 0.8408 0.4586
vt 0.8403 0.4604
vt 0.8584 0.4571
vt 0.8591 0.4556
vt 0.8425 0.4533
vt 0.8420 0.4551
vt 0.6979 0.4515
vt 0.6984 0.4489
vt 0.6822 0.4419
vt 0.6819 0.4442
vt 0.6993 0.4435
vt 0.6998 0.4408
vt 0.6832 0.4350
vt 0.6828 0.4373
vt 0.7007 0.4354
vt 0.7012 0.4327
vt 0.6842 0.4281
vt 0.6838 0.4304
vt 0.8226 0.4622
vt 0.8225 0.4597
vt 0.7970 0.4542
vt 0.7966 0.4574
vt 0.8224 0.4548
vt 0.8223 0.4523
vt 0.7983 0.4446
vt 0.7979 0.4478
vt 0.8221 0.4473
vt 0.8221 0.4448
vt 0.7997 0.4350
vt 0.7992 0.4382
vt 0.6686 0.4363
vt 0.6687 0.4342
vt 0.6689 0.4301
vt 0.6690 0.4280
vt 0.6692 0.4239
vt 0.6693 0.4218
vt 0.9514 0.4851
vt 0.9517 0.4829
vt 0.9523 0.4784
vt 0.9526 0.4761
vt 0.9532 0.4717
vt 0.9535 0.4694
vt 0.6954 0.6783
vt 0.6835 0.6786
vt 0.6618 0.6943
vt 0.6638 0.6771
vt 0.6520 0.6778
vt 0.6368 0.6949
vt 0.6091 0.6916
vt 0.6286 0.6764
vt 0.6013 0.6732
vt 0.5855 0.6892
vt 0.5668 0.6901
vt 0.5778 0.6707
vt 0.5561 0.6739
vt 0.5519 0.6902
vt 0.5414 0.6897
vt 0.5399 0.6736
vt 0.5192 0.6699
vt 0.5259 0.6845
vt 0.6559 0.4780
vt 0.6470 0.4533
vt 0.6283 0.4423
vt 0.6368 0.4719
vt 0.6143 0.4654
vt 0.6126 0.4347
vt 0.5997 0.4327
vt 0.5975 0.4562
vt 0.5796 0.4535
vt 0.5833 0.4379
vt 0.5623 0.4389
vt 0.5590 0.4490
vt 0.5426 0.4458
vt 0.5468 0.4377
vt 0.5375 0.4364
vt 0.5318 0.4439
vt 0.5170 0.4464
vt 0.5274 0.4338
vt 0.5075 0.4325
vt 0.4988 0.4495
vt 0.6488 0.8886
vt 0.6504 0.8681
vt 0.6386 0.8676
vt 0.6398 0.8871
vt 0.6292 0.8843
vt 0.6273 0.8681
vt 0.6151 0.8694
vt 0.6164 0.8844
vt 0.6031 0.8853
vt 0.6003 0.8685
vt 0.5800 0.8574
vt 0.5921 0.8830
vt 0.5709 0.8755
vt 0.5612 0.8472
vt 0.5455 0.8448
vt 0.5535 0.8688
vt 0.6919 0.6337
vt 0.6756 0.6368
vt 0.6833 0.6524
vt 0.6952 0.6509
vt 0.6553 0.6356
vt 0.6324 0.6238
vt 0.6437 0.6456
vt 0.6636 0.6543
vt 0.6159 0.6143
vt 0.6019 0.6090
vt 0.6058 0.6275
vt 0.6216 0.6332
vt 0.5837 0.6108
vt 0.5661 0.6160
vt 0.5702 0.6332
vt 0.5878 0.6296
vt 0.5494 0.6278
vt 0.5293 0.6306
vt 0.5198 0.6461
vt 0.5454 0.6457
vt 0.6642 0.4013
vt 0.6534 0.3979
vt 0.6411 0.4084
vt 0.6510 0.4118
vt 0.6388 0.3933
vt 0.6174 0.3862
vt 0.6078 0.4031
vt 0.6271 0.4069
vt 0.5911 0.3816
vt 0.5707 0.3889
vt 0.5715 0.4058
vt 0.5890 0.4028
vt 0.6621 0.8025
vt 0.6479 0.8027
vt 0.6506 0.8229
vt 0.6623 0.8207
vt 0.6300 0.8072
vt 0.6114 0.8130
vt 0.6114 0.8342
vt 0.6300 0.8308
vt 0.5964 0.8137
vt 0.5798 0.8113
vt 0.5694 0.8243
vt 0.5904 0.8319
vt 0.5628 0.8082
vt 0.5445 0.8046
vt 0.5399 0.8220
vt 0.5533 0.8211
vt 0.6364 0.7264
vt 0.6334 0.7368
vt 0.6637 0.7443
vt 0.6720 0.7292
vt 0.6212 0.5325
vt 0.6362 0.5357
vt 0.6339 0.9128
vt 0.6353 0.9295
vt 0.6462 0.9342
vt 0.6457 0.9163
vt 0.6947 0.6646
vt 0.6842 0.6651
vt 0.6479 0.4286
vt 0.6332 0.4230
vt 0.6880 0.7309
vt 0.6762 0.7519
vt 0.6849 0.7565
vt 0.6948 0.7324
vt 0.6589 0.8476
vt 0.6450 0.8457
vt 0.6659 0.6656
vt 0.6514 0.6663
vt 0.6157 0.4174
vt 0.6025 0.4178
vt 0.6311 0.8516
vt 0.6146 0.8538
vt 0.6259 0.6549
vt 0.6050 0.6502
vt 0.5859 0.4164
vt 0.5665 0.4183
vt 0.5953 0.8480
vt 0.5721 0.8367
vt 0.5855 0.6502
vt 0.5647 0.6539
vt 0.5506 0.4238
vt 0.5544 0.4120
vt 0.5396 0.4141
vt 0.5383 0.4293
vt 0.5418 0.7100
vt 0.5391 0.7237
vt 0.5543 0.7298
vt 0.5563 0.7129
vt 0.5550 0.8320
vt 0.5421 0.8307
vt 0.6550 0.9160
vt 0.6568 0.9407
vt 0.6641 0.9414
vt 0.6617 0.9171
vt 0.5427 0.6531
vt 0.5171 0.6535
vt 0.5688 0.7162
vt 0.5679 0.7329
vt 0.5808 0.7352
vt 0.5809 0.7191
vt 0.5349 0.4796
vt 0.5346 0.4987
vt 0.5523 0.5116
vt 0.5562 0.4831
vt 0.5754 0.9067
vt 0.5708 0.9300
vt 0.5878 0.9229
vt 0.5936 0.9007
vt 0.5917 0.7241
vt 0.5909 0.7373
vt 0.6045 0.7375
vt 0.6063 0.7256
vt 0.5751 0.4963
vt 0.5754 0.5169
vt 0.5994 0.5268
vt 0.5949 0.5059
vt 0.6485 0.5375
vt 0.6584 0.5343
vt 0.6056 0.9053
vt 0.6050 0.9169
vt 0.6215 0.9240
vt 0.6211 0.9089
vt 0.4976 0.6626
vt 0.5068 0.6790
vt 0.5283 0.6939
vt 0.5011 0.6866
vt 0.4827 0.6715
vt 0.4835 0.6875
vt 0.7029 0.6780
vt 0.7017 0.7158
vt 0.6936 0.7097
vt 0.6775 0.7092
vt 0.6481 0.7129
vt 0.6132 0.7124
vt 0.5945 0.7126
vt 0.5799 0.7102
vt 0.5647 0.7064
vt 0.5519 0.7030
vt 0.5414 0.6990
vt 0.6669 0.4797
vt 0.6601 0.4577
vt 0.6674 0.4956
vt 0.6596 0.4943
vt 0.6481 0.4914
vt 0.6184 0.4908
vt 0.5748 0.4744
vt 0.5558 0.4626
vt 0.5364 0.4605
vt 0.5217 0.4620
vt 0.5043 0.4636
vt 0.6590 0.8896
vt 0.6614 0.8705
vt 0.6587 0.9040
vt 0.6510 0.9026
vt 0.6426 0.9026
vt 0.6318 0.9007
vt 0.6204 0.8984
vt 0.6057 0.8954
vt 0.5950 0.8941
vt 0.5782 0.8972
vt 0.5561 0.8974
vt 0.5268 0.8524
vt 0.5343 0.8725
vt 0.4161 0.8784
vt 0.4120 0.8766
vt 0.6762 0.7519
vt 0.6637 0.7443
vt 0.6624 0.7607
vt 0.6744 0.7699
vt 0.6807 0.7761
vt 0.7008 0.6344
vt 0.7020 0.6493
vt 0.6334 0.7368
vt 0.6045 0.7375
vt 0.6177 0.7483
vt 0.6452 0.7504
vt 0.5909 0.7373
vt 0.5808 0.7352
vt 0.5827 0.7509
vt 0.5983 0.7520
vt 0.5679 0.7329
vt 0.5543 0.7298
vt 0.5462 0.7431
vt 0.5640 0.7494
vt 0.5391 0.7237
vt 0.5213 0.7172
vt 0.5091 0.7279
vt 0.5279 0.7337
vt 0.6485 0.5375
vt 0.6362 0.5357
vt 0.6301 0.5584
vt 0.6415 0.5570
vt 0.6512 0.5551
vt 0.6714 0.4077
vt 0.6627 0.4168
vt 0.6212 0.5325
vt 0.5994 0.5268
vt 0.5941 0.5464
vt 0.6148 0.5559
vt 0.5754 0.5169
vt 0.5523 0.5116
vt 0.5479 0.5317
vt 0.5685 0.5373
vt 0.5323 0.5185
vt 0.5507 0.3936
vt 0.5544 0.4120
vt 0.6568 0.9407
vt 0.6462 0.9342
vt 0.6455 0.9551
vt 0.6587 0.9594
vt 0.6682 0.9594
vt 0.6727 0.8049
vt 0.6712 0.8212
vt 0.6353 0.9295
vt 0.6215 0.9240
vt 0.6121 0.9396
vt 0.6289 0.9480
vt 0.6050 0.9169
vt 0.5878 0.9229
vt 0.5815 0.9436
vt 0.5976 0.9385
vt 0.5708 0.9300
vt 0.5543 0.9346
vt 0.5480 0.9545
vt 0.5658 0.9501
vt 0.7013 0.6653
vt 0.4876 0.6992
vt 0.5241 0.7092
vt 0.5241 0.7092
vt 0.4989 0.4771
vt 0.5160 0.4778
vt 0.5262 0.4275
vt 0.5057 0.4234
vt 0.5237 0.8214
vt 0.5281 0.8346
vt 0.5160 0.4778
vt 0.5141 0.4926
vt 0.5555 0.9152
vt 0.7900 0.8816
vt 0.7920 0.8638
vt 0.7797 0.8624
vt 0.7726 0.8811
vt 0.7587 0.4949
vt 0.7663 0.4710
vt 0.7445 0.4635
vt 0.7408 0.4919
vt 0.7839 0.6915
vt 0.7604 0.6805
vt 0.9684 0.7128
vt 0.9739 0.7008
vt 0.9593 0.6993
vt 0.9554 0.7116
vt 0.9429 0.7111
vt 0.9472 0.6989
vt 0.9390 0.6992
vt 0.9207 0.7181
vt 0.8970 0.7192
vt 0.9179 0.6998
vt 0.8913 0.6987
vt 0.8747 0.7187
vt 0.8563 0.7207
vt 0.8668 0.6986
vt 0.8450 0.7003
vt 0.8419 0.7204
vt 0.8301 0.7209
vt 0.8285 0.7005
vt 0.8070 0.6993
vt 0.8134 0.7171
vt 0.9456 0.5156
vt 0.9373 0.4960
vt 0.9201 0.4847
vt 0.9322 0.5114
vt 0.9107 0.4992
vt 0.9005 0.4734
vt 0.8897 0.4702
vt 0.8939 0.4873
vt 0.8791 0.4887
vt 0.8788 0.4708
vt 0.8649 0.4751
vt 0.8592 0.4919
vt 0.8399 0.4914
vt 0.8470 0.4782
vt 0.8339 0.4776
vt 0.8262 0.4888
vt 0.8069 0.4897
vt 0.8206 0.4748
vt 0.7940 0.4743
vt 0.7816 0.4949
vt 0.9525 0.9077
vt 0.9477 0.8898
vt 0.9384 0.8894
vt 0.9427 0.9078
vt 0.9292 0.9092
vt 0.9241 0.8887
vt 0.9094 0.8886
vt 0.9142 0.9084
vt 0.8995 0.9050
vt 0.8940 0.8863
vt 0.8745 0.8765
vt 0.8874 0.9025
vt 0.8662 0.8917
vt 0.8549 0.8647
vt 0.8392 0.8596
vt 0.8462 0.8834
vt 0.8262 0.8845
vt 0.8213 0.8630
vt 0.8054 0.8636
vt 0.8059 0.8838
vt 0.7584 0.8813
vt 0.7681 0.8643
vt 0.7558 0.8648
vt 0.7422 0.8808
vt 0.7287 0.4896
vt 0.7274 0.4667
vt 0.7138 0.4718
vt 0.7169 0.4874
vt 0.7439 0.6785
vt 0.7333 0.6764
vt 0.7129 0.8854
vt 0.7338 0.8640
vt 0.7078 0.8703
vt 0.6838 0.8926
vt 0.7028 0.4860
vt 0.6984 0.4709
vt 0.6828 0.4651
vt 0.6877 0.4841
vt 0.7249 0.6751
vt 0.7165 0.6774
vt 0.6708 0.8931
vt 0.6842 0.8711
vt 0.6815 0.4105
vt 0.6694 0.4197
vt 0.7088 0.6782
vt 0.7894 0.8163
vt 0.7675 0.8199
vt 0.7812 0.8428
vt 0.7969 0.8373
vt 0.7816 0.4026
vt 0.7612 0.4017
vt 0.7606 0.4259
vt 0.7807 0.4255
vt 0.7931 0.6513
vt 0.7737 0.6403
vt 0.7614 0.6529
vt 0.7797 0.6603
vt 0.9737 0.6569
vt 0.9780 0.6731
vt 0.9657 0.6769
vt 0.9593 0.6595
vt 0.9405 0.6568
vt 0.9503 0.6793
vt 0.9314 0.6687
vt 0.9188 0.6460
vt 0.9032 0.6377
vt 0.8898 0.6326
vt 0.8940 0.6525
vt 0.9096 0.6578
vt 0.8693 0.6322
vt 0.8498 0.6320
vt 0.8552 0.6540
vt 0.8738 0.6533
vt 0.8350 0.6427
vt 0.8175 0.6477
vt 0.8081 0.6699
vt 0.8331 0.6702
vt 0.9615 0.4519
vt 0.9489 0.4431
vt 0.9319 0.4536
vt 0.9437 0.4610
vt 0.9315 0.4348
vt 0.9081 0.4255
vt 0.8971 0.4427
vt 0.9150 0.4457
vt 0.8866 0.4247
vt 0.8722 0.4324
vt 0.8741 0.4532
vt 0.8844 0.4472
vt 0.8553 0.4328
vt 0.8355 0.4281
vt 0.8431 0.4515
vt 0.8599 0.4541
vt 0.8146 0.4185
vt 0.7959 0.4086
vt 0.8001 0.4318
vt 0.8220 0.4423
vt 0.9675 0.8429
vt 0.9552 0.8594
vt 0.9446 0.8590
vt 0.9554 0.8401
vt 0.9361 0.8408
vt 0.9191 0.8416
vt 0.9078 0.8610
vt 0.9265 0.8609
vt 0.9029 0.8401
vt 0.8847 0.8344
vt 0.8686 0.8448
vt 0.8882 0.8554
vt 0.8664 0.8276
vt 0.8493 0.8213
vt 0.8389 0.8372
vt 0.8525 0.8391
vt 0.8283 0.8149
vt 0.8072 0.8146
vt 0.8084 0.8323
vt 0.8238 0.8327
vt 0.7441 0.8167
vt 0.7201 0.8180
vt 0.7433 0.8380
vt 0.7635 0.8411
vt 0.7434 0.4017
vt 0.7264 0.4068
vt 0.7219 0.4324
vt 0.7422 0.4293
vt 0.7591 0.6341
vt 0.7455 0.6290
vt 0.7367 0.6450
vt 0.7479 0.6472
vt 0.7050 0.8124
vt 0.6938 0.8086
vt 0.7008 0.8200
vt 0.7182 0.8300
vt 0.7116 0.4135
vt 0.6955 0.4130
vt 0.6845 0.4258
vt 0.7016 0.4301
vt 0.7332 0.6277
vt 0.7209 0.6316
vt 0.7179 0.6485
vt 0.7270 0.6466
vt 0.6839 0.8077
vt 0.6864 0.8175
vt 0.6762 0.4812
vt 0.6720 0.4601
vt 0.7109 0.6342
vt 0.7102 0.6487
vt 0.7392 0.9098
vt 0.7270 0.9255
vt 0.7555 0.9218
vt 0.7563 0.9070
vt 0.9212 0.7481
vt 0.9502 0.7447
vt 0.9508 0.7574
vt 0.9219 0.7575
vt 0.9175 0.5679
vt 0.9342 0.5651
vt 0.7068 0.6655
vt 0.9336 0.9357
vt 0.9333 0.9494
vt 0.9484 0.9542
vt 0.9483 0.9399
vt 0.9773 0.6854
vt 0.9671 0.6873
vt 0.6931 0.9208
vt 0.6928 0.9391
vt 0.7062 0.9351
vt 0.7106 0.9173
vt 0.9641 0.7437
vt 0.9658 0.7595
vt 0.9748 0.7608
vt 0.9753 0.7434
vt 0.7286 0.5322
vt 0.7408 0.5370
vt 0.9536 0.6886
vt 0.9394 0.6893
vt 0.7792 0.6754
vt 0.7586 0.6692
vt 0.6697 0.9182
vt 0.6723 0.9419
vt 0.6812 0.9423
vt 0.6792 0.9202
vt 0.9161 0.6787
vt 0.8945 0.6755
vt 0.7001 0.5218
vt 0.7168 0.5269
vt 0.7823 0.7418
vt 0.7799 0.7580
vt 0.8140 0.7557
vt 0.8167 0.7472
vt 0.7548 0.5408
vt 0.7674 0.5442
vt 0.7564 0.7393
vt 0.7492 0.7565
vt 0.7648 0.7581
vt 0.7727 0.7422
vt 0.7810 0.9157
vt 0.7845 0.9368
vt 0.8053 0.9446
vt 0.8053 0.9226
vt 0.8738 0.6754
vt 0.8526 0.6792
vt 0.8538 0.4661
vt 0.8386 0.4657
vt 0.8306 0.7496
vt 0.8324 0.7608
vt 0.8437 0.7638
vt 0.8428 0.7506
vt 0.7844 0.5295
vt 0.7849 0.5472
vt 0.8091 0.5463
vt 0.8082 0.5298
vt 0.7464 0.6636
vt 0.7349 0.6610
vt 0.6686 0.5298
vt 0.6823 0.5242
vt 0.9588 0.9402
vt 0.9584 0.9553
vt 0.9656 0.9547
vt 0.9671 0.9386
vt 0.8285 0.9304
vt 0.8263 0.9497
vt 0.8456 0.9520
vt 0.8495 0.9335
vt 0.8305 0.6792
vt 0.8050 0.6797
vt 0.7258 0.7343
vt 0.7231 0.7552
vt 0.7356 0.7560
vt 0.7417 0.7377
vt 0.8587 0.7508
vt 0.8587 0.7656
vt 0.8738 0.7640
vt 0.8717 0.7529
vt 0.8239 0.8456
vt 0.8067 0.8484
vt 0.8360 0.5502
vt 0.8545 0.5629
vt 0.7954 0.8498
vt 0.7818 0.8538
vt 0.8736 0.9271
vt 0.8650 0.9487
vt 0.8862 0.9448
vt 0.8940 0.9268
vt 0.7250 0.6613
vt 0.7151 0.6649
vt 0.8822 0.7532
vt 0.8837 0.7641
vt 0.8958 0.7627
vt 0.8954 0.7517
vt 0.8743 0.5644
vt 0.8977 0.5688
vt 0.7048 0.7320
vt 0.6972 0.7563
vt 0.7097 0.7555
vt 0.7154 0.7341
vt 0.9463 0.5632
vt 0.9540 0.5626
vt 0.9079 0.9295
vt 0.9036 0.9427
vt 0.9190 0.9437
vt 0.9201 0.9315
vt 0.7665 0.5159
vt 0.7509 0.5122
vt 0.7380 0.5086
vt 0.8165 0.7314
vt 0.7931 0.7243
vt 0.7779 0.7273
vt 0.9810 0.7144
vt 0.9833 0.7016
vt 0.9735 0.7273
vt 0.9634 0.7256
vt 0.9511 0.7249
vt 0.9293 0.7339
vt 0.9007 0.7389
vt 0.8836 0.7420
vt 0.8702 0.7416
vt 0.8548 0.7385
vt 0.8395 0.7393
vt 0.8293 0.7371
vt 0.9552 0.5173
vt 0.9475 0.5011
vt 0.8126 0.5075
vt 0.7895 0.5112
vt 0.9612 0.9076
vt 0.9548 0.8909
vt 0.9063 0.9208
vt 0.8915 0.9173
vt 0.8759 0.9168
vt 0.7288 0.5060
vt 0.7189 0.5035
vt 0.7590 0.7249
vt 0.7406 0.7227
vt 0.7066 0.4991
vt 0.7260 0.7218
vt 0.7154 0.7193
vt 0.6814 0.4955
vt 0.7089 0.7184
vt 0.7845 0.9368
vt 0.7555 0.9218
vt 0.7634 0.9446
vt 0.7807 0.9572
vt 0.7945 0.9678
vt 0.7548 0.5408
vt 0.7408 0.5370
vt 0.7409 0.5556
vt 0.7611 0.5586
vt 0.7768 0.5616
vt 0.7799 0.7580
vt 0.7648 0.7581
vt 0.7542 0.7793
vt 0.7777 0.7767
vt 0.8004 0.7753
vt 0.9658 0.7595
vt 0.9754 0.7739
vt 0.9593 0.7732
vt 0.9508 0.7574
vt 0.9854 0.7727
vt 0.9827 0.6586
vt 0.9856 0.6729
vt 0.9219 0.7575
vt 0.9386 0.7680
vt 0.9119 0.7720
vt 0.8958 0.7627
vt 0.8837 0.7641
vt 0.8738 0.7640
vt 0.8780 0.7804
vt 0.8936 0.7786
vt 0.8587 0.7656
vt 0.8437 0.7638
vt 0.8371 0.7812
vt 0.8570 0.7830
vt 0.8324 0.7608
vt 0.8188 0.7774
vt 0.9463 0.5632
vt 0.9342 0.5651
vt 0.9257 0.5867
vt 0.9393 0.5825
vt 0.9514 0.5774
vt 0.9714 0.4619
vt 0.9539 0.4672
vt 0.9175 0.5679
vt 0.8977 0.5688
vt 0.8851 0.5873
vt 0.9083 0.5895
vt 0.8743 0.5644
vt 0.8545 0.5629
vt 0.8518 0.5845
vt 0.8659 0.5856
vt 0.8360 0.5502
vt 0.8091 0.5463
vt 0.8219 0.5637
vt 0.8402 0.5731
vt 0.7849 0.5472
vt 0.7983 0.5612
vt 0.9584 0.9553
vt 0.9540 0.9739
vt 0.9416 0.9724
vt 0.9484 0.9542
vt 0.9649 0.9721
vt 0.9761 0.8487
vt 0.9625 0.8611
vt 0.9333 0.9494
vt 0.9190 0.9437
vt 0.9062 0.9632
vt 0.9227 0.9674
vt 0.9036 0.9427
vt 0.8862 0.9448
vt 0.8716 0.9637
vt 0.8900 0.9616
vt 0.8650 0.9487
vt 0.8456 0.9520
vt 0.8365 0.9729
vt 0.8537 0.9691
vt 0.8263 0.9497
vt 0.8147 0.9739
vt 0.7270 0.9255
vt 0.7062 0.9351
vt 0.7193 0.9511
vt 0.7406 0.9415
vt 0.7286 0.5322
vt 0.7168 0.5269
vt 0.7067 0.5413
vt 0.7226 0.5501
vt 0.7492 0.7565
vt 0.7356 0.7560
vt 0.7245 0.7830
vt 0.7385 0.7816
vt 0.6928 0.9391
vt 0.6812 0.9423
vt 0.6906 0.9607
vt 0.7030 0.9567
vt 0.7001 0.5218
vt 0.6823 0.5242
vt 0.6739 0.5439
vt 0.6894 0.5395
vt 0.7231 0.7552
vt 0.7097 0.7555
vt 0.6988 0.7825
vt 0.7122 0.7816
vt 0.6723 0.9419
vt 0.6802 0.9607
vt 0.6686 0.5298
vt 0.6614 0.5509
vt 0.6972 0.7563
vt 0.6883 0.7825
vt 0.9875 0.6858
f 1/1 2/2 3/3 4/4
f 4/4 3/3 5/5 6/6
f 7/7 8/8 9/9 10/10
f 10/10 9/9 11/11 12/12
f 12/12 11/11 13/13 14/14
f 14/14 13/13 15/15 16/16
f 16/16 15/15 17/17 18/18
f 18/18 17/17 19/19 20/20
f 20/20 19/19 21/21 22/22
f 22/22 21/21 23/23 24/24
f 24/24 23/23 25/25 26/26
f 26/26 25/25 2/2 1/1
f 6/6 5/5 27/27 28/28
f 28/28 27/27 29/29 30/30
f 30/30 29/29 31/31 32/32
f 32/32 31/31 33/33 34/34
f 34/34 33/33 35/35 36/36
f 36/36 35/35 37/37 38/38
f 39/39 40/40 41/41 42/42
f 42/42 41/41 43/43 44/44
f 45/45 46/46 47/47 48/48
f 48/48 47/47 49/49 50/50
f 44/44 43/43 51/51 52/52
f 52/52 51/51 53/53 54/54
f 50/50 49/49 55/55 56/56
f 56/56 55/55 57/57 58/58
f 58/58 57/57 59/59 60/60
f 60/60 59/59 61/61 62/62
f 63/63 64/64 65/65 66/66
f 62/62 61/61 67/67 68/68
f 68/68 67/67 69/69 70/70
f 70/70 69/69 71/71 72/72
f 72/72 71/71 73/73 74/74
f 74/74 73/73 75/75 76/76
f 76/76 75/75 40/40 39/39
f 77/77 78/78 46/46 45/45
f 79/79 80/80 81/81 82/82
f 82/82 81/81 83/83 84/84
f 85/85 86/86 87/87 88/88
f 88/88 87/87 89/89 90/90
f 90/90 89/89 91/91 92/92
f 92/92 91/91 93/93 94/94
f 94/94 93/93 95/95 96/96
f 96/96 95/95 97/97 98/98
f 98/98 97/97 99/99 100/100
f 100/100 99/99 101/101 102/102
f 102/102 101/101 103/103 104/104
f 104/104 103/103 80/80 79/79
f 84/84 83/83 105/105 106/106
f 106/106 105/105 107/107 108/108
f 108/108 107/107 109/109 110/110
f 110/110 109/109 111/111 112/112
f 112/112 111/111 113/113 114/114
f 114/114 113/113 8/8 7/7
f 115/115 116/116 117/117 118/118
f 118/118 117/117 119/119 120/120
f 121/121 122/122 123/123 124/124
f 124/124 123/123 125/125 126/126
f 120/120 119/119 127/127 128/128
f 128/128 127/127 129/129 130/130
f 126/126 125/125 131/131 132/132
f 132/132 131/131 133/133 134/134
f 134/134 133/133 135/135 136/136
f 136/136 135/135 137/137 138/138
f 130/130 129/129 78/78 77/77
f 138/138 137/137 139/139 140/140
f 140/140 139/139 141/141 142/142
f 142/142 141/141 143/143 144/144
f 144/144 143/143 145/145 146/146
f 146/146 145/145 147/147 148/148
f 148/148 147/147 116/116 115/115
f 149/149 150/150 151/151 152/152
f 153/153 154/154 155/155 156/156
f 157/157 158/158 159/159 160/160
f 161/161 162/162 163/163 164/164
f 165/165 166/166 167/167 168/168
f 169/169 170/170 171/171 172/172
f 173/173 174/174 175/175 176/176
f 177/177 178/178 179/179 180/180
f 181/181 182/182 183/183 184/184
f 185/185 186/186 187/187 188/188
f 189/189 190/190 191/191 192/192
f 193/193 194/194 195/195 196/196
f 197/197 198/198 199/199 200/200
f 201/201 202/202 203/203 204/204
f 205/205 206/206 207/207 208/208
f 209/209 210/210 211/211 212/212
f 213/213 214/214 215/215 216/216
f 217/217 218/218 219/219 220/220
f 192/192 191/191 150/150 149/149
f 196/196 195/195 154/154 153/153
f 221/221 222/222 158/158 157/157
f 223/223 224/224 162/162 161/161
f 160/160 159/159 166/166 165/165
f 164/164 163/163 170/170 169/169
f 168/168 167/167 174/174 173/173
f 172/172 171/171 178/178 177/177
f 176/176 175/175 182/182 181/181
f 180/180 179/179 186/186 185/185
f 188/188 187/187 194/194 193/193
f 152/152 151/151 198/198 197/197
f 156/156 155/155 202/202 201/201
f 200/200 199/199 206/206 205/205
f 204/204 203/203 210/210 209/209
f 208/208 207/207 214/214 213/213
f 212/212 211/211 218/218 217/217
f 225/225 226/226 227/227 228/228
f 229/229 230/230 231/231 232/232
f 233/233 234/234 235/235 236/236
f 237/237 238/238 239/239 240/240
f 241/241 242/242 243/243 244/244
f 245/245 246/246 247/247 248/248
f 249/249 250/250 251/251 252/252
f 253/253 254/254 255/255 256/256
f 257/257 258/258 259/259 260/260
f 261/261 262/262 263/263 264/264
f 265/265 266/266 267/267 268/268
f 269/269 270/270 271/271 272/272
f 273/273 274/274 275/275 276/276
f 277/277 278/278 279/279 280/280
f 281/281 282/282 283/283 284/284
f 285/285 286/286 287/287 288/288
f 289/289 290/290 222/222 221/221
f 291/291 292/292 224/224 223/223
f 268/268 267/267 226/226 225/225
f 272/272 271/271 230/230 229/229
f 293/293 294/294 234/234 233/233
f 295/295 296/296 238/238 237/237
f 236/236 235/235 242/242 241/241
f 240/240 239/239 246/246 245/245
f 244/244 243/243 250/250 249/249
f 248/248 247/247 254/254 253/253
f 252/252 251/251 258/258 257/257
f 256/256 255/255 262/262 261/261
f 260/260 259/259 266/266 265/265
f 264/264 263/263 270/270 269/269
f 228/228 227/227 274/274 273/273
f 232/232 231/231 278/278 277/277
f 276/276 275/275 282/282 281/281
f 280/280 279/279 286/286 285/285
f 284/284 283/283 290/290 289/289
f 288/288 287/287 292/292 291/291
f 297/297 298/298 299/299 300/300
f 300/300 299/299 301/301 302/302
f 303/303 304/304 305/305 306/306
f 306/306 305/305 307/307 308/308
f 302/302 301/301 309/309 310/310
f 310/310 309/309 311/311 312/312
f 308/308 307/307 313/313 314/314
f 314/314 313/313 315/315 316/316
f 316/316 315/315 317/317 318/318
f 318/318 317/317 319/319 320/320
f 312/312 311/311 321/321 322/322
f 322/322 321/321 323/323 324/324
f 320/320 319/319 325/325 326/326
f 326/326 325/325 327/327 328/328
f 328/328 327/327 329/329 330/330
f 330/330 329/329 331/331 332/332
f 332/332 331/331 333/333 334/334
f 334/334 333/333 298/298 297/297
f 335/335 336/336 304/304 303/303
f 337/337 338/338 339/339 340/340
f 340/340 339/339 341/341 342/342
f 343/343 344/344 345/345 346/346
f 346/346 345/345 347/347 348/348
f 342/342 341/341 349/349 350/350
f 350/350 349/349 351/351 352/352
f 348/348 347/347 353/353 354/354
f 354/354 353/353 355/355 356/356
f 356/356 355/355 357/357 358/358
f 358/358 357/357 359/359 360/360
f 352/352 351/351 336/336 335/335
f 360/360 359/359 361/361 362/362
f 362/362 361/361 363/363 364/364
f 364/364 363/363 365/365 366/366
f 366/366 365/365 367/367 368/368
f 368/368 367/367 369/369 370/370
f 370/370 369/369 338/338 337/337
f 371/371 372/372 373/373 374/374
f 374/374 373/373 375/375 376/376
f 377/377 378/378 379/379 380/380
f 380/380 379/379 381/381 382/382
f 382/382 381/381 383/383 384/384
f 384/384 383/383 385/385 386/386
f 386/386 385/385 387/387 388/388
f 388/388 387/387 389/389 390/390
f 390/390 389/389 391/391 392/392
f 392/392 391/391 393/393 394/394
f 394/394 393/393 395/395 396/396
f 396/396 395/395 372/372 371/371
f 376/376 375/375 397/397 398/398
f 398/398 397/397 399/399 400/400
f 400/400 399/399 401/401 402/402
f 402/402 401/401 403/403 404/404
f 404/404 403/403 405/405 406/406
f 406/406 405/405 407/407 408/408
f 409/409 410/410 411/411 412/412
f 412/412 411/411 413/413 414/414
f 415/415 416/416 417/417 418/418
f 418/418 417/417 419/419 420/420
f 420/420 419/419 421/421 422/422
f 422/422 421/421 423/423 424/424
f 424/424 423/423 425/425 426/426
f 426/426 425/425 427/427 428/428
f 428/428 427/427 429/429 430/430
f 430/430 429/429 431/431 432/432
f 432/432 431/431 433/433 434/434
f 434/434 433/433 410/410 409/409
f 414/414 413/413 435/435 436/436
f 436/436 435/435 437/437 438/438
f 438/438 437/437 439/439 440/440
f 440/440 439/439 441/441 442/442
f 442/442 441/441 443/443 444/444
f 444/444 443/443 378/378 377/377
f 445/445 446/446 447/447 448/448
f 449/449 450/450 451/451 452/452
f 448/448 447/447 453/453 454/454
f 452/452 451/451 455/455 456/456
f 457/457 458/458 459/459 460/460
f 461/461 462/462 463/463 464/464
f 460/460 459/459 465/465 466/466
f 464/464 463/463 467/467 468/468
f 466/466 465/465 469/469 470/470
f 468/468 467/467 471/471 472/472
f 470/470 469/469 473/473 474/474
f 472/472 471/471 475/475 476/476
f 477/477 478/478 479/479 480/480
f 481/481 482/482 483/483 484/484
f 480/480 479/479 485/485 486/486
f 484/484 483/483 487/487 488/488
f 474/474 473/473 489/489 490/490
f 476/476 475/475 491/491 492/492
f 490/490 489/489 493/493 494/494
f 492/492 491/491 495/495 496/496
f 494/494 493/493 497/497 498/498
f 498/498 497/497 499/499 500/500
f 501/501 502/502 503/503 504/504
f 486/486 485/485 505/505 506/506
f 488/488 487/487 507/507 508/508
f 506/506 505/505 509/509 510/510
f 508/508 507/507 511/511 512/512
f 500/500 499/499 513/513 514/514
f 504/504 503/503 515/515 516/516
f 514/514 513/513 478/478 477/477
f 516/516 515/515 482/482 481/481
f 510/510 509/509 517/517 518/518
f 512/512 511/511 519/519 520/520
f 518/518 517/517 446/446 445/445
f 520/520 519/519 450/450 449/449
f 521/521 522/522 523/523 524/524
f 525/525 526/526 527/527 528/528
f 529/529 530/530 531/531 532/532
f 533/533 534/534 535/535 536/536
f 532/532 531/531 537/537 538/538
f 536/536 535/535 539/539 540/540
f 538/538 537/537 541/541 542/542
f 540/540 539/539 543/543 544/544
f 542/542 541/541 545/545 546/546
f 544/544 543/543 547/547 548/548
f 549/549 550/550 551/551 552/552
f 553/553 554/554 555/555 556/556
f 552/552 551/551 557/557 558/558
f 556/556 555/555 559/559 560/560
f 546/546 545/545 561/561 562/562
f 548/548 547/547 563/563 564/564
f 562/562 561/561 565/565 566/566
f 564/564 563/563 567/567 568/568
f 566/566 565/565 569/569 570/570
f 568/568 567/567 571/571 572/572
f 570/570 569/569 573/573 574/574
f 572/572 571/571 575/575 576/576
f 558/558 557/557 577/577 578/578
f 560/560 559/559 579/579 580/580
f 578/578 577/577 581/581 582/582
f 580/580 579/579 583/583 584/584
f 574/574 573/573 585/585 586/586
f 576/576 575/575 587/587 588/588
f 586/586 585/585 550/550 549/549
f 588/588 587/587 554/554 553/553
f 582/582 581/581 589/589 590/590
f 584/584 583/583 591/591 592/592
f 590/590 589/589 522/522 521/521
f 592/592 591/591 526/526 525/525
f 524/524 523/523 458/458 457/457
f 528/528 527/527 462/462 461/461
f 593/593 594/594 595/595 596/596
f 597/597 598/598 599/599 600/600
f 601/601 602/602 603/603 604/604
f 596/596 595/595 605/605 606/606
f 600/600 599/599 607/607 608/608
f 604/604 603/603 609/609 610/610
f 611/611 612/612 613/613 614/614
f 615/615 616/616 617/617 618/618
f 619/619 620/620 621/621 622/622
f 614/614 613/613 623/623 624/624
f 618/618 617/617 625/625 626/626
f 622/622 621/621 627/627 628/628
f 624/624 623/623 629/629 630/630
f 626/626 625/625 631/631 632/632
f 628/628 627/627 633/633 634/634
f 630/630 629/629 635/635 636/636
f 632/632 631/631 637/637 638/638
f 634/634 633/633 639/639 640/640
f 636/636 635/635 641/641 642/642
f 638/638 637/637 643/643 644/644
f 640/640 639/639 645/645 646/646
f 642/642 641/641 647/647 648/648
f 644/644 643/643 649/649 650/650
f 646/646 645/645 651/651 652/652
f 648/648 647/647 653/653 654/654
f 650/650 649/649 655/655 656/656
f 652/652 651/651 657/657 658/658
f 654/654 653/653 659/659 660/660
f 656/656 655/655 661/661 662/662
f 658/658 657/657 663/663 664/664
f 660/660 659/659 665/665 666/666
f 662/662 661/661 667/667 668/668
f 664/664 663/663 669/669 670/670
f 666/666 665/665 594/594 593/593
f 668/668 667/667 598/598 597/597
f 670/670 669/669 602/602 601/601
f 606/606 605/605 671/671 672/672
f 608/608 607/607 673/673 674/674
f 610/610 609/609 675/675 676/676
f 672/672 671/671 677/677 678/678
f 674/674 673/673 679/679 680/680
f 676/676 675/675 681/681 682/682
f 678/678 677/677 683/683 684/684
f 680/680 679/679 685/685 686/686
f 682/682 681/681 687/687 688/688
f 684/684 683/683 689/689 690/690
f 686/686 685/685 691/691 692/692
f 688/688 687/687 693/693 694/694
f 690/690 689/689 695/695 696/696
f 692/692 691/691 697/697 698/698
f 694/694 693/693 699/699 700/700
f 696/696 695/695 701/701 702/702
f 698/698 697/697 703/703 704/704
f 700/700 699/699 705/705 706/706
f 707/707 708/708 709/709 710/710
f 711/711 712/712 713/713 714/714
f 715/715 716/716 717/717 718/718
f 710/710 709/709 719/719 720/720
f 714/714 713/713 721/721 722/722
f 718/718 717/717 723/723 724/724
f 725/725 726/726 727/727 728/728
f 729/729 730/730 731/731 732/732
f 733/733 734/734 735/735 736/736
f 728/728 727/727 737/737 738/738
f 732/732 731/731 739/739 740/740
f 736/736 735/735 741/741 742/742
f 738/738 737/737 743/743 744/744
f 740/740 739/739 745/745 746/746
f 742/742 741/741 747/747 748/748
f 744/744 743/743 749/749 750/750
f 746/746 745/745 751/751 752/752
f 748/748 747/747 753/753 754/754
f 750/750 749/749 755/755 756/756
f 752/752 751/751 757/757 758/758
f 754/754 753/753 759/759 760/760
f 756/756 755/755 761/761 762/762
f 758/758 757/757 763/763 764/764
f 760/760 759/759 765/765 766/766
f 762/762 761/761 767/767 768/768
f 764/764 763/763 769/769 770/770
f 766/766 765/765 771/771 772/772
f 768/768 767/767 773/773 774/774
f 770/770 769/769 775/775 776/776
f 772/772 771/771 777/777 778/778
f 774/774 773/773 779/779 780/780
f 776/776 775/775 781/781 782/782
f 778/778 777/777 783/783 784/784
f 780/780 779/779 708/708 707/707
f 782/782 781/781 712/712 711/711
f 784/784 783/783 716/716 715/715
f 720/720 719/719 785/785 786/786
f 722/722 721/721 787/787 788/788
f 724/724 723/723 789/789 790/790
f 786/786 785/785 791/791 792/792
f 788/788 787/787 793/793 794/794
f 790/790 789/789 795/795 796/796
f 792/792 791/791 797/797 798/798
f 794/794 793/793 799/799 800/800
f 796/796 795/795 801/801 802/802
f 798/798 797/797 803/803 804/804
f 800/800 799/799 805/805 806/806
f 802/802 801/801 807/807 808/808
f 804/804 803/803 809/809 810/810
f 806/806 805/805 811/811 812/812
f 808/808 807/807 813/813 814/814
f 810/810 809/809 612/612 611/611
f 812/812 811/811 616/616 615/615
f 814/814 813/813 620/620 619/619
f 815/815 816/816 817/817 818/818
f 819/819 820/820 821/821 822/822
f 823/823 824/824 825/825 826/826
f 818/818 817/817 827/827 828/828
f 822/822 821/821 829/829 830/830
f 826/826 825/825 831/831 832/832
f 833/833 834/834 835/835 836/836
f 837/837 838/838 839/839 840/840
f 841/841 842/842 843/843 844/844
f 836/836 835/835 845/845 846/846
f 840/840 839/839 847/847 848/848
f 844/844 843/843 849/849 850/850
f 846/846 845/845 851/851 852/852
f 848/848 847/847 853/853 854/854
f 850/850 849/849 855/855 856/856
f 852/852 851/851 857/857 858/858
f 854/854 853/853 859/859 860/860
f 856/856 855/855 861/861 862/862
f 858/858 857/857 863/863 864/864
f 860/860 859/859 865/865 866/866
f 862/862 861/861 867/867 868/868
f 864/864 863/863 869/869 870/870
f 866/866 865/865 871/871 872/872
f 868/868 867/867 873/873 874/874
f 870/870 869/869 875/875 876/876
f 872/872 871/871 877/877 878/878
f 874/874 873/873 879/879 880/880
f 876/876 875/875 881/881 882/882
f 878/878 877/877 883/883 884/884
f 880/880 879/879 885/885 886/886
f 887/887 888/888 824/824 823/823
f 828/828 827/827 889/889 890/890
f 830/830 829/829 891/891 892/892
f 832/832 831/831 893/893 894/894
f 890/890 889/889 895/895 896/896
f 892/892 891/891 897/897 898/898
f 894/894 893/893 899/899 900/900
f 896/896 895/895 901/901 902/902
f 898/898 897/897 903/903 904/904
f 900/900 899/899 905/905 906/906
f 902/902 901/901 907/907 908/908
f 904/904 903/903 909/909 910/910
f 906/906 905/905 911/911 912/912
f 908/908 907/907 913/913 914/914
f 910/910 909/909 915/915 916/916
f 912/912 911/911 917/917 918/918
f 914/914 913/913 919/919 920/920
f 916/916 915/915 921/921 922/922
f 918/918 917/917 923/923 924/924
f 925/925 926/926 927/927 928/928
f 929/929 930/930 931/931 932/932
f 933/933 934/934 935/935 936/936
f 928/928 927/927 937/937 938/938
f 932/932 931/931 939/939 940/940
f 936/936 935/935 941/941 942/942
f 943/943 944/944 945/945 946/946
f 947/947 948/948 949/949 950/950
f 951/951 952/952 953/953 954/954
f 946/946 945/945 955/955 956/956
f 950/950 949/949 957/957 958/958
f 954/954 953/953 959/959 960/960
f 956/956 955/955 961/961 962/962
f 958/958 957/957 963/963 964/964
f 960/960 959/959 965/965 966/966
f 962/962 961/961 967/967 968/968
f 964/964 963/963 969/969 970/970
f 966/966 965/965 971/971 972/972
f 968/968 967/967 973/973 974/974
f 970/970 969/969 975/975 976/976
f 972/972 971/971 977/977 978/978
f 974/974 973/973 979/979 980/980
f 976/976 975/975 981/981 982/982
f 978/978 977/977 983/983 984/984
f 980/980 979/979 985/985 986/986
f 982/982 981/981 987/987 988/988
f 984/984 983/983 989/989 990/990
f 986/986 985/985 991/991 992/992
f 988/988 987/987 993/993 994/994
f 990/990 989/989 995/995 996/996
f 992/992 991/991 997/997 998/998
f 994/994 993/993 999/999 1000/1000
f 996/996 995/995 1001/1001 1002/1002
f 998/998 997/997 926/926 925/925
f 1002/1002 1001/1001 934/934 933/933
f 938/938 937/937 1003/1003 1004/1004
f 940/940 939/939 1005/1005 1006/1006
f 942/942 941/941 1007/1007 1008/1008
f 1004/1004 1003/1003 1009/1009 1010/1010
f 1006/1006 1005/1005 1011/1011 1012/1012
f 1008/1008 1007/1007 1013/1013 1014/1014
f 1010/1010 1009/1009 1015/1015 1016/1016
f 1012/1012 1011/1011 1017/1017 1018/1018
f 1014/1014 1013/1013 1019/1019 1020/1020
f 1016/1016 1015/1015 1021/1021 1022/1022
f 1018/1018 1017/1017 1023/1023 1024/1024
f 1020/1020 1019/1019 1025/1025 1026/1026
f 1022/1022 1021/1021 1027/1027 1028/1028
f 1024/1024 1023/1023 1029/1029 1030/1030
f 1026/1026 1025/1025 1031/1031 1032/1032
f 1028/1028 1027/1027 834/834 833/833
f 1030/1030 1029/1029 838/838 837/837
f 1032/1032 1031/1031 842/842 841/841
f 1033/1033 1034/1034 1035/1035 1036/1036
f 1037/1037 1038/1038 1039/1039 1040/1040
f 1041/1041 1042/1042 1043/1043 1044/1044
f 1036/1036 1035/1035 1045/1045 1046/1046
f 1040/1040 1039/1039 1047/1047 1048/1048
f 1044/1044 1043/1043 1049/1049 1050/1050
f 1051/1051 1052/1052 1053/1053 1054/1054
f 1055/1055 1056/1056 1057/1057 1058/1058
f 1059/1059 1060/1060 1061/1061 1062/1062
f 1054/1054 1053/1053 1063/1063 1064/1064
f 1058/1058 1057/1057 1065/1065 1066/1066
f 1062/1062 1061/1061 1067/1067 1068/1068
f 1064/1064 1063/1063 1069/1069 1070/1070
f 1066/1066 1065/1065 1071/1071 1072/1072
f 1068/1068 1067/1067 1073/1073 1074/1074
f 1070/1070 1069/1069 1075/1075 1076/1076
f 1072/1072 1071/1071 1077/1077 1078/1078
f 1074/1074 1073/1073 1079/1079 1080/1080
f 1046/1046 1045/1045 1081/1081 1082/1082
f 1048/1048 1047/1047 1083/1083 1084/1084
f 1050/1050 1049/1049 1085/1085 1086/1086
f 1082/1082 1081/1081 1087/1087 1088/1088
f 1084/1084 1083/1083 1089/1089 1090/1090
f 1086/1086 1085/1085 1091/1091 1092/1092
f 1076/1076 1075/1075 1093/1093 1094/1094
f 1078/1078 1077/1077 1095/1095 1096/1096
f 1080/1080 1079/1079 1097/1097 1098/1098
f 1094/1094 1093/1093 1099/1099 1100/1100
f 1096/1096 1095/1095 1101/1101 1102/1102
f 1098/1098 1097/1097 1103/1103 1104/1104
f 1100/1100 1099/1099 1105/1105 1106/1106
f 1102/1102 1101/1101 1107/1107 1108/1108
f 1104/1104 1103/1103 1109/1109 1110/1110
f 1106/1106 1105/1105 1111/1111 1112/1112
f 1108/1108 1107/1107 1113/1113 1114/1114
f 1110/1110 1109/1109 1115/1115 1116/1116
f 1088/1088 1087/1087 1117/1117 1118/1118
f 1090/1090 1089/1089 1119/1119 1120/1120
f 1092/1092 1091/1091 1121/1121 1122/1122
f 1118/1118 1117/1117 1123/1123 1124/1124
f 1120/1120 1119/1119 1125/1125 1126/1126
f 1122/1122 1121/1121 1127/1127 1128/1128
f 1112/1112 1111/1111 1129/1129 1130/1130
f 1114/1114 1113/1113 1131/1131 1132/1132
f 1116/1116 1115/1115 1133/1133 1134/1134
f 1130/1130 1129/1129 1034/1034 1033/1033
f 1132/1132 1131/1131 1038/1038 1037/1037
f 1134/1134 1133/1133 1042/1042 1041/1041
f 1124/1124 1123/1123 1135/1135 1136/1136
f 1126/1126 1125/1125 1137/1137 1138/1138
f 1128/1128 1127/1127 1139/1139 1140/1140
f 1141/1141 1142/1142 1143/1143 1144/1144
f 1145/1145 1146/1146 1147/1147 1148/1148
f 1149/1149 1150/1150 1151/1151 1152/1152
f 1144/1144 1143/1143 1153/1153 1154/1154
f 1148/1148 1147/1147 1155/1155 1156/1156
f 1152/1152 1151/1151 1157/1157 1158/1158
f 1159/1159 1160/1160 1161/1161 1162/1162
f 1163/1163 1164/1164 1165/1165 1166/1166
f 1167/1167 1168/1168 1169/1169 1170/1170
f 1171/1171 1172/1172 1173/1173 1174/1174
f 1166/1166 1165/1165 1175/1175 1176/1176
f 1170/1170 1169/1169 1177/1177 1178/1178
f 1174/1174 1173/1173 1179/1179 1180/1180
f 1176/1176 1175/1175 1181/1181 1182/1182
f 1154/1154 1153/1153 1183/1183 1184/1184
f 1156/1156 1155/1155 1185/1185 1186/1186
f 1158/1158 1157/1157 1187/1187 1188/1188
f 1184/1184 1183/1183 1189/1189 1190/1190
f 1186/1186 1185/1185 1191/1191 1192/1192
f 1188/1188 1187/1187 1193/1193 1194/1194
f 1178/1178 1177/1177 1195/1195 1196/1196
f 1180/1180 1179/1179 1197/1197 1198/1198
f 1182/1182 1181/1181 1199/1199 1200/1200
f 1196/1196 1195/1195 1201/1201 1202/1202
f 1202/1202 1201/1201 1203/1203 1204/1204
f 1205/1205 1206/1206 1207/1207 1208/1208
f 1209/1209 1210/1210 1211/1211 1212/1212
f 1204/1204 1203/1203 1213/1213 1214/1214
f 1208/1208 1207/1207 1215/1215 1216/1216
f 1212/1212 1211/1211 1217/1217 1218/1218
f 1190/1190 1189/1189 1219/1219 1220/1220
f 1192/1192 1191/1191 1221/1221 1222/1222
f 1194/1194 1193/1193 1223/1223 1224/1224
f 1220/1220 1219/1219 1225/1225 1226/1226
f 1222/1222 1221/1221 1227/1227 1228/1228
f 1224/1224 1223/1223 1229/1229 1230/1230
f 1214/1214 1213/1213 1231/1231 1232/1232
f 1216/1216 1215/1215 1233/1233 1234/1234
f 1218/1218 1217/1217 1235/1235 1236/1236
f 1232/1232 1231/1231 1142/1142 1141/1141
f 1234/1234 1233/1233 1146/1146 1145/1145
f 1236/1236 1235/1235 1150/1150 1149/1149
f 1226/1226 1225/1225 1237/1237 1238/1238
f 1228/1228 1227/1227 1239/1239 1240/1240
f 1230/1230 1229/1229 1241/1241 1242/1242
f 1238/1238 1237/1237 1052/1052 1051/1051
f 1240/1240 1239/1239 1056/1056 1055/1055
f 1242/1242 1241/1241 1060/1060 1059/1059
f 1243/1243 1244/1244 1245/1245 1246/1246
f 1247/1247 1248/1248 1249/1249 1250/1250
f 1251/1251 1252/1252 1253/1253 1254/1254
f 1255/1255 1256/1256 1257/1257 1258/1258
f 1259/1259 1260/1260 1261/1261 1262/1262
f 1263/1263 1264/1264 1265/1265 1266/1266
f 1267/1267 1268/1268 1269/1269 1270/1270
f 1271/1271 1272/1272 1273/1273 1274/1274
f 1275/1275 1276/1276 1277/1277 1278/1278
f 1279/1279 1280/1280 1281/1281 1282/1282
f 1283/1283 1284/1284 1285/1285 1286/1286
f 1287/1287 1288/1288 1289/1289 1290/1290
f 1291/1291 1292/1292 1293/1293 1294/1294
f 1295/1295 1296/1296 1297/1297 1298/1298
f 1299/1299 1300/1300 1301/1301 1302/1302
f 1303/1303 1304/1304 1305/1305 1306/1306
f 1307/1307 1308/1308 1309/1309 1310/1310
f 1311/1311 1312/1312 1313/1313 1314/1314
f 1315/1315 1316/1316 1317/1317 1318/1318
f 1319/1319 1320/1320 1321/1321 1322/1322
f 1323/1323 1324/1324 1325/1325 1326/1326
f 1327/1327 1328/1328 1329/1329 1330/1330
f 1331/1331 1332/1332 1333/1333 1334/1334
f 1335/1335 1336/1336 1337/1337 1338/1338
f 1339/1339 1340/1340 1341/1341 1342/1342
f 1343/1343 1344/1344 1345/1345 1346/1346
f 1347/1347 1348/1348 1349/1349 1350/1350
f 1330/1330 1329/1329 1244/1244 1243/1243
f 1334/1334 1333/1333 1248/1248 1247/1247
f 1338/1338 1337/1337 1252/1252 1251/1251
f 1270/1270 1269/1269 1256/1256 1255/1255
f 1274/1274 1273/1273 1260/1260 1259/1259
f 1278/1278 1277/1277 1264/1264 1263/1263
f 1306/1306 1305/1305 1268/1268 1267/1267
f 1310/1310 1309/1309 1272/1272 1271/1271
f 1314/1314 1313/1313 1276/1276 1275/1275
f 1258/1258 1257/1257 1280/1280 1279/1279
f 1262/1262 1261/1261 1284/1284 1283/1283
f 1266/1266 1265/1265 1288/1288 1287/1287
f 1282/1282 1281/1281 1292/1292 1291/1291
f 1286/1286 1285/1285 1296/1296 1295/1295
f 1290/1290 1289/1289 1300/1300 1299/1299
f 1294/1294 1293/1293 1316/1316 1315/1315
f 1298/1298 1297/1297 1320/1320 1319/1319
f 1302/1302 1301/1301 1324/1324 1323/1323
f 1318/1318 1317/1317 1328/1328 1327/1327
f 1322/1322 1321/1321 1332/1332 1331/1331
f 1326/1326 1325/1325 1336/1336 1335/1335
f 1246/1246 1245/1245 1340/1340 1339/1339
f 1250/1250 1249/1249 1344/1344 1343/1343
f 1254/1254 1253/1253 1348/1348 1347/1347
f 1351/1351 1352/1352 1353/1353 1354/1354
f 1355/1355 1356/1356 1357/1357 1358/1358
f 1359/1359 1360/1360 1361/1361 1362/1362
f 1363/1363 1364/1364 1365/1365 1366/1366
f 1367/1367 1368/1368 1369/1369 1370/1370
f 1371/1371 1372/1372 1373/1373 1374/1374
f 1375/1375 1376/1376 1377/1377 1378/1378
f 1379/1379 1380/1380 1381/1381 1382/1382
f 1383/1383 1384/1384 1385/1385 1386/1386
f 1387/1387 1388/1388 1389/1389 1390/1390
f 1391/1391 1392/1392 1393/1393 1394/1394
f 1395/1395 1396/1396 1397/1397 1398/1398
f 1399/1399 1400/1400 1401/1401 1402/1402
f 1403/1403 1404/1404 1405/1405 1406/1406
f 1407/1407 1408/1408 1409/1409 1410/1410
f 1411/1411 1412/1412 1413/1413 1414/1414
f 1415/1415 1416/1416 1417/1417 1418/1418
f 1419/1419 1420/1420 1421/1421 1422/1422
f 1423/1423 1424/1424 1425/1425 1426/1426
f 1427/1427 1428/1428 1429/1429 1430/1430
f 1431/1431 1432/1432 1433/1433 1434/1434
f 1435/1435 1436/1436 1437/1437 1438/1438
f 1439/1439 1440/1440 1441/1441 1442/1442
f 1443/1443 1444/1444 1445/1445 1446/1446
f 1447/1447 1448/1448 1449/1449 1450/1450
f 1430/1430 1429/1429 1352/1352 1351/1351
f 1434/1434 1433/1433 1356/1356 1355/1355
f 1438/1438 1437/1437 1360/1360 1359/1359
f 1378/1378 1377/1377 1364/1364 1363/1363
f 1382/1382 1381/1381 1368/1368 1367/1367
f 1406/1406 1405/1405 1376/1376 1375/1375
f 1410/1410 1409/1409 1380/1380 1379/1379
f 1414/1414 1413/1413 1384/1384 1383/1383
f 1366/1366 1365/1365 1388/1388 1387/1387
f 1370/1370 1369/1369 1392/1392 1391/1391
f 1374/1374 1373/1373 1396/1396 1395/1395
f 1390/1390 1389/1389 1451/1451 1452/1452
f 1394/1394 1393/1393 1453/1453 1454/1454
f 1398/1398 1397/1397 1400/1400 1399/1399
f 1342/1342 1341/1341 1404/1404 1403/1403
f 1346/1346 1345/1345 1408/1408 1407/1407
f 1350/1350 1349/1349 1412/1412 1411/1411
f 1455/1455 1456/1456 1416/1416 1415/1415
f 1418/1418 1417/1417 1428/1428 1427/1427
f 1422/1422 1421/1421 1432/1432 1431/1431
f 1426/1426 1425/1425 1436/1436 1435/1435
f 1354/1354 1353/1353 1440/1440 1439/1439
f 1358/1358 1357/1357 1444/1444 1443/1443
f 1362/1362 1361/1361 1448/1448 1447/1447
f 1457/1457 1458/1458 1459/1459 1460/1460
f 1461/1461 1462/1462 1463/1463 1464/1464
f 1465/1465 1466/1466 1467/1467 1468/1468
f 1469/1469 1470/1470 1471/1471 1472/1472
f 1473/1473 1474/1474 1475/1475 1476/1476
f 1477/1477 1478/1478 1479/1479 1480/1480
f 1481/1481 1482/1482 1483/1483 1484/1484
f 1485/1485 1486/1486 1487/1487 1488/1488
f 1489/1489 1490/1490 1491/1491 1492/1492
f 1493/1493 1494/1494 1495/1495 1496/1496
f 1497/1497 1498/1498 1499/1499 1500/1500
f 1501/1501 1502/1502 1503/1503 1504/1504
f 1505/1505 1506/1506 1507/1507 1508/1508
f 1509/1509 1510/1510 1511/1511 1512/1512
f 1513/1513 1514/1514 1515/1515 1516/1516
f 1517/1517 1518/1518 1519/1519 1520/1520
f 1521/1521 1522/1522 1523/1523 1524/1524
f 1525/1525 1526/1526 1527/1527 1528/1528
f 1529/1529 1530/1530 1531/1531 1532/1532
f 1533/1533 1534/1534 1535/1535 1536/1536
f 1537/1537 1538/1538 1539/1539 1540/1540
f 1541/1541 1542/1542 1543/1543 1544/1544
f 1545/1545 1546/1546 1547/1547 1548/1548
f 1549/1549 1550/1550 1551/1551 1552/1552
f 1553/1553 1554/1554 1555/1555 1556/1556
f 1557/1557 1558/1558 1559/1559 1560/1560
f 1561/1561 1562/1562 1563/1563 1564/1564
f 1484/1484 1483/1483 1458/1458 1457/1457
f 1488/1488 1487/1487 1462/1462 1461/1461
f 1492/1492 1491/1491 1466/1466 1465/1465
f 1556/1556 1555/1555 1470/1470 1469/1469
f 1560/1560 1559/1559 1474/1474 1473/1473
f 1564/1564 1563/1563 1478/1478 1477/1477
f 1496/1496 1495/1495 1482/1482 1481/1481
f 1500/1500 1499/1499 1486/1486 1485/1485
f 1504/1504 1503/1503 1490/1490 1489/1489
f 1565/1565 1566/1566 1494/1494 1493/1493
f 1567/1567 1568/1568 1498/1498 1497/1497
f 1569/1569 1570/1570 1502/1502 1501/1501
f 1460/1460 1459/1459 1506/1506 1505/1505
f 1464/1464 1463/1463 1510/1510 1509/1509
f 1468/1468 1467/1467 1514/1514 1513/1513
f 1472/1472 1471/1471 1518/1518 1517/1517
f 1476/1476 1475/1475 1522/1522 1521/1521
f 1480/1480 1479/1479 1526/1526 1525/1525
f 1508/1508 1507/1507 1530/1530 1529/1529
f 1512/1512 1511/1511 1534/1534 1533/1533
f 1516/1516 1515/1515 1538/1538 1537/1537
f 1532/1532 1531/1531 1542/1542 1541/1541
f 1536/1536 1535/1535 1546/1546 1545/1545
f 1540/1540 1539/1539 1550/1550 1549/1549
f 1544/1544 1543/1543 1554/1554 1553/1553
f 1548/1548 1547/1547 1558/1558 1557/1557
f 1552/1552 1551/1551 1562/1562 1561/1561
f 1571/1571 1572/1572 1573/1573 1574/1574
f 1575/1575 1576/1576 1577/1577 1578/1578
f 1579/1579 1580/1580 1581/1581 1582/1582
f 1583/1583 1584/1584 1585/1585 1586/1586
f 1587/1587 1588/1588 1589/1589 1590/1590
f 1591/1591 1592/1592 1593/1593 1594/1594
f 1595/1595 1596/1596 1597/1597 1598/1598
f 1599/1599 1600/1600 1601/1601 1602/1602
f 1603/1603 1604/1604 1605/1605 1606/1606
f 1607/1607 1608/1608 1609/1609 1610/1610
f 1611/1611 1612/1612 1613/1613 1614/1614
f 1615/1615 1616/1616 1617/1617 1618/1618
f 1619/1619 1620/1620 1621/1621 1622/1622
f 1623/1623 1624/1624 1625/1625 1626/1626
f 1627/1627 1628/1628 1629/1629 1630/1630
f 1631/1631 1632/1632 1633/1633 1634/1634
f 1635/1635 1636/1636 1637/1637 1638/1638
f 1639/1639 1640/1640 1641/1641 1642/1642
f 1643/1643 1644/1644 1645/1645 1646/1646
f 1647/1647 1648/1648 1649/1649 1650/1650
f 1651/1651 1652/1652 1653/1653 1654/1654
f 1655/1655 1656/1656 1657/1657 1658/1658
f 1659/1659 1660/1660 1661/1661 1662/1662
f 1663/1663 1664/1664 1665/1665 1666/1666
f 1667/1667 1668/1668 1669/1669 1670/1670
f 1671/1671 1672/1672 1673/1673 1674/1674
f 1598/1598 1597/1597 1572/1572 1571/1571
f 1602/1602 1601/1601 1576/1576 1575/1575
f 1606/1606 1605/1605 1580/1580 1579/1579
f 1666/1666 1665/1665 1584/1584 1583/1583
f 1670/1670 1669/1669 1588/1588 1587/1587
f 1674/1674 1673/1673 1592/1592 1591/1591
f 1610/1610 1609/1609 1596/1596 1595/1595
f 1614/1614 1613/1613 1600/1600 1599/1599
f 1618/1618 1617/1617 1604/1604 1603/1603
f 1520/1520 1519/1519 1608/1608 1607/1607
f 1524/1524 1523/1523 1612/1612 1611/1611
f 1528/1528 1527/1527 1616/1616 1615/1615
f 1574/1574 1573/1573 1620/1620 1619/1619
f 1582/1582 1581/1581 1628/1628 1627/1627
f 1586/1586 1585/1585 1632/1632 1631/1631
f 1590/1590 1589/1589 1636/1636 1635/1635
f 1594/1594 1593/1593 1640/1640 1639/1639
f 1622/1622 1621/1621 1675/1675 1676/1676
f 1626/1626 1625/1625 1644/1644 1643/1643
f 1630/1630 1629/1629 1648/1648 1647/1647
f 1677/1677 1678/1678 1652/1652 1651/1651
f 1646/1646 1645/1645 1656/1656 1655/1655
f 1650/1650 1649/1649 1660/1660 1659/1659
f 1654/1654 1653/1653 1664/1664 1663/1663
f 1658/1658 1657/1657 1668/1668 1667/1667
f 1662/1662 1661/1661 1672/1672 1671/1671
f 1679/1679 1680/1680 1681/1681 1682/1682
f 1683/1683 1684/1684 1685/1685 1686/1686
f 1687/1687 1688/1688 1689/1689 1690/1690
f 1691/1691 1692/1692 1693/1693 1694/1694
f 1695/1695 1696/1696 1697/1697 1698/1698
f 1699/1699 1700/1700 1701/1701 1702/1702
f 1703/1703 1704/1704 1705/1705 1706/1706
f 1707/1707 1708/1708 1709/1709 1710/1710
f 1711/1711 1712/1712 1713/1713 1714/1714
f 1715/1715 1716/1716 1717/1717 1718/1718
f 1719/1719 1720/1720 1721/1721 1722/1722
f 1723/1723 1724/1724 1725/1725 1726/1726
f 1727/1727 1728/1728 1729/1729 1730/1730
f 1731/1731 1732/1732 1733/1733 1734/1734
f 1735/1735 1736/1736 1737/1737 1738/1738
f 1739/1739 1740/1740 1741/1741 1742/1742
f 1743/1743 1744/1744 1745/1745 1746/1746
f 1747/1747 1748/1748 1749/1749 1750/1750
f 1751/1751 1752/1752 1753/1753 1754/1754
f 1755/1755 1756/1756 1757/1757 1758/1758
f 1759/1759 1760/1760 1761/1761 1762/1762
f 1763/1763 1764/1764 1765/1765 1766/1766
f 1767/1767 1768/1768 1769/1769 1770/1770
f 1771/1771 1772/1772 1773/1773 1774/1774
f 1766/1766 1765/1765 1680/1680 1679/1679
f 1770/1770 1769/1769 1684/1684 1683/1683
f 1774/1774 1773/1773 1688/1688 1687/1687
f 1775/1775 1776/1776 1692/1692 1691/1691
f 1777/1777 1778/1778 1696/1696 1695/1695
f 1779/1779 1780/1780 1700/1700 1699/1699
f 1694/1694 1693/1693 1704/1704 1703/1703
f 1698/1698 1697/1697 1708/1708 1707/1707
f 1702/1702 1701/1701 1712/1712 1711/1711
f 1682/1682 1681/1681 1716/1716 1715/1715
f 1686/1686 1685/1685 1720/1720 1719/1719
f 1690/1690 1689/1689 1724/1724 1723/1723
f 1706/1706 1705/1705 1728/1728 1727/1727
f 1710/1710 1709/1709 1732/1732 1731/1731
f 1714/1714 1713/1713 1736/1736 1735/1735
f 1730/1730 1729/1729 1740/1740 1739/1739
f 1734/1734 1733/1733 1744/1744 1743/1743
f 1738/1738 1737/1737 1748/1748 1747/1747
f 1718/1718 1717/1717 1752/1752 1751/1751
f 1722/1722 1721/1721 1756/1756 1755/1755
f 1726/1726 1725/1725 1760/1760 1759/1759
f 1742/1742 1741/1741 1764/1764 1763/1763
f 1746/1746 1745/1745 1768/1768 1767/1767
f 1750/1750 1749/1749 1772/1772 1771/1771
f 1758/1758 1757/1757 1781/1781 1782/1782
f 1762/1762 1761/1761 1783/1783 1784/1784
f 1785/1785 1786/1786 1787/1787 1788/1788
f 1789/1789 1790/1790 1791/1791 1792/1792
f 1793/1793 1794/1794 1795/1795 1796/1796
f 1797/1797 1798/1798 1799/1799 1800/1800
f 1801/1801 1802/1802 1803/1803 1804/1804
f 1805/1805 1806/1806 1807/1807 1808/1808
f 1809/1809 1810/1810 1811/1811 1812/1812
f 1813/1813 1814/1814 1815/1815 1816/1816
f 1817/1817 1818/1818 1819/1819 1820/1820
f 1821/1821 1822/1822 1823/1823 1824/1824
f 1825/1825 1826/1826 1827/1827 1828/1828
f 1829/1829 1830/1830 1831/1831 1832/1832
f 1833/1833 1834/1834 1835/1835 1836/1836
f 1837/1837 1838/1838 1839/1839 1840/1840
f 1841/1841 1842/1842 1843/1843 1844/1844
f 1845/1845 1846/1846 1847/1847 1848/1848
f 1849/1849 1850/1850 1851/1851 1852/1852
f 1853/1853 1854/1854 1855/1855 1856/1856
f 1857/1857 1858/1858 1859/1859 1860/1860
f 1861/1861 1862/1862 1863/1863 1864/1864
f 1865/1865 1866/1866 1867/1867 1868/1868
f 1869/1869 1870/1870 1871/1871 1872/1872
f 1873/1873 1874/1874 1875/1875 1876/1876
f 1877/1877 1878/1878 1879/1879 1880/1880
f 1881/1881 1882/1882 1776/1776 1775/1775
f 1883/1883 1884/1884 1778/1778 1777/1777
f 1885/1885 1886/1886 1780/1780 1779/1779
f 1872/1872 1871/1871 1786/1786 1785/1785
f 1876/1876 1875/1875 1790/1790 1789/1789
f 1880/1880 1879/1879 1794/1794 1793/1793
f 1887/1887 1888/1888 1798/1798 1797/1797
f 1889/1889 1890/1890 1802/1802 1801/1801
f 1891/1891 1892/1892 1806/1806 1805/1805
f 1800/1800 1799/1799 1810/1810 1809/1809
f 1804/1804 1803/1803 1814/1814 1813/1813
f 1808/1808 1807/1807 1818/1818 1817/1817
f 1788/1788 1787/1787 1822/1822 1821/1821
f 1792/1792 1791/1791 1826/1826 1825/1825
f 1796/1796 1795/1795 1830/1830 1829/1829
f 1812/1812 1811/1811 1834/1834 1833/1833
f 1816/1816 1815/1815 1838/1838 1837/1837
f 1820/1820 1819/1819 1842/1842 1841/1841
f 1836/1836 1835/1835 1846/1846 1845/1845
f 1840/1840 1839/1839 1850/1850 1849/1849
f 1844/1844 1843/1843 1854/1854 1853/1853
f 1824/1824 1823/1823 1858/1858 1857/1857
f 1848/1848 1847/1847 1870/1870 1869/1869
f 1852/1852 1851/1851 1874/1874 1873/1873
f 1856/1856 1855/1855 1878/1878 1877/1877
f 1860/1860 1859/1859 1882/1882 1881/1881
f 1864/1864 1863/1863 1884/1884 1883/1883
f 1868/1868 1867/1867 1886/1886 1885/1885
f 1893/1893 1894/1894 1895/1895 1896/1896
f 1897/1897 1898/1898 1899/1899 1900/1900
f 1901/1901 1902/1902 1903/1903 1904/1904
f 9/9 1905/1905 1906/1906 11/11
f 1907/1907 1908/1908 1909/1909 1910/1910
f 1911/1911 1912/1912 1913/1913 1914/1914
f 1915/1915 1916/1916 1917/1917 1918/1918
f 1919/1919 1920/1920 1921/1921 1922/1922
f 1923/1923 1924/1924 1925/1925 1926/1926
f 1927/1927 1928/1928 1929/1929 1930/1930
f 1931/1931 1932/1932 1933/1933 1934/1934
f 1935/1935 1936/1936 1937/1937 1938/1938
f 1939/1939 1940/1940 1941/1941 1942/1942
f 1943/1943 1944/1944 1945/1945 1946/1946
f 1947/1947 1948/1948 1949/1949 1950/1950
f 1951/1951 1952/1952 1953/1953 1954/1954
f 1955/1955 1956/1956 1957/1957 1958/1958
f 1959/1959 1960/1960 1961/1961 1962/1962
f 1963/1963 1964/1964 1965/1965 1966/1966
f 1967/1967 1968/1968 1969/1969 1970/1970
f 1971/1971 1972/1972 1973/1973 1974/1974
f 1975/1975 1976/1976 1977/1977 1978/1978
f 1979/1979 1980/1980 1981/1981 1982/1982
f 1983/1983 1984/1984 1985/1985 1986/1986
f 1987/1987 1988/1988 1989/1989 1990/1990
f 1991/1991 1992/1992 1993/1993 1994/1994
f 35/35 1995/1995 1996/1996 37/37
f 1997/1997 1998/1998 1999/1999 2000/2000
f 2001/2001 2002/2002 2003/2003 2004/2004
f 2005/2005 2006/2006 2007/2007 2008/2008
f 2009/2009 2010/2010 2011/2011 2012/2012
f 2013/2013 2014/2014 2015/2015 2016/2016
f 2017/2017 2018/2018 2019/2019 2020/2020
f 2021/2021 2022/2022 2023/2023 2024/2024
f 2025/2025 2026/2026 2027/2027 2028/2028
f 2029/2029 2030/2030 2031/2031 2032/2032
f 2033/2033 2034/2034 2035/2035 2036/2036
f 2037/2037 2038/2038 2039/2039 2040/2040
f 2041/2041 2042/2042 2043/2043 2044/2044
f 2045/2045 2046/2046 2047/2047 2048/2048
f 2049/2049 2050/2050 2051/2051 2052/2052
f 2053/2053 2054/2054 2055/2055 2056/2056
f 2057/2057 2058/2058 2059/2059 2060/2060
f 2061/2061 2062/2062 2063/2063 2064/2064
f 2065/2065 2066/2066 2067/2067 2068/2068
f 2069/2069 2070/2070 2071/2071 2072/2072
f 2073/2073 2074/2074 2075/2075 2076/2076
f 2077/2077 2078/2078 2079/2079 2080/2080
f 2081/2081 2082/2082 2083/2083 2084/2084
f 2085/2085 2086/2086 2087/2087 2088/2088
f 2089/2089 2090/2090 2091/2091 2092/2092
f 2093/2093 2094/2094 2095/2095 2096/2096
f 2097/2097 2098/2098 2099/2099 2100/2100
f 2101/2101 2102/2102 2103/2103 2104/2104
f 2105/2105 2106/2106 2107/2107 2108/2108
f 2109/2109 2110/2110 2111/2111 2112/2112
f 1243/1243 2113/2113 2114/2114 1246/1246
f 2115/2115 2104/2104 2103/2103 2116/2116
f 2117/2117 2118/2118 2119/2119 2120/2120
f 1679/2121 2004/2004 2003/2003 2121/2122
f 2122/2123 2072/2072 2071/2071 2123/2124
f 2124/2125 2012/2012 2011/2011 2125/2126
f 1691/2127 2032/2032 2031/2031 2126/2128
f 2127/2129 2128/2130 2129/2131 2130/2132
f 2131/2133 2132/2134 2133/2135 2134/2136
f 47/2137 2052/2052 2051/2051 2135/2138
f 2136/2139 2137/2140 2138/2141 2139/2142
f 2140/2143 2016/2016 2015/2015 2141/2144
f 51/51 2084/2084 2083/2083 53/53
f 2142/2145 2036/2036 2035/2035 2143/2146
f 2144/2147 2008/2008 2007/2007 2145/2148
f 2146/2149 2056/2056 2055/2055 57/2150
f 1715/1715 2076/2076 2075/2075 1718/1718
f 2147/2151 2148/2152 2149/2153 2150/2154
f 2151/2155 2020/2020 2019/2019 2152/2156
f 2153/2157 2040/2040 2039/2039 2154/2158
f 2155/2159 2156/2160 2157/2161 2158/2162
f 2159/2163 2160/2164 2161/2165 2162/2166
f 2163/2167 2060/2060 2059/2059 2164/2168
f 2165/2169 2166/2170 2167/2171 2168/2172
f 2169/2173 2170/2174 2171/2175 2172/2176
f 64/64 2096/2096 2095/2095 65/65
f 2173/2177 2174/2178 2175/2179 2176/2180
f 2177/2181 2024/2024 2023/2023 2178/2182
f 2179/2183 2044/2044 2043/2043 2180/2184
f 1751/1751 2088/2088 2087/2087 1754/1754
f 2181/2185 2182/2186 2183/2187 2184/2188
f 67/2189 2064/2064 2063/2063 2185/2190
f 2186/2191 2187/2192 2188/2193 2189/2194
f 2190/2195 2080/2080 2079/2079 2191/2196
f 1303/1303 2192/2197 2193/2198 1306/1306
f 2194/2199 2195/2200 2196/2201 2197/2202
f 2198/2203 2199/2204 2200/2205 2201/2206
f 2202/2207 2028/2028 2027/2027 2203/2208
f 2204/2209 2048/2048 2047/2047 1766/2210
f 2205/2211 2206/2212 2207/2213 2208/2214
f 2209/2215 2212/2216 2211/2217 2210/2218
f 2213/2219 2068/2068 2067/2067 2214/2220
f 2215/2221 2216/2222 2217/2223 2218/2224
f 2219/2225 2100/2100 2099/2099 2220/2226
f 2221/2227 2000/2000 1999/1999 2222/2228
f 2223/2229 2224/2230 2225/2231 2226/2232
f 2227/2233 2092/2092 2091/2091 2228/2234
f 2229/2235 2230/2236 2231/2237 2232/2238
f 2233/2239 2234/2240 2235/2241 1330/2242
f 2236/2243 2237/2244 2238/2245 2239/2246
f 1339/1339 2240/2247 2241/2248 1342/1342
f 2242/2249 2243/2250 2244/2251 2245/2252
f 1962/1962 1961/1961 1894/1894 1893/1893
f 2246/2253 1962/1962 1893/1893 2247/2254
f 2247/2254 1893/1893 1896/1896 2248/2255
f 1942/1942 1941/1941 1898/1898 1897/1897
f 2249/2256 1942/1942 1897/1897 2250/2257
f 2250/2257 1897/1897 1900/1900 2251/2258
f 1922/1922 1921/1921 1902/1902 1901/1901
f 2252/2259 1922/1922 1901/1901 2253/2260
f 2253/2260 1901/1901 1904/1904 2254/2261
f 8/8 2255/2262 1905/1905 9/9
f 2256/2263 8/8 9/9 2257/2264
f 2257/2264 9/9 11/11 2258/2265
f 11/11 1906/1906 1908/1908 1907/1907
f 2258/2265 11/11 1907/1907 2259/2266
f 2259/2266 1907/1907 1910/1910 2260/2267
f 1910/1910 1909/1909 1912/1912 1911/1911
f 2260/2267 1910/1910 1911/1911 2261/2268
f 2261/2268 1911/1911 1914/1914 2262/2269
f 1914/1914 1913/1913 1916/1916 1915/1915
f 2262/2269 1914/1914 1915/1915 2263/2270
f 2263/2270 1915/1915 1918/1918 2264/2271
f 1918/1918 1917/1917 1920/1920 1919/1919
f 2264/2271 1918/1918 1919/1919 2265/2272
f 2265/2272 1919/1919 1922/1922 2252/2259
f 2266/2273 2267/2274 1924/1924 1923/1923
f 2268/2275 2266/2273 1923/1923 2269/2276
f 2269/2276 1923/1923 1926/1926 2270/2277
f 1926/1926 1925/1925 1928/1928 1927/1927
f 2270/2277 1926/1926 1927/1927 630/2278
f 630/630 1927/1927 1930/1930 636/636
f 1930/1930 1929/1929 1932/1932 1931/1931
f 636/636 1930/1930 1931/1931 2271/2279
f 2271/2279 1931/1931 1934/1934 2272/2280
f 1934/1934 1933/1933 1936/1936 1935/1935
f 2272/2280 1934/1934 1935/1935 2273/2281
f 2273/2281 1935/1935 1938/1938 2274/2282
f 1938/1938 1937/1937 1940/1940 1939/1939
f 2274/2282 1938/1938 1939/1939 2275/2283
f 2275/2283 1939/1939 1942/1942 2249/2256
f 2276/2284 2277/2285 1944/1944 1943/1943
f 833/2286 2276/2284 1943/1943 2278/2287
f 2278/2287 1943/1943 1946/1946 2279/2288
f 1946/1946 1945/1945 1948/1948 1947/1947
f 2279/2288 1946/1946 1947/1947 2280/2289
f 2280/2289 1947/1947 1950/1950 2281/2290
f 1950/1950 1949/1949 1952/1952 1951/1951
f 2281/2290 1950/1950 1951/1951 2282/2291
f 2282/2291 1951/1951 1954/1954 2283/2292
f 1954/1954 1953/1953 1956/1956 1955/1955
f 2283/2292 1954/1954 1955/1955 2284/2293
f 2284/2293 1955/1955 1958/1958 2285/2294
f 1958/1958 1957/1957 1960/1960 1959/1959
f 2286/2295 1959/1959 1962/1962 2246/2253
f 1896/1896 1895/1895 1964/1964 1963/1963
f 2248/2255 1896/1896 1963/1963 2287/2296
f 2287/2296 1963/1963 1966/1966 2288/2297
f 1900/1900 1899/1899 1968/1968 1967/1967
f 2251/2258 1900/1900 1967/1967 2289/2298
f 2289/2298 1967/1967 1970/1970 2290/2299
f 1904/1904 1903/1903 1972/1972 1971/1971
f 2254/2261 1904/1904 1971/1971 2291/2300
f 2291/2300 1971/1971 1974/1974 2292/2301
f 1966/1966 1965/1965 1976/1976 1975/1975
f 2288/2297 1966/1966 1975/1975 2293/2302
f 2293/2302 1975/1975 1978/1978 908/2303
f 1970/1970 1969/1969 1980/1980 1979/1979
f 2290/2299 1970/1970 1979/1979 684/2304
f 684/2304 1979/1979 1982/1982 690/690
f 1974/1974 1973/1973 1984/1984 1983/1983
f 2292/2301 1974/1974 1983/1983 2294/2305
f 2294/2305 1983/1983 1986/1986 2295/2306
f 1978/1978 1977/1977 1988/1988 1987/1987
f 908/908 1978/1978 1987/1987 914/914
f 914/914 1987/1987 1990/1990 920/920
f 1982/1982 1981/1981 1992/1992 1991/1991
f 690/690 1982/1982 1991/1991 696/696
f 696/696 1991/1991 1994/1994 702/702
f 1986/1986 1985/1985 1995/1995 35/35
f 2295/2306 1986/1986 35/35 2296/2307
f 2296/2307 35/35 37/37 2297/2308
f 2174/2309 2107/2310 1998/2311 1997/2312
f 2175/2179 2174/2178 1997/2312 2066/2313
f 2066/2066 1997/1997 2000/2000 2067/2067
f 2166/2314 2138/2315 2002/2316 2001/2317
f 2167/2171 2166/2170 2001/2317 2046/2318
f 2046/2046 2001/2001 2004/2004 2047/2047
f 2160/2319 2171/2320 2006/2321 2005/2322
f 2161/2165 2160/2164 2005/2322 2026/2323
f 2026/2026 2005/2005 2008/2008 2027/2027
f 2132/2324 2111/2325 2010/2326 2009/2327
f 2133/2135 2132/2134 2009/2327 2298/2328
f 2298/2329 2009/2009 2012/2012 2299/2330
f 2110/2331 2231/2332 2014/2333 2013/2334
f 2111/2325 2110/2110 2013/2334 2010/2326
f 2010/2010 2013/2013 2016/2016 2011/2011
f 2230/2335 2211/2336 2018/2337 2017/2338
f 2231/2332 2230/2236 2017/2338 2014/2333
f 2014/2014 2017/2017 2020/2020 2015/2015
f 2210/2339 2183/2340 2022/2341 2021/2342
f 2211/2217 2210/2218 2021/2342 2018/2337
f 2018/2018 2021/2021 2024/2024 2019/2019
f 2182/2343 2161/2165 2026/2323 2025/2344
f 2183/2187 2182/2186 2025/2344 2022/2341
f 2022/2022 2025/2025 2028/2028 2023/2023
f 2240/2345 2114/2346 2030/2347 2029/2348
f 2241/2248 2240/2247 2029/2348 2300/2349
f 2300/2350 2029/2029 2032/2032 2301/2351
f 2113/2352 2235/2353 2034/2354 2033/2355
f 2114/2346 2113/2113 2033/2355 2030/2347
f 2030/2030 2033/2033 2036/2036 2031/2031
f 2234/2356 2217/2357 2038/2358 2037/2359
f 2235/2353 2234/2240 2037/2359 2034/2354
f 2034/2034 2037/2037 2040/2040 2035/2035
f 2216/2360 2188/2361 2042/2362 2041/2363
f 2217/2223 2216/2222 2041/2363 2038/2358
f 2038/2038 2041/2041 2044/2044 2039/2039
f 2187/2364 2167/2171 2046/2318 2045/2365
f 2188/2193 2187/2192 2045/2365 2042/2362
f 2042/2042 2045/2045 2048/2048 2043/2043
f 2195/2366 2119/2367 2050/2368 2049/2369
f 2196/2201 2195/2200 2049/2369 2302/2370
f 2302/2371 2049/2049 2052/2052 2303/2372
f 2118/2373 2244/2374 2054/2375 2053/2376
f 2119/2119 2118/2118 2053/2376 2050/2368
f 2050/2050 2053/2053 2056/2056 2051/2051
f 2243/2377 2225/2378 2058/2379 2057/2380
f 2244/2251 2243/2250 2057/2380 2054/2375
f 2054/2054 2057/2057 2060/2060 2055/2055
f 2224/2381 2200/2382 2062/2383 2061/2384
f 2225/2378 2224/2230 2061/2384 2058/2379
f 2058/2058 2061/2061 2064/2064 2059/2059
f 2199/2385 2175/2179 2066/2313 2065/2386
f 2200/2205 2199/2204 2065/2386 2062/2383
f 2062/2062 2065/2065 2068/2068 2063/2063
f 2106/2387 2129/2388 2070/2389 2069/2390
f 2107/2310 2106/2106 2069/2390 1998/2311
f 1998/1998 2069/2069 2072/2072 1999/1999
f 2137/2391 2157/2392 2074/2393 2073/2394
f 2138/2141 2137/2140 2073/2394 2002/2316
f 2002/2002 2073/2073 2076/2076 2003/2003
f 2170/2395 2207/2396 2078/2397 2077/2398
f 2171/2320 2170/2174 2077/2398 2006/2321
f 2006/2006 2077/2077 2080/2080 2007/2007
f 2128/2399 2149/2400 2082/2401 2081/2402
f 2129/2388 2128/2130 2081/2402 2070/2389
f 2070/2070 2081/2081 2084/2084 2071/2071
f 2156/2403 2193/2404 2086/2405 2085/2406
f 2157/2392 2156/2160 2085/2406 2074/2393
f 2074/2074 2085/2085 2088/2088 2075/2075
f 2206/2407 2238/2408 2090/2409 2089/2410
f 2207/2396 2206/2212 2089/2410 2078/2397
f 2078/2078 2089/2089 2092/2092 2079/2079
f 2148/2411 2304/2412 2094/2413 2093/2414
f 2149/2400 2148/2152 2093/2414 2082/2401
f 2082/2082 2093/2093 2096/2096 2083/2083
f 2192/2415 2305/2416 2098/2417 2097/2418
f 2193/2198 2192/2197 2097/2418 2086/2405
f 2086/2086 2097/2097 2100/2100 2087/2087
f 2237/2419 2306/2420 2102/2421 2101/2422
f 2238/2408 2237/2244 2101/2422 2090/2409
f 2090/2090 2101/2101 2104/2104 2091/2091
f 2130/2132 2129/2131 2106/2387 2105/2105
f 2288/2297 2130/2132 2105/2105 2287/2296
f 2287/2296 2105/2105 2108/2108 2248/2255
f 2232/2238 2231/2237 2110/2331 2109/2109
f 2260/2267 2232/2238 2109/2109 2259/2266
f 2259/2266 2109/2109 2112/2112 2258/2265
f 1330/1330 2235/2241 2113/2352 1243/1243
f 636/636 1330/1330 1243/1243 630/630
f 630/630 1243/1243 1246/1246 2270/2277
f 2228/2234 2091/2091 2104/2104 2115/2115
f 1985/1985 2228/2234 2115/2115 1995/1995
f 1995/1995 2115/2115 2116/2116 1996/1996
f 2245/2252 2244/2251 2118/2373 2117/2117
f 2281/2290 2245/2252 2117/2117 2280/2289
f 2280/2289 2117/2117 2120/2120 2279/2288
f 1766/1766 2047/2047 2004/2004 1679/1679
f 1941/1941 1766/1766 1679/1679 1898/1898
f 1898/1898 1679/1679 2121/2122 1899/1899
f 2222/2228 1999/1999 2072/2072 2122/2123
f 1895/1895 2222/2228 2122/2123 1964/1964
f 1964/1964 2122/2123 2123/2124 1965/1965
f 2307/2423 2299/2330 2012/2012 2124/2125
f 2255/2262 2307/2423 2124/2125 1905/1905
f 1905/1905 2124/2125 2125/2126 1906/1906
f 1775/1775 2301/2351 2032/2032 1691/1691
f 2267/2274 1775/1775 1691/1691 1924/1924
f 1924/1924 1691/1691 2126/2128 1925/1925
f 2150/2154 2149/2153 2128/2399 2127/2129
f 908/2303 2150/2154 2127/2129 2293/2302
f 2293/2302 2127/2129 2130/2132 2288/2297
f 2112/2112 2111/2111 2132/2324 2131/2133
f 2258/2265 2112/2112 2131/2133 2257/2264
f 2257/2264 2131/2133 2134/2136 2256/2263
f 46/46 2303/2372 2052/2052 47/47
f 2277/2285 46/46 47/47 1944/1944
f 1944/1944 47/47 2135/2138 1945/1945
f 2158/2162 2157/2161 2137/2391 2136/2139
f 2290/2299 2158/2162 2136/2139 2289/2298
f 2289/2298 2136/2139 2139/2142 2251/2258
f 2125/2126 2011/2011 2016/2016 2140/2143
f 1906/1906 2125/2126 2140/2143 1908/1908
f 1908/1908 2140/2143 2141/2144 1909/1909
f 2123/2124 2071/2071 2084/2084 51/51
f 1965/1965 2123/2124 51/51 1976/1976
f 1976/1976 51/51 53/53 1977/1977
f 2126/2128 2031/2031 2036/2036 2142/2145
f 1925/1925 2126/2128 2142/2145 1928/1928
f 1928/1928 2142/2145 2143/2146 1929/1929
f 2203/2208 2027/2027 2008/2008 2144/2147
f 1921/1921 2203/2208 2144/2147 1902/1902
f 1902/1902 2144/2147 2145/2148 1903/1903
f 2135/2138 2051/2051 2056/2056 2146/2149
f 1945/1945 2135/2138 2146/2149 1948/1948
f 1948/1948 2146/2149 57/2150 1949/1949
f 2121/2122 2003/2003 2076/2076 1715/1715
f 1899/1899 2121/2122 1715/1715 1968/1968
f 1968/1968 1715/1715 1718/1718 1969/1969
f 2308/2424 2304/2412 2148/2411 2147/2151
f 920/920 2308/2424 2147/2151 914/914
f 914/914 2147/2151 2150/2154 908/908
f 2141/2144 2015/2015 2020/2020 2151/2155
f 1909/1909 2141/2144 2151/2155 1912/1912
f 1912/1912 2151/2155 2152/2156 1913/1913
f 2143/2146 2035/2035 2040/2040 2153/2157
f 1929/1929 2143/2146 2153/2157 1932/1932
f 1932/1932 2153/2157 2154/2158 1933/1933
f 1306/1306 2193/2198 2156/2403 2155/2159
f 690/690 1306/1306 2155/2159 684/684
f 684/684 2155/2159 2158/2162 2290/2299
f 2172/2176 2171/2175 2160/2319 2159/2163
f 2254/2261 2172/2176 2159/2163 2253/2260
f 2253/2260 2159/2163 2162/2166 2252/2259
f 57/2150 2055/2055 2060/2060 2163/2167
f 1949/1949 57/2150 2163/2167 1952/1952
f 1952/1952 2163/2167 2164/2168 1953/1953
f 2139/2142 2138/2141 2166/2314 2165/2169
f 2251/2258 2139/2142 2165/2169 2250/2257
f 2250/2257 2165/2169 2168/2172 2249/2256
f 2208/2214 2207/2213 2170/2395 2169/2173
f 2292/2301 2208/2214 2169/2173 2291/2300
f 2291/2300 2169/2173 2172/2176 2254/2261
f 53/53 2083/2083 2096/2096 64/64
f 1977/1977 53/53 64/64 1988/1988
f 1988/1988 64/64 65/65 1989/1989
f 2108/2108 2107/2107 2174/2309 2173/2177
f 2248/2255 2108/2108 2173/2177 2247/2254
f 2247/2254 2173/2177 2176/2180 2246/2253
f 2152/2156 2019/2019 2024/2024 2177/2181
f 1913/1913 2152/2156 2177/2181 1916/1916
f 1916/1916 2177/2181 2178/2182 1917/1917
f 2154/2158 2039/2039 2044/2044 2179/2183
f 1933/1933 2154/2158 2179/2183 1936/1936
f 1936/1936 2179/2183 2180/2184 1937/1937
f 1718/1718 2075/2075 2088/2088 1751/1751
f 1969/1969 1718/1718 1751/1751 1980/1980
f 1980/1980 1751/1751 1754/1754 1981/1981
f 2162/2166 2161/2165 2182/2343 2181/2185
f 2252/2259 2162/2166 2181/2185 2265/2272
f 2265/2272 2181/2185 2184/2188 2264/2271
f 2164/2168 2059/2059 2064/2064 67/2189
f 1953/1953 2164/2168 67/2189 1956/1956
f 1956/1956 67/2189 2185/2190 1957/1957
f 2168/2172 2167/2171 2187/2364 2186/2191
f 2249/2256 2168/2172 2186/2191 2275/2283
f 2275/2283 2186/2191 2189/2194 2274/2282
f 2145/2148 2007/2007 2080/2080 2190/2195
f 1903/1903 2145/2148 2190/2195 1972/1972
f 1972/1972 2190/2195 2191/2196 1973/1973
f 2309/2425 2305/2416 2192/2415 1303/1303
f 702/702 2309/2425 1303/1303 696/696
f 696/696 1303/1303 1306/1306 690/690
f 2120/2120 2119/2119 2195/2366 2194/2199
f 2279/2288 2120/2120 2194/2199 2278/2287
f 2278/2287 2194/2199 2197/2202 833/2286
f 2176/2180 2175/2179 2199/2385 2198/2203
f 2246/2253 2176/2180 2198/2203 2286/2295
f 2286/2295 2198/2203 2201/2206 2285/2426
f 2178/2182 2023/2023 2028/2028 2202/2207
f 1917/1917 2178/2182 2202/2207 1920/1920
f 1920/1920 2202/2207 2203/2208 1921/1921
f 2180/2184 2043/2043 2048/2048 2204/2209
f 1937/1937 2180/2184 2204/2209 1940/1940
f 1940/1940 2204/2209 1766/2210 1941/1941
f 2239/2246 2238/2245 2206/2407 2205/2211
f 2295/2306 2239/2246 2205/2211 2294/2305
f 2294/2305 2205/2211 2208/2214 2292/2301
f 2184/2188 2183/2187 2210/2339 2209/2215
f 2264/2271 2184/2188 2209/2215 2263/2270
f 2263/2270 2209/2215 2212/2216 2262/2269
f 2185/2190 2063/2063 2068/2068 2213/2219
f 1957/1957 2185/2190 2213/2219 1960/1960
f 1960/1960 2213/2219 2214/2220 1961/1961
f 2189/2194 2188/2193 2216/2360 2215/2221
f 2274/2282 2189/2194 2215/2221 2273/2281
f 2273/2281 2215/2221 2218/2224 2272/2280
f 1754/1754 2087/2087 2100/2100 2219/2225
f 1981/1981 1754/1754 2219/2225 1992/1992
f 1992/1992 2219/2225 2220/2226 1993/1993
f 2214/2220 2067/2067 2000/2000 2221/2227
f 1961/1961 2214/2220 2221/2227 1894/1894
f 1894/1894 2221/2227 2222/2228 1895/1895
f 2201/2206 2200/2205 2224/2381 2223/2229
f 2285/2426 2201/2206 2223/2229 2284/2293
f 2284/2293 2223/2229 2226/2232 2283/2292
f 2191/2196 2079/2079 2092/2092 2227/2233
f 1973/1973 2191/2196 2227/2233 1984/1984
f 1984/1984 2227/2233 2228/2234 1985/1985
f 2212/2216 2211/2217 2230/2335 2229/2235
f 2262/2269 2212/2216 2229/2235 2261/2268
f 2261/2268 2229/2235 2232/2238 2260/2267
f 2218/2224 2217/2223 2234/2356 2233/2239
f 2272/2280 2218/2224 2233/2239 2271/2279
f 2271/2279 2233/2239 1330/2242 636/636
f 2310/2427 2306/2420 2237/2419 2236/2243
f 2297/2308 2310/2427 2236/2243 2296/2307
f 2296/2307 2236/2243 2239/2246 2295/2306
f 1246/1246 2114/2114 2240/2345 1339/1339
f 2270/2277 1246/1246 1339/1339 2269/2276
f 2269/2276 1339/1339 1342/1342 2268/2275
f 2226/2232 2225/2231 2243/2377 2242/2249
f 2283/2292 2226/2232 2242/2249 2282/2291
f 2282/2291 2242/2249 2245/2252 2281/2290
f 2311/2428 2312/2429 2313/2430 2314/2431
f 2315/2432 2316/2433 2317/2434 2318/2435
f 81/81 2319/2436 2320/2437 83/83
f 2321/2438 2322/2439 2323/2440 2324/2441
f 2325/2442 2326/2443 2327/2444 2328/2445
f 2329/2446 2330/2447 2331/2448 2332/2449
f 2333/2450 2334/2451 2335/2452 2336/2453
f 2337/2454 2338/2455 2339/2456 2340/2457
f 2341/2458 2342/2459 2343/2460 2344/2461
f 2345/2462 2346/2463 2347/2464 2348/2465
f 2349/2466 2350/2467 2351/2468 2352/2469
f 2353/2470 2354/2471 2355/2472 2356/2473
f 2357/2474 2358/2475 2359/2476 2360/2477
f 2361/2478 2362/2479 2363/2480 2364/2481
f 2365/2482 2366/2483 2367/2484 2368/2485
f 2369/2486 2370/2487 2371/2488 2372/2489
f 2373/2490 2374/2491 2375/2492 2376/2493
f 2377/2494 2378/2495 2379/2496 2380/2497
f 2381/2498 2382/2499 2383/2500 2384/2501
f 2385/2502 2386/2503 2387/2504 2388/2505
f 105/105 2389/2506 2390/2507 107/107
f 2391/2508 2392/2509 2393/2510 2394/2511
f 2395/2512 2396/2513 2397/2514 2398/2515
f 109/109 2399/2516 2400/2517 111/111
f 2401/2518 2402/2519 2277/2285 2276/2284
f 2403/2520 2300/2350 2301/2351 2404/2521
f 113/113 2405/2522 2255/2262 8/8
f 2406/2523 2407/2524 2408/2525 2409/2526
f 2410/2527 2411/2528 2412/2529 2413/2530
f 2414/2531 2415/2532 2416/2533 2417/2534
f 2418/2535 2419/2536 2420/2537 2421/2538
f 2422/2539 2423/2540 2424/2541 2425/2542
f 2426/2543 2427/2544 2428/2545 2429/2546
f 2430/2547 2431/2548 2432/2549 2433/2550
f 2434/2551 2435/2552 2436/2553 2437/2554
f 2438/2555 2439/2556 2440/2557 2441/2558
f 2442/2559 2443/2560 2444/2561 2445/2562
f 2446/2563 2447/2564 2448/2565 2449/2566
f 2450/2567 2451/2568 2452/2569 2453/2570
f 2454/2571 2455/2572 2456/2573 2457/2574
f 2458/2575 2459/2576 2460/2577 2461/2578
f 2462/2579 2463/2580 2464/2581 2465/2582
f 2466/2583 2467/2584 2468/2585 2469/2586
f 2470/2587 2471/2588 2472/2589 2473/2590
f 2474/2591 2475/2592 2476/2593 2477/2594
f 2478/2595 2479/2596 2480/2597 2481/2598
f 2482/2599 2483/2600 2484/2601 2485/2602
f 2486/2603 2487/2604 2488/2605 2489/2606
f 2490/2607 2491/2608 2492/2609 2493/2610
f 2494/2611 2495/2612 2496/2613 2497/2614
f 2498/2615 2499/2616 2500/2617 2501/2618
f 2502/2619 2302/2371 2303/2372 2503/2620
f 2504/2621 2505/2622 2267/2274 2266/2273
f 2506/2623 2298/2329 2299/2330 2507/2624
f 2508/2625 2509/2626 2510/2627 2511/2628
f 2512/2629 2513/2630 2514/2631 2515/2632
f 1351/1351 2516/2633 2517/2634 1354/1354
f 2518/2635 2507/2624 2299/2330 2307/2423
f 2519/2636 2520/2637 2521/2638 2522/2639
f 1785/1785 2413/2530 2412/2529 1788/1788
f 117/117 2481/2598 2480/2597 119/119
f 2523/2640 2421/2538 2420/2537 2524/2641
f 1797/1797 2441/2558 2440/2557 1800/1800
f 2525/2642 2526/2643 2527/2644 2528/2645
f 2529/2646 2530/2647 2531/2648 2532/2649
f 123/123 2461/2578 2460/2577 125/125
f 1363/1363 2533/2650 2534/2651 1366/1366
f 2535/2652 2425/2542 2424/2541 2536/2653
f 127/127 2493/2610 2492/2609 129/129
f 1809/1809 2445/2562 2444/2561 1812/1812
f 2537/2654 2417/2534 2416/2533 2538/2655
f 131/131 2465/2582 2464/2581 133/133
f 1821/1821 2485/2602 2484/2601 1824/1824
f 2539/2656 2540/2657 2541/2658 2542/2659
f 2543/2660 2429/2546 2428/2545 2544/2661
f 1833/1833 2449/2566 2448/2565 1836/1836
f 1375/1375 2545/2662 2546/2663 1378/1378
f 2547/2664 2548/2665 2549/2666 2550/2667
f 135/135 2469/2586 2468/2585 137/137
f 1387/1387 2551/2668 2552/2669 1390/1390
f 2553/2670 2554/2671 2555/2672 2556/2673
f 2402/2519 78/78 46/46 2277/2285
f 2557/2674 2558/2675 2559/2676 2560/2677
f 2561/2678 2433/2550 2432/2549 2562/2679
f 2563/2680 2453/2570 2452/2569 2564/2681
f 1857/1857 2497/2614 2496/2613 1860/1860
f 2565/2682 2566/2683 2567/2684 2568/2685
f 139/139 2473/2590 2472/2589 141/141
f 2569/2686 2570/2687 2571/2688 1455/2689
f 2572/2690 2489/2606 2488/2605 2573/2691
f 1403/1403 2574/2692 2575/2693 1406/1406
f 2576/2694 2577/2695 2578/2696 2579/2697
f 2580/2698 2581/2699 2582/2700 2583/2701
f 2584/2702 2437/2554 2436/2553 2585/2703
f 1869/1869 2457/2574 2456/2573 1872/1872
f 2586/2704 2587/2705 2588/2706 2589/2707
f 2590/2708 2591/2709 2592/2710 2593/2711
f 2594/2712 2477/2594 2476/2593 2595/2713
f 1415/1415 2596/2714 2597/2715 1418/1418
f 2598/2716 2409/2526 2408/2525 2599/2717
f 2600/2718 2601/2719 2602/2720 2603/2721
f 2604/2722 2501/2618 2500/2617 2605/2723
f 2606/2724 2607/2725 2608/2726 2609/2727
f 1427/1427 2610/2728 2611/2729 1430/1430
f 2612/2730 2613/2731 2614/2732 2615/2733
f 1439/1439 2616/2734 2617/2735 1442/1442
f 2618/2736 2619/2737 2620/2738 2621/2739
f 2380/2497 2379/2496 2312/2429 2311/2428
f 925/925 2380/2497 2311/2428 928/928
f 928/928 2311/2428 2314/2431 938/938
f 2360/2477 2359/2476 2316/2433 2315/2432
f 2622/2740 2360/2477 2315/2432 710/2741
f 710/2741 2315/2432 2318/2435 2623/2742
f 2340/2457 2339/2456 2319/2436 81/81
f 2624/2743 2340/2457 81/81 2625/2744
f 2625/2744 81/81 83/83 2626/2745
f 2627/2746 2628/2747 2322/2439 2321/2438
f 2629/2748 2627/2746 2321/2438 2630/2749
f 2630/2749 2321/2438 2324/2441 2631/2750
f 2324/2441 2323/2440 2326/2443 2325/2442
f 2631/2750 2324/2441 2325/2442 2632/2751
f 2632/2751 2325/2442 2328/2445 2633/2752
f 2328/2445 2327/2444 2330/2447 2329/2446
f 2633/2752 2328/2445 2329/2446 2634/2753
f 2634/2753 2329/2446 2332/2449 2635/2754
f 2332/2449 2331/2448 2334/2451 2333/2450
f 2635/2754 2332/2449 2333/2450 2636/2755
f 2636/2755 2333/2450 2336/2453 2637/2756
f 2336/2453 2335/2452 2338/2455 2337/2454
f 2637/2756 2336/2453 2337/2454 2638/2757
f 2638/2757 2337/2454 2340/2457 2624/2743
f 2639/2758 2640/2759 2342/2459 2341/2458
f 725/725 2639/2758 2341/2458 728/728
f 728/728 2341/2458 2344/2461 738/738
f 2344/2461 2343/2460 2346/2463 2345/2462
f 738/738 2344/2461 2345/2462 744/744
f 744/744 2345/2462 2348/2465 750/750
f 2348/2465 2347/2464 2350/2467 2349/2466
f 750/750 2348/2465 2349/2466 756/756
f 756/756 2349/2466 2352/2469 762/762
f 2352/2469 2351/2468 2354/2471 2353/2470
f 762/762 2352/2469 2353/2470 768/768
f 768/768 2353/2470 2356/2473 2641/2760
f 2356/2473 2355/2472 2358/2475 2357/2474
f 2641/2760 2356/2473 2357/2474 2642/2761
f 2642/2761 2357/2474 2360/2477 2622/2740
f 2643/2762 2644/2763 2362/2479 2361/2478
f 943/943 2643/2762 2361/2478 946/946
f 946/946 2361/2478 2364/2481 956/956
f 2364/2481 2363/2480 2366/2483 2365/2482
f 956/956 2364/2481 2365/2482 962/962
f 962/962 2365/2482 2368/2485 968/968
f 2368/2485 2367/2484 2370/2487 2369/2486
f 968/968 2368/2485 2369/2486 2645/2764
f 2645/2764 2369/2486 2372/2489 2646/2765
f 2372/2489 2371/2488 2374/2491 2373/2490
f 2646/2765 2372/2489 2373/2490 986/2766
f 986/986 2373/2490 2376/2493 992/992
f 2376/2493 2375/2492 2378/2495 2377/2494
f 992/992 2376/2493 2377/2494 998/998
f 998/998 2377/2494 2380/2497 925/925
f 2314/2431 2313/2430 2382/2499 2381/2498
f 938/938 2314/2431 2381/2498 1004/1004
f 1004/1004 2381/2498 2384/2501 1010/1010
f 2318/2435 2317/2434 2386/2503 2385/2502
f 2623/2742 2318/2435 2385/2502 2647/2767
f 2647/2767 2385/2502 2388/2505 2648/2768
f 83/83 2320/2437 2389/2506 105/105
f 2626/2745 83/83 105/105 2649/2769
f 2649/2769 105/105 107/107 2650/2770
f 2384/2501 2383/2500 2392/2509 2391/2508
f 1010/1010 2384/2501 2391/2508 1016/1016
f 1016/1016 2391/2508 2394/2511 1022/1022
f 2388/2505 2387/2504 2396/2513 2395/2512
f 2648/2768 2388/2505 2395/2512 798/2771
f 798/2771 2395/2512 2398/2515 804/804
f 107/107 2390/2507 2399/2516 109/109
f 2650/2770 107/107 109/109 2651/2772
f 2651/2772 109/109 111/111 2652/2773
f 2394/2511 2393/2510 2402/2519 2401/2518
f 1022/1022 2394/2511 2401/2518 1028/1028
f 1028/1028 2401/2518 2276/2284 833/833
f 2398/2515 2397/2514 2505/2622 2504/2621
f 804/804 2398/2515 2504/2621 2653/2774
f 2653/2774 2504/2621 2266/2273 2268/2275
f 111/111 2400/2517 2405/2522 113/113
f 2652/2773 111/111 113/113 2654/2775
f 1881/1881 2404/2521 2301/2351 1775/1775
f 2558/2776 2510/2777 2407/2778 2406/2779
f 2559/2676 2558/2675 2406/2779 2475/2780
f 2475/2592 2406/2523 2409/2526 2476/2593
f 2551/2781 2534/2782 2411/2783 2410/2784
f 2552/2669 2551/2668 2410/2784 2455/2785
f 2455/2572 2410/2527 2413/2530 2456/2573
f 2548/2786 2555/2787 2415/2788 2414/2789
f 2549/2666 2548/2665 2414/2789 2435/2790
f 2435/2552 2414/2531 2417/2534 2436/2553
f 2530/2791 2514/2792 2419/2793 2418/2794
f 2531/2648 2530/2647 2418/2794 2655/2795
f 2655/2796 2418/2535 2421/2538 2656/2797
f 2513/2798 2608/2799 2423/2800 2422/2801
f 2514/2631 2513/2630 2422/2801 2419/2793
f 2419/2536 2422/2539 2425/2542 2420/2537
f 2607/2802 2592/2803 2427/2804 2426/2805
f 2608/2799 2607/2725 2426/2805 2423/2800
f 2423/2540 2426/2543 2429/2546 2424/2541
f 2591/2806 2567/2807 2431/2808 2430/2809
f 2592/2803 2591/2709 2430/2809 2427/2804
f 2427/2544 2430/2547 2433/2550 2428/2545
f 2566/2810 2549/2666 2435/2790 2434/2811
f 2567/2684 2566/2683 2434/2811 2431/2808
f 2431/2548 2434/2551 2437/2554 2432/2549
f 2616/2812 2517/2813 2439/2814 2438/2815
f 2617/2735 2616/2734 2438/2815 2657/2816
f 2657/2817 2438/2555 2441/2558 2658/2818
f 2516/2819 2611/2820 2443/2821 2442/2822
f 2517/2813 2516/2633 2442/2822 2439/2814
f 2439/2556 2442/2559 2445/2562 2440/2557
f 2610/2823 2597/2824 2447/2825 2446/2826
f 2611/2729 2610/2728 2446/2826 2443/2821
f 2443/2560 2446/2563 2449/2566 2444/2561
f 2596/2827 2571/2828 2451/2829 2450/2830
f 2597/2824 2596/2714 2450/2830 2447/2825
f 2447/2564 2450/2567 2453/2570 2448/2565
f 2570/2831 2552/2669 2455/2785 2454/2832
f 2571/2688 2570/2687 2454/2832 2451/2829
f 2451/2568 2454/2571 2457/2574 2452/2569
f 2577/2833 2521/2834 2459/2835 2458/2836
f 2578/2696 2577/2695 2458/2836 2659/2837
f 2659/2838 2458/2575 2461/2578 2660/2839
f 2520/2840 2620/2841 2463/2842 2462/2843
f 2521/2638 2520/2637 2462/2843 2459/2835
f 2459/2576 2462/2579 2465/2582 2460/2577
f 2619/2844 2602/2845 2467/2846 2466/2847
f 2620/2841 2619/2737 2466/2847 2463/2842
f 2463/2580 2466/2583 2469/2586 2464/2581
f 2601/2848 2582/2849 2471/2850 2470/2851
f 2602/2720 2601/2719 2470/2851 2467/2846
f 2467/2584 2470/2587 2473/2590 2468/2585
f 2581/2852 2559/2676 2475/2780 2474/2853
f 2582/2849 2581/2699 2474/2853 2471/2850
f 2471/2588 2474/2591 2477/2594 2472/2589
f 2509/2854 2527/2855 2479/2856 2478/2857
f 2510/2627 2509/2626 2478/2857 2407/2778
f 2407/2524 2478/2595 2481/2598 2408/2525
f 2533/2858 2546/2859 2483/2860 2482/2861
f 2534/2651 2533/2650 2482/2861 2411/2783
f 2411/2528 2482/2599 2485/2602 2412/2529
f 2554/2862 2588/2863 2487/2864 2486/2865
f 2555/2672 2554/2671 2486/2865 2415/2788
f 2415/2532 2486/2603 2489/2606 2416/2533
f 2526/2866 2541/2867 2491/2868 2490/2869
f 2527/2855 2526/2643 2490/2869 2479/2856
f 2479/2596 2490/2607 2493/2610 2480/2597
f 2545/2870 2575/2871 2495/2872 2494/2873
f 2546/2859 2545/2662 2494/2873 2483/2860
f 2483/2600 2494/2611 2497/2614 2484/2601
f 2587/2874 2614/2875 2499/2876 2498/2877
f 2588/2863 2587/2705 2498/2877 2487/2864
f 2487/2604 2498/2615 2501/2618 2488/2605
f 2540/2878 2196/2201 2302/2370 2502/2879
f 2541/2867 2540/2657 2502/2879 2491/2868
f 2491/2608 2502/2619 2503/2620 2492/2609
f 2574/2880 2241/2248 2300/2349 2403/2881
f 2575/2693 2574/2692 2403/2881 2495/2872
f 2495/2612 2403/2520 2404/2521 2496/2613
f 2613/2882 2133/2135 2298/2328 2506/2883
f 2614/2732 2613/2731 2506/2883 2499/2876
f 2499/2616 2506/2623 2507/2624 2500/2617
f 2528/2645 2527/2644 2509/2854 2508/2625
f 1010/1010 2528/2645 2508/2625 1004/1004
f 1004/1004 2508/2625 2511/2628 938/938
f 2609/2727 2608/2726 2513/2798 2512/2629
f 2633/2752 2609/2727 2512/2629 2632/2751
f 2632/2751 2512/2629 2515/2632 2631/2750
f 1430/1430 2611/2729 2516/2819 1351/1351
f 750/750 1430/1430 1351/1351 744/744
f 744/744 1351/1351 1354/1354 738/738
f 2605/2723 2500/2617 2507/2624 2518/2635
f 2400/2517 2605/2723 2518/2635 2405/2522
f 2654/2775 113/113 8/8 2256/2263
f 2621/2739 2620/2738 2520/2840 2519/2636
f 968/968 2621/2739 2519/2636 962/962
f 962/962 2519/2636 2522/2639 956/956
f 1872/1872 2456/2573 2413/2530 1785/1785
f 2359/2476 1872/1872 1785/1785 2316/2433
f 2316/2433 1785/1785 1788/1788 2317/2434
f 2599/2717 2408/2525 2481/2598 117/117
f 2313/2430 2599/2717 117/117 2382/2499
f 2382/2499 117/117 119/119 2383/2500
f 2661/2884 2656/2797 2421/2538 2523/2640
f 2628/2747 2661/2884 2523/2640 2322/2439
f 2322/2439 2523/2640 2524/2641 2323/2440
f 1887/1887 2658/2818 2441/2558 1797/1797
f 2640/2759 1887/1887 1797/1797 2342/2459
f 2342/2459 1797/1797 1800/1800 2343/2460
f 2542/2659 2541/2658 2526/2866 2525/2642
f 1022/1022 2542/2659 2525/2642 1016/1016
f 1016/1016 2525/2642 2528/2645 1010/1010
f 2515/2632 2514/2631 2530/2791 2529/2646
f 2631/2750 2515/2632 2529/2646 2630/2749
f 2630/2749 2529/2646 2532/2649 2629/2748
f 122/122 2660/2839 2461/2578 123/123
f 2644/2763 122/122 123/123 2362/2479
f 2362/2479 123/123 125/125 2363/2480
f 1378/1378 2546/2663 2533/2858 1363/1363
f 2648/2768 1378/1378 1363/1363 2647/2767
f 2647/2767 1363/1363 1366/1366 2623/2742
f 2524/2641 2420/2537 2425/2542 2535/2652
f 2323/2440 2524/2641 2535/2652 2326/2443
f 2326/2443 2535/2652 2536/2653 2327/2444
f 119/119 2480/2597 2493/2610 127/127
f 2383/2500 119/119 127/127 2392/2509
f 2392/2509 127/127 129/129 2393/2510
f 1800/1800 2440/2557 2445/2562 1809/1809
f 2343/2460 1800/1800 1809/1809 2346/2463
f 2346/2463 1809/1809 1812/1812 2347/2464
f 2585/2703 2436/2553 2417/2534 2537/2654
f 2339/2456 2585/2703 2537/2654 2319/2436
f 2319/2436 2537/2654 2538/2655 2320/2437
f 125/125 2460/2577 2465/2582 131/131
f 2363/2480 125/125 131/131 2366/2483
f 2366/2483 131/131 133/133 2367/2484
f 1788/1788 2412/2529 2485/2602 1821/1821
f 2317/2434 1788/1788 1821/1821 2386/2503
f 2386/2503 1821/1821 1824/1824 2387/2504
f 2197/2202 2196/2201 2540/2878 2539/2656
f 833/2286 2197/2202 2539/2656 1028/1028
f 1028/1028 2539/2656 2542/2659 1022/1022
f 2536/2653 2424/2541 2429/2546 2543/2660
f 2327/2444 2536/2653 2543/2660 2330/2447
f 2330/2447 2543/2660 2544/2661 2331/2448
f 1812/1812 2444/2561 2449/2566 1833/1833
f 2347/2464 1812/1812 1833/1833 2350/2467
f 2350/2467 1833/1833 1836/1836 2351/2468
f 1406/1406 2575/2693 2545/2870 1375/1375
f 804/804 1406/1406 1375/1375 798/798
f 798/2771 1375/1375 1378/1378 2648/2768
f 2556/2673 2555/2672 2548/2786 2547/2664
f 2626/2745 2556/2673 2547/2664 2625/2744
f 2625/2744 2547/2664 2550/2667 2624/2743
f 133/133 2464/2581 2469/2586 135/135
f 2367/2484 133/133 135/135 2370/2487
f 2370/2487 135/135 137/137 2371/2488
f 1366/1366 2534/2651 2551/2781 1387/1387
f 2623/2742 1366/1366 1387/1387 710/2741
f 710/2741 1387/1387 1390/1390 2622/2740
f 2589/2707 2588/2706 2554/2862 2553/2670
f 2650/2770 2589/2707 2553/2670 2649/2769
f 2649/2769 2553/2670 2556/2673 2626/2745
f 129/129 2492/2609 2503/2620 78/78
f 2393/2510 129/129 78/78 2402/2519
f 78/78 2503/2620 2303/2372 46/46
f 2511/2628 2510/2627 2558/2776 2557/2674
f 938/938 2511/2628 2557/2674 928/928
f 928/928 2557/2674 2560/2677 925/925
f 2544/2661 2428/2545 2433/2550 2561/2678
f 2331/2448 2544/2661 2561/2678 2334/2451
f 2334/2451 2561/2678 2562/2679 2335/2452
f 1836/1836 2448/2565 2453/2570 2563/2680
f 2351/2468 1836/1836 2563/2680 2354/2471
f 2354/2471 2563/2680 2564/2681 2355/2472
f 1824/1824 2484/2601 2497/2614 1857/1857
f 2387/2504 1824/1824 1857/1857 2396/2513
f 2396/2513 1857/1857 1860/1860 2397/2514
f 2550/2667 2549/2666 2566/2810 2565/2682
f 2624/2743 2550/2667 2565/2682 2638/2757
f 2638/2757 2565/2682 2568/2685 2637/2756
f 137/137 2468/2585 2473/2590 139/139
f 2371/2488 137/137 139/139 2374/2491
f 2374/2491 139/139 141/141 2375/2492
f 1390/1390 2552/2669 2570/2831 2569/2686
f 2622/2740 1390/1390 2569/2686 2642/2761
f 2642/2761 2569/2686 1455/2689 2641/2760
f 2538/2655 2416/2533 2489/2606 2572/2690
f 2320/2437 2538/2655 2572/2690 2389/2506
f 2389/2506 2572/2690 2573/2691 2390/2507
f 1342/1342 2241/2248 2574/2880 1403/1403
f 2268/2275 1342/1342 1403/1403 2653/2774
f 2653/2774 1403/1403 1406/1406 804/804
f 2522/2639 2521/2638 2577/2833 2576/2694
f 956/956 2522/2639 2576/2694 946/946
f 946/946 2576/2694 2579/2697 943/943
f 2560/2677 2559/2676 2581/2852 2580/2698
f 925/925 2560/2677 2580/2698 998/998
f 998/998 2580/2698 2583/2701 992/992
f 2562/2679 2432/2549 2437/2554 2584/2702
f 2335/2452 2562/2679 2584/2702 2338/2455
f 2338/2455 2584/2702 2585/2703 2339/2456
f 2564/2681 2452/2569 2457/2574 1869/1869
f 2355/2472 2564/2681 1869/1869 2358/2475
f 2358/2475 1869/1869 1872/1872 2359/2476
f 2615/2733 2614/2732 2587/2874 2586/2704
f 2652/2773 2615/2733 2586/2704 2651/2772
f 2651/2772 2586/2704 2589/2707 2650/2770
f 2568/2685 2567/2684 2591/2806 2590/2708
f 2637/2756 2568/2685 2590/2708 2636/2755
f 2636/2755 2590/2708 2593/2711 2635/2754
f 141/141 2472/2589 2477/2594 2594/2712
f 2375/2492 141/141 2594/2712 2378/2495
f 2378/2495 2594/2712 2595/2713 2379/2496
f 1455/2689 2571/2688 2596/2827 1415/1415
f 2641/2760 1455/2689 1415/1415 768/768
f 768/768 1415/1415 1418/1418 762/762
f 1860/1860 2496/2613 2404/2521 1881/1881
f 2397/2514 1860/1860 1881/1881 2505/2622
f 2505/2622 1881/1881 1775/1775 2267/2274
f 2595/2713 2476/2593 2409/2526 2598/2716
f 2379/2496 2595/2713 2598/2716 2312/2429
f 2312/2429 2598/2716 2599/2717 2313/2430
f 2583/2701 2582/2700 2601/2848 2600/2718
f 992/992 2583/2701 2600/2718 986/986
f 986/2766 2600/2718 2603/2721 2646/2765
f 2573/2691 2488/2605 2501/2618 2604/2722
f 2390/2507 2573/2691 2604/2722 2399/2516
f 2399/2516 2604/2722 2605/2723 2400/2517
f 2593/2711 2592/2710 2607/2802 2606/2724
f 2635/2754 2593/2711 2606/2724 2634/2753
f 2634/2753 2606/2724 2609/2727 2633/2752
f 1418/1418 2597/2715 2610/2823 1427/1427
f 762/762 1418/1418 1427/1427 756/756
f 756/756 1427/1427 1430/1430 750/750
f 2134/2136 2133/2135 2613/2882 2612/2730
f 2256/2263 2134/2136 2612/2730 2654/2775
f 2654/2775 2612/2730 2615/2733 2652/2773
f 1354/1354 2517/2634 2616/2812 1439/1439
f 738/738 1354/1354 1439/1439 728/728
f 728/728 1439/1439 1442/1442 725/725
f 2603/2721 2602/2720 2619/2844 2618/2736
f 2646/2765 2603/2721 2618/2736 2645/2764
f 2645/2764 2618/2736 2621/2739 968/968
f 2405/2522 2518/2635 2307/2423 2255/2262
f 2664/2885 2663/2886 2672/2887 2673/2888
f 2668/2889 2677/2890 2676/2891 2667/2892
f 2665/2885 2664/2885 2673/2885 2674/2885
f 2669/2889 2678/2889 2677/2889 2668/2889
f 2666/2885 2665/2885 2674/2885 2675/2885
f 2663/2885 2662/2885 2671/2885 2672/2885
f 2670/2889 2679/2889 2678/2889 2669/2889
f 2667/2889 2666/2889 2675/2889 2676/2889
f 2677/2889 2686/2889 2685/2889 2676/2889
f 2674/2885 2673/2885 2682/2885 2683/2885
f 2678/2889 2687/2889 2686/2889 2677/2889
f 2675/2885 2674/2885 2683/2885 2684/2885
f 2672/2885 2671/2885 2680/2885 2681/2885
f 2679/2889 2688/2889 2687/2889 2678/2889
f 2676/2889 2675/2889 2684/2889 2685/2889
f 2673/2885 2672/2885 2681/2885 2682/2885
f 2685/2889 2684/2889 2693/2889 2694/2889
f 2682/2885 2681/2885 2690/2885 2691/2885
f 2686/2889 2695/2889 2694/2889 2685/2889
f 2683/2885 2682/2885 2691/2885 2692/2885
f 2687/2889 2696/2889 2695/2889 2686/2889
f 2684/2885 2683/2885 2692/2885 2693/2885
f 2681/2885 2680/2885 2689/2885 2690/2885
f 2688/2889 2697/2889 2696/2889 2687/2889
f 2690/2885 2689/2885 2698/2885 2699/2885
f 2697/2889 2706/2889 2705/2889 2696/2889
f 2694/2889 2693/2889 2702/2889 2703/2889
f 2691/2885 2690/2885 2699/2885 2700/2885
f 2695/2889 2704/2889 2703/2889 2694/2889
f 2692/2885 2691/2885 2700/2885 2701/2885
f 2696/2889 2705/2889 2704/2889 2695/2889
f 2693/2885 2692/2885 2701/2885 2702/2885
f 2702/2885 2701/2885 2710/2885 2711/2885
f 2699/2885 2698/2885 2707/2885 2708/2885
f 2706/2889 2715/2889 2714/2889 2705/2889
f 2703/2889 2702/2889 2711/2889 2712/2889
f 2700/2885 2699/2885 2708/2885 2709/2885
f 2704/2889 2713/2889 2712/2889 2703/2889
f 2701/2885 2700/2885 2709/2885 2710/2885
f 2705/2889 2714/2889 2713/2889 2704/2889
f 2714/2889 2723/2889 2722/2889 2713/2889
f 2711/2885 2710/2885 2719/2885 2720/2885
f 2708/2885 2707/2885 2716/2885 2717/2885
f 2715/2889 2724/2889 2723/2889 2714/2889
f 2712/2889 2711/2889 2720/2889 2721/2889
f 2709/2885 2708/2885 2717/2885 2718/2885
f 2713/2889 2722/2889 2721/2889 2712/2889
f 2710/2885 2709/2885 2718/2885 2719/2885
f 2722/2889 2731/2889 2730/2889 2721/2889
f 2719/2885 2718/2885 2727/2885 2728/2885
f 2723/2889 2732/2889 2731/2889 2722/2889
f 2720/2885 2719/2885 2728/2885 2729/2885
f 2717/2885 2716/2885 2725/2885 2726/2885
f 2724/2889 2733/2889 2732/2889 2723/2889
f 2721/2889 2720/2889 2729/2889 2730/2889
f 2718/2885 2717/2885 2726/2885 2727/2885
f 2727/2885 2726/2885 2735/2885 2736/2885
f 2731/2889 2740/2889 2739/2889 2730/2889
f 2728/2885 2727/2885 2736/2885 2737/2885
f 2732/2889 2741/2889 2740/2889 2731/2889
f 2729/2885 2728/2885 2737/2885 2738/2885
f 2726/2885 2725/2885 2734/2885 2735/2885
f 2733/2889 2742/2889 2741/2889 2732/2889
f 2730/2889 2729/2889 2738/2889 2739/2889
f 2739/2889 2738/2889 2747/2889 2748/2889
f 2736/2885 2735/2885 2744/2885 2745/2885
f 2740/2889 2749/2889 2748/2889 2739/2889
f 2737/2885 2736/2885 2745/2885 2746/2885
f 2741/2889 2750/2889 2749/2889 2740/2889
f 2738/2885 2737/2885 2746/2885 2747/2885
f 2735/2885 2734/2885 2743/2885 2744/2885
f 2742/2889 2751/2889 2750/2889 2741/2889
f 2744/2885 2743/2885 2752/2885 2753/2885
f 2751/2889 2760/2889 2759/2889 2750/2889
f 2748/2889 2747/2889 2756/2889 2757/2889
f 2745/2885 2744/2885 2753/2885 2754/2885
f 2749/2889 2758/2889 2757/2889 2748/2889
f 2746/2885 2745/2885 2754/2885 2755/2885
f 2750/2889 2759/2889 2758/2889 2749/2889
f 2747/2885 2746/2885 2755/2885 2756/2885
f 2759/2889 2768/2889 2767/2889 2758/2889
f 2756/2885 2755/2885 2764/2885 2765/2885
f 2753/2885 2752/2885 2761/2885 2762/2885
f 2760/2889 2769/2889 2768/2889 2759/2889
f 2757/2889 2756/2889 2765/2889 2766/2889
f 2754/2885 2753/2885 2762/2885 2763/2885
f 2758/2889 2767/2889 2766/2889 2757/2889
f 2755/2885 2754/2885 2763/2885 2764/2885
f 2764/2885 2763/2885 2772/2885 2773/2885
f 2768/2889 2777/2889 2776/2889 2767/2889
f 2765/2885 2764/2885 2773/2885 2774/2885
f 2762/2885 2761/2885 2770/2885 2771/2885
f 2769/2889 2778/2889 2777/2889 2768/2889
f 2766/2889 2765/2889 2774/2889 2775/2889
f 2763/2885 2762/2885 2771/2885 2772/2885
f 2767/2889 2776/2889 2775/2889 2766/2889
f 2776/2889 2785/2889 2784/2889 2775/2889
f 2773/2885 2772/2885 2781/2885 2782/2885
f 2777/2889 2786/2889 2785/2889 2776/2889
f 2774/2885 2773/2885 2782/2885 2783/2885
f 2771/2885 2770/2885 2779/2885 2780/2885
f 2778/2889 2787/2889 2786/2889 2777/2889
f 2775/2889 2774/2889 2783/2889 2784/2889
f 2772/2885 2771/2885 2780/2885 2781/2885
f 2781/2885 2780/2885 2789/2885 2790/2885
f 2785/2889 2794/2889 2793/2889 2784/2889
f 2782/2885 2781/2885 2790/2885 2791/2885
f 2786/2889 2795/2889 2794/2889 2785/2889
f 2783/2885 2782/2885 2791/2885 2792/2885
f 2780/2885 2779/2885 2788/2885 2789/2885
f 2787/2889 2796/2889 2795/2889 2786/2889
f 2784/2889 2783/2889 2792/2889 2793/2889
f 2796/2889 2805/2889 2804/2889 2795/2889
f 2793/2889 2792/2889 2801/2889 2802/2889
f 2790/2885 2789/2885 2798/2885 2799/2885
f 2794/2889 2803/2889 2802/2889 2793/2889
f 2791/2885 2790/2885 2799/2885 2800/2885
f 2795/2889 2804/2889 2803/2889 2794/2889
f 2792/2885 2791/2885 2800/2885 2801/2885
f 2789/2885 2788/2885 2797/2885 2798/2885
f 2801/2885 2800/2885 2809/2885 2810/2885
f 2798/2885 2797/2885 2806/2885 2807/2885
f 2805/2889 2814/2889 2813/2889 2804/2889
f 2802/2889 2801/2889 2810/2889 2811/2889
f 2799/2885 2798/2885 2807/2885 2808/2885
f 2803/2889 2812/2889 2811/2889 2802/2889
f 2800/2885 2799/2885 2808/2885 2809/2885
f 2804/2889 2813/2889 2812/2889 2803/2889
f 2813/2889 2822/2889 2821/2889 2812/2889
f 2810/2885 2809/2885 2818/2885 2819/2885
f 2807/2885 2806/2885 2815/2885 2816/2885
f 2814/2889 2823/2889 2822/2889 2813/2889
f 2811/2889 2810/2889 2819/2889 2820/2889
f 2808/2885 2807/2885 2816/2885 2817/2885
f 2812/2889 2821/2889 2820/2889 2811/2889
f 2809/2885 2808/2885 2817/2885 2818/2885
f 2818/2885 2817/2885 2826/2885 2827/2885
f 2822/2889 2831/2889 2830/2889 2821/2889
f 2819/2885 2818/2885 2827/2885 2828/2885
f 2816/2885 2815/2885 2824/2885 2825/2885
f 2823/2889 2832/2889 2831/2889 2822/2889
f 2820/2889 2819/2889 2828/2889 2829/2889
f 2817/2885 2816/2885 2825/2885 2826/2885
f 2821/2889 2820/2889 2829/2889 2830/2889
f 2830/2889 2829/2889 2838/2889 2839/2889
f 2827/2885 2826/2885 2835/2885 2836/2885
f 2831/2889 2840/2889 2839/2889 2830/2889
f 2828/2885 2827/2885 2836/2885 2837/2885
f 2825/2885 2824/2885 2833/2885 2834/2885
f 2832/2889 2841/2889 2840/2889 2831/2889
f 2829/2889 2828/2889 2837/2889 2838/2889
f 2826/2885 2825/2885 2834/2885 2835/2885
f 2838/2889 2837/2889 2846/2889 2847/2889
f 2835/2885 2834/2885 2843/2885 2844/2885
f 2839/2889 2838/2889 2847/2889 2848/2889
f 2836/2885 2835/2885 2844/2885 2845/2885
f 2840/2889 2849/2889 2848/2889 2839/2889
f 2837/2885 2836/2885 2845/2885 2846/2885
f 2834/2885 2833/2885 2842/2885 2843/2885
f 2841/2889 2850/2889 2849/2889 2840/2889
f 2843/2885 2842/2885 2851/2885 2852/2885
f 2850/2889 2859/2889 2858/2889 2849/2889
f 2847/2889 2846/2889 2855/2889 2856/2889
f 2844/2885 2843/2885 2852/2885 2853/2885
f 2848/2889 2857/2889 2856/2889 2847/2889
f 2845/2885 2844/2885 2853/2885 2854/2885
f 2849/2889 2858/2889 2857/2889 2848/2889
f 2846/2885 2845/2885 2854/2885 2855/2885
f 2855/2885 2854/2885 2665/2885 2666/2885
f 2852/2885 2851/2885 2662/2885 2663/2885
f 2859/2889 2670/2889 2669/2889 2858/2889
f 2856/2889 2855/2889 2666/2889 2667/2889
f 2853/2885 2852/2885 2663/2885 2664/2885
f 2857/2889 2668/2889 2667/2889 2856/2889
f 2854/2885 2853/2885 2664/2885 2665/2885
f 2858/2889 2669/2889 2668/2889 2857/2889
f 2860/2893 2861/2894 2862/2895 2863/2896
f 2863/2896 2862/2895 2864/2897 2865/2898
f 2865/2898 2864/2897 2866/2899 2867/2900
f 2867/2900 2866/2899 2868/2901 2869/2902
f 2869/2902 2868/2901 2870/2903 2871/2904
f 2871/2904 2870/2903 2872/2905 2873/2906
f 2873/2906 2872/2905 2874/2907 2875/2908
f 2875/2908 2874/2907 2876/2909 2877/2910
f 2877/2910 2876/2909 2878/2911 2879/2912
f 2879/2912 2878/2911 2880/2913 2881/2914
f 2881/2914 2880/2913 2882/2915 2883/2916
f 2884/2917 2885/2918 2886/2919 2887/2920
f 2888/2921 2889/2922 2890/2923 2891/2924
f 2892/2925 2893/2926 2894/2927 2895/2928
f 2896/2929 2897/2930 2898/2931 2899/2932
f 2900/2933 2901/2934 2902/2935 2903/2936
f 2904/2937 2905/2938 2906/2939 2907/2940
f 2908/2941 2909/2942 2910/2943 2911/2944
f 2912/2945 2913/2946 2914/2947 2915/2948
f 2916/2949 2917/2950 2918/2951 2919/2952
f 2920/2953 2921/2954 2922/2955 2923/2956
f 2905/2938 2924/2957 2925/2958 2906/2939
f 2926/2959 2927/2960 2928/2961 2929/2962
f 2930/2963 2931/2964 2932/2965 2933/2966
f 2934/2967 2892/2925 2895/2928 2935/2968
f 2901/2934 2908/2941 2911/2944 2902/2935
f 2889/2922 2912/2945 2915/2948 2890/2923
f 2917/2950 2936/2969 2937/2970 2918/2951
f 2921/2954 2938/2971 2939/2972 2922/2955
f 2940/2973 2904/2974 2907/2975 2941/2976
f 2893/2926 2926/2959 2929/2962 2894/2927
f 2931/2964 2900/2933 2903/2936 2932/2965
f 2913/2946 2934/2967 2935/2968 2914/2947
f 2897/2930 2916/2949 2919/2952 2898/2931
f 2942/2977 2888/2921 2891/2924 2943/2978
f 2924/2957 2896/2929 2899/2932 2925/2958
f 2936/2969 2920/2953 2923/2956 2937/2970
f 2938/2971 2930/2963 2933/2966 2939/2972
f 2927/2960 2940/2973 2941/2976 2928/2961
f 2944/2979 2945/2980 2946/2981 2947/2982
f 2948/2983 2949/2984 2950/2985 2951/2986
f 2952/2987 2953/2988 2954/2989 2955/2990
f 2956/2991 2957/2992 2958/2993 2959/2994
f 2960/2995 2961/2996 2962/2997 2963/2998
f 2964/2999 2965/3000 2966/3001 2967/3002
f 2968/3003 2969/3004 2970/3005 2971/3006
f 2961/2996 2972/3007 2973/3008 2962/2997
f 2974/3009 2975/3010 2976/3011 2977/3012
f 2978/3013 2979/3014 2980/3015 2981/3016
f 2982/3017 2983/3018 2984/3019 2985/3020
f 2986/3021 2987/3022 2988/3023 2989/3024
f 2990/3025 2948/2983 2951/2986 2991/3026
f 2957/2992 2960/2995 2963/2998 2958/2993
f 2945/2980 2964/2999 2967/3002 2946/2981
f 2969/3004 2992/3027 2993/3028 2970/3005
f 2975/3010 2994/3029 2995/3030 2976/3011
f 2996/3031 2997/3032 2998/3033 2999/3034
f 2949/2984 2982/3017 2985/3020 2950/2985
f 2987/3022 2956/2991 2959/2994 2988/3023
f 2965/3000 2990/3025 2991/3026 2966/3001
f 2953/2988 2968/3003 2971/3006 2954/2989
f 2972/3007 2944/2979 2947/2982 2973/3008
f 2979/3014 2952/2987 2955/2990 2980/3015
f 2992/3027 2974/3009 2977/3012 2993/3028
f 2994/3029 2986/3021 2989/3024 2995/3030
f 2983/3018 2996/3031 2999/3034 2984/3019
f 3000/3035 3001/3036 3002/3037 3003/3038
f 3004/3039 3005/3040 3006/3041 3007/3042
f 3008/3043 3000/3035 3003/3038 3009/3044
f 3010/3045 3004/3039 3007/3042 3011/3046
f 3012/3047 3013/3048 3014/3049 3015/3050
f 3016/3051 3017/3052 3018/3053 3019/3054
f 3001/3036 3020/3055 3021/3056 3002/3037
f 3005/3040 3022/3057 3023/3058 3006/3041
f 3024/3059 3025/3060 3026/3061 3027/3062
f 3028/3063 3029/3064 3030/3065 3031/3066
f 3032/3067 3033/3068 3034/3069 3035/3070
f 3036/3071 3037/3072 3038/3073 3039/3074
f 3040/3075 3041/3076 3042/3077 3043/3078
f 3044/3079 3045/3080 3046/3081 3047/3082
f 3048/3083 3049/3084 3050/3085 3051/3086
f 3052/3087 3053/3088 3054/3089 3055/3090
f 3056/3091 3057/3092 3058/3093 3059/3094
f 3060/3095 3061/3096 3062/3097 3063/3098
f 3064/3099 3065/3100 3066/3101 3067/3102
f 3068/3103 3069/3104 3070/3105 3071/3106
f 3072/3107 3012/3047 3015/3050 3073/3108
f 3074/3109 3016/3051 3019/3054 3075/3110
f 3076/3111 3077/3112 3078/3113 3079/3114
f 3080/3115 3081/3116 3082/3117 3083/3118
f 3084/3119 3032/3067 3035/3070 3085/3120
f 3086/3121 3036/3071 3039/3074 3087/3122
f 3025/3060 3088/3123 3089/3124 3026/3061
f 3029/3064 3090/3125 3091/3126 3030/3065
f 3049/3084 3092/3127 3093/3128 3050/3085
f 3053/3088 3094/3129 3095/3130 3054/3089
f 3096/3131 3040/3075 3043/3078 3097/3132
f 3098/3133 3044/3079 3047/3082 3099/3134
f 3057/3092 3008/3043 3009/3044 3058/3093
f 3061/3096 3010/3045 3011/3046 3062/3097
f 3013/3048 3064/3099 3067/3102 3014/3049
f 3017/3052 3068/3103 3071/3106 3018/3053
f 3100/3135 3096/3131 3097/3132 3101/3136
f 3102/3137 3098/3133 3099/3134 3103/3138
f 3033/3068 3072/3107 3073/3108 3034/3069
f 3037/3072 3074/3109 3075/3110 3038/3073
f 3077/3112 3104/3139 3105/3140 3078/3113
f 3081/3116 3102/3137 3103/3138 3082/3117
f 3106/3141 3024/3059 3027/3062 3107/3142
f 3108/3143 3028/3063 3031/3066 3109/3144
f 3041/3076 3084/3119 3085/3120 3042/3077
f 3045/3080 3086/3121 3087/3122 3046/3081
f 3110/3145 3048/3083 3051/3086 3111/3146
f 3112/3147 3052/3087 3055/3090 3113/3148
f 3092/3127 3056/3091 3059/3094 3093/3128
f 3094/3129 3060/3095 3063/3098 3095/3130
f 3065/3100 3106/3141 3107/3142 3066/3101
f 3069/3104 3108/3143 3109/3144 3070/3105
f 3020/3055 3076/3111 3079/3114 3021/3056
f 3022/3057 3080/3115 3083/3118 3023/3058
f 3090/3125 3112/3149 3113/3150 3091/3126
f 2861/2894 2860/2893 3114/3151 3115/3152
f 3116/3153 3117/3154 3118/3155 3119/3156
f 3115/3152 3114/3151 3120/3157 3121/3158
f 3119/3156 3118/3155 3122/3159 3123/3160
f 3117/3154 3116/3153 3124/3161 3125/3162
f 3125/3162 3124/3161 3126/3163 3127/3164
f 3127/3164 3126/3163 3128/3165 3129/3166
f 3129/3166 3128/3165 3130/3167 3131/3168
f 3131/3168 3130/3167 3132/3169 3133/3170
f 3133/3170 3132/3169 3134/3171 3135/3172
f 3135/3172 3134/3171 3136/3173 3137/3174
f 3137/3174 3136/3173 3138/3175 3139/3176
f 3139/3176 3138/3175 3140/3177 3141/3178
f 3141/3178 3140/3177 3142/3179 3143/3180
f 3143/3180 3142/3179 3144/3181 3145/3182
f 3121/3158 3120/3157 3146/3183 3147/3184
f 3123/3160 3122/3159 3148/3185 3149/3186
f 3150/3187 3151/3188 3152/3189 3153/3190
f 3154/3191 3155/3192 3156/3193 3157/3194
f 3153/3190 3152/3189 3158/3195 3159/3196
f 3157/3194 3156/3193 3160/3197 3161/3198
f 3159/3196 3158/3195 3162/3199 3163/3200
f 3161/3198 3160/3197 3164/3201 3165/3202
f 3163/3200 3162/3199 3166/3203 3167/3204
f 3165/3202 3164/3201 3168/3205 3169/3206
f 3167/3204 3166/3203 3170/3207 3171/3208
f 3169/3206 3168/3205 3172/3209 3173/3210
f 3171/3208 3170/3207 3174/3211 3175/3212
f 3173/3210 3172/3209 3176/3213 3177/3214
f 3175/3212 3174/3211 2884/2917 2887/2920
f 3177/3214 3176/3213 3178/3215 3179/3216
f 2886/2919 2885/2918 3180/3217 3181/3218
f 3182/3219 3183/3220 3184/3221 3185/3222
f 3186/3223 3187/3224 3188/3225 3189/3226
f 3190/3227 3191/3228 3192/3229 3193/3230
f 3194/3231 3195/3232 3196/3233 3197/3234
f 3193/3230 3192/3229 3198/3235 3199/3236
f 3200/3237 3197/3234 3196/3233 3201/3238
f 3202/3239 3199/3236 3198/3235 3203/3240
f 3178/3215 3183/3220 3182/3219 3179/3216
f 3149/3186 3148/3185 3155/3241 3154/3242
f 3181/3218 3180/3217 3187/3224 3186/3223
f 3185/3222 3184/3221 3191/3228 3190/3227
f 3204/3243 3205/3244 3206/3245 3207/3246
f 3208/3247 3209/3248 3210/3249 3211/3250
f 3212/3251 3213/3252 3214/3253 3215/3254
f 3216/3255 3217/3256 3218/3257 3219/3258
f 3220/3259 3221/3260 3222/3261 3223/3262
f 3224/3263 3225/3264 3226/3265 3227/3266
f 3221/3260 3228/3267 3229/3268 3222/3261
f 3230/3269 3231/3270 3232/3271 3233/3272
f 3234/3273 3235/3274 3236/3275 3237/3276
f 3238/3277 3239/3278 3240/3279 3241/3280
f 3242/3281 3243/3282 3244/3283 3245/3284
f 3246/3285 3208/3247 3211/3250 3247/3286
f 3217/3256 3220/3259 3223/3262 3218/3257
f 3205/3244 3224/3263 3227/3266 3206/3245
f 3248/3287 3249/3288 3250/3289 3251/3290
f 3231/3270 3252/3291 3253/3292 3232/3271
f 3254/3293 3255/3294 3256/3295 3257/3296
f 3209/3248 3238/3277 3241/3280 3210/3249
f 3243/3282 3216/3255 3219/3258 3244/3283
f 3225/3264 3246/3285 3247/3286 3226/3265
f 3213/3252 3258/3297 3259/3298 3214/3253
f 3228/3267 3204/3243 3207/3246 3229/3268
f 3235/3274 3212/3251 3215/3254 3236/3275
f 3249/3288 3230/3269 3233/3272 3250/3289
f 3252/3291 3242/3281 3245/3284 3253/3292
f 3239/3278 3254/3293 3257/3296 3240/3279
f 3260/3299 3261/3300 3262/3301 3263/3302
f 3264/3303 3265/3304 3266/3305 3267/3306
f 3268/3307 3269/3308 3270/3309 3271/3310
f 3272/3311 3273/3312 3274/3313 3275/3314
f 3276/3315 3277/3316 3278/3317 3279/3318
f 3280/3319 3281/3320 3282/3321 3283/3322
f 3284/3323 3285/3324 3286/3325 3287/3326
f 3277/3316 3288/3327 3289/3328 3278/3317
f 3290/3329 3291/3330 3292/3331 3293/3332
f 3294/3333 3295/3334 3296/3335 3297/3336
f 3298/3337 3299/3338 3300/3339 3301/3340
f 3302/3341 3303/3342 3304/3343 3305/3344
f 3306/3345 3264/3303 3267/3306 3307/3346
f 3273/3312 3276/3315 3279/3318 3274/3313
f 3261/3300 3280/3319 3283/3322 3262/3301
f 3285/3324 3308/3347 3309/3348 3286/3325
f 3291/3330 3310/3349 3311/3350 3292/3331
f 3312/3351 3313/3352 3314/3353 3315/3354
f 3265/3304 3298/3337 3301/3340 3266/3305
f 3303/3342 3272/3311 3275/3314 3304/3343
f 3281/3320 3306/3345 3307/3346 3282/3321
f 3269/3308 3284/3323 3287/3326 3270/3309
f 3288/3327 3260/3299 3263/3302 3289/3328
f 3295/3334 3268/3307 3271/3310 3296/3335
f 3308/3347 3290/3329 3293/3332 3309/3348
f 3310/3349 3302/3341 3305/3344 3311/3350
f 3299/3338 3312/3351 3315/3354 3300/3339
f 3316/3355 3317/3356 3318/3357 3319/3358
f 3319/3358 3318/3357 3320/3359 3321/3360
f 3317/3356 3316/3355 3322/3361 3323/3362
f 3323/3362 3322/3361 3324/3363 3325/3364
f 3325/3364 3324/3363 3326/3365 3327/3366
f 3327/3366 3326/3365 3328/3367 3329/3368
f 3329/3368 3328/3367 3330/3369 3331/3370
f 3331/3370 3330/3369 3332/3371 3333/3372
f 3333/3372 3332/3371 3334/3373 3335/3374
f 3335/3374 3334/3373 3336/3375 3337/3376
f 3337/3376 3336/3375 3338/3377 3339/3378
f 3339/3378 3338/3377 3340/3379 3341/3380
f 3341/3380 3340/3379 3342/3381 3343/3382
f 3321/3360 3320/3359 3344/3383 3345/3384
f 3346/3385 3347/3386 3348/3387 3349/3388
f 3349/3388 3348/3387 3350/3389 3351/3390
f 3351/3390 3350/3389 3352/3391 3353/3392
f 3353/3392 3352/3391 3354/3393 3355/3394
f 3355/3394 3354/3393 3356/3395 3357/3396
f 3357/3396 3356/3395 3358/3397 3359/3398
f 3359/3398 3358/3397 3360/3399 3361/3400
f 3361/3401 3362/3402 3363/3403 3364/3404
f 3362/3405 3365/3406 3366/3407 3367/3408
f 3368/3409 3369/3410 3370/3411 3371/3412
f 3371/3412 3370/3411 3372/3413 3373/3414
f 3342/3381 3373/3414 3372/3413 3343/3382
f 3359/3398 3361/3400 3364/3404 3374/3415
f 3328/3367 3326/3365 3375/3416 3376/3417
f 3362/3402 3367/3408 3377/3418 3363/3403
f 3319/3358 3321/3360 3378/3419 3379/3420
f 3334/3373 3332/3371 3380/3421 3381/3422
f 3340/3379 3338/3377 3382/3423 3383/3424
f 3349/3388 3351/3390 3384/3425 3385/3426
f 3355/3394 3357/3396 3386/3427 3387/3428
f 3324/3363 3322/3361 3388/3429 3389/3430
f 3390/3431 3391/3432 3392/3433 3393/3434
f 3330/3369 3328/3367 3376/3417 3394/3435
f 3368/3409 3371/3412 3395/3436 3396/3437
f 3336/3375 3334/3373 3381/3422 3397/3438
f 3321/3360 3345/3384 3398/3439 3378/3419
f 3351/3390 3353/3392 3399/3440 3384/3425
f 3342/3381 3340/3379 3383/3424 3400/3441
f 3357/3396 3359/3398 3374/3415 3386/3427
f 3326/3365 3324/3363 3389/3430 3375/3416
f 3373/3414 3342/3381 3400/3441 3401/3442
f 3332/3371 3330/3369 3394/3435 3380/3421
f 3371/3412 3373/3414 3401/3442 3395/3436
f 3316/3355 3319/3358 3379/3420 3402/3443
f 3338/3377 3336/3375 3397/3438 3382/3423
f 3346/3385 3349/3388 3385/3426 3403/3444
f 3353/3392 3355/3394 3387/3428 3399/3440
f 3322/3361 3316/3355 3402/3443 3388/3429
f 3404/3445 3405/3446 3406/3447 3407/3448
f 3408/3449 3409/3450 3410/3451 3411/3452
f 3412/3453 3413/3454 3414/3455 3415/3456
f 3391/3432 3416/3457 3417/3458 3392/3433
f 3418/3459 3419/3460 3420/3461 3421/3462
f 3422/3463 3423/3464 3424/3465 3425/3466
f 3426/3467 3427/3468 3428/3469 3429/3470
f 3430/3471 3431/3472 3432/3473 3433/3474
f 3434/3475 3435/3476 3436/3477 3437/3478
f 3438/3479 3439/3480 3440/3481 3441/3482
f 3442/3483 3443/3484 3444/3485 3445/3486
f 3446/3487 3447/3488 3448/3489 3449/3490
f 3405/3446 3422/3463 3425/3466 3406/3447
f 3450/3491 3408/3449 3411/3452 3451/3492
f 3413/3454 3452/3493 3453/3494 3414/3455
f 3454/3495 3404/3445 3407/3448 3455/3496
f 3409/3450 3456/3497 3457/3498 3410/3451
f 3419/3460 3458/3499 3459/3500 3420/3461
f 3456/3497 3418/3459 3421/3462 3457/3498
f 3423/3464 3430/3471 3433/3474 3424/3465
f 3435/3476 3390/3431 3393/3434 3436/3477
f 3431/3472 3438/3479 3441/3482 3432/3473
f 3443/3484 3434/3475 3437/3478 3444/3485
f 3439/3480 3446/3487 3449/3490 3440/3481
f 3452/3493 3442/3483 3445/3486 3453/3494
f 3447/3488 3450/3491 3451/3492 3448/3489
f 3460/3501 3461/3502 3462/3503 3463/3504
f 3464/3505 3465/3506 3466/3507 3467/3508
f 3468/3509 3469/3510 3470/3511 3471/3512
f 3472/3513 3473/3514 3474/3515 3475/3516
f 3476/3517 3477/3518 3478/3519 3479/3520
f 3480/3521 3481/3522 3482/3523 3483/3524
f 3477/3518 3484/3525 3485/3526 3478/3519
f 3486/3527 3487/3528 3488/3529 3489/3530
f 3490/3531 3426/3467 3429/3470 3491/3532
f 3492/3533 3493/3534 3494/3535 3495/3536
f 3496/3537 3497/3538 3498/3539 3499/3540
f 3500/3541 3501/3542 3502/3543 3503/3544
f 3469/3510 3504/3545 3505/3546 3470/3511
f 3506/3547 3464/3505 3467/3508 3507/3548
f 3473/3514 3460/3501 3463/3504 3474/3515
f 3465/3506 3476/3517 3479/3520 3466/3507
f 3508/3549 3468/3509 3471/3512 3509/3550
f 3427/3468 3510/3551 3511/3552 3428/3469
f 3484/3525 3480/3521 3483/3524 3485/3526
f 3461/3502 3486/3527 3489/3530 3462/3503
f 3487/3528 3492/3533 3495/3536 3488/3529
f 3497/3538 3490/3531 3491/3532 3498/3539
f 3493/3534 3500/3541 3503/3544 3494/3535
f 3504/3545 3496/3537 3499/3540 3505/3546
f 3501/3542 3506/3547 3507/3548 3502/3543
f 3512/3553 3462/3503 3489/3530 3513/3554
f 3513/3554 3489/3530 3488/3529 3514/3555
f 3514/3555 3488/3529 3495/3536 3515/3556
f 3516/3557 3463/3504 3462/3503 3512/3553
f 3517/3558 3474/3515 3463/3504 3516/3557
f 3518/3559 3475/3516 3474/3515 3517/3558
f 3519/3560 3428/3469 3511/3552 3520/3561
f 3360/3399 3365/3406 3362/3405 3361/3400
f 3521/3562 3522/3563 3523/3564 3524/3565
f 3522/3563 3525/3566 3526/3567 3523/3564
f 3525/3566 3527/3568 3528/3569 3526/3567
f 3527/3568 3529/3570 3530/3571 3528/3569
f 3529/3570 3531/3572 3532/3573 3530/3571
f 3524/3565 3523/3564 3533/3574 3534/3575
f 3523/3564 3526/3567 3535/3576 3533/3574
f 3526/3567 3528/3569 3536/3577 3535/3576
f 3528/3569 3530/3571 3537/3578 3536/3577
f 3530/3571 3532/3573 3538/3579 3537/3578
f 3534/3575 3533/3574 3539/3580 3540/3581
f 3533/3574 3535/3576 3541/3582 3539/3580
f 3535/3576 3536/3577 3542/3583 3541/3582
f 3536/3577 3537/3578 3543/3584 3542/3583
f 3537/3578 3538/3579 3544/3585 3543/3584
f 3545/3586 3546/3587 3522/3563 3521/3562
f 3546/3587 3547/3588 3525/3566 3522/3563
f 3547/3588 3548/3589 3527/3568 3525/3566
f 3548/3589 3549/3590 3529/3570 3527/3568
f 3549/3590 3550/3591 3531/3572 3529/3570
f 3551/3592 3552/3593 3546/3587 3545/3586
f 3552/3593 3553/3594 3547/3588 3546/3587
f 3553/3594 3554/3595 3548/3589 3547/3588
f 3554/3595 3555/3596 3549/3590 3548/3589
f 3555/3596 3556/3597 3550/3591 3549/3590
f 3557/3598 3558/3599 3552/3593 3551/3592
f 3558/3599 3559/3600 3553/3594 3552/3593
f 3559/3600 3560/3601 3554/3595 3553/3594
f 3560/3601 3561/3602 3555/3596 3554/3595
f 3561/3602 3562/3603 3556/3597 3555/3596
f 3563/3604 3564/3605 3565/3606 3566/3607
f 3564/3605 3567/3608 3568/3609 3565/3606
f 3567/3608 3569/3610 3570/3611 3568/3609
f 3569/3610 3571/3612 3572/3613 3570/3611
f 3571/3612 3573/3614 3574/3615 3572/3613
f 3485/3526 3521/3562 3524/3565 3478/3519
f 3478/3519 3524/3565 3534/3575 3479/3520
f 3479/3520 3534/3575 3540/3581 3466/3507
f 3483/3524 3545/3586 3521/3562 3485/3526
f 3482/3523 3551/3592 3545/3586 3483/3524
f 3509/3616 3557/3598 3551/3592 3482/3523
f 3470/3511 3563/3604 3566/3607 3471/3512
f 3467/3508 3466/3507 3540/3581 3539/3580
f 3531/3572 3512/3553 3513/3554 3532/3573
f 3532/3573 3513/3554 3514/3555 3538/3579
f 3538/3579 3514/3555 3515/3556 3544/3585
f 3550/3591 3516/3557 3512/3553 3531/3572
f 3556/3597 3517/3558 3516/3557 3550/3591
f 3562/3603 3518/3559 3517/3558 3556/3597
f 3573/3614 3519/3560 3520/3561 3574/3615
f 3428/3469 3519/3560 3573/3614 3429/3470
f 3429/3470 3573/3614 3571/3612 3491/3532
f 3491/3532 3571/3612 3569/3610 3498/3539
f 3498/3539 3569/3610 3567/3608 3499/3540
f 3499/3540 3567/3608 3564/3605 3505/3546
f 3505/3546 3564/3605 3563/3604 3470/3511
f 3507/3548 3467/3508 3539/3580 3541/3582
f 3502/3543 3507/3548 3541/3582 3542/3583
f 3503/3544 3502/3543 3542/3583 3543/3584
f 3494/3535 3503/3544 3543/3584 3544/3585
f 3495/3536 3494/3535 3544/3585 3515/3556
f 3393/3617 3392/3618 3427/3468 3426/3467
f 3406/3619 3425/3620 3461/3502 3460/3501
f 3451/3621 3411/3622 3465/3506 3464/3505
f 3414/3623 3453/3624 3469/3510 3468/3509
f 3455/3625 3407/3626 3473/3514 3472/3513
f 3410/3627 3457/3628 3477/3518 3476/3517
f 3420/3629 3459/3630 3481/3522 3480/3521
f 3457/3628 3421/3631 3484/3525 3477/3518
f 3424/3632 3433/3633 3487/3528 3486/3527
f 3436/3634 3393/3617 3426/3467 3490/3531
f 3432/3635 3441/3636 3493/3534 3492/3533
f 3444/3637 3437/3638 3497/3538 3496/3537
f 3440/3639 3449/3640 3501/3542 3500/3541
f 3453/3624 3445/3641 3504/3545 3469/3510
f 3448/3642 3451/3621 3464/3505 3506/3547
f 3407/3626 3406/3619 3460/3501 3473/3514
f 3411/3622 3410/3627 3476/3517 3465/3506
f 3415/3643 3414/3623 3468/3509 3508/3549
f 3392/3618 3417/3644 3510/3551 3427/3468
f 3421/3631 3420/3629 3480/3521 3484/3525
f 3425/3620 3424/3632 3486/3527 3461/3502
f 3433/3633 3432/3635 3492/3533 3487/3528
f 3437/3638 3436/3634 3490/3531 3497/3538
f 3441/3636 3440/3639 3500/3541 3493/3534
f 3445/3641 3444/3637 3496/3537 3504/3545
f 3449/3640 3448/3642 3506/3547 3501/3542
f 3364/3404 3363/3403 3391/3432 3390/3431
f 3395/3436 3401/3442 3405/3446 3404/3445
f 3389/3430 3388/3429 3409/3450 3408/3449
f 3403/3444 3385/3426 3413/3454 3412/3453
f 3363/3403 3377/3418 3416/3457 3391/3432
f 3379/3420 3378/3419 3419/3460 3418/3459
f 3400/3441 3383/3424 3423/3464 3422/3463
f 3382/3423 3397/3438 3431/3472 3430/3471
f 3386/3427 3374/3415 3435/3476 3434/3475
f 3381/3422 3380/3421 3439/3480 3438/3479
f 3399/3440 3387/3428 3443/3484 3442/3483
f 3394/3435 3376/3417 3447/3488 3446/3487
f 3401/3442 3400/3441 3422/3463 3405/3446
f 3375/3416 3389/3430 3408/3449 3450/3491
f 3385/3426 3384/3425 3452/3493 3413/3454
f 3396/3437 3395/3436 3404/3445 3454/3495
f 3388/3429 3402/3443 3456/3497 3409/3450
f 3378/3419 3398/3439 3458/3499 3419/3460
f 3402/3443 3379/3420 3418/3459 3456/3497
f 3383/3424 3382/3423 3430/3471 3423/3464
f 3374/3415 3364/3404 3390/3431 3435/3476
f 3397/3438 3381/3422 3438/3479 3431/3472
f 3387/3428 3386/3427 3434/3475 3443/3484
f 3380/3421 3394/3435 3446/3487 3439/3480
f 3384/3425 3399/3440 3442/3483 3452/3493
f 3376/3417 3375/3416 3450/3491 3447/3488
f 3345/3384 3344/3383 3347/3645 3346/3646
f 3367/3408 3366/3407 3369/3410 3368/3409
f 3367/3408 3368/3409 3396/3437 3377/3418
f 3345/3384 3346/3646 3403/3647 3398/3439
f 3458/3499 3412/3648 3415/3649 3459/3500
f 3416/3457 3454/3495 3455/3496 3417/3458
f 3510/3551 3472/3513 3475/3516 3511/3552
f 3481/3522 3508/3549 3509/3550 3482/3523
f 3520/3561 3511/3552 3475/3516 3518/3559
f 3566/3607 3565/3606 3558/3599 3557/3598
f 3565/3606 3568/3609 3559/3600 3558/3599
f 3568/3609 3570/3611 3560/3601 3559/3600
f 3570/3611 3572/3613 3561/3602 3560/3601
f 3572/3613 3574/3615 3562/3603 3561/3602
f 3471/3512 3566/3607 3557/3598 3509/3550
f 3574/3615 3520/3561 3518/3559 3562/3603
f 3417/3644 3455/3625 3472/3513 3510/3551
f 3459/3630 3415/3643 3508/3549 3481/3522
f 3398/3439 3403/3647 3412/3648 3458/3499
f 3377/3418 3396/3437 3454/3495 3416/3457
f 3575/3650 3576/3651 3577/3652 3578/3653
f 3579/3654 3580/3655 3581/3656 3582/3657
f 3583/3658 3584/3659 3585/3660 3586/3661
f 3587/3662 3588/3663 3589/3664 3590/3665
f 3591/3666 3592/3667 3593/3668 3594/3669
f 3595/3670 3596/3671 3597/3672 3598/3673
f 3599/3674 3600/3675 3601/3676 3602/3677
f 3603/3678 3604/3679 3605/3680 3606/3681
f 3596/3671 3607/3682 3608/3683 3597/3672
f 3609/3684 3610/3685 3611/3686 3612/3687
f 3592/3667 3613/3688 3614/3689 3593/3668
f 3615/3690 3616/3691 3617/3692 3618/3693
f 3619/3694 3620/3695 3621/3696 3622/3697
f 3623/3698 3579/3654 3582/3657 3624/3699
f 3588/3663 3595/3670 3598/3673 3589/3664
f 3576/3651 3599/3674 3602/3677 3577/3652
f 3604/3679 3625/3700 3626/3701 3605/3680
f 3610/3685 3627/3702 3628/3703 3611/3686
f 3629/3704 3591/3705 3594/3706 3630/3707
f 3580/3655 3615/3690 3618/3693 3581/3656
f 3620/3695 3587/3662 3590/3665 3621/3696
f 3600/3675 3623/3698 3624/3699 3601/3676
f 3584/3659 3603/3678 3606/3681 3585/3660
f 3607/3682 3575/3650 3578/3653 3608/3683
f 3613/3688 3583/3658 3586/3661 3614/3689
f 3625/3700 3609/3684 3612/3687 3626/3701
f 3627/3702 3619/3694 3622/3697 3628/3703
f 3616/3691 3629/3704 3630/3707 3617/3692
f 3369/3410 3366/3407 3576/3651 3575/3650
f 3356/3395 3354/3393 3580/3655 3579/3654
f 3318/3357 3317/3356 3584/3659 3583/3658
f 3339/3378 3341/3380 3588/3663 3587/3662
f 3347/3645 3344/3383 3592/3667 3591/3666
f 3343/3382 3372/3413 3596/3671 3595/3670
f 3365/3406 3360/3399 3600/3675 3599/3674
f 3323/3362 3325/3364 3604/3679 3603/3678
f 3372/3413 3370/3411 3607/3682 3596/3671
f 3329/3368 3331/3370 3610/3685 3609/3684
f 3344/3383 3320/3359 3613/3688 3592/3667
f 3352/3391 3350/3389 3616/3691 3615/3690
f 3335/3374 3337/3376 3620/3695 3619/3694
f 3358/3397 3356/3395 3579/3654 3623/3698
f 3341/3380 3343/3382 3595/3670 3588/3663
f 3366/3407 3365/3406 3599/3674 3576/3651
f 3325/3364 3327/3366 3625/3700 3604/3679
f 3331/3370 3333/3372 3627/3702 3610/3685
f 3348/3387 3347/3386 3591/3705 3629/3704
f 3354/3393 3352/3391 3615/3690 3580/3655
f 3337/3376 3339/3378 3587/3662 3620/3695
f 3360/3399 3358/3397 3623/3698 3600/3675
f 3317/3356 3323/3362 3603/3678 3584/3659
f 3370/3411 3369/3410 3575/3650 3607/3682
f 3320/3359 3318/3357 3583/3658 3613/3688
f 3327/3366 3329/3368 3609/3684 3625/3700
f 3333/3372 3335/3374 3619/3694 3627/3702
f 3350/3389 3348/3387 3629/3704 3616/3691
f 3189/3226 3188/3225 3195/3232 3194/3231
f 2882/2915 3200/3237 3201/3238 2883/2916
f 3104/3139 3100/3135 3101/3136 3105/3140
f 3144/3181 3202/3239 3203/3240 3145/3182
f 3631/3708 3632/3709 3633/3710 3634/3711
f 3635/3712 3636/3713 3637/3714 3638/3715
f 3638/3715 3637/3714 3639/3716 3640/3717
f 3640/3717 3639/3716 3641/3718 3642/3719
f 3642/3719 3641/3718 3643/3720 3644/3721
f 3644/3721 3643/3720 3645/3722 3646/3723
f 3646/3723 3645/3722 3647/3724 3648/3725
f 3648/3725 3647/3724 3649/3726 3650/3727
f 3650/3727 3649/3726 3651/3728 3652/3729
f 3652/3729 3651/3728 3653/3730 3654/3731
f 3654/3731 3653/3730 3632/3709 3631/3708
f 3656/3732 3655/3733 3657/3734 3658/3735
f 3659/3736 3660/3737 3661/3738 3662/3739
f 3662/3739 3661/3738 3663/3740 3664/3741
f 3664/3741 3663/3740 3665/3742 3666/3743
f 3666/3743 3665/3742 3667/3744 3668/3745
f 3668/3745 3667/3744 3669/3746 3670/3747
f 3670/3747 3669/3746 3671/3748 3672/3749
f 3672/3749 3671/3748 3673/3750 3674/3751
f 3674/3751 3673/3750 3675/3752 3676/3753
f 3677/3754 3678/3755 3660/3737 3659/3736
f 3679/3756 3680/3757 3681/3758 3682/3759
f 3682/3759 3681/3758 3683/3760 3684/3761
f 3685/3762 3686/3763 3687/3764 3688/3765
f 3688/3765 3687/3764 3689/3766 3690/3767
f 3690/3767 3689/3766 3691/3768 3692/3769
f 3692/3769 3691/3768 3693/3770 3694/3771
f 3694/3771 3693/3770 3695/3772 3696/3773
f 3696/3773 3695/3772 3697/3774 3698/3775
f 3698/3775 3697/3774 3699/3776 3700/3777
f 3700/3777 3699/3776 3701/3778 3702/3779
f 3702/3779 3701/3778 3703/3780 3704/3781
f 3704/3781 3703/3780 3680/3757 3679/3756
f 3684/3761 3683/3760 3705/3782 3706/3783
f 3706/3783 3705/3782 3707/3784 3708/3785
f 3708/3785 3707/3784 3709/3786 3710/3787
f 3710/3787 3709/3786 3711/3788 3712/3789
f 3712/3789 3711/3788 3713/3790 3714/3791
f 3714/3791 3713/3790 3636/3713 3635/3712
f 3715/3792 3716/3793 3717/3794 3718/3795
f 3718/3795 3717/3794 3719/3796 3720/3797
f 3721/3798 3722/3799 3723/3800 3724/3801
f 3724/3801 3723/3800 3725/3802 3726/3803
f 3720/3797 3719/3796 3727/3804 3728/3805
f 3728/3805 3727/3804 3729/3806 3730/3807
f 3726/3803 3725/3802 3731/3808 3732/3809
f 3732/3809 3731/3808 3733/3810 3734/3811
f 3734/3811 3733/3810 3735/3812 3736/3813
f 3736/3813 3735/3812 3737/3814 3738/3815
f 3730/3807 3729/3806 3678/3755 3677/3754
f 3738/3815 3737/3814 3739/3816 3740/3817
f 3740/3817 3739/3816 3741/3818 3742/3819
f 3742/3819 3741/3818 3743/3820 3744/3821
f 3744/3821 3743/3820 3745/3822 3746/3823
f 3746/3823 3745/3822 3747/3824 3748/3825
f 3748/3825 3747/3824 3716/3793 3715/3792
f 3749/3826 3750/3827 3751/3828 3752/3829
f 3753/3830 3754/3831 3755/3832 3756/3833
f 3757/3834 3758/3835 3759/3836 3760/3837
f 3761/3838 3762/3839 3763/3840 3764/3841
f 3765/3842 3766/3843 3767/3844 3768/3845
f 3769/3846 3770/3847 3771/3848 3772/3849
f 3773/3850 3774/3851 3775/3852 3776/3853
f 3777/3854 3778/3855 3779/3856 3780/3857
f 3783/3858 3784/3859 3785/3860 3786/3861
f 3787/3862 3788/3863 3750/3827 3749/3826
f 3789/3864 3790/3865 3754/3831 3753/3830
f 3752/3829 3751/3828 3758/3835 3757/3834
f 3756/3833 3755/3832 3762/3839 3761/3838
f 3760/3837 3759/3836 3766/3843 3765/3842
f 3764/3841 3763/3840 3770/3847 3769/3846
f 3768/3845 3767/3844 3774/3851 3773/3850
f 3772/3849 3771/3848 3778/3855 3777/3854
f 3780/3857 3779/3856 3782/3866 3781/3867
f 3791/3868 3792/3869 3793/3870 3794/3871
f 3795/3872 3796/3873 3797/3874 3798/3875
f 3799/3876 3800/3877 3801/3878 3802/3879
f 3803/3880 3804/3881 3805/3882 3806/3883
f 3807/3884 3808/3885 3809/3886 3810/3887
f 3811/3888 3812/3889 3813/3890 3814/3891
f 3815/3892 3816/3893 3817/3894 3818/3895
f 3819/3896 3820/3897 3821/3898 3822/3899
f 3823/3900 3824/3901 3825/3902 3826/3903
f 3827/3904 3828/3905 3829/3906 3830/3907
f 3831/3908 3832/3909 3833/3910 3834/3911
f 3835/3912 3836/3913 3837/3914 3838/3915
f 3839/3916 3840/3917 3841/3918 3842/3919
f 3843/3920 3844/3921 3845/3922 3846/3923
f 3847/3924 3848/3925 3849/3926 3850/3927
f 3851/3928 3852/3929 3853/3930 3854/3931
f 3855/3932 3856/3933 3788/3863 3787/3862
f 3857/3934 3858/3935 3790/3865 3789/3864
f 3834/3911 3833/3910 3792/3869 3791/3868
f 3838/3915 3837/3914 3796/3873 3795/3872
f 3859/3936 3860/3937 3800/3877 3799/3876
f 3861/3938 3862/3939 3804/3881 3803/3880
f 3802/3879 3801/3878 3808/3885 3807/3884
f 3806/3883 3805/3882 3812/3889 3811/3888
f 3810/3887 3809/3886 3816/3893 3815/3892
f 3814/3891 3813/3890 3820/3897 3819/3896
f 3818/3895 3817/3894 3824/3901 3823/3900
f 3822/3899 3821/3898 3828/3905 3827/3904
f 3826/3903 3825/3902 3832/3909 3831/3908
f 3830/3907 3829/3906 3836/3913 3835/3912
f 3794/3871 3793/3870 3840/3917 3839/3916
f 3798/3875 3797/3874 3844/3921 3843/3920
f 3842/3919 3841/3918 3848/3925 3847/3924
f 3846/3923 3845/3922 3852/3929 3851/3928
f 3850/3927 3849/3926 3856/3933 3855/3932
f 3854/3931 3853/3930 3858/3935 3857/3934
f 3863/3940 3864/3941 3865/3942 3866/3943
f 3866/3943 3865/3942 3867/3944 3868/3945
f 3868/3945 3867/3944 3869/3946 3870/3947
f 3870/3947 3869/3946 3871/3948 3872/3949
f 3872/3949 3871/3948 3873/3950 3874/3951
f 3874/3951 3873/3950 3875/3952 3876/3953
f 3876/3953 3875/3952 3877/3954 3878/3955
f 3878/3955 3877/3954 3879/3956 3880/3957
f 3881/3958 3882/3959 3864/3941 3863/3940
f 3883/3960 3884/3961 3885/3962 3886/3963
f 3886/3963 3885/3962 3887/3964 3888/3965
f 3889/3966 3890/3967 3891/3968 3892/3969
f 3892/3969 3891/3968 3893/3970 3894/3971
f 3888/3965 3887/3964 3895/3972 3896/3973
f 3896/3973 3895/3972 3897/3974 3898/3975
f 3894/3971 3893/3970 3899/3976 3900/3977
f 3900/3977 3899/3976 3901/3978 3902/3979
f 3902/3979 3901/3978 3903/3980 3904/3981
f 3904/3981 3903/3980 3905/3982 3906/3983
f 3898/3975 3897/3974 3882/3959 3881/3958
f 3906/3983 3905/3982 3907/3984 3908/3985
f 3908/3985 3907/3984 3909/3986 3910/3987
f 3910/3987 3909/3986 3911/3988 3912/3989
f 3912/3989 3911/3988 3913/3990 3914/3991
f 3914/3991 3913/3990 3915/3992 3916/3993
f 3916/3993 3915/3992 3884/3961 3883/3960
f 3917/3994 3918/3995 3919/3996 3920/3997
f 3920/3997 3919/3996 3921/3998 3922/3999
f 3923/4000 3924/4001 3925/4002 3926/4003
f 3926/4003 3925/4002 3927/4004 3928/4005
f 3928/4005 3927/4004 3929/4006 3930/4007
f 3930/4007 3929/4006 3931/4008 3932/4009
f 3932/4009 3931/4008 3933/4010 3934/4011
f 3934/4011 3933/4010 3935/4012 3936/4013
f 3936/4013 3935/4012 3937/4014 3938/4015
f 3938/4015 3937/4014 3939/4016 3940/4017
f 3940/4017 3939/4016 3941/4018 3942/4019
f 3942/4019 3941/4018 3918/3995 3917/3994
f 3944/4020 3943/4021 3945/4022 3946/4023
f 3947/4024 3948/4025 3949/4026 3950/4027
f 3950/4027 3949/4026 3951/4028 3952/4029
f 3953/4030 3954/4031 3955/4032 3956/4033
f 3956/4033 3955/4032 3957/4034 3958/4035
f 3958/4035 3957/4034 3959/4036 3960/4037
f 3960/4037 3959/4036 3961/4038 3962/4039
f 3962/4039 3961/4038 3963/4040 3964/4041
f 3964/4041 3963/4040 3965/4042 3966/4043
f 3966/4043 3965/4042 3967/4044 3968/4045
f 3968/4045 3967/4044 3969/4046 3970/4047
f 3970/4047 3969/4046 3971/4048 3972/4049
f 3972/4049 3971/4048 3948/4025 3947/4024
f 3952/4029 3951/4028 3973/4050 3974/4051
f 3974/4051 3973/4050 3975/4052 3976/4053
f 3976/4053 3975/4052 3977/4054 3978/4055
f 3978/4055 3977/4054 3979/4056 3980/4057
f 3980/4057 3979/4056 3981/4058 3982/4059
f 3982/4059 3981/4058 3924/4001 3923/4000
f 3983/4060 3984/4061 3985/4062 3986/4063
f 3987/4064 3988/4065 3989/4066 3990/4067
f 3986/4063 3985/4062 3991/4068 3992/4069
f 3990/4067 3989/4066 3993/4070 3994/4071
f 3992/4069 3991/4068 3995/4072 3996/4073
f 3994/4071 3993/4070 3997/4074 3998/4075
f 3996/4073 3995/4072 3999/4076 4000/4077
f 3998/4075 3997/4074 4001/4078 4002/4079
f 4000/4077 3999/4076 4007/4080 4008/4081
f 4002/4079 4001/4078 4009/4082 4010/4083
f 4008/4081 4007/4080 4011/4084 4012/4085
f 4010/4083 4009/4082 4013/4086 4014/4087
f 4012/4085 4011/4084 4015/4088 4016/4089
f 4016/4089 4015/4088 4017/4090 4018/4091
f 4019/4092 4020/4093 4021/4094 4022/4095
f 4018/4091 4017/4090 4023/4096 4024/4097
f 4022/4095 4021/4094 4025/4098 4026/4099
f 4024/4097 4023/4096 4004/4100 4003/4101
f 4026/4099 4025/4098 4006/4102 4005/4103
f 4027/4104 4028/4105 4029/4106 4030/4107
f 4031/4108 4032/4109 4033/4110 4034/4111
f 4035/4112 4036/4113 4037/4114 4038/4115
f 4039/4116 4040/4117 4041/4118 4042/4119
f 4038/4115 4037/4114 4043/4120 4044/4121
f 4042/4119 4041/4118 4045/4122 4046/4123
f 4044/4121 4043/4120 4047/4124 4048/4125
f 4046/4123 4045/4122 4049/4126 4050/4127
f 4048/4125 4052/4128 4051/4129 4047/4124
f 4050/4127 4054/4130 4053/4131 4049/4126
f 4055/4132 4056/4133 4057/4134 4058/4135
f 4059/4136 4060/4137 4061/4138 4062/4139
f 4058/4135 4057/4134 4063/4140 4064/4141
f 4062/4139 4061/4138 4065/4142 4066/4143
f 4052/4128 4068/4144 4067/4145 4051/4129
f 4054/4130 4053/4131 4069/4146 4070/4147
f 4068/4144 4067/4145 4071/4148 4072/4149
f 4070/4147 4069/4146 4073/4150 4074/4151
f 4072/4149 4071/4148 4075/4152 4076/4153
f 4074/4151 4073/4150 4077/4154 4078/4155
f 4076/4153 4075/4152 4079/4156 4080/4157
f 4078/4155 4077/4154 4081/4158 4082/4159
f 4064/4141 4063/4140 4083/4160 4084/4161
f 4066/4143 4065/4142 4085/4162 4086/4163
f 4084/4161 4083/4160 4087/4164 4088/4165
f 4086/4163 4085/4162 4089/4166 4090/4167
f 4080/4157 4079/4156 4091/4168 4092/4169
f 4082/4159 4081/4158 4093/4170 4094/4171
f 4092/4169 4091/4168 4056/4133 4055/4132
f 4094/4171 4093/4170 4060/4137 4059/4136
f 4088/4165 4087/4164 4095/4172 4096/4173
f 4090/4167 4089/4166 4097/4174 4098/4175
f 4096/4173 4095/4172 4028/4105 4027/4104
f 4098/4175 4097/4174 4032/4109 4031/4108
f 4030/4107 4029/4106 3984/4061 3983/4060
f 4034/4111 4033/4110 3988/4065 3987/4064
f 4101/4176 4102/4177 4103/4178 4104/4179
f 4105/4180 4106/4181 4107/4182 4108/4183
f 4109/4184 4110/4185 4111/4186 4112/4187
f 4104/4179 4103/4178 4113/4188 4114/4189
f 4108/4183 4107/4182 4115/4190 4116/4191
f 4112/4187 4111/4186 4117/4192 4118/4193
f 4114/4189 4113/4188 4119/4194 4120/4195
f 4116/4191 4115/4190 4121/4196 4122/4197
f 4118/4193 4117/4192 4123/4198 4124/4199
f 4120/4195 4119/4194 4125/4200 4126/4201
f 4122/4197 4121/4196 4127/4202 4128/4203
f 4124/4199 4123/4198 4129/4204 4130/4205
f 4126/4201 4125/4200 4131/4206 4132/4207
f 4128/4203 4127/4202 4133/4208 4134/4209
f 4130/4205 4129/4204 4135/4210 4136/4211
f 4132/4207 4131/4206 4137/4212 4138/4213
f 4136/4211 4135/4210 4141/4214 4142/4215
f 4138/4213 4137/4212 4143/4216 4144/4217
f 4140/4218 4139/4219 4145/4220 4146/4221
f 4142/4215 4141/4214 4147/4222 4148/4223
f 4144/4217 4143/4216 4149/4224 4150/4225
f 4146/4221 4145/4220 4151/4226 4152/4227
f 4148/4223 4147/4222 4153/4228 4154/4229
f 4150/4225 4149/4224 4155/4230 4156/4231
f 4152/4227 4151/4226 4157/4232 4158/4233
f 4154/4229 4153/4228 4159/4234 4160/4235
f 4160/4235 4159/4234 4100/4236 4099/4237
f 4162/4238 4161/4239 4163/4240 4164/4241
f 4166/4242 4165/4243 4167/4244 4168/4245
f 4169/4246 4170/4247 4171/4248 4172/4249
f 4173/4250 4174/4251 4175/4252 4176/4253
f 4177/4254 4178/4255 4179/4256 4180/4257
f 4172/4249 4171/4248 4181/4258 4182/4259
f 4176/4253 4175/4252 4183/4260 4184/4261
f 4180/4257 4179/4256 4185/4262 4186/4263
f 4187/4264 4188/4265 4189/4266 4190/4267
f 4191/4268 4192/4269 4193/4270 4194/4271
f 4195/4272 4196/4273 4197/4274 4198/4275
f 4190/4267 4189/4266 4199/4276 4200/4277
f 4194/4271 4193/4270 4201/4278 4202/4279
f 4198/4275 4197/4274 4203/4280 4204/4281
f 4200/4277 4199/4276 4205/4282 4206/4283
f 4202/4279 4201/4278 4207/4284 4208/4285
f 4204/4281 4203/4280 4209/4286 4210/4287
f 4206/4283 4205/4282 4211/4288 4212/4289
f 4208/4285 4207/4284 4213/4290 4214/4291
f 4210/4287 4209/4286 4215/4292 4216/4293
f 4212/4289 4211/4288 4217/4294 4218/4295
f 4214/4291 4213/4290 4219/4296 4220/4297
f 4216/4293 4215/4292 4221/4298 4222/4299
f 4218/4295 4217/4294 4223/4300 4224/4301
f 4220/4297 4219/4296 4225/4302 4226/4303
f 4222/4299 4221/4298 4227/4304 4228/4305
f 4224/4301 4223/4300 4229/4306 4230/4307
f 4226/4303 4225/4302 4231/4308 4232/4309
f 4228/4305 4227/4304 4233/4310 4234/4311
f 4230/4307 4229/4306 4235/4312 4236/4313
f 4232/4309 4231/4308 4237/4314 4238/4315
f 4234/4311 4233/4310 4239/4316 4240/4317
f 4236/4313 4235/4312 4241/4318 4242/4319
f 4238/4315 4237/4314 4243/4320 4244/4321
f 4240/4317 4239/4316 4245/4322 4246/4323
f 4242/4319 4241/4318 4170/4247 4169/4246
f 4244/4321 4243/4320 4174/4251 4173/4250
f 4246/4323 4245/4322 4178/4255 4177/4254
f 4182/4259 4181/4258 4247/4324 4248/4325
f 4184/4261 4183/4260 4249/4326 4250/4327
f 4186/4263 4185/4262 4251/4328 4252/4329
f 4248/4325 4247/4324 4253/4330 4254/4331
f 4250/4327 4249/4326 4255/4332 4256/4333
f 4252/4329 4251/4328 4257/4334 4258/4335
f 4254/4331 4253/4330 4259/4336 4260/4337
f 4256/4333 4255/4332 4261/4338 4262/4339
f 4258/4335 4257/4334 4263/4340 4264/4341
f 4260/4337 4259/4336 4265/4342 4266/4343
f 4262/4339 4261/4338 4267/4344 4268/4345
f 4264/4341 4263/4340 4269/4346 4270/4347
f 4266/4343 4265/4342 4271/4348 4272/4349
f 4268/4345 4267/4344 4273/4350 4274/4351
f 4270/4347 4269/4346 4275/4352 4276/4353
f 4272/4349 4271/4348 4102/4177 4101/4176
f 4274/4351 4273/4350 4106/4181 4105/4180
f 4276/4353 4275/4352 4110/4185 4109/4184
f 4277/4354 4278/4355 4279/4356 4280/4357
f 4281/4358 4282/4359 4283/4360 4284/4361
f 4285/4362 4286/4363 4287/4364 4288/4365
f 4280/4357 4279/4356 4289/4366 4290/4367
f 4284/4361 4283/4360 4291/4368 4292/4369
f 4288/4365 4287/4364 4293/4370 4294/4371
f 4290/4367 4289/4366 4295/4372 4296/4373
f 4292/4369 4291/4368 4297/4374 4298/4375
f 4294/4371 4293/4370 4299/4376 4300/4377
f 4296/4373 4295/4372 4301/4378 4302/4379
f 4298/4375 4297/4374 4303/4380 4304/4381
f 4300/4377 4299/4376 4305/4382 4306/4383
f 4302/4379 4301/4378 4307/4384 4308/4385
f 4304/4381 4303/4380 4309/4386 4310/4387
f 4306/4383 4305/4382 4311/4388 4312/4389
f 4308/4385 4307/4384 4313/4390 4314/4391
f 4310/4387 4309/4386 4315/4392 4316/4393
f 4312/4389 4311/4388 4317/4394 4318/4395
f 4314/4391 4313/4390 4319/4396 4320/4397
f 4316/4393 4315/4392 4321/4398 4322/4399
f 4318/4395 4317/4394 4323/4400 4324/4401
f 4320/4397 4319/4396 4325/4402 4326/4403
f 4322/4399 4321/4398 4327/4404 4328/4405
f 4324/4401 4323/4400 4329/4406 4330/4407
f 4332/4408 4331/4409 4333/4410 4334/4411
f 4336/4412 4335/4413 4341/4414 4342/4415
f 4338/4416 4337/4417 4343/4418 4344/4419
f 4340/4420 4339/4421 4345/4422 4346/4423
f 4347/4424 4348/4425 4349/4426 4350/4427
f 4351/4428 4352/4429 4353/4430 4354/4431
f 4355/4432 4356/4433 4357/4434 4358/4435
f 4350/4427 4349/4426 4359/4436 4360/4437
f 4354/4431 4353/4430 4361/4438 4362/4439
f 4358/4435 4357/4434 4363/4440 4364/4441
f 4365/4442 4366/4443 4367/4444 4368/4445
f 4369/4446 4370/4447 4371/4448 4372/4449
f 4373/4450 4374/4451 4375/4452 4376/4453
f 4368/4445 4367/4444 4377/4454 4378/4455
f 4372/4449 4371/4448 4379/4456 4380/4457
f 4376/4453 4375/4452 4381/4458 4382/4459
f 4378/4455 4377/4454 4383/4460 4384/4461
f 4380/4457 4379/4456 4385/4462 4386/4463
f 4382/4459 4381/4458 4387/4464 4388/4465
f 4384/4461 4383/4460 4389/4466 4390/4467
f 4386/4463 4385/4462 4391/4468 4392/4469
f 4388/4465 4387/4464 4393/4470 4394/4471
f 4390/4467 4389/4466 4395/4472 4396/4473
f 4392/4469 4391/4468 4397/4474 4398/4475
f 4394/4471 4393/4470 4399/4476 4400/4477
f 4396/4473 4395/4472 4401/4478 4402/4479
f 4398/4475 4397/4474 4403/4480 4404/4481
f 4400/4477 4399/4476 4405/4482 4406/4483
f 4402/4479 4401/4478 4407/4484 4408/4485
f 4404/4481 4403/4480 4409/4486 4410/4487
f 4406/4483 4405/4482 4411/4488 4412/4489
f 4408/4485 4407/4484 4413/4490 4414/4491
f 4410/4487 4409/4486 4415/4492 4416/4493
f 4412/4489 4411/4488 4417/4494 4418/4495
f 4414/4491 4413/4490 4419/4496 4420/4497
f 4416/4493 4415/4492 4421/4498 4422/4499
f 4418/4495 4417/4494 4423/4500 4424/4501
f 4420/4497 4419/4496 4348/4425 4347/4424
f 4424/4501 4423/4500 4356/4433 4355/4432
f 4360/4437 4359/4436 4425/4502 4426/4503
f 4362/4439 4361/4438 4427/4504 4428/4505
f 4364/4441 4363/4440 4429/4506 4430/4507
f 4426/4503 4425/4502 4431/4508 4432/4509
f 4428/4505 4427/4504 4433/4510 4434/4511
f 4430/4507 4429/4506 4435/4512 4436/4513
f 4432/4509 4431/4508 4437/4514 4438/4515
f 4434/4511 4433/4510 4439/4516 4440/4517
f 4436/4513 4435/4512 4441/4518 4442/4519
f 4438/4515 4437/4514 4443/4520 4444/4521
f 4440/4517 4439/4516 4445/4522 4446/4523
f 4442/4519 4441/4518 4447/4524 4448/4525
f 4444/4521 4443/4520 4449/4526 4450/4527
f 4446/4523 4445/4522 4451/4528 4452/4529
f 4448/4525 4447/4524 4453/4530 4454/4531
f 4450/4527 4449/4526 4278/4355 4277/4354
f 4452/4529 4451/4528 4282/4359 4281/4358
f 4454/4531 4453/4530 4286/4363 4285/4362
f 4461/4532 4462/4533 4463/4534 4464/4535
f 4465/4536 4466/4537 4467/4538 4468/4539
f 4469/4540 4470/4541 4471/4542 4472/4543
f 4464/4535 4463/4534 4473/4544 4474/4545
f 4468/4539 4467/4538 4475/4546 4476/4547
f 4472/4543 4471/4542 4477/4548 4478/4549
f 4474/4545 4473/4544 4479/4550 4480/4551
f 4476/4547 4475/4546 4481/4552 4482/4553
f 4478/4549 4477/4548 4483/4554 4484/4555
f 4480/4551 4479/4550 4485/4556 4486/4557
f 4482/4553 4481/4552 4487/4558 4488/4559
f 4484/4555 4483/4554 4489/4560 4490/4561
f 4486/4557 4485/4556 4493/4562 4494/4563
f 4488/4559 4487/4558 4495/4564 4496/4565
f 4490/4561 4489/4560 4497/4566 4498/4567
f 4494/4563 4493/4562 4499/4568 4500/4569
f 4496/4565 4495/4564 4501/4570 4502/4571
f 4498/4567 4497/4566 4503/4572 4504/4573
f 4500/4569 4499/4568 4505/4574 4506/4575
f 4502/4571 4501/4570 4507/4576 4508/4577
f 4504/4573 4503/4572 4509/4578 4510/4579
f 4506/4575 4505/4574 4511/4580 4512/4581
f 4508/4577 4507/4576 4513/4582 4514/4583
f 4510/4579 4509/4578 4515/4584 4516/4585
f 4492/4586 4491/4587 4517/4588 4518/4589
f 4518/4589 4517/4588 4519/4590 4520/4591
f 4512/4581 4511/4580 4521/4592 4522/4593
f 4514/4583 4513/4582 4523/4594 4524/4595
f 4516/4585 4515/4584 4525/4596 4526/4597
f 4522/4593 4521/4592 4456/4598 4455/4599
f 4524/4595 4523/4594 4458/4600 4457/4601
f 4526/4597 4525/4596 4460/4602 4459/4603
f 4527/4604 4528/4605 4529/4606 4530/4607
f 4531/4608 4532/4609 4533/4610 4534/4611
f 4535/4612 4536/4613 4537/4614 4538/4615
f 4530/4607 4529/4606 4539/4616 4540/4617
f 4534/4611 4533/4610 4541/4618 4542/4619
f 4538/4615 4537/4614 4543/4620 4544/4621
f 4545/4622 4546/4623 4547/4624 4548/4625
f 4549/4626 4550/4627 4551/4628 4552/4629
f 4553/4630 4554/4631 4555/4632 4556/4633
f 4557/4634 4558/4635 4559/4636 4560/4637
f 4552/4629 4551/4628 4561/4638 4562/4639
f 4556/4633 4555/4632 4563/4640 4564/4641
f 4560/4637 4559/4636 4565/4642 4566/4643
f 4562/4639 4561/4638 4567/4644 4568/4645
f 4540/4617 4539/4616 4569/4646 4570/4647
f 4542/4619 4541/4618 4571/4648 4572/4649
f 4544/4621 4543/4620 4573/4650 4574/4651
f 4570/4647 4569/4646 4575/4652 4576/4653
f 4572/4649 4571/4648 4577/4654 4578/4655
f 4574/4651 4573/4650 4579/4656 4580/4657
f 4564/4641 4563/4640 4581/4658 4582/4659
f 4566/4643 4565/4642 4583/4660 4584/4661
f 4568/4645 4567/4644 4585/4662 4586/4663
f 4582/4659 4581/4658 4587/4664 4588/4665
f 4588/4665 4587/4664 4589/4666 4590/4667
f 4591/4668 4592/4669 4593/4670 4594/4671
f 4595/4672 4596/4673 4597/4674 4598/4675
f 4590/4667 4589/4666 4599/4676 4600/4677
f 4594/4671 4593/4670 4601/4678 4602/4679
f 4598/4675 4597/4674 4603/4680 4604/4681
f 4576/4653 4575/4652 4605/4682 4606/4683
f 4578/4655 4577/4654 4607/4684 4608/4685
f 4580/4657 4579/4656 4609/4686 4610/4687
f 4606/4683 4605/4682 4611/4688 4612/4689
f 4608/4685 4607/4684 4613/4690 4614/4691
f 4610/4687 4609/4686 4615/4692 4616/4693
f 4600/4677 4599/4676 4617/4694 4618/4695
f 4602/4679 4601/4678 4619/4696 4620/4697
f 4604/4681 4603/4680 4621/4698 4622/4699
f 4618/4695 4617/4694 4528/4605 4527/4604
f 4620/4697 4619/4696 4532/4609 4531/4608
f 4622/4699 4621/4698 4536/4613 4535/4612
f 4612/4689 4611/4688 4623/4700 4624/4701
f 4614/4691 4613/4690 4625/4702 4626/4703
f 4616/4693 4615/4692 4627/4704 4628/4705
f 4624/4701 4623/4700 4462/4533 4461/4532
f 4626/4703 4625/4702 4466/4537 4465/4536
f 4628/4705 4627/4704 4470/4541 4469/4540
f 4629/4706 4630/4707 4631/4708 4632/4709
f 4633/4710 4634/4711 4635/4712 4636/4713
f 4637/4714 4638/4715 4639/4716 4640/4717
f 4645/4718 4646/4719 4647/4720 4648/4721
f 4649/4722 4650/4723 4651/4724 4652/4725
f 4653/4726 4654/4727 4655/4728 4656/4729
f 4659/4730 4660/4731 4661/4732 4662/4733
f 4663/4734 4664/4735 4665/4736 4666/4737
f 4667/4738 4668/4739 4669/4740 4670/4741
f 4671/4742 4672/4743 4673/4744 4674/4745
f 4675/4746 4676/4747 4677/4748 4678/4749
f 4679/4750 4680/4751 4681/4752 4682/4753
f 4683/4754 4684/4755 4685/4756 4686/4757
f 4687/4758 4688/4759 4689/4760 4690/4761
f 4691/4762 4692/4763 4693/4764 4694/4765
f 4674/4745 4673/4744 4630/4707 4629/4706
f 4678/4749 4677/4748 4634/4711 4633/4710
f 4682/4753 4681/4752 4638/4715 4637/4714
f 4658/4766 4657/4767 4642/4768 4641/4769
f 4644/4770 4643/4771 4654/4727 4653/4726
f 4648/4721 4647/4720 4660/4731 4659/4730
f 4652/4725 4651/4724 4664/4735 4663/4734
f 4656/4729 4655/4728 4668/4739 4667/4738
f 4662/4733 4661/4732 4672/4743 4671/4742
f 4666/4737 4665/4736 4676/4747 4675/4746
f 4670/4741 4669/4740 4680/4751 4679/4750
f 4632/4709 4631/4708 4684/4755 4683/4754
f 4636/4713 4635/4712 4688/4759 4687/4758
f 4640/4717 4639/4716 4692/4763 4691/4762
f 4695/4772 4698/4773 4697/4774 4696/4775
f 4699/4776 4700/4777 4701/4778 4702/4779
f 4703/4780 4706/4781 4705/4782 4704/4783
f 4707/4784 4708/4785 4709/4786 4710/4787
f 4711/4788 4712/4789 4713/4790 4714/4791
f 4715/4792 4716/4793 4717/4794 4718/4795
f 4719/4796 4720/4797 4721/4798 4722/4799
f 4723/4800 4724/4801 4725/4802 4726/4803
f 4727/4804 4728/4805 4729/4806 4730/4807
f 4731/4808 4732/4809 4733/4810 4734/4811
f 4735/4812 4736/4813 4737/4814 4738/4815
f 4739/4816 4740/4817 4741/4818 4742/4819
f 4743/4820 4744/4821 4745/4822 4746/4823
f 4747/4824 4748/4825 4749/4826 4750/4827
f 4751/4828 4752/4829 4753/4830 4754/4831
f 4755/4832 4756/4833 4757/4834 4758/4835
f 4759/4836 4760/4837 4761/4838 4762/4839
f 4763/4840 4764/4841 4765/4842 4766/4843
f 4767/4844 4768/4845 4769/4846 4770/4847
f 4771/4848 4772/4849 4773/4850 4774/4851
f 4775/4852 4776/4853 4777/4854 4778/4855
f 4779/4856 4780/4857 4781/4858 4782/4859
f 4783/4860 4784/4861 4785/4862 4786/4863
f 4787/4864 4788/4865 4789/4866 4790/4867
f 4791/4868 4792/4869 4793/4870 4794/4871
f 4774/4851 4773/4850 4696/4775 4695/4772
f 4778/4855 4777/4854 4700/4777 4699/4776
f 4782/4859 4781/4858 4704/4783 4703/4780
f 4722/4799 4721/4798 4708/4785 4707/4784
f 4726/4803 4725/4802 4712/4789 4711/4788
f 4750/4827 4749/4826 4720/4797 4719/4796
f 4754/4831 4753/4830 4724/4801 4723/4800
f 4758/4835 4757/4834 4728/4805 4727/4804
f 4710/4787 4709/4786 4732/4809 4731/4808
f 4714/4791 4713/4790 4736/4813 4735/4812
f 4718/4795 4717/4794 4740/4817 4739/4816
f 4734/4811 4733/4810 4795/4872 4796/4873
f 4738/4815 4737/4814 4797/4874 4798/4875
f 4742/4819 4741/4818 4744/4821 4743/4820
f 4686/4757 4685/4756 4748/4825 4747/4824
f 4690/4761 4689/4760 4752/4829 4751/4828
f 4694/4765 4693/4764 4756/4833 4755/4832
f 4799/4876 4800/4877 4760/4837 4759/4836
f 4762/4839 4761/4838 4772/4849 4771/4848
f 4766/4843 4765/4842 4776/4853 4775/4852
f 4770/4847 4769/4846 4780/4857 4779/4856
f 4698/4773 4697/4774 4784/4861 4783/4860
f 4702/4779 4787/4864 4788/4865 4701/4778
f 4706/4781 4791/4868 4792/4869 4705/4782
f 4801/4878 4802/4879 4803/4880 4804/4881
f 4805/4882 4806/4883 4807/4884 4808/4885
f 4809/4886 4810/4887 4811/4888 4812/4889
f 4813/4890 4814/4891 4815/4892 4816/4893
f 4817/4894 4818/4895 4819/4896 4820/4897
f 4821/4898 4822/4899 4823/4900 4824/4901
f 4831/4902 4832/4903 4833/4904 4834/4905
f 4835/4906 4836/4907 4837/4908 4838/4909
f 4839/4910 4840/4911 4841/4912 4842/4913
f 4843/4914 4844/4915 4845/4916 4846/4917
f 4847/4918 4848/4919 4849/4920 4850/4921
f 4851/4922 4852/4923 4853/4924 4854/4925
f 4846/4917 4845/4916 4802/4879 4801/4878
f 4850/4921 4849/4920 4806/4883 4805/4882
f 4854/4925 4853/4924 4810/4887 4809/4886
f 4804/4881 4803/4880 4814/4891 4813/4890
f 4808/4885 4807/4884 4818/4895 4817/4894
f 4812/4889 4811/4888 4822/4899 4821/4898
f 4826/4926 4825/4927 4832/4903 4831/4902
f 4828/4928 4827/4929 4836/4907 4835/4906
f 4830/4930 4829/4931 4840/4911 4839/4910
f 4834/4905 4833/4904 4844/4915 4843/4914
f 4838/4909 4837/4908 4848/4919 4847/4918
f 4842/4913 4841/4912 4852/4923 4851/4922
f 4855/4932 4856/4933 4857/4934 4858/4935
f 4859/4936 4860/4937 4861/4938 4862/4939
f 4863/4940 4864/4941 4865/4942 4866/4943
f 4867/4944 4868/4945 4869/4946 4870/4947
f 4871/4948 4872/4949 4873/4950 4874/4951
f 4875/4952 4876/4953 4877/4954 4878/4955
f 4879/4956 4880/4957 4881/4958 4882/4959
f 4883/4960 4884/4961 4885/4962 4886/4963
f 4887/4964 4888/4965 4889/4966 4890/4967
f 4891/4968 4892/4969 4893/4970 4894/4971
f 4895/4972 4896/4973 4897/4974 4898/4975
f 4899/4976 4900/4977 4901/4978 4902/4979
f 4903/4980 4904/4981 4905/4982 4906/4983
f 4907/4984 4908/4985 4909/4986 4910/4987
f 4911/4988 4912/4989 4913/4990 4914/4991
f 4915/4992 4916/4993 4917/4994 4918/4995
f 4919/4996 4920/4997 4921/4998 4922/4999
f 4923/5000 4924/5001 4925/5002 4926/5003
f 4927/5004 4928/5005 4929/5006 4930/5007
f 4931/5008 4932/5009 4933/5010 4934/5011
f 4935/5012 4936/5013 4937/5014 4938/5015
f 4939/5016 4940/5017 4941/5018 4942/5019
f 4943/5020 4944/5021 4945/5022 4946/5023
f 4947/5024 4948/5025 4949/5026 4950/5027
f 4951/5028 4952/5029 4953/5030 4954/5031
f 4955/5032 4956/5033 4957/5034 4958/5035
f 4882/4959 4881/4958 4856/4933 4855/4932
f 4886/4963 4885/4962 4860/4937 4859/4936
f 4890/4967 4889/4966 4864/4941 4863/4940
f 4950/5027 4949/5026 4868/4945 4867/4944
f 4954/5031 4953/5030 4872/4949 4871/4948
f 4958/5035 4957/5034 4876/4953 4875/4952
f 4894/4971 4893/4970 4880/4957 4879/4956
f 4898/4975 4897/4974 4884/4961 4883/4960
f 4902/4979 4901/4978 4888/4965 4887/4964
f 4816/4893 4815/4892 4892/4969 4891/4968
f 4820/4897 4819/4896 4896/4973 4895/4972
f 4824/4901 4823/4900 4900/4977 4899/4976
f 4858/4935 4857/4934 4904/4981 4903/4980
f 4866/4943 4865/4942 4912/4989 4911/4988
f 4870/4947 4869/4946 4916/4993 4915/4992
f 4874/4951 4873/4950 4920/4997 4919/4996
f 4878/4955 4877/4954 4924/5001 4923/5000
f 4906/4983 4905/4982 4959/5036 4960/5037
f 4910/4987 4909/4986 4928/5005 4927/5004
f 4914/4991 4913/4990 4932/5009 4931/5008
f 4961/5038 4962/5039 4936/5013 4935/5012
f 4930/5007 4929/5006 4940/5017 4939/5016
f 4934/5011 4933/5010 4944/5021 4943/5020
f 4938/5015 4937/5014 4948/5025 4947/5024
f 4942/5019 4941/5018 4952/5029 4951/5028
f 4946/5023 4945/5022 4956/5033 4955/5032
f 4963/5040 4964/5041 4965/5042 4966/5043
f 4967/5044 4968/5045 4969/5046 4970/5047
f 4971/5048 4972/5049 4973/5050 4974/5051
f 4975/5052 4976/5053 4977/5054 4978/5055
f 4979/5056 4980/5057 4981/5058 4982/5059
f 4983/5060 4984/5061 4985/5062 4986/5063
f 4987/5064 4988/5065 4989/5066 4990/5067
f 4991/5068 4992/5069 4993/5070 4994/5071
f 4995/5072 4996/5073 4997/5074 4998/5075
f 4999/5076 5000/5077 5001/5078 5002/5079
f 5003/5080 5004/5081 5005/5082 5006/5083
f 5007/5084 5008/5085 5009/5086 5010/5087
f 5011/5088 5012/5089 5013/5090 5014/5091
f 5015/5092 5016/5093 4964/5041 4963/5040
f 5017/5094 5018/5095 4968/5045 4967/5044
f 5019/5096 5020/5097 4972/5049 4971/5048
f 4966/5043 4965/5042 4976/5053 4975/5052
f 4970/5047 4969/5046 4980/5057 4979/5056
f 4974/5051 4973/5050 4984/5061 4983/5060
f 4978/5055 4977/5054 4988/5065 4987/5064
f 4982/5059 4981/5058 4992/5069 4991/5068
f 4986/5063 4985/5062 4996/5073 4995/5072
f 4990/5067 4989/5066 5000/5077 4999/5076
f 4994/5071 4993/5070 5004/5081 5003/5080
f 5002/5079 5001/5078 5012/5089 5011/5088
f 5021/5098 5022/5099 5023/5100 5024/5101
f 5025/5102 5026/5103 5027/5104 5028/5105
f 5029/5106 5030/5107 5031/5108 5032/5109
f 5033/5110 5034/5111 5035/5112 5036/5113
f 5037/5114 5038/5115 5039/5116 5040/5117
f 5041/5118 5042/5119 5043/5120 5044/5121
f 5045/5122 5046/5123 5047/5124 5048/5125
f 5049/5126 5050/5127 5051/5128 5052/5129
f 5053/5130 5054/5131 5055/5132 5056/5133
f 5057/5134 5058/5135 5059/5136 5060/5137
f 5061/5138 5062/5139 5063/5140 5064/5141
f 5065/5142 5066/5143 5067/5144 5068/5145
f 5069/5146 5070/5147 5071/5148 5072/5149
f 5073/5150 5074/5151 5075/5152 5076/5153
f 5077/5154 5078/5155 5079/5156 5080/5157
f 5081/5158 5082/5159 5083/5160 5084/5161
f 5085/5162 5086/5163 5087/5164 5088/5165
f 5089/5166 5090/5167 5091/5168 5092/5169
f 5093/5170 5094/5171 5095/5172 5096/5173
f 5097/5174 5098/5175 5099/5176 5100/5177
f 5101/5178 5102/5179 5103/5180 5104/5181
f 5105/5182 5106/5183 5107/5184 5108/5185
f 5109/5186 5110/5187 5111/5188 5112/5189
f 5113/5190 5114/5191 5115/5192 5116/5193
f 5117/5194 5118/5195 5016/5093 5015/5092
f 5119/5196 5120/5197 5018/5095 5017/5094
f 5121/5198 5122/5199 5020/5097 5019/5096
f 5108/5185 5107/5184 5022/5099 5021/5098
f 5112/5189 5111/5188 5026/5103 5025/5102
f 5116/5193 5115/5192 5030/5107 5029/5106
f 5123/5200 5124/5201 5034/5111 5033/5110
f 5125/5202 5126/5203 5038/5115 5037/5114
f 5127/5204 5128/5205 5042/5119 5041/5118
f 5036/5113 5035/5112 5046/5123 5045/5122
f 5040/5117 5039/5116 5050/5127 5049/5126
f 5044/5121 5043/5120 5054/5131 5053/5130
f 5024/5101 5023/5100 5058/5135 5057/5134
f 5028/5105 5027/5104 5062/5139 5061/5138
f 5032/5109 5031/5108 5066/5143 5065/5142
f 5048/5125 5047/5124 5070/5147 5069/5146
f 5052/5129 5051/5128 5074/5151 5073/5150
f 5056/5133 5055/5132 5078/5155 5077/5154
f 5072/5149 5071/5148 5082/5159 5081/5158
f 5076/5153 5075/5152 5086/5163 5085/5162
f 5080/5157 5079/5156 5090/5167 5089/5166
f 5060/5137 5059/5136 5094/5171 5093/5170
f 5084/5161 5083/5160 5106/5183 5105/5182
f 5088/5165 5087/5164 5110/5187 5109/5186
f 5092/5169 5091/5168 5114/5191 5113/5190
f 5096/5173 5095/5172 5118/5195 5117/5194
f 5100/5177 5099/5176 5120/5197 5119/5196
f 5104/5181 5103/5180 5122/5199 5121/5198
f 3637/3714 5132/5206 5133/5207 3639/3716
f 5134/5208 5135/5209 5136/5210 5137/5211
f 5138/5212 5139/5213 5140/5214 5141/5215
f 5142/5216 5143/5217 5144/5218 5145/5219
f 5146/5220 5147/5221 5148/5222 5149/5223
f 5150/5224 5151/5225 5152/5226 5153/5227
f 5154/5228 5155/5229 5156/5230 5157/5231
f 5158/5232 5159/5233 5160/5234 5161/5235
f 5162/5236 5163/5237 5164/5238 5165/5239
f 5166/5240 5167/5241 5168/5242 5169/5243
f 5170/5244 5171/5245 5172/5246 5173/5247
f 5174/5248 5175/5249 5176/5250 5177/5251
f 5178/5252 5179/5253 5180/5254 5181/5255
f 5182/5256 5183/5257 5184/5258 5185/5259
f 5190/5260 5191/5261 5192/5262 5193/5263
f 5194/5264 5195/5265 5196/5266 5197/5267
f 5198/5268 5199/5269 5200/5270 5201/5271
f 5202/5272 5203/5273 5204/5274 5205/5275
f 5206/5276 5207/5277 5208/5278 5209/5279
f 5210/5280 5211/5281 5212/5282 5213/5283
f 5214/5284 5215/5285 5216/5286 5217/5287
f 5218/5288 5219/5289 5220/5290 5221/5291
f 5225/5292 5226/5293 5227/5294 5228/5295
f 5229/5296 5230/5297 5231/5298 5232/5299
f 5233/5300 5234/5301 5235/5302 5236/5303
f 5237/5304 5238/5305 5239/5306 5240/5307
f 5242/5308 5243/5309 5244/5310 5245/5311
f 4629/4706 5246/5312 5247/5313 4632/4709
f 5248/5314 5249/5315 5250/5316 5251/5317
f 5252/5318 5193/5263 5192/5262 5253/5319
f 4963/5320 5213/5283 5212/5282 5254/5321
f 5255/5322 5256/5323 5257/5324 5258/5325
f 3661/5326 5228/5295 5227/5294 5259/5327
f 5260/5328 5197/5267 5196/5266 5261/5329
f 5262/5330 5217/5287 5216/5286 5263/5331
f 5264/5332 5232/5299 5231/5298 3667/5333
f 5265/5334 5201/5271 5200/5270 5266/5335
f 5267/5336 5221/5291 5220/5290 5268/5337
f 5272/5338 5236/5303 5235/5302 5273/5339
f 5274/5340 5205/5275 5204/5274 5275/5341
f 5276/5342 5224/5343 5223/5344 5277/5345
f 5278/5346 5279/5347 5280/5348 5281/5349
f 3673/5350 5240/5307 5239/5306 5282/5351
f 5286/5352 5287/5353 5288/5354 5289/5355
f 5292/5356 5209/5279 5208/5278 5293/5357
f 5295/5358 5296/5359 5297/5360 5298/5361
f 5300/5362 5301/5363 5302/5364 5303/5365
f 5304/5366 5305/5367 5306/5368 5307/5369
f 5308/5370 5309/5371 5310/5372 5311/5373
f 5312/5374 5313/5375 5314/5376 4674/5377
f 4683/4754 5315/5378 5316/5379 4686/4757
f 5317/5380 5318/5381 5319/5382 5320/5383
f 5149/5223 5148/5222 5130/5384 5129/5385
f 5321/5386 5149/5223 5129/5385 5322/5387
f 5322/5387 5129/5385 5131/5388 5323/5389
f 3636/3713 5324/5390 5132/5206 3637/3714
f 5325/5391 3636/3713 3637/3714 5326/5392
f 5326/5392 3637/3714 3639/3716 5327/5393
f 3639/3716 5133/5207 5135/5209 5134/5208
f 5327/5393 3639/3716 5134/5208 5328/5394
f 5328/5394 5134/5208 5137/5211 5329/5395
f 5137/5211 5136/5210 5139/5213 5138/5212
f 5329/5395 5137/5211 5138/5212 5330/5396
f 5330/5396 5138/5212 5141/5215 5331/5397
f 5141/5215 5140/5214 5143/5217 5142/5216
f 5331/5397 5141/5215 5142/5216 5332/5398
f 5332/5398 5142/5216 5145/5219 5333/5399
f 5145/5219 5144/5218 5147/5221 5146/5220
f 5333/5399 5145/5219 5146/5220 5334/5400
f 5334/5400 5146/5220 5149/5223 5321/5386
f 5335/5401 5336/5402 5151/5225 5150/5224
f 5337/5403 5335/5401 5150/5224 5338/5404
f 5338/5404 5150/5224 5153/5227 5339/5405
f 5153/5227 5152/5226 5155/5229 5154/5228
f 5339/5405 5153/5227 5154/5228 4120/5406
f 4120/4195 5154/5228 5157/5231 4126/4201
f 5157/5231 5156/5230 5159/5233 5158/5232
f 4126/4201 5157/5231 5158/5232 5340/5407
f 5340/5407 5158/5232 5161/5235 5341/5408
f 5161/5235 5160/5234 5163/5237 5162/5236
f 5341/5408 5161/5235 5162/5236 5342/5409
f 5342/5409 5162/5236 5165/5239 5343/5410
f 5165/5239 5164/5238 5167/5241 5166/5240
f 5343/5410 5165/5239 5166/5240 5344/5411
f 5345/5412 5346/5413 5171/5245 5170/5244
f 4277/5414 5345/5412 5170/5244 5347/5415
f 5347/5415 5170/5244 5173/5247 5348/5416
f 5173/5247 5172/5246 5175/5249 5174/5248
f 5348/5416 5173/5247 5174/5248 5349/5417
f 5349/5417 5174/5248 5177/5251 5350/5418
f 5177/5251 5176/5250 5179/5253 5178/5252
f 5350/5418 5177/5251 5178/5252 5351/5419
f 5351/5419 5178/5252 5181/5255 5352/5420
f 5181/5255 5180/5254 5183/5257 5182/5256
f 5352/5420 5181/5255 5182/5256 5353/5421
f 5353/5421 5182/5256 5185/5259 5354/5422
f 5185/5259 5184/5258 5187/5423 5186/5424
f 4336/4412 5188/5425 5189/5426 4342/4415
f 5256/5427 5244/5428 5191/5429 5190/5430
f 5257/5324 5256/5323 5190/5430 5355/5431
f 5355/5432 5190/5260 5193/5263 5356/5433
f 5243/5434 5310/5435 5195/5436 5194/5437
f 5244/5428 5243/5309 5194/5437 5191/5429
f 5191/5261 5194/5264 5197/5267 5192/5262
f 5309/5438 5297/5439 5199/5440 5198/5441
f 5310/5435 5309/5371 5198/5441 5195/5436
f 5195/5265 5198/5268 5201/5271 5196/5266
f 5296/5442 5280/5443 5203/5444 5202/5445
f 5297/5360 5296/5359 5202/5445 5199/5440
f 5199/5269 5202/5272 5205/5275 5200/5270
f 5279/5446 5270/5447 5207/5448 5206/5449
f 5280/5348 5279/5347 5206/5449 5203/5444
f 5203/5273 5206/5276 5209/5279 5204/5274
f 5315/5450 5247/5451 5211/5452 5210/5453
f 5316/5379 5315/5378 5210/5453 5357/5454
f 5357/5455 5210/5280 5213/5283 5358/5456
f 5246/5457 5314/5458 5215/5459 5214/5460
f 5247/5451 5246/5312 5214/5460 5211/5452
f 5211/5281 5214/5284 5217/5287 5212/5282
f 5313/5461 5302/5462 5219/5463 5218/5464
f 5314/5458 5313/5375 5218/5464 5215/5459
f 5215/5285 5218/5288 5221/5291 5216/5286
f 5302/5364 5301/5363 5222/5465 5219/5463
f 5219/5289 5222/5466 5224/5467 5220/5290
f 5287/5468 5250/5469 5226/5470 5225/5471
f 5288/5354 5287/5353 5225/5471 5359/5472
f 5359/5473 5225/5292 5228/5295 5360/5474
f 5249/5475 5319/5476 5230/5477 5229/5478
f 5250/5316 5249/5315 5229/5478 5226/5470
f 5226/5293 5229/5296 5232/5299 5227/5294
f 5318/5479 5306/5480 5234/5481 5233/5482
f 5319/5382 5318/5381 5233/5482 5230/5477
f 5230/5297 5233/5300 5236/5303 5231/5298
f 5305/5483 5290/5484 5238/5485 5237/5486
f 5306/5480 5305/5367 5237/5486 5234/5481
f 5234/5301 5237/5304 5240/5307 5235/5302
f 5311/5373 5310/5372 5243/5434 5242/5308
f 5329/5395 5311/5373 5242/5308 5328/5394
f 5328/5394 5242/5308 5245/5311 5327/5393
f 4674/4745 5314/5376 5246/5457 4629/4706
f 4126/4201 4674/4745 4629/4706 4120/4195
f 4120/4195 4629/4706 4632/4709 5339/5405
f 5320/5383 5319/5382 5249/5475 5248/5314
f 5350/5418 5320/5383 5248/5314 5349/5417
f 5349/5417 5248/5314 5251/5317 5348/5416
f 5361/5487 5356/5433 5193/5263 5252/5318
f 5324/5390 5361/5487 5252/5318 5132/5206
f 5132/5206 5252/5318 5253/5319 5133/5207
f 5015/5092 5358/5456 5213/5283 4963/5040
f 5336/5402 5015/5092 4963/5040 5151/5225
f 5151/5225 4963/5040 5254/5321 5152/5226
f 5245/5311 5244/5310 5256/5427 5255/5322
f 5327/5393 5245/5311 5255/5322 5326/5392
f 5326/5392 5255/5322 5258/5325 5325/5391
f 3660/3737 5360/5474 5228/5295 3661/3738
f 5346/5413 3660/3737 3661/3738 5171/5245
f 5171/5245 3661/3738 5259/5327 5172/5246
f 5253/5319 5192/5262 5197/5267 5260/5328
f 5133/5207 5253/5319 5260/5328 5135/5209
f 5135/5209 5260/5328 5261/5329 5136/5210
f 5254/5321 5212/5282 5217/5287 5262/5330
f 5152/5226 5254/5321 5262/5330 5155/5229
f 5155/5229 5262/5330 5263/5331 5156/5230
f 5259/5327 5227/5294 5232/5299 5264/5332
f 5172/5246 5259/5327 5264/5332 5175/5249
f 5175/5249 5264/5332 3667/5333 5176/5250
f 5261/5329 5196/5266 5201/5271 5265/5334
f 5136/5210 5261/5329 5265/5334 5139/5213
f 5139/5213 5265/5334 5266/5335 5140/5214
f 5263/5331 5216/5286 5221/5291 5267/5336
f 5156/5230 5263/5331 5267/5336 5159/5233
f 5159/5233 5267/5336 5268/5337 5160/5234
f 5322/5387 5269/5488 5271/5489 5321/5386
f 3667/5333 5231/5298 5236/5303 5272/5338
f 5176/5250 3667/5333 5272/5338 5179/5253
f 5179/5253 5272/5338 5273/5339 5180/5254
f 5266/5335 5200/5270 5205/5275 5274/5340
f 5140/5214 5266/5335 5274/5340 5143/5217
f 5143/5217 5274/5340 5275/5341 5144/5218
f 5268/5337 5220/5290 5224/5467 5276/5342
f 5160/5234 5268/5337 5276/5342 5163/5237
f 5163/5237 5276/5342 5277/5345 5164/5238
f 5271/5490 5270/5447 5279/5446 5278/5346
f 5321/5386 5271/5489 5278/5346 5334/5400
f 5334/5400 5278/5346 5281/5349 5333/5399
f 5273/5339 5235/5302 5240/5307 3673/5350
f 5180/5254 5273/5339 3673/5350 5183/5257
f 5183/5257 3673/5350 5282/5351 5184/5258
f 5344/5411 5283/5491 5285/5492 5343/5410
f 5251/5317 5250/5316 5287/5468 5286/5352
f 5348/5416 5251/5317 5286/5352 5347/5415
f 5347/5415 5286/5352 5289/5355 4277/5414
f 5275/5341 5204/5274 5209/5279 5292/5356
f 5144/5218 5275/5341 5292/5356 5147/5221
f 5147/5221 5292/5356 5293/5357 5148/5222
f 5164/5238 5277/5345 5294/5493 5167/5241
f 5167/5241 5294/5493 5014/5494 5168/5242
f 5281/5349 5280/5348 5296/5442 5295/5358
f 5333/5399 5281/5349 5295/5358 5332/5398
f 5332/5398 5295/5358 5298/5361 5331/5397
f 5282/5351 5239/5306 5241/5495 5299/5496
f 5184/5258 5282/5351 5299/5496 5187/5423
f 5285/5497 5284/5498 5301/5363 5300/5362
f 5343/5410 5285/5492 5300/5362 5342/5409
f 5342/5409 5300/5362 5303/5365 5341/5408
f 5291/5499 5290/5484 5305/5483 5304/5366
f 5354/5422 5291/5499 5304/5366 5353/5421
f 5353/5421 5304/5366 5307/5369 5352/5420
f 5298/5361 5297/5360 5309/5438 5308/5370
f 5331/5397 5298/5361 5308/5370 5330/5396
f 5330/5396 5308/5370 5311/5373 5329/5395
f 5303/5365 5302/5364 5313/5461 5312/5374
f 5341/5408 5303/5365 5312/5374 5340/5407
f 5340/5407 5312/5374 4674/5377 4126/4201
f 4632/4709 5247/5313 5315/5450 4683/4754
f 5339/5405 4632/4709 4683/4754 5338/5404
f 5338/5404 4683/4754 4686/4757 5337/5403
f 5307/5369 5306/5368 5318/5479 5317/5380
f 5352/5420 5307/5369 5317/5380 5351/5419
f 5351/5419 5317/5380 5320/5383 5350/5418
f 5362/5500 5363/5501 5364/5502 5365/5503
f 5366/5504 5367/5505 5368/5506 5369/5507
f 3681/3758 5370/5508 5371/5509 3683/3760
f 5372/5510 5373/5511 5374/5512 5375/5513
f 5376/5514 5377/5515 5378/5516 5379/5517
f 5380/5518 5381/5519 5382/5520 5383/5521
f 5384/5522 5385/5523 5386/5524 5387/5525
f 5388/5526 5389/5527 5390/5528 5391/5529
f 5392/5530 5393/5531 5394/5532 5395/5533
f 5396/5534 5397/5535 5398/5536 5399/5537
f 5400/5538 5401/5539 5402/5540 5403/5541
f 5404/5542 5405/5543 5406/5544 5407/5545
f 5408/5546 5409/5547 5410/5548 5411/5549
f 5412/5550 5413/5551 5414/5552 5415/5553
f 5416/5554 5417/5555 5418/5556 5419/5557
f 5420/5558 5421/5559 5422/5560 5423/5561
f 5424/5562 5425/5563 5426/5564 5427/5565
f 5428/5566 5429/5567 5430/5568 5431/5569
f 5432/5570 5433/5571 5434/5572 5435/5573
f 5436/5574 5437/5575 5438/5576 5439/5577
f 3705/3782 5440/5578 5441/5579 3707/3784
f 5442/5580 5443/5581 5444/5582 5445/5583
f 5446/5584 5447/5585 5448/5586 5449/5587
f 3709/3786 5450/5588 5451/5589 3711/3788
f 5452/5590 5453/5591 5346/5413 5345/5412
f 5454/5592 5357/5455 5358/5456 5455/5593
f 3713/3790 5456/5594 5324/5390 3636/3713
f 5457/5595 5458/5596 5459/5597 5460/5598
f 5461/5599 5462/5600 5463/5601 5464/5602
f 5465/5603 5466/5604 5467/5605 5468/5606
f 5469/5607 5472/5608 5471/5609 5470/5610
f 5473/5611 5476/5612 5475/5613 5474/5614
f 5477/5615 5478/5616 5479/5617 5480/5618
f 5481/5619 5482/5620 5483/5621 5484/5622
f 5485/5623 5486/5624 5487/5625 5488/5626
f 5489/5627 5490/5628 5491/5629 5492/5630
f 5493/5631 5494/5632 5495/5633 5496/5634
f 5497/5635 5498/5636 5499/5637 5500/5638
f 5501/5639 5502/5640 5503/5641 5504/5642
f 5505/5643 5506/5644 5507/5645 5508/5646
f 5509/5647 5512/5648 5511/5649 5510/5650
f 5513/5651 5514/5652 5515/5653 5516/5654
f 5517/5655 5518/5656 5519/5657 5520/5658
f 5521/5659 5522/5660 5523/5661 5524/5662
f 5525/5663 5526/5664 5527/5665 5528/5666
f 5529/5667 5530/5668 5531/5669 5532/5670
f 5533/5671 5534/5672 5535/5673 5536/5674
f 5537/5675 5538/5676 5539/5677 5540/5678
f 5541/5679 5542/5680 5543/5681 5544/5682
f 5545/5683 5546/5684 5547/5685 5548/5686
f 5549/5687 5550/5688 5551/5689 5552/5690
f 5553/5691 5359/5473 5360/5474 5554/5692
f 5555/5693 5556/5694 5336/5402 5335/5401
f 5557/5695 5355/5432 5356/5433 5558/5696
f 5559/5697 5560/5698 5561/5699 5562/5700
f 5563/5701 5566/5702 5565/5703 5564/5704
f 4695/4772 5567/5705 5568/5706 4698/4773
f 5569/5707 5558/5696 5356/5433 5361/5487
f 5570/5708 5571/5709 5572/5710 5573/5711
f 5021/5098 5464/5602 5463/5601 5024/5101
f 3717/3794 5532/5670 5531/5669 3719/3796
f 5574/5712 5575/5713 5471/5609 5472/5608
f 5033/5110 5492/5630 5491/5629 5036/5113
f 5576/5714 5577/5715 5578/5716 5579/5717
f 5580/5718 5581/5719 5582/5720 5583/5721
f 3723/3800 3725/3802 5511/5649 5512/5648
f 4707/4784 5584/5722 5585/5723 4710/4787
f 5586/5724 5587/5725 5475/5613 5476/5612
f 3727/3804 5544/5682 5543/5681 3729/3806
f 5045/5122 5496/5634 5495/5633 5048/5125
f 5588/5726 5468/5606 5467/5605 5589/5727
f 3731/3808 5516/5654 5515/5653 3733/3810
f 5057/5134 5536/5674 5535/5673 5060/5137
f 5590/5728 5591/5729 5592/5730 5593/5731
f 5594/5732 5480/5618 5479/5617 5595/5733
f 5069/5146 5500/5638 5499/5637 5072/5149
f 4719/4796 5596/5734 5597/5735 4722/4799
f 5598/5736 5599/5737 5600/5738 5601/5739
f 3735/3812 5520/5658 5519/5657 3737/3814
f 4731/4808 5602/5740 5603/5741 4734/4811
f 5604/5742 5605/5743 5606/5744 5607/5745
f 5453/5591 3678/3755 3660/3737 5346/5413
f 5608/5746 5609/5747 5610/5748 5611/5749
f 5612/5750 5484/5622 5483/5621 5613/5751
f 5614/5752 5504/5642 5503/5641 5615/5753
f 5093/5170 5548/5686 5547/5685 5096/5173
f 5616/5754 5617/5755 5618/5756 5619/5757
f 3739/3816 5524/5662 5523/5661 3741/3818
f 5620/5758 5621/5759 5622/5760 4799/5761
f 5623/5762 5540/5678 5539/5677 5624/5763
f 4747/4824 5625/5764 5626/5765 4750/4827
f 5627/5766 5628/5767 5629/5768 5630/5769
f 5631/5770 5632/5771 5633/5772 5634/5773
f 5635/5774 5488/5626 5487/5625 5636/5775
f 5105/5182 5508/5646 5507/5645 5108/5185
f 5637/5776 5638/5777 5639/5778 5640/5779
f 5641/5780 5642/5781 5643/5782 5644/5783
f 5645/5784 5528/5666 5527/5665 5646/5785
f 4759/4836 5647/5786 5648/5787 4762/4839
f 5649/5788 5460/5598 5459/5597 5650/5789
f 5651/5790 5652/5791 5653/5792 5654/5793
f 5655/5794 5552/5690 5551/5689 5656/5795
f 5657/5796 5658/5797 5659/5798 5660/5799
f 4771/4848 5661/5800 5662/5801 4774/4851
f 5663/5802 5664/5803 5665/5804 5666/5805
f 4783/4860 5667/5806 5668/5807 4786/4863
f 5669/5808 5670/5809 5671/5810 5672/5811
f 5431/5569 5430/5568 5363/5501 5362/5500
f 4347/4424 5431/5569 5362/5500 4350/4427
f 4350/4427 5362/5500 5365/5503 4360/4437
f 5411/5549 5410/5548 5367/5505 5366/5504
f 5673/5812 5411/5549 5366/5504 4172/5813
f 4172/5813 5366/5504 5369/5507 5674/5814
f 5391/5529 5390/5528 5370/5508 3681/3758
f 5675/5815 5391/5529 3681/3758 5676/5816
f 5676/5816 3681/3758 3683/3760 5677/5817
f 5678/5818 5679/5819 5373/5511 5372/5510
f 5680/5820 5678/5818 5372/5510 5681/5821
f 5681/5821 5372/5510 5375/5513 5682/5822
f 5375/5513 5374/5512 5377/5515 5376/5514
f 5682/5822 5375/5513 5376/5514 5683/5823
f 5683/5823 5376/5514 5379/5517 5684/5824
f 5379/5517 5378/5516 5381/5519 5380/5518
f 5684/5824 5379/5517 5380/5518 5685/5825
f 5685/5825 5380/5518 5383/5521 5686/5826
f 5383/5521 5382/5520 5385/5523 5384/5522
f 5686/5826 5687/5827 5384/5522 5383/5521
f 5687/5827 5384/5522 5387/5525 5688/5828
f 5387/5525 5386/5524 5389/5527 5388/5526
f 5688/5828 5387/5525 5388/5526 5689/5829
f 5689/5829 5388/5526 5391/5529 5675/5815
f 5690/5830 5691/5831 5393/5531 5392/5530
f 4187/4264 5690/5830 5392/5530 4190/4267
f 4190/4267 5392/5530 5395/5533 4200/4277
f 5395/5533 5394/5532 5397/5535 5396/5534
f 4200/4277 5395/5533 5396/5534 4206/4283
f 4206/4283 5396/5534 5399/5537 4212/4289
f 5399/5537 5398/5536 5401/5539 5400/5538
f 4212/4289 5399/5537 5400/5538 4218/4295
f 4218/4295 5400/5538 5403/5541 4224/4301
f 5403/5541 5402/5540 5405/5543 5404/5542
f 4224/4301 5403/5541 5404/5542 4230/4307
f 4230/4307 5404/5542 5407/5545 5692/5832
f 5407/5545 5406/5544 5409/5547 5408/5546
f 5692/5832 5407/5545 5408/5546 5693/5833
f 5693/5833 5408/5546 5411/5549 5673/5812
f 5694/5834 5695/5835 5413/5551 5412/5550
f 4365/4442 5694/5834 5412/5550 4368/4445
f 4368/4445 5412/5550 5415/5553 4378/4455
f 5415/5553 5414/5552 5417/5555 5416/5554
f 4378/4455 5415/5553 5416/5554 4384/4461
f 4384/4461 5416/5554 5419/5557 4390/4467
f 5419/5557 5418/5556 5421/5559 5420/5558
f 4390/4467 5419/5557 5420/5558 5696/5836
f 5696/5836 5420/5558 5423/5561 5697/5837
f 5423/5561 5422/5560 5425/5563 5424/5562
f 5697/5837 5423/5561 5424/5562 4408/5838
f 4408/4485 5424/5562 5427/5565 4414/4491
f 5427/5565 5426/5564 5429/5567 5428/5566
f 4414/4491 5427/5565 5428/5566 4420/4497
f 4420/4497 5428/5566 5431/5569 4347/4424
f 5365/5503 5364/5502 5433/5571 5432/5570
f 4360/4437 5365/5503 5432/5570 4426/4503
f 4426/4503 5432/5570 5435/5573 4432/4509
f 5369/5507 5368/5506 5437/5575 5436/5574
f 5674/5814 5369/5507 5436/5574 5698/5839
f 5698/5839 5436/5574 5439/5577 5699/5840
f 3683/3760 5371/5509 5440/5578 3705/3782
f 5677/5817 3683/3760 3705/3782 5700/5841
f 5700/5841 3705/3782 3707/3784 5701/5842
f 5435/5573 5434/5572 5443/5581 5442/5580
f 4432/4509 5435/5573 5442/5580 4438/4515
f 4438/4515 5442/5580 5445/5583 4444/4521
f 5439/5577 5438/5576 5447/5585 5446/5584
f 5699/5840 5439/5577 5446/5584 4260/5843
f 4260/5843 5446/5584 5449/5587 4266/4343
f 3707/3784 5441/5579 5450/5588 3709/3786
f 5701/5842 3707/3784 3709/3786 5702/5844
f 5702/5844 3709/3786 3711/3788 5703/5845
f 5445/5583 5444/5582 5453/5591 5452/5590
f 4444/4521 5445/5583 5452/5590 4450/4527
f 4450/4527 5452/5590 5345/5412 4277/4354
f 5449/5587 5448/5586 5556/5694 5555/5693
f 4266/4343 5449/5587 5555/5693 5704/5846
f 5704/5846 5555/5693 5335/5401 5337/5403
f 3711/3788 5451/5589 5456/5594 3713/3790
f 5703/5845 3711/3788 3713/3790 5705/5847
f 5117/5194 5455/5593 5358/5456 5015/5092
f 5609/5848 5561/5849 5458/5850 5457/5851
f 5610/5748 5609/5747 5457/5851 5526/5852
f 5526/5664 5457/5595 5460/5598 5527/5665
f 5602/5853 5585/5854 5462/5855 5461/5856
f 5603/5741 5602/5740 5461/5856 5506/5857
f 5506/5644 5461/5599 5464/5602 5507/5645
f 5599/5858 5606/5859 5466/5860 5465/5861
f 5600/5738 5599/5737 5465/5861 5486/5862
f 5486/5624 5465/5603 5468/5606 5487/5625
f 5581/5863 5469/5864 5470/5865 5565/5866
f 5582/5720 5706/5867 5469/5864 5581/5719
f 5706/5868 5707/5869 5472/5608 5469/5607
f 5564/5870 5473/5871 5474/5872 5659/5873
f 5565/5703 5470/5865 5473/5871 5564/5704
f 5470/5610 5471/5609 5476/5612 5473/5611
f 5658/5874 5643/5875 5478/5876 5477/5877
f 5659/5873 5658/5797 5477/5877 5474/5872
f 5474/5614 5477/5615 5480/5618 5475/5613
f 5642/5878 5618/5879 5482/5880 5481/5881
f 5643/5875 5642/5781 5481/5881 5478/5876
f 5478/5616 5481/5619 5484/5622 5479/5617
f 5617/5882 5600/5738 5486/5862 5485/5883
f 5618/5756 5617/5755 5485/5883 5482/5880
f 5482/5620 5485/5623 5488/5626 5483/5621
f 5667/5884 5568/5885 5490/5886 5489/5887
f 5668/5807 5667/5806 5489/5887 5708/5888
f 5708/5889 5489/5627 5492/5630 5709/5890
f 5567/5891 5662/5892 5494/5893 5493/5894
f 5568/5885 5567/5705 5493/5894 5490/5886
f 5490/5628 5493/5631 5496/5634 5491/5629
f 5661/5895 5648/5896 5498/5897 5497/5898
f 5662/5801 5661/5800 5497/5898 5494/5893
f 5494/5632 5497/5635 5500/5638 5495/5633
f 5647/5899 5622/5900 5502/5901 5501/5902
f 5648/5896 5647/5786 5501/5902 5498/5897
f 5498/5636 5501/5639 5504/5642 5499/5637
f 5621/5903 5603/5741 5506/5857 5505/5904
f 5622/5760 5621/5759 5505/5904 5502/5901
f 5502/5640 5505/5643 5508/5646 5503/5641
f 5628/5905 5509/5906 5510/5907 5572/5908
f 5629/5768 5710/5909 5509/5906 5628/5767
f 5710/5910 5711/5911 5512/5648 5509/5647
f 5571/5912 5671/5913 5514/5914 5513/5915
f 5572/5710 5510/5907 5513/5915 5571/5709
f 5510/5650 5511/5649 5516/5654 5513/5651
f 5670/5916 5653/5917 5518/5918 5517/5919
f 5671/5913 5670/5809 5517/5919 5514/5914
f 5514/5652 5517/5655 5520/5658 5515/5653
f 5652/5920 5633/5921 5522/5922 5521/5923
f 5653/5792 5652/5791 5521/5923 5518/5918
f 5518/5656 5521/5659 5524/5662 5519/5657
f 5632/5924 5610/5748 5526/5852 5525/5925
f 5633/5921 5632/5771 5525/5925 5522/5922
f 5522/5660 5525/5663 5528/5666 5523/5661
f 5560/5926 5578/5927 5530/5928 5529/5929
f 5561/5699 5560/5698 5529/5929 5458/5850
f 5458/5596 5529/5667 5532/5670 5459/5597
f 5584/5930 5597/5931 5534/5932 5533/5933
f 5585/5723 5584/5722 5533/5933 5462/5855
f 5462/5600 5533/5671 5536/5674 5463/5601
f 5605/5934 5639/5935 5538/5936 5537/5937
f 5606/5744 5605/5743 5537/5937 5466/5860
f 5466/5604 5537/5675 5540/5678 5467/5605
f 5577/5938 5592/5939 5542/5940 5541/5941
f 5578/5927 5577/5715 5541/5941 5530/5928
f 5530/5668 5541/5679 5544/5682 5531/5669
f 5596/5942 5626/5943 5546/5944 5545/5945
f 5597/5931 5596/5734 5545/5945 5534/5932
f 5534/5672 5545/5683 5548/5686 5535/5673
f 5638/5946 5665/5947 5550/5948 5549/5949
f 5639/5935 5638/5777 5549/5949 5538/5936
f 5538/5676 5549/5687 5552/5690 5539/5677
f 5591/5950 5288/5354 5359/5472 5553/5951
f 5592/5939 5591/5729 5553/5951 5542/5940
f 5542/5680 5553/5691 5554/5692 5543/5681
f 5625/5952 5316/5379 5357/5454 5454/5953
f 5626/5765 5625/5764 5454/5953 5546/5944
f 5546/5684 5454/5592 5455/5593 5547/5685
f 5664/5954 5257/5324 5355/5431 5557/5955
f 5665/5804 5664/5803 5557/5955 5550/5948
f 5550/5688 5557/5695 5558/5696 5551/5689
f 5579/5717 5578/5716 5560/5926 5559/5697
f 4432/4509 5579/5717 5559/5697 4426/4503
f 4426/4503 5559/5697 5562/5700 4360/4437
f 5660/5799 5563/5701 5564/5704 5659/5798
f 5684/5824 5660/5799 5563/5701 5683/5823
f 5683/5823 5563/5701 5566/5702 5682/5822
f 4774/4851 5662/5801 5567/5891 4695/4772
f 4212/4289 4774/4851 4695/4772 4206/4283
f 4206/4283 4695/4772 4698/4773 4200/4277
f 5656/5795 5551/5689 5558/5696 5569/5707
f 5451/5589 5656/5795 5569/5707 5456/5594
f 5705/5847 3713/3790 3636/3713 5325/5391
f 5672/5811 5671/5810 5571/5912 5570/5708
f 4390/4467 5672/5811 5570/5708 4384/4461
f 4384/4461 5570/5708 5573/5711 4378/4455
f 5108/5185 5507/5645 5464/5602 5021/5098
f 5410/5548 5108/5185 5021/5098 5367/5505
f 5367/5505 5021/5098 5024/5101 5368/5506
f 5650/5789 5459/5597 5532/5670 3717/3794
f 5364/5502 5650/5789 3717/3794 5433/5571
f 5433/5571 3717/3794 3719/3796 5434/5572
f 5712/5956 5574/5712 5472/5608 5707/5869
f 5679/5819 5712/5956 5574/5712 5373/5511
f 5373/5511 5574/5712 5575/5713 5374/5512
f 5123/5200 5709/5890 5492/5630 5033/5110
f 5691/5831 5123/5200 5033/5110 5393/5531
f 5393/5531 5033/5110 5036/5113 5394/5532
f 5593/5731 5592/5730 5577/5938 5576/5714
f 4444/4521 5593/5731 5576/5714 4438/4515
f 4438/4515 5576/5714 5579/5717 4432/4509
f 5566/5702 5565/5703 5581/5863 5580/5718
f 5682/5822 5681/5821 5580/5718 5566/5702
f 5681/5821 5580/5718 5583/5721 5680/5820
f 3722/3799 5711/5911 5512/5648 3723/3800
f 5695/5835 3722/3799 3723/3800 5413/5551
f 5413/5551 3723/3800 3725/3802 5414/5552
f 4722/4799 5597/5735 5584/5930 4707/4784
f 5699/5840 4722/4799 4707/4784 5698/5839
f 5698/5839 4707/4784 4710/4787 5674/5814
f 5575/5713 5586/5724 5476/5612 5471/5609
f 5374/5512 5575/5713 5586/5724 5377/5515
f 5377/5515 5586/5724 5587/5725 5378/5516
f 3719/3796 5531/5669 5544/5682 3727/3804
f 5434/5572 3719/3796 3727/3804 5443/5581
f 5443/5581 3727/3804 3729/3806 5444/5582
f 5036/5113 5491/5629 5496/5634 5045/5122
f 5394/5532 5036/5113 5045/5122 5397/5535
f 5397/5535 5045/5122 5048/5125 5398/5536
f 5636/5775 5487/5625 5468/5606 5588/5726
f 5390/5528 5636/5775 5588/5726 5370/5508
f 5370/5508 5588/5726 5589/5727 5371/5509
f 3725/3802 5511/5649 5516/5654 3731/3808
f 5414/5552 3725/3802 3731/3808 5417/5555
f 5417/5555 3731/3808 3733/3810 5418/5556
f 5024/5101 5463/5601 5536/5674 5057/5134
f 5368/5506 5024/5101 5057/5134 5437/5575
f 5437/5575 5057/5134 5060/5137 5438/5576
f 5289/5355 5288/5354 5591/5950 5590/5728
f 4277/5414 5289/5355 5590/5728 4450/4527
f 4450/4527 5590/5728 5593/5731 4444/4521
f 5587/5725 5475/5613 5480/5618 5594/5732
f 5378/5516 5587/5725 5594/5732 5381/5519
f 5381/5519 5594/5732 5595/5733 5382/5520
f 5048/5125 5495/5633 5500/5638 5069/5146
f 5398/5536 5048/5125 5069/5146 5401/5539
f 5401/5539 5069/5146 5072/5149 5402/5540
f 4750/4827 5626/5765 5596/5942 4719/4796
f 4266/4343 4750/4827 4719/4796 4260/4337
f 4260/5843 4719/4796 4722/4799 5699/5840
f 5607/5745 5606/5744 5599/5858 5598/5736
f 5677/5817 5607/5745 5598/5736 5676/5816
f 5676/5816 5598/5736 5601/5739 5675/5815
f 3733/3810 5515/5653 5520/5658 3735/3812
f 5418/5556 3733/3810 3735/3812 5421/5559
f 5421/5559 3735/3812 3737/3814 5422/5560
f 4710/4787 5585/5723 5602/5853 4731/4808
f 5674/5814 4710/4787 4731/4808 4172/5813
f 4172/5813 4731/4808 4734/4811 5673/5812
f 5640/5779 5639/5778 5605/5934 5604/5742
f 5701/5842 5640/5779 5604/5742 5700/5841
f 5700/5841 5604/5742 5607/5745 5677/5817
f 3729/3806 5543/5681 5554/5692 3678/3755
f 5444/5582 3729/3806 3678/3755 5453/5591
f 3678/3755 5554/5692 5360/5474 3660/3737
f 5562/5700 5561/5699 5609/5848 5608/5746
f 4360/4437 5562/5700 5608/5746 4350/4427
f 4350/4427 5608/5746 5611/5749 4347/4424
f 5595/5733 5479/5617 5484/5622 5612/5750
f 5382/5520 5595/5733 5612/5750 5385/5523
f 5385/5523 5612/5750 5613/5751 5386/5524
f 5072/5149 5499/5637 5504/5642 5614/5752
f 5402/5540 5072/5149 5614/5752 5405/5543
f 5405/5543 5614/5752 5615/5753 5406/5544
f 5060/5137 5535/5673 5548/5686 5093/5170
f 5438/5576 5060/5137 5093/5170 5447/5585
f 5447/5585 5093/5170 5096/5173 5448/5586
f 5601/5739 5600/5738 5617/5882 5616/5754
f 5675/5815 5601/5739 5616/5754 5689/5829
f 5689/5829 5616/5754 5619/5757 5688/5828
f 3737/3814 5519/5657 5524/5662 3739/3816
f 5422/5560 3737/3814 3739/3816 5425/5563
f 5425/5563 3739/3816 3741/3818 5426/5564
f 4734/4811 5603/5741 5621/5903 5620/5758
f 5673/5812 4734/4811 5620/5758 5693/5833
f 5693/5833 5620/5758 4799/5761 5692/5832
f 5589/5727 5467/5605 5540/5678 5623/5762
f 5371/5509 5589/5727 5623/5762 5440/5578
f 5440/5578 5623/5762 5624/5763 5441/5579
f 4686/4757 5316/5379 5625/5952 4747/4824
f 5337/5403 4686/4757 4747/4824 5704/5846
f 5704/5846 4747/4824 4750/4827 4266/4343
f 5573/5711 5572/5710 5628/5905 5627/5766
f 4378/4455 5573/5711 5627/5766 4368/4445
f 4368/4445 4365/4442 5630/5769 5627/5766
f 5611/5749 5610/5748 5632/5924 5631/5770
f 4347/4424 5611/5749 5631/5770 4420/4497
f 4420/4497 5631/5770 5634/5773 4414/4491
f 5613/5751 5483/5621 5488/5626 5635/5774
f 5386/5524 5613/5751 5635/5774 5389/5527
f 5389/5527 5635/5774 5636/5775 5390/5528
f 5615/5753 5503/5641 5508/5646 5105/5182
f 5406/5544 5615/5753 5105/5182 5409/5547
f 5409/5547 5105/5182 5108/5185 5410/5548
f 5666/5805 5665/5804 5638/5946 5637/5776
f 5703/5845 5666/5805 5637/5776 5702/5844
f 5702/5844 5637/5776 5640/5779 5701/5842
f 5619/5757 5618/5756 5642/5878 5641/5780
f 5688/5828 5619/5757 5641/5780 5687/5827
f 5687/5827 5641/5780 5644/5783 5686/5826
f 3741/3818 5523/5661 5528/5666 5645/5784
f 5426/5564 3741/3818 5645/5784 5429/5567
f 5429/5567 5645/5784 5646/5785 5430/5568
f 4799/5761 5622/5760 5647/5899 4759/4836
f 5692/5832 4799/5761 4759/4836 4230/4307
f 4230/4307 4759/4836 4762/4839 4224/4301
f 5096/5173 5547/5685 5455/5593 5117/5194
f 5448/5586 5096/5173 5117/5194 5556/5694
f 5556/5694 5117/5194 5015/5092 5336/5402
f 5646/5785 5527/5665 5460/5598 5649/5788
f 5430/5568 5646/5785 5649/5788 5363/5501
f 5363/5501 5649/5788 5650/5789 5364/5502
f 5634/5773 5633/5772 5652/5920 5651/5790
f 4414/4491 5634/5773 5651/5790 4408/4485
f 4408/5838 5651/5790 5654/5793 5697/5837
f 5624/5763 5539/5677 5552/5690 5655/5794
f 5441/5579 5624/5763 5655/5794 5450/5588
f 5450/5588 5655/5794 5656/5795 5451/5589
f 5644/5783 5643/5782 5658/5874 5657/5796
f 5686/5826 5644/5783 5657/5796 5685/5825
f 5685/5825 5657/5796 5660/5799 5684/5824
f 4762/4839 5648/5787 5661/5895 4771/4848
f 4224/4301 4762/4839 4771/4848 4218/4295
f 4218/4295 4771/4848 4774/4851 4212/4289
f 5258/5325 5257/5324 5664/5954 5663/5802
f 5325/5391 5258/5325 5663/5802 5705/5847
f 5705/5847 5663/5802 5666/5805 5703/5845
f 4698/4773 5568/5706 5667/5884 4783/4860
f 4200/4277 4190/4267 4783/4860 4698/4773
f 4190/4267 4783/4860 4786/4863 4187/4264
f 5654/5793 5653/5792 5670/5916 5669/5808
f 5697/5837 5654/5793 5669/5808 5696/5836
f 5696/5836 5669/5808 5672/5811 4390/4467
f 5456/5594 5569/5707 5361/5487 5324/5390