# This is a clothes file for MakeHuman Community, exported by MakeClothes 2
#
# author: unknown
# license: CC0
#
v -0.0542 7.9931 0.6109
v 0.0416 7.9983 0.6152
v 0.0201 7.9317 0.6835
v 0.1380 7.9996 0.6133
v 0.1075 7.9132 0.7004
v 0.1899 7.8867 0.7120
v 0.3330 7.9667 0.6040
v 0.2659 7.8510 0.7198
v 0.4299 7.9264 0.6050
v 0.3421 7.8062 0.7289
v 0.4152 7.7583 0.7396
v 0.4826 7.7054 0.7503
v 0.5448 7.6472 0.7601
v 0.7531 7.6917 0.6478
v 0.6009 7.5847 0.7677
v 0.8128 7.6159 0.6535
v 0.6495 7.5189 0.7716
v 0.6903 7.4446 0.7696
v 0.8905 7.4447 0.6403
v 0.7164 7.3712 0.7602
v 0.9127 7.3495 0.6253
v 0.7369 7.2899 0.7458
v 0.9292 7.2494 0.6112
v 0.7538 7.2025 0.7300
v 0.7690 7.1094 0.7165
v 0.7838 7.0128 0.7110
v 0.7953 6.9199 0.7150
v 0.8032 6.8280 0.7236
v 0.8067 6.7372 0.7362
v 0.9329 6.6200 0.6453
v 0.8052 6.6473 0.7519
v 0.9174 6.5234 0.6698
v 0.7990 6.5567 0.7690
v 0.7873 6.4680 0.7893
v 0.8723 6.3347 0.7346
v 0.7712 6.3799 0.8129
v 0.7525 6.2922 0.8381
v 0.8159 6.1646 0.8020
v 0.7326 6.2045 0.8637
v 0.7131 6.1161 0.8885
v 0.7545 6.0002 0.8688
v 0.6941 6.0279 0.9123
v 0.6739 5.9394 0.9360
v 0.6528 5.8508 0.9596
v 0.6313 5.7622 0.9831
v 0.6095 5.6735 1.0062
v -0.0900 7.9471 0.7319
v 0.1640 7.8888 0.8638
v 0.3095 7.8070 0.9197
v 0.3749 7.7578 0.9401
v 0.6497 7.4124 0.9881
v 0.6817 7.3268 0.9767
v 0.7032 7.2424 0.9594
v 0.7182 7.1605 0.9399
v 0.7296 7.0817 0.9221
v 0.7598 6.9232 0.9081
v 0.7750 6.8420 0.9087
v 0.7865 6.7588 0.9122
v 0.7929 6.6736 0.9179
v 0.7603 6.4164 0.9430
v 0.7218 6.2356 0.9698
v 0.6482 5.8607 0.9977
v 0.6291 5.7669 1.0014
v -0.0051 7.9356 0.7779
v 0.0165 8.0022 0.7096
v -0.0742 7.9964 0.6808
v 0.0802 7.9170 0.8237
v 0.1107 8.0034 0.7366
v 0.2090 7.9933 0.7600
v 0.2405 7.8505 0.8948
v 0.3075 7.9662 0.7790
v 0.3972 7.9272 0.7959
v 0.4824 7.8788 0.8151
v 0.4379 7.7015 0.9575
v 0.5629 7.8201 0.8340
v 0.4981 7.6388 0.9725
v 0.6377 7.7528 0.8507
v 0.5546 7.5701 0.9838
v 0.7068 7.6772 0.8638
v 0.6057 7.4949 0.9897
v 0.7690 7.5919 0.8716
v 0.8185 7.5019 0.8701
v 0.8558 7.4003 0.8569
v 0.8790 7.3020 0.8388
v 0.8936 7.2074 0.8211
v 0.9035 7.1164 0.8074
v 0.7421 7.0043 0.9108
v 0.9124 7.0273 0.8003
v 0.9214 6.9336 0.7970
v 0.9266 6.8385 0.7980
v 0.9265 6.7425 0.8028
v 0.9205 6.6463 0.8113
v 0.7885 6.5861 0.9239
v 0.9069 6.5528 0.8248
v 0.7762 6.5031 0.9317
v 0.8862 6.4608 0.8437
v 0.8613 6.3712 0.8647
v 0.7417 6.3272 0.9563
v 0.8339 6.2831 0.8866
v 0.8051 6.1957 0.9081
v 0.7020 6.1412 0.9810
v 0.7755 6.1084 0.9278
v 0.6847 6.0479 0.9886
v 0.7451 6.0203 0.9451
v 0.6668 5.9545 0.9938
v 0.7123 5.9329 0.9609
v 0.6781 5.8463 0.9760
v 0.6435 5.7600 0.9910
v 0.2349 7.9913 0.6082
v 0.5227 7.8793 0.6145
v 0.6076 7.8240 0.6268
v 0.6844 7.7612 0.6384
v 0.8590 7.5341 0.6517
v 0.9429 7.1442 0.6017
v 0.9541 7.0358 0.6005
v 0.9569 6.9303 0.6039
v 0.9547 6.8245 0.6128
v 0.9467 6.7208 0.6269
v 0.8972 6.4257 0.7013
v 0.8447 6.2481 0.7684
v 0.7866 6.0833 0.8354
v 0.7194 5.9179 0.9031
v 0.6827 5.8365 0.9379
v 0.6457 5.7553 0.9726
v -0.0700 7.9438 0.6620
v 0.6104 5.6731 1.0055
v 0.6093 5.6738 1.0073
v -0.0048 7.9382 0.7704
v -0.0271 7.9350 0.6838
v -0.1152 7.9203 0.7014
v -0.1792 7.8983 0.8384
v -0.1992 7.8971 0.7138
v -0.2585 7.8624 0.8635
v -0.2779 7.8634 0.7223
v -0.3301 7.8196 0.8853
v -0.3557 7.8195 0.7314
v -0.4299 7.7712 0.7422
v -0.4983 7.7174 0.7529
v -0.5611 7.6577 0.7626
v -0.5774 7.5808 0.9542
v -0.6175 7.5934 0.7699
v -0.6269 7.5048 0.9635
v -0.6660 7.5254 0.7734
v -0.6685 7.4214 0.9658
v -0.7058 7.4493 0.7708
v -0.7306 7.3738 0.7608
v -0.7489 7.2913 0.7459
v -0.7275 7.1646 0.9337
v -0.7632 7.2032 0.7297
v -0.7757 7.1099 0.7157
v -0.7883 7.0130 0.7096
v -0.7612 6.9235 0.9160
v -0.7983 6.9199 0.7130
v -0.8055 6.8280 0.7213
v -0.7874 6.7603 0.9222
v -0.8088 6.7372 0.7339
v -0.8078 6.6476 0.7498
v -0.7915 6.5884 0.9315
v -0.8021 6.5571 0.7675
v -0.7806 6.5053 0.9371
v -0.7913 6.4685 0.7885
v -0.7761 6.3804 0.8130
v -0.7486 6.3279 0.9580
v -0.7581 6.2927 0.8390
v -0.7293 6.2357 0.9705
v -0.7386 6.2050 0.8650
v -0.7100 6.1409 0.9810
v -0.7194 6.1166 0.8902
v -0.7006 6.0282 0.9139
v -0.6741 5.9539 0.9931
v -0.6805 5.9397 0.9373
v -0.6592 5.8510 0.9605
v -0.6375 5.7623 0.9836
v -0.1403 7.9943 0.6270
v -0.3310 7.9571 0.6290
v -0.6013 7.8154 0.6513
v -0.6784 7.7533 0.6609
v -0.7480 7.6846 0.6680
v -0.8092 7.6094 0.6709
v -0.8573 7.5281 0.6660
v -0.9342 7.2467 0.6146
v -0.9272 6.5215 0.6623
v -0.8789 6.3337 0.7320
v -0.8500 6.2481 0.7678
v -0.7905 6.0844 0.8370
v -0.7586 6.0015 0.8710
v -0.7241 5.9190 0.9052
v 0.0479 7.9933 0.6109
v -0.0461 7.9961 0.6213
v -0.0239 7.9993 0.7079
v -0.1180 7.9971 0.7326
v -0.2351 7.9832 0.6288
v -0.2150 7.9844 0.7534
v -0.3115 7.9561 0.7702
v -0.4258 7.9167 0.6316
v -0.4002 7.9168 0.7855
v -0.5171 7.8700 0.6405
v -0.4848 7.8692 0.8037
v -0.5646 7.8117 0.8221
v -0.6391 7.7460 0.8387
v -0.7079 7.6721 0.8523
v -0.7701 7.5888 0.8609
v -0.8200 7.5003 0.8609
v -0.8911 7.4392 0.6514
v -0.8579 7.4003 0.8498
v -0.9155 7.3452 0.6328
v -0.8823 7.3026 0.8341
v -0.8986 7.2080 0.8186
v -0.9502 7.1431 0.6009
v -0.9102 7.1169 0.8069
v -0.9636 7.0358 0.5958
v -0.9206 7.0279 0.8014
v -0.9681 6.9307 0.5961
v -0.9310 6.9343 0.7991
v -0.9667 6.8244 0.6032
v -0.9369 6.8391 0.8003
v -0.9586 6.7199 0.6168
v -0.9371 6.7429 0.8051
v -0.9439 6.6183 0.6359
v -0.9308 6.6465 0.8131
v -0.9165 6.5528 0.8262
v -0.9054 6.4240 0.6962
v -0.8948 6.4608 0.8447
v -0.8688 6.3713 0.8653
v -0.8405 6.2832 0.8868
v -0.8204 6.1653 0.8027
v -0.8111 6.1960 0.9082
v -0.7811 6.1087 0.9278
v -0.7504 6.0206 0.9450
v -0.7177 5.9333 0.9610
v -0.6880 5.8372 0.9394
v -0.6837 5.8466 0.9763
v -0.6516 5.7555 0.9733
v -0.6495 5.7601 0.9913
v -0.6164 5.6734 1.0070
v -0.0928 7.9231 0.8069
v -0.3976 7.7704 0.9054
v -0.4616 7.7137 0.9237
v -0.5218 7.6504 0.9404
v -0.6974 7.3348 0.9592
v -0.7158 7.2487 0.9472
v -0.7357 7.0838 0.9218
v -0.7454 7.0050 0.9153
v -0.7756 6.8427 0.9184
v -0.7947 6.6758 0.9270
v -0.7661 6.4179 0.9463
v -0.6924 6.0473 0.9880
v -0.6549 5.8604 0.9973
v -0.6354 5.7669 1.0016
v -0.6155 5.6738 1.0076
v 0.0824 7.9468 0.7321
v 0.0631 7.9438 0.6620
v 0.0672 7.9963 0.6810
v -0.6165 5.6731 1.0058
v 0.0994 7.9772 0.6571
v 0.0454 7.9032 0.7291
v 0.1245 7.8747 0.7636
v 0.2787 7.9397 0.7053
v 0.2016 7.8411 0.7936
v 0.2751 7.8019 0.8187
v 0.4531 7.8656 0.7473
v 0.3440 7.7560 0.8388
v 0.5355 7.8085 0.7651
v 0.4082 7.7019 0.8550
v 0.4672 7.6389 0.8689
v 0.6765 7.6645 0.7907
v 0.5210 7.5674 0.8822
v 0.5592 7.4975 0.8883
v 0.5906 7.4194 0.8887
v 0.8041 7.3944 0.7821
v 0.6158 7.3362 0.8855
v 0.6360 7.2491 0.8808
v 0.8479 7.1954 0.7644
v 0.6523 7.1591 0.8765
v 0.8598 7.0969 0.7589
v 0.6656 7.0665 0.8747
v 0.6768 6.9725 0.8776
v 0.6858 6.8803 0.8861
v 0.6897 6.7899 0.8983
v 0.6894 6.6991 0.9134
v 0.8351 6.5785 0.8334
v 0.6861 6.6081 0.9303
v 0.8147 6.4870 0.8591
v 0.6806 6.5170 0.9478
v 0.6736 6.4256 0.9652
v 0.7698 6.3097 0.9092
v 0.6654 6.3336 0.9811
v 0.6576 6.2415 0.9945
v 0.7257 6.1384 0.9512
v 0.6516 6.1488 1.0037
v 0.6454 6.0564 1.0079
v 0.6375 5.9631 1.0079
v 0.6287 5.8692 1.0055
v 0.6208 5.7752 1.0028
v 0.0677 7.8745 0.8865
v 0.1416 7.8365 0.9345
v 0.2134 7.7913 0.9747
v 0.2804 7.7390 1.0060
v 0.3402 7.6810 1.0300
v 0.5431 7.3059 1.0936
v 0.5637 7.2219 1.0934
v 0.5809 7.1387 1.0923
v 0.6125 6.9713 1.0931
v 0.6253 6.8958 1.0951
v 0.6337 6.8150 1.0972
v 0.6412 6.6383 1.1022
v 0.6397 6.4495 1.1053
v 0.6365 6.3534 1.1053
v 0.6300 6.0563 1.0755
v 0.6241 5.8684 1.0274
v -0.0067 7.9056 0.8333
v 0.0473 7.9796 0.7613
v 0.1324 7.9613 0.8052
v 0.2187 7.9351 0.8462
v 0.3052 7.8983 0.8831
v 0.3895 7.8487 0.9145
v 0.4676 7.7875 0.9400
v 0.3927 7.6183 1.0503
v 0.5374 7.7183 0.9610
v 0.4429 7.5474 1.0705
v 0.5983 7.6445 0.9790
v 0.4845 7.4711 1.0846
v 0.6552 7.5535 0.9902
v 0.5174 7.3895 1.0914
v 0.6984 7.4593 0.9927
v 0.7314 7.3641 0.9903
v 0.7568 7.2692 0.9855
v 0.7764 7.1751 0.9803
v 0.5973 7.0515 1.0918
v 0.7915 7.0820 0.9761
v 0.8030 6.9894 0.9749
v 0.8097 6.8948 0.9786
v 0.8089 6.7985 0.9861
v 0.6388 6.7286 1.0997
v 0.8018 6.7032 0.9953
v 0.7903 6.6087 1.0053
v 0.6415 6.5451 1.1041
v 0.7755 6.5151 1.0154
v 0.7587 6.4220 1.0250
v 0.7409 6.3295 1.0333
v 0.6329 6.2544 1.1023
v 0.7229 6.2365 1.0392
v 0.6311 6.1535 1.0926
v 0.7052 6.1430 1.0402
v 0.6859 6.0493 1.0352
v 0.6276 5.9615 1.0527
v 0.6644 5.9573 1.0256
v 0.6419 5.8664 1.0139
v 0.6196 5.7753 1.0049
v 0.0101 7.9891 0.6278
v 0.1892 7.9615 0.6824
v 0.3669 7.9089 0.7270
v 0.6118 7.7389 0.7796
v 0.7299 7.5799 0.7939
v 0.7716 7.4893 0.7900
v 0.8291 7.2964 0.7729
v 0.8673 6.9907 0.7594
v 0.8702 6.8793 0.7696
v 0.8649 6.7733 0.7872
v 0.8524 6.6736 0.8090
v 0.7925 6.3981 0.8849
v 0.7476 6.2236 0.9314
v 0.7013 6.0494 0.9676
v 0.6743 5.9589 0.9808
v 0.6465 5.8672 0.9920
v -0.0357 7.9268 0.6900
v -0.0812 7.9303 0.7782
v -0.0354 7.9926 0.7159
v 0.6198 5.7753 1.0036
v -0.0576 7.9074 0.7311
v 0.0234 7.9337 0.6931
v -0.1019 7.8901 0.8495
v -0.1366 7.8756 0.7641
v -0.2130 7.8394 0.7925
v -0.2858 7.7989 0.8164
v -0.3539 7.7526 0.8357
v -0.4173 7.6984 0.8514
v -0.4759 7.6354 0.8651
v -0.4909 7.5650 1.0237
v -0.5294 7.5641 0.8787
v -0.5670 7.4947 0.8850
v -0.5981 7.4168 0.8858
v -0.5955 7.3194 1.0396
v -0.6231 7.3338 0.8832
v -0.6169 7.2332 1.0375
v -0.6432 7.2469 0.8792
v -0.6345 7.1471 1.0349
v -0.6594 7.1569 0.8755
v -0.6501 7.0580 1.0334
v -0.6725 7.0644 0.8742
v -0.6638 6.9732 1.0345
v -0.6837 6.9706 0.8774
v -0.6925 6.8786 0.8860
v -0.6964 6.7883 0.8983
v -0.6960 6.6975 0.9134
v -0.6926 6.6067 0.9302
v -0.6773 6.5338 1.0610
v -0.6871 6.5157 0.9477
v -0.6719 6.4397 1.0666
v -0.6800 6.4245 0.9650
v -0.6652 6.3450 1.0708
v -0.6718 6.3327 0.9810
v -0.6583 6.2484 1.0723
v -0.6639 6.2407 0.9944
v -0.6579 6.1483 1.0037
v -0.6516 6.0560 1.0081
v -0.6436 5.9629 1.0081
v -0.6339 5.8682 1.0216
v -0.6347 5.8691 1.0059
v -0.0893 7.9623 0.6944
v -0.1791 7.9457 0.7195
v -0.3543 7.8897 0.7654
v -0.5874 7.7176 0.8208
v -0.6488 7.6432 0.8340
v -0.7916 7.2807 0.8265
v -0.8212 7.0863 0.8164
v -0.8296 6.9849 0.8175
v -0.8311 6.7788 0.8418
v -0.8218 6.6816 0.8604
v -0.8080 6.5876 0.8810
v -0.7912 6.4959 0.9026
v -0.7534 6.3164 0.9442
v -0.0002 7.9749 0.6646
v -0.0593 7.9755 0.7599
v -0.1444 7.9603 0.8049
v -0.2679 7.9225 0.7428
v -0.2310 7.9362 0.8469
v -0.3179 7.9000 0.8841
v -0.4374 7.8447 0.7866
v -0.4024 7.8501 0.9155
v -0.5157 7.7868 0.8051
v -0.4805 7.7883 0.9407
v -0.5498 7.7184 0.9613
v -0.6103 7.6441 0.9790
v -0.6991 7.5593 0.8396
v -0.6664 7.5523 0.9898
v -0.7381 7.4697 0.8384
v -0.7086 7.4576 0.9921
v -0.7683 7.3764 0.8332
v -0.7407 7.3621 0.9896
v -0.7653 7.2670 0.9848
v -0.8091 7.1827 0.8203
v -0.7842 7.1729 0.9797
v -0.7987 7.0799 0.9756
v -0.8097 6.9874 0.9746
v -0.8340 6.8801 0.8267
v -0.8161 6.8930 0.9786
v -0.8150 6.7968 0.9862
v -0.8078 6.7017 0.9956
v -0.7962 6.6075 1.0057
v -0.7814 6.5140 1.0159
v -0.7727 6.4060 0.9241
v -0.7645 6.4211 1.0256
v -0.7468 6.3287 1.0340
v -0.7344 6.2282 0.9620
v -0.7287 6.2359 1.0399
v -0.7158 6.1404 0.9767
v -0.7110 6.1425 1.0409
v -0.6953 6.0501 0.9871
v -0.6918 6.0490 1.0358
v -0.6724 5.9591 0.9939
v -0.6703 5.9571 1.0261
v -0.6487 5.8673 0.9987
v -0.6479 5.8663 1.0145
v -0.0277 7.9206 0.7966
v -0.1761 7.8532 0.8966
v -0.2495 7.8093 0.9351
v -0.3190 7.7580 0.9645
v -0.3821 7.6999 0.9870
v -0.4383 7.6362 1.0057
v -0.5343 7.4876 1.0352
v -0.5686 7.4047 1.0396
v -0.6746 6.8914 1.0379
v -0.6803 6.8063 1.0427
v -0.6821 6.7176 1.0486
v -0.6809 6.6266 1.0549
v -0.6530 6.1504 1.0679
v -0.6481 6.0548 1.0568
v -0.6415 5.9609 1.0404
v 0.0468 7.9445 0.7421
v 0.0232 7.9857 0.7136
v -0.6266 5.7753 1.0047
v 0.0547 7.9994 0.5917
v 0.0470 7.9485 0.6261
v -0.0423 7.9636 0.6137
v 0.1480 7.9975 0.5882
v 0.1324 7.9247 0.6353
v 0.2407 7.9877 0.5847
v 0.2114 7.8956 0.6414
v 0.3311 7.9661 0.5837
v 0.2839 7.8632 0.6451
v 0.4174 7.9317 0.5847
v 0.3544 7.8251 0.6472
v 0.4297 7.7790 0.6490
v 0.4979 7.7333 0.6491
v 0.6500 7.7828 0.5919
v 0.5608 7.6830 0.6469
v 0.7176 7.7183 0.5920
v 0.6203 7.6266 0.6433
v 0.7791 7.6471 0.5906
v 0.6751 7.5652 0.6387
v 0.8336 7.5692 0.5878
v 0.7238 7.4996 0.6337
v 0.7637 7.4327 0.6288
v 0.9089 7.3972 0.5757
v 0.7933 7.3562 0.6216
v 0.9262 7.3045 0.5647
v 0.8107 7.2797 0.6115
v 0.9351 7.2103 0.5537
v 0.8221 7.1953 0.5999
v 0.9400 7.1150 0.5453
v 0.8301 7.1053 0.5897
v 0.9445 7.0192 0.5419
v 0.8383 7.0108 0.5839
v 0.9483 6.9239 0.5439
v 0.8471 6.9186 0.5857
v 0.8548 6.8277 0.5921
v 0.8614 6.7374 0.6009
v 0.9485 6.6448 0.5698
v 0.8665 6.6477 0.6116
v 0.8697 6.5586 0.6235
v 0.8702 6.4704 0.6364
v 0.8667 6.3833 0.6500
v 0.9095 6.2815 0.6304
v 0.8572 6.2952 0.6618
v 0.8863 6.1935 0.6466
v 0.8416 6.2088 0.6719
v 0.8209 6.1221 0.6853
v 0.7958 6.0369 0.7080
v 0.7837 5.9464 0.7450
v 0.7679 5.9603 0.7503
v 0.7442 5.8954 0.8132
v 0.7368 5.9029 0.8144
v 0.0388 7.9795 0.6791
v 0.1252 7.9672 0.7121
v 0.5237 7.7739 0.7860
v 0.5913 7.7148 0.7848
v 0.7586 7.5103 0.7667
v 0.8324 7.3519 0.7464
v 0.8606 7.1820 0.7160
v 0.8803 6.9231 0.6900
v 0.8892 6.8336 0.6903
v 0.8989 6.3866 0.7127
v 0.8850 6.2962 0.7178
v 0.8380 6.1230 0.7254
v 0.7786 5.9689 0.7671
v 0.7424 5.9084 0.8215
v -0.0485 7.9847 0.6486
v 0.0465 8.0304 0.6447
v 0.1408 8.0400 0.6650
v 0.2106 7.9465 0.7413
v 0.2399 8.0386 0.6846
v 0.2938 7.9156 0.7624
v 0.3411 8.0185 0.7010
v 0.3732 7.8745 0.7754
v 0.4362 7.9811 0.7129
v 0.4502 7.8267 0.7829
v 0.5191 7.9364 0.7209
v 0.6025 7.8806 0.7271
v 0.6804 7.8146 0.7298
v 0.6531 7.6506 0.7806
v 0.7504 7.7422 0.7293
v 0.7091 7.5822 0.7743
v 0.8131 7.6640 0.7262
v 0.8684 7.5800 0.7208
v 0.8006 7.4349 0.7582
v 0.9161 7.4872 0.7130
v 0.9479 7.3930 0.7006
v 0.8507 7.2675 0.7314
v 0.9662 7.2923 0.6846
v 0.9735 7.1969 0.6697
v 0.8662 7.0961 0.7027
v 0.9761 7.1058 0.6583
v 0.8716 7.0100 0.6934
v 0.9779 7.0184 0.6515
v 0.9816 6.9284 0.6483
v 0.9844 6.8370 0.6479
v 0.8963 6.7450 0.6926
v 0.9851 6.7450 0.6502
v 0.9016 6.6556 0.6963
v 0.9836 6.6527 0.6545
v 0.9044 6.5660 0.7010
v 0.9792 6.5599 0.6605
v 0.9040 6.4763 0.7065
v 0.9712 6.4668 0.6679
v 0.9580 6.3733 0.6766
v 0.9373 6.2825 0.6864
v 0.8638 6.2081 0.7207
v 0.9085 6.1928 0.6954
v 0.8740 6.1071 0.7065
v 0.8093 6.0417 0.7376
v 0.8356 6.0264 0.7252
v 0.7944 5.9549 0.7619
v 0.7498 5.9009 0.8203
v 0.7047 5.8521 0.8835
v 0.4986 7.8887 0.5870
v 0.5768 7.8399 0.5902
v 0.8792 7.4849 0.5836
v 0.9499 6.8310 0.5496
v 0.9502 6.7374 0.5586
v 0.9444 6.5525 0.5830
v 0.9373 6.4608 0.5978
v 0.9258 6.3700 0.6139
v 0.8569 6.1062 0.6664
v 0.8221 6.0216 0.6956
v 0.7049 5.8513 0.8829
v -0.0379 7.9972 0.5902
v -0.0441 8.0183 0.6251
v 0.0247 7.9855 0.6463
v -0.0655 7.9800 0.6753
v -0.0723 7.9474 0.6269
v -0.1549 7.9669 0.7061
v -0.1599 7.9218 0.6353
v -0.2406 7.8905 0.6404
v -0.3282 7.9101 0.7508
v -0.3144 7.8550 0.6428
v -0.3861 7.8135 0.6439
v -0.4607 7.7661 0.6452
v -0.5273 7.7189 0.6449
v -0.5910 7.6644 0.6430
v -0.6503 7.6037 0.6398
v -0.7433 7.5564 0.7591
v -0.7038 7.5382 0.6357
v -0.7914 7.4782 0.7516
v -0.7524 7.4642 0.6306
v -0.8295 7.3967 0.7423
v -0.7869 7.3924 0.6255
v -0.8542 7.3102 0.7285
v -0.8089 7.3175 0.6168
v -0.8235 7.2336 0.6051
v -0.8752 7.1332 0.6980
v -0.8330 7.1433 0.5936
v -0.8410 7.0479 0.5853
v -0.8879 6.9548 0.6815
v -0.8502 6.9515 0.5841
v -0.8585 6.8580 0.5893
v -0.8657 6.7649 0.5978
v -0.9098 6.6798 0.6872
v -0.8715 6.6725 0.6082
v -0.9129 6.5876 0.6924
v -0.8753 6.5807 0.6203
v -0.9129 6.4953 0.6985
v -0.8765 6.4896 0.6334
v -0.9083 6.4030 0.7054
v -0.8737 6.3997 0.6473
v -0.8655 6.3111 0.6599
v -0.8505 6.2217 0.6705
v -0.8298 6.1321 0.6835
v -0.8194 6.0481 0.7329
v -0.8042 6.0438 0.7053
v -0.7759 5.9639 0.7469
v -0.7440 5.9046 0.8127
v -0.0791 7.9978 0.5977
v -0.1745 7.9943 0.5954
v -0.4479 7.9171 0.5936
v -0.5306 7.8704 0.5962
v -0.7485 7.6850 0.6008
v -0.8078 7.6087 0.5992
v -0.8581 7.5274 0.5962
v -0.8970 7.4387 0.5904
v -0.9206 7.3457 0.5801
v -0.9444 7.0558 0.5515
v -0.9493 6.9580 0.5514
v -0.9435 6.4823 0.6010
v -0.9330 6.3888 0.6167
v -0.8948 6.2063 0.6490
v -0.8654 6.1162 0.6677
v -0.7112 5.8514 0.8831
v -0.0723 8.0304 0.6460
v -0.1695 8.0393 0.6661
v -0.2690 7.9817 0.5929
v -0.2715 8.0354 0.6850
v -0.3607 7.9559 0.5925
v -0.3745 8.0111 0.7004
v -0.4705 7.9694 0.7112
v -0.5564 7.9197 0.7189
v -0.6096 7.8168 0.5994
v -0.6420 7.8575 0.7246
v -0.6823 7.7546 0.6009
v -0.7184 7.7872 0.7268
v -0.7867 7.7102 0.7260
v -0.8473 7.6269 0.7226
v -0.8971 7.5415 0.7172
v -0.9396 7.4430 0.7073
v -0.9659 7.3383 0.6919
v -0.9333 7.2502 0.5682
v -0.9777 7.2386 0.6758
v -0.9398 7.1534 0.5578
v -0.9819 7.1433 0.6622
v -0.9838 7.0521 0.6532
v -0.9869 6.9612 0.6488
v -0.9522 6.8613 0.5558
v -0.9903 6.8674 0.6475
v -0.9533 6.7664 0.5636
v -0.9918 6.7732 0.6491
v -0.9526 6.6712 0.5741
v -0.9909 6.6785 0.6530
v -0.9496 6.5766 0.5867
v -0.9872 6.5835 0.6588
v -0.9799 6.4880 0.6661
v -0.9676 6.3922 0.6748
v -0.9174 6.2972 0.6332
v -0.9476 6.2967 0.6850
v -0.9192 6.2045 0.6944
v -0.8846 6.1164 0.7051
v -0.8303 6.0287 0.6952
v -0.8455 6.0330 0.7228
v -0.7927 5.9524 0.7416
v -0.8033 5.9579 0.7588
v -0.7516 5.8977 0.8118
v -0.7574 5.9024 0.8188
v -0.2431 7.9442 0.7325
v -0.4087 7.8658 0.7616
v -0.4864 7.8155 0.7679
v -0.5598 7.7597 0.7702
v -0.6272 7.6970 0.7689
v -0.6884 7.6290 0.7650
v -0.8679 7.2220 0.7127
v -0.8804 7.0442 0.6869
v -0.8967 6.8642 0.6811
v -0.9043 6.7717 0.6833
v -0.8957 6.3105 0.7118
v -0.8750 6.2199 0.7158
v -0.8490 6.1323 0.7209
v -0.7865 5.9694 0.7641
v -0.7498 5.9093 0.8197
v 0.0194 7.9636 0.6150
v 0.0157 7.9965 0.5951
v 0.0210 8.0184 0.6264
v 0.1723 7.9392 0.6178
v 0.0821 7.9585 0.6205
v 0.2578 7.9113 0.6119
v 0.3360 7.8782 0.6037
v 0.4059 7.8414 0.5944
v 0.4721 7.7986 0.5850
v 0.6106 7.8431 0.5157
v 0.5424 7.7455 0.5776
v 0.6845 7.7801 0.5115
v 0.6011 7.6924 0.5725
v 0.7478 7.7081 0.5088
v 0.6536 7.6318 0.5689
v 0.7013 7.5646 0.5660
v 0.7440 7.4923 0.5635
v 0.7817 7.4164 0.5608
v 0.9190 7.3763 0.4995
v 0.8134 7.3395 0.5572
v 0.8364 7.2625 0.5508
v 0.9551 7.1955 0.4860
v 0.8518 7.1763 0.5415
v 0.9617 7.1018 0.4781
v 0.8607 7.0907 0.5319
v 0.9646 7.0067 0.4719
v 0.8660 7.0015 0.5231
v 0.8697 6.9090 0.5173
v 0.8739 6.8142 0.5168
v 0.9652 6.7167 0.4860
v 0.8771 6.7224 0.5273
v 0.9606 6.6218 0.5054
v 0.8781 6.6321 0.5448
v 0.8771 6.5434 0.5659
v 0.8742 6.4554 0.5873
v 0.8692 6.3673 0.6056
v 0.9182 6.2674 0.5854
v 0.8618 6.2794 0.6176
v 0.8991 6.1781 0.5959
v 0.8498 6.1911 0.6245
v 0.8334 6.1011 0.6293
v 0.8159 6.0110 0.6312
v 0.7995 5.9197 0.6290
v 0.7890 5.8270 0.6194
v 0.7902 5.7374 0.5944
v 0.7965 5.6514 0.5607
v 0.3557 7.9314 0.6918
v 0.4396 7.8961 0.6962
v 0.5154 7.8505 0.6956
v 0.5875 7.7968 0.6931
v 0.7082 7.6697 0.6867
v 0.8431 7.4359 0.6725
v 0.8765 7.3505 0.6655
v 0.9139 7.1722 0.6426
v 0.9225 6.9946 0.6186
v 0.9217 6.8209 0.6072
v 0.9233 6.7322 0.6126
v 0.9229 6.6453 0.6240
v 0.9208 6.5563 0.6389
v 0.9161 6.4652 0.6543
v 0.8807 6.1858 0.6739
v 0.8599 6.0954 0.6714
v 0.8156 5.9140 0.6546
v 0.7995 5.8225 0.6361
v 0.7953 5.7341 0.6022
v 0.1748 7.9717 0.6656
v 0.1786 8.0210 0.6355
v 0.0847 8.0133 0.6316
v 0.2663 7.9560 0.6806
v 0.2762 8.0262 0.6388
v 0.3779 8.0197 0.6399
v 0.4806 7.9932 0.6379
v 0.5757 7.9476 0.6343
v 0.6558 7.8944 0.6312
v 0.6513 7.7373 0.6902
v 0.7347 7.8251 0.6292
v 0.8024 7.7460 0.6267
v 0.7588 7.5960 0.6827
v 0.8594 7.6615 0.6235
v 0.8037 7.5178 0.6781
v 0.9077 7.5734 0.6194
v 0.9483 7.4825 0.6143
v 0.9821 7.3873 0.6078
v 0.9002 7.2620 0.6553
v 1.0057 7.2866 0.5984
v 1.0172 7.1914 0.5872
v 0.9205 7.0830 0.6298
v 1.0215 7.0942 0.5760
v 1.0211 6.9998 0.5674
v 0.9223 6.9069 0.6106
v 1.0182 6.9080 0.5629
v 1.0148 6.8184 0.5643
v 1.0114 6.7266 0.5712
v 1.0054 6.6350 0.5846
v 0.9969 6.5433 0.6010
v 0.9856 6.4513 0.6178
v 0.9084 6.3718 0.6670
v 0.9713 6.3589 0.6323
v 0.8971 6.2772 0.6732
v 0.9534 6.2653 0.6411
v 0.9300 6.1728 0.6453
v 0.9018 6.0839 0.6467
v 0.8373 6.0048 0.6653
v 0.8714 5.9958 0.6449
v 0.8416 5.9087 0.6390
v 0.8172 5.8219 0.6260
v 0.8041 5.7359 0.5979
v 0.1762 7.9885 0.5877
v 0.0840 7.9911 0.6000
v 0.2677 7.9816 0.5701
v 0.3582 7.9665 0.5518
v 0.4469 7.9384 0.5361
v 0.5323 7.8956 0.5237
v 0.8019 7.6300 0.5068
v 0.8480 7.5479 0.5048
v 0.8870 7.4630 0.5026
v 0.9419 7.2870 0.4939
v 0.9656 6.9102 0.4697
v 0.9670 6.8117 0.4738
v 0.9532 6.5304 0.5280
v 0.9436 6.4415 0.5508
v 0.9321 6.3544 0.5709
v 0.8754 6.0896 0.6045
v 0.8500 6.0020 0.6107
v 0.8255 5.9144 0.6134
v 0.8066 5.8264 0.6093
v 0.7989 5.7391 0.5900
v 0.0828 7.9806 0.6521
v -0.1886 7.9715 0.6638
v -0.1860 7.9390 0.6159
v -0.2711 7.9109 0.6097
v -0.3488 7.8774 0.6012
v -0.4181 7.8401 0.5915
v -0.4838 7.7968 0.5818
v -0.5536 7.7434 0.5743
v -0.6115 7.6900 0.5689
v -0.7171 7.6662 0.6837
v -0.6634 7.6295 0.5651
v -0.7107 7.5620 0.5624
v -0.8111 7.5141 0.6757
v -0.7530 7.4896 0.5601
v -0.8499 7.4321 0.6705
v -0.7902 7.4135 0.5577
v -0.8828 7.3467 0.6637
v -0.8215 7.3370 0.5543
v -0.9062 7.2585 0.6537
v -0.8441 7.2598 0.5483
v -0.8590 7.1735 0.5393
v -0.9264 7.0800 0.6287
v -0.8677 7.0878 0.5302
v -0.9287 6.9918 0.6179
v -0.8729 6.9985 0.5220
v -0.9287 6.9044 0.6101
v -0.8764 6.9061 0.5166
v -0.9283 6.8183 0.6070
v -0.8805 6.8116 0.5166
v -0.9297 6.7299 0.6125
v -0.8836 6.7199 0.5273
v -0.9293 6.6432 0.6241
v -0.8845 6.6299 0.5449
v -0.9270 6.5544 0.6391
v -0.8835 6.5414 0.5661
v -0.9222 6.4635 0.6545
v -0.8805 6.4536 0.5873
v -0.8755 6.3657 0.6055
v -0.9029 6.2760 0.6733
v -0.8681 6.2780 0.6174
v -0.8559 6.1900 0.6244
v -0.8658 6.0945 0.6715
v -0.8396 6.1002 0.6292
v -0.8433 6.0041 0.6653
v -0.8221 6.0103 0.6311
v -0.8058 5.9192 0.6289
v -0.8059 5.8222 0.6360
v -0.7953 5.8268 0.6193
v -0.7966 5.7373 0.5944
v -0.1898 7.9883 0.5858
v -0.3712 7.9657 0.5493
v -0.4595 7.9371 0.5332
v -0.7592 7.7049 0.5064
v -0.8968 7.4595 0.5014
v -0.9285 7.3728 0.4987
v -0.9631 7.1919 0.4853
v -0.9717 7.0033 0.4714
v -0.9735 6.8089 0.4736
v -0.9716 6.7142 0.4860
v -0.9246 6.2660 0.5857
v -0.9054 6.1770 0.5961
v -0.8817 6.0887 0.6046
v -0.8318 5.9139 0.6134
v -0.8129 5.8261 0.6092
v -0.8053 5.7390 0.5900
v -0.8034 5.6516 0.5606
v -0.0978 7.9911 0.5984
v -0.1924 8.0208 0.6337
v -0.2810 7.9812 0.5680
v -0.2898 8.0257 0.6367
v -0.3914 8.0187 0.6374
v -0.4937 7.9914 0.6350
v -0.5444 7.8936 0.5206
v -0.5882 7.9452 0.6312
v -0.6223 7.8407 0.5126
v -0.6677 7.8917 0.6282
v -0.6961 7.7773 0.5087
v -0.7459 7.8214 0.6268
v -0.8128 7.7417 0.6250
v -0.8128 7.6266 0.5048
v -0.8690 7.6571 0.6224
v -0.8584 7.5444 0.5033
v -0.9165 7.5689 0.6189
v -0.9564 7.4780 0.6143
v -0.9898 7.3825 0.6081
v -0.9507 7.2834 0.4931
v -1.0128 7.2822 0.5986
v -1.0238 7.1873 0.5873
v -0.9693 7.0983 0.4774
v -1.0280 7.0905 0.5760
v -1.0276 6.9966 0.5672
v -0.9724 6.9069 0.4692
v -1.0247 6.9052 0.5627
v -1.0213 6.8157 0.5641
v -1.0178 6.7241 0.5712
v -0.9670 6.6195 0.5056
v -1.0117 6.6328 0.5848
v -0.9596 6.5283 0.5283
v -1.0031 6.5414 0.6014
v -0.9501 6.4397 0.5511
v -0.9918 6.4497 0.6183
v -0.9386 6.3528 0.5712
v -0.9774 6.3574 0.6328
v -0.9595 6.2640 0.6416
v -0.9360 6.1718 0.6456
v -0.9079 6.0830 0.6469
v -0.8563 6.0013 0.6108
v -0.8775 5.9951 0.6450
v -0.8478 5.9082 0.6390
v -0.8235 5.8216 0.6260
v -0.8104 5.7358 0.5979
v -0.2799 7.9555 0.6784
v -0.3690 7.9304 0.6893
v -0.4524 7.8945 0.6933
v -0.5275 7.8483 0.6925
v -0.5990 7.7943 0.6900
v -0.6613 7.7342 0.6871
v -0.7669 7.5924 0.6800
v -0.9197 7.1689 0.6413
v -0.9143 6.3704 0.6671
v -0.8865 6.1848 0.6740
v -0.8218 5.9135 0.6545
v -0.8017 5.7341 0.6022
v -0.0968 7.9805 0.6505
v -0.0960 7.9584 0.6189
v -0.0987 8.0132 0.6300
v -0.0786 7.8806 0.0762
v 0.0072 7.8743 0.0871
v -0.1610 7.8803 0.0657
v -0.2756 7.9262 0.2526
v -0.2389 7.8696 0.0560
v -0.3607 7.9097 0.2503
v -0.3199 7.8486 0.0466
v -0.4007 7.8231 0.0377
v -0.5295 7.8572 0.2340
v -0.4764 7.7924 0.0294
v -0.5504 7.7576 0.0222
v -0.6226 7.7188 0.0170
v -0.7324 7.7174 0.1429
v -0.6899 7.6734 0.0153
v -0.7541 7.6150 0.0171
v -0.8173 7.5538 0.0194
v -0.8827 7.4931 0.0207
v -0.0510 7.9266 -0.1042
v -0.2215 7.9148 -0.1462
v -0.3063 7.8918 -0.1652
v -0.3873 7.8638 -0.1802
v -0.6267 7.7335 -0.1624
v -0.8198 7.5521 -0.0325
v 0.0346 7.9196 -0.0850
v -0.0711 7.9742 0.0768
v -0.1363 7.9268 -0.1251
v -0.1629 7.9790 0.0639
v -0.2582 7.9714 0.0505
v -0.3471 7.9529 0.0385
v -0.4337 7.9283 0.0272
v -0.4667 7.8280 -0.1886
v -0.5198 7.8929 0.0160
v -0.5471 7.7845 -0.1840
v -0.6010 7.8468 0.0069
v -0.6757 7.7897 0.0015
v -0.6987 7.6761 -0.1260
v -0.7411 7.7200 0.0017
v -0.7600 7.6139 -0.0843
v -0.7926 7.6461 0.0063
v -0.8375 7.5690 0.0134
v -0.0987 7.9282 0.2571
v -0.1877 7.9325 0.2547
v -0.4471 7.8876 0.2451
v -0.6043 7.8199 0.2130
v -0.6716 7.7750 0.1810
v -0.7866 7.6472 0.1077
v -0.8350 7.5707 0.0654
v -0.8831 7.4935 0.0218
v -0.0108 7.9184 0.2608
v 0.0167 7.9637 0.0887
v -0.8827 7.4931 0.0194
v -0.0693 7.8362 -0.2091
v 0.0156 7.8352 -0.2039
v -0.1670 7.9291 -0.0818
v -0.1502 7.8292 -0.2123
v -0.2271 7.8127 -0.2117
v -0.3060 7.7875 -0.2047
v -0.3991 7.8932 -0.0455
v -0.3877 7.7623 -0.1908
v -0.4644 7.8692 -0.0255
v -0.4611 7.7369 -0.1717
v -0.5351 7.8333 -0.0083
v -0.5343 7.7093 -0.1475
v -0.6085 7.6802 -0.1210
v -0.6904 7.7287 0.0026
v -0.6809 7.6485 -0.0947
v -0.7584 7.6706 0.0034
v -0.7511 7.6102 -0.0638
v -0.8122 7.5748 -0.0193
v -0.8630 7.5393 0.0413
v -0.0579 7.8255 -0.3615
v -0.3200 7.7566 -0.3899
v -0.4102 7.7250 -0.3819
v -0.7162 7.6190 -0.2125
v -0.7780 7.5838 -0.1463
v 0.0266 7.8271 -0.3462
v -0.0656 7.9165 -0.2385
v 0.0222 7.9104 -0.2302
v -0.1406 7.8149 -0.3765
v -0.1574 7.9148 -0.2461
v -0.2257 7.7921 -0.3878
v -0.2510 7.9009 -0.2500
v -0.3384 7.8781 -0.2473
v -0.4216 7.8559 -0.2365
v -0.5042 7.6954 -0.3596
v -0.5075 7.8277 -0.2134
v -0.5855 7.6685 -0.3219
v -0.5862 7.7924 -0.1828
v -0.6537 7.6462 -0.2722
v -0.6581 7.7502 -0.1488
v -0.7257 7.6992 -0.1152
v -0.7853 7.6443 -0.0791
v -0.8330 7.5515 -0.0537
v -0.8331 7.5887 -0.0258
v -0.8636 7.5387 0.0405
v -0.0770 7.9273 -0.0861
v 0.0113 7.9186 -0.0879
v -0.2523 7.9215 -0.0739
v -0.3244 7.9091 -0.0621
v -0.6128 7.7842 0.0023
v -0.8124 7.6120 0.0086
v -0.8631 7.5402 0.0419
v -0.0507 7.7431 -0.4018
v -0.1352 7.7293 -0.4038
v -0.2452 7.8461 -0.2710
v -0.2153 7.7078 -0.4003
v -0.2976 7.6804 -0.3885
v -0.3864 7.8239 -0.2237
v -0.3803 7.6565 -0.3709
v -0.4517 7.8065 -0.1954
v -0.4575 7.6325 -0.3470
v -0.5221 7.7793 -0.1653
v -0.5347 7.6074 -0.3138
v -0.5880 7.7491 -0.1460
v -0.6076 7.5857 -0.2734
v -0.6580 7.7118 -0.1287
v -0.6765 7.5660 -0.2257
v -0.7404 7.5460 -0.1708
v -0.7954 7.5252 -0.1081
v -0.8367 7.5504 -0.0164
v -0.8439 7.5045 -0.0355
v -0.0359 7.6969 -0.5322
v 0.0495 7.7140 -0.4947
v -0.2080 7.6421 -0.5803
v -0.4107 7.5713 -0.5748
v -0.6813 7.4930 -0.4444
v -0.8023 7.4634 -0.2633
v -0.8712 7.4703 -0.0601
v -0.8924 7.4825 0.0383
v -0.0476 7.7986 -0.4380
v 0.0427 7.7912 -0.4230
v -0.1198 7.6725 -0.5638
v -0.1420 7.7965 -0.4489
v -0.2379 7.7804 -0.4509
v -0.3079 7.6039 -0.5829
v -0.3278 7.7582 -0.4430
v -0.4167 7.7387 -0.4276
v -0.5115 7.5415 -0.5521
v -0.5058 7.7155 -0.4005
v -0.5988 7.5166 -0.5122
v -0.5863 7.6885 -0.3638
v -0.6617 7.6564 -0.3171
v -0.7479 7.4747 -0.3584
v -0.7294 7.6206 -0.2614
v -0.7877 7.5841 -0.1967
v -0.8472 7.4600 -0.1618
v -0.8336 7.5494 -0.1212
v -0.8640 7.5162 -0.0410
v -0.8923 7.4837 0.0388
v -0.0624 7.8448 -0.3076
v 0.0312 7.8262 -0.3240
v -0.1574 7.8532 -0.2890
v -0.3175 7.8347 -0.2486
v -0.7259 7.6667 -0.1042
v -0.7818 7.6145 -0.0675
v -0.8916 7.4846 0.0395
v 0.0380 7.7491 -0.3958
v 0.0779 7.7092 -0.5159
v -0.0117 7.7368 -0.5018
v -0.0425 7.5351 -0.5672
v 0.0455 7.5255 -0.5763
v -0.1032 7.7585 -0.4823
v -0.1245 7.5384 -0.5532
v -0.1931 7.7677 -0.4595
v -0.2022 7.5369 -0.5351
v -0.2780 7.5305 -0.5107
v -0.3580 7.5213 -0.4770
v -0.4370 7.5160 -0.4395
v -0.5123 7.5102 -0.3976
v -0.5710 7.7044 -0.2979
v -0.5804 7.5044 -0.3510
v -0.6467 7.5015 -0.2959
v -0.6870 7.6422 -0.2174
v -0.7058 7.5037 -0.2339
v -0.7564 7.5101 -0.1616
v -0.7983 7.5704 -0.0806
v -0.8057 7.5200 -0.0833
v -0.0679 7.4289 -0.7515
v 0.0240 7.4289 -0.7455
v -0.1583 7.4229 -0.7519
v -0.2485 7.4149 -0.7401
v -0.3410 7.4045 -0.7133
v -0.4363 7.3927 -0.6717
v -0.7441 7.3953 -0.3977
v -0.7988 7.4168 -0.2941
v -0.8286 7.4475 -0.1932
v -0.0370 7.6306 -0.6862
v 0.0564 7.6125 -0.6850
v -0.1370 7.6430 -0.6809
v -0.2394 7.6457 -0.6646
v -0.3386 7.6386 -0.6354
v -0.4269 7.6275 -0.5984
v -0.5258 7.3867 -0.6225
v -0.5124 7.6178 -0.5555
v -0.6032 7.3844 -0.5661
v -0.5935 7.6045 -0.5033
v -0.6777 7.3859 -0.4902
v -0.6683 7.5858 -0.4372
v -0.7303 7.5677 -0.3627
v -0.7799 7.5553 -0.2775
v -0.8129 7.5467 -0.1865
v -0.8423 7.4877 -0.0982
v -0.8348 7.5381 -0.0955
v -0.8577 7.5295 -0.0056
v -0.2757 7.7646 -0.4329
v -0.3486 7.7561 -0.4036
v -0.4236 7.7472 -0.3726
v -0.5026 7.7303 -0.3347
v -0.6328 7.6740 -0.2609
v -0.7406 7.6094 -0.1549
v -0.8568 7.5304 -0.0051
v -0.8570 7.5290 -0.0052
v -0.8579 7.5282 -0.0056
v -0.0622 7.4341 -0.7424
v -0.0866 7.2385 -0.7128
v 0.0009 7.2273 -0.7136
v -0.1651 7.2443 -0.7002
v -0.2376 7.2461 -0.6756
v -0.3146 7.4559 -0.6603
v -0.3173 7.2491 -0.6394
v -0.3993 7.2575 -0.6023
v -0.4716 7.4514 -0.5852
v -0.4724 7.2658 -0.5618
v -0.5344 7.4463 -0.5455
v -0.5435 7.2787 -0.5124
v -0.5909 7.4470 -0.5045
v -0.6094 7.3028 -0.4569
v -0.6667 7.3379 -0.3984
v -0.7173 7.3767 -0.3363
v -0.7647 7.4951 -0.3020
v -0.7628 7.4133 -0.2700
v -0.7993 7.5003 -0.2126
v -0.8015 7.4442 -0.1934
v -0.8289 7.5032 -0.1209
v -0.8318 7.4755 -0.1124
v -0.1091 7.0808 -0.8327
v -0.0175 7.0726 -0.8293
v -0.2919 7.0856 -0.7989
v -0.5512 7.1228 -0.6528
v -0.6328 7.1483 -0.5779
v -0.7929 7.2937 -0.3396
v -0.8202 7.3469 -0.2676
v -0.8626 7.5068 -0.0296
v -0.0846 7.2764 -0.8624
v -0.2001 7.0841 -0.8244
v -0.1893 7.2877 -0.8515
v -0.2935 7.2941 -0.8202
v -0.3848 7.0918 -0.7573
v -0.3820 7.2986 -0.7782
v -0.4698 7.1057 -0.7112
v -0.4663 7.3041 -0.7336
v -0.5504 7.3083 -0.6762
v -0.6238 7.3159 -0.6110
v -0.7058 7.1897 -0.4929
v -0.6873 7.3338 -0.5405
v -0.7566 7.2408 -0.4132
v -0.7415 7.3626 -0.4650
v -0.7865 7.3961 -0.3853
v -0.8221 7.4287 -0.2996
v -0.8437 7.4025 -0.1915
v -0.8415 7.4586 -0.2107
v -0.8540 7.4569 -0.1111
v -0.8511 7.4845 -0.1195
v 0.0303 7.4168 -0.7438
v -0.1544 7.4479 -0.7274
v -0.2391 7.4546 -0.6969
v -0.3957 7.4559 -0.6247
v -0.6515 7.4597 -0.4502
v -0.7108 7.4792 -0.3820
v -0.8603 7.5105 -0.0302
v 0.0118 7.2620 -0.8595
v -0.8607 7.5082 -0.0296
v -0.8622 7.5091 -0.0302
v -0.0799 6.9749 -0.7951
v -0.1582 7.0067 -0.7819
v -0.2331 7.0370 -0.7614
v -0.3073 7.0670 -0.7309
v -0.3367 7.2857 -0.7561
v -0.3737 7.0947 -0.6912
v -0.4038 7.3244 -0.7141
v -0.4367 7.1227 -0.6435
v -0.4982 7.1525 -0.5906
v -0.5271 7.3914 -0.6188
v -0.5557 7.1828 -0.5381
v -0.5851 7.4156 -0.5552
v -0.6085 7.2132 -0.4787
v -0.6377 7.4295 -0.4823
v -0.6544 7.2421 -0.4156
v -0.6982 7.2712 -0.3476
v -0.7405 7.3003 -0.2761
v -0.7764 7.4380 -0.2388
v -0.7814 7.3294 -0.2023
v -0.8206 7.4339 -0.1543
v -0.8235 7.3586 -0.1285
v -0.8682 7.3882 -0.0558
v -0.9153 7.4191 0.0141
v -0.1272 6.8580 -0.8240
v -0.3848 6.8939 -0.7583
v -0.5314 6.9290 -0.6581
v -0.5994 6.9532 -0.5966
v -0.6621 6.9841 -0.5347
v -0.8100 7.1745 -0.2623
v -0.8359 7.2292 -0.1906
v -0.0355 6.8487 -0.8258
v -0.0818 6.9742 -0.8583
v -0.2174 6.8660 -0.8131
v -0.1689 7.0074 -0.8573
v -0.3033 6.8780 -0.7917
v -0.2574 7.0401 -0.8440
v -0.3411 7.0706 -0.8180
v -0.4602 6.9101 -0.7130
v -0.4232 7.1011 -0.7780
v -0.4985 7.1306 -0.7287
v -0.5671 7.1602 -0.6749
v -0.6334 7.1926 -0.6154
v -0.7123 7.0221 -0.4710
v -0.6889 7.2245 -0.5474
v -0.7512 7.0679 -0.4029
v -0.7346 7.2554 -0.4696
v -0.7827 7.1197 -0.3331
v -0.7713 7.2841 -0.3892
v -0.8024 7.3113 -0.3081
v -0.8309 7.3377 -0.2272
v -0.8607 7.2887 -0.1202
v -0.8578 7.3640 -0.1460
v -0.8862 7.3532 -0.0518
v -0.8849 7.3904 -0.0652
v -0.9159 7.4180 0.0143
v -0.0345 7.0911 -0.8295
v 0.0394 7.0339 -0.8264
v -0.1097 7.1481 -0.8261
v -0.1872 7.1991 -0.8137
v -0.2637 7.2436 -0.7906
v -0.4659 7.3595 -0.6689
v -0.6868 7.4356 -0.4037
v -0.7328 7.4371 -0.3219
v -0.8669 7.4254 -0.0692
v 0.0014 6.9416 -0.8009
v 0.0025 6.9410 -0.8512
v -0.9159 7.4168 0.0147
v 0.0606 6.9301 -0.8359
v -0.0671 6.8211 -0.7744
v -0.1453 6.8410 -0.7704
v -0.2189 6.8653 -0.7492
v -0.2523 7.0569 -0.8003
v -0.2952 6.8981 -0.7200
v -0.3203 7.0984 -0.7707
v -0.3647 6.9336 -0.6862
v -0.3850 7.1415 -0.7351
v -0.4310 6.9721 -0.6461
v -0.4485 7.1861 -0.6940
v -0.4951 7.0138 -0.6009
v -0.5067 7.2287 -0.6506
v -0.5540 7.0569 -0.5536
v -0.5610 7.2683 -0.6048
v -0.6083 7.1025 -0.5044
v -0.6117 7.3049 -0.5552
v -0.6568 7.1516 -0.4534
v -0.7009 7.2039 -0.3998
v -0.7414 7.2573 -0.3435
v -0.7605 7.4122 -0.3491
v -0.7786 7.3099 -0.2832
v -0.7967 7.4416 -0.2659
v -0.8113 7.3586 -0.2167
v -0.8362 7.4034 -0.1454
v -0.8570 7.4486 -0.0700
v -0.1028 6.6656 -0.7856
v -0.1911 6.6807 -0.7847
v -0.2860 6.7041 -0.7632
v -0.3767 6.7346 -0.7316
v -0.5348 6.8049 -0.6476
v -0.6695 6.8903 -0.5437
v -0.7287 6.9446 -0.4843
v -0.7774 7.0091 -0.4215
v -0.8543 7.2189 -0.2499
v -0.8806 7.4267 -0.0617
v -0.8788 7.4944 0.0058
v -0.0155 6.6514 -0.7731
v -0.0624 6.8016 -0.8594
v -0.1590 6.8269 -0.8596
v -0.2518 6.8585 -0.8387
v -0.3339 6.8934 -0.8120
v -0.4587 6.7681 -0.6930
v -0.4143 6.9329 -0.7776
v -0.4888 6.9743 -0.7366
v -0.6038 6.8444 -0.5984
v -0.5572 7.0167 -0.6915
v -0.6221 7.0621 -0.6407
v -0.6813 7.1104 -0.5848
v -0.7323 7.1624 -0.5232
v -0.8119 7.0779 -0.3618
v -0.7740 7.2159 -0.4576
v -0.8362 7.1491 -0.3051
v -0.8081 7.2693 -0.3883
v -0.8362 7.3212 -0.3158
v -0.8724 7.2871 -0.1908
v -0.8578 7.3701 -0.2400
v -0.8812 7.3567 -0.1278
v -0.8684 7.4152 -0.1583
v -0.8726 7.4556 -0.0760
v -0.0266 6.9571 -0.8482
v -0.1132 6.9871 -0.8453
v -0.1848 7.0197 -0.8246
v -0.6630 7.3419 -0.4957
v -0.7133 7.3776 -0.4267
v -0.8234 7.4619 -0.1759
v -0.8490 7.4775 -0.0843
v -0.8776 7.4961 0.0051
v 0.0181 6.8011 -0.7641
v 0.0270 6.7805 -0.8449
v -0.8785 7.4954 0.0053
v -0.0673 6.6813 -0.7648
v -0.0803 6.6144 -0.6971
v 0.0090 6.6012 -0.6938
v -0.1569 6.7108 -0.7728
v -0.1656 6.6305 -0.6908
v -0.2438 6.7425 -0.7663
v -0.2451 6.6506 -0.6739
v -0.3221 6.7767 -0.7463
v -0.3202 6.6769 -0.6461
v -0.3951 6.7114 -0.6109
v -0.4608 6.8600 -0.6908
v -0.4668 6.7501 -0.5749
v -0.5295 6.7925 -0.5354
v -0.5881 6.8390 -0.4917
v -0.6430 6.8880 -0.4448
v -0.6951 6.9379 -0.3951
v -0.7320 7.1007 -0.4306
v -0.7435 6.9875 -0.3425
v -0.7849 7.0379 -0.2864
v -0.8202 7.1734 -0.2839
v -0.8195 7.0898 -0.2233
v -0.8494 7.1423 -0.1552
v -0.8829 7.2398 -0.1189
v -0.8781 7.1943 -0.0858
v -0.9083 7.2463 -0.0159
v -0.9409 7.2986 0.0525
v -0.1840 6.5182 -0.6742
v -0.5289 6.6075 -0.5377
v -0.6756 6.6997 -0.4505
v -0.8291 6.8771 -0.3083
v -0.8789 7.0127 -0.1887
v -0.9219 7.2246 -0.0048
v -0.9412 7.2971 0.0535
v -0.0005 6.5250 -0.6839
v -0.0929 6.5201 -0.6841
v -0.0799 6.5870 -0.7518
v 0.0118 6.5792 -0.7379
v -0.1753 6.5985 -0.7561
v -0.2734 6.5252 -0.6524
v -0.2721 6.6171 -0.7449
v -0.3613 6.5444 -0.6182
v -0.3631 6.6442 -0.7184
v -0.4472 6.5736 -0.5760
v -0.4446 6.6772 -0.6864
v -0.5229 6.7175 -0.6536
v -0.6069 6.6508 -0.4954
v -0.5966 6.7674 -0.6135
v -0.6625 6.8212 -0.5681
v -0.7356 6.7540 -0.4041
v -0.7211 6.8772 -0.5171
v -0.7868 6.8137 -0.3573
v -0.7726 6.9340 -0.4602
v -0.8176 6.9902 -0.3964
v -0.8589 6.9446 -0.2501
v -0.8543 7.0445 -0.3243
v -0.8796 7.0964 -0.2492
v -0.8942 7.0804 -0.1256
v -0.8980 7.1466 -0.1737
v -0.9074 7.1512 -0.0642
v -0.9122 7.1966 -0.0973
v -0.9252 7.2467 -0.0215
v -0.3925 6.8149 -0.7213
v -0.5192 6.9091 -0.6535
v -0.5750 6.9605 -0.6094
v -0.6286 7.0111 -0.5579
v -0.6809 7.0581 -0.4980
v -0.7802 7.1377 -0.3607
v -0.8531 7.2085 -0.2033
v -0.9116 7.2685 -0.0326
v 0.0213 6.6554 -0.7478
v -0.9413 7.2979 0.0529
v 0.0663 7.9148 0.5516
v -0.0207 7.9217 0.5645
v -0.0616 7.8813 0.3434
v 0.0274 7.8721 0.3294
v -0.1474 7.8826 0.3590
v -0.2079 7.9060 0.5978
v -0.2314 7.8735 0.3721
v -0.3352 7.8814 0.6023
v -0.3208 7.8580 0.3745
v -0.4527 7.8575 0.5879
v -0.4067 7.8412 0.3647
v -0.4876 7.8185 0.3452
v -0.5627 7.7881 0.3198
v -0.7176 7.7378 0.4740
v -0.6337 7.7474 0.2916
v -0.7806 7.6847 0.4104
v -0.7015 7.6994 0.2562
v -0.7611 7.6507 0.2105
v -0.8716 7.5667 0.2141
v -0.8052 7.6026 0.1507
v -0.8738 7.5326 0.1094
v -0.8391 7.5547 0.0805
v -0.1909 7.9379 0.1414
v -0.2686 7.9333 0.1539
v -0.4534 7.8972 0.1371
v -0.5997 7.8223 0.1082
v -0.6682 7.7685 0.1001
v -0.7242 7.7186 0.0965
v -0.7699 7.6636 0.0817
v -0.8209 7.5886 0.0481
v -0.0009 7.9227 0.1073
v -0.0946 7.9339 0.1235
v -0.0537 7.9743 0.3446
v -0.1488 7.9760 0.3630
v -0.2452 7.9659 0.3796
v -0.3223 7.9267 0.1555
v -0.3368 7.9501 0.3833
v -0.3841 7.9149 0.1496
v -0.4301 7.9312 0.3729
v -0.5213 7.9039 0.3516
v -0.5302 7.8668 0.1200
v -0.6076 7.8646 0.3229
v -0.6836 7.8127 0.2906
v -0.7472 7.7538 0.2543
v -0.8006 7.6907 0.2077
v -0.8363 7.6277 0.1452
v -0.8556 7.5665 0.0770
v -0.1053 7.9207 0.5806
v -0.5556 7.8253 0.5597
v -0.6401 7.7859 0.5228
v -0.8375 7.6228 0.3217
v -0.8741 7.5055 0.0102
v 0.0381 7.9654 0.3295
v -0.1339 7.7213 0.9948
v -0.1093 7.7805 0.7437
v -0.0212 7.7753 0.7512
v -0.1937 7.7790 0.7354
v -0.3010 7.7097 0.9474
v -0.2754 7.7699 0.7245
v -0.3913 7.6889 0.9147
v -0.3549 7.7530 0.7085
v -0.4887 7.6583 0.8677
v -0.4343 7.7306 0.6832
v -0.5847 7.6294 0.8049
v -0.5122 7.7104 0.6469
v -0.6637 7.6151 0.7419
v -0.5841 7.6901 0.6020
v -0.7353 7.5969 0.6635
v -0.6461 7.6683 0.5477
v -0.7928 7.5791 0.5802
v -0.7028 7.6452 0.4852
v -0.7543 7.6221 0.4169
v -0.8761 7.5428 0.3970
v -0.7969 7.6002 0.3435
v -0.8958 7.5276 0.3004
v -0.8304 7.5783 0.2648
v -0.8547 7.5555 0.1834
v -0.8896 7.5108 0.1037
v -0.8658 7.5310 0.0971
v -0.2833 7.9380 0.5643
v -0.4322 7.8892 0.5525
v -0.6148 7.8026 0.4616
v -0.7197 7.7315 0.3559
v -0.8378 7.6131 0.1625
v 0.0032 7.9673 0.5589
v -0.0921 7.9653 0.5629
v -0.1167 7.9061 0.8140
v -0.0236 7.9084 0.8240
v -0.1899 7.9559 0.5650
v -0.2127 7.8967 0.8023
v -0.3089 7.8778 0.7872
v -0.3651 7.9136 0.5601
v -0.4016 7.8495 0.7663
v -0.4866 7.8168 0.7370
v -0.4939 7.8682 0.5395
v -0.5663 7.7872 0.6975
v -0.5598 7.8357 0.5033
v -0.6395 7.7607 0.6432
v -0.7040 7.7312 0.5773
v -0.6685 7.7671 0.4112
v -0.7585 7.7010 0.5063
v -0.8060 7.6705 0.4316
v -0.7651 7.6968 0.2976
v -0.8444 7.6394 0.3511
v -0.8057 7.6583 0.2312
v -0.8711 7.6075 0.2669
v -0.8847 7.5738 0.1797
v -0.8570 7.5601 0.0874
v -0.8808 7.5399 0.0939
v -0.2166 7.7197 0.9727
v -0.8406 7.5611 0.4926
v -0.9017 7.5162 0.2007
v -0.0480 7.7164 1.0162
v -0.5592 7.3420 1.0062
v -0.5361 7.3692 0.9954
v -0.4721 7.3350 1.0539
v -0.5932 7.3988 0.9302
v -0.6406 7.4222 0.8588
v -0.7706 7.3539 0.8080
v -0.6841 7.4432 0.7815
v -0.8233 7.3632 0.7297
v -0.7254 7.4640 0.7040
v -0.8657 7.3721 0.6471
v -0.7602 7.4815 0.6245
v -0.8977 7.3822 0.5620
v -0.7905 7.4960 0.5420
v -0.9188 7.3983 0.4764
v -0.8183 7.5075 0.4585
v -0.8426 7.5140 0.3734
v -0.9299 7.4431 0.2921
v -0.8610 7.5164 0.2850
v -0.9213 7.4635 0.1973
v -0.8712 7.5153 0.1941
v -0.8730 7.5108 0.1027
v -0.6468 7.5639 0.7955
v -0.6861 7.6003 0.7191
v -0.7895 7.6541 0.4613
v -0.8188 7.6403 0.3698
v -0.5224 7.4033 1.0018
v -0.5455 7.3761 1.0127
v -0.5676 7.4691 0.9417
v -0.6163 7.4147 0.9619
v -0.6082 7.5230 0.8715
v -0.6798 7.4478 0.8957
v -0.7333 7.4746 0.8220
v -0.7839 7.4996 0.7448
v -0.7223 7.6298 0.6380
v -0.8278 7.5204 0.6606
v -0.7561 7.6496 0.5519
v -0.8632 7.5357 0.5720
v -0.8900 7.5449 0.4792
v -0.9058 7.5466 0.3832
v -0.8422 7.6154 0.2803
v -0.9111 7.5421 0.2874
v -0.8567 7.5858 0.1898
v -0.9068 7.5341 0.1929
v -0.8647 7.5466 0.0997
v -0.8908 7.5206 0.1000
v -0.6418 7.3444 0.9503
v -0.7122 7.3470 0.8831
v -0.9296 7.4203 0.3868
v -0.8991 7.4849 0.1030
v -0.6130 7.1993 1.0066
v -0.6002 7.2166 0.9980
v -0.5409 7.1966 1.0606
v -0.6536 7.2343 0.9318
v -0.6985 7.2499 0.8626
v -0.7369 7.2659 0.7877
v -0.8374 7.2113 0.7266
v -0.7728 7.2851 0.7100
v -0.8771 7.2212 0.6454
v -0.8009 7.3044 0.6345
v -0.8249 7.3244 0.5576
v -0.9323 7.2537 0.4795
v -0.8473 7.3448 0.4800
v -0.8698 7.3649 0.4030
v -0.8902 7.3829 0.3217
v -0.9029 7.4028 0.2420
v -0.9033 7.4291 0.1642
v -0.8904 7.4652 0.0867
v -0.6588 7.2768 0.9499
v -0.7098 7.3113 0.8853
v -0.7525 7.3423 0.8167
v -0.8813 7.4589 0.5165
v -0.9050 7.4711 0.4289
v -0.6016 7.2375 1.0078
v -0.6143 7.2202 1.0164
v -0.6857 7.2423 0.9654
v -0.7512 7.2624 0.9027
v -0.8064 7.2811 0.8331
v -0.7924 7.3755 0.7464
v -0.8570 7.3017 0.7630
v -0.8264 7.4078 0.6737
v -0.9026 7.3245 0.6845
v -0.8555 7.4367 0.5971
v -0.9393 7.3468 0.6020
v -0.9662 7.3679 0.5160
v -0.9821 7.3860 0.4258
v -0.9224 7.4721 0.3413
v -0.9861 7.3993 0.3358
v -0.9303 7.4715 0.2576
v -0.9786 7.4150 0.2436
v -0.9217 7.4774 0.1788
v -0.9556 7.4424 0.1563
v -0.8976 7.4898 0.0958
v -0.9154 7.4754 0.0813
v -0.8732 7.5066 0.0097
v -0.6806 7.1998 0.9474
v -0.7399 7.2009 0.8800
v -0.7908 7.2048 0.8040
v -0.9087 7.2345 0.5625
v -0.9468 7.2798 0.3999
v -0.9539 7.3100 0.3163
v -0.9512 7.3463 0.2280
v -0.9372 7.3940 0.1416
v -0.9083 7.4508 0.0722
v -0.3983 7.3666 1.0894
v -0.3793 7.3860 1.0789
v -0.4795 7.3848 1.0404
v -0.4396 7.4233 1.0222
v -0.4952 7.4538 0.9562
v -0.5538 7.4809 0.8906
v -0.6889 7.4151 0.8619
v -0.6077 7.5012 0.8224
v -0.7521 7.4210 0.7882
v -0.6550 7.5175 0.7493
v -0.6977 7.5325 0.6717
v -0.8465 7.4396 0.6280
v -0.7373 7.5459 0.5931
v -0.7735 7.5574 0.5135
v -0.8907 7.4819 0.4498
v -0.8036 7.5650 0.4322
v -0.8240 7.5657 0.3439
v -0.8860 7.5166 0.2605
v -0.8364 7.5619 0.2539
v -0.8730 7.5348 0.1649
v -0.8477 7.5575 0.1618
v -0.5189 7.5790 0.8985
v -0.6943 7.6962 0.5944
v -0.7741 7.6828 0.4252
v -0.8192 7.6268 0.2471
v -0.8387 7.5902 0.1582
v -0.3651 7.4110 1.0828
v -0.3840 7.3917 1.0934
v -0.4144 7.4755 1.0298
v -0.4543 7.4369 1.0480
v -0.4642 7.5306 0.9657
v -0.5197 7.4735 0.9906
v -0.5855 7.5062 0.9325
v -0.5693 7.6198 0.8273
v -0.6506 7.5337 0.8668
v -0.6117 7.6530 0.7538
v -0.7089 7.5566 0.7928
v -0.6528 7.6801 0.6753
v -0.7596 7.5754 0.7138
v -0.8035 7.5899 0.6292
v -0.7364 7.6968 0.5113
v -0.8382 7.5983 0.5388
v -0.8611 7.5996 0.4428
v -0.8004 7.6573 0.3364
v -0.8692 7.5931 0.3481
v -0.8687 7.5815 0.2537
v -0.8640 7.5675 0.1614
v -0.8607 7.5552 0.0693
v -0.5507 7.3967 0.9811
v -0.6204 7.4081 0.9245
v -0.8044 7.4278 0.7102
v -0.8753 7.4590 0.5410
v -0.8928 7.5015 0.3556
v -0.3112 7.3419 1.1239
v -0.8616 7.5537 0.0694
v -0.2643 7.5679 1.0252
v -0.3273 7.6001 0.9709
v -0.3828 7.6270 0.9115
v -0.4309 7.6437 0.8458
v -0.5820 7.5651 0.8576
v -0.4842 7.6528 0.7765
v -0.5409 7.6565 0.7164
v -0.6042 7.6552 0.6556
v -0.7047 7.6204 0.6296
v -0.6687 7.6520 0.5943
v -0.3365 7.7086 0.9083
v -0.4320 7.7946 0.7447
v -0.5776 7.7534 0.6185
v -0.6538 7.7055 0.5725
v -0.3009 7.6441 0.9701
v -0.3349 7.6144 0.9945
v -0.4035 7.6570 0.9492
v -0.3766 7.7604 0.8313
v -0.4683 7.6889 0.8882
v -0.5298 7.7069 0.8258
v -0.5029 7.7926 0.6709
v -0.5920 7.7091 0.7552
v -0.6425 7.6941 0.6817
v -0.6898 7.6738 0.6079
v -0.7353 7.6538 0.5333
v -0.3613 7.5704 0.9953
v -0.4498 7.5754 0.9524
v -0.5226 7.5722 0.9027
v -0.6300 7.5730 0.8008
v -0.6691 7.5959 0.7188
v -0.7361 7.6525 0.5341
v 0.0533 7.8775 0.0721
v 0.1402 7.8764 0.0620
v 0.2245 7.8686 0.0522
v 0.2878 7.8853 -0.1698
v 0.3042 7.8515 0.0436
v 0.3726 7.8487 -0.1838
v 0.3820 7.8235 0.0366
v 0.4548 7.8050 -0.1888
v 0.4579 7.7894 0.0317
v 0.5312 7.7459 0.0284
v 0.5989 7.6960 0.0265
v 0.6670 7.6399 0.0252
v 0.7350 7.5784 -0.0774
v 0.7347 7.5799 0.0241
v 0.8047 7.5209 0.0222
v 0.8775 7.4651 0.0178
v -0.0180 7.9185 0.2558
v 0.4335 7.8993 0.2389
v 0.6570 7.7567 0.1859
v 0.8236 7.5390 0.0672
v 0.0730 7.9270 0.2525
v 0.0484 7.9713 0.0713
v 0.1654 7.9323 0.2502
v 0.1409 7.9751 0.0585
v 0.2578 7.9317 0.2475
v 0.2355 7.9715 0.0446
v 0.3483 7.9213 0.2438
v 0.3319 7.9551 0.0305
v 0.4240 7.9245 0.0185
v 0.5151 7.8675 0.2305
v 0.5119 7.8831 0.0100
v 0.5907 7.8187 0.2138
v 0.5902 7.8283 0.0061
v 0.6589 7.7597 0.0058
v 0.7158 7.6869 0.1495
v 0.7173 7.6864 0.0080
v 0.7709 7.6140 0.1127
v 0.7712 7.6126 0.0111
v 0.8232 7.5378 0.0152
v 0.0287 7.9218 -0.1091
v -0.0596 7.9196 -0.0906
v 0.1157 7.9192 -0.1297
v 0.2022 7.9084 -0.1507
v 0.5306 7.7555 -0.1793
v 0.6008 7.6990 -0.1535
v 0.6685 7.6395 -0.1163
v 0.8043 7.5198 -0.0299
v -0.0358 7.8742 0.0821
v -0.0418 7.9638 0.0831
v 0.8776 7.4651 0.0190
v 0.8780 7.4656 0.0201
v 0.0560 7.8297 -0.3573
v 0.0557 7.8383 -0.2033
v -0.0365 7.8353 -0.2038
v 0.1437 7.8315 -0.1998
v 0.2418 7.8002 -0.3715
v 0.2268 7.8126 -0.1920
v 0.3354 7.7695 -0.3691
v 0.3126 7.7850 -0.1795
v 0.4251 7.7376 -0.3596
v 0.3955 7.7562 -0.1651
v 0.4751 7.7223 -0.1478
v 0.5559 7.6862 -0.1263
v 0.6748 7.6247 -0.2283
v 0.6355 7.6508 -0.1003
v 0.7118 7.6113 -0.0676
v 0.7823 7.5744 -0.0214
v 0.8443 7.5387 0.0405
v 0.0517 7.9280 -0.0779
v 0.1461 7.9292 -0.0638
v 0.3228 7.8965 -0.0240
v 0.4903 7.8338 0.0090
v 0.5654 7.7888 0.0115
v 0.6422 7.7340 0.0075
v 0.7129 7.6756 0.0060
v 0.7786 7.6146 0.0094
v 0.8439 7.5402 0.0419
v 0.0520 7.9195 -0.2319
v -0.0431 7.9104 -0.2302
v 0.1515 7.9194 -0.2309
v 0.2372 7.9170 -0.0451
v 0.2523 7.9046 -0.2246
v 0.3456 7.8810 -0.2136
v 0.4093 7.8706 -0.0045
v 0.4389 7.8520 -0.1990
v 0.5274 7.8113 -0.1791
v 0.6073 7.7628 -0.1533
v 0.6815 7.7080 -0.1205
v 0.7482 7.6496 -0.0814
v 0.8041 7.5914 -0.0278
v -0.0375 7.8275 -0.3466
v 0.1491 7.8218 -0.3669
v 0.5122 7.6998 -0.3359
v 0.5979 7.6602 -0.2911
v 0.7471 7.5853 -0.1549
v 0.8078 7.5512 -0.0586
v -0.0421 7.9181 -0.0875
v 0.8439 7.5393 0.0413
v -0.0743 7.7141 -0.4948
v 0.0261 7.7429 -0.4019
v 0.1108 7.7286 -0.4039
v 0.1842 7.6423 -0.5808
v 0.1909 7.7065 -0.4003
v 0.2735 7.6788 -0.3883
v 0.3560 7.6548 -0.3703
v 0.4330 7.6303 -0.3450
v 0.5820 7.5128 -0.5058
v 0.5090 7.6056 -0.3113
v 0.6553 7.4909 -0.4421
v 0.5847 7.5840 -0.2699
v 0.6558 7.5654 -0.2232
v 0.7780 7.4615 -0.2631
v 0.7212 7.5467 -0.1698
v 0.7765 7.5259 -0.1083
v 0.8249 7.5048 -0.0360
v 0.8724 7.4834 0.0390
v 0.0380 7.8443 -0.3073
v 0.2920 7.8316 -0.2466
v 0.4257 7.8031 -0.1921
v 0.4902 7.7789 -0.1652
v 0.5667 7.7479 -0.1430
v 0.6406 7.7125 -0.1274
v 0.7109 7.6689 -0.1053
v 0.8180 7.5508 -0.0170
v -0.0559 7.8261 -0.3240
v 0.0231 7.7985 -0.4379
v 0.1332 7.8518 -0.2884
v 0.1178 7.7960 -0.4487
v 0.2206 7.8436 -0.2696
v 0.2139 7.7795 -0.4502
v 0.3037 7.7573 -0.4418
v 0.3606 7.8203 -0.2209
v 0.3931 7.7376 -0.4255
v 0.4817 7.7138 -0.3975
v 0.5631 7.6861 -0.3597
v 0.6373 7.6548 -0.3152
v 0.7067 7.6198 -0.2618
v 0.7678 7.5837 -0.1985
v 0.7657 7.6160 -0.0685
v 0.8150 7.5492 -0.1225
v 0.8451 7.5163 -0.0414
v 0.0112 7.6971 -0.5325
v 0.0954 7.6728 -0.5642
v 0.2852 7.6045 -0.5835
v 0.3884 7.5720 -0.5748
v 0.4890 7.5411 -0.5504
v 0.7219 7.4727 -0.3576
v 0.8259 7.4592 -0.1623
v 0.8520 7.4703 -0.0604
v -0.0629 7.7491 -0.3958
v -0.0674 7.7912 -0.4230
v 0.8730 7.4825 0.0383
v 0.8722 7.4846 0.0395
v 0.0645 7.5306 -0.5716
v -0.0193 7.5202 -0.5829
v 0.1850 7.4202 -0.7525
v 0.1410 7.5342 -0.5555
v 0.2125 7.5327 -0.5352
v 0.2849 7.5259 -0.5075
v 0.3630 7.5172 -0.4697
v 0.4396 7.5128 -0.4301
v 0.6058 7.3848 -0.5551
v 0.5068 7.5075 -0.3894
v 0.6773 7.3851 -0.4770
v 0.5728 7.5023 -0.3426
v 0.6366 7.5005 -0.2885
v 0.6940 7.5033 -0.2258
v 0.8132 7.4479 -0.1880
v 0.7411 7.5102 -0.1559
v 0.7884 7.5200 -0.0805
v 0.8378 7.5290 -0.0052
v 0.0282 7.7308 -0.5057
v -0.0570 7.7025 -0.5226
v 0.5578 7.7013 -0.2886
v 0.7243 7.6090 -0.1485
v 0.7802 7.5702 -0.0777
v 0.8376 7.5303 -0.0051
v 0.0612 7.6251 -0.6886
v -0.0289 7.6057 -0.6903
v 0.1150 7.7527 -0.4824
v 0.1590 7.6387 -0.6794
v 0.1991 7.7614 -0.4553
v 0.2593 7.6420 -0.6577
v 0.2741 7.7575 -0.4247
v 0.3522 7.6353 -0.6237
v 0.3479 7.7491 -0.3899
v 0.4326 7.6259 -0.5849
v 0.4201 7.7412 -0.3571
v 0.5120 7.6174 -0.5417
v 0.4934 7.7254 -0.3213
v 0.5923 7.6027 -0.4870
v 0.6623 7.5841 -0.4230
v 0.6160 7.6726 -0.2571
v 0.7209 7.5665 -0.3509
v 0.6742 7.6412 -0.2074
v 0.7659 7.5549 -0.2697
v 0.7964 7.5467 -0.1806
v 0.8169 7.5381 -0.0924
v 0.0976 7.4249 -0.7546
v 0.0088 7.4234 -0.7506
v 0.2727 7.4133 -0.7376
v 0.3630 7.4037 -0.7065
v 0.4477 7.3940 -0.6647
v 0.5315 7.3890 -0.6148
v 0.7414 7.3944 -0.3822
v 0.7857 7.4171 -0.2881
v 0.8251 7.4879 -0.0952
v 0.8387 7.5282 -0.0056
v 0.0595 7.2484 -0.7276
v 0.1428 7.2522 -0.7171
v 0.2621 7.0877 -0.8061
v 0.2213 7.2521 -0.6942
v 0.3601 7.0917 -0.7673
v 0.3024 7.2528 -0.6598
v 0.3869 7.2606 -0.6224
v 0.5359 7.1265 -0.6615
v 0.4626 7.2706 -0.5815
v 0.6154 7.1538 -0.5897
v 0.5352 7.2840 -0.5314
v 0.6028 7.3054 -0.4744
v 0.6617 7.3369 -0.4132
v 0.7119 7.3743 -0.3473
v 0.7549 7.4107 -0.2764
v 0.7893 7.4431 -0.1983
v 0.8160 7.4756 -0.1143
v 0.2210 7.4551 -0.6987
v 0.2953 7.4549 -0.6632
v 0.4490 7.4501 -0.5928
v 0.5168 7.4454 -0.5508
v 0.6339 7.4520 -0.4500
v 0.6903 7.4691 -0.3805
v -0.0531 7.4195 -0.7425
v 0.0409 7.4361 -0.7416
v 0.0566 7.2780 -0.8442
v 0.1349 7.4493 -0.7276
v 0.1596 7.2866 -0.8368
v 0.2619 7.2907 -0.8106
v 0.3530 7.2937 -0.7707
v 0.3723 7.4537 -0.6303
v 0.4376 7.2994 -0.7278
v 0.5223 7.3060 -0.6729
v 0.5970 7.3152 -0.6091
v 0.5766 7.4440 -0.5060
v 0.6621 7.3324 -0.5393
v 0.7169 7.3610 -0.4641
v 0.7614 7.3951 -0.3845
v 0.7410 7.4869 -0.3002
v 0.7971 7.4284 -0.3000
v 0.7786 7.4957 -0.2136
v 0.8194 7.4577 -0.2103
v 0.8099 7.5017 -0.1217
v 0.8307 7.4834 -0.1199
v 0.8418 7.5094 -0.0300
v 0.0752 7.0904 -0.8302
v 0.1674 7.0895 -0.8263
v 0.4522 7.1063 -0.7198
v 0.6883 7.1938 -0.5077
v 0.7448 7.2460 -0.4273
v 0.7830 7.3004 -0.3514
v 0.8110 7.3522 -0.2762
v 0.8301 7.4051 -0.1950
v 0.8368 7.4574 -0.1125
v 0.8427 7.5079 -0.0298
v -0.0173 7.0863 -0.8239
v -0.0305 7.2397 -0.7271
v -0.0398 7.2661 -0.8393
v 0.0944 6.8674 -0.8227
v 0.0529 6.9867 -0.7952
v 0.1863 6.8716 -0.8149
v 0.1340 7.0150 -0.7829
v 0.2751 6.8806 -0.7975
v 0.2122 7.0418 -0.7633
v 0.3605 6.8939 -0.7693
v 0.2863 7.0673 -0.7356
v 0.3590 7.0932 -0.6964
v 0.5192 6.9262 -0.6782
v 0.4244 7.1184 -0.6500
v 0.4877 7.1457 -0.5978
v 0.5479 7.1749 -0.5441
v 0.6000 7.2030 -0.4880
v 0.7598 7.0672 -0.4220
v 0.6485 7.2330 -0.4221
v 0.7917 7.1203 -0.3487
v 0.6914 7.2626 -0.3535
v 0.8169 7.1759 -0.2749
v 0.7323 7.2928 -0.2810
v 0.7717 7.3233 -0.2061
v 0.8590 7.2901 -0.1276
v 0.8121 7.3543 -0.1311
v 0.8551 7.3860 -0.0572
v 0.9007 7.4179 0.0146
v -0.0648 7.0504 -0.8279
v 0.0906 7.1582 -0.8265
v 0.2477 7.2474 -0.7881
v 0.3872 7.3229 -0.7094
v 0.6609 7.4271 -0.4014
v 0.7069 7.4295 -0.3201
v 0.7978 7.4297 -0.1524
v 0.0124 7.1043 -0.8308
v 0.0539 6.9850 -0.8583
v -0.0323 6.9553 -0.8505
v 0.1429 7.0148 -0.8585
v 0.1700 7.2058 -0.8127
v 0.2329 7.0446 -0.8469
v 0.3219 7.0740 -0.8218
v 0.3209 7.2866 -0.7527
v 0.4037 7.1019 -0.7856
v 0.4820 7.1306 -0.7377
v 0.4485 7.3562 -0.6626
v 0.5532 7.1597 -0.6840
v 0.5073 7.3857 -0.6132
v 0.6204 7.1911 -0.6255
v 0.5619 7.4077 -0.5513
v 0.6799 7.2249 -0.5546
v 0.6134 7.4212 -0.4788
v 0.7247 7.2554 -0.4787
v 0.7612 7.2849 -0.3967
v 0.7915 7.3126 -0.3140
v 0.7514 7.4318 -0.2369
v 0.8190 7.3393 -0.2316
v 0.8447 7.3654 -0.1489
v 0.8479 7.4234 -0.0679
v 0.8710 7.3914 -0.0667
v 0.9005 7.4191 0.0142
v 0.0014 6.8620 -0.8228
v 0.4418 6.9085 -0.7293
v 0.5924 6.9493 -0.6191
v 0.6611 6.9803 -0.5565
v 0.7180 7.0202 -0.4912
v 0.8393 7.2307 -0.2008
v 0.8782 7.3540 -0.0560
v 0.9014 7.4168 0.0146
v -0.0311 6.9571 -0.8002
v 0.0644 6.8152 -0.7725
v -0.0201 6.7934 -0.7614
v 0.1923 6.6781 -0.7867
v 0.1422 6.8368 -0.7694
v 0.2155 6.8621 -0.7490
v 0.3762 6.7344 -0.7389
v 0.2917 6.8957 -0.7202
v 0.4577 6.7681 -0.7008
v 0.3609 6.9315 -0.6868
v 0.4271 6.9699 -0.6468
v 0.6029 6.8440 -0.6059
v 0.4911 7.0114 -0.6016
v 0.5499 7.0543 -0.5542
v 0.7280 6.9444 -0.4898
v 0.6042 7.1001 -0.5049
v 0.6527 7.1494 -0.4540
v 0.6969 7.2018 -0.4007
v 0.7372 7.2552 -0.3447
v 0.7734 7.3079 -0.2848
v 0.8040 7.3571 -0.2181
v 0.8716 7.3573 -0.1277
v 0.8254 7.4024 -0.1466
v 0.8659 7.4270 -0.0615
v 0.8419 7.4481 -0.0706
v 0.8595 7.4944 0.0058
v -0.0664 6.9213 -0.8328
v 0.1048 6.9829 -0.8417
v 0.1758 7.0173 -0.8200
v 0.2438 7.0560 -0.7945
v 0.3119 7.0981 -0.7651
v 0.3764 7.1411 -0.7297
v 0.6031 7.3033 -0.5527
v 0.6550 7.3402 -0.4942
v 0.7056 7.3756 -0.4264
v 0.8114 7.4605 -0.1773
v 0.8583 7.4961 0.0050
v 0.0197 6.9506 -0.8450
v 0.0592 6.7961 -0.8575
v 0.1549 6.8243 -0.8590
v 0.2470 6.8584 -0.8392
v 0.3283 6.8947 -0.8132
v 0.4087 6.9346 -0.7791
v 0.4832 6.9760 -0.7382
v 0.4398 7.1855 -0.6887
v 0.5517 7.0181 -0.6930
v 0.4978 7.2276 -0.6459
v 0.6166 7.0632 -0.6422
v 0.5519 7.2668 -0.6014
v 0.6757 7.1110 -0.5863
v 0.7267 7.1625 -0.5250
v 0.7688 7.2157 -0.4595
v 0.8031 7.2691 -0.3901
v 0.7524 7.4101 -0.3499
v 0.8307 7.3211 -0.3171
v 0.7874 7.4398 -0.2671
v 0.8504 7.3702 -0.2407
v 0.8576 7.4154 -0.1584
v 0.8335 7.4768 -0.0852
v 0.8575 7.4556 -0.0761
v 0.1039 6.6607 -0.7850
v 0.2868 6.7033 -0.7683
v 0.5339 6.8048 -0.6554
v 0.6687 6.8899 -0.5504
v 0.7763 7.0086 -0.4263
v 0.8107 7.0773 -0.3660
v 0.8347 7.1487 -0.3084
v 0.8517 7.2189 -0.2520
v 0.8670 7.2875 -0.1917
v 0.0171 6.6445 -0.7706
v -0.0292 6.7725 -0.8421
v 0.8592 7.4954 0.0053
v -0.0206 6.5252 -0.6845
v 0.0509 6.6334 -0.7071
v -0.0387 6.6143 -0.6997
v 0.1373 6.6558 -0.7063
v 0.2189 6.6816 -0.6959
v 0.2960 6.7115 -0.6743
v 0.4339 6.5793 -0.6119
v 0.3716 6.7456 -0.6423
v 0.5118 6.6049 -0.5746
v 0.4451 6.7803 -0.6061
v 0.5124 6.8141 -0.5638
v 0.5768 6.8502 -0.5124
v 0.7189 6.7097 -0.4203
v 0.6351 6.8870 -0.4580
v 0.6901 6.9268 -0.4010
v 0.7412 6.9708 -0.3425
v 0.7841 7.0193 -0.2838
v 0.8811 6.9800 -0.1692
v 0.8186 7.0728 -0.2201
v 0.8474 7.1291 -0.1527
v 0.9047 7.1349 -0.0527
v 0.8746 7.1858 -0.0845
v 0.9168 7.2169 0.0005
v 0.9031 7.2425 -0.0157
v 0.0256 6.7164 -0.7816
v 0.3567 6.8857 -0.7546
v 0.5085 6.9758 -0.6778
v 0.6319 7.0535 -0.5682
v 0.7790 7.1378 -0.3727
v 0.8183 7.1698 -0.2955
v 0.8510 7.2054 -0.2133
v 0.8796 7.2379 -0.1267
v 0.9068 7.2679 -0.0367
v 0.9343 7.2988 0.0524
v 0.0494 6.6061 -0.7632
v 0.1110 6.7562 -0.7955
v 0.1440 6.6251 -0.7741
v 0.1958 6.7976 -0.7962
v 0.2403 6.6510 -0.7718
v 0.2781 6.8403 -0.7811
v 0.3334 6.6838 -0.7534
v 0.4190 6.7194 -0.7243
v 0.4352 6.9315 -0.7211
v 0.5019 6.7561 -0.6896
v 0.5817 6.7950 -0.6444
v 0.5737 7.0170 -0.6260
v 0.6516 6.8340 -0.5916
v 0.7158 6.8763 -0.5304
v 0.6845 7.0839 -0.5062
v 0.7714 6.9212 -0.4643
v 0.7326 7.1100 -0.4417
v 0.8186 6.9696 -0.3948
v 0.8561 7.0226 -0.3204
v 0.8809 7.0770 -0.2447
v 0.8978 7.1316 -0.1699
v 0.9097 7.1869 -0.0948
v 0.9205 7.2423 -0.0205
v 0.0747 6.5231 -0.6887
v 0.1703 6.5246 -0.6848
v 0.2634 6.5350 -0.6715
v 0.3513 6.5549 -0.6466
v 0.5856 6.6333 -0.5304
v 0.6548 6.6672 -0.4780
v 0.7770 6.7641 -0.3591
v 0.8272 6.8303 -0.2956
v 0.8612 6.9041 -0.2314
v 0.8942 7.0553 -0.1092
v -0.0601 6.6809 -0.7597
v -0.0420 6.5918 -0.7445
v 0.9345 7.2970 0.0537
v 0.9341 7.2979 0.0531
v -0.0074 7.9226 0.1075
v 0.0502 7.8809 0.3438
v 0.1796 7.9368 0.1425
v 0.1340 7.8820 0.3598
v 0.2161 7.8725 0.3728
v 0.2989 7.9253 0.1554
v 0.3032 7.8567 0.3743
v 0.3562 7.9127 0.1487
v 0.3856 7.8382 0.3626
v 0.4631 7.8130 0.3407
v 0.5382 7.7783 0.3132
v 0.5749 7.8102 0.1003
v 0.6068 7.7368 0.2847
v 0.6363 7.7621 0.0953
v 0.6723 7.6909 0.2498
v 0.7314 7.6444 0.2042
v 0.7415 7.6601 0.0777
v 0.7775 7.5985 0.1456
v 0.8155 7.5525 0.0776
v 0.0077 7.9216 0.5646
v -0.0774 7.9149 0.5514
v 0.5386 7.8169 0.5527
v 0.6864 7.7303 0.4691
v 0.7540 7.6741 0.4024
v 0.8117 7.6132 0.3117
v 0.0425 7.9740 0.3449
v 0.0904 7.9206 0.5810
v 0.1361 7.9754 0.3637
v 0.1957 7.9053 0.5987
v 0.2310 7.9648 0.3802
v 0.3258 7.8797 0.6015
v 0.3214 7.9483 0.3826
v 0.4429 7.8525 0.5833
v 0.4135 7.9270 0.3694
v 0.5015 7.8965 0.3454
v 0.6144 7.7774 0.5167
v 0.5810 7.8560 0.3169
v 0.6545 7.8037 0.2847
v 0.7181 7.7453 0.2479
v 0.7709 7.6845 0.2012
v 0.8442 7.5623 0.2086
v 0.8082 7.6240 0.1406
v 0.8497 7.5318 0.1082
v 0.8316 7.5649 0.0749
v 0.0851 7.9333 0.1241
v 0.2514 7.9320 0.1542
v 0.4260 7.8925 0.1334
v 0.5048 7.8569 0.1135
v 0.6906 7.7158 0.0938
v 0.7974 7.5856 0.0444
v -0.0371 7.8721 0.3295
v -0.0477 7.9654 0.3294
v 0.8548 7.5055 0.0102
v 0.0837 7.7801 0.7438
v -0.0037 7.7753 0.7511
v 0.1670 7.7781 0.7354
v 0.2479 7.7682 0.7244
v 0.3337 7.9078 0.5560
v 0.3266 7.7502 0.7080
v 0.4062 7.7267 0.6816
v 0.4660 7.8574 0.5274
v 0.4855 7.7060 0.6436
v 0.5231 7.8297 0.4974
v 0.5533 7.6868 0.5985
v 0.6152 7.6654 0.5433
v 0.6721 7.6428 0.4804
v 0.7244 7.6201 0.4130
v 0.7326 7.6921 0.2936
v 0.7693 7.5980 0.3409
v 0.8060 7.5757 0.2625
v 0.8317 7.5534 0.1816
v 0.8339 7.5589 0.0866
v 0.8442 7.5304 0.0966
v 0.1090 7.7220 0.9950
v 0.1914 7.7211 0.9732
v 0.2765 7.7113 0.9478
v 0.7084 7.5968 0.6576
v 0.7636 7.5782 0.5750
v 0.8515 7.5454 0.3949
v 0.8691 7.5116 0.1035
v 0.0923 7.9060 0.8134
v -0.0005 7.9084 0.8240
v 0.1885 7.8962 0.8008
v 0.2840 7.8766 0.7847
v 0.3687 7.6901 0.9143
v 0.3757 7.8476 0.7623
v 0.4689 7.6590 0.8652
v 0.4586 7.8150 0.7319
v 0.5547 7.6357 0.8080
v 0.5352 7.7871 0.6919
v 0.6398 7.6162 0.7366
v 0.6096 7.7590 0.6355
v 0.6730 7.7295 0.5705
v 0.7273 7.6993 0.5007
v 0.8123 7.5607 0.4880
v 0.7754 7.6694 0.4270
v 0.8149 7.6395 0.3475
v 0.8748 7.5329 0.3021
v 0.8433 7.6090 0.2654
v 0.8818 7.5203 0.2024
v 0.8594 7.5752 0.1795
v 0.8587 7.5401 0.0936
v 0.0670 7.9641 0.5621
v -0.0280 7.9675 0.5591
v 0.1641 7.9532 0.5631
v 0.2555 7.9335 0.5613
v 0.3959 7.8828 0.5483
v 0.5798 7.7981 0.4562
v 0.6359 7.7640 0.4061
v 0.6876 7.7287 0.3519
v 0.7745 7.6517 0.2259
v 0.8093 7.6083 0.1588
v 0.0239 7.7162 1.0160
v 0.5282 7.3698 0.9947
v 0.5565 7.4696 0.9404
v 0.5826 7.3995 0.9287
v 0.6271 7.4228 0.8565
v 0.6297 7.5640 0.7916
v 0.6689 7.4439 0.7779
v 0.7087 7.4644 0.7004
v 0.7429 7.4817 0.6210
v 0.7729 7.4959 0.5389
v 0.8003 7.5071 0.4561
v 0.8240 7.5135 0.3714
v 0.8420 7.5158 0.2822
v 0.8361 7.5851 0.1886
v 0.8517 7.5149 0.1933
v 0.8449 7.5463 0.0992
v 0.8536 7.5106 0.1022
v 0.5518 7.3429 1.0050
v 0.6328 7.3461 0.9476
v 0.7008 7.3492 0.8790
v 0.8500 7.3740 0.6443
v 0.9027 7.3998 0.4742
v 0.9120 7.4438 0.2910
v 0.9026 7.4639 0.1960
v 0.8801 7.4850 0.1023
v 0.5379 7.3768 1.0117
v 0.6066 7.4162 0.9593
v 0.6673 7.4496 0.8914
v 0.7572 7.3563 0.8039
v 0.7179 7.4764 0.8177
v 0.8083 7.3655 0.7262
v 0.7672 7.5014 0.7401
v 0.8101 7.5219 0.6563
v 0.8818 7.3838 0.5598
v 0.8451 7.5369 0.5683
v 0.8715 7.5459 0.4758
v 0.9128 7.4214 0.3846
v 0.8868 7.5473 0.3804
v 0.8915 7.5425 0.2865
v 0.8870 7.5341 0.1914
v 0.8713 7.5207 0.0993
v 0.5143 7.4037 1.0014
v 0.4662 7.3350 1.0539
v 0.5936 7.5232 0.8688
v 0.6676 7.6004 0.7144
v 0.7030 7.6296 0.6330
v 0.7362 7.6490 0.5473
v 0.7691 7.6532 0.4576
v 0.7980 7.6393 0.3671
v 0.8214 7.6145 0.2777
v 0.5982 7.2371 1.0068
v 0.5992 7.2173 1.0001
v 0.5386 7.1966 1.0606
v 0.6545 7.2357 0.9357
v 0.7040 7.3096 0.8823
v 0.7017 7.2517 0.8670
v 0.7458 7.3399 0.8131
v 0.7423 7.2680 0.7924
v 0.7855 7.3727 0.7425
v 0.7804 7.2873 0.7158
v 0.8119 7.3072 0.6399
v 0.8507 7.4332 0.5942
v 0.8387 7.3276 0.5626
v 0.8617 7.3481 0.4846
v 0.8967 7.4671 0.4272
v 0.8816 7.3667 0.4064
v 0.9061 7.4677 0.3392
v 0.8961 7.3824 0.3233
v 0.9016 7.4010 0.2409
v 0.8952 7.4291 0.1612
v 0.8781 7.4886 0.0953
v 0.8763 7.4664 0.0852
v 0.6769 7.2020 0.9466
v 0.7357 7.2039 0.8791
v 0.8329 7.2154 0.7261
v 0.9050 7.2388 0.5627
v 0.9284 7.2579 0.4793
v 0.9461 7.3513 0.2265
v 0.6099 7.2005 1.0062
v 0.6090 7.2202 1.0128
v 0.6767 7.2421 0.9587
v 0.7380 7.2618 0.8944
v 0.7864 7.2083 0.8032
v 0.7899 7.2803 0.8239
v 0.8380 7.3008 0.7528
v 0.8729 7.2254 0.6454
v 0.8813 7.3227 0.6756
v 0.9171 7.3443 0.5944
v 0.9438 7.3651 0.5092
v 0.9438 7.2843 0.3989
v 0.9590 7.3846 0.4197
v 0.9512 7.3151 0.3151
v 0.9612 7.4004 0.3309
v 0.9520 7.4175 0.2416
v 0.9258 7.3979 0.1403
v 0.9300 7.4431 0.1572
v 0.8913 7.4524 0.0718
v 0.8931 7.4746 0.0819
v 0.6543 7.2759 0.9478
v 0.8203 7.4045 0.6701
v 0.8771 7.4553 0.5145
v 0.9076 7.4672 0.2560
v 0.8994 7.4743 0.1781
v 0.8540 7.5066 0.0097
v 0.3699 7.3857 1.0747
v 0.4250 7.4215 1.0146
v 0.4771 7.4511 0.9460
v 0.5049 7.5806 0.8954
v 0.5328 7.4773 0.8788
v 0.5561 7.6221 0.8262
v 0.5832 7.4964 0.8105
v 0.5979 7.6556 0.7546
v 0.6260 7.5116 0.7382
v 0.6656 7.5238 0.6615
v 0.6670 7.6932 0.5902
v 0.7026 7.5350 0.5839
v 0.7379 7.5457 0.5062
v 0.7691 7.5543 0.4238
v 0.7904 7.5581 0.3406
v 0.8067 7.5573 0.2518
v 0.8232 7.5555 0.1606
v 0.4694 7.3872 1.0376
v 0.6059 7.4094 0.9210
v 0.6722 7.4147 0.8570
v 0.7873 7.4291 0.7050
v 0.8305 7.4437 0.6243
v 0.8598 7.4653 0.5390
v 0.8716 7.5040 0.3538
v 0.8636 7.5172 0.2594
v 0.8514 7.5346 0.1644
v 0.3905 7.3682 1.0882
v 0.3765 7.3941 1.0949
v 0.4463 7.4418 1.0499
v 0.5385 7.3992 0.9779
v 0.5114 7.4798 0.9941
v 0.5780 7.5128 0.9376
v 0.6451 7.5404 0.8728
v 0.7334 7.4198 0.7815
v 0.7052 7.5639 0.7979
v 0.7543 7.5854 0.7172
v 0.7949 7.6019 0.6306
v 0.8252 7.6109 0.5378
v 0.8735 7.4877 0.4483
v 0.8441 7.6104 0.4437
v 0.8520 7.6002 0.3456
v 0.8515 7.5858 0.2520
v 0.8462 7.5694 0.1607
v 0.8424 7.5537 0.0695
v 0.3559 7.4115 1.0815
v 0.4019 7.4761 1.0270
v 0.4499 7.5317 0.9622
v 0.6325 7.6800 0.6738
v 0.7033 7.6913 0.5050
v 0.7397 7.6769 0.4191
v 0.7707 7.6542 0.3324
v 0.7946 7.6259 0.2444
v 0.8180 7.5903 0.1568
v 0.3053 7.3419 1.1239
v 0.8415 7.5552 0.0693
v 0.2476 7.5679 1.0252
v 0.3075 7.6003 0.9699
v 0.3598 7.6272 0.9098
v 0.3488 7.7594 0.8282
v 0.4051 7.6438 0.8436
v 0.4025 7.7935 0.7408
v 0.4561 7.6527 0.7746
v 0.5127 7.6558 0.7129
v 0.5457 7.7522 0.6159
v 0.5733 7.6547 0.6542
v 0.6367 7.6518 0.5935
v 0.6391 7.5967 0.7177
v 0.6732 7.6208 0.6290
v 0.3429 7.5720 0.9939
v 0.3153 7.6153 0.9931
v 0.4291 7.5780 0.9496
v 0.3808 7.6584 0.9463
v 0.4989 7.5745 0.9001
v 0.4426 7.6902 0.8846
v 0.5558 7.5673 0.8559
v 0.5022 7.7080 0.8221
v 0.6057 7.5745 0.7953
v 0.5608 7.7097 0.7536
v 0.6115 7.6943 0.6795
v 0.6577 7.6739 0.6069
v 0.2799 7.6436 0.9691
v 0.3115 7.7076 0.9065
v 0.4678 7.7910 0.6712
v 0.6211 7.7049 0.5715
v 0.7023 7.6530 0.5336
v 0.5916 7.6333 0.1663
v 0.6403 7.6013 0.1760
v 0.5881 7.5272 0.1698
v 0.6924 7.6708 0.1738
v 0.6940 7.7968 0.1864
v 0.7501 7.7277 0.1675
v 0.7781 7.8614 0.2062
v 0.8203 7.7754 0.1648
v 0.8992 7.8072 0.1659
v 0.9815 7.9127 0.2515
v 0.9863 7.8216 0.1709
v 1.0768 7.8268 0.1778
v 1.1722 7.8194 0.1886
v 1.2644 7.8287 0.3375
v 1.2651 7.7978 0.2045
v 1.3598 7.7480 0.2275
v 1.4314 7.6580 0.2488
v 1.4431 7.5785 0.4042
v 1.4728 7.5674 0.2654
v 1.4747 7.4941 0.4175
v 1.5050 7.4838 0.2802
v 1.5012 7.4040 0.4310
v 1.5357 7.3947 0.2987
v 1.5592 7.3047 0.3174
v 1.5394 7.2247 0.4520
v 1.5772 7.2141 0.3367
v 1.5909 7.1246 0.3586
v 1.5580 7.0429 0.4725
v 1.5981 7.0304 0.3820
v 1.5597 6.9542 0.4849
v 1.5973 6.9369 0.4074
v 1.5578 6.8647 0.5010
v 1.5911 6.8465 0.4351
v 1.5511 6.7727 0.5165
v 1.5792 6.7578 0.4622
v 1.5377 6.6792 0.5265
v 1.5606 6.6691 0.4854
v 1.5158 6.5886 0.5291
v 1.5336 6.5817 0.5033
v 1.4913 6.5003 0.5272
v 1.5012 6.4967 0.5156
v 0.6234 7.5997 0.2326
v 0.6849 7.6653 0.2485
v 0.7505 7.7110 0.2570
v 0.8211 7.7369 0.2618
v 0.8948 7.7481 0.2639
v 1.3077 7.5895 0.2398
v 1.3749 7.4316 0.2643
v 1.4363 7.2689 0.2921
v 1.4622 7.1844 0.3098
v 1.4867 7.0995 0.3284
v 1.5051 7.0136 0.3499
v 1.5159 6.9255 0.3766
v 1.5214 6.7559 0.4372
v 1.5068 6.5862 0.4861
v 0.5748 7.6318 0.2228
v 0.5345 7.5534 0.1947
v 0.6245 7.7103 0.2505
v 0.6944 7.7801 0.2759
v 0.7789 7.8229 0.3032
v 0.8722 7.8409 0.3271
v 0.9691 7.7470 0.2655
v 0.9643 7.8381 0.3461
v 1.0446 7.7337 0.2589
v 1.0522 7.8094 0.3613
v 1.1217 7.7124 0.2485
v 1.1300 7.7660 0.3694
v 1.2020 7.6819 0.2398
v 1.2014 7.7128 0.3729
v 1.2665 7.6442 0.2347
v 1.2511 7.6560 0.3731
v 1.2819 7.5997 0.3788
v 1.3415 7.5146 0.2506
v 1.3118 7.5257 0.3894
v 1.3447 7.4419 0.4017
v 1.4074 7.3519 0.2770
v 1.3728 7.3613 0.4093
v 1.3993 7.2786 0.4169
v 1.4244 7.1950 0.4251
v 1.4470 7.1089 0.4321
v 1.4650 7.0261 0.4404
v 1.4783 6.9428 0.4540
v 1.5208 6.8394 0.4070
v 1.4875 6.8576 0.4728
v 1.4932 6.7707 0.4916
v 1.5175 6.6725 0.4641
v 1.4946 6.6826 0.5053
v 1.4890 6.5931 0.5119
v 1.4890 6.4988 0.5059
v 1.4791 6.5024 0.5176
v 1.4693 6.4116 0.5252
v 0.6320 7.7158 0.1758
v 0.8766 7.9000 0.2291
v 1.0844 7.9025 0.2802
v 1.1805 7.8729 0.3096
v 1.3444 7.7598 0.3659
v 1.4056 7.6682 0.3878
v 1.5222 7.3144 0.4421
v 1.5513 7.1340 0.4623
v 0.5539 7.5512 0.1549
v 0.5687 7.5294 0.2096
v 1.4693 6.4117 0.5263
v 0.5534 7.5810 0.1434
v 0.5758 7.5580 0.1524
v 0.6063 7.6644 0.1384
v 0.6567 7.6208 0.1508
v 0.6532 7.7420 0.1314
v 0.7305 7.6796 0.1526
v 0.8015 7.7239 0.1522
v 0.8542 7.7180 0.1533
v 0.9146 7.8830 0.0754
v 0.9180 7.7036 0.1454
v 1.0145 7.8800 0.0522
v 0.9816 7.6751 0.1368
v 1.0434 7.6358 0.1278
v 1.2049 7.8286 -0.0010
v 1.0987 7.5904 0.1197
v 1.2996 7.7760 -0.0271
v 1.1325 7.5476 0.1149
v 1.3815 7.6915 -0.0497
v 1.1323 7.5243 0.1157
v 1.4301 7.5979 -0.0673
v 1.1441 7.4698 0.1188
v 1.4644 7.5107 -0.0797
v 1.1712 7.3762 0.1221
v 1.5006 7.4249 -0.0865
v 1.2001 7.2945 0.1232
v 1.5353 7.3315 -0.0862
v 1.2283 7.2212 0.1235
v 1.2631 7.1406 0.1275
v 1.3002 7.0594 0.1430
v 1.3362 6.9842 0.1635
v 1.3720 6.9102 0.1785
v 1.4093 6.8293 0.1859
v 1.6508 6.7806 0.0517
v 1.4425 6.7559 0.1890
v 1.4683 6.6865 0.1819
v 1.6503 6.6381 0.0631
v 1.4883 6.6146 0.1613
v 1.6330 6.5461 0.0478
v 1.5022 6.5438 0.1337
v 1.5970 6.4605 0.0323
v 1.5035 6.4677 0.1052
v 1.4895 6.3834 0.0640
v 1.4708 6.2998 0.0195
v 0.7033 7.6886 0.2501
v 1.0909 7.7419 0.3562
v 1.2375 7.6667 0.3889
v 1.4430 7.2994 0.4369
v 1.5761 6.8740 0.4079
v 1.5988 6.6452 0.3554
v 1.5968 6.5444 0.3018
v 1.5856 6.4674 0.2421
v 1.5631 6.3946 0.1774
v 0.5672 7.5647 0.1840
v 0.5448 7.5878 0.1750
v 0.6357 7.6210 0.2152
v 0.5853 7.6646 0.2028
v 0.6260 7.7510 0.2289
v 0.7662 7.7528 0.2779
v 0.6786 7.8465 0.2399
v 0.8343 7.7825 0.3022
v 0.7941 7.9296 0.2435
v 0.9194 7.7840 0.3205
v 0.9159 7.9634 0.2504
v 1.0054 7.7691 0.3389
v 1.0383 7.9740 0.2543
v 1.1576 7.9673 0.2543
v 1.1703 7.7068 0.3725
v 1.2765 7.9450 0.2518
v 1.4046 7.8950 0.2469
v 1.2878 7.6202 0.4056
v 1.5370 7.7875 0.2402
v 1.3314 7.5511 0.4207
v 1.6173 7.6792 0.2346
v 1.3720 7.4667 0.4324
v 1.6652 7.6012 0.2306
v 1.4114 7.3812 0.4379
v 1.7119 7.5116 0.2283
v 1.7499 7.4097 0.2272
v 1.4691 7.2247 0.4326
v 1.7748 7.3129 0.2293
v 1.4964 7.1557 0.4294
v 1.7923 7.2160 0.2329
v 1.5287 7.0691 0.4275
v 1.8045 7.1120 0.2379
v 1.5580 6.9673 0.4207
v 1.8095 7.0044 0.2421
v 1.8069 6.9018 0.2497
v 1.5916 6.7653 0.3902
v 1.7999 6.7900 0.2530
v 1.7845 6.6741 0.2391
v 1.7588 6.5679 0.2036
v 1.7165 6.4698 0.1561
v 1.6565 6.3874 0.1045
v 1.5285 6.3324 0.1095
v 1.5889 6.3269 0.0595
v 1.4895 6.2741 0.0410
v 1.5186 6.2711 0.0161
v 1.4512 6.2142 -0.0246
v 1.4529 6.2140 -0.0260
v 0.4938 7.5071 0.1593
v 0.7140 7.8175 0.1143
v 0.8139 7.8651 0.0947
v 1.1101 7.8612 0.0260
v 1.5688 7.2288 -0.0758
v 1.5961 7.1197 -0.0535
v 1.6121 7.0272 -0.0262
v 1.6235 6.9473 -0.0001
v 1.6401 6.8571 0.0277
v 1.6541 6.7155 0.0656
v 1.5500 6.3779 0.0140
v 1.4999 6.2968 -0.0054
v 1.4517 6.2154 -0.0273
v 1.4501 6.2156 -0.0258
v 0.5825 7.5799 0.1258
v 0.6082 7.5509 0.1329
v 0.6475 7.6456 0.1010
v 0.7027 7.5872 0.1183
v 0.7131 7.7103 0.0757
v 0.7954 7.6234 0.1069
v 0.8796 7.6516 0.1017
v 0.8645 7.8117 0.0267
v 0.9337 7.6529 0.1059
v 0.9368 7.6354 0.1192
v 1.0254 7.7755 -0.0175
v 0.9412 7.6179 0.1381
v 1.0854 7.7124 -0.0366
v 0.9770 7.5736 0.1520
v 1.1387 7.6390 -0.0542
v 1.0245 7.5053 0.1601
v 1.0640 7.4393 0.1684
v 1.2285 7.4832 -0.0831
v 1.1041 7.3690 0.1741
v 1.2699 7.4022 -0.0945
v 1.1448 7.2964 0.1773
v 1.3100 7.3205 -0.1035
v 1.1831 7.2276 0.1771
v 1.2142 7.1643 0.1685
v 1.3843 7.1574 -0.1123
v 1.2468 7.0977 0.1574
v 1.4154 7.0710 -0.1111
v 1.2820 7.0199 0.1438
v 1.3134 6.9471 0.1284
v 1.3428 6.8708 0.1108
v 1.3686 6.7916 0.0914
v 1.4844 6.7252 -0.0967
v 1.3875 6.7148 0.0704
v 1.3961 6.6360 0.0483
v 1.4703 6.5455 -0.0948
v 1.3984 6.5504 0.0233
v 1.3978 6.4594 -0.0038
v 1.3965 6.3648 -0.0312
v 1.3966 6.2684 -0.0573
v 0.6652 7.6327 0.1755
v 0.7372 7.6952 0.1891
v 0.8091 7.7571 0.1998
v 0.8883 7.8090 0.2051
v 1.0801 7.8002 0.1983
v 1.3026 7.6108 0.1776
v 1.5620 7.1000 0.1211
v 1.5780 7.0027 0.1083
v 1.5803 6.7048 0.0576
v 1.5609 6.6083 0.0380
v 1.5325 6.5170 0.0166
v 0.5914 7.5725 0.1612
v 0.5657 7.6015 0.1541
v 0.6100 7.6910 0.1582
v 0.6548 7.7820 0.1579
v 0.7131 7.8750 0.1490
v 0.8192 7.9678 0.1259
v 0.9826 7.8273 0.2038
v 0.9977 8.0074 0.0881
v 1.1643 7.9578 0.0427
v 1.1643 7.7465 0.1917
v 1.2727 7.8854 0.0031
v 1.2363 7.6824 0.1851
v 1.3505 7.8161 -0.0292
v 1.4237 7.7339 -0.0603
v 1.3630 7.5351 0.1695
v 1.4874 7.6493 -0.0876
v 1.4182 7.4566 0.1605
v 1.5433 7.5623 -0.1113
v 1.4680 7.3745 0.1506
v 1.5949 7.4675 -0.1300
v 1.5078 7.2858 0.1420
v 1.6430 7.3613 -0.1367
v 1.5391 7.1931 0.1322
v 1.6766 7.2528 -0.1375
v 1.6954 7.1512 -0.1338
v 1.7056 7.0413 -0.1278
v 1.5866 6.9040 0.0935
v 1.7056 6.9325 -0.1207
v 1.5879 6.8047 0.0766
v 1.6962 6.8253 -0.1140
v 1.6772 6.7153 -0.1096
v 1.6462 6.6088 -0.1063
v 1.6044 6.5121 -0.1014
v 1.4989 6.4296 -0.0065
v 1.5554 6.4233 -0.0953
v 1.4636 6.3444 -0.0311
v 1.5026 6.3394 -0.0890
v 1.4296 6.2593 -0.0563
v 1.4495 6.2570 -0.0840
v 0.5156 7.5155 0.1484
v 0.7836 7.7695 0.0509
v 0.9519 7.8155 0.0036
v 1.1851 7.5624 -0.0695
v 1.3494 7.2399 -0.1102
v 1.4411 6.9857 -0.1077
v 1.4618 6.8993 -0.1033
v 1.4769 6.8121 -0.0993
v 1.4813 6.6365 -0.0959
v 1.4543 6.4531 -0.0925
v 1.4356 6.3598 -0.0891
v 1.4165 6.2662 -0.0850
v 1.3995 6.1726 -0.0818
v 1.3984 6.1727 -0.0803
v 1.4001 6.1722 -0.0802
v 1.4012 6.1721 -0.0817
v 0.5434 7.6289 0.1066
v 0.6210 7.6895 0.0838
v 0.6782 7.7376 0.0416
v 0.6248 7.9168 -0.0355
v 0.7207 7.7396 0.0098
v 0.7151 7.8932 -0.1299
v 0.7618 7.7111 0.0142
v 0.8176 7.6840 0.0062
v 0.8761 7.6485 -0.0128
v 0.9328 7.6066 -0.0239
v 1.0418 7.6784 -0.2675
v 0.9880 7.5545 -0.0313
v 1.0504 7.6104 -0.2789
v 1.0077 7.5208 -0.0240
v 1.0222 7.4648 -0.0332
v 1.0396 7.3724 -0.0628
v 1.0644 7.2892 -0.0843
v 1.0917 7.2064 -0.1040
v 1.1749 7.1691 -0.3363
v 1.1218 7.1220 -0.1232
v 1.2047 7.0771 -0.3326
v 1.1551 7.0379 -0.1409
v 1.1897 6.9557 -0.1566
v 1.2210 6.8756 -0.1717
v 1.2838 6.8130 -0.3082
v 1.2491 6.7920 -0.1877
v 1.2733 6.7089 -0.2030
v 1.2921 6.6258 -0.2179
v 1.3025 6.5396 -0.2327
v 1.3162 6.4513 -0.2713
v 1.3066 6.4496 -0.2471
v 1.3104 6.3591 -0.2617
v 1.3099 6.3590 -0.2606
v 0.8035 7.7389 0.1991
v 0.9230 7.7852 0.2125
v 0.9878 7.7475 0.2028
v 1.2524 7.4689 0.1123
v 1.2553 7.3899 0.0957
v 1.2693 7.3081 0.0726
v 1.2961 7.1422 0.0170
v 1.3380 6.8865 -0.0763
v 1.3520 6.7096 -0.1352
v 1.3107 6.3588 -0.2597
v 0.5652 7.6169 0.1291
v 0.6432 7.6786 0.1615
v 0.5715 7.7167 0.1540
v 0.7352 7.7264 0.1843
v 0.6122 7.8187 0.1759
v 0.7075 7.9161 0.1538
v 0.8719 7.7768 0.2133
v 0.8252 7.9589 0.0693
v 0.9306 7.9393 0.0123
v 1.0287 7.8947 -0.0103
v 1.0636 7.7008 0.1908
v 1.1191 7.8371 -0.0337
v 1.1413 7.6462 0.1740
v 1.1951 7.7701 -0.0622
v 1.2212 7.5640 0.1414
v 1.2639 7.6536 -0.1135
v 1.2901 7.5391 -0.1481
v 1.3065 7.4584 -0.1585
v 1.3241 7.3692 -0.1729
v 1.2831 7.2250 0.0460
v 1.3381 7.2788 -0.1855
v 1.3492 7.1894 -0.1961
v 1.3100 7.0606 -0.0134
v 1.3595 7.0998 -0.2051
v 1.3253 6.9750 -0.0446
v 1.3694 7.0081 -0.2128
v 1.3766 6.9127 -0.2203
v 1.3463 6.7987 -0.1062
v 1.3811 6.8197 -0.2266
v 1.3828 6.7250 -0.2332
v 1.3510 6.6198 -0.1657
v 1.3765 6.6289 -0.2399
v 1.3408 6.5316 -0.1973
v 1.3589 6.5356 -0.2466
v 1.3250 6.4453 -0.2291
v 1.3346 6.4469 -0.2533
v 1.3112 6.3589 -0.2609
v 0.5492 7.7276 0.0763
v 0.5551 7.8299 0.0332
v 0.8252 7.8382 -0.1940
v 0.9169 7.7957 -0.2259
v 0.9883 7.7429 -0.2484
v 1.0598 7.5350 -0.2936
v 1.0908 7.4408 -0.3170
v 1.1192 7.3503 -0.3297
v 1.1467 7.2601 -0.3356
v 1.2338 6.9888 -0.3247
v 1.2596 6.9019 -0.3157
v 1.3041 6.7243 -0.3010
v 1.3175 6.6349 -0.2922
v 1.3206 6.5436 -0.2820
v 0.5611 7.6197 0.1096
v 0.5476 7.6261 0.1260
v -0.6409 7.6036 0.1751
v -0.6943 7.6778 0.1709
v -0.7575 7.7167 0.2558
v -0.7534 7.7403 0.1641
v -0.8306 7.7421 0.2609
v -0.8267 7.7902 0.1640
v -0.9108 7.8155 0.1695
v -0.9673 7.7370 0.2648
v -1.0011 7.8199 0.1778
v -1.0978 7.8068 0.1909
v -1.1954 7.7703 0.2127
v -1.1613 7.6214 0.2398
v -1.2800 7.6940 0.2379
v -1.1989 7.5485 0.2483
v -1.3299 7.6015 0.2562
v -1.2330 7.4616 0.2614
v -1.3643 7.5156 0.2705
v -1.3995 7.4267 0.2880
v -1.4289 7.3358 0.3064
v -1.4529 7.2438 0.3258
v -1.3623 7.1201 0.3221
v -1.4736 7.1524 0.3480
v -1.3899 7.0329 0.3427
v -1.4901 7.0558 0.3724
v -1.4088 6.9427 0.3687
v -1.4966 6.9585 0.3986
v -1.4955 6.8662 0.4269
v -1.4255 6.7671 0.4319
v -1.4885 6.7734 0.4559
v -1.4256 6.6809 0.4604
v -1.4736 6.6809 0.4811
v -1.4479 6.5889 0.5009
v -1.4153 6.5000 0.5146
v -0.5526 7.5506 0.1545
v -0.6927 7.8083 0.1903
v -1.1092 7.8628 0.3085
v -1.2630 7.7088 0.3752
v -1.4585 6.9762 0.4828
v -1.4599 6.7887 0.5153
v -1.4050 6.5037 0.5278
v -0.5911 7.6362 0.1649
v -0.5740 7.6350 0.2229
v -0.5324 7.5540 0.1939
v -0.6306 7.7228 0.1753
v -0.6247 7.7152 0.2529
v -0.6968 7.7847 0.2820
v -0.7806 7.8739 0.2148
v -0.7845 7.8258 0.3118
v -0.8890 7.9082 0.2390
v -0.8803 7.8424 0.3365
v -1.0074 7.9032 0.2708
v -0.9736 7.8202 0.3578
v -1.0493 7.7643 0.3702
v -1.1937 7.7982 0.3453
v -1.1068 7.6983 0.3737
v -1.1444 7.6362 0.3771
v -1.3067 7.6149 0.3952
v -1.1757 7.5618 0.3873
v -1.3398 7.5284 0.4101
v -1.2084 7.4744 0.4010
v -1.3709 7.4376 0.4255
v -1.2393 7.3894 0.4109
v -1.3968 7.3460 0.4385
v -1.2687 7.3036 0.4193
v -1.4188 7.2546 0.4495
v -1.2976 7.2173 0.4276
v -1.4369 7.1618 0.4606
v -1.3256 7.1295 0.4347
v -1.4508 7.0682 0.4711
v -1.3507 7.0453 0.4414
v -1.3707 6.9604 0.4529
v -1.4618 6.8834 0.4988
v -1.3862 6.8712 0.4719
v -1.3969 6.7824 0.4913
v -1.4504 6.6915 0.5266
v -1.4024 6.6914 0.5060
v -1.4297 6.5959 0.5298
v -1.3995 6.5996 0.5126
v -1.3913 6.5059 0.5178
v -1.3824 6.4118 0.5258
v -0.6239 7.6024 0.2330
v -0.6884 7.6702 0.2484
v -0.9022 7.7497 0.2670
v -1.0380 7.7083 0.2526
v -1.1085 7.6704 0.2412
v -1.2679 7.3784 0.2734
v -1.3007 7.2934 0.2872
v -1.3316 7.2065 0.3039
v -1.4199 6.8541 0.4001
v -1.4177 6.5926 0.4836
v -1.4016 6.5022 0.5047
v -0.5661 7.5300 0.2100
v -0.5862 7.5266 0.1707
v -1.3835 6.4115 0.5257
v -0.5670 7.5519 0.1519
v -0.6506 7.6139 0.1467
v -0.6974 7.6817 0.2502
v -0.7232 7.6761 0.1483
v -0.7591 7.7486 0.2789
v -0.7939 7.7242 0.1473
v -0.8228 7.7797 0.3044
v -0.8435 7.7167 0.1494
v -0.8973 7.6987 0.1407
v -0.9842 7.7549 0.3417
v -0.9399 7.6643 0.1323
v -1.0600 7.7149 0.3585
v -0.9854 7.6164 0.1234
v -1.1230 7.6676 0.3756
v -1.0174 7.5659 0.1168
v -1.0191 7.5321 0.1156
v -1.2076 7.5435 0.4116
v -1.0297 7.4686 0.1170
v -1.2467 7.4575 0.4260
v -1.0544 7.3714 0.1190
v -1.2840 7.3725 0.4347
v -1.0787 7.2918 0.1183
v -1.1092 7.2077 0.1169
v -1.3441 7.2132 0.4354
v -1.1453 7.1239 0.1203
v -1.3748 7.1450 0.4343
v -1.1868 7.0381 0.1364
v -1.2269 6.9635 0.1568
v -1.4458 6.9622 0.4261
v -1.2648 6.8956 0.1708
v -1.4681 6.8711 0.4130
v -1.3052 6.8183 0.1788
v -1.3413 6.7471 0.1825
v -1.3699 6.6813 0.1766
v -1.5051 6.5429 0.3056
v -1.3915 6.6102 0.1597
v -1.4067 6.5401 0.1355
v -1.4102 6.4665 0.1071
v -1.3990 6.3849 0.0653
v -1.3808 6.3003 0.0190
v -1.3609 6.2156 -0.0259
v -0.5981 7.6593 0.1359
v -0.6413 7.7397 0.1304
v -0.6975 7.8172 0.1131
v -1.0044 7.8698 0.0448
v -1.0976 7.8315 0.0152
v -1.2641 7.6834 -0.0386
v -1.4193 7.3273 -0.0862
v -1.4563 7.2274 -0.0781
v -1.4888 7.1207 -0.0572
v -1.5268 6.9484 -0.0052
v -1.5466 6.8579 0.0229
v -1.5593 6.7802 0.0473
v -1.5631 6.7152 0.0615
v -1.5581 6.6396 0.0591
v -1.4607 6.3791 0.0122
v -1.4113 6.2969 -0.0064
v -0.5454 7.5772 0.1421
v -0.5367 7.5852 0.1747
v -0.5786 7.6592 0.2034
v -0.6154 7.7452 0.2323
v -0.6627 7.8416 0.2446
v -0.7986 7.8689 0.0922
v -0.7780 7.9319 0.2473
v -0.9026 7.8858 0.0714
v -0.9095 7.9656 0.2541
v -1.0487 7.9604 0.2543
v -1.1722 7.9300 0.2503
v -1.1873 7.7722 -0.0137
v -1.2929 7.8739 0.2451
v -1.4131 7.7672 0.2398
v -1.3100 7.5897 -0.0584
v -1.4879 7.6645 0.2361
v -1.3445 7.5036 -0.0735
v -1.5368 7.5897 0.2336
v -1.3825 7.4174 -0.0835
v -1.5879 7.4980 0.2330
v -1.6263 7.4082 0.2338
v -1.6550 7.3167 0.2370
v -1.6768 7.2276 0.2407
v -1.5110 7.0283 -0.0307
v -1.6956 7.1264 0.2456
v -1.7078 7.0150 0.2501
v -1.7095 6.9107 0.2571
v -1.7060 6.7979 0.2595
v -1.6938 6.6792 0.2441
v -1.6716 6.5722 0.2050
v -1.5402 6.5488 0.0442
v -1.6317 6.4730 0.1542
v -1.5055 6.4626 0.0293
v -1.5711 6.3881 0.1021
v -1.5013 6.3249 0.0579
v -1.4304 6.2703 0.0164
v -1.3626 6.2154 -0.0273
v -1.3637 6.2140 -0.0259
v -0.5583 7.5599 0.1845
v -0.6311 7.6137 0.2142
v -0.9043 7.7786 0.3233
v -1.1680 7.6159 0.3940
v -1.3161 7.2886 0.4369
v -1.4115 7.0616 0.4331
v -1.4880 6.7648 0.3946
v -1.5006 6.6452 0.3592
v -1.4983 6.4644 0.2455
v -1.4759 6.3921 0.1799
v -1.4395 6.3307 0.1110
v -1.3998 6.2738 0.0418
v -0.4814 7.5071 0.1593
v -1.3619 6.2142 -0.0246
v -0.5758 7.5712 0.1599
v -0.5927 7.5492 0.1320
v -0.6465 7.6309 0.1736
v -0.6854 7.5855 0.1173
v -0.7140 7.6940 0.1872
v -0.7762 7.6235 0.1068
v -0.8559 7.6531 0.1038
v -0.8557 7.8139 0.2041
v -0.8886 7.6507 0.1117
v -0.9486 7.8297 0.2014
v -0.9181 7.6326 0.1221
v -1.0411 7.7870 0.1932
v -0.8872 7.6132 0.1456
v -1.1140 7.7213 0.1853
v -0.9076 7.5686 0.1590
v -0.9371 7.5048 0.1661
v -0.9684 7.4314 0.1696
v -1.2753 7.4924 0.1646
v -1.0009 7.3533 0.1708
v -1.0370 7.2712 0.1701
v -1.0722 7.1944 0.1658
v -1.3977 7.2508 0.1418
v -1.1051 7.1252 0.1584
v -1.4292 7.1632 0.1325
v -1.1401 7.0566 0.1486
v -1.1761 6.9882 0.1364
v -1.4751 6.9810 0.1086
v -1.2133 6.9121 0.1218
v -1.2456 6.8416 0.1052
v -1.2733 6.7702 0.0868
v -1.4859 6.6889 0.0568
v -1.2931 6.7013 0.0669
v -1.4671 6.5955 0.0373
v -1.3023 6.6249 0.0449
v -1.3056 6.5413 0.0201
v -1.3059 6.4514 -0.0066
v -1.3066 6.3600 -0.0331
v -1.3087 6.2661 -0.0583
v -1.3123 6.1727 -0.0804
v -0.6909 7.7066 0.0733
v -0.8318 7.8108 0.0257
v -0.9155 7.8105 0.0022
v -1.0208 7.6908 -0.0380
v -1.1350 7.4539 -0.0872
v -1.1711 7.3707 -0.0997
v -1.2098 7.2872 -0.1098
v -1.2475 7.2050 -0.1155
v -1.3154 7.0424 -0.1147
v -1.3447 6.9583 -0.1108
v -1.3846 6.7938 -0.1017
v -1.3925 6.7108 -0.0989
v -1.3471 6.3547 -0.0901
v -1.3293 6.2637 -0.0855
v -0.5668 7.5778 0.1244
v -0.5499 7.5999 0.1523
v -0.6289 7.6422 0.0988
v -0.5900 7.6876 0.1551
v -0.6288 7.7772 0.1537
v -0.7570 7.7668 0.0490
v -0.6814 7.8718 0.1436
v -0.7988 7.9741 0.1181
v -0.9460 8.0076 0.0814
v -0.9745 7.7598 -0.0189
v -1.1285 7.9335 0.0287
v -1.2272 7.8435 -0.0118
v -1.0613 7.6150 -0.0559
v -1.2985 7.7579 -0.0438
v -1.0988 7.5356 -0.0724
v -1.3577 7.6749 -0.0705
v -1.4093 7.5930 -0.0934
v -1.4543 7.5132 -0.1129
v -1.4989 7.4272 -0.1262
v -1.5401 7.3306 -0.1321
v -1.2830 7.1235 -0.1167
v -1.5721 7.2301 -0.1327
v -1.5948 7.1264 -0.1296
v -1.6065 7.0273 -0.1240
v -1.3680 6.8761 -0.1061
v -1.6105 6.9196 -0.1177
v -1.6039 6.8107 -0.1124
v -1.5853 6.6984 -0.1089
v -1.3899 6.6244 -0.0979
v -1.5546 6.5950 -0.1056
v -1.3797 6.5357 -0.0965
v -1.5137 6.5015 -0.1005
v -1.3646 6.4452 -0.0940
v -1.4661 6.4167 -0.0942
v -1.4141 6.3346 -0.0882
v -1.3622 6.2544 -0.0836
v -1.3152 6.1721 -0.0816
v -0.7803 7.7581 0.1985
v -1.1744 7.6477 0.1782
v -1.2273 7.5707 0.1715
v -1.3202 7.4137 0.1569
v -1.3614 7.3344 0.1495
v -1.4556 7.0722 0.1214
v -1.4880 6.8851 0.0936
v -1.4926 6.7871 0.0761
v -1.4396 6.5072 0.0161
v -1.4074 6.4229 -0.0068
v -1.3736 6.3398 -0.0313
v -1.3416 6.2569 -0.0564
v -1.3141 6.1722 -0.0802
v -0.5022 7.5155 0.1484
v -1.3135 6.1726 -0.0818
v -0.6197 7.6927 0.0851
v -0.6843 7.7359 0.0513
v -0.8001 7.7872 0.2159
v -0.7186 7.7242 0.0307
v -0.7356 7.7054 0.0102
v -0.8946 7.7463 0.2017
v -0.7729 7.6762 -0.0115
v -0.8229 7.6283 -0.0193
v -1.0562 7.6534 0.1671
v -0.8691 7.5773 -0.0119
v -1.1368 7.5671 0.1280
v -0.8988 7.5378 -0.0022
v -1.1542 7.4751 0.1062
v -0.9132 7.4658 -0.0225
v -1.1561 7.3914 0.0920
v -0.9279 7.3738 -0.0529
v -0.9536 7.2833 -0.0798
v -0.9833 7.1996 -0.1013
v -1.1968 7.1445 0.0234
v -1.0160 7.1173 -0.1211
v -1.2135 7.0625 -0.0067
v -1.0521 7.0340 -0.1388
v -1.2315 6.9775 -0.0384
v -1.0895 6.9530 -0.1544
v -1.2476 6.8891 -0.0710
v -1.1250 6.8725 -0.1698
v -1.1593 6.7885 -0.1860
v -1.1895 6.7079 -0.2011
v -1.2755 6.6206 -0.1633
v -1.2124 6.6277 -0.2159
v -1.2221 6.5400 -0.2314
v -1.2434 6.4452 -0.2283
v -1.2237 6.4505 -0.2464
v -0.5436 7.7269 0.0697
v -0.5539 7.8176 0.0077
v -0.6076 7.8761 -0.0667
v -0.6999 7.8847 -0.1463
v -0.8172 7.8334 -0.2077
v -0.8835 7.7609 -0.2396
v -0.9102 7.6809 -0.2576
v -0.9111 7.6118 -0.2645
v -0.9312 7.5311 -0.2873
v -1.0004 7.3470 -0.3320
v -1.0346 7.2574 -0.3405
v -1.0681 7.1684 -0.3424
v -1.1013 7.0769 -0.3389
v -1.1927 6.8121 -0.3119
v -1.2395 6.5446 -0.2835
v -1.2330 6.4520 -0.2720
v -0.5423 7.6280 0.1064
v -0.5606 7.7201 0.1526
v -0.5875 7.8322 0.1634
v -0.6891 7.9391 0.1185
v -0.8260 7.9527 0.0470
v -0.9390 7.9035 0.0054
v -1.0251 7.8385 -0.0304
v -1.0973 7.7571 -0.0787
v -1.1492 7.6411 -0.1344
v -1.1722 7.5403 -0.1586
v -0.9627 7.4400 -0.3133
v -1.1910 7.4576 -0.1684
v -1.2128 7.3756 -0.1773
v -1.2323 7.2865 -0.1881
v -1.2489 7.1956 -0.1979
v -1.2627 7.1054 -0.2068
v -1.1334 6.9880 -0.3307
v -1.2754 7.0126 -0.2147
v -1.1631 6.9012 -0.3207
v -1.2857 6.9178 -0.2219
v -1.2943 6.8258 -0.2281
v -1.2190 6.7249 -0.3038
v -1.3022 6.7294 -0.2347
v -1.2365 6.6368 -0.2942
v -1.2997 6.6297 -0.2417
v -1.2807 6.5365 -0.2478
v -1.2527 6.4467 -0.2539
v -1.2247 6.3591 -0.2617
v -0.6367 7.6859 0.1680
v -0.7179 7.7505 0.2070
v -0.8617 7.7734 0.2035
v -0.9646 7.7058 0.1899
v -1.1659 7.3119 0.0748
v -1.1810 7.2288 0.0511
v -1.2608 6.8023 -0.1022
v -1.2727 6.7124 -0.1320
v -1.2633 6.5319 -0.1956
v -0.5646 7.6177 0.1292
v -0.5605 7.6202 0.1097
v -0.5464 7.6256 0.1260
v -1.2252 6.3588 -0.2597
v -1.2243 6.3590 -0.2606
v -1.2256 6.3589 -0.2609
v -0.1290 7.9615 0.5795
v -0.1013 7.9688 0.6120
v -0.0314 7.9712 0.5478
v -0.2271 7.9449 0.6084
v -0.1723 7.9582 0.6763
v -0.3156 7.9175 0.6443
v -0.2431 7.9326 0.7391
v -0.3940 7.8763 0.6859
v -0.3108 7.8899 0.7981
v -0.4660 7.8218 0.7271
v -0.3723 7.8341 0.8519
v -0.5313 7.7586 0.7675
v -0.4268 7.7718 0.9011
v -0.5883 7.6895 0.8062
v -0.4774 7.7042 0.9481
v -0.6353 7.6091 0.8414
v -0.5216 7.6248 0.9904
v -0.6718 7.5241 0.8727
v -0.5581 7.5404 1.0262
v -0.6989 7.4362 0.9015
v -0.5881 7.4524 1.0565
v -0.7181 7.3466 0.9289
v -0.6128 7.3621 1.0819
v -0.7314 7.2561 0.9547
v -0.6332 7.2702 1.1033
v -0.7403 7.1646 0.9792
v -0.6496 7.1756 1.1211
v -0.7432 7.0710 1.0001
v -0.6587 7.0783 1.1328
v -0.7391 6.9768 1.0157
v -0.6611 6.9818 1.1384
v -0.7309 6.8826 1.0281
v -0.6595 6.8865 1.1402
v -0.7210 6.7887 1.0387
v -0.6563 6.7921 1.1405
v -0.7118 6.6950 1.0491
v -0.6533 6.6985 1.1410
v -0.7070 6.6013 1.0595
v -0.6531 6.6049 1.1441
v -0.0722 7.9558 0.6413
v -0.1116 7.9311 0.7343
v -0.1572 7.8954 0.8144
v -0.2051 7.8480 0.8804
v -0.2485 7.7905 0.9373
v -0.2882 7.7273 0.9891
v -0.3275 7.6611 1.0393
v -0.3611 7.5901 1.0819
v -0.3923 7.5130 1.1186
v -0.4222 7.4314 1.1491
v -0.4512 7.3464 1.1736
v -0.4791 7.2586 1.1930
v -0.5042 7.1688 1.2066
v -0.5224 7.0771 1.2119
v -0.5352 6.9836 1.2111
v -0.5443 6.8895 1.2066
v -0.5517 6.7950 1.2007
v -0.5589 6.7004 1.1954
v -0.5661 6.6059 1.1942
v -0.1178 7.9712 0.5463
v -0.1526 7.9551 0.6312
v -0.0780 7.9761 0.6630
v -0.0462 7.9914 0.5756
v -0.1868 7.9290 0.7137
v -0.1101 7.9501 0.7499
v -0.2196 7.8902 0.7916
v -0.1413 7.9104 0.8331
v -0.2502 7.8380 0.8627
v -0.1700 7.8567 0.9090
v -0.2785 7.7762 0.9274
v -0.1956 7.7944 0.9769
v -0.3056 7.7106 0.9894
v -0.2190 7.7301 1.0408
v -0.3316 7.6421 1.0480
v -0.2413 7.6606 1.1036
v -0.3563 7.5676 1.0995
v -0.2609 7.5854 1.1602
v -0.3815 7.4886 1.1437
v -0.2781 7.5071 1.2105
v -0.4062 7.4059 1.1817
v -0.2933 7.4241 1.2563
v -0.4279 7.3203 1.2145
v -0.3063 7.3378 1.2966
v -0.4432 7.2323 1.2431
v -0.3167 7.2479 1.3303
v -0.4470 7.1414 1.2664
v -0.3229 7.1522 1.3535
v -0.4358 7.0491 1.2842
v -0.3240 7.0559 1.3634
v -0.4109 6.9567 1.2999
v -0.3215 6.9608 1.3635
v -0.3763 6.8646 1.3157
v -0.3169 6.8671 1.3580
v -0.3395 6.7725 1.3325
v -0.3122 6.7738 1.3520
v -0.3118 6.6804 1.3494
v -0.3093 6.6805 1.3512
v -0.0011 7.9516 0.6858
v 0.0268 7.9678 0.5982
v -0.0289 7.9254 0.7710
v -0.0555 7.8865 0.8514
v -0.0796 7.8345 0.9245
v -0.1006 7.7733 0.9907
v -0.1195 7.7091 1.0544
v -0.1360 7.6415 1.1156
v -0.1484 7.5680 1.1710
v -0.1553 7.4898 1.2217
v -0.1581 7.4083 1.2673
v -0.1596 7.3240 1.3075
v -0.1631 7.2373 1.3408
v -0.1713 7.1479 1.3626
v -0.1871 7.0558 1.3712
v -0.2119 6.9624 1.3698
v -0.2441 6.8684 1.3623
v -0.2786 6.7743 1.3541
v -0.3061 6.6805 1.3514
v -0.1054 7.9708 0.5484
v -0.1141 7.9502 0.6393
v -0.0482 7.9730 0.6491
v -0.0424 7.9925 0.5567
v -0.1226 7.9223 0.7281
v -0.0541 7.9456 0.7408
v -0.1309 7.8858 0.8137
v -0.0600 7.9092 0.8299
v -0.1390 7.8403 0.8950
v -0.0656 7.8633 0.9149
v -0.1469 7.7856 0.9703
v -0.0709 7.8077 0.9940
v -0.1546 7.7224 1.0389
v -0.0755 7.7445 1.0653
v -0.1623 7.6527 1.1009
v -0.0796 7.6738 1.1310
v -0.1707 7.5782 1.1575
v -0.0830 7.5992 1.1911
v -0.1812 7.5009 1.2102
v -0.0859 7.5235 1.2474
v -0.1921 7.4186 1.2540
v -0.0880 7.4383 1.2982
v -0.2014 7.3311 1.2861
v -0.0889 7.3470 1.3363
v -0.2062 7.2406 1.3089
v -0.0888 7.2532 1.3628
v -0.2033 7.1488 1.3260
v -0.0879 7.1586 1.3799
v -0.1903 7.0565 1.3402
v -0.0862 7.0642 1.3893
v -0.1673 6.9642 1.3537
v -0.0841 6.9702 1.3932
v -0.1368 6.8721 1.3683
v -0.0816 6.8763 1.3946
v -0.1045 6.7804 1.3853
v -0.0791 6.7827 1.3975
v -0.0796 6.6892 1.4058
v -0.0772 6.6895 1.4069
v 0.0187 7.9508 0.6477
v 0.0213 7.9710 0.5563
v 0.0158 7.9234 0.7373
v 0.0131 7.8875 0.8239
v 0.0106 7.8426 0.9061
v 0.0087 7.7884 0.9826
v 0.0077 7.7258 1.0523
v 0.0080 7.6567 1.1156
v 0.0101 7.5833 1.1735
v 0.0157 7.5071 1.2280
v 0.0236 7.4256 1.2744
v 0.0320 7.3384 1.3090
v 0.0376 7.2479 1.3337
v 0.0366 7.1557 1.3511
v 0.0262 7.0627 1.3635
v 0.0060 6.9692 1.3727
v -0.0217 6.8755 1.3812
v -0.0515 6.7820 1.3914
v -0.0746 6.6894 1.4064
v -0.0680 7.9588 0.6245
v -0.0252 7.9731 0.6171
v -0.0451 7.9725 0.5274
v -0.0948 7.9369 0.7209
v -0.0048 7.9668 0.7083
v -0.1070 7.9048 0.8105
v 0.0158 7.9444 0.7993
v -0.1064 7.8614 0.8910
v 0.0357 7.9042 0.8857
v -0.1003 7.8080 0.9630
v 0.0537 7.8516 0.9632
v -0.0924 7.7488 1.0307
v 0.0697 7.7946 1.0331
v -0.0833 7.6877 1.0948
v 0.0849 7.7325 1.1019
v -0.0737 7.6212 1.1525
v 0.0987 7.6620 1.1657
v -0.0633 7.5497 1.2044
v 0.1107 7.5862 1.2222
v -0.0514 7.4737 1.2510
v 0.1210 7.5079 1.2708
v -0.0376 7.3949 1.2917
v 0.1303 7.4241 1.3138
v -0.0224 7.3133 1.3270
v 0.1385 7.3375 1.3505
v -0.0067 7.2296 1.3562
v 0.1458 7.2468 1.3807
v 0.0083 7.1427 1.3754
v 0.1510 7.1553 1.3993
v 0.0222 7.0542 1.3857
v 0.1543 7.0612 1.4087
v 0.0354 6.9646 1.3909
v 0.1566 6.9686 1.4123
v 0.0479 6.8743 1.3938
v 0.1583 6.8776 1.4133
v 0.0601 6.7839 1.3970
v 0.1600 6.7873 1.4148
v 0.0712 6.6934 1.4035
v 0.1624 6.6982 1.4197
v 0.0174 7.9615 0.6055
v 0.0839 7.9438 0.6813
v 0.1353 7.9161 0.7580
v 0.1721 7.8760 0.8338
v 0.2005 7.8246 0.9054
v 0.2246 7.7673 0.9728
v 0.2453 7.7062 1.0393
v 0.2622 7.6385 1.1003
v 0.2751 7.5657 1.1554
v 0.2839 7.4893 1.2045
v 0.2885 7.4089 1.2485
v 0.2899 7.3260 1.2872
v 0.2886 7.2399 1.3199
v 0.2844 7.1509 1.3423
v 0.2777 7.0599 1.3557
v 0.2697 6.9688 1.3636
v 0.2613 6.8780 1.3691
v 0.2534 6.7875 1.3748
v 0.2478 6.6974 1.3834
v -0.0653 7.9631 0.6509
v -0.0112 7.9472 0.7244
v 0.0443 7.9748 0.6869
v -0.0127 7.9886 0.6143
v 0.0430 7.9213 0.7950
v 0.1023 7.9504 0.7585
v 0.0947 7.8826 0.8601
v 0.1590 7.9123 0.8263
v 0.1409 7.8315 0.9179
v 0.2112 7.8604 0.8883
v 0.1802 7.7720 0.9701
v 0.2563 7.7995 0.9445
v 0.2154 7.7086 1.0234
v 0.2958 7.7364 0.9990
v 0.2427 7.6456 1.0756
v 0.3303 7.6680 1.0543
v 0.2624 7.5762 1.1259
v 0.3577 7.5930 1.1061
v 0.2752 7.5014 1.1748
v 0.3800 7.5140 1.1540
v 0.2840 7.4217 1.2212
v 0.3990 7.4318 1.1974
v 0.2918 7.3368 1.2634
v 0.4159 7.3464 1.2354
v 0.3023 7.2488 1.2977
v 0.4314 7.2592 1.2660
v 0.3162 7.1558 1.3174
v 0.4435 7.1649 1.2864
v 0.3348 7.0627 1.3218
v 0.4498 7.0691 1.2941
v 0.3595 6.9704 1.3148
v 0.4516 6.9747 1.2928
v 0.3896 6.8791 1.3008
v 0.4508 6.8817 1.2863
v 0.4214 6.7882 1.2858
v 0.4496 6.7895 1.2792
v 0.4483 6.6971 1.2775
v 0.4509 6.6972 1.2768
v 0.0968 7.9568 0.6405
v 0.0382 7.9704 0.5712
v 0.1551 7.9339 0.7072
v 0.2122 7.8983 0.7704
v 0.2664 7.8488 0.8294
v 0.3156 7.7879 0.8849
v 0.3593 7.7236 0.9385
v 0.3978 7.6514 0.9926
v 0.4288 7.5734 1.0405
v 0.4558 7.4921 1.0810
v 0.4799 7.4092 1.1147
v 0.5006 7.3261 1.1423
v 0.5176 7.2413 1.1659
v 0.5271 7.1560 1.1857
v 0.5247 7.0668 1.2025
v 0.5115 6.9755 1.2192
v 0.4907 6.8828 1.2374
v 0.4680 6.7897 1.2567
v 0.4526 6.6972 1.2747
v 0.0148 7.9591 0.6311
v 0.0259 7.9650 0.6185
v -0.0448 7.9702 0.5615
v 0.0730 7.9402 0.7008
v 0.0969 7.9530 0.6748
v 0.1290 7.9111 0.7687
v 0.1678 7.9312 0.7301
v 0.1810 7.8703 0.8327
v 0.2370 7.8972 0.7833
v 0.2276 7.8185 0.8909
v 0.3019 7.8507 0.8329
v 0.2705 7.7586 0.9447
v 0.3607 7.7966 0.8783
v 0.3105 7.6969 0.9951
v 0.4166 7.7372 0.9226
v 0.3471 7.6311 1.0406
v 0.4686 7.6686 0.9641
v 0.3802 7.5593 1.0802
v 0.5134 7.5936 1.0002
v 0.4108 7.4833 1.1144
v 0.5524 7.5139 1.0317
v 0.4395 7.4033 1.1437
v 0.5855 7.4320 1.0584
v 0.4655 7.3216 1.1681
v 0.6146 7.3462 1.0818
v 0.4893 7.2376 1.1887
v 0.6396 7.2583 1.1016
v 0.5080 7.1525 1.2033
v 0.6593 7.1660 1.1173
v 0.5194 7.0652 1.2111
v 0.6708 7.0720 1.1265
v 0.5257 6.9761 1.2141
v 0.6760 6.9786 1.1308
v 0.5286 6.8862 1.2143
v 0.6775 6.8865 1.1320
v 0.5300 6.7955 1.2135
v 0.6775 6.7957 1.1320
v 0.5317 6.7044 1.2133
v 0.6781 6.7057 1.1325
v 0.5351 6.6129 1.2155
v 0.6812 6.6169 1.1350
v 0.0365 7.9619 0.6045
v 0.1186 7.9471 0.6447
v 0.2003 7.9236 0.6823
v 0.2802 7.8893 0.7172
v 0.3563 7.8432 0.7498
v 0.4264 7.7890 0.7803
v 0.4926 7.7286 0.8118
v 0.5515 7.6597 0.8414
v 0.6015 7.5846 0.8680
v 0.6436 7.5050 0.8923
v 0.6783 7.4230 0.9144
v 0.7073 7.3378 0.9347
v 0.7312 7.2510 0.9527
v 0.7499 7.1613 0.9681
v 0.7608 7.0696 0.9782
v 0.7653 6.9777 0.9839
v 0.7661 6.8863 0.9867
v 0.7653 6.7955 0.9882
v 0.7654 6.7052 0.9898
v 0.7684 6.6155 0.9928
v -0.0832 7.9727 0.5133
v -0.0468 7.9626 0.5982
v -0.0367 7.9769 0.5949
v -0.0791 7.9787 0.5118
v -0.0103 7.9454 0.6819
v 0.0068 7.9681 0.6786
v 0.0275 7.9184 0.7620
v 0.0509 7.9465 0.7612
v 0.0654 7.8795 0.8367
v 0.0938 7.9093 0.8402
v 0.1009 7.8297 0.9053
v 0.1332 7.8594 0.9130
v 0.1334 7.7733 0.9700
v 0.1680 7.8031 0.9800
v 0.1631 7.7129 1.0329
v 0.1996 7.7422 1.0451
v 0.1886 7.6456 1.0899
v 0.2274 7.6720 1.1059
v 0.2107 7.5728 1.1416
v 0.2511 7.5965 1.1604
v 0.2299 7.4956 1.1882
v 0.2714 7.5166 1.2089
v 0.2467 7.4149 1.2297
v 0.2887 7.4332 1.2518
v 0.2613 7.3312 1.2661
v 0.3035 7.3465 1.2892
v 0.2738 7.2450 1.2966
v 0.3159 7.2553 1.3209
v 0.2816 7.1553 1.3171
v 0.3231 7.1627 1.3415
v 0.2854 7.0639 1.3294
v 0.3262 7.0674 1.3538
v 0.2869 6.9718 1.3367
v 0.3267 6.9732 1.3606
v 0.2872 6.8793 1.3416
v 0.3261 6.8803 1.3649
v 0.2876 6.7867 1.3469
v 0.3256 6.7885 1.3696
v 0.2892 6.6944 1.3551
v 0.3266 6.6978 1.3772
v -0.0267 7.9640 0.5879
v -0.0748 7.9733 0.5091
v 0.0221 7.9479 0.6652
v 0.0689 7.9221 0.7408
v 0.1125 7.8840 0.8134
v 0.1522 7.8343 0.8816
v 0.1880 7.7774 0.9465
v 0.2200 7.7167 1.0094
v 0.2475 7.6486 1.0671
v 0.2710 7.5751 1.1192
v 0.2909 7.4972 1.1661
v 0.3078 7.4160 1.2079
v 0.3219 7.3320 1.2446
v 0.3335 7.2452 1.2756
v 0.3402 7.1550 1.2966
v 0.3427 7.0630 1.3093
v 0.3428 6.9705 1.3170
v 0.3417 6.8780 1.3224
v 0.3409 6.7856 1.3280
v 0.3416 6.6935 1.3365
v -0.0473 7.9717 0.5424
v -0.1001 7.9587 0.6142
v -0.0801 7.9763 0.6302
v -0.0326 7.9844 0.5534
v -0.1526 7.9379 0.6844
v -0.1281 7.9601 0.7074
v -0.2025 7.9065 0.7524
v -0.1758 7.9312 0.7832
v -0.2481 7.8630 0.8162
v -0.2213 7.8877 0.8542
v -0.2897 7.8089 0.8743
v -0.2629 7.8328 0.9178
v -0.3288 7.7486 0.9281
v -0.3009 7.7732 0.9746
v -0.3661 7.6853 0.9791
v -0.3384 7.7084 1.0294
v -0.3999 7.6155 1.0236
v -0.3733 7.6353 1.0779
v -0.4300 7.5404 1.0623
v -0.4042 7.5572 1.1192
v -0.4564 7.4615 1.0962
v -0.4310 7.4769 1.1538
v -0.4791 7.3795 1.1260
v -0.4547 7.3924 1.1837
v -0.4984 7.2953 1.1527
v -0.4750 7.3062 1.2094
v -0.5139 7.2093 1.1759
v -0.4919 7.2171 1.2313
v -0.5236 7.1212 1.1925
v -0.5027 7.1270 1.2457
v -0.5282 7.0317 1.2026
v -0.5086 7.0347 1.2536
v -0.5299 6.9419 1.2090
v -0.5113 6.9434 1.2573
v -0.5302 6.8521 1.2136
v -0.5127 6.8533 1.2592
v -0.5308 6.7624 1.2183
v -0.5143 6.7638 1.2613
v -0.5335 6.6730 1.2251
v -0.5177 6.6753 1.2660
v -0.0579 7.9569 0.6401
v -0.0169 7.9703 0.5610
v -0.0980 7.9356 0.7179
v -0.1378 7.9040 0.7921
v -0.1768 7.8603 0.8603
v -0.2135 7.8059 0.9219
v -0.2485 7.7453 0.9785
v -0.2828 7.6813 1.0320
v -0.3145 7.6107 1.0783
v -0.3434 7.5353 1.1179
v -0.3696 7.4564 1.1518
v -0.3933 7.3751 1.1807
v -0.4145 7.2920 1.2057
v -0.4328 7.2074 1.2268
v -0.4459 7.1199 1.2410
v -0.4542 7.0311 1.2487
v -0.4598 6.9417 1.2526
v -0.4641 6.8520 1.2548
v -0.4684 6.7622 1.2572
v -0.4741 6.6725 1.2621
v 0.0270 7.9613 0.6284
v 0.0303 7.9667 0.6220
v -0.0547 7.9686 0.5850
v 0.1083 7.9472 0.6713
v 0.1159 7.9589 0.6581
v 0.1881 7.9239 0.7127
v 0.2017 7.9423 0.6933
v 0.2641 7.8889 0.7516
v 0.2861 7.9136 0.7272
v 0.3336 7.8420 0.7875
v 0.3661 7.8714 0.7598
v 0.3962 7.7863 0.8213
v 0.4390 7.8191 0.7914
v 0.4546 7.7249 0.8553
v 0.5055 7.7608 0.8228
v 0.5044 7.6579 0.8864
v 0.5661 7.6900 0.8534
v 0.5476 7.5841 0.9140
v 0.6164 7.6118 0.8807
v 0.5859 7.5056 0.9379
v 0.6582 7.5286 0.9046
v 0.6204 7.4238 0.9579
v 0.6926 7.4420 0.9253
v 0.6517 7.3393 0.9744
v 0.7206 7.3530 0.9432
v 0.6800 7.2526 0.9875
v 0.7432 7.2624 0.9584
v 0.7030 7.1639 0.9963
v 0.7588 7.1700 0.9709
v 0.7170 7.0734 1.0004
v 0.7644 7.0746 0.9795
v 0.7247 6.9815 1.0012
v 0.7624 6.9803 0.9847
v 0.7285 6.8888 1.0001
v 0.7561 6.8872 0.9881
v 0.7305 6.7959 0.9984
v 0.7481 6.7948 0.9907
v 0.7326 6.7030 0.9974
v 0.7409 6.7026 0.9937
v 0.7366 6.6102 0.9989
v 0.0332 7.9628 0.6143
v 0.1212 7.9512 0.6413
v 0.2087 7.9315 0.6661
v 0.2940 7.9009 0.6890
v 0.3753 7.8578 0.7107
v 0.4511 7.8041 0.7328
v 0.5199 7.7442 0.7561
v 0.5804 7.6732 0.7798
v 0.6302 7.5952 0.8023
v 0.6708 7.5127 0.8242
v 0.7034 7.4274 0.8460
v 0.7293 7.3401 0.8678
v 0.7496 7.2516 0.8893
v 0.7639 7.1616 0.9100
v 0.7684 7.0693 0.9281
v 0.7655 6.9770 0.9439
v 0.7583 6.8851 0.9581
v 0.7495 6.7935 0.9715
v 0.7415 6.7019 0.9847
v 0.7374 6.6101 0.9977
v 0.0484 7.9686 0.5850
v -0.0393 7.9629 0.6143
v -0.0364 7.9668 0.6219
v -0.1272 7.9515 0.6413
v -0.1218 7.9592 0.6581
v -0.2144 7.9320 0.6662
v -0.2073 7.9429 0.6934
v -0.2995 7.9016 0.6893
v -0.2916 7.9144 0.7275
v -0.3807 7.8589 0.7110
v -0.3714 7.8726 0.7601
v -0.4562 7.8056 0.7328
v -0.4444 7.8204 0.7915
v -0.5251 7.7461 0.7555
v -0.5110 7.7623 0.8224
v -0.5857 7.6757 0.7779
v -0.5720 7.6916 0.8519
v -0.6361 7.5982 0.7988
v -0.6229 7.6135 0.8776
v -0.6774 7.5158 0.8192
v -0.6652 7.5303 0.8999
v -0.7108 7.4304 0.8397
v -0.7001 7.4438 0.9192
v -0.7373 7.3429 0.8605
v -0.7285 7.3551 0.9360
v -0.7578 7.2545 0.8816
v -0.7509 7.2657 0.9506
v -0.7720 7.1638 0.9029
v -0.7666 7.1727 0.9637
v -0.7761 7.0716 0.9222
v -0.7718 7.0777 0.9735
v -0.7725 6.9797 0.9398
v -0.7692 6.9838 0.9805
v -0.7645 6.8883 0.9561
v -0.7621 6.8911 0.9859
v -0.7548 6.7973 0.9716
v -0.7533 6.7990 0.9907
v -0.7460 6.7063 0.9870
v -0.7454 6.7072 0.9959
v -0.7411 6.6152 1.0019
v -0.0332 7.9614 0.6284
v -0.1142 7.9475 0.6713
v -0.1937 7.9244 0.7129
v -0.2695 7.8898 0.7519
v -0.3390 7.8431 0.7879
v -0.4018 7.7876 0.8216
v -0.4604 7.7262 0.8550
v -0.5108 7.6588 0.8850
v -0.5546 7.5848 0.9111
v -0.5932 7.5064 0.9333
v -0.6280 7.4248 0.9517
v -0.6595 7.3409 0.9670
v -0.6879 7.2544 0.9796
v -0.7106 7.1669 0.9889
v -0.7243 7.0771 0.9941
v -0.7314 6.9856 0.9967
v -0.7345 6.8933 0.9978
v -0.7357 6.8005 0.9984
v -0.7371 6.7078 0.9996
v -0.7403 6.6153 1.0031
v 0.0815 7.9555 0.6761
v 0.0941 7.9772 0.6491
v 0.0068 7.9796 0.6130
v 0.1648 7.9379 0.7154
v 0.1827 7.9647 0.6848
v 0.2444 7.9040 0.7506
v 0.2702 7.9350 0.7179
v 0.3192 7.8569 0.7814
v 0.3518 7.8918 0.7468
v 0.3921 7.8044 0.8093
v 0.4308 7.8423 0.7724
v 0.4594 7.7443 0.8326
v 0.5055 7.7833 0.7937
v 0.5198 7.6776 0.8529
v 0.5742 7.7167 0.8118
v 0.5727 7.6061 0.8712
v 0.6364 7.6431 0.8278
v 0.6178 7.5294 0.8885
v 0.6909 7.5617 0.8422
v 0.6541 7.4470 0.9025
v 0.7350 7.4741 0.8531
v 0.6821 7.3618 0.9140
v 0.7698 7.3831 0.8615
v 0.7040 7.2733 0.9246
v 0.7962 7.2916 0.8688
v 0.7195 7.1866 0.9354
v 0.8156 7.1974 0.8772
v 0.7297 7.0994 0.9466
v 0.8265 7.1000 0.8850
v 0.7341 7.0102 0.9562
v 0.8281 7.0028 0.8919
v 0.7341 6.9197 0.9642
v 0.8228 6.9068 0.8987
v 0.7310 6.8284 0.9714
v 0.8128 6.8124 0.9059
v 0.7201 6.7373 0.9759
v 0.7974 6.7182 0.9161
v 0.7042 6.6470 0.9794
v 0.7767 6.6253 0.9269
v 0.6851 6.5573 0.9835
v 0.7521 6.5342 0.9381
v 0.6636 6.4680 0.9894
v 0.7250 6.4447 0.9504
v 0.6415 6.3780 0.9975
v 0.6961 6.3562 0.9639
v 0.6186 6.2895 1.0069
v 0.6634 6.2686 0.9785
v 0.5933 6.2003 1.0169
v 0.6277 6.1827 0.9943
v 0.5667 6.1104 1.0264
v 0.5902 6.0978 1.0104
v 0.5401 6.0196 1.0346
v 0.5517 6.0134 1.0264
v 0.1062 7.9654 0.6165
v 0.0169 7.9695 0.5872
v 0.1952 7.9519 0.6442
v 0.2817 7.9231 0.6688
v 0.3637 7.8813 0.6900
v 0.4423 7.8332 0.7085
v 0.5162 7.7758 0.7230
v 0.5851 7.7102 0.7342
v 0.6480 7.6368 0.7433
v 0.7020 7.5562 0.7508
v 0.7453 7.4697 0.7551
v 0.7798 7.3785 0.7577
v 0.8056 7.2860 0.7601
v 0.8244 7.1887 0.7650
v 0.8315 7.0899 0.7708
v 0.8287 6.9922 0.7784
v 0.8190 6.8962 0.7882
v 0.8049 6.8016 0.8007
v 0.7917 6.7077 0.8172
v 0.7741 6.6146 0.8354
v 0.7520 6.5227 0.8547
v 0.7267 6.4321 0.8752
v 0.6982 6.3438 0.8974
v 0.6640 6.2569 0.9227
v 0.6274 6.1730 0.9504
v 0.5894 6.0911 0.9801
v 0.5512 6.0102 1.0113
v 0.5141 5.9285 1.0418
v -0.0258 7.9676 0.5879
v 0.0660 7.9707 0.6005
v 0.0689 7.9980 0.5388
v -0.0229 7.9911 0.5314
v 0.1584 7.9686 0.6114
v 0.1621 8.0005 0.5448
v 0.2480 7.9549 0.6204
v 0.2570 7.9916 0.5494
v 0.3283 7.9244 0.6295
v 0.3495 7.9637 0.5549
v 0.4007 7.8811 0.6413
v 0.4341 7.9212 0.5637
v 0.4672 7.8287 0.6558
v 0.5125 7.8679 0.5757
v 0.5288 7.7684 0.6720
v 0.5835 7.8065 0.5888
v 0.5858 7.7024 0.6889
v 0.6484 7.7393 0.6022
v 0.6391 7.6310 0.7060
v 0.7072 7.6682 0.6153
v 0.6866 7.5570 0.7224
v 0.7616 7.5918 0.6279
v 0.7286 7.4795 0.7377
v 0.8101 7.5108 0.6393
v 0.7639 7.3992 0.7515
v 0.8516 7.4242 0.6487
v 0.7910 7.3191 0.7643
v 0.8829 7.3324 0.6557
v 0.8094 7.2341 0.7765
v 0.9028 7.2381 0.6614
v 0.8201 7.1444 0.7873
v 0.9131 7.1448 0.6656
v 0.8250 7.0535 0.7964
v 0.9171 7.0498 0.6682
v 0.8258 6.9605 0.8035
v 0.9163 6.9556 0.6688
v 0.8236 6.8658 0.8082
v 0.9123 6.8621 0.6673
v 0.8195 6.7695 0.8101
v 0.9066 6.7694 0.6633
v 0.8124 6.6734 0.8085
v 0.8982 6.6747 0.6565
v 0.8000 6.5804 0.8036
v 0.8847 6.5825 0.6467
v 0.7836 6.4873 0.7961
v 0.8672 6.4906 0.6344
v 0.7645 6.3956 0.7869
v 0.8469 6.4003 0.6206
v 0.7438 6.3052 0.7767
v 0.8251 6.3112 0.6059
v 0.7224 6.2157 0.7662
v 0.8025 6.2229 0.5907
v 0.7012 6.1271 0.7557
v 0.7800 6.1353 0.5756
v 0.6813 6.0392 0.7458
v 0.7584 6.0480 0.5610
v 0.6633 5.9506 0.7360
v 0.7382 5.9600 0.5472
v 0.0741 7.9877 0.4722
v -0.0174 7.9805 0.4712
v 0.1654 7.9913 0.4715
v 0.2584 7.9846 0.4693
v 0.3528 7.9592 0.4681
v 0.4428 7.9175 0.4707
v 0.5258 7.8649 0.4765
v 0.6004 7.8036 0.4836
v 0.6680 7.7364 0.4909
v 0.7287 7.6653 0.4979
v 0.7845 7.5887 0.5045
v 0.8338 7.5077 0.5099
v 0.8749 7.4217 0.5134
v 0.9038 7.3271 0.5144
v 0.9199 7.2318 0.5143
v 0.9261 7.1384 0.5131
v 0.9255 7.0454 0.5106
v 0.9199 6.9544 0.5065
v 0.9112 6.8654 0.5007
v 0.9010 6.7782 0.4930
v 0.8895 6.6916 0.4830
v 0.8730 6.6037 0.4700
v 0.8528 6.5178 0.4550
v 0.8298 6.4321 0.4385
v 0.8050 6.3464 0.4209
v 0.7790 6.2602 0.4028
v 0.7528 6.1733 0.3845
v 0.7268 6.0851 0.3665
v 0.7023 5.9965 0.3504
v -0.0012 7.9749 0.5116
v 0.0925 7.9762 0.5147
v 0.0921 8.0163 0.4507
v -0.0019 8.0127 0.4495
v 0.1865 7.9730 0.5165
v 0.1875 8.0157 0.4510
v 0.2792 7.9615 0.5170
v 0.2842 8.0069 0.4500
v 0.3678 7.9380 0.5166
v 0.3811 7.9844 0.4481
v 0.4496 7.9008 0.5167
v 0.4727 7.9460 0.4464
v 0.5259 7.8536 0.5186
v 0.5572 7.8964 0.4465
v 0.5950 7.7961 0.5219
v 0.6350 7.8353 0.4486
v 0.6570 7.7295 0.5261
v 0.7035 7.7657 0.4515
v 0.7130 7.6560 0.5305
v 0.7633 7.6915 0.4546
v 0.7622 7.5787 0.5349
v 0.8175 7.6109 0.4576
v 0.8052 7.4974 0.5388
v 0.8650 7.5262 0.4601
v 0.8413 7.4126 0.5419
v 0.9053 7.4372 0.4618
v 0.8702 7.3267 0.5448
v 0.9366 7.3427 0.4613
v 0.8898 7.2374 0.5472
v 0.9564 7.2463 0.4600
v 0.9010 7.1456 0.5491
v 0.9668 7.1494 0.4582
v 0.9057 7.0526 0.5504
v 0.9700 7.0530 0.4557
v 0.9055 6.9589 0.5508
v 0.9681 6.9583 0.4526
v 0.9018 6.8649 0.5503
v 0.9626 6.8633 0.4487
v 0.8950 6.7707 0.5487
v 0.9547 6.7687 0.4443
v 0.8813 6.6775 0.5459
v 0.9413 6.6724 0.4395
v 0.8622 6.5855 0.5422
v 0.9226 6.5781 0.4340
v 0.8394 6.4945 0.5378
v 0.9002 6.4855 0.4279
v 0.8141 6.4045 0.5331
v 0.8756 6.3949 0.4215
v 0.7876 6.3148 0.5281
v 0.8499 6.3047 0.4149
v 0.7609 6.2253 0.5232
v 0.8241 6.2152 0.4083
v 0.7351 6.1358 0.5184
v 0.7993 6.1264 0.4019
v 0.7110 6.0457 0.5135
v 0.7761 6.0368 0.3957
v 0.0928 7.9929 0.3790
v -0.0004 7.9892 0.3807
v 0.1859 7.9927 0.3762
v 0.2791 7.9850 0.3722
v 0.3718 7.9644 0.3671
v 0.4613 7.9275 0.3625
v 0.5452 7.8784 0.3596
v 0.6219 7.8192 0.3586
v 0.6897 7.7513 0.3585
v 0.7495 7.6780 0.3587
v 0.8030 7.5991 0.3590
v 0.8497 7.5164 0.3588
v 0.8889 7.4301 0.3579
v 0.9166 7.3380 0.3554
v 0.9324 7.2438 0.3525
v 0.9389 7.1494 0.3494
v 0.9384 7.0555 0.3458
v 0.9328 6.9622 0.3418
v 0.9238 6.8697 0.3371
v 0.9131 6.7778 0.3317
v 0.8995 6.6862 0.3255
v 0.8807 6.5954 0.3185
v 0.8583 6.5053 0.3108
v 0.8332 6.4157 0.3028
v 0.8070 6.3264 0.2945
v 0.7805 6.2370 0.2862
v 0.7547 6.1473 0.2779
v 0.7307 6.0570 0.2705
v -0.0057 7.9643 0.6134
v 0.0836 7.9567 0.6428
v 0.0967 7.9837 0.6020
v 0.0055 7.9877 0.5769
v 0.1727 7.9429 0.6709
v 0.1887 7.9738 0.6260
v 0.2602 7.9200 0.6970
v 0.2810 7.9548 0.6485
v 0.3435 7.8853 0.7204
v 0.3715 7.9230 0.6690
v 0.4193 7.8381 0.7413
v 0.4567 7.8770 0.6876
v 0.4880 7.7815 0.7613
v 0.5341 7.8209 0.7051
v 0.5501 7.7177 0.7808
v 0.6060 7.7547 0.7222
v 0.6032 7.6454 0.7979
v 0.6679 7.6787 0.7365
v 0.6483 7.5668 0.8129
v 0.7201 7.5968 0.7482
v 0.6871 7.4834 0.8265
v 0.7639 7.5122 0.7580
v 0.7196 7.3984 0.8388
v 0.8018 7.4230 0.7666
v 0.7468 7.3117 0.8504
v 0.8334 7.3317 0.7742
v 0.7678 7.2236 0.8609
v 0.8583 7.2371 0.7812
v 0.7797 7.1334 0.8688
v 0.8738 7.1388 0.7864
v 0.7838 7.0422 0.8746
v 0.8802 7.0411 0.7896
v 0.7819 6.9509 0.8794
v 0.8798 6.9442 0.7920
v 0.7755 6.8601 0.8839
v 0.8744 6.8484 0.7945
v 0.7662 6.7700 0.8892
v 0.8655 6.7538 0.7978
v 0.7553 6.6811 0.8960
v 0.8543 6.6594 0.8027
v 0.7404 6.5914 0.9046
v 0.8389 6.5651 0.8094
v 0.7208 6.5043 0.9141
v 0.8178 6.4710 0.8173
v 0.6975 6.4165 0.9244
v 0.7933 6.3788 0.8258
v 0.6719 6.3279 0.9353
v 0.7669 6.2880 0.8347
v 0.6452 6.2383 0.9466
v 0.7400 6.1984 0.8435
v 0.6188 6.1482 0.9579
v 0.7137 6.1089 0.8523
v 0.5939 6.0562 0.9685
v 0.6891 6.0198 0.8605
v 0.1081 7.9705 0.5545
v 0.0162 7.9754 0.5352
v 0.1998 7.9601 0.5720
v 0.2909 7.9414 0.5875
v 0.3799 7.9108 0.6009
v 0.4646 7.8663 0.6126
v 0.5435 7.8106 0.6236
v 0.6151 7.7458 0.6341
v 0.6766 7.6713 0.6419
v 0.7285 7.5900 0.6476
v 0.7719 7.5053 0.6516
v 0.8088 7.4161 0.6549
v 0.8391 7.3243 0.6576
v 0.8625 7.2301 0.6601
v 0.8768 7.1345 0.6613
v 0.8825 7.0380 0.6612
v 0.8813 6.9412 0.6607
v 0.8750 6.8444 0.6607
v 0.8649 6.7475 0.6620
v 0.8522 6.6501 0.6653
v 0.8350 6.5549 0.6704
v 0.8119 6.4596 0.6769
v 0.7856 6.3668 0.6840
v 0.7574 6.2761 0.6914
v 0.7286 6.1868 0.6988
v 0.7005 6.0979 0.7060
v 0.6742 6.0097 0.7131
v -0.0232 7.9695 0.5872
v -0.1102 7.9655 0.6157
v -0.0982 7.9773 0.6482
v -0.0132 7.9796 0.6130
v -0.1969 7.9529 0.6429
v -0.1844 7.9654 0.6830
v -0.2814 7.9261 0.6672
v -0.2699 7.9376 0.7156
v -0.3617 7.8863 0.6882
v -0.3497 7.8964 0.7441
v -0.4387 7.8405 0.7068
v -0.4271 7.8491 0.7696
v -0.5115 7.7858 0.7216
v -0.5007 7.7928 0.7909
v -0.5797 7.7231 0.7330
v -0.5687 7.7291 0.8088
v -0.6412 7.6540 0.7419
v -0.6294 7.6601 0.8244
v -0.6961 7.5765 0.7497
v -0.6840 7.5830 0.8388
v -0.7407 7.4937 0.7546
v -0.7299 7.4985 0.8504
v -0.7765 7.4062 0.7574
v -0.7662 7.4104 0.8591
v -0.8047 7.3150 0.7599
v -0.7945 7.3203 0.8666
v -0.8259 7.2207 0.7639
v -0.8157 7.2291 0.8745
v -0.8372 7.1248 0.7692
v -0.8298 7.1346 0.8826
v -0.8380 7.0294 0.7755
v -0.8347 7.0400 0.8897
v -0.8310 6.9369 0.7836
v -0.8322 6.9475 0.8962
v -0.8189 6.8440 0.7944
v -0.8243 6.8549 0.9030
v -0.8053 6.7521 0.8084
v -0.8122 6.7633 0.9114
v -0.7905 6.6606 0.8259
v -0.7943 6.6719 0.9224
v -0.7707 6.5708 0.8445
v -0.7719 6.5825 0.9336
v -0.7475 6.4826 0.8637
v -0.7467 6.4945 0.9450
v -0.7226 6.3961 0.8830
v -0.7201 6.4077 0.9567
v -0.6937 6.3100 0.9030
v -0.6919 6.3208 0.9681
v -0.6613 6.2256 0.9250
v -0.6606 6.2350 0.9795
v -0.6273 6.1428 0.9484
v -0.6273 6.1503 0.9913
v -0.5923 6.0612 0.9733
v -0.5926 6.0663 1.0029
v -0.5569 5.9801 0.9996
v -0.5573 5.9825 1.0143
v -0.5227 5.8984 1.0253
v -0.0856 7.9557 0.6749
v -0.0035 7.9628 0.6351
v -0.1668 7.9389 0.7131
v -0.2446 7.9070 0.7477
v -0.3177 7.8618 0.7778
v -0.3890 7.8115 0.8055
v -0.4553 7.7543 0.8287
v -0.5154 7.6907 0.8487
v -0.5692 7.6208 0.8670
v -0.6145 7.5477 0.8841
v -0.6519 7.4685 0.8986
v -0.6812 7.3860 0.9103
v -0.7036 7.3021 0.9205
v -0.7201 7.2182 0.9307
v -0.7323 7.1337 0.9418
v -0.7387 7.0473 0.9521
v -0.7403 6.9580 0.9611
v -0.7382 6.8696 0.9686
v -0.7318 6.7810 0.9748
v -0.7181 6.6934 0.9790
v -0.7007 6.6058 0.9833
v -0.6809 6.5179 0.9883
v -0.6595 6.4295 0.9944
v -0.6389 6.3418 1.0014
v -0.6170 6.2540 1.0078
v -0.5935 6.1658 1.0138
v -0.5696 6.0771 1.0187
v -0.5459 5.9879 1.0223
v -0.0225 7.9754 0.5352
v -0.1127 7.9705 0.5542
v -0.1013 7.9837 0.6015
v -0.0119 7.9877 0.5769
v -0.2027 7.9605 0.5715
v -0.1916 7.9741 0.6251
v -0.2920 7.9427 0.5870
v -0.2822 7.9559 0.6473
v -0.3796 7.9136 0.6005
v -0.3713 7.9256 0.6676
v -0.4634 7.8711 0.6122
v -0.4555 7.8815 0.6860
v -0.5414 7.8173 0.6231
v -0.5320 7.8273 0.7032
v -0.6130 7.7551 0.6337
v -0.6038 7.7637 0.7203
v -0.6733 7.6837 0.6415
v -0.6642 7.6918 0.7341
v -0.7256 7.6048 0.6474
v -0.7171 7.6120 0.7460
v -0.7700 7.5213 0.6517
v -0.7621 7.5280 0.7560
v -0.8075 7.4344 0.6550
v -0.8005 7.4411 0.7646
v -0.8386 7.3448 0.6578
v -0.8329 7.3520 0.7723
v -0.8633 7.2527 0.6603
v -0.8593 7.2597 0.7794
v -0.8800 7.1605 0.6621
v -0.8769 7.1664 0.7852
v -0.8875 7.0658 0.6625
v -0.8854 7.0699 0.7891
v -0.8881 6.9710 0.6623
v -0.8867 6.9743 0.7920
v -0.8831 6.8763 0.6621
v -0.8827 6.8797 0.7944
v -0.8743 6.7819 0.6626
v -0.8749 6.7862 0.7971
v -0.8629 6.6877 0.6643
v -0.8648 6.6939 0.8007
v -0.8483 6.5927 0.6675
v -0.8518 6.6002 0.8055
v -0.8287 6.4993 0.6715
v -0.8335 6.5074 0.8110
v -0.8052 6.4079 0.6760
v -0.8115 6.4162 0.8169
v -0.7794 6.3187 0.6807
v -0.7871 6.3267 0.8230
v -0.7521 6.2298 0.6855
v -0.7613 6.2376 0.8292
v -0.7246 6.1418 0.6902
v -0.7353 6.1493 0.8354
v -0.6980 6.0544 0.6947
v -0.7101 6.0615 0.8414
v -0.6728 5.9671 0.6995
v -0.6864 5.9737 0.8472
v -0.0883 7.9568 0.6421
v -0.0007 7.9643 0.6134
v -0.1758 7.9434 0.6696
v -0.2617 7.9215 0.6952
v -0.3436 7.8883 0.7182
v -0.4187 7.8431 0.7388
v -0.4867 7.7884 0.7582
v -0.5488 7.7272 0.7776
v -0.6027 7.6561 0.7948
v -0.6480 7.5800 0.8097
v -0.6867 7.4998 0.8232
v -0.7198 7.4170 0.8355
v -0.7478 7.3324 0.8470
v -0.7703 7.2466 0.8578
v -0.7847 7.1573 0.8666
v -0.7904 7.0682 0.8731
v -0.7900 6.9786 0.8783
v -0.7849 6.8891 0.8830
v -0.7765 6.7998 0.8878
v -0.7662 6.7110 0.8934
v -0.7537 6.6237 0.9000
v -0.7364 6.5367 0.9072
v -0.7152 6.4495 0.9148
v -0.6911 6.3615 0.9227
v -0.6657 6.2741 0.9308
v -0.6397 6.1859 0.9391
v -0.6141 6.0968 0.9475
v -0.5900 6.0067 0.9553
v 0.0110 7.9805 0.4712
v -0.0807 7.9877 0.4722
v -0.0756 7.9981 0.5388
v 0.0165 7.9911 0.5314
v -0.1724 7.9912 0.4715
v -0.1690 8.0005 0.5447
v -0.2656 7.9843 0.4693
v -0.2641 7.9914 0.5493
v -0.3600 7.9584 0.4681
v -0.3569 7.9633 0.5548
v -0.4501 7.9164 0.4707
v -0.4417 7.9205 0.5637
v -0.5331 7.8633 0.4765
v -0.5202 7.8669 0.5757
v -0.6076 7.8017 0.4835
v -0.5913 7.8052 0.5888
v -0.6751 7.7341 0.4908
v -0.6562 7.7377 0.6022
v -0.7357 7.6627 0.4978
v -0.7152 7.6663 0.6153
v -0.7914 7.5857 0.5043
v -0.7696 7.5896 0.6279
v -0.8404 7.5044 0.5096
v -0.8180 7.5082 0.6392
v -0.8812 7.4180 0.5130
v -0.8593 7.4212 0.6486
v -0.9097 7.3230 0.5141
v -0.8902 7.3289 0.6556
v -0.9257 7.2275 0.5144
v -0.9097 7.2343 0.6616
v -0.9319 7.1340 0.5134
v -0.9199 7.1407 0.6660
v -0.9312 7.0409 0.5111
v -0.9235 7.0454 0.6688
v -0.9258 6.9499 0.5071
v -0.9225 6.9509 0.6694
v -0.9173 6.8609 0.5012
v -0.9183 6.8572 0.6677
v -0.9075 6.7740 0.4930
v -0.9125 6.7642 0.6633
v -0.8959 6.6878 0.4822
v -0.9038 6.6693 0.6556
v -0.8796 6.6013 0.4684
v -0.8901 6.5758 0.6446
v -0.8591 6.5141 0.4520
v -0.8726 6.4851 0.6312
v -0.8361 6.4286 0.4342
v -0.8522 6.3947 0.6160
v -0.8113 6.3430 0.4153
v -0.8303 6.3054 0.5999
v -0.7855 6.2570 0.3958
v -0.8078 6.2171 0.5833
v -0.7594 6.1700 0.3762
v -0.7853 6.1293 0.5668
v -0.7335 6.0818 0.3568
v -0.7638 6.0419 0.5509
v -0.7090 5.9930 0.3393
v -0.7436 5.9539 0.5358
v -0.0726 7.9708 0.6006
v 0.0195 7.9676 0.5879
v -0.1653 7.9687 0.6114
v -0.2552 7.9549 0.6204
v -0.3358 7.9243 0.6296
v -0.4085 7.8809 0.6416
v -0.4752 7.8282 0.6563
v -0.5370 7.7676 0.6725
v -0.5943 7.7014 0.6895
v -0.6478 7.6297 0.7068
v -0.6954 7.5554 0.7233
v -0.7375 7.4775 0.7387
v -0.7728 7.3967 0.7524
v -0.7994 7.3162 0.7652
v -0.8172 7.2308 0.7774
v -0.8275 7.1407 0.7883
v -0.8319 7.0494 0.7974
v -0.8321 6.9558 0.8043
v -0.8294 6.8605 0.8086
v -0.8249 6.7634 0.8098
v -0.8173 6.6666 0.8072
v -0.8046 6.5718 0.8010
v -0.7882 6.4798 0.7924
v -0.7689 6.3878 0.7818
v -0.7481 6.2971 0.7702
v -0.7266 6.2075 0.7582
v -0.7055 6.1187 0.7463
v -0.6856 6.0307 0.7351
v -0.6675 5.9421 0.7240
v 0.0169 7.9889 0.3834
v -0.0767 7.9939 0.3808
v -0.0763 8.0185 0.4558
v 0.0182 8.0135 0.4555
v -0.1701 7.9951 0.3770
v -0.1724 8.0191 0.4551
v -0.2639 7.9891 0.3719
v -0.2699 8.0121 0.4532
v -0.3576 7.9710 0.3658
v -0.3677 7.9922 0.4502
v -0.4489 7.9371 0.3599
v -0.4613 7.9566 0.4475
v -0.5347 7.8900 0.3559
v -0.5475 7.9092 0.4465
v -0.6143 7.8326 0.3542
v -0.6282 7.8500 0.4480
v -0.6835 7.7667 0.3538
v -0.6976 7.7830 0.4506
v -0.7457 7.6929 0.3541
v -0.7606 7.7076 0.4538
v -0.8007 7.6143 0.3545
v -0.8163 7.6273 0.4570
v -0.8487 7.5316 0.3546
v -0.8653 7.5426 0.4598
v -0.8893 7.4455 0.3540
v -0.9070 7.4537 0.4617
v -0.9197 7.3532 0.3523
v -0.9403 7.3595 0.4618
v -0.9376 7.2581 0.3508
v -0.9623 7.2628 0.4617
v -0.9456 7.1633 0.3493
v -0.9741 7.1653 0.4613
v -0.9461 7.0696 0.3472
v -0.9784 7.0680 0.4600
v -0.9411 6.9764 0.3437
v -0.9769 6.9726 0.4572
v -0.9324 6.8852 0.3383
v -0.9714 6.8767 0.4522
v -0.9216 6.7954 0.3306
v -0.9633 6.7817 0.4446
v -0.9068 6.7062 0.3202
v -0.9501 6.6853 0.4341
v -0.8866 6.6175 0.3075
v -0.9314 6.5911 0.4213
v -0.8627 6.5294 0.2932
v -0.9089 6.4989 0.4070
v -0.8360 6.4416 0.2778
v -0.8839 6.4082 0.3917
v -0.8076 6.3538 0.2617
v -0.8574 6.3190 0.3759
v -0.7785 6.2662 0.2452
v -0.8303 6.2301 0.3598
v -0.7492 6.1780 0.2287
v -0.8034 6.1418 0.3438
v -0.7205 6.0888 0.2124
v -0.7776 6.0537 0.3283
v -0.6935 5.9992 0.1973
v -0.7532 5.9649 0.3133
v -0.0780 7.9765 0.5226
v 0.0163 7.9739 0.5204
v -0.1725 7.9745 0.5236
v -0.2660 7.9648 0.5233
v -0.3557 7.9434 0.5220
v -0.4392 7.9089 0.5211
v -0.5169 7.8636 0.5221
v -0.5879 7.8085 0.5250
v -0.6523 7.7424 0.5290
v -0.7090 7.6706 0.5335
v -0.7595 7.5937 0.5381
v -0.8039 7.5127 0.5422
v -0.8415 7.4279 0.5455
v -0.8720 7.3425 0.5484
v -0.8936 7.2539 0.5518
v -0.9064 7.1619 0.5549
v -0.9122 7.0676 0.5570
v -0.9126 6.9728 0.5574
v -0.9089 6.8766 0.5554
v -0.9022 6.7795 0.5505
v -0.8903 6.6835 0.5424
v -0.8729 6.5895 0.5320
v -0.8516 6.4970 0.5199
v -0.8276 6.4059 0.5067
v -0.8021 6.3161 0.4929
v -0.7760 6.2265 0.4788
v -0.7500 6.1375 0.4648
v -0.7253 6.0488 0.4513
v -0.7023 5.9594 0.4381
v -0.0168 7.9803 0.3949
v 0.0753 7.9907 0.3871
v 0.0659 8.0208 0.3297
v -0.0262 8.0089 0.3391
v 0.1678 7.9957 0.3794
v 0.1606 8.0277 0.3199
v 0.2590 7.9851 0.3722
v 0.2591 8.0187 0.3100
v 0.3467 7.9588 0.3664
v 0.3526 7.9935 0.3017
v 0.4308 7.9228 0.3621
v 0.4425 7.9584 0.2954
v 0.5116 7.8786 0.3587
v 0.5282 7.9149 0.2900
v 0.5884 7.8272 0.3555
v 0.6099 7.8635 0.2850
v 0.6599 7.7684 0.3518
v 0.6867 7.8037 0.2797
v 0.7237 7.7011 0.3471
v 0.7542 7.7360 0.2737
v 0.7791 7.6265 0.3408
v 0.8124 7.6564 0.2647
v 0.8248 7.5460 0.3332
v 0.8596 7.5713 0.2550
v 0.8625 7.4621 0.3251
v 0.8975 7.4830 0.2455
v 0.8934 7.3758 0.3171
v 0.9276 7.3922 0.2370
v 0.9181 7.2882 0.3096
v 0.9507 7.2995 0.2302
v 0.9357 7.1989 0.3033
v 0.9667 7.2042 0.2262
v 0.9435 7.1072 0.2981
v 0.9730 7.1078 0.2251
v 0.9431 7.0150 0.2936
v 0.9704 7.0124 0.2259
v 0.9368 6.9225 0.2897
v 0.9614 6.9191 0.2281
v 0.9265 6.8306 0.2862
v 0.9480 6.8259 0.2317
v 0.9137 6.7389 0.2834
v 0.9320 6.7338 0.2366
v 0.8983 6.6476 0.2816
v 0.9131 6.6420 0.2430
v 0.8776 6.5572 0.2817
v 0.8889 6.5516 0.2514
v 0.8531 6.4675 0.2832
v 0.8611 6.4629 0.2612
v 0.8265 6.3783 0.2858
v 0.8316 6.3751 0.2717
v 0.7998 6.2890 0.2890
v 0.8022 6.2876 0.2822
v 0.7748 6.1995 0.2938
v 0.7754 6.1992 0.2922
v 0.0629 7.9918 0.2711
v -0.0286 7.9805 0.2826
v 0.1548 7.9981 0.2589
v 0.2469 7.9893 0.2468
v 0.3370 7.9649 0.2357
v 0.4246 7.9313 0.2260
v 0.5080 7.8894 0.2176
v 0.5870 7.8402 0.2096
v 0.6605 7.7836 0.2017
v 0.7263 7.7185 0.1935
v 0.7787 7.6427 0.1842
v 0.8217 7.5608 0.1748
v 0.8567 7.4746 0.1663
v 0.8849 7.3853 0.1596
v 0.9068 7.2935 0.1558
v 0.9229 7.2002 0.1555
v 0.9313 7.1068 0.1583
v 0.9316 7.0133 0.1639
v 0.9262 6.9203 0.1719
v 0.9168 6.8276 0.1819
v 0.9051 6.7353 0.1938
v 0.8908 6.6435 0.2076
v 0.8714 6.5531 0.2237
v 0.8483 6.4642 0.2410
v 0.8234 6.3760 0.2588
v 0.7983 6.2880 0.2761
v 0.7744 6.1993 0.2906
v 0.0222 7.9804 0.2826
v -0.0693 7.9917 0.2711
v -0.0722 8.0208 0.3297
v 0.0198 8.0089 0.3391
v -0.1611 7.9981 0.2589
v -0.1670 8.0277 0.3198
v -0.2533 7.9893 0.2468
v -0.2655 8.0187 0.3100
v -0.3434 7.9649 0.2357
v -0.3589 7.9935 0.3017
v -0.4309 7.9313 0.2260
v -0.4489 7.9584 0.2953
v -0.5143 7.8894 0.2175
v -0.5346 7.9149 0.2900
v -0.5933 7.8402 0.2096
v -0.6163 7.8635 0.2849
v -0.6668 7.7835 0.2017
v -0.6931 7.8037 0.2796
v -0.7325 7.7184 0.1935
v -0.7605 7.7360 0.2737
v -0.7850 7.6426 0.1842
v -0.8188 7.6564 0.2646
v -0.8279 7.5607 0.1748
v -0.8659 7.5713 0.2549
v -0.8629 7.4746 0.1663
v -0.9038 7.4830 0.2454
v -0.8911 7.3853 0.1596
v -0.9340 7.3923 0.2369
v -0.9131 7.2934 0.1558
v -0.9570 7.2995 0.2301
v -0.9292 7.2002 0.1555
v -0.9731 7.2042 0.2262
v -0.9376 7.1068 0.1583
v -0.9793 7.1078 0.2251
v -0.9380 7.0133 0.1639
v -0.9767 7.0124 0.2259
v -0.9327 6.9203 0.1719
v -0.9678 6.9191 0.2282
v -0.9233 6.8275 0.1819
v -0.9544 6.8259 0.2318
v -0.9116 6.7353 0.1938
v -0.9384 6.7338 0.2366
v -0.8973 6.6435 0.2076
v -0.9195 6.6420 0.2430
v -0.8778 6.5531 0.2237
v -0.8953 6.5516 0.2514
v -0.8547 6.4642 0.2410
v -0.8674 6.4629 0.2612
v -0.8298 6.3760 0.2588
v -0.8379 6.3751 0.2717
v -0.8046 6.2880 0.2761
v -0.8086 6.2876 0.2822
v -0.7808 6.1992 0.2906
v -0.7817 6.1992 0.2922
v -0.0817 7.9907 0.3871
v 0.0104 7.9804 0.3949
v -0.1742 7.9957 0.3794
v -0.2653 7.9851 0.3722
v -0.3531 7.9588 0.3664
v -0.4372 7.9228 0.3621
v -0.5180 7.8786 0.3587
v -0.5948 7.8273 0.3555
v -0.6664 7.7685 0.3518
v -0.7302 7.7012 0.3471
v -0.7856 7.6265 0.3408
v -0.8313 7.5461 0.3332
v -0.8690 7.4621 0.3251
v -0.8999 7.3759 0.3171
v -0.9246 7.2882 0.3095
v -0.9422 7.1989 0.3033
v -0.9499 7.1072 0.2981
v -0.9494 7.0150 0.2936
v -0.9431 6.9225 0.2897
v -0.9327 6.8306 0.2863
v -0.9199 6.7389 0.2834
v -0.9045 6.6476 0.2816
v -0.8839 6.5573 0.2817
v -0.8594 6.4675 0.2832
v -0.8329 6.3783 0.2858
v -0.8062 6.2890 0.2890
v -0.7811 6.1995 0.2938
v 0.0005 7.9899 0.1910
v 0.1135 7.9648 0.2500
v -0.0034 7.9763 0.2422
v 0.2223 7.9232 0.2569
v 0.3328 7.8727 0.2609
v 0.4432 7.8260 0.2610
v 0.5481 7.7713 0.2603
v 0.6445 7.7029 0.2630
v 0.7305 7.6229 0.2684
v 0.8529 7.5552 0.2026
v 0.8018 7.5302 0.2771
v 0.8463 7.4258 0.2895
v 0.9452 7.3102 0.2342
v 0.8689 7.3111 0.3054
v 0.9624 7.1798 0.2590
v 0.8767 7.1948 0.3260
v 0.8675 7.0796 0.3504
v 0.8473 6.9640 0.3804
v 0.9366 6.8110 0.3657
v 0.8281 6.8495 0.4201
v 0.9246 6.6944 0.4156
v 0.8105 6.7389 0.4686
v 0.9115 6.5830 0.4687
v 0.7920 6.6319 0.5218
v 0.7714 6.5272 0.5769
v 0.8801 6.3613 0.5916
v 0.7476 6.4230 0.6335
v 0.8636 6.2604 0.6637
v 0.7207 6.3219 0.6933
v 0.8493 6.1686 0.7277
v 0.6945 6.2207 0.7476
v 0.8347 6.0689 0.7902
v 0.6700 6.1141 0.7939
v 0.1115 7.9752 0.3073
v 0.2221 7.9312 0.3196
v 0.6388 7.7015 0.3462
v 0.7839 7.5293 0.3691
v 0.7614 6.8989 0.5167
v 0.6197 6.4072 0.7804
v -0.0069 7.9880 0.2938
v 0.1191 7.9918 0.2520
v 0.2350 7.9501 0.2606
v 0.3334 7.8783 0.3290
v 0.3444 7.9025 0.2661
v 0.4443 7.8284 0.3343
v 0.4568 7.8572 0.2680
v 0.5469 7.7714 0.3386
v 0.5665 7.8024 0.2694
v 0.6674 7.7330 0.2745
v 0.7192 7.6207 0.3562
v 0.7587 7.6505 0.2828
v 0.8349 7.5542 0.2946
v 0.8186 7.4316 0.3843
v 0.8853 7.4398 0.3116
v 0.8333 7.3221 0.4028
v 0.9096 7.3212 0.3317
v 0.8323 7.2165 0.4241
v 0.9180 7.2015 0.3571
v 0.8150 7.1107 0.4485
v 0.9085 7.0828 0.3866
v 0.7870 7.0065 0.4768
v 0.8881 6.9695 0.4207
v 0.8699 6.8603 0.4623
v 0.7399 6.7980 0.5652
v 0.8540 6.7535 0.5122
v 0.7178 6.6969 0.6205
v 0.8372 6.6481 0.5674
v 0.6939 6.5992 0.6772
v 0.8182 6.5435 0.6252
v 0.6606 6.5046 0.7278
v 0.7930 6.4429 0.6859
v 0.7626 6.3458 0.7509
v 0.5755 6.2962 0.8327
v 0.7304 6.2441 0.8128
v 0.5336 6.1837 0.8696
v 0.6983 6.1385 0.8658
v 0.6662 6.0332 0.9146
v 0.1211 7.9815 0.1948
v 0.2352 7.9421 0.1979
v 0.3438 7.8969 0.1980
v 0.4557 7.8548 0.1947
v 0.5677 7.8023 0.1910
v 0.6732 7.7344 0.1913
v 0.7700 7.6527 0.1950
v 0.9130 7.4341 0.2168
v 0.9610 7.0516 0.2885
v 0.9484 6.9271 0.3243
v 0.8957 6.4714 0.5249
v 0.8160 5.9656 0.8528
v 0.6454 6.0047 0.8392
v 0.4956 6.0723 0.9010
v 0.8026 7.5685 0.1422
v 0.7944 7.5498 0.1891
v 0.8577 7.4691 0.0984
v 0.8392 7.4490 0.1682
v 0.8571 7.3430 0.1563
v 0.8842 7.2283 0.0503
v 0.8513 7.2295 0.1517
v 0.8802 7.0933 0.0521
v 0.8419 7.1126 0.1608
v 0.8793 6.9664 0.0728
v 0.8305 6.9976 0.1801
v 0.8202 6.8831 0.2135
v 0.8152 6.7772 0.2706
v 0.8562 6.6225 0.2756
v 0.8123 6.6833 0.3417
v 0.8394 6.5385 0.3701
v 0.8041 6.5972 0.4201
v 0.7897 6.5206 0.5083
v 0.7705 6.4472 0.5983
v 0.7642 6.3438 0.6642
v 0.7462 6.3656 0.6798
v 0.7160 6.2796 0.7555
v 0.6851 6.1921 0.8300
v 0.6833 6.1936 0.8309
v 0.9016 7.2266 0.2457
v 0.8463 6.7413 0.4156
v 0.8345 6.6503 0.4789
v 0.8119 6.5680 0.5516
v 0.8178 7.5559 0.2342
v 0.8260 7.5745 0.1873
v 0.7327 7.6488 0.2123
v 0.8746 7.4518 0.2342
v 0.8932 7.4719 0.1644
v 0.9013 7.3395 0.2374
v 0.9290 7.3489 0.1498
v 0.9345 7.2255 0.1443
v 0.8947 7.1255 0.2642
v 0.9331 7.1062 0.1555
v 0.8769 7.0205 0.2905
v 0.9257 6.9892 0.1832
v 0.8559 6.9277 0.3193
v 0.9137 6.8800 0.2253
v 0.8491 6.8327 0.3621
v 0.9027 6.7775 0.2803
v 0.8902 6.6805 0.3495
v 0.8698 6.5916 0.4289
v 0.8418 6.5168 0.5184
v 0.7843 6.4809 0.6327
v 0.8084 6.4444 0.6083
v 0.7519 6.3859 0.7043
v 0.7699 6.3641 0.6886
v 0.7170 6.2892 0.7674
v 0.7268 6.2793 0.7608
v 0.6833 6.1953 0.8328
v 0.8848 7.3524 0.0687
v 0.8780 6.8353 0.1195
v 0.8687 6.7220 0.1888
v 0.8196 6.4694 0.4752
v 0.7947 6.4106 0.5739
v 0.7257 6.2698 0.7489
v 0.6850 6.1937 0.8319
v 0.1162 7.9711 0.2984
v 0.1115 7.9361 0.3260
v -0.0074 7.9441 0.3243
v 0.2352 7.9367 0.2880
v 0.2216 7.9000 0.3198
v 0.3519 7.8934 0.2795
v 0.3370 7.8518 0.3146
v 0.4469 7.8028 0.3102
v 0.5514 7.7432 0.3079
v 0.6460 7.6722 0.3080
v 0.7894 7.6386 0.2820
v 0.7323 7.5898 0.3102
v 0.8738 7.5279 0.3037
v 0.7966 7.4960 0.3205
v 0.8352 7.3860 0.3406
v 0.9462 7.2764 0.3727
v 0.8542 7.2693 0.3693
v 0.8570 7.1525 0.4111
v 0.8406 7.0417 0.4638
v 0.9011 6.9279 0.5546
v 0.8138 6.9354 0.5218
v 0.8708 6.8267 0.6165
v 0.7859 6.8304 0.5817
v 0.7593 6.7256 0.6438
v 0.7297 6.6238 0.7079
v 0.6957 6.5244 0.7729
v 0.7172 6.4287 0.8850
v 0.6573 6.4268 0.8395
v 0.6134 6.3331 0.9075
v 0.5626 6.2440 0.9760
v 0.5152 6.1651 1.0686
v 0.5008 6.1615 1.0457
v 0.4329 6.0813 1.1127
v 0.2311 7.9161 0.3667
v 0.3447 7.8702 0.3675
v 0.7303 7.5981 0.3899
v 0.8117 7.4001 0.4255
v 0.8211 7.2945 0.4518
v 0.7338 6.8781 0.6403
v 0.7055 6.7738 0.6961
v 0.6754 6.6710 0.7542
v 0.6427 6.5714 0.8122
v -0.0092 7.9581 0.3613
v 0.1142 7.9514 0.3680
v 0.1189 7.9864 0.3404
v 0.2446 7.9528 0.3349
v 0.3596 7.9119 0.3324
v 0.4559 7.8202 0.3698
v 0.4777 7.8660 0.3330
v 0.5601 7.7597 0.3741
v 0.5906 7.8084 0.3362
v 0.6517 7.6851 0.3813
v 0.6955 7.7343 0.3461
v 0.7874 7.6468 0.3618
v 0.7817 7.5065 0.4036
v 0.8588 7.5384 0.3869
v 0.8983 7.4202 0.4176
v 0.9131 7.3015 0.4551
v 0.8163 7.1887 0.4878
v 0.9092 7.1882 0.5023
v 0.7943 7.0894 0.5307
v 0.8841 7.0812 0.5582
v 0.7644 6.9851 0.5836
v 0.8516 6.9776 0.6164
v 0.8187 6.8744 0.6750
v 0.7861 6.7722 0.7341
v 0.7508 6.6707 0.7947
v 0.7114 6.5703 0.8553
v 0.6044 6.4714 0.8692
v 0.6643 6.4733 0.9148
v 0.5631 6.3739 0.9268
v 0.6119 6.3778 0.9733
v 0.5208 6.2757 0.9856
v 0.5547 6.2809 1.0264
v 0.4790 6.1779 1.0470
v 0.4935 6.1815 1.0698
v 0.4688 7.8486 0.2735
v 0.5818 7.7918 0.2700
v 0.6899 7.7213 0.2727
v 0.9218 7.4061 0.3326
v 0.9499 7.1521 0.4256
v 0.9304 7.0335 0.4913
v 0.8398 6.7240 0.6818
v 0.8050 6.6235 0.7484
v 0.7644 6.5233 0.8159
v 0.6621 6.3371 0.9540
v 0.5966 6.2492 1.0168
v -0.0068 7.9750 0.2997
v -0.0087 7.9890 0.3366
v 0.1074 7.9815 0.2376
v 0.1087 7.9517 0.2852
v -0.0094 7.9588 0.2942
v 0.2189 7.9153 0.2682
v 0.3423 7.8940 0.1982
v 0.3318 7.8668 0.2602
v 0.4423 7.8194 0.2647
v 0.5472 7.7623 0.2735
v 0.6711 7.7268 0.2025
v 0.6420 7.6932 0.2775
v 0.7281 7.6112 0.2753
v 0.7967 7.5194 0.2758
v 0.9111 7.4247 0.2086
v 0.8393 7.4120 0.2844
v 0.8601 7.2967 0.2984
v 0.8650 7.1794 0.3287
v 0.9503 7.0212 0.3238
v 0.8518 7.0698 0.3754
v 0.8268 6.9647 0.4321
v 0.9096 6.8065 0.4372
v 0.8018 6.8591 0.4904
v 0.7781 6.7549 0.5499
v 0.7524 6.6527 0.6108
v 0.7233 6.5520 0.6706
v 0.6912 6.4509 0.7302
v 0.7888 6.2805 0.7543
v 0.6567 6.3510 0.7887
v 0.6213 6.2496 0.8432
v 0.5841 6.1468 0.8921
v 0.5457 6.0413 0.9415
v 0.1165 7.9572 0.3405
v 0.2328 7.9236 0.3284
v 0.3371 7.8814 0.3270
v 0.4435 7.8353 0.3378
v 0.6489 7.7023 0.3640
v 0.7319 7.6152 0.3685
v 0.7897 7.5254 0.3747
v 0.8268 7.4194 0.3885
v 0.7371 6.8277 0.6569
v 0.7112 6.7298 0.7206
v 0.6377 6.5384 0.8385
v -0.0070 7.9622 0.3441
v 0.1153 7.9870 0.2929
v 0.2351 7.9525 0.2732
v 0.3475 7.9086 0.2650
v 0.4628 7.8634 0.2712
v 0.5494 7.7775 0.3530
v 0.5737 7.8075 0.2818
v 0.6780 7.7360 0.2890
v 0.7708 7.6517 0.2919
v 0.8495 7.5493 0.2991
v 0.8987 7.4321 0.3128
v 0.8389 7.3174 0.4052
v 0.9225 7.3100 0.3329
v 0.8362 7.2190 0.4341
v 0.9285 7.1928 0.3685
v 0.8161 7.1306 0.4743
v 0.9146 7.0819 0.4227
v 0.7883 7.0314 0.5322
v 0.8912 6.9776 0.4824
v 0.7612 6.9270 0.5950
v 0.8689 6.8743 0.5419
v 0.8479 6.7707 0.6028
v 0.8245 6.6679 0.6656
v 0.6796 6.6343 0.7814
v 0.7962 6.5658 0.7296
v 0.7619 6.4679 0.7954
v 0.5919 6.4405 0.8954
v 0.7240 6.3700 0.8610
v 0.5431 6.3379 0.9484
v 0.6837 6.2704 0.9231
v 0.4915 6.2347 0.9925
v 0.6394 6.1687 0.9803
v 0.5950 6.0689 1.0345
v 0.2212 7.9442 0.2130
v 0.4615 7.8474 0.1981
v 0.5714 7.7923 0.2022
v 0.7671 7.6477 0.1988
v 0.8566 7.5434 0.2002
v 0.9437 7.2893 0.2261
v 0.9573 7.1532 0.2631
v 0.9297 6.9109 0.3822
v 0.8889 6.6978 0.4958
v 0.8657 6.5908 0.5559
v 0.8398 6.4835 0.6188
v 0.8155 6.3804 0.6871
v 0.7619 6.1821 0.8180
v 0.7321 6.0808 0.8799
v 0.6999 5.9796 0.9418
v -0.0120 7.9870 0.2528
v -0.0096 7.9904 0.3028
v 0.4408 6.1306 1.0342
v 0.0005 7.9880 0.2938
v -0.1179 7.9752 0.3073
v -0.1199 7.9648 0.2500
v -0.2287 7.9232 0.2569
v -0.3399 7.8786 0.3290
v -0.3393 7.8727 0.2610
v -0.4509 7.8288 0.3344
v -0.4497 7.8260 0.2611
v -0.5537 7.7719 0.3388
v -0.5547 7.7713 0.2604
v -0.6511 7.7029 0.2632
v -0.7265 7.6214 0.3564
v -0.7372 7.6230 0.2686
v -0.8087 7.5304 0.2773
v -0.8266 7.4321 0.3848
v -0.8533 7.4261 0.2897
v -0.8761 7.3114 0.3056
v -0.8839 7.1952 0.3262
v -0.8747 7.0800 0.3506
v -0.7957 7.0069 0.4779
v -0.8545 6.9644 0.3806
v -0.8352 6.8499 0.4203
v -0.7489 6.7986 0.5666
v -0.8176 6.7393 0.4689
v -0.7990 6.6323 0.5221
v -0.7028 6.5982 0.6799
v -0.7783 6.5273 0.5773
v -0.7545 6.4234 0.6338
v -0.6289 6.4083 0.7828
v -0.7274 6.3223 0.6935
v -0.5846 6.2973 0.8356
v -0.7011 6.2210 0.7478
v -0.5424 6.1849 0.8730
v -0.6765 6.1144 0.7941
v -0.6517 6.0051 0.8393
v -0.1275 7.9814 0.1948
v -0.0069 7.9899 0.1910
v -0.2415 7.9419 0.1978
v -0.3502 7.8966 0.1979
v -0.6794 7.7339 0.1911
v -0.7761 7.6523 0.1947
v -0.9687 7.1799 0.2581
v -0.9673 7.0518 0.2874
v -0.9173 6.5826 0.4670
v -0.9017 6.4726 0.5221
v -0.8856 6.3605 0.5895
v -0.8550 6.1676 0.7248
v -0.8406 6.0677 0.7867
v -0.1255 7.9918 0.2520
v -0.2414 7.9501 0.2606
v -0.3508 7.9025 0.2660
v -0.4621 7.8544 0.1946
v -0.4633 7.8573 0.2679
v -0.5740 7.8019 0.1909
v -0.5730 7.8024 0.2692
v -0.6741 7.7332 0.2743
v -0.7655 7.6507 0.2826
v -0.8591 7.5549 0.2022
v -0.8419 7.5545 0.2943
v -0.9192 7.4341 0.2163
v -0.8925 7.4402 0.3114
v -0.9515 7.3103 0.2335
v -0.9171 7.3215 0.3314
v -0.9256 7.2017 0.3568
v -0.9162 7.0829 0.3863
v -0.9546 6.9272 0.3230
v -0.8959 6.9696 0.4203
v -0.9427 6.8108 0.3642
v -0.8777 6.8604 0.4619
v -0.9305 6.6941 0.4141
v -0.8618 6.7534 0.5118
v -0.8451 6.6479 0.5670
v -0.8261 6.5435 0.6246
v -0.8010 6.4426 0.6855
v -0.8691 6.2595 0.6613
v -0.7706 6.3454 0.7505
v -0.7385 6.2438 0.8125
v -0.7065 6.1382 0.8656
v -0.6745 6.0329 0.9145
v -0.2286 7.9313 0.3197
v -0.6458 7.7021 0.3464
v -0.7915 7.5300 0.3694
v -0.8416 7.3226 0.4034
v -0.8408 7.2170 0.4249
v -0.8237 7.1111 0.4495
v -0.7703 6.8994 0.5180
v -0.7268 6.6976 0.6221
v -0.6698 6.5055 0.7299
v -0.0034 8.0015 0.2426
v -0.5040 6.0738 0.9049
v -0.8222 5.9642 0.8489
v -0.8014 7.5499 0.1891
v -0.8817 7.4519 0.2342
v -0.8463 7.4491 0.1682
v -0.9086 7.3397 0.2375
v -0.8644 7.3431 0.1564
v -0.8588 7.2296 0.1517
v -0.8494 7.1127 0.1608
v -0.8380 6.9977 0.1800
v -0.8633 6.9278 0.3193
v -0.8277 6.8831 0.2135
v -0.8565 6.8327 0.3621
v -0.8227 6.7772 0.2706
v -0.8197 6.6833 0.3416
v -0.8115 6.5972 0.4200
v -0.8193 6.5680 0.5515
v -0.7971 6.5206 0.5083
v -0.7780 6.4472 0.5982
v -0.7536 6.3656 0.6798
v -0.7234 6.2796 0.7555
v -0.6907 6.1936 0.8309
v -0.8095 7.5685 0.1422
v -0.8878 7.0934 0.0521
v -0.8868 6.9665 0.0727
v -0.8469 6.5386 0.3700
v -0.8021 6.4106 0.5739
v -0.8329 7.5746 0.1873
v -0.7396 7.6488 0.2123
v -0.8648 7.4692 0.0984
v -0.9003 7.4720 0.1644
v -0.8921 7.3526 0.0687
v -0.9363 7.3491 0.1498
v -0.8916 7.2285 0.0503
v -0.9419 7.2256 0.1443
v -0.9406 7.1063 0.1555
v -0.9332 6.9893 0.1832
v -0.8855 6.8354 0.1194
v -0.9212 6.8801 0.2253
v -0.8763 6.7221 0.1888
v -0.9101 6.7776 0.2803
v -0.8637 6.6225 0.2755
v -0.8977 6.6805 0.3495
v -0.8772 6.5916 0.4288
v -0.8271 6.4694 0.4752
v -0.8493 6.5169 0.5184
v -0.8158 6.4444 0.6083
v -0.7716 6.3438 0.6642
v -0.7773 6.3641 0.6886
v -0.7331 6.2698 0.7489
v -0.7341 6.2794 0.7608
v -0.6924 6.1921 0.8300
v -0.8248 7.5560 0.2342
v -0.9091 7.2268 0.2457
v -0.9022 7.1256 0.2642
v -0.8844 7.0206 0.2905
v -0.8537 6.7413 0.4156
v -0.8418 6.6503 0.4788
v -0.7916 6.4809 0.6327
v -0.7592 6.3859 0.7042
v -0.7244 6.2892 0.7674
v -0.6906 6.1953 0.8328
v -0.6924 6.1938 0.8319
v -0.1138 7.9498 0.3760
v -0.1094 7.9347 0.3341
v 0.0100 7.9404 0.3379
v -0.2312 7.9175 0.3695
v -0.2206 7.9019 0.3227
v -0.3366 7.8546 0.3141
v -0.4558 7.8234 0.3689
v -0.4472 7.8062 0.3092
v -0.5525 7.7468 0.3073
v -0.6534 7.6889 0.3809
v -0.6479 7.6762 0.3075
v -0.7333 7.6021 0.3892
v -0.7354 7.5943 0.3094
v -0.7861 7.5111 0.4022
v -0.8016 7.5011 0.3191
v -0.8173 7.4047 0.4238
v -0.8416 7.3911 0.3390
v -0.8618 7.2741 0.3674
v -0.8235 7.1924 0.4853
v -0.8653 7.1567 0.4090
v -0.8497 7.0451 0.4616
v -0.7724 6.9879 0.5808
v -0.8230 6.9383 0.5198
v -0.7417 6.8805 0.6376
v -0.7950 6.8330 0.5800
v -0.7132 6.7751 0.6940
v -0.7683 6.7280 0.6421
v -0.6833 6.6725 0.7519
v -0.7386 6.6256 0.7066
v -0.7045 6.5258 0.7719
v -0.6660 6.4278 0.8387
v -0.5710 6.3742 0.9252
v -0.6219 6.3338 0.9070
v -0.5709 6.2444 0.9759
v -0.4866 6.1779 1.0464
v -0.5085 6.1617 1.0457
v -0.1122 7.9699 0.3065
v -0.2326 7.9392 0.2909
v -0.6915 7.7258 0.2725
v -0.9282 7.4120 0.3318
v -0.9581 7.1570 0.4244
v -0.9392 7.0376 0.4903
v -0.9099 6.9315 0.5538
v -0.8793 6.8301 0.6159
v -0.8134 6.6261 0.7482
v -0.5225 6.1657 1.0688
v -0.1166 7.9850 0.3485
v -0.2433 7.9548 0.3377
v -0.3508 7.8967 0.2792
v -0.3588 7.9148 0.3321
v -0.4691 7.8522 0.2728
v -0.4777 7.8694 0.3324
v -0.5829 7.7958 0.2698
v -0.5911 7.8121 0.3361
v -0.6969 7.7385 0.3459
v -0.7920 7.6438 0.2815
v -0.7899 7.6517 0.3613
v -0.8785 7.5338 0.3030
v -0.8630 7.5439 0.3861
v -0.9039 7.4256 0.4167
v -0.9537 7.2819 0.3717
v -0.9196 7.3065 0.4539
v -0.9163 7.1927 0.5007
v -0.8918 7.0851 0.5565
v -0.8592 6.9812 0.6148
v -0.8260 6.8776 0.6736
v -0.8484 6.7276 0.6810
v -0.7933 6.7747 0.7329
v -0.7580 6.6731 0.7935
v -0.7726 6.5255 0.8159
v -0.7186 6.5723 0.8542
v -0.7252 6.4306 0.8852
v -0.6715 6.4749 0.9138
v -0.6699 6.3387 0.9543
v -0.6189 6.3791 0.9725
v -0.6041 6.2504 1.0172
v -0.5618 6.2817 1.0257
v -0.5006 6.1819 1.0694
v -0.3447 7.8727 0.3670
v -0.5607 7.7632 0.3737
v -0.8277 7.2987 0.4496
v -0.8022 7.0926 0.5278
v -0.6506 6.5725 0.8102
v -0.6123 6.4721 0.8674
v -0.5286 6.2757 0.9844
v 0.0104 7.9545 0.3748
v 0.0110 7.9713 0.3132
v 0.0114 7.9854 0.3502
v -0.4395 6.0817 1.1126
v -0.4404 6.0815 1.1133
v -0.1230 7.9573 0.3405
v -0.1151 7.9517 0.2852
v 0.0030 7.9588 0.2942
v -0.2253 7.9153 0.2682
v -0.3436 7.8816 0.3270
v -0.3383 7.8668 0.2603
v -0.4502 7.8356 0.3378
v -0.4488 7.8194 0.2648
v -0.5562 7.7778 0.3531
v -0.5537 7.7623 0.2736
v -0.6559 7.7028 0.3641
v -0.6486 7.6932 0.2777
v -0.7348 7.6113 0.2755
v -0.8036 7.5197 0.2759
v -0.8463 7.4123 0.2845
v -0.8469 7.3178 0.4055
v -0.8673 7.2970 0.2986
v -0.8443 7.2194 0.4344
v -0.8723 7.1798 0.3288
v -0.8243 7.1309 0.4748
v -0.8591 7.0702 0.3755
v -0.7966 7.0318 0.5327
v -0.8341 6.9650 0.4322
v -0.8091 6.8595 0.4905
v -0.7853 6.7552 0.5501
v -0.7595 6.6530 0.6110
v -0.6882 6.6346 0.7824
v -0.7304 6.5524 0.6709
v -0.6463 6.5388 0.8396
v -0.6983 6.4513 0.7304
v -0.6005 6.4409 0.8966
v -0.6637 6.3514 0.7889
v -0.5515 6.3384 0.9498
v -0.6281 6.2500 0.8435
v -0.4998 6.2351 0.9940
v -0.5909 6.1471 0.8923
v -0.5525 6.0416 0.9417
v -0.1138 7.9815 0.2376
v 0.0056 7.9870 0.2528
v -0.2276 7.9441 0.2129
v -0.4679 7.8472 0.1981
v -0.7734 7.6476 0.1986
v -0.9177 7.4249 0.2083
v -0.9504 7.2895 0.2257
v -0.8720 6.5907 0.5550
v -0.8460 6.4834 0.6177
v -0.7950 6.2802 0.7530
v -0.7384 6.0804 0.8784
v -0.7063 5.9791 0.9402
v -0.1217 7.9870 0.2929
v -0.2415 7.9525 0.2731
v -0.3487 7.8939 0.1981
v -0.3540 7.9086 0.2649
v -0.4693 7.8634 0.2711
v -0.5778 7.7920 0.2021
v -0.5802 7.8076 0.2816
v -0.6774 7.7265 0.2024
v -0.6847 7.7361 0.2888
v -0.7776 7.6519 0.2918
v -0.8630 7.5435 0.2000
v -0.8565 7.5496 0.2989
v -0.9059 7.4324 0.3126
v -0.9300 7.3103 0.3326
v -0.9641 7.1533 0.2626
v -0.9361 7.1930 0.3682
v -0.9571 7.0212 0.3232
v -0.9223 7.0820 0.4224
v -0.9365 6.9109 0.3815
v -0.8989 6.9777 0.4821
v -0.9162 6.8064 0.4365
v -0.8766 6.8743 0.5415
v -0.8953 6.6977 0.4950
v -0.8556 6.7706 0.6025
v -0.8322 6.6678 0.6653
v -0.8039 6.5656 0.7292
v -0.8216 6.3801 0.6860
v -0.7697 6.4676 0.7951
v -0.7318 6.3697 0.8607
v -0.7681 6.1818 0.8166
v -0.6915 6.2701 0.9228
v -0.6472 6.1684 0.9801
v -0.6028 6.0686 1.0343
v 0.0006 7.9622 0.3441
v -0.2393 7.9237 0.3284
v -0.7390 7.6157 0.3687
v -0.7971 7.5258 0.3749
v -0.8345 7.4199 0.3888
v -0.7695 6.9274 0.5956
v -0.7456 6.8281 0.6576
v -0.7197 6.7301 0.7214
v -0.4490 6.1311 1.0358
v 0.0032 7.9904 0.3028
v -0.0177 7.8280 0.0820
v -0.0356 7.8408 0.1800
v 0.0638 7.8676 0.1600
v 0.0484 7.8463 0.0688
v -0.0506 7.8477 0.2797
v 0.0815 7.8821 0.2544
v -0.0570 7.8444 0.3717
v 0.0990 7.8816 0.3523
v -0.0640 7.8361 0.4517
v 0.1092 7.8716 0.4469
v -0.0749 7.8223 0.5309
v 0.1106 7.8576 0.5427
v -0.0879 7.8018 0.6138
v 0.1058 7.8366 0.6379
v -0.0996 7.7734 0.7010
v 0.0980 7.8080 0.7312
v -0.1047 7.7356 0.7918
v 0.0903 7.7706 0.8216
v -0.0977 7.6930 0.8782
v 0.0845 7.7235 0.9075
v -0.0819 7.6452 0.9592
v 0.0788 7.6688 0.9876
v -0.0620 7.5918 1.0368
v 0.0718 7.6089 1.0616
v -0.0441 7.5345 1.1087
v 0.0617 7.5435 1.1321
v -0.0271 7.4692 1.1746
v 0.0464 7.4699 1.1947
v -0.0092 7.3930 1.2357
v 0.0274 7.3915 1.2461
v 0.0068 7.3142 1.2959
v 0.0079 7.3142 1.2962
v 0.1631 7.8369 0.1465
v 0.1150 7.8264 0.0609
v 0.2116 7.8399 0.2310
v 0.2494 7.8302 0.3232
v 0.2742 7.8109 0.4277
v 0.2874 7.7912 0.5328
v 0.2912 7.7666 0.6316
v 0.2882 7.7378 0.7223
v 0.2789 7.7055 0.8048
v 0.2607 7.6644 0.8858
v 0.2337 7.6166 0.9657
v 0.2002 7.5645 1.0425
v 0.1628 7.5066 1.1171
v 0.1166 7.4426 1.1836
v 0.0621 7.3774 1.2399
v 0.0090 7.3138 1.2960
v 0.1088 7.8233 0.0696
v 0.1004 7.8447 0.1667
v 0.2011 7.8530 0.1389
v 0.1760 7.8288 0.0510
v 0.0931 7.8552 0.2660
v 0.2272 7.8664 0.2324
v 0.0901 7.8493 0.3558
v 0.2491 7.8613 0.3299
v 0.0854 7.8390 0.4350
v 0.2614 7.8496 0.4213
v 0.0774 7.8282 0.5155
v 0.2665 7.8363 0.5166
v 0.0670 7.8121 0.5986
v 0.2648 7.8167 0.6114
v 0.0565 7.7897 0.6838
v 0.2583 7.7903 0.7046
v 0.0496 7.7590 0.7701
v 0.2483 7.7561 0.7950
v 0.0502 7.7202 0.8516
v 0.2348 7.7132 0.8811
v 0.0558 7.6736 0.9312
v 0.2175 7.6634 0.9619
v 0.0630 7.6195 1.0095
v 0.1970 7.6087 1.0366
v 0.0676 7.5605 1.0827
v 0.1728 7.5486 1.1077
v 0.0705 7.4917 1.1477
v 0.1424 7.4807 1.1703
v 0.0740 7.4149 1.2100
v 0.1094 7.4090 1.2225
v 0.0760 7.3383 1.2737
v 0.0771 7.3382 1.2741
v 0.2927 7.8050 0.1213
v 0.2374 7.7971 0.0408
v 0.3465 7.8025 0.2017
v 0.3877 7.7872 0.2924
v 0.4150 7.7660 0.3951
v 0.4310 7.7448 0.4975
v 0.4365 7.7188 0.5955
v 0.4332 7.6887 0.6881
v 0.4204 7.6555 0.7753
v 0.3949 7.6185 0.8618
v 0.3580 7.5791 0.9441
v 0.3134 7.5379 1.0211
v 0.2647 7.4920 1.0949
v 0.2074 7.4419 1.1620
v 0.1421 7.3900 1.2189
v 0.0781 7.3376 1.2740
v 0.1987 7.8061 0.0561
v 0.1864 7.8275 0.1524
v 0.2884 7.8336 0.1292
v 0.2667 7.8101 0.0404
v 0.1743 7.8390 0.2506
v 0.3102 7.8470 0.2235
v 0.1677 7.8345 0.3421
v 0.3277 7.8427 0.3215
v 0.1617 7.8252 0.4257
v 0.3380 7.8317 0.4135
v 0.1551 7.8177 0.5115
v 0.3443 7.8180 0.5087
v 0.1477 7.8054 0.5990
v 0.3458 7.7978 0.6034
v 0.1412 7.7864 0.6878
v 0.3433 7.7704 0.6965
v 0.1380 7.7571 0.7763
v 0.3368 7.7350 0.7871
v 0.1388 7.7105 0.8568
v 0.3242 7.6914 0.8732
v 0.1453 7.6565 0.9326
v 0.3080 7.6406 0.9537
v 0.1543 7.5981 1.0050
v 0.2887 7.5845 1.0291
v 0.1604 7.5365 1.0767
v 0.2661 7.5250 1.0991
v 0.1654 7.4719 1.1445
v 0.2380 7.4575 1.1625
v 0.1696 7.3965 1.2083
v 0.2055 7.3872 1.2168
v 0.1715 7.3186 1.2704
v 0.1726 7.3183 1.2706
v 0.3796 7.7836 0.1159
v 0.3278 7.7771 0.0327
v 0.4294 7.7803 0.1994
v 0.4659 7.7651 0.2901
v 0.4899 7.7445 0.3891
v 0.5045 7.7200 0.4862
v 0.5104 7.6898 0.5796
v 0.5080 7.6553 0.6687
v 0.4968 7.6192 0.7536
v 0.4764 7.5877 0.8405
v 0.4446 7.5525 0.9259
v 0.4038 7.5130 1.0083
v 0.3579 7.4688 1.0841
v 0.3005 7.4156 1.1503
v 0.2357 7.3653 1.2093
v 0.1734 7.3176 1.2703
v 0.3058 7.7815 0.0409
v 0.3000 7.8067 0.1345
v 0.4003 7.7901 0.1092
v 0.3725 7.7697 0.0238
v 0.2918 7.8219 0.2299
v 0.4259 7.8019 0.2006
v 0.2856 7.8198 0.3194
v 0.4440 7.7981 0.2964
v 0.2791 7.8093 0.4025
v 0.4537 7.7866 0.3863
v 0.2711 7.7994 0.4818
v 0.4586 7.7746 0.4793
v 0.2600 7.7837 0.5676
v 0.4566 7.7583 0.5705
v 0.2491 7.7606 0.6539
v 0.4502 7.7351 0.6622
v 0.2432 7.7255 0.7451
v 0.4422 7.7032 0.7516
v 0.2500 7.6790 0.8382
v 0.4361 7.6595 0.8368
v 0.2673 7.6258 0.9191
v 0.4309 7.6060 0.9149
v 0.2881 7.5688 0.9890
v 0.4236 7.5474 0.9873
v 0.3051 7.5086 1.0556
v 0.4116 7.4871 1.0557
v 0.3154 7.4462 1.1136
v 0.3881 7.4248 1.1213
v 0.3175 7.3727 1.1710
v 0.3527 7.3602 1.1783
v 0.3155 7.2969 1.2323
v 0.3165 7.2965 1.2325
v 0.4783 7.7213 0.0956
v 0.4243 7.7235 0.0160
v 0.5288 7.7120 0.1763
v 0.5650 7.6959 0.2643
v 0.5885 7.6754 0.3590
v 0.6043 7.6558 0.4583
v 0.6104 7.6349 0.5500
v 0.6089 7.6109 0.6383
v 0.6011 7.5861 0.7176
v 0.5843 7.5562 0.7883
v 0.5595 7.5169 0.8632
v 0.5287 7.4715 0.9426
v 0.4929 7.4241 1.0206
v 0.4438 7.3768 1.1013
v 0.3805 7.3357 1.1702
v 0.3174 7.2958 1.2323
v 0.3933 7.7444 0.0512
v 0.4192 7.7565 0.1438
v 0.5046 7.7374 0.0860
v 0.4504 7.7325 0.0127
v 0.4452 7.7590 0.2383
v 0.5588 7.7312 0.1636
v 0.4678 7.7478 0.3205
v 0.6055 7.7086 0.2455
v 0.4817 7.7352 0.3888
v 0.6380 7.6820 0.3255
v 0.4928 7.7214 0.4644
v 0.6629 7.6569 0.4123
v 0.4996 7.7016 0.5461
v 0.6780 7.6292 0.4987
v 0.5019 7.6801 0.6212
v 0.6842 7.5979 0.5870
v 0.5033 7.6540 0.6942
v 0.6811 7.5639 0.6742
v 0.5023 7.6181 0.7628
v 0.6659 7.5275 0.7602
v 0.4983 7.5732 0.8316
v 0.6399 7.4893 0.8416
v 0.4915 7.5237 0.9016
v 0.6063 7.4506 0.9184
v 0.4777 7.4725 0.9746
v 0.5671 7.4129 0.9912
v 0.4601 7.4215 1.0413
v 0.5183 7.3763 1.0604
v 0.4312 7.3666 1.1071
v 0.4573 7.3423 1.1204
v 0.3946 7.3106 1.1769
v 0.3954 7.3099 1.1773
v 0.5663 7.6666 0.0395
v 0.4932 7.6859 -0.0170
v 0.6344 7.6373 0.0950
v 0.6907 7.5975 0.1650
v 0.7349 7.5515 0.2557
v 0.7664 7.5130 0.3460
v 0.7850 7.4760 0.4324
v 0.7915 7.4369 0.5257
v 0.7834 7.4003 0.6204
v 0.7602 7.3718 0.7171
v 0.7225 7.3503 0.8094
v 0.6737 7.3332 0.8962
v 0.6193 7.3189 0.9755
v 0.5521 7.3083 1.0539
v 0.4725 7.3075 1.1192
v 0.3959 7.3089 1.1772
v 0.5116 7.6761 0.0063
v 0.5326 7.6991 0.0967
v 0.6171 7.6568 0.0515
v 0.5686 7.6501 -0.0246
v 0.5524 7.7159 0.1897
v 0.6632 7.6540 0.1335
v 0.5724 7.7172 0.2791
v 0.6994 7.6356 0.2213
v 0.5885 7.7106 0.3607
v 0.7238 7.6113 0.3050
v 0.5945 7.6948 0.4455
v 0.7417 7.5875 0.3944
v 0.5920 7.6699 0.5302
v 0.7501 7.5605 0.4815
v 0.5860 7.6385 0.6115
v 0.7512 7.5287 0.5690
v 0.5796 7.5990 0.6900
v 0.7458 7.4931 0.6541
v 0.5811 7.5516 0.7686
v 0.7350 7.4504 0.7365
v 0.5848 7.4966 0.8400
v 0.7180 7.4030 0.8139
v 0.5873 7.4374 0.9050
v 0.6949 7.3542 0.8877
v 0.5835 7.3770 0.9706
v 0.6661 7.3073 0.9590
v 0.5712 7.3169 1.0291
v 0.6261 7.2640 1.0293
v 0.5496 7.2513 1.0906
v 0.5760 7.2240 1.0936
v 0.5250 7.1857 1.1562
v 0.5258 7.1849 1.1563
v 0.6683 7.5701 0.0224
v 0.6051 7.5936 -0.0437
v 0.7227 7.5365 0.0898
v 0.7582 7.4964 0.1644
v 0.7808 7.4535 0.2491
v 0.8041 7.4199 0.3325
v 0.8208 7.3875 0.4154
v 0.8288 7.3545 0.4997
v 0.8277 7.3241 0.5845
v 0.8104 7.2947 0.6654
v 0.7816 7.2657 0.7486
v 0.7446 7.2379 0.8346
v 0.7023 7.2133 0.9182
v 0.6500 7.1957 1.0057
v 0.5878 7.1894 1.0834
v 0.5262 7.1838 1.1560
v 0.6130 7.6078 -0.0251
v 0.6488 7.6150 0.0633
v 0.7108 7.5532 0.0011
v 0.6525 7.5668 -0.0657
v 0.6770 7.6126 0.1541
v 0.7638 7.5311 0.0753
v 0.6922 7.5950 0.2347
v 0.8013 7.4984 0.1571
v 0.6991 7.5747 0.3080
v 0.8250 7.4669 0.2361
v 0.7088 7.5572 0.3831
v 0.8448 7.4352 0.3213
v 0.7151 7.5353 0.4639
v 0.8544 7.4030 0.4049
v 0.7186 7.5099 0.5404
v 0.8560 7.3695 0.4899
v 0.7229 7.4760 0.6155
v 0.8499 7.3355 0.5735
v 0.7237 7.4328 0.6840
v 0.8351 7.3023 0.6574
v 0.7191 7.3822 0.7542
v 0.8110 7.2706 0.7395
v 0.7089 7.3281 0.8278
v 0.7811 7.2395 0.8178
v 0.6952 7.2698 0.8999
v 0.7453 7.2061 0.8940
v 0.6773 7.2044 0.9667
v 0.7013 7.1715 0.9646
v 0.6557 7.1387 1.0330
v 0.6563 7.1377 1.0329
v 0.7292 7.4562 -0.0415
v 0.6645 7.5030 -0.0916
v 0.7868 7.4056 0.0112
v 0.8319 7.3552 0.0807
v 0.8661 7.3065 0.1637
v 0.8882 7.2615 0.2495
v 0.8957 7.2203 0.3322
v 0.8932 7.1829 0.4197
v 0.8802 7.1551 0.5089
v 0.8603 7.1388 0.6046
v 0.8321 7.1330 0.6975
v 0.7979 7.1311 0.7844
v 0.7572 7.1299 0.8684
v 0.7067 7.1333 0.9511
v 0.6565 7.1367 1.0325
v 0.6461 7.5303 -0.0808
v 0.6892 7.5317 0.0059
v 0.7442 7.4700 -0.0628
v 0.6824 7.4912 -0.1260
v 0.7267 7.5238 0.0952
v 0.7999 7.4379 0.0077
v 0.7526 7.5036 0.1741
v 0.8389 7.3951 0.0845
v 0.7730 7.4848 0.2450
v 0.8671 7.3564 0.1594
v 0.7902 7.4632 0.3221
v 0.8910 7.3195 0.2423
v 0.8021 7.4372 0.4030
v 0.9054 7.2836 0.3248
v 0.8092 7.4080 0.4798
v 0.9114 7.2472 0.4101
v 0.8125 7.3696 0.5544
v 0.9083 7.2115 0.4957
v 0.8098 7.3206 0.6261
v 0.8950 7.1763 0.5808
v 0.8038 7.2661 0.6945
v 0.8738 7.1425 0.6635
v 0.7944 7.2119 0.7617
v 0.8469 7.1113 0.7449
v 0.7771 7.1590 0.8319
v 0.8131 7.0865 0.8251
v 0.7499 7.1075 0.9002
v 0.7668 7.0704 0.9027
v 0.7183 7.0577 0.9770
v 0.7188 7.0566 0.9771
v 0.7545 7.3748 -0.1115
v 0.6911 7.4291 -0.1569
v 0.8060 7.3141 -0.0632
v 0.8414 7.2518 0.0026
v 0.8686 7.1922 0.0841
v 0.8906 7.1427 0.1652
v 0.9021 7.0987 0.2461
v 0.9051 7.0596 0.3332
v 0.9000 7.0316 0.4236
v 0.8877 7.0152 0.5165
v 0.8671 7.0066 0.6122
v 0.8396 7.0026 0.7090
v 0.8071 7.0085 0.8029
v 0.7637 7.0304 0.8950
v 0.7188 7.0555 0.9769
v 0.6934 7.4014 -0.1719
v 0.7475 7.3682 -0.1004
v 0.7712 7.3279 -0.1623
v 0.7091 7.3752 -0.2121
v 0.7963 7.3278 -0.0276
v 0.8283 7.2733 -0.1090
v 0.8319 7.2804 0.0397
v 0.8725 7.2106 -0.0479
v 0.8521 7.2408 0.1015
v 0.9028 7.1518 0.0208
v 0.8692 7.2072 0.1680
v 0.9278 7.1034 0.0963
v 0.8815 7.1747 0.2406
v 0.9459 7.0599 0.1798
v 0.8891 7.1414 0.3194
v 0.9545 7.0225 0.2646
v 0.8913 7.1093 0.3928
v 0.9537 6.9902 0.3537
v 0.8896 7.0768 0.4650
v 0.9432 6.9655 0.4446
v 0.8779 7.0483 0.5347
v 0.9222 6.9533 0.5376
v 0.8571 7.0276 0.6127
v 0.8916 6.9537 0.6268
v 0.8312 7.0118 0.6984
v 0.8557 6.9602 0.7117
v 0.8041 6.9937 0.7881
v 0.8170 6.9680 0.7945
v 0.7798 6.9736 0.8781
v 0.7461 7.2647 -0.1995
v 0.6937 7.3333 -0.2354
v 0.7908 7.1937 -0.1626
v 0.8268 7.1218 -0.1127
v 0.8566 7.0473 -0.0418
v 0.8820 6.9845 0.0402
v 0.9002 6.9331 0.1264
v 0.9084 6.8932 0.2138
v 0.9091 6.8643 0.3120
v 0.9014 6.8509 0.4158
v 0.8878 6.8550 0.5246
v 0.8654 6.8753 0.6234
v 0.8377 6.9044 0.7114
v 0.8084 6.9398 0.7942
v 0.7800 6.9721 0.8782
v 0.6986 7.2669 -0.2822
v 0.7575 7.2507 -0.2082
v 0.7645 7.1721 -0.2812
v 0.7024 7.2158 -0.3297
v 0.8072 7.2297 -0.1297
v 0.8207 7.1232 -0.2238
v 0.8397 7.1995 -0.0543
v 0.8619 7.0704 -0.1548
v 0.8630 7.1678 0.0186
v 0.8910 7.0228 -0.0855
v 0.8898 7.1326 0.0943
v 0.9185 6.9738 -0.0113
v 0.9108 7.0952 0.1696
v 0.9374 6.9265 0.0637
v 0.9257 7.0582 0.2391
v 0.9492 6.8810 0.1432
v 0.9351 7.0205 0.2993
v 0.9533 6.8415 0.2267
v 0.9304 6.9827 0.3556
v 0.9486 6.8144 0.3171
v 0.9164 6.9435 0.4233
v 0.9339 6.8000 0.4077
v 0.8983 6.9055 0.5040
v 0.9136 6.7922 0.4947
v 0.8763 6.8706 0.5811
v 0.8874 6.7901 0.5820
v 0.8503 6.8331 0.6639
v 0.8560 6.7927 0.6661
v 0.8247 6.7962 0.7495
v 0.8249 6.7951 0.7495
v 0.7243 7.0806 -0.3207
v 0.6765 7.1557 -0.3543
v 0.7649 7.0052 -0.2819
v 0.7977 6.9363 -0.2266
v 0.8240 6.8721 -0.1593
v 0.8438 6.8151 -0.0914
v 0.8556 6.7622 -0.0182
v 0.8628 6.7145 0.0661
v 0.8663 6.6790 0.1663
v 0.8724 6.6633 0.2783
v 0.8726 6.6703 0.3838
v 0.8668 6.6889 0.4774
v 0.8552 6.7160 0.5737
v 0.8400 6.7553 0.6630
v 0.8245 6.7940 0.7494
v 0.6757 7.1814 -0.3443
v 0.7361 7.1502 -0.2779
v 0.7441 7.0984 -0.3363
v 0.7861 7.1146 -0.2058
v 0.7991 7.0414 -0.2788
v 0.8200 7.0747 -0.1343
v 0.8372 6.9840 -0.2116
v 0.8524 7.0334 -0.0626
v 0.8705 6.9310 -0.1436
v 0.8799 6.9917 0.0105
v 0.8988 6.8774 -0.0693
v 0.9005 6.9514 0.0839
v 0.9190 6.8262 0.0099
v 0.9122 6.9109 0.1608
v 0.9307 6.7800 0.0942
v 0.9089 6.8669 0.2399
v 0.9317 6.7410 0.1793
v 0.8990 6.8216 0.3131
v 0.9235 6.7060 0.2674
v 0.8863 6.7784 0.3834
v 0.9090 6.6784 0.3562
v 0.8733 6.7435 0.4537
v 0.8905 6.6618 0.4470
v 0.8557 6.7177 0.5339
v 0.8665 6.6595 0.5375
v 0.8330 6.6945 0.6226
v 0.8381 6.6652 0.6249
v 0.8103 6.6709 0.7123
v 0.7052 7.0348 -0.3604
v 0.6565 7.1062 -0.3980
v 0.7425 6.9618 -0.3152
v 0.7702 6.8932 -0.2539
v 0.7963 6.8310 -0.1870
v 0.8169 6.7726 -0.1155
v 0.8315 6.7183 -0.0369
v 0.8412 6.6727 0.0455
v 0.8501 6.6364 0.1301
v 0.8540 6.6093 0.2243
v 0.8530 6.5936 0.3261
v 0.8460 6.5923 0.4331
v 0.8340 6.6101 0.5325
v 0.8216 6.6405 0.6228
v 0.8099 6.6694 0.7122
v 0.6595 7.1435 -0.3741
v 0.7204 7.0857 -0.3207
v 0.7004 7.0375 -0.4115
v 0.6474 7.1126 -0.4356
v 0.7692 7.0246 -0.2604
v 0.7403 6.9523 -0.3753
v 0.8025 6.9682 -0.2041
v 0.7690 6.8742 -0.3312
v 0.8269 6.9101 -0.1437
v 0.7951 6.7977 -0.2764
v 0.8462 6.8407 -0.0743
v 0.8129 6.7224 -0.2181
v 0.8580 6.7672 -0.0080
v 0.8216 6.6452 -0.1600
v 0.8628 6.6894 0.0567
v 0.8219 6.5687 -0.1012
v 0.8556 6.5925 0.1218
v 0.8129 6.4917 -0.0459
v 0.8258 6.4743 0.1733
v 0.7917 6.4116 0.0004
v 0.7812 6.3740 0.1929
v 0.7583 6.3296 0.0358
v 0.7366 6.2954 0.1962
v 0.7177 6.2494 0.0684
v 0.6907 6.2125 0.2055
v 0.6740 6.1742 0.1052
v 0.6398 6.1319 0.2144
v 0.6245 6.1032 0.1455
v 0.5819 6.0616 0.2279
v 0.5715 6.0425 0.1967
v 0.5179 5.9940 0.2571
v 0.5176 5.9934 0.2563
v 0.6351 6.9782 -0.4681
v 0.6060 7.0717 -0.4742
v 0.6463 6.8825 -0.4498
v 0.6599 6.7860 -0.4113
v 0.6777 6.6986 -0.3640
v 0.6865 6.6243 -0.3191
v 0.6874 6.5512 -0.2716
v 0.6818 6.4835 -0.2208
v 0.6738 6.4308 -0.1766
v 0.6689 6.3901 -0.1391
v 0.6579 6.3249 -0.0948
v 0.6352 6.2400 -0.0408
v 0.6079 6.1667 0.0193
v 0.5765 6.0990 0.0865
v 0.5459 6.0374 0.1690
v 0.5168 5.9931 0.2554
v 0.6073 7.0979 -0.4643
v 0.6700 7.0418 -0.4168
v 0.6344 6.9866 -0.4927
v 0.5815 7.0604 -0.5173
v 0.7228 6.9860 -0.3579
v 0.6802 6.9076 -0.4548
v 0.7603 6.9229 -0.2927
v 0.7118 6.8307 -0.4072
v 0.7867 6.8580 -0.2303
v 0.7369 6.7536 -0.3549
v 0.8048 6.7915 -0.1645
v 0.7545 6.6782 -0.2982
v 0.8158 6.7217 -0.0965
v 0.7658 6.6039 -0.2399
v 0.8212 6.6489 -0.0305
v 0.7708 6.5287 -0.1814
v 0.8230 6.5737 0.0318
v 0.7681 6.4532 -0.1221
v 0.8146 6.4893 0.0948
v 0.7580 6.3795 -0.0635
v 0.7943 6.4018 0.1460
v 0.7394 6.3063 -0.0090
v 0.7510 6.3007 0.1919
v 0.7115 6.2307 0.0396
v 0.6999 6.2122 0.2189
v 0.6727 6.1548 0.0842
v 0.6447 6.1356 0.2398
v 0.6236 6.0839 0.1296
v 0.5821 6.0623 0.2600
v 0.5672 6.0204 0.1726
v 0.5171 5.9917 0.2738
v 0.5072 5.9617 0.2141
v 0.4468 5.9190 0.2835
v 0.4436 5.9060 0.2529
v 0.3810 5.8417 0.2723
v 0.3812 5.8414 0.2713
v 0.5616 6.9269 -0.5277
v 0.5311 7.0182 -0.5410
v 0.5825 6.8349 -0.5046
v 0.5956 6.7505 -0.4709
v 0.6101 6.6683 -0.4293
v 0.6196 6.5902 -0.3835
v 0.6250 6.5161 -0.3371
v 0.6256 6.4439 -0.2888
v 0.6182 6.3756 -0.2349
v 0.6089 6.3169 -0.1824
v 0.5981 6.2572 -0.1264
v 0.5931 6.2044 -0.0825
v 0.5781 6.1398 -0.0300
v 0.5497 6.0738 0.0310
v 0.5122 6.0145 0.0916
v 0.4703 5.9573 0.1577
v 0.4271 5.9058 0.2238
v 0.3809 5.8414 0.2702
v 0.5599 7.0258 -0.5096
v 0.6205 6.9650 -0.4607
v 0.5821 6.9125 -0.5399
v 0.5327 6.9910 -0.5637
v 0.6709 6.9048 -0.4013
v 0.6242 6.8295 -0.5033
v 0.7039 6.8380 -0.3358
v 0.6517 6.7473 -0.4544
v 0.7320 6.7645 -0.2764
v 0.6727 6.6678 -0.4073
v 0.7542 6.6892 -0.2168
v 0.6862 6.5853 -0.3547
v 0.7682 6.6090 -0.1549
v 0.6914 6.5046 -0.3010
v 0.7693 6.5289 -0.0924
v 0.6906 6.4248 -0.2459
v 0.7584 6.4474 -0.0306
v 0.6826 6.3462 -0.1893
v 0.7341 6.3599 0.0263
v 0.6656 6.2691 -0.1331
v 0.6953 6.2674 0.0734
v 0.6383 6.1930 -0.0798
v 0.6481 6.1845 0.1065
v 0.6020 6.1190 -0.0281
v 0.5982 6.1124 0.1333
v 0.5585 6.0492 0.0270
v 0.5421 6.0384 0.1688
v 0.5089 5.9894 0.0843
v 0.4728 5.9549 0.2000
v 0.4575 5.9319 0.1339
v 0.4058 5.8737 0.2030
v 0.4032 5.8638 0.1689
v 0.3507 5.7938 0.2016
v 0.3505 5.7930 0.2008
v 0.5051 6.8566 -0.5779
v 0.4803 6.9523 -0.5890
v 0.5212 6.7606 -0.5569
v 0.5299 6.6733 -0.5230
v 0.5374 6.5908 -0.4835
v 0.5372 6.5119 -0.4377
v 0.5310 6.4388 -0.3909
v 0.5256 6.3651 -0.3451
v 0.5195 6.2942 -0.2980
v 0.5127 6.2296 -0.2488
v 0.5041 6.1694 -0.1969
v 0.4894 6.1018 -0.1356
v 0.4663 6.0321 -0.0630
v 0.4364 5.9800 0.0115
v 0.4126 5.9330 0.0781
v 0.3847 5.8649 0.1385
v 0.3498 5.7925 0.2000
v 0.5323 6.9863 -0.5488
v 0.5768 6.9031 -0.5203
v 0.5125 6.8798 -0.5966
v 0.4866 6.9708 -0.5994
v 0.6097 6.8226 -0.4765
v 0.5314 6.7836 -0.5794
v 0.6260 6.7534 -0.4251
v 0.5430 6.6935 -0.5456
v 0.6454 6.6871 -0.3827
v 0.5545 6.6075 -0.5068
v 0.6656 6.6163 -0.3340
v 0.5639 6.5239 -0.4589
v 0.6813 6.5339 -0.2769
v 0.5683 6.4433 -0.4080
v 0.6825 6.4458 -0.2140
v 0.5662 6.3633 -0.3565
v 0.6688 6.3665 -0.1546
v 0.5574 6.2843 -0.3027
v 0.6448 6.2937 -0.1021
v 0.5425 6.2085 -0.2457
v 0.6121 6.2212 -0.0528
v 0.5227 6.1371 -0.1840
v 0.5720 6.1493 -0.0061
v 0.4976 6.0709 -0.1194
v 0.5277 6.0789 0.0402
v 0.4692 6.0102 -0.0532
v 0.4873 6.0143 0.0862
v 0.4365 5.9547 0.0190
v 0.4366 5.9377 0.1382
v 0.4015 5.9029 0.0864
v 0.3706 5.8484 0.1662
v 0.3650 5.8360 0.1334
v 0.3274 5.7587 0.1690
v 0.3274 5.7583 0.1679
v 0.4170 6.8565 -0.6258
v 0.4211 6.9535 -0.6168
v 0.4069 6.7582 -0.6254
v 0.4014 6.6563 -0.6055
v 0.3996 6.5569 -0.5659
v 0.3956 6.4708 -0.5165
v 0.3879 6.3998 -0.4691
v 0.3807 6.3332 -0.4293
v 0.3743 6.2588 -0.3862
v 0.3691 6.1819 -0.3326
v 0.3669 6.1107 -0.2694
v 0.3645 6.0456 -0.1979
v 0.3608 5.9859 -0.1206
v 0.3486 5.9347 -0.0312
v 0.3409 5.8948 0.0489
v 0.3427 5.8327 0.1058
v 0.3268 5.7582 0.1669
v 0.3396 6.8977 -0.6702
v 0.3913 6.8233 -0.6463
v 0.3133 6.7909 -0.7044
v 0.2855 6.8769 -0.7093
v 0.4383 6.7517 -0.6102
v 0.3387 6.7016 -0.6864
v 0.4707 6.6814 -0.5625
v 0.3574 6.6143 -0.6501
v 0.4911 6.6092 -0.5068
v 0.3688 6.5366 -0.6059
v 0.5089 6.5321 -0.4548
v 0.3777 6.4584 -0.5635
v 0.5222 6.4563 -0.4063
v 0.3808 6.3800 -0.5172
v 0.5288 6.3818 -0.3548
v 0.3794 6.3037 -0.4652
v 0.5295 6.3105 -0.3044
v 0.3757 6.2317 -0.4105
v 0.5192 6.2434 -0.2490
v 0.3726 6.1628 -0.3508
v 0.4978 6.1785 -0.1913
v 0.3675 6.0983 -0.2854
v 0.4688 6.1146 -0.1334
v 0.3594 6.0400 -0.2171
v 0.4320 6.0661 -0.0729
v 0.3508 5.9889 -0.1386
v 0.3952 6.0080 -0.0053
v 0.3395 5.9433 -0.0634
v 0.3557 5.9211 0.0544
v 0.3234 5.8895 -0.0013
v 0.3141 5.8230 0.0713
v 0.3021 5.8167 0.0384
v 0.2788 5.7357 0.0677
v 0.2785 5.7354 0.0666
v 0.2149 6.7628 -0.7098
v 0.2186 6.8569 -0.7120
v 0.2080 6.6691 -0.6971
v 0.2036 6.5823 -0.6688
v 0.2004 6.5046 -0.6315
v 0.1969 6.4293 -0.5943
v 0.1894 6.3556 -0.5479
v 0.1810 6.2861 -0.4961
v 0.1752 6.2175 -0.4379
v 0.1797 6.1481 -0.3805
v 0.1918 6.0822 -0.3190
v 0.2076 6.0221 -0.2510
v 0.2285 5.9615 -0.1728
v 0.2466 5.9153 -0.0985
v 0.2626 5.8767 -0.0369
v 0.2745 5.8160 0.0160
v 0.2777 5.7353 0.0659
v 0.2313 6.8593 -0.7099
v 0.2871 6.7826 -0.6913
v 0.1974 6.7485 -0.7334
v 0.1694 6.8402 -0.7362
v 0.3364 6.7105 -0.6422
v 0.2234 6.6551 -0.7008
v 0.3691 6.6147 -0.5894
v 0.2352 6.5712 -0.6687
v 0.3849 6.5249 -0.5440
v 0.2368 6.4826 -0.6309
v 0.3965 6.4535 -0.5019
v 0.2370 6.3976 -0.5868
v 0.4066 6.3865 -0.4503
v 0.2420 6.3171 -0.5362
v 0.4130 6.3202 -0.3925
v 0.2486 6.2404 -0.4806
v 0.4130 6.2557 -0.3330
v 0.2554 6.1676 -0.4196
v 0.4034 6.1952 -0.2756
v 0.2618 6.0990 -0.3509
v 0.3935 6.1257 -0.2194
v 0.2644 6.0402 -0.2760
v 0.3787 6.0558 -0.1562
v 0.2670 5.9881 -0.1979
v 0.3567 5.9898 -0.0830
v 0.2714 5.9355 -0.1231
v 0.3262 5.9233 -0.0104
v 0.2750 5.8821 -0.0489
v 0.2933 5.8265 0.0360
v 0.2711 5.8151 0.0072
v 0.2627 5.7309 0.0445
v 0.2621 5.7306 0.0435
v 0.0967 6.7229 -0.7194
v 0.1029 6.8224 -0.7242
v 0.0869 6.6313 -0.6936
v 0.0740 6.5602 -0.6695
v 0.0600 6.4834 -0.6350
v 0.0478 6.3938 -0.5862
v 0.0440 6.3065 -0.5360
v 0.0464 6.2240 -0.4844
v 0.0565 6.1452 -0.4275
v 0.0773 6.0698 -0.3601
v 0.1010 6.0184 -0.2772
v 0.1304 5.9757 -0.1943
v 0.1635 5.9229 -0.1263
v 0.2017 5.8658 -0.0616
v 0.2360 5.8102 -0.0064
v 0.2612 5.7304 0.0429
v 0.1215 6.8276 -0.7224
v 0.1681 6.7465 -0.7074
v 0.0720 6.7253 -0.7436
v 0.0575 6.8142 -0.7472
v 0.2126 6.6663 -0.6838
v 0.0855 6.6336 -0.7289
v 0.2448 6.5887 -0.6483
v 0.0968 6.5443 -0.6955
v 0.2688 6.5153 -0.6062
v 0.1061 6.4658 -0.6547
v 0.2905 6.4430 -0.5605
v 0.1177 6.3858 -0.6118
v 0.3084 6.3746 -0.5072
v 0.1295 6.3102 -0.5633
v 0.3215 6.3088 -0.4504
v 0.1408 6.2374 -0.5090
v 0.3274 6.2437 -0.3915
v 0.1514 6.1689 -0.4510
v 0.3229 6.1774 -0.3315
v 0.1609 6.1042 -0.3896
v 0.3082 6.1115 -0.2669
v 0.1695 6.0417 -0.3222
v 0.2860 6.0490 -0.2022
v 0.1749 5.9859 -0.2522
v 0.2632 5.9873 -0.1389
v 0.1798 5.9320 -0.1813
v 0.2399 5.9227 -0.0790
v 0.1862 5.8794 -0.1113
v 0.2229 5.8494 -0.0288
v 0.2008 5.8250 -0.0477
v 0.2327 5.7624 0.0054
v 0.2322 5.7617 0.0047
v -0.0300 6.7133 -0.7230
v -0.0105 6.8051 -0.7340
v -0.0502 6.6244 -0.7016
v -0.0618 6.5421 -0.6648
v -0.0669 6.4635 -0.6184
v -0.0680 6.3840 -0.5755
v -0.0660 6.3071 -0.5300
v -0.0600 6.2331 -0.4801
v -0.0474 6.1626 -0.4268
v -0.0250 6.0961 -0.3712
v 0.0050 6.0333 -0.3154
v 0.0383 5.9738 -0.2524
v 0.0723 5.9164 -0.1854
v 0.1125 5.8610 -0.1163
v 0.1671 5.8074 -0.0505
v 0.2313 5.7610 0.0045
v 0.0601 6.7970 -0.7334
v 0.1050 6.7091 -0.7209
v 0.0002 6.6948 -0.7400
v -0.0085 6.7892 -0.7441
v 0.1493 6.6261 -0.6936
v 0.0121 6.5987 -0.7219
v 0.1822 6.5505 -0.6485
v 0.0269 6.5069 -0.6837
v 0.2082 6.4760 -0.5927
v 0.0409 6.4252 -0.6382
v 0.2296 6.3947 -0.5419
v 0.0511 6.3436 -0.5941
v 0.2453 6.3178 -0.4912
v 0.0590 6.2617 -0.5415
v 0.2551 6.2477 -0.4380
v 0.0671 6.1858 -0.4824
v 0.2557 6.1869 -0.3788
v 0.0791 6.1152 -0.4149
v 0.2475 6.1302 -0.3070
v 0.0942 6.0560 -0.3408
v 0.2334 6.0664 -0.2311
v 0.1076 6.0030 -0.2670
v 0.2160 5.9887 -0.1574
v 0.1177 5.9461 -0.1984
v 0.1892 5.9088 -0.1005
v 0.1210 5.8799 -0.1339
v 0.1609 5.8249 -0.0603
v 0.1286 5.8091 -0.0796
v 0.1564 5.7284 -0.0501
v 0.1556 5.7280 -0.0508
v -0.0998 6.6918 -0.7009
v -0.0728 6.7867 -0.7168
v -0.1231 6.5977 -0.6760
v -0.1322 6.5081 -0.6395
v -0.1353 6.4254 -0.5983
v -0.1378 6.3472 -0.5555
v -0.1378 6.2705 -0.5024
v -0.1313 6.1951 -0.4409
v -0.1109 6.1189 -0.3761
v -0.0769 6.0518 -0.3115
v -0.0363 5.9953 -0.2479
v 0.0033 5.9419 -0.1918
v 0.0398 5.8765 -0.1329
v 0.0884 5.8016 -0.0794
v 0.1545 5.7275 -0.0509
v 0.0550 6.7993 -0.7342
v 0.0935 6.7116 -0.7187
v -0.0121 6.7039 -0.7371
v -0.0138 6.7955 -0.7454
v 0.1309 6.6264 -0.6955
v -0.0088 6.6115 -0.7208
v 0.1569 6.5445 -0.6631
v -0.0037 6.5209 -0.6929
v 0.1774 6.4665 -0.6222
v 0.0028 6.4336 -0.6550
v 0.1954 6.3927 -0.5729
v 0.0103 6.3531 -0.6094
v 0.2098 6.3234 -0.5173
v 0.0184 6.2755 -0.5555
v 0.2181 6.2557 -0.4566
v 0.0263 6.2037 -0.4972
v 0.2153 6.1860 -0.3931
v 0.0329 6.1372 -0.4375
v 0.1996 6.1120 -0.3313
v 0.0372 6.0686 -0.3746
v 0.1734 6.0444 -0.2689
v 0.0371 6.0076 -0.3037
v 0.1434 5.9836 -0.2018
v 0.0356 5.9537 -0.2274
v 0.1123 5.9256 -0.1370
v 0.0362 5.9030 -0.1544
v 0.0854 5.8571 -0.0931
v 0.0486 5.8432 -0.1041
v 0.0848 5.7660 -0.0724
v 0.0840 5.7654 -0.0729
v -0.1120 6.7098 -0.6979
v -0.0784 6.7988 -0.7190
v -0.1425 6.6216 -0.6716
v -0.1594 6.5350 -0.6399
v -0.1689 6.4511 -0.6017
v -0.1743 6.3715 -0.5566
v -0.1752 6.2955 -0.5060
v -0.1705 6.2239 -0.4524
v -0.1563 6.1562 -0.3993
v -0.1330 6.0900 -0.3476
v -0.1052 6.0289 -0.2834
v -0.0766 5.9727 -0.2130
v -0.0434 5.9128 -0.1411
v 0.0105 5.8337 -0.0930
v 0.0830 5.7649 -0.0728
v -0.7128 7.0335 -0.3603
v -0.7524 7.0997 -0.3367
v -0.7504 6.9616 -0.3132
v -0.8079 7.0452 -0.2782
v -0.7722 6.8988 -0.2599
v -0.8447 6.9863 -0.2119
v -0.7891 6.8378 -0.2096
v -0.8736 6.9244 -0.1499
v -0.8006 6.7724 -0.1563
v -0.8938 6.8562 -0.0865
v -0.8074 6.7032 -0.0927
v -0.9047 6.7883 -0.0206
v -0.8120 6.6392 -0.0168
v -0.9076 6.7255 0.0514
v -0.8166 6.5912 0.0634
v -0.9008 6.6724 0.1273
v -0.8172 6.5528 0.1494
v -0.8858 6.6228 0.2053
v -0.8141 6.5200 0.2353
v -0.8657 6.5752 0.2820
v -0.8052 6.4883 0.3200
v -0.8406 6.5262 0.3566
v -0.7886 6.4603 0.4085
v -0.8065 6.4786 0.4279
v -0.7708 6.4323 0.4978
v -0.7436 7.1540 -0.2777
v -0.7938 7.1227 -0.2054
v -0.8311 7.0757 -0.1281
v -0.8635 7.0170 -0.0523
v -0.8851 6.9544 0.0176
v -0.8963 6.8958 0.0806
v -0.8987 6.8406 0.1403
v -0.8886 6.7802 0.2047
v -0.8726 6.7164 0.2670
v -0.8527 6.6488 0.3298
v -0.8302 6.5786 0.3910
v -0.8017 6.5053 0.4452
v -0.1215 7.8264 0.0609
v -0.1696 7.8367 0.1465
v -0.0704 7.8676 0.1600
v -0.0550 7.8463 0.0688
v -0.2182 7.8393 0.2309
v -0.0883 7.8821 0.2544
v -0.2559 7.8291 0.3230
v -0.1060 7.8816 0.3522
v -0.2806 7.8092 0.4274
v -0.1163 7.8716 0.4467
v -0.2939 7.7898 0.5326
v -0.1176 7.8576 0.5426
v -0.2976 7.7656 0.6314
v -0.1126 7.8366 0.6379
v -0.2946 7.7373 0.7222
v -0.1046 7.8080 0.7311
v -0.2853 7.7055 0.8048
v -0.0966 7.7707 0.8215
v -0.2669 7.6644 0.8858
v -0.0908 7.7236 0.9074
v -0.2398 7.6166 0.9657
v -0.0850 7.6689 0.9874
v -0.2063 7.5646 1.0424
v -0.0779 7.6090 1.0615
v -0.1690 7.5068 1.1169
v -0.0678 7.5436 1.1320
v -0.1232 7.4430 1.1834
v -0.0529 7.4701 1.1946
v -0.0691 7.3776 1.2398
v -0.0343 7.3916 1.2461
v -0.0164 7.3138 1.2960
v -0.0154 7.3142 1.2962
v 0.0290 7.8411 0.1800
v 0.0111 7.8280 0.0820
v 0.0439 7.8484 0.2796
v 0.0503 7.8457 0.3718
v 0.0572 7.8378 0.4518
v 0.0682 7.8237 0.5310
v 0.0813 7.8028 0.6138
v 0.0931 7.7740 0.7009
v 0.0983 7.7358 0.7916
v 0.0914 7.6932 0.8778
v 0.0757 7.6454 0.9589
v 0.0559 7.5920 1.0365
v 0.0379 7.5345 1.1086
v 0.0207 7.4691 1.1746
v 0.0023 7.3929 1.2358
v -0.0143 7.3142 1.2959
v -0.2441 7.7972 0.0407
v -0.2994 7.8051 0.1212
v -0.2079 7.8531 0.1388
v -0.1826 7.8288 0.0509
v -0.3531 7.8021 0.2015
v -0.2341 7.8665 0.2323
v -0.3941 7.7860 0.2920
v -0.2563 7.8613 0.3297
v -0.4213 7.7639 0.3948
v -0.2688 7.8495 0.4211
v -0.4372 7.7430 0.4972
v -0.2737 7.8362 0.5164
v -0.4427 7.7176 0.5953
v -0.2717 7.8166 0.6113
v -0.4394 7.6882 0.6880
v -0.2648 7.7903 0.7044
v -0.4267 7.6557 0.7754
v -0.2545 7.7562 0.7948
v -0.4010 7.6186 0.8619
v -0.2409 7.7134 0.8809
v -0.3640 7.5792 0.9440
v -0.2235 7.6635 0.9617
v -0.3193 7.5379 1.0208
v -0.2030 7.6089 1.0363
v -0.2707 7.4922 1.0943
v -0.1788 7.5488 1.1074
v -0.2139 7.4423 1.1615
v -0.1488 7.4810 1.1700
v -0.1491 7.3902 1.2186
v -0.1163 7.4091 1.2224
v -0.0855 7.3376 1.2740
v -0.0845 7.3382 1.2741
v -0.1072 7.8449 0.1666
v -0.1155 7.8232 0.0697
v -0.0999 7.8558 0.2660
v -0.0972 7.8507 0.3560
v -0.0927 7.8411 0.4350
v -0.0846 7.8301 0.5155
v -0.0739 7.8134 0.5984
v -0.0630 7.7903 0.6834
v -0.0558 7.7590 0.7695
v -0.0564 7.7204 0.8510
v -0.0619 7.6739 0.9307
v -0.0690 7.6199 1.0092
v -0.0736 7.5608 1.0827
v -0.0768 7.4918 1.1478
v -0.0808 7.4149 1.2100
v -0.0834 7.3383 1.2737
v -0.3346 7.7770 0.0327
v -0.3863 7.7831 0.1159
v -0.2953 7.8333 0.1293
v -0.2735 7.8101 0.0404
v -0.4362 7.7795 0.1993
v -0.3172 7.8467 0.2234
v -0.4725 7.7640 0.2899
v -0.3349 7.8426 0.3213
v -0.4965 7.7434 0.3890
v -0.3452 7.8317 0.4134
v -0.5110 7.7194 0.4864
v -0.3511 7.8180 0.5086
v -0.5169 7.6900 0.5801
v -0.3522 7.7978 0.6033
v -0.5146 7.6563 0.6693
v -0.3492 7.7706 0.6964
v -0.5035 7.6208 0.7543
v -0.3424 7.7352 0.7869
v -0.4828 7.5889 0.8410
v -0.3298 7.6916 0.8730
v -0.4508 7.5535 0.9261
v -0.3138 7.6409 0.9535
v -0.4101 7.5138 1.0082
v -0.2945 7.5848 1.0288
v -0.3643 7.4694 1.0839
v -0.2723 7.5253 1.0989
v -0.3073 7.4163 1.1502
v -0.2446 7.4577 1.1623
v -0.2430 7.3657 1.2094
v -0.2125 7.3873 1.2167
v -0.1810 7.3176 1.2703
v -0.1802 7.3183 1.2706
v -0.1933 7.8276 0.1524
v -0.2056 7.8062 0.0561
v -0.1813 7.8393 0.2506
v -0.1748 7.8354 0.3421
v -0.1688 7.8263 0.4256
v -0.1619 7.8182 0.5111
v -0.1541 7.8053 0.5983
v -0.1471 7.7856 0.6868
v -0.1435 7.7557 0.7752
v -0.1444 7.7095 0.8558
v -0.1510 7.6559 0.9318
v -0.1602 7.5977 1.0045
v -0.1665 7.5363 1.0764
v -0.1719 7.4716 1.1442
v -0.1766 7.3963 1.2081
v -0.1791 7.3186 1.2704
v -0.4309 7.7234 0.0160
v -0.4848 7.7213 0.0956
v -0.4070 7.7902 0.1091
v -0.3790 7.7697 0.0237
v -0.5353 7.7118 0.1762
v -0.4326 7.8020 0.2005
v -0.5712 7.6952 0.2642
v -0.4508 7.7981 0.2963
v -0.5945 7.6744 0.3590
v -0.4605 7.7865 0.3862
v -0.6100 7.6544 0.4584
v -0.4652 7.7744 0.4792
v -0.6157 7.6333 0.5501
v -0.4630 7.7581 0.5704
v -0.6139 7.6092 0.6381
v -0.4564 7.7349 0.6621
v -0.6059 7.5845 0.7168
v -0.4483 7.7031 0.7513
v -0.5892 7.5548 0.7867
v -0.4423 7.6594 0.8365
v -0.5649 7.5160 0.8613
v -0.4375 7.6060 0.9145
v -0.5347 7.4709 0.9409
v -0.4306 7.5474 0.9870
v -0.4995 7.4235 1.0192
v -0.4191 7.4871 1.0554
v -0.4508 7.3764 1.1003
v -0.3958 7.4248 1.1212
v -0.3881 7.3355 1.1697
v -0.3605 7.3602 1.1783
v -0.3253 7.2958 1.2323
v -0.3244 7.2965 1.2325
v -0.3067 7.8070 0.1344
v -0.3123 7.7815 0.0409
v -0.2986 7.8225 0.2298
v -0.2925 7.8207 0.3193
v -0.2860 7.8104 0.4023
v -0.2779 7.8009 0.4815
v -0.2666 7.7854 0.5672
v -0.2555 7.7624 0.6537
v -0.2495 7.7273 0.7455
v -0.2565 7.6805 0.8395
v -0.2741 7.6270 0.9206
v -0.2953 7.5698 0.9903
v -0.3127 7.5094 1.0567
v -0.3232 7.4468 1.1144
v -0.3253 7.3729 1.1714
v -0.3234 7.2969 1.2323
v -0.4993 7.6857 -0.0168
v -0.5721 7.6659 0.0398
v -0.5108 7.7373 0.0859
v -0.4567 7.7325 0.0127
v -0.6396 7.6358 0.0954
v -0.5650 7.7310 0.1635
v -0.6948 7.5951 0.1653
v -0.6116 7.7082 0.2453
v -0.7378 7.5483 0.2556
v -0.6443 7.6813 0.3252
v -0.7686 7.5095 0.3454
v -0.6692 7.6561 0.4119
v -0.7871 7.4724 0.4314
v -0.6845 7.6284 0.4981
v -0.7935 7.4334 0.5241
v -0.6909 7.5970 0.5864
v -0.7854 7.3970 0.6183
v -0.6879 7.5630 0.6736
v -0.7634 7.3694 0.7147
v -0.6729 7.5268 0.7597
v -0.7273 7.3490 0.8075
v -0.6469 7.4889 0.8412
v -0.6800 7.3327 0.8950
v -0.6135 7.4504 0.9181
v -0.6267 7.3190 0.9751
v -0.5745 7.4129 0.9910
v -0.5598 7.3086 1.0543
v -0.5257 7.3764 1.0604
v -0.4806 7.3078 1.1196
v -0.4650 7.3425 1.1203
v -0.4038 7.3089 1.1772
v -0.4033 7.3099 1.1773
v -0.4255 7.7572 0.1436
v -0.3995 7.7447 0.0511
v -0.4517 7.7603 0.2380
v -0.4749 7.7500 0.3205
v -0.4896 7.7384 0.3890
v -0.5012 7.7249 0.4651
v -0.5084 7.7052 0.5470
v -0.5110 7.6837 0.6225
v -0.5127 7.6575 0.6959
v -0.5112 7.6207 0.7647
v -0.5064 7.5747 0.8331
v -0.4991 7.5243 0.9024
v -0.4850 7.4725 0.9748
v -0.4674 7.4213 1.0407
v -0.4386 7.3662 1.1066
v -0.4025 7.3106 1.1769
v -0.6104 7.5935 -0.0437
v -0.6739 7.5704 0.0223
v -0.6225 7.6569 0.0515
v -0.5741 7.6501 -0.0246
v -0.7290 7.5375 0.0897
v -0.6682 7.6542 0.1337
v -0.7656 7.4982 0.1645
v -0.7041 7.6362 0.2217
v -0.7896 7.4562 0.2490
v -0.7283 7.6122 0.3054
v -0.8133 7.4227 0.3325
v -0.7465 7.5885 0.3947
v -0.8300 7.3900 0.4154
v -0.7555 7.5614 0.4816
v -0.8381 7.3568 0.4999
v -0.7572 7.5295 0.5691
v -0.8368 7.3258 0.5848
v -0.7524 7.4937 0.6542
v -0.8195 7.2960 0.6657
v -0.7422 7.4509 0.7366
v -0.7906 7.2665 0.7490
v -0.7256 7.4033 0.8140
v -0.7535 7.2383 0.8351
v -0.7029 7.3544 0.8878
v -0.7111 7.2134 0.9186
v -0.6744 7.3073 0.9592
v -0.6583 7.1956 1.0060
v -0.6343 7.2639 1.0296
v -0.5957 7.1892 1.0835
v -0.5840 7.2239 1.0937
v -0.5339 7.1838 1.1560
v -0.5336 7.1849 1.1563
v -0.5377 7.6988 0.0968
v -0.5171 7.6762 0.0063
v -0.5568 7.7149 0.1899
v -0.5755 7.7153 0.2792
v -0.5904 7.7078 0.3610
v -0.5965 7.6920 0.4455
v -0.5950 7.6673 0.5302
v -0.5899 7.6362 0.6114
v -0.5847 7.5973 0.6898
v -0.5869 7.5503 0.7684
v -0.5914 7.4956 0.8398
v -0.5946 7.4367 0.9049
v -0.5913 7.3766 0.9706
v -0.5794 7.3167 1.0292
v -0.5577 7.2513 1.0908
v -0.5328 7.1857 1.1563
v -0.6696 7.5033 -0.0918
v -0.7351 7.4570 -0.0421
v -0.7161 7.5537 0.0007
v -0.6573 7.5669 -0.0657
v -0.7935 7.4067 0.0101
v -0.7696 7.5319 0.0745
v -0.8393 7.3566 0.0792
v -0.8078 7.4991 0.1562
v -0.8746 7.3078 0.1626
v -0.8321 7.4676 0.2353
v -0.8968 7.2623 0.2486
v -0.8525 7.4357 0.3205
v -0.9039 7.2207 0.3313
v -0.8624 7.4033 0.4042
v -0.9008 7.1828 0.4189
v -0.8644 7.3696 0.4892
v -0.8870 7.1547 0.5080
v -0.8586 7.3353 0.5728
v -0.8677 7.1386 0.6040
v -0.8436 7.3021 0.6570
v -0.8401 7.1330 0.6972
v -0.8192 7.2706 0.7392
v -0.8063 7.1313 0.7844
v -0.7890 7.2398 0.8176
v -0.7656 7.1302 0.8685
v -0.7532 7.2064 0.8938
v -0.7149 7.1335 0.9511
v -0.7093 7.1716 0.9645
v -0.6645 7.1367 1.0325
v -0.6644 7.1377 1.0329
v -0.6539 7.6149 0.0634
v -0.6176 7.6075 -0.0249
v -0.6827 7.6123 0.1543
v -0.6983 7.5944 0.2349
v -0.7053 7.5741 0.3076
v -0.7159 7.5569 0.3826
v -0.7231 7.5354 0.4634
v -0.7276 7.5104 0.5401
v -0.7328 7.4768 0.6154
v -0.7331 7.4334 0.6838
v -0.7274 7.3824 0.7538
v -0.7164 7.3280 0.8272
v -0.7026 7.2697 0.8994
v -0.6850 7.2044 0.9665
v -0.6637 7.1387 1.0330
v -0.6977 7.4291 -0.1569
v -0.7631 7.3739 -0.1094
v -0.7528 7.4691 -0.0606
v -0.6889 7.4912 -0.1260
v -0.8158 7.3116 -0.0587
v -0.8098 7.4354 0.0122
v -0.8514 7.2475 0.0100
v -0.8492 7.3909 0.0918
v -0.8798 7.1875 0.0946
v -0.8781 7.3517 0.1700
v -0.9011 7.1367 0.1789
v -0.9014 7.3135 0.2561
v -0.9118 7.0903 0.2661
v -0.9150 7.2756 0.3436
v -0.9132 7.0503 0.3559
v -0.9198 7.2384 0.4317
v -0.9081 7.0233 0.4436
v -0.9151 7.2014 0.5203
v -0.8965 7.0047 0.5365
v -0.9010 7.1640 0.6054
v -0.8745 6.9925 0.6383
v -0.8782 7.1281 0.6906
v -0.8403 6.9894 0.7468
v -0.8474 7.1002 0.7759
v -0.7925 7.0103 0.8559
v -0.8036 7.0906 0.8603
v -0.7413 7.0573 0.9378
v -0.7484 7.0975 0.9361
v -0.6928 7.1049 1.0098
v -0.6930 7.1060 1.0098
v -0.6979 7.5307 0.0083
v -0.6527 7.5303 -0.0808
v -0.7368 7.5211 0.0999
v -0.7631 7.4993 0.1817
v -0.7839 7.4799 0.2557
v -0.8006 7.4572 0.3359
v -0.8113 7.4314 0.4167
v -0.8178 7.4011 0.4969
v -0.8184 7.3587 0.5798
v -0.8132 7.3051 0.6555
v -0.8056 7.2499 0.7225
v -0.7950 7.2018 0.7849
v -0.7747 7.1651 0.8453
v -0.7363 7.1343 0.9232
v -0.6926 7.1070 1.0095
v -0.6989 7.3388 -0.2364
v -0.7498 7.2694 -0.2083
v -0.7771 7.3298 -0.1680
v -0.7155 7.3791 -0.2110
v -0.7916 7.1964 -0.1776
v -0.8323 7.2712 -0.1197
v -0.8268 7.1182 -0.1240
v -0.8721 7.2087 -0.0613
v -0.8576 7.0487 -0.0532
v -0.9041 7.1562 0.0040
v -0.8809 6.9900 0.0227
v -0.9311 7.1075 0.0779
v -0.8957 6.9410 0.1012
v -0.9500 7.0642 0.1549
v -0.9045 6.8988 0.1916
v -0.9614 7.0254 0.2380
v -0.9076 6.8708 0.2924
v -0.9629 6.9948 0.3263
v -0.9035 6.8623 0.3935
v -0.9530 6.9750 0.4165
v -0.8925 6.8682 0.4865
v -0.9348 6.9626 0.5039
v -0.8766 6.8804 0.5785
v -0.9111 6.9545 0.5911
v -0.8579 6.8986 0.6702
v -0.8809 6.9521 0.6771
v -0.8323 6.9279 0.7562
v -0.8428 6.9554 0.7585
v -0.8040 6.9576 0.8384
v -0.7560 7.3663 -0.1030
v -0.7017 7.4028 -0.1688
v -0.8025 7.3225 -0.0355
v -0.8308 7.2814 0.0236
v -0.8550 7.2467 0.0839
v -0.8770 7.2128 0.1510
v -0.8948 7.1787 0.2247
v -0.9067 7.1491 0.2939
v -0.9111 7.1204 0.3598
v -0.9070 7.0907 0.4305
v -0.8976 7.0604 0.5111
v -0.8834 7.0325 0.5922
v -0.8608 7.0069 0.6717
v -0.8319 6.9823 0.7534
v -0.8039 6.9591 0.8383
v -0.6847 7.1560 -0.3547
v -0.7342 7.0761 -0.3208
v -0.7757 7.1695 -0.2790
v -0.7102 7.2160 -0.3296
v -0.7744 6.9965 -0.2811
v -0.8332 7.1161 -0.2189
v -0.8069 6.9222 -0.2186
v -0.8737 7.0593 -0.1458
v -0.8366 6.8528 -0.1345
v -0.9039 7.0126 -0.0705
v -0.8644 6.7971 -0.0441
v -0.9312 6.9722 0.0149
v -0.8840 6.7546 0.0493
v -0.9491 6.9386 0.1046
v -0.8970 6.7264 0.1443
v -0.9581 6.9094 0.1959
v -0.9004 6.7145 0.2419
v -0.9582 6.8813 0.2887
v -0.8912 6.7153 0.3471
v -0.9476 6.8550 0.3818
v -0.8774 6.7284 0.4566
v -0.9289 6.8371 0.4744
v -0.8663 6.7556 0.5583
v -0.9045 6.8333 0.5664
v -0.8529 6.8019 0.6544
v -0.8720 6.8415 0.6557
v -0.8387 6.8493 0.7431
v -0.8392 6.8503 0.7432
v -0.7685 7.2495 -0.2030
v -0.7059 7.2667 -0.2817
v -0.8207 7.2241 -0.1199
v -0.8520 7.1922 -0.0437
v -0.8742 7.1682 0.0246
v -0.8920 7.1464 0.0971
v -0.9031 7.1230 0.1751
v -0.9093 7.0934 0.2561
v -0.9151 7.0522 0.3368
v -0.9194 7.0041 0.4116
v -0.9148 6.9575 0.4843
v -0.8963 6.9199 0.5660
v -0.8680 6.8852 0.6511
v -0.8391 6.8515 0.7431
v -0.6643 7.1062 -0.3980
v -0.7125 7.0346 -0.3603
v -0.7518 7.0981 -0.3363
v -0.6888 7.1484 -0.3828
v -0.7490 6.9616 -0.3148
v -0.8063 7.0408 -0.2787
v -0.7753 6.8931 -0.2533
v -0.8436 6.9830 -0.2113
v -0.7994 6.8310 -0.1861
v -0.8758 6.9295 -0.1431
v -0.8174 6.7729 -0.1143
v -0.9024 6.8753 -0.0685
v -0.8291 6.7190 -0.0354
v -0.9207 6.8237 0.0107
v -0.8366 6.6737 0.0467
v -0.9306 6.7773 0.0950
v -0.8445 6.6372 0.1310
v -0.9302 6.7386 0.1802
v -0.8476 6.6100 0.2247
v -0.9206 6.7040 0.2682
v -0.8462 6.5941 0.3263
v -0.9051 6.6770 0.3567
v -0.8393 6.5928 0.4331
v -0.8860 6.6608 0.4473
v -0.8280 6.6105 0.5324
v -0.8619 6.6588 0.5376
v -0.8166 6.6407 0.6227
v -0.8339 6.6649 0.6250
v -0.8060 6.6694 0.7122
v -0.7441 7.1500 -0.2781
v -0.6838 7.1814 -0.3443
v -0.7940 7.1144 -0.2060
v -0.8277 7.0744 -0.1344
v -0.8598 7.0328 -0.0627
v -0.8870 6.9906 0.0107
v -0.9070 6.9499 0.0841
v -0.9178 6.9089 0.1615
v -0.9124 6.8653 0.2408
v -0.9003 6.8204 0.3140
v -0.8856 6.7776 0.3842
v -0.8713 6.7429 0.4544
v -0.8529 6.7174 0.5344
v -0.8297 6.6943 0.6228
v -0.8064 6.6709 0.7123
v -0.6138 7.0720 -0.4742
v -0.6420 6.9781 -0.4680
v -0.7079 7.0369 -0.4116
v -0.6556 7.1125 -0.4356
v -0.6515 6.8825 -0.4492
v -0.7467 6.9512 -0.3752
v -0.6623 6.7867 -0.4104
v -0.7737 6.8723 -0.3305
v -0.6766 6.6998 -0.3633
v -0.7969 6.7948 -0.2751
v -0.6821 6.6257 -0.3183
v -0.8115 6.7191 -0.2166
v -0.6804 6.5526 -0.2708
v -0.8171 6.6418 -0.1584
v -0.6726 6.4852 -0.2204
v -0.8145 6.5657 -0.0997
v -0.6635 6.4318 -0.1761
v -0.8035 6.4896 -0.0451
v -0.6593 6.3878 -0.1379
v -0.7828 6.4109 0.0006
v -0.6508 6.3206 -0.0936
v -0.7520 6.3286 0.0363
v -0.6333 6.2401 -0.0413
v -0.7143 6.2482 0.0691
v -0.6046 6.1631 0.0208
v -0.6705 6.1711 0.1068
v -0.5722 6.0966 0.0882
v -0.6204 6.1003 0.1471
v -0.5397 6.0367 0.1702
v -0.5653 6.0407 0.1981
v -0.5076 5.9932 0.2554
v -0.5083 5.9934 0.2563
v -0.7286 7.0852 -0.3209
v -0.6679 7.1433 -0.3741
v -0.7770 7.0235 -0.2606
v -0.8095 6.9659 -0.2039
v -0.8319 6.9065 -0.1426
v -0.8482 6.8362 -0.0726
v -0.8568 6.7627 -0.0063
v -0.8582 6.6847 0.0588
v -0.8479 6.5888 0.1232
v -0.8173 6.4735 0.1735
v -0.7746 6.3739 0.1932
v -0.7299 6.2893 0.1990
v -0.6869 6.2098 0.2071
v -0.6361 6.1288 0.2160
v -0.5762 6.0593 0.2294
v -0.5086 5.9940 0.2571
v -0.5382 7.0189 -0.5406
v -0.5685 6.9269 -0.5286
v -0.6414 6.9855 -0.4919
v -0.5898 7.0599 -0.5174
v -0.5927 6.8335 -0.5085
v -0.6866 6.9067 -0.4522
v -0.6096 6.7479 -0.4780
v -0.7173 6.8300 -0.4028
v -0.6194 6.6655 -0.4344
v -0.7392 6.7515 -0.3499
v -0.6222 6.5876 -0.3858
v -0.7529 6.6748 -0.2934
v -0.6209 6.5138 -0.3363
v -0.7606 6.5997 -0.2360
v -0.6169 6.4410 -0.2852
v -0.7634 6.5243 -0.1785
v -0.6094 6.3719 -0.2306
v -0.7606 6.4492 -0.1194
v -0.6007 6.3128 -0.1781
v -0.7510 6.3755 -0.0608
v -0.5915 6.2529 -0.1229
v -0.7335 6.3018 -0.0064
v -0.5890 6.1974 -0.0789
v -0.7080 6.2260 0.0421
v -0.5764 6.1320 -0.0263
v -0.6706 6.1486 0.0878
v -0.5461 6.0699 0.0335
v -0.6185 6.0774 0.1333
v -0.5045 6.0133 0.0929
v -0.5581 6.0160 0.1750
v -0.4577 5.9588 0.1577
v -0.4937 5.9599 0.2148
v -0.4094 5.9093 0.2228
v -0.4262 5.9079 0.2516
v -0.3671 5.8414 0.2702
v -0.3673 5.8414 0.2713
v -0.6764 7.0397 -0.4149
v -0.6167 7.0972 -0.4647
v -0.7228 6.9839 -0.3519
v -0.7529 6.9209 -0.2825
v -0.7783 6.8551 -0.2209
v -0.7967 6.7875 -0.1570
v -0.8090 6.7167 -0.0914
v -0.8159 6.6440 -0.0279
v -0.8173 6.5694 0.0341
v -0.8094 6.4847 0.0971
v -0.7893 6.3964 0.1488
v -0.7474 6.2961 0.1943
v -0.6970 6.2072 0.2222
v -0.6394 6.1284 0.2439
v -0.5734 6.0565 0.2630
v -0.5047 5.9884 0.2751
v -0.4303 5.9198 0.2826
v -0.3671 5.8417 0.2723
v -0.4862 6.9530 -0.5893
v -0.5090 6.8570 -0.5780
v -0.5868 6.9114 -0.5395
v -0.5391 6.9908 -0.5636
v -0.5225 6.7608 -0.5565
v -0.6268 6.8276 -0.5026
v -0.5283 6.6738 -0.5220
v -0.6518 6.7448 -0.4533
v -0.5331 6.5918 -0.4826
v -0.6703 6.6647 -0.4060
v -0.5302 6.5132 -0.4371
v -0.6807 6.5821 -0.3531
v -0.5227 6.4385 -0.3897
v -0.6839 6.5021 -0.2996
v -0.5183 6.3617 -0.3424
v -0.6837 6.4235 -0.2451
v -0.5146 6.2895 -0.2949
v -0.6780 6.3453 -0.1885
v -0.5100 6.2258 -0.2469
v -0.6628 6.2676 -0.1318
v -0.5026 6.1657 -0.1954
v -0.6363 6.1912 -0.0783
v -0.4885 6.0992 -0.1348
v -0.6000 6.1168 -0.0262
v -0.4641 6.0331 -0.0639
v -0.5541 6.0472 0.0287
v -0.4286 5.9836 0.0093
v -0.4993 5.9893 0.0842
v -0.3996 5.9347 0.0770
v -0.4455 5.9343 0.1320
v -0.3745 5.8663 0.1378
v -0.3933 5.8661 0.1680
v -0.3444 5.7925 0.1999
v -0.3450 5.7930 0.2008
v -0.6257 6.9632 -0.4601
v -0.5665 7.0250 -0.5092
v -0.6747 6.9020 -0.4005
v -0.7060 6.8345 -0.3348
v -0.7320 6.7599 -0.2749
v -0.7508 6.6841 -0.2147
v -0.7621 6.6054 -0.1534
v -0.7628 6.5286 -0.0924
v -0.7536 6.4482 -0.0309
v -0.7305 6.3595 0.0273
v -0.6923 6.2666 0.0748
v -0.6448 6.1828 0.1085
v -0.5926 6.1088 0.1364
v -0.5326 6.0365 0.1697
v -0.4621 5.9584 0.1974
v -0.3958 5.8763 0.2019
v -0.3451 5.7937 0.2017
v -0.4269 6.9550 -0.6169
v -0.4205 6.8582 -0.6263
v -0.5164 6.8791 -0.5969
v -0.4927 6.9707 -0.5993
v -0.4077 6.7603 -0.6258
v -0.5326 6.7823 -0.5794
v -0.3994 6.6585 -0.6055
v -0.5417 6.6922 -0.5454
v -0.3954 6.5593 -0.5663
v -0.5511 6.6062 -0.5063
v -0.3898 6.4726 -0.5175
v -0.5585 6.5228 -0.4583
v -0.3817 6.3997 -0.4697
v -0.5617 6.4427 -0.4074
v -0.3750 6.3293 -0.4279
v -0.5603 6.3635 -0.3564
v -0.3710 6.2534 -0.3837
v -0.5543 6.2847 -0.3028
v -0.3685 6.1790 -0.3313
v -0.5419 6.2081 -0.2452
v -0.3672 6.1105 -0.2700
v -0.5222 6.1361 -0.1830
v -0.3639 6.0467 -0.1999
v -0.4955 6.0700 -0.1183
v -0.3577 5.9874 -0.1234
v -0.4643 6.0099 -0.0526
v -0.3403 5.9388 -0.0369
v -0.4258 5.9553 0.0184
v -0.3267 5.8984 0.0446
v -0.3860 5.9056 0.0841
v -0.3315 5.8339 0.1046
v -0.3533 5.8396 0.1321
v -0.3275 5.7581 0.1669
v -0.3280 5.7584 0.1679
v -0.5811 6.9006 -0.5203
v -0.5387 6.9848 -0.5487
v -0.6116 6.8194 -0.4763
v -0.6259 6.7503 -0.4247
v -0.6432 6.6837 -0.3816
v -0.6606 6.6133 -0.3323
v -0.6741 6.5329 -0.2756
v -0.6758 6.4487 -0.2148
v -0.6651 6.3706 -0.1562
v -0.6436 6.2949 -0.1021
v -0.6106 6.2199 -0.0509
v -0.5684 6.1474 -0.0033
v -0.5210 6.0779 0.0425
v -0.4749 6.0130 0.0884
v -0.4200 5.9402 0.1368
v -0.3578 5.8529 0.1648
v -0.3280 5.7588 0.1689
v -0.2235 6.8585 -0.7120
v -0.2172 6.7647 -0.7099
v -0.3164 6.7901 -0.7043
v -0.2909 6.8767 -0.7093
v -0.2075 6.6716 -0.6973
v -0.3391 6.7002 -0.6861
v -0.2007 6.5846 -0.6690
v -0.3551 6.6127 -0.6494
v -0.1961 6.5054 -0.6312
v -0.3648 6.5352 -0.6052
v -0.1923 6.4277 -0.5929
v -0.3731 6.4575 -0.5631
v -0.1860 6.3527 -0.5463
v -0.3772 6.3795 -0.5169
v -0.1794 6.2822 -0.4943
v -0.3777 6.3035 -0.4649
v -0.1752 6.2147 -0.4375
v -0.3754 6.2314 -0.4100
v -0.1797 6.1469 -0.3798
v -0.3726 6.1624 -0.3504
v -0.1910 6.0842 -0.3188
v -0.3669 6.0977 -0.2850
v -0.2048 6.0262 -0.2515
v -0.3570 6.0393 -0.2169
v -0.2206 5.9686 -0.1781
v -0.3427 5.9881 -0.1382
v -0.2327 5.9206 -0.1030
v -0.3253 5.9435 -0.0639
v -0.2470 5.8771 -0.0372
v -0.3081 5.8918 -0.0027
v -0.2665 5.8145 0.0165
v -0.2948 5.8189 0.0376
v -0.2824 5.7352 0.0659
v -0.2833 5.7354 0.0666
v -0.3952 6.8204 -0.6461
v -0.3455 6.8961 -0.6702
v -0.4398 6.7474 -0.6095
v -0.4695 6.6770 -0.5612
v -0.4877 6.6064 -0.5059
v -0.5045 6.5318 -0.4550
v -0.5184 6.4576 -0.4069
v -0.5264 6.3844 -0.3557
v -0.5283 6.3122 -0.3039
v -0.5190 6.2437 -0.2489
v -0.4983 6.1759 -0.1908
v -0.4683 6.1102 -0.1326
v -0.4257 6.0598 -0.0686
v -0.3820 6.0049 -0.0033
v -0.3404 5.9242 0.0523
v -0.3073 5.8269 0.0699
v -0.2836 5.7358 0.0677
v -0.1070 6.8242 -0.7243
v -0.0979 6.7251 -0.7199
v -0.1994 6.7477 -0.7333
v -0.1740 6.8401 -0.7362
v -0.0857 6.6330 -0.6944
v -0.2228 6.6539 -0.7001
v -0.0718 6.5607 -0.6703
v -0.2331 6.5699 -0.6680
v -0.0570 6.4826 -0.6354
v -0.2338 6.4815 -0.6303
v -0.0450 6.3916 -0.5860
v -0.2341 6.3968 -0.5862
v -0.0430 6.3013 -0.5344
v -0.2407 6.3167 -0.5358
v -0.0481 6.2182 -0.4828
v -0.2498 6.2404 -0.4802
v -0.0603 6.1414 -0.4275
v -0.2588 6.1675 -0.4192
v -0.0806 6.0710 -0.3632
v -0.2651 6.0985 -0.3500
v -0.1009 6.0215 -0.2807
v -0.2646 6.0394 -0.2750
v -0.1258 5.9793 -0.1979
v -0.2628 5.9871 -0.1968
v -0.1553 5.9251 -0.1299
v -0.2633 5.9346 -0.1219
v -0.1902 5.8650 -0.0639
v -0.2628 5.8814 -0.0477
v -0.2285 5.8059 -0.0056
v -0.2630 5.8153 0.0074
v -0.2667 5.7303 0.0430
v -0.2677 5.7306 0.0435
v -0.2897 6.7791 -0.6905
v -0.2364 6.8575 -0.7098
v -0.3362 6.7069 -0.6402
v -0.3667 6.6120 -0.5876
v -0.3814 6.5235 -0.5425
v -0.3931 6.4538 -0.5009
v -0.4041 6.3901 -0.4509
v -0.4125 6.3248 -0.3931
v -0.4145 6.2586 -0.3322
v -0.4061 6.1932 -0.2718
v -0.3942 6.1217 -0.2148
v -0.3752 6.0512 -0.1513
v -0.3482 5.9863 -0.0779
v -0.3120 5.9227 -0.0068
v -0.2840 5.8295 0.0357
v -0.2682 5.7310 0.0444
v 0.0069 6.8063 -0.7341
v 0.0282 6.7148 -0.7231
v -0.0742 6.7247 -0.7434
v -0.0613 6.8141 -0.7472
v 0.0503 6.6263 -0.7019
v -0.0858 6.6323 -0.7283
v 0.0636 6.5431 -0.6650
v -0.0952 6.5428 -0.6946
v 0.0694 6.4620 -0.6177
v -0.1037 6.4644 -0.6538
v 0.0700 6.3811 -0.5742
v -0.1154 6.3858 -0.6117
v 0.0658 6.3014 -0.5270
v -0.1292 6.3085 -0.5620
v 0.0576 6.2273 -0.4766
v -0.1427 6.2359 -0.5078
v 0.0435 6.1583 -0.4243
v -0.1550 6.1673 -0.4497
v 0.0210 6.0951 -0.3713
v -0.1651 6.1023 -0.3878
v -0.0070 6.0353 -0.3175
v -0.1718 6.0394 -0.3199
v -0.0366 5.9758 -0.2535
v -0.1735 5.9833 -0.2496
v -0.0665 5.9174 -0.1853
v -0.1743 5.9291 -0.1784
v -0.1042 5.8589 -0.1143
v -0.1781 5.8765 -0.1085
v -0.1620 5.8023 -0.0473
v -0.1939 5.8229 -0.0457
v -0.2323 5.7610 0.0045
v -0.2332 5.7617 0.0047
v -0.1705 6.7441 -0.7068
v -0.1254 6.8264 -0.7222
v -0.2132 6.6626 -0.6825
v -0.2435 6.5852 -0.6465
v -0.2663 6.5137 -0.6049
v -0.2882 6.4425 -0.5595
v -0.3073 6.3767 -0.5079
v -0.3224 6.3112 -0.4513
v -0.3303 6.2446 -0.3912
v -0.3269 6.1749 -0.3282
v -0.3108 6.1056 -0.2609
v -0.2851 6.0426 -0.1965
v -0.2586 5.9813 -0.1339
v -0.2319 5.9190 -0.0754
v -0.2146 5.8489 -0.0271
v -0.2336 5.7625 0.0054
v 0.0694 6.7876 -0.7171
v 0.0978 6.6929 -0.7014
v -0.0025 6.6945 -0.7399
v 0.0050 6.7893 -0.7441
v 0.1226 6.5991 -0.6766
v -0.0129 6.5981 -0.7217
v 0.1332 6.5091 -0.6400
v -0.0262 6.5059 -0.6831
v 0.1368 6.4247 -0.5981
v -0.0395 6.4240 -0.6374
v 0.1384 6.3434 -0.5533
v -0.0502 6.3423 -0.5933
v 0.1363 6.2654 -0.4989
v -0.0601 6.2605 -0.5406
v 0.1283 6.1924 -0.4387
v -0.0699 6.1845 -0.4813
v 0.1088 6.1202 -0.3769
v -0.0816 6.1137 -0.4134
v 0.0773 6.0541 -0.3126
v -0.0943 6.0542 -0.3387
v 0.0393 5.9961 -0.2479
v -0.1051 6.0008 -0.2646
v 0.0014 5.9410 -0.1902
v -0.1131 5.9433 -0.1962
v -0.0336 5.8740 -0.1289
v -0.1146 5.8779 -0.1329
v -0.0851 5.7973 -0.0763
v -0.1250 5.8059 -0.0781
v -0.1607 5.7274 -0.0509
v -0.1617 5.7280 -0.0508
v -0.1074 6.7073 -0.7203
v -0.0637 6.7962 -0.7332
v -0.1503 6.6233 -0.6925
v -0.1818 6.5475 -0.6468
v -0.2069 6.4743 -0.5914
v -0.2284 6.3956 -0.5423
v -0.2459 6.3202 -0.4927
v -0.2577 6.2477 -0.4380
v -0.2587 6.1829 -0.3752
v -0.2487 6.1247 -0.3020
v -0.2316 6.0615 -0.2267
v -0.2118 5.9842 -0.1544
v -0.1840 5.9051 -0.1002
v -0.1576 5.8226 -0.0602
v -0.1624 5.7285 -0.0502
v 0.0749 6.8014 -0.7195
v 0.1120 6.7140 -0.6978
v 0.0127 6.7021 -0.7422
v 0.0107 6.7946 -0.7494
v 0.1463 6.6275 -0.6710
v 0.0136 6.6081 -0.7268
v 0.1674 6.5422 -0.6388
v 0.0128 6.5163 -0.6991
v 0.1812 6.4596 -0.6003
v 0.0106 6.4301 -0.6622
v 0.1908 6.3794 -0.5551
v 0.0072 6.3456 -0.6156
v 0.1955 6.3025 -0.5042
v 0.0027 6.2666 -0.5619
v 0.1936 6.2289 -0.4491
v -0.0025 6.1936 -0.5029
v 0.1810 6.1585 -0.3922
v -0.0078 6.1275 -0.4411
v 0.1571 6.0889 -0.3366
v -0.0128 6.0644 -0.3785
v 0.1266 6.0237 -0.2767
v -0.0161 5.9993 -0.3071
v 0.0939 5.9643 -0.2072
v -0.0190 5.9446 -0.2295
v 0.0551 5.9036 -0.1351
v -0.0247 5.8969 -0.1559
v -0.0072 5.8259 -0.0922
v -0.0440 5.8405 -0.1047
v -0.0849 5.7649 -0.0727
v -0.0859 5.7654 -0.0729
v -0.0936 6.7073 -0.7170
v -0.0586 6.7967 -0.7337
v -0.1272 6.6203 -0.6927
v -0.1492 6.5369 -0.6594
v -0.1657 6.4574 -0.6176
v -0.1797 6.3832 -0.5686
v -0.1904 6.3135 -0.5136
v -0.1958 6.2472 -0.4541
v -0.1912 6.1815 -0.3919
v -0.1756 6.1132 -0.3305
v -0.1520 6.0442 -0.2694
v -0.1257 5.9840 -0.2033
v -0.0992 5.9280 -0.1379
v -0.0782 5.8592 -0.0903
v -0.0867 5.7661 -0.0724
v 0.7355 7.1541 -0.2776
v 0.7446 7.1000 -0.3366
v 0.6807 7.1484 -0.3828
v 0.7857 7.1229 -0.2052
v 0.8005 7.0457 -0.2782
v 0.8233 7.0762 -0.1281
v 0.8382 6.9873 -0.2123
v 0.8563 7.0181 -0.0526
v 0.8685 6.9262 -0.1505
v 0.8789 6.9563 0.0172
v 0.8910 6.8587 -0.0872
v 0.8914 6.8982 0.0801
v 0.9045 6.7913 -0.0214
v 0.8952 6.8432 0.1395
v 0.9096 6.7286 0.0507
v 0.8881 6.7824 0.2037
v 0.9048 6.6751 0.1264
v 0.8751 6.7180 0.2660
v 0.8918 6.6249 0.2045
v 0.8580 6.6499 0.3290
v 0.8733 6.5765 0.2814
v 0.8379 6.5791 0.3905
v 0.8492 6.5268 0.3564
v 0.8107 6.5054 0.4450
v 0.8156 6.4787 0.4278
v 0.7801 6.4330 0.4983
v 0.7054 7.0336 -0.3604
v 0.7438 6.9618 -0.3137
v 0.7670 6.8989 -0.2605
v 0.7861 6.8378 -0.2104
v 0.8007 6.7721 -0.1573
v 0.8109 6.7026 -0.0940
v 0.8183 6.6382 -0.0181
v 0.8242 6.5904 0.0625
v 0.8257 6.5523 0.1489
v 0.8234 6.5197 0.2350
v 0.8146 6.4882 0.3199
v 0.7976 6.4603 0.4084
v 0.7797 6.4318 0.4973
vt 0.2025 0.9895
vt 0.3033 0.9641
vt 0.3033 0.9895
vt 0.2025 0.9641
vt 0.3033 0.9279
vt 0.3033 0.9641
vt 0.2025 0.9279
vt 0.3033 0.8914
vt 0.3033 0.9279
vt 0.2025 0.8914
vt 0.3033 0.8547
vt 0.3033 0.8914
vt 0.2025 0.8547
vt 0.3033 0.8178
vt 0.3033 0.8547
vt 0.2025 0.8178
vt 0.3033 0.7810
vt 0.3033 0.8178
vt 0.2025 0.7810
vt 0.3033 0.7444
vt 0.3033 0.7810
vt 0.2025 0.7444
vt 0.3033 0.7079
vt 0.3033 0.7444
vt 0.2025 0.7079
vt 0.3033 0.6718
vt 0.3033 0.7079
vt 0.2025 0.6718
vt 0.3033 0.6361
vt 0.3033 0.6718
vt 0.2025 0.6361
vt 0.3033 0.6008
vt 0.3033 0.6361
vt 0.2025 0.5662
vt 0.3033 0.6008
vt 0.2025 0.6008
vt 0.2025 0.5323
vt 0.3033 0.5662
vt 0.2025 0.5662
vt 0.2025 0.4990
vt 0.3033 0.5323
vt 0.2025 0.5323
vt 0.2025 0.4666
vt 0.3033 0.4990
vt 0.2025 0.4990
vt 0.2025 0.4349
vt 0.3033 0.4666
vt 0.2025 0.4666
vt 0.2025 0.4040
vt 0.3033 0.4349
vt 0.2025 0.4349
vt 0.2025 0.3736
vt 0.3033 0.4040
vt 0.2025 0.4040
vt 0.2025 0.3437
vt 0.3033 0.3736
vt 0.2025 0.3736
vt 0.2025 0.3143
vt 0.3033 0.3437
vt 0.2025 0.3437
vt 0.2025 0.2853
vt 0.3033 0.3143
vt 0.2025 0.3143
vt 0.2025 0.2565
vt 0.3033 0.2853
vt 0.2025 0.2853
vt 0.2025 0.2279
vt 0.3033 0.2565
vt 0.2025 0.2565
vt 0.2025 0.1996
vt 0.3033 0.2279
vt 0.2025 0.2279
vt 0.2025 0.1713
vt 0.3033 0.1996
vt 0.2025 0.1996
vt 0.2025 0.1430
vt 0.3033 0.1713
vt 0.2025 0.1713
vt 0.2025 0.1147
vt 0.3033 0.1430
vt 0.2025 0.1430
vt 0.2025 0.0863
vt 0.3033 0.1147
vt 0.2025 0.1147
vt 0.2025 0.0578
vt 0.3033 0.0863
vt 0.2025 0.0863
vt 0.2025 0.0290
vt 0.3033 0.0578
vt 0.2025 0.0578
vt 0.2025 0.0000
vt 0.3033 0.0290
vt 0.2025 0.0290
vt 0.4041 0.9895
vt 0.4041 0.9641
vt 0.4041 0.9279
vt 0.4041 0.8914
vt 0.4041 0.8547
vt 0.4041 0.8178
vt 0.4041 0.7810
vt 0.4041 0.7444
vt 0.4041 0.7079
vt 0.4041 0.6718
vt 0.4041 0.6361
vt 0.3033 0.6008
vt 0.4041 0.5662
vt 0.4041 0.6008
vt 0.3033 0.5662
vt 0.4041 0.5323
vt 0.4041 0.5662
vt 0.3033 0.5323
vt 0.4041 0.4990
vt 0.4041 0.5323
vt 0.3033 0.4990
vt 0.4041 0.4666
vt 0.4041 0.4990
vt 0.3033 0.4666
vt 0.4041 0.4349
vt 0.4041 0.4666
vt 0.3033 0.4349
vt 0.4041 0.4040
vt 0.4041 0.4349
vt 0.3033 0.4040
vt 0.4041 0.3736
vt 0.4041 0.4040
vt 0.3033 0.3736
vt 0.4041 0.3437
vt 0.4041 0.3736
vt 0.3033 0.3437
vt 0.4041 0.3143
vt 0.4041 0.3437
vt 0.3033 0.3143
vt 0.4041 0.2853
vt 0.4041 0.3143
vt 0.3033 0.2853
vt 0.4041 0.2565
vt 0.4041 0.2853
vt 0.3033 0.2565
vt 0.4041 0.2279
vt 0.4041 0.2565
vt 0.3033 0.2279
vt 0.4041 0.1996
vt 0.4041 0.2279
vt 0.3033 0.1996
vt 0.4041 0.1713
vt 0.4041 0.1996
vt 0.3033 0.1713
vt 0.4041 0.1430
vt 0.4041 0.1713
vt 0.3033 0.1430
vt 0.4041 0.1147
vt 0.4041 0.1430
vt 0.3033 0.1147
vt 0.4041 0.0863
vt 0.4041 0.1147
vt 0.3033 0.0863
vt 0.4041 0.0578
vt 0.4041 0.0863
vt 0.3033 0.0578
vt 0.4041 0.0290
vt 0.4041 0.0578
vt 0.3033 0.0290
vt 0.4041 0.0000
vt 0.4041 0.0290
vt 0.4041 0.9895
vt 0.5050 0.9641
vt 0.5050 0.9895
vt 0.4041 0.9641
vt 0.5050 0.9279
vt 0.5050 0.9641
vt 0.4041 0.9279
vt 0.5050 0.8914
vt 0.5050 0.9279
vt 0.4041 0.8914
vt 0.5050 0.8547
vt 0.5050 0.8914
vt 0.4041 0.8547
vt 0.5050 0.8178
vt 0.5050 0.8547
vt 0.4041 0.8178
vt 0.5050 0.7810
vt 0.5050 0.8178
vt 0.4041 0.7810
vt 0.5050 0.7444
vt 0.5050 0.7810
vt 0.4041 0.7444
vt 0.5050 0.7079
vt 0.5050 0.7444
vt 0.4041 0.7079
vt 0.5050 0.6718
vt 0.5050 0.7079
vt 0.4041 0.6718
vt 0.5050 0.6361
vt 0.5050 0.6718
vt 0.4041 0.6361
vt 0.5050 0.6008
vt 0.5050 0.6361
vt 0.4041 0.6008
vt 0.5050 0.5662
vt 0.5050 0.6008
vt 0.4041 0.5662
vt 0.5050 0.5323
vt 0.5050 0.5662
vt 0.5050 0.5323
vt 0.5050 0.4990
vt 0.5050 0.4666
vt 0.5050 0.4349
vt 0.5050 0.4040
vt 0.5050 0.3736
vt 0.5050 0.3437
vt 0.5050 0.3143
vt 0.5050 0.2853
vt 0.5050 0.2565
vt 0.5050 0.2279
vt 0.5050 0.1996
vt 0.5050 0.1713
vt 0.5050 0.1430
vt 0.5050 0.1147
vt 0.5050 0.0863
vt 0.5050 0.0578
vt 0.5050 0.0290
vt 0.6058 0.9895
vt 0.6058 0.9641
vt 0.6058 0.9279
vt 0.6058 0.8914
vt 0.6058 0.8547
vt 0.6058 0.8178
vt 0.6058 0.7810
vt 0.6058 0.7444
vt 0.5050 0.7079
vt 0.6058 0.6718
vt 0.6058 0.7079
vt 0.5050 0.6718
vt 0.6058 0.6361
vt 0.6058 0.6718
vt 0.5050 0.6361
vt 0.6058 0.6008
vt 0.6058 0.6361
vt 0.6058 0.6008
vt 0.5050 0.5662
vt 0.6058 0.5323
vt 0.6058 0.5662
vt 0.5050 0.5323
vt 0.6058 0.4990
vt 0.6058 0.5323
vt 0.5050 0.4990
vt 0.6058 0.4666
vt 0.6058 0.4990
vt 0.5050 0.4666
vt 0.6058 0.4349
vt 0.6058 0.4666
vt 0.5050 0.4040
vt 0.6058 0.4349
vt 0.5050 0.4349
vt 0.5050 0.3736
vt 0.6058 0.4040
vt 0.5050 0.4040
vt 0.5050 0.3437
vt 0.6058 0.3736
vt 0.5050 0.3736
vt 0.5050 0.3437
vt 0.6058 0.3143
vt 0.6058 0.3437
vt 0.5050 0.3143
vt 0.6058 0.2853
vt 0.6058 0.3143
vt 0.5050 0.2853
vt 0.6058 0.2565
vt 0.6058 0.2853
vt 0.5050 0.2565
vt 0.6058 0.2279
vt 0.6058 0.2565
vt 0.5050 0.2279
vt 0.6058 0.1996
vt 0.6058 0.2279
vt 0.5050 0.1996
vt 0.6058 0.1713
vt 0.6058 0.1996
vt 0.5050 0.1713
vt 0.6058 0.1430
vt 0.6058 0.1713
vt 0.5050 0.1430
vt 0.6058 0.1147
vt 0.6058 0.1430
vt 0.5050 0.1147
vt 0.6058 0.0863
vt 0.6058 0.1147
vt 0.5050 0.0863
vt 0.6058 0.0578
vt 0.6058 0.0863
vt 0.5050 0.0578
vt 0.6058 0.0290
vt 0.6058 0.0578
vt 0.5050 0.0290
vt 0.6058 0.0000
vt 0.6058 0.0290
vt 0.6058 0.9895
vt 0.6058 0.0000
vt 0.3033 0.0000
vt 0.4041 0.0000
vt 0.1157 0.9890
vt 0.2012 0.9601
vt 0.2012 0.9890
vt 0.1157 0.9601
vt 0.2012 0.9193
vt 0.2012 0.9601
vt 0.1157 0.9193
vt 0.2012 0.8778
vt 0.2012 0.9193
vt 0.1157 0.8778
vt 0.2012 0.8359
vt 0.2012 0.8778
vt 0.1157 0.8359
vt 0.2012 0.7938
vt 0.2012 0.8359
vt 0.1157 0.7938
vt 0.2012 0.7518
vt 0.2012 0.7938
vt 0.1157 0.7518
vt 0.2012 0.7103
vt 0.2012 0.7518
vt 0.1157 0.7103
vt 0.2012 0.6694
vt 0.2012 0.7103
vt 0.1157 0.6694
vt 0.2012 0.6294
vt 0.2012 0.6694
vt 0.1157 0.6294
vt 0.2012 0.5906
vt 0.2012 0.6294
vt 0.1157 0.5906
vt 0.2012 0.5530
vt 0.2012 0.5906
vt 0.1157 0.5530
vt 0.2012 0.5169
vt 0.2012 0.5530
vt 0.1157 0.5169
vt 0.2012 0.4822
vt 0.2012 0.5169
vt 0.1157 0.4822
vt 0.2012 0.4492
vt 0.2012 0.4822
vt 0.1157 0.4178
vt 0.2012 0.4492
vt 0.1157 0.4492
vt 0.1157 0.3878
vt 0.2012 0.4178
vt 0.1157 0.4178
vt 0.1157 0.3878
vt 0.2012 0.3589
vt 0.2012 0.3878
vt 0.1157 0.3310
vt 0.2012 0.3589
vt 0.1157 0.3589
vt 0.1157 0.3039
vt 0.2012 0.3310
vt 0.1157 0.3310
vt 0.1157 0.2776
vt 0.2012 0.3039
vt 0.1157 0.3039
vt 0.1157 0.2517
vt 0.2012 0.2776
vt 0.1157 0.2776
vt 0.1157 0.2263
vt 0.2012 0.2517
vt 0.1157 0.2517
vt 0.1157 0.2012
vt 0.2012 0.2263
vt 0.1157 0.2263
vt 0.1157 0.1763
vt 0.2012 0.2012
vt 0.1157 0.2012
vt 0.1157 0.1516
vt 0.2012 0.1763
vt 0.1157 0.1763
vt 0.1157 0.1269
vt 0.2012 0.1516
vt 0.1157 0.1516
vt 0.1157 0.1020
vt 0.2012 0.1269
vt 0.1157 0.1269
vt 0.1157 0.0771
vt 0.2012 0.1020
vt 0.1157 0.1020
vt 0.1157 0.0518
vt 0.2012 0.0771
vt 0.1157 0.0771
vt 0.1157 0.0261
vt 0.2012 0.0518
vt 0.1157 0.0518
vt 0.1157 0.0000
vt 0.2012 0.0261
vt 0.1157 0.0261
vt 0.2866 0.9890
vt 0.2866 0.9601
vt 0.2866 0.9193
vt 0.2866 0.8778
vt 0.2866 0.8359
vt 0.2866 0.7938
vt 0.2866 0.7518
vt 0.2866 0.7103
vt 0.2866 0.6694
vt 0.2866 0.6294
vt 0.2866 0.5906
vt 0.2012 0.5530
vt 0.2866 0.5169
vt 0.2866 0.5530
vt 0.2866 0.5169
vt 0.2866 0.4822
vt 0.2012 0.4178
vt 0.2866 0.4492
vt 0.2012 0.4492
vt 0.2012 0.3878
vt 0.2866 0.4178
vt 0.2012 0.4178
vt 0.2012 0.3878
vt 0.2866 0.3589
vt 0.2866 0.3878
vt 0.2012 0.3589
vt 0.2866 0.3310
vt 0.2866 0.3589
vt 0.2012 0.3310
vt 0.2866 0.3039
vt 0.2866 0.3310
vt 0.2012 0.3039
vt 0.2866 0.2776
vt 0.2866 0.3039
vt 0.2012 0.2776
vt 0.2866 0.2517
vt 0.2866 0.2776
vt 0.2012 0.2517
vt 0.2866 0.2263
vt 0.2866 0.2517
vt 0.2012 0.2263
vt 0.2866 0.2012
vt 0.2866 0.2263
vt 0.2012 0.2012
vt 0.2866 0.1763
vt 0.2866 0.2012
vt 0.2012 0.1763
vt 0.2866 0.1516
vt 0.2866 0.1763
vt 0.2012 0.1516
vt 0.2866 0.1269
vt 0.2866 0.1516
vt 0.2012 0.1269
vt 0.2866 0.1020
vt 0.2866 0.1269
vt 0.2012 0.1020
vt 0.2866 0.0771
vt 0.2866 0.1020
vt 0.2012 0.0771
vt 0.2866 0.0518
vt 0.2866 0.0771
vt 0.2012 0.0518
vt 0.2866 0.0261
vt 0.2866 0.0518
vt 0.2012 0.0261
vt 0.2866 0.0000
vt 0.2866 0.0261
vt 0.2866 0.9890
vt 0.3721 0.9601
vt 0.3721 0.9890
vt 0.2866 0.9601
vt 0.3721 0.9193
vt 0.3721 0.9601
vt 0.2866 0.9193
vt 0.3721 0.8778
vt 0.3721 0.9193
vt 0.2866 0.8778
vt 0.3721 0.8359
vt 0.3721 0.8778
vt 0.2866 0.8359
vt 0.3721 0.7938
vt 0.3721 0.8359
vt 0.2866 0.7938
vt 0.3721 0.7518
vt 0.3721 0.7938
vt 0.2866 0.7518
vt 0.3721 0.7103
vt 0.3721 0.7518
vt 0.2866 0.7103
vt 0.3721 0.6694
vt 0.3721 0.7103
vt 0.2866 0.6694
vt 0.3721 0.6294
vt 0.3721 0.6694
vt 0.2866 0.6294
vt 0.3721 0.5906
vt 0.3721 0.6294
vt 0.2866 0.5906
vt 0.3721 0.5530
vt 0.3721 0.5906
vt 0.2866 0.5530
vt 0.3721 0.5169
vt 0.3721 0.5530
vt 0.2866 0.5169
vt 0.3721 0.4822
vt 0.3721 0.5169
vt 0.2866 0.4822
vt 0.3721 0.4492
vt 0.3721 0.4822
vt 0.2866 0.4178
vt 0.3721 0.4492
vt 0.2866 0.4492
vt 0.2866 0.3878
vt 0.3721 0.4178
vt 0.2866 0.4178
vt 0.2866 0.3878
vt 0.3721 0.3589
vt 0.3721 0.3878
vt 0.2866 0.3589
vt 0.3721 0.3310
vt 0.3721 0.3589
vt 0.2866 0.3310
vt 0.3721 0.3039
vt 0.3721 0.3310
vt 0.3721 0.3039
vt 0.3721 0.2776
vt 0.3721 0.2517
vt 0.3721 0.2263
vt 0.3721 0.2012
vt 0.3721 0.1763
vt 0.3721 0.1516
vt 0.3721 0.1269
vt 0.3721 0.1020
vt 0.3721 0.0771
vt 0.3721 0.0518
vt 0.3721 0.0261
vt 0.4575 0.9890
vt 0.4575 0.9601
vt 0.4575 0.9193
vt 0.4575 0.8778
vt 0.4575 0.8359
vt 0.4575 0.7938
vt 0.4575 0.7518
vt 0.4575 0.7103
vt 0.4575 0.6694
vt 0.4575 0.6294
vt 0.4575 0.5906
vt 0.4575 0.5530
vt 0.4575 0.5169
vt 0.4575 0.4822
vt 0.3721 0.4178
vt 0.4575 0.4492
vt 0.3721 0.4492
vt 0.3721 0.4178
vt 0.4575 0.3878
vt 0.4575 0.4178
vt 0.3721 0.3878
vt 0.4575 0.3589
vt 0.4575 0.3878
vt 0.3721 0.3589
vt 0.4575 0.3310
vt 0.4575 0.3589
vt 0.3721 0.3310
vt 0.4575 0.3039
vt 0.4575 0.3310
vt 0.3721 0.3039
vt 0.4575 0.2776
vt 0.4575 0.3039
vt 0.3721 0.2776
vt 0.4575 0.2517
vt 0.4575 0.2776
vt 0.3721 0.2517
vt 0.4575 0.2263
vt 0.4575 0.2517
vt 0.3721 0.2263
vt 0.4575 0.2012
vt 0.4575 0.2263
vt 0.3721 0.2012
vt 0.4575 0.1763
vt 0.4575 0.2012
vt 0.3721 0.1763
vt 0.4575 0.1516
vt 0.4575 0.1763
vt 0.3721 0.1516
vt 0.4575 0.1269
vt 0.4575 0.1516
vt 0.3721 0.1269
vt 0.4575 0.1020
vt 0.4575 0.1269
vt 0.3721 0.1020
vt 0.4575 0.0771
vt 0.4575 0.1020
vt 0.3721 0.0771
vt 0.4575 0.0518
vt 0.4575 0.0771
vt 0.3721 0.0518
vt 0.4575 0.0261
vt 0.4575 0.0518
vt 0.3721 0.0261
vt 0.4575 0.0000
vt 0.4575 0.0261
vt 0.4575 0.9890
vt 0.4575 0.0000
vt 0.2012 0.0000
vt 0.2866 0.0000
vt 0.8657 0.9897
vt 1.0057 0.9623
vt 1.0057 0.9897
vt 0.8657 0.9623
vt 1.0057 0.9245
vt 1.0057 0.9623
vt 0.8657 0.9245
vt 1.0057 0.8864
vt 1.0057 0.9245
vt 0.8657 0.8864
vt 1.0057 0.8483
vt 1.0057 0.8864
vt 0.8657 0.8483
vt 1.0057 0.8102
vt 1.0057 0.8483
vt 0.8657 0.8102
vt 1.0057 0.7720
vt 1.0057 0.8102
vt 0.8657 0.7720
vt 1.0057 0.7340
vt 1.0057 0.7720
vt 0.8657 0.7340
vt 1.0057 0.6961
vt 1.0057 0.7340
vt 0.8657 0.6961
vt 1.0057 0.6585
vt 1.0057 0.6961
vt 0.8657 0.6585
vt 1.0057 0.6211
vt 1.0057 0.6585
vt 0.8657 0.6211
vt 1.0057 0.5840
vt 1.0057 0.6211
vt 0.8657 0.5840
vt 1.0057 0.5473
vt 1.0057 0.5840
vt 0.8657 0.5473
vt 1.0057 0.5110
vt 1.0057 0.5473
vt 0.8657 0.4752
vt 1.0057 0.5110
vt 0.8657 0.5110
vt 0.8657 0.4399
vt 1.0057 0.4752
vt 0.8657 0.4752
vt 0.8657 0.4050
vt 1.0057 0.4399
vt 0.8657 0.4399
vt 0.8657 0.3705
vt 1.0057 0.4050
vt 0.8657 0.4050
vt 0.8657 0.3363
vt 1.0057 0.3705
vt 0.8657 0.3705
vt 0.8657 0.3023
vt 1.0057 0.3363
vt 0.8657 0.3363
vt 0.8657 0.2686
vt 1.0057 0.3023
vt 0.8657 0.3023
vt 0.8657 0.2350
vt 1.0057 0.2686
vt 0.8657 0.2686
vt 0.8657 0.2015
vt 1.0057 0.2350
vt 0.8657 0.2350
vt 0.8657 0.1680
vt 1.0057 0.2015
vt 0.8657 0.2015
vt 0.8657 0.1346
vt 1.0057 0.1680
vt 0.8657 0.1680
vt 0.8657 0.1011
vt 1.0057 0.1346
vt 0.8657 0.1346
vt 0.8657 0.0676
vt 1.0057 0.1011
vt 0.8657 0.1011
vt 0.8657 0.0339
vt 1.0057 0.0676
vt 0.8657 0.0676
vt 0.8657 0.0000
vt 1.0057 0.0339
vt 0.8657 0.0339
vt 1.1458 0.9897
vt 1.1458 0.9623
vt 1.1458 0.9245
vt 1.1458 0.8864
vt 1.1458 0.8483
vt 1.1458 0.8102
vt 1.1458 0.7720
vt 1.1458 0.7340
vt 1.1458 0.6961
vt 1.1458 0.6585
vt 1.1458 0.6211
vt 1.1458 0.5840
vt 1.1458 0.5473
vt 1.0057 0.4752
vt 1.1458 0.5110
vt 1.0057 0.5110
vt 1.0057 0.4399
vt 1.1458 0.4752
vt 1.0057 0.4752
vt 1.0057 0.4399
vt 1.1458 0.4050
vt 1.1458 0.4399
vt 1.0057 0.4050
vt 1.1458 0.3705
vt 1.1458 0.4050
vt 1.0057 0.3705
vt 1.1458 0.3363
vt 1.1458 0.3705
vt 1.0057 0.3363
vt 1.1458 0.3023
vt 1.1458 0.3363
vt 1.0057 0.3023
vt 1.1458 0.2686
vt 1.1458 0.3023
vt 1.0057 0.2686
vt 1.1458 0.2350
vt 1.1458 0.2686
vt 1.0057 0.2350
vt 1.1458 0.2015
vt 1.1458 0.2350
vt 1.0057 0.2015
vt 1.1458 0.1680
vt 1.1458 0.2015
vt 1.0057 0.1680
vt 1.1458 0.1346
vt 1.1458 0.1680
vt 1.0057 0.1346
vt 1.1458 0.1011
vt 1.1458 0.1346
vt 1.0057 0.1011
vt 1.1458 0.0676
vt 1.1458 0.1011
vt 1.0057 0.0676
vt 1.1458 0.0339
vt 1.1458 0.0676
vt 1.0057 0.0339
vt 1.1458 0.0000
vt 1.1458 0.0339
vt 1.1458 0.9897
vt 1.2858 0.9623
vt 1.2858 0.9897
vt 1.1458 0.9623
vt 1.2858 0.9245
vt 1.2858 0.9623
vt 1.1458 0.9245
vt 1.2858 0.8864
vt 1.2858 0.9245
vt 1.1458 0.8864
vt 1.2858 0.8483
vt 1.2858 0.8864
vt 1.1458 0.8483
vt 1.2858 0.8102
vt 1.2858 0.8483
vt 1.1458 0.8102
vt 1.2858 0.7720
vt 1.2858 0.8102
vt 1.1458 0.7720
vt 1.2858 0.7340
vt 1.2858 0.7720
vt 1.1458 0.7340
vt 1.2858 0.6961
vt 1.2858 0.7340
vt 1.1458 0.6961
vt 1.2858 0.6585
vt 1.2858 0.6961
vt 1.1458 0.6585
vt 1.2858 0.6211
vt 1.2858 0.6585
vt 1.1458 0.6211
vt 1.2858 0.5840
vt 1.2858 0.6211
vt 1.1458 0.5840
vt 1.2858 0.5473
vt 1.2858 0.5840
vt 1.1458 0.5110
vt 1.2858 0.5473
vt 1.1458 0.5473
vt 1.1458 0.4752
vt 1.2858 0.5110
vt 1.1458 0.5110
vt 1.1458 0.4399
vt 1.2858 0.4752
vt 1.1458 0.4752
vt 1.2858 0.4399
vt 1.2858 0.4050
vt 1.2858 0.3705
vt 1.2858 0.3363
vt 1.2858 0.3023
vt 1.2858 0.2686
vt 1.2858 0.2350
vt 1.2858 0.2015
vt 1.2858 0.1680
vt 1.2858 0.1346
vt 1.2858 0.1011
vt 1.2858 0.0676
vt 1.2858 0.0339
vt 1.4259 0.9897
vt 1.4259 0.9623
vt 1.4259 0.9245
vt 1.4259 0.8864
vt 1.4259 0.8483
vt 1.4259 0.8102
vt 1.4259 0.7720
vt 1.4259 0.7340
vt 1.4259 0.6961
vt 1.4259 0.6585
vt 1.4259 0.6211
vt 1.4259 0.5840
vt 1.2858 0.5110
vt 1.4259 0.5473
vt 1.2858 0.5473
vt 1.2858 0.4752
vt 1.4259 0.5110
vt 1.2858 0.5110
vt 1.2858 0.4752
vt 1.4259 0.4399
vt 1.4259 0.4752
vt 1.2858 0.4399
vt 1.4259 0.4050
vt 1.4259 0.4399
vt 1.2858 0.4050
vt 1.4259 0.3705
vt 1.4259 0.4050
vt 1.2858 0.3705
vt 1.4259 0.3363
vt 1.4259 0.3705
vt 1.2858 0.3363
vt 1.4259 0.3023
vt 1.4259 0.3363
vt 1.2858 0.3023
vt 1.4259 0.2686
vt 1.4259 0.3023
vt 1.2858 0.2686
vt 1.4259 0.2350
vt 1.4259 0.2686
vt 1.2858 0.2350
vt 1.4259 0.2015
vt 1.4259 0.2350
vt 1.2858 0.2015
vt 1.4259 0.1680
vt 1.4259 0.2015
vt 1.2858 0.1680
vt 1.4259 0.1346
vt 1.4259 0.1680
vt 1.2858 0.1346
vt 1.4259 0.1011
vt 1.4259 0.1346
vt 1.2858 0.1011
vt 1.4259 0.0676
vt 1.4259 0.1011
vt 1.2858 0.0676
vt 1.4259 0.0339
vt 1.4259 0.0676
vt 1.2858 0.0339
vt 1.4259 0.0000
vt 1.4259 0.0339
vt 1.4259 0.9897
vt 1.4259 0.0000
vt 1.0057 0.0000
vt 1.1458 0.0000
vt 0.1736 0.9892
vt 0.2718 0.9581
vt 0.2718 0.9892
vt 0.1736 0.9581
vt 0.2718 0.9154
vt 0.2718 0.9581
vt 0.1736 0.9154
vt 0.2718 0.8722
vt 0.2718 0.9154
vt 0.1736 0.8722
vt 0.2718 0.8287
vt 0.2718 0.8722
vt 0.1736 0.8287
vt 0.2718 0.7852
vt 0.2718 0.8287
vt 0.1736 0.7852
vt 0.2718 0.7418
vt 0.2718 0.7852
vt 0.1736 0.7418
vt 0.2718 0.6989
vt 0.2718 0.7418
vt 0.1736 0.6989
vt 0.2718 0.6566
vt 0.2718 0.6989
vt 0.1736 0.6566
vt 0.2718 0.6151
vt 0.2718 0.6566
vt 0.1736 0.6151
vt 0.2718 0.5748
vt 0.2718 0.6151
vt 0.1736 0.5748
vt 0.2718 0.5356
vt 0.2718 0.5748
vt 0.1736 0.5356
vt 0.2718 0.4977
vt 0.2718 0.5356
vt 0.1736 0.4977
vt 0.2718 0.4613
vt 0.2718 0.4977
vt 0.1736 0.4613
vt 0.2718 0.4264
vt 0.2718 0.4613
vt 0.1736 0.4264
vt 0.2718 0.3927
vt 0.2718 0.4264
vt 0.1736 0.3927
vt 0.2718 0.3601
vt 0.2718 0.3927
vt 0.1736 0.3284
vt 0.2718 0.3601
vt 0.1736 0.3601
vt 0.1736 0.2975
vt 0.2718 0.3284
vt 0.1736 0.3284
vt 0.1736 0.2671
vt 0.2718 0.2975
vt 0.1736 0.2975
vt 0.1736 0.2371
vt 0.2718 0.2671
vt 0.1736 0.2671
vt 0.1736 0.2075
vt 0.2718 0.2371
vt 0.1736 0.2371
vt 0.1736 0.1781
vt 0.2718 0.2075
vt 0.1736 0.2075
vt 0.1736 0.1489
vt 0.2718 0.1781
vt 0.1736 0.1781
vt 0.1736 0.1196
vt 0.2718 0.1489
vt 0.1736 0.1489
vt 0.1736 0.0901
vt 0.2718 0.1196
vt 0.1736 0.1196
vt 0.1736 0.0605
vt 0.2718 0.0901
vt 0.1736 0.0901
vt 0.1736 0.0305
vt 0.2718 0.0605
vt 0.1736 0.0605
vt 0.1736 0.0305
vt 0.2718 0.0000
vt 0.2718 0.0305
vt 0.3701 0.9892
vt 0.3701 0.9581
vt 0.3701 0.9154
vt 0.3701 0.8722
vt 0.3701 0.8287
vt 0.3701 0.7852
vt 0.3701 0.7418
vt 0.3701 0.6989
vt 0.2718 0.6566
vt 0.3701 0.6151
vt 0.3701 0.6566
vt 0.2718 0.6151
vt 0.3701 0.5748
vt 0.3701 0.6151
vt 0.2718 0.5748
vt 0.3701 0.5356
vt 0.3701 0.5748
vt 0.2718 0.5356
vt 0.3701 0.4977
vt 0.3701 0.5356
vt 0.2718 0.4977
vt 0.3701 0.4613
vt 0.3701 0.4977
vt 0.2718 0.4613
vt 0.3701 0.4264
vt 0.3701 0.4613
vt 0.2718 0.4264
vt 0.3701 0.3927
vt 0.3701 0.4264
vt 0.2718 0.3927
vt 0.3701 0.3601
vt 0.3701 0.3927
vt 0.2718 0.3601
vt 0.3701 0.3284
vt 0.3701 0.3601
vt 0.2718 0.3284
vt 0.3701 0.2975
vt 0.3701 0.3284
vt 0.2718 0.2975
vt 0.3701 0.2671
vt 0.3701 0.2975
vt 0.2718 0.2671
vt 0.3701 0.2371
vt 0.3701 0.2671
vt 0.2718 0.2371
vt 0.3701 0.2075
vt 0.3701 0.2371
vt 0.2718 0.2075
vt 0.3701 0.1781
vt 0.3701 0.2075
vt 0.2718 0.1781
vt 0.3701 0.1489
vt 0.3701 0.1781
vt 0.2718 0.1489
vt 0.3701 0.1196
vt 0.3701 0.1489
vt 0.2718 0.1196
vt 0.3701 0.0901
vt 0.3701 0.1196
vt 0.2718 0.0901
vt 0.3701 0.0605
vt 0.3701 0.0901
vt 0.2718 0.0605
vt 0.3701 0.0305
vt 0.3701 0.0605
vt 0.3701 0.0000
vt 0.3701 0.0305
vt 0.3701 0.9892
vt 0.4684 0.9581
vt 0.4684 0.9892
vt 0.3701 0.9581
vt 0.4684 0.9154
vt 0.4684 0.9581
vt 0.3701 0.9154
vt 0.4684 0.8722
vt 0.4684 0.9154
vt 0.3701 0.8722
vt 0.4684 0.8287
vt 0.4684 0.8722
vt 0.3701 0.8287
vt 0.4684 0.7852
vt 0.4684 0.8287
vt 0.3701 0.7852
vt 0.4684 0.7418
vt 0.4684 0.7852
vt 0.3701 0.7418
vt 0.4684 0.6989
vt 0.4684 0.7418
vt 0.3701 0.6989
vt 0.4684 0.6566
vt 0.4684 0.6989
vt 0.3701 0.6566
vt 0.4684 0.6151
vt 0.4684 0.6566
vt 0.3701 0.6151
vt 0.4684 0.5748
vt 0.4684 0.6151
vt 0.3701 0.5748
vt 0.4684 0.5356
vt 0.4684 0.5748
vt 0.3701 0.5356
vt 0.4684 0.4977
vt 0.4684 0.5356
vt 0.3701 0.4977
vt 0.4684 0.4613
vt 0.4684 0.4977
vt 0.3701 0.4613
vt 0.4684 0.4264
vt 0.4684 0.4613
vt 0.3701 0.4264
vt 0.4684 0.3927
vt 0.4684 0.4264
vt 0.4684 0.3927
vt 0.4684 0.3601
vt 0.4684 0.3284
vt 0.4684 0.2975
vt 0.4684 0.2671
vt 0.4684 0.2371
vt 0.4684 0.2075
vt 0.4684 0.1781
vt 0.4684 0.1489
vt 0.4684 0.1196
vt 0.4684 0.0901
vt 0.4684 0.0605
vt 0.4684 0.0000
vt 0.4684 0.0305
vt 0.5667 0.9892
vt 0.5667 0.9581
vt 0.5667 0.9154
vt 0.5667 0.8722
vt 0.5667 0.8287
vt 0.5667 0.7852
vt 0.5667 0.7418
vt 0.5667 0.6989
vt 0.5667 0.6566
vt 0.5667 0.6151
vt 0.5667 0.5748
vt 0.4684 0.5356
vt 0.5667 0.4977
vt 0.5667 0.5356
vt 0.4684 0.4977
vt 0.5667 0.4613
vt 0.5667 0.4977
vt 0.4684 0.4613
vt 0.5667 0.4264
vt 0.5667 0.4613
vt 0.4684 0.4264
vt 0.5667 0.3927
vt 0.5667 0.4264
vt 0.4684 0.3927
vt 0.5667 0.3601
vt 0.5667 0.3927
vt 0.4684 0.3601
vt 0.5667 0.3284
vt 0.5667 0.3601
vt 0.4684 0.3284
vt 0.5667 0.2975
vt 0.5667 0.3284
vt 0.4684 0.2975
vt 0.5667 0.2671
vt 0.5667 0.2975
vt 0.4684 0.2671
vt 0.5667 0.2371
vt 0.5667 0.2671
vt 0.4684 0.2371
vt 0.5667 0.2075
vt 0.5667 0.2371
vt 0.4684 0.2075
vt 0.5667 0.1781
vt 0.5667 0.2075
vt 0.4684 0.1781
vt 0.5667 0.1489
vt 0.5667 0.1781
vt 0.4684 0.1489
vt 0.5667 0.1196
vt 0.5667 0.1489
vt 0.4684 0.1196
vt 0.5667 0.0901
vt 0.5667 0.1196
vt 0.4684 0.0901
vt 0.5667 0.0605
vt 0.5667 0.0901
vt 0.4684 0.0605
vt 0.5667 0.0305
vt 0.5667 0.0605
vt 0.5667 0.0000
vt 0.5667 0.0305
vt 0.5667 0.9892
vt 0.1095 0.9897
vt 0.1772 0.9660
vt 0.1772 0.9897
vt 0.1095 0.9660
vt 0.1772 0.9318
vt 0.1772 0.9660
vt 0.1095 0.9318
vt 0.1772 0.8975
vt 0.1772 0.9318
vt 0.1095 0.8975
vt 0.1772 0.8631
vt 0.1772 0.8975
vt 0.1095 0.8631
vt 0.1772 0.8286
vt 0.1772 0.8631
vt 0.1095 0.8286
vt 0.1772 0.7942
vt 0.1772 0.8286
vt 0.1095 0.7942
vt 0.1772 0.7598
vt 0.1772 0.7942
vt 0.1095 0.7598
vt 0.1772 0.7254
vt 0.1772 0.7598
vt 0.1095 0.7254
vt 0.1772 0.6913
vt 0.1772 0.7254
vt 0.1095 0.6913
vt 0.1772 0.6573
vt 0.1772 0.6913
vt 0.1095 0.6573
vt 0.1772 0.6235
vt 0.1772 0.6573
vt 0.1095 0.6235
vt 0.1772 0.5899
vt 0.1772 0.6235
vt 0.1095 0.5567
vt 0.1772 0.5899
vt 0.1095 0.5899
vt 0.1095 0.5238
vt 0.1772 0.5567
vt 0.1095 0.5567
vt 0.1095 0.4913
vt 0.1772 0.5238
vt 0.1095 0.5238
vt 0.1095 0.4913
vt 0.1772 0.4592
vt 0.1772 0.4913
vt 0.1095 0.4592
vt 0.1772 0.4275
vt 0.1772 0.4592
vt 0.1095 0.3961
vt 0.1772 0.4275
vt 0.1095 0.4275
vt 0.1095 0.3650
vt 0.1772 0.3961
vt 0.1095 0.3961
vt 0.1095 0.3341
vt 0.1772 0.3650
vt 0.1095 0.3650
vt 0.1095 0.3034
vt 0.1772 0.3341
vt 0.1095 0.3341
vt 0.1095 0.2729
vt 0.1772 0.3034
vt 0.1095 0.3034
vt 0.1095 0.2425
vt 0.1772 0.2729
vt 0.1095 0.2729
vt 0.1095 0.2425
vt 0.1772 0.2123
vt 0.1772 0.2425
vt 0.1095 0.2123
vt 0.1772 0.1821
vt 0.1772 0.2123
vt 0.1095 0.1519
vt 0.1772 0.1821
vt 0.1095 0.1821
vt 0.1095 0.1216
vt 0.1772 0.1519
vt 0.1095 0.1519
vt 0.1095 0.1216
vt 0.1772 0.0914
vt 0.1772 0.1216
vt 0.1095 0.0914
vt 0.1772 0.0611
vt 0.1772 0.0914
vt 0.1095 0.0611
vt 0.1772 0.0306
vt 0.1772 0.0611
vt 0.1095 0.0306
vt 0.1772 0.0000
vt 0.1772 0.0306
vt 0.2449 0.9897
vt 0.1772 0.9660
vt 0.2449 0.9318
vt 0.2449 0.9660
vt 0.1772 0.9318
vt 0.2449 0.8975
vt 0.2449 0.9318
vt 0.1772 0.8975
vt 0.2449 0.8631
vt 0.2449 0.8975
vt 0.1772 0.8631
vt 0.2449 0.8286
vt 0.2449 0.8631
vt 0.1772 0.8286
vt 0.2449 0.7942
vt 0.2449 0.8286
vt 0.1772 0.7942
vt 0.2449 0.7598
vt 0.2449 0.7942
vt 0.1772 0.7598
vt 0.2449 0.7254
vt 0.2449 0.7598
vt 0.1772 0.7254
vt 0.2449 0.6913
vt 0.2449 0.7254
vt 0.1772 0.6913
vt 0.2449 0.6573
vt 0.2449 0.6913
vt 0.1772 0.6573
vt 0.2449 0.6235
vt 0.2449 0.6573
vt 0.2449 0.6235
vt 0.1772 0.5567
vt 0.2449 0.5899
vt 0.1772 0.5899
vt 0.1772 0.5567
vt 0.2449 0.5238
vt 0.2449 0.5567
vt 0.1772 0.5238
vt 0.2449 0.4913
vt 0.2449 0.5238
vt 0.1772 0.4913
vt 0.2449 0.4592
vt 0.2449 0.4913
vt 0.1772 0.4592
vt 0.2449 0.4275
vt 0.2449 0.4592
vt 0.1772 0.3961
vt 0.2449 0.4275
vt 0.1772 0.4275
vt 0.1772 0.3650
vt 0.2449 0.3961
vt 0.1772 0.3961
vt 0.1772 0.3341
vt 0.2449 0.3650
vt 0.1772 0.3650
vt 0.1772 0.3034
vt 0.2449 0.3341
vt 0.1772 0.3341
vt 0.1772 0.2729
vt 0.2449 0.3034
vt 0.1772 0.3034
vt 0.1772 0.2425
vt 0.2449 0.2729
vt 0.1772 0.2729
vt 0.2449 0.2425
vt 0.1772 0.2123
vt 0.2449 0.1821
vt 0.2449 0.2123
vt 0.1772 0.1821
vt 0.2449 0.1519
vt 0.2449 0.1821
vt 0.1772 0.1519
vt 0.2449 0.1216
vt 0.2449 0.1519
vt 0.1772 0.1216
vt 0.2449 0.0914
vt 0.2449 0.1216
vt 0.1772 0.0914
vt 0.2449 0.0611
vt 0.2449 0.0914
vt 0.1772 0.0611
vt 0.2449 0.0306
vt 0.2449 0.0611
vt 0.2449 0.0306
vt 0.2449 0.9897
vt 0.3125 0.9660
vt 0.3125 0.9897
vt 0.2449 0.9660
vt 0.3125 0.9318
vt 0.3125 0.9660
vt 0.2449 0.9318
vt 0.3125 0.8975
vt 0.3125 0.9318
vt 0.2449 0.8975
vt 0.3125 0.8631
vt 0.3125 0.8975
vt 0.2449 0.8631
vt 0.3125 0.8286
vt 0.3125 0.8631
vt 0.2449 0.8286
vt 0.3125 0.7942
vt 0.3125 0.8286
vt 0.2449 0.7942
vt 0.3125 0.7598
vt 0.3125 0.7942
vt 0.2449 0.7598
vt 0.3125 0.7254
vt 0.3125 0.7598
vt 0.2449 0.7254
vt 0.3125 0.6913
vt 0.3125 0.7254
vt 0.2449 0.6913
vt 0.3125 0.6573
vt 0.3125 0.6913
vt 0.3125 0.6573
vt 0.2449 0.5899
vt 0.3125 0.6235
vt 0.2449 0.6235
vt 0.2449 0.5567
vt 0.3125 0.5899
vt 0.2449 0.5899
vt 0.2449 0.5567
vt 0.3125 0.5238
vt 0.3125 0.5567
vt 0.2449 0.5238
vt 0.3125 0.4913
vt 0.3125 0.5238
vt 0.2449 0.4913
vt 0.3125 0.4592
vt 0.3125 0.4913
vt 0.2449 0.4592
vt 0.3125 0.4275
vt 0.3125 0.4592
vt 0.2449 0.3961
vt 0.3125 0.4275
vt 0.2449 0.4275
vt 0.2449 0.3650
vt 0.3125 0.3961
vt 0.2449 0.3961
vt 0.2449 0.3341
vt 0.3125 0.3650
vt 0.2449 0.3650
vt 0.2449 0.3034
vt 0.3125 0.3341
vt 0.2449 0.3341
vt 0.2449 0.2729
vt 0.3125 0.3034
vt 0.2449 0.3034
vt 0.2449 0.2425
vt 0.3125 0.2729
vt 0.2449 0.2729
vt 0.2449 0.2123
vt 0.3125 0.2425
vt 0.2449 0.2425
vt 0.3125 0.2123
vt 0.2449 0.1821
vt 0.3125 0.1519
vt 0.3125 0.1821
vt 0.2449 0.1519
vt 0.3125 0.1216
vt 0.3125 0.1519
vt 0.3125 0.1216
vt 0.3125 0.0914
vt 0.3125 0.0611
vt 0.3125 0.0000
vt 0.3125 0.0306
vt 0.3802 0.9897
vt 0.3802 0.9660
vt 0.3802 0.9318
vt 0.3125 0.8975
vt 0.3802 0.8631
vt 0.3802 0.8975
vt 0.3125 0.8631
vt 0.3802 0.8286
vt 0.3802 0.8631
vt 0.3125 0.8286
vt 0.3802 0.7942
vt 0.3802 0.8286
vt 0.3125 0.7942
vt 0.3802 0.7598
vt 0.3802 0.7942
vt 0.3125 0.7598
vt 0.3802 0.7254
vt 0.3802 0.7598
vt 0.3125 0.7254
vt 0.3802 0.6913
vt 0.3802 0.7254
vt 0.3125 0.6913
vt 0.3802 0.6573
vt 0.3802 0.6913
vt 0.3125 0.6573
vt 0.3802 0.6235
vt 0.3802 0.6573
vt 0.3125 0.6235
vt 0.3802 0.5899
vt 0.3802 0.6235
vt 0.3125 0.5567
vt 0.3802 0.5899
vt 0.3125 0.5899
vt 0.3802 0.5567
vt 0.3125 0.5238
vt 0.3802 0.4913
vt 0.3802 0.5238
vt 0.3125 0.4913
vt 0.3802 0.4592
vt 0.3802 0.4913
vt 0.3802 0.4592
vt 0.3125 0.3961
vt 0.3802 0.4275
vt 0.3125 0.4275
vt 0.3125 0.3650
vt 0.3802 0.3961
vt 0.3125 0.3961
vt 0.3125 0.3341
vt 0.3802 0.3650
vt 0.3125 0.3650
vt 0.3125 0.3034
vt 0.3802 0.3341
vt 0.3125 0.3341
vt 0.3125 0.2729
vt 0.3802 0.3034
vt 0.3125 0.3034
vt 0.3125 0.2425
vt 0.3802 0.2729
vt 0.3125 0.2729
vt 0.3125 0.2123
vt 0.3802 0.2425
vt 0.3125 0.2425
vt 0.3125 0.2123
vt 0.3802 0.1821
vt 0.3802 0.2123
vt 0.3125 0.1821
vt 0.3802 0.1519
vt 0.3802 0.1821
vt 0.3125 0.1519
vt 0.3802 0.1216
vt 0.3802 0.1519
vt 0.3125 0.1216
vt 0.3802 0.0914
vt 0.3802 0.1216
vt 0.3125 0.0611
vt 0.3802 0.0914
vt 0.3125 0.0914
vt 0.3125 0.0611
vt 0.3802 0.0306
vt 0.3802 0.0611
vt 0.3802 0.0000
vt 0.3802 0.0306
vt 0.3802 0.9897
vt 0.2293 0.9609
vt 0.3213 0.9892
vt 0.2293 0.9892
vt 0.2293 0.9212
vt 0.3213 0.9609
vt 0.2293 0.9609
vt 0.2293 0.8809
vt 0.3213 0.9212
vt 0.2293 0.9212
vt 0.2293 0.8404
vt 0.3213 0.8809
vt 0.2293 0.8809
vt 0.2293 0.7997
vt 0.3213 0.8404
vt 0.2293 0.8404
vt 0.2293 0.7591
vt 0.3213 0.7997
vt 0.2293 0.7997
vt 0.2293 0.7188
vt 0.3213 0.7591
vt 0.2293 0.7591
vt 0.2293 0.6790
vt 0.3213 0.7188
vt 0.2293 0.7188
vt 0.2293 0.6399
vt 0.3213 0.6790
vt 0.2293 0.6790
vt 0.2293 0.6016
vt 0.3213 0.6399
vt 0.2293 0.6399
vt 0.2293 0.5642
vt 0.3213 0.6016
vt 0.2293 0.6016
vt 0.2293 0.5279
vt 0.3213 0.5642
vt 0.2293 0.5642
vt 0.2293 0.4928
vt 0.3213 0.5279
vt 0.2293 0.5279
vt 0.2293 0.4590
vt 0.3213 0.4928
vt 0.2293 0.4928
vt 0.2293 0.4264
vt 0.3213 0.4590
vt 0.2293 0.4590
vt 0.2293 0.3949
vt 0.3213 0.4264
vt 0.2293 0.4264
vt 0.2293 0.3644
vt 0.3213 0.3949
vt 0.2293 0.3949
vt 0.2293 0.3644
vt 0.3213 0.3347
vt 0.3213 0.3644
vt 0.2293 0.3347
vt 0.3213 0.3056
vt 0.3213 0.3347
vt 0.2293 0.3056
vt 0.3213 0.2771
vt 0.3213 0.3056
vt 0.2293 0.2771
vt 0.3213 0.2491
vt 0.3213 0.2771
vt 0.2293 0.2491
vt 0.3213 0.2213
vt 0.3213 0.2491
vt 0.2293 0.2213
vt 0.3213 0.1938
vt 0.3213 0.2213
vt 0.2293 0.1938
vt 0.3213 0.1664
vt 0.3213 0.1938
vt 0.2293 0.1391
vt 0.3213 0.1664
vt 0.2293 0.1664
vt 0.2293 0.1117
vt 0.3213 0.1391
vt 0.2293 0.1391
vt 0.2293 0.0842
vt 0.3213 0.1117
vt 0.2293 0.1117
vt 0.2293 0.0565
vt 0.3213 0.0842
vt 0.2293 0.0842
vt 0.2293 0.0565
vt 0.3213 0.0285
vt 0.3213 0.0565
vt 0.2293 0.0285
vt 0.3213 0.0000
vt 0.3213 0.0285
vt 0.3213 0.9892
vt 0.4133 0.9609
vt 0.4133 0.9892
vt 0.3213 0.9609
vt 0.4133 0.9212
vt 0.4133 0.9609
vt 0.3213 0.9212
vt 0.4133 0.8809
vt 0.4133 0.9212
vt 0.3213 0.8809
vt 0.4133 0.8404
vt 0.4133 0.8809
vt 0.3213 0.7997
vt 0.4133 0.8404
vt 0.3213 0.8404
vt 0.3213 0.7591
vt 0.4133 0.7997
vt 0.3213 0.7997
vt 0.3213 0.7188
vt 0.4133 0.7591
vt 0.3213 0.7591
vt 0.3213 0.6790
vt 0.4133 0.7188
vt 0.3213 0.7188
vt 0.3213 0.6399
vt 0.4133 0.6790
vt 0.3213 0.6790
vt 0.3213 0.6016
vt 0.4133 0.6399
vt 0.3213 0.6399
vt 0.3213 0.5642
vt 0.4133 0.6016
vt 0.3213 0.6016
vt 0.3213 0.5642
vt 0.4133 0.5279
vt 0.4133 0.5642
vt 0.3213 0.5279
vt 0.4133 0.4928
vt 0.4133 0.5279
vt 0.3213 0.4928
vt 0.4133 0.4590
vt 0.4133 0.4928
vt 0.3213 0.4264
vt 0.4133 0.4590
vt 0.3213 0.4590
vt 0.3213 0.3949
vt 0.4133 0.4264
vt 0.3213 0.4264
vt 0.3213 0.3644
vt 0.4133 0.3949
vt 0.3213 0.3949
vt 0.3213 0.3644
vt 0.4133 0.3347
vt 0.4133 0.3644
vt 0.3213 0.3347
vt 0.4133 0.3056
vt 0.4133 0.3347
vt 0.3213 0.3056
vt 0.4133 0.2771
vt 0.4133 0.3056
vt 0.3213 0.2771
vt 0.4133 0.2491
vt 0.4133 0.2771
vt 0.3213 0.2491
vt 0.4133 0.2213
vt 0.4133 0.2491
vt 0.3213 0.2213
vt 0.4133 0.1938
vt 0.4133 0.2213
vt 0.4133 0.1938
vt 0.3213 0.1391
vt 0.4133 0.1664
vt 0.3213 0.1664
vt 0.3213 0.1117
vt 0.4133 0.1391
vt 0.3213 0.1391
vt 0.3213 0.0842
vt 0.4133 0.1117
vt 0.3213 0.1117
vt 0.3213 0.0565
vt 0.4133 0.0842
vt 0.3213 0.0842
vt 0.3213 0.0565
vt 0.4133 0.0285
vt 0.4133 0.0565
vt 0.4133 0.0000
vt 0.4133 0.0285
vt 0.5053 0.9892
vt 0.5053 0.9609
vt 0.5053 0.9212
vt 0.5053 0.8809
vt 0.4133 0.7997
vt 0.5053 0.8404
vt 0.4133 0.8404
vt 0.4133 0.7591
vt 0.5053 0.7997
vt 0.4133 0.7997
vt 0.4133 0.7188
vt 0.5053 0.7591
vt 0.4133 0.7591
vt 0.4133 0.6790
vt 0.5053 0.7188
vt 0.4133 0.7188
vt 0.4133 0.6399
vt 0.5053 0.6790
vt 0.4133 0.6790
vt 0.4133 0.6016
vt 0.5053 0.6399
vt 0.4133 0.6399
vt 0.4133 0.5642
vt 0.5053 0.6016
vt 0.4133 0.6016
vt 0.4133 0.5642
vt 0.5053 0.5279
vt 0.5053 0.5642
vt 0.4133 0.5279
vt 0.5053 0.4928
vt 0.5053 0.5279
vt 0.4133 0.4928
vt 0.5053 0.4590
vt 0.5053 0.4928
vt 0.4133 0.4590
vt 0.5053 0.4264
vt 0.5053 0.4590
vt 0.4133 0.4264
vt 0.5053 0.3949
vt 0.5053 0.4264
vt 0.4133 0.3949
vt 0.5053 0.3644
vt 0.5053 0.3949
vt 0.4133 0.3644
vt 0.5053 0.3347
vt 0.5053 0.3644
vt 0.4133 0.3347
vt 0.5053 0.3056
vt 0.5053 0.3347
vt 0.4133 0.3056
vt 0.5053 0.2771
vt 0.5053 0.3056
vt 0.4133 0.2771
vt 0.5053 0.2491
vt 0.5053 0.2771
vt 0.4133 0.2491
vt 0.5053 0.2213
vt 0.5053 0.2491
vt 0.4133 0.2213
vt 0.5053 0.1938
vt 0.5053 0.2213
vt 0.4133 0.1664
vt 0.5053 0.1938
vt 0.4133 0.1938
vt 0.4133 0.1391
vt 0.5053 0.1664
vt 0.4133 0.1664
vt 0.4133 0.1391
vt 0.5053 0.1117
vt 0.5053 0.1391
vt 0.4133 0.1117
vt 0.5053 0.0842
vt 0.5053 0.1117
vt 0.4133 0.0842
vt 0.5053 0.0565
vt 0.5053 0.0842
vt 0.5053 0.0565
vt 0.5053 0.0000
vt 0.5053 0.0285
vt 0.5053 0.9892
vt 0.5973 0.9609
vt 0.5973 0.9892
vt 0.5053 0.9212
vt 0.5973 0.9609
vt 0.5053 0.9609
vt 0.5053 0.8809
vt 0.5973 0.9212
vt 0.5053 0.9212
vt 0.5053 0.8404
vt 0.5973 0.8809
vt 0.5053 0.8809
vt 0.5053 0.7997
vt 0.5973 0.8404
vt 0.5053 0.8404
vt 0.5053 0.7591
vt 0.5973 0.7997
vt 0.5053 0.7997
vt 0.5053 0.7188
vt 0.5973 0.7591
vt 0.5053 0.7591
vt 0.5053 0.6790
vt 0.5973 0.7188
vt 0.5053 0.7188
vt 0.5053 0.6790
vt 0.5973 0.6399
vt 0.5973 0.6790
vt 0.5053 0.6399
vt 0.5973 0.6016
vt 0.5973 0.6399
vt 0.5053 0.5642
vt 0.5973 0.6016
vt 0.5053 0.6016
vt 0.5973 0.5642
vt 0.5973 0.5279
vt 0.5973 0.4928
vt 0.5973 0.4590
vt 0.5973 0.4264
vt 0.5053 0.3949
vt 0.5973 0.3644
vt 0.5973 0.3949
vt 0.5053 0.3644
vt 0.5973 0.3347
vt 0.5973 0.3644
vt 0.5053 0.3347
vt 0.5973 0.3056
vt 0.5973 0.3347
vt 0.5053 0.3056
vt 0.5973 0.2771
vt 0.5973 0.3056
vt 0.5053 0.2771
vt 0.5973 0.2491
vt 0.5973 0.2771
vt 0.5053 0.2491
vt 0.5973 0.2213
vt 0.5973 0.2491
vt 0.5053 0.2213
vt 0.5973 0.1938
vt 0.5973 0.2213
vt 0.5053 0.1938
vt 0.5973 0.1664
vt 0.5973 0.1938
vt 0.5053 0.1664
vt 0.5973 0.1391
vt 0.5973 0.1664
vt 0.5053 0.1391
vt 0.5973 0.1117
vt 0.5973 0.1391
vt 0.5053 0.1117
vt 0.5973 0.0842
vt 0.5973 0.1117
vt 0.5973 0.0842
vt 0.5053 0.0285
vt 0.5973 0.0565
vt 0.5053 0.0565
vt 0.5973 0.0000
vt 0.5973 0.0285
vt 0.5973 0.9892
vt 0.0000 0.9622
vt 0.0642 0.9892
vt 0.0000 0.9892
vt 0.0000 0.9237
vt 0.0642 0.9622
vt 0.0000 0.9622
vt 0.0000 0.8848
vt 0.0642 0.9237
vt 0.0000 0.9237
vt 0.0000 0.8848
vt 0.0642 0.8456
vt 0.0642 0.8848
vt 0.0000 0.8456
vt 0.0642 0.8063
vt 0.0642 0.8456
vt 0.0000 0.8063
vt 0.0642 0.7670
vt 0.0642 0.8063
vt 0.0000 0.7279
vt 0.0642 0.7670
vt 0.0000 0.7670
vt 0.0000 0.6893
vt 0.0642 0.7279
vt 0.0000 0.7279
vt 0.0000 0.6512
vt 0.0642 0.6893
vt 0.0000 0.6893
vt 0.0000 0.6512
vt 0.0642 0.6138
vt 0.0642 0.6512
vt 0.0000 0.6138
vt 0.0642 0.5773
vt 0.0642 0.6138
vt 0.0000 0.5773
vt 0.0642 0.5418
vt 0.0642 0.5773
vt 0.0000 0.5418
vt 0.0642 0.5074
vt 0.0642 0.5418
vt 0.0000 0.5074
vt 0.0642 0.4741
vt 0.0642 0.5074
vt 0.0000 0.4420
vt 0.0642 0.4741
vt 0.0000 0.4741
vt 0.0000 0.4420
vt 0.0642 0.4111
vt 0.0642 0.4420
vt 0.0000 0.4111
vt 0.0642 0.3811
vt 0.0642 0.4111
vt 0.0000 0.3811
vt 0.0642 0.3519
vt 0.0642 0.3811
vt 0.0000 0.3234
vt 0.0642 0.3519
vt 0.0000 0.3519
vt 0.0000 0.2955
vt 0.0642 0.3234
vt 0.0000 0.3234
vt 0.0000 0.2680
vt 0.0642 0.2955
vt 0.0000 0.2955
vt 0.0000 0.2410
vt 0.0642 0.2680
vt 0.0000 0.2680
vt 0.0000 0.2142
vt 0.0642 0.2410
vt 0.0000 0.2410
vt 0.0000 0.2142
vt 0.0642 0.1876
vt 0.0642 0.2142
vt 0.0000 0.1876
vt 0.0642 0.1611
vt 0.0642 0.1876
vt 0.0000 0.1611
vt 0.0642 0.1347
vt 0.0642 0.1611
vt 0.0000 0.1082
vt 0.0642 0.1347
vt 0.0000 0.1347
vt 0.0000 0.1082
vt 0.0642 0.0816
vt 0.0642 0.1082
vt 0.0000 0.0547
vt 0.0642 0.0816
vt 0.0000 0.0816
vt 0.0000 0.0547
vt 0.0642 0.0276
vt 0.0642 0.0547
vt 0.0000 0.0276
vt 0.0642 0.0000
vt 0.0642 0.0276
vt 0.0642 0.9892
vt 0.1285 0.9622
vt 0.1285 0.9892
vt 0.0642 0.9622
vt 0.1285 0.9237
vt 0.1285 0.9622
vt 0.0642 0.9237
vt 0.1285 0.8848
vt 0.1285 0.9237
vt 0.0642 0.8848
vt 0.1285 0.8456
vt 0.1285 0.8848
vt 0.0642 0.8456
vt 0.1285 0.8063
vt 0.1285 0.8456
vt 0.0642 0.8063
vt 0.1285 0.7670
vt 0.1285 0.8063
vt 0.0642 0.7670
vt 0.1285 0.7279
vt 0.1285 0.7670
vt 0.0642 0.7279
vt 0.1285 0.6893
vt 0.1285 0.7279
vt 0.0642 0.6893
vt 0.1285 0.6512
vt 0.1285 0.6893
vt 0.1285 0.6512
vt 0.1285 0.6138
vt 0.1285 0.5773
vt 0.1285 0.5418
vt 0.0642 0.5074
vt 0.1285 0.4741
vt 0.1285 0.5074
vt 0.0642 0.4741
vt 0.1285 0.4420
vt 0.1285 0.4741
vt 0.0642 0.4420
vt 0.1285 0.4111
vt 0.1285 0.4420
vt 0.0642 0.4111
vt 0.1285 0.3811
vt 0.1285 0.4111
vt 0.0642 0.3811
vt 0.1285 0.3519
vt 0.1285 0.3811
vt 0.0642 0.3234
vt 0.1285 0.3519
vt 0.0642 0.3519
vt 0.0642 0.2955
vt 0.1285 0.3234
vt 0.0642 0.3234
vt 0.0642 0.2680
vt 0.1285 0.2955
vt 0.0642 0.2955
vt 0.0642 0.2410
vt 0.1285 0.2680
vt 0.0642 0.2680
vt 0.0642 0.2142
vt 0.1285 0.2410
vt 0.0642 0.2410
vt 0.1285 0.2142
vt 0.1285 0.1876
vt 0.1285 0.1611
vt 0.0642 0.1347
vt 0.1285 0.1082
vt 0.1285 0.1347
vt 0.1285 0.1082
vt 0.0642 0.0547
vt 0.1285 0.0816
vt 0.0642 0.0816
vt 0.1285 0.0547
vt 0.1285 0.0000
vt 0.1285 0.0276
vt 0.1927 0.9892
vt 0.1285 0.9622
vt 0.1927 0.9237
vt 0.1927 0.9622
vt 0.1285 0.9237
vt 0.1927 0.8848
vt 0.1927 0.9237
vt 0.1285 0.8848
vt 0.1927 0.8456
vt 0.1927 0.8848
vt 0.1285 0.8456
vt 0.1927 0.8063
vt 0.1927 0.8456
vt 0.1285 0.8063
vt 0.1927 0.7670
vt 0.1927 0.8063
vt 0.1285 0.7670
vt 0.1927 0.7279
vt 0.1927 0.7670
vt 0.1285 0.7279
vt 0.1927 0.6893
vt 0.1927 0.7279
vt 0.1285 0.6893
vt 0.1927 0.6512
vt 0.1927 0.6893
vt 0.1285 0.6138
vt 0.1927 0.6512
vt 0.1285 0.6512
vt 0.1285 0.5773
vt 0.1927 0.6138
vt 0.1285 0.6138
vt 0.1285 0.5418
vt 0.1927 0.5773
vt 0.1285 0.5773
vt 0.1285 0.5074
vt 0.1927 0.5418
vt 0.1285 0.5418
vt 0.1285 0.5074
vt 0.1927 0.4741
vt 0.1927 0.5074
vt 0.1285 0.4741
vt 0.1927 0.4420
vt 0.1927 0.4741
vt 0.1285 0.4420
vt 0.1927 0.4111
vt 0.1927 0.4420
vt 0.1285 0.4111
vt 0.1927 0.3811
vt 0.1927 0.4111
vt 0.1285 0.3811
vt 0.1927 0.3519
vt 0.1927 0.3811
vt 0.1285 0.3234
vt 0.1927 0.3519
vt 0.1285 0.3519
vt 0.1285 0.3234
vt 0.1927 0.2955
vt 0.1927 0.3234
vt 0.1285 0.2680
vt 0.1927 0.2955
vt 0.1285 0.2955
vt 0.1285 0.2410
vt 0.1927 0.2680
vt 0.1285 0.2680
vt 0.1285 0.2142
vt 0.1927 0.2410
vt 0.1285 0.2410
vt 0.1285 0.1876
vt 0.1927 0.2142
vt 0.1285 0.2142
vt 0.1285 0.1611
vt 0.1927 0.1876
vt 0.1285 0.1876
vt 0.1285 0.1611
vt 0.1927 0.1347
vt 0.1927 0.1611
vt 0.1285 0.1347
vt 0.1927 0.1082
vt 0.1927 0.1347
vt 0.1285 0.0816
vt 0.1927 0.1082
vt 0.1285 0.1082
vt 0.1285 0.0816
vt 0.1927 0.0547
vt 0.1927 0.0816
vt 0.1285 0.0276
vt 0.1927 0.0547
vt 0.1285 0.0547
vt 0.1927 0.0000
vt 0.1927 0.0276
vt 0.1927 0.9892
vt 0.2569 0.9622
vt 0.2569 0.9892
vt 0.1927 0.9622
vt 0.2569 0.9237
vt 0.2569 0.9622
vt 0.1927 0.9237
vt 0.2569 0.8848
vt 0.2569 0.9237
vt 0.1927 0.8848
vt 0.2569 0.8456
vt 0.2569 0.8848
vt 0.1927 0.8456
vt 0.2569 0.8063
vt 0.2569 0.8456
vt 0.1927 0.8063
vt 0.2569 0.7670
vt 0.2569 0.8063
vt 0.1927 0.7670
vt 0.2569 0.7279
vt 0.2569 0.7670
vt 0.2569 0.7279
vt 0.2569 0.6893
vt 0.1927 0.6512
vt 0.2569 0.6138
vt 0.2569 0.6512
vt 0.1927 0.6138
vt 0.2569 0.5773
vt 0.2569 0.6138
vt 0.1927 0.5773
vt 0.2569 0.5418
vt 0.2569 0.5773
vt 0.1927 0.5418
vt 0.2569 0.5074
vt 0.2569 0.5418
vt 0.1927 0.5074
vt 0.2569 0.4741
vt 0.2569 0.5074
vt 0.2569 0.4741
vt 0.1927 0.4420
vt 0.2569 0.4111
vt 0.2569 0.4420
vt 0.1927 0.4111
vt 0.2569 0.3811
vt 0.2569 0.4111
vt 0.2569 0.3811
vt 0.1927 0.3234
vt 0.2569 0.3519
vt 0.1927 0.3519
vt 0.1927 0.3234
vt 0.2569 0.2955
vt 0.2569 0.3234
vt 0.1927 0.2680
vt 0.2569 0.2955
vt 0.1927 0.2955
vt 0.1927 0.2410
vt 0.2569 0.2680
vt 0.1927 0.2680
vt 0.1927 0.2142
vt 0.2569 0.2410
vt 0.1927 0.2410
vt 0.1927 0.2142
vt 0.2569 0.1876
vt 0.2569 0.2142
vt 0.1927 0.1876
vt 0.2569 0.1611
vt 0.2569 0.1876
vt 0.2569 0.1611
vt 0.2569 0.1347
vt 0.1927 0.0816
vt 0.2569 0.1082
vt 0.1927 0.1082
vt 0.2569 0.0816
vt 0.1927 0.0276
vt 0.2569 0.0547
vt 0.1927 0.0547
vt 0.2569 0.0000
vt 0.2569 0.0276
vt 0.2569 0.9892
vt 0.0000 0.9579
vt 0.1389 0.9887
vt 0.0000 0.9887
vt 0.0000 0.9145
vt 0.1389 0.9579
vt 0.0000 0.9579
vt 0.0000 0.8702
vt 0.1389 0.9145
vt 0.0000 0.9145
vt 0.0000 0.8254
vt 0.1389 0.8702
vt 0.0000 0.8702
vt 0.0000 0.7803
vt 0.1389 0.8254
vt 0.0000 0.8254
vt 0.0000 0.7356
vt 0.1389 0.7803
vt 0.0000 0.7803
vt 0.0000 0.6915
vt 0.1389 0.7356
vt 0.0000 0.7356
vt 0.0000 0.6484
vt 0.1389 0.6915
vt 0.0000 0.6915
vt 0.0000 0.6066
vt 0.1389 0.6484
vt 0.0000 0.6484
vt 0.0000 0.6066
vt 0.1389 0.5664
vt 0.1389 0.6066
vt 0.0000 0.5664
vt 0.1389 0.5280
vt 0.1389 0.5664
vt 0.0000 0.5280
vt 0.1389 0.4915
vt 0.1389 0.5280
vt 0.0000 0.4915
vt 0.1389 0.4570
vt 0.1389 0.4915
vt 0.0000 0.4570
vt 0.1389 0.4246
vt 0.1389 0.4570
vt 0.0000 0.3941
vt 0.1389 0.4246
vt 0.0000 0.4246
vt 0.0000 0.3651
vt 0.1389 0.3941
vt 0.0000 0.3941
vt 0.0000 0.3375
vt 0.1389 0.3651
vt 0.0000 0.3651
vt 0.0000 0.3110
vt 0.1389 0.3375
vt 0.0000 0.3375
vt 0.0000 0.3110
vt 0.1389 0.2854
vt 0.1389 0.3110
vt 0.0000 0.2854
vt 0.1389 0.2605
vt 0.1389 0.2854
vt 0.0000 0.2605
vt 0.1389 0.2362
vt 0.1389 0.2605
vt 0.0000 0.2362
vt 0.1389 0.2124
vt 0.1389 0.2362
vt 0.0000 0.2124
vt 0.1389 0.1890
vt 0.1389 0.2124
vt 0.0000 0.1890
vt 0.1389 0.1657
vt 0.1389 0.1890
vt 0.0000 0.1657
vt 0.1389 0.1426
vt 0.1389 0.1657
vt 0.0000 0.1426
vt 0.1389 0.1195
vt 0.1389 0.1426
vt 0.0000 0.0962
vt 0.1389 0.1195
vt 0.0000 0.1195
vt 0.0000 0.0962
vt 0.1389 0.0728
vt 0.1389 0.0962
vt 0.0000 0.0728
vt 0.1389 0.0490
vt 0.1389 0.0728
vt 0.0000 0.0490
vt 0.1389 0.0248
vt 0.1389 0.0490
vt 0.0000 0.0248
vt 0.1389 0.0000
vt 0.1389 0.0248
vt 0.1389 0.9887
vt 0.2778 0.9579
vt 0.2778 0.9887
vt 0.1389 0.9579
vt 0.2778 0.9145
vt 0.2778 0.9579
vt 0.1389 0.9145
vt 0.2778 0.8702
vt 0.2778 0.9145
vt 0.1389 0.8254
vt 0.2778 0.8702
vt 0.1389 0.8702
vt 0.1389 0.7803
vt 0.2778 0.8254
vt 0.1389 0.8254
vt 0.1389 0.7356
vt 0.2778 0.7803
vt 0.1389 0.7803
vt 0.1389 0.7356
vt 0.2778 0.6915
vt 0.2778 0.7356
vt 0.1389 0.6915
vt 0.2778 0.6484
vt 0.2778 0.6915
vt 0.1389 0.6066
vt 0.2778 0.6484
vt 0.1389 0.6484
vt 0.2778 0.6066
vt 0.2778 0.5664
vt 0.2778 0.5280
vt 0.2778 0.4915
vt 0.2778 0.4570
vt 0.1389 0.4246
vt 0.2778 0.3941
vt 0.2778 0.4246
vt 0.1389 0.3651
vt 0.2778 0.3941
vt 0.1389 0.3941
vt 0.1389 0.3375
vt 0.2778 0.3651
vt 0.1389 0.3651
vt 0.1389 0.3110
vt 0.2778 0.3375
vt 0.1389 0.3375
vt 0.1389 0.3110
vt 0.2778 0.2854
vt 0.2778 0.3110
vt 0.1389 0.2854
vt 0.2778 0.2605
vt 0.2778 0.2854
vt 0.1389 0.2605
vt 0.2778 0.2362
vt 0.2778 0.2605
vt 0.1389 0.2362
vt 0.2778 0.2124
vt 0.2778 0.2362
vt 0.1389 0.2124
vt 0.2778 0.1890
vt 0.2778 0.2124
vt 0.2778 0.1890
vt 0.2778 0.1657
vt 0.2778 0.1426
vt 0.1389 0.1195
vt 0.2778 0.0962
vt 0.2778 0.1195
vt 0.2778 0.0962
vt 0.1389 0.0728
vt 0.2778 0.0490
vt 0.2778 0.0728
vt 0.2778 0.0490
vt 0.2778 0.0000
vt 0.2778 0.0248
vt 0.4167 0.9887
vt 0.4167 0.9579
vt 0.4167 0.9145
vt 0.2778 0.8254
vt 0.4167 0.8702
vt 0.2778 0.8702
vt 0.2778 0.7803
vt 0.4167 0.8254
vt 0.2778 0.8254
vt 0.2778 0.7356
vt 0.4167 0.7803
vt 0.2778 0.7803
vt 0.4167 0.7356
vt 0.4167 0.6915
vt 0.2778 0.6066
vt 0.4167 0.6484
vt 0.2778 0.6484
vt 0.2778 0.5664
vt 0.4167 0.6066
vt 0.2778 0.6066
vt 0.2778 0.5280
vt 0.4167 0.5664
vt 0.2778 0.5664
vt 0.2778 0.4915
vt 0.4167 0.5280
vt 0.2778 0.5280
vt 0.2778 0.4570
vt 0.4167 0.4915
vt 0.2778 0.4915
vt 0.2778 0.4246
vt 0.4167 0.4570
vt 0.2778 0.4570
vt 0.2778 0.4246
vt 0.4167 0.3941
vt 0.4167 0.4246
vt 0.2778 0.3651
vt 0.4167 0.3941
vt 0.2778 0.3941
vt 0.2778 0.3375
vt 0.4167 0.3651
vt 0.2778 0.3651
vt 0.2778 0.3375
vt 0.4167 0.3110
vt 0.4167 0.3375
vt 0.2778 0.3110
vt 0.4167 0.2854
vt 0.4167 0.3110
vt 0.4167 0.2854
vt 0.2778 0.2605
vt 0.4167 0.2362
vt 0.4167 0.2605
vt 0.2778 0.2362
vt 0.4167 0.2124
vt 0.4167 0.2362
vt 0.2778 0.2124
vt 0.4167 0.1890
vt 0.4167 0.2124
vt 0.2778 0.1657
vt 0.4167 0.1890
vt 0.2778 0.1890
vt 0.2778 0.1426
vt 0.4167 0.1657
vt 0.2778 0.1657
vt 0.2778 0.1426
vt 0.4167 0.1195
vt 0.4167 0.1426
vt 0.2778 0.1195
vt 0.4167 0.0962
vt 0.4167 0.1195
vt 0.2778 0.0962
vt 0.4167 0.0728
vt 0.4167 0.0962
vt 0.2778 0.0728
vt 0.4167 0.0490
vt 0.4167 0.0728
vt 0.2778 0.0490
vt 0.4167 0.0248
vt 0.4167 0.0490
vt 0.4167 0.0000
vt 0.4167 0.0248
vt 0.4167 0.9887
vt 0.5556 0.9579
vt 0.5556 0.9887
vt 0.4167 0.9145
vt 0.5556 0.9579
vt 0.4167 0.9579
vt 0.4167 0.8702
vt 0.5556 0.9145
vt 0.4167 0.9145
vt 0.4167 0.8254
vt 0.5556 0.8702
vt 0.4167 0.8702
vt 0.4167 0.7803
vt 0.5556 0.8254
vt 0.4167 0.8254
vt 0.4167 0.7356
vt 0.5556 0.7803
vt 0.4167 0.7803
vt 0.4167 0.6915
vt 0.5556 0.7356
vt 0.4167 0.7356
vt 0.4167 0.6484
vt 0.5556 0.6915
vt 0.4167 0.6915
vt 0.4167 0.6066
vt 0.5556 0.6484
vt 0.4167 0.6484
vt 0.4167 0.6066
vt 0.5556 0.5664
vt 0.5556 0.6066
vt 0.4167 0.5664
vt 0.5556 0.5280
vt 0.5556 0.5664
vt 0.4167 0.5280
vt 0.5556 0.4915
vt 0.5556 0.5280
vt 0.4167 0.4915
vt 0.5556 0.4570
vt 0.5556 0.4915
vt 0.4167 0.4570
vt 0.5556 0.4246
vt 0.5556 0.4570
vt 0.5556 0.4246
vt 0.4167 0.3651
vt 0.5556 0.3941
vt 0.4167 0.3941
vt 0.4167 0.3375
vt 0.5556 0.3651
vt 0.4167 0.3651
vt 0.5556 0.3375
vt 0.4167 0.3110
vt 0.5556 0.2854
vt 0.5556 0.3110
vt 0.4167 0.2605
vt 0.5556 0.2854
vt 0.4167 0.2854
vt 0.4167 0.2605
vt 0.5556 0.2362
vt 0.5556 0.2605
vt 0.4167 0.2362
vt 0.5556 0.2124
vt 0.5556 0.2362
vt 0.4167 0.2124
vt 0.5556 0.1890
vt 0.5556 0.2124
vt 0.4167 0.1890
vt 0.5556 0.1657
vt 0.5556 0.1890
vt 0.4167 0.1657
vt 0.5556 0.1426
vt 0.5556 0.1657
vt 0.5556 0.1426
vt 0.5556 0.1195
vt 0.4167 0.0962
vt 0.5556 0.0728
vt 0.5556 0.0962
vt 0.5556 0.0728
vt 0.4167 0.0490
vt 0.5556 0.0248
vt 0.5556 0.0490
vt 0.5556 0.0000
vt 0.5556 0.0248
vt 0.5556 0.9887
vt 0.3760 0.9900
vt 0.5243 0.9167
vt 0.5243 0.9900
vt 0.3760 0.9167
vt 0.5243 0.8333
vt 0.5243 0.9167
vt 0.3760 0.8333
vt 0.5243 0.7500
vt 0.5243 0.8333
vt 0.3760 0.7500
vt 0.5243 0.6667
vt 0.5243 0.7500
vt 0.3760 0.6667
vt 0.5243 0.5833
vt 0.5243 0.6667
vt 0.3760 0.5000
vt 0.5243 0.5833
vt 0.3760 0.5833
vt 0.3760 0.4167
vt 0.5243 0.5000
vt 0.3760 0.5000
vt 0.3760 0.3333
vt 0.5243 0.4167
vt 0.3760 0.4167
vt 0.3760 0.2500
vt 0.5243 0.3333
vt 0.3760 0.3333
vt 0.3760 0.1667
vt 0.5243 0.2500
vt 0.3760 0.2500
vt 0.3760 0.0833
vt 0.5243 0.1667
vt 0.3760 0.1667
vt 0.3760 0.0000
vt 0.5243 0.0833
vt 0.3760 0.0833
vt 0.6726 0.9900
vt 0.6726 0.9167
vt 0.6726 0.8333
vt 0.6726 0.7500
vt 0.6726 0.6667
vt 0.5243 0.5833
vt 0.6726 0.5000
vt 0.6726 0.5833
vt 0.5243 0.5000
vt 0.6726 0.4167
vt 0.6726 0.5000
vt 0.5243 0.4167
vt 0.6726 0.3333
vt 0.6726 0.4167
vt 0.5243 0.3333
vt 0.6726 0.2500
vt 0.6726 0.3333
vt 0.5243 0.2500
vt 0.6726 0.1667
vt 0.6726 0.2500
vt 0.5243 0.1667
vt 0.6726 0.0833
vt 0.6726 0.1667
vt 0.5243 0.0833
vt 0.6726 0.0000
vt 0.6726 0.0833
vt 0.6726 0.9900
vt 0.8209 0.9167
vt 0.8209 0.9900
vt 0.6726 0.9167
vt 0.8209 0.8333
vt 0.8209 0.9167
vt 0.6726 0.8333
vt 0.8209 0.7500
vt 0.8209 0.8333
vt 0.6726 0.7500
vt 0.8209 0.6667
vt 0.8209 0.7500
vt 0.6726 0.6667
vt 0.8209 0.5833
vt 0.8209 0.6667
vt 0.6726 0.5833
vt 0.8209 0.5000
vt 0.8209 0.5833
vt 0.8209 0.5000
vt 0.8209 0.4167
vt 0.8209 0.3333
vt 0.8209 0.2500
vt 0.8209 0.1667
vt 0.8209 0.0833
vt 0.9692 0.9900
vt 0.9692 0.9167
vt 0.9692 0.8333
vt 0.9692 0.7500
vt 0.9692 0.6667
vt 0.8209 0.5833
vt 0.9692 0.5000
vt 0.9692 0.5833
vt 0.8209 0.5000
vt 0.9692 0.4167
vt 0.9692 0.5000
vt 0.8209 0.4167
vt 0.9692 0.3333
vt 0.9692 0.4167
vt 0.8209 0.3333
vt 0.9692 0.2500
vt 0.9692 0.3333
vt 0.8209 0.2500
vt 0.9692 0.1667
vt 0.9692 0.2500
vt 0.8209 0.1667
vt 0.9692 0.0833
vt 0.9692 0.1667
vt 0.8209 0.0833
vt 0.9692 0.0000
vt 0.9692 0.0833
vt 0.9692 0.9900
vt 0.9692 0.0000
vt 0.5243 0.0000
vt 0.6726 0.0000
vt 0.3140 0.9900
vt 0.4623 0.9167
vt 0.4623 0.9900
vt 0.3140 0.9167
vt 0.4623 0.8333
vt 0.4623 0.9167
vt 0.3140 0.8333
vt 0.4623 0.7500
vt 0.4623 0.8333
vt 0.3140 0.7500
vt 0.4623 0.6667
vt 0.4623 0.7500
vt 0.3140 0.6667
vt 0.4623 0.5833
vt 0.4623 0.6667
vt 0.3140 0.5833
vt 0.4623 0.5000
vt 0.4623 0.5833
vt 0.3140 0.4167
vt 0.4623 0.5000
vt 0.3140 0.5000
vt 0.3140 0.3333
vt 0.4623 0.4167
vt 0.3140 0.4167
vt 0.3140 0.2500
vt 0.4623 0.3333
vt 0.3140 0.3333
vt 0.3140 0.1667
vt 0.4623 0.2500
vt 0.3140 0.2500
vt 0.3140 0.0833
vt 0.4623 0.1667
vt 0.3140 0.1667
vt 0.3140 0.0000
vt 0.4623 0.0833
vt 0.3140 0.0833
vt 0.6106 0.9900
vt 0.6106 0.9167
vt 0.6106 0.8333
vt 0.6106 0.7500
vt 0.6106 0.6667
vt 0.4623 0.5833
vt 0.6106 0.5000
vt 0.6106 0.5833
vt 0.4623 0.5000
vt 0.6106 0.4167
vt 0.6106 0.5000
vt 0.4623 0.4167
vt 0.6106 0.3333
vt 0.6106 0.4167
vt 0.4623 0.3333
vt 0.6106 0.2500
vt 0.6106 0.3333
vt 0.4623 0.2500
vt 0.6106 0.1667
vt 0.6106 0.2500
vt 0.4623 0.1667
vt 0.6106 0.0833
vt 0.6106 0.1667
vt 0.4623 0.0833
vt 0.6106 0.0000
vt 0.6106 0.0833
vt 0.6106 0.9900
vt 0.7589 0.9167
vt 0.7589 0.9900
vt 0.6106 0.9167
vt 0.7589 0.8333
vt 0.7589 0.9167
vt 0.6106 0.8333
vt 0.7589 0.7500
vt 0.7589 0.8333
vt 0.6106 0.7500
vt 0.7589 0.6667
vt 0.7589 0.7500
vt 0.6106 0.6667
vt 0.7589 0.5833
vt 0.7589 0.6667
vt 0.7589 0.5833
vt 0.7589 0.5000
vt 0.7589 0.4167
vt 0.7589 0.3333
vt 0.7589 0.2500
vt 0.7589 0.1667
vt 0.7589 0.0833
vt 0.9072 0.9900
vt 0.9072 0.9167
vt 0.9072 0.8333
vt 0.9072 0.7500
vt 0.9072 0.6667
vt 0.7589 0.5000
vt 0.9072 0.5833
vt 0.7589 0.5833
vt 0.7589 0.5000
vt 0.9072 0.4167
vt 0.9072 0.5000
vt 0.7589 0.4167
vt 0.9072 0.3333
vt 0.9072 0.4167
vt 0.7589 0.3333
vt 0.9072 0.2500
vt 0.9072 0.3333
vt 0.7589 0.2500
vt 0.9072 0.1667
vt 0.9072 0.2500
vt 0.7589 0.1667
vt 0.9072 0.0833
vt 0.9072 0.1667
vt 0.7589 0.0833
vt 0.9072 0.0000
vt 0.9072 0.0833
vt 0.9072 0.9900
vt 0.9072 0.0000
vt 0.4623 0.0000
vt 0.6106 0.0000
vt 0.0000 0.9908
vt 0.2500 0.9349
vt 0.2500 0.9908
vt 0.0000 0.9349
vt 0.2500 0.8714
vt 0.2500 0.9349
vt 0.0000 0.8714
vt 0.2500 0.8083
vt 0.2500 0.8714
vt 0.0000 0.8083
vt 0.2500 0.7445
vt 0.2500 0.8083
vt 0.0000 0.7445
vt 0.2500 0.6788
vt 0.2500 0.7445
vt 0.0000 0.6788
vt 0.2500 0.6098
vt 0.2500 0.6788
vt 0.0000 0.5359
vt 0.2500 0.6098
vt 0.0000 0.6098
vt 0.0000 0.4555
vt 0.2500 0.5359
vt 0.0000 0.5359
vt 0.0000 0.3690
vt 0.2500 0.4555
vt 0.0000 0.4555
vt 0.0000 0.2781
vt 0.2500 0.3690
vt 0.0000 0.3690
vt 0.0000 0.1847
vt 0.2500 0.2781
vt 0.0000 0.2781
vt 0.0000 0.0912
vt 0.2500 0.1847
vt 0.0000 0.1847
vt 0.0000 0.0000
vt 0.2500 0.0912
vt 0.0000 0.0912
vt 0.5000 0.9908
vt 0.5000 0.9349
vt 0.5000 0.8714
vt 0.5000 0.8083
vt 0.5000 0.7445
vt 0.5000 0.6788
vt 0.2500 0.6098
vt 0.5000 0.5359
vt 0.5000 0.6098
vt 0.2500 0.5359
vt 0.5000 0.4555
vt 0.5000 0.5359
vt 0.2500 0.4555
vt 0.5000 0.3690
vt 0.5000 0.4555
vt 0.2500 0.3690
vt 0.5000 0.2781
vt 0.5000 0.3690
vt 0.2500 0.2781
vt 0.5000 0.1847
vt 0.5000 0.2781
vt 0.2500 0.1847
vt 0.5000 0.0912
vt 0.5000 0.1847
vt 0.2500 0.0912
vt 0.5000 0.0000
vt 0.5000 0.0912
vt 0.5000 0.9908
vt 0.7500 0.9349
vt 0.7500 0.9908
vt 0.5000 0.9349
vt 0.7500 0.8714
vt 0.7500 0.9349
vt 0.5000 0.8714
vt 0.7500 0.8083
vt 0.7500 0.8714
vt 0.5000 0.8083
vt 0.7500 0.7445
vt 0.7500 0.8083
vt 0.5000 0.7445
vt 0.7500 0.6788
vt 0.7500 0.7445
vt 0.5000 0.6788
vt 0.7500 0.6098
vt 0.7500 0.6788
vt 0.7500 0.6098
vt 0.7500 0.5359
vt 0.7500 0.4555
vt 0.7500 0.3690
vt 0.7500 0.2781
vt 0.7500 0.1847
vt 0.7500 0.0912
vt 1.0000 0.9908
vt 1.0000 0.9349
vt 1.0000 0.8714
vt 1.0000 0.8083
vt 1.0000 0.7445
vt 1.0000 0.6788
vt 0.7500 0.6098
vt 1.0000 0.5359
vt 1.0000 0.6098
vt 0.7500 0.5359
vt 1.0000 0.4555
vt 1.0000 0.5359
vt 0.7500 0.4555
vt 1.0000 0.3690
vt 1.0000 0.4555
vt 0.7500 0.3690
vt 1.0000 0.2781
vt 1.0000 0.3690
vt 0.7500 0.2781
vt 1.0000 0.1847
vt 1.0000 0.2781
vt 0.7500 0.1847
vt 1.0000 0.0912
vt 1.0000 0.1847
vt 0.7500 0.0912
vt 1.0000 0.0000
vt 1.0000 0.0912
vt 1.0000 0.9908
vt 1.0000 0.0000
vt 0.2500 0.0000
vt 0.5000 0.0000
vt 0.2769 0.9915
vt 0.4671 0.9450
vt 0.4671 0.9915
vt 0.2769 0.9450
vt 0.4671 0.8925
vt 0.4671 0.9450
vt 0.2769 0.8925
vt 0.4671 0.8410
vt 0.4671 0.8925
vt 0.2769 0.8410
vt 0.4671 0.7888
vt 0.4671 0.8410
vt 0.2769 0.7341
vt 0.4671 0.7888
vt 0.2769 0.7888
vt 0.2769 0.6751
vt 0.4671 0.7341
vt 0.2769 0.7341
vt 0.2769 0.6088
vt 0.4671 0.6751
vt 0.2769 0.6751
vt 0.2769 0.5313
vt 0.4671 0.6088
vt 0.2769 0.6088
vt 0.2769 0.4399
vt 0.4671 0.5313
vt 0.2769 0.5313
vt 0.2769 0.3357
vt 0.4671 0.4399
vt 0.2769 0.4399
vt 0.2769 0.2231
vt 0.4671 0.3357
vt 0.2769 0.3357
vt 0.2769 0.1087
vt 0.4671 0.2231
vt 0.2769 0.2231
vt 0.2769 0.0000
vt 0.4671 0.1087
vt 0.2769 0.1087
vt 0.6574 0.9915
vt 0.6574 0.9450
vt 0.6574 0.8925
vt 0.6574 0.8410
vt 0.4671 0.7341
vt 0.6574 0.7888
vt 0.4671 0.7888
vt 0.4671 0.7341
vt 0.6574 0.6751
vt 0.6574 0.7341
vt 0.4671 0.6751
vt 0.6574 0.6088
vt 0.6574 0.6751
vt 0.4671 0.6088
vt 0.6574 0.5313
vt 0.6574 0.6088
vt 0.4671 0.5313
vt 0.6574 0.4399
vt 0.6574 0.5313
vt 0.4671 0.4399
vt 0.6574 0.3357
vt 0.6574 0.4399
vt 0.4671 0.3357
vt 0.6574 0.2231
vt 0.6574 0.3357
vt 0.4671 0.2231
vt 0.6574 0.1087
vt 0.6574 0.2231
vt 0.4671 0.1087
vt 0.6574 0.0000
vt 0.6574 0.1087
vt 0.6574 0.9915
vt 0.8476 0.9450
vt 0.8476 0.9915
vt 0.6574 0.9450
vt 0.8476 0.8925
vt 0.8476 0.9450
vt 0.6574 0.8925
vt 0.8476 0.8410
vt 0.8476 0.8925
vt 0.6574 0.8410
vt 0.8476 0.7888
vt 0.8476 0.8410
vt 0.6574 0.7888
vt 0.8476 0.7341
vt 0.8476 0.7888
vt 0.8476 0.7341
vt 0.8476 0.6751
vt 0.8476 0.6088
vt 0.8476 0.5313
vt 0.8476 0.4399
vt 0.8476 0.3357
vt 0.8476 0.2231
vt 0.8476 0.1087
vt 1.0379 0.9915
vt 1.0379 0.9450
vt 1.0379 0.8925
vt 1.0379 0.8410
vt 0.8476 0.7888
vt 1.0379 0.7341
vt 1.0379 0.7888
vt 0.8476 0.7341
vt 1.0379 0.6751
vt 1.0379 0.7341
vt 0.8476 0.6751
vt 1.0379 0.6088
vt 1.0379 0.6751
vt 0.8476 0.6088
vt 1.0379 0.5313
vt 1.0379 0.6088
vt 0.8476 0.5313
vt 1.0379 0.4399
vt 1.0379 0.5313
vt 0.8476 0.4399
vt 1.0379 0.3357
vt 1.0379 0.4399
vt 0.8476 0.3357
vt 1.0379 0.2231
vt 1.0379 0.3357
vt 0.8476 0.2231
vt 1.0379 0.1087
vt 1.0379 0.2231
vt 0.8476 0.1087
vt 1.0379 0.0000
vt 1.0379 0.1087
vt 1.0379 0.9915
vt 1.0379 0.0000
vt 0.4671 0.0000
vt 0.6574 0.0000
vt 0.8476 0.0000
vt 0.4628 0.9908
vt 0.6009 0.9395
vt 0.6009 0.9908
vt 0.4628 0.9395
vt 0.6009 0.8804
vt 0.6009 0.9395
vt 0.4628 0.8219
vt 0.6009 0.8804
vt 0.4628 0.8804
vt 0.4628 0.7629
vt 0.6009 0.8219
vt 0.4628 0.8219
vt 0.4628 0.7025
vt 0.6009 0.7629
vt 0.4628 0.7629
vt 0.4628 0.6399
vt 0.6009 0.7025
vt 0.4628 0.7025
vt 0.4628 0.5736
vt 0.6009 0.6399
vt 0.4628 0.6399
vt 0.4628 0.5023
vt 0.6009 0.5736
vt 0.4628 0.5736
vt 0.4628 0.4252
vt 0.6009 0.5023
vt 0.4628 0.5023
vt 0.4628 0.3434
vt 0.6009 0.4252
vt 0.4628 0.4252
vt 0.4628 0.2582
vt 0.6009 0.3434
vt 0.4628 0.3434
vt 0.4628 0.1713
vt 0.6009 0.2582
vt 0.4628 0.2582
vt 0.4628 0.0846
vt 0.6009 0.1713
vt 0.4628 0.1713
vt 0.4628 0.0000
vt 0.6009 0.0846
vt 0.4628 0.0846
vt 0.7391 0.9908
vt 0.7391 0.9395
vt 0.6009 0.8219
vt 0.7391 0.8804
vt 0.6009 0.8804
vt 0.6009 0.8219
vt 0.7391 0.7629
vt 0.7391 0.8219
vt 0.6009 0.7629
vt 0.7391 0.7025
vt 0.7391 0.7629
vt 0.6009 0.7025
vt 0.7391 0.6399
vt 0.7391 0.7025
vt 0.6009 0.6399
vt 0.7391 0.5736
vt 0.7391 0.6399
vt 0.6009 0.5736
vt 0.7391 0.5023
vt 0.7391 0.5736
vt 0.6009 0.5023
vt 0.7391 0.4252
vt 0.7391 0.5023
vt 0.6009 0.4252
vt 0.7391 0.3434
vt 0.7391 0.4252
vt 0.6009 0.3434
vt 0.7391 0.2582
vt 0.7391 0.3434
vt 0.6009 0.2582
vt 0.7391 0.1713
vt 0.7391 0.2582
vt 0.6009 0.1713
vt 0.7391 0.0846
vt 0.7391 0.1713
vt 0.6009 0.0846
vt 0.7391 0.0000
vt 0.7391 0.0846
vt 0.7391 0.9908
vt 0.8772 0.9395
vt 0.8772 0.9908
vt 0.7391 0.9395
vt 0.8772 0.8804
vt 0.8772 0.9395
vt 0.7391 0.8804
vt 0.8772 0.8219
vt 0.8772 0.8804
vt 0.8772 0.8219
vt 0.8772 0.7629
vt 0.8772 0.7025
vt 0.8772 0.6399
vt 0.8772 0.5736
vt 0.8772 0.5023
vt 0.8772 0.4252
vt 0.8772 0.3434
vt 0.8772 0.2582
vt 0.8772 0.1713
vt 0.8772 0.0846
vt 1.0153 0.9908
vt 1.0153 0.9395
vt 1.0153 0.8804
vt 0.8772 0.7629
vt 1.0153 0.8219
vt 0.8772 0.8219
vt 0.8772 0.7629
vt 1.0153 0.7025
vt 1.0153 0.7629
vt 0.8772 0.7025
vt 1.0153 0.6399
vt 1.0153 0.7025
vt 0.8772 0.6399
vt 1.0153 0.5736
vt 1.0153 0.6399
vt 0.8772 0.5736
vt 1.0153 0.5023
vt 1.0153 0.5736
vt 0.8772 0.5023
vt 1.0153 0.4252
vt 1.0153 0.5023
vt 0.8772 0.4252
vt 1.0153 0.3434
vt 1.0153 0.4252
vt 0.8772 0.3434
vt 1.0153 0.2582
vt 1.0153 0.3434
vt 0.8772 0.2582
vt 1.0153 0.1713
vt 1.0153 0.2582
vt 0.8772 0.1713
vt 1.0153 0.0846
vt 1.0153 0.1713
vt 0.8772 0.0846
vt 1.0153 0.0000
vt 1.0153 0.0846
vt 1.0153 0.9908
vt 1.0153 0.0000
vt 0.6009 0.0000
vt 0.7391 0.0000
vt 0.8772 0.0000
vt 0.0000 0.9913
vt 0.2500 0.9525
vt 0.2500 0.9913
vt 0.0000 0.9525
vt 0.2500 0.9067
vt 0.2500 0.9525
vt 0.0000 0.9067
vt 0.2500 0.8618
vt 0.2500 0.9067
vt 0.0000 0.8618
vt 0.2500 0.8169
vt 0.2500 0.8618
vt 0.0000 0.8169
vt 0.2500 0.7713
vt 0.2500 0.8169
vt 0.0000 0.7713
vt 0.2500 0.7240
vt 0.2500 0.7713
vt 0.0000 0.7240
vt 0.2500 0.6742
vt 0.2500 0.7240
vt 0.0000 0.6742
vt 0.2500 0.6206
vt 0.2500 0.6742
vt 0.0000 0.5615
vt 0.2500 0.6206
vt 0.0000 0.6206
vt 0.0000 0.4950
vt 0.2500 0.5615
vt 0.0000 0.5615
vt 0.0000 0.4212
vt 0.2500 0.4950
vt 0.0000 0.4950
vt 0.0000 0.3410
vt 0.2500 0.4212
vt 0.0000 0.4212
vt 0.0000 0.2561
vt 0.2500 0.3410
vt 0.0000 0.3410
vt 0.0000 0.1690
vt 0.2500 0.2561
vt 0.0000 0.2561
vt 0.0000 0.0827
vt 0.2500 0.1690
vt 0.0000 0.1690
vt 0.0000 0.0000
vt 0.2500 0.0827
vt 0.0000 0.0827
vt 0.5000 0.9913
vt 0.5000 0.9525
vt 0.5000 0.9067
vt 0.5000 0.8618
vt 0.5000 0.8169
vt 0.5000 0.7713
vt 0.5000 0.7240
vt 0.5000 0.6742
vt 0.2500 0.6206
vt 0.5000 0.5615
vt 0.5000 0.6206
vt 0.2500 0.5615
vt 0.5000 0.4950
vt 0.5000 0.5615
vt 0.2500 0.4950
vt 0.5000 0.4212
vt 0.5000 0.4950
vt 0.2500 0.4212
vt 0.5000 0.3410
vt 0.5000 0.4212
vt 0.2500 0.3410
vt 0.5000 0.2561
vt 0.5000 0.3410
vt 0.2500 0.2561
vt 0.5000 0.1690
vt 0.5000 0.2561
vt 0.2500 0.1690
vt 0.5000 0.0827
vt 0.5000 0.1690
vt 0.2500 0.0827
vt 0.5000 0.0000
vt 0.5000 0.0827
vt 0.5000 0.9913
vt 0.7500 0.9525
vt 0.7500 0.9913
vt 0.5000 0.9525
vt 0.7500 0.9067
vt 0.7500 0.9525
vt 0.5000 0.9067
vt 0.7500 0.8618
vt 0.7500 0.9067
vt 0.5000 0.8618
vt 0.7500 0.8169
vt 0.7500 0.8618
vt 0.5000 0.8169
vt 0.7500 0.7713
vt 0.7500 0.8169
vt 0.5000 0.7713
vt 0.7500 0.7240
vt 0.7500 0.7713
vt 0.5000 0.7240
vt 0.7500 0.6742
vt 0.7500 0.7240
vt 0.5000 0.6742
vt 0.7500 0.6206
vt 0.7500 0.6742
vt 0.7500 0.6206
vt 0.7500 0.5615
vt 0.7500 0.4950
vt 0.7500 0.4212
vt 0.7500 0.3410
vt 0.7500 0.2561
vt 0.7500 0.1690
vt 0.7500 0.0827
vt 1.0000 0.9913
vt 1.0000 0.9525
vt 1.0000 0.9067
vt 1.0000 0.8618
vt 1.0000 0.8169
vt 1.0000 0.7713
vt 1.0000 0.7240
vt 0.7500 0.6742
vt 1.0000 0.6206
vt 1.0000 0.6742
vt 0.7500 0.6206
vt 1.0000 0.5615
vt 1.0000 0.6206
vt 0.7500 0.5615
vt 1.0000 0.4950
vt 1.0000 0.5615
vt 0.7500 0.4950
vt 1.0000 0.4212
vt 1.0000 0.4950
vt 0.7500 0.4212
vt 1.0000 0.3410
vt 1.0000 0.4212
vt 0.7500 0.3410
vt 1.0000 0.2561
vt 1.0000 0.3410
vt 0.7500 0.2561
vt 1.0000 0.1690
vt 1.0000 0.2561
vt 0.7500 0.1690
vt 1.0000 0.0827
vt 1.0000 0.1690
vt 0.7500 0.0827
vt 1.0000 0.0000
vt 1.0000 0.0827
vt 1.0000 0.9913
vt 1.0000 0.0000
vt 0.2500 0.0000
vt 0.5000 0.0000
vt 0.2645 0.9908
vt 0.4414 0.9501
vt 0.4414 0.9908
vt 0.2645 0.9501
vt 0.4414 0.9012
vt 0.4414 0.9501
vt 0.2645 0.9012
vt 0.4414 0.8529
vt 0.4414 0.9012
vt 0.2645 0.8529
vt 0.4414 0.8046
vt 0.4414 0.8529
vt 0.2645 0.8046
vt 0.4414 0.7559
vt 0.4414 0.8046
vt 0.2645 0.7559
vt 0.4414 0.7062
vt 0.4414 0.7559
vt 0.2645 0.7062
vt 0.4414 0.6549
vt 0.4414 0.7062
vt 0.2645 0.6549
vt 0.4414 0.6014
vt 0.4414 0.6549
vt 0.2645 0.5449
vt 0.4414 0.6014
vt 0.2645 0.6014
vt 0.2645 0.4846
vt 0.4414 0.5449
vt 0.2645 0.5449
vt 0.2645 0.4205
vt 0.4414 0.4846
vt 0.2645 0.4846
vt 0.2645 0.3533
vt 0.4414 0.4205
vt 0.2645 0.4205
vt 0.2645 0.2835
vt 0.4414 0.3533
vt 0.2645 0.3533
vt 0.2645 0.2123
vt 0.4414 0.2835
vt 0.2645 0.2835
vt 0.2645 0.1405
vt 0.4414 0.2123
vt 0.2645 0.2123
vt 0.2645 0.0694
vt 0.4414 0.1405
vt 0.2645 0.1405
vt 0.2645 0.0000
vt 0.4414 0.0694
vt 0.2645 0.0694
vt 0.6183 0.9908
vt 0.6183 0.9501
vt 0.6183 0.9012
vt 0.6183 0.8529
vt 0.6183 0.8046
vt 0.6183 0.7559
vt 0.6183 0.7062
vt 0.4414 0.6549
vt 0.6183 0.6014
vt 0.6183 0.6549
vt 0.4414 0.6014
vt 0.6183 0.5449
vt 0.6183 0.6014
vt 0.4414 0.5449
vt 0.6183 0.4846
vt 0.6183 0.5449
vt 0.4414 0.4846
vt 0.6183 0.4205
vt 0.6183 0.4846
vt 0.4414 0.4205
vt 0.6183 0.3533
vt 0.6183 0.4205
vt 0.4414 0.3533
vt 0.6183 0.2835
vt 0.6183 0.3533
vt 0.4414 0.2835
vt 0.6183 0.2123
vt 0.6183 0.2835
vt 0.4414 0.2123
vt 0.6183 0.1405
vt 0.6183 0.2123
vt 0.4414 0.1405
vt 0.6183 0.0694
vt 0.6183 0.1405
vt 0.4414 0.0694
vt 0.6183 0.0000
vt 0.6183 0.0694
vt 0.6183 0.9908
vt 0.7952 0.9501
vt 0.7952 0.9908
vt 0.6183 0.9501
vt 0.7952 0.9012
vt 0.7952 0.9501
vt 0.6183 0.9012
vt 0.7952 0.8529
vt 0.7952 0.9012
vt 0.6183 0.8529
vt 0.7952 0.8046
vt 0.7952 0.8529
vt 0.6183 0.8046
vt 0.7952 0.7559
vt 0.7952 0.8046
vt 0.6183 0.7559
vt 0.7952 0.7062
vt 0.7952 0.7559
vt 0.6183 0.7062
vt 0.7952 0.6549
vt 0.7952 0.7062
vt 0.6183 0.6549
vt 0.7952 0.6014
vt 0.7952 0.6549
vt 0.7952 0.6014
vt 0.7952 0.5449
vt 0.7952 0.4846
vt 0.7952 0.4205
vt 0.7952 0.3533
vt 0.7952 0.2835
vt 0.7952 0.2123
vt 0.7952 0.1405
vt 0.7952 0.0694
vt 0.9721 0.9908
vt 0.9721 0.9501
vt 0.9721 0.9012
vt 0.9721 0.8529
vt 0.9721 0.8046
vt 0.9721 0.7559
vt 0.9721 0.7062
vt 0.9721 0.6549
vt 0.7952 0.6014
vt 0.9721 0.5449
vt 0.9721 0.6014
vt 0.7952 0.5449
vt 0.9721 0.4846
vt 0.9721 0.5449
vt 0.7952 0.4846
vt 0.9721 0.4205
vt 0.9721 0.4846
vt 0.7952 0.4205
vt 0.9721 0.3533
vt 0.9721 0.4205
vt 0.7952 0.3533
vt 0.9721 0.2835
vt 0.9721 0.3533
vt 0.7952 0.2835
vt 0.9721 0.2123
vt 0.9721 0.2835
vt 0.7952 0.2123
vt 0.9721 0.1405
vt 0.9721 0.2123
vt 0.7952 0.1405
vt 0.9721 0.0694
vt 0.9721 0.1405
vt 0.7952 0.0694
vt 0.9721 0.0000
vt 0.9721 0.0694
vt 0.9721 0.9908
vt 0.9721 0.0000
vt 0.4414 0.0000
vt 0.6183 0.0000
vt 0.3223 0.9920
vt 0.4684 0.9621
vt 0.4684 0.9920
vt 0.3223 0.9621
vt 0.4684 0.9262
vt 0.4684 0.9621
vt 0.3223 0.9262
vt 0.4684 0.8916
vt 0.4684 0.9262
vt 0.3223 0.8916
vt 0.4684 0.8573
vt 0.4684 0.8916
vt 0.3223 0.8573
vt 0.4684 0.8227
vt 0.4684 0.8573
vt 0.3223 0.8227
vt 0.4684 0.7869
vt 0.4684 0.8227
vt 0.3223 0.7869
vt 0.4684 0.7491
vt 0.4684 0.7869
vt 0.3223 0.7080
vt 0.4684 0.7491
vt 0.3223 0.7491
vt 0.3223 0.6624
vt 0.4684 0.7080
vt 0.3223 0.7080
vt 0.3223 0.6099
vt 0.4684 0.6624
vt 0.3223 0.6624
vt 0.3223 0.5476
vt 0.4684 0.6099
vt 0.3223 0.6099
vt 0.3223 0.4735
vt 0.4684 0.5476
vt 0.3223 0.5476
vt 0.3223 0.3879
vt 0.4684 0.4735
vt 0.3223 0.4735
vt 0.3223 0.2927
vt 0.4684 0.3879
vt 0.3223 0.3879
vt 0.3223 0.1923
vt 0.4684 0.2927
vt 0.3223 0.2927
vt 0.3223 0.0928
vt 0.4684 0.1923
vt 0.3223 0.1923
vt 0.3223 0.0000
vt 0.4684 0.0928
vt 0.3223 0.0928
vt 0.6146 0.9920
vt 0.6146 0.9621
vt 0.6146 0.9262
vt 0.6146 0.8916
vt 0.6146 0.8573
vt 0.6146 0.8227
vt 0.6146 0.7869
vt 0.4684 0.7080
vt 0.6146 0.7491
vt 0.4684 0.7491
vt 0.4684 0.6624
vt 0.6146 0.7080
vt 0.4684 0.7080
vt 0.4684 0.6624
vt 0.6146 0.6099
vt 0.6146 0.6624
vt 0.4684 0.6099
vt 0.6146 0.5476
vt 0.6146 0.6099
vt 0.4684 0.5476
vt 0.6146 0.4735
vt 0.6146 0.5476
vt 0.4684 0.4735
vt 0.6146 0.3879
vt 0.6146 0.4735
vt 0.4684 0.3879
vt 0.6146 0.2927
vt 0.6146 0.3879
vt 0.4684 0.2927
vt 0.6146 0.1923
vt 0.6146 0.2927
vt 0.4684 0.1923
vt 0.6146 0.0928
vt 0.6146 0.1923
vt 0.4684 0.0928
vt 0.6146 0.0000
vt 0.6146 0.0928
vt 0.6146 0.9920
vt 0.7607 0.9621
vt 0.7607 0.9920
vt 0.6146 0.9621
vt 0.7607 0.9262
vt 0.7607 0.9621
vt 0.6146 0.9262
vt 0.7607 0.8916
vt 0.7607 0.9262
vt 0.6146 0.8916
vt 0.7607 0.8573
vt 0.7607 0.8916
vt 0.6146 0.8573
vt 0.7607 0.8227
vt 0.7607 0.8573
vt 0.6146 0.8227
vt 0.7607 0.7869
vt 0.7607 0.8227
vt 0.6146 0.7869
vt 0.7607 0.7491
vt 0.7607 0.7869
vt 0.6146 0.7491
vt 0.7607 0.7080
vt 0.7607 0.7491
vt 0.6146 0.6624
vt 0.7607 0.7080
vt 0.6146 0.7080
vt 0.7607 0.6624
vt 0.7607 0.6099
vt 0.7607 0.5476
vt 0.7607 0.4735
vt 0.7607 0.3879
vt 0.7607 0.2927
vt 0.7607 0.1923
vt 0.7607 0.0928
vt 0.9069 0.9920
vt 0.9069 0.9621
vt 0.9069 0.9262
vt 0.9069 0.8916
vt 0.9069 0.8573
vt 0.9069 0.8227
vt 0.9069 0.7869
vt 0.9069 0.7491
vt 0.7607 0.6624
vt 0.9069 0.7080
vt 0.7607 0.7080
vt 0.7607 0.6624
vt 0.9069 0.6099
vt 0.9069 0.6624
vt 0.7607 0.6099
vt 0.9069 0.5476
vt 0.9069 0.6099
vt 0.7607 0.5476
vt 0.9069 0.4735
vt 0.9069 0.5476
vt 0.7607 0.4735
vt 0.9069 0.3879
vt 0.9069 0.4735
vt 0.7607 0.3879
vt 0.9069 0.2927
vt 0.9069 0.3879
vt 0.7607 0.2927
vt 0.9069 0.1923
vt 0.9069 0.2927
vt 0.7607 0.1923
vt 0.9069 0.0928
vt 0.9069 0.1923
vt 0.7607 0.0928
vt 0.9069 0.0000
vt 0.9069 0.0928
vt 0.9069 0.9920
vt 0.9069 0.0000
vt 0.4684 0.0000
vt 0.6146 0.0000
vt 0.3140 0.9450
vt 0.4794 0.9915
vt 0.3140 0.9915
vt 0.3140 0.8925
vt 0.4794 0.9450
vt 0.3140 0.9450
vt 0.3140 0.8410
vt 0.4794 0.8925
vt 0.3140 0.8925
vt 0.3140 0.7888
vt 0.4794 0.8410
vt 0.3140 0.8410
vt 0.3140 0.7341
vt 0.4794 0.7888
vt 0.3140 0.7888
vt 0.3140 0.6751
vt 0.4794 0.7341
vt 0.3140 0.7341
vt 0.3140 0.6088
vt 0.4794 0.6751
vt 0.3140 0.6751
vt 0.3140 0.5313
vt 0.4794 0.6088
vt 0.3140 0.6088
vt 0.3140 0.4399
vt 0.4794 0.5313
vt 0.3140 0.5313
vt 0.3140 0.3357
vt 0.4794 0.4399
vt 0.3140 0.4399
vt 0.3140 0.2231
vt 0.4794 0.3357
vt 0.3140 0.3357
vt 0.3140 0.1087
vt 0.4794 0.2231
vt 0.3140 0.2231
vt 0.3140 0.0000
vt 0.4794 0.1087
vt 0.3140 0.1087
vt 0.4794 0.9915
vt 0.6447 0.9450
vt 0.6447 0.9915
vt 0.4794 0.9450
vt 0.6447 0.8925
vt 0.6447 0.9450
vt 0.4794 0.8410
vt 0.6447 0.8925
vt 0.4794 0.8925
vt 0.4794 0.7888
vt 0.6447 0.8410
vt 0.4794 0.8410
vt 0.4794 0.7888
vt 0.6447 0.7341
vt 0.6447 0.7888
vt 0.4794 0.7341
vt 0.6447 0.6751
vt 0.6447 0.7341
vt 0.4794 0.6751
vt 0.6447 0.6088
vt 0.6447 0.6751
vt 0.4794 0.6088
vt 0.6447 0.5313
vt 0.6447 0.6088
vt 0.4794 0.5313
vt 0.6447 0.4399
vt 0.6447 0.5313
vt 0.4794 0.4399
vt 0.6447 0.3357
vt 0.6447 0.4399
vt 0.4794 0.3357
vt 0.6447 0.2231
vt 0.6447 0.3357
vt 0.4794 0.2231
vt 0.6447 0.1087
vt 0.6447 0.2231
vt 0.8100 0.9915
vt 0.8100 0.9450
vt 0.6447 0.8410
vt 0.8100 0.8925
vt 0.6447 0.8925
vt 0.6447 0.8410
vt 0.8100 0.7888
vt 0.8100 0.8410
vt 0.8100 0.7888
vt 0.8100 0.7341
vt 0.8100 0.6751
vt 0.8100 0.6088
vt 0.8100 0.5313
vt 0.8100 0.4399
vt 0.8100 0.3357
vt 0.8100 0.2231
vt 0.8100 0.9915
vt 0.9753 0.9450
vt 0.9753 0.9915
vt 0.8100 0.8925
vt 0.9753 0.9450
vt 0.8100 0.9450
vt 0.8100 0.8410
vt 0.9753 0.8925
vt 0.8100 0.8925
vt 0.9753 0.8410
vt 0.8100 0.7888
vt 0.9753 0.7341
vt 0.9753 0.7888
vt 0.8100 0.7341
vt 0.9753 0.6751
vt 0.9753 0.7341
vt 0.8100 0.6751
vt 0.9753 0.6088
vt 0.9753 0.6751
vt 0.8100 0.6088
vt 0.9753 0.5313
vt 0.9753 0.6088
vt 0.8100 0.5313
vt 0.9753 0.4399
vt 0.9753 0.5313
vt 0.8100 0.4399
vt 0.9753 0.3357
vt 0.9753 0.4399
vt 0.8100 0.3357
vt 0.9753 0.2231
vt 0.9753 0.3357
vt 0.8100 0.2231
vt 0.9753 0.1087
vt 0.9753 0.2231
vt 0.8100 0.1087
vt 0.9753 0.0000
vt 0.9753 0.1087
vt 0.9753 0.9915
vt 0.2893 0.9595
vt 0.4909 0.9923
vt 0.2893 0.9923
vt 0.2893 0.9218
vt 0.4909 0.9595
vt 0.2893 0.9595
vt 0.2893 0.8854
vt 0.4909 0.9218
vt 0.2893 0.9218
vt 0.2893 0.8492
vt 0.4909 0.8854
vt 0.2893 0.8854
vt 0.2893 0.8120
vt 0.4909 0.8492
vt 0.2893 0.8492
vt 0.2893 0.7727
vt 0.4909 0.8120
vt 0.2893 0.8120
vt 0.2893 0.7297
vt 0.4909 0.7727
vt 0.2893 0.7727
vt 0.2893 0.6808
vt 0.4909 0.7297
vt 0.2893 0.7297
vt 0.2893 0.6229
vt 0.4909 0.6808
vt 0.2893 0.6808
vt 0.2893 0.5508
vt 0.4909 0.6229
vt 0.2893 0.6229
vt 0.2893 0.4612
vt 0.4909 0.5508
vt 0.2893 0.5508
vt 0.2893 0.3542
vt 0.4909 0.4612
vt 0.2893 0.4612
vt 0.2893 0.2345
vt 0.4909 0.3542
vt 0.2893 0.3542
vt 0.2893 0.1125
vt 0.4909 0.2345
vt 0.2893 0.2345
vt 0.4909 0.9923
vt 0.6926 0.9595
vt 0.6926 0.9923
vt 0.4909 0.9595
vt 0.6926 0.9218
vt 0.6926 0.9595
vt 0.4909 0.9218
vt 0.6926 0.8854
vt 0.6926 0.9218
vt 0.4909 0.8854
vt 0.6926 0.8492
vt 0.6926 0.8854
vt 0.4909 0.8492
vt 0.6926 0.8120
vt 0.6926 0.8492
vt 0.4909 0.8120
vt 0.6926 0.7727
vt 0.6926 0.8120
vt 0.4909 0.7727
vt 0.6926 0.7297
vt 0.6926 0.7727
vt 0.4909 0.7297
vt 0.6926 0.6808
vt 0.6926 0.7297
vt 0.4909 0.6808
vt 0.6926 0.6229
vt 0.6926 0.6808
vt 0.4909 0.6229
vt 0.6926 0.5508
vt 0.6926 0.6229
vt 0.4909 0.5508
vt 0.6926 0.4612
vt 0.6926 0.5508
vt 0.4909 0.4612
vt 0.6926 0.3542
vt 0.6926 0.4612
vt 0.4909 0.3542
vt 0.6926 0.2345
vt 0.6926 0.3542
vt 0.4909 0.2345
vt 0.6926 0.1125
vt 0.6926 0.2345
vt 0.8943 0.9923
vt 0.8943 0.9595
vt 0.8943 0.9218
vt 0.8943 0.8854
vt 0.8943 0.8492
vt 0.8943 0.8120
vt 0.8943 0.7727
vt 0.8943 0.7297
vt 0.8943 0.6808
vt 0.8943 0.6229
vt 0.8943 0.5508
vt 0.8943 0.4612
vt 0.8943 0.3542
vt 0.8943 0.2345
vt 0.8943 0.9923
vt 1.0959 0.9595
vt 1.0959 0.9923
vt 0.8943 0.9595
vt 1.0959 0.9218
vt 1.0959 0.9595
vt 0.8943 0.9218
vt 1.0959 0.8854
vt 1.0959 0.9218
vt 0.8943 0.8854
vt 1.0959 0.8492
vt 1.0959 0.8854
vt 0.8943 0.8492
vt 1.0959 0.8120
vt 1.0959 0.8492
vt 0.8943 0.8120
vt 1.0959 0.7727
vt 1.0959 0.8120
vt 0.8943 0.7727
vt 1.0959 0.7297
vt 1.0959 0.7727
vt 0.8943 0.7297
vt 1.0959 0.6808
vt 1.0959 0.7297
vt 0.8943 0.6808
vt 1.0959 0.6229
vt 1.0959 0.6808
vt 0.8943 0.6229
vt 1.0959 0.5508
vt 1.0959 0.6229
vt 0.8943 0.5508
vt 1.0959 0.4612
vt 1.0959 0.5508
vt 0.8943 0.4612
vt 1.0959 0.3542
vt 1.0959 0.4612
vt 0.8943 0.3542
vt 1.0959 0.2345
vt 1.0959 0.3542
vt 0.8943 0.2345
vt 1.0959 0.1125
vt 1.0959 0.2345
vt 1.0959 0.9923
vt 0.3698 0.9915
vt 0.3698 0.9450
vt 0.5250 0.9450
vt 0.5250 0.8925
vt 0.3698 0.8925
vt 0.5250 0.8410
vt 0.5250 0.8925
vt 0.3698 0.8410
vt 0.5250 0.7888
vt 0.5250 0.8410
vt 0.3698 0.7888
vt 0.5250 0.7341
vt 0.5250 0.7888
vt 0.3698 0.7341
vt 0.5250 0.6751
vt 0.5250 0.7341
vt 0.3698 0.6751
vt 0.5250 0.6088
vt 0.5250 0.6751
vt 0.3698 0.5313
vt 0.5250 0.6088
vt 0.3698 0.6088
vt 0.3698 0.4399
vt 0.5250 0.5313
vt 0.3698 0.5313
vt 0.3698 0.3357
vt 0.5250 0.4399
vt 0.3698 0.4399
vt 0.3698 0.2231
vt 0.5250 0.3357
vt 0.3698 0.3357
vt 0.3698 0.1087
vt 0.5250 0.2231
vt 0.3698 0.2231
vt 0.5250 0.9915
vt 0.6801 0.9450
vt 0.6801 0.8925
vt 0.6801 0.8410
vt 0.6801 0.7888
vt 0.6801 0.7341
vt 0.6801 0.6751
vt 0.5250 0.6088
vt 0.6801 0.5313
vt 0.6801 0.6088
vt 0.5250 0.5313
vt 0.6801 0.4399
vt 0.6801 0.5313
vt 0.5250 0.4399
vt 0.6801 0.3357
vt 0.6801 0.4399
vt 0.5250 0.3357
vt 0.6801 0.2231
vt 0.6801 0.3357
vt 0.5250 0.2231
vt 0.6801 0.1087
vt 0.6801 0.2231
vt 0.6801 0.9915
vt 0.8352 0.9450
vt 0.8352 0.8925
vt 0.6801 0.8925
vt 0.8352 0.8410
vt 0.8352 0.8925
vt 0.6801 0.8410
vt 0.8352 0.7888
vt 0.8352 0.8410
vt 0.6801 0.7888
vt 0.8352 0.7341
vt 0.8352 0.7888
vt 0.6801 0.7341
vt 0.8352 0.6751
vt 0.8352 0.7341
vt 0.6801 0.6751
vt 0.8352 0.6088
vt 0.8352 0.6751
vt 0.8352 0.6088
vt 0.8352 0.5313
vt 0.8352 0.4399
vt 0.8352 0.3357
vt 0.8352 0.2231
vt 0.8352 0.9915
vt 0.9903 0.9450
vt 0.9903 0.8925
vt 0.9903 0.8410
vt 0.9903 0.7888
vt 0.9903 0.7341
vt 0.9903 0.6751
vt 0.8352 0.6088
vt 0.9903 0.5313
vt 0.9903 0.6088
vt 0.8352 0.5313
vt 0.9903 0.4399
vt 0.9903 0.5313
vt 0.8352 0.4399
vt 0.9903 0.3357
vt 0.9903 0.4399
vt 0.8352 0.3357
vt 0.9903 0.2231
vt 0.9903 0.3357
vt 0.8352 0.2231
vt 0.9903 0.1087
vt 0.9903 0.2231
vt 0.4194 0.9915
vt 0.4194 0.9488
vt 0.5677 0.9488
vt 0.5677 0.8999
vt 0.4194 0.8999
vt 0.5677 0.8520
vt 0.5677 0.8999
vt 0.4194 0.8520
vt 0.5677 0.8039
vt 0.5677 0.8520
vt 0.4194 0.8039
vt 0.5677 0.7540
vt 0.5677 0.8039
vt 0.4194 0.7540
vt 0.5677 0.7011
vt 0.5677 0.7540
vt 0.4194 0.7011
vt 0.5677 0.6431
vt 0.5677 0.7011
vt 0.4194 0.5773
vt 0.5677 0.6431
vt 0.4194 0.6431
vt 0.4194 0.5003
vt 0.5677 0.5773
vt 0.4194 0.5773
vt 0.4194 0.4113
vt 0.5677 0.5003
vt 0.4194 0.5003
vt 0.4194 0.3121
vt 0.5677 0.4113
vt 0.4194 0.4113
vt 0.4194 0.2067
vt 0.5677 0.3121
vt 0.4194 0.3121
vt 0.4194 0.1007
vt 0.5677 0.2067
vt 0.4194 0.2067
vt 0.5677 0.9915
vt 0.7160 0.9488
vt 0.7160 0.8999
vt 0.7160 0.8520
vt 0.7160 0.8039
vt 0.7160 0.7540
vt 0.7160 0.7011
vt 0.5677 0.5773
vt 0.7160 0.6431
vt 0.5677 0.6431
vt 0.5677 0.5003
vt 0.7160 0.5773
vt 0.5677 0.5773
vt 0.5677 0.5003
vt 0.7160 0.4113
vt 0.7160 0.5003
vt 0.5677 0.4113
vt 0.7160 0.3121
vt 0.7160 0.4113
vt 0.5677 0.3121
vt 0.7160 0.2067
vt 0.7160 0.3121
vt 0.5677 0.2067
vt 0.7160 0.1007
vt 0.7160 0.2067
vt 0.5677 0.1007
vt 0.7160 0.0000
vt 0.7160 0.1007
vt 0.7160 0.9915
vt 0.8643 0.9488
vt 0.8643 0.8999
vt 0.7160 0.8999
vt 0.8643 0.8520
vt 0.8643 0.8999
vt 0.7160 0.8520
vt 0.8643 0.8039
vt 0.8643 0.8520
vt 0.7160 0.8039
vt 0.8643 0.7540
vt 0.8643 0.8039
vt 0.7160 0.7540
vt 0.8643 0.7011
vt 0.8643 0.7540
vt 0.7160 0.7011
vt 0.8643 0.6431
vt 0.8643 0.7011
vt 0.7160 0.5773
vt 0.8643 0.6431
vt 0.7160 0.6431
vt 0.7160 0.5003
vt 0.8643 0.5773
vt 0.7160 0.5773
vt 0.8643 0.5003
vt 0.8643 0.4113
vt 0.8643 0.3121
vt 0.8643 0.2067
vt 0.8643 0.1007
vt 0.8643 0.9915
vt 1.0126 0.9488
vt 1.0126 0.8999
vt 1.0126 0.8520
vt 1.0126 0.8039
vt 1.0126 0.7540
vt 1.0126 0.7011
vt 0.8643 0.5773
vt 1.0126 0.6431
vt 0.8643 0.6431
vt 0.8643 0.5773
vt 1.0126 0.5003
vt 1.0126 0.5773
vt 0.8643 0.5003
vt 1.0126 0.4113
vt 1.0126 0.5003
vt 0.8643 0.4113
vt 1.0126 0.3121
vt 1.0126 0.4113
vt 0.8643 0.3121
vt 1.0126 0.2067
vt 1.0126 0.3121
vt 0.8643 0.2067
vt 1.0126 0.1007
vt 1.0126 0.2067
vt 0.4008 0.9920
vt 0.4008 0.9542
vt 0.5449 0.9542
vt 0.5449 0.9113
vt 0.4008 0.9113
vt 0.5449 0.8695
vt 0.5449 0.9113
vt 0.4008 0.8695
vt 0.5449 0.8277
vt 0.5449 0.8695
vt 0.4008 0.8277
vt 0.5449 0.7843
vt 0.5449 0.8277
vt 0.4008 0.7843
vt 0.5449 0.7377
vt 0.5449 0.7843
vt 0.4008 0.7377
vt 0.5449 0.6859
vt 0.5449 0.7377
vt 0.4008 0.6859
vt 0.5449 0.6257
vt 0.5449 0.6859
vt 0.4008 0.5524
vt 0.5449 0.6257
vt 0.4008 0.6257
vt 0.4008 0.4620
vt 0.5449 0.5524
vt 0.4008 0.5524
vt 0.4008 0.3548
vt 0.5449 0.4620
vt 0.4008 0.4620
vt 0.4008 0.2356
vt 0.5449 0.3548
vt 0.4008 0.3548
vt 0.4008 0.1137
vt 0.5449 0.2356
vt 0.4008 0.2356
vt 0.4008 0.1137
vt 0.5449 0.0000
vt 0.5449 0.1137
vt 0.5449 0.9920
vt 0.6889 0.9542
vt 0.6889 0.9113
vt 0.6889 0.8695
vt 0.6889 0.8277
vt 0.6889 0.7843
vt 0.6889 0.7377
vt 0.6889 0.6859
vt 0.5449 0.6257
vt 0.6889 0.5524
vt 0.6889 0.6257
vt 0.5449 0.5524
vt 0.6889 0.4620
vt 0.6889 0.5524
vt 0.5449 0.4620
vt 0.6889 0.3548
vt 0.6889 0.4620
vt 0.5449 0.3548
vt 0.6889 0.2356
vt 0.6889 0.3548
vt 0.5449 0.2356
vt 0.6889 0.1137
vt 0.6889 0.2356
vt 0.5449 0.1137
vt 0.6889 0.0000
vt 0.6889 0.1137
vt 0.6889 0.9920
vt 0.8330 0.9542
vt 0.8330 0.9113
vt 0.6889 0.9113
vt 0.8330 0.8695
vt 0.8330 0.9113
vt 0.6889 0.8695
vt 0.8330 0.8277
vt 0.8330 0.8695
vt 0.6889 0.8277
vt 0.8330 0.7843
vt 0.8330 0.8277
vt 0.6889 0.7843
vt 0.8330 0.7377
vt 0.8330 0.7843
vt 0.6889 0.7377
vt 0.8330 0.6859
vt 0.8330 0.7377
vt 0.6889 0.6859
vt 0.8330 0.6257
vt 0.8330 0.6859
vt 0.8330 0.6257
vt 0.8330 0.5524
vt 0.8330 0.4620
vt 0.8330 0.3548
vt 0.8330 0.2356
vt 0.8330 0.1137
vt 0.8330 0.9920
vt 0.9770 0.9542
vt 0.9770 0.9113
vt 0.9770 0.8695
vt 0.9770 0.8277
vt 0.9770 0.7843
vt 0.9770 0.7377
vt 0.9770 0.6859
vt 0.8330 0.6257
vt 0.9770 0.5524
vt 0.9770 0.6257
vt 0.8330 0.5524
vt 0.9770 0.4620
vt 0.9770 0.5524
vt 0.8330 0.4620
vt 0.9770 0.3548
vt 0.9770 0.4620
vt 0.8330 0.3548
vt 0.9770 0.2356
vt 0.9770 0.3548
vt 0.8330 0.2356
vt 0.9770 0.1137
vt 0.9770 0.2356
vt 0.8330 0.1137
vt 0.9770 0.0000
vt 0.9770 0.1137
vt 0.0000 0.9943
vt 0.0000 0.9562
vt 0.1344 0.9562
vt 0.1344 0.9199
vt 0.0000 0.9199
vt 0.1344 0.8838
vt 0.1344 0.9199
vt 0.0000 0.8838
vt 0.1344 0.8404
vt 0.1344 0.8838
vt 0.0000 0.7782
vt 0.1344 0.8404
vt 0.0000 0.8404
vt 0.0000 0.6657
vt 0.1344 0.7782
vt 0.0000 0.7782
vt 0.0000 0.4030
vt 0.1344 0.6657
vt 0.0000 0.6657
vt 0.0000 0.4030
vt 0.1344 0.0000
vt 0.1344 0.4030
vt 0.1344 0.9943
vt 0.2689 0.9562
vt 0.2689 0.9199
vt 0.2689 0.8838
vt 0.1344 0.8404
vt 0.2689 0.7782
vt 0.2689 0.8404
vt 0.1344 0.7782
vt 0.2689 0.6657
vt 0.2689 0.7782
vt 0.1344 0.6657
vt 0.2689 0.4030
vt 0.2689 0.6657
vt 0.1344 0.4030
vt 0.2689 0.0000
vt 0.2689 0.4030
vt 0.2689 0.9943
vt 0.4033 0.9562
vt 0.4033 0.9199
vt 0.2689 0.9199
vt 0.4033 0.8838
vt 0.4033 0.9199
vt 0.2689 0.8838
vt 0.4033 0.8404
vt 0.4033 0.8838
vt 0.4033 0.8404
vt 0.4033 0.7782
vt 0.4033 0.6657
vt 0.4033 0.4030
vt 0.4033 0.9943
vt 0.5378 0.9562
vt 0.5378 0.9199
vt 0.5378 0.8838
vt 0.4033 0.8404
vt 0.5378 0.7782
vt 0.5378 0.8404
vt 0.4033 0.7782
vt 0.5378 0.6657
vt 0.5378 0.7782
vt 0.4033 0.6657
vt 0.5378 0.4030
vt 0.5378 0.6657
vt 0.4033 0.4030
vt 0.5378 0.0000
vt 0.5378 0.4030
vt 0.3822 0.9900
vt 0.5398 0.9167
vt 0.5398 0.9900
vt 0.3822 0.9167
vt 0.5398 0.8333
vt 0.5398 0.9167
vt 0.3822 0.8333
vt 0.5398 0.7500
vt 0.5398 0.8333
vt 0.3822 0.7500
vt 0.5398 0.6667
vt 0.5398 0.7500
vt 0.3822 0.6667
vt 0.5398 0.5833
vt 0.5398 0.6667
vt 0.3822 0.5000
vt 0.5398 0.5833
vt 0.3822 0.5833
vt 0.3822 0.4167
vt 0.5398 0.5000
vt 0.3822 0.5000
vt 0.3822 0.3333
vt 0.5398 0.4167
vt 0.3822 0.4167
vt 0.3822 0.2500
vt 0.5398 0.3333
vt 0.3822 0.3333
vt 0.3822 0.1667
vt 0.5398 0.2500
vt 0.3822 0.2500
vt 0.3822 0.0833
vt 0.5398 0.1667
vt 0.3822 0.1667
vt 0.3822 0.0000
vt 0.5398 0.0833
vt 0.3822 0.0833
vt 0.6973 0.9900
vt 0.6973 0.9167
vt 0.6973 0.8333
vt 0.6973 0.7500
vt 0.6973 0.6667
vt 0.5398 0.5000
vt 0.6973 0.5833
vt 0.5398 0.5833
vt 0.5398 0.5000
vt 0.6973 0.4167
vt 0.6973 0.5000
vt 0.5398 0.4167
vt 0.6973 0.3333
vt 0.6973 0.4167
vt 0.5398 0.3333
vt 0.6973 0.2500
vt 0.6973 0.3333
vt 0.5398 0.2500
vt 0.6973 0.1667
vt 0.6973 0.2500
vt 0.5398 0.1667
vt 0.6973 0.0833
vt 0.6973 0.1667
vt 0.5398 0.0833
vt 0.6973 0.0000
vt 0.6973 0.0833
vt 0.6973 0.9900
vt 0.8549 0.9167
vt 0.8549 0.9900
vt 0.6973 0.9167
vt 0.8549 0.8333
vt 0.8549 0.9167
vt 0.6973 0.8333
vt 0.8549 0.7500
vt 0.8549 0.8333
vt 0.6973 0.7500
vt 0.8549 0.6667
vt 0.8549 0.7500
vt 0.6973 0.6667
vt 0.8549 0.5833
vt 0.8549 0.6667
vt 0.6973 0.5000
vt 0.8549 0.5833
vt 0.6973 0.5833
vt 0.8549 0.5000
vt 0.8549 0.4167
vt 0.8549 0.3333
vt 0.8549 0.2500
vt 0.8549 0.1667
vt 0.8549 0.0833
vt 1.0124 0.9900
vt 1.0124 0.9167
vt 1.0124 0.8333
vt 1.0124 0.7500
vt 1.0124 0.6667
vt 0.8549 0.5000
vt 1.0124 0.5833
vt 0.8549 0.5833
vt 0.8549 0.5000
vt 1.0124 0.4167
vt 1.0124 0.5000
vt 0.8549 0.4167
vt 1.0124 0.3333
vt 1.0124 0.4167
vt 0.8549 0.3333
vt 1.0124 0.2500
vt 1.0124 0.3333
vt 0.8549 0.2500
vt 1.0124 0.1667
vt 1.0124 0.2500
vt 0.8549 0.1667
vt 1.0124 0.0833
vt 1.0124 0.1667
vt 0.8549 0.0833
vt 1.0124 0.0000
vt 1.0124 0.0833
vt 1.0124 0.9900
vt 1.0124 0.0000
vt 0.5398 0.0000
vt 0.6973 0.0000
vt 0.3884 0.9900
vt 0.5367 0.9091
vt 0.5367 0.9900
vt 0.3884 0.9091
vt 0.5367 0.8182
vt 0.5367 0.9091
vt 0.3884 0.8182
vt 0.5367 0.7273
vt 0.5367 0.8182
vt 0.3884 0.7273
vt 0.5367 0.6364
vt 0.5367 0.7273
vt 0.3884 0.6364
vt 0.5367 0.5455
vt 0.5367 0.6364
vt 0.3884 0.4545
vt 0.5367 0.5455
vt 0.3884 0.5455
vt 0.3884 0.3636
vt 0.5367 0.4545
vt 0.3884 0.4545
vt 0.3884 0.2727
vt 0.5367 0.3636
vt 0.3884 0.3636
vt 0.3884 0.1818
vt 0.5367 0.2727
vt 0.3884 0.2727
vt 0.3884 0.0909
vt 0.5367 0.1818
vt 0.3884 0.1818
vt 0.3884 0.0000
vt 0.5367 0.0909
vt 0.3884 0.0909
vt 0.6850 0.9900
vt 0.6850 0.9091
vt 0.6850 0.8182
vt 0.6850 0.7273
vt 0.6850 0.6364
vt 0.5367 0.5455
vt 0.6850 0.4545
vt 0.6850 0.5455
vt 0.5367 0.4545
vt 0.6850 0.3636
vt 0.6850 0.4545
vt 0.5367 0.3636
vt 0.6850 0.2727
vt 0.6850 0.3636
vt 0.5367 0.2727
vt 0.6850 0.1818
vt 0.6850 0.2727
vt 0.5367 0.1818
vt 0.6850 0.0909
vt 0.6850 0.1818
vt 0.5367 0.0909
vt 0.6850 0.0000
vt 0.6850 0.0909
vt 0.6850 0.9900
vt 0.8333 0.9091
vt 0.8333 0.9900
vt 0.6850 0.9091
vt 0.8333 0.8182
vt 0.8333 0.9091
vt 0.6850 0.8182
vt 0.8333 0.7273
vt 0.8333 0.8182
vt 0.6850 0.7273
vt 0.8333 0.6364
vt 0.8333 0.7273
vt 0.6850 0.6364
vt 0.8333 0.5455
vt 0.8333 0.6364
vt 0.8333 0.5455
vt 0.8333 0.4545
vt 0.8333 0.3636
vt 0.8333 0.2727
vt 0.8333 0.1818
vt 0.8333 0.0909
vt 0.9816 0.9900
vt 0.9816 0.9091
vt 0.9816 0.8182
vt 0.9816 0.7273
vt 0.9816 0.6364
vt 0.8333 0.5455
vt 0.9816 0.4545
vt 0.9816 0.5455
vt 0.8333 0.4545
vt 0.9816 0.3636
vt 0.9816 0.4545
vt 0.8333 0.3636
vt 0.9816 0.2727
vt 0.9816 0.3636
vt 0.8333 0.2727
vt 0.9816 0.1818
vt 0.9816 0.2727
vt 0.8333 0.1818
vt 0.9816 0.0909
vt 0.9816 0.1818
vt 0.8333 0.0909
vt 0.9816 0.0000
vt 0.9816 0.0909
vt 0.9816 0.9900
vt 0.9816 0.0000
vt 0.5367 0.0000
vt 0.6850 0.0000
vt 0.0785 0.9908
vt 0.3285 0.9349
vt 0.3285 0.9908
vt 0.0785 0.9349
vt 0.3285 0.8714
vt 0.3285 0.9349
vt 0.0785 0.8714
vt 0.3285 0.8083
vt 0.3285 0.8714
vt 0.0785 0.8083
vt 0.3285 0.7445
vt 0.3285 0.8083
vt 0.0785 0.7445
vt 0.3285 0.6788
vt 0.3285 0.7445
vt 0.0785 0.6788
vt 0.3285 0.6098
vt 0.3285 0.6788
vt 0.0785 0.6098
vt 0.3285 0.5359
vt 0.3285 0.6098
vt 0.0785 0.4555
vt 0.3285 0.5359
vt 0.0785 0.5359
vt 0.0785 0.3690
vt 0.3285 0.4555
vt 0.0785 0.4555
vt 0.0785 0.2781
vt 0.3285 0.3690
vt 0.0785 0.3690
vt 0.0785 0.1847
vt 0.3285 0.2781
vt 0.0785 0.2781
vt 0.0785 0.0912
vt 0.3285 0.1847
vt 0.0785 0.1847
vt 0.0785 0.0000
vt 0.3285 0.0912
vt 0.0785 0.0912
vt 0.5785 0.9908
vt 0.5785 0.9349
vt 0.5785 0.8714
vt 0.5785 0.8083
vt 0.5785 0.7445
vt 0.5785 0.6788
vt 0.3285 0.6098
vt 0.5785 0.5359
vt 0.5785 0.6098
vt 0.3285 0.5359
vt 0.5785 0.4555
vt 0.5785 0.5359
vt 0.3285 0.4555
vt 0.5785 0.3690
vt 0.5785 0.4555
vt 0.3285 0.3690
vt 0.5785 0.2781
vt 0.5785 0.3690
vt 0.3285 0.2781
vt 0.5785 0.1847
vt 0.5785 0.2781
vt 0.3285 0.1847
vt 0.5785 0.0912
vt 0.5785 0.1847
vt 0.3285 0.0912
vt 0.5785 0.0000
vt 0.5785 0.0912
vt 0.5785 0.9908
vt 0.8285 0.9349
vt 0.8285 0.9908
vt 0.5785 0.9349
vt 0.8285 0.8714
vt 0.8285 0.9349
vt 0.5785 0.8714
vt 0.8285 0.8083
vt 0.8285 0.8714
vt 0.5785 0.8083
vt 0.8285 0.7445
vt 0.8285 0.8083
vt 0.5785 0.7445
vt 0.8285 0.6788
vt 0.8285 0.7445
vt 0.5785 0.6788
vt 0.8285 0.6098
vt 0.8285 0.6788
vt 0.8285 0.6098
vt 0.8285 0.5359
vt 0.8285 0.4555
vt 0.8285 0.3690
vt 0.8285 0.2781
vt 0.8285 0.1847
vt 0.8285 0.0912
vt 1.0785 0.9908
vt 1.0785 0.9349
vt 1.0785 0.8714
vt 1.0785 0.8083
vt 1.0785 0.7445
vt 1.0785 0.6788
vt 0.8285 0.6098
vt 1.0785 0.5359
vt 1.0785 0.6098
vt 0.8285 0.5359
vt 1.0785 0.4555
vt 1.0785 0.5359
vt 0.8285 0.4555
vt 1.0785 0.3690
vt 1.0785 0.4555
vt 0.8285 0.3690
vt 1.0785 0.2781
vt 1.0785 0.3690
vt 0.8285 0.2781
vt 1.0785 0.1847
vt 1.0785 0.2781
vt 0.8285 0.1847
vt 1.0785 0.0912
vt 1.0785 0.1847
vt 0.8285 0.0912
vt 1.0785 0.0000
vt 1.0785 0.0912
vt 1.0785 0.9908
vt 1.0785 0.0000
vt 0.3285 0.0000
vt 0.5785 0.0000
vt 0.1963 0.9915
vt 0.3865 0.9450
vt 0.3865 0.9915
vt 0.1963 0.9450
vt 0.3865 0.8925
vt 0.3865 0.9450
vt 0.1963 0.8925
vt 0.3865 0.8410
vt 0.3865 0.8925
vt 0.1963 0.8410
vt 0.3865 0.7888
vt 0.3865 0.8410
vt 0.1963 0.7341
vt 0.3865 0.7888
vt 0.1963 0.7888
vt 0.1963 0.6751
vt 0.3865 0.7341
vt 0.1963 0.7341
vt 0.1963 0.6088
vt 0.3865 0.6751
vt 0.1963 0.6751
vt 0.1963 0.5313
vt 0.3865 0.6088
vt 0.1963 0.6088
vt 0.1963 0.4399
vt 0.3865 0.5313
vt 0.1963 0.5313
vt 0.1963 0.3357
vt 0.3865 0.4399
vt 0.1963 0.4399
vt 0.1963 0.2231
vt 0.3865 0.3357
vt 0.1963 0.3357
vt 0.1963 0.1087
vt 0.3865 0.2231
vt 0.1963 0.2231
vt 0.1963 0.0000
vt 0.3865 0.1087
vt 0.1963 0.1087
vt 0.5768 0.9915
vt 0.5768 0.9450
vt 0.5768 0.8925
vt 0.5768 0.8410
vt 0.3865 0.7888
vt 0.5768 0.7341
vt 0.5768 0.7888
vt 0.3865 0.6751
vt 0.5768 0.7341
vt 0.3865 0.7341
vt 0.3865 0.6751
vt 0.5768 0.6088
vt 0.5768 0.6751
vt 0.3865 0.6088
vt 0.5768 0.5313
vt 0.5768 0.6088
vt 0.3865 0.5313
vt 0.5768 0.4399
vt 0.5768 0.5313
vt 0.3865 0.4399
vt 0.5768 0.3357
vt 0.5768 0.4399
vt 0.3865 0.3357
vt 0.5768 0.2231
vt 0.5768 0.3357
vt 0.3865 0.2231
vt 0.5768 0.1087
vt 0.5768 0.2231
vt 0.3865 0.1087
vt 0.5768 0.0000
vt 0.5768 0.1087
vt 0.5768 0.9915
vt 0.7670 0.9450
vt 0.7670 0.9915
vt 0.5768 0.9450
vt 0.7670 0.8925
vt 0.7670 0.9450
vt 0.5768 0.8925
vt 0.7670 0.8410
vt 0.7670 0.8925
vt 0.5768 0.8410
vt 0.7670 0.7888
vt 0.7670 0.8410
vt 0.7670 0.7888
vt 0.5768 0.6751
vt 0.7670 0.7341
vt 0.5768 0.7341
vt 0.7670 0.6751
vt 0.7670 0.6088
vt 0.7670 0.5313
vt 0.7670 0.4399
vt 0.7670 0.3357
vt 0.7670 0.2231
vt 0.7670 0.1087
vt 0.9573 0.9915
vt 0.9573 0.9450
vt 0.9573 0.8925
vt 0.9573 0.8410
vt 0.7670 0.7341
vt 0.9573 0.7888
vt 0.7670 0.7888
vt 0.7670 0.7341
vt 0.9573 0.6751
vt 0.9573 0.7341
vt 0.7670 0.6751
vt 0.9573 0.6088
vt 0.9573 0.6751
vt 0.7670 0.6088
vt 0.9573 0.5313
vt 0.9573 0.6088
vt 0.7670 0.5313
vt 0.9573 0.4399
vt 0.9573 0.5313
vt 0.7670 0.4399
vt 0.9573 0.3357
vt 0.9573 0.4399
vt 0.7670 0.3357
vt 0.9573 0.2231
vt 0.9573 0.3357
vt 0.7670 0.2231
vt 0.9573 0.1087
vt 0.9573 0.2231
vt 0.7670 0.1087
vt 0.9573 0.0000
vt 0.9573 0.1087
vt 0.9573 0.9915
vt 0.9573 0.0000
vt 0.3865 0.0000
vt 0.5768 0.0000
vt 0.4256 0.9908
vt 0.5637 0.9395
vt 0.5637 0.9908
vt 0.4256 0.9395
vt 0.5637 0.8804
vt 0.5637 0.9395
vt 0.4256 0.8804
vt 0.5637 0.8219
vt 0.5637 0.8804
vt 0.4256 0.8219
vt 0.5637 0.7629
vt 0.5637 0.8219
vt 0.4256 0.7025
vt 0.5637 0.7629
vt 0.4256 0.7629
vt 0.4256 0.6399
vt 0.5637 0.7025
vt 0.4256 0.7025
vt 0.4256 0.5736
vt 0.5637 0.6399
vt 0.4256 0.6399
vt 0.4256 0.5023
vt 0.5637 0.5736
vt 0.4256 0.5736
vt 0.4256 0.4252
vt 0.5637 0.5023
vt 0.4256 0.5023
vt 0.4256 0.3434
vt 0.5637 0.4252
vt 0.4256 0.4252
vt 0.4256 0.2582
vt 0.5637 0.3434
vt 0.4256 0.3434
vt 0.4256 0.1713
vt 0.5637 0.2582
vt 0.4256 0.2582
vt 0.4256 0.0846
vt 0.5637 0.1713
vt 0.4256 0.1713
vt 0.4256 0.0000
vt 0.5637 0.0846
vt 0.4256 0.0846
vt 0.7019 0.9908
vt 0.7019 0.9395
vt 0.7019 0.8804
vt 0.5637 0.8219
vt 0.7019 0.7629
vt 0.7019 0.8219
vt 0.5637 0.7629
vt 0.7019 0.7025
vt 0.7019 0.7629
vt 0.5637 0.7025
vt 0.7019 0.6399
vt 0.7019 0.7025
vt 0.5637 0.6399
vt 0.7019 0.5736
vt 0.7019 0.6399
vt 0.5637 0.5736
vt 0.7019 0.5023
vt 0.7019 0.5736
vt 0.5637 0.5023
vt 0.7019 0.4252
vt 0.7019 0.5023
vt 0.5637 0.4252
vt 0.7019 0.3434
vt 0.7019 0.4252
vt 0.5637 0.3434
vt 0.7019 0.2582
vt 0.7019 0.3434
vt 0.5637 0.2582
vt 0.7019 0.1713
vt 0.7019 0.2582
vt 0.5637 0.1713
vt 0.7019 0.0846
vt 0.7019 0.1713
vt 0.5637 0.0846
vt 0.7019 0.0000
vt 0.7019 0.0846
vt 0.7019 0.9908
vt 0.8400 0.9395
vt 0.8400 0.9908
vt 0.7019 0.9395
vt 0.8400 0.8804
vt 0.8400 0.9395
vt 0.7019 0.8804
vt 0.8400 0.8219
vt 0.8400 0.8804
vt 0.7019 0.8219
vt 0.8400 0.7629
vt 0.8400 0.8219
vt 0.8400 0.7629
vt 0.8400 0.7025
vt 0.8400 0.6399
vt 0.8400 0.5736
vt 0.8400 0.5023
vt 0.8400 0.4252
vt 0.8400 0.3434
vt 0.8400 0.2582
vt 0.8400 0.1713
vt 0.8400 0.0000
vt 0.8400 0.0846
vt 0.9781 0.9908
vt 0.9781 0.9395
vt 0.9781 0.8804
vt 0.8400 0.8219
vt 0.9781 0.7629
vt 0.9781 0.8219
vt 0.8400 0.7629
vt 0.9781 0.7025
vt 0.9781 0.7629
vt 0.8400 0.7025
vt 0.9781 0.6399
vt 0.9781 0.7025
vt 0.8400 0.6399
vt 0.9781 0.5736
vt 0.9781 0.6399
vt 0.8400 0.5736
vt 0.9781 0.5023
vt 0.9781 0.5736
vt 0.8400 0.5023
vt 0.9781 0.4252
vt 0.9781 0.5023
vt 0.8400 0.4252
vt 0.9781 0.3434
vt 0.9781 0.4252
vt 0.8400 0.3434
vt 0.9781 0.2582
vt 0.9781 0.3434
vt 0.8400 0.2582
vt 0.9781 0.1713
vt 0.9781 0.2582
vt 0.8400 0.1713
vt 0.9781 0.0846
vt 0.9781 0.1713
vt 0.8400 0.0846
vt 0.9781 0.0000
vt 0.9781 0.0846
vt 0.9781 0.9908
vt 0.0000 0.9913
vt 0.2500 0.9525
vt 0.2500 0.9913
vt 0.0000 0.9525
vt 0.2500 0.9067
vt 0.2500 0.9525
vt 0.0000 0.9067
vt 0.2500 0.8618
vt 0.2500 0.9067
vt 0.0000 0.8618
vt 0.2500 0.8169
vt 0.2500 0.8618
vt 0.0000 0.8169
vt 0.2500 0.7713
vt 0.2500 0.8169
vt 0.0000 0.7713
vt 0.2500 0.7240
vt 0.2500 0.7713
vt 0.0000 0.7240
vt 0.2500 0.6742
vt 0.2500 0.7240
vt 0.0000 0.6742
vt 0.2500 0.6206
vt 0.2500 0.6742
vt 0.0000 0.5615
vt 0.2500 0.6206
vt 0.0000 0.6206
vt 0.0000 0.4950
vt 0.2500 0.5615
vt 0.0000 0.5615
vt 0.0000 0.4212
vt 0.2500 0.4950
vt 0.0000 0.4950
vt 0.0000 0.3410
vt 0.2500 0.4212
vt 0.0000 0.4212
vt 0.0000 0.2561
vt 0.2500 0.3410
vt 0.0000 0.3410
vt 0.0000 0.1690
vt 0.2500 0.2561
vt 0.0000 0.2561
vt 0.0000 0.0827
vt 0.2500 0.1690
vt 0.0000 0.1690
vt 0.0000 0.0000
vt 0.2500 0.0827
vt 0.0000 0.0827
vt 0.5000 0.9913
vt 0.5000 0.9525
vt 0.5000 0.9067
vt 0.5000 0.8618
vt 0.5000 0.8169
vt 0.5000 0.7713
vt 0.5000 0.7240
vt 0.5000 0.6742
vt 0.2500 0.6206
vt 0.5000 0.5615
vt 0.5000 0.6206
vt 0.2500 0.5615
vt 0.5000 0.4950
vt 0.5000 0.5615
vt 0.2500 0.4950
vt 0.5000 0.4212
vt 0.5000 0.4950
vt 0.2500 0.4212
vt 0.5000 0.3410
vt 0.5000 0.4212
vt 0.2500 0.3410
vt 0.5000 0.2561
vt 0.5000 0.3410
vt 0.2500 0.2561
vt 0.5000 0.1690
vt 0.5000 0.2561
vt 0.2500 0.1690
vt 0.5000 0.0827
vt 0.5000 0.1690
vt 0.2500 0.0827
vt 0.5000 0.0000
vt 0.5000 0.0827
vt 0.5000 0.9913
vt 0.7500 0.9525
vt 0.7500 0.9913
vt 0.5000 0.9525
vt 0.7500 0.9067
vt 0.7500 0.9525
vt 0.5000 0.9067
vt 0.7500 0.8618
vt 0.7500 0.9067
vt 0.5000 0.8618
vt 0.7500 0.8169
vt 0.7500 0.8618
vt 0.5000 0.8169
vt 0.7500 0.7713
vt 0.7500 0.8169
vt 0.5000 0.7713
vt 0.7500 0.7240
vt 0.7500 0.7713
vt 0.5000 0.7240
vt 0.7500 0.6742
vt 0.7500 0.7240
vt 0.5000 0.6742
vt 0.7500 0.6206
vt 0.7500 0.6742
vt 0.7500 0.6206
vt 0.7500 0.5615
vt 0.7500 0.4950
vt 0.7500 0.4212
vt 0.7500 0.3410
vt 0.7500 0.2561
vt 0.7500 0.1690
vt 0.7500 0.0827
vt 1.0000 0.9913
vt 1.0000 0.9525
vt 1.0000 0.9067
vt 1.0000 0.8618
vt 1.0000 0.8169
vt 1.0000 0.7713
vt 1.0000 0.7240
vt 1.0000 0.6742
vt 0.7500 0.6206
vt 1.0000 0.5615
vt 1.0000 0.6206
vt 0.7500 0.5615
vt 1.0000 0.4950
vt 1.0000 0.5615
vt 0.7500 0.4950
vt 1.0000 0.4212
vt 1.0000 0.4950
vt 0.7500 0.4212
vt 1.0000 0.3410
vt 1.0000 0.4212
vt 0.7500 0.3410
vt 1.0000 0.2561
vt 1.0000 0.3410
vt 0.7500 0.2561
vt 1.0000 0.1690
vt 1.0000 0.2561
vt 0.7500 0.1690
vt 1.0000 0.0827
vt 1.0000 0.1690
vt 0.7500 0.0827
vt 1.0000 0.0000
vt 1.0000 0.0827
vt 1.0000 0.9913
vt 1.0000 0.0000
vt 0.2500 0.0000
vt 0.5000 0.0000
vt 0.2893 0.9908
vt 0.4662 0.9501
vt 0.4662 0.9908
vt 0.2893 0.9501
vt 0.4662 0.9012
vt 0.4662 0.9501
vt 0.2893 0.9012
vt 0.4662 0.8529
vt 0.4662 0.9012
vt 0.2893 0.8529
vt 0.4662 0.8046
vt 0.4662 0.8529
vt 0.2893 0.8046
vt 0.4662 0.7559
vt 0.4662 0.8046
vt 0.2893 0.7559
vt 0.4662 0.7062
vt 0.4662 0.7559
vt 0.2893 0.7062
vt 0.4662 0.6549
vt 0.4662 0.7062
vt 0.2893 0.6014
vt 0.4662 0.6549
vt 0.2893 0.6549
vt 0.2893 0.5449
vt 0.4662 0.6014
vt 0.2893 0.6014
vt 0.2893 0.4846
vt 0.4662 0.5449
vt 0.2893 0.5449
vt 0.2893 0.4205
vt 0.4662 0.4846
vt 0.2893 0.4846
vt 0.2893 0.3533
vt 0.4662 0.4205
vt 0.2893 0.4205
vt 0.2893 0.2835
vt 0.4662 0.3533
vt 0.2893 0.3533
vt 0.2893 0.2123
vt 0.4662 0.2835
vt 0.2893 0.2835
vt 0.2893 0.1405
vt 0.4662 0.2123
vt 0.2893 0.2123
vt 0.2893 0.0694
vt 0.4662 0.1405
vt 0.2893 0.1405
vt 0.2893 0.0000
vt 0.4662 0.0694
vt 0.2893 0.0694
vt 0.6431 0.9908
vt 0.6431 0.9501
vt 0.6431 0.9012
vt 0.6431 0.8529
vt 0.6431 0.8046
vt 0.6431 0.7559
vt 0.6431 0.7062
vt 0.4662 0.6014
vt 0.6431 0.6549
vt 0.4662 0.6549
vt 0.4662 0.6014
vt 0.6431 0.5449
vt 0.6431 0.6014
vt 0.4662 0.5449
vt 0.6431 0.4846
vt 0.6431 0.5449
vt 0.4662 0.4846
vt 0.6431 0.4205
vt 0.6431 0.4846
vt 0.4662 0.4205
vt 0.6431 0.3533
vt 0.6431 0.4205
vt 0.4662 0.3533
vt 0.6431 0.2835
vt 0.6431 0.3533
vt 0.4662 0.2835
vt 0.6431 0.2123
vt 0.6431 0.2835
vt 0.4662 0.2123
vt 0.6431 0.1405
vt 0.6431 0.2123
vt 0.4662 0.1405
vt 0.6431 0.0694
vt 0.6431 0.1405
vt 0.4662 0.0694
vt 0.6431 0.0000
vt 0.6431 0.0694
vt 0.6431 0.9908
vt 0.8200 0.9501
vt 0.8200 0.9908
vt 0.6431 0.9501
vt 0.8200 0.9012
vt 0.8200 0.9501
vt 0.6431 0.9012
vt 0.8200 0.8529
vt 0.8200 0.9012
vt 0.6431 0.8529
vt 0.8200 0.8046
vt 0.8200 0.8529
vt 0.6431 0.8046
vt 0.8200 0.7559
vt 0.8200 0.8046
vt 0.6431 0.7559
vt 0.8200 0.7062
vt 0.8200 0.7559
vt 0.6431 0.7062
vt 0.8200 0.6549
vt 0.8200 0.7062
vt 0.6431 0.6549
vt 0.8200 0.6014
vt 0.8200 0.6549
vt 0.8200 0.6014
vt 0.8200 0.5449
vt 0.8200 0.4846
vt 0.8200 0.4205
vt 0.8200 0.3533
vt 0.8200 0.2835
vt 0.8200 0.2123
vt 0.8200 0.1405
vt 0.8200 0.0694
vt 0.9969 0.9908
vt 0.9969 0.9501
vt 0.9969 0.9012
vt 0.9969 0.8529
vt 0.9969 0.8046
vt 0.9969 0.7559
vt 0.9969 0.7062
vt 0.9969 0.6549
vt 0.8200 0.6014
vt 0.9969 0.5449
vt 0.9969 0.6014
vt 0.8200 0.5449
vt 0.9969 0.4846
vt 0.9969 0.5449
vt 0.8200 0.4846
vt 0.9969 0.4205
vt 0.9969 0.4846
vt 0.8200 0.4205
vt 0.9969 0.3533
vt 0.9969 0.4205
vt 0.8200 0.3533
vt 0.9969 0.2835
vt 0.9969 0.3533
vt 0.8200 0.2835
vt 0.9969 0.2123
vt 0.9969 0.2835
vt 0.8200 0.2123
vt 0.9969 0.1405
vt 0.9969 0.2123
vt 0.8200 0.1405
vt 0.9969 0.0694
vt 0.9969 0.1405
vt 0.8200 0.0694
vt 0.9969 0.0000
vt 0.9969 0.0694
vt 0.9969 0.9908
vt 0.9969 0.0000
vt 0.4662 0.0000
vt 0.6431 0.0000
vt 0.2851 0.9920
vt 0.4313 0.9621
vt 0.4313 0.9920
vt 0.2851 0.9621
vt 0.4313 0.9262
vt 0.4313 0.9621
vt 0.2851 0.9262
vt 0.4313 0.8916
vt 0.4313 0.9262
vt 0.2851 0.8916
vt 0.4313 0.8573
vt 0.4313 0.8916
vt 0.2851 0.8573
vt 0.4313 0.8227
vt 0.4313 0.8573
vt 0.2851 0.8227
vt 0.4313 0.7869
vt 0.4313 0.8227
vt 0.2851 0.7869
vt 0.4313 0.7491
vt 0.4313 0.7869
vt 0.2851 0.7491
vt 0.4313 0.7080
vt 0.4313 0.7491
vt 0.2851 0.6624
vt 0.4313 0.7080
vt 0.2851 0.7080
vt 0.2851 0.6099
vt 0.4313 0.6624
vt 0.2851 0.6624
vt 0.2851 0.5476
vt 0.4313 0.6099
vt 0.2851 0.6099
vt 0.2851 0.4735
vt 0.4313 0.5476
vt 0.2851 0.5476
vt 0.2851 0.3879
vt 0.4313 0.4735
vt 0.2851 0.4735
vt 0.2851 0.2927
vt 0.4313 0.3879
vt 0.2851 0.3879
vt 0.2851 0.1923
vt 0.4313 0.2927
vt 0.2851 0.2927
vt 0.2851 0.0928
vt 0.4313 0.1923
vt 0.2851 0.1923
vt 0.2851 0.0000
vt 0.4313 0.0928
vt 0.2851 0.0928
vt 0.5774 0.9920
vt 0.5774 0.9621
vt 0.5774 0.9262
vt 0.5774 0.8916
vt 0.5774 0.8573
vt 0.5774 0.8227
vt 0.5774 0.7869
vt 0.5774 0.7491
vt 0.4313 0.7080
vt 0.5774 0.6624
vt 0.5774 0.7080
vt 0.4313 0.6624
vt 0.5774 0.6099
vt 0.5774 0.6624
vt 0.4313 0.6099
vt 0.5774 0.5476
vt 0.5774 0.6099
vt 0.4313 0.5476
vt 0.5774 0.4735
vt 0.5774 0.5476
vt 0.4313 0.4735
vt 0.5774 0.3879
vt 0.5774 0.4735
vt 0.4313 0.3879
vt 0.5774 0.2927
vt 0.5774 0.3879
vt 0.4313 0.2927
vt 0.5774 0.1923
vt 0.5774 0.2927
vt 0.4313 0.1923
vt 0.5774 0.0928
vt 0.5774 0.1923
vt 0.4313 0.0928
vt 0.5774 0.0000
vt 0.5774 0.0928
vt 0.5774 0.9920
vt 0.7235 0.9621
vt 0.7235 0.9920
vt 0.5774 0.9621
vt 0.7235 0.9262
vt 0.7235 0.9621
vt 0.5774 0.9262
vt 0.7235 0.8916
vt 0.7235 0.9262
vt 0.5774 0.8916
vt 0.7235 0.8573
vt 0.7235 0.8916
vt 0.5774 0.8573
vt 0.7235 0.8227
vt 0.7235 0.8573
vt 0.5774 0.8227
vt 0.7235 0.7869
vt 0.7235 0.8227
vt 0.5774 0.7869
vt 0.7235 0.7491
vt 0.7235 0.7869
vt 0.5774 0.7491
vt 0.7235 0.7080
vt 0.7235 0.7491
vt 0.7235 0.7080
vt 0.7235 0.6624
vt 0.7235 0.6099
vt 0.7235 0.5476
vt 0.7235 0.4735
vt 0.7235 0.3879
vt 0.7235 0.2927
vt 0.7235 0.1923
vt 0.7235 0.0928
vt 0.8697 0.9920
vt 0.8697 0.9621
vt 0.8697 0.9262
vt 0.8697 0.8916
vt 0.8697 0.8573
vt 0.8697 0.8227
vt 0.8697 0.7869
vt 0.8697 0.7491
vt 0.7235 0.7080
vt 0.8697 0.6624
vt 0.8697 0.7080
vt 0.7235 0.6624
vt 0.8697 0.6099
vt 0.8697 0.6624
vt 0.7235 0.6099
vt 0.8697 0.5476
vt 0.8697 0.6099
vt 0.7235 0.5476
vt 0.8697 0.4735
vt 0.8697 0.5476
vt 0.7235 0.4735
vt 0.8697 0.3879
vt 0.8697 0.4735
vt 0.7235 0.3879
vt 0.8697 0.2927
vt 0.8697 0.3879
vt 0.7235 0.2927
vt 0.8697 0.1923
vt 0.8697 0.2927
vt 0.7235 0.1923
vt 0.8697 0.0928
vt 0.8697 0.1923
vt 0.7235 0.0928
vt 0.8697 0.0000
vt 0.8697 0.0928
vt 0.8697 0.9920
vt 0.8697 0.0000
vt 0.4313 0.0000
vt 0.5774 0.0000
vt 0.3326 0.9450
vt 0.5035 0.9915
vt 0.3326 0.9915
vt 0.3326 0.8925
vt 0.5035 0.9450
vt 0.3326 0.9450
vt 0.3326 0.8925
vt 0.5035 0.8410
vt 0.5035 0.8925
vt 0.3326 0.8410
vt 0.5035 0.7888
vt 0.5035 0.8410
vt 0.3326 0.7341
vt 0.5035 0.7888
vt 0.3326 0.7888
vt 0.3326 0.6751
vt 0.5035 0.7341
vt 0.3326 0.7341
vt 0.3326 0.6088
vt 0.5035 0.6751
vt 0.3326 0.6751
vt 0.3326 0.5313
vt 0.5035 0.6088
vt 0.3326 0.6088
vt 0.3326 0.4399
vt 0.5035 0.5313
vt 0.3326 0.5313
vt 0.3326 0.3357
vt 0.5035 0.4399
vt 0.3326 0.4399
vt 0.3326 0.2231
vt 0.5035 0.3357
vt 0.3326 0.3357
vt 0.3326 0.1087
vt 0.5035 0.2231
vt 0.3326 0.2231
vt 0.5035 0.9915
vt 0.6745 0.9450
vt 0.6745 0.9915
vt 0.5035 0.9450
vt 0.6745 0.8925
vt 0.6745 0.9450
vt 0.5035 0.8925
vt 0.6745 0.8410
vt 0.6745 0.8925
vt 0.6745 0.8410
vt 0.5035 0.7341
vt 0.6745 0.7888
vt 0.5035 0.7888
vt 0.5035 0.7341
vt 0.6745 0.6751
vt 0.6745 0.7341
vt 0.5035 0.6751
vt 0.6745 0.6088
vt 0.6745 0.6751
vt 0.5035 0.6088
vt 0.6745 0.5313
vt 0.6745 0.6088
vt 0.5035 0.5313
vt 0.6745 0.4399
vt 0.6745 0.5313
vt 0.5035 0.4399
vt 0.6745 0.3357
vt 0.6745 0.4399
vt 0.5035 0.3357
vt 0.6745 0.2231
vt 0.6745 0.3357
vt 0.5035 0.2231
vt 0.6745 0.1087
vt 0.6745 0.2231
vt 0.5035 0.1087
vt 0.6745 0.0000
vt 0.6745 0.1087
vt 0.8454 0.9915
vt 0.6745 0.9450
vt 0.8454 0.8925
vt 0.8454 0.9450
vt 0.6745 0.8925
vt 0.8454 0.8410
vt 0.8454 0.8925
vt 0.6745 0.8410
vt 0.8454 0.7888
vt 0.8454 0.8410
vt 0.6745 0.7888
vt 0.8454 0.7341
vt 0.8454 0.7888
vt 0.8454 0.7341
vt 0.8454 0.6751
vt 0.8454 0.6088
vt 0.8454 0.5313
vt 0.8454 0.4399
vt 0.8454 0.3357
vt 0.8454 0.2231
vt 0.8454 0.1087
vt 0.8454 0.9915
vt 1.0163 0.9450
vt 1.0163 0.9915
vt 0.8454 0.9450
vt 1.0163 0.8925
vt 1.0163 0.9450
vt 0.8454 0.8925
vt 1.0163 0.8410
vt 1.0163 0.8925
vt 0.8454 0.8410
vt 1.0163 0.7888
vt 1.0163 0.8410
vt 0.8454 0.7888
vt 1.0163 0.7341
vt 1.0163 0.7888
vt 0.8454 0.7341
vt 1.0163 0.6751
vt 1.0163 0.7341
vt 0.8454 0.6751
vt 1.0163 0.6088
vt 1.0163 0.6751
vt 0.8454 0.6088
vt 1.0163 0.5313
vt 1.0163 0.6088
vt 0.8454 0.5313
vt 1.0163 0.4399
vt 1.0163 0.5313
vt 0.8454 0.4399
vt 1.0163 0.3357
vt 1.0163 0.4399
vt 0.8454 0.3357
vt 1.0163 0.2231
vt 1.0163 0.3357
vt 0.8454 0.2231
vt 1.0163 0.1087
vt 1.0163 0.2231
vt 1.0163 0.9915
vt 0.0785 0.9595
vt 0.2802 0.9923
vt 0.0785 0.9923
vt 0.0785 0.9218
vt 0.2802 0.9595
vt 0.0785 0.9595
vt 0.0785 0.8854
vt 0.2802 0.9218
vt 0.0785 0.9218
vt 0.0785 0.8492
vt 0.2802 0.8854
vt 0.0785 0.8854
vt 0.0785 0.8120
vt 0.2802 0.8492
vt 0.0785 0.8492
vt 0.0785 0.7727
vt 0.2802 0.8120
vt 0.0785 0.8120
vt 0.0785 0.7297
vt 0.2802 0.7727
vt 0.0785 0.7727
vt 0.0785 0.6808
vt 0.2802 0.7297
vt 0.0785 0.7297
vt 0.0785 0.6229
vt 0.2802 0.6808
vt 0.0785 0.6808
vt 0.0785 0.5508
vt 0.2802 0.6229
vt 0.0785 0.6229
vt 0.0785 0.4612
vt 0.2802 0.5508
vt 0.0785 0.5508
vt 0.0785 0.3542
vt 0.2802 0.4612
vt 0.0785 0.4612
vt 0.0785 0.2345
vt 0.2802 0.3542
vt 0.0785 0.3542
vt 0.0785 0.1125
vt 0.2802 0.2345
vt 0.0785 0.2345
vt 0.2802 0.9923
vt 0.4818 0.9595
vt 0.4818 0.9923
vt 0.2802 0.9595
vt 0.4818 0.9218
vt 0.4818 0.9595
vt 0.2802 0.9218
vt 0.4818 0.8854
vt 0.4818 0.9218
vt 0.2802 0.8854
vt 0.4818 0.8492
vt 0.4818 0.8854
vt 0.2802 0.8492
vt 0.4818 0.8120
vt 0.4818 0.8492
vt 0.2802 0.8120
vt 0.4818 0.7727
vt 0.4818 0.8120
vt 0.2802 0.7727
vt 0.4818 0.7297
vt 0.4818 0.7727
vt 0.2802 0.7297
vt 0.4818 0.6808
vt 0.4818 0.7297
vt 0.2802 0.6808
vt 0.4818 0.6229
vt 0.4818 0.6808
vt 0.2802 0.6229
vt 0.4818 0.5508
vt 0.4818 0.6229
vt 0.2802 0.5508
vt 0.4818 0.4612
vt 0.4818 0.5508
vt 0.2802 0.4612
vt 0.4818 0.3542
vt 0.4818 0.4612
vt 0.2802 0.3542
vt 0.4818 0.2345
vt 0.4818 0.3542
vt 0.2802 0.2345
vt 0.4818 0.1125
vt 0.4818 0.2345
vt 0.6835 0.9923
vt 0.6835 0.9595
vt 0.6835 0.9218
vt 0.6835 0.8854
vt 0.6835 0.8492
vt 0.6835 0.8120
vt 0.6835 0.7727
vt 0.6835 0.7297
vt 0.6835 0.6808
vt 0.6835 0.6229
vt 0.6835 0.5508
vt 0.6835 0.4612
vt 0.6835 0.3542
vt 0.6835 0.2345
vt 0.6835 0.9923
vt 0.8852 0.9595
vt 0.8852 0.9923
vt 0.6835 0.9595
vt 0.8852 0.9218
vt 0.8852 0.9595
vt 0.6835 0.9218
vt 0.8852 0.8854
vt 0.8852 0.9218
vt 0.6835 0.8854
vt 0.8852 0.8492
vt 0.8852 0.8854
vt 0.6835 0.8492
vt 0.8852 0.8120
vt 0.8852 0.8492
vt 0.6835 0.8120
vt 0.8852 0.7727
vt 0.8852 0.8120
vt 0.6835 0.7727
vt 0.8852 0.7297
vt 0.8852 0.7727
vt 0.6835 0.7297
vt 0.8852 0.6808
vt 0.8852 0.7297
vt 0.6835 0.6808
vt 0.8852 0.6229
vt 0.8852 0.6808
vt 0.6835 0.6229
vt 0.8852 0.5508
vt 0.8852 0.6229
vt 0.6835 0.5508
vt 0.8852 0.4612
vt 0.8852 0.5508
vt 0.6835 0.4612
vt 0.8852 0.3542
vt 0.8852 0.4612
vt 0.6835 0.3542
vt 0.8852 0.2345
vt 0.8852 0.3542
vt 0.6835 0.2345
vt 0.8852 0.1125
vt 0.8852 0.2345
vt 0.8852 0.9923
vt 0.3781 0.9915
vt 0.3781 0.9450
vt 0.5332 0.9450
vt 0.5332 0.8925
vt 0.3781 0.8925
vt 0.5332 0.8410
vt 0.5332 0.8925
vt 0.3781 0.8410
vt 0.5332 0.7888
vt 0.5332 0.8410
vt 0.3781 0.7888
vt 0.5332 0.7341
vt 0.5332 0.7888
vt 0.3781 0.7341
vt 0.5332 0.6751
vt 0.5332 0.7341
vt 0.3781 0.6751
vt 0.5332 0.6088
vt 0.5332 0.6751
vt 0.3781 0.5313
vt 0.5332 0.6088
vt 0.3781 0.6088
vt 0.3781 0.4399
vt 0.5332 0.5313
vt 0.3781 0.5313
vt 0.3781 0.3357
vt 0.5332 0.4399
vt 0.3781 0.4399
vt 0.3781 0.2231
vt 0.5332 0.3357
vt 0.3781 0.3357
vt 0.3781 0.1087
vt 0.5332 0.2231
vt 0.3781 0.2231
vt 0.5332 0.9915
vt 0.6884 0.9450
vt 0.6884 0.8925
vt 0.6884 0.8410
vt 0.6884 0.7888
vt 0.6884 0.7341
vt 0.6884 0.6751
vt 0.5332 0.6088
vt 0.6884 0.5313
vt 0.6884 0.6088
vt 0.5332 0.5313
vt 0.6884 0.4399
vt 0.6884 0.5313
vt 0.5332 0.4399
vt 0.6884 0.3357
vt 0.6884 0.4399
vt 0.5332 0.3357
vt 0.6884 0.2231
vt 0.6884 0.3357
vt 0.5332 0.2231
vt 0.6884 0.1087
vt 0.6884 0.2231
vt 0.6884 0.9915
vt 0.8435 0.9450
vt 0.8435 0.8925
vt 0.6884 0.8925
vt 0.8435 0.8410
vt 0.8435 0.8925
vt 0.6884 0.8410
vt 0.8435 0.7888
vt 0.8435 0.8410
vt 0.6884 0.7888
vt 0.8435 0.7341
vt 0.8435 0.7888
vt 0.6884 0.7341
vt 0.8435 0.6751
vt 0.8435 0.7341
vt 0.6884 0.6751
vt 0.8435 0.6088
vt 0.8435 0.6751
vt 0.8435 0.6088
vt 0.8435 0.5313
vt 0.8435 0.4399
vt 0.8435 0.3357
vt 0.8435 0.2231
vt 0.8435 0.9915
vt 0.9986 0.9450
vt 0.9986 0.8925
vt 0.9986 0.8410
vt 0.9986 0.7888
vt 0.9986 0.7341
vt 0.9986 0.6751
vt 0.8435 0.6088
vt 0.9986 0.5313
vt 0.9986 0.6088
vt 0.8435 0.5313
vt 0.9986 0.4399
vt 0.9986 0.5313
vt 0.8435 0.4399
vt 0.9986 0.3357
vt 0.9986 0.4399
vt 0.8435 0.3357
vt 0.9986 0.2231
vt 0.9986 0.3357
vt 0.8435 0.2231
vt 0.9986 0.1087
vt 0.9986 0.2231
vt 0.3884 0.9915
vt 0.3884 0.9488
vt 0.5367 0.9488
vt 0.5367 0.8999
vt 0.3884 0.8999
vt 0.5367 0.8520
vt 0.5367 0.8999
vt 0.3884 0.8520
vt 0.5367 0.8039
vt 0.5367 0.8520
vt 0.3884 0.8039
vt 0.5367 0.7540
vt 0.5367 0.8039
vt 0.3884 0.7540
vt 0.5367 0.7011
vt 0.5367 0.7540
vt 0.3884 0.7011
vt 0.5367 0.6431
vt 0.5367 0.7011
vt 0.3884 0.6431
vt 0.5367 0.5773
vt 0.5367 0.6431
vt 0.3884 0.5003
vt 0.5367 0.5773
vt 0.3884 0.5773
vt 0.3884 0.4113
vt 0.5367 0.5003
vt 0.3884 0.5003
vt 0.3884 0.3121
vt 0.5367 0.4113
vt 0.3884 0.4113
vt 0.3884 0.2067
vt 0.5367 0.3121
vt 0.3884 0.3121
vt 0.3884 0.1007
vt 0.5367 0.2067
vt 0.3884 0.2067
vt 0.3884 0.0000
vt 0.5367 0.1007
vt 0.3884 0.1007
vt 0.5367 0.9915
vt 0.6850 0.9488
vt 0.6850 0.8999
vt 0.6850 0.8520
vt 0.6850 0.8039
vt 0.6850 0.7540
vt 0.6850 0.7011
vt 0.5367 0.6431
vt 0.6850 0.5773
vt 0.6850 0.6431
vt 0.5367 0.5773
vt 0.6850 0.5003
vt 0.6850 0.5773
vt 0.5367 0.5003
vt 0.6850 0.4113
vt 0.6850 0.5003
vt 0.5367 0.4113
vt 0.6850 0.3121
vt 0.6850 0.4113
vt 0.5367 0.3121
vt 0.6850 0.2067
vt 0.6850 0.3121
vt 0.5367 0.2067
vt 0.6850 0.1007
vt 0.6850 0.2067
vt 0.6850 0.9915
vt 0.8333 0.9488
vt 0.8333 0.8999
vt 0.6850 0.8999
vt 0.8333 0.8520
vt 0.8333 0.8999
vt 0.6850 0.8520
vt 0.8333 0.8039
vt 0.8333 0.8520
vt 0.6850 0.8039
vt 0.8333 0.7540
vt 0.8333 0.8039
vt 0.6850 0.7540
vt 0.8333 0.7011
vt 0.8333 0.7540
vt 0.6850 0.7011
vt 0.8333 0.6431
vt 0.8333 0.7011
vt 0.6850 0.6431
vt 0.8333 0.5773
vt 0.8333 0.6431
vt 0.8333 0.5773
vt 0.8333 0.5003
vt 0.8333 0.4113
vt 0.8333 0.3121
vt 0.8333 0.2067
vt 0.8333 0.9915
vt 0.9816 0.9488
vt 0.9816 0.8999
vt 0.9816 0.8520
vt 0.9816 0.8039
vt 0.9816 0.7540
vt 0.9816 0.7011
vt 0.8333 0.6431
vt 0.9816 0.5773
vt 0.9816 0.6431
vt 0.8333 0.5773
vt 0.9816 0.5003
vt 0.9816 0.5773
vt 0.8333 0.5003
vt 0.9816 0.4113
vt 0.9816 0.5003
vt 0.8333 0.4113
vt 0.9816 0.3121
vt 0.9816 0.4113
vt 0.8333 0.3121
vt 0.9816 0.2067
vt 0.9816 0.3121
vt 0.8333 0.2067
vt 0.9816 0.1007
vt 0.9816 0.2067
vt 0.8333 0.1007
vt 0.9816 0.0000
vt 0.9816 0.1007
vt 0.3140 0.9920
vt 0.3140 0.9542
vt 0.4581 0.9542
vt 0.4581 0.9113
vt 0.3140 0.9113
vt 0.4581 0.8695
vt 0.4581 0.9113
vt 0.3140 0.8695
vt 0.4581 0.8277
vt 0.4581 0.8695
vt 0.3140 0.8277
vt 0.4581 0.7843
vt 0.4581 0.8277
vt 0.3140 0.7843
vt 0.4581 0.7377
vt 0.4581 0.7843
vt 0.3140 0.7377
vt 0.4581 0.6859
vt 0.4581 0.7377
vt 0.3140 0.6257
vt 0.4581 0.6859
vt 0.3140 0.6859
vt 0.3140 0.5524
vt 0.4581 0.6257
vt 0.3140 0.6257
vt 0.3140 0.4620
vt 0.4581 0.5524
vt 0.3140 0.5524
vt 0.3140 0.3548
vt 0.4581 0.4620
vt 0.3140 0.4620
vt 0.3140 0.2356
vt 0.4581 0.3548
vt 0.3140 0.3548
vt 0.3140 0.1137
vt 0.4581 0.2356
vt 0.3140 0.2356
vt 0.3140 0.1137
vt 0.4581 0.0000
vt 0.4581 0.1137
vt 0.4581 0.9920
vt 0.6021 0.9542
vt 0.6021 0.9113
vt 0.6021 0.8695
vt 0.6021 0.8277
vt 0.6021 0.7843
vt 0.6021 0.7377
vt 0.4581 0.6257
vt 0.6021 0.6859
vt 0.4581 0.6859
vt 0.4581 0.6257
vt 0.6021 0.5524
vt 0.6021 0.6257
vt 0.4581 0.5524
vt 0.6021 0.4620
vt 0.6021 0.5524
vt 0.4581 0.4620
vt 0.6021 0.3548
vt 0.6021 0.4620
vt 0.4581 0.3548
vt 0.6021 0.2356
vt 0.6021 0.3548
vt 0.4581 0.2356
vt 0.6021 0.1137
vt 0.6021 0.2356
vt 0.4581 0.1137
vt 0.6021 0.0000
vt 0.6021 0.1137
vt 0.6021 0.9920
vt 0.7462 0.9542
vt 0.7462 0.9113
vt 0.6021 0.9113
vt 0.7462 0.8695
vt 0.7462 0.9113
vt 0.6021 0.8695
vt 0.7462 0.8277
vt 0.7462 0.8695
vt 0.6021 0.8277
vt 0.7462 0.7843
vt 0.7462 0.8277
vt 0.6021 0.7843
vt 0.7462 0.7377
vt 0.7462 0.7843
vt 0.6021 0.7377
vt 0.7462 0.6859
vt 0.7462 0.7377
vt 0.6021 0.6257
vt 0.7462 0.6859
vt 0.6021 0.6859
vt 0.7462 0.6257
vt 0.7462 0.5524
vt 0.7462 0.4620
vt 0.7462 0.3548
vt 0.7462 0.2356
vt 0.7462 0.1137
vt 0.7462 0.9920
vt 0.8902 0.9542
vt 0.8902 0.9113
vt 0.8902 0.8695
vt 0.8902 0.8277
vt 0.8902 0.7843
vt 0.8902 0.7377
vt 0.7462 0.6257
vt 0.8902 0.6859
vt 0.7462 0.6859
vt 0.7462 0.6257
vt 0.8902 0.5524
vt 0.8902 0.6257
vt 0.7462 0.5524
vt 0.8902 0.4620
vt 0.8902 0.5524
vt 0.7462 0.4620
vt 0.8902 0.3548
vt 0.8902 0.4620
vt 0.7462 0.3548
vt 0.8902 0.2356
vt 0.8902 0.3548
vt 0.7462 0.2356
vt 0.8902 0.1137
vt 0.8902 0.2356
vt 0.7462 0.1137
vt 0.8902 0.0000
vt 0.8902 0.1137
vt 0.0000 0.9943
vt 0.0000 0.9562
vt 0.1344 0.9562
vt 0.1344 0.9199
vt 0.0000 0.9199
vt 0.1344 0.8838
vt 0.1344 0.9199
vt 0.0000 0.8838
vt 0.1344 0.8404
vt 0.1344 0.8838
vt 0.0000 0.7782
vt 0.1344 0.8404
vt 0.0000 0.8404
vt 0.0000 0.6657
vt 0.1344 0.7782
vt 0.0000 0.7782
vt 0.0000 0.4030
vt 0.1344 0.6657
vt 0.0000 0.6657
vt 0.0000 0.4030
vt 0.1344 0.0000
vt 0.1344 0.4030
vt 0.1344 0.9943
vt 0.2689 0.9562
vt 0.2689 0.9199
vt 0.2689 0.8838
vt 0.1344 0.8404
vt 0.2689 0.7782
vt 0.2689 0.8404
vt 0.1344 0.7782
vt 0.2689 0.6657
vt 0.2689 0.7782
vt 0.1344 0.6657
vt 0.2689 0.4030
vt 0.2689 0.6657
vt 0.2689 0.0000
vt 0.2689 0.4030
vt 0.2689 0.9943
vt 0.4033 0.9562
vt 0.4033 0.9199
vt 0.2689 0.9199
vt 0.4033 0.8838
vt 0.4033 0.9199
vt 0.2689 0.8838
vt 0.4033 0.8404
vt 0.4033 0.8838
vt 0.4033 0.8404
vt 0.4033 0.7782
vt 0.4033 0.6657
vt 0.4033 0.0000
vt 0.4033 0.4030
vt 0.4033 0.9943
vt 0.5378 0.9562
vt 0.5378 0.9199
vt 0.5378 0.8838
vt 0.4033 0.8404
vt 0.5378 0.7782
vt 0.5378 0.8404
vt 0.4033 0.7782
vt 0.5378 0.6657
vt 0.5378 0.7782
vt 0.4033 0.6657
vt 0.5378 0.4030
vt 0.5378 0.6657
vt 0.5378 0.0000
vt 0.5378 0.4030
vt 0.6798 0.9880
vt 0.7826 0.9379
vt 0.7826 0.9880
vt 0.6798 0.9379
vt 0.7826 0.8719
vt 0.7826 0.9379
vt 0.6798 0.8719
vt 0.7826 0.8037
vt 0.7826 0.8719
vt 0.6798 0.8037
vt 0.7826 0.7351
vt 0.7826 0.8037
vt 0.6798 0.7351
vt 0.7826 0.6683
vt 0.7826 0.7351
vt 0.6798 0.6683
vt 0.7826 0.6048
vt 0.7826 0.6683
vt 0.6798 0.6048
vt 0.7826 0.5460
vt 0.7826 0.6048
vt 0.6798 0.5460
vt 0.7826 0.4925
vt 0.7826 0.5460
vt 0.6798 0.4925
vt 0.7826 0.4444
vt 0.7826 0.4925
vt 0.6798 0.4444
vt 0.7826 0.4017
vt 0.7826 0.4444
vt 0.6798 0.4017
vt 0.7826 0.3639
vt 0.7826 0.4017
vt 0.6798 0.3639
vt 0.7826 0.3299
vt 0.7826 0.3639
vt 0.6798 0.3299
vt 0.7826 0.2989
vt 0.7826 0.3299
vt 0.6798 0.2989
vt 0.7826 0.2702
vt 0.7826 0.2989
vt 0.6798 0.2702
vt 0.7826 0.2432
vt 0.7826 0.2702
vt 0.6798 0.2432
vt 0.7826 0.2175
vt 0.7826 0.2432
vt 0.6798 0.2175
vt 0.7826 0.1929
vt 0.7826 0.2175
vt 0.6798 0.1929
vt 0.7826 0.1689
vt 0.7826 0.1929
vt 0.6798 0.1689
vt 0.7826 0.1454
vt 0.7826 0.1689
vt 0.6798 0.1454
vt 0.7826 0.1221
vt 0.7826 0.1454
vt 0.6798 0.1221
vt 0.7826 0.0988
vt 0.7826 0.1221
vt 0.6798 0.0988
vt 0.7826 0.0752
vt 0.7826 0.0988
vt 0.6798 0.0752
vt 0.7826 0.0510
vt 0.7826 0.0752
vt 0.6798 0.0510
vt 0.7826 0.0261
vt 0.7826 0.0510
vt 0.6798 0.0000
vt 0.7826 0.0261
vt 0.6798 0.0261
vt 0.7826 0.9880
vt 0.8855 0.9379
vt 0.8855 0.9880
vt 0.7826 0.9379
vt 0.8855 0.8719
vt 0.8855 0.9379
vt 0.7826 0.8719
vt 0.8855 0.8037
vt 0.8855 0.8719
vt 0.7826 0.8037
vt 0.8855 0.7351
vt 0.8855 0.8037
vt 0.7826 0.7351
vt 0.8855 0.6683
vt 0.8855 0.7351
vt 0.7826 0.6683
vt 0.8855 0.6048
vt 0.8855 0.6683
vt 0.7826 0.6048
vt 0.8855 0.5460
vt 0.8855 0.6048
vt 0.7826 0.5460
vt 0.8855 0.4925
vt 0.8855 0.5460
vt 0.7826 0.4925
vt 0.8855 0.4444
vt 0.8855 0.4925
vt 0.7826 0.4444
vt 0.8855 0.4017
vt 0.8855 0.4444
vt 0.8855 0.4017
vt 0.8855 0.3639
vt 0.7826 0.3299
vt 0.8855 0.2989
vt 0.8855 0.3299
vt 0.7826 0.2989
vt 0.8855 0.2702
vt 0.8855 0.2989
vt 0.7826 0.2702
vt 0.8855 0.2432
vt 0.8855 0.2702
vt 0.7826 0.2432
vt 0.8855 0.2175
vt 0.8855 0.2432
vt 0.7826 0.2175
vt 0.8855 0.1929
vt 0.8855 0.2175
vt 0.7826 0.1929
vt 0.8855 0.1689
vt 0.8855 0.1929
vt 0.7826 0.1689
vt 0.8855 0.1454
vt 0.8855 0.1689
vt 0.7826 0.1454
vt 0.8855 0.1221
vt 0.8855 0.1454
vt 0.7826 0.1221
vt 0.8855 0.0988
vt 0.8855 0.1221
vt 0.7826 0.0988
vt 0.8855 0.0752
vt 0.8855 0.0988
vt 0.7826 0.0752
vt 0.8855 0.0510
vt 0.8855 0.0752
vt 0.7826 0.0510
vt 0.8855 0.0261
vt 0.8855 0.0510
vt 0.7826 0.0261
vt 0.8855 0.0000
vt 0.8855 0.0261
vt 0.8855 0.9880
vt 0.9884 0.9379
vt 0.9884 0.9880
vt 0.8855 0.9379
vt 0.9884 0.8719
vt 0.9884 0.9379
vt 0.8855 0.8719
vt 0.9884 0.8037
vt 0.9884 0.8719
vt 0.8855 0.8037
vt 0.9884 0.7351
vt 0.9884 0.8037
vt 0.8855 0.7351
vt 0.9884 0.6683
vt 0.9884 0.7351
vt 0.8855 0.6683
vt 0.9884 0.6048
vt 0.9884 0.6683
vt 0.8855 0.6048
vt 0.9884 0.5460
vt 0.9884 0.6048
vt 0.8855 0.5460
vt 0.9884 0.4925
vt 0.9884 0.5460
vt 0.8855 0.4925
vt 0.9884 0.4444
vt 0.9884 0.4925
vt 0.8855 0.4444
vt 0.9884 0.4017
vt 0.9884 0.4444
vt 0.8855 0.4017
vt 0.9884 0.3639
vt 0.9884 0.4017
vt 0.8855 0.3639
vt 0.9884 0.3299
vt 0.9884 0.3639
vt 0.8855 0.3299
vt 0.9884 0.2989
vt 0.9884 0.3299
vt 0.8855 0.2989
vt 0.9884 0.2702
vt 0.9884 0.2989
vt 0.8855 0.2702
vt 0.9884 0.2432
vt 0.9884 0.2702
vt 0.8855 0.2432
vt 0.9884 0.2175
vt 0.9884 0.2432
vt 0.8855 0.2175
vt 0.9884 0.1929
vt 0.9884 0.2175
vt 0.8855 0.1929
vt 0.9884 0.1689
vt 0.9884 0.1929
vt 0.8855 0.1689
vt 0.9884 0.1454
vt 0.9884 0.1689
vt 0.8855 0.1454
vt 0.9884 0.1221
vt 0.9884 0.1454
vt 0.8855 0.1221
vt 0.9884 0.0988
vt 0.9884 0.1221
vt 0.8855 0.0988
vt 0.9884 0.0752
vt 0.9884 0.0988
vt 0.8855 0.0752
vt 0.9884 0.0510
vt 0.9884 0.0752
vt 0.8855 0.0510
vt 0.9884 0.0261
vt 0.9884 0.0510
vt 0.9884 0.0000
vt 0.9884 0.0261
vt 0.9884 0.9880
vt 1.0913 0.9379
vt 1.0913 0.9880
vt 0.9884 0.9379
vt 1.0913 0.8719
vt 1.0913 0.9379
vt 0.9884 0.8719
vt 1.0913 0.8037
vt 1.0913 0.8719
vt 0.9884 0.8037
vt 1.0913 0.7351
vt 1.0913 0.8037
vt 0.9884 0.7351
vt 1.0913 0.6683
vt 1.0913 0.7351
vt 0.9884 0.6683
vt 1.0913 0.6048
vt 1.0913 0.6683
vt 0.9884 0.6048
vt 1.0913 0.5460
vt 1.0913 0.6048
vt 0.9884 0.5460
vt 1.0913 0.4925
vt 1.0913 0.5460
vt 0.9884 0.4925
vt 1.0913 0.4444
vt 1.0913 0.4925
vt 0.9884 0.4444
vt 1.0913 0.4017
vt 1.0913 0.4444
vt 0.9884 0.4017
vt 1.0913 0.3639
vt 1.0913 0.4017
vt 0.9884 0.3639
vt 1.0913 0.3299
vt 1.0913 0.3639
vt 0.9884 0.3299
vt 1.0913 0.2989
vt 1.0913 0.3299
vt 0.9884 0.2989
vt 1.0913 0.2702
vt 1.0913 0.2989
vt 0.9884 0.2702
vt 1.0913 0.2432
vt 1.0913 0.2702
vt 0.9884 0.2432
vt 1.0913 0.2175
vt 1.0913 0.2432
vt 0.9884 0.2175
vt 1.0913 0.1929
vt 1.0913 0.2175
vt 0.9884 0.1929
vt 1.0913 0.1689
vt 1.0913 0.1929
vt 0.9884 0.1689
vt 1.0913 0.1454
vt 1.0913 0.1689
vt 1.0913 0.1454
vt 1.0913 0.1221
vt 1.0913 0.0988
vt 0.9884 0.0752
vt 1.0913 0.0510
vt 1.0913 0.0752
vt 0.9884 0.0510
vt 1.0913 0.0261
vt 1.0913 0.0510
vt 0.9884 0.0261
vt 1.0913 0.0000
vt 1.0913 0.0261
vt 1.0913 0.9880
vt 1.0000 0.9875
vt 1.0000 0.9379
vt 1.1601 0.9379
vt 1.1601 0.8709
vt 1.0000 0.8007
vt 1.1601 0.8709
vt 1.0000 0.8709
vt 1.0000 0.7300
vt 1.1601 0.8007
vt 1.0000 0.8007
vt 1.0000 0.6611
vt 1.1601 0.7300
vt 1.0000 0.7300
vt 1.0000 0.5963
vt 1.1601 0.6611
vt 1.0000 0.6611
vt 1.0000 0.5371
vt 1.1601 0.5963
vt 1.0000 0.5963
vt 1.0000 0.4839
vt 1.1601 0.5371
vt 1.0000 0.5371
vt 1.0000 0.4369
vt 1.1601 0.4839
vt 1.0000 0.4839
vt 1.0000 0.3957
vt 1.1601 0.4369
vt 1.0000 0.4369
vt 1.0000 0.3598
vt 1.1601 0.3957
vt 1.0000 0.3957
vt 1.0000 0.3282
vt 1.1601 0.3598
vt 1.0000 0.3598
vt 1.0000 0.3001
vt 1.1601 0.3282
vt 1.0000 0.3282
vt 1.0000 0.2745
vt 1.1601 0.3001
vt 1.0000 0.3001
vt 1.0000 0.2509
vt 1.1601 0.2745
vt 1.0000 0.2745
vt 1.0000 0.2509
vt 1.1601 0.2289
vt 1.1601 0.2509
vt 1.0000 0.2081
vt 1.1601 0.2289
vt 1.0000 0.2289
vt 1.0000 0.1884
vt 1.1601 0.2081
vt 1.0000 0.2081
vt 1.0000 0.1693
vt 1.1601 0.1884
vt 1.0000 0.1884
vt 1.0000 0.1693
vt 1.1601 0.1509
vt 1.1601 0.1693
vt 1.0000 0.1509
vt 1.1601 0.1327
vt 1.1601 0.1509
vt 1.0000 0.1327
vt 1.1601 0.1147
vt 1.1601 0.1327
vt 1.0000 0.1147
vt 1.1601 0.0967
vt 1.1601 0.1147
vt 1.0000 0.0967
vt 1.1601 0.0785
vt 1.1601 0.0967
vt 1.0000 0.0785
vt 1.1601 0.0599
vt 1.1601 0.0785
vt 1.0000 0.0599
vt 1.1601 0.0408
vt 1.1601 0.0599
vt 1.0000 0.0408
vt 1.1601 0.0209
vt 1.1601 0.0408
vt 1.0000 0.0209
vt 1.1601 0.0000
vt 1.1601 0.0209
vt 1.1601 0.9875
vt 1.3201 0.9379
vt 1.3201 0.8709
vt 1.1601 0.8709
vt 1.3201 0.8007
vt 1.3201 0.8709
vt 1.1601 0.7300
vt 1.3201 0.8007
vt 1.1601 0.8007
vt 1.1601 0.6611
vt 1.3201 0.7300
vt 1.1601 0.7300
vt 1.1601 0.6611
vt 1.3201 0.5963
vt 1.3201 0.6611
vt 1.1601 0.5963
vt 1.3201 0.5371
vt 1.3201 0.5963
vt 1.1601 0.5371
vt 1.3201 0.4839
vt 1.3201 0.5371
vt 1.1601 0.4369
vt 1.3201 0.4839
vt 1.1601 0.4839
vt 1.1601 0.3957
vt 1.3201 0.4369
vt 1.1601 0.4369
vt 1.1601 0.3957
vt 1.3201 0.3598
vt 1.3201 0.3957
vt 1.1601 0.3282
vt 1.3201 0.3598
vt 1.1601 0.3598
vt 1.1601 0.3001
vt 1.3201 0.3282
vt 1.1601 0.3282
vt 1.1601 0.2745
vt 1.3201 0.3001
vt 1.1601 0.3001
vt 1.1601 0.2745
vt 1.3201 0.2509
vt 1.3201 0.2745
vt 1.1601 0.2509
vt 1.3201 0.2289
vt 1.3201 0.2509
vt 1.1601 0.2081
vt 1.3201 0.2289
vt 1.1601 0.2289
vt 1.1601 0.1884
vt 1.3201 0.2081
vt 1.1601 0.2081
vt 1.1601 0.1693
vt 1.3201 0.1884
vt 1.1601 0.1884
vt 1.1601 0.1693
vt 1.3201 0.1509
vt 1.3201 0.1693
vt 1.3201 0.1509
vt 1.3201 0.1327
vt 1.3201 0.1147
vt 1.3201 0.0967
vt 1.3201 0.0785
vt 1.3201 0.0599
vt 1.3201 0.0408
vt 1.3201 0.0209
vt 1.3201 0.9875
vt 1.4802 0.9379
vt 1.4802 0.8709
vt 1.4802 0.8709
vt 1.3201 0.7300
vt 1.4802 0.8007
vt 1.3201 0.8007
vt 1.3201 0.7300
vt 1.4802 0.6611
vt 1.4802 0.7300
vt 1.3201 0.6611
vt 1.4802 0.5963
vt 1.4802 0.6611
vt 1.3201 0.5963
vt 1.4802 0.5371
vt 1.4802 0.5963
vt 1.4802 0.5371
vt 1.3201 0.4369
vt 1.4802 0.4839
vt 1.3201 0.4839
vt 1.3201 0.3957
vt 1.4802 0.4369
vt 1.3201 0.4369
vt 1.4802 0.3957
vt 1.3201 0.3282
vt 1.4802 0.3598
vt 1.3201 0.3598
vt 1.3201 0.3001
vt 1.4802 0.3282
vt 1.3201 0.3282
vt 1.3201 0.2745
vt 1.4802 0.3001
vt 1.3201 0.3001
vt 1.3201 0.2745
vt 1.4802 0.2509
vt 1.4802 0.2745
vt 1.3201 0.2509
vt 1.4802 0.2289
vt 1.4802 0.2509
vt 1.3201 0.2081
vt 1.4802 0.2289
vt 1.3201 0.2289
vt 1.3201 0.1884
vt 1.4802 0.2081
vt 1.3201 0.2081
vt 1.3201 0.1693
vt 1.4802 0.1884
vt 1.3201 0.1884
vt 1.3201 0.1693
vt 1.4802 0.1509
vt 1.4802 0.1693
vt 1.3201 0.1509
vt 1.4802 0.1327
vt 1.4802 0.1509
vt 1.3201 0.1327
vt 1.4802 0.1147
vt 1.4802 0.1327
vt 1.3201 0.1147
vt 1.4802 0.0967
vt 1.4802 0.1147
vt 1.3201 0.0785
vt 1.4802 0.0967
vt 1.3201 0.0967
vt 1.3201 0.0599
vt 1.4802 0.0785
vt 1.3201 0.0785
vt 1.3201 0.0599
vt 1.4802 0.0408
vt 1.4802 0.0599
vt 1.3201 0.0408
vt 1.4802 0.0209
vt 1.4802 0.0408
vt 1.3201 0.0209
vt 1.4802 0.0000
vt 1.4802 0.0209
vt 1.4802 0.9875
vt 1.6402 0.9379
vt 1.6402 0.8709
vt 1.4802 0.8007
vt 1.6402 0.8709
vt 1.4802 0.8709
vt 1.4802 0.7300
vt 1.6402 0.8007
vt 1.4802 0.8007
vt 1.6402 0.7300
vt 1.6402 0.6611
vt 1.6402 0.5963
vt 1.4802 0.4839
vt 1.6402 0.5371
vt 1.4802 0.5371
vt 1.4802 0.4369
vt 1.6402 0.4839
vt 1.4802 0.4839
vt 1.4802 0.3957
vt 1.6402 0.4369
vt 1.4802 0.4369
vt 1.4802 0.3598
vt 1.6402 0.3957
vt 1.4802 0.3957
vt 1.4802 0.3282
vt 1.6402 0.3598
vt 1.4802 0.3598
vt 1.4802 0.3001
vt 1.6402 0.3282
vt 1.4802 0.3282
vt 1.4802 0.2745
vt 1.6402 0.3001
vt 1.4802 0.3001
vt 1.6402 0.2745
vt 1.6402 0.2509
vt 1.4802 0.2081
vt 1.6402 0.2289
vt 1.4802 0.2289
vt 1.4802 0.1884
vt 1.6402 0.2081
vt 1.4802 0.2081
vt 1.4802 0.1693
vt 1.6402 0.1884
vt 1.4802 0.1884
vt 1.4802 0.1693
vt 1.6402 0.1509
vt 1.6402 0.1693
vt 1.4802 0.1509
vt 1.6402 0.1327
vt 1.6402 0.1509
vt 1.4802 0.1327
vt 1.6402 0.1147
vt 1.6402 0.1327
vt 1.4802 0.1147
vt 1.6402 0.0967
vt 1.6402 0.1147
vt 1.4802 0.0967
vt 1.6402 0.0785
vt 1.6402 0.0967
vt 1.4802 0.0785
vt 1.6402 0.0599
vt 1.6402 0.0785
vt 1.6402 0.0599
vt 1.6402 0.0408
vt 1.6402 0.0209
vt 1.6402 0.0000
vt 1.1601 0.0000
vt 1.3201 0.0000
vt 1.4802 0.0000
vt 0.8843 0.9877
vt 0.8843 0.9368
vt 0.9851 0.9368
vt 0.8843 0.8690
vt 0.8843 0.7986
vt 0.9851 0.8690
vt 0.8843 0.8690
vt 0.8843 0.7279
vt 0.9851 0.7986
vt 0.8843 0.7986
vt 0.8843 0.6591
vt 0.9851 0.7279
vt 0.8843 0.7279
vt 0.8843 0.5944
vt 0.9851 0.6591
vt 0.8843 0.6591
vt 0.8843 0.5350
vt 0.9851 0.5944
vt 0.8843 0.5944
vt 0.8843 0.4815
vt 0.9851 0.5350
vt 0.8843 0.5350
vt 0.8843 0.4340
vt 0.9851 0.4815
vt 0.8843 0.4815
vt 0.8843 0.3923
vt 0.9851 0.4340
vt 0.8843 0.4340
vt 0.8843 0.3558
vt 0.9851 0.3923
vt 0.8843 0.3923
vt 0.8843 0.3233
vt 0.9851 0.3558
vt 0.8843 0.3558
vt 0.8843 0.2939
vt 0.9851 0.3233
vt 0.8843 0.3233
vt 0.8843 0.2939
vt 0.9851 0.2669
vt 0.9851 0.2939
vt 0.8843 0.2669
vt 0.9851 0.2417
vt 0.9851 0.2669
vt 0.8843 0.2417
vt 0.9851 0.2180
vt 0.9851 0.2417
vt 0.8843 0.2180
vt 0.9851 0.1953
vt 0.9851 0.2180
vt 0.8843 0.1953
vt 0.9851 0.1735
vt 0.9851 0.1953
vt 0.8843 0.1735
vt 0.9851 0.1523
vt 0.9851 0.1735
vt 0.8843 0.1523
vt 0.9851 0.1313
vt 0.9851 0.1523
vt 0.8843 0.1313
vt 0.9851 0.1105
vt 0.9851 0.1313
vt 0.8843 0.1105
vt 0.9851 0.0895
vt 0.9851 0.1105
vt 0.8843 0.0895
vt 0.9851 0.0683
vt 0.9851 0.0895
vt 0.8843 0.0683
vt 0.9851 0.0464
vt 0.9851 0.0683
vt 0.8843 0.0464
vt 0.9851 0.0238
vt 0.9851 0.0464
vt 0.8843 0.0238
vt 0.9851 0.0000
vt 0.9851 0.0238
vt 0.9851 0.9877
vt 1.0860 0.9368
vt 1.0860 0.8690
vt 0.9851 0.8690
vt 1.0860 0.7986
vt 1.0860 0.8690
vt 0.9851 0.7986
vt 1.0860 0.7279
vt 1.0860 0.7986
vt 0.9851 0.7279
vt 1.0860 0.6591
vt 1.0860 0.7279
vt 0.9851 0.6591
vt 1.0860 0.5944
vt 1.0860 0.6591
vt 0.9851 0.5944
vt 1.0860 0.5350
vt 1.0860 0.5944
vt 0.9851 0.4815
vt 1.0860 0.5350
vt 0.9851 0.5350
vt 0.9851 0.4340
vt 1.0860 0.4815
vt 0.9851 0.4815
vt 0.9851 0.4340
vt 1.0860 0.3923
vt 1.0860 0.4340
vt 0.9851 0.3923
vt 1.0860 0.3558
vt 1.0860 0.3923
vt 0.9851 0.3233
vt 1.0860 0.3558
vt 0.9851 0.3558
vt 0.9851 0.2939
vt 1.0860 0.3233
vt 0.9851 0.3233
vt 1.0860 0.2939
vt 1.0860 0.2669
vt 1.0860 0.2417
vt 1.0860 0.2180
vt 1.0860 0.1953
vt 1.0860 0.1735
vt 1.0860 0.1523
vt 1.0860 0.1313
vt 1.0860 0.1105
vt 1.0860 0.0895
vt 1.0860 0.0683
vt 1.0860 0.0464
vt 1.0860 0.0238
vt 1.0860 0.9877
vt 1.1868 0.9368
vt 1.1868 0.8690
vt 1.1868 0.7986
vt 1.1868 0.7279
vt 1.1868 0.6591
vt 1.1868 0.5944
vt 1.0860 0.4815
vt 1.1868 0.5350
vt 1.0860 0.5350
vt 1.0860 0.4340
vt 1.1868 0.4815
vt 1.0860 0.4815
vt 1.1868 0.4340
vt 1.1868 0.3923
vt 1.0860 0.3233
vt 1.1868 0.3558
vt 1.0860 0.3558
vt 1.0860 0.2939
vt 1.1868 0.3233
vt 1.0860 0.3233
vt 1.0860 0.2939
vt 1.1868 0.2669
vt 1.1868 0.2939
vt 1.0860 0.2669
vt 1.1868 0.2417
vt 1.1868 0.2669
vt 1.0860 0.2417
vt 1.1868 0.2180
vt 1.1868 0.2417
vt 1.0860 0.2180
vt 1.1868 0.1953
vt 1.1868 0.2180
vt 1.0860 0.1953
vt 1.1868 0.1735
vt 1.1868 0.1953
vt 1.0860 0.1735
vt 1.1868 0.1523
vt 1.1868 0.1735
vt 1.0860 0.1523
vt 1.1868 0.1313
vt 1.1868 0.1523
vt 1.0860 0.1313
vt 1.1868 0.1105
vt 1.1868 0.1313
vt 1.0860 0.1105
vt 1.1868 0.0895
vt 1.1868 0.1105
vt 1.0860 0.0895
vt 1.1868 0.0683
vt 1.1868 0.0895
vt 1.0860 0.0683
vt 1.1868 0.0464
vt 1.1868 0.0683
vt 1.0860 0.0464
vt 1.1868 0.0238
vt 1.1868 0.0464
vt 1.0860 0.0238
vt 1.1868 0.0000
vt 1.1868 0.0238
vt 1.1868 0.9877
vt 1.2876 0.9368
vt 1.2876 0.8690
vt 1.1868 0.8690
vt 1.2876 0.7986
vt 1.2876 0.8690
vt 1.1868 0.7986
vt 1.2876 0.7279
vt 1.2876 0.7986
vt 1.1868 0.7279
vt 1.2876 0.6591
vt 1.2876 0.7279
vt 1.1868 0.5944
vt 1.2876 0.6591
vt 1.1868 0.6591
vt 1.1868 0.5350
vt 1.2876 0.5944
vt 1.1868 0.5944
vt 1.1868 0.4815
vt 1.2876 0.5350
vt 1.1868 0.5350
vt 1.1868 0.4340
vt 1.2876 0.4815
vt 1.1868 0.4815
vt 1.1868 0.3923
vt 1.2876 0.4340
vt 1.1868 0.4340
vt 1.1868 0.3558
vt 1.2876 0.3923
vt 1.1868 0.3923
vt 1.1868 0.3233
vt 1.2876 0.3558
vt 1.1868 0.3558
vt 1.1868 0.2939
vt 1.2876 0.3233
vt 1.1868 0.3233
vt 1.1868 0.2939
vt 1.2876 0.2669
vt 1.2876 0.2939
vt 1.2876 0.2669
vt 1.2876 0.2417
vt 1.2876 0.2180
vt 1.2876 0.1953
vt 1.2876 0.1735
vt 1.2876 0.1523
vt 1.2876 0.1313
vt 1.2876 0.1105
vt 1.2876 0.0895
vt 1.2876 0.0683
vt 1.2876 0.0464
vt 1.2876 0.0238
vt 1.2876 0.0000
vt 0.9851 0.0000
vt 1.0860 0.0000
vt 1.1868 0.0000
vt 0.6116 0.9877
vt 0.7769 0.9282
vt 0.7769 0.9877
vt 0.6116 0.9282
vt 0.7769 0.8509
vt 0.7769 0.9282
vt 0.6116 0.7709
vt 0.7769 0.8509
vt 0.6116 0.8509
vt 0.6116 0.6916
vt 0.7769 0.7709
vt 0.6116 0.7709
vt 0.6116 0.6163
vt 0.7769 0.6916
vt 0.6116 0.6916
vt 0.6116 0.6163
vt 0.7769 0.5474
vt 0.7769 0.6163
vt 0.6116 0.4859
vt 0.7769 0.5474
vt 0.6116 0.5474
vt 0.6116 0.4321
vt 0.7769 0.4859
vt 0.6116 0.4859
vt 0.6116 0.3856
vt 0.7769 0.4321
vt 0.6116 0.4321
vt 0.6116 0.3455
vt 0.7769 0.3856
vt 0.6116 0.3856
vt 0.6116 0.3455
vt 0.7769 0.3102
vt 0.7769 0.3455
vt 0.6116 0.3102
vt 0.7769 0.2784
vt 0.7769 0.3102
vt 0.6116 0.2492
vt 0.7769 0.2784
vt 0.6116 0.2784
vt 0.6116 0.2220
vt 0.7769 0.2492
vt 0.6116 0.2492
vt 0.6116 0.1963
vt 0.7769 0.2220
vt 0.6116 0.2220
vt 0.6116 0.1716
vt 0.7769 0.1963
vt 0.6116 0.1963
vt 0.6116 0.1477
vt 0.7769 0.1716
vt 0.6116 0.1716
vt 0.6116 0.1241
vt 0.7769 0.1477
vt 0.6116 0.1477
vt 0.6116 0.1005
vt 0.7769 0.1241
vt 0.6116 0.1241
vt 0.6116 0.0766
vt 0.7769 0.1005
vt 0.6116 0.1005
vt 0.6116 0.0522
vt 0.7769 0.0766
vt 0.6116 0.0766
vt 0.6116 0.0268
vt 0.7769 0.0522
vt 0.6116 0.0522
vt 0.6116 0.0000
vt 0.7769 0.0268
vt 0.6116 0.0268
vt 0.9422 0.9877
vt 0.9422 0.9282
vt 0.7769 0.7709
vt 0.9422 0.8509
vt 0.7769 0.8509
vt 0.7769 0.6916
vt 0.9422 0.7709
vt 0.7769 0.7709
vt 0.7769 0.6163
vt 0.9422 0.6916
vt 0.7769 0.6916
vt 0.7769 0.6163
vt 0.9422 0.5474
vt 0.9422 0.6163
vt 0.7769 0.4859
vt 0.9422 0.5474
vt 0.7769 0.5474
vt 0.7769 0.4321
vt 0.9422 0.4859
vt 0.7769 0.4859
vt 0.7769 0.3856
vt 0.9422 0.4321
vt 0.7769 0.4321
vt 0.7769 0.3455
vt 0.9422 0.3856
vt 0.7769 0.3856
vt 0.7769 0.3455
vt 0.9422 0.3102
vt 0.9422 0.3455
vt 0.7769 0.3102
vt 0.9422 0.2784
vt 0.9422 0.3102
vt 0.7769 0.2784
vt 0.9422 0.2492
vt 0.9422 0.2784
vt 0.7769 0.2492
vt 0.9422 0.2220
vt 0.9422 0.2492
vt 0.7769 0.2220
vt 0.9422 0.1963
vt 0.9422 0.2220
vt 0.7769 0.1963
vt 0.9422 0.1716
vt 0.9422 0.1963
vt 0.7769 0.1716
vt 0.9422 0.1477
vt 0.9422 0.1716
vt 0.7769 0.1477
vt 0.9422 0.1241
vt 0.9422 0.1477
vt 0.7769 0.1241
vt 0.9422 0.1005
vt 0.9422 0.1241
vt 0.7769 0.1005
vt 0.9422 0.0766
vt 0.9422 0.1005
vt 0.7769 0.0766
vt 0.9422 0.0522
vt 0.9422 0.0766
vt 0.7769 0.0522
vt 0.9422 0.0268
vt 0.9422 0.0522
vt 0.7769 0.0268
vt 0.9422 0.0000
vt 0.9422 0.0268
vt 0.9422 0.9877
vt 1.1075 0.9282
vt 1.1075 0.9877
vt 0.9422 0.9282
vt 1.1075 0.8509
vt 1.1075 0.9282
vt 0.9422 0.8509
vt 1.1075 0.7709
vt 1.1075 0.8509
vt 0.9422 0.6916
vt 1.1075 0.7709
vt 0.9422 0.7709
vt 0.9422 0.6163
vt 1.1075 0.6916
vt 0.9422 0.6916
vt 0.9422 0.6163
vt 1.1075 0.5474
vt 1.1075 0.6163
vt 0.9422 0.4859
vt 1.1075 0.5474
vt 0.9422 0.5474
vt 0.9422 0.4321
vt 1.1075 0.4859
vt 0.9422 0.4859
vt 0.9422 0.3856
vt 1.1075 0.4321
vt 0.9422 0.4321
vt 0.9422 0.3455
vt 1.1075 0.3856
vt 0.9422 0.3856
vt 0.9422 0.3455
vt 1.1075 0.3102
vt 1.1075 0.3455
vt 1.1075 0.3102
vt 1.1075 0.2784
vt 1.1075 0.2492
vt 1.1075 0.2220
vt 1.1075 0.1963
vt 1.1075 0.1716
vt 1.1075 0.1477
vt 1.1075 0.1241
vt 1.1075 0.1005
vt 1.1075 0.0766
vt 1.1075 0.0522
vt 1.1075 0.0268
vt 1.2728 0.9877
vt 1.2728 0.9282
vt 1.2728 0.8509
vt 1.1075 0.6916
vt 1.2728 0.7709
vt 1.1075 0.7709
vt 1.1075 0.6163
vt 1.2728 0.6916
vt 1.1075 0.6916
vt 1.1075 0.6163
vt 1.2728 0.5474
vt 1.2728 0.6163
vt 1.1075 0.4859
vt 1.2728 0.5474
vt 1.1075 0.5474
vt 1.1075 0.4321
vt 1.2728 0.4859
vt 1.1075 0.4859
vt 1.1075 0.3856
vt 1.2728 0.4321
vt 1.1075 0.4321
vt 1.1075 0.3455
vt 1.2728 0.3856
vt 1.1075 0.3856
vt 1.1075 0.3455
vt 1.2728 0.3102
vt 1.2728 0.3455
vt 1.1075 0.3102
vt 1.2728 0.2784
vt 1.2728 0.3102
vt 1.1075 0.2784
vt 1.2728 0.2492
vt 1.2728 0.2784
vt 1.1075 0.2492
vt 1.2728 0.2220
vt 1.2728 0.2492
vt 1.1075 0.2220
vt 1.2728 0.1963
vt 1.2728 0.2220
vt 1.1075 0.1963
vt 1.2728 0.1716
vt 1.2728 0.1963
vt 1.1075 0.1716
vt 1.2728 0.1477
vt 1.2728 0.1716
vt 1.1075 0.1477
vt 1.2728 0.1241
vt 1.2728 0.1477
vt 1.1075 0.1241
vt 1.2728 0.1005
vt 1.2728 0.1241
vt 1.1075 0.1005
vt 1.2728 0.0766
vt 1.2728 0.1005
vt 1.1075 0.0766
vt 1.2728 0.0522
vt 1.2728 0.0766
vt 1.1075 0.0522
vt 1.2728 0.0268
vt 1.2728 0.0522
vt 1.1075 0.0268
vt 1.2728 0.0000
vt 1.2728 0.0268
vt 1.2728 0.9877
vt 1.2728 0.0000
vt 0.7769 0.0000
vt 0.9422 0.0000
vt 1.1075 0.0000
vt 0.6798 0.9323
vt 0.7826 0.9880
vt 0.6798 0.9880
vt 0.6798 0.8602
vt 0.7826 0.9323
vt 0.6798 0.9323
vt 0.6798 0.7858
vt 0.7826 0.8602
vt 0.6798 0.8602
vt 0.6798 0.7116
vt 0.7826 0.7858
vt 0.6798 0.7858
vt 0.6798 0.6402
vt 0.7826 0.7116
vt 0.6798 0.7116
vt 0.6798 0.5735
vt 0.7826 0.6402
vt 0.6798 0.6402
vt 0.6798 0.5128
vt 0.7826 0.5735
vt 0.6798 0.5735
vt 0.6798 0.4584
vt 0.7826 0.5128
vt 0.6798 0.5128
vt 0.6798 0.4105
vt 0.7826 0.4584
vt 0.6798 0.4584
vt 0.6798 0.3686
vt 0.7826 0.4105
vt 0.6798 0.4105
vt 0.6798 0.3686
vt 0.7826 0.3314
vt 0.7826 0.3686
vt 0.6798 0.2976
vt 0.7826 0.3314
vt 0.6798 0.3314
vt 0.6798 0.2665
vt 0.7826 0.2976
vt 0.6798 0.2976
vt 0.6798 0.2375
vt 0.7826 0.2665
vt 0.6798 0.2665
vt 0.6798 0.2099
vt 0.7826 0.2375
vt 0.6798 0.2375
vt 0.6798 0.1834
vt 0.7826 0.2099
vt 0.6798 0.2099
vt 0.6798 0.1577
vt 0.7826 0.1834
vt 0.6798 0.1834
vt 0.6798 0.1323
vt 0.7826 0.1577
vt 0.6798 0.1577
vt 0.6798 0.1323
vt 0.7826 0.1070
vt 0.7826 0.1323
vt 0.6798 0.1070
vt 0.7826 0.0814
vt 0.7826 0.1070
vt 0.6798 0.0814
vt 0.7826 0.0553
vt 0.7826 0.0814
vt 0.6798 0.0553
vt 0.7826 0.0283
vt 0.7826 0.0553
vt 0.6798 0.0283
vt 0.7826 0.0000
vt 0.7826 0.0283
vt 0.7826 0.9323
vt 0.8855 0.9880
vt 0.7826 0.9880
vt 0.7826 0.8602
vt 0.8855 0.9323
vt 0.7826 0.9323
vt 0.7826 0.7858
vt 0.8855 0.8602
vt 0.7826 0.8602
vt 0.7826 0.7116
vt 0.8855 0.7858
vt 0.7826 0.7858
vt 0.7826 0.6402
vt 0.8855 0.7116
vt 0.7826 0.7116
vt 0.7826 0.5735
vt 0.8855 0.6402
vt 0.7826 0.6402
vt 0.7826 0.5128
vt 0.8855 0.5735
vt 0.7826 0.5735
vt 0.7826 0.4584
vt 0.8855 0.5128
vt 0.7826 0.5128
vt 0.7826 0.4105
vt 0.8855 0.4584
vt 0.7826 0.4584
vt 0.7826 0.3686
vt 0.8855 0.4105
vt 0.7826 0.4105
vt 0.8855 0.3686
vt 0.7826 0.2976
vt 0.8855 0.3314
vt 0.7826 0.3314
vt 0.7826 0.2665
vt 0.8855 0.2976
vt 0.7826 0.2976
vt 0.7826 0.2375
vt 0.8855 0.2665
vt 0.7826 0.2665
vt 0.7826 0.2099
vt 0.8855 0.2375
vt 0.7826 0.2375
vt 0.7826 0.1834
vt 0.8855 0.2099
vt 0.7826 0.2099
vt 0.7826 0.1834
vt 0.8855 0.1577
vt 0.8855 0.1834
vt 0.7826 0.1323
vt 0.8855 0.1577
vt 0.7826 0.1577
vt 0.8855 0.1323
vt 0.8855 0.1070
vt 0.8855 0.0814
vt 0.8855 0.0553
vt 0.8855 0.0000
vt 0.8855 0.0283
vt 0.8855 0.9323
vt 0.9884 0.9880
vt 0.8855 0.9880
vt 0.8855 0.8602
vt 0.9884 0.9323
vt 0.8855 0.9323
vt 0.8855 0.7858
vt 0.9884 0.8602
vt 0.8855 0.8602
vt 0.8855 0.7116
vt 0.9884 0.7858
vt 0.8855 0.7858
vt 0.8855 0.6402
vt 0.9884 0.7116
vt 0.8855 0.7116
vt 0.8855 0.5735
vt 0.9884 0.6402
vt 0.8855 0.6402
vt 0.8855 0.5128
vt 0.9884 0.5735
vt 0.8855 0.5735
vt 0.8855 0.4584
vt 0.9884 0.5128
vt 0.8855 0.5128
vt 0.8855 0.4105
vt 0.9884 0.4584
vt 0.8855 0.4584
vt 0.8855 0.3686
vt 0.9884 0.4105
vt 0.8855 0.4105
vt 0.8855 0.3314
vt 0.9884 0.3686
vt 0.8855 0.3686
vt 0.8855 0.2976
vt 0.9884 0.3314
vt 0.8855 0.3314
vt 0.8855 0.2665
vt 0.9884 0.2976
vt 0.8855 0.2976
vt 0.8855 0.2375
vt 0.9884 0.2665
vt 0.8855 0.2665
vt 0.8855 0.2099
vt 0.9884 0.2375
vt 0.8855 0.2375
vt 0.8855 0.1834
vt 0.9884 0.2099
vt 0.8855 0.2099
vt 0.9884 0.1834
vt 0.8855 0.1577
vt 0.9884 0.1323
vt 0.9884 0.1577
vt 0.8855 0.1070
vt 0.9884 0.1323
vt 0.8855 0.1323
vt 0.8855 0.0814
vt 0.9884 0.1070
vt 0.8855 0.1070
vt 0.8855 0.0553
vt 0.9884 0.0814
vt 0.8855 0.0814
vt 0.8855 0.0283
vt 0.9884 0.0553
vt 0.8855 0.0553
vt 0.8855 0.0283
vt 0.9884 0.0000
vt 0.9884 0.0283
vt 0.9884 0.9323
vt 1.0913 0.9880
vt 0.9884 0.9880
vt 0.9884 0.8602
vt 1.0913 0.9323
vt 0.9884 0.9323
vt 0.9884 0.7858
vt 1.0913 0.8602
vt 0.9884 0.8602
vt 0.9884 0.7116
vt 1.0913 0.7858
vt 0.9884 0.7858
vt 0.9884 0.6402
vt 1.0913 0.7116
vt 0.9884 0.7116
vt 0.9884 0.5735
vt 1.0913 0.6402
vt 0.9884 0.6402
vt 0.9884 0.5128
vt 1.0913 0.5735
vt 0.9884 0.5735
vt 0.9884 0.4584
vt 1.0913 0.5128
vt 0.9884 0.5128
vt 0.9884 0.4105
vt 1.0913 0.4584
vt 0.9884 0.4584
vt 0.9884 0.3686
vt 1.0913 0.4105
vt 0.9884 0.4105
vt 0.9884 0.3314
vt 1.0913 0.3686
vt 0.9884 0.3686
vt 0.9884 0.2976
vt 1.0913 0.3314
vt 0.9884 0.3314
vt 0.9884 0.2665
vt 1.0913 0.2976
vt 0.9884 0.2976
vt 0.9884 0.2375
vt 1.0913 0.2665
vt 0.9884 0.2665
vt 0.9884 0.2099
vt 1.0913 0.2375
vt 0.9884 0.2375
vt 0.9884 0.1834
vt 1.0913 0.2099
vt 0.9884 0.2099
vt 0.9884 0.1577
vt 1.0913 0.1834
vt 0.9884 0.1834
vt 1.0913 0.1577
vt 0.9884 0.1070
vt 1.0913 0.1323
vt 0.9884 0.1323
vt 0.9884 0.0814
vt 1.0913 0.1070
vt 0.9884 0.1070
vt 0.9884 0.0553
vt 1.0913 0.0814
vt 0.9884 0.0814
vt 0.9884 0.0283
vt 1.0913 0.0553
vt 0.9884 0.0553
vt 1.0913 0.0283
vt 1.0913 0.9880
vt 0.9587 0.9875
vt 0.9587 0.9355
vt 1.1187 0.9355
vt 0.9587 0.8657
vt 0.9587 0.8657
vt 1.1187 0.7929
vt 1.1187 0.8657
vt 0.9587 0.7929
vt 1.1187 0.7196
vt 1.1187 0.7929
vt 0.9587 0.7196
vt 1.1187 0.6487
vt 1.1187 0.7196
vt 0.9587 0.5827
vt 1.1187 0.6487
vt 0.9587 0.6487
vt 0.9587 0.5227
vt 1.1187 0.5827
vt 0.9587 0.5827
vt 0.9587 0.4694
vt 1.1187 0.5227
vt 0.9587 0.5227
vt 0.9587 0.4225
vt 1.1187 0.4694
vt 0.9587 0.4694
vt 0.9587 0.3818
vt 1.1187 0.4225
vt 0.9587 0.4225
vt 0.9587 0.3818
vt 1.1187 0.3465
vt 1.1187 0.3818
vt 0.9587 0.3465
vt 1.1187 0.3154
vt 1.1187 0.3465
vt 0.9587 0.3154
vt 1.1187 0.2875
vt 1.1187 0.3154
vt 0.9587 0.2620
vt 1.1187 0.2875
vt 0.9587 0.2875
vt 0.9587 0.2385
vt 1.1187 0.2620
vt 0.9587 0.2620
vt 0.9587 0.2385
vt 1.1187 0.2164
vt 1.1187 0.2385
vt 0.9587 0.2164
vt 1.1187 0.1956
vt 1.1187 0.2164
vt 0.9587 0.1956
vt 1.1187 0.1756
vt 1.1187 0.1956
vt 0.9587 0.1563
vt 1.1187 0.1756
vt 0.9587 0.1756
vt 0.9587 0.1563
vt 1.1187 0.1374
vt 1.1187 0.1563
vt 0.9587 0.1374
vt 1.1187 0.1187
vt 1.1187 0.1374
vt 0.9587 0.1187
vt 1.1187 0.1000
vt 1.1187 0.1187
vt 0.9587 0.1000
vt 1.1187 0.0812
vt 1.1187 0.1000
vt 0.9587 0.0812
vt 1.1187 0.0620
vt 1.1187 0.0812
vt 0.9587 0.0620
vt 1.1187 0.0423
vt 1.1187 0.0620
vt 0.9587 0.0423
vt 1.1187 0.0217
vt 1.1187 0.0423
vt 0.9587 0.0217
vt 1.1187 0.0000
vt 1.1187 0.0217
vt 1.1187 0.9875
vt 1.2788 0.9355
vt 1.1187 0.8657
vt 1.2788 0.8657
vt 1.1187 0.7929
vt 1.2788 0.7196
vt 1.2788 0.7929
vt 1.1187 0.7196
vt 1.2788 0.6487
vt 1.2788 0.7196
vt 1.1187 0.6487
vt 1.2788 0.5827
vt 1.2788 0.6487
vt 1.1187 0.5827
vt 1.2788 0.5227
vt 1.2788 0.5827
vt 1.1187 0.5227
vt 1.2788 0.4694
vt 1.2788 0.5227
vt 1.1187 0.4694
vt 1.2788 0.4225
vt 1.2788 0.4694
vt 1.1187 0.4225
vt 1.2788 0.3818
vt 1.2788 0.4225
vt 1.1187 0.3818
vt 1.2788 0.3465
vt 1.2788 0.3818
vt 1.1187 0.3465
vt 1.2788 0.3154
vt 1.2788 0.3465
vt 1.1187 0.3154
vt 1.2788 0.2875
vt 1.2788 0.3154
vt 1.1187 0.2620
vt 1.2788 0.2875
vt 1.1187 0.2875
vt 1.1187 0.2385
vt 1.2788 0.2620
vt 1.1187 0.2620
vt 1.1187 0.2385
vt 1.2788 0.2164
vt 1.2788 0.2385
vt 1.1187 0.2164
vt 1.2788 0.1956
vt 1.2788 0.2164
vt 1.1187 0.1956
vt 1.2788 0.1756
vt 1.2788 0.1956
vt 1.1187 0.1563
vt 1.2788 0.1756
vt 1.1187 0.1756
vt 1.2788 0.1563
vt 1.2788 0.1374
vt 1.2788 0.1187
vt 1.2788 0.1000
vt 1.2788 0.0812
vt 1.2788 0.0620
vt 1.2788 0.0423
vt 1.2788 0.0217
vt 1.2788 0.9875
vt 1.4388 0.9355
vt 1.2788 0.8657
vt 1.2788 0.7929
vt 1.4388 0.8657
vt 1.2788 0.8657
vt 1.2788 0.7929
vt 1.4388 0.7196
vt 1.4388 0.7929
vt 1.2788 0.7196
vt 1.4388 0.6487
vt 1.4388 0.7196
vt 1.2788 0.6487
vt 1.4388 0.5827
vt 1.4388 0.6487
vt 1.2788 0.5827
vt 1.4388 0.5227
vt 1.4388 0.5827
vt 1.2788 0.5227
vt 1.4388 0.4694
vt 1.4388 0.5227
vt 1.2788 0.4694
vt 1.4388 0.4225
vt 1.4388 0.4694
vt 1.2788 0.4225
vt 1.4388 0.3818
vt 1.4388 0.4225
vt 1.2788 0.3818
vt 1.4388 0.3465
vt 1.4388 0.3818
vt 1.2788 0.3465
vt 1.4388 0.3154
vt 1.4388 0.3465
vt 1.2788 0.3154
vt 1.4388 0.2875
vt 1.4388 0.3154
vt 1.2788 0.2620
vt 1.4388 0.2875
vt 1.2788 0.2875
vt 1.2788 0.2385
vt 1.4388 0.2620
vt 1.2788 0.2620
vt 1.2788 0.2385
vt 1.4388 0.2164
vt 1.4388 0.2385
vt 1.2788 0.2164
vt 1.4388 0.1956
vt 1.4388 0.2164
vt 1.2788 0.1956
vt 1.4388 0.1756
vt 1.4388 0.1956
vt 1.2788 0.1563
vt 1.4388 0.1756
vt 1.2788 0.1756
vt 1.2788 0.1374
vt 1.4388 0.1563
vt 1.2788 0.1563
vt 1.2788 0.1187
vt 1.4388 0.1374
vt 1.2788 0.1374
vt 1.2788 0.1000
vt 1.4388 0.1187
vt 1.2788 0.1187
vt 1.2788 0.0812
vt 1.4388 0.1000
vt 1.2788 0.1000
vt 1.2788 0.0620
vt 1.4388 0.0812
vt 1.2788 0.0812
vt 1.2788 0.0423
vt 1.4388 0.0620
vt 1.2788 0.0620
vt 1.2788 0.0423
vt 1.4388 0.0217
vt 1.4388 0.0423
vt 1.2788 0.0217
vt 1.4388 0.0000
vt 1.4388 0.0217
vt 1.4388 0.9875
vt 1.5989 0.9355
vt 1.4388 0.8657
vt 1.4388 0.8657
vt 1.5989 0.7929
vt 1.5989 0.8657
vt 1.4388 0.7929
vt 1.5989 0.7196
vt 1.5989 0.7929
vt 1.5989 0.7196
vt 1.5989 0.6487
vt 1.5989 0.5827
vt 1.5989 0.5227
vt 1.4388 0.4694
vt 1.5989 0.4225
vt 1.5989 0.4694
vt 1.4388 0.4225
vt 1.5989 0.3818
vt 1.5989 0.4225
vt 1.4388 0.3818
vt 1.5989 0.3465
vt 1.5989 0.3818
vt 1.4388 0.3465
vt 1.5989 0.3154
vt 1.5989 0.3465
vt 1.4388 0.3154
vt 1.5989 0.2875
vt 1.5989 0.3154
vt 1.4388 0.2620
vt 1.5989 0.2875
vt 1.4388 0.2875
vt 1.4388 0.2385
vt 1.5989 0.2620
vt 1.4388 0.2620
vt 1.4388 0.2385
vt 1.5989 0.2164
vt 1.5989 0.2385
vt 1.4388 0.2164
vt 1.5989 0.1956
vt 1.5989 0.2164
vt 1.4388 0.1956
vt 1.5989 0.1756
vt 1.5989 0.1956
vt 1.4388 0.1563
vt 1.5989 0.1756
vt 1.4388 0.1756
vt 1.4388 0.1374
vt 1.5989 0.1563
vt 1.4388 0.1563
vt 1.4388 0.1187
vt 1.5989 0.1374
vt 1.4388 0.1374
vt 1.4388 0.1187
vt 1.5989 0.1000
vt 1.5989 0.1187
vt 1.4388 0.1000
vt 1.5989 0.0812
vt 1.5989 0.1000
vt 1.4388 0.0812
vt 1.5989 0.0620
vt 1.5989 0.0812
vt 1.4388 0.0423
vt 1.5989 0.0620
vt 1.4388 0.0620
vt 1.5989 0.0423
vt 1.5989 0.0217
vt 1.5989 0.0000
vt 1.1187 0.0000
vt 1.2788 0.0000
vt 1.4388 0.0000
vt 0.8843 0.9877
vt 0.8843 0.9368
vt 0.9851 0.9368
vt 0.8843 0.8690
vt 0.8843 0.7986
vt 0.9851 0.8690
vt 0.8843 0.8690
vt 0.8843 0.7279
vt 0.9851 0.7986
vt 0.8843 0.7986
vt 0.8843 0.6591
vt 0.9851 0.7279
vt 0.8843 0.7279
vt 0.8843 0.5944
vt 0.9851 0.6591
vt 0.8843 0.6591
vt 0.8843 0.5944
vt 0.9851 0.5350
vt 0.9851 0.5944
vt 0.8843 0.4815
vt 0.9851 0.5350
vt 0.8843 0.5350
vt 0.8843 0.4340
vt 0.9851 0.4815
vt 0.8843 0.4815
vt 0.8843 0.3923
vt 0.9851 0.4340
vt 0.8843 0.4340
vt 0.8843 0.3558
vt 0.9851 0.3923
vt 0.8843 0.3923
vt 0.8843 0.3558
vt 0.9851 0.3233
vt 0.9851 0.3558
vt 0.8843 0.2939
vt 0.9851 0.3233
vt 0.8843 0.3233
vt 0.8843 0.2939
vt 0.9851 0.2669
vt 0.9851 0.2939
vt 0.8843 0.2669
vt 0.9851 0.2417
vt 0.9851 0.2669
vt 0.8843 0.2417
vt 0.9851 0.2180
vt 0.9851 0.2417
vt 0.8843 0.2180
vt 0.9851 0.1953
vt 0.9851 0.2180
vt 0.8843 0.1953
vt 0.9851 0.1735
vt 0.9851 0.1953
vt 0.8843 0.1735
vt 0.9851 0.1523
vt 0.9851 0.1735
vt 0.8843 0.1523
vt 0.9851 0.1313
vt 0.9851 0.1523
vt 0.8843 0.1313
vt 0.9851 0.1105
vt 0.9851 0.1313
vt 0.8843 0.1105
vt 0.9851 0.0895
vt 0.9851 0.1105
vt 0.8843 0.0895
vt 0.9851 0.0683
vt 0.9851 0.0895
vt 0.8843 0.0683
vt 0.9851 0.0464
vt 0.9851 0.0683
vt 0.8843 0.0464
vt 0.9851 0.0238
vt 0.9851 0.0464
vt 0.8843 0.0238
vt 0.9851 0.0000
vt 0.9851 0.0238
vt 0.9851 0.9877
vt 1.0860 0.9368
vt 1.0860 0.8690
vt 0.9851 0.8690
vt 1.0860 0.7986
vt 1.0860 0.8690
vt 0.9851 0.7986
vt 1.0860 0.7279
vt 1.0860 0.7986
vt 0.9851 0.7279
vt 1.0860 0.6591
vt 1.0860 0.7279
vt 0.9851 0.6591
vt 1.0860 0.5944
vt 1.0860 0.6591
vt 0.9851 0.5944
vt 1.0860 0.5350
vt 1.0860 0.5944
vt 0.9851 0.5350
vt 1.0860 0.4815
vt 1.0860 0.5350
vt 0.9851 0.4815
vt 1.0860 0.4340
vt 1.0860 0.4815
vt 0.9851 0.4340
vt 1.0860 0.3923
vt 1.0860 0.4340
vt 0.9851 0.3923
vt 1.0860 0.3558
vt 1.0860 0.3923
vt 0.9851 0.3558
vt 1.0860 0.3233
vt 1.0860 0.3558
vt 0.9851 0.3233
vt 1.0860 0.2939
vt 1.0860 0.3233
vt 1.0860 0.2939
vt 1.0860 0.2669
vt 1.0860 0.2417
vt 1.0860 0.2180
vt 1.0860 0.1953
vt 1.0860 0.1735
vt 1.0860 0.1523
vt 1.0860 0.1313
vt 1.0860 0.1105
vt 1.0860 0.0895
vt 1.0860 0.0683
vt 1.0860 0.0464
vt 1.0860 0.0238
vt 1.0860 0.9877
vt 1.1868 0.9368
vt 1.1868 0.8690
vt 1.1868 0.7986
vt 1.1868 0.7279
vt 1.0860 0.6591
vt 1.1868 0.5944
vt 1.1868 0.6591
vt 1.0860 0.5944
vt 1.1868 0.5350
vt 1.1868 0.5944
vt 1.0860 0.5350
vt 1.1868 0.4815
vt 1.1868 0.5350
vt 1.0860 0.4815
vt 1.1868 0.4340
vt 1.1868 0.4815
vt 1.1868 0.4340
vt 1.1868 0.3923
vt 1.0860 0.3558
vt 1.1868 0.3233
vt 1.1868 0.3558
vt 1.1868 0.3233
vt 1.0860 0.2939
vt 1.1868 0.2669
vt 1.1868 0.2939
vt 1.0860 0.2669
vt 1.1868 0.2417
vt 1.1868 0.2669
vt 1.0860 0.2417
vt 1.1868 0.2180
vt 1.1868 0.2417
vt 1.0860 0.2180
vt 1.1868 0.1953
vt 1.1868 0.2180
vt 1.0860 0.1953
vt 1.1868 0.1735
vt 1.1868 0.1953
vt 1.0860 0.1735
vt 1.1868 0.1523
vt 1.1868 0.1735
vt 1.0860 0.1523
vt 1.1868 0.1313
vt 1.1868 0.1523
vt 1.0860 0.1313
vt 1.1868 0.1105
vt 1.1868 0.1313
vt 1.0860 0.1105
vt 1.1868 0.0895
vt 1.1868 0.1105
vt 1.0860 0.0895
vt 1.1868 0.0683
vt 1.1868 0.0895
vt 1.0860 0.0683
vt 1.1868 0.0464
vt 1.1868 0.0683
vt 1.0860 0.0464
vt 1.1868 0.0238
vt 1.1868 0.0464
vt 1.0860 0.0238
vt 1.1868 0.0000
vt 1.1868 0.0238
vt 1.1868 0.9877
vt 1.2876 0.9368
vt 1.2876 0.8690
vt 1.1868 0.8690
vt 1.2876 0.7986
vt 1.2876 0.8690
vt 1.1868 0.7986
vt 1.2876 0.7279
vt 1.2876 0.7986
vt 1.1868 0.7279
vt 1.2876 0.6591
vt 1.2876 0.7279
vt 1.1868 0.6591
vt 1.2876 0.5944
vt 1.2876 0.6591
vt 1.2876 0.5944
vt 1.1868 0.5350
vt 1.2876 0.4815
vt 1.2876 0.5350
vt 1.1868 0.4815
vt 1.2876 0.4340
vt 1.2876 0.4815
vt 1.1868 0.4340
vt 1.2876 0.3923
vt 1.2876 0.4340
vt 1.1868 0.3923
vt 1.2876 0.3558
vt 1.2876 0.3923
vt 1.1868 0.3558
vt 1.2876 0.3233
vt 1.2876 0.3558
vt 1.1868 0.3233
vt 1.2876 0.2939
vt 1.2876 0.3233
vt 1.2876 0.2939
vt 1.2876 0.2669
vt 1.2876 0.2417
vt 1.2876 0.2180
vt 1.2876 0.1953
vt 1.2876 0.1735
vt 1.2876 0.1523
vt 1.2876 0.1313
vt 1.2876 0.1105
vt 1.2876 0.0895
vt 1.2876 0.0683
vt 1.2876 0.0464
vt 1.2876 0.0238
vt 1.2876 0.0000
vt 0.9851 0.0000
vt 1.0860 0.0000
vt 1.1868 0.0000
vt 0.6116 0.9877
vt 0.7769 0.9248
vt 0.7769 0.9877
vt 0.6116 0.9248
vt 0.7769 0.8436
vt 0.7769 0.9248
vt 0.6116 0.8436
vt 0.7769 0.7599
vt 0.7769 0.8436
vt 0.6116 0.6775
vt 0.7769 0.7599
vt 0.6116 0.7599
vt 0.6116 0.6775
vt 0.7769 0.6001
vt 0.7769 0.6775
vt 0.6116 0.6001
vt 0.7769 0.5299
vt 0.7769 0.6001
vt 0.6116 0.5299
vt 0.7769 0.4680
vt 0.7769 0.5299
vt 0.6116 0.4680
vt 0.7769 0.4144
vt 0.7769 0.4680
vt 0.6116 0.3685
vt 0.7769 0.4144
vt 0.6116 0.4144
vt 0.6116 0.3289
vt 0.7769 0.3685
vt 0.6116 0.3685
vt 0.6116 0.2939
vt 0.7769 0.3289
vt 0.6116 0.3289
vt 0.6116 0.2622
vt 0.7769 0.2939
vt 0.6116 0.2939
vt 0.6116 0.2329
vt 0.7769 0.2622
vt 0.6116 0.2622
vt 0.6116 0.2055
vt 0.7769 0.2329
vt 0.6116 0.2329
vt 0.6116 0.1794
vt 0.7769 0.2055
vt 0.6116 0.2055
vt 0.6116 0.1542
vt 0.7769 0.1794
vt 0.6116 0.1794
vt 0.6116 0.1294
vt 0.7769 0.1542
vt 0.6116 0.1542
vt 0.6116 0.1048
vt 0.7769 0.1294
vt 0.6116 0.1294
vt 0.6116 0.0799
vt 0.7769 0.1048
vt 0.6116 0.1048
vt 0.6116 0.0544
vt 0.7769 0.0799
vt 0.6116 0.0799
vt 0.6116 0.0279
vt 0.7769 0.0544
vt 0.6116 0.0544
vt 0.6116 0.0000
vt 0.7769 0.0279
vt 0.6116 0.0279
vt 0.9422 0.9877
vt 0.9422 0.9248
vt 0.7769 0.8436
vt 0.9422 0.7599
vt 0.9422 0.8436
vt 0.7769 0.7599
vt 0.9422 0.6775
vt 0.9422 0.7599
vt 0.7769 0.6775
vt 0.9422 0.6001
vt 0.9422 0.6775
vt 0.7769 0.6001
vt 0.9422 0.5299
vt 0.9422 0.6001
vt 0.7769 0.5299
vt 0.9422 0.4680
vt 0.9422 0.5299
vt 0.7769 0.4680
vt 0.9422 0.4144
vt 0.9422 0.4680
vt 0.7769 0.3685
vt 0.9422 0.4144
vt 0.7769 0.4144
vt 0.7769 0.3289
vt 0.9422 0.3685
vt 0.7769 0.3685
vt 0.7769 0.2939
vt 0.9422 0.3289
vt 0.7769 0.3289
vt 0.7769 0.2622
vt 0.9422 0.2939
vt 0.7769 0.2939
vt 0.7769 0.2622
vt 0.9422 0.2329
vt 0.9422 0.2622
vt 0.7769 0.2329
vt 0.9422 0.2055
vt 0.9422 0.2329
vt 0.7769 0.2055
vt 0.9422 0.1794
vt 0.9422 0.2055
vt 0.7769 0.1794
vt 0.9422 0.1542
vt 0.9422 0.1794
vt 0.7769 0.1542
vt 0.9422 0.1294
vt 0.9422 0.1542
vt 0.7769 0.1294
vt 0.9422 0.1048
vt 0.9422 0.1294
vt 0.7769 0.1048
vt 0.9422 0.0799
vt 0.9422 0.1048
vt 0.7769 0.0799
vt 0.9422 0.0544
vt 0.9422 0.0799
vt 0.7769 0.0544
vt 0.9422 0.0279
vt 0.9422 0.0544
vt 0.7769 0.0279
vt 0.9422 0.0000
vt 0.9422 0.0279
vt 0.9422 0.9877
vt 1.1075 0.9248
vt 1.1075 0.9877
vt 0.9422 0.9248
vt 1.1075 0.8436
vt 1.1075 0.9248
vt 0.9422 0.8436
vt 1.1075 0.7599
vt 1.1075 0.8436
vt 0.9422 0.7599
vt 1.1075 0.6775
vt 1.1075 0.7599
vt 1.1075 0.6775
vt 0.9422 0.6001
vt 1.1075 0.5299
vt 1.1075 0.6001
vt 0.9422 0.5299
vt 1.1075 0.4680
vt 1.1075 0.5299
vt 0.9422 0.4680
vt 1.1075 0.4144
vt 1.1075 0.4680
vt 0.9422 0.3685
vt 1.1075 0.4144
vt 0.9422 0.4144
vt 0.9422 0.3289
vt 1.1075 0.3685
vt 0.9422 0.3685
vt 0.9422 0.2939
vt 1.1075 0.3289
vt 0.9422 0.3289
vt 0.9422 0.2622
vt 1.1075 0.2939
vt 0.9422 0.2939
vt 1.1075 0.2622
vt 1.1075 0.2329
vt 1.1075 0.2055
vt 1.1075 0.1794
vt 1.1075 0.1542
vt 1.1075 0.1294
vt 1.1075 0.1048
vt 1.1075 0.0799
vt 1.1075 0.0544
vt 1.1075 0.0279
vt 1.2728 0.9877
vt 1.2728 0.9248
vt 1.2728 0.8436
vt 1.2728 0.7599
vt 1.1075 0.6001
vt 1.2728 0.6775
vt 1.1075 0.6775
vt 1.1075 0.6001
vt 1.2728 0.5299
vt 1.2728 0.6001
vt 1.1075 0.5299
vt 1.2728 0.4680
vt 1.2728 0.5299
vt 1.1075 0.4680
vt 1.2728 0.4144
vt 1.2728 0.4680
vt 1.1075 0.3685
vt 1.2728 0.4144
vt 1.1075 0.4144
vt 1.1075 0.3289
vt 1.2728 0.3685
vt 1.1075 0.3685
vt 1.1075 0.2939
vt 1.2728 0.3289
vt 1.1075 0.3289
vt 1.1075 0.2622
vt 1.2728 0.2939
vt 1.1075 0.2939
vt 1.1075 0.2622
vt 1.2728 0.2329
vt 1.2728 0.2622
vt 1.1075 0.2329
vt 1.2728 0.2055
vt 1.2728 0.2329
vt 1.1075 0.2055
vt 1.2728 0.1794
vt 1.2728 0.2055
vt 1.1075 0.1794
vt 1.2728 0.1542
vt 1.2728 0.1794
vt 1.1075 0.1542
vt 1.2728 0.1294
vt 1.2728 0.1542
vt 1.1075 0.1294
vt 1.2728 0.1048
vt 1.2728 0.1294
vt 1.1075 0.1048
vt 1.2728 0.0799
vt 1.2728 0.1048
vt 1.1075 0.0799
vt 1.2728 0.0544
vt 1.2728 0.0799
vt 1.1075 0.0544
vt 1.2728 0.0279
vt 1.2728 0.0544
vt 1.1075 0.0279
vt 1.2728 0.0000
vt 1.2728 0.0279
vt 1.2728 0.9877
vt 1.2728 0.0000
vt 0.7769 0.0000
vt 0.9422 0.0000
vt 1.1075 0.0000
vt 0.2831 0.9923
vt 0.2831 0.9678
vt 0.4162 0.9678
vt 0.4162 0.9374
vt 0.2831 0.9374
vt 0.4162 0.9083
vt 0.4162 0.9374
vt 0.2831 0.9083
vt 0.4162 0.8797
vt 0.4162 0.9083
vt 0.2831 0.8797
vt 0.4162 0.8511
vt 0.4162 0.8797
vt 0.2831 0.8511
vt 0.4162 0.8219
vt 0.4162 0.8511
vt 0.2831 0.8219
vt 0.4162 0.7917
vt 0.4162 0.8219
vt 0.2831 0.7917
vt 0.4162 0.7596
vt 0.4162 0.7917
vt 0.2831 0.7596
vt 0.4162 0.7248
vt 0.4162 0.7596
vt 0.2831 0.7248
vt 0.4162 0.6863
vt 0.4162 0.7248
vt 0.2831 0.6424
vt 0.4162 0.6863
vt 0.2831 0.6863
vt 0.2831 0.5908
vt 0.4162 0.6424
vt 0.2831 0.6424
vt 0.2831 0.5290
vt 0.4162 0.5908
vt 0.2831 0.5908
vt 0.2831 0.4560
vt 0.4162 0.5290
vt 0.2831 0.5290
vt 0.2831 0.3722
vt 0.4162 0.4560
vt 0.2831 0.4560
vt 0.2831 0.2795
vt 0.4162 0.3722
vt 0.2831 0.3722
vt 0.2831 0.1827
vt 0.4162 0.2795
vt 0.2831 0.2795
vt 0.2831 0.0877
vt 0.4162 0.1827
vt 0.2831 0.1827
vt 0.2831 0.0000
vt 0.4162 0.0877
vt 0.2831 0.0877
vt 0.4162 0.9923
vt 0.5493 0.9678
vt 0.5493 0.9374
vt 0.5493 0.9083
vt 0.5493 0.8797
vt 0.5493 0.8511
vt 0.5493 0.8219
vt 0.5493 0.7917
vt 0.5493 0.7596
vt 0.4162 0.7248
vt 0.5493 0.6863
vt 0.5493 0.7248
vt 0.4162 0.6863
vt 0.5493 0.6424
vt 0.5493 0.6863
vt 0.4162 0.6424
vt 0.5493 0.5908
vt 0.5493 0.6424
vt 0.4162 0.5908
vt 0.5493 0.5290
vt 0.5493 0.5908
vt 0.4162 0.5290
vt 0.5493 0.4560
vt 0.5493 0.5290
vt 0.4162 0.4560
vt 0.5493 0.3722
vt 0.5493 0.4560
vt 0.4162 0.3722
vt 0.5493 0.2795
vt 0.5493 0.3722
vt 0.4162 0.2795
vt 0.5493 0.1827
vt 0.5493 0.2795
vt 0.4162 0.1827
vt 0.5493 0.0877
vt 0.5493 0.1827
vt 0.4162 0.0877
vt 0.5493 0.0000
vt 0.5493 0.0877
vt 0.2851 0.9923
vt 0.3798 0.9661
vt 0.3798 0.9923
vt 0.2851 0.9661
vt 0.3798 0.9341
vt 0.3798 0.9661
vt 0.2851 0.9341
vt 0.3798 0.9035
vt 0.3798 0.9341
vt 0.2851 0.9035
vt 0.3798 0.8733
vt 0.3798 0.9035
vt 0.2851 0.8733
vt 0.3798 0.8431
vt 0.3798 0.8733
vt 0.2851 0.8431
vt 0.3798 0.8120
vt 0.3798 0.8431
vt 0.2851 0.8120
vt 0.3798 0.7795
vt 0.3798 0.8120
vt 0.2851 0.7795
vt 0.3798 0.7445
vt 0.3798 0.7795
vt 0.2851 0.7445
vt 0.3798 0.7061
vt 0.3798 0.7445
vt 0.2851 0.7061
vt 0.3798 0.6627
vt 0.3798 0.7061
vt 0.2851 0.6627
vt 0.3798 0.6120
vt 0.3798 0.6627
vt 0.2851 0.6120
vt 0.3798 0.5508
vt 0.3798 0.6120
vt 0.2851 0.4774
vt 0.3798 0.5508
vt 0.2851 0.5508
vt 0.2851 0.3917
vt 0.3798 0.4774
vt 0.2851 0.4774
vt 0.2851 0.2954
vt 0.3798 0.3917
vt 0.2851 0.3917
vt 0.2851 0.1935
vt 0.3798 0.2954
vt 0.2851 0.2954
vt 0.2851 0.0929
vt 0.3798 0.1935
vt 0.2851 0.1935
vt 0.2851 0.0000
vt 0.3798 0.0929
vt 0.2851 0.0929
vt 0.4745 0.9923
vt 0.4745 0.9661
vt 0.4745 0.9341
vt 0.4745 0.9035
vt 0.4745 0.8733
vt 0.4745 0.8431
vt 0.4745 0.8120
vt 0.4745 0.7795
vt 0.4745 0.7445
vt 0.4745 0.7061
vt 0.4745 0.6627
vt 0.4745 0.6120
vt 0.3798 0.5508
vt 0.4745 0.4774
vt 0.4745 0.5508
vt 0.3798 0.4774
vt 0.4745 0.3917
vt 0.4745 0.4774
vt 0.3798 0.3917
vt 0.4745 0.2954
vt 0.4745 0.3917
vt 0.3798 0.2954
vt 0.4745 0.1935
vt 0.4745 0.2954
vt 0.3798 0.1935
vt 0.4745 0.0929
vt 0.4745 0.1935
vt 0.3798 0.0929
vt 0.4745 0.0000
vt 0.4745 0.0929
vt 0.2583 0.9923
vt 0.3529 0.9661
vt 0.3529 0.9923
vt 0.2583 0.9661
vt 0.3529 0.9341
vt 0.3529 0.9661
vt 0.2583 0.9341
vt 0.3529 0.9035
vt 0.3529 0.9341
vt 0.2583 0.9035
vt 0.3529 0.8733
vt 0.3529 0.9035
vt 0.2583 0.8733
vt 0.3529 0.8431
vt 0.3529 0.8733
vt 0.2583 0.8431
vt 0.3529 0.8120
vt 0.3529 0.8431
vt 0.2583 0.8120
vt 0.3529 0.7795
vt 0.3529 0.8120
vt 0.2583 0.7795
vt 0.3529 0.7445
vt 0.3529 0.7795
vt 0.2583 0.7445
vt 0.3529 0.7061
vt 0.3529 0.7445
vt 0.2583 0.7061
vt 0.3529 0.6627
vt 0.3529 0.7061
vt 0.2583 0.6627
vt 0.3529 0.6120
vt 0.3529 0.6627
vt 0.2583 0.6120
vt 0.3529 0.5508
vt 0.3529 0.6120
vt 0.2583 0.4774
vt 0.3529 0.5508
vt 0.2583 0.5508
vt 0.2583 0.3917
vt 0.3529 0.4774
vt 0.2583 0.4774
vt 0.2583 0.2954
vt 0.3529 0.3917
vt 0.2583 0.3917
vt 0.2583 0.1935
vt 0.3529 0.2954
vt 0.2583 0.2954
vt 0.2583 0.0929
vt 0.3529 0.1935
vt 0.2583 0.1935
vt 0.2583 0.0000
vt 0.3529 0.0929
vt 0.2583 0.0929
vt 0.4476 0.9923
vt 0.4476 0.9661
vt 0.4476 0.9341
vt 0.4476 0.9035
vt 0.4476 0.8733
vt 0.4476 0.8431
vt 0.4476 0.8120
vt 0.4476 0.7795
vt 0.4476 0.7445
vt 0.4476 0.7061
vt 0.4476 0.6627
vt 0.4476 0.6120
vt 0.3529 0.5508
vt 0.4476 0.4774
vt 0.4476 0.5508
vt 0.3529 0.4774
vt 0.4476 0.3917
vt 0.4476 0.4774
vt 0.3529 0.3917
vt 0.4476 0.2954
vt 0.4476 0.3917
vt 0.3529 0.2954
vt 0.4476 0.1935
vt 0.4476 0.2954
vt 0.3529 0.1935
vt 0.4476 0.0929
vt 0.4476 0.1935
vt 0.3529 0.0929
vt 0.4476 0.0000
vt 0.4476 0.0929
vt 0.3264 0.9923
vt 0.3264 0.9678
vt 0.4211 0.9678
vt 0.4211 0.9374
vt 0.3264 0.9374
vt 0.4211 0.9083
vt 0.4211 0.9374
vt 0.3264 0.9083
vt 0.4211 0.8797
vt 0.4211 0.9083
vt 0.3264 0.8797
vt 0.4211 0.8511
vt 0.4211 0.8797
vt 0.3264 0.8511
vt 0.4211 0.8219
vt 0.4211 0.8511
vt 0.3264 0.8219
vt 0.4211 0.7917
vt 0.4211 0.8219
vt 0.3264 0.7917
vt 0.4211 0.7596
vt 0.4211 0.7917
vt 0.3264 0.7596
vt 0.4211 0.7248
vt 0.4211 0.7596
vt 0.3264 0.6863
vt 0.4211 0.7248
vt 0.3264 0.7248
vt 0.3264 0.6424
vt 0.4211 0.6863
vt 0.3264 0.6863
vt 0.3264 0.5908
vt 0.4211 0.6424
vt 0.3264 0.6424
vt 0.3264 0.5290
vt 0.4211 0.5908
vt 0.3264 0.5908
vt 0.3264 0.4560
vt 0.4211 0.5290
vt 0.3264 0.5290
vt 0.3264 0.3722
vt 0.4211 0.4560
vt 0.3264 0.4560
vt 0.3264 0.2795
vt 0.4211 0.3722
vt 0.3264 0.3722
vt 0.3264 0.1827
vt 0.4211 0.2795
vt 0.3264 0.2795
vt 0.3264 0.0877
vt 0.4211 0.1827
vt 0.3264 0.1827
vt 0.3264 0.0000
vt 0.4211 0.0877
vt 0.3264 0.0877
vt 0.4211 0.9923
vt 0.5158 0.9678
vt 0.5158 0.9374
vt 0.5158 0.9083
vt 0.5158 0.8797
vt 0.5158 0.8511
vt 0.5158 0.8219
vt 0.5158 0.7917
vt 0.4211 0.7596
vt 0.5158 0.7248
vt 0.5158 0.7596
vt 0.4211 0.7248
vt 0.5158 0.6863
vt 0.5158 0.7248
vt 0.4211 0.6863
vt 0.5158 0.6424
vt 0.5158 0.6863
vt 0.4211 0.6424
vt 0.5158 0.5908
vt 0.5158 0.6424
vt 0.4211 0.5908
vt 0.5158 0.5290
vt 0.5158 0.5908
vt 0.4211 0.5290
vt 0.5158 0.4560
vt 0.5158 0.5290
vt 0.4211 0.4560
vt 0.5158 0.3722
vt 0.5158 0.4560
vt 0.4211 0.3722
vt 0.5158 0.2795
vt 0.5158 0.3722
vt 0.4211 0.2795
vt 0.5158 0.1827
vt 0.5158 0.2795
vt 0.4211 0.1827
vt 0.5158 0.0877
vt 0.5158 0.1827
vt 0.4211 0.0877
vt 0.5158 0.0000
vt 0.5158 0.0877
vt 0.3450 0.9923
vt 0.4397 0.9661
vt 0.4397 0.9923
vt 0.3450 0.9661
vt 0.4397 0.9341
vt 0.4397 0.9661
vt 0.3450 0.9341
vt 0.4397 0.9035
vt 0.4397 0.9341
vt 0.3450 0.9035
vt 0.4397 0.8733
vt 0.4397 0.9035
vt 0.3450 0.8733
vt 0.4397 0.8431
vt 0.4397 0.8733
vt 0.3450 0.8431
vt 0.4397 0.8120
vt 0.4397 0.8431
vt 0.3450 0.8120
vt 0.4397 0.7795
vt 0.4397 0.8120
vt 0.3450 0.7795
vt 0.4397 0.7445
vt 0.4397 0.7795
vt 0.3450 0.7445
vt 0.4397 0.7061
vt 0.4397 0.7445
vt 0.3450 0.7061
vt 0.4397 0.6627
vt 0.4397 0.7061
vt 0.3450 0.6627
vt 0.4397 0.6120
vt 0.4397 0.6627
vt 0.3450 0.6120
vt 0.4397 0.5508
vt 0.4397 0.6120
vt 0.3450 0.4774
vt 0.4397 0.5508
vt 0.3450 0.5508
vt 0.3450 0.3917
vt 0.4397 0.4774
vt 0.3450 0.4774
vt 0.3450 0.2954
vt 0.4397 0.3917
vt 0.3450 0.3917
vt 0.3450 0.1935
vt 0.4397 0.2954
vt 0.3450 0.2954
vt 0.3450 0.0929
vt 0.4397 0.1935
vt 0.3450 0.1935
vt 0.3450 0.0000
vt 0.4397 0.0929
vt 0.3450 0.0929
vt 0.5344 0.9923
vt 0.5344 0.9661
vt 0.5344 0.9341
vt 0.5344 0.9035
vt 0.5344 0.8733
vt 0.5344 0.8431
vt 0.5344 0.8120
vt 0.5344 0.7795
vt 0.5344 0.7445
vt 0.5344 0.7061
vt 0.5344 0.6627
vt 0.5344 0.6120
vt 0.4397 0.4774
vt 0.5344 0.5508
vt 0.4397 0.5508
vt 0.4397 0.4774
vt 0.5344 0.3917
vt 0.5344 0.4774
vt 0.4397 0.3917
vt 0.5344 0.2954
vt 0.5344 0.3917
vt 0.4397 0.2954
vt 0.5344 0.1935
vt 0.5344 0.2954
vt 0.4397 0.1935
vt 0.5344 0.0929
vt 0.5344 0.1935
vt 0.4397 0.0929
vt 0.5344 0.0000
vt 0.5344 0.0929
vt 0.3512 0.9923
vt 0.3512 0.9693
vt 0.4830 0.9693
vt 0.4830 0.9404
vt 0.3512 0.9404
vt 0.4830 0.9126
vt 0.4830 0.9404
vt 0.3512 0.9126
vt 0.4830 0.8854
vt 0.4830 0.9126
vt 0.3512 0.8854
vt 0.4830 0.8582
vt 0.4830 0.8854
vt 0.3512 0.8582
vt 0.4830 0.8308
vt 0.4830 0.8582
vt 0.3512 0.8308
vt 0.4830 0.8024
vt 0.4830 0.8308
vt 0.3512 0.8024
vt 0.4830 0.7727
vt 0.4830 0.8024
vt 0.3512 0.7727
vt 0.4830 0.7409
vt 0.4830 0.7727
vt 0.3512 0.7409
vt 0.4830 0.7061
vt 0.4830 0.7409
vt 0.3512 0.7061
vt 0.4830 0.6673
vt 0.4830 0.7061
vt 0.3512 0.6673
vt 0.4830 0.6229
vt 0.4830 0.6673
vt 0.3512 0.6229
vt 0.4830 0.5704
vt 0.4830 0.6229
vt 0.3512 0.5083
vt 0.4830 0.5704
vt 0.3512 0.5704
vt 0.3512 0.4360
vt 0.4830 0.5083
vt 0.3512 0.5083
vt 0.3512 0.3542
vt 0.4830 0.4360
vt 0.3512 0.4360
vt 0.3512 0.2651
vt 0.4830 0.3542
vt 0.3512 0.3542
vt 0.3512 0.1730
vt 0.4830 0.2651
vt 0.3512 0.2651
vt 0.3512 0.0832
vt 0.4830 0.1730
vt 0.3512 0.1730
vt 0.3512 0.0000
vt 0.4830 0.0832
vt 0.3512 0.0832
vt 0.4830 0.9923
vt 0.6149 0.9693
vt 0.6149 0.9404
vt 0.6149 0.9126
vt 0.6149 0.8854
vt 0.6149 0.8582
vt 0.6149 0.8308
vt 0.6149 0.8024
vt 0.6149 0.7727
vt 0.6149 0.7409
vt 0.6149 0.7061
vt 0.6149 0.6673
vt 0.6149 0.6229
vt 0.4830 0.5704
vt 0.6149 0.5083
vt 0.6149 0.5704
vt 0.4830 0.5083
vt 0.6149 0.4360
vt 0.6149 0.5083
vt 0.4830 0.4360
vt 0.6149 0.3542
vt 0.6149 0.4360
vt 0.4830 0.3542
vt 0.6149 0.2651
vt 0.6149 0.3542
vt 0.4830 0.2651
vt 0.6149 0.1730
vt 0.6149 0.2651
vt 0.4830 0.1730
vt 0.6149 0.0832
vt 0.6149 0.1730
vt 0.4830 0.0832
vt 0.6149 0.0000
vt 0.6149 0.0832
vt 0.2459 0.9678
vt 0.3125 0.9923
vt 0.2459 0.9923
vt 0.2459 0.9374
vt 0.3125 0.9678
vt 0.2459 0.9678
vt 0.2459 0.9083
vt 0.3125 0.9374
vt 0.2459 0.9374
vt 0.2459 0.8797
vt 0.3125 0.9083
vt 0.2459 0.9083
vt 0.2459 0.8511
vt 0.3125 0.8797
vt 0.2459 0.8797
vt 0.2459 0.8219
vt 0.3125 0.8511
vt 0.2459 0.8511
vt 0.2459 0.7917
vt 0.3125 0.8219
vt 0.2459 0.8219
vt 0.2459 0.7917
vt 0.3125 0.7596
vt 0.3125 0.7917
vt 0.2459 0.7596
vt 0.3125 0.7248
vt 0.3125 0.7596
vt 0.2459 0.7248
vt 0.3125 0.6863
vt 0.3125 0.7248
vt 0.2459 0.6424
vt 0.3125 0.6863
vt 0.2459 0.6863
vt 0.2459 0.5908
vt 0.3125 0.6424
vt 0.2459 0.6424
vt 0.2459 0.5290
vt 0.3125 0.5908
vt 0.2459 0.5908
vt 0.2459 0.4560
vt 0.3125 0.5290
vt 0.2459 0.5290
vt 0.2459 0.4560
vt 0.3125 0.3722
vt 0.3125 0.4560
vt 0.2459 0.3722
vt 0.3125 0.2795
vt 0.3125 0.3722
vt 0.2459 0.2795
vt 0.3125 0.1827
vt 0.3125 0.2795
vt 0.2459 0.1827
vt 0.3125 0.0877
vt 0.3125 0.1827
vt 0.2459 0.0877
vt 0.3125 0.0000
vt 0.3125 0.0877
vt 0.3125 0.9923
vt 0.3792 0.9678
vt 0.3792 0.9923
vt 0.3125 0.9678
vt 0.3792 0.9374
vt 0.3792 0.9678
vt 0.3125 0.9374
vt 0.3792 0.9083
vt 0.3792 0.9374
vt 0.3125 0.9083
vt 0.3792 0.8797
vt 0.3792 0.9083
vt 0.3125 0.8797
vt 0.3792 0.8511
vt 0.3792 0.8797
vt 0.3125 0.8511
vt 0.3792 0.8219
vt 0.3792 0.8511
vt 0.3125 0.8219
vt 0.3792 0.7917
vt 0.3792 0.8219
vt 0.3792 0.7917
vt 0.3792 0.7596
vt 0.3792 0.7248
vt 0.3125 0.6863
vt 0.3792 0.6424
vt 0.3792 0.6863
vt 0.3125 0.6424
vt 0.3792 0.5908
vt 0.3792 0.6424
vt 0.3125 0.5908
vt 0.3792 0.5290
vt 0.3792 0.5908
vt 0.3125 0.5290
vt 0.3792 0.4560
vt 0.3792 0.5290
vt 0.3792 0.4560
vt 0.3792 0.3722
vt 0.3792 0.2795
vt 0.3792 0.1827
vt 0.3792 0.0877
vt 0.1674 0.9923
vt 0.2620 0.9678
vt 0.2620 0.9923
vt 0.1674 0.9678
vt 0.2620 0.9374
vt 0.2620 0.9678
vt 0.1674 0.9374
vt 0.2620 0.9083
vt 0.2620 0.9374
vt 0.1674 0.8797
vt 0.2620 0.9083
vt 0.1674 0.9083
vt 0.1674 0.8511
vt 0.2620 0.8797
vt 0.1674 0.8797
vt 0.1674 0.8511
vt 0.2620 0.8219
vt 0.2620 0.8511
vt 0.1674 0.8219
vt 0.2620 0.7917
vt 0.2620 0.8219
vt 0.1674 0.7917
vt 0.2620 0.7596
vt 0.2620 0.7917
vt 0.1674 0.7248
vt 0.2620 0.7596
vt 0.1674 0.7596
vt 0.1674 0.7248
vt 0.2620 0.6863
vt 0.2620 0.7248
vt 0.1674 0.6863
vt 0.2620 0.6424
vt 0.2620 0.6863
vt 0.1674 0.5908
vt 0.2620 0.6424
vt 0.1674 0.6424
vt 0.1674 0.5290
vt 0.2620 0.5908
vt 0.1674 0.5908
vt 0.1674 0.4560
vt 0.2620 0.5290
vt 0.1674 0.5290
vt 0.1674 0.4560
vt 0.2620 0.3722
vt 0.2620 0.4560
vt 0.1674 0.2795
vt 0.2620 0.3722
vt 0.1674 0.3722
vt 0.1674 0.1827
vt 0.2620 0.2795
vt 0.1674 0.2795
vt 0.1674 0.0877
vt 0.2620 0.1827
vt 0.1674 0.1827
vt 0.1674 0.0000
vt 0.2620 0.0877
vt 0.1674 0.0877
vt 0.3567 0.9923
vt 0.3567 0.9678
vt 0.3567 0.9374
vt 0.2620 0.9083
vt 0.3567 0.8797
vt 0.3567 0.9083
vt 0.2620 0.8797
vt 0.3567 0.8511
vt 0.3567 0.8797
vt 0.3567 0.8511
vt 0.3567 0.8219
vt 0.3567 0.7917
vt 0.2620 0.7596
vt 0.3567 0.7248
vt 0.3567 0.7596
vt 0.3567 0.7248
vt 0.3567 0.6863
vt 0.2620 0.6424
vt 0.3567 0.5908
vt 0.3567 0.6424
vt 0.2620 0.5908
vt 0.3567 0.5290
vt 0.3567 0.5908
vt 0.2620 0.5290
vt 0.3567 0.4560
vt 0.3567 0.5290
vt 0.3567 0.4560
vt 0.2620 0.3722
vt 0.3567 0.2795
vt 0.3567 0.3722
vt 0.2620 0.2795
vt 0.3567 0.1827
vt 0.3567 0.2795
vt 0.2620 0.1827
vt 0.3567 0.0877
vt 0.3567 0.1827
vt 0.2620 0.0877
vt 0.3567 0.0000
vt 0.3567 0.0877
vt 0.1240 0.9920
vt 0.1240 0.9676
vt 0.2026 0.9676
vt 0.2026 0.9368
vt 0.1240 0.9368
vt 0.2026 0.9071
vt 0.2026 0.9368
vt 0.1240 0.9071
vt 0.2026 0.8779
vt 0.2026 0.9071
vt 0.1240 0.8779
vt 0.2026 0.8487
vt 0.2026 0.8779
vt 0.1240 0.8487
vt 0.2026 0.8192
vt 0.2026 0.8487
vt 0.1240 0.8192
vt 0.2026 0.7887
vt 0.2026 0.8192
vt 0.1240 0.7887
vt 0.2026 0.7568
vt 0.2026 0.7887
vt 0.1240 0.7568
vt 0.2026 0.7228
vt 0.2026 0.7568
vt 0.1240 0.7228
vt 0.2026 0.6859
vt 0.2026 0.7228
vt 0.1240 0.6449
vt 0.2026 0.6859
vt 0.1240 0.6859
vt 0.1240 0.5983
vt 0.2026 0.6449
vt 0.1240 0.6449
vt 0.1240 0.5441
vt 0.2026 0.5983
vt 0.1240 0.5983
vt 0.1240 0.4815
vt 0.2026 0.5441
vt 0.1240 0.5441
vt 0.1240 0.4104
vt 0.2026 0.4815
vt 0.1240 0.4815
vt 0.1240 0.3317
vt 0.2026 0.4104
vt 0.1240 0.4104
vt 0.1240 0.2478
vt 0.2026 0.3317
vt 0.1240 0.3317
vt 0.1240 0.1620
vt 0.2026 0.2478
vt 0.1240 0.2478
vt 0.1240 0.0783
vt 0.2026 0.1620
vt 0.1240 0.1620
vt 0.1240 0.0000
vt 0.2026 0.0783
vt 0.1240 0.0783
vt 0.2026 0.9920
vt 0.2812 0.9676
vt 0.2812 0.9368
vt 0.2812 0.9071
vt 0.2812 0.8779
vt 0.2812 0.8487
vt 0.2812 0.8192
vt 0.2812 0.7887
vt 0.2812 0.7568
vt 0.2812 0.7228
vt 0.2026 0.6859
vt 0.2812 0.6449
vt 0.2812 0.6859
vt 0.2026 0.6449
vt 0.2812 0.5983
vt 0.2812 0.6449
vt 0.2026 0.5983
vt 0.2812 0.5441
vt 0.2812 0.5983
vt 0.2026 0.5441
vt 0.2812 0.4815
vt 0.2812 0.5441
vt 0.2026 0.4815
vt 0.2812 0.4104
vt 0.2812 0.4815
vt 0.2026 0.4104
vt 0.2812 0.3317
vt 0.2812 0.4104
vt 0.2026 0.3317
vt 0.2812 0.2478
vt 0.2812 0.3317
vt 0.2026 0.2478
vt 0.2812 0.1620
vt 0.2812 0.2478
vt 0.2026 0.1620
vt 0.2812 0.0783
vt 0.2812 0.1620
vt 0.2026 0.0783
vt 0.2812 0.0000
vt 0.2812 0.0783
vt 0.1674 0.9923
vt 0.1674 0.9693
vt 0.2620 0.9693
vt 0.2620 0.9404
vt 0.1674 0.9404
vt 0.2620 0.9126
vt 0.2620 0.9404
vt 0.1674 0.9126
vt 0.2620 0.8854
vt 0.2620 0.9126
vt 0.1674 0.8854
vt 0.2620 0.8582
vt 0.2620 0.8854
vt 0.1674 0.8582
vt 0.2620 0.8308
vt 0.2620 0.8582
vt 0.1674 0.8308
vt 0.2620 0.8024
vt 0.2620 0.8308
vt 0.1674 0.8024
vt 0.2620 0.7727
vt 0.2620 0.8024
vt 0.1674 0.7727
vt 0.2620 0.7409
vt 0.2620 0.7727
vt 0.1674 0.7409
vt 0.2620 0.7061
vt 0.2620 0.7409
vt 0.1674 0.6673
vt 0.2620 0.7061
vt 0.1674 0.7061
vt 0.1674 0.6229
vt 0.2620 0.6673
vt 0.1674 0.6673
vt 0.1674 0.5704
vt 0.2620 0.6229
vt 0.1674 0.6229
vt 0.1674 0.5083
vt 0.2620 0.5704
vt 0.1674 0.5704
vt 0.1674 0.4360
vt 0.2620 0.5083
vt 0.1674 0.5083
vt 0.1674 0.3542
vt 0.2620 0.4360
vt 0.1674 0.4360
vt 0.1674 0.2651
vt 0.2620 0.3542
vt 0.1674 0.3542
vt 0.1674 0.1730
vt 0.2620 0.2651
vt 0.1674 0.2651
vt 0.1674 0.0832
vt 0.2620 0.1730
vt 0.1674 0.1730
vt 0.1674 0.0832
vt 0.2620 0.0000
vt 0.2620 0.0832
vt 0.2620 0.9923
vt 0.3567 0.9693
vt 0.3567 0.9404
vt 0.3567 0.9126
vt 0.3567 0.8854
vt 0.3567 0.8582
vt 0.3567 0.8308
vt 0.3567 0.8024
vt 0.3567 0.7727
vt 0.3567 0.7409
vt 0.2620 0.7061
vt 0.3567 0.6673
vt 0.3567 0.7061
vt 0.2620 0.6673
vt 0.3567 0.6229
vt 0.3567 0.6673
vt 0.2620 0.6229
vt 0.3567 0.5704
vt 0.3567 0.6229
vt 0.2620 0.5704
vt 0.3567 0.5083
vt 0.3567 0.5704
vt 0.2620 0.5083
vt 0.3567 0.4360
vt 0.3567 0.5083
vt 0.2620 0.4360
vt 0.3567 0.3542
vt 0.3567 0.4360
vt 0.2620 0.3542
vt 0.3567 0.2651
vt 0.3567 0.3542
vt 0.2620 0.2651
vt 0.3567 0.1730
vt 0.3567 0.2651
vt 0.2620 0.1730
vt 0.3567 0.0832
vt 0.3567 0.1730
vt 0.2620 0.0832
vt 0.3567 0.0000
vt 0.3567 0.0832
vt 0.2707 0.9900
vt 0.3542 0.9630
vt 0.3542 0.9900
vt 0.2707 0.9630
vt 0.3542 0.9259
vt 0.3542 0.9630
vt 0.2707 0.9259
vt 0.3542 0.8889
vt 0.3542 0.9259
vt 0.2707 0.8889
vt 0.3542 0.8519
vt 0.3542 0.8889
vt 0.2707 0.8519
vt 0.3542 0.8148
vt 0.3542 0.8519
vt 0.2707 0.8148
vt 0.3542 0.7778
vt 0.3542 0.8148
vt 0.2707 0.7778
vt 0.3542 0.7407
vt 0.3542 0.7778
vt 0.2707 0.7407
vt 0.3542 0.7037
vt 0.3542 0.7407
vt 0.2707 0.7037
vt 0.3542 0.6667
vt 0.3542 0.7037
vt 0.2707 0.6667
vt 0.3542 0.6296
vt 0.3542 0.6667
vt 0.2707 0.6296
vt 0.3542 0.5926
vt 0.3542 0.6296
vt 0.2707 0.5926
vt 0.3542 0.5556
vt 0.3542 0.5926
vt 0.2707 0.5556
vt 0.3542 0.5185
vt 0.3542 0.5556
vt 0.2707 0.5185
vt 0.3542 0.4815
vt 0.3542 0.5185
vt 0.2707 0.4444
vt 0.3542 0.4815
vt 0.2707 0.4815
vt 0.2707 0.4074
vt 0.3542 0.4444
vt 0.2707 0.4444
vt 0.2707 0.3704
vt 0.3542 0.4074
vt 0.2707 0.4074
vt 0.2707 0.3333
vt 0.3542 0.3704
vt 0.2707 0.3704
vt 0.2707 0.2963
vt 0.3542 0.3333
vt 0.2707 0.3333
vt 0.2707 0.2593
vt 0.3542 0.2963
vt 0.2707 0.2963
vt 0.2707 0.2222
vt 0.3542 0.2593
vt 0.2707 0.2593
vt 0.2707 0.1852
vt 0.3542 0.2222
vt 0.2707 0.2222
vt 0.2707 0.1481
vt 0.3542 0.1852
vt 0.2707 0.1852
vt 0.2707 0.1111
vt 0.3542 0.1481
vt 0.2707 0.1481
vt 0.2707 0.0741
vt 0.3542 0.1111
vt 0.2707 0.1111
vt 0.2707 0.0370
vt 0.3542 0.0741
vt 0.2707 0.0741
vt 0.2707 0.0370
vt 0.3542 0.0000
vt 0.3542 0.0370
vt 0.4377 0.9900
vt 0.4377 0.9630
vt 0.4377 0.9259
vt 0.4377 0.8889
vt 0.4377 0.8519
vt 0.4377 0.8148
vt 0.4377 0.7778
vt 0.4377 0.7407
vt 0.4377 0.7037
vt 0.4377 0.6667
vt 0.4377 0.6296
vt 0.4377 0.5926
vt 0.4377 0.5556
vt 0.4377 0.5185
vt 0.3542 0.4444
vt 0.4377 0.4815
vt 0.3542 0.4815
vt 0.3542 0.4074
vt 0.4377 0.4444
vt 0.3542 0.4444
vt 0.3542 0.3704
vt 0.4377 0.4074
vt 0.3542 0.4074
vt 0.3542 0.3704
vt 0.4377 0.3333
vt 0.4377 0.3704
vt 0.3542 0.3333
vt 0.4377 0.2963
vt 0.4377 0.3333
vt 0.3542 0.2963
vt 0.4377 0.2593
vt 0.4377 0.2963
vt 0.3542 0.2593
vt 0.4377 0.2222
vt 0.4377 0.2593
vt 0.3542 0.2222
vt 0.4377 0.1852
vt 0.4377 0.2222
vt 0.3542 0.1852
vt 0.4377 0.1481
vt 0.4377 0.1852
vt 0.3542 0.1481
vt 0.4377 0.1111
vt 0.4377 0.1481
vt 0.3542 0.1111
vt 0.4377 0.0741
vt 0.4377 0.1111
vt 0.3542 0.0741
vt 0.4377 0.0370
vt 0.4377 0.0741
vt 0.4377 0.0000
vt 0.4377 0.0370
vt 0.2541 0.9905
vt 0.3376 0.9679
vt 0.3376 0.9905
vt 0.2541 0.9679
vt 0.3376 0.9361
vt 0.3376 0.9679
vt 0.2541 0.9361
vt 0.3376 0.9045
vt 0.3376 0.9361
vt 0.2541 0.9045
vt 0.3376 0.8732
vt 0.3376 0.9045
vt 0.2541 0.8732
vt 0.3376 0.8419
vt 0.3376 0.8732
vt 0.2541 0.8419
vt 0.3376 0.8106
vt 0.3376 0.8419
vt 0.2541 0.8106
vt 0.3376 0.7792
vt 0.3376 0.8106
vt 0.2541 0.7792
vt 0.3376 0.7476
vt 0.3376 0.7792
vt 0.2541 0.7476
vt 0.3376 0.7158
vt 0.3376 0.7476
vt 0.2541 0.7158
vt 0.3376 0.6836
vt 0.3376 0.7158
vt 0.2541 0.6836
vt 0.3376 0.6510
vt 0.3376 0.6836
vt 0.2541 0.6510
vt 0.3376 0.6178
vt 0.3376 0.6510
vt 0.2541 0.6178
vt 0.3376 0.5840
vt 0.3376 0.6178
vt 0.2541 0.5840
vt 0.3376 0.5493
vt 0.3376 0.5840
vt 0.2541 0.5493
vt 0.3376 0.5138
vt 0.3376 0.5493
vt 0.2541 0.5138
vt 0.3376 0.4773
vt 0.3376 0.5138
vt 0.2541 0.4773
vt 0.3376 0.4399
vt 0.3376 0.4773
vt 0.2541 0.4399
vt 0.3376 0.4017
vt 0.3376 0.4399
vt 0.2541 0.4017
vt 0.3376 0.3627
vt 0.3376 0.4017
vt 0.2541 0.3627
vt 0.3376 0.3231
vt 0.3376 0.3627
vt 0.2541 0.3231
vt 0.3376 0.2830
vt 0.3376 0.3231
vt 0.2541 0.2830
vt 0.3376 0.2426
vt 0.3376 0.2830
vt 0.2541 0.2426
vt 0.3376 0.2019
vt 0.3376 0.2426
vt 0.2541 0.2019
vt 0.3376 0.1611
vt 0.3376 0.2019
vt 0.2541 0.1611
vt 0.3376 0.1204
vt 0.3376 0.1611
vt 0.2541 0.1204
vt 0.3376 0.0799
vt 0.3376 0.1204
vt 0.2541 0.0799
vt 0.3376 0.0397
vt 0.3376 0.0799
vt 0.2541 0.0397
vt 0.3376 0.0000
vt 0.3376 0.0397
vt 0.4211 0.9905
vt 0.4211 0.9679
vt 0.4211 0.9361
vt 0.4211 0.9045
vt 0.4211 0.8732
vt 0.4211 0.8419
vt 0.4211 0.8106
vt 0.4211 0.7792
vt 0.4211 0.7476
vt 0.4211 0.7158
vt 0.4211 0.6836
vt 0.4211 0.6510
vt 0.4211 0.6178
vt 0.4211 0.5840
vt 0.4211 0.5493
vt 0.4211 0.5138
vt 0.4211 0.4773
vt 0.4211 0.4399
vt 0.4211 0.4017
vt 0.4211 0.3627
vt 0.4211 0.3231
vt 0.4211 0.2830
vt 0.4211 0.2426
vt 0.4211 0.2019
vt 0.4211 0.1611
vt 0.4211 0.1204
vt 0.4211 0.0799
vt 0.4211 0.0397
vt 0.1033 0.9905
vt 0.1700 0.9667
vt 0.1700 0.9905
vt 0.1033 0.9667
vt 0.1700 0.9337
vt 0.1700 0.9667
vt 0.1033 0.9337
vt 0.1700 0.9010
vt 0.1700 0.9337
vt 0.1033 0.9010
vt 0.1700 0.8685
vt 0.1700 0.9010
vt 0.1033 0.8685
vt 0.1700 0.8361
vt 0.1700 0.8685
vt 0.1033 0.8361
vt 0.1700 0.8036
vt 0.1700 0.8361
vt 0.1033 0.8036
vt 0.1700 0.7710
vt 0.1700 0.8036
vt 0.1033 0.7710
vt 0.1700 0.7382
vt 0.1700 0.7710
vt 0.1033 0.7382
vt 0.1700 0.7051
vt 0.1700 0.7382
vt 0.1033 0.7051
vt 0.1700 0.6716
vt 0.1700 0.7051
vt 0.1033 0.6716
vt 0.1700 0.6375
vt 0.1700 0.6716
vt 0.1033 0.6375
vt 0.1700 0.6028
vt 0.1700 0.6375
vt 0.1033 0.5674
vt 0.1700 0.6028
vt 0.1033 0.6028
vt 0.1033 0.5310
vt 0.1700 0.5674
vt 0.1033 0.5674
vt 0.1033 0.4937
vt 0.1700 0.5310
vt 0.1033 0.5310
vt 0.1033 0.4552
vt 0.1700 0.4937
vt 0.1033 0.4937
vt 0.1033 0.4159
vt 0.1700 0.4552
vt 0.1033 0.4552
vt 0.1033 0.3757
vt 0.1700 0.4159
vt 0.1033 0.4159
vt 0.1033 0.3349
vt 0.1700 0.3757
vt 0.1033 0.3757
vt 0.1033 0.3349
vt 0.1700 0.2934
vt 0.1700 0.3349
vt 0.1033 0.2934
vt 0.1700 0.2516
vt 0.1700 0.2934
vt 0.1033 0.2516
vt 0.1700 0.2094
vt 0.1700 0.2516
vt 0.1033 0.2094
vt 0.1700 0.1672
vt 0.1700 0.2094
vt 0.1033 0.1672
vt 0.1700 0.1249
vt 0.1700 0.1672
vt 0.1033 0.1249
vt 0.1700 0.0829
vt 0.1700 0.1249
vt 0.1033 0.0829
vt 0.1700 0.0412
vt 0.1700 0.0829
vt 0.1033 0.0412
vt 0.1700 0.0000
vt 0.1700 0.0412
vt 0.2366 0.9905
vt 0.2366 0.9667
vt 0.2366 0.9337
vt 0.2366 0.9010
vt 0.2366 0.8685
vt 0.2366 0.8361
vt 0.2366 0.8036
vt 0.2366 0.7710
vt 0.2366 0.7382
vt 0.2366 0.7051
vt 0.2366 0.6716
vt 0.2366 0.6375
vt 0.1700 0.5674
vt 0.2366 0.6028
vt 0.1700 0.6028
vt 0.1700 0.5310
vt 0.2366 0.5674
vt 0.1700 0.5674
vt 0.1700 0.4937
vt 0.2366 0.5310
vt 0.1700 0.5310
vt 0.1700 0.4552
vt 0.2366 0.4937
vt 0.1700 0.4937
vt 0.1700 0.4159
vt 0.2366 0.4552
vt 0.1700 0.4552
vt 0.1700 0.3757
vt 0.2366 0.4159
vt 0.1700 0.4159
vt 0.1700 0.3349
vt 0.2366 0.3757
vt 0.1700 0.3757
vt 0.2366 0.3349
vt 0.2366 0.2934
vt 0.2366 0.2516
vt 0.2366 0.2094
vt 0.2366 0.1672
vt 0.2366 0.1249
vt 0.2366 0.0829
vt 0.2366 0.0412
vt 0.3657 0.9905
vt 0.4492 0.9654
vt 0.4492 0.9905
vt 0.3657 0.9654
vt 0.4492 0.9312
vt 0.4492 0.9654
vt 0.3657 0.9312
vt 0.4492 0.8973
vt 0.4492 0.9312
vt 0.3657 0.8973
vt 0.4492 0.8635
vt 0.4492 0.8973
vt 0.3657 0.8635
vt 0.4492 0.8298
vt 0.4492 0.8635
vt 0.3657 0.8298
vt 0.4492 0.7961
vt 0.4492 0.8298
vt 0.3657 0.7961
vt 0.4492 0.7622
vt 0.4492 0.7961
vt 0.3657 0.7622
vt 0.4492 0.7281
vt 0.4492 0.7622
vt 0.3657 0.7281
vt 0.4492 0.6935
vt 0.4492 0.7281
vt 0.3657 0.6935
vt 0.4492 0.6585
vt 0.4492 0.6935
vt 0.3657 0.6585
vt 0.4492 0.6229
vt 0.4492 0.6585
vt 0.3657 0.6229
vt 0.4492 0.5866
vt 0.4492 0.6229
vt 0.3657 0.5866
vt 0.4492 0.5493
vt 0.4492 0.5866
vt 0.3657 0.5493
vt 0.4492 0.5110
vt 0.4492 0.5493
vt 0.3657 0.5110
vt 0.4492 0.4716
vt 0.4492 0.5110
vt 0.3657 0.4716
vt 0.4492 0.4311
vt 0.4492 0.4716
vt 0.3657 0.4311
vt 0.4492 0.3897
vt 0.4492 0.4311
vt 0.3657 0.3475
vt 0.4492 0.3897
vt 0.3657 0.3897
vt 0.3657 0.3046
vt 0.4492 0.3475
vt 0.3657 0.3475
vt 0.3657 0.3046
vt 0.4492 0.2613
vt 0.4492 0.3046
vt 0.3657 0.2613
vt 0.4492 0.2175
vt 0.4492 0.2613
vt 0.3657 0.2175
vt 0.4492 0.1737
vt 0.4492 0.2175
vt 0.3657 0.1298
vt 0.4492 0.1737
vt 0.3657 0.1737
vt 0.3657 0.0861
vt 0.4492 0.1298
vt 0.3657 0.1298
vt 0.3657 0.0428
vt 0.4492 0.0861
vt 0.3657 0.0861
vt 0.3657 0.0000
vt 0.4492 0.0428
vt 0.3657 0.0428
vt 0.5327 0.9905
vt 0.5327 0.9654
vt 0.5327 0.9312
vt 0.5327 0.8973
vt 0.5327 0.8635
vt 0.5327 0.8298
vt 0.5327 0.7961
vt 0.5327 0.7622
vt 0.5327 0.7281
vt 0.5327 0.6935
vt 0.5327 0.6585
vt 0.5327 0.6229
vt 0.5327 0.5866
vt 0.5327 0.5493
vt 0.5327 0.5110
vt 0.5327 0.4716
vt 0.5327 0.4311
vt 0.4492 0.3475
vt 0.5327 0.3897
vt 0.4492 0.3897
vt 0.4492 0.3046
vt 0.5327 0.3475
vt 0.4492 0.3475
vt 0.5327 0.3046
vt 0.5327 0.2613
vt 0.5327 0.2175
vt 0.4492 0.1298
vt 0.5327 0.1737
vt 0.4492 0.1737
vt 0.4492 0.0861
vt 0.5327 0.1298
vt 0.4492 0.1298
vt 0.4492 0.0428
vt 0.5327 0.0861
vt 0.4492 0.0861
vt 0.4492 0.0000
vt 0.5327 0.0428
vt 0.4492 0.0428
vt 0.3037 0.9905
vt 0.3872 0.9679
vt 0.3872 0.9905
vt 0.3037 0.9679
vt 0.3872 0.9361
vt 0.3872 0.9679
vt 0.3037 0.9361
vt 0.3872 0.9045
vt 0.3872 0.9361
vt 0.3037 0.9045
vt 0.3872 0.8732
vt 0.3872 0.9045
vt 0.3037 0.8732
vt 0.3872 0.8419
vt 0.3872 0.8732
vt 0.3037 0.8419
vt 0.3872 0.8106
vt 0.3872 0.8419
vt 0.3037 0.8106
vt 0.3872 0.7792
vt 0.3872 0.8106
vt 0.3037 0.7792
vt 0.3872 0.7476
vt 0.3872 0.7792
vt 0.3037 0.7476
vt 0.3872 0.7158
vt 0.3872 0.7476
vt 0.3037 0.7158
vt 0.3872 0.6836
vt 0.3872 0.7158
vt 0.3037 0.6836
vt 0.3872 0.6510
vt 0.3872 0.6836
vt 0.3037 0.6510
vt 0.3872 0.6178
vt 0.3872 0.6510
vt 0.3037 0.6178
vt 0.3872 0.5840
vt 0.3872 0.6178
vt 0.3037 0.5840
vt 0.3872 0.5493
vt 0.3872 0.5840
vt 0.3037 0.5493
vt 0.3872 0.5138
vt 0.3872 0.5493
vt 0.3037 0.5138
vt 0.3872 0.4773
vt 0.3872 0.5138
vt 0.3037 0.4773
vt 0.3872 0.4399
vt 0.3872 0.4773
vt 0.3037 0.4017
vt 0.3872 0.4399
vt 0.3037 0.4399
vt 0.3037 0.3627
vt 0.3872 0.4017
vt 0.3037 0.4017
vt 0.3037 0.3231
vt 0.3872 0.3627
vt 0.3037 0.3627
vt 0.3037 0.2830
vt 0.3872 0.3231
vt 0.3037 0.3231
vt 0.3037 0.2426
vt 0.3872 0.2830
vt 0.3037 0.2830
vt 0.3037 0.2019
vt 0.3872 0.2426
vt 0.3037 0.2426
vt 0.3037 0.1611
vt 0.3872 0.2019
vt 0.3037 0.2019
vt 0.3037 0.1204
vt 0.3872 0.1611
vt 0.3037 0.1611
vt 0.3037 0.0799
vt 0.3872 0.1204
vt 0.3037 0.1204
vt 0.3037 0.0397
vt 0.3872 0.0799
vt 0.3037 0.0799
vt 0.3037 0.0397
vt 0.3872 0.0000
vt 0.3872 0.0397
vt 0.4707 0.9905
vt 0.4707 0.9679
vt 0.4707 0.9361
vt 0.4707 0.9045
vt 0.4707 0.8732
vt 0.4707 0.8419
vt 0.4707 0.8106
vt 0.4707 0.7792
vt 0.4707 0.7476
vt 0.4707 0.7158
vt 0.4707 0.6836
vt 0.4707 0.6510
vt 0.4707 0.6178
vt 0.3872 0.5840
vt 0.4707 0.5493
vt 0.4707 0.5840
vt 0.3872 0.5493
vt 0.4707 0.5138
vt 0.4707 0.5493
vt 0.3872 0.5138
vt 0.4707 0.4773
vt 0.4707 0.5138
vt 0.3872 0.4773
vt 0.4707 0.4399
vt 0.4707 0.4773
vt 0.3872 0.4399
vt 0.4707 0.4017
vt 0.4707 0.4399
vt 0.3872 0.4017
vt 0.4707 0.3627
vt 0.4707 0.4017
vt 0.3872 0.3627
vt 0.4707 0.3231
vt 0.4707 0.3627
vt 0.3872 0.3231
vt 0.4707 0.2830
vt 0.4707 0.3231
vt 0.3872 0.2830
vt 0.4707 0.2426
vt 0.4707 0.2830
vt 0.3872 0.2426
vt 0.4707 0.2019
vt 0.4707 0.2426
vt 0.3872 0.2019
vt 0.4707 0.1611
vt 0.4707 0.2019
vt 0.3872 0.1611
vt 0.4707 0.1204
vt 0.4707 0.1611
vt 0.3872 0.1204
vt 0.4707 0.0799
vt 0.4707 0.1204
vt 0.3872 0.0799
vt 0.4707 0.0397
vt 0.4707 0.0799
vt 0.4707 0.0000
vt 0.4707 0.0397
vt 0.3037 0.9905
vt 0.3872 0.9667
vt 0.3872 0.9905
vt 0.3037 0.9667
vt 0.3872 0.9337
vt 0.3872 0.9667
vt 0.3037 0.9337
vt 0.3872 0.9010
vt 0.3872 0.9337
vt 0.3037 0.9010
vt 0.3872 0.8685
vt 0.3872 0.9010
vt 0.3037 0.8685
vt 0.3872 0.8361
vt 0.3872 0.8685
vt 0.3037 0.8361
vt 0.3872 0.8036
vt 0.3872 0.8361
vt 0.3037 0.8036
vt 0.3872 0.7710
vt 0.3872 0.8036
vt 0.3037 0.7710
vt 0.3872 0.7382
vt 0.3872 0.7710
vt 0.3037 0.7382
vt 0.3872 0.7051
vt 0.3872 0.7382
vt 0.3037 0.7051
vt 0.3872 0.6716
vt 0.3872 0.7051
vt 0.3037 0.6716
vt 0.3872 0.6375
vt 0.3872 0.6716
vt 0.3037 0.6375
vt 0.3872 0.6028
vt 0.3872 0.6375
vt 0.3037 0.6028
vt 0.3872 0.5674
vt 0.3872 0.6028
vt 0.3037 0.5674
vt 0.3872 0.5310
vt 0.3872 0.5674
vt 0.3037 0.5310
vt 0.3872 0.4937
vt 0.3872 0.5310
vt 0.3037 0.4937
vt 0.3872 0.4552
vt 0.3872 0.4937
vt 0.3037 0.4552
vt 0.3872 0.4159
vt 0.3872 0.4552
vt 0.3037 0.4159
vt 0.3872 0.3757
vt 0.3872 0.4159
vt 0.3037 0.3757
vt 0.3872 0.3349
vt 0.3872 0.3757
vt 0.3037 0.3349
vt 0.3872 0.2934
vt 0.3872 0.3349
vt 0.3037 0.2934
vt 0.3872 0.2516
vt 0.3872 0.2934
vt 0.3037 0.2516
vt 0.3872 0.2094
vt 0.3872 0.2516
vt 0.3037 0.2094
vt 0.3872 0.1672
vt 0.3872 0.2094
vt 0.3037 0.1672
vt 0.3872 0.1249
vt 0.3872 0.1672
vt 0.3037 0.1249
vt 0.3872 0.0829
vt 0.3872 0.1249
vt 0.3037 0.0829
vt 0.3872 0.0412
vt 0.3872 0.0829
vt 0.3037 0.0412
vt 0.3872 0.0000
vt 0.3872 0.0412
vt 0.4707 0.9905
vt 0.4707 0.9667
vt 0.4707 0.9337
vt 0.4707 0.9010
vt 0.4707 0.8685
vt 0.4707 0.8361
vt 0.4707 0.8036
vt 0.4707 0.7710
vt 0.4707 0.7382
vt 0.4707 0.7051
vt 0.4707 0.6716
vt 0.4707 0.6375
vt 0.4707 0.6028
vt 0.4707 0.5674
vt 0.4707 0.5310
vt 0.4707 0.4937
vt 0.4707 0.4552
vt 0.4707 0.4159
vt 0.4707 0.3757
vt 0.3872 0.3349
vt 0.4707 0.2934
vt 0.4707 0.3349
vt 0.3872 0.2934
vt 0.4707 0.2516
vt 0.4707 0.2934
vt 0.3872 0.2516
vt 0.4707 0.2094
vt 0.4707 0.2516
vt 0.4707 0.2094
vt 0.4707 0.1672
vt 0.4707 0.1249
vt 0.4707 0.0829
vt 0.3872 0.0412
vt 0.4707 0.0000
vt 0.4707 0.0412
vt 0.3037 0.9905
vt 0.3872 0.9679
vt 0.3872 0.9905
vt 0.3037 0.9679
vt 0.3872 0.9361
vt 0.3872 0.9679
vt 0.3037 0.9361
vt 0.3872 0.9045
vt 0.3872 0.9361
vt 0.3037 0.9045
vt 0.3872 0.8732
vt 0.3872 0.9045
vt 0.3037 0.8732
vt 0.3872 0.8419
vt 0.3872 0.8732
vt 0.3037 0.8419
vt 0.3872 0.8106
vt 0.3872 0.8419
vt 0.3037 0.8106
vt 0.3872 0.7792
vt 0.3872 0.8106
vt 0.3037 0.7792
vt 0.3872 0.7476
vt 0.3872 0.7792
vt 0.3037 0.7476
vt 0.3872 0.7158
vt 0.3872 0.7476
vt 0.3037 0.7158
vt 0.3872 0.6836
vt 0.3872 0.7158
vt 0.3037 0.6836
vt 0.3872 0.6510
vt 0.3872 0.6836
vt 0.3037 0.6510
vt 0.3872 0.6178
vt 0.3872 0.6510
vt 0.3037 0.6178
vt 0.3872 0.5840
vt 0.3872 0.6178
vt 0.3037 0.5840
vt 0.3872 0.5493
vt 0.3872 0.5840
vt 0.3037 0.5493
vt 0.3872 0.5138
vt 0.3872 0.5493
vt 0.3037 0.5138
vt 0.3872 0.4773
vt 0.3872 0.5138
vt 0.3037 0.4773
vt 0.3872 0.4399
vt 0.3872 0.4773
vt 0.3037 0.4399
vt 0.3872 0.4017
vt 0.3872 0.4399
vt 0.3037 0.4017
vt 0.3872 0.3627
vt 0.3872 0.4017
vt 0.3037 0.3627
vt 0.3872 0.3231
vt 0.3872 0.3627
vt 0.3037 0.3231
vt 0.3872 0.2830
vt 0.3872 0.3231
vt 0.3037 0.2830
vt 0.3872 0.2426
vt 0.3872 0.2830
vt 0.3037 0.2426
vt 0.3872 0.2019
vt 0.3872 0.2426
vt 0.3037 0.2019
vt 0.3872 0.1611
vt 0.3872 0.2019
vt 0.3037 0.1611
vt 0.3872 0.1204
vt 0.3872 0.1611
vt 0.3037 0.1204
vt 0.3872 0.0799
vt 0.3872 0.1204
vt 0.3037 0.0799
vt 0.3872 0.0397
vt 0.3872 0.0799
vt 0.3037 0.0397
vt 0.3872 0.0000
vt 0.3872 0.0397
vt 0.4707 0.9905
vt 0.4707 0.9679
vt 0.4707 0.9361
vt 0.4707 0.9045
vt 0.4707 0.8732
vt 0.4707 0.8419
vt 0.4707 0.8106
vt 0.4707 0.7792
vt 0.4707 0.7476
vt 0.4707 0.7158
vt 0.4707 0.6836
vt 0.4707 0.6510
vt 0.4707 0.6178
vt 0.4707 0.5840
vt 0.4707 0.5493
vt 0.4707 0.5138
vt 0.4707 0.4773
vt 0.4707 0.4399
vt 0.4707 0.4017
vt 0.4707 0.3627
vt 0.4707 0.3231
vt 0.4707 0.2830
vt 0.4707 0.2426
vt 0.4707 0.2019
vt 0.4707 0.1611
vt 0.4707 0.1204
vt 0.4707 0.0799
vt 0.4707 0.0397
vt 0.3037 0.9905
vt 0.3872 0.9679
vt 0.3872 0.9905
vt 0.3037 0.9679
vt 0.3872 0.9361
vt 0.3872 0.9679
vt 0.3037 0.9361
vt 0.3872 0.9045
vt 0.3872 0.9361
vt 0.3037 0.9045
vt 0.3872 0.8732
vt 0.3872 0.9045
vt 0.3037 0.8732
vt 0.3872 0.8419
vt 0.3872 0.8732
vt 0.3037 0.8419
vt 0.3872 0.8106
vt 0.3872 0.8419
vt 0.3037 0.8106
vt 0.3872 0.7792
vt 0.3872 0.8106
vt 0.3037 0.7792
vt 0.3872 0.7476
vt 0.3872 0.7792
vt 0.3037 0.7476
vt 0.3872 0.7158
vt 0.3872 0.7476
vt 0.3037 0.7158
vt 0.3872 0.6836
vt 0.3872 0.7158
vt 0.3037 0.6836
vt 0.3872 0.6510
vt 0.3872 0.6836
vt 0.3037 0.6510
vt 0.3872 0.6178
vt 0.3872 0.6510
vt 0.3037 0.6178
vt 0.3872 0.5840
vt 0.3872 0.6178
vt 0.3037 0.5840
vt 0.3872 0.5493
vt 0.3872 0.5840
vt 0.3037 0.5493
vt 0.3872 0.5138
vt 0.3872 0.5493
vt 0.3037 0.5138
vt 0.3872 0.4773
vt 0.3872 0.5138
vt 0.3037 0.4773
vt 0.3872 0.4399
vt 0.3872 0.4773
vt 0.3037 0.4399
vt 0.3872 0.4017
vt 0.3872 0.4399
vt 0.3037 0.4017
vt 0.3872 0.3627
vt 0.3872 0.4017
vt 0.3037 0.3627
vt 0.3872 0.3231
vt 0.3872 0.3627
vt 0.3037 0.3231
vt 0.3872 0.2830
vt 0.3872 0.3231
vt 0.3037 0.2830
vt 0.3872 0.2426
vt 0.3872 0.2830
vt 0.3037 0.2426
vt 0.3872 0.2019
vt 0.3872 0.2426
vt 0.3037 0.2019
vt 0.3872 0.1611
vt 0.3872 0.2019
vt 0.3037 0.1611
vt 0.3872 0.1204
vt 0.3872 0.1611
vt 0.3037 0.1204
vt 0.3872 0.0799
vt 0.3872 0.1204
vt 0.3037 0.0799
vt 0.3872 0.0397
vt 0.3872 0.0799
vt 0.3037 0.0397
vt 0.3872 0.0000
vt 0.3872 0.0397
vt 0.4707 0.9905
vt 0.4707 0.9679
vt 0.4707 0.9361
vt 0.4707 0.9045
vt 0.4707 0.8732
vt 0.4707 0.8419
vt 0.3872 0.8106
vt 0.4707 0.7792
vt 0.4707 0.8106
vt 0.4707 0.7792
vt 0.4707 0.7476
vt 0.4707 0.7158
vt 0.4707 0.6836
vt 0.4707 0.6510
vt 0.3872 0.6178
vt 0.4707 0.5840
vt 0.4707 0.6178
vt 0.3872 0.5840
vt 0.4707 0.5493
vt 0.4707 0.5840
vt 0.3872 0.5493
vt 0.4707 0.5138
vt 0.4707 0.5493
vt 0.3872 0.5138
vt 0.4707 0.4773
vt 0.4707 0.5138
vt 0.3872 0.4773
vt 0.4707 0.4399
vt 0.4707 0.4773
vt 0.3872 0.4399
vt 0.4707 0.4017
vt 0.4707 0.4399
vt 0.3872 0.4017
vt 0.4707 0.3627
vt 0.4707 0.4017
vt 0.3872 0.3627
vt 0.4707 0.3231
vt 0.4707 0.3627
vt 0.3872 0.3231
vt 0.4707 0.2830
vt 0.4707 0.3231
vt 0.3872 0.2830
vt 0.4707 0.2426
vt 0.4707 0.2830
vt 0.3872 0.2426
vt 0.4707 0.2019
vt 0.4707 0.2426
vt 0.3872 0.2019
vt 0.4707 0.1611
vt 0.4707 0.2019
vt 0.3872 0.1611
vt 0.4707 0.1204
vt 0.4707 0.1611
vt 0.3872 0.1204
vt 0.4707 0.0799
vt 0.4707 0.1204
vt 0.3872 0.0799
vt 0.4707 0.0397
vt 0.4707 0.0799
vt 0.3872 0.0397
vt 0.4707 0.0000
vt 0.4707 0.0397
vt 0.0041 0.9915
vt 0.1016 0.9720
vt 0.1016 0.9915
vt 0.0041 0.9720
vt 0.1016 0.9450
vt 0.1016 0.9720
vt 0.0041 0.9450
vt 0.1016 0.9185
vt 0.1016 0.9450
vt 0.0041 0.9185
vt 0.1016 0.8925
vt 0.1016 0.9185
vt 0.0041 0.8925
vt 0.1016 0.8668
vt 0.1016 0.8925
vt 0.0041 0.8668
vt 0.1016 0.8410
vt 0.1016 0.8668
vt 0.0041 0.8410
vt 0.1016 0.8151
vt 0.1016 0.8410
vt 0.0041 0.8151
vt 0.1016 0.7888
vt 0.1016 0.8151
vt 0.0041 0.7888
vt 0.1016 0.7619
vt 0.1016 0.7888
vt 0.0041 0.7619
vt 0.1016 0.7341
vt 0.1016 0.7619
vt 0.0041 0.7341
vt 0.1016 0.7053
vt 0.1016 0.7341
vt 0.0041 0.6751
vt 0.1016 0.7053
vt 0.0041 0.7053
vt 0.0041 0.6431
vt 0.1016 0.6751
vt 0.0041 0.6751
vt 0.0041 0.6088
vt 0.1016 0.6431
vt 0.0041 0.6431
vt 0.0041 0.5718
vt 0.1016 0.6088
vt 0.0041 0.6088
vt 0.0041 0.5313
vt 0.1016 0.5718
vt 0.0041 0.5718
vt 0.0041 0.4873
vt 0.1016 0.5313
vt 0.0041 0.5313
vt 0.0041 0.4399
vt 0.1016 0.4873
vt 0.0041 0.4873
vt 0.0041 0.3892
vt 0.1016 0.4399
vt 0.0041 0.4399
vt 0.0041 0.3357
vt 0.1016 0.3892
vt 0.0041 0.3892
vt 0.0041 0.2801
vt 0.1016 0.3357
vt 0.0041 0.3357
vt 0.0041 0.2231
vt 0.1016 0.2801
vt 0.0041 0.2801
vt 0.0041 0.1656
vt 0.1016 0.2231
vt 0.0041 0.2231
vt 0.0041 0.1087
vt 0.1016 0.1656
vt 0.0041 0.1656
vt 0.0041 0.0533
vt 0.1016 0.1087
vt 0.0041 0.1087
vt 0.0041 0.0000
vt 0.1016 0.0533
vt 0.0041 0.0533
vt 0.1990 0.9915
vt 0.1990 0.9720
vt 0.1990 0.9450
vt 0.1990 0.9185
vt 0.1990 0.8925
vt 0.1990 0.8668
vt 0.1016 0.8410
vt 0.1990 0.8151
vt 0.1990 0.8410
vt 0.1016 0.8151
vt 0.1990 0.7888
vt 0.1990 0.8151
vt 0.1990 0.7888
vt 0.1990 0.7619
vt 0.1990 0.7341
vt 0.1016 0.6751
vt 0.1990 0.7053
vt 0.1016 0.7053
vt 0.1016 0.6431
vt 0.1990 0.6751
vt 0.1016 0.6751
vt 0.1016 0.6088
vt 0.1990 0.6431
vt 0.1016 0.6431
vt 0.1016 0.6088
vt 0.1990 0.5718
vt 0.1990 0.6088
vt 0.1016 0.5718
vt 0.1990 0.5313
vt 0.1990 0.5718
vt 0.1016 0.5313
vt 0.1990 0.4873
vt 0.1990 0.5313
vt 0.1016 0.4873
vt 0.1990 0.4399
vt 0.1990 0.4873
vt 0.1016 0.4399
vt 0.1990 0.3892
vt 0.1990 0.4399
vt 0.1016 0.3892
vt 0.1990 0.3357
vt 0.1990 0.3892
vt 0.1016 0.3357
vt 0.1990 0.2801
vt 0.1990 0.3357
vt 0.1016 0.2801
vt 0.1990 0.2231
vt 0.1990 0.2801
vt 0.1016 0.2231
vt 0.1990 0.1656
vt 0.1990 0.2231
vt 0.1016 0.1656
vt 0.1990 0.1087
vt 0.1990 0.1656
vt 0.1016 0.1087
vt 0.1990 0.0533
vt 0.1990 0.1087
vt 0.1016 0.0533
vt 0.1990 0.0000
vt 0.1990 0.0533
vt 0.0041 0.9915
vt 0.1016 0.9720
vt 0.1016 0.9915
vt 0.0041 0.9720
vt 0.1016 0.9450
vt 0.1016 0.9720
vt 0.0041 0.9450
vt 0.1016 0.9185
vt 0.1016 0.9450
vt 0.0041 0.9185
vt 0.1016 0.8925
vt 0.1016 0.9185
vt 0.0041 0.8925
vt 0.1016 0.8668
vt 0.1016 0.8925
vt 0.0041 0.8668
vt 0.1016 0.8410
vt 0.1016 0.8668
vt 0.0041 0.8151
vt 0.1016 0.8410
vt 0.0041 0.8410
vt 0.0041 0.7888
vt 0.1016 0.8151
vt 0.0041 0.8151
vt 0.0041 0.7888
vt 0.1016 0.7619
vt 0.1016 0.7888
vt 0.0041 0.7619
vt 0.1016 0.7341
vt 0.1016 0.7619
vt 0.0041 0.7341
vt 0.1016 0.7053
vt 0.1016 0.7341
vt 0.0041 0.7053
vt 0.1016 0.6751
vt 0.1016 0.7053
vt 0.0041 0.6751
vt 0.1016 0.6431
vt 0.1016 0.6751
vt 0.0041 0.6431
vt 0.1016 0.6088
vt 0.1016 0.6431
vt 0.0041 0.5718
vt 0.1016 0.6088
vt 0.0041 0.6088
vt 0.0041 0.5313
vt 0.1016 0.5718
vt 0.0041 0.5718
vt 0.0041 0.4873
vt 0.1016 0.5313
vt 0.0041 0.5313
vt 0.0041 0.4399
vt 0.1016 0.4873
vt 0.0041 0.4873
vt 0.0041 0.3892
vt 0.1016 0.4399
vt 0.0041 0.4399
vt 0.0041 0.3357
vt 0.1016 0.3892
vt 0.0041 0.3892
vt 0.0041 0.2801
vt 0.1016 0.3357
vt 0.0041 0.3357
vt 0.0041 0.2231
vt 0.1016 0.2801
vt 0.0041 0.2801
vt 0.0041 0.1656
vt 0.1016 0.2231
vt 0.0041 0.2231
vt 0.0041 0.1087
vt 0.1016 0.1656
vt 0.0041 0.1656
vt 0.0041 0.0533
vt 0.1016 0.1087
vt 0.0041 0.1087
vt 0.0041 0.0000
vt 0.1016 0.0533
vt 0.0041 0.0533
vt 0.1990 0.9915
vt 0.1990 0.9720
vt 0.1990 0.9450
vt 0.1990 0.9185
vt 0.1990 0.8925
vt 0.1990 0.8668
vt 0.1016 0.8151
vt 0.1990 0.8410
vt 0.1016 0.8410
vt 0.1016 0.7888
vt 0.1990 0.8151
vt 0.1016 0.8151
vt 0.1990 0.7888
vt 0.1990 0.7619
vt 0.1990 0.7341
vt 0.1016 0.7053
vt 0.1990 0.6751
vt 0.1990 0.7053
vt 0.1016 0.6751
vt 0.1990 0.6431
vt 0.1990 0.6751
vt 0.1016 0.6431
vt 0.1990 0.6088
vt 0.1990 0.6431
vt 0.1016 0.6088
vt 0.1990 0.5718
vt 0.1990 0.6088
vt 0.1016 0.5718
vt 0.1990 0.5313
vt 0.1990 0.5718
vt 0.1016 0.5313
vt 0.1990 0.4873
vt 0.1990 0.5313
vt 0.1016 0.4873
vt 0.1990 0.4399
vt 0.1990 0.4873
vt 0.1016 0.4399
vt 0.1990 0.3892
vt 0.1990 0.4399
vt 0.1016 0.3892
vt 0.1990 0.3357
vt 0.1990 0.3892
vt 0.1016 0.3357
vt 0.1990 0.2801
vt 0.1990 0.3357
vt 0.1016 0.2801
vt 0.1990 0.2231
vt 0.1990 0.2801
vt 0.1016 0.2231
vt 0.1990 0.1656
vt 0.1990 0.2231
vt 0.1016 0.1656
vt 0.1990 0.1087
vt 0.1990 0.1656
vt 0.1016 0.1087
vt 0.1990 0.0533
vt 0.1990 0.1087
vt 0.1016 0.0533
vt 0.1990 0.0000
vt 0.1990 0.0533
vt 0.0000 0.9900
vt 0.0829 0.9545
vt 0.0829 0.9900
vt 0.0000 0.9545
vt 0.0829 0.9091
vt 0.0829 0.9545
vt 0.0000 0.9091
vt 0.0829 0.8636
vt 0.0829 0.9091
vt 0.0000 0.8636
vt 0.0829 0.8182
vt 0.0829 0.8636
vt 0.0000 0.8182
vt 0.0829 0.7727
vt 0.0829 0.8182
vt 0.0000 0.7727
vt 0.0829 0.7273
vt 0.0829 0.7727
vt 0.0000 0.7273
vt 0.0829 0.6818
vt 0.0829 0.7273
vt 0.0000 0.6818
vt 0.0829 0.6364
vt 0.0829 0.6818
vt 0.0000 0.6364
vt 0.0829 0.5909
vt 0.0829 0.6364
vt 0.0000 0.5909
vt 0.0829 0.5455
vt 0.0829 0.5909
vt 0.0000 0.5455
vt 0.0829 0.5000
vt 0.0829 0.5455
vt 0.0000 0.5000
vt 0.0829 0.4545
vt 0.0829 0.5000
vt 0.0000 0.4545
vt 0.0829 0.4091
vt 0.0829 0.4545
vt 0.0000 0.4091
vt 0.0829 0.3636
vt 0.0829 0.4091
vt 0.0000 0.3636
vt 0.0829 0.3182
vt 0.0829 0.3636
vt 0.0000 0.3182
vt 0.0829 0.2727
vt 0.0829 0.3182
vt 0.0000 0.2727
vt 0.0829 0.2273
vt 0.0829 0.2727
vt 0.0000 0.2273
vt 0.0829 0.1818
vt 0.0829 0.2273
vt 0.0000 0.1818
vt 0.0829 0.1364
vt 0.0829 0.1818
vt 0.0000 0.1364
vt 0.0829 0.0909
vt 0.0829 0.1364
vt 0.0000 0.0909
vt 0.0829 0.0455
vt 0.0829 0.0909
vt 0.0000 0.0455
vt 0.0829 0.0000
vt 0.0829 0.0455
vt 0.1658 0.9900
vt 0.1658 0.9545
vt 0.1658 0.9091
vt 0.1658 0.8636
vt 0.1658 0.8182
vt 0.1658 0.7727
vt 0.1658 0.7273
vt 0.1658 0.6818
vt 0.1658 0.6364
vt 0.1658 0.5909
vt 0.1658 0.5455
vt 0.1658 0.5000
vt 0.1658 0.4545
vt 0.1658 0.4091
vt 0.1658 0.3636
vt 0.1658 0.3182
vt 0.1658 0.2727
vt 0.0829 0.2273
vt 0.1658 0.1818
vt 0.1658 0.2273
vt 0.1658 0.1818
vt 0.0829 0.1364
vt 0.1658 0.0909
vt 0.1658 0.1364
vt 0.0829 0.0909
vt 0.1658 0.0455
vt 0.1658 0.0909
vt 0.0829 0.0455
vt 0.1658 0.0000
vt 0.1658 0.0455
vt 0.1658 0.9900
vt 0.2488 0.9545
vt 0.2488 0.9900
vt 0.1658 0.9545
vt 0.2488 0.9091
vt 0.2488 0.9545
vt 0.1658 0.9091
vt 0.2488 0.8636
vt 0.2488 0.9091
vt 0.1658 0.8636
vt 0.2488 0.8182
vt 0.2488 0.8636
vt 0.1658 0.8182
vt 0.2488 0.7727
vt 0.2488 0.8182
vt 0.1658 0.7727
vt 0.2488 0.7273
vt 0.2488 0.7727
vt 0.1658 0.7273
vt 0.2488 0.6818
vt 0.2488 0.7273
vt 0.1658 0.6818
vt 0.2488 0.6364
vt 0.2488 0.6818
vt 0.1658 0.6364
vt 0.2488 0.5909
vt 0.2488 0.6364
vt 0.1658 0.5909
vt 0.2488 0.5455
vt 0.2488 0.5909
vt 0.1658 0.5455
vt 0.2488 0.5000
vt 0.2488 0.5455
vt 0.1658 0.5000
vt 0.2488 0.4545
vt 0.2488 0.5000
vt 0.1658 0.4545
vt 0.2488 0.4091
vt 0.2488 0.4545
vt 0.1658 0.4091
vt 0.2488 0.3636
vt 0.2488 0.4091
vt 0.1658 0.3636
vt 0.2488 0.3182
vt 0.2488 0.3636
vt 0.1658 0.3182
vt 0.2488 0.2727
vt 0.2488 0.3182
vt 0.1658 0.2727
vt 0.2488 0.2273
vt 0.2488 0.2727
vt 0.1658 0.2273
vt 0.2488 0.1818
vt 0.2488 0.2273
vt 0.1658 0.1818
vt 0.2488 0.1364
vt 0.2488 0.1818
vt 0.1658 0.1364
vt 0.2488 0.0909
vt 0.2488 0.1364
vt 0.1658 0.0909
vt 0.2488 0.0455
vt 0.2488 0.0909
vt 0.1658 0.0455
vt 0.2488 0.0000
vt 0.2488 0.0455
vt 0.3317 0.9900
vt 0.3317 0.9545
vt 0.3317 0.9091
vt 0.3317 0.8636
vt 0.3317 0.8182
vt 0.3317 0.7727
vt 0.3317 0.7273
vt 0.3317 0.6818
vt 0.3317 0.6364
vt 0.3317 0.5909
vt 0.3317 0.5455
vt 0.3317 0.5000
vt 0.3317 0.4545
vt 0.3317 0.4091
vt 0.3317 0.3636
vt 0.3317 0.3182
vt 0.3317 0.2727
vt 0.3317 0.2273
vt 0.2488 0.1818
vt 0.3317 0.1364
vt 0.3317 0.1818
vt 0.2488 0.1364
vt 0.3317 0.0909
vt 0.3317 0.1364
vt 0.2488 0.0909
vt 0.3317 0.0455
vt 0.3317 0.0909
vt 0.2488 0.0455
vt 0.3317 0.0000
vt 0.3317 0.0455
vt 0.3317 0.9900
vt 0.3317 0.0000
vt 0.0829 0.0000
vt 0.1658 0.0000
vt 0.2488 0.0000
vt 0.5682 0.9867
vt 0.5682 0.8528
vt 0.6511 0.8528
vt 0.6511 0.6875
vt 0.5682 0.6875
vt 0.6511 0.5393
vt 0.6511 0.6875
vt 0.5682 0.5393
vt 0.6511 0.4261
vt 0.6511 0.5393
vt 0.5682 0.4261
vt 0.6511 0.3445
vt 0.6511 0.4261
vt 0.5682 0.3445
vt 0.6511 0.2857
vt 0.6511 0.3445
vt 0.5682 0.2857
vt 0.6511 0.2403
vt 0.6511 0.2857
vt 0.5682 0.2031
vt 0.6511 0.2403
vt 0.5682 0.2403
vt 0.5682 0.1709
vt 0.6511 0.2031
vt 0.5682 0.2031
vt 0.5682 0.1419
vt 0.6511 0.1709
vt 0.5682 0.1709
vt 0.5682 0.1147
vt 0.6511 0.1419
vt 0.5682 0.1419
vt 0.5682 0.0881
vt 0.6511 0.1147
vt 0.5682 0.1147
vt 0.5682 0.0609
vt 0.6511 0.0881
vt 0.5682 0.0881
vt 0.5682 0.0320
vt 0.6511 0.0609
vt 0.5682 0.0609
vt 0.5682 0.0000
vt 0.6511 0.0320
vt 0.5682 0.0320
vt 0.6511 0.9867
vt 0.7340 0.8528
vt 0.7340 0.6875
vt 0.7340 0.5393
vt 0.7340 0.4261
vt 0.6511 0.3445
vt 0.7340 0.2857
vt 0.7340 0.3445
vt 0.6511 0.2857
vt 0.7340 0.2403
vt 0.7340 0.2857
vt 0.6511 0.2403
vt 0.7340 0.2031
vt 0.7340 0.2403
vt 0.6511 0.2031
vt 0.7340 0.1709
vt 0.7340 0.2031
vt 0.6511 0.1709
vt 0.7340 0.1419
vt 0.7340 0.1709
vt 0.6511 0.1419
vt 0.7340 0.1147
vt 0.7340 0.1419
vt 0.6511 0.1147
vt 0.7340 0.0881
vt 0.7340 0.1147
vt 0.6511 0.0881
vt 0.7340 0.0609
vt 0.7340 0.0881
vt 0.6511 0.0609
vt 0.7340 0.0320
vt 0.7340 0.0609
vt 0.6511 0.0320
vt 0.7340 0.0000
vt 0.7340 0.0320
vt 0.7340 0.9867
vt 0.8169 0.8528
vt 0.8169 0.6875
vt 0.7340 0.6875
vt 0.8169 0.5393
vt 0.8169 0.6875
vt 0.7340 0.5393
vt 0.8169 0.4261
vt 0.8169 0.5393
vt 0.7340 0.4261
vt 0.8169 0.3445
vt 0.8169 0.4261
vt 0.7340 0.3445
vt 0.8169 0.2857
vt 0.8169 0.3445
vt 0.7340 0.2857
vt 0.8169 0.2403
vt 0.8169 0.2857
vt 0.8169 0.2403
vt 0.8169 0.2031
vt 0.8169 0.1709
vt 0.8169 0.1419
vt 0.8169 0.1147
vt 0.8169 0.0881
vt 0.8169 0.0609
vt 0.8169 0.0320
vt 0.8169 0.9867
vt 0.8999 0.8528
vt 0.8999 0.6875
vt 0.8999 0.5393
vt 0.8999 0.4261
vt 0.8169 0.3445
vt 0.8999 0.2857
vt 0.8999 0.3445
vt 0.8169 0.2857
vt 0.8999 0.2403
vt 0.8999 0.2857
vt 0.8169 0.2403
vt 0.8999 0.2031
vt 0.8999 0.2403
vt 0.8169 0.2031
vt 0.8999 0.1709
vt 0.8999 0.2031
vt 0.8169 0.1709
vt 0.8999 0.1419
vt 0.8999 0.1709
vt 0.8169 0.1419
vt 0.8999 0.1147
vt 0.8999 0.1419
vt 0.8169 0.1147
vt 0.8999 0.0881
vt 0.8999 0.1147
vt 0.8169 0.0881
vt 0.8999 0.0609
vt 0.8999 0.0881
vt 0.8169 0.0609
vt 0.8999 0.0320
vt 0.8999 0.0609
vt 0.8169 0.0320
vt 0.8999 0.0000
vt 0.8999 0.0320
vt 0.8999 0.0000
vt 0.6511 0.0000
vt 0.7340 0.0000
vt 0.8169 0.0000
vt 0.0000 0.9882
vt 0.0532 0.9331
vt 0.0532 0.9882
vt 0.0000 0.8624
vt 0.0532 0.9331
vt 0.0000 0.9331
vt 0.0000 0.8624
vt 0.0532 0.7899
vt 0.0532 0.8624
vt 0.0000 0.7899
vt 0.0532 0.7176
vt 0.0532 0.7899
vt 0.0000 0.7176
vt 0.0532 0.6476
vt 0.0532 0.7176
vt 0.0000 0.6476
vt 0.0532 0.5818
vt 0.0532 0.6476
vt 0.0000 0.5818
vt 0.0532 0.5211
vt 0.0532 0.5818
vt 0.0000 0.5211
vt 0.0532 0.4663
vt 0.0532 0.5211
vt 0.0000 0.4663
vt 0.0532 0.4174
vt 0.0532 0.4663
vt 0.0000 0.4174
vt 0.0532 0.3741
vt 0.0532 0.4174
vt 0.0000 0.3741
vt 0.0532 0.3351
vt 0.0532 0.3741
vt 0.0000 0.3351
vt 0.0532 0.2994
vt 0.0532 0.3351
vt 0.0000 0.2994
vt 0.0532 0.2662
vt 0.0532 0.2994
vt 0.0000 0.2662
vt 0.0532 0.2348
vt 0.0532 0.2662
vt 0.0000 0.2348
vt 0.0532 0.2048
vt 0.0532 0.2348
vt 0.0000 0.2048
vt 0.0532 0.1757
vt 0.0532 0.2048
vt 0.0000 0.1757
vt 0.0532 0.1471
vt 0.0532 0.1757
vt 0.0000 0.1471
vt 0.0532 0.1187
vt 0.0532 0.1471
vt 0.0000 0.1187
vt 0.0532 0.0902
vt 0.0532 0.1187
vt 0.0000 0.0902
vt 0.0532 0.0611
vt 0.0532 0.0902
vt 0.0000 0.0312
vt 0.0532 0.0611
vt 0.0000 0.0611
vt 0.0000 0.0312
vt 0.0532 0.0000
vt 0.0532 0.0312
vt 0.1064 0.9882
vt 0.0532 0.9331
vt 0.1064 0.8624
vt 0.1064 0.9331
vt 0.1064 0.8624
vt 0.0532 0.7899
vt 0.1064 0.7176
vt 0.1064 0.7899
vt 0.0532 0.7176
vt 0.1064 0.6476
vt 0.1064 0.7176
vt 0.0532 0.6476
vt 0.1064 0.5818
vt 0.1064 0.6476
vt 0.0532 0.5818
vt 0.1064 0.5211
vt 0.1064 0.5818
vt 0.0532 0.5211
vt 0.1064 0.4663
vt 0.1064 0.5211
vt 0.0532 0.4663
vt 0.1064 0.4174
vt 0.1064 0.4663
vt 0.0532 0.4174
vt 0.1064 0.3741
vt 0.1064 0.4174
vt 0.0532 0.3741
vt 0.1064 0.3351
vt 0.1064 0.3741
vt 0.0532 0.3351
vt 0.1064 0.2994
vt 0.1064 0.3351
vt 0.0532 0.2994
vt 0.1064 0.2662
vt 0.1064 0.2994
vt 0.0532 0.2662
vt 0.1064 0.2348
vt 0.1064 0.2662
vt 0.0532 0.2348
vt 0.1064 0.2048
vt 0.1064 0.2348
vt 0.0532 0.2048
vt 0.1064 0.1757
vt 0.1064 0.2048
vt 0.0532 0.1757
vt 0.1064 0.1471
vt 0.1064 0.1757
vt 0.0532 0.1471
vt 0.1064 0.1187
vt 0.1064 0.1471
vt 0.0532 0.1187
vt 0.1064 0.0902
vt 0.1064 0.1187
vt 0.0532 0.0902
vt 0.1064 0.0611
vt 0.1064 0.0902
vt 0.0532 0.0611
vt 0.1064 0.0312
vt 0.1064 0.0611
vt 0.1064 0.0000
vt 0.1064 0.0312
vt 0.1064 0.9331
vt 0.1595 0.9882
vt 0.1064 0.9882
vt 0.1064 0.9331
vt 0.1595 0.8624
vt 0.1595 0.9331
vt 0.1064 0.8624
vt 0.1595 0.7899
vt 0.1595 0.8624
vt 0.1064 0.7899
vt 0.1595 0.7176
vt 0.1595 0.7899
vt 0.1064 0.7176
vt 0.1595 0.6476
vt 0.1595 0.7176
vt 0.1064 0.6476
vt 0.1595 0.5818
vt 0.1595 0.6476
vt 0.1064 0.5818
vt 0.1595 0.5211
vt 0.1595 0.5818
vt 0.1064 0.5211
vt 0.1595 0.4663
vt 0.1595 0.5211
vt 0.1064 0.4663
vt 0.1595 0.4174
vt 0.1595 0.4663
vt 0.1064 0.4174
vt 0.1595 0.3741
vt 0.1595 0.4174
vt 0.1064 0.3741
vt 0.1595 0.3351
vt 0.1595 0.3741
vt 0.1064 0.3351
vt 0.1595 0.2994
vt 0.1595 0.3351
vt 0.1064 0.2994
vt 0.1595 0.2662
vt 0.1595 0.2994
vt 0.1064 0.2662
vt 0.1595 0.2348
vt 0.1595 0.2662
vt 0.1064 0.2348
vt 0.1595 0.2048
vt 0.1595 0.2348
vt 0.1064 0.2048
vt 0.1595 0.1757
vt 0.1595 0.2048
vt 0.1064 0.1757
vt 0.1595 0.1471
vt 0.1595 0.1757
vt 0.1064 0.1471
vt 0.1595 0.1187
vt 0.1595 0.1471
vt 0.1064 0.1187
vt 0.1595 0.0902
vt 0.1595 0.1187
vt 0.1064 0.0902
vt 0.1595 0.0611
vt 0.1595 0.0902
vt 0.1595 0.0611
vt 0.1595 0.0000
vt 0.1595 0.0312
vt 0.1595 0.9882
vt 0.2127 0.9331
vt 0.2127 0.9882
vt 0.2127 0.9331
vt 0.1595 0.8624
vt 0.2127 0.7899
vt 0.2127 0.8624
vt 0.1595 0.7899
vt 0.2127 0.7176
vt 0.2127 0.7899
vt 0.1595 0.7176
vt 0.2127 0.6476
vt 0.2127 0.7176
vt 0.1595 0.6476
vt 0.2127 0.5818
vt 0.2127 0.6476
vt 0.1595 0.5818
vt 0.2127 0.5211
vt 0.2127 0.5818
vt 0.1595 0.5211
vt 0.2127 0.4663
vt 0.2127 0.5211
vt 0.1595 0.4663
vt 0.2127 0.4174
vt 0.2127 0.4663
vt 0.1595 0.4174
vt 0.2127 0.3741
vt 0.2127 0.4174
vt 0.1595 0.3741
vt 0.2127 0.3351
vt 0.2127 0.3741
vt 0.1595 0.3351
vt 0.2127 0.2994
vt 0.2127 0.3351
vt 0.1595 0.2994
vt 0.2127 0.2662
vt 0.2127 0.2994
vt 0.1595 0.2662
vt 0.2127 0.2348
vt 0.2127 0.2662
vt 0.1595 0.2348
vt 0.2127 0.2048
vt 0.2127 0.2348
vt 0.1595 0.2048
vt 0.2127 0.1757
vt 0.2127 0.2048
vt 0.1595 0.1757
vt 0.2127 0.1471
vt 0.2127 0.1757
vt 0.1595 0.1471
vt 0.2127 0.1187
vt 0.2127 0.1471
vt 0.1595 0.1187
vt 0.2127 0.0902
vt 0.2127 0.1187
vt 0.1595 0.0902
vt 0.2127 0.0611
vt 0.2127 0.0902
vt 0.1595 0.0611
vt 0.2127 0.0312
vt 0.2127 0.0611
vt 0.2127 0.0000
vt 0.2127 0.0312
vt 0.2127 0.9882
vt 0.1715 0.9885
vt 0.2544 0.9368
vt 0.2544 0.9885
vt 0.1715 0.9368
vt 0.2544 0.8707
vt 0.2544 0.9368
vt 0.1715 0.8030
vt 0.2544 0.8707
vt 0.1715 0.8707
vt 0.1715 0.8030
vt 0.2544 0.7354
vt 0.2544 0.8030
vt 0.1715 0.7354
vt 0.2544 0.6692
vt 0.2544 0.7354
vt 0.1715 0.6692
vt 0.2544 0.6061
vt 0.2544 0.6692
vt 0.1715 0.6061
vt 0.2544 0.5469
vt 0.2544 0.6061
vt 0.1715 0.5469
vt 0.2544 0.4922
vt 0.2544 0.5469
vt 0.1715 0.4922
vt 0.2544 0.4425
vt 0.2544 0.4922
vt 0.1715 0.4425
vt 0.2544 0.3976
vt 0.2544 0.4425
vt 0.1715 0.3976
vt 0.2544 0.3569
vt 0.2544 0.3976
vt 0.1715 0.3569
vt 0.2544 0.3193
vt 0.2544 0.3569
vt 0.1715 0.3193
vt 0.2544 0.2841
vt 0.2544 0.3193
vt 0.1715 0.2841
vt 0.2544 0.2506
vt 0.2544 0.2841
vt 0.1715 0.2506
vt 0.2544 0.2185
vt 0.2544 0.2506
vt 0.1715 0.2185
vt 0.2544 0.1873
vt 0.2544 0.2185
vt 0.1715 0.1873
vt 0.2544 0.1567
vt 0.2544 0.1873
vt 0.1715 0.1567
vt 0.2544 0.1262
vt 0.2544 0.1567
vt 0.1715 0.1262
vt 0.2544 0.0957
vt 0.2544 0.1262
vt 0.1715 0.0957
vt 0.2544 0.0647
vt 0.2544 0.0957
vt 0.1715 0.0647
vt 0.2544 0.0329
vt 0.2544 0.0647
vt 0.1715 0.0329
vt 0.2544 0.0000
vt 0.2544 0.0329
vt 0.3373 0.9885
vt 0.3373 0.9368
vt 0.2544 0.8030
vt 0.3373 0.8707
vt 0.2544 0.8707
vt 0.3373 0.8030
vt 0.3373 0.7354
vt 0.3373 0.6692
vt 0.2544 0.6061
vt 0.3373 0.5469
vt 0.3373 0.6061
vt 0.2544 0.5469
vt 0.3373 0.4922
vt 0.3373 0.5469
vt 0.3373 0.4922
vt 0.2544 0.4425
vt 0.3373 0.3976
vt 0.3373 0.4425
vt 0.2544 0.3976
vt 0.3373 0.3569
vt 0.3373 0.3976
vt 0.3373 0.3569
vt 0.3373 0.3193
vt 0.3373 0.2841
vt 0.3373 0.2506
vt 0.3373 0.2185
vt 0.3373 0.1873
vt 0.2544 0.1567
vt 0.3373 0.1262
vt 0.3373 0.1567
vt 0.2544 0.1262
vt 0.3373 0.0957
vt 0.3373 0.1262
vt 0.2544 0.0957
vt 0.3373 0.0647
vt 0.3373 0.0957
vt 0.2544 0.0647
vt 0.3373 0.0329
vt 0.3373 0.0647
vt 0.2544 0.0329
vt 0.3373 0.0000
vt 0.3373 0.0329
vt 0.3373 0.9885
vt 0.4203 0.9368
vt 0.4203 0.9885
vt 0.3373 0.9368
vt 0.4203 0.8707
vt 0.4203 0.9368
vt 0.3373 0.8707
vt 0.4203 0.8030
vt 0.4203 0.8707
vt 0.3373 0.8030
vt 0.4203 0.7354
vt 0.4203 0.8030
vt 0.3373 0.7354
vt 0.4203 0.6692
vt 0.4203 0.7354
vt 0.3373 0.6692
vt 0.4203 0.6061
vt 0.4203 0.6692
vt 0.3373 0.6061
vt 0.4203 0.5469
vt 0.4203 0.6061
vt 0.3373 0.5469
vt 0.4203 0.4922
vt 0.4203 0.5469
vt 0.3373 0.4922
vt 0.4203 0.4425
vt 0.4203 0.4922
vt 0.3373 0.4425
vt 0.4203 0.3976
vt 0.4203 0.4425
vt 0.3373 0.3976
vt 0.4203 0.3569
vt 0.4203 0.3976
vt 0.3373 0.3569
vt 0.4203 0.3193
vt 0.4203 0.3569
vt 0.3373 0.3193
vt 0.4203 0.2841
vt 0.4203 0.3193
vt 0.3373 0.2841
vt 0.4203 0.2506
vt 0.4203 0.2841
vt 0.3373 0.2506
vt 0.4203 0.2185
vt 0.4203 0.2506
vt 0.3373 0.2185
vt 0.4203 0.1873
vt 0.4203 0.2185
vt 0.3373 0.1873
vt 0.4203 0.1567
vt 0.4203 0.1873
vt 0.3373 0.1567
vt 0.4203 0.1262
vt 0.4203 0.1567
vt 0.3373 0.1262
vt 0.4203 0.0957
vt 0.4203 0.1262
vt 0.3373 0.0957
vt 0.4203 0.0647
vt 0.4203 0.0957
vt 0.3373 0.0647
vt 0.4203 0.0329
vt 0.4203 0.0647
vt 0.3373 0.0329
vt 0.4203 0.0000
vt 0.4203 0.0329
vt 0.5032 0.9885
vt 0.5032 0.9368
vt 0.5032 0.8707
vt 0.5032 0.8030
vt 0.5032 0.7354
vt 0.5032 0.6692
vt 0.5032 0.6061
vt 0.5032 0.5469
vt 0.5032 0.4922
vt 0.5032 0.4425
vt 0.5032 0.3976
vt 0.4203 0.3569
vt 0.5032 0.3193
vt 0.5032 0.3569
vt 0.5032 0.3193
vt 0.5032 0.2841
vt 0.5032 0.2506
vt 0.5032 0.2185
vt 0.5032 0.1873
vt 0.4203 0.1567
vt 0.5032 0.1262
vt 0.5032 0.1567
vt 0.4203 0.1262
vt 0.5032 0.0957
vt 0.5032 0.1262
vt 0.4203 0.0957
vt 0.5032 0.0647
vt 0.5032 0.0957
vt 0.4203 0.0647
vt 0.5032 0.0329
vt 0.5032 0.0647
vt 0.4203 0.0329
vt 0.5032 0.0000
vt 0.5032 0.0329
vt 0.5032 0.9885
vt 0.5032 0.0000
vt 0.2544 0.0000
vt 0.3373 0.0000
vt 0.4203 0.0000
vt 0.0000 0.9900
vt 0.0829 0.9545
vt 0.0829 0.9900
vt 0.0000 0.9545
vt 0.0829 0.9091
vt 0.0829 0.9545
vt 0.0000 0.9091
vt 0.0829 0.8636
vt 0.0829 0.9091
vt 0.0000 0.8636
vt 0.0829 0.8182
vt 0.0829 0.8636
vt 0.0000 0.8182
vt 0.0829 0.7727
vt 0.0829 0.8182
vt 0.0000 0.7727
vt 0.0829 0.7273
vt 0.0829 0.7727
vt 0.0000 0.7273
vt 0.0829 0.6818
vt 0.0829 0.7273
vt 0.0000 0.6818
vt 0.0829 0.6364
vt 0.0829 0.6818
vt 0.0000 0.6364
vt 0.0829 0.5909
vt 0.0829 0.6364
vt 0.0000 0.5909
vt 0.0829 0.5455
vt 0.0829 0.5909
vt 0.0000 0.5455
vt 0.0829 0.5000
vt 0.0829 0.5455
vt 0.0000 0.5000
vt 0.0829 0.4545
vt 0.0829 0.5000
vt 0.0000 0.4545
vt 0.0829 0.4091
vt 0.0829 0.4545
vt 0.0000 0.4091
vt 0.0829 0.3636
vt 0.0829 0.4091
vt 0.0000 0.3636
vt 0.0829 0.3182
vt 0.0829 0.3636
vt 0.0000 0.3182
vt 0.0829 0.2727
vt 0.0829 0.3182
vt 0.0000 0.2727
vt 0.0829 0.2273
vt 0.0829 0.2727
vt 0.0000 0.2273
vt 0.0829 0.1818
vt 0.0829 0.2273
vt 0.0000 0.1818
vt 0.0829 0.1364
vt 0.0829 0.1818
vt 0.0000 0.0909
vt 0.0829 0.1364
vt 0.0000 0.1364
vt 0.0000 0.0455
vt 0.0829 0.0909
vt 0.0000 0.0909
vt 0.0000 0.0000
vt 0.0829 0.0455
vt 0.0000 0.0455
vt 0.1658 0.9900
vt 0.1658 0.9545
vt 0.1658 0.9091
vt 0.1658 0.8636
vt 0.1658 0.8182
vt 0.1658 0.7727
vt 0.1658 0.7273
vt 0.1658 0.6818
vt 0.1658 0.6364
vt 0.1658 0.5909
vt 0.1658 0.5455
vt 0.1658 0.5000
vt 0.1658 0.4545
vt 0.1658 0.4091
vt 0.1658 0.3636
vt 0.1658 0.3182
vt 0.1658 0.2727
vt 0.1658 0.2273
vt 0.1658 0.1818
vt 0.0829 0.0909
vt 0.1658 0.1364
vt 0.0829 0.1364
vt 0.0829 0.0455
vt 0.1658 0.0909
vt 0.0829 0.0909
vt 0.0829 0.0000
vt 0.1658 0.0455
vt 0.0829 0.0455
vt 0.1658 0.9900
vt 0.2488 0.9545
vt 0.2488 0.9900
vt 0.1658 0.9545
vt 0.2488 0.9091
vt 0.2488 0.9545
vt 0.1658 0.9091
vt 0.2488 0.8636
vt 0.2488 0.9091
vt 0.1658 0.8636
vt 0.2488 0.8182
vt 0.2488 0.8636
vt 0.1658 0.8182
vt 0.2488 0.7727
vt 0.2488 0.8182
vt 0.1658 0.7727
vt 0.2488 0.7273
vt 0.2488 0.7727
vt 0.1658 0.7273
vt 0.2488 0.6818
vt 0.2488 0.7273
vt 0.1658 0.6818
vt 0.2488 0.6364
vt 0.2488 0.6818
vt 0.1658 0.6364
vt 0.2488 0.5909
vt 0.2488 0.6364
vt 0.1658 0.5909
vt 0.2488 0.5455
vt 0.2488 0.5909
vt 0.1658 0.5455
vt 0.2488 0.5000
vt 0.2488 0.5455
vt 0.1658 0.5000
vt 0.2488 0.4545
vt 0.2488 0.5000
vt 0.1658 0.4545
vt 0.2488 0.4091
vt 0.2488 0.4545
vt 0.1658 0.4091
vt 0.2488 0.3636
vt 0.2488 0.4091
vt 0.1658 0.3636
vt 0.2488 0.3182
vt 0.2488 0.3636
vt 0.1658 0.3182
vt 0.2488 0.2727
vt 0.2488 0.3182
vt 0.1658 0.2727
vt 0.2488 0.2273
vt 0.2488 0.2727
vt 0.1658 0.2273
vt 0.2488 0.1818
vt 0.2488 0.2273
vt 0.1658 0.1364
vt 0.2488 0.1818
vt 0.1658 0.1818
vt 0.1658 0.0909
vt 0.2488 0.1364
vt 0.1658 0.1364
vt 0.1658 0.0455
vt 0.2488 0.0909
vt 0.1658 0.0909
vt 0.1658 0.0000
vt 0.2488 0.0455
vt 0.1658 0.0455
vt 0.3317 0.9900
vt 0.3317 0.9545
vt 0.3317 0.9091
vt 0.3317 0.8636
vt 0.3317 0.8182
vt 0.3317 0.7727
vt 0.3317 0.7273
vt 0.3317 0.6818
vt 0.3317 0.6364
vt 0.3317 0.5909
vt 0.3317 0.5455
vt 0.3317 0.5000
vt 0.3317 0.4545
vt 0.3317 0.4091
vt 0.3317 0.3636
vt 0.3317 0.3182
vt 0.3317 0.2727
vt 0.3317 0.2273
vt 0.2488 0.1364
vt 0.3317 0.1818
vt 0.2488 0.1818
vt 0.2488 0.0909
vt 0.3317 0.1364
vt 0.2488 0.1364
vt 0.2488 0.0455
vt 0.3317 0.0909
vt 0.2488 0.0909
vt 0.2488 0.0000
vt 0.3317 0.0455
vt 0.2488 0.0455
vt 0.3317 0.9900
vt 0.3317 0.0000
vt 0.0829 0.0000
vt 0.1658 0.0000
vt 0.2488 0.0000
vt 0.5682 0.9867
vt 0.5682 0.8528
vt 0.6511 0.8528
vt 0.6511 0.6875
vt 0.5682 0.6875
vt 0.6511 0.5393
vt 0.6511 0.6875
vt 0.5682 0.5393
vt 0.6511 0.4261
vt 0.6511 0.5393
vt 0.5682 0.4261
vt 0.6511 0.3445
vt 0.6511 0.4261
vt 0.5682 0.2857
vt 0.6511 0.3445
vt 0.5682 0.3445
vt 0.5682 0.2403
vt 0.6511 0.2857
vt 0.5682 0.2857
vt 0.5682 0.2031
vt 0.6511 0.2403
vt 0.5682 0.2403
vt 0.5682 0.1709
vt 0.6511 0.2031
vt 0.5682 0.2031
vt 0.5682 0.1419
vt 0.6511 0.1709
vt 0.5682 0.1709
vt 0.5682 0.1147
vt 0.6511 0.1419
vt 0.5682 0.1419
vt 0.5682 0.0881
vt 0.6511 0.1147
vt 0.5682 0.1147
vt 0.5682 0.0609
vt 0.6511 0.0881
vt 0.5682 0.0881
vt 0.5682 0.0320
vt 0.6511 0.0609
vt 0.5682 0.0609
vt 0.5682 0.0000
vt 0.6511 0.0320
vt 0.5682 0.0320
vt 0.6511 0.9867
vt 0.7340 0.8528
vt 0.7340 0.6875
vt 0.7340 0.5393
vt 0.7340 0.4261
vt 0.6511 0.2857
vt 0.7340 0.3445
vt 0.6511 0.3445
vt 0.6511 0.2403
vt 0.7340 0.2857
vt 0.6511 0.2857
vt 0.6511 0.2403
vt 0.7340 0.2031
vt 0.7340 0.2403
vt 0.6511 0.2031
vt 0.7340 0.1709
vt 0.7340 0.2031
vt 0.6511 0.1709
vt 0.7340 0.1419
vt 0.7340 0.1709
vt 0.6511 0.1419
vt 0.7340 0.1147
vt 0.7340 0.1419
vt 0.6511 0.1147
vt 0.7340 0.0881
vt 0.7340 0.1147
vt 0.6511 0.0881
vt 0.7340 0.0609
vt 0.7340 0.0881
vt 0.6511 0.0609
vt 0.7340 0.0320
vt 0.7340 0.0609
vt 0.6511 0.0320
vt 0.7340 0.0000
vt 0.7340 0.0320
vt 0.7340 0.9867
vt 0.8169 0.8528
vt 0.8169 0.6875
vt 0.7340 0.6875
vt 0.8169 0.5393
vt 0.8169 0.6875
vt 0.7340 0.5393
vt 0.8169 0.4261
vt 0.8169 0.5393
vt 0.7340 0.4261
vt 0.8169 0.3445
vt 0.8169 0.4261
vt 0.7340 0.2857
vt 0.8169 0.3445
vt 0.7340 0.3445
vt 0.7340 0.2403
vt 0.8169 0.2857
vt 0.7340 0.2857
vt 0.8169 0.2403
vt 0.8169 0.2031
vt 0.8169 0.1709
vt 0.8169 0.1419
vt 0.8169 0.1147
vt 0.8169 0.0881
vt 0.8169 0.0609
vt 0.8169 0.0320
vt 0.8169 0.9867
vt 0.8999 0.8528
vt 0.8999 0.6875
vt 0.8999 0.5393
vt 0.8999 0.4261
vt 0.8169 0.2857
vt 0.8999 0.3445
vt 0.8169 0.3445
vt 0.8169 0.2403
vt 0.8999 0.2857
vt 0.8169 0.2857
vt 0.8169 0.2403
vt 0.8999 0.2031
vt 0.8999 0.2403
vt 0.8169 0.2031
vt 0.8999 0.1709
vt 0.8999 0.2031
vt 0.8169 0.1709
vt 0.8999 0.1419
vt 0.8999 0.1709
vt 0.8169 0.1419
vt 0.8999 0.1147
vt 0.8999 0.1419
vt 0.8169 0.1147
vt 0.8999 0.0881
vt 0.8999 0.1147
vt 0.8169 0.0881
vt 0.8999 0.0609
vt 0.8999 0.0881
vt 0.8169 0.0609
vt 0.8999 0.0320
vt 0.8999 0.0609
vt 0.8169 0.0320
vt 0.8999 0.0000
vt 0.8999 0.0320
vt 0.8999 0.0000
vt 0.6511 0.0000
vt 0.7340 0.0000
vt 0.8169 0.0000
vt 0.0000 0.9882
vt 0.0532 0.9331
vt 0.0532 0.9882
vt 0.0000 0.8624
vt 0.0532 0.9331
vt 0.0000 0.9331
vt 0.0000 0.8624
vt 0.0532 0.7899
vt 0.0532 0.8624
vt 0.0000 0.7176
vt 0.0532 0.7899
vt 0.0000 0.7899
vt 0.0000 0.6476
vt 0.0532 0.7176
vt 0.0000 0.7176
vt 0.0000 0.5818
vt 0.0532 0.6476
vt 0.0000 0.6476
vt 0.0000 0.5211
vt 0.0532 0.5818
vt 0.0000 0.5818
vt 0.0000 0.4663
vt 0.0532 0.5211
vt 0.0000 0.5211
vt 0.0000 0.4174
vt 0.0532 0.4663
vt 0.0000 0.4663
vt 0.0000 0.3741
vt 0.0532 0.4174
vt 0.0000 0.4174
vt 0.0000 0.3351
vt 0.0532 0.3741
vt 0.0000 0.3741
vt 0.0000 0.2994
vt 0.0532 0.3351
vt 0.0000 0.3351
vt 0.0000 0.2662
vt 0.0532 0.2994
vt 0.0000 0.2994
vt 0.0000 0.2348
vt 0.0532 0.2662
vt 0.0000 0.2662
vt 0.0000 0.2048
vt 0.0532 0.2348
vt 0.0000 0.2348
vt 0.0000 0.1757
vt 0.0532 0.2048
vt 0.0000 0.2048
vt 0.0000 0.1471
vt 0.0532 0.1757
vt 0.0000 0.1757
vt 0.0000 0.1187
vt 0.0532 0.1471
vt 0.0000 0.1471
vt 0.0000 0.0902
vt 0.0532 0.1187
vt 0.0000 0.1187
vt 0.0000 0.0611
vt 0.0532 0.0902
vt 0.0000 0.0902
vt 0.0000 0.0312
vt 0.0532 0.0611
vt 0.0000 0.0611
vt 0.0000 0.0000
vt 0.0532 0.0312
vt 0.0000 0.0312
vt 0.1064 0.9882
vt 0.0532 0.8624
vt 0.1064 0.9331
vt 0.0532 0.9331
vt 0.1064 0.8624
vt 0.0532 0.7176
vt 0.1064 0.7899
vt 0.0532 0.7899
vt 0.0532 0.6476
vt 0.1064 0.7176
vt 0.0532 0.7176
vt 0.0532 0.5818
vt 0.1064 0.6476
vt 0.0532 0.6476
vt 0.0532 0.5211
vt 0.1064 0.5818
vt 0.0532 0.5818
vt 0.0532 0.4663
vt 0.1064 0.5211
vt 0.0532 0.5211
vt 0.0532 0.4174
vt 0.1064 0.4663
vt 0.0532 0.4663
vt 0.0532 0.3741
vt 0.1064 0.4174
vt 0.0532 0.4174
vt 0.0532 0.3351
vt 0.1064 0.3741
vt 0.0532 0.3741
vt 0.0532 0.2994
vt 0.1064 0.3351
vt 0.0532 0.3351
vt 0.0532 0.2662
vt 0.1064 0.2994
vt 0.0532 0.2994
vt 0.0532 0.2348
vt 0.1064 0.2662
vt 0.0532 0.2662
vt 0.0532 0.2048
vt 0.1064 0.2348
vt 0.0532 0.2348
vt 0.0532 0.1757
vt 0.1064 0.2048
vt 0.0532 0.2048
vt 0.0532 0.1471
vt 0.1064 0.1757
vt 0.0532 0.1757
vt 0.0532 0.1187
vt 0.1064 0.1471
vt 0.0532 0.1471
vt 0.0532 0.0902
vt 0.1064 0.1187
vt 0.0532 0.1187
vt 0.0532 0.0611
vt 0.1064 0.0902
vt 0.0532 0.0902
vt 0.0532 0.0611
vt 0.1064 0.0312
vt 0.1064 0.0611
vt 0.0532 0.0312
vt 0.1064 0.0000
vt 0.1064 0.0312
vt 0.1064 0.9331
vt 0.1595 0.9882
vt 0.1064 0.9882
vt 0.1064 0.9331
vt 0.1595 0.8624
vt 0.1595 0.9331
vt 0.1064 0.8624
vt 0.1595 0.7899
vt 0.1595 0.8624
vt 0.1064 0.7176
vt 0.1595 0.7899
vt 0.1064 0.7899
vt 0.1064 0.6476
vt 0.1595 0.7176
vt 0.1064 0.7176
vt 0.1064 0.5818
vt 0.1595 0.6476
vt 0.1064 0.6476
vt 0.1064 0.5211
vt 0.1595 0.5818
vt 0.1064 0.5818
vt 0.1064 0.4663
vt 0.1595 0.5211
vt 0.1064 0.5211
vt 0.1064 0.4174
vt 0.1595 0.4663
vt 0.1064 0.4663
vt 0.1064 0.3741
vt 0.1595 0.4174
vt 0.1064 0.4174
vt 0.1064 0.3351
vt 0.1595 0.3741
vt 0.1064 0.3741
vt 0.1064 0.2994
vt 0.1595 0.3351
vt 0.1064 0.3351
vt 0.1064 0.2662
vt 0.1595 0.2994
vt 0.1064 0.2994
vt 0.1064 0.2348
vt 0.1595 0.2662
vt 0.1064 0.2662
vt 0.1064 0.2048
vt 0.1595 0.2348
vt 0.1064 0.2348
vt 0.1064 0.1757
vt 0.1595 0.2048
vt 0.1064 0.2048
vt 0.1064 0.1471
vt 0.1595 0.1757
vt 0.1064 0.1757
vt 0.1064 0.1187
vt 0.1595 0.1471
vt 0.1064 0.1471
vt 0.1064 0.0902
vt 0.1595 0.1187
vt 0.1064 0.1187
vt 0.1064 0.0611
vt 0.1595 0.0902
vt 0.1064 0.0902
vt 0.1595 0.0611
vt 0.1595 0.0000
vt 0.1595 0.0312
vt 0.1595 0.9882
vt 0.2127 0.9331
vt 0.2127 0.9882
vt 0.2127 0.9331
vt 0.2127 0.8624
vt 0.1595 0.7176
vt 0.2127 0.7899
vt 0.1595 0.7899
vt 0.1595 0.6476
vt 0.2127 0.7176
vt 0.1595 0.7176
vt 0.1595 0.5818
vt 0.2127 0.6476
vt 0.1595 0.6476
vt 0.1595 0.5211
vt 0.2127 0.5818
vt 0.1595 0.5818
vt 0.1595 0.4663
vt 0.2127 0.5211
vt 0.1595 0.5211
vt 0.1595 0.4174
vt 0.2127 0.4663
vt 0.1595 0.4663
vt 0.1595 0.3741
vt 0.2127 0.4174
vt 0.1595 0.4174
vt 0.1595 0.3351
vt 0.2127 0.3741
vt 0.1595 0.3741
vt 0.1595 0.2994
vt 0.2127 0.3351
vt 0.1595 0.3351
vt 0.1595 0.2662
vt 0.2127 0.2994
vt 0.1595 0.2994
vt 0.1595 0.2348
vt 0.2127 0.2662
vt 0.1595 0.2662
vt 0.1595 0.2048
vt 0.2127 0.2348
vt 0.1595 0.2348
vt 0.1595 0.1757
vt 0.2127 0.2048
vt 0.1595 0.2048
vt 0.1595 0.1471
vt 0.2127 0.1757
vt 0.1595 0.1757
vt 0.1595 0.1187
vt 0.2127 0.1471
vt 0.1595 0.1471
vt 0.1595 0.0902
vt 0.2127 0.1187
vt 0.1595 0.1187
vt 0.1595 0.0611
vt 0.2127 0.0902
vt 0.1595 0.0902
vt 0.1595 0.0611
vt 0.2127 0.0312
vt 0.2127 0.0611
vt 0.1595 0.0312
vt 0.2127 0.0000
vt 0.2127 0.0312
vt 0.2127 0.9882
vt 0.1715 0.9885
vt 0.2544 0.9368
vt 0.2544 0.9885
vt 0.1715 0.9368
vt 0.2544 0.8707
vt 0.2544 0.9368
vt 0.1715 0.8707
vt 0.2544 0.8030
vt 0.2544 0.8707
vt 0.1715 0.8030
vt 0.2544 0.7354
vt 0.2544 0.8030
vt 0.1715 0.7354
vt 0.2544 0.6692
vt 0.2544 0.7354
vt 0.1715 0.6692
vt 0.2544 0.6061
vt 0.2544 0.6692
vt 0.1715 0.5469
vt 0.2544 0.6061
vt 0.1715 0.6061
vt 0.1715 0.4922
vt 0.2544 0.5469
vt 0.1715 0.5469
vt 0.1715 0.4922
vt 0.2544 0.4425
vt 0.2544 0.4922
vt 0.1715 0.3976
vt 0.2544 0.4425
vt 0.1715 0.4425
vt 0.1715 0.3569
vt 0.2544 0.3976
vt 0.1715 0.3976
vt 0.1715 0.3569
vt 0.2544 0.3193
vt 0.2544 0.3569
vt 0.1715 0.3193
vt 0.2544 0.2841
vt 0.2544 0.3193
vt 0.1715 0.2841
vt 0.2544 0.2506
vt 0.2544 0.2841
vt 0.1715 0.2506
vt 0.2544 0.2185
vt 0.2544 0.2506
vt 0.1715 0.2185
vt 0.2544 0.1873
vt 0.2544 0.2185
vt 0.1715 0.1873
vt 0.2544 0.1567
vt 0.2544 0.1873
vt 0.1715 0.1262
vt 0.2544 0.1567
vt 0.1715 0.1567
vt 0.1715 0.0957
vt 0.2544 0.1262
vt 0.1715 0.1262
vt 0.1715 0.0647
vt 0.2544 0.0957
vt 0.1715 0.0957
vt 0.1715 0.0329
vt 0.2544 0.0647
vt 0.1715 0.0647
vt 0.1715 0.0000
vt 0.2544 0.0329
vt 0.1715 0.0329
vt 0.3373 0.9885
vt 0.3373 0.9368
vt 0.2544 0.8707
vt 0.3373 0.8030
vt 0.3373 0.8707
vt 0.3373 0.8030
vt 0.3373 0.7354
vt 0.3373 0.6692
vt 0.2544 0.5469
vt 0.3373 0.6061
vt 0.2544 0.6061
vt 0.2544 0.4922
vt 0.3373 0.5469
vt 0.2544 0.5469
vt 0.3373 0.4922
vt 0.2544 0.3976
vt 0.3373 0.4425
vt 0.2544 0.4425
vt 0.2544 0.3569
vt 0.3373 0.3976
vt 0.2544 0.3976
vt 0.3373 0.3569
vt 0.3373 0.3193
vt 0.3373 0.2841
vt 0.3373 0.2506
vt 0.3373 0.2185
vt 0.3373 0.1873
vt 0.2544 0.1262
vt 0.3373 0.1567
vt 0.2544 0.1567
vt 0.2544 0.0957
vt 0.3373 0.1262
vt 0.2544 0.1262
vt 0.2544 0.0647
vt 0.3373 0.0957
vt 0.2544 0.0957
vt 0.2544 0.0329
vt 0.3373 0.0647
vt 0.2544 0.0647
vt 0.2544 0.0000
vt 0.3373 0.0329
vt 0.2544 0.0329
vt 0.3373 0.9885
vt 0.4203 0.9368
vt 0.4203 0.9885
vt 0.3373 0.9368
vt 0.4203 0.8707
vt 0.4203 0.9368
vt 0.3373 0.8707
vt 0.4203 0.8030
vt 0.4203 0.8707
vt 0.3373 0.8030
vt 0.4203 0.7354
vt 0.4203 0.8030
vt 0.3373 0.7354
vt 0.4203 0.6692
vt 0.4203 0.7354
vt 0.3373 0.6692
vt 0.4203 0.6061
vt 0.4203 0.6692
vt 0.3373 0.6061
vt 0.4203 0.5469
vt 0.4203 0.6061
vt 0.3373 0.5469
vt 0.4203 0.4922
vt 0.4203 0.5469
vt 0.3373 0.4922
vt 0.4203 0.4425
vt 0.4203 0.4922
vt 0.3373 0.4425
vt 0.4203 0.3976
vt 0.4203 0.4425
vt 0.3373 0.3976
vt 0.4203 0.3569
vt 0.4203 0.3976
vt 0.3373 0.3193
vt 0.4203 0.3569
vt 0.3373 0.3569
vt 0.3373 0.3193
vt 0.4203 0.2841
vt 0.4203 0.3193
vt 0.3373 0.2841
vt 0.4203 0.2506
vt 0.4203 0.2841
vt 0.3373 0.2506
vt 0.4203 0.2185
vt 0.4203 0.2506
vt 0.3373 0.2185
vt 0.4203 0.1873
vt 0.4203 0.2185
vt 0.3373 0.1873
vt 0.4203 0.1567
vt 0.4203 0.1873
vt 0.3373 0.1262
vt 0.4203 0.1567
vt 0.3373 0.1567
vt 0.3373 0.0957
vt 0.4203 0.1262
vt 0.3373 0.1262
vt 0.3373 0.0647
vt 0.4203 0.0957
vt 0.3373 0.0957
vt 0.3373 0.0329
vt 0.4203 0.0647
vt 0.3373 0.0647
vt 0.3373 0.0000
vt 0.4203 0.0329
vt 0.3373 0.0329
vt 0.5032 0.9885
vt 0.5032 0.9368
vt 0.5032 0.8707
vt 0.5032 0.8030
vt 0.5032 0.7354
vt 0.5032 0.6692
vt 0.5032 0.6061
vt 0.5032 0.5469
vt 0.5032 0.4922
vt 0.5032 0.4425
vt 0.5032 0.3976
vt 0.4203 0.3193
vt 0.5032 0.3569
vt 0.4203 0.3569
vt 0.5032 0.3193
vt 0.5032 0.2841
vt 0.5032 0.2506
vt 0.5032 0.2185
vt 0.5032 0.1873
vt 0.4203 0.1262
vt 0.5032 0.1567
vt 0.4203 0.1567
vt 0.4203 0.0957
vt 0.5032 0.1262
vt 0.4203 0.1262
vt 0.4203 0.0647
vt 0.5032 0.0957
vt 0.4203 0.0957
vt 0.4203 0.0329
vt 0.5032 0.0647
vt 0.4203 0.0647
vt 0.4203 0.0000
vt 0.5032 0.0329
vt 0.4203 0.0329
vt 0.5032 0.9885
vt 0.5032 0.0000
vt 0.2544 0.0000
vt 0.3373 0.0000
vt 0.4203 0.0000
vt 0.5930 0.9900
vt 0.7120 0.9333
vt 0.7120 0.9900
vt 0.5930 0.9333
vt 0.7120 0.8667
vt 0.7120 0.9333
vt 0.5930 0.8667
vt 0.7120 0.8000
vt 0.7120 0.8667
vt 0.5930 0.8000
vt 0.7120 0.7333
vt 0.7120 0.8000
vt 0.5930 0.7333
vt 0.7120 0.6667
vt 0.7120 0.7333
vt 0.5930 0.6667
vt 0.7120 0.6000
vt 0.7120 0.6667
vt 0.5930 0.6000
vt 0.7120 0.5333
vt 0.7120 0.6000
vt 0.5930 0.4667
vt 0.7120 0.5333
vt 0.5930 0.5333
vt 0.5930 0.4000
vt 0.7120 0.4667
vt 0.5930 0.4667
vt 0.5930 0.3333
vt 0.7120 0.4000
vt 0.5930 0.4000
vt 0.5930 0.2667
vt 0.7120 0.3333
vt 0.5930 0.3333
vt 0.5930 0.2000
vt 0.7120 0.2667
vt 0.5930 0.2667
vt 0.5930 0.1333
vt 0.7120 0.2000
vt 0.5930 0.2000
vt 0.5930 0.0667
vt 0.7120 0.1333
vt 0.5930 0.1333
vt 0.5930 0.0000
vt 0.7120 0.0667
vt 0.5930 0.0667
vt 0.8309 0.9900
vt 0.8309 0.9333
vt 0.8309 0.8667
vt 0.8309 0.8000
vt 0.8309 0.7333
vt 0.8309 0.6667
vt 0.8309 0.6000
vt 0.7120 0.5333
vt 0.8309 0.4667
vt 0.8309 0.5333
vt 0.7120 0.4667
vt 0.8309 0.4000
vt 0.8309 0.4667
vt 0.7120 0.4000
vt 0.8309 0.3333
vt 0.8309 0.4000
vt 0.7120 0.3333
vt 0.8309 0.2667
vt 0.8309 0.3333
vt 0.7120 0.2667
vt 0.8309 0.2000
vt 0.8309 0.2667
vt 0.7120 0.2000
vt 0.8309 0.1333
vt 0.8309 0.2000
vt 0.7120 0.1333
vt 0.8309 0.0667
vt 0.8309 0.1333
vt 0.7120 0.0667
vt 0.8309 0.0000
vt 0.8309 0.0667
vt 0.7541 0.9900
vt 0.8731 0.9333
vt 0.8731 0.9900
vt 0.7541 0.9333
vt 0.8731 0.8667
vt 0.8731 0.9333
vt 0.7541 0.8667
vt 0.8731 0.8000
vt 0.8731 0.8667
vt 0.7541 0.8000
vt 0.8731 0.7333
vt 0.8731 0.8000
vt 0.7541 0.7333
vt 0.8731 0.6667
vt 0.8731 0.7333
vt 0.7541 0.6667
vt 0.8731 0.6000
vt 0.8731 0.6667
vt 0.7541 0.6000
vt 0.8731 0.5333
vt 0.8731 0.6000
vt 0.7541 0.4667
vt 0.8731 0.5333
vt 0.7541 0.5333
vt 0.7541 0.4000
vt 0.8731 0.4667
vt 0.7541 0.4667
vt 0.7541 0.3333
vt 0.8731 0.4000
vt 0.7541 0.4000
vt 0.7541 0.2667
vt 0.8731 0.3333
vt 0.7541 0.3333
vt 0.7541 0.2000
vt 0.8731 0.2667
vt 0.7541 0.2667
vt 0.7541 0.1333
vt 0.8731 0.2000
vt 0.7541 0.2000
vt 0.7541 0.0667
vt 0.8731 0.1333
vt 0.7541 0.1333
vt 0.7541 0.0000
vt 0.8731 0.0667
vt 0.7541 0.0667
vt 0.9921 0.9900
vt 0.9921 0.9333
vt 0.9921 0.8667
vt 0.9921 0.8000
vt 0.9921 0.7333
vt 0.9921 0.6667
vt 0.9921 0.6000
vt 0.8731 0.5333
vt 0.9921 0.4667
vt 0.9921 0.5333
vt 0.8731 0.4667
vt 0.9921 0.4000
vt 0.9921 0.4667
vt 0.8731 0.4000
vt 0.9921 0.3333
vt 0.9921 0.4000
vt 0.8731 0.3333
vt 0.9921 0.2667
vt 0.9921 0.3333
vt 0.8731 0.2667
vt 0.9921 0.2000
vt 0.9921 0.2667
vt 0.8731 0.2000
vt 0.9921 0.1333
vt 0.9921 0.2000
vt 0.8731 0.1333
vt 0.9921 0.0667
vt 0.9921 0.1333
vt 0.8731 0.0667
vt 0.9921 0.0000
vt 0.9921 0.0667
vt 0.7045 0.9900
vt 0.8235 0.9333
vt 0.8235 0.9900
vt 0.7045 0.9333
vt 0.8235 0.8667
vt 0.8235 0.9333
vt 0.7045 0.8667
vt 0.8235 0.8000
vt 0.8235 0.8667
vt 0.7045 0.8000
vt 0.8235 0.7333
vt 0.8235 0.8000
vt 0.7045 0.7333
vt 0.8235 0.6667
vt 0.8235 0.7333
vt 0.7045 0.6667
vt 0.8235 0.6000
vt 0.8235 0.6667
vt 0.7045 0.6000
vt 0.8235 0.5333
vt 0.8235 0.6000
vt 0.7045 0.4667
vt 0.8235 0.5333
vt 0.7045 0.5333
vt 0.7045 0.4000
vt 0.8235 0.4667
vt 0.7045 0.4667
vt 0.7045 0.3333
vt 0.8235 0.4000
vt 0.7045 0.4000
vt 0.7045 0.2667
vt 0.8235 0.3333
vt 0.7045 0.3333
vt 0.7045 0.2000
vt 0.8235 0.2667
vt 0.7045 0.2667
vt 0.7045 0.1333
vt 0.8235 0.2000
vt 0.7045 0.2000
vt 0.7045 0.0667
vt 0.8235 0.1333
vt 0.7045 0.1333
vt 0.7045 0.0000
vt 0.8235 0.0667
vt 0.7045 0.0667
vt 0.9425 0.9900
vt 0.9425 0.9333
vt 0.9425 0.8667
vt 0.9425 0.8000
vt 0.9425 0.7333
vt 0.9425 0.6667
vt 0.9425 0.6000
vt 0.8235 0.5333
vt 0.9425 0.4667
vt 0.9425 0.5333
vt 0.8235 0.4667
vt 0.9425 0.4000
vt 0.9425 0.4667
vt 0.8235 0.4000
vt 0.9425 0.3333
vt 0.9425 0.4000
vt 0.8235 0.3333
vt 0.9425 0.2667
vt 0.9425 0.3333
vt 0.8235 0.2667
vt 0.9425 0.2000
vt 0.9425 0.2667
vt 0.8235 0.2000
vt 0.9425 0.1333
vt 0.9425 0.2000
vt 0.8235 0.1333
vt 0.9425 0.0667
vt 0.9425 0.1333
vt 0.8235 0.0667
vt 0.9425 0.0000
vt 0.9425 0.0667
vt 0.6612 0.9900
vt 0.7801 0.9333
vt 0.7801 0.9900
vt 0.6612 0.9333
vt 0.7801 0.8667
vt 0.7801 0.9333
vt 0.6612 0.8667
vt 0.7801 0.8000
vt 0.7801 0.8667
vt 0.6612 0.8000
vt 0.7801 0.7333
vt 0.7801 0.8000
vt 0.6612 0.7333
vt 0.7801 0.6667
vt 0.7801 0.7333
vt 0.6612 0.6667
vt 0.7801 0.6000
vt 0.7801 0.6667
vt 0.6612 0.6000
vt 0.7801 0.5333
vt 0.7801 0.6000
vt 0.6612 0.4667
vt 0.7801 0.5333
vt 0.6612 0.5333
vt 0.6612 0.4000
vt 0.7801 0.4667
vt 0.6612 0.4667
vt 0.6612 0.3333
vt 0.7801 0.4000
vt 0.6612 0.4000
vt 0.6612 0.2667
vt 0.7801 0.3333
vt 0.6612 0.3333
vt 0.6612 0.2000
vt 0.7801 0.2667
vt 0.6612 0.2667
vt 0.6612 0.1333
vt 0.7801 0.2000
vt 0.6612 0.2000
vt 0.6612 0.0667
vt 0.7801 0.1333
vt 0.6612 0.1333
vt 0.6612 0.0000
vt 0.7801 0.0667
vt 0.6612 0.0667
vt 0.8991 0.9900
vt 0.8991 0.9333
vt 0.8991 0.8667
vt 0.8991 0.8000
vt 0.8991 0.7333
vt 0.8991 0.6667
vt 0.8991 0.6000
vt 0.7801 0.5333
vt 0.8991 0.4667
vt 0.8991 0.5333
vt 0.7801 0.4667
vt 0.8991 0.4000
vt 0.8991 0.4667
vt 0.7801 0.4000
vt 0.8991 0.3333
vt 0.8991 0.4000
vt 0.7801 0.3333
vt 0.8991 0.2667
vt 0.8991 0.3333
vt 0.7801 0.2667
vt 0.8991 0.2000
vt 0.8991 0.2667
vt 0.7801 0.2000
vt 0.8991 0.1333
vt 0.8991 0.2000
vt 0.7801 0.1333
vt 0.8991 0.0667
vt 0.8991 0.1333
vt 0.7801 0.0667
vt 0.8991 0.0000
vt 0.8991 0.0667
vt 0.7104 0.9900
vt 0.8293 0.9333
vt 0.8293 0.9900
vt 0.7104 0.9333
vt 0.8293 0.8667
vt 0.8293 0.9333
vt 0.7104 0.8667
vt 0.8293 0.8000
vt 0.8293 0.8667
vt 0.7104 0.8000
vt 0.8293 0.7333
vt 0.8293 0.8000
vt 0.7104 0.7333
vt 0.8293 0.6667
vt 0.8293 0.7333
vt 0.7104 0.6667
vt 0.8293 0.6000
vt 0.8293 0.6667
vt 0.7104 0.6000
vt 0.8293 0.5333
vt 0.8293 0.6000
vt 0.7104 0.4667
vt 0.8293 0.5333
vt 0.7104 0.5333
vt 0.7104 0.4000
vt 0.8293 0.4667
vt 0.7104 0.4667
vt 0.7104 0.3333
vt 0.8293 0.4000
vt 0.7104 0.4000
vt 0.7104 0.2667
vt 0.8293 0.3333
vt 0.7104 0.3333
vt 0.7104 0.2000
vt 0.8293 0.2667
vt 0.7104 0.2667
vt 0.7104 0.1333
vt 0.8293 0.2000
vt 0.7104 0.2000
vt 0.7104 0.0667
vt 0.8293 0.1333
vt 0.7104 0.1333
vt 0.7104 0.0000
vt 0.8293 0.0667
vt 0.7104 0.0667
vt 0.9483 0.9900
vt 0.9483 0.9333
vt 0.9483 0.8667
vt 0.9483 0.8000
vt 0.9483 0.7333
vt 0.9483 0.6667
vt 0.9483 0.6000
vt 0.8293 0.5333
vt 0.9483 0.4667
vt 0.9483 0.5333
vt 0.8293 0.4667
vt 0.9483 0.4000
vt 0.9483 0.4667
vt 0.8293 0.4000
vt 0.9483 0.3333
vt 0.9483 0.4000
vt 0.8293 0.3333
vt 0.9483 0.2667
vt 0.9483 0.3333
vt 0.8293 0.2667
vt 0.9483 0.2000
vt 0.9483 0.2667
vt 0.8293 0.2000
vt 0.9483 0.1333
vt 0.9483 0.2000
vt 0.8293 0.1333
vt 0.9483 0.0667
vt 0.9483 0.1333
vt 0.8293 0.0667
vt 0.9483 0.0000
vt 0.9483 0.0667
vt 0.6856 0.9900
vt 0.8045 0.9333
vt 0.8045 0.9900
vt 0.6856 0.9333
vt 0.8045 0.8667
vt 0.8045 0.9333
vt 0.6856 0.8667
vt 0.8045 0.8000
vt 0.8045 0.8667
vt 0.6856 0.8000
vt 0.8045 0.7333
vt 0.8045 0.8000
vt 0.6856 0.7333
vt 0.8045 0.6667
vt 0.8045 0.7333
vt 0.6856 0.6667
vt 0.8045 0.6000
vt 0.8045 0.6667
vt 0.6856 0.6000
vt 0.8045 0.5333
vt 0.8045 0.6000
vt 0.6856 0.5333
vt 0.8045 0.4667
vt 0.8045 0.5333
vt 0.6856 0.4000
vt 0.8045 0.4667
vt 0.6856 0.4667
vt 0.6856 0.3333
vt 0.8045 0.4000
vt 0.6856 0.4000
vt 0.6856 0.2667
vt 0.8045 0.3333
vt 0.6856 0.3333
vt 0.6856 0.2000
vt 0.8045 0.2667
vt 0.6856 0.2667
vt 0.6856 0.1333
vt 0.8045 0.2000
vt 0.6856 0.2000
vt 0.6856 0.0667
vt 0.8045 0.1333
vt 0.6856 0.1333
vt 0.6856 0.0000
vt 0.8045 0.0667
vt 0.6856 0.0667
vt 0.9235 0.9900
vt 0.9235 0.9333
vt 0.9235 0.8667
vt 0.9235 0.8000
vt 0.9235 0.7333
vt 0.9235 0.6667
vt 0.9235 0.6000
vt 0.8045 0.5333
vt 0.9235 0.4667
vt 0.9235 0.5333
vt 0.8045 0.4667
vt 0.9235 0.4000
vt 0.9235 0.4667
vt 0.8045 0.4000
vt 0.9235 0.3333
vt 0.9235 0.4000
vt 0.8045 0.3333
vt 0.9235 0.2667
vt 0.9235 0.3333
vt 0.8045 0.2667
vt 0.9235 0.2000
vt 0.9235 0.2667
vt 0.8045 0.2000
vt 0.9235 0.1333
vt 0.9235 0.2000
vt 0.8045 0.1333
vt 0.9235 0.0667
vt 0.9235 0.1333
vt 0.8045 0.0667
vt 0.9235 0.0000
vt 0.9235 0.0667
vt 0.6612 0.9900
vt 0.7801 0.9286
vt 0.7801 0.9900
vt 0.6612 0.9286
vt 0.7801 0.8571
vt 0.7801 0.9286
vt 0.6612 0.8571
vt 0.7801 0.7857
vt 0.7801 0.8571
vt 0.6612 0.7857
vt 0.7801 0.7143
vt 0.7801 0.7857
vt 0.6612 0.7143
vt 0.7801 0.6429
vt 0.7801 0.7143
vt 0.6612 0.6429
vt 0.7801 0.5714
vt 0.7801 0.6429
vt 0.6612 0.5714
vt 0.7801 0.5000
vt 0.7801 0.5714
vt 0.6612 0.4286
vt 0.7801 0.5000
vt 0.6612 0.5000
vt 0.6612 0.3571
vt 0.7801 0.4286
vt 0.6612 0.4286
vt 0.6612 0.2857
vt 0.7801 0.3571
vt 0.6612 0.3571
vt 0.6612 0.2143
vt 0.7801 0.2857
vt 0.6612 0.2857
vt 0.6612 0.1429
vt 0.7801 0.2143
vt 0.6612 0.2143
vt 0.6612 0.0714
vt 0.7801 0.1429
vt 0.6612 0.1429
vt 0.6612 0.0000
vt 0.7801 0.0714
vt 0.6612 0.0714
vt 0.8991 0.9900
vt 0.8991 0.9286
vt 0.8991 0.8571
vt 0.8991 0.7857
vt 0.8991 0.7143
vt 0.8991 0.6429
vt 0.8991 0.5714
vt 0.7801 0.5000
vt 0.8991 0.4286
vt 0.8991 0.5000
vt 0.7801 0.4286
vt 0.8991 0.3571
vt 0.8991 0.4286
vt 0.7801 0.3571
vt 0.8991 0.2857
vt 0.8991 0.3571
vt 0.7801 0.2857
vt 0.8991 0.2143
vt 0.8991 0.2857
vt 0.7801 0.2143
vt 0.8991 0.1429
vt 0.8991 0.2143
vt 0.7801 0.1429
vt 0.8991 0.0714
vt 0.8991 0.1429
vt 0.7801 0.0714
vt 0.8991 0.0000
vt 0.8991 0.0714
vt 0.6794 0.9900
vt 0.7983 0.9286
vt 0.7983 0.9900
vt 0.6794 0.9286
vt 0.7983 0.8571
vt 0.7983 0.9286
vt 0.6794 0.8571
vt 0.7983 0.7857
vt 0.7983 0.8571
vt 0.6794 0.7857
vt 0.7983 0.7143
vt 0.7983 0.7857
vt 0.6794 0.7143
vt 0.7983 0.6429
vt 0.7983 0.7143
vt 0.6794 0.6429
vt 0.7983 0.5714
vt 0.7983 0.6429
vt 0.6794 0.5714
vt 0.7983 0.5000
vt 0.7983 0.5714
vt 0.6794 0.4286
vt 0.7983 0.5000
vt 0.6794 0.5000
vt 0.6794 0.3571
vt 0.7983 0.4286
vt 0.6794 0.4286
vt 0.6794 0.2857
vt 0.7983 0.3571
vt 0.6794 0.3571
vt 0.6794 0.2143
vt 0.7983 0.2857
vt 0.6794 0.2857
vt 0.6794 0.1429
vt 0.7983 0.2143
vt 0.6794 0.2143
vt 0.6794 0.0714
vt 0.7983 0.1429
vt 0.6794 0.1429
vt 0.6794 0.0000
vt 0.7983 0.0714
vt 0.6794 0.0714
vt 0.9173 0.9900
vt 0.9173 0.9286
vt 0.9173 0.8571
vt 0.9173 0.7857
vt 0.9173 0.7143
vt 0.9173 0.6429
vt 0.9173 0.5714
vt 0.7983 0.5000
vt 0.9173 0.4286
vt 0.9173 0.5000
vt 0.7983 0.4286
vt 0.9173 0.3571
vt 0.9173 0.4286
vt 0.7983 0.3571
vt 0.9173 0.2857
vt 0.9173 0.3571
vt 0.7983 0.2857
vt 0.9173 0.2143
vt 0.9173 0.2857
vt 0.7983 0.2143
vt 0.9173 0.1429
vt 0.9173 0.2143
vt 0.7983 0.1429
vt 0.9173 0.0714
vt 0.9173 0.1429
vt 0.7983 0.0714
vt 0.9173 0.0000
vt 0.9173 0.0714
vt 0.7290 0.9900
vt 0.8479 0.9286
vt 0.8479 0.9900
vt 0.7290 0.9286
vt 0.8479 0.8571
vt 0.8479 0.9286
vt 0.7290 0.8571
vt 0.8479 0.7857
vt 0.8479 0.8571
vt 0.7290 0.7857
vt 0.8479 0.7143
vt 0.8479 0.7857
vt 0.7290 0.7143
vt 0.8479 0.6429
vt 0.8479 0.7143
vt 0.7290 0.6429
vt 0.8479 0.5714
vt 0.8479 0.6429
vt 0.7290 0.5714
vt 0.8479 0.5000
vt 0.8479 0.5714
vt 0.7290 0.4286
vt 0.8479 0.5000
vt 0.7290 0.5000
vt 0.7290 0.3571
vt 0.8479 0.4286
vt 0.7290 0.4286
vt 0.7290 0.2857
vt 0.8479 0.3571
vt 0.7290 0.3571
vt 0.7290 0.2143
vt 0.8479 0.2857
vt 0.7290 0.2857
vt 0.7290 0.1429
vt 0.8479 0.2143
vt 0.7290 0.2143
vt 0.7290 0.0714
vt 0.8479 0.1429
vt 0.7290 0.1429
vt 0.7290 0.0714
vt 0.8479 0.0000
vt 0.8479 0.0714
vt 0.9669 0.9900
vt 0.9669 0.9286
vt 0.9669 0.8571
vt 0.9669 0.7857
vt 0.9669 0.7143
vt 0.9669 0.6429
vt 0.9669 0.5714
vt 0.8479 0.5000
vt 0.9669 0.4286
vt 0.9669 0.5000
vt 0.8479 0.4286
vt 0.9669 0.3571
vt 0.9669 0.4286
vt 0.8479 0.3571
vt 0.9669 0.2857
vt 0.9669 0.3571
vt 0.8479 0.2857
vt 0.9669 0.2143
vt 0.9669 0.2857
vt 0.8479 0.2143
vt 0.9669 0.1429
vt 0.9669 0.2143
vt 0.8479 0.1429
vt 0.9669 0.0714
vt 0.9669 0.1429
vt 0.8479 0.0714
vt 0.9669 0.0000
vt 0.9669 0.0714
vt 0.6732 0.9900
vt 0.7921 0.9286
vt 0.7921 0.9900
vt 0.6732 0.9286
vt 0.7921 0.8571
vt 0.7921 0.9286
vt 0.6732 0.8571
vt 0.7921 0.7857
vt 0.7921 0.8571
vt 0.6732 0.7857
vt 0.7921 0.7143
vt 0.7921 0.7857
vt 0.6732 0.7143
vt 0.7921 0.6429
vt 0.7921 0.7143
vt 0.6732 0.6429
vt 0.7921 0.5714
vt 0.7921 0.6429
vt 0.6732 0.5714
vt 0.7921 0.5000
vt 0.7921 0.5714
vt 0.6732 0.4286
vt 0.7921 0.5000
vt 0.6732 0.5000
vt 0.6732 0.3571
vt 0.7921 0.4286
vt 0.6732 0.4286
vt 0.6732 0.2857
vt 0.7921 0.3571
vt 0.6732 0.3571
vt 0.6732 0.2143
vt 0.7921 0.2857
vt 0.6732 0.2857
vt 0.6732 0.1429
vt 0.7921 0.2143
vt 0.6732 0.2143
vt 0.6732 0.0714
vt 0.7921 0.1429
vt 0.6732 0.1429
vt 0.6732 0.0000
vt 0.7921 0.0714
vt 0.6732 0.0714
vt 0.9111 0.9900
vt 0.9111 0.9286
vt 0.9111 0.8571
vt 0.9111 0.7857
vt 0.9111 0.7143
vt 0.9111 0.6429
vt 0.9111 0.5714
vt 0.7921 0.5000
vt 0.9111 0.4286
vt 0.9111 0.5000
vt 0.7921 0.4286
vt 0.9111 0.3571
vt 0.9111 0.4286
vt 0.7921 0.3571
vt 0.9111 0.2857
vt 0.9111 0.3571
vt 0.7921 0.2857
vt 0.9111 0.2143
vt 0.9111 0.2857
vt 0.7921 0.2143
vt 0.9111 0.1429
vt 0.9111 0.2143
vt 0.7921 0.1429
vt 0.9111 0.0714
vt 0.9111 0.1429
vt 0.7921 0.0714
vt 0.9111 0.0000
vt 0.9111 0.0714
vt 0.7107 0.9900
vt 0.8297 0.9286
vt 0.8297 0.9900
vt 0.7107 0.9286
vt 0.8297 0.8571
vt 0.8297 0.9286
vt 0.7107 0.8571
vt 0.8297 0.7857
vt 0.8297 0.8571
vt 0.7107 0.7857
vt 0.8297 0.7143
vt 0.8297 0.7857
vt 0.7107 0.7143
vt 0.8297 0.6429
vt 0.8297 0.7143
vt 0.7107 0.6429
vt 0.8297 0.5714
vt 0.8297 0.6429
vt 0.7107 0.5000
vt 0.8297 0.5714
vt 0.7107 0.5714
vt 0.7107 0.4286
vt 0.8297 0.5000
vt 0.7107 0.5000
vt 0.7107 0.3571
vt 0.8297 0.4286
vt 0.7107 0.4286
vt 0.7107 0.2857
vt 0.8297 0.3571
vt 0.7107 0.3571
vt 0.7107 0.2143
vt 0.8297 0.2857
vt 0.7107 0.2857
vt 0.7107 0.1429
vt 0.8297 0.2143
vt 0.7107 0.2143
vt 0.7107 0.0714
vt 0.8297 0.1429
vt 0.7107 0.1429
vt 0.7107 0.0000
vt 0.8297 0.0714
vt 0.7107 0.0714
vt 0.9487 0.9900
vt 0.9487 0.9286
vt 0.9487 0.8571
vt 0.9487 0.7857
vt 0.9487 0.7143
vt 0.9487 0.6429
vt 0.8297 0.5000
vt 0.9487 0.5714
vt 0.8297 0.5714
vt 0.8297 0.5000
vt 0.9487 0.4286
vt 0.9487 0.5000
vt 0.8297 0.4286
vt 0.9487 0.3571
vt 0.9487 0.4286
vt 0.8297 0.3571
vt 0.9487 0.2857
vt 0.9487 0.3571
vt 0.8297 0.2857
vt 0.9487 0.2143
vt 0.9487 0.2857
vt 0.8297 0.2143
vt 0.9487 0.1429
vt 0.9487 0.2143
vt 0.8297 0.1429
vt 0.9487 0.0714
vt 0.9487 0.1429
vt 0.8297 0.0714
vt 0.9487 0.0000
vt 0.9487 0.0714
vt 0.7045 0.9900
vt 0.8235 0.9333
vt 0.8235 0.9900
vt 0.7045 0.9333
vt 0.8235 0.8667
vt 0.8235 0.9333
vt 0.7045 0.8667
vt 0.8235 0.8000
vt 0.8235 0.8667
vt 0.7045 0.8000
vt 0.8235 0.7333
vt 0.8235 0.8000
vt 0.7045 0.7333
vt 0.8235 0.6667
vt 0.8235 0.7333
vt 0.7045 0.6667
vt 0.8235 0.6000
vt 0.8235 0.6667
vt 0.7045 0.6000
vt 0.8235 0.5333
vt 0.8235 0.6000
vt 0.7045 0.4667
vt 0.8235 0.5333
vt 0.7045 0.5333
vt 0.7045 0.4000
vt 0.8235 0.4667
vt 0.7045 0.4667
vt 0.7045 0.3333
vt 0.8235 0.4000
vt 0.7045 0.4000
vt 0.7045 0.2667
vt 0.8235 0.3333
vt 0.7045 0.3333
vt 0.7045 0.2000
vt 0.8235 0.2667
vt 0.7045 0.2667
vt 0.7045 0.1333
vt 0.8235 0.2000
vt 0.7045 0.2000
vt 0.7045 0.0667
vt 0.8235 0.1333
vt 0.7045 0.1333
vt 0.7045 0.0000
vt 0.8235 0.0667
vt 0.7045 0.0667
vt 0.9425 0.9900
vt 0.9425 0.9333
vt 0.9425 0.8667
vt 0.9425 0.8000
vt 0.9425 0.7333
vt 0.9425 0.6667
vt 0.9425 0.6000
vt 0.8235 0.5333
vt 0.9425 0.4667
vt 0.9425 0.5333
vt 0.8235 0.4667
vt 0.9425 0.4000
vt 0.9425 0.4667
vt 0.8235 0.4000
vt 0.9425 0.3333
vt 0.9425 0.4000
vt 0.8235 0.3333
vt 0.9425 0.2667
vt 0.9425 0.3333
vt 0.8235 0.2667
vt 0.9425 0.2000
vt 0.9425 0.2667
vt 0.8235 0.2000
vt 0.9425 0.1333
vt 0.9425 0.2000
vt 0.8235 0.1333
vt 0.9425 0.0667
vt 0.9425 0.1333
vt 0.8235 0.0667
vt 0.9425 0.0000
vt 0.9425 0.0667
vt 0.5062 0.9900
vt 0.6252 0.9412
vt 0.6252 0.9900
vt 0.5062 0.9412
vt 0.6252 0.8824
vt 0.6252 0.9412
vt 0.5062 0.8824
vt 0.6252 0.8235
vt 0.6252 0.8824
vt 0.5062 0.8235
vt 0.6252 0.7647
vt 0.6252 0.8235
vt 0.5062 0.7647
vt 0.6252 0.7059
vt 0.6252 0.7647
vt 0.5062 0.7059
vt 0.6252 0.6471
vt 0.6252 0.7059
vt 0.5062 0.6471
vt 0.6252 0.5882
vt 0.6252 0.6471
vt 0.5062 0.5882
vt 0.6252 0.5294
vt 0.6252 0.5882
vt 0.5062 0.4706
vt 0.6252 0.5294
vt 0.5062 0.5294
vt 0.5062 0.4118
vt 0.6252 0.4706
vt 0.5062 0.4706
vt 0.5062 0.3529
vt 0.6252 0.4118
vt 0.5062 0.4118
vt 0.5062 0.2941
vt 0.6252 0.3529
vt 0.5062 0.3529
vt 0.5062 0.2353
vt 0.6252 0.2941
vt 0.5062 0.2941
vt 0.5062 0.1765
vt 0.6252 0.2353
vt 0.5062 0.2353
vt 0.5062 0.1176
vt 0.6252 0.1765
vt 0.5062 0.1765
vt 0.5062 0.0588
vt 0.6252 0.1176
vt 0.5062 0.1176
vt 0.5062 0.0000
vt 0.6252 0.0588
vt 0.5062 0.0588
vt 0.7442 0.9900
vt 0.7442 0.9412
vt 0.7442 0.8824
vt 0.7442 0.8235
vt 0.7442 0.7647
vt 0.7442 0.7059
vt 0.7442 0.6471
vt 0.7442 0.5882
vt 0.6252 0.5294
vt 0.7442 0.4706
vt 0.7442 0.5294
vt 0.6252 0.4706
vt 0.7442 0.4118
vt 0.7442 0.4706
vt 0.6252 0.4118
vt 0.7442 0.3529
vt 0.7442 0.4118
vt 0.6252 0.3529
vt 0.7442 0.2941
vt 0.7442 0.3529
vt 0.6252 0.2941
vt 0.7442 0.2353
vt 0.7442 0.2941
vt 0.6252 0.2353
vt 0.7442 0.1765
vt 0.7442 0.2353
vt 0.6252 0.1765
vt 0.7442 0.1176
vt 0.7442 0.1765
vt 0.6252 0.1176
vt 0.7442 0.0588
vt 0.7442 0.1176
vt 0.6252 0.0588
vt 0.7442 0.0000
vt 0.7442 0.0588
vt 0.7045 0.9900
vt 0.8235 0.9375
vt 0.8235 0.9900
vt 0.7045 0.9375
vt 0.8235 0.8750
vt 0.8235 0.9375
vt 0.7045 0.8750
vt 0.8235 0.8125
vt 0.8235 0.8750
vt 0.7045 0.8125
vt 0.8235 0.7500
vt 0.8235 0.8125
vt 0.7045 0.7500
vt 0.8235 0.6875
vt 0.8235 0.7500
vt 0.7045 0.6875
vt 0.8235 0.6250
vt 0.8235 0.6875
vt 0.7045 0.6250
vt 0.8235 0.5625
vt 0.8235 0.6250
vt 0.7045 0.5625
vt 0.8235 0.5000
vt 0.8235 0.5625
vt 0.7045 0.4375
vt 0.8235 0.5000
vt 0.7045 0.5000
vt 0.7045 0.3750
vt 0.8235 0.4375
vt 0.7045 0.4375
vt 0.7045 0.3125
vt 0.8235 0.3750
vt 0.7045 0.3750
vt 0.7045 0.2500
vt 0.8235 0.3125
vt 0.7045 0.3125
vt 0.7045 0.1875
vt 0.8235 0.2500
vt 0.7045 0.2500
vt 0.7045 0.1250
vt 0.8235 0.1875
vt 0.7045 0.1875
vt 0.7045 0.0625
vt 0.8235 0.1250
vt 0.7045 0.1250
vt 0.7045 0.0000
vt 0.8235 0.0625
vt 0.7045 0.0625
vt 0.9425 0.9900
vt 0.9425 0.9375
vt 0.9425 0.8750
vt 0.9425 0.8125
vt 0.9425 0.7500
vt 0.9425 0.6875
vt 0.9425 0.6250
vt 0.8235 0.5625
vt 0.9425 0.5000
vt 0.9425 0.5625
vt 0.8235 0.5000
vt 0.9425 0.4375
vt 0.9425 0.5000
vt 0.8235 0.4375
vt 0.9425 0.3750
vt 0.9425 0.4375
vt 0.8235 0.3750
vt 0.9425 0.3125
vt 0.9425 0.3750
vt 0.8235 0.3125
vt 0.9425 0.2500
vt 0.9425 0.3125
vt 0.8235 0.2500
vt 0.9425 0.1875
vt 0.9425 0.2500
vt 0.8235 0.1875
vt 0.9425 0.1250
vt 0.9425 0.1875
vt 0.8235 0.1250
vt 0.9425 0.0625
vt 0.9425 0.1250
vt 0.8235 0.0000
vt 0.9425 0.0625
vt 0.8235 0.0625
vt 0.6550 0.9900
vt 0.7739 0.9375
vt 0.7739 0.9900
vt 0.6550 0.9375
vt 0.7739 0.8750
vt 0.7739 0.9375
vt 0.6550 0.8750
vt 0.7739 0.8125
vt 0.7739 0.8750
vt 0.6550 0.8125
vt 0.7739 0.7500
vt 0.7739 0.8125
vt 0.6550 0.7500
vt 0.7739 0.6875
vt 0.7739 0.7500
vt 0.6550 0.6875
vt 0.7739 0.6250
vt 0.7739 0.6875
vt 0.6550 0.6250
vt 0.7739 0.5625
vt 0.7739 0.6250
vt 0.6550 0.5625
vt 0.7739 0.5000
vt 0.7739 0.5625
vt 0.6550 0.4375
vt 0.7739 0.5000
vt 0.6550 0.5000
vt 0.6550 0.3750
vt 0.7739 0.4375
vt 0.6550 0.4375
vt 0.6550 0.3125
vt 0.7739 0.3750
vt 0.6550 0.3750
vt 0.6550 0.2500
vt 0.7739 0.3125
vt 0.6550 0.3125
vt 0.6550 0.1875
vt 0.7739 0.2500
vt 0.6550 0.2500
vt 0.6550 0.1250
vt 0.7739 0.1875
vt 0.6550 0.1875
vt 0.6550 0.0625
vt 0.7739 0.1250
vt 0.6550 0.1250
vt 0.6550 0.0000
vt 0.7739 0.0625
vt 0.6550 0.0625
vt 0.8929 0.9900
vt 0.8929 0.9375
vt 0.8929 0.8750
vt 0.8929 0.8125
vt 0.8929 0.7500
vt 0.8929 0.6875
vt 0.8929 0.6250
vt 0.7739 0.5625
vt 0.8929 0.5000
vt 0.8929 0.5625
vt 0.7739 0.5000
vt 0.8929 0.4375
vt 0.8929 0.5000
vt 0.7739 0.4375
vt 0.8929 0.3750
vt 0.8929 0.4375
vt 0.7739 0.3750
vt 0.8929 0.3125
vt 0.8929 0.3750
vt 0.7739 0.3125
vt 0.8929 0.2500
vt 0.8929 0.3125
vt 0.7739 0.2500
vt 0.8929 0.1875
vt 0.8929 0.2500
vt 0.7739 0.1875
vt 0.8929 0.1250
vt 0.8929 0.1875
vt 0.7739 0.1250
vt 0.8929 0.0625
vt 0.8929 0.1250
vt 0.7739 0.0625
vt 0.8929 0.0000
vt 0.8929 0.0625
vt 0.7847 0.9900
vt 0.9037 0.9375
vt 0.9037 0.9900
vt 0.7847 0.9375
vt 0.9037 0.8750
vt 0.9037 0.9375
vt 0.7847 0.8750
vt 0.9037 0.8125
vt 0.9037 0.8750
vt 0.7847 0.8125
vt 0.9037 0.7500
vt 0.9037 0.8125
vt 0.7847 0.7500
vt 0.9037 0.6875
vt 0.9037 0.7500
vt 0.7847 0.6875
vt 0.9037 0.6250
vt 0.9037 0.6875
vt 0.7847 0.6250
vt 0.9037 0.5625
vt 0.9037 0.6250
vt 0.7847 0.5000
vt 0.9037 0.5625
vt 0.7847 0.5625
vt 0.7847 0.4375
vt 0.9037 0.5000
vt 0.7847 0.5000
vt 0.7847 0.3750
vt 0.9037 0.4375
vt 0.7847 0.4375
vt 0.7847 0.3125
vt 0.9037 0.3750
vt 0.7847 0.3750
vt 0.7847 0.2500
vt 0.9037 0.3125
vt 0.7847 0.3125
vt 0.7847 0.1875
vt 0.9037 0.2500
vt 0.7847 0.2500
vt 0.7847 0.1250
vt 0.9037 0.1875
vt 0.7847 0.1875
vt 0.7847 0.0625
vt 0.9037 0.1250
vt 0.7847 0.1250
vt 0.7847 0.0000
vt 0.9037 0.0625
vt 0.7847 0.0625
vt 1.0227 0.9900
vt 1.0227 0.9375
vt 1.0227 0.8750
vt 1.0227 0.8125
vt 1.0227 0.7500
vt 1.0227 0.6875
vt 1.0227 0.6250
vt 0.9037 0.5000
vt 1.0227 0.5625
vt 0.9037 0.5625
vt 0.9037 0.5000
vt 1.0227 0.4375
vt 1.0227 0.5000
vt 0.9037 0.4375
vt 1.0227 0.3750
vt 1.0227 0.4375
vt 0.9037 0.3750
vt 1.0227 0.3125
vt 1.0227 0.3750
vt 0.9037 0.3125
vt 1.0227 0.2500
vt 1.0227 0.3125
vt 0.9037 0.2500
vt 1.0227 0.1875
vt 1.0227 0.2500
vt 0.9037 0.1875
vt 1.0227 0.1250
vt 1.0227 0.1875
vt 0.9037 0.1250
vt 1.0227 0.0625
vt 1.0227 0.1250
vt 0.9037 0.0625
vt 1.0227 0.0000
vt 1.0227 0.0625
vt 0.6612 0.9900
vt 0.7801 0.9333
vt 0.7801 0.9900
vt 0.6612 0.9333
vt 0.7801 0.8667
vt 0.7801 0.9333
vt 0.6612 0.8667
vt 0.7801 0.8000
vt 0.7801 0.8667
vt 0.6612 0.8000
vt 0.7801 0.7333
vt 0.7801 0.8000
vt 0.6612 0.7333
vt 0.7801 0.6667
vt 0.7801 0.7333
vt 0.6612 0.6667
vt 0.7801 0.6000
vt 0.7801 0.6667
vt 0.6612 0.6000
vt 0.7801 0.5333
vt 0.7801 0.6000
vt 0.6612 0.5333
vt 0.7801 0.4667
vt 0.7801 0.5333
vt 0.6612 0.4000
vt 0.7801 0.4667
vt 0.6612 0.4667
vt 0.6612 0.3333
vt 0.7801 0.4000
vt 0.6612 0.4000
vt 0.6612 0.2667
vt 0.7801 0.3333
vt 0.6612 0.3333
vt 0.6612 0.2000
vt 0.7801 0.2667
vt 0.6612 0.2667
vt 0.6612 0.1333
vt 0.7801 0.2000
vt 0.6612 0.2000
vt 0.6612 0.0667
vt 0.7801 0.1333
vt 0.6612 0.1333
vt 0.6612 0.0000
vt 0.7801 0.0667
vt 0.6612 0.0667
vt 0.8991 0.9900
vt 0.8991 0.9333
vt 0.8991 0.8667
vt 0.8991 0.8000
vt 0.8991 0.7333
vt 0.8991 0.6667
vt 0.8991 0.6000
vt 0.7801 0.5333
vt 0.8991 0.4667
vt 0.8991 0.5333
vt 0.7801 0.4667
vt 0.8991 0.4000
vt 0.8991 0.4667
vt 0.7801 0.4000
vt 0.8991 0.3333
vt 0.8991 0.4000
vt 0.7801 0.3333
vt 0.8991 0.2667
vt 0.8991 0.3333
vt 0.7801 0.2667
vt 0.8991 0.2000
vt 0.8991 0.2667
vt 0.7801 0.2000
vt 0.8991 0.1333
vt 0.8991 0.2000
vt 0.7801 0.1333
vt 0.8991 0.0667
vt 0.8991 0.1333
vt 0.7801 0.0667
vt 0.8991 0.0000
vt 0.8991 0.0667
vt 0.6484 0.9900
vt 0.7674 0.9333
vt 0.7674 0.9900
vt 0.6484 0.9333
vt 0.7674 0.8667
vt 0.7674 0.9333
vt 0.6484 0.8667
vt 0.7674 0.8000
vt 0.7674 0.8667
vt 0.6484 0.8000
vt 0.7674 0.7333
vt 0.7674 0.8000
vt 0.6484 0.7333
vt 0.7674 0.6667
vt 0.7674 0.7333
vt 0.6484 0.6667
vt 0.7674 0.6000
vt 0.7674 0.6667
vt 0.6484 0.6000
vt 0.7674 0.5333
vt 0.7674 0.6000
vt 0.6484 0.5333
vt 0.7674 0.4667
vt 0.7674 0.5333
vt 0.6484 0.4000
vt 0.7674 0.4667
vt 0.6484 0.4667
vt 0.6484 0.3333
vt 0.7674 0.4000
vt 0.6484 0.4000
vt 0.6484 0.2667
vt 0.7674 0.3333
vt 0.6484 0.3333
vt 0.6484 0.2000
vt 0.7674 0.2667
vt 0.6484 0.2667
vt 0.6484 0.1333
vt 0.7674 0.2000
vt 0.6484 0.2000
vt 0.6484 0.0667
vt 0.7674 0.1333
vt 0.6484 0.1333
vt 0.6484 0.0000
vt 0.7674 0.0667
vt 0.6484 0.0667
vt 0.8863 0.9900
vt 0.8863 0.9333
vt 0.8863 0.8667
vt 0.8863 0.8000
vt 0.8863 0.7333
vt 0.8863 0.6667
vt 0.8863 0.6000
vt 0.7674 0.5333
vt 0.8863 0.4667
vt 0.8863 0.5333
vt 0.7674 0.4667
vt 0.8863 0.4000
vt 0.8863 0.4667
vt 0.7674 0.4000
vt 0.8863 0.3333
vt 0.8863 0.4000
vt 0.7674 0.3333
vt 0.8863 0.2667
vt 0.8863 0.3333
vt 0.7674 0.2667
vt 0.8863 0.2000
vt 0.8863 0.2667
vt 0.7674 0.2000
vt 0.8863 0.1333
vt 0.8863 0.2000
vt 0.7674 0.1333
vt 0.8863 0.0667
vt 0.8863 0.1333
vt 0.7674 0.0667
vt 0.8863 0.0000
vt 0.8863 0.0667
vt 0.6798 0.9900
vt 0.7987 0.9286
vt 0.7987 0.9900
vt 0.6798 0.9286
vt 0.7987 0.8571
vt 0.7987 0.9286
vt 0.6798 0.8571
vt 0.7987 0.7857
vt 0.7987 0.8571
vt 0.6798 0.7857
vt 0.7987 0.7143
vt 0.7987 0.7857
vt 0.6798 0.7143
vt 0.7987 0.6429
vt 0.7987 0.7143
vt 0.6798 0.6429
vt 0.7987 0.5714
vt 0.7987 0.6429
vt 0.6798 0.5714
vt 0.7987 0.5000
vt 0.7987 0.5714
vt 0.6798 0.4286
vt 0.7987 0.5000
vt 0.6798 0.5000
vt 0.6798 0.3571
vt 0.7987 0.4286
vt 0.6798 0.4286
vt 0.6798 0.2857
vt 0.7987 0.3571
vt 0.6798 0.3571
vt 0.6798 0.2143
vt 0.7987 0.2857
vt 0.6798 0.2857
vt 0.6798 0.1429
vt 0.7987 0.2143
vt 0.6798 0.2143
vt 0.6798 0.0714
vt 0.7987 0.1429
vt 0.6798 0.1429
vt 0.6798 0.0000
vt 0.7987 0.0714
vt 0.6798 0.0714
vt 0.9177 0.9900
vt 0.9177 0.9286
vt 0.9177 0.8571
vt 0.9177 0.7857
vt 0.9177 0.7143
vt 0.9177 0.6429
vt 0.9177 0.5714
vt 0.7987 0.5000
vt 0.9177 0.4286
vt 0.9177 0.5000
vt 0.7987 0.4286
vt 0.9177 0.3571
vt 0.9177 0.4286
vt 0.7987 0.3571
vt 0.9177 0.2857
vt 0.9177 0.3571
vt 0.7987 0.2857
vt 0.9177 0.2143
vt 0.9177 0.2857
vt 0.7987 0.2143
vt 0.9177 0.1429
vt 0.9177 0.2143
vt 0.7987 0.1429
vt 0.9177 0.0714
vt 0.9177 0.1429
vt 0.7987 0.0714
vt 0.9177 0.0000
vt 0.9177 0.0714
vt 0.7599 0.9900
vt 0.8789 0.9286
vt 0.8789 0.9900
vt 0.7599 0.9286
vt 0.8789 0.8571
vt 0.8789 0.9286
vt 0.7599 0.8571
vt 0.8789 0.7857
vt 0.8789 0.8571
vt 0.7599 0.7857
vt 0.8789 0.7143
vt 0.8789 0.7857
vt 0.7599 0.7143
vt 0.8789 0.6429
vt 0.8789 0.7143
vt 0.7599 0.6429
vt 0.8789 0.5714
vt 0.8789 0.6429
vt 0.7599 0.5714
vt 0.8789 0.5000
vt 0.8789 0.5714
vt 0.7599 0.4286
vt 0.8789 0.5000
vt 0.7599 0.5000
vt 0.7599 0.3571
vt 0.8789 0.4286
vt 0.7599 0.4286
vt 0.7599 0.2857
vt 0.8789 0.3571
vt 0.7599 0.3571
vt 0.7599 0.2143
vt 0.8789 0.2857
vt 0.7599 0.2857
vt 0.7599 0.1429
vt 0.8789 0.2143
vt 0.7599 0.2143
vt 0.7599 0.0714
vt 0.8789 0.1429
vt 0.7599 0.1429
vt 0.7599 0.0000
vt 0.8789 0.0714
vt 0.7599 0.0714
vt 0.9979 0.9900
vt 0.9979 0.9286
vt 0.9979 0.8571
vt 0.9979 0.7857
vt 0.9979 0.7143
vt 0.9979 0.6429
vt 0.8789 0.5714
vt 0.9979 0.5000
vt 0.9979 0.5714
vt 0.8789 0.5000
vt 0.9979 0.4286
vt 0.9979 0.5000
vt 0.8789 0.4286
vt 0.9979 0.3571
vt 0.9979 0.4286
vt 0.8789 0.3571
vt 0.9979 0.2857
vt 0.9979 0.3571
vt 0.8789 0.2857
vt 0.9979 0.2143
vt 0.9979 0.2857
vt 0.8789 0.2143
vt 0.9979 0.1429
vt 0.9979 0.2143
vt 0.8789 0.1429
vt 0.9979 0.0714
vt 0.9979 0.1429
vt 0.8789 0.0714
vt 0.9979 0.0000
vt 0.9979 0.0714
vt 0.7107 0.9900
vt 0.8297 0.9231
vt 0.8297 0.9900
vt 0.7107 0.9231
vt 0.8297 0.8462
vt 0.8297 0.9231
vt 0.7107 0.8462
vt 0.8297 0.7692
vt 0.8297 0.8462
vt 0.7107 0.7692
vt 0.8297 0.6923
vt 0.8297 0.7692
vt 0.7107 0.6923
vt 0.8297 0.6154
vt 0.8297 0.6923
vt 0.7107 0.6154
vt 0.8297 0.5385
vt 0.8297 0.6154
vt 0.7107 0.4615
vt 0.8297 0.5385
vt 0.7107 0.5385
vt 0.7107 0.3846
vt 0.8297 0.4615
vt 0.7107 0.4615
vt 0.7107 0.3077
vt 0.8297 0.3846
vt 0.7107 0.3846
vt 0.7107 0.2308
vt 0.8297 0.3077
vt 0.7107 0.3077
vt 0.7107 0.1538
vt 0.8297 0.2308
vt 0.7107 0.2308
vt 0.7107 0.0769
vt 0.8297 0.1538
vt 0.7107 0.1538
vt 0.7107 0.0769
vt 0.8297 0.0000
vt 0.8297 0.0769
vt 0.9487 0.9900
vt 0.9487 0.9231
vt 0.9487 0.8462
vt 0.9487 0.7692
vt 0.9487 0.6923
vt 0.9487 0.6154
vt 0.8297 0.5385
vt 0.9487 0.4615
vt 0.9487 0.5385
vt 0.8297 0.4615
vt 0.9487 0.3846
vt 0.9487 0.4615
vt 0.8297 0.3846
vt 0.9487 0.3077
vt 0.9487 0.3846
vt 0.8297 0.3077
vt 0.9487 0.2308
vt 0.9487 0.3077
vt 0.8297 0.2308
vt 0.9487 0.1538
vt 0.9487 0.2308
vt 0.8297 0.1538
vt 0.9487 0.0769
vt 0.9487 0.1538
vt 0.9487 0.0000
vt 0.9487 0.0769
vt 0.5930 0.9900
vt 0.7120 0.9333
vt 0.7120 0.9900
vt 0.5930 0.9333
vt 0.7120 0.8667
vt 0.7120 0.9333
vt 0.5930 0.8667
vt 0.7120 0.8000
vt 0.7120 0.8667
vt 0.5930 0.8000
vt 0.7120 0.7333
vt 0.7120 0.8000
vt 0.5930 0.7333
vt 0.7120 0.6667
vt 0.7120 0.7333
vt 0.5930 0.6667
vt 0.7120 0.6000
vt 0.7120 0.6667
vt 0.5930 0.6000
vt 0.7120 0.5333
vt 0.7120 0.6000
vt 0.5930 0.4667
vt 0.7120 0.5333
vt 0.5930 0.5333
vt 0.5930 0.4000
vt 0.7120 0.4667
vt 0.5930 0.4667
vt 0.5930 0.3333
vt 0.7120 0.4000
vt 0.5930 0.4000
vt 0.5930 0.2667
vt 0.7120 0.3333
vt 0.5930 0.3333
vt 0.5930 0.2000
vt 0.7120 0.2667
vt 0.5930 0.2667
vt 0.5930 0.1333
vt 0.7120 0.2000
vt 0.5930 0.2000
vt 0.5930 0.0667
vt 0.7120 0.1333
vt 0.5930 0.1333
vt 0.5930 0.0000
vt 0.7120 0.0667
vt 0.5930 0.0667
vt 0.8309 0.9900
vt 0.8309 0.9333
vt 0.8309 0.8667
vt 0.8309 0.8000
vt 0.8309 0.7333
vt 0.8309 0.6667
vt 0.8309 0.6000
vt 0.7120 0.5333
vt 0.8309 0.4667
vt 0.8309 0.5333
vt 0.7120 0.4667
vt 0.8309 0.4000
vt 0.8309 0.4667
vt 0.7120 0.4000
vt 0.8309 0.3333
vt 0.8309 0.4000
vt 0.7120 0.3333
vt 0.8309 0.2667
vt 0.8309 0.3333
vt 0.7120 0.2667
vt 0.8309 0.2000
vt 0.8309 0.2667
vt 0.7120 0.2000
vt 0.8309 0.1333
vt 0.8309 0.2000
vt 0.7120 0.1333
vt 0.8309 0.0667
vt 0.8309 0.1333
vt 0.7120 0.0667
vt 0.8309 0.0000
vt 0.8309 0.0667
vt 0.7541 0.9900
vt 0.8731 0.9333
vt 0.8731 0.9900
vt 0.7541 0.9333
vt 0.8731 0.8667
vt 0.8731 0.9333
vt 0.7541 0.8667
vt 0.8731 0.8000
vt 0.8731 0.8667
vt 0.7541 0.8000
vt 0.8731 0.7333
vt 0.8731 0.8000
vt 0.7541 0.7333
vt 0.8731 0.6667
vt 0.8731 0.7333
vt 0.7541 0.6667
vt 0.8731 0.6000
vt 0.8731 0.6667
vt 0.7541 0.6000
vt 0.8731 0.5333
vt 0.8731 0.6000
vt 0.7541 0.4667
vt 0.8731 0.5333
vt 0.7541 0.5333
vt 0.7541 0.4000
vt 0.8731 0.4667
vt 0.7541 0.4667
vt 0.7541 0.3333
vt 0.8731 0.4000
vt 0.7541 0.4000
vt 0.7541 0.2667
vt 0.8731 0.3333
vt 0.7541 0.3333
vt 0.7541 0.2000
vt 0.8731 0.2667
vt 0.7541 0.2667
vt 0.7541 0.1333
vt 0.8731 0.2000
vt 0.7541 0.2000
vt 0.7541 0.0667
vt 0.8731 0.1333
vt 0.7541 0.1333
vt 0.7541 0.0000
vt 0.8731 0.0667
vt 0.7541 0.0667
vt 0.9921 0.9900
vt 0.9921 0.9333
vt 0.9921 0.8667
vt 0.9921 0.8000
vt 0.9921 0.7333
vt 0.9921 0.6667
vt 0.9921 0.6000
vt 0.8731 0.5333
vt 0.9921 0.4667
vt 0.9921 0.5333
vt 0.8731 0.4667
vt 0.9921 0.4000
vt 0.9921 0.4667
vt 0.8731 0.4000
vt 0.9921 0.3333
vt 0.9921 0.4000
vt 0.8731 0.3333
vt 0.9921 0.2667
vt 0.9921 0.3333
vt 0.8731 0.2667
vt 0.9921 0.2000
vt 0.9921 0.2667
vt 0.8731 0.2000
vt 0.9921 0.1333
vt 0.9921 0.2000
vt 0.8731 0.1333
vt 0.9921 0.0667
vt 0.9921 0.1333
vt 0.8731 0.0667
vt 0.9921 0.0000
vt 0.9921 0.0667
vt 0.7045 0.9900
vt 0.8235 0.9333
vt 0.8235 0.9900
vt 0.7045 0.9333
vt 0.8235 0.8667
vt 0.8235 0.9333
vt 0.7045 0.8667
vt 0.8235 0.8000
vt 0.8235 0.8667
vt 0.7045 0.8000
vt 0.8235 0.7333
vt 0.8235 0.8000
vt 0.7045 0.7333
vt 0.8235 0.6667
vt 0.8235 0.7333
vt 0.7045 0.6667
vt 0.8235 0.6000
vt 0.8235 0.6667
vt 0.7045 0.6000
vt 0.8235 0.5333
vt 0.8235 0.6000
vt 0.7045 0.4667
vt 0.8235 0.5333
vt 0.7045 0.5333
vt 0.7045 0.4000
vt 0.8235 0.4667
vt 0.7045 0.4667
vt 0.7045 0.3333
vt 0.8235 0.4000
vt 0.7045 0.4000
vt 0.7045 0.2667
vt 0.8235 0.3333
vt 0.7045 0.3333
vt 0.7045 0.2000
vt 0.8235 0.2667
vt 0.7045 0.2667
vt 0.7045 0.1333
vt 0.8235 0.2000
vt 0.7045 0.2000
vt 0.7045 0.0667
vt 0.8235 0.1333
vt 0.7045 0.1333
vt 0.7045 0.0000
vt 0.8235 0.0667
vt 0.7045 0.0667
vt 0.9425 0.9900
vt 0.9425 0.9333
vt 0.9425 0.8667
vt 0.9425 0.8000
vt 0.9425 0.7333
vt 0.9425 0.6667
vt 0.9425 0.6000
vt 0.8235 0.5333
vt 0.9425 0.4667
vt 0.9425 0.5333
vt 0.8235 0.4667
vt 0.9425 0.4000
vt 0.9425 0.4667
vt 0.8235 0.4000
vt 0.9425 0.3333
vt 0.9425 0.4000
vt 0.8235 0.3333
vt 0.9425 0.2667
vt 0.9425 0.3333
vt 0.8235 0.2667
vt 0.9425 0.2000
vt 0.9425 0.2667
vt 0.8235 0.2000
vt 0.9425 0.1333
vt 0.9425 0.2000
vt 0.8235 0.1333
vt 0.9425 0.0667
vt 0.9425 0.1333
vt 0.8235 0.0667
vt 0.9425 0.0000
vt 0.9425 0.0667
vt 0.6612 0.9900
vt 0.7801 0.9333
vt 0.7801 0.9900
vt 0.6612 0.9333
vt 0.7801 0.8667
vt 0.7801 0.9333
vt 0.6612 0.8667
vt 0.7801 0.8000
vt 0.7801 0.8667
vt 0.6612 0.8000
vt 0.7801 0.7333
vt 0.7801 0.8000
vt 0.6612 0.7333
vt 0.7801 0.6667
vt 0.7801 0.7333
vt 0.6612 0.6667
vt 0.7801 0.6000
vt 0.7801 0.6667
vt 0.6612 0.6000
vt 0.7801 0.5333
vt 0.7801 0.6000
vt 0.6612 0.4667
vt 0.7801 0.5333
vt 0.6612 0.5333
vt 0.6612 0.4000
vt 0.7801 0.4667
vt 0.6612 0.4667
vt 0.6612 0.3333
vt 0.7801 0.4000
vt 0.6612 0.4000
vt 0.6612 0.2667
vt 0.7801 0.3333
vt 0.6612 0.3333
vt 0.6612 0.2000
vt 0.7801 0.2667
vt 0.6612 0.2667
vt 0.6612 0.1333
vt 0.7801 0.2000
vt 0.6612 0.2000
vt 0.6612 0.0667
vt 0.7801 0.1333
vt 0.6612 0.1333
vt 0.6612 0.0000
vt 0.7801 0.0667
vt 0.6612 0.0667
vt 0.8991 0.9900
vt 0.8991 0.9333
vt 0.8991 0.8667
vt 0.8991 0.8000
vt 0.8991 0.7333
vt 0.8991 0.6667
vt 0.8991 0.6000
vt 0.7801 0.5333
vt 0.8991 0.4667
vt 0.8991 0.5333
vt 0.7801 0.4667
vt 0.8991 0.4000
vt 0.8991 0.4667
vt 0.7801 0.4000
vt 0.8991 0.3333
vt 0.8991 0.4000
vt 0.7801 0.3333
vt 0.8991 0.2667
vt 0.8991 0.3333
vt 0.7801 0.2667
vt 0.8991 0.2000
vt 0.8991 0.2667
vt 0.7801 0.2000
vt 0.8991 0.1333
vt 0.8991 0.2000
vt 0.7801 0.1333
vt 0.8991 0.0667
vt 0.8991 0.1333
vt 0.7801 0.0667
vt 0.8991 0.0000
vt 0.8991 0.0667
vt 0.7104 0.9900
vt 0.8293 0.9333
vt 0.8293 0.9900
vt 0.7104 0.9333
vt 0.8293 0.8667
vt 0.8293 0.9333
vt 0.7104 0.8667
vt 0.8293 0.8000
vt 0.8293 0.8667
vt 0.7104 0.8000
vt 0.8293 0.7333
vt 0.8293 0.8000
vt 0.7104 0.7333
vt 0.8293 0.6667
vt 0.8293 0.7333
vt 0.7104 0.6667
vt 0.8293 0.6000
vt 0.8293 0.6667
vt 0.7104 0.6000
vt 0.8293 0.5333
vt 0.8293 0.6000
vt 0.7104 0.4667
vt 0.8293 0.5333
vt 0.7104 0.5333
vt 0.7104 0.4000
vt 0.8293 0.4667
vt 0.7104 0.4667
vt 0.7104 0.3333
vt 0.8293 0.4000
vt 0.7104 0.4000
vt 0.7104 0.2667
vt 0.8293 0.3333
vt 0.7104 0.3333
vt 0.7104 0.2000
vt 0.8293 0.2667
vt 0.7104 0.2667
vt 0.7104 0.1333
vt 0.8293 0.2000
vt 0.7104 0.2000
vt 0.7104 0.0667
vt 0.8293 0.1333
vt 0.7104 0.1333
vt 0.7104 0.0000
vt 0.8293 0.0667
vt 0.7104 0.0667
vt 0.9483 0.9900
vt 0.9483 0.9333
vt 0.9483 0.8667
vt 0.9483 0.8000
vt 0.9483 0.7333
vt 0.9483 0.6667
vt 0.9483 0.6000
vt 0.8293 0.5333
vt 0.9483 0.4667
vt 0.9483 0.5333
vt 0.8293 0.4667
vt 0.9483 0.4000
vt 0.9483 0.4667
vt 0.8293 0.4000
vt 0.9483 0.3333
vt 0.9483 0.4000
vt 0.8293 0.3333
vt 0.9483 0.2667
vt 0.9483 0.3333
vt 0.8293 0.2667
vt 0.9483 0.2000
vt 0.9483 0.2667
vt 0.8293 0.2000
vt 0.9483 0.1333
vt 0.9483 0.2000
vt 0.8293 0.1333
vt 0.9483 0.0667
vt 0.9483 0.1333
vt 0.8293 0.0667
vt 0.9483 0.0000
vt 0.9483 0.0667
vt 0.6856 0.9900
vt 0.8045 0.9333
vt 0.8045 0.9900
vt 0.6856 0.9333
vt 0.8045 0.8667
vt 0.8045 0.9333
vt 0.6856 0.8667
vt 0.8045 0.8000
vt 0.8045 0.8667
vt 0.6856 0.8000
vt 0.8045 0.7333
vt 0.8045 0.8000
vt 0.6856 0.7333
vt 0.8045 0.6667
vt 0.8045 0.7333
vt 0.6856 0.6667
vt 0.8045 0.6000
vt 0.8045 0.6667
vt 0.6856 0.6000
vt 0.8045 0.5333
vt 0.8045 0.6000
vt 0.6856 0.4667
vt 0.8045 0.5333
vt 0.6856 0.5333
vt 0.6856 0.4000
vt 0.8045 0.4667
vt 0.6856 0.4667
vt 0.6856 0.3333
vt 0.8045 0.4000
vt 0.6856 0.4000
vt 0.6856 0.2667
vt 0.8045 0.3333
vt 0.6856 0.3333
vt 0.6856 0.2000
vt 0.8045 0.2667
vt 0.6856 0.2667
vt 0.6856 0.1333
vt 0.8045 0.2000
vt 0.6856 0.2000
vt 0.6856 0.0667
vt 0.8045 0.1333
vt 0.6856 0.1333
vt 0.6856 0.0000
vt 0.8045 0.0667
vt 0.6856 0.0667
vt 0.9235 0.9900
vt 0.9235 0.9333
vt 0.9235 0.8667
vt 0.9235 0.8000
vt 0.9235 0.7333
vt 0.9235 0.6667
vt 0.9235 0.6000
vt 0.8045 0.4667
vt 0.9235 0.5333
vt 0.8045 0.5333
vt 0.8045 0.4667
vt 0.9235 0.4000
vt 0.9235 0.4667
vt 0.8045 0.4000
vt 0.9235 0.3333
vt 0.9235 0.4000
vt 0.8045 0.3333
vt 0.9235 0.2667
vt 0.9235 0.3333
vt 0.8045 0.2667
vt 0.9235 0.2000
vt 0.9235 0.2667
vt 0.8045 0.2000
vt 0.9235 0.1333
vt 0.9235 0.2000
vt 0.8045 0.1333
vt 0.9235 0.0667
vt 0.9235 0.1333
vt 0.8045 0.0667
vt 0.9235 0.0000
vt 0.9235 0.0667
vt 0.6612 0.9900
vt 0.7801 0.9286
vt 0.7801 0.9900
vt 0.6612 0.9286
vt 0.7801 0.8571
vt 0.7801 0.9286
vt 0.6612 0.8571
vt 0.7801 0.7857
vt 0.7801 0.8571
vt 0.6612 0.7857
vt 0.7801 0.7143
vt 0.7801 0.7857
vt 0.6612 0.7143
vt 0.7801 0.6429
vt 0.7801 0.7143
vt 0.6612 0.6429
vt 0.7801 0.5714
vt 0.7801 0.6429
vt 0.6612 0.5714
vt 0.7801 0.5000
vt 0.7801 0.5714
vt 0.6612 0.4286
vt 0.7801 0.5000
vt 0.6612 0.5000
vt 0.6612 0.3571
vt 0.7801 0.4286
vt 0.6612 0.4286
vt 0.6612 0.2857
vt 0.7801 0.3571
vt 0.6612 0.3571
vt 0.6612 0.2143
vt 0.7801 0.2857
vt 0.6612 0.2857
vt 0.6612 0.1429
vt 0.7801 0.2143
vt 0.6612 0.2143
vt 0.6612 0.0714
vt 0.7801 0.1429
vt 0.6612 0.1429
vt 0.6612 0.0000
vt 0.7801 0.0714
vt 0.6612 0.0714
vt 0.8991 0.9900
vt 0.8991 0.9286
vt 0.8991 0.8571
vt 0.8991 0.7857
vt 0.8991 0.7143
vt 0.8991 0.6429
vt 0.8991 0.5714
vt 0.7801 0.5000
vt 0.8991 0.4286
vt 0.8991 0.5000
vt 0.7801 0.4286
vt 0.8991 0.3571
vt 0.8991 0.4286
vt 0.7801 0.3571
vt 0.8991 0.2857
vt 0.8991 0.3571
vt 0.7801 0.2857
vt 0.8991 0.2143
vt 0.8991 0.2857
vt 0.7801 0.2143
vt 0.8991 0.1429
vt 0.8991 0.2143
vt 0.7801 0.1429
vt 0.8991 0.0714
vt 0.8991 0.1429
vt 0.7801 0.0714
vt 0.8991 0.0000
vt 0.8991 0.0714
vt 0.6794 0.9900
vt 0.7983 0.9286
vt 0.7983 0.9900
vt 0.6794 0.9286
vt 0.7983 0.8571
vt 0.7983 0.9286
vt 0.6794 0.8571
vt 0.7983 0.7857
vt 0.7983 0.8571
vt 0.6794 0.7857
vt 0.7983 0.7143
vt 0.7983 0.7857
vt 0.6794 0.7143
vt 0.7983 0.6429
vt 0.7983 0.7143
vt 0.6794 0.6429
vt 0.7983 0.5714
vt 0.7983 0.6429
vt 0.6794 0.5714
vt 0.7983 0.5000
vt 0.7983 0.5714
vt 0.6794 0.4286
vt 0.7983 0.5000
vt 0.6794 0.5000
vt 0.6794 0.3571
vt 0.7983 0.4286
vt 0.6794 0.4286
vt 0.6794 0.2857
vt 0.7983 0.3571
vt 0.6794 0.3571
vt 0.6794 0.2143
vt 0.7983 0.2857
vt 0.6794 0.2857
vt 0.6794 0.1429
vt 0.7983 0.2143
vt 0.6794 0.2143
vt 0.6794 0.0714
vt 0.7983 0.1429
vt 0.6794 0.1429
vt 0.6794 0.0000
vt 0.7983 0.0714
vt 0.6794 0.0714
vt 0.9173 0.9900
vt 0.9173 0.9286
vt 0.9173 0.8571
vt 0.9173 0.7857
vt 0.9173 0.7143
vt 0.9173 0.6429
vt 0.7983 0.5714
vt 0.9173 0.5000
vt 0.9173 0.5714
vt 0.7983 0.5000
vt 0.9173 0.4286
vt 0.9173 0.5000
vt 0.7983 0.4286
vt 0.9173 0.3571
vt 0.9173 0.4286
vt 0.7983 0.3571
vt 0.9173 0.2857
vt 0.9173 0.3571
vt 0.7983 0.2857
vt 0.9173 0.2143
vt 0.9173 0.2857
vt 0.7983 0.2143
vt 0.9173 0.1429
vt 0.9173 0.2143
vt 0.7983 0.1429
vt 0.9173 0.0714
vt 0.9173 0.1429
vt 0.7983 0.0714
vt 0.9173 0.0000
vt 0.9173 0.0714
vt 0.7290 0.9900
vt 0.8479 0.9286
vt 0.8479 0.9900
vt 0.7290 0.9286
vt 0.8479 0.8571
vt 0.8479 0.9286
vt 0.7290 0.8571
vt 0.8479 0.7857
vt 0.8479 0.8571
vt 0.7290 0.7857
vt 0.8479 0.7143
vt 0.8479 0.7857
vt 0.7290 0.7143
vt 0.8479 0.6429
vt 0.8479 0.7143
vt 0.7290 0.6429
vt 0.8479 0.5714
vt 0.8479 0.6429
vt 0.7290 0.5714
vt 0.8479 0.5000
vt 0.8479 0.5714
vt 0.7290 0.4286
vt 0.8479 0.5000
vt 0.7290 0.5000
vt 0.7290 0.3571
vt 0.8479 0.4286
vt 0.7290 0.4286
vt 0.7290 0.2857
vt 0.8479 0.3571
vt 0.7290 0.3571
vt 0.7290 0.2143
vt 0.8479 0.2857
vt 0.7290 0.2857
vt 0.7290 0.1429
vt 0.8479 0.2143
vt 0.7290 0.2143
vt 0.7290 0.0714
vt 0.8479 0.1429
vt 0.7290 0.1429
vt 0.7290 0.0714
vt 0.8479 0.0000
vt 0.8479 0.0714
vt 0.9669 0.9900
vt 0.9669 0.9286
vt 0.9669 0.8571
vt 0.9669 0.7857
vt 0.9669 0.7143
vt 0.9669 0.6429
vt 0.9669 0.5714
vt 0.8479 0.5000
vt 0.9669 0.4286
vt 0.9669 0.5000
vt 0.8479 0.4286
vt 0.9669 0.3571
vt 0.9669 0.4286
vt 0.8479 0.3571
vt 0.9669 0.2857
vt 0.9669 0.3571
vt 0.8479 0.2857
vt 0.9669 0.2143
vt 0.9669 0.2857
vt 0.8479 0.2143
vt 0.9669 0.1429
vt 0.9669 0.2143
vt 0.8479 0.1429
vt 0.9669 0.0714
vt 0.9669 0.1429
vt 0.8479 0.0714
vt 0.9669 0.0000
vt 0.9669 0.0714
vt 0.6732 0.9900
vt 0.7921 0.9231
vt 0.7921 0.9900
vt 0.6732 0.9231
vt 0.7921 0.8462
vt 0.7921 0.9231
vt 0.6732 0.8462
vt 0.7921 0.7692
vt 0.7921 0.8462
vt 0.6732 0.7692
vt 0.7921 0.6923
vt 0.7921 0.7692
vt 0.6732 0.6923
vt 0.7921 0.6154
vt 0.7921 0.6923
vt 0.6732 0.6154
vt 0.7921 0.5385
vt 0.7921 0.6154
vt 0.6732 0.4615
vt 0.7921 0.5385
vt 0.6732 0.5385
vt 0.6732 0.3846
vt 0.7921 0.4615
vt 0.6732 0.4615
vt 0.6732 0.3077
vt 0.7921 0.3846
vt 0.6732 0.3846
vt 0.6732 0.2308
vt 0.7921 0.3077
vt 0.6732 0.3077
vt 0.6732 0.1538
vt 0.7921 0.2308
vt 0.6732 0.2308
vt 0.6732 0.0769
vt 0.7921 0.1538
vt 0.6732 0.1538
vt 0.6732 0.0000
vt 0.7921 0.0769
vt 0.6732 0.0769
vt 0.9111 0.9900
vt 0.9111 0.9231
vt 0.9111 0.8462
vt 0.9111 0.7692
vt 0.9111 0.6923
vt 0.9111 0.6154
vt 0.7921 0.5385
vt 0.9111 0.4615
vt 0.9111 0.5385
vt 0.7921 0.4615
vt 0.9111 0.3846
vt 0.9111 0.4615
vt 0.7921 0.3846
vt 0.9111 0.3077
vt 0.9111 0.3846
vt 0.7921 0.3077
vt 0.9111 0.2308
vt 0.9111 0.3077
vt 0.7921 0.2308
vt 0.9111 0.1538
vt 0.9111 0.2308
vt 0.7921 0.1538
vt 0.9111 0.0769
vt 0.9111 0.1538
vt 0.7921 0.0769
vt 0.9111 0.0000
vt 0.9111 0.0769
vt 0.8297 0.9286
vt 0.7107 0.9286
vt 0.8297 0.8571
vt 0.8297 0.9286
vt 0.7107 0.8571
vt 0.8297 0.7857
vt 0.8297 0.8571
vt 0.7107 0.7857
vt 0.8297 0.7143
vt 0.8297 0.7857
vt 0.7107 0.7143
vt 0.8297 0.6429
vt 0.8297 0.7143
vt 0.7107 0.6429
vt 0.8297 0.5714
vt 0.8297 0.6429
vt 0.7107 0.5714
vt 0.8297 0.5000
vt 0.8297 0.5714
vt 0.7107 0.4286
vt 0.8297 0.5000
vt 0.7107 0.5000
vt 0.7107 0.3571
vt 0.8297 0.4286
vt 0.7107 0.4286
vt 0.7107 0.2857
vt 0.8297 0.3571
vt 0.7107 0.3571
vt 0.7107 0.2143
vt 0.8297 0.2857
vt 0.7107 0.2857
vt 0.7107 0.1429
vt 0.8297 0.2143
vt 0.7107 0.2143
vt 0.7107 0.0714
vt 0.8297 0.1429
vt 0.7107 0.1429
vt 0.7107 0.0000
vt 0.8297 0.0714
vt 0.7107 0.0714
vt 0.9487 0.9286
vt 0.9487 0.8571
vt 0.9487 0.7857
vt 0.9487 0.7143
vt 0.9487 0.6429
vt 0.8297 0.5714
vt 0.9487 0.5000
vt 0.9487 0.5714
vt 0.8297 0.5000
vt 0.9487 0.4286
vt 0.9487 0.5000
vt 0.8297 0.4286
vt 0.9487 0.3571
vt 0.9487 0.4286
vt 0.8297 0.3571
vt 0.9487 0.2857
vt 0.9487 0.3571
vt 0.8297 0.2857
vt 0.9487 0.2143
vt 0.9487 0.2857
vt 0.8297 0.2143
vt 0.9487 0.1429
vt 0.9487 0.2143
vt 0.8297 0.1429
vt 0.9487 0.0714
vt 0.9487 0.1429
vt 0.8297 0.0714
vt 0.9487 0.0000
vt 0.9487 0.0714
vt 0.7045 0.9900
vt 0.8235 0.9333
vt 0.8235 0.9900
vt 0.7045 0.9333
vt 0.8235 0.8667
vt 0.8235 0.9333
vt 0.7045 0.8667
vt 0.8235 0.8000
vt 0.8235 0.8667
vt 0.7045 0.8000
vt 0.8235 0.7333
vt 0.8235 0.8000
vt 0.7045 0.7333
vt 0.8235 0.6667
vt 0.8235 0.7333
vt 0.7045 0.6667
vt 0.8235 0.6000
vt 0.8235 0.6667
vt 0.7045 0.6000
vt 0.8235 0.5333
vt 0.8235 0.6000
vt 0.7045 0.4667
vt 0.8235 0.5333
vt 0.7045 0.5333
vt 0.7045 0.4000
vt 0.8235 0.4667
vt 0.7045 0.4667
vt 0.7045 0.3333
vt 0.8235 0.4000
vt 0.7045 0.4000
vt 0.7045 0.2667
vt 0.8235 0.3333
vt 0.7045 0.3333
vt 0.7045 0.2000
vt 0.8235 0.2667
vt 0.7045 0.2667
vt 0.7045 0.1333
vt 0.8235 0.2000
vt 0.7045 0.2000
vt 0.7045 0.0667
vt 0.8235 0.1333
vt 0.7045 0.1333
vt 0.7045 0.0000
vt 0.8235 0.0667
vt 0.7045 0.0667
vt 0.9425 0.9900
vt 0.9425 0.9333
vt 0.9425 0.8667
vt 0.9425 0.8000
vt 0.9425 0.7333
vt 0.9425 0.6667
vt 0.9425 0.6000
vt 0.8235 0.5333
vt 0.9425 0.4667
vt 0.9425 0.5333
vt 0.8235 0.4667
vt 0.9425 0.4000
vt 0.9425 0.4667
vt 0.8235 0.4000
vt 0.9425 0.3333
vt 0.9425 0.4000
vt 0.8235 0.3333
vt 0.9425 0.2667
vt 0.9425 0.3333
vt 0.8235 0.2667
vt 0.9425 0.2000
vt 0.9425 0.2667
vt 0.8235 0.2000
vt 0.9425 0.1333
vt 0.9425 0.2000
vt 0.8235 0.1333
vt 0.9425 0.0667
vt 0.9425 0.1333
vt 0.8235 0.0667
vt 0.9425 0.0000
vt 0.9425 0.0667
vt 0.5062 0.9900
vt 0.6252 0.9412
vt 0.6252 0.9900
vt 0.5062 0.9412
vt 0.6252 0.8824
vt 0.6252 0.9412
vt 0.5062 0.8824
vt 0.6252 0.8235
vt 0.6252 0.8824
vt 0.5062 0.8235
vt 0.6252 0.7647
vt 0.6252 0.8235
vt 0.5062 0.7647
vt 0.6252 0.7059
vt 0.6252 0.7647
vt 0.5062 0.7059
vt 0.6252 0.6471
vt 0.6252 0.7059
vt 0.5062 0.6471
vt 0.6252 0.5882
vt 0.6252 0.6471
vt 0.5062 0.5882
vt 0.6252 0.5294
vt 0.6252 0.5882
vt 0.5062 0.4706
vt 0.6252 0.5294
vt 0.5062 0.5294
vt 0.5062 0.4118
vt 0.6252 0.4706
vt 0.5062 0.4706
vt 0.5062 0.3529
vt 0.6252 0.4118
vt 0.5062 0.4118
vt 0.5062 0.2941
vt 0.6252 0.3529
vt 0.5062 0.3529
vt 0.5062 0.2353
vt 0.6252 0.2941
vt 0.5062 0.2941
vt 0.5062 0.1765
vt 0.6252 0.2353
vt 0.5062 0.2353
vt 0.5062 0.1176
vt 0.6252 0.1765
vt 0.5062 0.1765
vt 0.5062 0.0588
vt 0.6252 0.1176
vt 0.5062 0.1176
vt 0.5062 0.0000
vt 0.6252 0.0588
vt 0.5062 0.0588
vt 0.7442 0.9900
vt 0.7442 0.9412
vt 0.7442 0.8824
vt 0.7442 0.8235
vt 0.7442 0.7647
vt 0.7442 0.7059
vt 0.7442 0.6471
vt 0.7442 0.5882
vt 0.6252 0.5294
vt 0.7442 0.4706
vt 0.7442 0.5294
vt 0.6252 0.4706
vt 0.7442 0.4118
vt 0.7442 0.4706
vt 0.6252 0.4118
vt 0.7442 0.3529
vt 0.7442 0.4118
vt 0.6252 0.3529
vt 0.7442 0.2941
vt 0.7442 0.3529
vt 0.6252 0.2941
vt 0.7442 0.2353
vt 0.7442 0.2941
vt 0.6252 0.2353
vt 0.7442 0.1765
vt 0.7442 0.2353
vt 0.6252 0.1765
vt 0.7442 0.1176
vt 0.7442 0.1765
vt 0.6252 0.1176
vt 0.7442 0.0588
vt 0.7442 0.1176
vt 0.6252 0.0588
vt 0.7442 0.0000
vt 0.7442 0.0588
vt 0.7045 0.9900
vt 0.8235 0.9375
vt 0.8235 0.9900
vt 0.7045 0.9375
vt 0.8235 0.8750
vt 0.8235 0.9375
vt 0.7045 0.8750
vt 0.8235 0.8125
vt 0.8235 0.8750
vt 0.7045 0.8125
vt 0.8235 0.7500
vt 0.8235 0.8125
vt 0.7045 0.7500
vt 0.8235 0.6875
vt 0.8235 0.7500
vt 0.7045 0.6875
vt 0.8235 0.6250
vt 0.8235 0.6875
vt 0.7045 0.6250
vt 0.8235 0.5625
vt 0.8235 0.6250
vt 0.7045 0.5000
vt 0.8235 0.5625
vt 0.7045 0.5625
vt 0.7045 0.4375
vt 0.8235 0.5000
vt 0.7045 0.5000
vt 0.7045 0.3750
vt 0.8235 0.4375
vt 0.7045 0.4375
vt 0.7045 0.3125
vt 0.8235 0.3750
vt 0.7045 0.3750
vt 0.7045 0.2500
vt 0.8235 0.3125
vt 0.7045 0.3125
vt 0.7045 0.1875
vt 0.8235 0.2500
vt 0.7045 0.2500
vt 0.7045 0.1250
vt 0.8235 0.1875
vt 0.7045 0.1875
vt 0.7045 0.0625
vt 0.8235 0.1250
vt 0.7045 0.1250
vt 0.7045 0.0000
vt 0.8235 0.0625
vt 0.7045 0.0625
vt 0.9425 0.9900
vt 0.9425 0.9375
vt 0.9425 0.8750
vt 0.9425 0.8125
vt 0.9425 0.7500
vt 0.9425 0.6875
vt 0.9425 0.6250
vt 0.8235 0.5000
vt 0.9425 0.5625
vt 0.8235 0.5625
vt 0.8235 0.5000
vt 0.9425 0.4375
vt 0.9425 0.5000
vt 0.8235 0.4375
vt 0.9425 0.3750
vt 0.9425 0.4375
vt 0.8235 0.3750
vt 0.9425 0.3125
vt 0.9425 0.3750
vt 0.8235 0.3125
vt 0.9425 0.2500
vt 0.9425 0.3125
vt 0.8235 0.2500
vt 0.9425 0.1875
vt 0.9425 0.2500
vt 0.8235 0.1875
vt 0.9425 0.1250
vt 0.9425 0.1875
vt 0.8235 0.1250
vt 0.9425 0.0625
vt 0.9425 0.1250
vt 0.8235 0.0625
vt 0.9425 0.0000
vt 0.9425 0.0625
vt 0.6550 0.9900
vt 0.7739 0.9375
vt 0.7739 0.9900
vt 0.6550 0.9375
vt 0.7739 0.8750
vt 0.7739 0.9375
vt 0.6550 0.8750
vt 0.7739 0.8125
vt 0.7739 0.8750
vt 0.6550 0.8125
vt 0.7739 0.7500
vt 0.7739 0.8125
vt 0.6550 0.7500
vt 0.7739 0.6875
vt 0.7739 0.7500
vt 0.6550 0.6875
vt 0.7739 0.6250
vt 0.7739 0.6875
vt 0.6550 0.6250
vt 0.7739 0.5625
vt 0.7739 0.6250
vt 0.6550 0.5000
vt 0.7739 0.5625
vt 0.6550 0.5625
vt 0.6550 0.4375
vt 0.7739 0.5000
vt 0.6550 0.5000
vt 0.6550 0.3750
vt 0.7739 0.4375
vt 0.6550 0.4375
vt 0.6550 0.3125
vt 0.7739 0.3750
vt 0.6550 0.3750
vt 0.6550 0.2500
vt 0.7739 0.3125
vt 0.6550 0.3125
vt 0.6550 0.1875
vt 0.7739 0.2500
vt 0.6550 0.2500
vt 0.6550 0.1250
vt 0.7739 0.1875
vt 0.6550 0.1875
vt 0.6550 0.0625
vt 0.7739 0.1250
vt 0.6550 0.1250
vt 0.6550 0.0000
vt 0.7739 0.0625
vt 0.6550 0.0625
vt 0.8929 0.9900
vt 0.8929 0.9375
vt 0.8929 0.8750
vt 0.8929 0.8125
vt 0.8929 0.7500
vt 0.8929 0.6875
vt 0.8929 0.6250
vt 0.7739 0.5000
vt 0.8929 0.5625
vt 0.7739 0.5625
vt 0.7739 0.5000
vt 0.8929 0.4375
vt 0.8929 0.5000
vt 0.7739 0.4375
vt 0.8929 0.3750
vt 0.8929 0.4375
vt 0.7739 0.3750
vt 0.8929 0.3125
vt 0.8929 0.3750
vt 0.7739 0.3125
vt 0.8929 0.2500
vt 0.8929 0.3125
vt 0.7739 0.2500
vt 0.8929 0.1875
vt 0.8929 0.2500
vt 0.7739 0.1875
vt 0.8929 0.1250
vt 0.8929 0.1875
vt 0.7739 0.1250
vt 0.8929 0.0625
vt 0.8929 0.1250
vt 0.7739 0.0625
vt 0.8929 0.0000
vt 0.8929 0.0625
vt 0.7847 0.9900
vt 0.9037 0.9375
vt 0.9037 0.9900
vt 0.7847 0.9375
vt 0.9037 0.8750
vt 0.9037 0.9375
vt 0.7847 0.8750
vt 0.9037 0.8125
vt 0.9037 0.8750
vt 0.7847 0.8125
vt 0.9037 0.7500
vt 0.9037 0.8125
vt 0.7847 0.7500
vt 0.9037 0.6875
vt 0.9037 0.7500
vt 0.7847 0.6875
vt 0.9037 0.6250
vt 0.9037 0.6875
vt 0.7847 0.6250
vt 0.9037 0.5625
vt 0.9037 0.6250
vt 0.7847 0.5625
vt 0.9037 0.5000
vt 0.9037 0.5625
vt 0.7847 0.4375
vt 0.9037 0.5000
vt 0.7847 0.5000
vt 0.7847 0.3750
vt 0.9037 0.4375
vt 0.7847 0.4375
vt 0.7847 0.3125
vt 0.9037 0.3750
vt 0.7847 0.3750
vt 0.7847 0.2500
vt 0.9037 0.3125
vt 0.7847 0.3125
vt 0.7847 0.1875
vt 0.9037 0.2500
vt 0.7847 0.2500
vt 0.7847 0.1250
vt 0.9037 0.1875
vt 0.7847 0.1875
vt 0.7847 0.0625
vt 0.9037 0.1250
vt 0.7847 0.1250
vt 0.7847 0.0000
vt 0.9037 0.0625
vt 0.7847 0.0625
vt 1.0227 0.9900
vt 1.0227 0.9375
vt 1.0227 0.8750
vt 1.0227 0.8125
vt 1.0227 0.7500
vt 1.0227 0.6875
vt 1.0227 0.6250
vt 0.9037 0.5625
vt 1.0227 0.5000
vt 1.0227 0.5625
vt 0.9037 0.5000
vt 1.0227 0.4375
vt 1.0227 0.5000
vt 0.9037 0.4375
vt 1.0227 0.3750
vt 1.0227 0.4375
vt 0.9037 0.3750
vt 1.0227 0.3125
vt 1.0227 0.3750
vt 0.9037 0.3125
vt 1.0227 0.2500
vt 1.0227 0.3125
vt 0.9037 0.2500
vt 1.0227 0.1875
vt 1.0227 0.2500
vt 0.9037 0.1875
vt 1.0227 0.1250
vt 1.0227 0.1875
vt 0.9037 0.1250
vt 1.0227 0.0625
vt 1.0227 0.1250
vt 0.9037 0.0625
vt 1.0227 0.0000
vt 1.0227 0.0625
vt 0.6612 0.9900
vt 0.7801 0.9333
vt 0.7801 0.9900
vt 0.6612 0.9333
vt 0.7801 0.8667
vt 0.7801 0.9333
vt 0.6612 0.8667
vt 0.7801 0.8000
vt 0.7801 0.8667
vt 0.6612 0.8000
vt 0.7801 0.7333
vt 0.7801 0.8000
vt 0.6612 0.7333
vt 0.7801 0.6667
vt 0.7801 0.7333
vt 0.6612 0.6667
vt 0.7801 0.6000
vt 0.7801 0.6667
vt 0.6612 0.6000
vt 0.7801 0.5333
vt 0.7801 0.6000
vt 0.6612 0.4667
vt 0.7801 0.5333
vt 0.6612 0.5333
vt 0.6612 0.4000
vt 0.7801 0.4667
vt 0.6612 0.4667
vt 0.6612 0.3333
vt 0.7801 0.4000
vt 0.6612 0.4000
vt 0.6612 0.2667
vt 0.7801 0.3333
vt 0.6612 0.3333
vt 0.6612 0.2000
vt 0.7801 0.2667
vt 0.6612 0.2667
vt 0.6612 0.1333
vt 0.7801 0.2000
vt 0.6612 0.2000
vt 0.6612 0.0667
vt 0.7801 0.1333
vt 0.6612 0.1333
vt 0.6612 0.0000
vt 0.7801 0.0667
vt 0.6612 0.0667
vt 0.8991 0.9900
vt 0.8991 0.9333
vt 0.8991 0.8667
vt 0.8991 0.8000
vt 0.8991 0.7333
vt 0.8991 0.6667
vt 0.8991 0.6000
vt 0.7801 0.4667
vt 0.8991 0.5333
vt 0.7801 0.5333
vt 0.7801 0.4667
vt 0.8991 0.4000
vt 0.8991 0.4667
vt 0.7801 0.4000
vt 0.8991 0.3333
vt 0.8991 0.4000
vt 0.7801 0.3333
vt 0.8991 0.2667
vt 0.8991 0.3333
vt 0.7801 0.2667
vt 0.8991 0.2000
vt 0.8991 0.2667
vt 0.7801 0.2000
vt 0.8991 0.1333
vt 0.8991 0.2000
vt 0.7801 0.1333
vt 0.8991 0.0667
vt 0.8991 0.1333
vt 0.7801 0.0667
vt 0.8991 0.0000
vt 0.8991 0.0667
vt 0.6484 0.9900
vt 0.7674 0.9333
vt 0.7674 0.9900
vt 0.6484 0.9333
vt 0.7674 0.8667
vt 0.7674 0.9333
vt 0.6484 0.8667
vt 0.7674 0.8000
vt 0.7674 0.8667
vt 0.6484 0.8000
vt 0.7674 0.7333
vt 0.7674 0.8000
vt 0.6484 0.7333
vt 0.7674 0.6667
vt 0.7674 0.7333
vt 0.6484 0.6667
vt 0.7674 0.6000
vt 0.7674 0.6667
vt 0.6484 0.6000
vt 0.7674 0.5333
vt 0.7674 0.6000
vt 0.6484 0.4667
vt 0.7674 0.5333
vt 0.6484 0.5333
vt 0.6484 0.4000
vt 0.7674 0.4667
vt 0.6484 0.4667
vt 0.6484 0.3333
vt 0.7674 0.4000
vt 0.6484 0.4000
vt 0.6484 0.2667
vt 0.7674 0.3333
vt 0.6484 0.3333
vt 0.6484 0.2000
vt 0.7674 0.2667
vt 0.6484 0.2667
vt 0.6484 0.1333
vt 0.7674 0.2000
vt 0.6484 0.2000
vt 0.6484 0.0667
vt 0.7674 0.1333
vt 0.6484 0.1333
vt 0.6484 0.0000
vt 0.7674 0.0667
vt 0.6484 0.0667
vt 0.8863 0.9900
vt 0.8863 0.9333
vt 0.8863 0.8667
vt 0.8863 0.8000
vt 0.8863 0.7333
vt 0.8863 0.6667
vt 0.8863 0.6000
vt 0.7674 0.4667
vt 0.8863 0.5333
vt 0.7674 0.5333
vt 0.7674 0.4667
vt 0.8863 0.4000
vt 0.8863 0.4667
vt 0.7674 0.4000
vt 0.8863 0.3333
vt 0.8863 0.4000
vt 0.7674 0.3333
vt 0.8863 0.2667
vt 0.8863 0.3333
vt 0.7674 0.2667
vt 0.8863 0.2000
vt 0.8863 0.2667
vt 0.7674 0.2000
vt 0.8863 0.1333
vt 0.8863 0.2000
vt 0.7674 0.1333
vt 0.8863 0.0667
vt 0.8863 0.1333
vt 0.7674 0.0667
vt 0.8863 0.0000
vt 0.8863 0.0667
vt 0.6798 0.9900
vt 0.7987 0.9286
vt 0.7987 0.9900
vt 0.6798 0.9286
vt 0.7987 0.8571
vt 0.7987 0.9286
vt 0.6798 0.8571
vt 0.7987 0.7857
vt 0.7987 0.8571
vt 0.6798 0.7857
vt 0.7987 0.7143
vt 0.7987 0.7857
vt 0.6798 0.7143
vt 0.7987 0.6429
vt 0.7987 0.7143
vt 0.6798 0.6429
vt 0.7987 0.5714
vt 0.7987 0.6429
vt 0.6798 0.5714
vt 0.7987 0.5000
vt 0.7987 0.5714
vt 0.6798 0.4286
vt 0.7987 0.5000
vt 0.6798 0.5000
vt 0.6798 0.3571
vt 0.7987 0.4286
vt 0.6798 0.4286
vt 0.6798 0.2857
vt 0.7987 0.3571
vt 0.6798 0.3571
vt 0.6798 0.2143
vt 0.7987 0.2857
vt 0.6798 0.2857
vt 0.6798 0.1429
vt 0.7987 0.2143
vt 0.6798 0.2143
vt 0.6798 0.0714
vt 0.7987 0.1429
vt 0.6798 0.1429
vt 0.6798 0.0000
vt 0.7987 0.0714
vt 0.6798 0.0714
vt 0.9177 0.9900
vt 0.9177 0.9286
vt 0.9177 0.8571
vt 0.9177 0.7857
vt 0.9177 0.7143
vt 0.9177 0.6429
vt 0.9177 0.5714
vt 0.7987 0.5000
vt 0.9177 0.4286
vt 0.9177 0.5000
vt 0.7987 0.4286
vt 0.9177 0.3571
vt 0.9177 0.4286
vt 0.7987 0.3571
vt 0.9177 0.2857
vt 0.9177 0.3571
vt 0.7987 0.2857
vt 0.9177 0.2143
vt 0.9177 0.2857
vt 0.7987 0.2143
vt 0.9177 0.1429
vt 0.9177 0.2143
vt 0.7987 0.1429
vt 0.9177 0.0714
vt 0.9177 0.1429
vt 0.7987 0.0714
vt 0.9177 0.0000
vt 0.9177 0.0714
vt 0.7599 0.9900
vt 0.8789 0.9286
vt 0.8789 0.9900
vt 0.7599 0.9286
vt 0.8789 0.8571
vt 0.8789 0.9286
vt 0.7599 0.8571
vt 0.8789 0.7857
vt 0.8789 0.8571
vt 0.7599 0.7857
vt 0.8789 0.7143
vt 0.8789 0.7857
vt 0.7599 0.7143
vt 0.8789 0.6429
vt 0.8789 0.7143
vt 0.7599 0.6429
vt 0.8789 0.5714
vt 0.8789 0.6429
vt 0.7599 0.5000
vt 0.8789 0.5714
vt 0.7599 0.5714
vt 0.7599 0.4286
vt 0.8789 0.5000
vt 0.7599 0.5000
vt 0.7599 0.3571
vt 0.8789 0.4286
vt 0.7599 0.4286
vt 0.7599 0.2857
vt 0.8789 0.3571
vt 0.7599 0.3571
vt 0.7599 0.2143
vt 0.8789 0.2857
vt 0.7599 0.2857
vt 0.7599 0.1429
vt 0.8789 0.2143
vt 0.7599 0.2143
vt 0.7599 0.0714
vt 0.8789 0.1429
vt 0.7599 0.1429
vt 0.7599 0.0000
vt 0.8789 0.0714
vt 0.7599 0.0714
vt 0.9979 0.9900
vt 0.9979 0.9286
vt 0.9979 0.8571
vt 0.9979 0.7857
vt 0.9979 0.7143
vt 0.9979 0.6429
vt 0.8789 0.5000
vt 0.9979 0.5714
vt 0.8789 0.5714
vt 0.8789 0.5000
vt 0.9979 0.4286
vt 0.9979 0.5000
vt 0.8789 0.4286
vt 0.9979 0.3571
vt 0.9979 0.4286
vt 0.8789 0.3571
vt 0.9979 0.2857
vt 0.9979 0.3571
vt 0.8789 0.2857
vt 0.9979 0.2143
vt 0.9979 0.2857
vt 0.8789 0.2143
vt 0.9979 0.1429
vt 0.9979 0.2143
vt 0.8789 0.1429
vt 0.9979 0.0714
vt 0.9979 0.1429
vt 0.8789 0.0714
vt 0.9979 0.0000
vt 0.9979 0.0714
vt 0.8297 0.9231
vt 0.7107 0.9231
vt 0.8297 0.8462
vt 0.8297 0.9231
vt 0.7107 0.8462
vt 0.8297 0.7692
vt 0.8297 0.8462
vt 0.7107 0.7692
vt 0.8297 0.6923
vt 0.8297 0.7692
vt 0.7107 0.6923
vt 0.8297 0.6154
vt 0.8297 0.6923
vt 0.7107 0.6154
vt 0.8297 0.5385
vt 0.8297 0.6154
vt 0.7107 0.4615
vt 0.8297 0.5385
vt 0.7107 0.5385
vt 0.7107 0.3846
vt 0.8297 0.4615
vt 0.7107 0.4615
vt 0.7107 0.3077
vt 0.8297 0.3846
vt 0.7107 0.3846
vt 0.7107 0.2308
vt 0.8297 0.3077
vt 0.7107 0.3077
vt 0.7107 0.1538
vt 0.8297 0.2308
vt 0.7107 0.2308
vt 0.7107 0.0769
vt 0.8297 0.1538
vt 0.7107 0.1538
vt 0.7107 0.0000
vt 0.8297 0.0769
vt 0.7107 0.0769
vt 0.9487 0.9231
vt 0.9487 0.8462
vt 0.9487 0.7692
vt 0.9487 0.6923
vt 0.9487 0.6154
vt 0.8297 0.5385
vt 0.9487 0.4615
vt 0.9487 0.5385
vt 0.8297 0.4615
vt 0.9487 0.3846
vt 0.9487 0.4615
vt 0.8297 0.3846
vt 0.9487 0.3077
vt 0.9487 0.3846
vt 0.8297 0.3077
vt 0.9487 0.2308
vt 0.9487 0.3077
vt 0.8297 0.2308
vt 0.9487 0.1538
vt 0.9487 0.2308
vt 0.8297 0.1538
vt 0.9487 0.0769
vt 0.9487 0.1538
vt 0.8297 0.0769
vt 0.9487 0.0000
vt 0.9487 0.0769
vt 0.5050 0.0000
vt 0.3721 0.0000
vt 1.2858 0.0000
vt 0.2449 0.0000
vt 0.8209 0.0000
vt 0.7589 0.0000
vt 0.7500 0.0000
vt 0.7500 0.0000
vt 0.7952 0.0000
vt 0.7607 0.0000
vt 0.8100 0.1087
vt 0.4909 0.1125
vt 0.8943 0.1125
vt 0.5250 0.1087
vt 0.8352 0.1087
vt 0.5677 0.1007
vt 0.8330 0.0000
vt 0.4033 0.0000
vt 0.8549 0.0000
vt 0.8333 0.0000
vt 0.8285 0.0000
vt 0.7670 0.0000
vt 0.5637 0.0000
vt 0.7500 0.0000
vt 0.8200 0.0000
vt 0.7235 0.0000
vt 0.5035 0.1087
vt 0.2802 0.1125
vt 0.6835 0.1125
vt 0.5332 0.1087
vt 0.8435 0.1087
vt 0.8333 0.1007
vt 0.7462 0.0000
vt 0.7826 0.0000
vt 1.0000 0.0000
vt 0.8843 0.0000
vt 1.0913 0.0000
vt 0.9587 0.0000
vt 0.8843 0.0000
vt 0.4162 0.0000
vt 0.3798 0.0000
vt 0.3529 0.0000
vt 0.4211 0.0000
vt 0.4397 0.0000
vt 0.4830 0.0000
vt 0.2459 0.0000
vt 0.3792 0.0000
vt 0.2620 0.0000
vt 0.2026 0.0000
vt 0.2541 0.0000
vt 0.4211 0.0000
vt 0.1033 0.0000
vt 0.2366 0.0000
vt 0.5327 0.0000
vt 0.3037 0.0000
vt 0.3037 0.0000
vt 0.4707 0.0000
vt 0.3037 0.0000
vt 0.1016 0.0000
vt 0.1016 0.0000
vt 0.0000 0.0000
vt 0.1715 0.0000
vt 0.0532 0.0000
vt 0.7120 0.0000
vt 0.8731 0.0000
vt 0.8235 0.0000
vt 0.7801 0.0000
vt 0.8293 0.0000
vt 0.8045 0.0000
vt 0.7801 0.0000
vt 0.7983 0.0000
vt 0.7921 0.0000
vt 0.8297 0.0000
vt 0.8235 0.0000
vt 0.6252 0.0000
vt 0.9425 0.0000
vt 0.7739 0.0000
vt 0.9037 0.0000
vt 0.7801 0.0000
vt 0.7674 0.0000
vt 0.7987 0.0000
vt 0.8789 0.0000
vt 0.7120 0.0000
vt 0.8731 0.0000
vt 0.8235 0.0000
vt 0.7801 0.0000
vt 0.8293 0.0000
vt 0.8045 0.0000
vt 0.7801 0.0000
vt 0.7983 0.0000
vt 0.7921 0.0000
vt 0.8297 0.0000
vt 0.8235 0.0000
vt 0.6252 0.0000
vt 0.8235 0.0000
vt 0.7739 0.0000
vt 0.9037 0.0000
vt 0.7801 0.0000
vt 0.7674 0.0000
vt 0.7987 0.0000
vt 0.8789 0.0000
vt 0.8297 0.0000
f 1/1 3/2 125/3
f 2/4 5/5 3/6
f 4/7 6/8 5/9
f 109/10 8/11 6/12
f 7/13 10/14 8/15
f 9/16 11/17 10/18
f 110/19 12/20 11/21
f 111/22 13/23 12/24
f 112/25 15/26 13/27
f 14/28 17/29 15/30
f 16/31 18/32 17/33
f 19/34 18/35 113/36
f 21/37 20/38 19/39
f 23/40 22/41 21/42
f 114/43 24/44 23/45
f 115/46 25/47 114/48
f 116/49 26/50 115/51
f 117/52 27/53 116/54
f 118/55 28/56 117/57
f 30/58 29/59 118/60
f 32/61 31/62 30/63
f 119/64 33/65 32/66
f 35/67 34/68 119/69
f 120/70 36/71 35/72
f 38/73 37/74 120/75
f 121/76 39/77 38/78
f 41/79 40/80 121/81
f 122/82 42/83 41/84
f 123/85 43/86 122/87
f 124/88 44/89 123/90
f 126/91 45/92 124/93
f 3/2 47/94 125/3
f 5/5 64/95 3/6
f 6/8 67/96 5/9
f 8/11 48/97 6/12
f 10/14 70/98 8/15
f 11/17 49/99 10/18
f 12/20 50/100 11/21
f 13/23 74/101 12/24
f 15/26 76/102 13/27
f 17/29 78/103 15/30
f 18/32 80/104 17/33
f 18/105 52/106 51/107
f 20/108 53/109 52/110
f 22/111 54/112 53/113
f 24/114 55/115 54/116
f 25/117 87/118 55/119
f 26/120 56/121 87/122
f 27/123 57/124 56/125
f 28/126 58/127 57/128
f 29/129 59/130 58/131
f 31/132 93/133 59/134
f 33/135 95/136 93/137
f 34/138 60/139 95/140
f 36/141 98/142 60/143
f 37/144 61/145 98/146
f 39/147 101/148 61/149
f 40/150 103/151 101/152
f 42/153 105/154 103/155
f 43/156 62/157 105/158
f 44/159 63/160 62/161
f 45/162 127/163 63/164
f 47/165 65/166 66/167
f 64/168 68/169 65/170
f 67/171 69/172 68/173
f 48/174 71/175 69/176
f 70/177 72/178 71/179
f 49/180 73/181 72/182
f 50/183 75/184 73/185
f 74/186 77/187 75/188
f 76/189 79/190 77/191
f 78/192 81/193 79/194
f 80/195 82/196 81/197
f 51/198 83/199 82/200
f 52/201 84/202 83/203
f 54/112 84/204 53/113
f 55/115 85/205 54/116
f 87/118 86/206 55/119
f 56/121 88/207 87/122
f 57/124 89/208 56/125
f 58/127 90/209 57/128
f 59/130 91/210 58/131
f 93/133 92/211 59/134
f 95/136 94/212 93/137
f 60/139 96/213 95/140
f 98/142 97/214 60/143
f 61/145 99/215 98/146
f 101/148 100/216 61/149
f 103/151 102/217 101/152
f 105/154 104/218 103/155
f 62/157 106/219 105/158
f 63/160 107/220 62/161
f 127/163 108/221 63/164
f 65/166 1/222 66/167
f 68/169 2/223 65/170
f 69/172 4/224 68/173
f 71/175 109/225 69/176
f 72/178 7/226 71/179
f 73/181 9/227 72/182
f 75/184 110/228 73/185
f 77/187 111/229 75/188
f 77/230 14/231 112/232
f 79/233 16/234 14/235
f 81/236 113/237 16/238
f 83/199 113/239 82/200
f 83/240 21/241 19/242
f 84/243 23/244 21/245
f 85/246 114/247 23/248
f 86/249 115/250 114/251
f 89/252 115/253 88/254
f 90/255 116/256 89/257
f 91/258 117/259 90/260
f 91/261 30/262 118/263
f 92/264 32/265 30/266
f 94/267 119/268 32/269
f 96/270 35/271 119/272
f 97/273 120/274 35/275
f 99/276 38/277 120/278
f 100/279 121/280 38/281
f 102/282 41/283 121/284
f 104/285 122/286 41/287
f 106/288 123/289 122/290
f 107/291 124/292 123/293
f 108/294 126/295 124/296
f 1/297 125/3 47/94
f 1/222 47/94 66/167
f 126/298 46/299 127/300
f 98/146 99/215 97/214
f 251/301 129/302 252/303
f 128/304 130/305 129/306
f 236/307 132/308 130/309
f 131/310 134/311 132/312
f 133/313 136/314 134/315
f 135/316 137/317 136/318
f 237/319 138/320 137/321
f 238/322 139/323 138/324
f 239/325 141/326 139/327
f 140/328 143/329 141/330
f 142/331 145/332 143/333
f 144/334 146/335 145/336
f 240/337 147/338 146/339
f 241/340 149/341 147/342
f 242/343 149/344 148/345
f 243/346 150/347 242/348
f 243/349 153/350 151/351
f 244/352 153/353 152/354
f 155/355 154/356 244/357
f 245/358 156/359 155/360
f 158/361 157/362 245/363
f 160/364 159/365 158/366
f 246/367 161/368 160/369
f 163/370 162/371 246/372
f 165/373 164/374 163/375
f 167/376 166/377 165/378
f 247/379 168/380 167/381
f 170/382 169/383 247/384
f 248/385 171/386 170/387
f 249/388 172/389 248/390
f 250/391 173/392 249/393
f 129/302 188/394 252/303
f 130/305 189/395 129/306
f 132/308 174/396 130/309
f 134/311 192/397 132/312
f 136/314 175/398 134/315
f 137/317 195/399 136/318
f 138/320 197/400 137/321
f 139/323 176/401 138/324
f 141/326 177/402 139/327
f 143/329 178/403 141/330
f 145/332 179/404 143/333
f 145/405 204/406 180/407
f 147/338 204/408 146/339
f 149/341 206/409 147/342
f 150/410 181/411 149/412
f 151/413 209/414 150/415
f 151/416 213/417 211/418
f 153/419 215/420 213/421
f 154/422 217/423 215/424
f 156/425 219/426 217/427
f 157/428 182/429 219/430
f 159/431 222/432 182/433
f 161/434 183/435 222/436
f 162/437 184/438 183/439
f 164/440 226/441 184/442
f 166/443 185/444 226/445
f 168/446 186/447 185/448
f 169/449 187/450 186/451
f 171/452 231/453 187/454
f 172/455 233/456 231/457
f 173/458 254/459 233/460
f 188/461 190/462 253/463
f 189/464 191/465 190/466
f 174/467 193/468 191/469
f 192/470 194/471 193/472
f 175/473 196/474 194/475
f 195/476 198/477 196/478
f 197/479 199/480 198/481
f 176/482 200/483 199/484
f 177/485 201/486 200/487
f 178/488 202/489 201/490
f 179/491 203/492 202/493
f 180/494 205/495 203/496
f 204/497 207/498 205/499
f 206/500 208/501 207/502
f 209/503 208/504 181/505
f 211/506 210/507 209/508
f 211/509 214/510 212/511
f 213/512 216/513 214/514
f 215/515 218/516 216/517
f 219/426 218/518 217/427
f 182/429 220/519 219/430
f 222/432 221/520 182/433
f 183/435 223/521 222/436
f 184/438 224/522 183/439
f 226/441 225/523 184/442
f 185/444 227/524 226/445
f 186/447 228/525 185/448
f 187/450 229/526 186/451
f 231/453 230/527 187/454
f 233/456 232/528 231/457
f 254/459 234/529 233/460
f 190/462 251/530 253/463
f 191/465 128/531 190/466
f 193/468 236/532 191/469
f 194/471 131/533 193/472
f 196/474 133/534 194/475
f 198/477 135/535 196/478
f 199/480 237/536 198/481
f 200/483 238/537 199/484
f 201/486 239/538 200/487
f 202/489 140/539 201/490
f 203/492 142/540 202/493
f 205/495 144/541 203/496
f 207/498 240/542 205/499
f 208/501 241/543 207/502
f 210/544 148/545 208/546
f 210/547 243/548 242/549
f 212/550 152/551 243/552
f 214/553 244/554 152/555
f 216/556 155/557 244/558
f 218/559 245/560 155/561
f 220/562 158/563 245/564
f 221/565 160/566 158/567
f 223/568 246/569 160/570
f 224/571 163/572 246/573
f 225/574 165/575 163/576
f 227/577 167/578 165/579
f 228/580 247/581 167/582
f 229/583 170/584 247/585
f 230/586 248/587 170/588
f 232/589 249/590 248/591
f 234/592 250/593 249/594
f 251/595 252/303 188/394
f 251/530 188/394 253/463
f 250/596 235/597 254/598
f 60/139 97/214 96/213
f 350/599 256/600 366/601
f 255/602 257/603 256/604
f 351/605 259/606 257/607
f 258/608 260/609 259/610
f 352/611 262/612 260/613
f 261/614 264/615 262/616
f 263/617 265/618 264/619
f 353/620 267/621 265/622
f 266/623 268/624 267/625
f 354/626 269/627 268/628
f 355/629 271/630 269/631
f 270/632 272/633 271/634
f 356/635 274/636 272/637
f 275/638 274/639 273/640
f 357/641 276/642 275/643
f 358/644 277/645 357/646
f 359/647 278/648 358/649
f 360/650 279/651 359/652
f 281/653 280/654 360/655
f 283/656 282/657 281/658
f 361/659 284/660 283/661
f 286/662 285/663 361/664
f 362/665 287/666 286/667
f 289/668 288/669 362/670
f 363/671 290/672 289/673
f 364/674 291/675 363/676
f 365/677 292/678 364/679
f 294/680 293/681 365/682
f 256/600 367/683 366/601
f 257/603 311/684 256/604
f 259/606 295/685 257/607
f 260/609 296/686 259/610
f 262/612 297/687 260/613
f 264/615 298/688 262/616
f 265/618 299/689 264/619
f 267/621 318/690 265/622
f 268/624 320/691 267/625
f 269/627 322/692 268/628
f 271/630 324/693 269/631
f 272/633 300/694 271/634
f 274/636 301/695 272/637
f 276/696 302/697 274/698
f 277/699 329/700 276/701
f 277/702 304/703 303/704
f 278/705 305/706 304/707
f 279/708 334/709 305/710
f 280/711 306/712 334/713
f 282/714 337/715 306/716
f 284/717 307/718 337/719
f 285/720 308/721 307/722
f 287/723 341/724 308/725
f 288/726 343/727 341/728
f 290/729 309/730 343/731
f 291/732 346/733 309/734
f 292/735 310/736 346/737
f 293/738 349/739 310/740
f 367/741 312/742 368/743
f 311/744 313/745 312/746
f 295/747 314/748 313/749
f 296/750 315/751 314/752
f 297/753 316/754 315/755
f 298/756 317/757 316/758
f 299/759 319/760 317/761
f 318/762 321/763 319/764
f 320/765 323/766 321/767
f 322/768 325/769 323/770
f 324/771 326/772 325/773
f 300/774 327/775 326/776
f 302/777 327/778 301/779
f 329/780 328/781 302/782
f 303/783 330/784 329/785
f 304/703 331/786 303/704
f 305/706 332/787 304/707
f 334/709 333/788 305/710
f 306/712 335/789 334/713
f 337/715 336/790 306/716
f 307/718 338/791 337/719
f 308/721 339/792 307/722
f 341/724 340/793 308/725
f 343/727 342/794 341/728
f 309/730 344/795 343/731
f 346/733 345/796 309/734
f 310/736 347/797 346/737
f 349/739 348/798 310/740
f 312/742 350/799 368/743
f 313/745 255/800 312/746
f 314/748 351/801 313/749
f 315/751 258/802 314/752
f 316/754 352/803 315/755
f 317/757 261/804 316/758
f 319/760 263/805 317/761
f 321/763 353/806 319/764
f 323/766 266/807 321/767
f 325/769 354/808 323/770
f 326/772 355/809 325/773
f 327/775 270/810 326/776
f 328/811 356/812 327/813
f 330/814 273/815 328/816
f 330/817 357/818 275/819
f 331/820 358/821 357/822
f 332/823 359/824 358/825
f 333/826 360/827 359/828
f 335/829 281/830 360/831
f 336/832 283/833 281/834
f 338/835 361/836 283/837
f 339/838 286/839 361/840
f 340/841 362/842 286/843
f 342/844 289/845 362/846
f 344/847 363/848 289/849
f 345/850 364/851 363/852
f 347/853 365/854 364/855
f 348/856 294/857 365/858
f 350/859 366/601 367/683
f 350/799 367/683 368/743
f 294/860 369/861 349/862
f 95/140 96/213 94/212
f 480/863 370/864 371/865
f 465/866 373/867 370/868
f 372/869 374/870 373/871
f 466/872 375/873 374/874
f 467/875 376/876 375/877
f 468/878 377/879 376/880
f 469/881 378/882 377/883
f 470/884 380/885 378/886
f 379/887 381/888 380/889
f 471/890 382/891 381/892
f 472/893 384/894 382/895
f 383/896 386/897 384/898
f 385/899 388/900 386/901
f 387/902 390/903 388/904
f 389/905 392/906 390/907
f 391/908 393/909 392/910
f 474/911 393/912 473/913
f 475/914 394/915 474/916
f 476/917 395/918 475/919
f 397/920 396/921 476/922
f 399/923 398/924 397/925
f 401/926 400/927 399/928
f 403/929 402/930 401/931
f 477/932 404/933 403/934
f 478/935 405/936 477/937
f 479/938 406/939 478/940
f 408/941 407/942 479/943
f 408/944 482/945 409/946
f 370/864 423/947 371/865
f 373/867 410/948 370/868
f 374/870 411/949 373/871
f 375/873 426/950 374/874
f 376/876 412/951 375/877
f 377/879 429/952 376/880
f 378/882 431/953 377/883
f 380/885 413/954 378/886
f 380/955 435/956 414/957
f 381/958 437/959 435/960
f 382/961 439/962 437/963
f 384/964 415/965 439/966
f 386/967 442/968 415/969
f 388/970 416/971 442/972
f 390/973 417/974 416/975
f 392/976 446/977 417/978
f 393/979 418/980 446/981
f 394/982 419/983 418/984
f 395/985 420/986 419/987
f 396/988 421/989 420/990
f 398/991 452/992 421/993
f 400/994 422/995 452/996
f 402/997 455/998 422/999
f 404/1000 457/1001 455/1002
f 405/1003 459/1004 457/1005
f 406/1006 461/1007 459/1008
f 407/1009 463/1010 461/1011
f 409/946 482/1012 463/1013
f 423/1014 424/1015 481/1016
f 410/1017 425/1018 424/1019
f 411/1020 427/1021 425/1022
f 426/1023 428/1024 427/1025
f 412/1026 430/1027 428/1028
f 429/1029 432/1030 430/1031
f 431/1032 433/1033 432/1034
f 413/1035 434/1036 433/1037
f 414/1038 436/1039 434/1040
f 435/1041 438/1042 436/1043
f 437/1044 440/1045 438/1046
f 439/1047 441/1048 440/1049
f 415/1050 443/1051 441/1052
f 442/1053 444/1054 443/1055
f 416/1056 445/1057 444/1058
f 446/977 445/1059 417/978
f 418/980 447/1060 446/981
f 419/983 448/1061 418/984
f 420/986 449/1062 419/987
f 421/989 450/1063 420/990
f 452/992 451/1064 421/993
f 422/995 453/1065 452/996
f 455/998 454/1066 422/999
f 457/1001 456/1067 455/1002
f 459/1004 458/1068 457/1005
f 461/1007 460/1069 459/1008
f 463/1010 462/1070 461/1011
f 463/1013 482/1071 464/1072
f 424/1015 480/1073 481/1016
f 425/1018 465/1074 424/1019
f 427/1021 372/1075 425/1022
f 428/1024 466/1076 427/1025
f 430/1027 467/1077 428/1028
f 432/1030 468/1078 430/1031
f 433/1033 469/1079 432/1034
f 434/1036 470/1080 433/1037
f 436/1039 379/1081 434/1040
f 438/1042 471/1082 436/1043
f 440/1045 472/1083 438/1046
f 440/1084 385/1085 383/1086
f 441/1087 387/1088 385/1089
f 443/1090 389/1091 387/1092
f 444/1093 391/1094 389/1095
f 445/1096 473/1097 391/1098
f 447/1099 474/1100 473/1101
f 448/1102 475/1103 474/1104
f 449/1105 476/1106 475/1107
f 450/1108 397/1109 476/1110
f 451/1111 399/1112 397/1113
f 453/1114 401/1115 399/1116
f 454/1117 403/1118 401/1119
f 456/1120 477/1121 403/1122
f 458/1123 478/1124 477/1125
f 460/1126 479/1127 478/1128
f 462/1129 408/1130 479/1131
f 464/1072 482/1132 408/1133
f 480/1134 371/865 423/947
f 480/1073 423/947 481/1016
f 93/137 94/212 92/211
f 59/130 92/211 91/210
f 607/1135 484/1136 485/1137
f 483/1138 487/1139 484/1140
f 486/1141 489/1142 487/1143
f 488/1144 491/1145 489/1146
f 490/1147 493/1148 491/1149
f 492/1150 494/1151 493/1152
f 596/1153 495/1154 494/1155
f 597/1156 497/1157 495/1158
f 496/1159 499/1160 497/1161
f 498/1162 501/1163 499/1164
f 500/1165 503/1166 501/1167
f 502/1168 504/1169 503/1170
f 505/1171 504/1172 598/1173
f 507/1174 506/1175 505/1176
f 509/1177 508/1178 507/1179
f 509/1180 512/1181 510/1182
f 511/1183 514/1184 512/1185
f 515/1186 514/1187 513/1188
f 599/1189 516/1190 515/1191
f 600/1192 517/1193 599/1194
f 519/1195 518/1196 600/1197
f 601/1198 520/1199 519/1200
f 602/1201 521/1202 601/1203
f 602/1204 523/1205 522/1206
f 603/1207 525/1208 523/1209
f 526/1210 525/1211 524/1212
f 604/1213 527/1214 526/1215
f 604/1216 529/1217 528/1218
f 605/1219 531/1220 529/1221
f 530/1222 533/1223 531/1224
f 532/1225 606/1226 533/1227
f 484/1136 548/1228 485/1137
f 484/1229 535/1230 534/1231
f 487/1232 551/1233 535/1234
f 489/1235 553/1236 551/1237
f 491/1238 555/1239 553/1240
f 493/1241 557/1242 555/1243
f 494/1244 536/1245 557/1246
f 495/1247 537/1248 536/1249
f 497/1250 561/1251 537/1252
f 499/1253 563/1254 561/1255
f 501/1256 538/1257 563/1258
f 504/1169 538/1259 503/1170
f 506/1260 566/1261 504/1262
f 506/1263 569/1264 539/1265
f 508/1266 540/1267 569/1268
f 510/1269 572/1270 540/1271
f 512/1272 574/1273 572/1274
f 516/1275 574/1276 514/1277
f 517/1278 541/1279 516/1280
f 518/1281 542/1282 517/1283
f 520/1284 578/1285 518/1286
f 521/1287 580/1288 520/1289
f 522/1290 582/1291 521/1292
f 523/1205 584/1293 522/1206
f 523/1294 544/1295 543/1296
f 525/1297 588/1298 544/1299
f 527/1300 545/1301 588/1302
f 528/1303 591/1304 545/1305
f 529/1306 546/1307 591/1308
f 531/1309 547/1310 546/1311
f 606/1226 547/1312 533/1227
f 548/1313 549/1314 608/1315
f 534/1316 550/1317 549/1318
f 535/1319 552/1320 550/1321
f 551/1322 554/1323 552/1324
f 553/1325 556/1326 554/1327
f 555/1328 558/1329 556/1330
f 557/1331 559/1332 558/1333
f 536/1334 560/1335 559/1336
f 537/1337 562/1338 560/1339
f 561/1340 564/1341 562/1342
f 538/1257 564/1343 563/1258
f 566/1344 565/1345 538/1346
f 539/1347 567/1348 566/1349
f 539/1350 570/1351 568/1352
f 569/1353 571/1354 570/1355
f 540/1356 573/1357 571/1358
f 572/1359 575/1360 573/1361
f 541/1362 575/1363 574/1364
f 542/1365 576/1366 541/1367
f 578/1368 577/1369 542/1370
f 580/1371 579/1372 578/1373
f 582/1374 581/1375 580/1376
f 584/1377 583/1378 582/1379
f 543/1380 585/1381 584/1382
f 544/1295 586/1383 543/1296
f 544/1384 589/1385 587/1386
f 588/1387 590/1388 589/1389
f 591/1304 590/1390 545/1305
f 546/1307 592/1391 591/1308
f 547/1310 593/1392 546/1311
f 547/1312 606/1393 594/1394
f 549/1314 607/1395 608/1315
f 550/1317 483/1396 549/1318
f 552/1320 486/1397 550/1321
f 552/1398 490/1399 488/1400
f 554/1401 492/1402 490/1403
f 556/1404 596/1405 492/1406
f 558/1407 597/1408 596/1409
f 559/1410 496/1411 597/1412
f 560/1413 498/1414 496/1415
f 562/1416 500/1417 498/1418
f 564/1419 502/1420 500/1421
f 565/1422 598/1423 502/1424
f 568/1425 598/1426 567/1427
f 570/1351 505/1428 568/1352
f 570/1429 509/1430 507/1431
f 571/1432 511/1433 509/1434
f 575/1360 511/1435 573/1361
f 576/1436 513/1437 575/1438
f 577/1439 515/1440 576/1441
f 579/1442 599/1443 577/1444
f 581/1445 600/1446 579/1447
f 583/1448 519/1449 581/1450
f 585/1451 601/1452 583/1453
f 586/1454 602/1455 585/1456
f 586/1457 524/1458 603/1459
f 587/1460 526/1461 524/1462
f 589/1463 604/1464 526/1465
f 590/1466 605/1467 604/1468
f 593/1469 605/1470 592/1471
f 593/1472 532/1473 530/1474
f 594/1394 606/1475 532/1476
f 607/1477 485/1137 548/1228
f 607/1395 548/1228 608/1315
f 58/127 91/210 90/209
f 57/124 90/209 89/208
f 610/1478 727/1479 609/1480
f 612/1481 611/1482 610/1483
f 712/1484 613/1485 612/1486
f 615/1487 614/1488 712/1489
f 713/1490 616/1491 615/1492
f 714/1493 617/1494 713/1495
f 715/1496 618/1497 714/1498
f 716/1499 619/1500 715/1501
f 717/1502 620/1503 716/1504
f 622/1505 621/1506 717/1507
f 624/1508 623/1509 622/1510
f 626/1511 625/1512 624/1513
f 628/1514 627/1515 626/1516
f 718/1517 629/1518 628/1519
f 631/1520 630/1521 718/1522
f 719/1523 632/1524 631/1525
f 634/1526 633/1527 719/1528
f 634/1529 636/1530 635/1531
f 720/1532 637/1533 636/1534
f 721/1535 639/1536 637/1537
f 638/1538 641/1539 639/1540
f 640/1541 643/1542 641/1543
f 642/1544 645/1545 643/1546
f 644/1547 646/1548 645/1549
f 723/1550 646/1551 722/1552
f 724/1553 647/1554 723/1555
f 649/1556 648/1557 724/1558
f 725/1559 650/1560 649/1561
f 725/1562 652/1563 651/1564
f 726/1565 668/1566 652/1567
f 727/1568 653/1569 728/1570
f 611/1571 654/1572 653/1573
f 613/1574 671/1575 654/1576
f 614/1577 673/1578 671/1579
f 617/1580 673/1581 616/1582
f 618/1583 655/1584 617/1585
f 619/1586 656/1587 618/1588
f 620/1589 677/1590 619/1591
f 621/1592 679/1593 620/1594
f 623/1595 657/1596 621/1597
f 625/1598 658/1599 623/1600
f 625/1601 660/1602 659/1603
f 627/1604 661/1605 660/1606
f 629/1607 686/1608 661/1609
f 632/1610 686/1611 630/1612
f 633/1613 688/1614 632/1615
f 635/1616 662/1617 633/1618
f 635/1619 692/1620 663/1621
f 636/1622 694/1623 692/1624
f 637/1625 696/1626 694/1627
f 639/1628 698/1629 696/1630
f 641/1631 664/1632 698/1633
f 643/1634 665/1635 664/1636
f 646/1548 665/1637 645/1549
f 647/1638 702/1639 646/1640
f 648/1641 666/1642 647/1643
f 650/1644 667/1645 648/1646
f 651/1647 706/1648 650/1649
f 651/1650 710/1651 708/1652
f 652/1567 668/1653 710/1654
f 653/1569 729/1655 728/1570
f 654/1572 669/1656 653/1573
f 671/1575 670/1657 654/1576
f 673/1578 672/1658 671/1579
f 655/1659 674/1660 673/1661
f 656/1662 675/1663 655/1664
f 677/1665 676/1666 656/1667
f 679/1668 678/1669 677/1670
f 657/1671 680/1672 679/1673
f 658/1674 681/1675 657/1676
f 659/1677 682/1678 658/1679
f 659/1680 684/1681 683/1682
f 660/1683 685/1684 684/1685
f 661/1686 687/1687 685/1688
f 686/1689 689/1690 687/1691
f 688/1692 690/1693 689/1694
f 662/1695 691/1696 690/1697
f 663/1698 693/1699 691/1700
f 692/1701 695/1702 693/1703
f 694/1704 697/1705 695/1706
f 696/1707 699/1708 697/1709
f 698/1710 700/1711 699/1712
f 664/1713 701/1714 700/1715
f 702/1716 701/1717 665/1718
f 666/1719 703/1720 702/1721
f 666/1722 705/1723 704/1724
f 667/1725 707/1726 705/1727
f 706/1728 709/1729 707/1730
f 710/1651 709/1731 708/1652
f 710/1654 668/1732 711/1733
f 729/1734 610/1735 609/1736
f 670/1737 610/1738 669/1739
f 672/1740 612/1741 670/1742
f 674/1743 712/1744 672/1745
f 675/1746 615/1747 674/1748
f 676/1749 713/1750 675/1751
f 678/1752 714/1753 676/1754
f 680/1755 715/1756 678/1757
f 680/1758 717/1759 716/1760
f 681/1761 622/1762 717/1763
f 683/1764 622/1765 682/1766
f 684/1681 624/1767 683/1682
f 685/1684 626/1768 684/1685
f 687/1687 628/1769 685/1688
f 689/1690 718/1770 687/1691
f 690/1693 631/1771 689/1694
f 690/1772 634/1773 719/1774
f 691/1775 720/1776 634/1777
f 693/1778 721/1779 720/1780
f 695/1781 638/1782 721/1783
f 697/1784 640/1785 638/1786
f 699/1787 642/1788 640/1789
f 700/1790 644/1791 642/1792
f 701/1793 722/1794 644/1795
f 703/1796 723/1797 722/1798
f 704/1799 724/1800 723/1801
f 705/1802 649/1803 724/1804
f 709/1729 649/1805 707/1730
f 711/1806 725/1807 709/1808
f 711/1733 668/1809 726/1810
f 609/1811 727/1479 728/1570
f 609/1736 728/1570 729/1734
f 56/121 89/208 88/207
f 87/122 88/207 86/206
f 834/1812 731/1813 835/1814
f 836/1815 730/1816 834/1817
f 837/1818 732/1819 836/1820
f 837/1821 734/1822 733/1823
f 838/1824 735/1825 734/1826
f 839/1827 737/1828 735/1829
f 738/1830 737/1831 736/1832
f 740/1833 739/1834 738/1835
f 840/1836 741/1837 740/1838
f 840/1839 743/1840 742/1841
f 841/1842 744/1843 743/1844
f 842/1845 746/1846 744/1847
f 745/1848 747/1849 746/1850
f 843/1851 749/1852 747/1853
f 750/1854 749/1855 748/1856
f 750/1857 753/1858 751/1859
f 752/1860 754/1861 753/1862
f 844/1863 755/1864 754/1865
f 756/1866 755/1867 845/1868
f 758/1869 757/1870 756/1871
f 846/1872 759/1873 758/1874
f 847/1875 760/1876 846/1877
f 848/1878 761/1879 847/1880
f 848/1881 764/1882 762/1883
f 763/1884 766/1885 764/1886
f 765/1887 767/1888 766/1889
f 850/1890 767/1891 849/1892
f 850/1893 769/1894 768/1895
f 852/1896 769/1897 851/1898
f 852/1899 771/1900 770/1901
f 853/1902 772/1903 771/1904
f 731/1905 792/1906 854/1907
f 730/1908 795/1909 792/1910
f 732/1911 773/1912 795/1913
f 733/1914 774/1915 773/1916
f 734/1917 775/1918 774/1919
f 735/1920 776/1921 775/1922
f 737/1923 801/1924 776/1925
f 739/1926 777/1927 801/1928
f 741/1929 804/1930 777/1931
f 743/1840 804/1932 742/1841
f 744/1843 806/1933 743/1844
f 746/1846 778/1934 744/1847
f 747/1849 779/1935 746/1850
f 747/1936 780/1937 810/1938
f 749/1939 813/1940 780/1941
f 751/1942 781/1943 813/1944
f 753/1945 816/1946 781/1947
f 754/1948 782/1949 816/1950
f 757/1951 782/1952 755/1953
f 759/1954 783/1955 757/1956
f 760/1957 784/1958 759/1959
f 761/1960 785/1961 760/1962
f 762/1963 786/1964 761/1965
f 764/1882 823/1966 762/1883
f 766/1885 825/1967 764/1886
f 767/1888 787/1968 766/1889
f 767/1969 829/1970 788/1971
f 769/1894 829/1972 768/1895
f 770/1973 789/1974 769/1975
f 771/1900 790/1976 770/1901
f 771/1904 772/1977 791/1978
f 792/1906 794/1979 854/1907
f 792/1980 796/1981 793/1982
f 795/1983 797/1984 796/1985
f 773/1986 798/1987 797/1988
f 774/1989 799/1990 798/1991
f 775/1992 800/1993 799/1994
f 776/1995 802/1996 800/1997
f 801/1998 803/1999 802/2000
f 777/2001 805/2002 803/2003
f 806/2004 805/2005 804/2006
f 778/2007 807/2008 806/2009
f 779/2010 808/2011 778/2012
f 810/2013 809/2014 779/2015
f 810/2016 812/2017 811/2018
f 780/2019 814/2020 812/2021
f 813/2022 815/2023 814/2024
f 781/2025 817/2026 815/2027
f 816/2028 818/2029 817/2030
f 783/2031 818/2032 782/2033
f 783/2034 820/2035 819/2036
f 785/2037 820/2038 784/2039
f 786/2040 821/2041 785/2042
f 823/2043 822/2044 786/2045
f 825/2046 824/2047 823/2048
f 787/2049 826/2050 825/2051
f 787/2052 828/2053 827/2054
f 788/2055 830/2056 828/2057
f 789/2058 830/2059 829/2060
f 789/2061 832/2062 831/2063
f 791/2064 832/2065 790/2066
f 791/1978 772/2067 833/2068
f 794/2069 834/2070 835/2071
f 793/2072 836/2073 834/2074
f 796/2075 837/2076 836/2077
f 797/2078 838/2079 837/2080
f 798/2081 839/2082 838/2083
f 799/2084 736/2085 839/2086
f 800/2087 738/2088 736/2089
f 803/1999 738/2090 802/2000
f 805/2002 740/2091 803/2003
f 805/2092 841/2093 840/2094
f 807/2095 842/2096 841/2097
f 808/2098 745/2099 842/2100
f 809/2101 843/2102 745/2103
f 811/2104 748/2105 843/2106
f 814/2020 748/2107 812/2021
f 814/2108 752/2109 750/2110
f 815/2111 844/2112 752/2113
f 818/2029 844/2114 817/2030
f 819/2115 845/2116 818/2117
f 819/2118 758/2119 756/2120
f 821/2121 758/2122 820/2123
f 822/2124 846/2125 821/2126
f 824/2127 847/2128 822/2129
f 824/2130 763/2131 848/2132
f 826/2133 765/2134 763/2135
f 828/2053 765/2136 827/2054
f 830/2056 849/2137 828/2057
f 831/2138 850/2139 830/2140
f 832/2062 851/2141 831/2063
f 833/2142 852/2143 832/2144
f 833/2068 772/2145 853/2146
f 835/2147 731/1813 854/1907
f 835/2071 854/1907 794/2069
f 55/115 86/206 85/205
f 54/112 85/205 84/204
f 855/2148 978/2149 977/2150
f 965/2151 856/2152 855/2153
f 966/2154 857/2155 965/2156
f 967/2157 858/2158 966/2159
f 968/2160 859/2161 967/2162
f 969/2163 860/2164 968/2165
f 970/2166 861/2167 969/2168
f 863/2169 862/2170 970/2171
f 971/2172 864/2173 863/2174
f 971/2175 867/2176 865/2177
f 866/2178 869/2179 867/2180
f 868/2181 871/2182 869/2183
f 870/2184 873/2185 871/2186
f 872/2187 874/2188 873/2189
f 875/2190 874/2191 972/2192
f 877/2193 876/2194 875/2195
f 879/2196 878/2197 877/2198
f 881/2199 880/2200 879/2201
f 881/2202 884/2203 882/2204
f 883/2205 886/2206 884/2207
f 885/2208 888/2209 886/2210
f 887/2211 890/2212 888/2213
f 889/2214 891/2215 890/2216
f 973/2217 893/2218 891/2219
f 892/2220 894/2221 893/2222
f 974/2223 896/2224 894/2225
f 897/2226 896/2227 895/2228
f 897/2229 899/2230 898/2231
f 975/2232 901/2233 899/2234
f 900/2235 902/2236 901/2237
f 976/2238 919/2239 902/2240
f 978/2241 903/2242 920/2243
f 856/2244 922/2245 903/2246
f 857/2247 904/2248 922/2249
f 859/2250 904/2251 858/2252
f 860/2253 905/2254 859/2255
f 861/2256 926/2257 860/2258
f 861/2259 930/2260 928/2261
f 862/2262 906/2263 930/2264
f 865/2265 906/2266 864/2267
f 867/2176 933/2268 865/2177
f 869/2179 935/2269 867/2180
f 871/2182 907/2270 869/2183
f 873/2185 908/2271 871/2186
f 874/2188 939/2272 873/2189
f 874/2273 942/2274 909/2275
f 878/2276 942/2277 876/2278
f 880/2279 910/2280 878/2281
f 882/2282 945/2283 880/2284
f 882/2285 912/2286 911/2287
f 884/2288 949/2289 912/2290
f 886/2291 951/2292 949/2293
f 888/2294 953/2295 951/2296
f 890/2297 955/2298 953/2299
f 893/2218 955/2300 891/2219
f 894/2221 913/2301 893/2222
f 896/2224 914/2302 894/2225
f 896/2303 960/2304 915/2305
f 899/2230 960/2306 898/2231
f 899/2307 917/2308 916/2309
f 902/2236 917/2310 901/2237
f 902/2240 919/2311 918/2312
f 903/2242 979/2313 920/2243
f 922/2245 921/2314 903/2246
f 904/2248 923/2315 922/2249
f 905/2316 924/2317 904/2318
f 926/2319 925/2320 905/2321
f 928/2322 927/2323 926/2324
f 930/2260 929/2325 928/2261
f 906/2263 931/2326 930/2264
f 933/2327 932/2328 906/2329
f 935/2330 934/2331 933/2332
f 907/2333 936/2334 935/2335
f 908/2336 937/2337 907/2338
f 939/2339 938/2340 908/2341
f 909/2342 940/2343 939/2344
f 909/2345 943/2346 941/2347
f 910/2348 943/2349 942/2350
f 945/2351 944/2352 910/2353
f 945/2354 947/2355 946/2356
f 911/2357 948/2358 947/2359
f 949/2289 948/2360 912/2290
f 949/2361 952/2362 950/2363
f 951/2364 954/2365 952/2366
f 953/2367 956/2368 954/2369
f 913/2370 956/2371 955/2372
f 914/2373 957/2374 913/2375
f 914/2376 959/2377 958/2378
f 915/2379 961/2380 959/2381
f 960/2382 962/2383 961/2384
f 916/2385 963/2386 962/2387
f 917/2388 964/2389 963/2390
f 918/2312 919/2391 964/2392
f 979/2393 855/2394 977/2395
f 923/2396 855/2397 921/2398
f 924/2399 965/2400 923/2401
f 925/2402 966/2403 924/2404
f 927/2405 967/2406 925/2407
f 929/2408 968/2409 927/2410
f 931/2411 969/2412 929/2413
f 932/2414 970/2415 931/2416
f 934/2417 863/2418 932/2419
f 934/2420 866/2421 971/2422
f 936/2423 868/2424 866/2425
f 937/2426 870/2427 868/2428
f 938/2429 872/2430 870/2431
f 940/2432 972/2433 872/2434
f 943/2346 972/2435 941/2347
f 944/2436 875/2437 943/2438
f 946/2439 877/2440 944/2441
f 947/2355 879/2442 946/2356
f 947/2443 883/2444 881/2445
f 950/2446 883/2447 948/2448
f 950/2449 887/2450 885/2451
f 952/2452 889/2453 887/2454
f 954/2455 973/2456 889/2457
f 956/2458 892/2459 973/2460
f 957/2461 974/2462 892/2463
f 959/2377 974/2464 958/2378
f 961/2380 895/2465 959/2381
f 961/2466 975/2467 897/2468
f 963/2386 975/2469 962/2387
f 963/2470 976/2471 900/2472
f 964/2392 919/2473 976/2474
f 977/2475 978/2149 920/2243
f 977/2395 920/2243 979/2393
f 52/110 53/109 84/202
f 51/107 52/106 83/199
f 1028/2476 980/2477 981/2478
f 1020/2479 982/2480 980/2481
f 1021/2482 984/2483 982/2484
f 983/2485 986/2486 984/2487
f 985/2488 987/2489 986/2490
f 988/2491 987/2492 1022/2493
f 1023/2494 989/2495 988/2496
f 1024/2497 990/2498 1023/2499
f 992/2500 991/2501 1024/2502
f 1025/2503 993/2504 992/2505
f 1026/2506 994/2507 1025/2508
f 1027/2509 995/2510 1026/2511
f 980/2477 1003/2512 981/2478
f 982/2480 997/2513 980/2481
f 984/2483 1005/2514 982/2484
f 986/2486 998/2515 984/2487
f 987/2489 999/2516 986/2490
f 987/2517 1010/2518 1000/2519
f 989/2520 1012/2521 1010/2522
f 990/2523 1001/2524 1012/2525
f 991/2526 1015/2527 1001/2528
f 993/2529 1017/2530 1015/2531
f 994/2532 1002/2533 1017/2534
f 995/2535 1030/2536 1002/2537
f 1003/2538 1004/2539 1029/2540
f 997/2541 1006/2542 1004/2543
f 1005/2544 1007/2545 1006/2546
f 998/2547 1008/2548 1007/2549
f 999/2550 1009/2551 1008/2552
f 1000/2553 1011/2554 1009/2555
f 1012/2521 1011/2556 1010/2522
f 1001/2524 1013/2557 1012/2525
f 1015/2527 1014/2558 1001/2528
f 1017/2530 1016/2559 1015/2531
f 1002/2533 1018/2560 1017/2534
f 1030/2536 1019/2561 1002/2537
f 1004/2539 1028/2562 1029/2540
f 1006/2542 1020/2563 1004/2543
f 1007/2545 1021/2564 1006/2546
f 1008/2548 983/2565 1007/2549
f 1009/2551 985/2566 1008/2552
f 1009/2567 988/2568 1022/2569
f 1011/2570 1023/2571 988/2572
f 1013/2573 1024/2574 1023/2575
f 1014/2576 992/2577 1024/2578
f 1016/2579 1025/2580 992/2581
f 1018/2582 1026/2583 1025/2584
f 1019/2585 1027/2586 1026/2587
f 1028/2588 981/2478 1003/2512
f 1028/2562 1003/2512 1029/2540
f 1027/2589 996/2590 1030/2591
f 80/195 51/198 82/196
f 1076/2592 1031/2593 1032/2594
f 1075/2595 1034/2596 1031/2597
f 1033/2598 1035/2599 1034/2600
f 1077/2601 1036/2602 1035/2603
f 1078/2604 1038/2605 1036/2606
f 1037/2607 1040/2608 1038/2609
f 1041/2610 1040/2611 1039/2612
f 1079/2613 1042/2614 1041/2615
f 1044/2616 1043/2617 1079/2618
f 1046/2619 1045/2620 1044/2621
f 1080/2622 1047/2623 1046/2624
f 1081/2625 1048/2626 1080/2627
f 1031/2593 1055/2628 1032/2594
f 1034/2596 1050/2629 1031/2597
f 1035/2599 1058/2630 1034/2600
f 1036/2602 1060/2631 1035/2603
f 1038/2605 1051/2632 1036/2606
f 1038/2633 1064/2634 1052/2635
f 1040/2636 1066/2637 1064/2638
f 1042/2639 1068/2640 1066/2641
f 1043/2642 1053/2643 1068/2644
f 1045/2645 1054/2646 1053/2647
f 1047/2648 1072/2649 1054/2650
f 1048/2651 1074/2652 1072/2653
f 1055/2654 1056/2655 1057/2656
f 1050/2657 1059/2658 1056/2659
f 1058/2660 1061/2661 1059/2662
f 1060/2663 1062/2664 1061/2665
f 1051/2666 1063/2667 1062/2668
f 1064/2634 1063/2669 1052/2635
f 1066/2637 1065/2670 1064/2638
f 1068/2640 1067/2671 1066/2641
f 1053/2643 1069/2672 1068/2644
f 1054/2646 1070/2673 1053/2647
f 1072/2649 1071/2674 1054/2650
f 1074/2652 1073/2675 1072/2653
f 1056/2655 1076/2676 1057/2656
f 1059/2658 1075/2677 1056/2659
f 1061/2661 1033/2678 1059/2662
f 1062/2664 1077/2679 1061/2665
f 1063/2667 1078/2680 1062/2668
f 1065/2681 1037/2682 1063/2683
f 1065/2684 1041/2685 1039/2686
f 1067/2687 1079/2688 1041/2689
f 1069/2690 1044/2691 1079/2692
f 1070/2693 1046/2694 1044/2695
f 1071/2696 1080/2697 1046/2698
f 1073/2699 1081/2700 1080/2701
f 1076/2702 1032/2594 1055/2628
f 1076/2676 1055/2628 1057/2656
f 1081/2703 1049/2704 1074/2705
f 78/192 80/195 81/193
f 1130/2706 1082/2707 1136/2708
f 1129/2709 1083/2710 1082/2711
f 1131/2712 1085/2713 1083/2714
f 1084/2715 1086/2716 1085/2717
f 1132/2718 1088/2719 1086/2720
f 1087/2721 1090/2722 1088/2723
f 1091/2724 1090/2725 1089/2726
f 1093/2727 1092/2728 1091/2729
f 1095/2730 1094/2731 1093/2732
f 1133/2733 1096/2734 1095/2735
f 1134/2736 1097/2737 1133/2738
f 1099/2739 1098/2740 1134/2741
f 1135/2742 1100/2743 1099/2744
f 1082/2707 1102/2745 1136/2708
f 1083/2710 1101/2746 1082/2711
f 1085/2713 1111/2747 1083/2714
f 1086/2716 1103/2748 1085/2717
f 1088/2719 1114/2749 1086/2720
f 1090/2722 1104/2750 1088/2723
f 1090/2751 1119/2752 1117/2753
f 1092/2754 1105/2755 1119/2756
f 1094/2757 1122/2758 1105/2759
f 1096/2760 1106/2761 1122/2762
f 1097/2763 1125/2764 1106/2765
f 1098/2766 1107/2767 1125/2768
f 1100/2769 1108/2770 1107/2771
f 1102/2772 1109/2773 1110/2774
f 1101/2775 1112/2776 1109/2777
f 1111/2778 1113/2779 1112/2780
f 1103/2781 1115/2782 1113/2783
f 1114/2784 1116/2785 1115/2786
f 1104/2787 1118/2788 1116/2789
f 1119/2752 1118/2790 1117/2753
f 1105/2755 1120/2791 1119/2756
f 1122/2758 1121/2792 1105/2759
f 1106/2761 1123/2793 1122/2762
f 1125/2764 1124/2794 1106/2765
f 1107/2767 1126/2795 1125/2768
f 1108/2770 1127/2796 1107/2771
f 1109/2773 1130/2797 1110/2774
f 1112/2776 1129/2798 1109/2777
f 1113/2779 1131/2799 1112/2780
f 1115/2782 1084/2800 1113/2783
f 1116/2785 1132/2801 1115/2786
f 1118/2788 1087/2802 1116/2789
f 1118/2803 1091/2804 1089/2805
f 1120/2806 1093/2807 1091/2808
f 1121/2809 1095/2810 1093/2811
f 1123/2812 1133/2813 1095/2814
f 1124/2815 1134/2816 1133/2817
f 1126/2818 1099/2819 1134/2820
f 1127/2821 1135/2822 1099/2823
f 1130/2824 1136/2708 1102/2745
f 1130/2797 1102/2745 1110/2774
f 1135/2825 1128/2826 1108/2827
f 76/189 78/192 79/190
f 1137/2828 1139/2829 1140/2830
f 1138/2831 1142/2832 1139/2833
f 1141/2834 1144/2835 1142/2836
f 1143/2837 1145/2838 1144/2839
f 1185/2840 1145/2841 1184/2842
f 1186/2843 1146/2844 1185/2845
f 1187/2846 1147/2847 1186/2848
f 1149/2849 1148/2850 1187/2851
f 1188/2852 1150/2853 1149/2854
f 1152/2855 1151/2856 1188/2857
f 1189/2858 1153/2859 1152/2860
f 1155/2861 1154/2862 1189/2863
f 1190/2864 1156/2865 1155/2866
f 1139/2829 1158/2867 1140/2830
f 1142/2832 1157/2868 1139/2833
f 1144/2835 1159/2869 1142/2836
f 1145/2838 1160/2870 1144/2839
f 1146/2871 1161/2872 1145/2873
f 1146/2874 1172/2875 1162/2876
f 1147/2877 1174/2878 1172/2879
f 1148/2880 1176/2881 1174/2882
f 1150/2883 1163/2884 1176/2885
f 1151/2886 1164/2887 1163/2888
f 1153/2889 1165/2890 1164/2891
f 1154/2892 1181/2893 1165/2894
f 1156/2895 1192/2896 1181/2897
f 1158/2898 1166/2899 1167/2900
f 1157/2901 1168/2902 1166/2903
f 1159/2904 1169/2905 1168/2906
f 1160/2907 1170/2908 1169/2909
f 1161/2910 1171/2911 1170/2912
f 1172/2875 1171/2913 1162/2876
f 1174/2878 1173/2914 1172/2879
f 1176/2881 1175/2915 1174/2882
f 1163/2884 1177/2916 1176/2885
f 1164/2887 1178/2917 1163/2888
f 1165/2890 1179/2918 1164/2891
f 1181/2893 1180/2919 1165/2894
f 1192/2896 1182/2920 1181/2897
f 1166/2899 1137/2921 1167/2900
f 1168/2902 1138/2922 1166/2903
f 1169/2905 1141/2923 1168/2906
f 1170/2908 1143/2924 1169/2909
f 1170/2925 1185/2926 1184/2927
f 1171/2928 1186/2929 1185/2930
f 1173/2931 1187/2932 1186/2933
f 1175/2934 1149/2935 1187/2936
f 1177/2937 1188/2938 1149/2939
f 1178/2940 1152/2941 1188/2942
f 1179/2943 1189/2944 1152/2945
f 1180/2946 1155/2947 1189/2948
f 1182/2949 1190/2950 1155/2951
f 1137/2952 1140/2830 1158/2867
f 1137/2921 1158/2867 1167/2900
f 1190/2953 1191/2954 1192/2955
f 1190/2953 1192/2955 1183/2956
f 1243/2957 1194/2958 1195/2959
f 1193/2960 1196/2961 1194/2962
f 1245/2963 1196/2964 1244/2965
f 1198/2966 1197/2967 1245/2968
f 1246/2969 1199/2970 1198/2971
f 1201/2972 1200/2973 1246/2974
f 1203/2975 1202/2976 1201/2977
f 1205/2978 1204/2979 1203/2980
f 1247/2981 1206/2982 1205/2983
f 1248/2984 1207/2985 1247/2986
f 1209/2987 1208/2988 1248/2989
f 1211/2990 1210/2991 1209/2992
f 1213/2993 1212/2994 1211/2995
f 1249/2996 1214/2997 1213/2998
f 1194/2958 1216/2999 1195/2959
f 1196/2961 1215/3000 1194/2962
f 1197/3001 1224/3002 1196/3003
f 1197/3004 1227/3005 1217/3006
f 1199/3007 1229/3008 1227/3009
f 1200/3010 1218/3011 1229/3012
f 1202/3013 1219/3014 1218/3015
f 1204/3016 1233/3017 1219/3018
f 1206/3019 1235/3020 1233/3021
f 1207/3022 1220/3023 1235/3024
f 1208/3025 1221/3026 1220/3027
f 1210/3028 1239/3029 1221/3030
f 1212/3031 1241/3032 1239/3033
f 1214/3034 1222/3035 1241/3036
f 1216/3037 1223/3038 1250/3039
f 1215/3040 1225/3041 1223/3042
f 1224/3043 1226/3044 1225/3045
f 1227/3005 1226/3046 1217/3006
f 1229/3008 1228/3047 1227/3009
f 1218/3011 1230/3048 1229/3012
f 1219/3014 1231/3049 1218/3015
f 1233/3017 1232/3050 1219/3018
f 1235/3020 1234/3051 1233/3021
f 1220/3023 1236/3052 1235/3024
f 1221/3026 1237/3053 1220/3027
f 1239/3029 1238/3054 1221/3030
f 1241/3032 1240/3055 1239/3033
f 1222/3035 1242/3056 1241/3036
f 1223/3038 1243/3057 1250/3039
f 1225/3041 1193/3058 1223/3042
f 1226/3044 1244/3059 1225/3045
f 1228/3060 1245/3061 1226/3062
f 1228/3063 1246/3064 1198/3065
f 1230/3066 1201/3067 1246/3068
f 1231/3069 1203/3070 1201/3071
f 1232/3072 1205/3073 1203/3074
f 1234/3075 1247/3076 1205/3077
f 1236/3078 1248/3079 1247/3080
f 1237/3081 1209/3082 1248/3083
f 1238/3084 1211/3085 1209/3086
f 1240/3087 1213/3088 1211/3089
f 1242/3090 1249/3091 1213/3092
f 1243/3093 1195/2959 1216/2999
f 1243/3057 1216/2999 1250/3039
f 1249/3094 1251/3095 1222/3096
f 1249/3094 1222/3096 1252/3097
f 1309/3098 1253/3099 1317/3100
f 1308/3101 1254/3102 1253/3103
f 1310/3104 1255/3105 1254/3106
f 1311/3107 1256/3108 1255/3109
f 1312/3110 1258/3111 1256/3112
f 1257/3113 1260/3114 1258/3115
f 1259/3116 1261/3117 1260/3118
f 1313/3119 1263/3120 1261/3121
f 1264/3122 1263/3123 1262/3124
f 1266/3125 1265/3126 1264/3127
f 1314/3128 1267/3129 1266/3130
f 1315/3131 1268/3132 1314/3133
f 1270/3134 1269/3135 1315/3136
f 1272/3137 1271/3138 1270/3139
f 1316/3140 1273/3141 1272/3142
f 1275/3143 1274/3144 1316/3145
f 1253/3099 1283/3146 1317/3100
f 1254/3102 1276/3147 1253/3103
f 1255/3105 1285/3148 1254/3106
f 1256/3108 1287/3149 1255/3109
f 1258/3111 1277/3150 1256/3112
f 1260/3114 1290/3151 1258/3115
f 1261/3117 1278/3152 1260/3118
f 1263/3120 1279/3153 1261/3121
f 1263/3154 1295/3155 1280/3156
f 1265/3157 1297/3158 1295/3159
f 1267/3160 1299/3161 1297/3162
f 1268/3163 1281/3164 1299/3165
f 1269/3166 1282/3167 1281/3168
f 1271/3169 1303/3170 1282/3171
f 1273/3172 1305/3173 1303/3174
f 1274/3175 1319/3176 1305/3177
f 1283/3178 1284/3179 1318/3180
f 1276/3181 1286/3182 1284/3183
f 1285/3184 1288/3185 1286/3186
f 1287/3187 1289/3188 1288/3189
f 1277/3190 1291/3191 1289/3192
f 1290/3193 1292/3194 1291/3195
f 1278/3196 1293/3197 1292/3198
f 1279/3199 1294/3200 1293/3201
f 1295/3155 1294/3202 1280/3156
f 1297/3158 1296/3203 1295/3159
f 1299/3161 1298/3204 1297/3162
f 1281/3164 1300/3205 1299/3165
f 1282/3167 1301/3206 1281/3168
f 1303/3170 1302/3207 1282/3171
f 1305/3173 1304/3208 1303/3174
f 1319/3176 1306/3209 1305/3177
f 1284/3179 1309/3210 1318/3180
f 1286/3182 1308/3211 1284/3183
f 1288/3185 1310/3212 1286/3186
f 1289/3188 1311/3213 1288/3189
f 1291/3191 1312/3214 1289/3192
f 1292/3194 1257/3215 1291/3195
f 1293/3197 1259/3216 1292/3198
f 1293/3217 1262/3218 1313/3219
f 1294/3220 1264/3221 1262/3222
f 1296/3223 1266/3224 1264/3225
f 1298/3226 1314/3227 1266/3228
f 1300/3229 1315/3230 1314/3231
f 1301/3232 1270/3233 1315/3234
f 1302/3235 1272/3236 1270/3237
f 1304/3238 1316/3239 1272/3240
f 1306/3241 1275/3242 1316/3243
f 1309/3244 1317/3100 1283/3146
f 1309/3210 1283/3146 1318/3180
f 1275/3245 1307/3246 1319/3247
f 74/186 76/189 77/187
f 1320/3248 1321/3249 1388/3250
f 1380/3251 1322/3252 1321/3253
f 1381/3254 1323/3255 1322/3256
f 1382/3257 1325/3258 1323/3259
f 1324/3260 1327/3261 1325/3262
f 1326/3263 1329/3264 1327/3265
f 1328/3266 1331/3267 1329/3268
f 1330/3269 1333/3270 1331/3271
f 1334/3272 1333/3273 1332/3274
f 1336/3275 1335/3276 1334/3277
f 1383/3278 1337/3279 1336/3280
f 1384/3281 1338/3282 1383/3283
f 1340/3284 1339/3285 1384/3286
f 1342/3287 1341/3288 1340/3289
f 1385/3290 1343/3291 1342/3292
f 1386/3293 1344/3294 1385/3295
f 1387/3296 1345/3297 1386/3298
f 1321/3249 1357/3299 1388/3250
f 1322/3252 1346/3300 1321/3253
f 1323/3255 1347/3301 1322/3256
f 1325/3258 1348/3302 1323/3259
f 1327/3261 1349/3303 1325/3262
f 1329/3264 1362/3304 1327/3265
f 1331/3267 1350/3305 1329/3268
f 1331/3306 1351/3307 1365/3308
f 1333/3309 1352/3310 1351/3311
f 1335/3312 1353/3313 1352/3314
f 1337/3315 1370/3316 1353/3317
f 1338/3318 1372/3319 1370/3320
f 1339/3321 1354/3322 1372/3323
f 1341/3324 1375/3325 1354/3326
f 1343/3327 1377/3328 1375/3329
f 1344/3330 1355/3331 1377/3332
f 1345/3333 1356/3334 1355/3335
f 1357/3336 1358/3337 1389/3338
f 1346/3339 1359/3340 1358/3341
f 1347/3342 1360/3343 1359/3344
f 1348/3345 1361/3346 1360/3347
f 1349/3348 1363/3349 1361/3350
f 1362/3351 1364/3352 1363/3353
f 1350/3354 1366/3355 1364/3356
f 1365/3357 1367/3358 1366/3359
f 1352/3310 1367/3360 1351/3311
f 1353/3313 1368/3361 1352/3314
f 1370/3316 1369/3362 1353/3317
f 1372/3319 1371/3363 1370/3320
f 1354/3322 1373/3364 1372/3323
f 1375/3325 1374/3365 1354/3326
f 1377/3328 1376/3366 1375/3329
f 1355/3331 1378/3367 1377/3332
f 1356/3334 1379/3368 1355/3335
f 1358/3337 1320/3369 1389/3338
f 1359/3340 1380/3370 1358/3341
f 1360/3343 1381/3371 1359/3344
f 1361/3346 1382/3372 1360/3347
f 1363/3349 1324/3373 1361/3350
f 1364/3352 1326/3374 1363/3353
f 1366/3355 1328/3375 1364/3356
f 1367/3358 1330/3376 1366/3359
f 1367/3377 1334/3378 1332/3379
f 1368/3380 1336/3381 1334/3382
f 1369/3383 1383/3384 1336/3385
f 1371/3386 1384/3387 1383/3388
f 1373/3389 1340/3390 1384/3391
f 1374/3392 1342/3393 1340/3394
f 1376/3395 1385/3396 1342/3397
f 1378/3398 1386/3399 1385/3400
f 1379/3401 1387/3402 1386/3403
f 1320/3404 1388/3250 1357/3299
f 1320/3369 1357/3299 1389/3338
f 1387/3405 1390/3406 1356/3407
f 50/183 74/186 75/184
f 1460/3408 1392/3409 1393/3410
f 1391/3411 1395/3412 1392/3413
f 1394/3414 1397/3415 1395/3416
f 1396/3417 1399/3418 1397/3419
f 1398/3420 1400/3421 1399/3422
f 1452/3423 1402/3424 1400/3425
f 1401/3426 1403/3427 1402/3428
f 1454/3429 1403/3430 1453/3431
f 1455/3432 1404/3433 1454/3434
f 1456/3435 1405/3436 1455/3437
f 1407/3438 1406/3439 1456/3440
f 1457/3441 1408/3442 1407/3443
f 1410/3444 1409/3445 1457/3446
f 1458/3447 1411/3448 1410/3449
f 1413/3450 1412/3451 1458/3452
f 1459/3453 1414/3454 1413/3455
f 1416/3456 1415/3457 1459/3458
f 1392/3409 1424/3459 1393/3410
f 1395/3412 1425/3460 1392/3413
f 1397/3415 1417/3461 1395/3416
f 1399/3418 1429/3462 1397/3419
f 1400/3421 1431/3463 1399/3422
f 1402/3424 1433/3464 1400/3425
f 1403/3427 1418/3465 1402/3428
f 1404/3466 1436/3467 1403/3468
f 1405/3469 1419/3470 1404/3471
f 1405/3472 1441/3473 1439/3474
f 1406/3475 1420/3476 1441/3477
f 1408/3478 1444/3479 1420/3480
f 1409/3481 1421/3482 1444/3483
f 1411/3484 1447/3485 1421/3486
f 1412/3487 1449/3488 1447/3489
f 1414/3490 1422/3491 1449/3492
f 1415/3493 1423/3494 1422/3495
f 1424/3496 1426/3497 1427/3498
f 1425/3499 1428/3500 1426/3501
f 1417/3502 1430/3503 1428/3504
f 1429/3505 1432/3506 1430/3507
f 1431/3508 1434/3509 1432/3510
f 1433/3511 1435/3512 1434/3513
f 1418/3514 1437/3515 1435/3516
f 1436/3517 1438/3518 1437/3519
f 1439/3520 1438/3521 1419/3522
f 1441/3473 1440/3523 1439/3474
f 1420/3476 1442/3524 1441/3477
f 1444/3479 1443/3525 1420/3480
f 1421/3482 1445/3526 1444/3483
f 1447/3485 1446/3527 1421/3486
f 1449/3488 1448/3528 1447/3489
f 1422/3491 1450/3529 1449/3492
f 1423/3494 1451/3530 1422/3495
f 1426/3497 1460/3531 1427/3498
f 1428/3500 1391/3532 1426/3501
f 1430/3503 1394/3533 1428/3504
f 1432/3506 1396/3534 1430/3507
f 1434/3509 1398/3535 1432/3510
f 1435/3512 1452/3536 1434/3513
f 1437/3515 1401/3537 1435/3516
f 1438/3518 1453/3538 1437/3519
f 1440/3539 1454/3540 1438/3541
f 1440/3542 1456/3543 1455/3544
f 1442/3545 1407/3546 1456/3547
f 1443/3548 1457/3549 1407/3550
f 1445/3551 1410/3552 1457/3553
f 1446/3554 1458/3555 1410/3556
f 1448/3557 1413/3558 1458/3559
f 1450/3560 1459/3561 1413/3562
f 1451/3563 1416/3564 1459/3565
f 1460/3566 1393/3410 1424/3459
f 1460/3531 1424/3459 1427/3498
f 1416/3567 1461/3568 1423/3569
f 49/180 50/183 73/181
f 1463/3570 1465/3571 1462/3572
f 1509/3573 1464/3574 1463/3575
f 1467/3576 1466/3577 1509/3578
f 1469/3579 1468/3580 1467/3581
f 1471/3582 1470/3583 1469/3584
f 1510/3585 1472/3586 1471/3587
f 1511/3588 1473/3589 1510/3590
f 1475/3591 1474/3592 1511/3593
f 1477/3594 1476/3595 1475/3596
f 1512/3597 1478/3598 1477/3599
f 1480/3600 1479/3601 1512/3602
f 1482/3603 1481/3604 1480/3605
f 1513/3606 1483/3607 1482/3608
f 1465/3609 1493/3610 1492/3611
f 1464/3612 1484/3613 1493/3614
f 1468/3615 1484/3616 1466/3617
f 1470/3618 1485/3619 1468/3620
f 1470/3621 1499/3622 1497/3623
f 1472/3624 1486/3625 1499/3626
f 1473/3627 1502/3628 1486/3629
f 1474/3630 1487/3631 1502/3632
f 1476/3633 1488/3634 1487/3635
f 1478/3636 1489/3637 1488/3638
f 1479/3639 1490/3640 1489/3641
f 1481/3642 1491/3643 1490/3644
f 1493/3610 1514/3645 1492/3611
f 1484/3613 1494/3646 1493/3614
f 1485/3647 1495/3648 1484/3649
f 1485/3650 1498/3651 1496/3652
f 1499/3622 1498/3653 1497/3623
f 1486/3625 1500/3654 1499/3626
f 1502/3628 1501/3655 1486/3629
f 1487/3631 1503/3656 1502/3632
f 1488/3634 1504/3657 1487/3635
f 1489/3637 1505/3658 1488/3638
f 1490/3640 1506/3659 1489/3641
f 1491/3643 1507/3660 1490/3644
f 1514/3661 1463/3662 1462/3663
f 1495/3664 1463/3665 1494/3666
f 1496/3667 1509/3668 1495/3669
f 1498/3651 1467/3670 1496/3652
f 1498/3671 1471/3672 1469/3673
f 1500/3674 1510/3675 1471/3676
f 1501/3677 1511/3678 1510/3679
f 1503/3680 1475/3681 1511/3682
f 1504/3683 1477/3684 1475/3685
f 1505/3686 1512/3687 1477/3688
f 1506/3689 1480/3690 1512/3691
f 1507/3692 1482/3693 1480/3694
f 1508/3695 1513/3696 1482/3697
f 1462/3698 1465/3571 1492/3611
f 1462/3663 1492/3611 1514/3661
f 70/177 49/180 72/178
f 1515/3699 1517/3700 1574/3701
f 1571/3702 1516/3703 1515/3704
f 1519/3705 1518/3706 1571/3707
f 1521/3708 1520/3709 1519/3710
f 1523/3711 1522/3712 1521/3713
f 1525/3714 1524/3715 1523/3716
f 1527/3717 1526/3718 1525/3719
f 1529/3720 1528/3721 1527/3722
f 1531/3723 1530/3724 1529/3725
f 1572/3726 1532/3727 1531/3728
f 1534/3729 1533/3730 1572/3731
f 1536/3732 1535/3733 1534/3734
f 1573/3735 1537/3736 1536/3737
f 1539/3738 1538/3739 1573/3740
f 1517/3741 1547/3742 1546/3743
f 1516/3744 1550/3745 1547/3746
f 1518/3747 1541/3748 1550/3749
f 1520/3750 1553/3751 1541/3752
f 1522/3753 1542/3754 1553/3755
f 1524/3756 1556/3757 1542/3758
f 1526/3759 1558/3760 1556/3761
f 1528/3762 1543/3763 1558/3764
f 1530/3765 1561/3766 1543/3767
f 1532/3768 1544/3769 1561/3770
f 1533/3771 1564/3772 1544/3773
f 1535/3774 1566/3775 1564/3776
f 1537/3777 1545/3778 1566/3779
f 1538/3780 1569/3781 1545/3782
f 1547/3742 1549/3783 1546/3743
f 1550/3745 1548/3784 1547/3746
f 1541/3748 1551/3785 1550/3749
f 1553/3751 1552/3786 1541/3752
f 1542/3754 1554/3787 1553/3755
f 1556/3757 1555/3788 1542/3758
f 1558/3760 1557/3789 1556/3761
f 1543/3763 1559/3790 1558/3764
f 1561/3766 1560/3791 1543/3767
f 1544/3769 1562/3792 1561/3770
f 1564/3772 1563/3793 1544/3773
f 1566/3775 1565/3794 1564/3776
f 1545/3778 1567/3795 1566/3779
f 1569/3781 1568/3796 1545/3782
f 1549/3797 1515/3798 1574/3799
f 1548/3800 1571/3801 1515/3802
f 1551/3803 1519/3804 1571/3805
f 1552/3806 1521/3807 1519/3808
f 1554/3809 1523/3810 1521/3811
f 1555/3812 1525/3813 1523/3814
f 1557/3815 1527/3816 1525/3817
f 1559/3818 1529/3819 1527/3820
f 1560/3821 1531/3822 1529/3823
f 1562/3824 1572/3825 1531/3826
f 1563/3827 1534/3828 1572/3829
f 1565/3830 1536/3831 1534/3832
f 1567/3833 1573/3834 1536/3835
f 1568/3836 1539/3837 1573/3838
f 1574/3839 1517/3700 1546/3743
f 1574/3799 1546/3743 1549/3797
f 48/174 70/177 71/175
f 67/171 48/174 69/172
f 1577/3840 1575/3841 1576/3842
f 1575/3841 1578/3843 1576/3842
f 1620/3844 1579/3845 1578/3846
f 1621/3847 1581/3848 1579/3849
f 1580/3850 1583/3851 1581/3852
f 1582/3853 1585/3854 1583/3855
f 1584/3856 1587/3857 1585/3858
f 1588/3859 1587/3860 1586/3861
f 1622/3862 1589/3863 1588/3864
f 1591/3865 1590/3866 1622/3867
f 1593/3868 1592/3869 1591/3870
f 1623/3871 1594/3872 1593/3873
f 1577/3874 1576/3842 1600/3875
f 1578/3843 1600/3875 1576/3842
f 1579/3845 1602/3876 1578/3846
f 1581/3848 1604/3877 1579/3849
f 1583/3851 1596/3878 1581/3852
f 1585/3854 1597/3879 1583/3855
f 1587/3857 1608/3880 1585/3858
f 1587/3881 1598/3882 1610/3883
f 1589/3884 1599/3885 1598/3886
f 1590/3887 1614/3888 1599/3889
f 1592/3890 1616/3891 1614/3892
f 1594/3893 1618/3894 1616/3895
f 1577/3896 1600/3875 1601/3897
f 1600/3875 1603/3898 1601/3897
f 1602/3899 1605/3900 1603/3901
f 1604/3902 1606/3903 1605/3904
f 1596/3905 1607/3906 1606/3907
f 1597/3908 1609/3909 1607/3910
f 1608/3911 1611/3912 1609/3913
f 1598/3882 1611/3914 1610/3883
f 1599/3885 1612/3915 1598/3886
f 1614/3888 1613/3916 1599/3889
f 1616/3891 1615/3917 1614/3892
f 1618/3894 1617/3918 1616/3895
f 1577/3919 1601/3897 1575/3920
f 1603/3898 1575/3920 1601/3897
f 1605/3900 1620/3921 1603/3901
f 1606/3903 1621/3922 1605/3904
f 1607/3906 1580/3923 1606/3907
f 1609/3909 1582/3924 1607/3910
f 1611/3912 1584/3925 1609/3913
f 1611/3926 1588/3927 1586/3928
f 1612/3929 1622/3930 1588/3931
f 1613/3932 1591/3933 1622/3934
f 1615/3935 1593/3936 1591/3937
f 1617/3938 1623/3939 1593/3940
f 64/168 67/171 68/169
f 47/165 64/168 65/166
f 45/162 46/299 127/163
f 44/159 45/162 63/160
f 1626/3941 1624/3942 1625/3943
f 1624/3942 1627/3944 1625/3943
f 1669/3945 1628/3946 1627/3947
f 1670/3948 1629/3949 1628/3950
f 1671/3951 1631/3952 1629/3953
f 1630/3954 1633/3955 1631/3956
f 1632/3957 1634/3958 1633/3959
f 1635/3960 1634/3961 1672/3962
f 1673/3963 1636/3964 1635/3965
f 1674/3966 1637/3967 1673/3968
f 1675/3969 1638/3970 1674/3971
f 1676/3972 1639/3973 1675/3974
f 1677/3975 1640/3976 1676/3977
f 1626/3978 1625/3943 1647/3979
f 1627/3944 1647/3979 1625/3943
f 1628/3946 1642/3980 1627/3947
f 1629/3949 1643/3981 1628/3950
f 1631/3952 1644/3982 1629/3953
f 1633/3955 1652/3983 1631/3956
f 1634/3958 1654/3984 1633/3959
f 1636/3985 1656/3986 1634/3987
f 1637/3988 1645/3989 1636/3990
f 1637/3991 1660/3992 1646/3993
f 1638/3994 1662/3995 1660/3996
f 1639/3997 1664/3998 1662/3999
f 1640/4000 1666/4001 1664/4002
f 1641/4003 1668/4004 1666/4005
f 1626/4006 1647/3979 1648/4007
f 1647/3979 1649/4008 1648/4007
f 1642/4009 1650/4010 1649/4011
f 1643/4012 1651/4013 1650/4014
f 1644/4015 1653/4016 1651/4017
f 1652/4018 1655/4019 1653/4020
f 1654/4021 1657/4022 1655/4023
f 1645/4024 1657/4025 1656/4026
f 1646/4027 1658/4028 1645/4029
f 1660/3992 1659/4030 1646/3993
f 1662/3995 1661/4031 1660/3996
f 1664/3998 1663/4032 1662/3999
f 1666/4001 1665/4033 1664/4002
f 1668/4004 1667/4034 1666/4005
f 1626/4035 1648/4007 1624/4036
f 1649/4008 1624/4036 1648/4007
f 1650/4010 1669/4037 1649/4011
f 1651/4013 1670/4038 1650/4014
f 1653/4016 1671/4039 1651/4017
f 1655/4019 1630/4040 1653/4020
f 1657/4022 1632/4041 1655/4023
f 1658/4042 1672/4043 1657/4044
f 1658/4045 1673/4046 1635/4047
f 1659/4048 1674/4049 1673/4050
f 1661/4051 1675/4052 1674/4053
f 1663/4054 1676/4055 1675/4056
f 1665/4057 1677/4058 1676/4059
f 43/156 44/159 62/157
f 42/153 43/156 105/154
f 40/150 42/153 103/151
f 39/147 40/150 101/148
f 1731/4060 1678/4061 1679/4062
f 1678/4061 1681/4063 1679/4062
f 1680/4064 1682/4065 1681/4066
f 1726/4067 1683/4068 1682/4069
f 1727/4070 1685/4071 1683/4072
f 1684/4073 1687/4074 1685/4075
f 1686/4076 1688/4077 1687/4078
f 1728/4079 1690/4080 1688/4081
f 1729/4082 1690/4083 1689/4084
f 1692/4085 1691/4086 1729/4087
f 1730/4088 1693/4089 1692/4090
f 1695/4091 1694/4092 1730/4093
f 1697/4094 1696/4095 1695/4096
f 1697/4097 1732/4098 1698/4099
f 1731/4100 1679/4062 1704/4101
f 1681/4063 1704/4101 1679/4062
f 1682/4065 1706/4102 1681/4066
f 1683/4068 1708/4103 1682/4069
f 1685/4071 1699/4104 1683/4072
f 1687/4074 1711/4105 1685/4075
f 1688/4077 1713/4106 1687/4078
f 1690/4080 1715/4107 1688/4081
f 1690/4108 1718/4109 1700/4110
f 1691/4111 1701/4112 1718/4113
f 1693/4114 1721/4115 1701/4116
f 1694/4117 1702/4118 1721/4119
f 1696/4120 1703/4121 1702/4122
f 1698/4123 1725/4124 1703/4125
f 1731/4126 1704/4101 1705/4127
f 1704/4101 1707/4128 1705/4127
f 1706/4129 1709/4130 1707/4131
f 1708/4132 1710/4133 1709/4134
f 1699/4135 1712/4136 1710/4137
f 1711/4138 1714/4139 1712/4140
f 1713/4141 1716/4142 1714/4143
f 1715/4144 1717/4145 1716/4146
f 1718/4109 1717/4147 1700/4110
f 1701/4112 1719/4148 1718/4113
f 1721/4115 1720/4149 1701/4116
f 1702/4118 1722/4150 1721/4119
f 1703/4121 1723/4151 1702/4122
f 1725/4124 1724/4152 1703/4125
f 1731/4153 1705/4127 1678/4154
f 1707/4128 1678/4154 1705/4127
f 1709/4130 1680/4155 1707/4131
f 1710/4133 1726/4156 1709/4134
f 1712/4136 1727/4157 1710/4137
f 1714/4139 1684/4158 1712/4140
f 1716/4142 1686/4159 1714/4143
f 1717/4145 1728/4160 1716/4146
f 1717/4161 1729/4162 1689/4163
f 1719/4164 1692/4165 1729/4166
f 1720/4167 1730/4168 1692/4169
f 1722/4170 1695/4171 1730/4172
f 1723/4173 1697/4174 1695/4175
f 1724/4176 1732/4177 1697/4178
f 37/144 39/147 61/145
f 36/141 37/144 98/142
f 34/138 36/141 60/139
f 33/135 34/138 95/136
f 1733/4179 1758/4180 1734/4181
f 1758/4180 1735/4182 1734/4181
f 1759/4183 1736/4184 1735/4185
f 1760/4186 1738/4187 1736/4188
f 1761/4189 1738/4190 1737/4191
f 1762/4192 1739/4193 1761/4194
f 1741/4195 1740/4196 1762/4197
f 1741/4198 1763/4199 1742/4200
f 1733/4201 1734/4181 1747/4202
f 1735/4182 1747/4202 1734/4181
f 1736/4184 1743/4203 1735/4185
f 1738/4187 1750/4204 1736/4188
f 1738/4205 1753/4206 1744/4207
f 1739/4208 1745/4209 1753/4210
f 1740/4211 1746/4212 1745/4213
f 1742/4214 1757/4215 1746/4216
f 1733/4217 1747/4202 1748/4218
f 1747/4202 1749/4219 1748/4218
f 1743/4220 1751/4221 1749/4222
f 1750/4223 1752/4224 1751/4225
f 1753/4206 1752/4226 1744/4207
f 1745/4209 1754/4227 1753/4210
f 1746/4212 1755/4228 1745/4213
f 1757/4215 1756/4229 1746/4216
f 1733/4230 1748/4218 1758/4231
f 1749/4219 1758/4231 1748/4218
f 1751/4221 1759/4232 1749/4222
f 1752/4224 1760/4233 1751/4225
f 1752/4234 1761/4235 1737/4236
f 1754/4237 1762/4238 1761/4239
f 1755/4240 1741/4241 1762/4242
f 1756/4243 1763/4244 1741/4245
f 31/132 33/135 93/133
f 29/129 31/132 59/130
f 28/126 29/129 58/127
f 27/123 28/126 57/124
f 1804/4246 1764/4247 1811/4248
f 1803/4249 1765/4250 1764/4251
f 1805/4252 1766/4253 1765/4254
f 1806/4255 1768/4256 1766/4257
f 1767/4258 1770/4259 1768/4260
f 1771/4261 1770/4262 1769/4263
f 1807/4264 1772/4265 1771/4266
f 1808/4267 1773/4268 1807/4269
f 1809/4270 1774/4271 1808/4272
f 1776/4273 1775/4274 1809/4275
f 1810/4276 1777/4277 1776/4278
f 1779/4279 1778/4280 1810/4281
f 1764/4247 1780/4282 1811/4248
f 1765/4250 1784/4283 1764/4251
f 1766/4253 1786/4284 1765/4254
f 1768/4256 1788/4285 1766/4257
f 1770/4259 1790/4286 1768/4260
f 1772/4287 1781/4288 1770/4289
f 1772/4290 1795/4291 1793/4292
f 1773/4293 1782/4294 1795/4295
f 1774/4296 1798/4297 1782/4298
f 1775/4299 1800/4300 1798/4301
f 1777/4302 1783/4303 1800/4304
f 1778/4305 1814/4306 1783/4307
f 1780/4308 1785/4309 1812/4310
f 1784/4311 1787/4312 1785/4313
f 1786/4314 1789/4315 1787/4316
f 1788/4317 1791/4318 1789/4319
f 1790/4320 1792/4321 1791/4322
f 1793/4323 1792/4324 1781/4325
f 1795/4291 1794/4326 1793/4292
f 1782/4294 1796/4327 1795/4295
f 1798/4297 1797/4328 1782/4298
f 1800/4300 1799/4329 1798/4301
f 1783/4303 1801/4330 1800/4304
f 1814/4306 1802/4331 1783/4307
f 1785/4309 1804/4332 1812/4310
f 1787/4312 1803/4333 1785/4313
f 1789/4315 1805/4334 1787/4316
f 1791/4318 1806/4335 1789/4319
f 1792/4321 1767/4336 1791/4322
f 1794/4337 1769/4338 1792/4339
f 1794/4340 1807/4341 1771/4342
f 1796/4343 1808/4344 1807/4345
f 1797/4346 1809/4347 1808/4348
f 1799/4349 1776/4350 1809/4351
f 1801/4352 1810/4353 1776/4354
f 1802/4355 1779/4356 1810/4357
f 1804/4358 1811/4248 1780/4282
f 1804/4332 1780/4282 1812/4310
f 1779/4359 1813/4360 1814/4361
f 26/120 27/123 56/121
f 1854/4362 1816/4363 1817/4364
f 1815/4365 1818/4366 1816/4367
f 1855/4368 1820/4369 1818/4370
f 1819/4371 1822/4372 1820/4373
f 1821/4374 1824/4375 1822/4376
f 1856/4377 1824/4378 1823/4379
f 1857/4380 1825/4381 1856/4382
f 1827/4383 1826/4384 1857/4385
f 1858/4386 1828/4387 1827/4388
f 1859/4389 1829/4390 1858/4391
f 1831/4392 1830/4393 1859/4394
f 1816/4363 1860/4395 1817/4364
f 1818/4366 1832/4396 1816/4367
f 1820/4369 1833/4397 1818/4370
f 1822/4372 1844/4398 1820/4373
f 1824/4375 1834/4399 1822/4376
f 1824/4400 1835/4401 1847/4402
f 1825/4403 1836/4404 1835/4405
f 1826/4406 1837/4407 1836/4408
f 1828/4409 1838/4410 1837/4411
f 1829/4412 1839/4413 1838/4414
f 1830/4415 1840/4416 1839/4417
f 1860/4418 1841/4419 1842/4420
f 1832/4421 1843/4422 1841/4423
f 1833/4424 1845/4425 1843/4426
f 1844/4427 1846/4428 1845/4429
f 1834/4430 1848/4431 1846/4432
f 1835/4401 1848/4433 1847/4402
f 1836/4404 1849/4434 1835/4405
f 1837/4407 1850/4435 1836/4408
f 1838/4410 1851/4436 1837/4411
f 1839/4413 1852/4437 1838/4414
f 1840/4416 1853/4438 1839/4417
f 1841/4419 1854/4439 1842/4420
f 1843/4422 1815/4440 1841/4423
f 1845/4425 1855/4441 1843/4426
f 1846/4428 1819/4442 1845/4429
f 1848/4431 1821/4443 1846/4432
f 1848/4444 1856/4445 1823/4446
f 1849/4447 1857/4448 1856/4449
f 1850/4450 1827/4451 1857/4452
f 1851/4453 1858/4454 1827/4455
f 1852/4456 1859/4457 1858/4458
f 1853/4459 1831/4460 1859/4461
f 1854/4462 1817/4364 1860/4395
f 1854/4439 1860/4395 1842/4420
f 1831/4463 1861/4464 1840/4465
f 25/117 26/120 87/118
f 1862/4466 1863/4467 1913/4468
f 1905/4469 1864/4470 1863/4471
f 1906/4472 1866/4473 1864/4474
f 1865/4475 1867/4476 1866/4477
f 1907/4478 1868/4479 1867/4480
f 1908/4481 1869/4482 1868/4483
f 1909/4484 1871/4485 1869/4486
f 1872/4487 1871/4488 1870/4489
f 1910/4490 1873/4491 1872/4492
f 1875/4493 1874/4494 1910/4495
f 1911/4496 1876/4497 1875/4498
f 1912/4499 1877/4500 1911/4501
f 1915/4502 1878/4503 1912/4504
f 1863/4467 1888/4505 1913/4468
f 1864/4470 1880/4506 1863/4471
f 1866/4473 1890/4507 1864/4474
f 1867/4476 1892/4508 1866/4477
f 1868/4479 1881/4509 1867/4480
f 1869/4482 1895/4510 1868/4483
f 1869/4511 1883/4512 1882/4513
f 1871/4514 1884/4515 1883/4516
f 1873/4517 1885/4518 1884/4519
f 1874/4520 1886/4521 1885/4522
f 1876/4523 1902/4524 1886/4525
f 1877/4526 1887/4527 1902/4528
f 1878/4529 1916/4530 1887/4531
f 1888/4532 1889/4533 1914/4534
f 1880/4535 1891/4536 1889/4537
f 1890/4538 1893/4539 1891/4540
f 1892/4541 1894/4542 1893/4543
f 1881/4544 1896/4545 1894/4546
f 1895/4547 1897/4548 1896/4549
f 1883/4512 1897/4550 1882/4513
f 1884/4515 1898/4551 1883/4516
f 1885/4518 1899/4552 1884/4519
f 1886/4521 1900/4553 1885/4522
f 1902/4524 1901/4554 1886/4525
f 1887/4527 1903/4555 1902/4528
f 1916/4530 1904/4556 1887/4531
f 1889/4533 1862/4557 1914/4534
f 1891/4536 1905/4558 1889/4537
f 1893/4539 1906/4559 1891/4540
f 1894/4542 1865/4560 1893/4543
f 1896/4545 1907/4561 1894/4546
f 1897/4548 1908/4562 1896/4549
f 1897/4563 1870/4564 1909/4565
f 1898/4566 1872/4567 1870/4568
f 1899/4569 1910/4570 1872/4571
f 1900/4572 1875/4573 1910/4574
f 1901/4575 1911/4576 1875/4577
f 1903/4578 1912/4579 1911/4580
f 1904/4581 1915/4582 1912/4583
f 1862/4584 1913/4468 1888/4505
f 1862/4557 1888/4505 1914/4534
f 1915/4585 1879/4586 1916/4587
f 24/114 25/117 55/115
f 1963/4588 1917/4589 1918/4590
f 1962/4591 1920/4592 1917/4593
f 1919/4594 1921/4595 1920/4596
f 1964/4597 1922/4598 1921/4599
f 1966/4600 1922/4601 1965/4602
f 1967/4603 1923/4604 1966/4605
f 1925/4606 1924/4607 1967/4608
f 1927/4609 1926/4610 1925/4611
f 1968/4612 1928/4613 1927/4614
f 1969/4615 1929/4616 1968/4617
f 1931/4618 1930/4619 1969/4620
f 1970/4621 1932/4622 1931/4623
f 1971/4624 1933/4625 1970/4626
f 1917/4589 1936/4627 1918/4590
f 1920/4592 1935/4628 1917/4593
f 1921/4595 1943/4629 1920/4596
f 1922/4598 1945/4630 1921/4599
f 1922/4631 1949/4632 1947/4633
f 1924/4634 1949/4635 1923/4636
f 1924/4637 1953/4638 1951/4639
f 1926/4640 1937/4641 1953/4642
f 1928/4643 1956/4644 1937/4645
f 1929/4646 1958/4647 1956/4648
f 1930/4649 1938/4650 1958/4651
f 1932/4652 1939/4653 1938/4654
f 1933/4655 1940/4656 1939/4657
f 1936/4658 1941/4659 1942/4660
f 1935/4661 1944/4662 1941/4663
f 1943/4664 1946/4665 1944/4666
f 1945/4667 1948/4668 1946/4669
f 1949/4632 1948/4670 1947/4633
f 1951/4671 1950/4672 1949/4673
f 1953/4638 1952/4674 1951/4639
f 1937/4641 1954/4675 1953/4642
f 1956/4644 1955/4676 1937/4645
f 1958/4647 1957/4677 1956/4648
f 1938/4650 1959/4678 1958/4651
f 1939/4653 1960/4679 1938/4654
f 1940/4656 1961/4680 1939/4657
f 1941/4659 1963/4681 1942/4660
f 1944/4662 1962/4682 1941/4663
f 1946/4665 1919/4683 1944/4666
f 1948/4668 1964/4684 1946/4669
f 1950/4685 1965/4686 1948/4687
f 1950/4688 1967/4689 1966/4690
f 1952/4691 1925/4692 1967/4693
f 1954/4694 1927/4695 1925/4696
f 1955/4697 1968/4698 1927/4699
f 1957/4700 1969/4701 1968/4702
f 1959/4703 1931/4704 1969/4705
f 1960/4706 1970/4707 1931/4708
f 1961/4709 1971/4710 1970/4711
f 1963/4712 1918/4590 1936/4627
f 1963/4681 1936/4627 1942/4660
f 1971/4713 1934/4714 1940/4715
f 22/111 24/114 54/112
f 2027/4716 1972/4717 2028/4718
f 2017/4719 1973/4720 1972/4721
f 2018/4722 1975/4723 1973/4724
f 1974/4725 1977/4726 1975/4727
f 2019/4728 1977/4729 1976/4730
f 1979/4731 1978/4732 2019/4733
f 1981/4734 1980/4735 1979/4736
f 2020/4737 1982/4738 1981/4739
f 2021/4740 1983/4741 2020/4742
f 2022/4743 1984/4744 2021/4745
f 2023/4746 1985/4747 2022/4748
f 2024/4749 1986/4750 2023/4751
f 2025/4752 1987/4753 2024/4754
f 2026/4755 1988/4756 2025/4757
f 1972/4717 1995/4758 2028/4718
f 1973/4720 1996/4759 1972/4721
f 1975/4723 1998/4760 1973/4724
f 1975/4761 1990/4762 1989/4763
f 1977/4764 2002/4765 1990/4766
f 1978/4767 1991/4768 2002/4769
f 1980/4770 1992/4771 1991/4772
f 1982/4773 2006/4774 1992/4775
f 1983/4776 1993/4777 2006/4778
f 1984/4779 1994/4780 1993/4781
f 1985/4782 2010/4783 1994/4784
f 1986/4785 2012/4786 2010/4787
f 1987/4788 2014/4789 2012/4790
f 1988/4791 2016/4792 2014/4793
f 1995/4794 1997/4795 2029/4796
f 1996/4797 1999/4798 1997/4799
f 1998/4800 2000/4801 1999/4802
f 1989/4803 2001/4804 2000/4805
f 2002/4765 2001/4806 1990/4766
f 1991/4768 2003/4807 2002/4769
f 1992/4771 2004/4808 1991/4772
f 2006/4774 2005/4809 1992/4775
f 1993/4777 2007/4810 2006/4778
f 1994/4780 2008/4811 1993/4781
f 2010/4783 2009/4812 1994/4784
f 2012/4786 2011/4813 2010/4787
f 2014/4789 2013/4814 2012/4790
f 2014/4793 2016/4815 2015/4816
f 1997/4795 2027/4817 2029/4796
f 1999/4798 2017/4818 1997/4799
f 2000/4801 2018/4819 1999/4802
f 2000/4820 1976/4821 1974/4822
f 2001/4823 2019/4824 1976/4825
f 2003/4826 1979/4827 2019/4828
f 2004/4829 1981/4830 1979/4831
f 2005/4832 2020/4833 1981/4834
f 2007/4835 2021/4836 2020/4837
f 2008/4838 2022/4839 2021/4840
f 2009/4841 2023/4842 2022/4843
f 2011/4844 2024/4845 2023/4846
f 2013/4847 2025/4848 2024/4849
f 2015/4850 2026/4851 2025/4852
f 2027/4853 2028/4718 1995/4758
f 2027/4817 1995/4758 2029/4796
f 20/108 22/111 53/109
f 18/105 20/108 52/106
f 2088/4854 2031/4855 2096/4856
f 2030/4857 2033/4858 2031/4859
f 2032/4860 2035/4861 2033/4862
f 2034/4863 2037/4864 2035/4865
f 2036/4866 2038/4867 2037/4868
f 2089/4869 2040/4870 2038/4871
f 2039/4872 2041/4873 2040/4874
f 2090/4875 2042/4876 2041/4877
f 2092/4878 2042/4879 2091/4880
f 2044/4881 2043/4882 2092/4883
f 2046/4884 2045/4885 2044/4886
f 2048/4887 2047/4888 2046/4889
f 2093/4890 2049/4891 2048/4892
f 2051/4893 2050/4894 2093/4895
f 2094/4896 2052/4897 2051/4898
f 2095/4899 2053/4900 2094/4901
f 2031/4855 2055/4902 2096/4856
f 2033/4858 2062/4903 2031/4859
f 2035/4861 2056/4904 2033/4862
f 2037/4864 2066/4905 2035/4865
f 2038/4867 2057/4906 2037/4868
f 2040/4870 2069/4907 2038/4871
f 2041/4873 2058/4908 2040/4874
f 2042/4876 2072/4909 2041/4877
f 2042/4910 2076/4911 2074/4912
f 2043/4913 2078/4914 2076/4915
f 2045/4916 2059/4917 2078/4918
f 2047/4919 2060/4920 2059/4921
f 2049/4922 2082/4923 2060/4924
f 2050/4925 2061/4926 2082/4927
f 2052/4928 2085/4929 2061/4930
f 2053/4931 2087/4932 2085/4933
f 2055/4934 2063/4935 2064/4936
f 2062/4937 2065/4938 2063/4939
f 2056/4940 2067/4941 2065/4942
f 2066/4943 2068/4944 2067/4945
f 2057/4946 2070/4947 2068/4948
f 2069/4949 2071/4950 2070/4951
f 2058/4952 2073/4953 2071/4954
f 2072/4955 2075/4956 2073/4957
f 2076/4911 2075/4958 2074/4912
f 2078/4914 2077/4959 2076/4915
f 2059/4917 2079/4960 2078/4918
f 2060/4920 2080/4961 2059/4921
f 2082/4923 2081/4962 2060/4924
f 2061/4926 2083/4963 2082/4927
f 2085/4929 2084/4964 2061/4930
f 2087/4932 2086/4965 2085/4933
f 2063/4935 2088/4966 2064/4936
f 2065/4938 2030/4967 2063/4939
f 2067/4941 2032/4968 2065/4942
f 2068/4944 2034/4969 2067/4945
f 2070/4947 2036/4970 2068/4948
f 2071/4950 2089/4971 2070/4951
f 2073/4953 2039/4972 2071/4954
f 2075/4956 2090/4973 2073/4957
f 2075/4974 2092/4975 2091/4976
f 2077/4977 2044/4978 2092/4979
f 2079/4980 2046/4981 2044/4982
f 2080/4983 2048/4984 2046/4985
f 2081/4986 2093/4987 2048/4988
f 2083/4989 2051/4990 2093/4991
f 2084/4992 2094/4993 2051/4994
f 2086/4995 2095/4996 2094/4997
f 2088/4998 2096/4856 2055/4902
f 2088/4966 2055/4902 2064/4936
f 2095/4999 2054/5000 2087/5001
f 18/105 51/107 80/104
f 2165/5002 2097/5003 2098/5004
f 2156/5005 2100/5006 2097/5007
f 2099/5008 2101/5009 2100/5010
f 2157/5011 2103/5012 2101/5013
f 2102/5014 2105/5015 2103/5016
f 2104/5017 2106/5018 2105/5019
f 2158/5020 2108/5021 2106/5022
f 2159/5023 2108/5024 2107/5025
f 2110/5026 2109/5027 2159/5028
f 2160/5029 2111/5030 2110/5031
f 2161/5032 2112/5033 2160/5034
f 2162/5035 2113/5036 2161/5037
f 2163/5038 2114/5039 2162/5040
f 2164/5041 2115/5042 2163/5043
f 2117/5044 2116/5045 2164/5046
f 2119/5047 2118/5048 2117/5049
f 2121/5050 2120/5051 2119/5052
f 2097/5003 2122/5053 2098/5004
f 2100/5006 2133/5054 2097/5007
f 2101/5009 2123/5055 2100/5010
f 2103/5012 2124/5056 2101/5013
f 2105/5015 2125/5057 2103/5016
f 2106/5018 2126/5058 2105/5019
f 2108/5021 2127/5059 2106/5022
f 2109/5060 2140/5061 2108/5062
f 2109/5063 2144/5064 2142/5065
f 2111/5066 2128/5067 2144/5068
f 2112/5069 2129/5070 2128/5071
f 2113/5072 2130/5073 2129/5074
f 2114/5075 2149/5076 2130/5077
f 2115/5078 2151/5079 2149/5080
f 2116/5081 2131/5082 2151/5083
f 2118/5084 2154/5085 2131/5086
f 2120/5087 2132/5088 2154/5089
f 2122/5090 2134/5091 2166/5092
f 2133/5093 2135/5094 2134/5095
f 2123/5096 2136/5097 2135/5098
f 2124/5099 2137/5100 2136/5101
f 2125/5102 2138/5103 2137/5104
f 2126/5105 2139/5106 2138/5107
f 2127/5108 2141/5109 2139/5110
f 2140/5111 2143/5112 2141/5113
f 2144/5064 2143/5114 2142/5065
f 2128/5067 2145/5115 2144/5068
f 2129/5070 2146/5116 2128/5071
f 2130/5073 2147/5117 2129/5074
f 2149/5076 2148/5118 2130/5077
f 2151/5079 2150/5119 2149/5080
f 2131/5082 2152/5120 2151/5083
f 2154/5085 2153/5121 2131/5086
f 2132/5088 2155/5122 2154/5089
f 2134/5091 2165/5123 2166/5092
f 2135/5094 2156/5124 2134/5095
f 2136/5097 2099/5125 2135/5098
f 2137/5100 2157/5126 2136/5101
f 2138/5103 2102/5127 2137/5104
f 2139/5106 2104/5128 2138/5107
f 2141/5109 2158/5129 2139/5110
f 2143/5112 2107/5130 2141/5113
f 2143/5131 2110/5132 2159/5133
f 2145/5134 2160/5135 2110/5136
f 2146/5137 2161/5138 2160/5139
f 2147/5140 2162/5141 2161/5142
f 2148/5143 2163/5144 2162/5145
f 2150/5146 2164/5147 2163/5148
f 2152/5149 2117/5150 2164/5151
f 2153/5152 2119/5153 2117/5154
f 2155/5155 2121/5156 2119/5157
f 2165/5158 2098/5004 2122/5053
f 2165/5123 2122/5053 2166/5092
f 2121/5159 2167/5160 2132/5161
f 17/29 80/104 78/103
f 2168/5162 2169/5163 2170/5164
f 2225/5165 2171/5166 2169/5167
f 2226/5168 2172/5169 2171/5170
f 2227/5171 2173/5172 2172/5173
f 2228/5174 2175/5175 2173/5176
f 2174/5177 2177/5178 2175/5179
f 2176/5180 2178/5181 2177/5182
f 2229/5183 2179/5184 2178/5185
f 2180/5186 2179/5187 2230/5188
f 2231/5189 2181/5190 2180/5191
f 2232/5192 2182/5193 2231/5194
f 2233/5195 2183/5196 2232/5197
f 2185/5198 2184/5199 2233/5200
f 2234/5201 2186/5202 2185/5203
f 2188/5204 2187/5205 2234/5206
f 2190/5207 2189/5208 2188/5209
f 2237/5210 2191/5211 2190/5212
f 2169/5163 2235/5213 2170/5164
f 2171/5166 2192/5214 2169/5167
f 2172/5169 2203/5215 2171/5170
f 2173/5172 2205/5216 2172/5173
f 2175/5175 2207/5217 2173/5176
f 2177/5178 2193/5218 2175/5179
f 2178/5181 2210/5219 2177/5182
f 2179/5184 2194/5220 2178/5185
f 2179/5221 2195/5222 2213/5223
f 2181/5224 2216/5225 2195/5226
f 2182/5227 2218/5228 2216/5229
f 2183/5230 2196/5231 2218/5232
f 2184/5233 2197/5234 2196/5235
f 2186/5236 2198/5237 2197/5238
f 2187/5239 2199/5240 2198/5241
f 2189/5242 2200/5243 2199/5244
f 2191/5245 2201/5246 2200/5247
f 2235/5248 2202/5249 2236/5250
f 2192/5251 2204/5252 2202/5253
f 2203/5254 2206/5255 2204/5256
f 2205/5257 2208/5258 2206/5259
f 2207/5260 2209/5261 2208/5262
f 2193/5263 2211/5264 2209/5265
f 2210/5266 2212/5267 2211/5268
f 2194/5269 2214/5270 2212/5271
f 2195/5222 2214/5272 2213/5223
f 2216/5225 2215/5273 2195/5226
f 2218/5228 2217/5274 2216/5229
f 2196/5231 2219/5275 2218/5232
f 2197/5234 2220/5276 2196/5235
f 2198/5237 2221/5277 2197/5238
f 2199/5240 2222/5278 2198/5241
f 2200/5243 2223/5279 2199/5244
f 2201/5246 2224/5280 2200/5247
f 2202/5249 2168/5281 2236/5250
f 2204/5252 2225/5282 2202/5253
f 2206/5255 2226/5283 2204/5256
f 2208/5258 2227/5284 2206/5259
f 2209/5261 2228/5285 2208/5262
f 2211/5264 2174/5286 2209/5265
f 2212/5267 2176/5287 2211/5268
f 2214/5270 2229/5288 2212/5271
f 2214/5289 2180/5290 2230/5291
f 2215/5292 2231/5293 2180/5294
f 2217/5295 2232/5296 2231/5297
f 2219/5298 2233/5299 2232/5300
f 2220/5301 2185/5302 2233/5303
f 2221/5304 2234/5305 2185/5306
f 2222/5307 2188/5308 2234/5309
f 2223/5310 2190/5311 2188/5312
f 2224/5313 2237/5314 2190/5315
f 2168/5316 2170/5164 2235/5213
f 2168/5281 2235/5213 2236/5250
f 2237/5317 2238/5318 2201/5319
f 15/26 78/103 76/102
f 2283/5320 2289/5321 2239/5322
f 2241/5323 2240/5324 2283/5325
f 2241/5326 2243/5327 2242/5328
f 2284/5329 2245/5330 2243/5331
f 2246/5332 2245/5333 2244/5334
f 2285/5335 2247/5336 2246/5337
f 2286/5338 2248/5339 2285/5340
f 2250/5341 2249/5342 2286/5343
f 2252/5344 2251/5345 2250/5346
f 2287/5347 2253/5348 2252/5349
f 2255/5350 2254/5351 2287/5352
f 2288/5353 2256/5354 2255/5355
f 2289/5356 2258/5357 2259/5358
f 2240/5359 2265/5360 2258/5361
f 2242/5362 2267/5363 2265/5364
f 2245/5330 2267/5365 2243/5331
f 2247/5366 2269/5367 2245/5368
f 2247/5369 2260/5370 2271/5371
f 2248/5372 2274/5373 2260/5374
f 2249/5375 2261/5376 2274/5377
f 2251/5378 2262/5379 2261/5380
f 2253/5381 2263/5382 2262/5383
f 2254/5384 2279/5385 2263/5386
f 2256/5387 2281/5388 2279/5389
f 2257/5390 2291/5391 2281/5392
f 2258/5357 2290/5393 2259/5358
f 2258/5394 2266/5395 2264/5396
f 2265/5397 2268/5398 2266/5399
f 2267/5400 2270/5401 2268/5402
f 2269/5403 2272/5404 2270/5405
f 2260/5370 2272/5406 2271/5371
f 2274/5373 2273/5407 2260/5374
f 2261/5376 2275/5408 2274/5377
f 2262/5379 2276/5409 2261/5380
f 2263/5382 2277/5410 2262/5383
f 2279/5385 2278/5411 2263/5386
f 2281/5388 2280/5412 2279/5389
f 2291/5391 2282/5413 2281/5392
f 2290/5414 2283/5415 2239/5416
f 2264/5417 2241/5418 2283/5419
f 2266/5420 2284/5421 2241/5422
f 2268/5423 2244/5424 2284/5425
f 2270/5426 2246/5427 2244/5428
f 2272/5429 2285/5430 2246/5431
f 2273/5432 2286/5433 2285/5434
f 2275/5435 2250/5436 2286/5437
f 2276/5438 2252/5439 2250/5440
f 2277/5441 2287/5442 2252/5443
f 2278/5444 2255/5445 2287/5446
f 2280/5447 2288/5448 2255/5449
f 2239/5450 2289/5321 2259/5358
f 2239/5416 2259/5358 2290/5414
f 13/23 76/102 74/101
f 2341/5451 2293/5452 2342/5453
f 2343/5454 2292/5455 2341/5456
f 2344/5457 2294/5458 2343/5459
f 2296/5460 2295/5461 2344/5462
f 2345/5463 2297/5464 2296/5465
f 2299/5466 2298/5467 2345/5468
f 2301/5469 2300/5470 2299/5471
f 2346/5472 2302/5473 2301/5474
f 2347/5475 2303/5476 2346/5477
f 2348/5478 2304/5479 2347/5480
f 2306/5481 2305/5482 2348/5483
f 2349/5484 2307/5485 2306/5486
f 2350/5487 2308/5488 2349/5489
f 2310/5490 2309/5491 2350/5492
f 2293/5493 2312/5494 2351/5495
f 2292/5496 2313/5497 2312/5498
f 2294/5499 2314/5500 2313/5501
f 2295/5502 2323/5503 2314/5504
f 2297/5505 2325/5506 2323/5507
f 2298/5508 2327/5509 2325/5510
f 2300/5511 2329/5512 2327/5513
f 2302/5514 2315/5515 2329/5516
f 2303/5517 2316/5518 2315/5519
f 2304/5520 2333/5521 2316/5522
f 2305/5523 2317/5524 2333/5525
f 2307/5526 2336/5527 2317/5528
f 2308/5529 2338/5530 2336/5531
f 2309/5532 2318/5533 2338/5534
f 2312/5494 2320/5535 2351/5495
f 2313/5497 2319/5536 2312/5498
f 2314/5500 2321/5537 2313/5501
f 2323/5503 2322/5538 2314/5504
f 2325/5506 2324/5539 2323/5507
f 2327/5509 2326/5540 2325/5510
f 2329/5512 2328/5541 2327/5513
f 2315/5515 2330/5542 2329/5516
f 2316/5518 2331/5543 2315/5519
f 2333/5521 2332/5544 2316/5522
f 2317/5524 2334/5545 2333/5525
f 2336/5527 2335/5546 2317/5528
f 2338/5530 2337/5547 2336/5531
f 2318/5533 2339/5548 2338/5534
f 2320/5549 2341/5550 2342/5551
f 2319/5552 2343/5553 2341/5554
f 2321/5555 2344/5556 2343/5557
f 2322/5558 2296/5559 2344/5560
f 2324/5561 2345/5562 2296/5563
f 2326/5564 2299/5565 2345/5566
f 2328/5567 2301/5568 2299/5569
f 2330/5570 2346/5571 2301/5572
f 2331/5573 2347/5574 2346/5575
f 2332/5576 2348/5577 2347/5578
f 2334/5579 2306/5580 2348/5581
f 2335/5582 2349/5583 2306/5584
f 2337/5585 2350/5586 2349/5587
f 2339/5588 2310/5589 2350/5590
f 2342/5591 2293/5452 2351/5495
f 2342/5551 2351/5495 2320/5549
f 12/20 74/101 50/100
f 11/21 50/100 49/99
f 2393/5592 2392/5593 2352/5594
f 2392/5593 2354/5595 2352/5594
f 2353/5596 2355/5597 2354/5598
f 2394/5599 2357/5600 2355/5601
f 2356/5602 2358/5603 2357/5604
f 2395/5605 2359/5606 2358/5607
f 2396/5608 2360/5609 2359/5610
f 2398/5611 2360/5612 2397/5613
f 2399/5614 2361/5615 2398/5616
f 2400/5617 2362/5618 2399/5619
f 2364/5620 2363/5621 2400/5622
f 2366/5623 2365/5624 2364/5625
f 2393/5626 2352/5594 2368/5627
f 2354/5595 2368/5627 2352/5594
f 2355/5597 2369/5628 2354/5598
f 2357/5600 2370/5629 2355/5601
f 2358/5603 2379/5630 2357/5604
f 2359/5606 2381/5631 2358/5607
f 2360/5609 2371/5632 2359/5610
f 2360/5633 2372/5634 2384/5635
f 2361/5636 2387/5637 2372/5638
f 2362/5639 2373/5640 2387/5641
f 2363/5642 2374/5643 2373/5644
f 2365/5645 2375/5646 2374/5647
f 2393/5648 2368/5627 2376/5649
f 2368/5627 2377/5650 2376/5649
f 2369/5651 2378/5652 2377/5653
f 2370/5654 2380/5655 2378/5656
f 2379/5657 2382/5658 2380/5659
f 2381/5660 2383/5661 2382/5662
f 2371/5663 2385/5664 2383/5665
f 2372/5634 2385/5666 2384/5635
f 2387/5637 2386/5667 2372/5638
f 2373/5640 2388/5668 2387/5641
f 2374/5643 2389/5669 2373/5644
f 2375/5646 2390/5670 2374/5647
f 2393/5671 2376/5649 2392/5672
f 2377/5650 2392/5672 2376/5649
f 2378/5652 2353/5673 2377/5653
f 2380/5655 2394/5674 2378/5656
f 2382/5658 2356/5675 2380/5659
f 2383/5661 2395/5676 2382/5662
f 2385/5664 2396/5677 2383/5665
f 2385/5678 2398/5679 2397/5680
f 2386/5681 2399/5682 2398/5683
f 2388/5684 2400/5685 2399/5686
f 2389/5687 2364/5688 2400/5689
f 2390/5690 2366/5691 2364/5692
f 10/18 49/99 70/98
f 8/11 70/98 48/97
f 6/12 48/97 67/96
f 5/5 67/96 64/95
f 2403/5693 2401/5694 2402/5695
f 2401/5694 2404/5696 2402/5695
f 2449/5697 2406/5698 2404/5699
f 2405/5700 2408/5701 2406/5702
f 2407/5703 2410/5704 2408/5705
f 2409/5706 2411/5707 2410/5708
f 2450/5709 2413/5710 2411/5711
f 2412/5712 2414/5713 2413/5714
f 2415/5715 2414/5716 2451/5717
f 2417/5718 2416/5719 2415/5720
f 2452/5721 2418/5722 2417/5723
f 2453/5724 2419/5725 2452/5726
f 2421/5727 2420/5728 2453/5729
f 2454/5730 2422/5731 2421/5732
f 2403/5733 2402/5695 2429/5734
f 2404/5696 2429/5734 2402/5695
f 2406/5698 2423/5735 2404/5699
f 2408/5701 2424/5736 2406/5702
f 2410/5704 2433/5737 2408/5705
f 2411/5707 2425/5738 2410/5708
f 2413/5710 2436/5739 2411/5711
f 2413/5740 2427/5741 2426/5742
f 2414/5743 2440/5744 2427/5745
f 2416/5746 2442/5747 2440/5748
f 2418/5749 2428/5750 2442/5751
f 2419/5752 2445/5753 2428/5754
f 2420/5755 2447/5756 2445/5757
f 2403/5758 2429/5734 2430/5759
f 2429/5734 2431/5760 2430/5759
f 2423/5761 2432/5762 2431/5763
f 2424/5764 2434/5765 2432/5766
f 2433/5767 2435/5768 2434/5769
f 2425/5770 2437/5771 2435/5772
f 2436/5773 2438/5774 2437/5775
f 2426/5776 2439/5777 2438/5778
f 2440/5744 2439/5779 2427/5745
f 2442/5747 2441/5780 2440/5748
f 2428/5750 2443/5781 2442/5751
f 2445/5753 2444/5782 2428/5754
f 2447/5756 2446/5783 2445/5757
f 2403/5784 2430/5759 2401/5785
f 2431/5760 2401/5785 2430/5759
f 2432/5762 2449/5786 2431/5763
f 2434/5765 2405/5787 2432/5766
f 2435/5768 2407/5788 2434/5769
f 2437/5771 2409/5789 2435/5772
f 2438/5774 2450/5790 2437/5775
f 2438/5791 2451/5792 2412/5793
f 2439/5794 2415/5795 2451/5796
f 2441/5797 2417/5798 2415/5799
f 2443/5800 2452/5801 2417/5802
f 2444/5803 2453/5804 2452/5805
f 2446/5806 2421/5807 2453/5808
f 2448/5809 2454/5810 2421/5811
f 3/2 64/95 47/94
f 126/91 46/299 45/92
f 124/88 45/92 44/89
f 123/85 44/89 43/86
f 2508/5812 2499/5813 2455/5814
f 2499/5813 2456/5815 2455/5814
f 2500/5816 2457/5817 2456/5818
f 2501/5819 2459/5820 2457/5821
f 2458/5822 2461/5823 2459/5824
f 2460/5825 2463/5826 2461/5827
f 2462/5828 2464/5829 2463/5830
f 2465/5831 2464/5832 2502/5833
f 2503/5834 2466/5835 2465/5836
f 2504/5837 2467/5838 2503/5839
f 2505/5840 2468/5841 2504/5842
f 2506/5843 2469/5844 2505/5845
f 2507/5846 2470/5847 2506/5848
f 2507/5849 2509/5850 2471/5851
f 2508/5852 2455/5814 2481/5853
f 2456/5815 2481/5853 2455/5814
f 2457/5817 2472/5854 2456/5818
f 2459/5820 2484/5855 2457/5821
f 2461/5823 2473/5856 2459/5824
f 2463/5826 2474/5857 2461/5827
f 2464/5829 2488/5858 2463/5830
f 2466/5859 2475/5860 2464/5861
f 2466/5862 2477/5863 2476/5864
f 2467/5865 2493/5866 2477/5867
f 2468/5868 2478/5869 2493/5870
f 2469/5871 2479/5872 2478/5873
f 2470/5874 2480/5875 2479/5876
f 2471/5877 2498/5878 2480/5879
f 2508/5880 2481/5853 2482/5881
f 2481/5853 2483/5882 2482/5881
f 2472/5883 2485/5884 2483/5885
f 2484/5886 2486/5887 2485/5888
f 2473/5889 2487/5890 2486/5891
f 2474/5892 2489/5893 2487/5894
f 2488/5895 2490/5896 2489/5897
f 2476/5898 2490/5899 2475/5900
f 2477/5863 2491/5901 2476/5864
f 2493/5866 2492/5902 2477/5867
f 2478/5869 2494/5903 2493/5870
f 2479/5872 2495/5904 2478/5873
f 2480/5875 2496/5905 2479/5876
f 2498/5878 2497/5906 2480/5879
f 2508/5907 2482/5881 2499/5908
f 2483/5882 2499/5908 2482/5881
f 2485/5884 2500/5909 2483/5885
f 2486/5887 2501/5910 2485/5888
f 2487/5890 2458/5911 2486/5891
f 2489/5893 2460/5912 2487/5894
f 2490/5896 2462/5913 2489/5897
f 2491/5914 2502/5915 2490/5916
f 2491/5917 2503/5918 2465/5919
f 2492/5920 2504/5921 2503/5922
f 2494/5923 2505/5924 2504/5925
f 2495/5926 2506/5927 2505/5928
f 2496/5929 2507/5930 2506/5931
f 2497/5932 2509/5933 2507/5934
f 122/82 43/86 42/83
f 41/84 42/83 40/80
f 121/76 40/80 39/77
f 38/78 39/77 37/74
f 2510/5935 2535/5936 2511/5937
f 2535/5936 2512/5938 2511/5937
f 2536/5939 2514/5940 2512/5941
f 2513/5942 2516/5943 2514/5944
f 2537/5945 2516/5946 2515/5947
f 2518/5948 2517/5949 2537/5950
f 2538/5951 2519/5952 2518/5953
f 2538/5954 2539/5955 2520/5956
f 2510/5957 2511/5937 2523/5958
f 2512/5938 2523/5958 2511/5937
f 2514/5940 2525/5959 2512/5941
f 2516/5943 2527/5960 2514/5944
f 2516/5961 2531/5962 2529/5963
f 2517/5964 2521/5965 2531/5966
f 2519/5967 2522/5968 2521/5969
f 2520/5956 2539/5970 2522/5971
f 2510/5972 2523/5958 2524/5973
f 2523/5958 2526/5974 2524/5973
f 2525/5975 2528/5976 2526/5977
f 2527/5978 2530/5979 2528/5980
f 2531/5962 2530/5981 2529/5963
f 2521/5965 2532/5982 2531/5966
f 2522/5968 2533/5983 2521/5969
f 2522/5971 2539/5984 2534/5985
f 2510/5986 2524/5973 2535/5987
f 2526/5974 2535/5987 2524/5973
f 2528/5976 2536/5988 2526/5977
f 2530/5979 2513/5989 2528/5980
f 2530/5990 2537/5991 2515/5992
f 2532/5993 2518/5994 2537/5995
f 2533/5996 2538/5997 2518/5998
f 2534/5985 2539/5999 2538/6000
f 120/70 37/74 36/71
f 35/72 36/71 34/68
f 119/64 34/68 33/65
f 32/66 33/65 31/62
f 2639/6001 2541/6002 2542/6003
f 2540/6004 2543/6005 2541/6006
f 2631/6007 2545/6008 2543/6009
f 2544/6010 2547/6011 2545/6012
f 2546/6013 2548/6014 2547/6015
f 2632/6016 2550/6017 2548/6018
f 2549/6019 2551/6020 2550/6021
f 2633/6022 2552/6023 2551/6024
f 2634/6025 2554/6026 2552/6027
f 2553/6028 2555/6029 2554/6030
f 2635/6031 2556/6032 2555/6033
f 2636/6034 2558/6035 2556/6036
f 2557/6037 2560/6038 2558/6039
f 2559/6040 2562/6041 2560/6042
f 2561/6043 2563/6044 2562/6045
f 2637/6046 2565/6047 2563/6048
f 2564/6049 2566/6050 2565/6051
f 2638/6052 2568/6053 2566/6054
f 2567/6055 2570/6056 2568/6057
f 2569/6058 2572/6059 2570/6060
f 2571/6061 2574/6062 2572/6063
f 2573/6064 2576/6065 2574/6066
f 2575/6067 2578/6068 2576/6069
f 2577/6070 2580/6071 2578/6072
f 2641/6073 2580/6074 2579/6075
f 2542/6076 2581/6077 2640/6078
f 2541/6079 2582/6080 2581/6081
f 2543/6082 2583/6083 2582/6084
f 2545/6085 2584/6086 2583/6087
f 2547/6088 2585/6089 2584/6090
f 2548/6091 2601/6092 2585/6093
f 2550/6094 2603/6095 2601/6096
f 2551/6097 2605/6098 2603/6099
f 2552/6100 2607/6101 2605/6102
f 2554/6103 2609/6104 2607/6105
f 2556/6032 2609/6106 2555/6033
f 2558/6035 2586/6107 2556/6036
f 2558/6108 2587/6109 2612/6110
f 2560/6111 2615/6112 2587/6113
f 2562/6114 2588/6115 2615/6116
f 2563/6117 2589/6118 2588/6119
f 2565/6120 2590/6121 2589/6122
f 2566/6123 2591/6124 2590/6125
f 2568/6126 2592/6127 2591/6128
f 2570/6129 2622/6130 2592/6131
f 2572/6132 2593/6133 2622/6134
f 2574/6135 2625/6136 2593/6137
f 2576/6138 2594/6139 2625/6140
f 2578/6141 2628/6142 2594/6143
f 2580/6144 2630/6145 2628/6146
f 2640/6147 2595/6148 2596/6149
f 2581/6150 2597/6151 2595/6152
f 2582/6153 2598/6154 2597/6155
f 2583/6156 2599/6157 2598/6158
f 2584/6159 2600/6160 2599/6161
f 2585/6162 2602/6163 2600/6164
f 2601/6165 2604/6166 2602/6167
f 2603/6168 2606/6169 2604/6170
f 2605/6171 2608/6172 2606/6173
f 2607/6174 2610/6175 2608/6176
f 2609/6177 2611/6178 2610/6179
f 2586/6180 2613/6181 2611/6182
f 2612/6183 2614/6184 2613/6185
f 2587/6186 2616/6187 2614/6188
f 2615/6189 2617/6190 2616/6191
f 2588/6192 2618/6193 2617/6194
f 2589/6195 2619/6196 2618/6197
f 2590/6198 2620/6199 2619/6200
f 2591/6201 2621/6202 2620/6203
f 2592/6204 2623/6205 2621/6206
f 2622/6207 2624/6208 2623/6209
f 2593/6210 2626/6211 2624/6212
f 2625/6213 2627/6214 2626/6215
f 2594/6216 2629/6217 2627/6218
f 2628/6146 2630/6219 2629/6220
f 2596/6221 2540/6222 2639/6223
f 2595/6224 2631/6225 2540/6226
f 2597/6227 2544/6228 2631/6229
f 2598/6230 2546/6231 2544/6232
f 2599/6233 2632/6234 2546/6235
f 2600/6236 2549/6237 2632/6238
f 2602/6239 2633/6240 2549/6241
f 2604/6242 2634/6243 2633/6244
f 2606/6245 2553/6246 2634/6247
f 2608/6248 2635/6249 2553/6250
f 2610/6251 2636/6252 2635/6253
f 2611/6254 2557/6255 2636/6256
f 2613/6257 2559/6258 2557/6259
f 2614/6260 2561/6261 2559/6262
f 2616/6263 2637/6264 2561/6265
f 2617/6266 2564/6267 2637/6268
f 2618/6269 2638/6270 2564/6271
f 2619/6272 2567/6273 2638/6274
f 2620/6275 2569/6276 2567/6277
f 2623/6205 2569/6278 2621/6206
f 2624/6208 2571/6279 2623/6209
f 2626/6211 2573/6280 2624/6212
f 2626/6281 2577/6282 2575/6283
f 2627/6284 2579/6285 2577/6286
f 2629/6287 2641/6288 2579/6289
f 2639/6290 2542/6003 2640/6078
f 2639/6290 2640/6078 2596/6221
f 30/63 31/62 29/59
f 118/55 29/59 28/56
f 2741/6291 2642/6292 2643/6293
f 2642/6292 2645/6294 2643/6293
f 2646/6295 2645/6296 2644/6297
f 2742/6298 2647/6299 2646/6300
f 2743/6301 2648/6302 2742/6303
f 2650/6304 2649/6305 2743/6306
f 2652/6307 2651/6308 2650/6309
f 2744/6310 2653/6311 2652/6312
f 2655/6313 2654/6314 2744/6315
f 2657/6316 2656/6317 2655/6318
f 2659/6319 2658/6320 2657/6321
f 2661/6322 2660/6323 2659/6324
f 2663/6325 2662/6326 2661/6327
f 2665/6328 2664/6329 2663/6330
f 2667/6331 2666/6332 2665/6333
f 2667/6334 2669/6335 2668/6336
f 2746/6337 2669/6338 2745/6339
f 2747/6340 2670/6341 2746/6342
f 2748/6343 2671/6344 2747/6345
f 2748/6346 2673/6347 2672/6348
f 2749/6349 2675/6350 2673/6351
f 2674/6352 2676/6353 2675/6354
f 2750/6355 2678/6356 2676/6357
f 2677/6358 2680/6359 2678/6360
f 2679/6361 2682/6362 2680/6363
f 2681/6364 2683/6365 2682/6366
f 2751/6367 2684/6368 2683/6369
f 2752/6370 2754/6371 2684/6372
f 2741/6373 2643/6293 2694/6374
f 2643/6293 2696/6375 2694/6374
f 2645/6376 2685/6377 2696/6378
f 2648/6379 2685/6380 2647/6381
f 2649/6382 2699/6383 2648/6384
f 2649/6385 2703/6386 2701/6387
f 2651/6388 2705/6389 2703/6390
f 2653/6391 2686/6392 2705/6393
f 2656/6394 2686/6395 2654/6396
f 2658/6397 2708/6398 2656/6399
f 2658/6400 2711/6401 2687/6402
f 2662/6403 2711/6404 2660/6405
f 2664/6406 2713/6407 2662/6408
f 2666/6409 2715/6410 2664/6411
f 2666/6412 2688/6413 2717/6414
f 2668/6415 2720/6416 2688/6417
f 2670/6418 2720/6419 2669/6420
f 2671/6421 2722/6422 2670/6423
f 2672/6424 2724/6425 2671/6426
f 2672/6427 2689/6428 2726/6429
f 2675/6350 2689/6430 2673/6351
f 2676/6353 2729/6431 2675/6354
f 2678/6356 2690/6432 2676/6357
f 2680/6359 2691/6433 2678/6360
f 2682/6362 2692/6434 2680/6363
f 2683/6365 2693/6435 2682/6366
f 2684/6368 2735/6436 2683/6369
f 2754/6371 2737/6437 2684/6372
f 2741/6438 2694/6374 2695/6439
f 2694/6374 2697/6440 2695/6439
f 2685/6377 2697/6441 2696/6378
f 2699/6442 2698/6443 2685/6444
f 2699/6445 2702/6446 2700/6447
f 2701/6448 2704/6449 2702/6450
f 2703/6451 2706/6452 2704/6453
f 2686/6392 2706/6454 2705/6393
f 2708/6455 2707/6456 2686/6457
f 2687/6458 2709/6459 2708/6460
f 2711/6401 2710/6461 2687/6402
f 2713/6462 2712/6463 2711/6464
f 2715/6465 2714/6466 2713/6467
f 2717/6468 2716/6469 2715/6470
f 2717/6471 2719/6472 2718/6473
f 2688/6474 2721/6475 2719/6476
f 2722/6477 2721/6478 2720/6479
f 2724/6480 2723/6481 2722/6482
f 2726/6483 2725/6484 2724/6485
f 2726/6486 2728/6487 2727/6488
f 2689/6489 2730/6490 2728/6491
f 2729/6492 2731/6493 2730/6494
f 2690/6495 2732/6496 2731/6497
f 2692/6498 2732/6499 2691/6500
f 2693/6501 2733/6502 2692/6503
f 2693/6504 2736/6505 2734/6506
f 2735/6507 2738/6508 2736/6509
f 2737/6510 2740/6511 2738/6512
f 2741/6513 2695/6439 2642/6514
f 2695/6439 2644/6515 2642/6514
f 2698/6516 2644/6517 2697/6518
f 2700/6519 2646/6520 2698/6521
f 2702/6446 2742/6522 2700/6447
f 2704/6449 2743/6523 2702/6450
f 2706/6452 2650/6524 2704/6453
f 2707/6525 2652/6526 2706/6527
f 2709/6528 2744/6529 2707/6530
f 2710/6531 2655/6532 2709/6533
f 2712/6534 2657/6535 2710/6536
f 2714/6537 2659/6538 2712/6539
f 2716/6540 2661/6541 2714/6542
f 2718/6543 2663/6544 2716/6545
f 2719/6472 2665/6546 2718/6473
f 2721/6475 2667/6547 2719/6476
f 2723/6548 2745/6549 2721/6550
f 2725/6551 2746/6552 2723/6553
f 2727/6554 2747/6555 2725/6556
f 2727/6557 2749/6558 2748/6559
f 2728/6560 2674/6561 2749/6562
f 2730/6563 2750/6564 2674/6565
f 2731/6566 2677/6567 2750/6568
f 2732/6569 2679/6570 2677/6571
f 2733/6572 2681/6573 2679/6574
f 2736/6505 2681/6575 2734/6506
f 2738/6508 2751/6576 2736/6509
f 2740/6511 2752/6577 2738/6512
f 117/52 28/56 27/53
f 116/49 27/53 26/50
f 2753/6578 2754/6579 2739/6580
f 2753/6578 2739/6580 2740/6581
f 2844/6582 2755/6583 2756/6584
f 2757/6585 2756/6584 2755/6583
f 2759/6586 2758/6587 2757/6588
f 2845/6589 2760/6590 2759/6591
f 2762/6592 2761/6593 2845/6594
f 2846/6595 2763/6596 2762/6597
f 2765/6598 2764/6599 2846/6600
f 2767/6601 2766/6602 2765/6603
f 2769/6604 2768/6605 2767/6606
f 2847/6607 2770/6608 2769/6609
f 2772/6610 2771/6611 2847/6612
f 2774/6613 2773/6614 2772/6615
f 2776/6616 2775/6617 2774/6618
f 2776/6619 2778/6620 2777/6621
f 2848/6622 2780/6623 2778/6624
f 2779/6625 2782/6626 2780/6627
f 2781/6628 2783/6629 2782/6630
f 2849/6631 2784/6632 2783/6633
f 2850/6634 2785/6635 2784/6636
f 2851/6637 2787/6638 2785/6639
f 2786/6640 2788/6641 2787/6642
f 2852/6643 2790/6644 2788/6645
f 2789/6646 2791/6647 2790/6648
f 2853/6649 2792/6650 2791/6651
f 2854/6652 2793/6653 2792/6654
f 2855/6655 2857/6656 2793/6657
f 2844/6658 2756/6584 2805/6659
f 2756/6584 2794/6660 2805/6659
f 2758/6661 2795/6662 2794/6663
f 2760/6664 2796/6665 2795/6666
f 2761/6667 2797/6668 2796/6669
f 2763/6670 2811/6671 2797/6672
f 2764/6673 2798/6674 2811/6675
f 2768/6676 2798/6677 2766/6678
f 2770/6679 2814/6680 2768/6681
f 2770/6682 2799/6683 2816/6684
f 2771/6685 2819/6686 2799/6687
f 2775/6688 2819/6689 2773/6690
f 2777/6691 2821/6692 2775/6693
f 2778/6620 2823/6694 2777/6621
f 2780/6623 2825/6695 2778/6624
f 2782/6626 2827/6696 2780/6627
f 2783/6629 2800/6697 2782/6630
f 2784/6632 2801/6698 2783/6633
f 2785/6635 2831/6699 2784/6636
f 2787/6638 2833/6700 2785/6639
f 2788/6641 2802/6701 2787/6642
f 2790/6644 2803/6702 2788/6645
f 2791/6647 2804/6703 2790/6648
f 2792/6650 2838/6704 2791/6651
f 2793/6653 2840/6705 2792/6654
f 2857/6656 2842/6706 2793/6657
f 2844/6707 2805/6659 2806/6708
f 2794/6660 2806/6708 2805/6659
f 2795/6662 2807/6709 2794/6663
f 2796/6665 2808/6710 2795/6666
f 2797/6668 2809/6711 2796/6669
f 2811/6671 2810/6712 2797/6672
f 2798/6674 2812/6713 2811/6675
f 2814/6714 2813/6715 2798/6716
f 2816/6717 2815/6718 2814/6719
f 2799/6683 2817/6720 2816/6684
f 2819/6686 2818/6721 2799/6687
f 2821/6722 2820/6723 2819/6724
f 2823/6725 2822/6726 2821/6727
f 2823/6728 2826/6729 2824/6730
f 2825/6731 2828/6732 2826/6733
f 2827/6734 2829/6735 2828/6736
f 2800/6737 2830/6738 2829/6739
f 2801/6740 2832/6741 2830/6742
f 2831/6743 2834/6744 2832/6745
f 2833/6746 2835/6747 2834/6748
f 2802/6749 2836/6750 2835/6751
f 2803/6752 2837/6753 2836/6754
f 2804/6755 2839/6756 2837/6757
f 2838/6758 2841/6759 2839/6760
f 2840/6761 2843/6762 2841/6763
f 2842/6764 2859/6765 2843/6766
f 2844/6767 2806/6708 2755/6768
f 2806/6708 2757/6769 2755/6768
f 2807/6770 2759/6771 2757/6772
f 2808/6773 2845/6774 2759/6775
f 2809/6776 2762/6777 2845/6778
f 2812/6779 2762/6780 2810/6781
f 2813/6782 2846/6783 2812/6784
f 2815/6785 2765/6786 2813/6787
f 2817/6788 2767/6789 2815/6790
f 2818/6791 2769/6792 2817/6793
f 2820/6794 2847/6795 2818/6796
f 2822/6797 2772/6798 2820/6799
f 2824/6800 2774/6801 2822/6802
f 2824/6803 2848/6804 2776/6805
f 2828/6732 2848/6806 2826/6733
f 2829/6735 2779/6807 2828/6736
f 2830/6738 2781/6808 2829/6739
f 2832/6741 2849/6809 2830/6742
f 2834/6744 2850/6810 2832/6745
f 2835/6747 2851/6811 2834/6748
f 2836/6750 2786/6812 2835/6751
f 2837/6753 2852/6813 2836/6754
f 2839/6756 2789/6814 2837/6757
f 2841/6759 2853/6815 2839/6760
f 2843/6762 2854/6816 2841/6763
f 2859/6765 2855/6817 2843/6766
f 115/46 26/50 25/47
f 114/43 25/47 24/44
f 2856/6818 2857/6819 2858/6820
f 2856/6818 2858/6820 2859/6821
f 2860/6822 2861/6823 2954/6824
f 2940/6825 2862/6826 2861/6827
f 2863/6828 2862/6829 2941/6830
f 2865/6831 2864/6832 2863/6833
f 2942/6834 2866/6835 2865/6836
f 2942/6837 2868/6838 2867/6839
f 2944/6840 2868/6841 2943/6842
f 2870/6843 2869/6844 2944/6845
f 2872/6846 2871/6847 2870/6848
f 2945/6849 2873/6850 2872/6851
f 2945/6852 2875/6853 2874/6854
f 2946/6855 2876/6856 2875/6857
f 2948/6858 2876/6859 2947/6860
f 2878/6861 2877/6862 2948/6863
f 2880/6864 2879/6865 2878/6866
f 2949/6867 2881/6868 2880/6869
f 2950/6870 2882/6871 2949/6872
f 2884/6873 2883/6874 2950/6875
f 2951/6876 2885/6877 2884/6878
f 2952/6879 2886/6880 2951/6881
f 2953/6882 2887/6883 2952/6884
f 2889/6885 2888/6886 2953/6887
f 2891/6888 2890/6889 2889/6890
f 2861/6823 2903/6891 2954/6824
f 2862/6826 2904/6892 2861/6827
f 2864/6893 2906/6894 2862/6895
f 2866/6896 2893/6897 2864/6898
f 2867/6899 2909/6900 2866/6901
f 2867/6902 2895/6903 2894/6904
f 2869/6905 2895/6906 2868/6907
f 2871/6908 2913/6909 2869/6910
f 2873/6911 2915/6912 2871/6913
f 2874/6914 2917/6915 2873/6916
f 2874/6917 2897/6918 2896/6919
f 2875/6920 2898/6921 2897/6922
f 2876/6923 2922/6924 2898/6925
f 2877/6926 2899/6927 2922/6928
f 2879/6929 2925/6930 2899/6931
f 2881/6932 2927/6933 2925/6934
f 2882/6935 2900/6936 2927/6937
f 2883/6938 2930/6939 2900/6940
f 2885/6941 2901/6942 2930/6943
f 2886/6944 2933/6945 2901/6946
f 2887/6947 2935/6948 2933/6949
f 2888/6950 2937/6951 2935/6952
f 2890/6953 2902/6954 2937/6955
f 2903/6956 2905/6957 2955/6958
f 2904/6959 2907/6960 2905/6961
f 2906/6962 2908/6963 2907/6964
f 2909/6965 2908/6966 2893/6967
f 2894/6968 2910/6969 2909/6970
f 2894/6971 2912/6972 2911/6973
f 2913/6974 2912/6975 2895/6976
f 2915/6977 2914/6978 2913/6979
f 2917/6980 2916/6981 2915/6982
f 2896/6983 2918/6984 2917/6985
f 2896/6986 2920/6987 2919/6988
f 2898/6921 2920/6989 2897/6922
f 2922/6924 2921/6990 2898/6925
f 2899/6927 2923/6991 2922/6928
f 2925/6930 2924/6992 2899/6931
f 2927/6933 2926/6993 2925/6934
f 2900/6936 2928/6994 2927/6937
f 2930/6939 2929/6995 2900/6940
f 2901/6942 2931/6996 2930/6943
f 2933/6945 2932/6997 2901/6946
f 2935/6948 2934/6998 2933/6949
f 2937/6951 2936/6999 2935/6952
f 2902/6954 2938/7000 2937/6955
f 2905/6957 2860/7001 2955/6958
f 2907/6960 2940/7002 2905/6961
f 2908/6963 2941/7003 2907/6964
f 2910/7004 2863/7005 2908/7006
f 2911/7007 2865/7008 2910/7009
f 2911/7010 2943/7011 2942/7012
f 2914/7013 2943/7014 2912/7015
f 2916/7016 2944/7017 2914/7018
f 2918/7019 2870/7020 2916/7021
f 2919/7022 2872/7023 2918/7024
f 2919/7025 2946/7026 2945/7027
f 2920/7028 2947/7029 2946/7030
f 2921/7031 2948/7032 2947/7033
f 2923/7034 2878/7035 2948/7036
f 2924/7037 2880/7038 2878/7039
f 2926/7040 2949/7041 2880/7042
f 2928/7043 2950/7044 2949/7045
f 2929/7046 2884/7047 2950/7048
f 2931/7049 2951/7050 2884/7051
f 2932/7052 2952/7053 2951/7054
f 2934/7055 2953/7056 2952/7057
f 2936/7058 2889/7059 2953/7060
f 2938/7061 2891/7062 2889/7063
f 2860/7064 2954/6824 2903/6891
f 2860/7001 2903/6891 2955/6958
f 2891/7065 2892/7066 2902/7067
f 2891/7065 2902/7067 2939/7068
f 3036/7069 3048/7070 3047/7071
f 3037/7072 2956/7073 3036/7074
f 2958/7075 2957/7076 3037/7077
f 2960/7078 2959/7079 2958/7080
f 3038/7081 2961/7082 2960/7083
f 2963/7084 2962/7085 3038/7086
f 3039/7087 2964/7088 2963/7089
f 3040/7090 2965/7091 3039/7092
f 2967/7093 2966/7094 3040/7095
f 2969/7096 2968/7097 2967/7098
f 2969/7099 2972/7100 2970/7101
f 3041/7102 2972/7103 2971/7104
f 3042/7105 2973/7106 3041/7107
f 3043/7108 2974/7109 3042/7110
f 2976/7111 2975/7112 3043/7113
f 2978/7114 2977/7115 2976/7116
f 2980/7117 2979/7118 2978/7119
f 3044/7120 2981/7121 2980/7122
f 3044/7123 2984/7124 2982/7125
f 2983/7126 2986/7127 2984/7128
f 2985/7129 2987/7130 2986/7131
f 3045/7132 2988/7133 2987/7134
f 3046/7135 3049/7136 2988/7137
f 2956/7138 2989/7139 3048/7140
f 2957/7141 2996/7142 2956/7143
f 2959/7144 2999/7145 2957/7146
f 2961/7147 2990/7148 2959/7149
f 2962/7150 3002/7151 2961/7152
f 2964/7153 3004/7154 2962/7155
f 2965/7156 3006/7157 2964/7158
f 2966/7159 2991/7160 2965/7161
f 2968/7162 3009/7163 2966/7164
f 2970/7165 2992/7166 2968/7167
f 2972/7100 3012/7168 2970/7101
f 2973/7169 3014/7170 2972/7171
f 2974/7172 3016/7173 2973/7174
f 2975/7175 3018/7176 2974/7177
f 2977/7178 3020/7179 2975/7180
f 2979/7181 3022/7182 2977/7183
f 2979/7184 2993/7185 3024/7186
f 2982/7187 2993/7188 2981/7189
f 2984/7124 3027/7190 2982/7125
f 2986/7127 2994/7191 2984/7128
f 2987/7130 3030/7192 2986/7131
f 2988/7133 3032/7193 2987/7134
f 2988/7137 3049/7194 2995/7195
f 2996/7196 2998/7197 2989/7198
f 2999/7199 2997/7200 2996/7201
f 2990/7202 3000/7203 2999/7204
f 3002/7205 3001/7206 2990/7207
f 3004/7208 3003/7209 3002/7210
f 3006/7211 3005/7212 3004/7213
f 2991/7214 3007/7215 3006/7216
f 3009/7217 3008/7218 2991/7219
f 2992/7220 3010/7221 3009/7222
f 3012/7223 3011/7224 2992/7225
f 3014/7226 3013/7227 3012/7228
f 3016/7229 3015/7230 3014/7231
f 3018/7232 3017/7233 3016/7234
f 3020/7235 3019/7236 3018/7237
f 3022/7238 3021/7239 3020/7240
f 3024/7241 3023/7242 3022/7243
f 2993/7185 3025/7244 3024/7186
f 2993/7245 3028/7246 3026/7247
f 2994/7248 3028/7249 3027/7250
f 3030/7251 3029/7252 2994/7253
f 3032/7254 3031/7255 3030/7256
f 2995/7257 3033/7258 3032/7259
f 2995/7260 3035/7261 3034/7262
f 2997/7263 3047/7264 2998/7265
f 3000/7266 3036/7267 2997/7268
f 3001/7269 3037/7270 3000/7271
f 3003/7272 2958/7273 3001/7274
f 3005/7275 2960/7276 3003/7277
f 3007/7278 3038/7279 3005/7280
f 3008/7281 2963/7282 3007/7283
f 3010/7284 3039/7285 3008/7286
f 3011/7287 3040/7288 3010/7289
f 3013/7290 2967/7291 3011/7292
f 3015/7293 2969/7294 3013/7295
f 3017/7296 2971/7297 3015/7298
f 3019/7299 3041/7300 3017/7301
f 3021/7302 3042/7303 3019/7304
f 3023/7305 3043/7306 3021/7307
f 3025/7308 2976/7309 3023/7310
f 3026/7311 2978/7312 3025/7313
f 3028/7246 2980/7314 3026/7247
f 3029/7315 3044/7316 3028/7317
f 3031/7318 2983/7319 3029/7320
f 3033/7321 2985/7322 3031/7323
f 3034/7324 3045/7325 3033/7326
f 3035/7261 3046/7327 3034/7262
f 3047/7328 3048/7070 2989/7139
f 3047/7264 2989/7139 2998/7265
f 23/45 24/44 22/41
f 21/42 22/41 20/38
f 3157/7329 3145/7330 3050/7331
f 3146/7332 3050/7331 3145/7330
f 3146/7333 3053/7334 3051/7335
f 3052/7336 3055/7337 3053/7338
f 3054/7339 3057/7340 3055/7341
f 3147/7342 3057/7343 3056/7344
f 3059/7345 3058/7346 3147/7347
f 3061/7348 3060/7349 3059/7350
f 3063/7351 3062/7352 3061/7353
f 3148/7354 3064/7355 3063/7356
f 3148/7357 3067/7358 3065/7359
f 3066/7360 3069/7361 3067/7362
f 3068/7363 3071/7364 3069/7365
f 3149/7366 3071/7367 3070/7368
f 3073/7369 3072/7370 3149/7371
f 3073/7372 3076/7373 3074/7374
f 3075/7375 3077/7376 3076/7377
f 3150/7378 3079/7379 3077/7380
f 3080/7381 3079/7382 3078/7383
f 3080/7384 3082/7385 3081/7386
f 3151/7387 3083/7388 3082/7389
f 3152/7390 3085/7391 3083/7392
f 3084/7393 3086/7394 3085/7395
f 3153/7396 3087/7397 3086/7398
f 3154/7399 3088/7400 3087/7401
f 3155/7402 3089/7403 3088/7404
f 3156/7405 3090/7406 3089/7407
f 3157/7408 3050/7331 3107/7409
f 3051/7410 3107/7409 3050/7331
f 3053/7334 3091/7411 3051/7335
f 3053/7412 3093/7413 3092/7414
f 3055/7415 3112/7416 3093/7417
f 3057/7418 3114/7419 3112/7420
f 3058/7421 3094/7422 3114/7423
f 3060/7424 3095/7425 3094/7426
f 3062/7427 3118/7428 3095/7429
f 3064/7430 3096/7431 3118/7432
f 3065/7433 3121/7434 3096/7435
f 3067/7436 3123/7437 3121/7438
f 3069/7439 3125/7440 3123/7441
f 3072/7442 3125/7443 3071/7444
f 3074/7445 3097/7446 3072/7447
f 3074/7448 3099/7449 3098/7450
f 3076/7451 3130/7452 3099/7453
f 3077/7454 3100/7455 3130/7456
f 3081/7457 3100/7458 3079/7459
f 3082/7385 3101/7460 3081/7386
f 3083/7388 3102/7461 3082/7389
f 3085/7391 3103/7462 3083/7392
f 3086/7394 3104/7463 3085/7395
f 3087/7397 3137/7464 3086/7398
f 3088/7400 3139/7465 3087/7401
f 3089/7403 3105/7466 3088/7404
f 3090/7406 3106/7467 3089/7407
f 3157/7468 3107/7409 3108/7469
f 3091/7470 3108/7469 3107/7409
f 3092/7471 3109/7472 3091/7473
f 3092/7474 3111/7475 3110/7476
f 3093/7477 3113/7478 3111/7479
f 3112/7480 3115/7481 3113/7482
f 3114/7483 3116/7484 3115/7485
f 3094/7486 3117/7487 3116/7488
f 3095/7489 3119/7490 3117/7491
f 3118/7492 3120/7493 3119/7494
f 3096/7495 3122/7496 3120/7497
f 3121/7498 3124/7499 3122/7500
f 3123/7501 3126/7502 3124/7503
f 3097/7504 3126/7505 3125/7506
f 3098/7507 3127/7508 3097/7509
f 3098/7510 3129/7511 3128/7512
f 3099/7513 3131/7514 3129/7515
f 3130/7516 3132/7517 3131/7518
f 3101/7519 3132/7520 3100/7521
f 3102/7522 3133/7523 3101/7524
f 3103/7525 3134/7526 3102/7527
f 3104/7528 3135/7529 3103/7530
f 3137/7531 3136/7532 3104/7533
f 3139/7534 3138/7535 3137/7536
f 3105/7537 3140/7538 3139/7539
f 3105/7540 3142/7541 3141/7542
f 3106/7543 3144/7544 3142/7545
f 3157/7546 3108/7469 3145/7547
f 3109/7548 3145/7547 3108/7469
f 3109/7549 3052/7550 3146/7551
f 3110/7552 3054/7553 3052/7554
f 3113/7478 3054/7555 3111/7479
f 3115/7481 3056/7556 3113/7482
f 3116/7484 3147/7557 3115/7485
f 3117/7487 3059/7558 3116/7488
f 3117/7559 3063/7560 3061/7561
f 3119/7562 3148/7563 3063/7564
f 3120/7565 3066/7566 3148/7567
f 3122/7568 3068/7569 3066/7570
f 3124/7571 3070/7572 3068/7573
f 3127/7574 3070/7575 3126/7576
f 3128/7577 3149/7578 3127/7579
f 3128/7580 3075/7581 3073/7582
f 3129/7583 3150/7584 3075/7585
f 3131/7586 3078/7587 3150/7588
f 3133/7589 3078/7590 3132/7591
f 3134/7592 3080/7593 3133/7594
f 3135/7595 3151/7596 3134/7597
f 3135/7598 3084/7599 3152/7600
f 3136/7601 3153/7602 3084/7603
f 3138/7604 3154/7605 3153/7606
f 3141/7607 3154/7608 3140/7609
f 3142/7541 3155/7610 3141/7542
f 3144/7544 3156/7611 3142/7545
f 19/39 20/38 18/35
f 16/31 113/36 18/32
f 3158/7612 3090/7613 3143/7614
f 3158/7612 3143/7614 3144/7615
f 3262/7616 3159/7617 3160/7618
f 3161/7619 3160/7618 3159/7617
f 3163/7620 3162/7621 3161/7622
f 3249/7623 3164/7624 3163/7625
f 3166/7626 3165/7627 3249/7628
f 3168/7629 3167/7630 3166/7631
f 3168/7632 3171/7633 3169/7634
f 3172/7635 3171/7636 3170/7637
f 3250/7638 3173/7639 3172/7640
f 3251/7641 3174/7642 3250/7643
f 3176/7644 3175/7645 3251/7646
f 3176/7647 3178/7648 3177/7649
f 3253/7650 3178/7651 3252/7652
f 3253/7653 3181/7654 3179/7655
f 3180/7656 3183/7657 3181/7658
f 3182/7659 3184/7660 3183/7661
f 3254/7662 3186/7663 3184/7664
f 3185/7665 3187/7666 3186/7667
f 3255/7668 3188/7669 3187/7670
f 3256/7671 3190/7672 3188/7673
f 3189/7674 3192/7675 3190/7676
f 3191/7677 3193/7678 3192/7679
f 3257/7680 3194/7681 3193/7682
f 3258/7683 3195/7684 3194/7685
f 3259/7686 3196/7687 3195/7688
f 3260/7689 3197/7690 3196/7691
f 3262/7692 3160/7618 3212/7693
f 3160/7618 3214/7694 3212/7693
f 3162/7695 3198/7696 3214/7697
f 3164/7698 3217/7699 3198/7700
f 3165/7701 3199/7702 3217/7703
f 3167/7704 3200/7705 3199/7706
f 3169/7707 3221/7708 3200/7709
f 3171/7710 3201/7711 3221/7712
f 3173/7713 3224/7714 3201/7715
f 3174/7716 3226/7717 3224/7718
f 3175/7719 3202/7720 3226/7721
f 3177/7722 3203/7723 3202/7724
f 3178/7725 3204/7726 3203/7727
f 3181/7654 3204/7728 3179/7655
f 3183/7657 3205/7729 3181/7658
f 3184/7660 3232/7730 3183/7661
f 3186/7663 3206/7731 3184/7664
f 3187/7666 3207/7732 3186/7667
f 3188/7669 3236/7733 3187/7670
f 3190/7672 3208/7734 3188/7673
f 3192/7675 3209/7735 3190/7676
f 3193/7678 3240/7736 3192/7679
f 3194/7681 3242/7737 3193/7682
f 3195/7684 3244/7738 3194/7685
f 3196/7687 3210/7739 3195/7688
f 3197/7690 3211/7740 3196/7691
f 3262/7741 3212/7693 3213/7742
f 3214/7694 3213/7742 3212/7693
f 3198/7696 3215/7743 3214/7697
f 3217/7699 3216/7744 3198/7700
f 3199/7702 3218/7745 3217/7703
f 3199/7746 3220/7747 3219/7748
f 3200/7749 3222/7750 3220/7751
f 3221/7752 3223/7753 3222/7754
f 3201/7755 3225/7756 3223/7757
f 3226/7717 3225/7758 3224/7718
f 3202/7720 3227/7759 3226/7721
f 3202/7760 3229/7761 3228/7762
f 3204/7726 3229/7763 3203/7727
f 3204/7764 3231/7765 3230/7766
f 3205/7767 3233/7768 3231/7769
f 3232/7770 3234/7771 3233/7772
f 3206/7773 3235/7774 3234/7775
f 3207/7776 3237/7777 3235/7778
f 3236/7779 3238/7780 3237/7781
f 3208/7782 3239/7783 3238/7784
f 3209/7785 3241/7786 3239/7787
f 3240/7788 3243/7789 3241/7790
f 3242/7791 3245/7792 3243/7793
f 3244/7794 3246/7795 3245/7796
f 3210/7797 3247/7798 3246/7799
f 3211/7800 3248/7801 3247/7802
f 3262/7803 3213/7742 3159/7804
f 3213/7742 3161/7805 3159/7804
f 3215/7806 3163/7807 3161/7808
f 3216/7809 3249/7810 3163/7811
f 3218/7812 3166/7813 3249/7814
f 3219/7815 3168/7816 3166/7817
f 3222/7750 3168/7818 3220/7751
f 3222/7819 3172/7820 3170/7821
f 3223/7822 3250/7823 3172/7824
f 3225/7825 3251/7826 3250/7827
f 3227/7828 3176/7829 3251/7830
f 3228/7831 3252/7832 3176/7833
f 3229/7834 3253/7835 3252/7836
f 3231/7765 3253/7837 3230/7766
f 3233/7768 3180/7838 3231/7769
f 3234/7771 3182/7839 3233/7772
f 3235/7774 3254/7840 3234/7775
f 3237/7777 3185/7841 3235/7778
f 3238/7780 3255/7842 3237/7781
f 3239/7783 3256/7843 3238/7784
f 3241/7786 3189/7844 3239/7787
f 3243/7789 3191/7845 3241/7790
f 3245/7792 3257/7846 3243/7793
f 3246/7795 3258/7847 3245/7796
f 3247/7798 3259/7848 3246/7799
f 3248/7801 3260/7849 3247/7802
f 14/28 16/31 17/29
f 112/25 14/28 15/26
f 3261/7850 3197/7851 3263/7852
f 3261/7850 3263/7852 3248/7853
f 3350/7854 3264/7855 3351/7856
f 3341/7857 3265/7858 3264/7859
f 3342/7860 3267/7861 3265/7862
f 3343/7863 3267/7864 3266/7865
f 3343/7866 3270/7867 3268/7868
f 3269/7869 3271/7870 3270/7871
f 3344/7872 3273/7873 3271/7874
f 3272/7875 3275/7876 3273/7877
f 3276/7878 3275/7879 3274/7880
f 3278/7881 3277/7882 3276/7883
f 3345/7884 3279/7885 3278/7886
f 3346/7887 3280/7888 3345/7889
f 3282/7890 3281/7891 3346/7892
f 3284/7893 3283/7894 3282/7895
f 3286/7896 3285/7897 3284/7898
f 3288/7899 3287/7900 3286/7901
f 3347/7902 3289/7903 3288/7904
f 3348/7905 3290/7906 3347/7907
f 3292/7908 3291/7909 3348/7910
f 3349/7911 3293/7912 3292/7913
f 3295/7914 3294/7915 3349/7916
f 3353/7917 3296/7918 3295/7919
f 3264/7855 3313/7920 3351/7856
f 3265/7858 3297/7921 3264/7859
f 3265/7922 3299/7923 3298/7924
f 3267/7925 3300/7926 3299/7927
f 3268/7928 3301/7929 3300/7930
f 3270/7931 3302/7932 3301/7933
f 3271/7934 3303/7935 3302/7936
f 3273/7937 3304/7938 3303/7939
f 3277/7940 3304/7941 3275/7942
f 3279/7943 3305/7944 3277/7945
f 3280/7946 3323/7947 3279/7948
f 3281/7949 3306/7950 3280/7951
f 3281/7952 3308/7953 3307/7954
f 3283/7955 3309/7956 3308/7957
f 3285/7958 3329/7959 3309/7960
f 3287/7961 3331/7962 3329/7963
f 3289/7964 3310/7965 3331/7966
f 3290/7967 3334/7968 3310/7969
f 3291/7970 3336/7971 3334/7972
f 3293/7973 3311/7974 3336/7975
f 3294/7976 3312/7977 3311/7978
f 3296/7979 3340/7980 3312/7981
f 3313/7982 3314/7983 3352/7984
f 3297/7985 3315/7986 3314/7987
f 3298/7988 3316/7989 3315/7990
f 3299/7991 3317/7992 3316/7993
f 3301/7929 3317/7994 3300/7930
f 3301/7995 3319/7996 3318/7997
f 3302/7998 3320/7999 3319/8000
f 3303/8001 3321/8002 3320/8003
f 3305/8004 3321/8005 3304/8006
f 3323/8007 3322/8008 3305/8009
f 3306/8010 3324/8011 3323/8012
f 3307/8013 3325/8014 3306/8015
f 3308/7953 3326/8016 3307/7954
f 3309/7956 3327/8017 3308/7957
f 3329/7959 3328/8018 3309/7960
f 3331/7962 3330/8019 3329/7963
f 3310/7965 3332/8020 3331/7966
f 3334/7968 3333/8021 3310/7969
f 3336/7971 3335/8022 3334/7972
f 3311/7974 3337/8023 3336/7975
f 3312/7977 3338/8024 3311/7978
f 3340/7980 3339/8025 3312/7981
f 3314/7983 3350/8026 3352/7984
f 3315/7986 3341/8027 3314/7987
f 3316/7989 3342/8028 3315/7990
f 3317/7992 3266/8029 3316/7993
f 3318/8030 3343/8031 3317/8032
f 3318/8033 3344/8034 3269/8035
f 3319/8036 3272/8037 3344/8038
f 3320/8039 3274/8040 3272/8041
f 3322/8042 3274/8043 3321/8044
f 3324/8045 3276/8046 3322/8047
f 3325/8048 3278/8049 3324/8050
f 3326/8051 3345/8052 3325/8053
f 3326/8054 3282/8055 3346/8056
f 3327/8057 3284/8058 3282/8059
f 3328/8060 3286/8061 3284/8062
f 3330/8063 3288/8064 3286/8065
f 3332/8066 3347/8067 3288/8068
f 3333/8069 3348/8070 3347/8071
f 3335/8072 3292/8073 3348/8074
f 3337/8075 3349/8076 3292/8077
f 3338/8078 3295/8079 3349/8080
f 3339/8081 3353/8082 3295/8083
f 3350/8084 3351/7856 3313/7920
f 3350/8026 3313/7920 3352/7984
f 3353/8085 3354/8086 3340/8087
f 3353/8085 3340/8087 3355/8088
f 3358/8089 3356/8090 3357/8091
f 3356/8090 3360/8092 3357/8091
f 3359/8093 3362/8094 3360/8095
f 3361/8096 3364/8097 3362/8098
f 3363/8099 3366/8100 3364/8101
f 3365/8102 3368/8103 3366/8104
f 3367/8105 3370/8106 3368/8107
f 3369/8108 3372/8109 3370/8110
f 3371/8111 3374/8112 3372/8113
f 3373/8114 3376/8115 3374/8116
f 3377/8117 3376/8118 3375/8119
f 3379/8120 3378/8121 3377/8122
f 3381/8123 3380/8124 3379/8125
f 3383/8126 3382/8127 3381/8128
f 3385/8129 3384/8130 3383/8131
f 3387/8132 3386/8133 3385/8134
f 3389/8135 3388/8136 3387/8137
f 3391/8138 3390/8139 3389/8140
f 3393/8141 3392/8142 3391/8143
f 3358/8144 3357/8091 3395/8145
f 3360/8092 3395/8145 3357/8091
f 3362/8094 3396/8146 3360/8095
f 3364/8097 3397/8147 3362/8098
f 3366/8100 3398/8148 3364/8101
f 3368/8103 3399/8149 3366/8104
f 3370/8106 3400/8150 3368/8107
f 3372/8109 3401/8151 3370/8110
f 3374/8112 3402/8152 3372/8113
f 3374/8153 3404/8154 3403/8155
f 3376/8156 3405/8157 3404/8158
f 3378/8159 3406/8160 3405/8161
f 3380/8162 3407/8163 3406/8164
f 3382/8165 3408/8166 3407/8167
f 3384/8168 3409/8169 3408/8170
f 3386/8171 3410/8172 3409/8173
f 3388/8174 3411/8175 3410/8176
f 3390/8177 3412/8178 3411/8179
f 3392/8180 3413/8181 3412/8182
f 3414/8183 3416/8184 3417/8185
f 3415/8186 3419/8187 3416/8188
f 3418/8189 3421/8190 3419/8191
f 3420/8192 3423/8193 3421/8194
f 3422/8195 3425/8196 3423/8197
f 3424/8198 3427/8199 3425/8200
f 3426/8201 3429/8202 3427/8203
f 3428/8204 3431/8205 3429/8206
f 3430/8207 3433/8208 3431/8209
f 3432/8210 3435/8211 3433/8212
f 3434/8213 3437/8214 3435/8215
f 3436/8216 3439/8217 3437/8218
f 3440/8219 3439/8220 3438/8221
f 3442/8222 3441/8223 3440/8224
f 3444/8225 3443/8226 3442/8227
f 3446/8228 3445/8229 3444/8230
f 3448/8231 3447/8232 3446/8233
f 3450/8234 3449/8235 3448/8236
f 3416/8184 3453/8237 3417/8185
f 3419/8187 3452/8238 3416/8188
f 3421/8190 3454/8239 3419/8191
f 3423/8193 3455/8240 3421/8194
f 3425/8196 3456/8241 3423/8197
f 3427/8199 3457/8242 3425/8200
f 3429/8202 3458/8243 3427/8203
f 3431/8205 3459/8244 3429/8206
f 3433/8208 3460/8245 3431/8209
f 3435/8211 3461/8246 3433/8212
f 3437/8214 3462/8247 3435/8215
f 3439/8217 3463/8248 3437/8218
f 3439/8249 3465/8250 3464/8251
f 3441/8252 3466/8253 3465/8254
f 3443/8255 3467/8256 3466/8257
f 3445/8258 3468/8259 3467/8260
f 3447/8261 3469/8262 3468/8263
f 3449/8264 3470/8265 3469/8266
f 3471/8267 3473/8268 3474/8269
f 3472/8270 3476/8271 3473/8272
f 3475/8273 3478/8274 3476/8275
f 3477/8276 3480/8277 3478/8278
f 3479/8279 3482/8280 3480/8281
f 3481/8282 3484/8283 3482/8284
f 3483/8285 3486/8286 3484/8287
f 3485/8288 3488/8289 3486/8290
f 3487/8291 3490/8292 3488/8293
f 3489/8294 3492/8295 3490/8296
f 3491/8297 3494/8298 3492/8299
f 3493/8300 3496/8301 3494/8302
f 3497/8303 3496/8304 3495/8305
f 3499/8306 3498/8307 3497/8308
f 3501/8309 3500/8310 3499/8311
f 3503/8312 3502/8313 3501/8314
f 3505/8315 3504/8316 3503/8317
f 3507/8318 3506/8319 3505/8320
f 3473/8268 3510/8321 3474/8269
f 3476/8271 3509/8322 3473/8272
f 3478/8274 3511/8323 3476/8275
f 3480/8277 3512/8324 3478/8278
f 3482/8280 3513/8325 3480/8281
f 3484/8283 3514/8326 3482/8284
f 3486/8286 3515/8327 3484/8287
f 3488/8289 3516/8328 3486/8290
f 3490/8292 3517/8329 3488/8293
f 3492/8295 3518/8330 3490/8296
f 3494/8298 3519/8331 3492/8299
f 3496/8301 3520/8332 3494/8302
f 3496/8333 3522/8334 3521/8335
f 3498/8336 3523/8337 3522/8338
f 3500/8339 3524/8340 3523/8341
f 3502/8342 3525/8343 3524/8344
f 3504/8345 3526/8346 3525/8347
f 3506/8348 3527/8349 3526/8350
f 3530/8351 3528/8352 3529/8353
f 3528/8352 3532/8354 3529/8353
f 3531/8355 3534/8356 3532/8357
f 3533/8358 3536/8359 3534/8360
f 3535/8361 3538/8362 3536/8363
f 3537/8364 3540/8365 3538/8366
f 3539/8367 3542/8368 3540/8369
f 3541/8370 3544/8371 3542/8372
f 3543/8373 3546/8374 3544/8375
f 3547/8376 3546/8377 3545/8378
f 3549/8379 3548/8380 3547/8381
f 3551/8382 3550/8383 3549/8384
f 3553/8385 3552/8386 3551/8387
f 3555/8388 3554/8389 3553/8390
f 3557/8391 3556/8392 3555/8393
f 3559/8394 3558/8395 3557/8396
f 3561/8397 3560/8398 3559/8399
f 3563/8400 3562/8401 3561/8402
f 3565/8403 3564/8404 3563/8405
f 3530/8406 3529/8353 3567/8407
f 3532/8354 3567/8407 3529/8353
f 3534/8356 3568/8408 3532/8357
f 3536/8359 3569/8409 3534/8360
f 3538/8362 3570/8410 3536/8363
f 3540/8365 3571/8411 3538/8366
f 3542/8368 3572/8412 3540/8369
f 3544/8371 3573/8413 3542/8372
f 3544/8414 3575/8415 3574/8416
f 3546/8417 3576/8418 3575/8419
f 3548/8420 3577/8421 3576/8422
f 3550/8423 3578/8424 3577/8425
f 3552/8426 3579/8427 3578/8428
f 3554/8429 3580/8430 3579/8431
f 3556/8432 3581/8433 3580/8434
f 3558/8435 3582/8436 3581/8437
f 3560/8438 3583/8439 3582/8440
f 3562/8441 3584/8442 3583/8443
f 3564/8444 3585/8445 3584/8446
f 3586/8447 3588/8448 3589/8449
f 3587/8450 3591/8451 3588/8452
f 3590/8453 3593/8454 3591/8455
f 3592/8456 3595/8457 3593/8458
f 3594/8459 3597/8460 3595/8461
f 3596/8462 3599/8463 3597/8464
f 3598/8465 3601/8466 3599/8467
f 3600/8468 3603/8469 3601/8470
f 3602/8471 3605/8472 3603/8473
f 3604/8474 3607/8475 3605/8476
f 3606/8477 3609/8478 3607/8479
f 3608/8480 3611/8481 3609/8482
f 3612/8483 3611/8484 3610/8485
f 3614/8486 3613/8487 3612/8488
f 3616/8489 3615/8490 3614/8491
f 3618/8492 3617/8493 3616/8494
f 3620/8495 3619/8496 3618/8497
f 3622/8498 3621/8499 3620/8500
f 3588/8448 3625/8501 3589/8449
f 3591/8451 3624/8502 3588/8452
f 3593/8454 3626/8503 3591/8455
f 3595/8457 3627/8504 3593/8458
f 3597/8460 3628/8505 3595/8461
f 3599/8463 3629/8506 3597/8464
f 3601/8466 3630/8507 3599/8467
f 3603/8469 3631/8508 3601/8470
f 3605/8472 3632/8509 3603/8473
f 3607/8475 3633/8510 3605/8476
f 3609/8478 3634/8511 3607/8479
f 3611/8481 3635/8512 3609/8482
f 3613/8513 3636/8514 3611/8515
f 3613/8516 3638/8517 3637/8518
f 3615/8519 3639/8520 3638/8521
f 3617/8522 3640/8523 3639/8524
f 3619/8525 3641/8526 3640/8527
f 3621/8528 3642/8529 3641/8530
f 3645/8531 3643/8532 3644/8533
f 3643/8532 3647/8534 3644/8533
f 3646/8535 3649/8536 3647/8537
f 3648/8538 3651/8539 3649/8540
f 3650/8541 3653/8542 3651/8543
f 3652/8544 3655/8545 3653/8546
f 3654/8547 3657/8548 3655/8549
f 3656/8550 3659/8551 3657/8552
f 3658/8553 3661/8554 3659/8555
f 3660/8556 3663/8557 3661/8558
f 3662/8559 3665/8560 3663/8561
f 3664/8562 3667/8563 3665/8564
f 3666/8565 3669/8566 3667/8567
f 3670/8568 3669/8569 3668/8570
f 3672/8571 3671/8572 3670/8573
f 3674/8574 3673/8575 3672/8576
f 3676/8577 3675/8578 3674/8579
f 3678/8580 3677/8581 3676/8582
f 3680/8583 3679/8584 3678/8585
f 3682/8586 3681/8587 3680/8588
f 3645/8589 3644/8533 3684/8590
f 3647/8534 3684/8590 3644/8533
f 3649/8536 3685/8591 3647/8537
f 3651/8539 3686/8592 3649/8540
f 3653/8542 3687/8593 3651/8543
f 3655/8545 3688/8594 3653/8546
f 3657/8548 3689/8595 3655/8549
f 3659/8551 3690/8596 3657/8552
f 3661/8554 3691/8597 3659/8555
f 3663/8557 3692/8598 3661/8558
f 3665/8560 3693/8599 3663/8561
f 3667/8563 3694/8600 3665/8564
f 3669/8566 3695/8601 3667/8567
f 3669/8602 3697/8603 3696/8604
f 3671/8605 3698/8606 3697/8607
f 3673/8608 3699/8609 3698/8610
f 3675/8611 3700/8612 3699/8613
f 3677/8614 3701/8615 3700/8616
f 3679/8617 3702/8618 3701/8619
f 3681/8620 3703/8621 3702/8622
f 3705/8623 3707/8624 3704/8625
f 3708/8626 3706/8627 3705/8628
f 3710/8629 3709/8630 3708/8631
f 3712/8632 3711/8633 3710/8634
f 3714/8635 3713/8636 3712/8637
f 3716/8638 3715/8639 3714/8640
f 3718/8641 3717/8642 3716/8643
f 3718/8644 3721/8645 3719/8646
f 3720/8647 3723/8648 3721/8649
f 3722/8650 3725/8651 3723/8652
f 3726/8653 3725/8654 3724/8655
f 3728/8656 3727/8657 3726/8658
f 3730/8659 3729/8660 3728/8661
f 3732/8662 3731/8663 3730/8664
f 3732/8665 3735/8666 3733/8667
f 3734/8668 3737/8669 3735/8670
f 3736/8671 3739/8672 3737/8673
f 3738/8674 3741/8675 3739/8676
f 3740/8677 3743/8678 3741/8679
f 3707/8680 3744/8681 3745/8682
f 3706/8683 3746/8684 3744/8685
f 3709/8686 3747/8687 3746/8688
f 3711/8689 3748/8690 3747/8691
f 3713/8692 3749/8693 3748/8694
f 3715/8695 3750/8696 3749/8697
f 3717/8698 3751/8699 3750/8700
f 3721/8645 3751/8701 3719/8646
f 3723/8648 3752/8702 3721/8649
f 3725/8651 3753/8703 3723/8652
f 3725/8704 3755/8705 3754/8706
f 3727/8707 3756/8708 3755/8709
f 3729/8710 3757/8711 3756/8712
f 3731/8713 3758/8714 3757/8715
f 3735/8666 3758/8716 3733/8667
f 3737/8669 3759/8717 3735/8670
f 3739/8672 3760/8718 3737/8673
f 3741/8675 3761/8719 3739/8676
f 3743/8678 3762/8720 3741/8679
f 3764/8721 3766/8722 3767/8723
f 3765/8724 3769/8725 3766/8726
f 3768/8727 3771/8728 3769/8729
f 3772/8730 3771/8731 3770/8732
f 3774/8733 3773/8734 3772/8735
f 3774/8736 3777/8737 3775/8738
f 3776/8739 3779/8740 3777/8741
f 3778/8742 3781/8743 3779/8744
f 3782/8745 3781/8746 3780/8747
f 3782/8748 3785/8749 3783/8750
f 3784/8751 3787/8752 3785/8753
f 3788/8754 3787/8755 3786/8756
f 3790/8757 3789/8758 3788/8759
f 3792/8760 3791/8761 3790/8762
f 3792/8763 3795/8764 3793/8765
f 3796/8766 3795/8767 3794/8768
f 3798/8769 3797/8770 3796/8771
f 3800/8772 3799/8773 3798/8774
f 3802/8775 3801/8776 3800/8777
f 3766/8722 3805/8778 3767/8723
f 3769/8725 3804/8779 3766/8726
f 3771/8728 3806/8780 3769/8729
f 3771/8781 3808/8782 3807/8783
f 3773/8784 3809/8785 3808/8786
f 3777/8737 3809/8787 3775/8738
f 3779/8740 3810/8788 3777/8741
f 3781/8743 3811/8789 3779/8744
f 3781/8790 3813/8791 3812/8792
f 3785/8749 3813/8793 3783/8750
f 3787/8752 3814/8794 3785/8753
f 3787/8795 3816/8796 3815/8797
f 3789/8798 3817/8799 3816/8800
f 3791/8801 3818/8802 3817/8803
f 3795/8764 3818/8804 3793/8765
f 3795/8805 3820/8806 3819/8807
f 3797/8808 3821/8809 3820/8810
f 3799/8811 3822/8812 3821/8813
f 3801/8814 3823/8815 3822/8816
f 3826/8817 3824/8818 3825/8819
f 3824/8818 3828/8820 3825/8819
f 3827/8821 3830/8822 3828/8823
f 3829/8824 3832/8825 3830/8826
f 3831/8827 3834/8828 3832/8829
f 3833/8830 3836/8831 3834/8832
f 3835/8833 3838/8834 3836/8835
f 3837/8836 3840/8837 3838/8838
f 3839/8839 3842/8840 3840/8841
f 3841/8842 3844/8843 3842/8844
f 3845/8845 3844/8846 3843/8847
f 3847/8848 3846/8849 3845/8850
f 3849/8851 3848/8852 3847/8853
f 3851/8854 3850/8855 3849/8856
f 3853/8857 3852/8858 3851/8859
f 3855/8860 3854/8861 3853/8862
f 3857/8863 3856/8864 3855/8865
f 3859/8866 3858/8867 3857/8868
f 3861/8869 3860/8870 3859/8871
f 3863/8872 3862/8873 3861/8874
f 3826/8875 3825/8819 3864/8876
f 3828/8820 3864/8876 3825/8819
f 3830/8822 3865/8877 3828/8823
f 3832/8825 3866/8878 3830/8826
f 3834/8828 3867/8879 3832/8829
f 3836/8831 3868/8880 3834/8832
f 3838/8834 3869/8881 3836/8835
f 3840/8837 3870/8882 3838/8838
f 3842/8840 3871/8883 3840/8841
f 3844/8843 3872/8884 3842/8844
f 3844/8885 3874/8886 3873/8887
f 3846/8888 3875/8889 3874/8890
f 3848/8891 3876/8892 3875/8893
f 3850/8894 3877/8895 3876/8896
f 3852/8897 3878/8898 3877/8899
f 3854/8900 3879/8901 3878/8902
f 3856/8903 3880/8904 3879/8905
f 3858/8906 3881/8907 3880/8908
f 3860/8909 3882/8910 3881/8911
f 3862/8912 3883/8913 3882/8914
f 3884/8915 3885/8916 3886/8917
f 3885/8916 3888/8918 3886/8917
f 3887/8919 3890/8920 3888/8921
f 3889/8922 3892/8923 3890/8924
f 3891/8925 3894/8926 3892/8927
f 3893/8928 3896/8929 3894/8930
f 3895/8931 3898/8932 3896/8933
f 3897/8934 3900/8935 3898/8936
f 3899/8937 3902/8938 3900/8939
f 3901/8940 3904/8941 3902/8942
f 3905/8943 3904/8944 3903/8945
f 3907/8946 3906/8947 3905/8948
f 3909/8949 3908/8950 3907/8951
f 3911/8952 3910/8953 3909/8954
f 3913/8955 3912/8956 3911/8957
f 3915/8958 3914/8959 3913/8960
f 3917/8961 3916/8962 3915/8963
f 3919/8964 3918/8965 3917/8966
f 3921/8967 3920/8968 3919/8969
f 3921/8970 3923/8971 3922/8972
f 3884/8973 3886/8917 3924/8974
f 3888/8918 3924/8974 3886/8917
f 3890/8920 3925/8975 3888/8921
f 3892/8923 3926/8976 3890/8924
f 3894/8926 3927/8977 3892/8927
f 3896/8929 3928/8978 3894/8930
f 3898/8932 3929/8979 3896/8933
f 3900/8935 3930/8980 3898/8936
f 3902/8938 3931/8981 3900/8939
f 3904/8941 3932/8982 3902/8942
f 3904/8983 3934/8984 3933/8985
f 3906/8986 3935/8987 3934/8988
f 3908/8989 3936/8990 3935/8991
f 3910/8992 3937/8993 3936/8994
f 3912/8995 3938/8996 3937/8997
f 3914/8998 3939/8999 3938/9000
f 3916/9001 3940/9002 3939/9003
f 3918/9004 3941/9005 3940/9006
f 3920/9007 3942/9008 3941/9009
f 3922/9010 3943/9011 3942/9012
f 4335/9013 3945/9014 3946/9015
f 3944/9016 3948/9017 3945/9018
f 3947/9019 3950/9020 3948/9021
f 3949/9022 3952/9023 3950/9024
f 3951/9025 3954/9026 3952/9027
f 3953/9028 3956/9029 3954/9030
f 3955/9031 3958/9032 3956/9033
f 3957/9034 3960/9035 3958/9036
f 3959/9037 3962/9038 3960/9039
f 3961/9040 3964/9041 3962/9042
f 3963/9043 3966/9044 3964/9045
f 3965/9046 3968/9047 3966/9048
f 3967/9049 3970/9050 3968/9051
f 3969/9052 3972/9053 3970/9054
f 3973/9055 3972/9056 3971/9057
f 3975/9058 3974/9059 3973/9060
f 3977/9061 3976/9062 3975/9063
f 3979/9064 3978/9065 3977/9066
f 3981/9067 3980/9068 3979/9069
f 3983/9070 3982/9071 3981/9072
f 3985/9073 3984/9074 3983/9075
f 3987/9076 3986/9077 3985/9078
f 3989/9079 3988/9080 3987/9081
f 3991/9082 3990/9083 3989/9084
f 3993/9085 3992/9086 3991/9087
f 3995/9088 3994/9089 3993/9090
f 3995/9091 4024/9092 3996/9093
f 3945/9014 3998/9094 3946/9015
f 3948/9017 3997/9095 3945/9018
f 3950/9020 3999/9096 3948/9021
f 3952/9023 4000/9097 3950/9024
f 3954/9026 4001/9098 3952/9027
f 3956/9029 4002/9099 3954/9030
f 3958/9032 4003/9100 3956/9033
f 3960/9035 4004/9101 3958/9036
f 3962/9038 4005/9102 3960/9039
f 3964/9041 4006/9103 3962/9042
f 3966/9044 4007/9104 3964/9045
f 3968/9047 4008/9105 3966/9048
f 3970/9050 4009/9106 3968/9051
f 3972/9053 4010/9107 3970/9054
f 3974/9108 4011/9109 3972/9110
f 3976/9111 4012/9112 3974/9113
f 3978/9114 4013/9115 3976/9116
f 3978/9117 4015/9118 4014/9119
f 3980/9120 4016/9121 4015/9122
f 3982/9123 4017/9124 4016/9125
f 3984/9126 4018/9127 4017/9128
f 3986/9129 4019/9130 4018/9131
f 3988/9132 4020/9133 4019/9134
f 3990/9135 4021/9136 4020/9137
f 3992/9138 4022/9139 4021/9140
f 3994/9141 4023/9142 4022/9143
f 3996/9093 4024/9144 4023/9145
f 4025/9146 4027/9147 4028/9148
f 4026/9149 4030/9150 4027/9151
f 4029/9152 4032/9153 4030/9154
f 4031/9155 4034/9156 4032/9157
f 4033/9158 4036/9159 4034/9160
f 4035/9161 4038/9162 4036/9163
f 4037/9164 4040/9165 4038/9166
f 4039/9167 4042/9168 4040/9169
f 4041/9170 4044/9171 4042/9172
f 4043/9173 4046/9174 4044/9175
f 4045/9176 4048/9177 4046/9178
f 4047/9179 4050/9180 4048/9181
f 4049/9182 4052/9183 4050/9184
f 4051/9185 4054/9186 4052/9187
f 4053/9188 4056/9189 4054/9190
f 4055/9191 4058/9192 4056/9193
f 4057/9194 4060/9195 4058/9196
f 4059/9197 4062/9198 4060/9199
f 4061/9200 4064/9201 4062/9202
f 4063/9203 4066/9204 4064/9205
f 4065/9206 4068/9207 4066/9208
f 4067/9209 4070/9210 4068/9211
f 4069/9212 4072/9213 4070/9214
f 4071/9215 4074/9216 4072/9217
f 4073/9218 4076/9219 4074/9220
f 4075/9221 4078/9222 4076/9223
f 4077/9224 4080/9225 4078/9226
f 4079/9227 4082/9228 4080/9229
f 4027/9147 4084/9230 4028/9148
f 4030/9150 4083/9231 4027/9151
f 4032/9153 4085/9232 4030/9154
f 4034/9156 4086/9233 4032/9157
f 4036/9159 4087/9234 4034/9160
f 4038/9162 4088/9235 4036/9163
f 4040/9165 4089/9236 4038/9166
f 4042/9168 4090/9237 4040/9169
f 4044/9171 4091/9238 4042/9172
f 4046/9174 4092/9239 4044/9175
f 4048/9177 4093/9240 4046/9178
f 4050/9180 4094/9241 4048/9181
f 4052/9183 4095/9242 4050/9184
f 4054/9186 4096/9243 4052/9187
f 4056/9189 4097/9244 4054/9190
f 4058/9192 4098/9245 4056/9193
f 4060/9195 4099/9246 4058/9196
f 4062/9198 4100/9247 4060/9199
f 4064/9201 4101/9248 4062/9202
f 4066/9204 4102/9249 4064/9205
f 4068/9207 4103/9250 4066/9208
f 4070/9210 4104/9251 4068/9211
f 4072/9213 4105/9252 4070/9214
f 4074/9216 4106/9253 4072/9217
f 4076/9219 4107/9254 4074/9220
f 4078/9222 4108/9255 4076/9223
f 4080/9225 4109/9256 4078/9226
f 4082/9228 4110/9257 4080/9229
f 4112/9258 4114/9259 4115/9260
f 4113/9261 4117/9262 4114/9263
f 4116/9264 4119/9265 4117/9266
f 4118/9267 4121/9268 4119/9269
f 4120/9270 4123/9271 4121/9272
f 4122/9273 4125/9274 4123/9275
f 4124/9276 4127/9277 4125/9278
f 4126/9279 4129/9280 4127/9281
f 4128/9282 4131/9283 4129/9284
f 4130/9285 4133/9286 4131/9287
f 4132/9288 4135/9289 4133/9290
f 4134/9291 4137/9292 4135/9293
f 4138/9294 4137/9295 4136/9296
f 4140/9297 4139/9298 4138/9299
f 4142/9300 4141/9301 4140/9302
f 4144/9303 4143/9304 4142/9305
f 4146/9306 4145/9307 4144/9308
f 4148/9309 4147/9310 4146/9311
f 4150/9312 4149/9313 4148/9314
f 4150/9315 4153/9316 4151/9317
f 4152/9318 4155/9319 4153/9320
f 4154/9321 4157/9322 4155/9323
f 4156/9324 4159/9325 4157/9326
f 4158/9327 4161/9328 4159/9329
f 4160/9330 4163/9331 4161/9332
f 4162/9333 4165/9334 4163/9335
f 4164/9336 4167/9337 4165/9338
f 4114/9259 4169/9339 4115/9260
f 4117/9262 4168/9340 4114/9263
f 4119/9265 4170/9341 4117/9266
f 4121/9268 4171/9342 4119/9269
f 4123/9271 4172/9343 4121/9272
f 4125/9274 4173/9344 4123/9275
f 4127/9277 4174/9345 4125/9278
f 4129/9280 4175/9346 4127/9281
f 4131/9283 4176/9347 4129/9284
f 4133/9286 4177/9348 4131/9287
f 4135/9289 4178/9349 4133/9290
f 4137/9292 4179/9350 4135/9293
f 4139/9351 4180/9352 4137/9353
f 4141/9354 4181/9355 4139/9356
f 4143/9357 4182/9358 4141/9359
f 4145/9360 4183/9361 4143/9362
f 4147/9363 4184/9364 4145/9365
f 4149/9366 4185/9367 4147/9368
f 4151/9369 4186/9370 4149/9371
f 4153/9316 4187/9372 4151/9317
f 4155/9319 4188/9373 4153/9320
f 4157/9322 4189/9374 4155/9323
f 4159/9325 4190/9375 4157/9326
f 4161/9328 4191/9376 4159/9329
f 4163/9331 4192/9377 4161/9332
f 4165/9334 4193/9378 4163/9335
f 4167/9337 4194/9379 4165/9338
f 4196/9380 4198/9381 4199/9382
f 4197/9383 4201/9384 4198/9385
f 4200/9386 4203/9387 4201/9388
f 4202/9389 4205/9390 4203/9391
f 4204/9392 4207/9393 4205/9394
f 4206/9395 4209/9396 4207/9397
f 4208/9398 4211/9399 4209/9400
f 4210/9401 4213/9402 4211/9403
f 4212/9404 4215/9405 4213/9406
f 4214/9407 4217/9408 4215/9409
f 4216/9410 4219/9411 4217/9412
f 4218/9413 4221/9414 4219/9415
f 4220/9416 4223/9417 4221/9418
f 4222/9419 4225/9420 4223/9421
f 4224/9422 4227/9423 4225/9424
f 4226/9425 4229/9426 4227/9427
f 4228/9428 4231/9429 4229/9430
f 4232/9431 4231/9432 4230/9433
f 4234/9434 4233/9435 4232/9436
f 4234/9437 4237/9438 4235/9439
f 4236/9440 4239/9441 4237/9442
f 4238/9443 4241/9444 4239/9445
f 4242/9446 4241/9447 4240/9448
f 4244/9449 4243/9450 4242/9451
f 4246/9452 4245/9453 4244/9454
f 4248/9455 4247/9456 4246/9457
f 4198/9381 4251/9458 4199/9382
f 4201/9384 4250/9459 4198/9385
f 4203/9387 4252/9460 4201/9388
f 4205/9390 4253/9461 4203/9391
f 4207/9393 4254/9462 4205/9394
f 4209/9396 4255/9463 4207/9397
f 4211/9399 4256/9464 4209/9400
f 4213/9402 4257/9465 4211/9403
f 4215/9405 4258/9466 4213/9406
f 4217/9408 4259/9467 4215/9409
f 4219/9411 4260/9468 4217/9412
f 4221/9414 4261/9469 4219/9415
f 4223/9417 4262/9470 4221/9418
f 4225/9420 4263/9471 4223/9421
f 4227/9423 4264/9472 4225/9424
f 4229/9426 4265/9473 4227/9427
f 4231/9429 4266/9474 4229/9430
f 4233/9475 4267/9476 4231/9477
f 4235/9478 4268/9479 4233/9480
f 4237/9438 4269/9481 4235/9439
f 4239/9441 4270/9482 4237/9442
f 4241/9444 4271/9483 4239/9445
f 4243/9484 4272/9485 4241/9486
f 4245/9487 4273/9488 4243/9489
f 4247/9490 4274/9491 4245/9492
f 4249/9493 4275/9494 4247/9495
f 4277/9496 4279/9497 4280/9498
f 4278/9499 4282/9500 4279/9501
f 4281/9502 4284/9503 4282/9504
f 4283/9505 4286/9506 4284/9507
f 4285/9508 4288/9509 4286/9510
f 4287/9511 4290/9512 4288/9513
f 4289/9514 4292/9515 4290/9516
f 4291/9517 4294/9518 4292/9519
f 4293/9520 4296/9521 4294/9522
f 4295/9523 4298/9524 4296/9525
f 4297/9526 4300/9527 4298/9528
f 4299/9529 4302/9530 4300/9531
f 4301/9532 4304/9533 4302/9534
f 4303/9535 4306/9536 4304/9537
f 4305/9538 4308/9539 4306/9540
f 4307/9541 4310/9542 4308/9543
f 4309/9544 4312/9545 4310/9546
f 4313/9547 4312/9548 4311/9549
f 4315/9550 4314/9551 4313/9552
f 4317/9553 4316/9554 4315/9555
f 4319/9556 4318/9557 4317/9558
f 4321/9559 4320/9560 4319/9561
f 4323/9562 4322/9563 4321/9564
f 4325/9565 4324/9566 4323/9567
f 4327/9568 4326/9569 4325/9570
f 4329/9571 4328/9572 4327/9573
f 4331/9574 4330/9575 4329/9576
f 4331/9577 4333/9578 4332/9579
f 4279/9497 4335/9580 4280/9498
f 4282/9500 4334/9581 4279/9501
f 4284/9503 4336/9582 4282/9504
f 4286/9506 4337/9583 4284/9507
f 4288/9509 4338/9584 4286/9510
f 4290/9512 4339/9585 4288/9513
f 4292/9515 4340/9586 4290/9516
f 4294/9518 4341/9587 4292/9519
f 4296/9521 4342/9588 4294/9522
f 4298/9524 4343/9589 4296/9525
f 4300/9527 4344/9590 4298/9528
f 4302/9530 4345/9591 4300/9531
f 4304/9533 4346/9592 4302/9534
f 4304/9593 4348/9594 4347/9595
f 4306/9596 4349/9597 4348/9598
f 4308/9599 4350/9600 4349/9601
f 4310/9602 4351/9603 4350/9604
f 4312/9605 4352/9606 4351/9607
f 4314/9608 4353/9609 4352/9610
f 4316/9611 4354/9612 4353/9613
f 4318/9614 4355/9615 4354/9616
f 4320/9617 4356/9618 4355/9619
f 4322/9620 4357/9621 4356/9622
f 4324/9623 4358/9624 4357/9625
f 4326/9626 4359/9627 4358/9628
f 4328/9629 4360/9630 4359/9631
f 4330/9632 4361/9633 4360/9634
f 4332/9579 4333/9635 4361/9636
f 4362/9637 4364/9638 4365/9639
f 4363/9640 4367/9641 4364/9642
f 4366/9643 4369/9644 4367/9645
f 4368/9646 4371/9647 4369/9648
f 4370/9649 4373/9650 4371/9651
f 4372/9652 4375/9653 4373/9654
f 4374/9655 4377/9656 4375/9657
f 4376/9658 4379/9659 4377/9660
f 4378/9661 4381/9662 4379/9663
f 4380/9664 4383/9665 4381/9666
f 4382/9667 4385/9668 4383/9669
f 4384/9670 4387/9671 4385/9672
f 4386/9673 4389/9674 4387/9675
f 4388/9676 4391/9677 4389/9678
f 4390/9679 4393/9680 4391/9681
f 4392/9682 4395/9683 4393/9684
f 4394/9685 4397/9686 4395/9687
f 4396/9688 4399/9689 4397/9690
f 4398/9691 4401/9692 4399/9693
f 4400/9694 4403/9695 4401/9696
f 4402/9697 4405/9698 4403/9699
f 4404/9700 4407/9701 4405/9702
f 4406/9703 4409/9704 4407/9705
f 4408/9706 4411/9707 4409/9708
f 4410/9709 4413/9710 4411/9711
f 4412/9712 4415/9713 4413/9714
f 4414/9715 4417/9716 4415/9717
f 4364/9638 4419/9718 4365/9639
f 4367/9641 4418/9719 4364/9642
f 4369/9644 4420/9720 4367/9645
f 4371/9647 4421/9721 4369/9648
f 4373/9650 4422/9722 4371/9651
f 4375/9653 4423/9723 4373/9654
f 4377/9656 4424/9724 4375/9657
f 4379/9659 4425/9725 4377/9660
f 4381/9662 4426/9726 4379/9663
f 4383/9665 4427/9727 4381/9666
f 4385/9668 4428/9728 4383/9669
f 4387/9671 4429/9729 4385/9672
f 4389/9674 4430/9730 4387/9675
f 4391/9677 4431/9731 4389/9678
f 4393/9680 4432/9732 4391/9681
f 4395/9683 4433/9733 4393/9684
f 4397/9686 4434/9734 4395/9687
f 4399/9689 4435/9735 4397/9690
f 4401/9692 4436/9736 4399/9693
f 4401/9737 4438/9738 4437/9739
f 4403/9740 4439/9741 4438/9742
f 4405/9743 4440/9744 4439/9745
f 4409/9704 4440/9746 4407/9705
f 4411/9707 4441/9747 4409/9708
f 4413/9710 4442/9748 4411/9711
f 4415/9713 4443/9749 4413/9714
f 4415/9750 4445/9751 4444/9752
f 4446/9753 4448/9754 4449/9755
f 4447/9756 4451/9757 4448/9758
f 4450/9759 4453/9760 4451/9761
f 4452/9762 4455/9763 4453/9764
f 4454/9765 4457/9766 4455/9767
f 4456/9768 4459/9769 4457/9770
f 4458/9771 4461/9772 4459/9773
f 4460/9774 4463/9775 4461/9776
f 4462/9777 4465/9778 4463/9779
f 4464/9780 4467/9781 4465/9782
f 4466/9783 4469/9784 4467/9785
f 4468/9786 4471/9787 4469/9788
f 4470/9789 4473/9790 4471/9791
f 4472/9792 4475/9793 4473/9794
f 4474/9795 4477/9796 4475/9797
f 4476/9798 4479/9799 4477/9800
f 4478/9801 4481/9802 4479/9803
f 4480/9804 4483/9805 4481/9806
f 4482/9807 4485/9808 4483/9809
f 4484/9810 4487/9811 4485/9812
f 4486/9813 4489/9814 4487/9815
f 4488/9816 4491/9817 4489/9818
f 4490/9819 4493/9820 4491/9821
f 4492/9822 4495/9823 4493/9824
f 4494/9825 4497/9826 4495/9827
f 4496/9828 4499/9829 4497/9830
f 4498/9831 4501/9832 4499/9833
f 4500/9834 4503/9835 4501/9836
f 4448/9754 4505/9837 4449/9755
f 4451/9757 4504/9838 4448/9758
f 4453/9760 4506/9839 4451/9761
f 4455/9763 4507/9840 4453/9764
f 4457/9766 4508/9841 4455/9767
f 4459/9769 4509/9842 4457/9770
f 4461/9772 4510/9843 4459/9773
f 4463/9775 4511/9844 4461/9776
f 4465/9778 4512/9845 4463/9779
f 4467/9781 4513/9846 4465/9782
f 4469/9784 4514/9847 4467/9785
f 4471/9787 4515/9848 4469/9788
f 4473/9790 4516/9849 4471/9791
f 4475/9793 4517/9850 4473/9794
f 4477/9796 4518/9851 4475/9797
f 4479/9799 4519/9852 4477/9800
f 4481/9802 4520/9853 4479/9803
f 4483/9805 4521/9854 4481/9806
f 4485/9808 4522/9855 4483/9809
f 4487/9811 4523/9856 4485/9812
f 4489/9814 4524/9857 4487/9815
f 4491/9817 4525/9858 4489/9818
f 4493/9820 4526/9859 4491/9821
f 4495/9823 4527/9860 4493/9824
f 4497/9826 4528/9861 4495/9827
f 4499/9829 4529/9862 4497/9830
f 4501/9832 4530/9863 4499/9833
f 4503/9835 4531/9864 4501/9836
f 4533/9865 4535/9866 4536/9867
f 4534/9868 4538/9869 4535/9870
f 4537/9871 4540/9872 4538/9873
f 4539/9874 4542/9875 4540/9876
f 4541/9877 4544/9878 4542/9879
f 4543/9880 4546/9881 4544/9882
f 4545/9883 4548/9884 4546/9885
f 4547/9886 4550/9887 4548/9888
f 4549/9889 4552/9890 4550/9891
f 4551/9892 4554/9893 4552/9894
f 4553/9895 4556/9896 4554/9897
f 4555/9898 4558/9899 4556/9900
f 4557/9901 4560/9902 4558/9903
f 4559/9904 4562/9905 4560/9906
f 4561/9907 4564/9908 4562/9909
f 4563/9910 4566/9911 4564/9912
f 4565/9913 4568/9914 4566/9915
f 4567/9916 4570/9917 4568/9918
f 4569/9919 4572/9920 4570/9921
f 4571/9922 4574/9923 4572/9924
f 4573/9925 4576/9926 4574/9927
f 4575/9928 4578/9929 4576/9930
f 4577/9931 4580/9932 4578/9933
f 4579/9934 4582/9935 4580/9936
f 4581/9937 4584/9938 4582/9939
f 4583/9940 4586/9941 4584/9942
f 4585/9943 4588/9944 4586/9945
f 4587/9946 4590/9947 4588/9948
f 4535/9866 4592/9949 4536/9867
f 4538/9869 4591/9950 4535/9870
f 4540/9872 4593/9951 4538/9873
f 4542/9875 4594/9952 4540/9876
f 4544/9878 4595/9953 4542/9879
f 4546/9881 4596/9954 4544/9882
f 4546/9955 4598/9956 4597/9957
f 4550/9887 4598/9958 4548/9888
f 4552/9890 4599/9959 4550/9891
f 4554/9893 4600/9960 4552/9894
f 4556/9896 4601/9961 4554/9897
f 4558/9899 4602/9962 4556/9900
f 4558/9963 4604/9964 4603/9965
f 4560/9966 4605/9967 4604/9968
f 4562/9969 4606/9970 4605/9971
f 4564/9972 4607/9973 4606/9974
f 4566/9975 4608/9976 4607/9977
f 4568/9978 4609/9979 4608/9980
f 4570/9981 4610/9982 4609/9983
f 4572/9984 4611/9985 4610/9986
f 4574/9987 4612/9988 4611/9989
f 4576/9990 4613/9991 4612/9992
f 4578/9993 4614/9994 4613/9995
f 4580/9996 4615/9997 4614/9998
f 4582/9999 4616/10000 4615/10001
f 4584/10002 4617/10003 4616/10004
f 4586/10005 4618/10006 4617/10007
f 4588/10008 4619/10009 4618/10010
f 4620/10011 4622/10012 4623/10013
f 4621/10014 4625/10015 4622/10016
f 4624/10017 4627/10018 4625/10019
f 4626/10020 4629/10021 4627/10022
f 4628/10023 4631/10024 4629/10025
f 4630/10026 4633/10027 4631/10028
f 4632/10029 4635/10030 4633/10031
f 4634/10032 4637/10033 4635/10034
f 4636/10035 4639/10036 4637/10037
f 4638/10038 4641/10039 4639/10040
f 4640/10041 4643/10042 4641/10043
f 4644/10044 4643/10045 4642/10046
f 4646/10047 4645/10048 4644/10049
f 4648/10050 4647/10051 4646/10052
f 4650/10053 4649/10054 4648/10055
f 4652/10056 4651/10057 4650/10058
f 4654/10059 4653/10060 4652/10061
f 4656/10062 4655/10063 4654/10064
f 4658/10065 4657/10066 4656/10067
f 4660/10068 4659/10069 4658/10070
f 4662/10071 4661/10072 4660/10073
f 4664/10074 4663/10075 4662/10076
f 4666/10077 4665/10078 4664/10079
f 4668/10080 4667/10081 4666/10082
f 4670/10083 4669/10084 4668/10085
f 4672/10086 4671/10087 4670/10088
f 4622/10012 4675/10089 4623/10013
f 4625/10015 4674/10090 4622/10016
f 4627/10018 4676/10091 4625/10019
f 4629/10021 4677/10092 4627/10022
f 4631/10024 4678/10093 4629/10025
f 4633/10027 4679/10094 4631/10028
f 4633/10095 4681/10096 4680/10097
f 4635/10098 4682/10099 4681/10100
f 4639/10036 4682/10101 4637/10037
f 4641/10039 4683/10102 4639/10040
f 4643/10042 4684/10103 4641/10043
f 4645/10104 4685/10105 4643/10106
f 4647/10107 4686/10108 4645/10109
f 4649/10110 4687/10111 4647/10112
f 4649/10113 4689/10114 4688/10115
f 4651/10116 4690/10117 4689/10118
f 4653/10119 4691/10120 4690/10121
f 4655/10122 4692/10123 4691/10124
f 4657/10125 4693/10126 4692/10127
f 4659/10128 4694/10129 4693/10130
f 4661/10131 4695/10132 4694/10133
f 4663/10134 4696/10135 4695/10136
f 4665/10137 4697/10138 4696/10139
f 4667/10140 4698/10141 4697/10142
f 4669/10143 4699/10144 4698/10145
f 4671/10146 4700/10147 4699/10148
f 4701/10149 4703/10150 4704/10151
f 4702/10152 4706/10153 4703/10154
f 4705/10155 4708/10156 4706/10157
f 4707/10158 4710/10159 4708/10160
f 4709/10161 4712/10162 4710/10163
f 4711/10164 4714/10165 4712/10166
f 4715/10167 4714/10168 4713/10169
f 4717/10170 4716/10171 4715/10172
f 4717/10173 4720/10174 4718/10175
f 4719/10176 4722/10177 4720/10178
f 4721/10179 4724/10180 4722/10181
f 4723/10182 4726/10183 4724/10184
f 4725/10185 4728/10186 4726/10187
f 4727/10188 4730/10189 4728/10190
f 4731/10191 4730/10192 4729/10193
f 4733/10194 4732/10195 4731/10196
f 4735/10197 4734/10198 4733/10199
f 4737/10200 4736/10201 4735/10202
f 4739/10203 4738/10204 4737/10205
f 4741/10206 4740/10207 4739/10208
f 4743/10209 4742/10210 4741/10211
f 4745/10212 4744/10213 4743/10214
f 4747/10215 4746/10216 4745/10217
f 4749/10218 4748/10219 4747/10220
f 4751/10221 4750/10222 4749/10223
f 4753/10224 4752/10225 4751/10226
f 4703/10150 4756/10227 4704/10151
f 4706/10153 4755/10228 4703/10154
f 4708/10156 4757/10229 4706/10157
f 4710/10159 4758/10230 4708/10160
f 4712/10162 4759/10231 4710/10163
f 4714/10165 4760/10232 4712/10166
f 4716/10233 4761/10234 4714/10235
f 4718/10236 4762/10237 4716/10238
f 4720/10174 4763/10239 4718/10175
f 4722/10177 4764/10240 4720/10178
f 4724/10180 4765/10241 4722/10181
f 4724/10242 4767/10243 4766/10244
f 4726/10245 4768/10246 4767/10247
f 4728/10248 4769/10249 4768/10250
f 4730/10251 4770/10252 4769/10253
f 4732/10254 4771/10255 4770/10256
f 4734/10257 4772/10258 4771/10259
f 4736/10260 4773/10261 4772/10262
f 4738/10263 4774/10264 4773/10265
f 4740/10266 4775/10267 4774/10268
f 4742/10269 4776/10270 4775/10271
f 4744/10272 4777/10273 4776/10274
f 4746/10275 4778/10276 4777/10277
f 4748/10278 4779/10279 4778/10280
f 4750/10281 4780/10282 4779/10283
f 4752/10284 4781/10285 4780/10286
f 4782/10287 4783/10288 4784/10289
f 4859/10290 4785/10291 4783/10292
f 4860/10293 4786/10294 4785/10295
f 4861/10296 4787/10297 4786/10298
f 4862/10299 4788/10300 4787/10301
f 4863/10302 4789/10303 4788/10304
f 4864/10305 4790/10306 4789/10307
f 4865/10308 4792/10309 4790/10310
f 4791/10311 4793/10312 4792/10313
f 4866/10314 4795/10315 4793/10316
f 4794/10317 4797/10318 4795/10319
f 4796/10320 4798/10321 4797/10322
f 4867/10323 4799/10324 4798/10325
f 4868/10326 4801/10327 4799/10328
f 4800/10329 4803/10330 4801/10331
f 4802/10332 4805/10333 4803/10334
f 4804/10335 4806/10336 4805/10337
f 4869/10338 4808/10339 4806/10340
f 4807/10341 4810/10342 4808/10343
f 4809/10344 4812/10345 4810/10346
f 4811/10347 4814/10348 4812/10349
f 4813/10350 4871/10351 4814/10352
f 4783/10288 4821/10353 4784/10289
f 4785/10291 4815/10354 4783/10292
f 4786/10294 4816/10355 4785/10295
f 4787/10297 4824/10356 4786/10298
f 4788/10300 4826/10357 4787/10301
f 4789/10303 4828/10358 4788/10304
f 4790/10306 4817/10359 4789/10307
f 4792/10309 4831/10360 4790/10310
f 4793/10312 4818/10361 4792/10313
f 4795/10315 4834/10362 4793/10316
f 4797/10318 4836/10363 4795/10319
f 4798/10321 4838/10364 4797/10322
f 4799/10324 4840/10365 4798/10325
f 4801/10327 4842/10366 4799/10328
f 4803/10330 4819/10367 4801/10331
f 4805/10333 4845/10368 4803/10334
f 4806/10336 4847/10369 4805/10337
f 4806/10370 4851/10371 4849/10372
f 4810/10342 4851/10373 4808/10343
f 4810/10374 4854/10375 4820/10376
f 4812/10377 4856/10378 4854/10379
f 4814/10380 4872/10381 4856/10382
f 4821/10383 4822/10384 5203/10385
f 4815/10386 4823/10387 4822/10388
f 4816/10389 4825/10390 4823/10391
f 4824/10392 4827/10393 4825/10394
f 4826/10395 4829/10396 4827/10397
f 4828/10398 4830/10399 4829/10400
f 4817/10401 4832/10402 4830/10403
f 4831/10404 4833/10405 4832/10406
f 4818/10407 4835/10408 4833/10409
f 4834/10410 4837/10411 4835/10412
f 4836/10413 4839/10414 4837/10415
f 4838/10416 4841/10417 4839/10418
f 4840/10419 4843/10420 4841/10421
f 4842/10422 4844/10423 4843/10424
f 4819/10425 4846/10426 4844/10427
f 4845/10428 4848/10429 4846/10430
f 4847/10431 4850/10432 4848/10433
f 4849/10434 4852/10435 4850/10436
f 4851/10437 4853/10438 4852/10439
f 4820/10440 4855/10441 4853/10442
f 4854/10443 4857/10444 4855/10445
f 4856/10446 4858/10447 4857/10448
f 4822/10384 4782/10449 5203/10385
f 4823/10387 4859/10450 4822/10388
f 4825/10390 4860/10451 4823/10391
f 4827/10393 4861/10452 4825/10394
f 4829/10396 4862/10453 4827/10397
f 4830/10399 4863/10454 4829/10400
f 4832/10402 4864/10455 4830/10403
f 4833/10405 4865/10456 4832/10406
f 4835/10408 4791/10457 4833/10409
f 4837/10411 4866/10458 4835/10412
f 4839/10414 4794/10459 4837/10415
f 4841/10417 4796/10460 4839/10418
f 4843/10420 4867/10461 4841/10421
f 4844/10423 4868/10462 4843/10424
f 4846/10426 4800/10463 4844/10427
f 4848/10429 4802/10464 4846/10430
f 4850/10432 4804/10465 4848/10433
f 4852/10435 4869/10466 4850/10436
f 4852/10467 4809/10468 4807/10469
f 4853/10470 4811/10471 4809/10472
f 4855/10473 4813/10474 4811/10475
f 4857/10476 4870/10477 4813/10478
f 4782/10479 4784/10289 4821/10353
f 4782/10449 4821/10353 5203/10385
f 4870/10480 4871/10481 4872/10482
f 4870/10480 4872/10482 4858/10483
f 4903/10484 4873/10485 4874/10486
f 4873/10485 4876/10487 4874/10486
f 4875/10488 4877/10489 4876/10490
f 4927/10491 4879/10492 4877/10493
f 4878/10494 4881/10495 4879/10496
f 4880/10497 4883/10498 4881/10499
f 4882/10500 4884/10501 4883/10502
f 4929/10503 4884/10504 4928/10505
f 4886/10506 4885/10507 4929/10508
f 4888/10509 4887/10510 4886/10511
f 4930/10512 4889/10513 4888/10514
f 4931/10515 4890/10516 4930/10517
f 4892/10518 4891/10519 4931/10520
f 4932/10521 4893/10522 4892/10523
f 4895/10524 4894/10525 4932/10526
f 4903/10527 4874/10486 4901/10528
f 4876/10487 4901/10528 4874/10486
f 4877/10489 4904/10529 4876/10490
f 4879/10492 4906/10530 4877/10493
f 4881/10495 4897/10531 4879/10496
f 4881/10532 4911/10533 4909/10534
f 4883/10535 4913/10536 4911/10537
f 4884/10538 4915/10539 4913/10540
f 4885/10541 4898/10542 4915/10543
f 4887/10544 4899/10545 4898/10546
f 4889/10547 4900/10548 4899/10549
f 4890/10550 4920/10551 4900/10552
f 4891/10553 4922/10554 4920/10555
f 4893/10556 4924/10557 4922/10558
f 4894/10559 4926/10560 4924/10561
f 4903/10562 4901/10528 4902/10563
f 4901/10528 4905/10564 4902/10563
f 4904/10565 4907/10566 4905/10567
f 4906/10568 4908/10569 4907/10570
f 4897/10571 4910/10572 4908/10573
f 4909/10574 4912/10575 4910/10576
f 4911/10577 4914/10578 4912/10579
f 4915/10539 4914/10580 4913/10540
f 4898/10542 4916/10581 4915/10543
f 4899/10545 4917/10582 4898/10546
f 4900/10548 4918/10583 4899/10549
f 4920/10551 4919/10584 4900/10552
f 4922/10554 4921/10585 4920/10555
f 4924/10557 4923/10586 4922/10558
f 4926/10560 4925/10587 4924/10561
f 4903/10588 4902/10563 4873/10589
f 4905/10564 4873/10589 4902/10563
f 4907/10566 4875/10590 4905/10567
f 4908/10569 4927/10591 4907/10570
f 4910/10572 4878/10592 4908/10573
f 4910/10593 4882/10594 4880/10595
f 4912/10596 4928/10597 4882/10598
f 4914/10599 4929/10600 4928/10601
f 4916/10602 4886/10603 4929/10604
f 4917/10605 4888/10606 4886/10607
f 4918/10608 4930/10609 4888/10610
f 4919/10611 4931/10612 4930/10613
f 4921/10614 4892/10615 4931/10616
f 4923/10617 4932/10618 4892/10619
f 4925/10620 4895/10621 4932/10622
f 111/22 112/25 13/23
f 110/19 111/22 12/20
f 4895/10623 4896/10624 4926/10625
f 4895/10623 4926/10625 4933/10626
f 5021/10627 4935/10628 4936/10629
f 4937/10630 4935/10631 4934/10632
f 4937/10633 4940/10634 4938/10635
f 4939/10636 4941/10637 4940/10638
f 5010/10639 4942/10640 4941/10641
f 5011/10642 4943/10643 4942/10644
f 5012/10645 4945/10646 4943/10647
f 4944/10648 4947/10649 4945/10650
f 4946/10651 4948/10652 4947/10653
f 5013/10654 4950/10655 4948/10656
f 4949/10657 4951/10658 4950/10659
f 5014/10660 4952/10661 4951/10662
f 5015/10663 4954/10664 4952/10665
f 4953/10666 4956/10667 4954/10668
f 4955/10669 4957/10670 4956/10671
f 5016/10672 4958/10673 4957/10674
f 5017/10675 4959/10676 4958/10677
f 5018/10678 4961/10679 4959/10680
f 4960/10681 4962/10682 4961/10683
f 5019/10684 4963/10685 4962/10686
f 4964/10687 4963/10688 5020/10689
f 4964/10690 4966/10691 4965/10692
f 4935/10628 4976/10693 4936/10629
f 4935/10694 4967/10695 4977/10696
f 4940/10634 4967/10697 4938/10635
f 4940/10698 4981/10699 4968/10700
f 4941/10701 4983/10702 4981/10703
f 4942/10704 4985/10705 4983/10706
f 4943/10707 4969/10708 4985/10709
f 4945/10710 4988/10711 4969/10712
f 4947/10713 4970/10714 4988/10715
f 4948/10716 4971/10717 4970/10718
f 4950/10719 4992/10720 4971/10721
f 4951/10722 4994/10723 4992/10724
f 4952/10725 4996/10726 4994/10727
f 4954/10728 4972/10729 4996/10730
f 4956/10731 4973/10732 4972/10733
f 4957/10734 4974/10735 4973/10736
f 4958/10737 4975/10738 4974/10739
f 4959/10740 5002/10741 4975/10742
f 4961/10743 5004/10744 5002/10745
f 4962/10746 5006/10747 5004/10748
f 4963/10749 5008/10750 5006/10751
f 4965/10692 4966/10752 5008/10753
f 4977/10754 5022/10755 4976/10756
f 4977/10757 4979/10758 4978/10759
f 4967/10760 4980/10761 4979/10762
f 4968/10763 4982/10764 4980/10765
f 4981/10766 4984/10767 4982/10768
f 4983/10769 4986/10770 4984/10771
f 4985/10772 4987/10773 4986/10774
f 4969/10775 4989/10776 4987/10777
f 4988/10778 4990/10779 4989/10780
f 4970/10781 4991/10782 4990/10783
f 4971/10784 4993/10785 4991/10786
f 4992/10787 4995/10788 4993/10789
f 4994/10790 4997/10791 4995/10792
f 4996/10793 4998/10794 4997/10795
f 4972/10796 4999/10797 4998/10798
f 4973/10799 5000/10800 4999/10801
f 4974/10802 5001/10803 5000/10804
f 4975/10805 5003/10806 5001/10807
f 5002/10808 5005/10809 5003/10810
f 5004/10811 5007/10812 5005/10813
f 5008/10750 5007/10814 5006/10751
f 5008/10753 4966/10815 5009/10816
f 5022/10817 4934/10818 5021/10819
f 4979/10758 4934/10820 4978/10759
f 4979/10821 4939/10822 4937/10823
f 4980/10824 5010/10825 4939/10826
f 4982/10827 5011/10828 5010/10829
f 4984/10830 5012/10831 5011/10832
f 4986/10833 4944/10834 5012/10835
f 4987/10836 4946/10837 4944/10838
f 4989/10839 5013/10840 4946/10841
f 4990/10842 4949/10843 5013/10844
f 4991/10845 5014/10846 4949/10847
f 4993/10848 5015/10849 5014/10850
f 4995/10851 4953/10852 5015/10853
f 4997/10854 4955/10855 4953/10856
f 4998/10857 5016/10858 4955/10859
f 4999/10860 5017/10861 5016/10862
f 5000/10863 5018/10864 5017/10865
f 5001/10866 4960/10867 5018/10868
f 5003/10869 5019/10870 4960/10871
f 5005/10872 5020/10873 5019/10874
f 5007/10875 4964/10876 5020/10877
f 5009/10816 4966/10878 4964/10879
f 5021/10880 4936/10629 4976/10693
f 5021/10819 4976/10693 5022/10817
f 9/16 110/19 11/17
f 7/13 9/16 10/14
f 5112/10881 5024/10882 5025/10883
f 5023/10884 5026/10885 5024/10886
f 5027/10887 5026/10888 5097/10889
f 5027/10890 5029/10891 5028/10892
f 5098/10893 5030/10894 5029/10895
f 5099/10896 5032/10897 5030/10898
f 5031/10899 5033/10900 5032/10901
f 5100/10902 5034/10903 5033/10904
f 5101/10905 5036/10906 5034/10907
f 5035/10908 5037/10909 5036/10910
f 5102/10911 5038/10912 5037/10913
f 5103/10914 5040/10915 5038/10916
f 5039/10917 5041/10918 5040/10919
f 5104/10920 5043/10921 5041/10922
f 5042/10923 5044/10924 5043/10925
f 5105/10926 5045/10927 5044/10928
f 5106/10929 5046/10930 5045/10931
f 5107/10932 5047/10933 5046/10934
f 5108/10935 5049/10936 5047/10937
f 5048/10938 5050/10939 5049/10940
f 5109/10941 5051/10942 5050/10943
f 5110/10944 5052/10945 5051/10946
f 5024/10882 5064/10947 5025/10883
f 5026/10885 5053/10948 5024/10886
f 5028/10949 5054/10950 5026/10951
f 5029/10891 5055/10952 5028/10892
f 5030/10894 5056/10953 5029/10895
f 5032/10897 5069/10954 5030/10898
f 5032/10955 5058/10956 5057/10957
f 5033/10958 5059/10959 5058/10960
f 5036/10906 5059/10961 5034/10907
f 5036/10962 5075/10963 5060/10964
f 5037/10965 5077/10966 5075/10967
f 5040/10915 5077/10968 5038/10916
f 5041/10918 5079/10969 5040/10919
f 5043/10921 5081/10970 5041/10922
f 5044/10924 5083/10971 5043/10925
f 5045/10927 5061/10972 5044/10928
f 5046/10930 5062/10973 5045/10931
f 5046/10974 5063/10975 5087/10976
f 5047/10977 5090/10978 5063/10979
f 5049/10980 5092/10981 5090/10982
f 5050/10983 5094/10984 5092/10985
f 5051/10986 5114/10987 5094/10988
f 5064/10989 5065/10990 5113/10991
f 5053/10992 5066/10993 5065/10994
f 5054/10995 5067/10996 5066/10997
f 5055/10998 5068/10999 5067/11000
f 5056/11001 5070/11002 5068/11003
f 5069/11004 5071/11005 5070/11006
f 5057/11007 5072/11008 5071/11009
f 5058/11010 5073/11011 5072/11012
f 5059/11013 5074/11014 5073/11015
f 5060/11016 5076/11017 5074/11018
f 5075/11019 5078/11020 5076/11021
f 5077/11022 5080/11023 5078/11024
f 5079/11025 5082/11026 5080/11027
f 5081/11028 5084/11029 5082/11030
f 5083/11031 5085/11032 5084/11033
f 5061/11034 5086/11035 5085/11036
f 5062/11037 5088/11038 5086/11039
f 5087/11040 5089/11041 5088/11042
f 5063/11043 5091/11044 5089/11045
f 5090/11046 5093/11047 5091/11048
f 5092/11049 5095/11050 5093/11051
f 5094/11052 5096/11053 5095/11054
f 5065/10990 5112/11055 5113/10991
f 5066/10993 5023/11056 5065/10994
f 5067/10996 5097/11057 5066/10997
f 5068/10999 5027/11058 5067/11000
f 5070/11002 5098/11059 5068/11003
f 5071/11005 5099/11060 5070/11006
f 5072/11008 5031/11061 5071/11009
f 5073/11011 5100/11062 5072/11012
f 5074/11014 5101/11063 5073/11015
f 5076/11017 5035/11064 5074/11018
f 5078/11020 5102/11065 5076/11021
f 5078/11066 5039/11067 5103/11068
f 5082/11026 5039/11069 5080/11027
f 5084/11029 5104/11070 5082/11030
f 5085/11032 5042/11071 5084/11033
f 5086/11035 5105/11072 5085/11036
f 5088/11038 5106/11073 5086/11039
f 5088/11074 5108/11075 5107/11076
f 5089/11077 5048/11078 5108/11079
f 5091/11080 5109/11081 5048/11082
f 5093/11083 5110/11084 5109/11085
f 5095/11086 5111/11087 5110/11088
f 5112/11089 5025/10883 5064/10947
f 5112/11055 5064/10947 5113/10991
f 5111/11090 5052/11091 5114/11092
f 5111/11090 5114/11092 5096/11093
f 5115/11094 5117/11095 4784/11096
f 5116/11097 5118/11098 5117/11099
f 5194/11100 5120/11101 5118/11102
f 5119/11103 5122/11104 5120/11105
f 5121/11106 5124/11107 5122/11108
f 5123/11109 5125/11110 5124/11111
f 5195/11112 5127/11113 5125/11114
f 5126/11115 5128/11116 5127/11117
f 5196/11118 5130/11119 5128/11120
f 5129/11121 5131/11122 5130/11123
f 5197/11124 5132/11125 5131/11126
f 5198/11127 5133/11128 5132/11129
f 5199/11130 5135/11131 5133/11132
f 5134/11133 5136/11134 5135/11135
f 5200/11136 5138/11137 5136/11138
f 5137/11139 5139/11140 5138/11141
f 5201/11142 5141/11143 5139/11144
f 5140/11145 5142/11146 5141/11147
f 5202/11148 5144/11149 5142/11150
f 5145/11151 5144/11152 5143/11153
f 5147/11154 5146/11155 5145/11156
f 5204/11157 5148/11158 5147/11159
f 5117/11095 5151/11160 4784/11096
f 5118/11098 5150/11161 5117/11099
f 5120/11101 5152/11162 5118/11102
f 5122/11104 5153/11163 5120/11105
f 5124/11107 5166/11164 5122/11108
f 5125/11110 5168/11165 5124/11111
f 5127/11113 5154/11166 5125/11114
f 5128/11116 5155/11167 5127/11117
f 5130/11119 5172/11168 5128/11120
f 5131/11122 5174/11169 5130/11123
f 5132/11125 5176/11170 5131/11126
f 5133/11128 5156/11171 5132/11129
f 5135/11131 5157/11172 5133/11132
f 5136/11134 5180/11173 5135/11135
f 5138/11137 5182/11174 5136/11138
f 5139/11140 5184/11175 5138/11141
f 5141/11143 5158/11176 5139/11144
f 5142/11146 5159/11177 5141/11147
f 5144/11149 5160/11178 5142/11150
f 5146/11179 5189/11180 5144/11181
f 5148/11182 5161/11183 5146/11184
f 5149/11185 5162/11186 5148/11187
f 5151/11188 5163/11189 5203/11190
f 5150/11191 5164/11192 5163/11193
f 5152/11194 5165/11195 5164/11196
f 5153/11197 5167/11198 5165/11199
f 5166/11200 5169/11201 5167/11202
f 5168/11203 5170/11204 5169/11205
f 5154/11206 5171/11207 5170/11208
f 5155/11209 5173/11210 5171/11211
f 5172/11212 5175/11213 5173/11214
f 5174/11215 5177/11216 5175/11217
f 5176/11218 5178/11219 5177/11220
f 5156/11221 5179/11222 5178/11223
f 5157/11224 5181/11225 5179/11226
f 5180/11227 5183/11228 5181/11229
f 5182/11230 5185/11231 5183/11232
f 5184/11233 5186/11234 5185/11235
f 5158/11236 5187/11237 5186/11238
f 5159/11239 5188/11240 5187/11241
f 5189/11242 5188/11243 5160/11244
f 5161/11245 5190/11246 5189/11247
f 5162/11248 5191/11249 5161/11250
f 5205/11251 5192/11252 5162/11253
f 5163/11189 5115/11254 5203/11190
f 5164/11192 5116/11255 5163/11193
f 5165/11195 5194/11256 5164/11196
f 5167/11198 5119/11257 5165/11199
f 5169/11201 5121/11258 5167/11202
f 5170/11204 5123/11259 5169/11205
f 5171/11207 5195/11260 5170/11208
f 5173/11210 5126/11261 5171/11211
f 5175/11213 5196/11262 5173/11214
f 5177/11216 5129/11263 5175/11217
f 5178/11219 5197/11264 5177/11220
f 5179/11222 5198/11265 5178/11223
f 5181/11225 5199/11266 5179/11226
f 5183/11228 5134/11267 5181/11229
f 5185/11231 5200/11268 5183/11232
f 5186/11234 5137/11269 5185/11235
f 5187/11237 5201/11270 5186/11238
f 5188/11240 5140/11271 5187/11241
f 5190/11272 5202/11273 5188/11274
f 5191/11275 5143/11276 5190/11277
f 5192/11278 5145/11279 5191/11280
f 5193/11281 5147/11282 5192/11283
f 5115/11284 4784/11096 5151/11160
f 5115/11254 5151/11160 5203/11190
f 5204/11285 5149/11286 5205/11287
f 5204/11285 5205/11287 5193/11288
f 5232/11289 5256/11290 5206/11291
f 5256/11290 5208/11292 5206/11291
f 5207/11293 5210/11294 5208/11295
f 5209/11296 5211/11297 5210/11298
f 5257/11299 5212/11300 5211/11301
f 5259/11302 5212/11303 5258/11304
f 5214/11305 5213/11306 5259/11307
f 5216/11308 5215/11309 5214/11310
f 5260/11311 5217/11312 5216/11313
f 5261/11314 5218/11315 5260/11316
f 5220/11317 5219/11318 5261/11319
f 5262/11320 5221/11321 5220/11322
f 5263/11323 5222/11324 5262/11325
f 5264/11326 5223/11327 5263/11328
f 5265/11329 5224/11330 5264/11331
f 5232/11332 5206/11291 5226/11333
f 5208/11292 5226/11333 5206/11291
f 5210/11294 5233/11334 5208/11295
f 5211/11297 5235/11335 5210/11298
f 5212/11300 5237/11336 5211/11301
f 5213/11337 5227/11338 5212/11339
f 5215/11340 5228/11341 5213/11342
f 5215/11343 5243/11344 5241/11345
f 5217/11346 5245/11347 5243/11348
f 5218/11349 5229/11350 5245/11351
f 5219/11352 5248/11353 5229/11354
f 5221/11355 5230/11356 5248/11357
f 5222/11358 5251/11359 5230/11360
f 5223/11361 5253/11362 5251/11363
f 5224/11364 5255/11365 5253/11366
f 5232/11367 5226/11333 5231/11368
f 5226/11333 5234/11369 5231/11368
f 5233/11370 5236/11371 5234/11372
f 5235/11373 5238/11374 5236/11375
f 5237/11376 5239/11377 5238/11378
f 5228/11379 5239/11380 5227/11381
f 5241/11382 5240/11383 5228/11384
f 5243/11344 5242/11385 5241/11345
f 5245/11347 5244/11386 5243/11348
f 5229/11350 5246/11387 5245/11351
f 5248/11353 5247/11388 5229/11354
f 5230/11356 5249/11389 5248/11357
f 5251/11359 5250/11390 5230/11360
f 5253/11362 5252/11391 5251/11363
f 5255/11365 5254/11392 5253/11366
f 5232/11393 5231/11368 5256/11394
f 5234/11369 5256/11394 5231/11368
f 5236/11371 5207/11395 5234/11372
f 5238/11374 5209/11396 5236/11375
f 5239/11377 5257/11397 5238/11378
f 5240/11398 5258/11399 5239/11400
f 5242/11401 5259/11402 5240/11403
f 5242/11404 5216/11405 5214/11406
f 5244/11407 5260/11408 5216/11409
f 5246/11410 5261/11411 5260/11412
f 5247/11413 5220/11414 5261/11415
f 5249/11416 5262/11417 5220/11418
f 5250/11419 5263/11420 5262/11421
f 5252/11422 5264/11423 5263/11424
f 5254/11425 5265/11426 5264/11427
f 109/10 7/13 8/11
f 4/7 109/10 6/8
f 5265/11428 5225/11429 5255/11430
f 5265/11428 5255/11430 5266/11431
f 5352/11432 5268/11433 5269/11434
f 5270/11435 5268/11436 5267/11437
f 5270/11438 5272/11439 5271/11440
f 5273/11441 5272/11442 5345/11443
f 5346/11444 5274/11445 5273/11446
f 5276/11447 5275/11448 5346/11449
f 5278/11450 5277/11451 5276/11452
f 5280/11453 5279/11454 5278/11455
f 5282/11456 5281/11457 5280/11458
f 5347/11459 5283/11460 5282/11461
f 5285/11462 5284/11463 5347/11464
f 5348/11465 5286/11466 5285/11467
f 5288/11468 5287/11469 5348/11470
f 5290/11471 5289/11472 5288/11473
f 5292/11474 5291/11475 5290/11476
f 5294/11477 5293/11478 5292/11479
f 5349/11480 5295/11481 5294/11482
f 5350/11483 5296/11484 5349/11485
f 5298/11486 5297/11487 5350/11488
f 5351/11489 5299/11490 5298/11491
f 5301/11492 5300/11493 5351/11494
f 5355/11495 5302/11496 5301/11497
f 5268/11433 5353/11498 5269/11434
f 5271/11499 5303/11500 5268/11501
f 5272/11439 5304/11502 5271/11440
f 5274/11503 5315/11504 5272/11505
f 5275/11506 5317/11507 5274/11508
f 5277/11509 5319/11510 5275/11511
f 5279/11512 5305/11513 5277/11514
f 5281/11515 5322/11516 5279/11517
f 5283/11518 5324/11519 5281/11520
f 5284/11521 5306/11522 5283/11523
f 5286/11524 5327/11525 5284/11526
f 5287/11527 5307/11528 5286/11529
f 5289/11530 5308/11531 5287/11532
f 5291/11533 5309/11534 5289/11535
f 5293/11536 5310/11537 5291/11538
f 5295/11539 5333/11540 5293/11541
f 5296/11542 5311/11543 5295/11544
f 5297/11545 5336/11546 5296/11547
f 5299/11548 5338/11549 5297/11550
f 5300/11551 5340/11552 5299/11553
f 5300/11554 5312/11555 5342/11556
f 5302/11557 5356/11558 5312/11559
f 5303/11560 5354/11561 5353/11562
f 5303/11563 5314/11564 5313/11565
f 5304/11566 5316/11567 5314/11568
f 5317/11569 5316/11570 5315/11571
f 5319/11572 5318/11573 5317/11574
f 5305/11575 5320/11576 5319/11577
f 5322/11578 5321/11579 5305/11580
f 5324/11581 5323/11582 5322/11583
f 5306/11584 5325/11585 5324/11586
f 5327/11587 5326/11588 5306/11589
f 5307/11590 5328/11591 5327/11592
f 5308/11593 5329/11594 5307/11595
f 5309/11596 5330/11597 5308/11598
f 5310/11599 5331/11600 5309/11601
f 5333/11602 5332/11603 5310/11604
f 5311/11605 5334/11606 5333/11607
f 5336/11608 5335/11609 5311/11610
f 5338/11611 5337/11612 5336/11613
f 5340/11614 5339/11615 5338/11616
f 5342/11617 5341/11618 5340/11619
f 5312/11555 5343/11620 5342/11556
f 5312/11559 5356/11621 5344/11622
f 5354/11623 5267/11624 5352/11625
f 5314/11564 5267/11626 5313/11565
f 5316/11567 5270/11627 5314/11568
f 5318/11628 5345/11629 5316/11630
f 5320/11631 5273/11632 5318/11633
f 5321/11634 5346/11635 5320/11636
f 5323/11637 5276/11638 5321/11639
f 5325/11640 5278/11641 5323/11642
f 5326/11643 5280/11644 5325/11645
f 5328/11646 5282/11647 5326/11648
f 5329/11649 5347/11650 5328/11651
f 5330/11652 5285/11653 5329/11654
f 5331/11655 5348/11656 5330/11657
f 5332/11658 5288/11659 5331/11660
f 5334/11661 5290/11662 5332/11663
f 5335/11664 5292/11665 5334/11666
f 5337/11667 5294/11668 5335/11669
f 5339/11670 5349/11671 5337/11672
f 5341/11673 5350/11674 5339/11675
f 5343/11676 5298/11677 5341/11678
f 5343/11679 5301/11680 5351/11681
f 5344/11682 5355/11683 5301/11684
f 5352/11685 5269/11434 5353/11498
f 5352/11685 5353/11498 5354/11623
f 2/4 4/7 5/5
f 1/1 2/4 3/2
f 5439/11686 5358/11687 5359/11688
f 5357/11689 5360/11690 5358/11691
f 5440/11692 5362/11693 5360/11694
f 5361/11695 5364/11696 5362/11697
f 5363/11698 5366/11699 5364/11700
f 5365/11701 5368/11702 5366/11703
f 5441/11704 5368/11705 5367/11706
f 5442/11707 5369/11708 5441/11709
f 5442/11710 5371/11711 5370/11712
f 5372/11713 5371/11714 5443/11715
f 5374/11716 5373/11717 5372/11718
f 5374/11719 5377/11720 5375/11721
f 5376/11722 5379/11723 5377/11724
f 5378/11725 5380/11726 5379/11727
f 5444/11728 5381/11729 5380/11730
f 5445/11731 5382/11732 5381/11733
f 5446/11734 5384/11735 5382/11736
f 5385/11737 5384/11738 5383/11739
f 5387/11740 5386/11741 5385/11742
f 5389/11743 5388/11744 5387/11745
f 5391/11746 5390/11747 5389/11748
f 5447/11749 5392/11750 5391/11751
f 5358/11687 5395/11752 5359/11688
f 5360/11690 5394/11753 5358/11691
f 5360/11754 5408/11755 5396/11756
f 5364/11696 5408/11757 5362/11697
f 5366/11699 5397/11758 5364/11700
f 5368/11702 5411/11759 5366/11703
f 5369/11760 5413/11761 5368/11762
f 5370/11763 5398/11764 5369/11765
f 5371/11711 5416/11766 5370/11712
f 5373/11767 5399/11768 5371/11769
f 5375/11770 5400/11771 5373/11772
f 5377/11720 5420/11773 5375/11721
f 5379/11723 5422/11774 5377/11724
f 5380/11726 5424/11775 5379/11727
f 5381/11729 5426/11776 5380/11730
f 5382/11732 5428/11777 5381/11733
f 5384/11735 5401/11778 5382/11736
f 5386/11779 5402/11780 5384/11781
f 5388/11782 5432/11783 5386/11784
f 5390/11785 5403/11786 5388/11787
f 5392/11788 5435/11789 5390/11790
f 5393/11791 5404/11792 5392/11793
f 5395/11794 5406/11795 5448/11796
f 5394/11797 5407/11798 5406/11799
f 5396/11800 5409/11801 5407/11802
f 5408/11803 5410/11804 5409/11805
f 5397/11806 5412/11807 5410/11808
f 5411/11809 5414/11810 5412/11811
f 5413/11812 5415/11813 5414/11814
f 5398/11815 5417/11816 5415/11817
f 5416/11818 5418/11819 5417/11820
f 5399/11821 5419/11822 5418/11823
f 5400/11824 5421/11825 5419/11826
f 5422/11827 5421/11828 5420/11829
f 5422/11830 5425/11831 5423/11832
f 5424/11833 5427/11834 5425/11835
f 5426/11836 5429/11837 5427/11838
f 5428/11839 5430/11840 5429/11841
f 5401/11842 5431/11843 5430/11844
f 5432/11845 5431/11846 5402/11847
f 5403/11848 5433/11849 5432/11850
f 5435/11851 5434/11852 5403/11853
f 5404/11854 5436/11855 5435/11856
f 5405/11857 5437/11858 5404/11859
f 5406/11795 5439/11860 5448/11796
f 5407/11798 5357/11861 5406/11799
f 5409/11801 5440/11862 5407/11802
f 5410/11804 5361/11863 5409/11805
f 5412/11807 5363/11864 5410/11808
f 5414/11810 5365/11865 5412/11811
f 5415/11813 5367/11866 5414/11814
f 5417/11816 5441/11867 5415/11817
f 5418/11819 5442/11868 5417/11820
f 5419/11822 5443/11869 5418/11823
f 5421/11825 5372/11870 5419/11826
f 5423/11871 5374/11872 5421/11873
f 5425/11831 5376/11874 5423/11832
f 5427/11834 5378/11875 5425/11835
f 5429/11837 5444/11876 5427/11838
f 5430/11840 5445/11877 5429/11841
f 5431/11843 5446/11878 5430/11844
f 5433/11879 5383/11880 5431/11881
f 5434/11882 5385/11883 5433/11884
f 5436/11885 5387/11886 5434/11887
f 5437/11888 5389/11889 5436/11890
f 5438/11891 5391/11892 5437/11893
f 5439/11894 5359/11688 5395/11752
f 5439/11860 5395/11752 5448/11796
f 5447/11895 5393/11896 5405/11897
f 5447/11895 5405/11897 5438/11898
f 5449/11899 5451/11900 5452/11901
f 5450/11902 5454/11903 5451/11904
f 5453/11905 5456/11906 5454/11907
f 5455/11908 5458/11909 5456/11910
f 5457/11911 5460/11912 5458/11913
f 5459/11914 5462/11915 5460/11916
f 5461/11917 5464/11918 5462/11919
f 5465/11920 5464/11921 5463/11922
f 5467/11923 5466/11924 5465/11925
f 5469/11926 5468/11927 5467/11928
f 5471/11929 5470/11930 5469/11931
f 5473/11932 5472/11933 5471/11934
f 5475/11935 5474/11936 5473/11937
f 5477/11938 5476/11939 5475/11940
f 5479/11941 5478/11942 5477/11943
f 5451/11900 5482/11944 5452/11901
f 5454/11903 5481/11945 5451/11904
f 5456/11906 5483/11946 5454/11907
f 5458/11909 5484/11947 5456/11910
f 5460/11912 5485/11948 5458/11913
f 5462/11915 5486/11949 5460/11916
f 5464/11918 5487/11950 5462/11919
f 5464/11951 5489/11952 5488/11953
f 5466/11954 5490/11955 5489/11956
f 5468/11957 5491/11958 5490/11959
f 5470/11960 5492/11961 5491/11962
f 5472/11963 5493/11964 5492/11965
f 5474/11966 5494/11967 5493/11968
f 5476/11969 5495/11970 5494/11971
f 5478/11972 5496/11973 5495/11974
f 5497/11975 5499/11976 5500/11977
f 5498/11978 5502/11979 5499/11980
f 5501/11981 5504/11982 5502/11983
f 5503/11984 5506/11985 5504/11986
f 5505/11987 5508/11988 5506/11989
f 5507/11990 5510/11991 5508/11992
f 5509/11993 5512/11994 5510/11995
f 5513/11996 5512/11997 5511/11998
f 5515/11999 5514/12000 5513/12001
f 5517/12002 5516/12003 5515/12004
f 5519/12005 5518/12006 5517/12007
f 5521/12008 5520/12009 5519/12010
f 5523/12011 5522/12012 5521/12013
f 5525/12014 5524/12015 5523/12016
f 5527/12017 5526/12018 5525/12019
f 5499/11976 5530/12020 5500/11977
f 5502/11979 5529/12021 5499/11980
f 5504/11982 5531/12022 5502/11983
f 5506/11985 5532/12023 5504/11986
f 5508/11988 5533/12024 5506/11989
f 5510/11991 5534/12025 5508/11992
f 5512/11994 5535/12026 5510/11995
f 5512/12027 5537/12028 5536/12029
f 5514/12030 5538/12031 5537/12032
f 5516/12033 5539/12034 5538/12035
f 5518/12036 5540/12037 5539/12038
f 5520/12039 5541/12040 5540/12041
f 5522/12042 5542/12043 5541/12044
f 5524/12045 5543/12046 5542/12047
f 5526/12048 5544/12049 5543/12050
f 5545/12051 5547/12052 5548/12053
f 5546/12054 5550/12055 5547/12056
f 5549/12057 5552/12058 5550/12059
f 5551/12060 5554/12061 5552/12062
f 5553/12063 5556/12064 5554/12065
f 5555/12066 5558/12067 5556/12068
f 5557/12069 5560/12070 5558/12071
f 5561/12072 5560/12073 5559/12074
f 5563/12075 5562/12076 5561/12077
f 5565/12078 5564/12079 5563/12080
f 5567/12081 5566/12082 5565/12083
f 5569/12084 5568/12085 5567/12086
f 5571/12087 5570/12088 5569/12089
f 5573/12090 5572/12091 5571/12092
f 5575/12093 5574/12094 5573/12095
f 5547/12052 5578/12096 5548/12053
f 5550/12055 5577/12097 5547/12056
f 5552/12058 5579/12098 5550/12059
f 5554/12061 5580/12099 5552/12062
f 5556/12064 5581/12100 5554/12065
f 5558/12067 5582/12101 5556/12068
f 5560/12070 5583/12102 5558/12071
f 5560/12103 5585/12104 5584/12105
f 5562/12106 5586/12107 5585/12108
f 5564/12109 5587/12110 5586/12111
f 5566/12112 5588/12113 5587/12114
f 5568/12115 5589/12116 5588/12117
f 5570/12118 5590/12119 5589/12120
f 5572/12121 5591/12122 5590/12123
f 5574/12124 5592/12125 5591/12126
f 5593/12127 5595/12128 5596/12129
f 5594/12130 5598/12131 5595/12132
f 5597/12133 5600/12134 5598/12135
f 5599/12136 5602/12137 5600/12138
f 5601/12139 5604/12140 5602/12141
f 5603/12142 5606/12143 5604/12144
f 5605/12145 5608/12146 5606/12147
f 5609/12148 5608/12149 5607/12150
f 5611/12151 5610/12152 5609/12153
f 5613/12154 5612/12155 5611/12156
f 5615/12157 5614/12158 5613/12159
f 5617/12160 5616/12161 5615/12162
f 5619/12163 5618/12164 5617/12165
f 5621/12166 5620/12167 5619/12168
f 5623/12169 5622/12170 5621/12171
f 5595/12128 5626/12172 5596/12129
f 5598/12131 5625/12173 5595/12132
f 5600/12134 5627/12174 5598/12135
f 5602/12137 5628/12175 5600/12138
f 5604/12140 5629/12176 5602/12141
f 5606/12143 5630/12177 5604/12144
f 5608/12146 5631/12178 5606/12147
f 5608/12179 5633/12180 5632/12181
f 5610/12182 5634/12183 5633/12184
f 5612/12185 5635/12186 5634/12187
f 5614/12188 5636/12189 5635/12190
f 5616/12191 5637/12192 5636/12193
f 5618/12194 5638/12195 5637/12196
f 5620/12197 5639/12198 5638/12199
f 5622/12200 5640/12201 5639/12202
f 5641/12203 5643/12204 5644/12205
f 5642/12206 5646/12207 5643/12208
f 5645/12209 5648/12210 5646/12211
f 5647/12212 5650/12213 5648/12214
f 5649/12215 5652/12216 5650/12217
f 5651/12218 5654/12219 5652/12220
f 5653/12221 5656/12222 5654/12223
f 5657/12224 5656/12225 5655/12226
f 5659/12227 5658/12228 5657/12229
f 5661/12230 5660/12231 5659/12232
f 5663/12233 5662/12234 5661/12235
f 5665/12236 5664/12237 5663/12238
f 5667/12239 5666/12240 5665/12241
f 5669/12242 5668/12243 5667/12244
f 5671/12245 5670/12246 5669/12247
f 5643/12204 5674/12248 5644/12205
f 5646/12207 5673/12249 5643/12208
f 5648/12210 5675/12250 5646/12211
f 5650/12213 5676/12251 5648/12214
f 5652/12216 5677/12252 5650/12217
f 5654/12219 5678/12253 5652/12220
f 5656/12222 5679/12254 5654/12223
f 5656/12255 5681/12256 5680/12257
f 5658/12258 5682/12259 5681/12260
f 5660/12261 5683/12262 5682/12263
f 5662/12264 5684/12265 5683/12266
f 5664/12267 5685/12268 5684/12269
f 5666/12270 5686/12271 5685/12272
f 5668/12273 5687/12274 5686/12275
f 5670/12276 5688/12277 5687/12278
f 5689/12279 5691/12280 5692/12281
f 5690/12282 5694/12283 5691/12284
f 5693/12285 5696/12286 5694/12287
f 5695/12288 5698/12289 5696/12290
f 5697/12291 5700/12292 5698/12293
f 5699/12294 5702/12295 5700/12296
f 5701/12297 5704/12298 5702/12299
f 5703/12300 5706/12301 5704/12302
f 5707/12303 5706/12304 5705/12305
f 5709/12306 5708/12307 5707/12308
f 5711/12309 5710/12310 5709/12311
f 5713/12312 5712/12313 5711/12314
f 5715/12315 5714/12316 5713/12317
f 5717/12318 5716/12319 5715/12320
f 5719/12321 5718/12322 5717/12323
f 5691/12280 5722/12324 5692/12281
f 5694/12283 5721/12325 5691/12284
f 5696/12286 5723/12326 5694/12287
f 5698/12289 5724/12327 5696/12290
f 5700/12292 5725/12328 5698/12293
f 5702/12295 5726/12329 5700/12296
f 5704/12298 5727/12330 5702/12299
f 5704/12331 5729/12332 5728/12333
f 5706/12334 5730/12335 5729/12336
f 5708/12337 5731/12338 5730/12339
f 5710/12340 5732/12341 5731/12342
f 5712/12343 5733/12344 5732/12345
f 5714/12346 5734/12347 5733/12348
f 5716/12349 5735/12350 5734/12351
f 5718/12352 5736/12353 5735/12354
f 5737/12355 5739/12356 5740/12357
f 5738/12358 5742/12359 5739/12360
f 5741/12361 5744/12362 5742/12363
f 5743/12364 5746/12365 5744/12366
f 5745/12367 5748/12368 5746/12369
f 5747/12370 5750/12371 5748/12372
f 5749/12373 5752/12374 5750/12375
f 5753/12376 5752/12377 5751/12378
f 5755/12379 5754/12380 5753/12381
f 5757/12382 5756/12383 5755/12384
f 5759/12385 5758/12386 5757/12387
f 5761/12388 5760/12389 5759/12390
f 5763/12391 5762/12392 5761/12393
f 5765/12394 5764/12395 5763/12396
f 5739/12356 5768/12397 5740/12357
f 5742/12359 5767/12398 5739/12360
f 5744/12362 5769/12399 5742/12363
f 5746/12365 5770/12400 5744/12366
f 5748/12368 5771/12401 5746/12369
f 5750/12371 5772/12402 5748/12372
f 5752/12374 5773/12403 5750/12375
f 5752/12404 5775/12405 5774/12406
f 5754/12407 5776/12408 5775/12409
f 5756/12410 5777/12411 5776/12412
f 5758/12413 5778/12414 5777/12415
f 5760/12416 5779/12417 5778/12418
f 5762/12419 5780/12420 5779/12421
f 5764/12422 5781/12423 5780/12424
f 5782/12425 5784/12426 5785/12427
f 5783/12428 5787/12429 5784/12430
f 5786/12431 5789/12432 5787/12433
f 5788/12434 5791/12435 5789/12436
f 5790/12437 5793/12438 5791/12439
f 5792/12440 5795/12441 5793/12442
f 5794/12443 5797/12444 5795/12445
f 5798/12446 5797/12447 5796/12448
f 5800/12449 5799/12450 5798/12451
f 5802/12452 5801/12453 5800/12454
f 5804/12455 5803/12456 5802/12457
f 5806/12458 5805/12459 5804/12460
f 5808/12461 5807/12462 5806/12463
f 5810/12464 5809/12465 5808/12466
f 5784/12426 5813/12467 5785/12427
f 5787/12429 5812/12468 5784/12430
f 5789/12432 5814/12469 5787/12433
f 5791/12435 5815/12470 5789/12436
f 5793/12438 5816/12471 5791/12439
f 5795/12441 5817/12472 5793/12442
f 5797/12444 5818/12473 5795/12445
f 5797/12474 5820/12475 5819/12476
f 5799/12477 5821/12478 5820/12479
f 5801/12480 5822/12481 5821/12482
f 5803/12483 5823/12484 5822/12485
f 5805/12486 5824/12487 5823/12488
f 5807/12489 5825/12490 5824/12491
f 5809/12492 5826/12493 5825/12494
f 5827/12495 5829/12496 5830/12497
f 5828/12498 5832/12499 5829/12500
f 5831/12501 5834/12502 5832/12503
f 5833/12504 5836/12505 5834/12506
f 5835/12507 5838/12508 5836/12509
f 5837/12510 5840/12511 5838/12512
f 5839/12513 5842/12514 5840/12515
f 5843/12516 5842/12517 5841/12518
f 5845/12519 5844/12520 5843/12521
f 5847/12522 5846/12523 5845/12524
f 5849/12525 5848/12526 5847/12527
f 5851/12528 5850/12529 5849/12530
f 5853/12531 5852/12532 5851/12533
f 5853/12534 5855/12535 5854/12536
f 5829/12496 5857/12537 5830/12497
f 5832/12499 5856/12538 5829/12500
f 5834/12502 5858/12539 5832/12503
f 5836/12505 5859/12540 5834/12506
f 5838/12508 5860/12541 5836/12509
f 5840/12511 5861/12542 5838/12512
f 5842/12514 5862/12543 5840/12515
f 5842/12544 5864/12545 5863/12546
f 5844/12547 5865/12548 5864/12549
f 5846/12550 5866/12551 5865/12552
f 5848/12553 5867/12554 5866/12555
f 5850/12556 5868/12557 5867/12558
f 5852/12559 5869/12560 5868/12561
f 5854/12562 5870/12563 5869/12564
f 5871/12565 5873/12566 5874/12567
f 5872/12568 5876/12569 5873/12570
f 5875/12571 5878/12572 5876/12573
f 5877/12574 5880/12575 5878/12576
f 5879/12577 5882/12578 5880/12579
f 5881/12580 5884/12581 5882/12582
f 5883/12583 5886/12584 5884/12585
f 5887/12586 5886/12587 5885/12588
f 5889/12589 5888/12590 5887/12591
f 5891/12592 5890/12593 5889/12594
f 5893/12595 5892/12596 5891/12597
f 5895/12598 5894/12599 5893/12600
f 5897/12601 5896/12602 5895/12603
f 5899/12604 5898/12605 5897/12606
f 5873/12566 5902/12607 5874/12567
f 5876/12569 5901/12608 5873/12570
f 5878/12572 5903/12609 5876/12573
f 5880/12575 5904/12610 5878/12576
f 5882/12578 5905/12611 5880/12579
f 5884/12581 5906/12612 5882/12582
f 5886/12584 5907/12613 5884/12585
f 5886/12614 5909/12615 5908/12616
f 5888/12617 5910/12618 5909/12619
f 5890/12620 5911/12621 5910/12622
f 5892/12623 5912/12624 5911/12625
f 5894/12626 5913/12627 5912/12628
f 5896/12629 5914/12630 5913/12631
f 5898/12632 5915/12633 5914/12634
f 5916/12635 5918/12636 7388/12637
f 5917/12638 5920/12639 5918/12640
f 5919/12641 5922/12642 5920/12643
f 5921/12644 5924/12645 5922/12646
f 5923/12647 5926/12648 5924/12649
f 5925/12650 5928/12651 5926/12652
f 5929/12653 5928/12654 5927/12655
f 5931/12656 5930/12657 5929/12658
f 5933/12659 5932/12660 5931/12661
f 5935/12662 5934/12663 5933/12664
f 5937/12665 5936/12666 5935/12667
f 5939/12668 5938/12669 5937/12670
f 5941/12671 5940/12672 5939/12673
f 5943/12674 5942/12675 5941/12676
f 5918/12636 5945/12677 7388/12637
f 5920/12639 5944/12678 5918/12640
f 5922/12642 5946/12679 5920/12643
f 5924/12645 5947/12680 5922/12646
f 5926/12648 5948/12681 5924/12649
f 5928/12651 5949/12682 5926/12652
f 5930/12683 5950/12684 5928/12685
f 5930/12686 5952/12687 5951/12688
f 5932/12689 5953/12690 5952/12691
f 5934/12692 5954/12693 5953/12694
f 5936/12695 5955/12696 5954/12697
f 5938/12698 5956/12699 5955/12700
f 5940/12701 5957/12702 5956/12703
f 5942/12704 5958/12705 5957/12706
f 5959/12707 5961/12708 5962/12709
f 5960/12710 5964/12711 5961/12712
f 5963/12713 5966/12714 5964/12715
f 5965/12716 5968/12717 5966/12718
f 5967/12719 5970/12720 5968/12721
f 5969/12722 5972/12723 5970/12724
f 5971/12725 5974/12726 5972/12727
f 5975/12728 5974/12729 5973/12730
f 5977/12731 5976/12732 5975/12733
f 5979/12734 5978/12735 5977/12736
f 5981/12737 5980/12738 5979/12739
f 5983/12740 5982/12741 5981/12742
f 5985/12743 5984/12744 5983/12745
f 5987/12746 5986/12747 5985/12748
f 5989/12749 5988/12750 5987/12751
f 5961/12708 5992/12752 5962/12709
f 5964/12711 5991/12753 5961/12712
f 5966/12714 5993/12754 5964/12715
f 5968/12717 5994/12755 5966/12718
f 5970/12720 5995/12756 5968/12721
f 5972/12723 5996/12757 5970/12724
f 5974/12726 5997/12758 5972/12727
f 5974/12759 5999/12760 5998/12761
f 5976/12762 6000/12763 5999/12764
f 5978/12765 6001/12766 6000/12767
f 5980/12768 6002/12769 6001/12770
f 5982/12771 6003/12772 6002/12773
f 5984/12774 6004/12775 6003/12776
f 5986/12777 6005/12778 6004/12779
f 5988/12780 6006/12781 6005/12782
f 6007/12783 6009/12784 6010/12785
f 6008/12786 6012/12787 6009/12788
f 6011/12789 6014/12790 6012/12791
f 6013/12792 6016/12793 6014/12794
f 6015/12795 6018/12796 6016/12797
f 6017/12798 6020/12799 6018/12800
f 6019/12801 6022/12802 6020/12803
f 6021/12804 6024/12805 6022/12806
f 6025/12807 6024/12808 6023/12809
f 6027/12810 6026/12811 6025/12812
f 6029/12813 6028/12814 6027/12815
f 6031/12816 6030/12817 6029/12818
f 6033/12819 6032/12820 6031/12821
f 6035/12822 6034/12823 6033/12824
f 6037/12825 6036/12826 6035/12827
f 6039/12828 6038/12829 6037/12830
f 6041/12831 6040/12832 6039/12833
f 6009/12784 6044/12834 6010/12785
f 6012/12787 6043/12835 6009/12788
f 6014/12790 6045/12836 6012/12791
f 6016/12793 6046/12837 6014/12794
f 6018/12796 6047/12838 6016/12797
f 6020/12799 6048/12839 6018/12800
f 6022/12802 6049/12840 6020/12803
f 6024/12805 6050/12841 6022/12806
f 6024/12842 6052/12843 6051/12844
f 6026/12845 6053/12846 6052/12847
f 6028/12848 6054/12849 6053/12850
f 6030/12851 6055/12852 6054/12853
f 6032/12854 6056/12855 6055/12856
f 6034/12857 6057/12858 6056/12859
f 6036/12860 6058/12861 6057/12862
f 6038/12863 6059/12864 6058/12865
f 6040/12866 6060/12867 6059/12868
f 6061/12869 6063/12870 6064/12871
f 6062/12872 6066/12873 6063/12874
f 6065/12875 6068/12876 6066/12877
f 6067/12878 6070/12879 6068/12880
f 6069/12881 6072/12882 6070/12883
f 6071/12884 6074/12885 6072/12886
f 6073/12887 6076/12888 6074/12889
f 6075/12890 6078/12891 6076/12892
f 6079/12893 6078/12894 6077/12895
f 6081/12896 6080/12897 6079/12898
f 6083/12899 6082/12900 6081/12901
f 6085/12902 6084/12903 6083/12904
f 6087/12905 6086/12906 6085/12907
f 6089/12908 6088/12909 6087/12910
f 6091/12911 6090/12912 6089/12913
f 6093/12914 6092/12915 6091/12916
f 6063/12870 6096/12917 6064/12871
f 6066/12873 6095/12918 6063/12874
f 6068/12876 6097/12919 6066/12877
f 6070/12879 6098/12920 6068/12880
f 6072/12882 6099/12921 6070/12883
f 6074/12885 6100/12922 6072/12886
f 6076/12888 6101/12923 6074/12889
f 6076/12924 6103/12925 6102/12926
f 6078/12927 6104/12928 6103/12929
f 6080/12930 6105/12931 6104/12932
f 6082/12933 6106/12934 6105/12935
f 6084/12936 6107/12937 6106/12938
f 6086/12939 6108/12940 6107/12941
f 6088/12942 6109/12943 6108/12944
f 6090/12945 6110/12946 6109/12947
f 6094/12948 6110/12949 6092/12950
f 6112/12951 6114/12952 6115/12953
f 6113/12954 6117/12955 6114/12956
f 6116/12957 6119/12958 6117/12959
f 6118/12960 6121/12961 6119/12962
f 6120/12963 6123/12964 6121/12965
f 6122/12966 6125/12967 6123/12968
f 6124/12969 6127/12970 6125/12971
f 6126/12972 6129/12973 6127/12974
f 6130/12975 6129/12976 6128/12977
f 6132/12978 6131/12979 6130/12980
f 6134/12981 6133/12982 6132/12983
f 6136/12984 6135/12985 6134/12986
f 6138/12987 6137/12988 6136/12989
f 6140/12990 6139/12991 6138/12992
f 6142/12993 6141/12994 6140/12995
f 6144/12996 6143/12997 6142/12998
f 6114/12952 6147/12999 6115/12953
f 6117/12955 6146/13000 6114/12956
f 6119/12958 6148/13001 6117/12959
f 6121/12961 6149/13002 6119/12962
f 6123/12964 6150/13003 6121/12965
f 6125/12967 6151/13004 6123/12968
f 6127/12970 6152/13005 6125/12971
f 6127/13006 6154/13007 6153/13008
f 6129/13009 6155/13010 6154/13011
f 6131/13012 6156/13013 6155/13014
f 6133/13015 6157/13016 6156/13017
f 6135/13018 6158/13019 6157/13020
f 6137/13021 6159/13022 6158/13023
f 6139/13024 6160/13025 6159/13026
f 6141/13027 6161/13028 6160/13029
f 6143/13030 6162/13031 6161/13032
f 6163/13033 6165/13034 6166/13035
f 6164/13036 6168/13037 6165/13038
f 6167/13039 6170/13040 6168/13041
f 6169/13042 6172/13043 6170/13044
f 6171/13045 6174/13046 6172/13047
f 6173/13048 6176/13049 6174/13050
f 6175/13051 6178/13052 6176/13053
f 6179/13054 6178/13055 6177/13056
f 6181/13057 6180/13058 6179/13059
f 6183/13060 6182/13061 6181/13062
f 6185/13063 6184/13064 6183/13065
f 6187/13066 6186/13067 6185/13068
f 6189/13069 6188/13070 6187/13071
f 6191/13072 6190/13073 6189/13074
f 6193/13075 6192/13076 6191/13077
f 6195/13078 6194/13079 6193/13080
f 6165/13034 6198/13081 6166/13035
f 6168/13037 6197/13082 6165/13038
f 6170/13040 6199/13083 6168/13041
f 6172/13043 6200/13084 6170/13044
f 6174/13046 6201/13085 6172/13047
f 6176/13049 6202/13086 6174/13050
f 6178/13052 6203/13087 6176/13053
f 6180/13088 6204/13089 6178/13090
f 6180/13091 6206/13092 6205/13093
f 6182/13094 6207/13095 6206/13096
f 6184/13097 6208/13098 6207/13099
f 6186/13100 6209/13101 6208/13102
f 6188/13103 6210/13104 6209/13105
f 6190/13106 6211/13107 6210/13108
f 6192/13109 6212/13110 6211/13111
f 6194/13112 6213/13113 6212/13114
f 6214/13115 6216/13116 6217/13117
f 6215/13118 6219/13119 6216/13120
f 6218/13121 6221/13122 6219/13123
f 6220/13124 6223/13125 6221/13126
f 6222/13127 6225/13128 6223/13129
f 6224/13130 6227/13131 6225/13132
f 6226/13133 6229/13134 6227/13135
f 6228/13136 6231/13137 6229/13138
f 6232/13139 6231/13140 6230/13141
f 6234/13142 6233/13143 6232/13144
f 6236/13145 6235/13146 6234/13147
f 6238/13148 6237/13149 6236/13150
f 6240/13151 6239/13152 6238/13153
f 6242/13154 6241/13155 6240/13156
f 6244/13157 6243/13158 6242/13159
f 6216/13116 6247/13160 6217/13117
f 6219/13119 6246/13161 6216/13120
f 6221/13122 6248/13162 6219/13123
f 6223/13125 6249/13163 6221/13126
f 6225/13128 6250/13164 6223/13129
f 6227/13131 6251/13165 6225/13132
f 6229/13134 6252/13166 6227/13135
f 6229/13167 6254/13168 6253/13169
f 6231/13170 6255/13171 6254/13172
f 6233/13173 6256/13174 6255/13175
f 6235/13176 6257/13177 6256/13178
f 6237/13179 6258/13180 6257/13181
f 6239/13182 6259/13183 6258/13184
f 6241/13185 6260/13186 6259/13187
f 6243/13188 6261/13189 6260/13190
f 6262/13191 6264/13192 6265/13193
f 6263/13194 6267/13195 6264/13196
f 6266/13197 6269/13198 6267/13199
f 6268/13200 6271/13201 6269/13202
f 6270/13203 6273/13204 6271/13205
f 6272/13206 6275/13207 6273/13208
f 6274/13209 6277/13210 6275/13211
f 6276/13212 6279/13213 6277/13214
f 6280/13215 6279/13216 6278/13217
f 6282/13218 6281/13219 6280/13220
f 6284/13221 6283/13222 6282/13223
f 6286/13224 6285/13225 6284/13226
f 6288/13227 6287/13228 6286/13229
f 6290/13230 6289/13231 6288/13232
f 6292/13233 6291/13234 6290/13235
f 6264/13192 6295/13236 6265/13193
f 6267/13195 6294/13237 6264/13196
f 6269/13198 6296/13238 6267/13199
f 6271/13201 6297/13239 6269/13202
f 6273/13204 6298/13240 6271/13205
f 6275/13207 6299/13241 6273/13208
f 6277/13210 6300/13242 6275/13211
f 6277/13243 6302/13244 6301/13245
f 6279/13246 6303/13247 6302/13248
f 6281/13249 6304/13250 6303/13251
f 6283/13252 6305/13253 6304/13254
f 6285/13255 6306/13256 6305/13257
f 6287/13258 6307/13259 6306/13260
f 6289/13261 6308/13262 6307/13263
f 6291/13264 6309/13265 6308/13266
f 6310/13267 6312/13268 6313/13269
f 6311/13270 6315/13271 6312/13272
f 6314/13273 6317/13274 6315/13275
f 6316/13276 6319/13277 6317/13278
f 6318/13279 6321/13280 6319/13281
f 6320/13282 6323/13283 6321/13284
f 6322/13285 6325/13286 6323/13287
f 6326/13288 6325/13289 6324/13290
f 6328/13291 6327/13292 6326/13293
f 6330/13294 6329/13295 6328/13296
f 6332/13297 6331/13298 6330/13299
f 6334/13300 6333/13301 6332/13302
f 6336/13303 6335/13304 6334/13305
f 6338/13306 6337/13307 6336/13308
f 6312/13268 6341/13309 6313/13269
f 6315/13271 6340/13310 6312/13272
f 6317/13274 6342/13311 6315/13275
f 6319/13277 6343/13312 6317/13278
f 6321/13280 6344/13313 6319/13281
f 6323/13283 6345/13314 6321/13284
f 6325/13286 6346/13315 6323/13287
f 6325/13316 6348/13317 6347/13318
f 6327/13319 6349/13320 6348/13321
f 6329/13322 6350/13323 6349/13324
f 6331/13325 6351/13326 6350/13327
f 6333/13328 6352/13329 6351/13330
f 6335/13331 6353/13332 6352/13333
f 6337/13334 6354/13335 6353/13336
f 6355/13337 6357/13338 6358/13339
f 6356/13340 6360/13341 6357/13342
f 6359/13343 6362/13344 6360/13345
f 6361/13346 6364/13347 6362/13348
f 6363/13349 6366/13350 6364/13351
f 6365/13352 6368/13353 6366/13354
f 6367/13355 6370/13356 6368/13357
f 6371/13358 6370/13359 6369/13360
f 6373/13361 6372/13362 6371/13363
f 6375/13364 6374/13365 6373/13366
f 6377/13367 6376/13368 6375/13369
f 6379/13370 6378/13371 6377/13372
f 6381/13373 6380/13374 6379/13375
f 6383/13376 6382/13377 6381/13378
f 6357/13338 6386/13379 6358/13339
f 6360/13341 6385/13380 6357/13342
f 6362/13344 6387/13381 6360/13345
f 6364/13347 6388/13382 6362/13348
f 6366/13350 6389/13383 6364/13351
f 6368/13353 6390/13384 6366/13354
f 6368/13385 6392/13386 6391/13387
f 6370/13388 6393/13389 6392/13390
f 6372/13391 6394/13392 6393/13393
f 6374/13394 6395/13395 6394/13396
f 6376/13397 6396/13398 6395/13399
f 6378/13400 6397/13401 6396/13402
f 6380/13403 6398/13404 6397/13405
f 6382/13406 6399/13407 6398/13408
f 6901/13409 6401/13410 6904/13411
f 6400/13412 6403/13413 6401/13414
f 6402/13415 6405/13416 6403/13417
f 6404/13418 6407/13419 6405/13420
f 6406/13421 6409/13422 6407/13423
f 6408/13424 6411/13425 6409/13426
f 6412/13427 6411/13428 6410/13429
f 6414/13430 6413/13431 6412/13432
f 6416/13433 6415/13434 6414/13435
f 6418/13436 6417/13437 6416/13438
f 6420/13439 6419/13440 6418/13441
f 6422/13442 6421/13443 6420/13444
f 6422/13445 6424/13446 6423/13447
f 6401/13410 6931/13448 6904/13411
f 6403/13413 6425/13449 6401/13414
f 6405/13416 6426/13450 6403/13417
f 6407/13419 6427/13451 6405/13420
f 6409/13422 6428/13452 6407/13423
f 6411/13425 6429/13453 6409/13426
f 6411/13454 6431/13455 6430/13456
f 6413/13457 6432/13458 6431/13459
f 6415/13460 6433/13461 6432/13462
f 6417/13463 6434/13464 6433/13465
f 6419/13466 6435/13467 6434/13468
f 6421/13469 6436/13470 6435/13471
f 6423/13447 6424/13472 6436/13473
f 6437/13474 6439/13475 6440/13476
f 6438/13477 6442/13478 6439/13479
f 6441/13480 6444/13481 6442/13482
f 6443/13483 6446/13484 6444/13485
f 6445/13486 6448/13487 6446/13488
f 6447/13489 6450/13490 6448/13491
f 6449/13492 6452/13493 6450/13494
f 6453/13495 6452/13496 6451/13497
f 6455/13498 6454/13499 6453/13500
f 6457/13501 6456/13502 6455/13503
f 6459/13504 6458/13505 6457/13506
f 6461/13507 6460/13508 6459/13509
f 6463/13510 6462/13511 6461/13512
f 6465/13513 6464/13514 6463/13515
f 6467/13516 6466/13517 6465/13518
f 6439/13475 6470/13519 6440/13476
f 6442/13478 6469/13520 6439/13479
f 6444/13481 6471/13521 6442/13482
f 6446/13484 6472/13522 6444/13485
f 6448/13487 6473/13523 6446/13488
f 6450/13490 6474/13524 6448/13491
f 6452/13493 6475/13525 6450/13494
f 6452/13526 6477/13527 6476/13528
f 6454/13529 6478/13530 6477/13531
f 6456/13532 6479/13533 6478/13534
f 6458/13535 6480/13536 6479/13537
f 6460/13538 6481/13539 6480/13540
f 6462/13541 6482/13542 6481/13543
f 6464/13544 6483/13545 6482/13546
f 6466/13547 6484/13548 6483/13549
f 6485/13550 6487/13551 6488/13552
f 6486/13553 6490/13554 6487/13555
f 6489/13556 6492/13557 6490/13558
f 6491/13559 6494/13560 6492/13561
f 6493/13562 6496/13563 6494/13564
f 6495/13565 6498/13566 6496/13567
f 6497/13568 6500/13569 6498/13570
f 6501/13571 6500/13572 6499/13573
f 6503/13574 6502/13575 6501/13576
f 6505/13577 6504/13578 6503/13579
f 6507/13580 6506/13581 6505/13582
f 6509/13583 6508/13584 6507/13585
f 6511/13586 6510/13587 6509/13588
f 6513/13589 6512/13590 6511/13591
f 6515/13592 6514/13593 6513/13594
f 6487/13551 6518/13595 6488/13552
f 6490/13554 6517/13596 6487/13555
f 6492/13557 6519/13597 6490/13558
f 6494/13560 6520/13598 6492/13561
f 6496/13563 6521/13599 6494/13564
f 6498/13566 6522/13600 6496/13567
f 6500/13569 6523/13601 6498/13570
f 6500/13602 6525/13603 6524/13604
f 6502/13605 6526/13606 6525/13607
f 6504/13608 6527/13609 6526/13610
f 6506/13611 6528/13612 6527/13613
f 6508/13614 6529/13615 6528/13616
f 6510/13617 6530/13618 6529/13619
f 6512/13620 6531/13621 6530/13622
f 6514/13623 6532/13624 6531/13625
f 6533/13626 6535/13627 6536/13628
f 6534/13629 6538/13630 6535/13631
f 6537/13632 6540/13633 6538/13634
f 6539/13635 6542/13636 6540/13637
f 6541/13638 6544/13639 6542/13640
f 6543/13641 6546/13642 6544/13643
f 6545/13644 6548/13645 6546/13646
f 6549/13647 6548/13648 6547/13649
f 6551/13650 6550/13651 6549/13652
f 6553/13653 6552/13654 6551/13655
f 6555/13656 6554/13657 6553/13658
f 6557/13659 6556/13660 6555/13661
f 6559/13662 6558/13663 6557/13664
f 6561/13665 6560/13666 6559/13667
f 6563/13668 6562/13669 6561/13670
f 6535/13627 6566/13671 6536/13628
f 6538/13630 6565/13672 6535/13631
f 6540/13633 6567/13673 6538/13634
f 6542/13636 6568/13674 6540/13637
f 6544/13639 6569/13675 6542/13640
f 6546/13642 6570/13676 6544/13643
f 6548/13645 6571/13677 6546/13646
f 6548/13678 6573/13679 6572/13680
f 6550/13681 6574/13682 6573/13683
f 6552/13684 6575/13685 6574/13686
f 6554/13687 6576/13688 6575/13689
f 6556/13690 6577/13691 6576/13692
f 6558/13693 6578/13694 6577/13695
f 6560/13696 6579/13697 6578/13698
f 6562/13699 6580/13700 6579/13701
f 6581/13702 6583/13703 6584/13704
f 6582/13705 6586/13706 6583/13707
f 6585/13708 6588/13709 6586/13710
f 6587/13711 6590/13712 6588/13713
f 6589/13714 6592/13715 6590/13716
f 6591/13717 6594/13718 6592/13719
f 6593/13720 6596/13721 6594/13722
f 6597/13723 6596/13724 6595/13725
f 6599/13726 6598/13727 6597/13728
f 6601/13729 6600/13730 6599/13731
f 6603/13732 6602/13733 6601/13734
f 6605/13735 6604/13736 6603/13737
f 6607/13738 6606/13739 6605/13740
f 6609/13741 6608/13742 6607/13743
f 6611/13744 6610/13745 6609/13746
f 6583/13703 6614/13747 6584/13704
f 6586/13706 6613/13748 6583/13707
f 6588/13709 6615/13749 6586/13710
f 6590/13712 6616/13750 6588/13713
f 6592/13715 6617/13751 6590/13716
f 6594/13718 6618/13752 6592/13719
f 6596/13721 6619/13753 6594/13722
f 6596/13754 6621/13755 6620/13756
f 6598/13757 6622/13758 6621/13759
f 6600/13760 6623/13761 6622/13762
f 6602/13763 6624/13764 6623/13765
f 6604/13766 6625/13767 6624/13768
f 6606/13769 6626/13770 6625/13771
f 6608/13772 6627/13773 6626/13774
f 6610/13775 6628/13776 6627/13777
f 6629/13778 6631/13779 6632/13780
f 6630/13781 6634/13782 6631/13783
f 6633/13784 6636/13785 6634/13786
f 6635/13787 6638/13788 6636/13789
f 6637/13790 6640/13791 6638/13792
f 6639/13793 6642/13794 6640/13795
f 6641/13796 6644/13797 6642/13798
f 6645/13799 6644/13800 6643/13801
f 6647/13802 6646/13803 6645/13804
f 6649/13805 6648/13806 6647/13807
f 6651/13808 6650/13809 6649/13810
f 6653/13811 6652/13812 6651/13813
f 6655/13814 6654/13815 6653/13816
f 6657/13817 6656/13818 6655/13819
f 6659/13820 6658/13821 6657/13822
f 6631/13779 6662/13823 6632/13780
f 6634/13782 6661/13824 6631/13783
f 6636/13785 6663/13825 6634/13786
f 6638/13788 6664/13826 6636/13789
f 6640/13791 6665/13827 6638/13792
f 6642/13794 6666/13828 6640/13795
f 6644/13797 6667/13829 6642/13798
f 6644/13830 6669/13831 6668/13832
f 6646/13833 6670/13834 6669/13835
f 6648/13836 6671/13837 6670/13838
f 6650/13839 6672/13840 6671/13841
f 6652/13842 6673/13843 6672/13844
f 6654/13845 6674/13846 6673/13847
f 6656/13848 6675/13849 6674/13850
f 6658/13851 6676/13852 6675/13853
f 6677/13854 6679/13855 6680/13856
f 6678/13857 6682/13858 6679/13859
f 6681/13860 6684/13861 6682/13862
f 6683/13863 6686/13864 6684/13865
f 6685/13866 6688/13867 6686/13868
f 6687/13869 6690/13870 6688/13871
f 6689/13872 6692/13873 6690/13874
f 6693/13875 6692/13876 6691/13877
f 6695/13878 6694/13879 6693/13880
f 6697/13881 6696/13882 6695/13883
f 6699/13884 6698/13885 6697/13886
f 6701/13887 6700/13888 6699/13889
f 6703/13890 6702/13891 6701/13892
f 6705/13893 6704/13894 6703/13895
f 6707/13896 6706/13897 6705/13898
f 6679/13855 6710/13899 6680/13856
f 6682/13858 6709/13900 6679/13859
f 6684/13861 6711/13901 6682/13862
f 6686/13864 6712/13902 6684/13865
f 6688/13867 6713/13903 6686/13868
f 6690/13870 6714/13904 6688/13871
f 6692/13873 6715/13905 6690/13874
f 6694/13906 6716/13907 6692/13908
f 6694/13909 6718/13910 6717/13911
f 6696/13912 6719/13913 6718/13914
f 6698/13915 6720/13916 6719/13917
f 6700/13918 6721/13919 6720/13920
f 6702/13921 6722/13922 6721/13923
f 6704/13924 6723/13925 6722/13926
f 6706/13927 6724/13928 6723/13929
f 6725/13930 6727/13931 6728/13932
f 6726/13933 6730/13934 6727/13935
f 6729/13936 6732/13937 6730/13938
f 6731/13939 6734/13940 6732/13941
f 6733/13942 6736/13943 6734/13944
f 6735/13945 6738/13946 6736/13947
f 6737/13948 6740/13949 6738/13950
f 6741/13951 6740/13952 6739/13953
f 6743/13954 6742/13955 6741/13956
f 6745/13957 6744/13958 6743/13959
f 6747/13960 6746/13961 6745/13962
f 6749/13963 6748/13964 6747/13965
f 6751/13966 6750/13967 6749/13968
f 6753/13969 6752/13970 6751/13971
f 6727/13931 6756/13972 6728/13932
f 6730/13934 6755/13973 6727/13935
f 6732/13937 6757/13974 6730/13938
f 6734/13940 6758/13975 6732/13941
f 6736/13943 6759/13976 6734/13944
f 6738/13946 6760/13977 6736/13947
f 6740/13949 6761/13978 6738/13950
f 6740/13979 6763/13980 6762/13981
f 6742/13982 6764/13983 6763/13984
f 6744/13985 6765/13986 6764/13987
f 6746/13988 6766/13989 6765/13990
f 6748/13991 6767/13992 6766/13993
f 6750/13994 6768/13995 6767/13996
f 6752/13997 6769/13998 6768/13999
f 6770/14000 6772/14001 6773/14002
f 6771/14003 6775/14004 6772/14005
f 6774/14006 6777/14007 6775/14008
f 6776/14009 6779/14010 6777/14011
f 6778/14012 6781/14013 6779/14014
f 6780/14015 6783/14016 6781/14017
f 6782/14018 6785/14019 6783/14020
f 6786/14021 6785/14022 6784/14023
f 6788/14024 6787/14025 6786/14026
f 6790/14027 6789/14028 6788/14029
f 6792/14030 6791/14031 6790/14032
f 6794/14033 6793/14034 6792/14035
f 6796/14036 6795/14037 6794/14038
f 6798/14039 6797/14040 6796/14041
f 6772/14001 6801/14042 6773/14002
f 6775/14004 6800/14043 6772/14005
f 6777/14007 6802/14044 6775/14008
f 6779/14010 6803/14045 6777/14011
f 6781/14013 6804/14046 6779/14014
f 6783/14016 6805/14047 6781/14017
f 6783/14048 6807/14049 6806/14050
f 6785/14051 6808/14052 6807/14053
f 6787/14054 6809/14055 6808/14056
f 6789/14057 6810/14058 6809/14059
f 6791/14060 6811/14061 6810/14062
f 6793/14063 6812/14064 6811/14065
f 6795/14066 6813/14067 6812/14068
f 6797/14069 6814/14070 6813/14071
f 6815/14072 6817/14073 6818/14074
f 6816/14075 6820/14076 6817/14077
f 6819/14078 6822/14079 6820/14080
f 6821/14081 6824/14082 6822/14083
f 6823/14084 6826/14085 6824/14086
f 6825/14087 6828/14088 6826/14089
f 6827/14090 6830/14091 6828/14092
f 6831/14093 6830/14094 6829/14095
f 6833/14096 6832/14097 6831/14098
f 6835/14099 6834/14100 6833/14101
f 6837/14102 6836/14103 6835/14104
f 6839/14105 6838/14106 6837/14107
f 6841/14108 6840/14109 6839/14110
f 6841/14111 6843/14112 6842/14113
f 6817/14073 6845/14114 6818/14074
f 6820/14076 6844/14115 6817/14077
f 6822/14079 6846/14116 6820/14080
f 6824/14082 6847/14117 6822/14083
f 6826/14085 6848/14118 6824/14086
f 6828/14088 6849/14119 6826/14089
f 6830/14091 6850/14120 6828/14092
f 6830/14121 6852/14122 6851/14123
f 6832/14124 6853/14125 6852/14126
f 6834/14127 6854/14128 6853/14129
f 6836/14130 6855/14131 6854/14132
f 6838/14133 6856/14134 6855/14135
f 6840/14136 6857/14137 6856/14138
f 6842/14139 6858/14140 6857/14141
f 6859/14142 6861/14143 6862/14144
f 6860/14145 6864/14146 6861/14147
f 6863/14148 6866/14149 6864/14150
f 6865/14151 6868/14152 6866/14153
f 6867/14154 6870/14155 6868/14156
f 6869/14157 6872/14158 6870/14159
f 6873/14160 6872/14161 6871/14162
f 6875/14163 6874/14164 6873/14165
f 6877/14166 6876/14167 6875/14168
f 6879/14169 6878/14170 6877/14171
f 6881/14172 6880/14173 6879/14174
f 6883/14175 6882/14176 6881/14177
f 6885/14178 6884/14179 6883/14180
f 6861/14143 6888/14181 6862/14144
f 6864/14146 6887/14182 6861/14147
f 6866/14149 6889/14183 6864/14150
f 6868/14152 6890/14184 6866/14153
f 6870/14155 6891/14185 6868/14156
f 6872/14158 6892/14186 6870/14159
f 6872/14187 6894/14188 6893/14189
f 6874/14190 6895/14191 6894/14192
f 6876/14193 6896/14194 6895/14195
f 6878/14196 6897/14197 6896/14198
f 6880/14199 6898/14200 6897/14201
f 6882/14202 6899/14203 6898/14204
f 6884/14205 6900/14206 6899/14207
f 6901/13409 6903/14208 6904/13411
f 6902/14209 6906/14210 6903/14211
f 6905/14212 6908/14213 6906/14214
f 6907/14215 6910/14216 6908/14217
f 6909/14218 6912/14219 6910/14220
f 6911/14221 6914/14222 6912/14223
f 6913/14224 6916/14225 6914/14226
f 6917/14227 6916/14228 6915/14229
f 6919/14230 6918/14231 6917/14232
f 6921/14233 6920/14234 6919/14235
f 6923/14236 6922/14237 6921/14238
f 6925/14239 6924/14240 6923/14241
f 6927/14242 6926/14243 6925/14244
f 6929/14245 6928/14246 6927/14247
f 6903/14208 6931/13448 6904/13411
f 6906/14210 6930/14248 6903/14211
f 6908/14213 6932/14249 6906/14214
f 6910/14216 6933/14250 6908/14217
f 6912/14219 6934/14251 6910/14220
f 6914/14222 6935/14252 6912/14223
f 6914/14253 6937/14254 6936/14255
f 6916/14256 6938/14257 6937/14258
f 6918/14259 6939/14260 6938/14261
f 6920/14262 6940/14263 6939/14264
f 6922/14265 6941/14266 6940/14267
f 6924/14268 6942/14269 6941/14270
f 6926/14271 6943/14272 6942/14273
f 6928/14274 6944/14275 6943/14276
f 6945/14277 6947/14278 6948/14279
f 6946/14280 6950/14281 6947/14282
f 6949/14283 6952/14284 6950/14285
f 6951/14286 6954/14287 6952/14288
f 6953/14289 6956/14290 6954/14291
f 6955/14292 6958/14293 6956/14294
f 6957/14295 6960/14296 6958/14297
f 6961/14298 6960/14299 6959/14300
f 6963/14301 6962/14302 6961/14303
f 6965/14304 6964/14305 6963/14306
f 6967/14307 6966/14308 6965/14309
f 6969/14310 6968/14311 6967/14312
f 6971/14313 6970/14314 6969/14315
f 6973/14316 6972/14317 6971/14318
f 6975/14319 6974/14320 6973/14321
f 6947/14278 6978/14322 6948/14279
f 6950/14281 6977/14323 6947/14282
f 6952/14284 6979/14324 6950/14285
f 6954/14287 6980/14325 6952/14288
f 6956/14290 6981/14326 6954/14291
f 6958/14293 6982/14327 6956/14294
f 6960/14296 6983/14328 6958/14297
f 6960/14329 6985/14330 6984/14331
f 6962/14332 6986/14333 6985/14334
f 6964/14335 6987/14336 6986/14337
f 6966/14338 6988/14339 6987/14340
f 6968/14341 6989/14342 6988/14343
f 6970/14344 6990/14345 6989/14346
f 6972/14347 6991/14348 6990/14349
f 6974/14350 6992/14351 6991/14352
f 6993/14353 6995/14354 6996/14355
f 6994/14356 6998/14357 6995/14358
f 6997/14359 7000/14360 6998/14361
f 6999/14362 7002/14363 7000/14364
f 7001/14365 7004/14366 7002/14367
f 7003/14368 7006/14369 7004/14370
f 7005/14371 7008/14372 7006/14373
f 7007/14374 7010/14375 7008/14376
f 7011/14377 7010/14378 7009/14379
f 7013/14380 7012/14381 7011/14382
f 7015/14383 7014/14384 7013/14385
f 7017/14386 7016/14387 7015/14388
f 7019/14389 7018/14390 7017/14391
f 7021/14392 7020/14393 7019/14394
f 7023/14395 7022/14396 7021/14397
f 7025/14398 7024/14399 7023/14400
f 7027/14401 7026/14402 7025/14403
f 6995/14354 7030/14404 6996/14355
f 6998/14357 7029/14405 6995/14358
f 7000/14360 7031/14406 6998/14361
f 7002/14363 7032/14407 7000/14364
f 7004/14366 7033/14408 7002/14367
f 7006/14369 7034/14409 7004/14370
f 7008/14372 7035/14410 7006/14373
f 7010/14375 7036/14411 7008/14376
f 7010/14412 7038/14413 7037/14414
f 7012/14415 7039/14416 7038/14417
f 7014/14418 7040/14419 7039/14420
f 7016/14421 7041/14422 7040/14423
f 7018/14424 7042/14425 7041/14426
f 7020/14427 7043/14428 7042/14429
f 7022/14430 7044/14431 7043/14432
f 7024/14433 7045/14434 7044/14435
f 7026/14436 7046/14437 7045/14438
f 7047/14439 7049/14440 7050/14441
f 7048/14442 7052/14443 7049/14444
f 7051/14445 7054/14446 7052/14447
f 7053/14448 7056/14449 7054/14450
f 7055/14451 7058/14452 7056/14453
f 7057/14454 7060/14455 7058/14456
f 7059/14457 7062/14458 7060/14459
f 7063/14460 7062/14461 7061/14462
f 7065/14463 7064/14464 7063/14465
f 7067/14466 7066/14467 7065/14468
f 7069/14469 7068/14470 7067/14471
f 7071/14472 7070/14473 7069/14474
f 7073/14475 7072/14476 7071/14477
f 7075/14478 7074/14479 7073/14480
f 7077/14481 7076/14482 7075/14483
f 7079/14484 7078/14485 7077/14486
f 7049/14440 7082/14487 7050/14441
f 7052/14443 7081/14488 7049/14444
f 7054/14446 7083/14489 7052/14447
f 7056/14449 7084/14490 7054/14450
f 7058/14452 7085/14491 7056/14453
f 7060/14455 7086/14492 7058/14456
f 7062/14458 7087/14493 7060/14459
f 7064/14494 7088/14495 7062/14496
f 7064/14497 7090/14498 7089/14499
f 7066/14500 7091/14501 7090/14502
f 7068/14503 7092/14504 7091/14505
f 7070/14506 7093/14507 7092/14508
f 7072/14509 7094/14510 7093/14511
f 7074/14512 7095/14513 7094/14514
f 7076/14515 7096/14516 7095/14517
f 7078/14518 7097/14519 7096/14520
f 7098/14521 7100/14522 7101/14523
f 7099/14524 7103/14525 7100/14526
f 7102/14527 7105/14528 7103/14529
f 7104/14530 7107/14531 7105/14532
f 7106/14533 7109/14534 7107/14535
f 7108/14536 7111/14537 7109/14538
f 7110/14539 7113/14540 7111/14541
f 7114/14542 7113/14543 7112/14544
f 7116/14545 7115/14546 7114/14547
f 7118/14548 7117/14549 7116/14550
f 7120/14551 7119/14552 7118/14553
f 7122/14554 7121/14555 7120/14556
f 7124/14557 7123/14558 7122/14559
f 7126/14560 7125/14561 7124/14562
f 7128/14563 7127/14564 7126/14565
f 7130/14566 7129/14567 7128/14568
f 7100/14522 7133/14569 7101/14523
f 7103/14525 7132/14570 7100/14526
f 7105/14528 7134/14571 7103/14529
f 7107/14531 7135/14572 7105/14532
f 7109/14534 7136/14573 7107/14535
f 7111/14537 7137/14574 7109/14538
f 7113/14540 7138/14575 7111/14541
f 7115/14576 7139/14577 7113/14578
f 7115/14579 7141/14580 7140/14581
f 7117/14582 7142/14583 7141/14584
f 7119/14585 7143/14586 7142/14587
f 7121/14588 7144/14589 7143/14590
f 7123/14591 7145/14592 7144/14593
f 7125/14594 7146/14595 7145/14596
f 7127/14597 7147/14598 7146/14599
f 7129/14600 7148/14601 7147/14602
f 7149/14603 7151/14604 7152/14605
f 7150/14606 7154/14607 7151/14608
f 7153/14609 7156/14610 7154/14611
f 7155/14612 7158/14613 7156/14614
f 7157/14615 7160/14616 7158/14617
f 7159/14618 7162/14619 7160/14620
f 7161/14621 7164/14622 7162/14623
f 7163/14624 7166/14625 7164/14626
f 7167/14627 7166/14628 7165/14629
f 7169/14630 7168/14631 7167/14632
f 7171/14633 7170/14634 7169/14635
f 7173/14636 7172/14637 7171/14638
f 7175/14639 7174/14640 7173/14641
f 7177/14642 7176/14643 7175/14644
f 7179/14645 7178/14646 7177/14647
f 7181/14648 7180/14649 7179/14650
f 7151/14604 7184/14651 7152/14605
f 7154/14607 7183/14652 7151/14608
f 7156/14610 7185/14653 7154/14611
f 7158/14613 7186/14654 7156/14614
f 7160/14616 7187/14655 7158/14617
f 7162/14619 7188/14656 7160/14620
f 7164/14622 7189/14657 7162/14623
f 7164/14658 7191/14659 7190/14660
f 7166/14661 7192/14662 7191/14663
f 7168/14664 7193/14665 7192/14666
f 7170/14667 7194/14668 7193/14669
f 7172/14670 7195/14671 7194/14672
f 7174/14673 7196/14674 7195/14675
f 7176/14676 7197/14677 7196/14678
f 7178/14679 7198/14680 7197/14681
f 7180/14682 7199/14683 7198/14684
f 7200/14685 7202/14686 7203/14687
f 7201/14688 7205/14689 7202/14690
f 7204/14691 7207/14692 7205/14693
f 7206/14694 7209/14695 7207/14696
f 7208/14697 7211/14698 7209/14699
f 7210/14700 7213/14701 7211/14702
f 7212/14703 7215/14704 7213/14705
f 7216/14706 7215/14707 7214/14708
f 7218/14709 7217/14710 7216/14711
f 7220/14712 7219/14713 7218/14714
f 7222/14715 7221/14716 7220/14717
f 7224/14718 7223/14719 7222/14720
f 7226/14721 7225/14722 7224/14723
f 7228/14724 7227/14725 7226/14726
f 7230/14727 7229/14728 7228/14729
f 7202/14686 7233/14730 7203/14687
f 7205/14689 7232/14731 7202/14690
f 7207/14692 7234/14732 7205/14693
f 7209/14695 7235/14733 7207/14696
f 7211/14698 7236/14734 7209/14699
f 7213/14701 7237/14735 7211/14702
f 7215/14704 7238/14736 7213/14705
f 7217/14737 7239/14738 7215/14739
f 7217/14740 7241/14741 7240/14742
f 7219/14743 7242/14744 7241/14745
f 7221/14746 7243/14747 7242/14748
f 7223/14749 7244/14750 7243/14751
f 7225/14752 7245/14753 7244/14754
f 7227/14755 7246/14756 7245/14757
f 7229/14758 7247/14759 7246/14760
f 7248/14761 7250/14762 7251/14763
f 7249/14764 7253/14765 7250/14766
f 7252/14767 7255/14768 7253/14769
f 7254/14770 7257/14771 7255/14772
f 7256/14773 7259/14774 7257/14775
f 7258/14776 7261/14777 7259/14778
f 7260/14779 7263/14780 7261/14781
f 7264/14782 7263/14783 7262/14784
f 7266/14785 7265/14786 7264/14787
f 7268/14788 7267/14789 7266/14790
f 7270/14791 7269/14792 7268/14793
f 7272/14794 7271/14795 7270/14796
f 7274/14797 7273/14798 7272/14799
f 7276/14800 7275/14801 7274/14802
f 7278/14803 7277/14804 7276/14805
f 7250/14762 7281/14806 7251/14763
f 7253/14765 7280/14807 7250/14766
f 7255/14768 7282/14808 7253/14769
f 7257/14771 7283/14809 7255/14772
f 7259/14774 7284/14810 7257/14775
f 7261/14777 7285/14811 7259/14778
f 7263/14780 7286/14812 7261/14781
f 7265/14813 7287/14814 7263/14815
f 7265/14816 7289/14817 7288/14818
f 7267/14819 7290/14820 7289/14821
f 7269/14822 7291/14823 7290/14824
f 7271/14825 7292/14826 7291/14827
f 7273/14828 7293/14829 7292/14830
f 7275/14831 7294/14832 7293/14833
f 7277/14834 7295/14835 7294/14836
f 7296/14837 7298/14838 7299/14839
f 7297/14840 7301/14841 7298/14842
f 7300/14843 7303/14844 7301/14845
f 7302/14846 7305/14847 7303/14848
f 7304/14849 7307/14850 7305/14851
f 7306/14852 7309/14853 7307/14854
f 7308/14855 7311/14856 7309/14857
f 7312/14858 7311/14859 7310/14860
f 7314/14861 7313/14862 7312/14863
f 7316/14864 7315/14865 7314/14866
f 7318/14867 7317/14868 7316/14869
f 7320/14870 7319/14871 7318/14872
f 7322/14873 7321/14874 7320/14875
f 7324/14876 7323/14877 7322/14878
f 7298/14838 7327/14879 7299/14839
f 7301/14841 7326/14880 7298/14842
f 7303/14844 7328/14881 7301/14845
f 7305/14847 7329/14882 7303/14848
f 7307/14850 7330/14883 7305/14851
f 7309/14853 7331/14884 7307/14854
f 7311/14856 7332/14885 7309/14857
f 7311/14886 7334/14887 7333/14888
f 7313/14889 7335/14890 7334/14891
f 7315/14892 7336/14893 7335/14894
f 7317/14895 7337/14896 7336/14897
f 7319/14898 7338/14899 7337/14900
f 7321/14901 7339/14902 7338/14903
f 7323/14904 7340/14905 7339/14906
f 7341/14907 7343/14908 7344/14909
f 7342/14910 7346/14911 7343/14912
f 7345/14913 7348/14914 7346/14915
f 7347/14916 7350/14917 7348/14918
f 7349/14919 7352/14920 7350/14921
f 7351/14922 7354/14923 7352/14924
f 7355/14925 7354/14926 7353/14927
f 7357/14928 7356/14929 7355/14930
f 7359/14931 7358/14932 7357/14933
f 7361/14934 7360/14935 7359/14936
f 7363/14937 7362/14938 7361/14939
f 7365/14940 7364/14941 7363/14942
f 7367/14943 7366/14944 7365/14945
f 7369/14946 7368/14947 7367/14948
f 7343/14908 7372/14949 7344/14909
f 7346/14911 7371/14950 7343/14912
f 7348/14914 7373/14951 7346/14915
f 7350/14917 7374/14952 7348/14918
f 7352/14920 7375/14953 7350/14921
f 7354/14923 7376/14954 7352/14924
f 7356/14955 7377/14956 7354/14957
f 7356/14958 7379/14959 7378/14960
f 7358/14961 7380/14962 7379/14963
f 7360/14964 7381/14965 7380/14966
f 7362/14967 7382/14968 7381/14969
f 7364/14970 7383/14971 7382/14972
f 7366/14973 7384/14974 7383/14975
f 7368/14976 7385/14977 7384/14978
f 5916/12635 7387/14979 7388/12637
f 7386/14980 7390/14981 7387/14982
f 7389/14983 7392/14984 7390/14985
f 7391/14986 7394/14987 7392/14988
f 7393/14989 7396/14990 7394/14991
f 7395/14992 7398/14993 7396/14994
f 7399/14995 7398/14996 7397/14997
f 7401/14998 7400/14999 7399/15000
f 7403/15001 7402/15002 7401/15003
f 7405/15004 7404/15005 7403/15006
f 7407/15007 7406/15008 7405/15009
f 7409/15010 7408/15011 7407/15012
f 7411/15013 7410/15014 7409/15015
f 7387/14979 5945/12677 7388/12637
f 7390/14981 7412/15016 7387/14982
f 7392/14984 7413/15017 7390/14985
f 7394/14987 7414/15018 7392/14988
f 7396/14990 7415/15019 7394/14991
f 7398/14993 7416/15020 7396/14994
f 7398/15021 7418/15022 7417/15023
f 7400/15024 7419/15025 7418/15026
f 7402/15027 7420/15028 7419/15029
f 7404/15030 7421/15031 7420/15032
f 7406/15033 7422/15034 7421/15035
f 7408/15036 7423/15037 7422/15038
f 7410/15039 7424/15040 7423/15041
f 61/145 100/216 99/215
f 101/152 102/217 100/216
f 103/155 104/218 102/217
f 105/158 106/219 104/218
f 62/157 107/220 106/219
f 63/160 108/221 107/220
f 127/163 46/15042 108/221
f 65/166 2/223 1/222
f 68/169 4/224 2/223
f 69/176 109/225 4/224
f 71/175 7/226 109/225
f 72/178 9/227 7/226
f 73/185 110/228 9/227
f 75/188 111/229 110/228
f 77/230 112/232 111/229
f 77/191 79/190 14/231
f 79/194 81/193 16/234
f 81/197 82/196 113/237
f 83/199 19/242 113/239
f 83/203 84/202 21/241
f 84/204 85/205 23/244
f 85/205 86/206 114/247
f 86/206 88/207 115/250
f 89/257 116/256 115/253
f 90/260 117/259 116/256
f 91/261 118/263 117/259
f 91/210 92/211 30/262
f 92/211 94/212 32/265
f 94/212 96/213 119/268
f 96/213 97/214 35/271
f 97/214 99/215 120/274
f 99/215 100/216 38/277
f 100/216 102/217 121/280
f 102/217 104/218 41/283
f 104/218 106/219 122/286
f 106/219 107/220 123/289
f 107/220 108/221 124/292
f 108/294 46/15042 126/295
f 251/301 128/304 129/302
f 128/304 236/307 130/305
f 236/307 131/310 132/308
f 131/310 133/313 134/311
f 133/313 135/316 136/314
f 135/316 237/319 137/317
f 237/319 238/322 138/320
f 238/322 239/325 139/323
f 239/325 140/328 141/326
f 140/328 142/331 143/329
f 142/331 144/334 145/332
f 144/334 240/337 146/335
f 240/337 241/340 147/338
f 241/340 148/345 149/341
f 242/343 150/347 149/344
f 243/346 151/351 150/347
f 243/349 152/354 153/350
f 244/352 154/356 153/353
f 155/360 156/359 154/356
f 245/358 157/362 156/359
f 158/366 159/365 157/362
f 160/369 161/368 159/365
f 246/367 162/371 161/368
f 163/375 164/374 162/371
f 165/378 166/377 164/374
f 167/381 168/380 166/377
f 247/379 169/383 168/380
f 170/387 171/386 169/383
f 248/385 172/389 171/386
f 249/388 173/392 172/389
f 250/391 235/597 173/392
f 129/302 189/395 188/394
f 130/309 174/396 189/395
f 132/308 192/397 174/396
f 134/315 175/398 192/397
f 136/314 195/399 175/398
f 137/317 197/400 195/399
f 138/324 176/401 197/400
f 139/327 177/402 176/401
f 141/330 178/403 177/402
f 143/333 179/404 178/403
f 145/405 180/407 179/404
f 145/336 146/335 204/406
f 147/338 206/409 204/408
f 149/412 181/411 206/409
f 150/410 209/414 181/411
f 151/413 211/418 209/414
f 151/351 153/350 213/417
f 153/353 154/356 215/420
f 154/356 156/359 217/423
f 156/359 157/362 219/426
f 157/362 159/365 182/429
f 159/365 161/368 222/432
f 161/368 162/371 183/435
f 162/371 164/374 184/438
f 164/374 166/377 226/441
f 166/377 168/380 185/444
f 168/380 169/383 186/447
f 169/383 171/386 187/450
f 171/386 172/389 231/453
f 172/389 173/392 233/456
f 173/458 235/597 254/459
f 188/394 189/395 190/462
f 189/464 174/396 191/465
f 174/467 192/397 193/468
f 192/470 175/398 194/471
f 175/473 195/399 196/474
f 195/399 197/400 198/477
f 197/479 176/401 199/480
f 176/401 177/402 200/483
f 177/402 178/403 201/486
f 178/403 179/404 202/489
f 179/404 180/407 203/492
f 180/494 204/406 205/495
f 204/408 206/409 207/498
f 206/500 181/411 208/501
f 209/508 210/507 208/504
f 211/509 212/511 210/507
f 211/418 213/417 214/510
f 213/421 215/420 216/513
f 215/424 217/423 218/516
f 219/430 220/519 218/518
f 182/429 221/520 220/519
f 222/436 223/521 221/520
f 183/435 224/522 223/521
f 184/438 225/523 224/522
f 226/445 227/524 225/523
f 185/444 228/525 227/524
f 186/447 229/526 228/525
f 187/450 230/527 229/526
f 231/457 232/528 230/527
f 233/460 234/529 232/528
f 254/459 235/15043 234/529
f 190/462 128/531 251/530
f 191/469 236/532 128/531
f 193/468 131/533 236/532
f 194/471 133/534 131/533
f 196/474 135/535 133/534
f 198/481 237/536 135/535
f 199/484 238/537 237/536
f 200/487 239/538 238/537
f 201/486 140/539 239/538
f 202/489 142/540 140/539
f 203/492 144/541 142/540
f 205/499 240/542 144/541
f 207/502 241/543 240/542
f 208/501 148/545 241/543
f 210/547 242/549 148/545
f 210/507 212/511 243/548
f 212/511 214/510 152/551
f 214/514 216/513 244/554
f 216/517 218/516 155/557
f 218/518 220/519 245/560
f 220/519 221/520 158/563
f 221/520 223/521 160/566
f 223/521 224/522 246/569
f 224/522 225/523 163/572
f 225/523 227/524 165/575
f 227/524 228/525 167/578
f 228/525 229/526 247/581
f 229/526 230/527 170/584
f 230/527 232/528 248/587
f 232/528 234/529 249/590
f 234/529 235/15043 250/593
f 350/599 255/602 256/600
f 255/602 351/605 257/603
f 351/605 258/608 259/606
f 258/608 352/611 260/609
f 352/611 261/614 262/612
f 261/614 263/617 264/615
f 263/617 353/620 265/618
f 353/620 266/623 267/621
f 266/623 354/626 268/624
f 354/626 355/629 269/627
f 355/629 270/632 271/630
f 270/632 356/635 272/633
f 356/635 273/640 274/636
f 275/643 276/642 274/639
f 357/641 277/645 276/642
f 358/644 278/648 277/645
f 359/647 279/651 278/648
f 360/650 280/654 279/651
f 281/658 282/657 280/654
f 283/661 284/660 282/657
f 361/659 285/663 284/660
f 286/667 287/666 285/663
f 362/665 288/669 287/666
f 289/673 290/672 288/669
f 363/671 291/675 290/672
f 364/674 292/678 291/675
f 365/677 293/681 292/678
f 294/680 369/861 293/681
f 256/600 311/684 367/683
f 257/607 295/685 311/684
f 259/610 296/686 295/685
f 260/613 297/687 296/686
f 262/616 298/688 297/687
f 264/619 299/689 298/688
f 265/618 318/690 299/689
f 267/621 320/691 318/690
f 268/624 322/692 320/691
f 269/627 324/693 322/692
f 271/634 300/694 324/693
f 272/637 301/695 300/694
f 274/698 302/697 301/695
f 276/696 329/700 302/697
f 277/702 303/704 329/700
f 277/645 278/648 304/703
f 278/648 279/651 305/706
f 279/651 280/654 334/709
f 280/654 282/657 306/712
f 282/657 284/660 337/715
f 284/660 285/663 307/718
f 285/663 287/666 308/721
f 287/666 288/669 341/724
f 288/669 290/672 343/727
f 290/672 291/675 309/730
f 291/675 292/678 346/733
f 292/678 293/681 310/736
f 293/738 369/861 349/739
f 367/741 311/684 312/742
f 311/744 295/685 313/745
f 295/685 296/686 314/748
f 296/686 297/687 315/751
f 297/687 298/688 316/754
f 298/688 299/689 317/757
f 299/759 318/690 319/760
f 318/690 320/691 321/763
f 320/691 322/692 323/766
f 322/692 324/693 325/769
f 324/771 300/694 326/772
f 300/694 301/695 327/775
f 302/777 328/781 327/778
f 329/785 330/784 328/781
f 303/783 331/786 330/784
f 304/703 332/787 331/786
f 305/706 333/788 332/787
f 334/713 335/789 333/788
f 306/712 336/790 335/789
f 337/719 338/791 336/790
f 307/718 339/792 338/791
f 308/721 340/793 339/792
f 341/728 342/794 340/793
f 343/731 344/795 342/794
f 309/730 345/796 344/795
f 346/737 347/797 345/796
f 310/736 348/798 347/797
f 349/739 369/15044 348/798
f 312/742 255/800 350/799
f 313/749 351/801 255/800
f 314/748 258/802 351/801
f 315/755 352/803 258/802
f 316/754 261/804 352/803
f 317/757 263/805 261/804
f 319/764 353/806 263/805
f 321/763 266/807 353/806
f 323/770 354/808 266/807
f 325/773 355/809 354/808
f 326/772 270/810 355/809
f 327/813 356/812 270/810
f 328/811 273/815 356/812
f 330/814 275/819 273/815
f 330/784 331/786 357/818
f 331/786 332/787 358/821
f 332/787 333/788 359/824
f 333/788 335/789 360/827
f 335/789 336/790 281/830
f 336/790 338/791 283/833
f 338/791 339/792 361/836
f 339/792 340/793 286/839
f 340/793 342/794 362/842
f 342/794 344/795 289/845
f 344/795 345/796 363/848
f 345/796 347/797 364/851
f 347/797 348/798 365/854
f 348/856 369/15044 294/857
f 480/863 465/866 370/864
f 465/866 372/869 373/867
f 372/869 466/872 374/870
f 466/872 467/875 375/873
f 467/875 468/878 376/876
f 468/878 469/881 377/879
f 469/881 470/884 378/882
f 470/884 379/887 380/885
f 379/887 471/890 381/888
f 471/890 472/893 382/891
f 472/893 383/896 384/894
f 383/896 385/899 386/897
f 385/899 387/902 388/900
f 387/902 389/905 390/903
f 389/905 391/908 392/906
f 391/908 473/913 393/909
f 474/911 394/915 393/912
f 475/914 395/918 394/915
f 476/917 396/921 395/918
f 397/925 398/924 396/921
f 399/928 400/927 398/924
f 401/931 402/930 400/927
f 403/934 404/933 402/930
f 477/932 405/936 404/933
f 478/935 406/939 405/936
f 479/938 407/942 406/939
f 408/944 409/946 407/942
f 370/868 410/948 423/947
f 373/871 411/949 410/948
f 374/870 426/950 411/949
f 375/877 412/951 426/950
f 376/876 429/952 412/951
f 377/879 431/953 429/952
f 378/886 413/954 431/953
f 380/955 414/957 413/954
f 380/889 381/888 435/956
f 381/892 382/891 437/959
f 382/895 384/894 439/962
f 384/898 386/897 415/965
f 386/901 388/900 442/968
f 388/904 390/903 416/971
f 390/907 392/906 417/974
f 392/910 393/909 446/977
f 393/912 394/915 418/980
f 394/915 395/918 419/983
f 395/918 396/921 420/986
f 396/921 398/924 421/989
f 398/924 400/927 452/992
f 400/927 402/930 422/995
f 402/930 404/933 455/998
f 404/933 405/936 457/1001
f 405/936 406/939 459/1004
f 406/939 407/942 461/1007
f 407/942 409/946 463/1010
f 423/1014 410/948 424/1015
f 410/948 411/949 425/1018
f 411/1020 426/950 427/1021
f 426/1023 412/951 428/1024
f 412/1026 429/952 430/1027
f 429/952 431/953 432/1030
f 431/1032 413/954 433/1033
f 413/954 414/957 434/1036
f 414/1038 435/956 436/1039
f 435/960 437/959 438/1042
f 437/963 439/962 440/1045
f 439/1047 415/965 441/1048
f 415/1050 442/968 443/1051
f 442/1053 416/971 444/1054
f 416/975 417/974 445/1057
f 446/981 447/1060 445/1059
f 418/980 448/1061 447/1060
f 419/983 449/1062 448/1061
f 420/986 450/1063 449/1062
f 421/989 451/1064 450/1063
f 452/996 453/1065 451/1064
f 422/995 454/1066 453/1065
f 455/1002 456/1067 454/1066
f 457/1005 458/1068 456/1067
f 459/1008 460/1069 458/1068
f 461/1011 462/1070 460/1069
f 463/1013 464/1072 462/1070
f 424/1019 465/1074 480/1073
f 425/1018 372/1075 465/1074
f 427/1025 466/1076 372/1075
f 428/1028 467/1077 466/1076
f 430/1031 468/1078 467/1077
f 432/1034 469/1079 468/1078
f 433/1037 470/1080 469/1079
f 434/1036 379/1081 470/1080
f 436/1043 471/1082 379/1081
f 438/1046 472/1083 471/1082
f 440/1045 383/1086 472/1083
f 440/1049 441/1048 385/1085
f 441/1052 443/1051 387/1088
f 443/1055 444/1054 389/1091
f 444/1058 445/1057 391/1094
f 445/1059 447/1060 473/1097
f 447/1060 448/1061 474/1100
f 448/1061 449/1062 475/1103
f 449/1062 450/1063 476/1106
f 450/1063 451/1064 397/1109
f 451/1064 453/1065 399/1112
f 453/1065 454/1066 401/1115
f 454/1066 456/1067 403/1118
f 456/1067 458/1068 477/1121
f 458/1068 460/1069 478/1124
f 460/1069 462/1070 479/1127
f 462/1070 464/1072 408/1130
f 607/1135 483/1138 484/1136
f 483/1138 486/1141 487/1139
f 486/1141 488/1144 489/1142
f 488/1144 490/1147 491/1145
f 490/1147 492/1150 493/1148
f 492/1150 596/1153 494/1151
f 596/1153 597/1156 495/1154
f 597/1156 496/1159 497/1157
f 496/1159 498/1162 499/1160
f 498/1162 500/1165 501/1163
f 500/1165 502/1168 503/1166
f 502/1168 598/1173 504/1169
f 505/1176 506/1175 504/1172
f 507/1179 508/1178 506/1175
f 509/1180 510/1182 508/1178
f 509/1180 511/1183 512/1181
f 511/1183 513/1188 514/1184
f 515/1191 516/1190 514/1187
f 599/1189 517/1193 516/1190
f 600/1192 518/1196 517/1193
f 519/1200 520/1199 518/1196
f 601/1198 521/1202 520/1199
f 602/1201 522/1206 521/1202
f 602/1204 603/1207 523/1205
f 603/1207 524/1212 525/1208
f 526/1215 527/1214 525/1211
f 604/1213 528/1218 527/1214
f 604/1216 605/1219 529/1217
f 605/1219 530/1222 531/1220
f 530/1222 532/1225 533/1223
f 484/1229 534/1231 548/1228
f 484/1140 487/1139 535/1230
f 487/1143 489/1142 551/1233
f 489/1146 491/1145 553/1236
f 491/1149 493/1148 555/1239
f 493/1152 494/1151 557/1242
f 494/1155 495/1154 536/1245
f 495/1158 497/1157 537/1248
f 497/1161 499/1160 561/1251
f 499/1164 501/1163 563/1254
f 501/1167 503/1166 538/1257
f 504/1169 566/1261 538/1259
f 506/1263 539/1265 566/1261
f 506/1175 508/1178 569/1264
f 508/1178 510/1182 540/1267
f 510/1182 512/1181 572/1270
f 512/1185 514/1184 574/1273
f 516/1280 541/1279 574/1276
f 517/1283 542/1282 541/1279
f 518/1281 578/1285 542/1282
f 520/1284 580/1288 578/1285
f 521/1287 582/1291 580/1288
f 522/1290 584/1293 582/1291
f 523/1294 543/1296 584/1293
f 523/1209 525/1208 544/1295
f 525/1211 527/1214 588/1298
f 527/1214 528/1218 545/1301
f 528/1218 529/1217 591/1304
f 529/1221 531/1220 546/1307
f 531/1224 533/1223 547/1310
f 606/1226 595/15045 547/1312
f 548/1313 534/1231 549/1314
f 534/1231 535/1230 550/1317
f 535/1319 551/1233 552/1320
f 551/1237 553/1236 554/1323
f 553/1240 555/1239 556/1326
f 555/1243 557/1242 558/1329
f 557/1331 536/1245 559/1332
f 536/1249 537/1248 560/1335
f 537/1337 561/1251 562/1338
f 561/1255 563/1254 564/1341
f 538/1257 565/1345 564/1343
f 566/1349 567/1348 565/1345
f 539/1347 568/1352 567/1348
f 539/1350 569/1264 570/1351
f 569/1353 540/1267 571/1354
f 540/1356 572/1270 573/1357
f 572/1274 574/1273 575/1360
f 541/1362 576/1366 575/1363
f 542/1365 577/1369 576/1366
f 578/1373 579/1372 577/1369
f 580/1376 581/1375 579/1372
f 582/1379 583/1378 581/1375
f 584/1382 585/1381 583/1378
f 543/1380 586/1383 585/1381
f 544/1295 587/1386 586/1383
f 544/1384 588/1298 589/1385
f 588/1387 545/1301 590/1388
f 591/1308 592/1391 590/1390
f 546/1307 593/1392 592/1391
f 547/1310 594/1394 593/1392
f 549/1314 483/1396 607/1395
f 550/1317 486/1397 483/1396
f 552/1320 488/1400 486/1397
f 552/1324 554/1323 490/1399
f 554/1327 556/1326 492/1402
f 556/1330 558/1329 596/1405
f 558/1333 559/1332 597/1408
f 559/1336 560/1335 496/1411
f 560/1339 562/1338 498/1414
f 562/1342 564/1341 500/1417
f 564/1343 565/1345 502/1420
f 565/1345 567/1348 598/1423
f 568/1425 505/1428 598/1426
f 570/1351 507/1431 505/1428
f 570/1355 571/1354 509/1430
f 571/1358 573/1357 511/1433
f 575/1360 513/1437 511/1435
f 576/1436 515/1440 513/1437
f 577/1444 599/1443 515/1440
f 579/1447 600/1446 599/1443
f 581/1445 519/1449 600/1446
f 583/1453 601/1452 519/1449
f 585/1456 602/1455 601/1452
f 586/1457 603/1459 602/1455
f 586/1383 587/1386 524/1458
f 587/1386 589/1385 526/1461
f 589/1389 590/1388 604/1464
f 590/1390 592/1391 605/1467
f 593/1469 530/1474 605/1470
f 593/1392 594/1394 532/1473
f 610/1483 611/1482 727/1479
f 612/1486 613/1485 611/1482
f 712/1484 614/1488 613/1485
f 615/1492 616/1491 614/1488
f 713/1490 617/1494 616/1491
f 714/1493 618/1497 617/1494
f 715/1496 619/1500 618/1497
f 716/1499 620/1503 619/1500
f 717/1502 621/1506 620/1503
f 622/1510 623/1509 621/1506
f 624/1513 625/1512 623/1509
f 626/1516 627/1515 625/1512
f 628/1519 629/1518 627/1515
f 718/1517 630/1521 629/1518
f 631/1525 632/1524 630/1521
f 719/1523 633/1527 632/1524
f 634/1529 635/1531 633/1527
f 634/1529 720/1532 636/1530
f 720/1532 721/1535 637/1533
f 721/1535 638/1538 639/1536
f 638/1538 640/1541 641/1539
f 640/1541 642/1544 643/1542
f 642/1544 644/1547 645/1545
f 644/1547 722/1552 646/1548
f 723/1550 647/1554 646/1551
f 724/1553 648/1557 647/1554
f 649/1561 650/1560 648/1557
f 725/1559 651/1564 650/1560
f 725/1562 726/1565 652/1563
f 727/1568 611/1482 653/1569
f 611/1482 613/1485 654/1572
f 613/1485 614/1488 671/1575
f 614/1488 616/1491 673/1578
f 617/1585 655/1584 673/1581
f 618/1588 656/1587 655/1584
f 619/1586 677/1590 656/1587
f 620/1589 679/1593 677/1590
f 621/1597 657/1596 679/1593
f 623/1600 658/1599 657/1596
f 625/1601 659/1603 658/1599
f 625/1512 627/1515 660/1602
f 627/1515 629/1518 661/1605
f 629/1518 630/1521 686/1608
f 632/1610 688/1614 686/1611
f 633/1618 662/1617 688/1614
f 635/1619 663/1621 662/1617
f 635/1531 636/1530 692/1620
f 636/1534 637/1533 694/1623
f 637/1537 639/1536 696/1626
f 639/1540 641/1539 698/1629
f 641/1543 643/1542 664/1632
f 643/1546 645/1545 665/1635
f 646/1548 702/1639 665/1637
f 647/1643 666/1642 702/1639
f 648/1646 667/1645 666/1642
f 650/1644 706/1648 667/1645
f 651/1647 708/1652 706/1648
f 651/1564 652/1563 710/1651
f 653/1569 669/1656 729/1655
f 654/1572 670/1657 669/1656
f 671/1579 672/1658 670/1657
f 673/1661 674/1660 672/1658
f 655/1659 675/1663 674/1660
f 656/1662 676/1666 675/1663
f 677/1670 678/1669 676/1666
f 679/1673 680/1672 678/1669
f 657/1671 681/1675 680/1672
f 658/1674 682/1678 681/1675
f 659/1677 683/1682 682/1678
f 659/1603 660/1602 684/1681
f 660/1606 661/1605 685/1684
f 661/1686 686/1608 687/1687
f 686/1611 688/1614 689/1690
f 688/1692 662/1617 690/1693
f 662/1617 663/1621 691/1696
f 663/1698 692/1620 693/1699
f 692/1624 694/1623 695/1702
f 694/1627 696/1626 697/1705
f 696/1630 698/1629 699/1708
f 698/1710 664/1632 700/1711
f 664/1636 665/1635 701/1714
f 702/1721 703/1720 701/1717
f 666/1719 704/1724 703/1720
f 666/1642 667/1645 705/1723
f 667/1725 706/1648 707/1726
f 706/1648 708/1652 709/1729
f 710/1654 711/1733 709/1731
f 729/1734 669/1656 610/1735
f 670/1737 612/1741 610/1738
f 672/1745 712/1744 612/1741
f 674/1743 615/1747 712/1744
f 675/1751 713/1750 615/1747
f 676/1754 714/1753 713/1750
f 678/1757 715/1756 714/1753
f 680/1758 716/1760 715/1756
f 680/1672 681/1675 717/1759
f 681/1675 682/1678 622/1762
f 683/1764 624/1767 622/1765
f 684/1681 626/1768 624/1767
f 685/1684 628/1769 626/1768
f 687/1691 718/1770 628/1769
f 689/1690 631/1771 718/1770
f 690/1772 719/1774 631/1771
f 690/1697 691/1696 634/1773
f 691/1700 693/1699 720/1776
f 693/1703 695/1702 721/1779
f 695/1706 697/1705 638/1782
f 697/1709 699/1708 640/1785
f 699/1712 700/1711 642/1788
f 700/1715 701/1714 644/1791
f 701/1717 703/1720 722/1794
f 703/1720 704/1724 723/1797
f 704/1724 705/1723 724/1800
f 705/1727 707/1726 649/1803
f 709/1808 725/1807 649/1805
f 711/1733 726/1810 725/1807
f 834/1812 730/1816 731/1813
f 836/1815 732/1819 730/1816
f 837/1818 733/1823 732/1819
f 837/1821 838/1824 734/1822
f 838/1824 839/1827 735/1825
f 839/1827 736/1832 737/1828
f 738/1835 739/1834 737/1831
f 740/1838 741/1837 739/1834
f 840/1836 742/1841 741/1837
f 840/1839 841/1842 743/1840
f 841/1842 842/1845 744/1843
f 842/1845 745/1848 746/1846
f 745/1848 843/1851 747/1849
f 843/1851 748/1856 749/1852
f 750/1857 751/1859 749/1855
f 750/1857 752/1860 753/1858
f 752/1860 844/1863 754/1861
f 844/1863 845/1868 755/1864
f 756/1871 757/1870 755/1867
f 758/1874 759/1873 757/1870
f 846/1872 760/1876 759/1873
f 847/1875 761/1879 760/1876
f 848/1878 762/1883 761/1879
f 848/1881 763/1884 764/1882
f 763/1884 765/1887 766/1885
f 765/1887 849/1892 767/1888
f 850/1890 768/1895 767/1891
f 850/1893 851/1898 769/1894
f 852/1896 770/1901 769/1897
f 852/1899 853/1902 771/1900
f 731/1813 730/1816 792/1906
f 730/1816 732/1819 795/1909
f 732/1819 733/1823 773/1912
f 733/1823 734/1822 774/1915
f 734/1826 735/1825 775/1918
f 735/1829 737/1828 776/1921
f 737/1831 739/1834 801/1924
f 739/1834 741/1837 777/1927
f 741/1837 742/1841 804/1930
f 743/1840 806/1933 804/1932
f 744/1847 778/1934 806/1933
f 746/1850 779/1935 778/1934
f 747/1849 810/1938 779/1935
f 747/1853 749/1852 780/1937
f 749/1855 751/1859 813/1940
f 751/1859 753/1858 781/1943
f 753/1862 754/1861 816/1946
f 754/1865 755/1864 782/1949
f 757/1956 783/1955 782/1952
f 759/1959 784/1958 783/1955
f 760/1962 785/1961 784/1958
f 761/1965 786/1964 785/1961
f 762/1963 823/1966 786/1964
f 764/1882 825/1967 823/1966
f 766/1889 787/1968 825/1967
f 767/1969 788/1971 787/1968
f 767/1891 768/1895 829/1970
f 769/1975 789/1974 829/1972
f 770/1901 790/1976 789/1974
f 771/1904 791/1978 790/1976
f 792/1980 793/1982 794/1979
f 792/1910 795/1909 796/1981
f 795/1983 773/1912 797/1984
f 773/1916 774/1915 798/1987
f 774/1919 775/1918 799/1990
f 775/1922 776/1921 800/1993
f 776/1995 801/1924 802/1996
f 801/1998 777/1927 803/1999
f 777/2001 804/1930 805/2002
f 806/2009 807/2008 805/2005
f 778/2007 808/2011 807/2008
f 779/2010 809/2014 808/2011
f 810/2016 811/2018 809/2014
f 810/2016 780/1937 812/2017
f 780/2019 813/1940 814/2020
f 813/2022 781/1943 815/2023
f 781/2025 816/1946 817/2026
f 816/2028 782/1949 818/2029
f 783/2031 819/2036 818/2032
f 783/1955 784/1958 820/2035
f 785/2037 821/2041 820/2038
f 786/2040 822/2044 821/2041
f 823/2048 824/2047 822/2044
f 825/2051 826/2050 824/2047
f 787/2049 827/2054 826/2050
f 787/1968 788/1971 828/2053
f 788/2055 829/1970 830/2056
f 789/2058 831/2063 830/2059
f 789/1974 790/1976 832/2062
f 791/2064 833/2068 832/2065
f 794/1979 793/1982 834/2070
f 793/1982 796/1981 836/2073
f 796/1985 797/1984 837/2076
f 797/1988 798/1987 838/2079
f 798/1991 799/1990 839/2082
f 799/1994 800/1993 736/2085
f 800/1997 802/1996 738/2088
f 803/1999 740/2091 738/2090
f 805/2092 840/2094 740/2091
f 805/2005 807/2008 841/2093
f 807/2008 808/2011 842/2096
f 808/2011 809/2014 745/2099
f 809/2014 811/2018 843/2102
f 811/2018 812/2017 748/2105
f 814/2020 750/2110 748/2107
f 814/2024 815/2023 752/2109
f 815/2027 817/2026 844/2112
f 818/2117 845/2116 844/2114
f 819/2115 756/2120 845/2116
f 819/2036 820/2035 758/2119
f 821/2126 846/2125 758/2122
f 822/2129 847/2128 846/2125
f 824/2130 848/2132 847/2128
f 824/2047 826/2050 763/2131
f 826/2050 827/2054 765/2134
f 828/2057 849/2137 765/2136
f 830/2140 850/2139 849/2137
f 831/2063 851/2141 850/2139
f 832/2144 852/2143 851/2141
f 833/2068 853/2146 852/2143
f 855/2153 856/2152 978/2149
f 965/2151 857/2155 856/2152
f 966/2154 858/2158 857/2155
f 967/2157 859/2161 858/2158
f 968/2160 860/2164 859/2161
f 969/2163 861/2167 860/2164
f 970/2166 862/2170 861/2167
f 863/2174 864/2173 862/2170
f 971/2172 865/2177 864/2173
f 971/2175 866/2178 867/2176
f 866/2178 868/2181 869/2179
f 868/2181 870/2184 871/2182
f 870/2184 872/2187 873/2185
f 872/2187 972/2192 874/2188
f 875/2195 876/2194 874/2191
f 877/2198 878/2197 876/2194
f 879/2201 880/2200 878/2197
f 881/2202 882/2204 880/2200
f 881/2202 883/2205 884/2203
f 883/2205 885/2208 886/2206
f 885/2208 887/2211 888/2209
f 887/2211 889/2214 890/2212
f 889/2214 973/2217 891/2215
f 973/2217 892/2220 893/2218
f 892/2220 974/2223 894/2221
f 974/2223 895/2228 896/2224
f 897/2229 898/2231 896/2227
f 897/2229 975/2232 899/2230
f 975/2232 900/2235 901/2233
f 900/2235 976/2238 902/2236
f 978/2241 856/2152 903/2242
f 856/2152 857/2155 922/2245
f 857/2155 858/2158 904/2248
f 859/2255 905/2254 904/2251
f 860/2253 926/2257 905/2254
f 861/2256 928/2261 926/2257
f 861/2167 862/2170 930/2260
f 862/2170 864/2173 906/2263
f 865/2265 933/2268 906/2266
f 867/2176 935/2269 933/2268
f 869/2183 907/2270 935/2269
f 871/2186 908/2271 907/2270
f 873/2185 939/2272 908/2271
f 874/2273 909/2275 939/2272
f 874/2191 876/2194 942/2274
f 878/2281 910/2280 942/2277
f 880/2279 945/2283 910/2280
f 882/2285 911/2287 945/2283
f 882/2204 884/2203 912/2286
f 884/2207 886/2206 949/2289
f 886/2210 888/2209 951/2292
f 888/2213 890/2212 953/2295
f 890/2216 891/2215 955/2298
f 893/2222 913/2301 955/2300
f 894/2225 914/2302 913/2301
f 896/2303 915/2305 914/2302
f 896/2227 898/2231 960/2304
f 899/2307 916/2309 960/2306
f 899/2234 901/2233 917/2308
f 902/2240 918/2312 917/2310
f 903/2242 921/2314 979/2313
f 922/2249 923/2315 921/2314
f 904/2248 924/2317 923/2315
f 905/2316 925/2320 924/2317
f 926/2324 927/2323 925/2320
f 928/2261 929/2325 927/2323
f 930/2264 931/2326 929/2325
f 906/2263 932/2328 931/2326
f 933/2332 934/2331 932/2328
f 935/2335 936/2334 934/2331
f 907/2333 937/2337 936/2334
f 908/2336 938/2340 937/2337
f 939/2344 940/2343 938/2340
f 909/2342 941/2347 940/2343
f 909/2345 942/2274 943/2346
f 910/2348 944/2352 943/2349
f 945/2354 946/2356 944/2352
f 945/2354 911/2287 947/2355
f 911/2287 912/2286 948/2358
f 949/2361 950/2363 948/2360
f 949/2293 951/2292 952/2362
f 951/2296 953/2295 954/2365
f 953/2299 955/2298 956/2368
f 913/2370 957/2374 956/2371
f 914/2373 958/2378 957/2374
f 914/2302 915/2305 959/2377
f 915/2379 960/2304 961/2380
f 960/2382 916/2309 962/2383
f 916/2309 917/2308 963/2386
f 917/2310 918/2312 964/2389
f 979/2393 921/2314 855/2394
f 923/2401 965/2400 855/2397
f 924/2404 966/2403 965/2400
f 925/2407 967/2406 966/2403
f 927/2410 968/2409 967/2406
f 929/2413 969/2412 968/2409
f 931/2416 970/2415 969/2412
f 932/2414 863/2418 970/2415
f 934/2420 971/2422 863/2418
f 934/2331 936/2334 866/2421
f 936/2334 937/2337 868/2424
f 937/2337 938/2340 870/2427
f 938/2340 940/2343 872/2430
f 940/2343 941/2347 972/2433
f 943/2346 875/2437 972/2435
f 944/2436 877/2440 875/2437
f 946/2439 879/2442 877/2440
f 947/2355 881/2445 879/2442
f 947/2359 948/2358 883/2444
f 950/2446 885/2451 883/2447
f 950/2363 952/2362 887/2450
f 952/2366 954/2365 889/2453
f 954/2369 956/2368 973/2456
f 956/2371 957/2374 892/2459
f 957/2374 958/2378 974/2462
f 959/2377 895/2465 974/2464
f 961/2380 897/2468 895/2465
f 961/2384 962/2383 975/2467
f 963/2386 900/2472 975/2469
f 963/2390 964/2389 976/2471
f 1028/2476 1020/2479 980/2477
f 1020/2479 1021/2482 982/2480
f 1021/2482 983/2485 984/2483
f 983/2485 985/2488 986/2486
f 985/2488 1022/2493 987/2489
f 988/2496 989/2495 987/2492
f 1023/2494 990/2498 989/2495
f 1024/2497 991/2501 990/2498
f 992/2505 993/2504 991/2501
f 1025/2503 994/2507 993/2504
f 1026/2506 995/2510 994/2507
f 1027/2509 996/2590 995/2510
f 980/2481 997/2513 1003/2512
f 982/2480 1005/2514 997/2513
f 984/2487 998/2515 1005/2514
f 986/2490 999/2516 998/2515
f 987/2517 1000/2519 999/2516
f 987/2492 989/2495 1010/2518
f 989/2495 990/2498 1012/2521
f 990/2498 991/2501 1001/2524
f 991/2501 993/2504 1015/2527
f 993/2504 994/2507 1017/2530
f 994/2507 995/2510 1002/2533
f 995/2510 996/2590 1030/2536
f 1003/2538 997/2513 1004/2539
f 997/2541 1005/2514 1006/2542
f 1005/2544 998/2515 1007/2545
f 998/2515 999/2516 1008/2548
f 999/2516 1000/2519 1009/2551
f 1000/2553 1010/2518 1011/2554
f 1012/2525 1013/2557 1011/2556
f 1001/2524 1014/2558 1013/2557
f 1015/2531 1016/2559 1014/2558
f 1017/2534 1018/2560 1016/2559
f 1002/2533 1019/2561 1018/2560
f 1030/2536 996/15046 1019/2561
f 1004/2543 1020/2563 1028/2562
f 1006/2546 1021/2564 1020/2563
f 1007/2545 983/2565 1021/2564
f 1008/2548 985/2566 983/2565
f 1009/2567 1022/2569 985/2566
f 1009/2555 1011/2554 988/2568
f 1011/2556 1013/2557 1023/2571
f 1013/2557 1014/2558 1024/2574
f 1014/2558 1016/2559 992/2577
f 1016/2559 1018/2560 1025/2580
f 1018/2560 1019/2561 1026/2583
f 1019/2585 996/15046 1027/2586
f 1076/2592 1075/2595 1031/2593
f 1075/2595 1033/2598 1034/2596
f 1033/2598 1077/2601 1035/2599
f 1077/2601 1078/2604 1036/2602
f 1078/2604 1037/2607 1038/2605
f 1037/2607 1039/2612 1040/2608
f 1041/2615 1042/2614 1040/2611
f 1079/2613 1043/2617 1042/2614
f 1044/2621 1045/2620 1043/2617
f 1046/2624 1047/2623 1045/2620
f 1080/2622 1048/2626 1047/2623
f 1081/2625 1049/2704 1048/2626
f 1031/2597 1050/2629 1055/2628
f 1034/2596 1058/2630 1050/2629
f 1035/2599 1060/2631 1058/2630
f 1036/2606 1051/2632 1060/2631
f 1038/2633 1052/2635 1051/2632
f 1038/2609 1040/2608 1064/2634
f 1040/2611 1042/2614 1066/2637
f 1042/2614 1043/2617 1068/2640
f 1043/2617 1045/2620 1053/2643
f 1045/2620 1047/2623 1054/2646
f 1047/2623 1048/2626 1072/2649
f 1048/2626 1049/2704 1074/2652
f 1055/2654 1050/2629 1056/2655
f 1050/2657 1058/2630 1059/2658
f 1058/2630 1060/2631 1061/2661
f 1060/2663 1051/2632 1062/2664
f 1051/2632 1052/2635 1063/2667
f 1064/2638 1065/2670 1063/2669
f 1066/2641 1067/2671 1065/2670
f 1068/2644 1069/2672 1067/2671
f 1053/2643 1070/2673 1069/2672
f 1054/2646 1071/2674 1070/2673
f 1072/2653 1073/2675 1071/2674
f 1074/2652 1049/15047 1073/2675
f 1056/2659 1075/2677 1076/2676
f 1059/2658 1033/2678 1075/2677
f 1061/2665 1077/2679 1033/2678
f 1062/2668 1078/2680 1077/2679
f 1063/2667 1037/2682 1078/2680
f 1065/2681 1039/2686 1037/2682
f 1065/2670 1067/2671 1041/2685
f 1067/2671 1069/2672 1079/2688
f 1069/2672 1070/2673 1044/2691
f 1070/2673 1071/2674 1046/2694
f 1071/2674 1073/2675 1080/2697
f 1073/2699 1049/15047 1081/2700
f 1130/2706 1129/2709 1082/2707
f 1129/2709 1131/2712 1083/2710
f 1131/2712 1084/2715 1085/2713
f 1084/2715 1132/2718 1086/2716
f 1132/2718 1087/2721 1088/2719
f 1087/2721 1089/2726 1090/2722
f 1091/2729 1092/2728 1090/2725
f 1093/2732 1094/2731 1092/2728
f 1095/2735 1096/2734 1094/2731
f 1133/2733 1097/2737 1096/2734
f 1134/2736 1098/2740 1097/2737
f 1099/2744 1100/2743 1098/2740
f 1135/2742 1128/2826 1100/2743
f 1082/2711 1101/2746 1102/2745
f 1083/2710 1111/2747 1101/2746
f 1085/2717 1103/2748 1111/2747
f 1086/2716 1114/2749 1103/2748
f 1088/2723 1104/2750 1114/2749
f 1090/2722 1117/2753 1104/2750
f 1090/2725 1092/2728 1119/2752
f 1092/2728 1094/2731 1105/2755
f 1094/2731 1096/2734 1122/2758
f 1096/2734 1097/2737 1106/2761
f 1097/2737 1098/2740 1125/2764
f 1098/2740 1100/2743 1107/2767
f 1100/2769 1128/2826 1108/2770
f 1102/2745 1101/2746 1109/2773
f 1101/2775 1111/2747 1112/2776
f 1111/2778 1103/2748 1113/2779
f 1103/2781 1114/2749 1115/2782
f 1114/2784 1104/2750 1116/2785
f 1104/2787 1117/2753 1118/2788
f 1119/2756 1120/2791 1118/2790
f 1105/2755 1121/2792 1120/2791
f 1122/2762 1123/2793 1121/2792
f 1106/2761 1124/2794 1123/2793
f 1125/2768 1126/2795 1124/2794
f 1107/2767 1127/2796 1126/2795
f 1108/2770 1128/15048 1127/2796
f 1109/2777 1129/2798 1130/2797
f 1112/2780 1131/2799 1129/2798
f 1113/2779 1084/2800 1131/2799
f 1115/2786 1132/2801 1084/2800
f 1116/2785 1087/2802 1132/2801
f 1118/2788 1089/2805 1087/2802
f 1118/2790 1120/2791 1091/2804
f 1120/2791 1121/2792 1093/2807
f 1121/2792 1123/2793 1095/2810
f 1123/2793 1124/2794 1133/2813
f 1124/2794 1126/2795 1134/2816
f 1126/2795 1127/2796 1099/2819
f 1127/2796 1128/15048 1135/2822
f 1137/2828 1138/2831 1139/2829
f 1138/2831 1141/2834 1142/2832
f 1141/2834 1143/2837 1144/2835
f 1143/2837 1184/2842 1145/2838
f 1185/2840 1146/2844 1145/2841
f 1186/2843 1147/2847 1146/2844
f 1187/2846 1148/2850 1147/2847
f 1149/2854 1150/2853 1148/2850
f 1188/2852 1151/2856 1150/2853
f 1152/2860 1153/2859 1151/2856
f 1189/2858 1154/2862 1153/2859
f 1155/2866 1156/2865 1154/2862
f 1190/2864 1191/2954 1156/2865
f 1139/2833 1157/2868 1158/2867
f 1142/2836 1159/2869 1157/2868
f 1144/2839 1160/2870 1159/2869
f 1145/2873 1161/2872 1160/2870
f 1146/2874 1162/2876 1161/2872
f 1146/2844 1147/2847 1172/2875
f 1147/2847 1148/2850 1174/2878
f 1148/2850 1150/2853 1176/2881
f 1150/2853 1151/2856 1163/2884
f 1151/2856 1153/2859 1164/2887
f 1153/2859 1154/2862 1165/2890
f 1154/2862 1156/2865 1181/2893
f 1156/2895 1191/2954 1192/2896
f 1158/2867 1157/2868 1166/2899
f 1157/2868 1159/2869 1168/2902
f 1159/2869 1160/2870 1169/2905
f 1160/2870 1161/2872 1170/2908
f 1161/2872 1162/2876 1171/2911
f 1172/2879 1173/2914 1171/2913
f 1174/2882 1175/2915 1173/2914
f 1176/2885 1177/2916 1175/2915
f 1163/2884 1178/2917 1177/2916
f 1164/2887 1179/2918 1178/2917
f 1165/2890 1180/2919 1179/2918
f 1181/2897 1182/2920 1180/2919
f 1192/2896 1183/2956 1182/2920
f 1166/2899 1138/2922 1137/2921
f 1168/2902 1141/2923 1138/2922
f 1169/2905 1143/2924 1141/2923
f 1170/2925 1184/2927 1143/2924
f 1170/2912 1171/2911 1185/2926
f 1171/2913 1173/2914 1186/2929
f 1173/2914 1175/2915 1187/2932
f 1175/2915 1177/2916 1149/2935
f 1177/2916 1178/2917 1188/2938
f 1178/2917 1179/2918 1152/2941
f 1179/2918 1180/2919 1189/2944
f 1180/2919 1182/2920 1155/2947
f 1182/2920 1183/2956 1190/2950
f 1243/2957 1193/2960 1194/2958
f 1193/2960 1244/2965 1196/2961
f 1245/2963 1197/2967 1196/2964
f 1198/2971 1199/2970 1197/2967
f 1246/2969 1200/2973 1199/2970
f 1201/2977 1202/2976 1200/2973
f 1203/2980 1204/2979 1202/2976
f 1205/2983 1206/2982 1204/2979
f 1247/2981 1207/2985 1206/2982
f 1248/2984 1208/2988 1207/2985
f 1209/2992 1210/2991 1208/2988
f 1211/2995 1212/2994 1210/2991
f 1213/2998 1214/2997 1212/2994
f 1249/2996 1251/3095 1214/2997
f 1194/2962 1215/3000 1216/2999
f 1196/2961 1224/3002 1215/3000
f 1197/3004 1217/3006 1224/3002
f 1197/2967 1199/2970 1227/3005
f 1199/2970 1200/2973 1229/3008
f 1200/2973 1202/2976 1218/3011
f 1202/2976 1204/2979 1219/3014
f 1204/2979 1206/2982 1233/3017
f 1206/2982 1207/2985 1235/3020
f 1207/2985 1208/2988 1220/3023
f 1208/2988 1210/2991 1221/3026
f 1210/2991 1212/2994 1239/3029
f 1212/2994 1214/2997 1241/3032
f 1214/3034 1251/3095 1222/3035
f 1216/2999 1215/3000 1223/3038
f 1215/3040 1224/3002 1225/3041
f 1224/3043 1217/3006 1226/3044
f 1227/3009 1228/3047 1226/3046
f 1229/3012 1230/3048 1228/3047
f 1218/3011 1231/3049 1230/3048
f 1219/3014 1232/3050 1231/3049
f 1233/3021 1234/3051 1232/3050
f 1235/3024 1236/3052 1234/3051
f 1220/3023 1237/3053 1236/3052
f 1221/3026 1238/3054 1237/3053
f 1239/3033 1240/3055 1238/3054
f 1241/3036 1242/3056 1240/3055
f 1222/3035 1252/3097 1242/3056
f 1223/3038 1193/3058 1243/3057
f 1225/3045 1244/3059 1193/3058
f 1226/3062 1245/3061 1244/3059
f 1228/3060 1198/3065 1245/3061
f 1228/3047 1230/3048 1246/3064
f 1230/3048 1231/3049 1201/3067
f 1231/3049 1232/3050 1203/3070
f 1232/3050 1234/3051 1205/3073
f 1234/3051 1236/3052 1247/3076
f 1236/3052 1237/3053 1248/3079
f 1237/3053 1238/3054 1209/3082
f 1238/3054 1240/3055 1211/3085
f 1240/3055 1242/3056 1213/3088
f 1242/3090 1252/3097 1249/3091
f 1309/3098 1308/3101 1253/3099
f 1308/3101 1310/3104 1254/3102
f 1310/3104 1311/3107 1255/3105
f 1311/3107 1312/3110 1256/3108
f 1312/3110 1257/3113 1258/3111
f 1257/3113 1259/3116 1260/3114
f 1259/3116 1313/3119 1261/3117
f 1313/3119 1262/3124 1263/3120
f 1264/3127 1265/3126 1263/3123
f 1266/3130 1267/3129 1265/3126
f 1314/3128 1268/3132 1267/3129
f 1315/3131 1269/3135 1268/3132
f 1270/3139 1271/3138 1269/3135
f 1272/3142 1273/3141 1271/3138
f 1316/3140 1274/3144 1273/3141
f 1275/3143 1307/3246 1274/3144
f 1253/3103 1276/3147 1283/3146
f 1254/3102 1285/3148 1276/3147
f 1255/3105 1287/3149 1285/3148
f 1256/3112 1277/3150 1287/3149
f 1258/3111 1290/3151 1277/3150
f 1260/3118 1278/3152 1290/3151
f 1261/3121 1279/3153 1278/3152
f 1263/3154 1280/3156 1279/3153
f 1263/3123 1265/3126 1295/3155
f 1265/3126 1267/3129 1297/3158
f 1267/3129 1268/3132 1299/3161
f 1268/3132 1269/3135 1281/3164
f 1269/3135 1271/3138 1282/3167
f 1271/3138 1273/3141 1303/3170
f 1273/3141 1274/3144 1305/3173
f 1274/3175 1307/3246 1319/3176
f 1283/3178 1276/3147 1284/3179
f 1276/3181 1285/3148 1286/3182
f 1285/3148 1287/3149 1288/3185
f 1287/3187 1277/3150 1289/3188
f 1277/3190 1290/3151 1291/3191
f 1290/3193 1278/3152 1292/3194
f 1278/3152 1279/3153 1293/3197
f 1279/3153 1280/3156 1294/3200
f 1295/3159 1296/3203 1294/3202
f 1297/3162 1298/3204 1296/3203
f 1299/3165 1300/3205 1298/3204
f 1281/3164 1301/3206 1300/3205
f 1282/3167 1302/3207 1301/3206
f 1303/3174 1304/3208 1302/3207
f 1305/3177 1306/3209 1304/3208
f 1319/3176 1307/15049 1306/3209
f 1284/3183 1308/3211 1309/3210
f 1286/3186 1310/3212 1308/3211
f 1288/3189 1311/3213 1310/3212
f 1289/3192 1312/3214 1311/3213
f 1291/3191 1257/3215 1312/3214
f 1292/3194 1259/3216 1257/3215
f 1293/3217 1313/3219 1259/3216
f 1293/3201 1294/3200 1262/3218
f 1294/3202 1296/3203 1264/3221
f 1296/3203 1298/3204 1266/3224
f 1298/3204 1300/3205 1314/3227
f 1300/3205 1301/3206 1315/3230
f 1301/3206 1302/3207 1270/3233
f 1302/3207 1304/3208 1272/3236
f 1304/3208 1306/3209 1316/3239
f 1306/3209 1307/15049 1275/3242
f 1320/3248 1380/3251 1321/3249
f 1380/3251 1381/3254 1322/3252
f 1381/3254 1382/3257 1323/3255
f 1382/3257 1324/3260 1325/3258
f 1324/3260 1326/3263 1327/3261
f 1326/3263 1328/3266 1329/3264
f 1328/3266 1330/3269 1331/3267
f 1330/3269 1332/3274 1333/3270
f 1334/3277 1335/3276 1333/3273
f 1336/3280 1337/3279 1335/3276
f 1383/3278 1338/3282 1337/3279
f 1384/3281 1339/3285 1338/3282
f 1340/3289 1341/3288 1339/3285
f 1342/3292 1343/3291 1341/3288
f 1385/3290 1344/3294 1343/3291
f 1386/3293 1345/3297 1344/3294
f 1387/3296 1390/3406 1345/3297
f 1321/3253 1346/3300 1357/3299
f 1322/3256 1347/3301 1346/3300
f 1323/3259 1348/3302 1347/3301
f 1325/3262 1349/3303 1348/3302
f 1327/3261 1362/3304 1349/3303
f 1329/3268 1350/3305 1362/3304
f 1331/3267 1365/3308 1350/3305
f 1331/3271 1333/3270 1351/3307
f 1333/3273 1335/3276 1352/3310
f 1335/3276 1337/3279 1353/3313
f 1337/3279 1338/3282 1370/3316
f 1338/3282 1339/3285 1372/3319
f 1339/3285 1341/3288 1354/3322
f 1341/3288 1343/3291 1375/3325
f 1343/3291 1344/3294 1377/3328
f 1344/3294 1345/3297 1355/3331
f 1345/3333 1390/3406 1356/3334
f 1357/3336 1346/3300 1358/3337
f 1346/3300 1347/3301 1359/3340
f 1347/3301 1348/3302 1360/3343
f 1348/3302 1349/3303 1361/3346
f 1349/3348 1362/3304 1363/3349
f 1362/3351 1350/3305 1364/3352
f 1350/3354 1365/3308 1366/3355
f 1365/3357 1351/3307 1367/3358
f 1352/3310 1368/3361 1367/3360
f 1353/3313 1369/3362 1368/3361
f 1370/3320 1371/3363 1369/3362
f 1372/3323 1373/3364 1371/3363
f 1354/3322 1374/3365 1373/3364
f 1375/3329 1376/3366 1374/3365
f 1377/3332 1378/3367 1376/3366
f 1355/3331 1379/3368 1378/3367
f 1356/3334 1390/15050 1379/3368
f 1358/3341 1380/3370 1320/3369
f 1359/3344 1381/3371 1380/3370
f 1360/3347 1382/3372 1381/3371
f 1361/3346 1324/3373 1382/3372
f 1363/3349 1326/3374 1324/3373
f 1364/3352 1328/3375 1326/3374
f 1366/3355 1330/3376 1328/3375
f 1367/3358 1332/3379 1330/3376
f 1367/3360 1368/3361 1334/3378
f 1368/3361 1369/3362 1336/3381
f 1369/3362 1371/3363 1383/3384
f 1371/3363 1373/3364 1384/3387
f 1373/3364 1374/3365 1340/3390
f 1374/3365 1376/3366 1342/3393
f 1376/3366 1378/3367 1385/3396
f 1378/3367 1379/3368 1386/3399
f 1379/3401 1390/15050 1387/3402
f 1460/3408 1391/3411 1392/3409
f 1391/3411 1394/3414 1395/3412
f 1394/3414 1396/3417 1397/3415
f 1396/3417 1398/3420 1399/3418
f 1398/3420 1452/3423 1400/3421
f 1452/3423 1401/3426 1402/3424
f 1401/3426 1453/3431 1403/3427
f 1454/3429 1404/3433 1403/3430
f 1455/3432 1405/3436 1404/3433
f 1456/3435 1406/3439 1405/3436
f 1407/3443 1408/3442 1406/3439
f 1457/3441 1409/3445 1408/3442
f 1410/3449 1411/3448 1409/3445
f 1458/3447 1412/3451 1411/3448
f 1413/3455 1414/3454 1412/3451
f 1459/3453 1415/3457 1414/3454
f 1416/3456 1461/3568 1415/3457
f 1392/3409 1425/3460 1424/3459
f 1395/3416 1417/3461 1425/3460
f 1397/3415 1429/3462 1417/3461
f 1399/3418 1431/3463 1429/3462
f 1400/3421 1433/3464 1431/3463
f 1402/3428 1418/3465 1433/3464
f 1403/3427 1436/3467 1418/3465
f 1404/3471 1419/3470 1436/3467
f 1405/3469 1439/3474 1419/3470
f 1405/3436 1406/3439 1441/3473
f 1406/3439 1408/3442 1420/3476
f 1408/3442 1409/3445 1444/3479
f 1409/3445 1411/3448 1421/3482
f 1411/3448 1412/3451 1447/3485
f 1412/3451 1414/3454 1449/3488
f 1414/3454 1415/3457 1422/3491
f 1415/3493 1461/3568 1423/3494
f 1424/3459 1425/3460 1426/3497
f 1425/3499 1417/3461 1428/3500
f 1417/3502 1429/3462 1430/3503
f 1429/3462 1431/3463 1432/3506
f 1431/3463 1433/3464 1434/3509
f 1433/3511 1418/3465 1435/3512
f 1418/3514 1436/3467 1437/3515
f 1436/3517 1419/3470 1438/3518
f 1439/3474 1440/3523 1438/3521
f 1441/3477 1442/3524 1440/3523
f 1420/3476 1443/3525 1442/3524
f 1444/3483 1445/3526 1443/3525
f 1421/3482 1446/3527 1445/3526
f 1447/3489 1448/3528 1446/3527
f 1449/3492 1450/3529 1448/3528
f 1422/3491 1451/3530 1450/3529
f 1423/3494 1461/15051 1451/3530
f 1426/3497 1391/3532 1460/3531
f 1428/3500 1394/3533 1391/3532
f 1430/3503 1396/3534 1394/3533
f 1432/3506 1398/3535 1396/3534
f 1434/3513 1452/3536 1398/3535
f 1435/3512 1401/3537 1452/3536
f 1437/3519 1453/3538 1401/3537
f 1438/3541 1454/3540 1453/3538
f 1440/3542 1455/3544 1454/3540
f 1440/3523 1442/3524 1456/3543
f 1442/3524 1443/3525 1407/3546
f 1443/3525 1445/3526 1457/3549
f 1445/3526 1446/3527 1410/3552
f 1446/3527 1448/3528 1458/3555
f 1448/3528 1450/3529 1413/3558
f 1450/3529 1451/3530 1459/3561
f 1451/3563 1461/15051 1416/3564
f 1463/3575 1464/3574 1465/3571
f 1509/3573 1466/3577 1464/3574
f 1467/3581 1468/3580 1466/3577
f 1469/3584 1470/3583 1468/3580
f 1471/3587 1472/3586 1470/3583
f 1510/3585 1473/3589 1472/3586
f 1511/3588 1474/3592 1473/3589
f 1475/3596 1476/3595 1474/3592
f 1477/3599 1478/3598 1476/3595
f 1512/3597 1479/3601 1478/3598
f 1480/3605 1481/3604 1479/3601
f 1482/3608 1483/3607 1481/3604
f 1465/3571 1464/3574 1493/3610
f 1464/3574 1466/3577 1484/3613
f 1468/3620 1485/3619 1484/3616
f 1470/3618 1497/3623 1485/3619
f 1470/3583 1472/3586 1499/3622
f 1472/3586 1473/3589 1486/3625
f 1473/3589 1474/3592 1502/3628
f 1474/3592 1476/3595 1487/3631
f 1476/3595 1478/3598 1488/3634
f 1478/3598 1479/3601 1489/3637
f 1479/3601 1481/3604 1490/3640
f 1481/3604 1483/3607 1491/3643
f 1493/3614 1494/3646 1514/3645
f 1484/3613 1495/3648 1494/3646
f 1485/3647 1496/3652 1495/3648
f 1485/3650 1497/3623 1498/3651
f 1499/3626 1500/3654 1498/3653
f 1486/3625 1501/3655 1500/3654
f 1502/3632 1503/3656 1501/3655
f 1487/3631 1504/3657 1503/3656
f 1488/3634 1505/3658 1504/3657
f 1489/3637 1506/3659 1505/3658
f 1490/3640 1507/3660 1506/3659
f 1491/3643 1508/15052 1507/3660
f 1514/3661 1494/3646 1463/3662
f 1495/3669 1509/3668 1463/3665
f 1496/3667 1467/3670 1509/3668
f 1498/3651 1469/3673 1467/3670
f 1498/3653 1500/3654 1471/3672
f 1500/3654 1501/3655 1510/3675
f 1501/3655 1503/3656 1511/3678
f 1503/3656 1504/3657 1475/3681
f 1504/3657 1505/3658 1477/3684
f 1505/3658 1506/3659 1512/3687
f 1506/3659 1507/3660 1480/3690
f 1507/3660 1508/15052 1482/3693
f 1515/3704 1516/3703 1517/3700
f 1571/3702 1518/3706 1516/3703
f 1519/3710 1520/3709 1518/3706
f 1521/3713 1522/3712 1520/3709
f 1523/3716 1524/3715 1522/3712
f 1525/3719 1526/3718 1524/3715
f 1527/3722 1528/3721 1526/3718
f 1529/3725 1530/3724 1528/3721
f 1531/3728 1532/3727 1530/3724
f 1572/3726 1533/3730 1532/3727
f 1534/3734 1535/3733 1533/3730
f 1536/3737 1537/3736 1535/3733
f 1573/3735 1538/3739 1537/3736
f 1539/3738 1540/15053 1538/3739
f 1517/3700 1516/3703 1547/3742
f 1516/3703 1518/3706 1550/3745
f 1518/3706 1520/3709 1541/3748
f 1520/3709 1522/3712 1553/3751
f 1522/3712 1524/3715 1542/3754
f 1524/3715 1526/3718 1556/3757
f 1526/3718 1528/3721 1558/3760
f 1528/3721 1530/3724 1543/3763
f 1530/3724 1532/3727 1561/3766
f 1532/3727 1533/3730 1544/3769
f 1533/3730 1535/3733 1564/3772
f 1535/3733 1537/3736 1566/3775
f 1537/3736 1538/3739 1545/3778
f 1538/3739 1540/15053 1569/3781
f 1547/3746 1548/3784 1549/3783
f 1550/3749 1551/3785 1548/3784
f 1541/3748 1552/3786 1551/3785
f 1553/3755 1554/3787 1552/3786
f 1542/3754 1555/3788 1554/3787
f 1556/3761 1557/3789 1555/3788
f 1558/3764 1559/3790 1557/3789
f 1543/3763 1560/3791 1559/3790
f 1561/3770 1562/3792 1560/3791
f 1544/3769 1563/3793 1562/3792
f 1564/3776 1565/3794 1563/3793
f 1566/3779 1567/3795 1565/3794
f 1545/3778 1568/3796 1567/3795
f 1569/3781 1570/15054 1568/3796
f 1549/3783 1548/3784 1515/3798
f 1548/3784 1551/3785 1571/3801
f 1551/3785 1552/3786 1519/3804
f 1552/3786 1554/3787 1521/3807
f 1554/3787 1555/3788 1523/3810
f 1555/3788 1557/3789 1525/3813
f 1557/3789 1559/3790 1527/3816
f 1559/3790 1560/3791 1529/3819
f 1560/3791 1562/3792 1531/3822
f 1562/3792 1563/3793 1572/3825
f 1563/3793 1565/3794 1534/3828
f 1565/3794 1567/3795 1536/3831
f 1567/3795 1568/3796 1573/3834
f 1568/3796 1570/15054 1539/3837
f 1575/3841 1620/3844 1578/3843
f 1620/3844 1621/3847 1579/3845
f 1621/3847 1580/3850 1581/3848
f 1580/3850 1582/3853 1583/3851
f 1582/3853 1584/3856 1585/3854
f 1584/3856 1586/3861 1587/3857
f 1588/3864 1589/3863 1587/3860
f 1622/3862 1590/3866 1589/3863
f 1591/3870 1592/3869 1590/3866
f 1593/3873 1594/3872 1592/3869
f 1623/3871 1595/15055 1594/3872
f 1578/3843 1602/3876 1600/3875
f 1579/3845 1604/3877 1602/3876
f 1581/3852 1596/3878 1604/3877
f 1583/3855 1597/3879 1596/3878
f 1585/3854 1608/3880 1597/3879
f 1587/3857 1610/3883 1608/3880
f 1587/3860 1589/3863 1598/3882
f 1589/3863 1590/3866 1599/3885
f 1590/3866 1592/3869 1614/3888
f 1592/3869 1594/3872 1616/3891
f 1594/3872 1595/15055 1618/3894
f 1600/3875 1602/3876 1603/3898
f 1602/3876 1604/3877 1605/3900
f 1604/3902 1596/3878 1606/3903
f 1596/3878 1597/3879 1607/3906
f 1597/3908 1608/3880 1609/3909
f 1608/3880 1610/3883 1611/3912
f 1598/3882 1612/3915 1611/3914
f 1599/3885 1613/3916 1612/3915
f 1614/3892 1615/3917 1613/3916
f 1616/3895 1617/3918 1615/3917
f 1618/3894 1619/15056 1617/3918
f 1603/3901 1620/3921 1575/3920
f 1605/3904 1621/3922 1620/3921
f 1606/3903 1580/3923 1621/3922
f 1607/3906 1582/3924 1580/3923
f 1609/3909 1584/3925 1582/3924
f 1611/3912 1586/3928 1584/3925
f 1611/3914 1612/3915 1588/3927
f 1612/3915 1613/3916 1622/3930
f 1613/3916 1615/3917 1591/3933
f 1615/3917 1617/3918 1593/3936
f 1617/3918 1619/15056 1623/3939
f 1624/3942 1669/3945 1627/3944
f 1669/3945 1670/3948 1628/3946
f 1670/3948 1671/3951 1629/3949
f 1671/3951 1630/3954 1631/3952
f 1630/3954 1632/3957 1633/3955
f 1632/3957 1672/3962 1634/3958
f 1635/3965 1636/3964 1634/3961
f 1673/3963 1637/3967 1636/3964
f 1674/3966 1638/3970 1637/3967
f 1675/3969 1639/3973 1638/3970
f 1676/3972 1640/3976 1639/3973
f 1677/3975 1641/15057 1640/3976
f 1627/3947 1642/3980 1647/3979
f 1628/3950 1643/3981 1642/3980
f 1629/3953 1644/3982 1643/3981
f 1631/3952 1652/3983 1644/3982
f 1633/3955 1654/3984 1652/3983
f 1634/3958 1656/3986 1654/3984
f 1636/3990 1645/3989 1656/3986
f 1637/3991 1646/3993 1645/3989
f 1637/3967 1638/3970 1660/3992
f 1638/3970 1639/3973 1662/3995
f 1639/3973 1640/3976 1664/3998
f 1640/3976 1641/15057 1666/4001
f 1647/3979 1642/3980 1649/4008
f 1642/3980 1643/3981 1650/4010
f 1643/3981 1644/3982 1651/4013
f 1644/4015 1652/3983 1653/4016
f 1652/3983 1654/3984 1655/4019
f 1654/3984 1656/3986 1657/4022
f 1645/4024 1658/4028 1657/4025
f 1646/4027 1659/4030 1658/4028
f 1660/3996 1661/4031 1659/4030
f 1662/3999 1663/4032 1661/4031
f 1664/4002 1665/4033 1663/4032
f 1666/4005 1667/4034 1665/4033
f 1649/4011 1669/4037 1624/4036
f 1650/4014 1670/4038 1669/4037
f 1651/4017 1671/4039 1670/4038
f 1653/4016 1630/4040 1671/4039
f 1655/4019 1632/4041 1630/4040
f 1657/4044 1672/4043 1632/4041
f 1658/4042 1635/4047 1672/4043
f 1658/4028 1659/4030 1673/4046
f 1659/4030 1661/4031 1674/4049
f 1661/4031 1663/4032 1675/4052
f 1663/4032 1665/4033 1676/4055
f 1665/4033 1667/4034 1677/4058
f 1678/4061 1680/4064 1681/4063
f 1680/4064 1726/4067 1682/4065
f 1726/4067 1727/4070 1683/4068
f 1727/4070 1684/4073 1685/4071
f 1684/4073 1686/4076 1687/4074
f 1686/4076 1728/4079 1688/4077
f 1728/4079 1689/4084 1690/4080
f 1729/4082 1691/4086 1690/4083
f 1692/4090 1693/4089 1691/4086
f 1730/4088 1694/4092 1693/4089
f 1695/4096 1696/4095 1694/4092
f 1697/4097 1698/4099 1696/4095
f 1681/4063 1706/4102 1704/4101
f 1682/4065 1708/4103 1706/4102
f 1683/4072 1699/4104 1708/4103
f 1685/4071 1711/4105 1699/4104
f 1687/4074 1713/4106 1711/4105
f 1688/4077 1715/4107 1713/4106
f 1690/4108 1700/4110 1715/4107
f 1690/4083 1691/4086 1718/4109
f 1691/4086 1693/4089 1701/4112
f 1693/4089 1694/4092 1721/4115
f 1694/4092 1696/4095 1702/4118
f 1696/4095 1698/4099 1703/4121
f 1698/4123 1732/4098 1725/4124
f 1704/4101 1706/4102 1707/4128
f 1706/4102 1708/4103 1709/4130
f 1708/4132 1699/4104 1710/4133
f 1699/4135 1711/4105 1712/4136
f 1711/4105 1713/4106 1714/4139
f 1713/4106 1715/4107 1716/4142
f 1715/4144 1700/4110 1717/4145
f 1718/4113 1719/4148 1717/4147
f 1701/4112 1720/4149 1719/4148
f 1721/4119 1722/4150 1720/4149
f 1702/4118 1723/4151 1722/4150
f 1703/4121 1724/4152 1723/4151
f 1725/4124 1732/15058 1724/4152
f 1707/4128 1680/4155 1678/4154
f 1709/4134 1726/4156 1680/4155
f 1710/4137 1727/4157 1726/4156
f 1712/4136 1684/4158 1727/4157
f 1714/4139 1686/4159 1684/4158
f 1716/4146 1728/4160 1686/4159
f 1717/4145 1689/4163 1728/4160
f 1717/4147 1719/4148 1729/4162
f 1719/4148 1720/4149 1692/4165
f 1720/4149 1722/4150 1730/4168
f 1722/4150 1723/4151 1695/4171
f 1723/4151 1724/4152 1697/4174
f 1758/4180 1759/4183 1735/4182
f 1759/4183 1760/4186 1736/4184
f 1760/4186 1737/4191 1738/4187
f 1761/4189 1739/4193 1738/4190
f 1762/4192 1740/4196 1739/4193
f 1741/4198 1742/4200 1740/4196
f 1735/4185 1743/4203 1747/4202
f 1736/4184 1750/4204 1743/4203
f 1738/4205 1744/4207 1750/4204
f 1738/4190 1739/4193 1753/4206
f 1739/4193 1740/4196 1745/4209
f 1740/4196 1742/4200 1746/4212
f 1742/4214 1763/4199 1757/4215
f 1747/4202 1743/4203 1749/4219
f 1743/4220 1750/4204 1751/4221
f 1750/4223 1744/4207 1752/4224
f 1753/4210 1754/4227 1752/4226
f 1745/4209 1755/4228 1754/4227
f 1746/4212 1756/4229 1755/4228
f 1757/4215 1763/15059 1756/4229
f 1749/4222 1759/4232 1758/4231
f 1751/4225 1760/4233 1759/4232
f 1752/4224 1737/4236 1760/4233
f 1752/4226 1754/4227 1761/4235
f 1754/4227 1755/4228 1762/4238
f 1755/4228 1756/4229 1741/4241
f 1804/4246 1803/4249 1764/4247
f 1803/4249 1805/4252 1765/4250
f 1805/4252 1806/4255 1766/4253
f 1806/4255 1767/4258 1768/4256
f 1767/4258 1769/4263 1770/4259
f 1771/4266 1772/4265 1770/4262
f 1807/4264 1773/4268 1772/4265
f 1808/4267 1774/4271 1773/4268
f 1809/4270 1775/4274 1774/4271
f 1776/4278 1777/4277 1775/4274
f 1810/4276 1778/4280 1777/4277
f 1779/4279 1813/4360 1778/4280
f 1764/4247 1784/4283 1780/4282
f 1765/4250 1786/4284 1784/4283
f 1766/4253 1788/4285 1786/4284
f 1768/4256 1790/4286 1788/4285
f 1770/4289 1781/4288 1790/4286
f 1772/4287 1793/4292 1781/4288
f 1772/4265 1773/4268 1795/4291
f 1773/4268 1774/4271 1782/4294
f 1774/4271 1775/4274 1798/4297
f 1775/4274 1777/4277 1800/4300
f 1777/4277 1778/4280 1783/4303
f 1778/4305 1813/4360 1814/4306
f 1780/4308 1784/4283 1785/4309
f 1784/4283 1786/4284 1787/4312
f 1786/4284 1788/4285 1789/4315
f 1788/4285 1790/4286 1791/4318
f 1790/4320 1781/4288 1792/4321
f 1793/4292 1794/4326 1792/4324
f 1795/4295 1796/4327 1794/4326
f 1782/4294 1797/4328 1796/4327
f 1798/4301 1799/4329 1797/4328
f 1800/4304 1801/4330 1799/4329
f 1783/4303 1802/4331 1801/4330
f 1814/4361 1813/15060 1802/4331
f 1785/4313 1803/4333 1804/4332
f 1787/4316 1805/4334 1803/4333
f 1789/4319 1806/4335 1805/4334
f 1791/4318 1767/4336 1806/4335
f 1792/4321 1769/4338 1767/4336
f 1794/4337 1771/4342 1769/4338
f 1794/4326 1796/4327 1807/4341
f 1796/4327 1797/4328 1808/4344
f 1797/4328 1799/4329 1809/4347
f 1799/4329 1801/4330 1776/4350
f 1801/4330 1802/4331 1810/4353
f 1802/4355 1813/15060 1779/4356
f 1854/4362 1815/4365 1816/4363
f 1815/4365 1855/4368 1818/4366
f 1855/4368 1819/4371 1820/4369
f 1819/4371 1821/4374 1822/4372
f 1821/4374 1823/4379 1824/4375
f 1856/4377 1825/4381 1824/4378
f 1857/4380 1826/4384 1825/4381
f 1827/4388 1828/4387 1826/4384
f 1858/4386 1829/4390 1828/4387
f 1859/4389 1830/4393 1829/4390
f 1831/4392 1861/4464 1830/4393
f 1816/4367 1832/4396 1860/4395
f 1818/4370 1833/4397 1832/4396
f 1820/4369 1844/4398 1833/4397
f 1822/4376 1834/4399 1844/4398
f 1824/4375 1847/4402 1834/4399
f 1824/4378 1825/4381 1835/4401
f 1825/4381 1826/4384 1836/4404
f 1826/4384 1828/4387 1837/4407
f 1828/4387 1829/4390 1838/4410
f 1829/4390 1830/4393 1839/4413
f 1830/4415 1861/4464 1840/4416
f 1860/4418 1832/4396 1841/4419
f 1832/4396 1833/4397 1843/4422
f 1833/4424 1844/4398 1845/4425
f 1844/4427 1834/4399 1846/4428
f 1834/4430 1847/4402 1848/4431
f 1835/4401 1849/4434 1848/4433
f 1836/4404 1850/4435 1849/4434
f 1837/4407 1851/4436 1850/4435
f 1838/4410 1852/4437 1851/4436
f 1839/4413 1853/4438 1852/4437
f 1840/4416 1861/15061 1853/4438
f 1841/4419 1815/4440 1854/4439
f 1843/4426 1855/4441 1815/4440
f 1845/4425 1819/4442 1855/4441
f 1846/4428 1821/4443 1819/4442
f 1848/4431 1823/4446 1821/4443
f 1848/4433 1849/4434 1856/4445
f 1849/4434 1850/4435 1857/4448
f 1850/4435 1851/4436 1827/4451
f 1851/4436 1852/4437 1858/4454
f 1852/4437 1853/4438 1859/4457
f 1853/4459 1861/15061 1831/4460
f 1862/4466 1905/4469 1863/4467
f 1905/4469 1906/4472 1864/4470
f 1906/4472 1865/4475 1866/4473
f 1865/4475 1907/4478 1867/4476
f 1907/4478 1908/4481 1868/4479
f 1908/4481 1909/4484 1869/4482
f 1909/4484 1870/4489 1871/4485
f 1872/4492 1873/4491 1871/4488
f 1910/4490 1874/4494 1873/4491
f 1875/4498 1876/4497 1874/4494
f 1911/4496 1877/4500 1876/4497
f 1912/4499 1878/4503 1877/4500
f 1915/4502 1879/4586 1878/4503
f 1863/4471 1880/4506 1888/4505
f 1864/4470 1890/4507 1880/4506
f 1866/4473 1892/4508 1890/4507
f 1867/4480 1881/4509 1892/4508
f 1868/4479 1895/4510 1881/4509
f 1869/4511 1882/4513 1895/4510
f 1869/4486 1871/4485 1883/4512
f 1871/4488 1873/4491 1884/4515
f 1873/4491 1874/4494 1885/4518
f 1874/4494 1876/4497 1886/4521
f 1876/4497 1877/4500 1902/4524
f 1877/4500 1878/4503 1887/4527
f 1878/4503 1879/4586 1916/4530
f 1888/4532 1880/4506 1889/4533
f 1880/4535 1890/4507 1891/4536
f 1890/4507 1892/4508 1893/4539
f 1892/4541 1881/4509 1894/4542
f 1881/4544 1895/4510 1896/4545
f 1895/4547 1882/4513 1897/4548
f 1883/4512 1898/4551 1897/4550
f 1884/4515 1899/4552 1898/4551
f 1885/4518 1900/4553 1899/4552
f 1886/4521 1901/4554 1900/4553
f 1902/4528 1903/4555 1901/4554
f 1887/4527 1904/4556 1903/4555
f 1916/4530 1879/15062 1904/4556
f 1889/4537 1905/4558 1862/4557
f 1891/4540 1906/4559 1905/4558
f 1893/4539 1865/4560 1906/4559
f 1894/4546 1907/4561 1865/4560
f 1896/4549 1908/4562 1907/4561
f 1897/4563 1909/4565 1908/4562
f 1897/4550 1898/4551 1870/4564
f 1898/4551 1899/4552 1872/4567
f 1899/4552 1900/4553 1910/4570
f 1900/4553 1901/4554 1875/4573
f 1901/4554 1903/4555 1911/4576
f 1903/4555 1904/4556 1912/4579
f 1904/4581 1879/15062 1915/4582
f 1963/4588 1962/4591 1917/4589
f 1962/4591 1919/4594 1920/4592
f 1919/4594 1964/4597 1921/4595
f 1964/4597 1965/4602 1922/4598
f 1966/4600 1923/4604 1922/4601
f 1967/4603 1924/4607 1923/4604
f 1925/4611 1926/4610 1924/4607
f 1927/4614 1928/4613 1926/4610
f 1968/4612 1929/4616 1928/4613
f 1969/4615 1930/4619 1929/4616
f 1931/4623 1932/4622 1930/4619
f 1970/4621 1933/4625 1932/4622
f 1971/4624 1934/4714 1933/4625
f 1917/4593 1935/4628 1936/4627
f 1920/4592 1943/4629 1935/4628
f 1921/4595 1945/4630 1943/4629
f 1922/4598 1947/4633 1945/4630
f 1922/4601 1923/4604 1949/4632
f 1924/4634 1951/4639 1949/4635
f 1924/4607 1926/4610 1953/4638
f 1926/4610 1928/4613 1937/4641
f 1928/4613 1929/4616 1956/4644
f 1929/4616 1930/4619 1958/4647
f 1930/4619 1932/4622 1938/4650
f 1932/4622 1933/4625 1939/4653
f 1933/4625 1934/4714 1940/4656
f 1936/4627 1935/4628 1941/4659
f 1935/4661 1943/4629 1944/4662
f 1943/4629 1945/4630 1946/4665
f 1945/4630 1947/4633 1948/4668
f 1949/4673 1950/4672 1948/4670
f 1951/4639 1952/4674 1950/4672
f 1953/4642 1954/4675 1952/4674
f 1937/4641 1955/4676 1954/4675
f 1956/4648 1957/4677 1955/4676
f 1958/4651 1959/4678 1957/4677
f 1938/4650 1960/4679 1959/4678
f 1939/4653 1961/4680 1960/4679
f 1940/4715 1934/15063 1961/4680
f 1941/4663 1962/4682 1963/4681
f 1944/4662 1919/4683 1962/4682
f 1946/4669 1964/4684 1919/4683
f 1948/4687 1965/4686 1964/4684
f 1950/4688 1966/4690 1965/4686
f 1950/4672 1952/4674 1967/4689
f 1952/4674 1954/4675 1925/4692
f 1954/4675 1955/4676 1927/4695
f 1955/4676 1957/4677 1968/4698
f 1957/4677 1959/4678 1969/4701
f 1959/4678 1960/4679 1931/4704
f 1960/4679 1961/4680 1970/4707
f 1961/4709 1934/15063 1971/4710
f 2027/4716 2017/4719 1972/4717
f 2017/4719 2018/4722 1973/4720
f 2018/4722 1974/4725 1975/4723
f 1974/4725 1976/4730 1977/4726
f 2019/4728 1978/4732 1977/4729
f 1979/4736 1980/4735 1978/4732
f 1981/4739 1982/4738 1980/4735
f 2020/4737 1983/4741 1982/4738
f 2021/4740 1984/4744 1983/4741
f 2022/4743 1985/4747 1984/4744
f 2023/4746 1986/4750 1985/4747
f 2024/4749 1987/4753 1986/4750
f 2025/4752 1988/4756 1987/4753
f 2026/4755 2016/15064 1988/4756
f 1972/4717 1996/4759 1995/4758
f 1973/4720 1998/4760 1996/4759
f 1975/4761 1989/4763 1998/4760
f 1975/4727 1977/4726 1990/4762
f 1977/4729 1978/4732 2002/4765
f 1978/4732 1980/4735 1991/4768
f 1980/4735 1982/4738 1992/4771
f 1982/4738 1983/4741 2006/4774
f 1983/4741 1984/4744 1993/4777
f 1984/4744 1985/4747 1994/4780
f 1985/4747 1986/4750 2010/4783
f 1986/4750 1987/4753 2012/4786
f 1987/4753 1988/4756 2014/4789
f 1995/4758 1996/4759 1997/4795
f 1996/4759 1998/4760 1999/4798
f 1998/4800 1989/4763 2000/4801
f 1989/4763 1990/4762 2001/4804
f 2002/4769 2003/4807 2001/4806
f 1991/4768 2004/4808 2003/4807
f 1992/4771 2005/4809 2004/4808
f 2006/4778 2007/4810 2005/4809
f 1993/4777 2008/4811 2007/4810
f 1994/4780 2009/4812 2008/4811
f 2010/4787 2011/4813 2009/4812
f 2012/4790 2013/4814 2011/4813
f 2014/4793 2015/4816 2013/4814
f 1997/4799 2017/4818 2027/4817
f 1999/4802 2018/4819 2017/4818
f 2000/4801 1974/4822 2018/4819
f 2000/4805 2001/4804 1976/4821
f 2001/4806 2003/4807 2019/4824
f 2003/4807 2004/4808 1979/4827
f 2004/4808 2005/4809 1981/4830
f 2005/4809 2007/4810 2020/4833
f 2007/4810 2008/4811 2021/4836
f 2008/4811 2009/4812 2022/4839
f 2009/4812 2011/4813 2023/4842
f 2011/4813 2013/4814 2024/4845
f 2013/4814 2015/4816 2025/4848
f 2015/4850 2016/4815 2026/4851
f 2088/4854 2030/4857 2031/4855
f 2030/4857 2032/4860 2033/4858
f 2032/4860 2034/4863 2035/4861
f 2034/4863 2036/4866 2037/4864
f 2036/4866 2089/4869 2038/4867
f 2089/4869 2039/4872 2040/4870
f 2039/4872 2090/4875 2041/4873
f 2090/4875 2091/4880 2042/4876
f 2092/4878 2043/4882 2042/4879
f 2044/4886 2045/4885 2043/4882
f 2046/4889 2047/4888 2045/4885
f 2048/4892 2049/4891 2047/4888
f 2093/4890 2050/4894 2049/4891
f 2051/4898 2052/4897 2050/4894
f 2094/4896 2053/4900 2052/4897
f 2095/4899 2054/5000 2053/4900
f 2031/4855 2062/4903 2055/4902
f 2033/4862 2056/4904 2062/4903
f 2035/4861 2066/4905 2056/4904
f 2037/4868 2057/4906 2066/4905
f 2038/4867 2069/4907 2057/4906
f 2040/4874 2058/4908 2069/4907
f 2041/4873 2072/4909 2058/4908
f 2042/4876 2074/4912 2072/4909
f 2042/4879 2043/4882 2076/4911
f 2043/4882 2045/4885 2078/4914
f 2045/4885 2047/4888 2059/4917
f 2047/4888 2049/4891 2060/4920
f 2049/4891 2050/4894 2082/4923
f 2050/4894 2052/4897 2061/4926
f 2052/4897 2053/4900 2085/4929
f 2053/4900 2054/5000 2087/4932
f 2055/4934 2062/4903 2063/4935
f 2062/4937 2056/4904 2065/4938
f 2056/4940 2066/4905 2067/4941
f 2066/4943 2057/4906 2068/4944
f 2057/4946 2069/4907 2070/4947
f 2069/4949 2058/4908 2071/4950
f 2058/4952 2072/4909 2073/4953
f 2072/4909 2074/4912 2075/4956
f 2076/4915 2077/4959 2075/4958
f 2078/4918 2079/4960 2077/4959
f 2059/4917 2080/4961 2079/4960
f 2060/4920 2081/4962 2080/4961
f 2082/4927 2083/4963 2081/4962
f 2061/4926 2084/4964 2083/4963
f 2085/4933 2086/4965 2084/4964
f 2087/4932 2054/15065 2086/4965
f 2063/4935 2030/4967 2088/4966
f 2065/4938 2032/4968 2030/4967
f 2067/4941 2034/4969 2032/4968
f 2068/4944 2036/4970 2034/4969
f 2070/4951 2089/4971 2036/4970
f 2071/4950 2039/4972 2089/4971
f 2073/4957 2090/4973 2039/4972
f 2075/4974 2091/4976 2090/4973
f 2075/4958 2077/4959 2092/4975
f 2077/4959 2079/4960 2044/4978
f 2079/4960 2080/4961 2046/4981
f 2080/4961 2081/4962 2048/4984
f 2081/4962 2083/4963 2093/4987
f 2083/4963 2084/4964 2051/4990
f 2084/4964 2086/4965 2094/4993
f 2086/4995 2054/15065 2095/4996
f 2165/5002 2156/5005 2097/5003
f 2156/5005 2099/5008 2100/5006
f 2099/5008 2157/5011 2101/5009
f 2157/5011 2102/5014 2103/5012
f 2102/5014 2104/5017 2105/5015
f 2104/5017 2158/5020 2106/5018
f 2158/5020 2107/5025 2108/5021
f 2159/5023 2109/5027 2108/5024
f 2110/5031 2111/5030 2109/5027
f 2160/5029 2112/5033 2111/5030
f 2161/5032 2113/5036 2112/5033
f 2162/5035 2114/5039 2113/5036
f 2163/5038 2115/5042 2114/5039
f 2164/5041 2116/5045 2115/5042
f 2117/5049 2118/5048 2116/5045
f 2119/5052 2120/5051 2118/5048
f 2121/5050 2167/5160 2120/5051
f 2097/5003 2133/5054 2122/5053
f 2100/5010 2123/5055 2133/5054
f 2101/5013 2124/5056 2123/5055
f 2103/5016 2125/5057 2124/5056
f 2105/5019 2126/5058 2125/5057
f 2106/5022 2127/5059 2126/5058
f 2108/5021 2140/5061 2127/5059
f 2109/5060 2142/5065 2140/5061
f 2109/5027 2111/5030 2144/5064
f 2111/5030 2112/5033 2128/5067
f 2112/5033 2113/5036 2129/5070
f 2113/5036 2114/5039 2130/5073
f 2114/5039 2115/5042 2149/5076
f 2115/5042 2116/5045 2151/5079
f 2116/5045 2118/5048 2131/5082
f 2118/5048 2120/5051 2154/5085
f 2120/5087 2167/5160 2132/5088
f 2122/5090 2133/5054 2134/5091
f 2133/5093 2123/5055 2135/5094
f 2123/5055 2124/5056 2136/5097
f 2124/5056 2125/5057 2137/5100
f 2125/5057 2126/5058 2138/5103
f 2126/5058 2127/5059 2139/5106
f 2127/5108 2140/5061 2141/5109
f 2140/5061 2142/5065 2143/5112
f 2144/5068 2145/5115 2143/5114
f 2128/5067 2146/5116 2145/5115
f 2129/5070 2147/5117 2146/5116
f 2130/5073 2148/5118 2147/5117
f 2149/5080 2150/5119 2148/5118
f 2151/5083 2152/5120 2150/5119
f 2131/5082 2153/5121 2152/5120
f 2154/5089 2155/5122 2153/5121
f 2132/5088 2167/15066 2155/5122
f 2134/5095 2156/5124 2165/5123
f 2135/5094 2099/5125 2156/5124
f 2136/5101 2157/5126 2099/5125
f 2137/5100 2102/5127 2157/5126
f 2138/5103 2104/5128 2102/5127
f 2139/5110 2158/5129 2104/5128
f 2141/5109 2107/5130 2158/5129
f 2143/5131 2159/5133 2107/5130
f 2143/5114 2145/5115 2110/5132
f 2145/5115 2146/5116 2160/5135
f 2146/5116 2147/5117 2161/5138
f 2147/5117 2148/5118 2162/5141
f 2148/5118 2150/5119 2163/5144
f 2150/5119 2152/5120 2164/5147
f 2152/5120 2153/5121 2117/5150
f 2153/5121 2155/5122 2119/5153
f 2155/5155 2167/15066 2121/5156
f 2168/5162 2225/5165 2169/5163
f 2225/5165 2226/5168 2171/5166
f 2226/5168 2227/5171 2172/5169
f 2227/5171 2228/5174 2173/5172
f 2228/5174 2174/5177 2175/5175
f 2174/5177 2176/5180 2177/5178
f 2176/5180 2229/5183 2178/5181
f 2229/5183 2230/5188 2179/5184
f 2180/5191 2181/5190 2179/5187
f 2231/5189 2182/5193 2181/5190
f 2232/5192 2183/5196 2182/5193
f 2233/5195 2184/5199 2183/5196
f 2185/5203 2186/5202 2184/5199
f 2234/5201 2187/5205 2186/5202
f 2188/5209 2189/5208 2187/5205
f 2190/5212 2191/5211 2189/5208
f 2237/5210 2238/5318 2191/5211
f 2169/5167 2192/5214 2235/5213
f 2171/5166 2203/5215 2192/5214
f 2172/5169 2205/5216 2203/5215
f 2173/5172 2207/5217 2205/5216
f 2175/5179 2193/5218 2207/5217
f 2177/5178 2210/5219 2193/5218
f 2178/5185 2194/5220 2210/5219
f 2179/5184 2213/5223 2194/5220
f 2179/5187 2181/5190 2195/5222
f 2181/5190 2182/5193 2216/5225
f 2182/5193 2183/5196 2218/5228
f 2183/5196 2184/5199 2196/5231
f 2184/5199 2186/5202 2197/5234
f 2186/5202 2187/5205 2198/5237
f 2187/5205 2189/5208 2199/5240
f 2189/5208 2191/5211 2200/5243
f 2191/5245 2238/5318 2201/5246
f 2235/5248 2192/5214 2202/5249
f 2192/5251 2203/5215 2204/5252
f 2203/5215 2205/5216 2206/5255
f 2205/5216 2207/5217 2208/5258
f 2207/5260 2193/5218 2209/5261
f 2193/5263 2210/5219 2211/5264
f 2210/5266 2194/5220 2212/5267
f 2194/5269 2213/5223 2214/5270
f 2195/5222 2215/5273 2214/5272
f 2216/5229 2217/5274 2215/5273
f 2218/5232 2219/5275 2217/5274
f 2196/5231 2220/5276 2219/5275
f 2197/5234 2221/5277 2220/5276
f 2198/5237 2222/5278 2221/5277
f 2199/5240 2223/5279 2222/5278
f 2200/5243 2224/5280 2223/5279
f 2201/5246 2238/15067 2224/5280
f 2202/5253 2225/5282 2168/5281
f 2204/5256 2226/5283 2225/5282
f 2206/5259 2227/5284 2226/5283
f 2208/5262 2228/5285 2227/5284
f 2209/5261 2174/5286 2228/5285
f 2211/5264 2176/5287 2174/5286
f 2212/5271 2229/5288 2176/5287
f 2214/5289 2230/5291 2229/5288
f 2214/5272 2215/5273 2180/5290
f 2215/5273 2217/5274 2231/5293
f 2217/5274 2219/5275 2232/5296
f 2219/5275 2220/5276 2233/5299
f 2220/5276 2221/5277 2185/5302
f 2221/5277 2222/5278 2234/5305
f 2222/5278 2223/5279 2188/5308
f 2223/5279 2224/5280 2190/5311
f 2224/5313 2238/15067 2237/5314
f 2283/5320 2240/5324 2289/5321
f 2241/5326 2242/5328 2240/5324
f 2241/5326 2284/5329 2243/5327
f 2284/5329 2244/5334 2245/5330
f 2246/5337 2247/5336 2245/5333
f 2285/5335 2248/5339 2247/5336
f 2286/5338 2249/5342 2248/5339
f 2250/5346 2251/5345 2249/5342
f 2252/5349 2253/5348 2251/5345
f 2287/5347 2254/5351 2253/5348
f 2255/5355 2256/5354 2254/5351
f 2288/5353 2257/15068 2256/5354
f 2289/5356 2240/5324 2258/5357
f 2240/5324 2242/5328 2265/5360
f 2242/5328 2243/5327 2267/5363
f 2245/5330 2269/5367 2267/5365
f 2247/5366 2271/5371 2269/5367
f 2247/5336 2248/5339 2260/5370
f 2248/5339 2249/5342 2274/5373
f 2249/5342 2251/5345 2261/5376
f 2251/5345 2253/5348 2262/5379
f 2253/5348 2254/5351 2263/5382
f 2254/5351 2256/5354 2279/5385
f 2256/5354 2257/15068 2281/5388
f 2258/5357 2264/5396 2290/5393
f 2258/5394 2265/5360 2266/5395
f 2265/5364 2267/5363 2268/5398
f 2267/5365 2269/5367 2270/5401
f 2269/5367 2271/5371 2272/5404
f 2260/5370 2273/5407 2272/5406
f 2274/5377 2275/5408 2273/5407
f 2261/5376 2276/5409 2275/5408
f 2262/5379 2277/5410 2276/5409
f 2263/5382 2278/5411 2277/5410
f 2279/5389 2280/5412 2278/5411
f 2281/5392 2282/5413 2280/5412
f 2290/5414 2264/5396 2283/5415
f 2264/5396 2266/5395 2241/5418
f 2266/5399 2268/5398 2284/5421
f 2268/5402 2270/5401 2244/5424
f 2270/5405 2272/5404 2246/5427
f 2272/5406 2273/5407 2285/5430
f 2273/5407 2275/5408 2286/5433
f 2275/5408 2276/5409 2250/5436
f 2276/5409 2277/5410 2252/5439
f 2277/5410 2278/5411 2287/5442
f 2278/5411 2280/5412 2255/5445
f 2280/5412 2282/5413 2288/5448
f 2341/5451 2292/5455 2293/5452
f 2343/5454 2294/5458 2292/5455
f 2344/5457 2295/5461 2294/5458
f 2296/5465 2297/5464 2295/5461
f 2345/5463 2298/5467 2297/5464
f 2299/5471 2300/5470 2298/5467
f 2301/5474 2302/5473 2300/5470
f 2346/5472 2303/5476 2302/5473
f 2347/5475 2304/5479 2303/5476
f 2348/5478 2305/5482 2304/5479
f 2306/5486 2307/5485 2305/5482
f 2349/5484 2308/5488 2307/5485
f 2350/5487 2309/5491 2308/5488
f 2310/5490 2311/15069 2309/5491
f 2293/5452 2292/5455 2312/5494
f 2292/5455 2294/5458 2313/5497
f 2294/5458 2295/5461 2314/5500
f 2295/5461 2297/5464 2323/5503
f 2297/5464 2298/5467 2325/5506
f 2298/5467 2300/5470 2327/5509
f 2300/5470 2302/5473 2329/5512
f 2302/5473 2303/5476 2315/5515
f 2303/5476 2304/5479 2316/5518
f 2304/5479 2305/5482 2333/5521
f 2305/5482 2307/5485 2317/5524
f 2307/5485 2308/5488 2336/5527
f 2308/5488 2309/5491 2338/5530
f 2309/5491 2311/15069 2318/5533
f 2312/5494 2319/5536 2320/5535
f 2313/5497 2321/5537 2319/5536
f 2314/5500 2322/5538 2321/5537
f 2323/5507 2324/5539 2322/5538
f 2325/5510 2326/5540 2324/5539
f 2327/5513 2328/5541 2326/5540
f 2329/5516 2330/5542 2328/5541
f 2315/5515 2331/5543 2330/5542
f 2316/5518 2332/5544 2331/5543
f 2333/5525 2334/5545 2332/5544
f 2317/5524 2335/5546 2334/5545
f 2336/5531 2337/5547 2335/5546
f 2338/5534 2339/5548 2337/5547
f 2318/5533 2340/15070 2339/5548
f 2320/5535 2319/5536 2341/5550
f 2319/5536 2321/5537 2343/5553
f 2321/5537 2322/5538 2344/5556
f 2322/5538 2324/5539 2296/5559
f 2324/5539 2326/5540 2345/5562
f 2326/5540 2328/5541 2299/5565
f 2328/5541 2330/5542 2301/5568
f 2330/5542 2331/5543 2346/5571
f 2331/5543 2332/5544 2347/5574
f 2332/5544 2334/5545 2348/5577
f 2334/5545 2335/5546 2306/5580
f 2335/5546 2337/5547 2349/5583
f 2337/5547 2339/5548 2350/5586
f 2339/5548 2340/15070 2310/5589
f 2392/5593 2353/5596 2354/5595
f 2353/5596 2394/5599 2355/5597
f 2394/5599 2356/5602 2357/5600
f 2356/5602 2395/5605 2358/5603
f 2395/5605 2396/5608 2359/5606
f 2396/5608 2397/5613 2360/5609
f 2398/5611 2361/5615 2360/5612
f 2399/5614 2362/5618 2361/5615
f 2400/5617 2363/5621 2362/5618
f 2364/5625 2365/5624 2363/5621
f 2366/5623 2367/15071 2365/5624
f 2354/5598 2369/5628 2368/5627
f 2355/5601 2370/5629 2369/5628
f 2357/5600 2379/5630 2370/5629
f 2358/5603 2381/5631 2379/5630
f 2359/5610 2371/5632 2381/5631
f 2360/5609 2384/5635 2371/5632
f 2360/5612 2361/5615 2372/5634
f 2361/5615 2362/5618 2387/5637
f 2362/5618 2363/5621 2373/5640
f 2363/5621 2365/5624 2374/5643
f 2365/5624 2367/15071 2375/5646
f 2368/5627 2369/5628 2377/5650
f 2369/5628 2370/5629 2378/5652
f 2370/5654 2379/5630 2380/5655
f 2379/5630 2381/5631 2382/5658
f 2381/5660 2371/5632 2383/5661
f 2371/5663 2384/5635 2385/5664
f 2372/5634 2386/5667 2385/5666
f 2387/5641 2388/5668 2386/5667
f 2373/5640 2389/5669 2388/5668
f 2374/5643 2390/5670 2389/5669
f 2375/5646 2391/15072 2390/5670
f 2377/5650 2353/5673 2392/5672
f 2378/5656 2394/5674 2353/5673
f 2380/5655 2356/5675 2394/5674
f 2382/5662 2395/5676 2356/5675
f 2383/5665 2396/5677 2395/5676
f 2385/5678 2397/5680 2396/5677
f 2385/5666 2386/5667 2398/5679
f 2386/5667 2388/5668 2399/5682
f 2388/5668 2389/5669 2400/5685
f 2389/5669 2390/5670 2364/5688
f 2390/5670 2391/15072 2366/5691
f 2401/5694 2449/5697 2404/5696
f 2449/5697 2405/5700 2406/5698
f 2405/5700 2407/5703 2408/5701
f 2407/5703 2409/5706 2410/5704
f 2409/5706 2450/5709 2411/5707
f 2450/5709 2412/5712 2413/5710
f 2412/5712 2451/5717 2414/5713
f 2415/5720 2416/5719 2414/5716
f 2417/5723 2418/5722 2416/5719
f 2452/5721 2419/5725 2418/5722
f 2453/5724 2420/5728 2419/5725
f 2421/5732 2422/5731 2420/5728
f 2404/5699 2423/5735 2429/5734
f 2406/5702 2424/5736 2423/5735
f 2408/5701 2433/5737 2424/5736
f 2410/5708 2425/5738 2433/5737
f 2411/5707 2436/5739 2425/5738
f 2413/5740 2426/5742 2436/5739
f 2413/5714 2414/5713 2427/5741
f 2414/5716 2416/5719 2440/5744
f 2416/5719 2418/5722 2442/5747
f 2418/5722 2419/5725 2428/5750
f 2419/5725 2420/5728 2445/5753
f 2420/5728 2422/5731 2447/5756
f 2429/5734 2423/5735 2431/5760
f 2423/5735 2424/5736 2432/5762
f 2424/5764 2433/5737 2434/5765
f 2433/5767 2425/5738 2435/5768
f 2425/5770 2436/5739 2437/5771
f 2436/5773 2426/5742 2438/5774
f 2426/5742 2427/5741 2439/5777
f 2440/5748 2441/5780 2439/5779
f 2442/5751 2443/5781 2441/5780
f 2428/5750 2444/5782 2443/5781
f 2445/5757 2446/5783 2444/5782
f 2447/5756 2448/15073 2446/5783
f 2431/5760 2449/5786 2401/5785
f 2432/5762 2405/5787 2449/5786
f 2434/5765 2407/5788 2405/5787
f 2435/5768 2409/5789 2407/5788
f 2437/5771 2450/5790 2409/5789
f 2438/5774 2412/5793 2450/5790
f 2438/5791 2439/5777 2451/5792
f 2439/5794 2441/5780 2415/5795
f 2441/5797 2443/5781 2417/5798
f 2443/5800 2444/5782 2452/5801
f 2444/5803 2446/5783 2453/5804
f 2446/5806 2448/15073 2421/5807
f 2499/5813 2500/5816 2456/5815
f 2500/5816 2501/5819 2457/5817
f 2501/5819 2458/5822 2459/5820
f 2458/5822 2460/5825 2461/5823
f 2460/5825 2462/5828 2463/5826
f 2462/5828 2502/5833 2464/5829
f 2465/5831 2466/5835 2464/5832
f 2503/5834 2467/5838 2466/5835
f 2504/5837 2468/5841 2467/5838
f 2505/5840 2469/5844 2468/5841
f 2506/5843 2470/5847 2469/5844
f 2507/5846 2471/5851 2470/5847
f 2456/5815 2472/5854 2481/5853
f 2457/5817 2484/5855 2472/5854
f 2459/5820 2473/5856 2484/5855
f 2461/5823 2474/5857 2473/5856
f 2463/5826 2488/5858 2474/5857
f 2464/5829 2475/5860 2488/5858
f 2466/5859 2476/5864 2475/5860
f 2466/5862 2467/5838 2477/5863
f 2467/5865 2468/5841 2493/5866
f 2468/5868 2469/5844 2478/5869
f 2469/5871 2470/5847 2479/5872
f 2470/5874 2471/5851 2480/5875
f 2471/5877 2509/5850 2498/5878
f 2481/5853 2472/5854 2483/5882
f 2472/5883 2484/5855 2485/5884
f 2484/5886 2473/5856 2486/5887
f 2473/5889 2474/5857 2487/5890
f 2474/5892 2488/5858 2489/5893
f 2488/5895 2475/5860 2490/5896
f 2476/5898 2491/5901 2490/5899
f 2477/5863 2492/5902 2491/5901
f 2493/5866 2494/5903 2492/5902
f 2478/5869 2495/5904 2494/5903
f 2479/5872 2496/5905 2495/5904
f 2480/5875 2497/5906 2496/5905
f 2498/5878 2509/15074 2497/5906
f 2483/5882 2500/5909 2499/5908
f 2485/5884 2501/5910 2500/5909
f 2486/5887 2458/5911 2501/5910
f 2487/5890 2460/5912 2458/5911
f 2489/5893 2462/5913 2460/5912
f 2490/5896 2502/5915 2462/5913
f 2491/5914 2465/5919 2502/5915
f 2491/5917 2492/5902 2503/5918
f 2492/5920 2494/5903 2504/5921
f 2494/5923 2495/5904 2505/5924
f 2495/5926 2496/5905 2506/5927
f 2496/5929 2497/5906 2507/5930
f 2535/5936 2536/5939 2512/5938
f 2536/5939 2513/5942 2514/5940
f 2513/5942 2515/5947 2516/5943
f 2537/5945 2517/5949 2516/5946
f 2518/5948 2519/5952 2517/5949
f 2538/5951 2520/5956 2519/5952
f 2512/5938 2525/5959 2523/5958
f 2514/5940 2527/5960 2525/5959
f 2516/5943 2529/5963 2527/5960
f 2516/5961 2517/5949 2531/5962
f 2517/5964 2519/5952 2521/5965
f 2519/5967 2520/5956 2522/5968
f 2523/5958 2525/5959 2526/5974
f 2525/5975 2527/5960 2528/5976
f 2527/5978 2529/5963 2530/5979
f 2531/5962 2532/5982 2530/5981
f 2521/5965 2533/5983 2532/5982
f 2522/5968 2534/5985 2533/5983
f 2526/5974 2536/5988 2535/5987
f 2528/5976 2513/5989 2536/5988
f 2530/5979 2515/5992 2513/5989
f 2530/5990 2532/5982 2537/5991
f 2532/5993 2533/5983 2518/5994
f 2533/5996 2534/5985 2538/5997
f 2639/6001 2540/6004 2541/6002
f 2540/6004 2631/6007 2543/6005
f 2631/6007 2544/6010 2545/6008
f 2544/6010 2546/6013 2547/6011
f 2546/6013 2632/6016 2548/6014
f 2632/6016 2549/6019 2550/6017
f 2549/6019 2633/6022 2551/6020
f 2633/6022 2634/6025 2552/6023
f 2634/6025 2553/6028 2554/6026
f 2553/6028 2635/6031 2555/6029
f 2635/6031 2636/6034 2556/6032
f 2636/6034 2557/6037 2558/6035
f 2557/6037 2559/6040 2560/6038
f 2559/6040 2561/6043 2562/6041
f 2561/6043 2637/6046 2563/6044
f 2637/6046 2564/6049 2565/6047
f 2564/6049 2638/6052 2566/6050
f 2638/6052 2567/6055 2568/6053
f 2567/6055 2569/6058 2570/6056
f 2569/6058 2571/6061 2572/6059
f 2571/6061 2573/6064 2574/6062
f 2573/6064 2575/6067 2576/6065
f 2575/6067 2577/6070 2578/6068
f 2577/6070 2579/6075 2580/6071
f 2641/6073 2630/15075 2580/6074
f 2542/6076 2541/6002 2581/6077
f 2541/6079 2543/6005 2582/6080
f 2543/6082 2545/6008 2583/6083
f 2545/6085 2547/6011 2584/6086
f 2547/6088 2548/6014 2585/6089
f 2548/6091 2550/6017 2601/6092
f 2550/6094 2551/6020 2603/6095
f 2551/6097 2552/6023 2605/6098
f 2552/6100 2554/6026 2607/6101
f 2554/6103 2555/6029 2609/6104
f 2556/6032 2586/6107 2609/6106
f 2558/6035 2612/6110 2586/6107
f 2558/6108 2560/6038 2587/6109
f 2560/6111 2562/6041 2615/6112
f 2562/6114 2563/6044 2588/6115
f 2563/6117 2565/6047 2589/6118
f 2565/6120 2566/6050 2590/6121
f 2566/6123 2568/6053 2591/6124
f 2568/6126 2570/6056 2592/6127
f 2570/6129 2572/6059 2622/6130
f 2572/6132 2574/6062 2593/6133
f 2574/6135 2576/6065 2625/6136
f 2576/6138 2578/6068 2594/6139
f 2578/6141 2580/6071 2628/6142
f 2640/6147 2581/6077 2595/6148
f 2581/6150 2582/6080 2597/6151
f 2582/6153 2583/6083 2598/6154
f 2583/6156 2584/6086 2599/6157
f 2584/6159 2585/6089 2600/6160
f 2585/6162 2601/6092 2602/6163
f 2601/6165 2603/6095 2604/6166
f 2603/6168 2605/6098 2606/6169
f 2605/6171 2607/6101 2608/6172
f 2607/6174 2609/6104 2610/6175
f 2609/6177 2586/6107 2611/6178
f 2586/6180 2612/6110 2613/6181
f 2612/6183 2587/6109 2614/6184
f 2587/6186 2615/6112 2616/6187
f 2615/6189 2588/6115 2617/6190
f 2588/6192 2589/6118 2618/6193
f 2589/6195 2590/6121 2619/6196
f 2590/6198 2591/6124 2620/6199
f 2591/6201 2592/6127 2621/6202
f 2592/6204 2622/6130 2623/6205
f 2622/6207 2593/6133 2624/6208
f 2593/6210 2625/6136 2626/6211
f 2625/6213 2594/6139 2627/6214
f 2594/6216 2628/6142 2629/6217
f 2596/6221 2595/6148 2540/6222
f 2595/6224 2597/6151 2631/6225
f 2597/6227 2598/6154 2544/6228
f 2598/6230 2599/6157 2546/6231
f 2599/6233 2600/6160 2632/6234
f 2600/6236 2602/6163 2549/6237
f 2602/6239 2604/6166 2633/6240
f 2604/6242 2606/6169 2634/6243
f 2606/6245 2608/6172 2553/6246
f 2608/6248 2610/6175 2635/6249
f 2610/6251 2611/6178 2636/6252
f 2611/6254 2613/6181 2557/6255
f 2613/6257 2614/6184 2559/6258
f 2614/6260 2616/6187 2561/6261
f 2616/6263 2617/6190 2637/6264
f 2617/6266 2618/6193 2564/6267
f 2618/6269 2619/6196 2638/6270
f 2619/6272 2620/6199 2567/6273
f 2620/6275 2621/6202 2569/6276
f 2623/6205 2571/6279 2569/6278
f 2624/6208 2573/6280 2571/6279
f 2626/6211 2575/6283 2573/6280
f 2626/6281 2627/6214 2577/6282
f 2627/6284 2629/6217 2579/6285
f 2629/6287 2630/6219 2641/6288
f 2642/6292 2644/6297 2645/6294
f 2646/6295 2647/6299 2645/6296
f 2742/6298 2648/6302 2647/6299
f 2743/6301 2649/6305 2648/6302
f 2650/6304 2651/6308 2649/6305
f 2652/6307 2653/6311 2651/6308
f 2744/6310 2654/6314 2653/6311
f 2655/6313 2656/6317 2654/6314
f 2657/6316 2658/6320 2656/6317
f 2659/6319 2660/6323 2658/6320
f 2661/6322 2662/6326 2660/6323
f 2663/6325 2664/6329 2662/6326
f 2665/6328 2666/6332 2664/6329
f 2667/6331 2668/6336 2666/6332
f 2667/6334 2745/6339 2669/6335
f 2746/6337 2670/6341 2669/6338
f 2747/6340 2671/6344 2670/6341
f 2748/6343 2672/6348 2671/6344
f 2748/6346 2749/6349 2673/6347
f 2749/6349 2674/6352 2675/6350
f 2674/6352 2750/6355 2676/6353
f 2750/6355 2677/6358 2678/6356
f 2677/6358 2679/6361 2680/6359
f 2679/6361 2681/6364 2682/6362
f 2681/6364 2751/6367 2683/6365
f 2751/6367 2752/6370 2684/6368
f 2752/6370 2753/15076 2754/6371
f 2643/6293 2645/6294 2696/6375
f 2645/6376 2647/6299 2685/6377
f 2648/6379 2699/6383 2685/6380
f 2649/6382 2701/6387 2699/6383
f 2649/6385 2651/6308 2703/6386
f 2651/6388 2653/6311 2705/6389
f 2653/6391 2654/6314 2686/6392
f 2656/6394 2708/6398 2686/6395
f 2658/6397 2687/6402 2708/6398
f 2658/6400 2660/6323 2711/6401
f 2662/6403 2713/6407 2711/6404
f 2664/6406 2715/6410 2713/6407
f 2666/6409 2717/6414 2715/6410
f 2666/6412 2668/6336 2688/6413
f 2668/6415 2669/6335 2720/6416
f 2670/6418 2722/6422 2720/6419
f 2671/6421 2724/6425 2722/6422
f 2672/6424 2726/6429 2724/6425
f 2672/6427 2673/6347 2689/6428
f 2675/6350 2729/6431 2689/6430
f 2676/6353 2690/6432 2729/6431
f 2678/6356 2691/6433 2690/6432
f 2680/6359 2692/6434 2691/6433
f 2682/6362 2693/6435 2692/6434
f 2683/6365 2735/6436 2693/6435
f 2684/6368 2737/6437 2735/6436
f 2754/6371 2739/6580 2737/6437
f 2694/6374 2696/6375 2697/6440
f 2685/6377 2698/6443 2697/6441
f 2699/6442 2700/6447 2698/6443
f 2699/6445 2701/6387 2702/6446
f 2701/6448 2703/6386 2704/6449
f 2703/6451 2705/6389 2706/6452
f 2686/6392 2707/6456 2706/6454
f 2708/6455 2709/6459 2707/6456
f 2687/6458 2710/6461 2709/6459
f 2711/6401 2712/6463 2710/6461
f 2713/6462 2714/6466 2712/6463
f 2715/6465 2716/6469 2714/6466
f 2717/6468 2718/6473 2716/6469
f 2717/6471 2688/6413 2719/6472
f 2688/6474 2720/6416 2721/6475
f 2722/6477 2723/6481 2721/6478
f 2724/6480 2725/6484 2723/6481
f 2726/6483 2727/6488 2725/6484
f 2726/6486 2689/6428 2728/6487
f 2689/6489 2729/6431 2730/6490
f 2729/6492 2690/6432 2731/6493
f 2690/6495 2691/6433 2732/6496
f 2692/6498 2733/6502 2732/6499
f 2693/6501 2734/6506 2733/6502
f 2693/6504 2735/6436 2736/6505
f 2735/6507 2737/6437 2738/6508
f 2737/6510 2739/6580 2740/6511
f 2695/6439 2697/6440 2644/6515
f 2698/6516 2646/6520 2644/6517
f 2700/6519 2742/6522 2646/6520
f 2702/6446 2743/6523 2742/6522
f 2704/6449 2650/6524 2743/6523
f 2706/6452 2652/6526 2650/6524
f 2707/6525 2744/6529 2652/6526
f 2709/6528 2655/6532 2744/6529
f 2710/6531 2657/6535 2655/6532
f 2712/6534 2659/6538 2657/6535
f 2714/6537 2661/6541 2659/6538
f 2716/6540 2663/6544 2661/6541
f 2718/6543 2665/6546 2663/6544
f 2719/6472 2667/6547 2665/6546
f 2721/6475 2745/6549 2667/6547
f 2723/6548 2746/6552 2745/6549
f 2725/6551 2747/6555 2746/6552
f 2727/6554 2748/6559 2747/6555
f 2727/6557 2728/6487 2749/6558
f 2728/6560 2730/6490 2674/6561
f 2730/6563 2731/6493 2750/6564
f 2731/6566 2732/6496 2677/6567
f 2732/6569 2733/6502 2679/6570
f 2733/6572 2734/6506 2681/6573
f 2736/6505 2751/6576 2681/6575
f 2738/6508 2752/6577 2751/6576
f 2740/6511 2753/6578 2752/6577
f 2757/6585 2758/6587 2756/6584
f 2759/6586 2760/6590 2758/6587
f 2845/6589 2761/6593 2760/6590
f 2762/6592 2763/6596 2761/6593
f 2846/6595 2764/6599 2763/6596
f 2765/6598 2766/6602 2764/6599
f 2767/6601 2768/6605 2766/6602
f 2769/6604 2770/6608 2768/6605
f 2847/6607 2771/6611 2770/6608
f 2772/6610 2773/6614 2771/6611
f 2774/6613 2775/6617 2773/6614
f 2776/6616 2777/6621 2775/6617
f 2776/6619 2848/6622 2778/6620
f 2848/6622 2779/6625 2780/6623
f 2779/6625 2781/6628 2782/6626
f 2781/6628 2849/6631 2783/6629
f 2849/6631 2850/6634 2784/6632
f 2850/6634 2851/6637 2785/6635
f 2851/6637 2786/6640 2787/6638
f 2786/6640 2852/6643 2788/6641
f 2852/6643 2789/6646 2790/6644
f 2789/6646 2853/6649 2791/6647
f 2853/6649 2854/6652 2792/6650
f 2854/6652 2855/6655 2793/6653
f 2855/6655 2856/15077 2857/6656
f 2756/6584 2758/6587 2794/6660
f 2758/6661 2760/6590 2795/6662
f 2760/6664 2761/6593 2796/6665
f 2761/6667 2763/6596 2797/6668
f 2763/6670 2764/6599 2811/6671
f 2764/6673 2766/6602 2798/6674
f 2768/6676 2814/6680 2798/6677
f 2770/6679 2816/6684 2814/6680
f 2770/6682 2771/6611 2799/6683
f 2771/6685 2773/6614 2819/6686
f 2775/6688 2821/6692 2819/6689
f 2777/6691 2823/6694 2821/6692
f 2778/6620 2825/6695 2823/6694
f 2780/6623 2827/6696 2825/6695
f 2782/6626 2800/6697 2827/6696
f 2783/6629 2801/6698 2800/6697
f 2784/6632 2831/6699 2801/6698
f 2785/6635 2833/6700 2831/6699
f 2787/6638 2802/6701 2833/6700
f 2788/6641 2803/6702 2802/6701
f 2790/6644 2804/6703 2803/6702
f 2791/6647 2838/6704 2804/6703
f 2792/6650 2840/6705 2838/6704
f 2793/6653 2842/6706 2840/6705
f 2857/6656 2858/6820 2842/6706
f 2794/6660 2807/6709 2806/6708
f 2795/6662 2808/6710 2807/6709
f 2796/6665 2809/6711 2808/6710
f 2797/6668 2810/6712 2809/6711
f 2811/6671 2812/6713 2810/6712
f 2798/6674 2813/6715 2812/6713
f 2814/6714 2815/6718 2813/6715
f 2816/6717 2817/6720 2815/6718
f 2799/6683 2818/6721 2817/6720
f 2819/6686 2820/6723 2818/6721
f 2821/6722 2822/6726 2820/6723
f 2823/6725 2824/6730 2822/6726
f 2823/6728 2825/6695 2826/6729
f 2825/6731 2827/6696 2828/6732
f 2827/6734 2800/6697 2829/6735
f 2800/6737 2801/6698 2830/6738
f 2801/6740 2831/6699 2832/6741
f 2831/6743 2833/6700 2834/6744
f 2833/6746 2802/6701 2835/6747
f 2802/6749 2803/6702 2836/6750
f 2803/6752 2804/6703 2837/6753
f 2804/6755 2838/6704 2839/6756
f 2838/6758 2840/6705 2841/6759
f 2840/6761 2842/6706 2843/6762
f 2842/6764 2858/6820 2859/6765
f 2806/6708 2807/6709 2757/6769
f 2807/6770 2808/6710 2759/6771
f 2808/6773 2809/6711 2845/6774
f 2809/6776 2810/6712 2762/6777
f 2812/6779 2846/6783 2762/6780
f 2813/6782 2765/6786 2846/6783
f 2815/6785 2767/6789 2765/6786
f 2817/6788 2769/6792 2767/6789
f 2818/6791 2847/6795 2769/6792
f 2820/6794 2772/6798 2847/6795
f 2822/6797 2774/6801 2772/6798
f 2824/6800 2776/6805 2774/6801
f 2824/6803 2826/6729 2848/6804
f 2828/6732 2779/6807 2848/6806
f 2829/6735 2781/6808 2779/6807
f 2830/6738 2849/6809 2781/6808
f 2832/6741 2850/6810 2849/6809
f 2834/6744 2851/6811 2850/6810
f 2835/6747 2786/6812 2851/6811
f 2836/6750 2852/6813 2786/6812
f 2837/6753 2789/6814 2852/6813
f 2839/6756 2853/6815 2789/6814
f 2841/6759 2854/6816 2853/6815
f 2843/6762 2855/6817 2854/6816
f 2859/6765 2856/6818 2855/6817
f 2860/6822 2940/6825 2861/6823
f 2940/6825 2941/6830 2862/6826
f 2863/6828 2864/6832 2862/6829
f 2865/6831 2866/6835 2864/6832
f 2942/6834 2867/6839 2866/6835
f 2942/6837 2943/6842 2868/6838
f 2944/6840 2869/6844 2868/6841
f 2870/6843 2871/6847 2869/6844
f 2872/6846 2873/6850 2871/6847
f 2945/6849 2874/6854 2873/6850
f 2945/6852 2946/6855 2875/6853
f 2946/6855 2947/6860 2876/6856
f 2948/6858 2877/6862 2876/6859
f 2878/6861 2879/6865 2877/6862
f 2880/6864 2881/6868 2879/6865
f 2949/6867 2882/6871 2881/6868
f 2950/6870 2883/6874 2882/6871
f 2884/6873 2885/6877 2883/6874
f 2951/6876 2886/6880 2885/6877
f 2952/6879 2887/6883 2886/6880
f 2953/6882 2888/6886 2887/6883
f 2889/6885 2890/6889 2888/6886
f 2891/6888 2892/7066 2890/6889
f 2861/6823 2904/6892 2903/6891
f 2862/6826 2906/6894 2904/6892
f 2864/6893 2893/6897 2906/6894
f 2866/6896 2909/6900 2893/6897
f 2867/6899 2894/6904 2909/6900
f 2867/6902 2868/6838 2895/6903
f 2869/6905 2913/6909 2895/6906
f 2871/6908 2915/6912 2913/6909
f 2873/6911 2917/6915 2915/6912
f 2874/6914 2896/6919 2917/6915
f 2874/6917 2875/6853 2897/6918
f 2875/6920 2876/6856 2898/6921
f 2876/6923 2877/6862 2922/6924
f 2877/6926 2879/6865 2899/6927
f 2879/6929 2881/6868 2925/6930
f 2881/6932 2882/6871 2927/6933
f 2882/6935 2883/6874 2900/6936
f 2883/6938 2885/6877 2930/6939
f 2885/6941 2886/6880 2901/6942
f 2886/6944 2887/6883 2933/6945
f 2887/6947 2888/6886 2935/6948
f 2888/6950 2890/6889 2937/6951
f 2890/6953 2892/7066 2902/6954
f 2903/6956 2904/6892 2905/6957
f 2904/6959 2906/6894 2907/6960
f 2906/6962 2893/6897 2908/6963
f 2909/6965 2910/6969 2908/6966
f 2894/6968 2911/6973 2910/6969
f 2894/6971 2895/6903 2912/6972
f 2913/6974 2914/6978 2912/6975
f 2915/6977 2916/6981 2914/6978
f 2917/6980 2918/6984 2916/6981
f 2896/6983 2919/6988 2918/6984
f 2896/6986 2897/6918 2920/6987
f 2898/6921 2921/6990 2920/6989
f 2922/6924 2923/6991 2921/6990
f 2899/6927 2924/6992 2923/6991
f 2925/6930 2926/6993 2924/6992
f 2927/6933 2928/6994 2926/6993
f 2900/6936 2929/6995 2928/6994
f 2930/6939 2931/6996 2929/6995
f 2901/6942 2932/6997 2931/6996
f 2933/6945 2934/6998 2932/6997
f 2935/6948 2936/6999 2934/6998
f 2937/6951 2938/7000 2936/6999
f 2902/6954 2939/7068 2938/7000
f 2905/6957 2940/7002 2860/7001
f 2907/6960 2941/7003 2940/7002
f 2908/6963 2863/7005 2941/7003
f 2910/7004 2865/7008 2863/7005
f 2911/7007 2942/7012 2865/7008
f 2911/7010 2912/6972 2943/7011
f 2914/7013 2944/7017 2943/7014
f 2916/7016 2870/7020 2944/7017
f 2918/7019 2872/7023 2870/7020
f 2919/7022 2945/7027 2872/7023
f 2919/7025 2920/6987 2946/7026
f 2920/7028 2921/6990 2947/7029
f 2921/7031 2923/6991 2948/7032
f 2923/7034 2924/6992 2878/7035
f 2924/7037 2926/6993 2880/7038
f 2926/7040 2928/6994 2949/7041
f 2928/7043 2929/6995 2950/7044
f 2929/7046 2931/6996 2884/7047
f 2931/7049 2932/6997 2951/7050
f 2932/7052 2934/6998 2952/7053
f 2934/7055 2936/6999 2953/7056
f 2936/7058 2938/7000 2889/7059
f 2938/7061 2939/7068 2891/7062
f 3036/7069 2956/7073 3048/7070
f 3037/7072 2957/7076 2956/7073
f 2958/7075 2959/7079 2957/7076
f 2960/7078 2961/7082 2959/7079
f 3038/7081 2962/7085 2961/7082
f 2963/7084 2964/7088 2962/7085
f 3039/7087 2965/7091 2964/7088
f 3040/7090 2966/7094 2965/7091
f 2967/7093 2968/7097 2966/7094
f 2969/7096 2970/7101 2968/7097
f 2969/7099 2971/7104 2972/7100
f 3041/7102 2973/7106 2972/7103
f 3042/7105 2974/7109 2973/7106
f 3043/7108 2975/7112 2974/7109
f 2976/7111 2977/7115 2975/7112
f 2978/7114 2979/7118 2977/7115
f 2980/7117 2981/7121 2979/7118
f 3044/7120 2982/7125 2981/7121
f 3044/7123 2983/7126 2984/7124
f 2983/7126 2985/7129 2986/7127
f 2985/7129 3045/7132 2987/7130
f 3045/7132 3046/7135 2988/7133
f 2956/7138 2996/7142 2989/7139
f 2957/7141 2999/7145 2996/7142
f 2959/7144 2990/7148 2999/7145
f 2961/7147 3002/7151 2990/7148
f 2962/7150 3004/7154 3002/7151
f 2964/7153 3006/7157 3004/7154
f 2965/7156 2991/7160 3006/7157
f 2966/7159 3009/7163 2991/7160
f 2968/7162 2992/7166 3009/7163
f 2970/7165 3012/7168 2992/7166
f 2972/7100 3014/7170 3012/7168
f 2973/7169 3016/7173 3014/7170
f 2974/7172 3018/7176 3016/7173
f 2975/7175 3020/7179 3018/7176
f 2977/7178 3022/7182 3020/7179
f 2979/7181 3024/7186 3022/7182
f 2979/7184 2981/7121 2993/7185
f 2982/7187 3027/7190 2993/7188
f 2984/7124 2994/7191 3027/7190
f 2986/7127 3030/7192 2994/7191
f 2987/7130 3032/7193 3030/7192
f 2988/7133 2995/7195 3032/7193
f 2996/7196 2997/7200 2998/7197
f 2999/7199 3000/7203 2997/7200
f 2990/7202 3001/7206 3000/7203
f 3002/7205 3003/7209 3001/7206
f 3004/7208 3005/7212 3003/7209
f 3006/7211 3007/7215 3005/7212
f 2991/7214 3008/7218 3007/7215
f 3009/7217 3010/7221 3008/7218
f 2992/7220 3011/7224 3010/7221
f 3012/7223 3013/7227 3011/7224
f 3014/7226 3015/7230 3013/7227
f 3016/7229 3017/7233 3015/7230
f 3018/7232 3019/7236 3017/7233
f 3020/7235 3021/7239 3019/7236
f 3022/7238 3023/7242 3021/7239
f 3024/7241 3025/7244 3023/7242
f 2993/7185 3026/7247 3025/7244
f 2993/7245 3027/7190 3028/7246
f 2994/7248 3029/7252 3028/7249
f 3030/7251 3031/7255 3029/7252
f 3032/7254 3033/7258 3031/7255
f 2995/7257 3034/7262 3033/7258
f 2995/7260 3049/7194 3035/7261
f 2997/7263 3036/7267 3047/7264
f 3000/7266 3037/7270 3036/7267
f 3001/7269 2958/7273 3037/7270
f 3003/7272 2960/7276 2958/7273
f 3005/7275 3038/7279 2960/7276
f 3007/7278 2963/7282 3038/7279
f 3008/7281 3039/7285 2963/7282
f 3010/7284 3040/7288 3039/7285
f 3011/7287 2967/7291 3040/7288
f 3013/7290 2969/7294 2967/7291
f 3015/7293 2971/7297 2969/7294
f 3017/7296 3041/7300 2971/7297
f 3019/7299 3042/7303 3041/7300
f 3021/7302 3043/7306 3042/7303
f 3023/7305 2976/7309 3043/7306
f 3025/7308 2978/7312 2976/7309
f 3026/7311 2980/7314 2978/7312
f 3028/7246 3044/7316 2980/7314
f 3029/7315 2983/7319 3044/7316
f 3031/7318 2985/7322 2983/7319
f 3033/7321 3045/7325 2985/7322
f 3034/7324 3046/7327 3045/7325
f 3035/7261 3049/15078 3046/7327
f 3146/7332 3051/7335 3050/7331
f 3146/7333 3052/7336 3053/7334
f 3052/7336 3054/7339 3055/7337
f 3054/7339 3056/7344 3057/7340
f 3147/7342 3058/7346 3057/7343
f 3059/7345 3060/7349 3058/7346
f 3061/7348 3062/7352 3060/7349
f 3063/7351 3064/7355 3062/7352
f 3148/7354 3065/7359 3064/7355
f 3148/7357 3066/7360 3067/7358
f 3066/7360 3068/7363 3069/7361
f 3068/7363 3070/7368 3071/7364
f 3149/7366 3072/7370 3071/7367
f 3073/7369 3074/7374 3072/7370
f 3073/7372 3075/7375 3076/7373
f 3075/7375 3150/7378 3077/7376
f 3150/7378 3078/7383 3079/7379
f 3080/7381 3081/7386 3079/7382
f 3080/7384 3151/7387 3082/7385
f 3151/7387 3152/7390 3083/7388
f 3152/7390 3084/7393 3085/7391
f 3084/7393 3153/7396 3086/7394
f 3153/7396 3154/7399 3087/7397
f 3154/7399 3155/7402 3088/7400
f 3155/7402 3156/7405 3089/7403
f 3156/7405 3158/15079 3090/7406
f 3051/7410 3091/7411 3107/7409
f 3053/7334 3092/7414 3091/7411
f 3053/7412 3055/7337 3093/7413
f 3055/7415 3057/7340 3112/7416
f 3057/7418 3058/7346 3114/7419
f 3058/7421 3060/7349 3094/7422
f 3060/7424 3062/7352 3095/7425
f 3062/7427 3064/7355 3118/7428
f 3064/7430 3065/7359 3096/7431
f 3065/7433 3067/7358 3121/7434
f 3067/7436 3069/7361 3123/7437
f 3069/7439 3071/7364 3125/7440
f 3072/7442 3097/7446 3125/7443
f 3074/7445 3098/7450 3097/7446
f 3074/7448 3076/7373 3099/7449
f 3076/7451 3077/7376 3130/7452
f 3077/7454 3079/7379 3100/7455
f 3081/7457 3101/7460 3100/7458
f 3082/7385 3102/7461 3101/7460
f 3083/7388 3103/7462 3102/7461
f 3085/7391 3104/7463 3103/7462
f 3086/7394 3137/7464 3104/7463
f 3087/7397 3139/7465 3137/7464
f 3088/7400 3105/7466 3139/7465
f 3089/7403 3106/7467 3105/7466
f 3090/7406 3143/7614 3106/7467
f 3091/7470 3109/7472 3108/7469
f 3092/7471 3110/7476 3109/7472
f 3092/7474 3093/7413 3111/7475
f 3093/7477 3112/7416 3113/7478
f 3112/7480 3114/7419 3115/7481
f 3114/7483 3094/7422 3116/7484
f 3094/7486 3095/7425 3117/7487
f 3095/7489 3118/7428 3119/7490
f 3118/7492 3096/7431 3120/7493
f 3096/7495 3121/7434 3122/7496
f 3121/7498 3123/7437 3124/7499
f 3123/7501 3125/7440 3126/7502
f 3097/7504 3127/7508 3126/7505
f 3098/7507 3128/7512 3127/7508
f 3098/7510 3099/7449 3129/7511
f 3099/7513 3130/7452 3131/7514
f 3130/7516 3100/7455 3132/7517
f 3101/7519 3133/7523 3132/7520
f 3102/7522 3134/7526 3133/7523
f 3103/7525 3135/7529 3134/7526
f 3104/7528 3136/7532 3135/7529
f 3137/7531 3138/7535 3136/7532
f 3139/7534 3140/7538 3138/7535
f 3105/7537 3141/7542 3140/7538
f 3105/7540 3106/7467 3142/7541
f 3106/7543 3143/7614 3144/7544
f 3109/7548 3146/7551 3145/7547
f 3109/7549 3110/7476 3052/7550
f 3110/7552 3111/7475 3054/7553
f 3113/7478 3056/7556 3054/7555
f 3115/7481 3147/7557 3056/7556
f 3116/7484 3059/7558 3147/7557
f 3117/7487 3061/7561 3059/7558
f 3117/7559 3119/7490 3063/7560
f 3119/7562 3120/7493 3148/7563
f 3120/7565 3122/7496 3066/7566
f 3122/7568 3124/7499 3068/7569
f 3124/7571 3126/7502 3070/7572
f 3127/7574 3149/7578 3070/7575
f 3128/7577 3073/7582 3149/7578
f 3128/7580 3129/7511 3075/7581
f 3129/7583 3131/7514 3150/7584
f 3131/7586 3132/7517 3078/7587
f 3133/7589 3080/7593 3078/7590
f 3134/7592 3151/7596 3080/7593
f 3135/7595 3152/7600 3151/7596
f 3135/7598 3136/7532 3084/7599
f 3136/7601 3138/7535 3153/7602
f 3138/7604 3140/7538 3154/7605
f 3141/7607 3155/7610 3154/7608
f 3142/7541 3156/7611 3155/7610
f 3144/7544 3158/7612 3156/7611
f 3161/7619 3162/7621 3160/7618
f 3163/7620 3164/7624 3162/7621
f 3249/7623 3165/7627 3164/7624
f 3166/7626 3167/7630 3165/7627
f 3168/7629 3169/7634 3167/7630
f 3168/7632 3170/7637 3171/7633
f 3172/7635 3173/7639 3171/7636
f 3250/7638 3174/7642 3173/7639
f 3251/7641 3175/7645 3174/7642
f 3176/7644 3177/7649 3175/7645
f 3176/7647 3252/7652 3178/7648
f 3253/7650 3179/7655 3178/7651
f 3253/7653 3180/7656 3181/7654
f 3180/7656 3182/7659 3183/7657
f 3182/7659 3254/7662 3184/7660
f 3254/7662 3185/7665 3186/7663
f 3185/7665 3255/7668 3187/7666
f 3255/7668 3256/7671 3188/7669
f 3256/7671 3189/7674 3190/7672
f 3189/7674 3191/7677 3192/7675
f 3191/7677 3257/7680 3193/7678
f 3257/7680 3258/7683 3194/7681
f 3258/7683 3259/7686 3195/7684
f 3259/7686 3260/7689 3196/7687
f 3260/7689 3261/15080 3197/7690
f 3160/7618 3162/7621 3214/7694
f 3162/7695 3164/7624 3198/7696
f 3164/7698 3165/7627 3217/7699
f 3165/7701 3167/7630 3199/7702
f 3167/7704 3169/7634 3200/7705
f 3169/7707 3171/7633 3221/7708
f 3171/7710 3173/7639 3201/7711
f 3173/7713 3174/7642 3224/7714
f 3174/7716 3175/7645 3226/7717
f 3175/7719 3177/7649 3202/7720
f 3177/7722 3178/7648 3203/7723
f 3178/7725 3179/7655 3204/7726
f 3181/7654 3205/7729 3204/7728
f 3183/7657 3232/7730 3205/7729
f 3184/7660 3206/7731 3232/7730
f 3186/7663 3207/7732 3206/7731
f 3187/7666 3236/7733 3207/7732
f 3188/7669 3208/7734 3236/7733
f 3190/7672 3209/7735 3208/7734
f 3192/7675 3240/7736 3209/7735
f 3193/7678 3242/7737 3240/7736
f 3194/7681 3244/7738 3242/7737
f 3195/7684 3210/7739 3244/7738
f 3196/7687 3211/7740 3210/7739
f 3197/7690 3263/7852 3211/7740
f 3214/7694 3215/7743 3213/7742
f 3198/7696 3216/7744 3215/7743
f 3217/7699 3218/7745 3216/7744
f 3199/7702 3219/7748 3218/7745
f 3199/7746 3200/7705 3220/7747
f 3200/7749 3221/7708 3222/7750
f 3221/7752 3201/7711 3223/7753
f 3201/7755 3224/7714 3225/7756
f 3226/7717 3227/7759 3225/7758
f 3202/7720 3228/7762 3227/7759
f 3202/7760 3203/7723 3229/7761
f 3204/7726 3230/7766 3229/7763
f 3204/7764 3205/7729 3231/7765
f 3205/7767 3232/7730 3233/7768
f 3232/7770 3206/7731 3234/7771
f 3206/7773 3207/7732 3235/7774
f 3207/7776 3236/7733 3237/7777
f 3236/7779 3208/7734 3238/7780
f 3208/7782 3209/7735 3239/7783
f 3209/7785 3240/7736 3241/7786
f 3240/7788 3242/7737 3243/7789
f 3242/7791 3244/7738 3245/7792
f 3244/7794 3210/7739 3246/7795
f 3210/7797 3211/7740 3247/7798
f 3211/7800 3263/7852 3248/7801
f 3213/7742 3215/7743 3161/7805
f 3215/7806 3216/7744 3163/7807
f 3216/7809 3218/7745 3249/7810
f 3218/7812 3219/7748 3166/7813
f 3219/7815 3220/7747 3168/7816
f 3222/7750 3170/7821 3168/7818
f 3222/7819 3223/7753 3172/7820
f 3223/7822 3225/7756 3250/7823
f 3225/7825 3227/7759 3251/7826
f 3227/7828 3228/7762 3176/7829
f 3228/7831 3229/7761 3252/7832
f 3229/7834 3230/7766 3253/7835
f 3231/7765 3180/7838 3253/7837
f 3233/7768 3182/7839 3180/7838
f 3234/7771 3254/7840 3182/7839
f 3235/7774 3185/7841 3254/7840
f 3237/7777 3255/7842 3185/7841
f 3238/7780 3256/7843 3255/7842
f 3239/7783 3189/7844 3256/7843
f 3241/7786 3191/7845 3189/7844
f 3243/7789 3257/7846 3191/7845
f 3245/7792 3258/7847 3257/7846
f 3246/7795 3259/7848 3258/7847
f 3247/7798 3260/7849 3259/7848
f 3248/7801 3261/7850 3260/7849
f 3350/7854 3341/7857 3264/7855
f 3341/7857 3342/7860 3265/7858
f 3342/7860 3266/7865 3267/7861
f 3343/7863 3268/7868 3267/7864
f 3343/7866 3269/7869 3270/7867
f 3269/7869 3344/7872 3271/7870
f 3344/7872 3272/7875 3273/7873
f 3272/7875 3274/7880 3275/7876
f 3276/7878 3277/7882 3275/7879
f 3278/7881 3279/7885 3277/7882
f 3345/7884 3280/7888 3279/7885
f 3346/7887 3281/7891 3280/7888
f 3282/7890 3283/7894 3281/7891
f 3284/7893 3285/7897 3283/7894
f 3286/7896 3287/7900 3285/7897
f 3288/7899 3289/7903 3287/7900
f 3347/7902 3290/7906 3289/7903
f 3348/7905 3291/7909 3290/7906
f 3292/7908 3293/7912 3291/7909
f 3349/7911 3294/7915 3293/7912
f 3295/7914 3296/7918 3294/7915
f 3353/7917 3354/8086 3296/7918
f 3264/7855 3297/7921 3313/7920
f 3265/7858 3298/7924 3297/7921
f 3265/7922 3267/7861 3299/7923
f 3267/7925 3268/7868 3300/7926
f 3268/7928 3270/7867 3301/7929
f 3270/7931 3271/7870 3302/7932
f 3271/7934 3273/7873 3303/7935
f 3273/7937 3275/7876 3304/7938
f 3277/7940 3305/7944 3304/7941
f 3279/7943 3323/7947 3305/7944
f 3280/7946 3306/7950 3323/7947
f 3281/7949 3307/7954 3306/7950
f 3281/7952 3283/7894 3308/7953
f 3283/7955 3285/7897 3309/7956
f 3285/7958 3287/7900 3329/7959
f 3287/7961 3289/7903 3331/7962
f 3289/7964 3290/7906 3310/7965
f 3290/7967 3291/7909 3334/7968
f 3291/7970 3293/7912 3336/7971
f 3293/7973 3294/7915 3311/7974
f 3294/7976 3296/7918 3312/7977
f 3296/7979 3354/8086 3340/7980
f 3313/7982 3297/7921 3314/7983
f 3297/7985 3298/7924 3315/7986
f 3298/7988 3299/7923 3316/7989
f 3299/7991 3300/7926 3317/7992
f 3301/7929 3318/7997 3317/7994
f 3301/7995 3302/7932 3319/7996
f 3302/7998 3303/7935 3320/7999
f 3303/8001 3304/7938 3321/8002
f 3305/8004 3322/8008 3321/8005
f 3323/8007 3324/8011 3322/8008
f 3306/8010 3325/8014 3324/8011
f 3307/8013 3326/8016 3325/8014
f 3308/7953 3327/8017 3326/8016
f 3309/7956 3328/8018 3327/8017
f 3329/7959 3330/8019 3328/8018
f 3331/7962 3332/8020 3330/8019
f 3310/7965 3333/8021 3332/8020
f 3334/7968 3335/8022 3333/8021
f 3336/7971 3337/8023 3335/8022
f 3311/7974 3338/8024 3337/8023
f 3312/7977 3339/8025 3338/8024
f 3340/7980 3355/8088 3339/8025
f 3314/7983 3341/8027 3350/8026
f 3315/7986 3342/8028 3341/8027
f 3316/7989 3266/8029 3342/8028
f 3317/7992 3343/8031 3266/8029
f 3318/8030 3269/8035 3343/8031
f 3318/8033 3319/7996 3344/8034
f 3319/8036 3320/7999 3272/8037
f 3320/8039 3321/8002 3274/8040
f 3322/8042 3276/8046 3274/8043
f 3324/8045 3278/8049 3276/8046
f 3325/8048 3345/8052 3278/8049
f 3326/8051 3346/8056 3345/8052
f 3326/8054 3327/8017 3282/8055
f 3327/8057 3328/8018 3284/8058
f 3328/8060 3330/8019 3286/8061
f 3330/8063 3332/8020 3288/8064
f 3332/8066 3333/8021 3347/8067
f 3333/8069 3335/8022 3348/8070
f 3335/8072 3337/8023 3292/8073
f 3337/8075 3338/8024 3349/8076
f 3338/8078 3339/8025 3295/8079
f 3339/8081 3355/8088 3353/8082
f 3356/8090 3359/8093 3360/8092
f 3359/8093 3361/8096 3362/8094
f 3361/8096 3363/8099 3364/8097
f 3363/8099 3365/8102 3366/8100
f 3365/8102 3367/8105 3368/8103
f 3367/8105 3369/8108 3370/8106
f 3369/8108 3371/8111 3372/8109
f 3371/8111 3373/8114 3374/8112
f 3373/8114 3375/8119 3376/8115
f 3377/8117 3378/8121 3376/8118
f 3379/8120 3380/8124 3378/8121
f 3381/8123 3382/8127 3380/8124
f 3383/8126 3384/8130 3382/8127
f 3385/8129 3386/8133 3384/8130
f 3387/8132 3388/8136 3386/8133
f 3389/8135 3390/8139 3388/8136
f 3391/8138 3392/8142 3390/8139
f 3393/8141 3394/15081 3392/8142
f 3360/8092 3396/8146 3395/8145
f 3362/8094 3397/8147 3396/8146
f 3364/8097 3398/8148 3397/8147
f 3366/8100 3399/8149 3398/8148
f 3368/8103 3400/8150 3399/8149
f 3370/8106 3401/8151 3400/8150
f 3372/8109 3402/8152 3401/8151
f 3374/8112 3403/8155 3402/8152
f 3374/8153 3376/8115 3404/8154
f 3376/8156 3378/8121 3405/8157
f 3378/8159 3380/8124 3406/8160
f 3380/8162 3382/8127 3407/8163
f 3382/8165 3384/8130 3408/8166
f 3384/8168 3386/8133 3409/8169
f 3386/8171 3388/8136 3410/8172
f 3388/8174 3390/8139 3411/8175
f 3390/8177 3392/8142 3412/8178
f 3392/8180 3394/15081 3413/8181
f 3414/8183 3415/8186 3416/8184
f 3415/8186 3418/8189 3419/8187
f 3418/8189 3420/8192 3421/8190
f 3420/8192 3422/8195 3423/8193
f 3422/8195 3424/8198 3425/8196
f 3424/8198 3426/8201 3427/8199
f 3426/8201 3428/8204 3429/8202
f 3428/8204 3430/8207 3431/8205
f 3430/8207 3432/8210 3433/8208
f 3432/8210 3434/8213 3435/8211
f 3434/8213 3436/8216 3437/8214
f 3436/8216 3438/8221 3439/8217
f 3440/8219 3441/8223 3439/8220
f 3442/8222 3443/8226 3441/8223
f 3444/8225 3445/8229 3443/8226
f 3446/8228 3447/8232 3445/8229
f 3448/8231 3449/8235 3447/8232
f 3450/8234 3451/15082 3449/8235
f 3416/8184 3452/8238 3453/8237
f 3419/8187 3454/8239 3452/8238
f 3421/8190 3455/8240 3454/8239
f 3423/8193 3456/8241 3455/8240
f 3425/8196 3457/8242 3456/8241
f 3427/8199 3458/8243 3457/8242
f 3429/8202 3459/8244 3458/8243
f 3431/8205 3460/8245 3459/8244
f 3433/8208 3461/8246 3460/8245
f 3435/8211 3462/8247 3461/8246
f 3437/8214 3463/8248 3462/8247
f 3439/8217 3464/8251 3463/8248
f 3439/8249 3441/8223 3465/8250
f 3441/8252 3443/8226 3466/8253
f 3443/8255 3445/8229 3467/8256
f 3445/8258 3447/8232 3468/8259
f 3447/8261 3449/8235 3469/8262
f 3449/8264 3451/15082 3470/8265
f 3471/8267 3472/8270 3473/8268
f 3472/8270 3475/8273 3476/8271
f 3475/8273 3477/8276 3478/8274
f 3477/8276 3479/8279 3480/8277
f 3479/8279 3481/8282 3482/8280
f 3481/8282 3483/8285 3484/8283
f 3483/8285 3485/8288 3486/8286
f 3485/8288 3487/8291 3488/8289
f 3487/8291 3489/8294 3490/8292
f 3489/8294 3491/8297 3492/8295
f 3491/8297 3493/8300 3494/8298
f 3493/8300 3495/8305 3496/8301
f 3497/8303 3498/8307 3496/8304
f 3499/8306 3500/8310 3498/8307
f 3501/8309 3502/8313 3500/8310
f 3503/8312 3504/8316 3502/8313
f 3505/8315 3506/8319 3504/8316
f 3507/8318 3508/15083 3506/8319
f 3473/8268 3509/8322 3510/8321
f 3476/8271 3511/8323 3509/8322
f 3478/8274 3512/8324 3511/8323
f 3480/8277 3513/8325 3512/8324
f 3482/8280 3514/8326 3513/8325
f 3484/8283 3515/8327 3514/8326
f 3486/8286 3516/8328 3515/8327
f 3488/8289 3517/8329 3516/8328
f 3490/8292 3518/8330 3517/8329
f 3492/8295 3519/8331 3518/8330
f 3494/8298 3520/8332 3519/8331
f 3496/8301 3521/8335 3520/8332
f 3496/8333 3498/8307 3522/8334
f 3498/8336 3500/8310 3523/8337
f 3500/8339 3502/8313 3524/8340
f 3502/8342 3504/8316 3525/8343
f 3504/8345 3506/8319 3526/8346
f 3506/8348 3508/15083 3527/8349
f 3528/8352 3531/8355 3532/8354
f 3531/8355 3533/8358 3534/8356
f 3533/8358 3535/8361 3536/8359
f 3535/8361 3537/8364 3538/8362
f 3537/8364 3539/8367 3540/8365
f 3539/8367 3541/8370 3542/8368
f 3541/8370 3543/8373 3544/8371
f 3543/8373 3545/8378 3546/8374
f 3547/8376 3548/8380 3546/8377
f 3549/8379 3550/8383 3548/8380
f 3551/8382 3552/8386 3550/8383
f 3553/8385 3554/8389 3552/8386
f 3555/8388 3556/8392 3554/8389
f 3557/8391 3558/8395 3556/8392
f 3559/8394 3560/8398 3558/8395
f 3561/8397 3562/8401 3560/8398
f 3563/8400 3564/8404 3562/8401
f 3565/8403 3566/15084 3564/8404
f 3532/8354 3568/8408 3567/8407
f 3534/8356 3569/8409 3568/8408
f 3536/8359 3570/8410 3569/8409
f 3538/8362 3571/8411 3570/8410
f 3540/8365 3572/8412 3571/8411
f 3542/8368 3573/8413 3572/8412
f 3544/8371 3574/8416 3573/8413
f 3544/8414 3546/8374 3575/8415
f 3546/8417 3548/8380 3576/8418
f 3548/8420 3550/8383 3577/8421
f 3550/8423 3552/8386 3578/8424
f 3552/8426 3554/8389 3579/8427
f 3554/8429 3556/8392 3580/8430
f 3556/8432 3558/8395 3581/8433
f 3558/8435 3560/8398 3582/8436
f 3560/8438 3562/8401 3583/8439
f 3562/8441 3564/8404 3584/8442
f 3564/8444 3566/15084 3585/8445
f 3586/8447 3587/8450 3588/8448
f 3587/8450 3590/8453 3591/8451
f 3590/8453 3592/8456 3593/8454
f 3592/8456 3594/8459 3595/8457
f 3594/8459 3596/8462 3597/8460
f 3596/8462 3598/8465 3599/8463
f 3598/8465 3600/8468 3601/8466
f 3600/8468 3602/8471 3603/8469
f 3602/8471 3604/8474 3605/8472
f 3604/8474 3606/8477 3607/8475
f 3606/8477 3608/8480 3609/8478
f 3608/8480 3610/8485 3611/8481
f 3612/8483 3613/8487 3611/8484
f 3614/8486 3615/8490 3613/8487
f 3616/8489 3617/8493 3615/8490
f 3618/8492 3619/8496 3617/8493
f 3620/8495 3621/8499 3619/8496
f 3622/8498 3623/15085 3621/8499
f 3588/8448 3624/8502 3625/8501
f 3591/8451 3626/8503 3624/8502
f 3593/8454 3627/8504 3626/8503
f 3595/8457 3628/8505 3627/8504
f 3597/8460 3629/8506 3628/8505
f 3599/8463 3630/8507 3629/8506
f 3601/8466 3631/8508 3630/8507
f 3603/8469 3632/8509 3631/8508
f 3605/8472 3633/8510 3632/8509
f 3607/8475 3634/8511 3633/8510
f 3609/8478 3635/8512 3634/8511
f 3611/8481 3636/8514 3635/8512
f 3613/8513 3637/8518 3636/8514
f 3613/8516 3615/8490 3638/8517
f 3615/8519 3617/8493 3639/8520
f 3617/8522 3619/8496 3640/8523
f 3619/8525 3621/8499 3641/8526
f 3621/8528 3623/15085 3642/8529
f 3643/8532 3646/8535 3647/8534
f 3646/8535 3648/8538 3649/8536
f 3648/8538 3650/8541 3651/8539
f 3650/8541 3652/8544 3653/8542
f 3652/8544 3654/8547 3655/8545
f 3654/8547 3656/8550 3657/8548
f 3656/8550 3658/8553 3659/8551
f 3658/8553 3660/8556 3661/8554
f 3660/8556 3662/8559 3663/8557
f 3662/8559 3664/8562 3665/8560
f 3664/8562 3666/8565 3667/8563
f 3666/8565 3668/8570 3669/8566
f 3670/8568 3671/8572 3669/8569
f 3672/8571 3673/8575 3671/8572
f 3674/8574 3675/8578 3673/8575
f 3676/8577 3677/8581 3675/8578
f 3678/8580 3679/8584 3677/8581
f 3680/8583 3681/8587 3679/8584
f 3682/8586 3683/15086 3681/8587
f 3647/8534 3685/8591 3684/8590
f 3649/8536 3686/8592 3685/8591
f 3651/8539 3687/8593 3686/8592
f 3653/8542 3688/8594 3687/8593
f 3655/8545 3689/8595 3688/8594
f 3657/8548 3690/8596 3689/8595
f 3659/8551 3691/8597 3690/8596
f 3661/8554 3692/8598 3691/8597
f 3663/8557 3693/8599 3692/8598
f 3665/8560 3694/8600 3693/8599
f 3667/8563 3695/8601 3694/8600
f 3669/8566 3696/8604 3695/8601
f 3669/8602 3671/8572 3697/8603
f 3671/8605 3673/8575 3698/8606
f 3673/8608 3675/8578 3699/8609
f 3675/8611 3677/8581 3700/8612
f 3677/8614 3679/8584 3701/8615
f 3679/8617 3681/8587 3702/8618
f 3681/8620 3683/15086 3703/8621
f 3705/8623 3706/8627 3707/8624
f 3708/8626 3709/8630 3706/8627
f 3710/8629 3711/8633 3709/8630
f 3712/8632 3713/8636 3711/8633
f 3714/8635 3715/8639 3713/8636
f 3716/8638 3717/8642 3715/8639
f 3718/8641 3719/8646 3717/8642
f 3718/8644 3720/8647 3721/8645
f 3720/8647 3722/8650 3723/8648
f 3722/8650 3724/8655 3725/8651
f 3726/8653 3727/8657 3725/8654
f 3728/8656 3729/8660 3727/8657
f 3730/8659 3731/8663 3729/8660
f 3732/8662 3733/8667 3731/8663
f 3732/8665 3734/8668 3735/8666
f 3734/8668 3736/8671 3737/8669
f 3736/8671 3738/8674 3739/8672
f 3738/8674 3740/8677 3741/8675
f 3740/8677 3742/15087 3743/8678
f 3707/8680 3706/8627 3744/8681
f 3706/8683 3709/8630 3746/8684
f 3709/8686 3711/8633 3747/8687
f 3711/8689 3713/8636 3748/8690
f 3713/8692 3715/8639 3749/8693
f 3715/8695 3717/8642 3750/8696
f 3717/8698 3719/8646 3751/8699
f 3721/8645 3752/8702 3751/8701
f 3723/8648 3753/8703 3752/8702
f 3725/8651 3754/8706 3753/8703
f 3725/8704 3727/8657 3755/8705
f 3727/8707 3729/8660 3756/8708
f 3729/8710 3731/8663 3757/8711
f 3731/8713 3733/8667 3758/8714
f 3735/8666 3759/8717 3758/8716
f 3737/8669 3760/8718 3759/8717
f 3739/8672 3761/8719 3760/8718
f 3741/8675 3762/8720 3761/8719
f 3743/8678 3763/15088 3762/8720
f 3764/8721 3765/8724 3766/8722
f 3765/8724 3768/8727 3769/8725
f 3768/8727 3770/8732 3771/8728
f 3772/8730 3773/8734 3771/8731
f 3774/8733 3775/8738 3773/8734
f 3774/8736 3776/8739 3777/8737
f 3776/8739 3778/8742 3779/8740
f 3778/8742 3780/8747 3781/8743
f 3782/8745 3783/8750 3781/8746
f 3782/8748 3784/8751 3785/8749
f 3784/8751 3786/8756 3787/8752
f 3788/8754 3789/8758 3787/8755
f 3790/8757 3791/8761 3789/8758
f 3792/8760 3793/8765 3791/8761
f 3792/8763 3794/8768 3795/8764
f 3796/8766 3797/8770 3795/8767
f 3798/8769 3799/8773 3797/8770
f 3800/8772 3801/8776 3799/8773
f 3802/8775 3803/15089 3801/8776
f 3766/8722 3804/8779 3805/8778
f 3769/8725 3806/8780 3804/8779
f 3771/8728 3807/8783 3806/8780
f 3771/8781 3773/8734 3808/8782
f 3773/8784 3775/8738 3809/8785
f 3777/8737 3810/8788 3809/8787
f 3779/8740 3811/8789 3810/8788
f 3781/8743 3812/8792 3811/8789
f 3781/8790 3783/8750 3813/8791
f 3785/8749 3814/8794 3813/8793
f 3787/8752 3815/8797 3814/8794
f 3787/8795 3789/8758 3816/8796
f 3789/8798 3791/8761 3817/8799
f 3791/8801 3793/8765 3818/8802
f 3795/8764 3819/8807 3818/8804
f 3795/8805 3797/8770 3820/8806
f 3797/8808 3799/8773 3821/8809
f 3799/8811 3801/8776 3822/8812
f 3801/8814 3803/15089 3823/8815
f 3824/8818 3827/8821 3828/8820
f 3827/8821 3829/8824 3830/8822
f 3829/8824 3831/8827 3832/8825
f 3831/8827 3833/8830 3834/8828
f 3833/8830 3835/8833 3836/8831
f 3835/8833 3837/8836 3838/8834
f 3837/8836 3839/8839 3840/8837
f 3839/8839 3841/8842 3842/8840
f 3841/8842 3843/8847 3844/8843
f 3845/8845 3846/8849 3844/8846
f 3847/8848 3848/8852 3846/8849
f 3849/8851 3850/8855 3848/8852
f 3851/8854 3852/8858 3850/8855
f 3853/8857 3854/8861 3852/8858
f 3855/8860 3856/8864 3854/8861
f 3857/8863 3858/8867 3856/8864
f 3859/8866 3860/8870 3858/8867
f 3861/8869 3862/8873 3860/8870
f 3863/8872 3883/15090 3862/8873
f 3828/8820 3865/8877 3864/8876
f 3830/8822 3866/8878 3865/8877
f 3832/8825 3867/8879 3866/8878
f 3834/8828 3868/8880 3867/8879
f 3836/8831 3869/8881 3868/8880
f 3838/8834 3870/8882 3869/8881
f 3840/8837 3871/8883 3870/8882
f 3842/8840 3872/8884 3871/8883
f 3844/8843 3873/8887 3872/8884
f 3844/8885 3846/8849 3874/8886
f 3846/8888 3848/8852 3875/8889
f 3848/8891 3850/8855 3876/8892
f 3850/8894 3852/8858 3877/8895
f 3852/8897 3854/8861 3878/8898
f 3854/8900 3856/8864 3879/8901
f 3856/8903 3858/8867 3880/8904
f 3858/8906 3860/8870 3881/8907
f 3860/8909 3862/8873 3882/8910
f 3885/8916 3887/8919 3888/8918
f 3887/8919 3889/8922 3890/8920
f 3889/8922 3891/8925 3892/8923
f 3891/8925 3893/8928 3894/8926
f 3893/8928 3895/8931 3896/8929
f 3895/8931 3897/8934 3898/8932
f 3897/8934 3899/8937 3900/8935
f 3899/8937 3901/8940 3902/8938
f 3901/8940 3903/8945 3904/8941
f 3905/8943 3906/8947 3904/8944
f 3907/8946 3908/8950 3906/8947
f 3909/8949 3910/8953 3908/8950
f 3911/8952 3912/8956 3910/8953
f 3913/8955 3914/8959 3912/8956
f 3915/8958 3916/8962 3914/8959
f 3917/8961 3918/8965 3916/8962
f 3919/8964 3920/8968 3918/8965
f 3921/8967 3922/8972 3920/8968
f 3888/8918 3925/8975 3924/8974
f 3890/8920 3926/8976 3925/8975
f 3892/8923 3927/8977 3926/8976
f 3894/8926 3928/8978 3927/8977
f 3896/8929 3929/8979 3928/8978
f 3898/8932 3930/8980 3929/8979
f 3900/8935 3931/8981 3930/8980
f 3902/8938 3932/8982 3931/8981
f 3904/8941 3933/8985 3932/8982
f 3904/8983 3906/8947 3934/8984
f 3906/8986 3908/8950 3935/8987
f 3908/8989 3910/8953 3936/8990
f 3910/8992 3912/8956 3937/8993
f 3912/8995 3914/8959 3938/8996
f 3914/8998 3916/8962 3939/8999
f 3916/9001 3918/8965 3940/9002
f 3918/9004 3920/8968 3941/9005
f 3920/9007 3922/8972 3942/9008
f 3922/9010 3923/8971 3943/9011
f 4335/9013 3944/9016 3945/9014
f 3944/9016 3947/9019 3948/9017
f 3947/9019 3949/9022 3950/9020
f 3949/9022 3951/9025 3952/9023
f 3951/9025 3953/9028 3954/9026
f 3953/9028 3955/9031 3956/9029
f 3955/9031 3957/9034 3958/9032
f 3957/9034 3959/9037 3960/9035
f 3959/9037 3961/9040 3962/9038
f 3961/9040 3963/9043 3964/9041
f 3963/9043 3965/9046 3966/9044
f 3965/9046 3967/9049 3968/9047
f 3967/9049 3969/9052 3970/9050
f 3969/9052 3971/9057 3972/9053
f 3973/9055 3974/9059 3972/9056
f 3975/9058 3976/9062 3974/9059
f 3977/9061 3978/9065 3976/9062
f 3979/9064 3980/9068 3978/9065
f 3981/9067 3982/9071 3980/9068
f 3983/9070 3984/9074 3982/9071
f 3985/9073 3986/9077 3984/9074
f 3987/9076 3988/9080 3986/9077
f 3989/9079 3990/9083 3988/9080
f 3991/9082 3992/9086 3990/9083
f 3993/9085 3994/9089 3992/9086
f 3995/9088 3996/9093 3994/9089
f 3945/9014 3997/9095 3998/9094
f 3948/9017 3999/9096 3997/9095
f 3950/9020 4000/9097 3999/9096
f 3952/9023 4001/9098 4000/9097
f 3954/9026 4002/9099 4001/9098
f 3956/9029 4003/9100 4002/9099
f 3958/9032 4004/9101 4003/9100
f 3960/9035 4005/9102 4004/9101
f 3962/9038 4006/9103 4005/9102
f 3964/9041 4007/9104 4006/9103
f 3966/9044 4008/9105 4007/9104
f 3968/9047 4009/9106 4008/9105
f 3970/9050 4010/9107 4009/9106
f 3972/9053 4011/9109 4010/9107
f 3974/9108 4012/9112 4011/9109
f 3976/9111 4013/9115 4012/9112
f 3978/9114 4014/9119 4013/9115
f 3978/9117 3980/9068 4015/9118
f 3980/9120 3982/9071 4016/9121
f 3982/9123 3984/9074 4017/9124
f 3984/9126 3986/9077 4018/9127
f 3986/9129 3988/9080 4019/9130
f 3988/9132 3990/9083 4020/9133
f 3990/9135 3992/9086 4021/9136
f 3992/9138 3994/9089 4022/9139
f 3994/9141 3996/9093 4023/9142
f 4025/9146 4026/9149 4027/9147
f 4026/9149 4029/9152 4030/9150
f 4029/9152 4031/9155 4032/9153
f 4031/9155 4033/9158 4034/9156
f 4033/9158 4035/9161 4036/9159
f 4035/9161 4037/9164 4038/9162
f 4037/9164 4039/9167 4040/9165
f 4039/9167 4041/9170 4042/9168
f 4041/9170 4043/9173 4044/9171
f 4043/9173 4045/9176 4046/9174
f 4045/9176 4047/9179 4048/9177
f 4047/9179 4049/9182 4050/9180
f 4049/9182 4051/9185 4052/9183
f 4051/9185 4053/9188 4054/9186
f 4053/9188 4055/9191 4056/9189
f 4055/9191 4057/9194 4058/9192
f 4057/9194 4059/9197 4060/9195
f 4059/9197 4061/9200 4062/9198
f 4061/9200 4063/9203 4064/9201
f 4063/9203 4065/9206 4066/9204
f 4065/9206 4067/9209 4068/9207
f 4067/9209 4069/9212 4070/9210
f 4069/9212 4071/9215 4072/9213
f 4071/9215 4073/9218 4074/9216
f 4073/9218 4075/9221 4076/9219
f 4075/9221 4077/9224 4078/9222
f 4077/9224 4079/9227 4080/9225
f 4079/9227 4081/15091 4082/9228
f 4027/9147 4083/9231 4084/9230
f 4030/9150 4085/9232 4083/9231
f 4032/9153 4086/9233 4085/9232
f 4034/9156 4087/9234 4086/9233
f 4036/9159 4088/9235 4087/9234
f 4038/9162 4089/9236 4088/9235
f 4040/9165 4090/9237 4089/9236
f 4042/9168 4091/9238 4090/9237
f 4044/9171 4092/9239 4091/9238
f 4046/9174 4093/9240 4092/9239
f 4048/9177 4094/9241 4093/9240
f 4050/9180 4095/9242 4094/9241
f 4052/9183 4096/9243 4095/9242
f 4054/9186 4097/9244 4096/9243
f 4056/9189 4098/9245 4097/9244
f 4058/9192 4099/9246 4098/9245
f 4060/9195 4100/9247 4099/9246
f 4062/9198 4101/9248 4100/9247
f 4064/9201 4102/9249 4101/9248
f 4066/9204 4103/9250 4102/9249
f 4068/9207 4104/9251 4103/9250
f 4070/9210 4105/9252 4104/9251
f 4072/9213 4106/9253 4105/9252
f 4074/9216 4107/9254 4106/9253
f 4076/9219 4108/9255 4107/9254
f 4078/9222 4109/9256 4108/9255
f 4080/9225 4110/9257 4109/9256
f 4082/9228 4111/15092 4110/9257
f 4112/9258 4113/9261 4114/9259
f 4113/9261 4116/9264 4117/9262
f 4116/9264 4118/9267 4119/9265
f 4118/9267 4120/9270 4121/9268
f 4120/9270 4122/9273 4123/9271
f 4122/9273 4124/9276 4125/9274
f 4124/9276 4126/9279 4127/9277
f 4126/9279 4128/9282 4129/9280
f 4128/9282 4130/9285 4131/9283
f 4130/9285 4132/9288 4133/9286
f 4132/9288 4134/9291 4135/9289
f 4134/9291 4136/9296 4137/9292
f 4138/9294 4139/9298 4137/9295
f 4140/9297 4141/9301 4139/9298
f 4142/9300 4143/9304 4141/9301
f 4144/9303 4145/9307 4143/9304
f 4146/9306 4147/9310 4145/9307
f 4148/9309 4149/9313 4147/9310
f 4150/9312 4151/9317 4149/9313
f 4150/9315 4152/9318 4153/9316
f 4152/9318 4154/9321 4155/9319
f 4154/9321 4156/9324 4157/9322
f 4156/9324 4158/9327 4159/9325
f 4158/9327 4160/9330 4161/9328
f 4160/9330 4162/9333 4163/9331
f 4162/9333 4164/9336 4165/9334
f 4164/9336 4166/15093 4167/9337
f 4114/9259 4168/9340 4169/9339
f 4117/9262 4170/9341 4168/9340
f 4119/9265 4171/9342 4170/9341
f 4121/9268 4172/9343 4171/9342
f 4123/9271 4173/9344 4172/9343
f 4125/9274 4174/9345 4173/9344
f 4127/9277 4175/9346 4174/9345
f 4129/9280 4176/9347 4175/9346
f 4131/9283 4177/9348 4176/9347
f 4133/9286 4178/9349 4177/9348
f 4135/9289 4179/9350 4178/9349
f 4137/9292 4180/9352 4179/9350
f 4139/9351 4181/9355 4180/9352
f 4141/9354 4182/9358 4181/9355
f 4143/9357 4183/9361 4182/9358
f 4145/9360 4184/9364 4183/9361
f 4147/9363 4185/9367 4184/9364
f 4149/9366 4186/9370 4185/9367
f 4151/9369 4187/9372 4186/9370
f 4153/9316 4188/9373 4187/9372
f 4155/9319 4189/9374 4188/9373
f 4157/9322 4190/9375 4189/9374
f 4159/9325 4191/9376 4190/9375
f 4161/9328 4192/9377 4191/9376
f 4163/9331 4193/9378 4192/9377
f 4165/9334 4194/9379 4193/9378
f 4167/9337 4195/15094 4194/9379
f 4196/9380 4197/9383 4198/9381
f 4197/9383 4200/9386 4201/9384
f 4200/9386 4202/9389 4203/9387
f 4202/9389 4204/9392 4205/9390
f 4204/9392 4206/9395 4207/9393
f 4206/9395 4208/9398 4209/9396
f 4208/9398 4210/9401 4211/9399
f 4210/9401 4212/9404 4213/9402
f 4212/9404 4214/9407 4215/9405
f 4214/9407 4216/9410 4217/9408
f 4216/9410 4218/9413 4219/9411
f 4218/9413 4220/9416 4221/9414
f 4220/9416 4222/9419 4223/9417
f 4222/9419 4224/9422 4225/9420
f 4224/9422 4226/9425 4227/9423
f 4226/9425 4228/9428 4229/9426
f 4228/9428 4230/9433 4231/9429
f 4232/9431 4233/9435 4231/9432
f 4234/9434 4235/9439 4233/9435
f 4234/9437 4236/9440 4237/9438
f 4236/9440 4238/9443 4239/9441
f 4238/9443 4240/9448 4241/9444
f 4242/9446 4243/9450 4241/9447
f 4244/9449 4245/9453 4243/9450
f 4246/9452 4247/9456 4245/9453
f 4248/9455 4249/9493 4247/9456
f 4198/9381 4250/9459 4251/9458
f 4201/9384 4252/9460 4250/9459
f 4203/9387 4253/9461 4252/9460
f 4205/9390 4254/9462 4253/9461
f 4207/9393 4255/9463 4254/9462
f 4209/9396 4256/9464 4255/9463
f 4211/9399 4257/9465 4256/9464
f 4213/9402 4258/9466 4257/9465
f 4215/9405 4259/9467 4258/9466
f 4217/9408 4260/9468 4259/9467
f 4219/9411 4261/9469 4260/9468
f 4221/9414 4262/9470 4261/9469
f 4223/9417 4263/9471 4262/9470
f 4225/9420 4264/9472 4263/9471
f 4227/9423 4265/9473 4264/9472
f 4229/9426 4266/9474 4265/9473
f 4231/9429 4267/9476 4266/9474
f 4233/9475 4268/9479 4267/9476
f 4235/9478 4269/9481 4268/9479
f 4237/9438 4270/9482 4269/9481
f 4239/9441 4271/9483 4270/9482
f 4241/9444 4272/9485 4271/9483
f 4243/9484 4273/9488 4272/9485
f 4245/9487 4274/9491 4273/9488
f 4247/9490 4275/9494 4274/9491
f 4249/9493 4276/15095 4275/9494
f 4277/9496 4278/9499 4279/9497
f 4278/9499 4281/9502 4282/9500
f 4281/9502 4283/9505 4284/9503
f 4283/9505 4285/9508 4286/9506
f 4285/9508 4287/9511 4288/9509
f 4287/9511 4289/9514 4290/9512
f 4289/9514 4291/9517 4292/9515
f 4291/9517 4293/9520 4294/9518
f 4293/9520 4295/9523 4296/9521
f 4295/9523 4297/9526 4298/9524
f 4297/9526 4299/9529 4300/9527
f 4299/9529 4301/9532 4302/9530
f 4301/9532 4303/9535 4304/9533
f 4303/9535 4305/9538 4306/9536
f 4305/9538 4307/9541 4308/9539
f 4307/9541 4309/9544 4310/9542
f 4309/9544 4311/9549 4312/9545
f 4313/9547 4314/9551 4312/9548
f 4315/9550 4316/9554 4314/9551
f 4317/9553 4318/9557 4316/9554
f 4319/9556 4320/9560 4318/9557
f 4321/9559 4322/9563 4320/9560
f 4323/9562 4324/9566 4322/9563
f 4325/9565 4326/9569 4324/9566
f 4327/9568 4328/9572 4326/9569
f 4329/9571 4330/9575 4328/9572
f 4331/9574 4332/9579 4330/9575
f 4279/9497 4334/9581 4335/9580
f 4282/9500 4336/9582 4334/9581
f 4284/9503 4337/9583 4336/9582
f 4286/9506 4338/9584 4337/9583
f 4288/9509 4339/9585 4338/9584
f 4290/9512 4340/9586 4339/9585
f 4292/9515 4341/9587 4340/9586
f 4294/9518 4342/9588 4341/9587
f 4296/9521 4343/9589 4342/9588
f 4298/9524 4344/9590 4343/9589
f 4300/9527 4345/9591 4344/9590
f 4302/9530 4346/9592 4345/9591
f 4304/9533 4347/9595 4346/9592
f 4304/9593 4306/9536 4348/9594
f 4306/9596 4308/9539 4349/9597
f 4308/9599 4310/9542 4350/9600
f 4310/9602 4312/9545 4351/9603
f 4312/9605 4314/9551 4352/9606
f 4314/9608 4316/9554 4353/9609
f 4316/9611 4318/9557 4354/9612
f 4318/9614 4320/9560 4355/9615
f 4320/9617 4322/9563 4356/9618
f 4322/9620 4324/9566 4357/9621
f 4324/9623 4326/9569 4358/9624
f 4326/9626 4328/9572 4359/9627
f 4328/9629 4330/9575 4360/9630
f 4330/9632 4332/9579 4361/9633
f 4362/9637 4363/9640 4364/9638
f 4363/9640 4366/9643 4367/9641
f 4366/9643 4368/9646 4369/9644
f 4368/9646 4370/9649 4371/9647
f 4370/9649 4372/9652 4373/9650
f 4372/9652 4374/9655 4375/9653
f 4374/9655 4376/9658 4377/9656
f 4376/9658 4378/9661 4379/9659
f 4378/9661 4380/9664 4381/9662
f 4380/9664 4382/9667 4383/9665
f 4382/9667 4384/9670 4385/9668
f 4384/9670 4386/9673 4387/9671
f 4386/9673 4388/9676 4389/9674
f 4388/9676 4390/9679 4391/9677
f 4390/9679 4392/9682 4393/9680
f 4392/9682 4394/9685 4395/9683
f 4394/9685 4396/9688 4397/9686
f 4396/9688 4398/9691 4399/9689
f 4398/9691 4400/9694 4401/9692
f 4400/9694 4402/9697 4403/9695
f 4402/9697 4404/9700 4405/9698
f 4404/9700 4406/9703 4407/9701
f 4406/9703 4408/9706 4409/9704
f 4408/9706 4410/9709 4411/9707
f 4410/9709 4412/9712 4413/9710
f 4412/9712 4414/9715 4415/9713
f 4414/9715 4416/15096 4417/9716
f 4364/9638 4418/9719 4419/9718
f 4367/9641 4420/9720 4418/9719
f 4369/9644 4421/9721 4420/9720
f 4371/9647 4422/9722 4421/9721
f 4373/9650 4423/9723 4422/9722
f 4375/9653 4424/9724 4423/9723
f 4377/9656 4425/9725 4424/9724
f 4379/9659 4426/9726 4425/9725
f 4381/9662 4427/9727 4426/9726
f 4383/9665 4428/9728 4427/9727
f 4385/9668 4429/9729 4428/9728
f 4387/9671 4430/9730 4429/9729
f 4389/9674 4431/9731 4430/9730
f 4391/9677 4432/9732 4431/9731
f 4393/9680 4433/9733 4432/9732
f 4395/9683 4434/9734 4433/9733
f 4397/9686 4435/9735 4434/9734
f 4399/9689 4436/9736 4435/9735
f 4401/9692 4437/9739 4436/9736
f 4401/9737 4403/9695 4438/9738
f 4403/9740 4405/9698 4439/9741
f 4405/9743 4407/9701 4440/9744
f 4409/9704 4441/9747 4440/9746
f 4411/9707 4442/9748 4441/9747
f 4413/9710 4443/9749 4442/9748
f 4415/9713 4444/9752 4443/9749
f 4415/9750 4417/9716 4445/9751
f 4446/9753 4447/9756 4448/9754
f 4447/9756 4450/9759 4451/9757
f 4450/9759 4452/9762 4453/9760
f 4452/9762 4454/9765 4455/9763
f 4454/9765 4456/9768 4457/9766
f 4456/9768 4458/9771 4459/9769
f 4458/9771 4460/9774 4461/9772
f 4460/9774 4462/9777 4463/9775
f 4462/9777 4464/9780 4465/9778
f 4464/9780 4466/9783 4467/9781
f 4466/9783 4468/9786 4469/9784
f 4468/9786 4470/9789 4471/9787
f 4470/9789 4472/9792 4473/9790
f 4472/9792 4474/9795 4475/9793
f 4474/9795 4476/9798 4477/9796
f 4476/9798 4478/9801 4479/9799
f 4478/9801 4480/9804 4481/9802
f 4480/9804 4482/9807 4483/9805
f 4482/9807 4484/9810 4485/9808
f 4484/9810 4486/9813 4487/9811
f 4486/9813 4488/9816 4489/9814
f 4488/9816 4490/9819 4491/9817
f 4490/9819 4492/9822 4493/9820
f 4492/9822 4494/9825 4495/9823
f 4494/9825 4496/9828 4497/9826
f 4496/9828 4498/9831 4499/9829
f 4498/9831 4500/9834 4501/9832
f 4500/9834 4502/15097 4503/9835
f 4448/9754 4504/9838 4505/9837
f 4451/9757 4506/9839 4504/9838
f 4453/9760 4507/9840 4506/9839
f 4455/9763 4508/9841 4507/9840
f 4457/9766 4509/9842 4508/9841
f 4459/9769 4510/9843 4509/9842
f 4461/9772 4511/9844 4510/9843
f 4463/9775 4512/9845 4511/9844
f 4465/9778 4513/9846 4512/9845
f 4467/9781 4514/9847 4513/9846
f 4469/9784 4515/9848 4514/9847
f 4471/9787 4516/9849 4515/9848
f 4473/9790 4517/9850 4516/9849
f 4475/9793 4518/9851 4517/9850
f 4477/9796 4519/9852 4518/9851
f 4479/9799 4520/9853 4519/9852
f 4481/9802 4521/9854 4520/9853
f 4483/9805 4522/9855 4521/9854
f 4485/9808 4523/9856 4522/9855
f 4487/9811 4524/9857 4523/9856
f 4489/9814 4525/9858 4524/9857
f 4491/9817 4526/9859 4525/9858
f 4493/9820 4527/9860 4526/9859
f 4495/9823 4528/9861 4527/9860
f 4497/9826 4529/9862 4528/9861
f 4499/9829 4530/9863 4529/9862
f 4501/9832 4531/9864 4530/9863
f 4503/9835 4532/15098 4531/9864
f 4533/9865 4534/9868 4535/9866
f 4534/9868 4537/9871 4538/9869
f 4537/9871 4539/9874 4540/9872
f 4539/9874 4541/9877 4542/9875
f 4541/9877 4543/9880 4544/9878
f 4543/9880 4545/9883 4546/9881
f 4545/9883 4547/9886 4548/9884
f 4547/9886 4549/9889 4550/9887
f 4549/9889 4551/9892 4552/9890
f 4551/9892 4553/9895 4554/9893
f 4553/9895 4555/9898 4556/9896
f 4555/9898 4557/9901 4558/9899
f 4557/9901 4559/9904 4560/9902
f 4559/9904 4561/9907 4562/9905
f 4561/9907 4563/9910 4564/9908
f 4563/9910 4565/9913 4566/9911
f 4565/9913 4567/9916 4568/9914
f 4567/9916 4569/9919 4570/9917
f 4569/9919 4571/9922 4572/9920
f 4571/9922 4573/9925 4574/9923
f 4573/9925 4575/9928 4576/9926
f 4575/9928 4577/9931 4578/9929
f 4577/9931 4579/9934 4580/9932
f 4579/9934 4581/9937 4582/9935
f 4581/9937 4583/9940 4584/9938
f 4583/9940 4585/9943 4586/9941
f 4585/9943 4587/9946 4588/9944
f 4587/9946 4589/15099 4590/9947
f 4535/9866 4591/9950 4592/9949
f 4538/9869 4593/9951 4591/9950
f 4540/9872 4594/9952 4593/9951
f 4542/9875 4595/9953 4594/9952
f 4544/9878 4596/9954 4595/9953
f 4546/9881 4597/9957 4596/9954
f 4546/9955 4548/9884 4598/9956
f 4550/9887 4599/9959 4598/9958
f 4552/9890 4600/9960 4599/9959
f 4554/9893 4601/9961 4600/9960
f 4556/9896 4602/9962 4601/9961
f 4558/9899 4603/9965 4602/9962
f 4558/9963 4560/9902 4604/9964
f 4560/9966 4562/9905 4605/9967
f 4562/9969 4564/9908 4606/9970
f 4564/9972 4566/9911 4607/9973
f 4566/9975 4568/9914 4608/9976
f 4568/9978 4570/9917 4609/9979
f 4570/9981 4572/9920 4610/9982
f 4572/9984 4574/9923 4611/9985
f 4574/9987 4576/9926 4612/9988
f 4576/9990 4578/9929 4613/9991
f 4578/9993 4580/9932 4614/9994
f 4580/9996 4582/9935 4615/9997
f 4582/9999 4584/9938 4616/10000
f 4584/10002 4586/9941 4617/10003
f 4586/10005 4588/9944 4618/10006
f 4588/10008 4590/9947 4619/10009
f 4620/10011 4621/10014 4622/10012
f 4621/10014 4624/10017 4625/10015
f 4624/10017 4626/10020 4627/10018
f 4626/10020 4628/10023 4629/10021
f 4628/10023 4630/10026 4631/10024
f 4630/10026 4632/10029 4633/10027
f 4632/10029 4634/10032 4635/10030
f 4634/10032 4636/10035 4637/10033
f 4636/10035 4638/10038 4639/10036
f 4638/10038 4640/10041 4641/10039
f 4640/10041 4642/10046 4643/10042
f 4644/10044 4645/10048 4643/10045
f 4646/10047 4647/10051 4645/10048
f 4648/10050 4649/10054 4647/10051
f 4650/10053 4651/10057 4649/10054
f 4652/10056 4653/10060 4651/10057
f 4654/10059 4655/10063 4653/10060
f 4656/10062 4657/10066 4655/10063
f 4658/10065 4659/10069 4657/10066
f 4660/10068 4661/10072 4659/10069
f 4662/10071 4663/10075 4661/10072
f 4664/10074 4665/10078 4663/10075
f 4666/10077 4667/10081 4665/10078
f 4668/10080 4669/10084 4667/10081
f 4670/10083 4671/10087 4669/10084
f 4672/10086 4673/15100 4671/10087
f 4622/10012 4674/10090 4675/10089
f 4625/10015 4676/10091 4674/10090
f 4627/10018 4677/10092 4676/10091
f 4629/10021 4678/10093 4677/10092
f 4631/10024 4679/10094 4678/10093
f 4633/10027 4680/10097 4679/10094
f 4633/10095 4635/10030 4681/10096
f 4635/10098 4637/10033 4682/10099
f 4639/10036 4683/10102 4682/10101
f 4641/10039 4684/10103 4683/10102
f 4643/10042 4685/10105 4684/10103
f 4645/10104 4686/10108 4685/10105
f 4647/10107 4687/10111 4686/10108
f 4649/10110 4688/10115 4687/10111
f 4649/10113 4651/10057 4689/10114
f 4651/10116 4653/10060 4690/10117
f 4653/10119 4655/10063 4691/10120
f 4655/10122 4657/10066 4692/10123
f 4657/10125 4659/10069 4693/10126
f 4659/10128 4661/10072 4694/10129
f 4661/10131 4663/10075 4695/10132
f 4663/10134 4665/10078 4696/10135
f 4665/10137 4667/10081 4697/10138
f 4667/10140 4669/10084 4698/10141
f 4669/10143 4671/10087 4699/10144
f 4671/10146 4673/15100 4700/10147
f 4701/10149 4702/10152 4703/10150
f 4702/10152 4705/10155 4706/10153
f 4705/10155 4707/10158 4708/10156
f 4707/10158 4709/10161 4710/10159
f 4709/10161 4711/10164 4712/10162
f 4711/10164 4713/10169 4714/10165
f 4715/10167 4716/10171 4714/10168
f 4717/10170 4718/10175 4716/10171
f 4717/10173 4719/10176 4720/10174
f 4719/10176 4721/10179 4722/10177
f 4721/10179 4723/10182 4724/10180
f 4723/10182 4725/10185 4726/10183
f 4725/10185 4727/10188 4728/10186
f 4727/10188 4729/10193 4730/10189
f 4731/10191 4732/10195 4730/10192
f 4733/10194 4734/10198 4732/10195
f 4735/10197 4736/10201 4734/10198
f 4737/10200 4738/10204 4736/10201
f 4739/10203 4740/10207 4738/10204
f 4741/10206 4742/10210 4740/10207
f 4743/10209 4744/10213 4742/10210
f 4745/10212 4746/10216 4744/10213
f 4747/10215 4748/10219 4746/10216
f 4749/10218 4750/10222 4748/10219
f 4751/10221 4752/10225 4750/10222
f 4753/10224 4754/15101 4752/10225
f 4703/10150 4755/10228 4756/10227
f 4706/10153 4757/10229 4755/10228
f 4708/10156 4758/10230 4757/10229
f 4710/10159 4759/10231 4758/10230
f 4712/10162 4760/10232 4759/10231
f 4714/10165 4761/10234 4760/10232
f 4716/10233 4762/10237 4761/10234
f 4718/10236 4763/10239 4762/10237
f 4720/10174 4764/10240 4763/10239
f 4722/10177 4765/10241 4764/10240
f 4724/10180 4766/10244 4765/10241
f 4724/10242 4726/10183 4767/10243
f 4726/10245 4728/10186 4768/10246
f 4728/10248 4730/10189 4769/10249
f 4730/10251 4732/10195 4770/10252
f 4732/10254 4734/10198 4771/10255
f 4734/10257 4736/10201 4772/10258
f 4736/10260 4738/10204 4773/10261
f 4738/10263 4740/10207 4774/10264
f 4740/10266 4742/10210 4775/10267
f 4742/10269 4744/10213 4776/10270
f 4744/10272 4746/10216 4777/10273
f 4746/10275 4748/10219 4778/10276
f 4748/10278 4750/10222 4779/10279
f 4750/10281 4752/10225 4780/10282
f 4752/10284 4754/15101 4781/10285
f 4782/10287 4859/10290 4783/10288
f 4859/10290 4860/10293 4785/10291
f 4860/10293 4861/10296 4786/10294
f 4861/10296 4862/10299 4787/10297
f 4862/10299 4863/10302 4788/10300
f 4863/10302 4864/10305 4789/10303
f 4864/10305 4865/10308 4790/10306
f 4865/10308 4791/10311 4792/10309
f 4791/10311 4866/10314 4793/10312
f 4866/10314 4794/10317 4795/10315
f 4794/10317 4796/10320 4797/10318
f 4796/10320 4867/10323 4798/10321
f 4867/10323 4868/10326 4799/10324
f 4868/10326 4800/10329 4801/10327
f 4800/10329 4802/10332 4803/10330
f 4802/10332 4804/10335 4805/10333
f 4804/10335 4869/10338 4806/10336
f 4869/10338 4807/10341 4808/10339
f 4807/10341 4809/10344 4810/10342
f 4809/10344 4811/10347 4812/10345
f 4811/10347 4813/10350 4814/10348
f 4813/10350 4870/15102 4871/10351
f 4783/10288 4815/10354 4821/10353
f 4785/10291 4816/10355 4815/10354
f 4786/10294 4824/10356 4816/10355
f 4787/10297 4826/10357 4824/10356
f 4788/10300 4828/10358 4826/10357
f 4789/10303 4817/10359 4828/10358
f 4790/10306 4831/10360 4817/10359
f 4792/10309 4818/10361 4831/10360
f 4793/10312 4834/10362 4818/10361
f 4795/10315 4836/10363 4834/10362
f 4797/10318 4838/10364 4836/10363
f 4798/10321 4840/10365 4838/10364
f 4799/10324 4842/10366 4840/10365
f 4801/10327 4819/10367 4842/10366
f 4803/10330 4845/10368 4819/10367
f 4805/10333 4847/10369 4845/10368
f 4806/10336 4849/10372 4847/10369
f 4806/10370 4808/10339 4851/10371
f 4810/10342 4820/10376 4851/10373
f 4810/10374 4812/10345 4854/10375
f 4812/10377 4814/10348 4856/10378
f 4814/10380 4871/10351 4872/10381
f 4821/10383 4815/10354 4822/10384
f 4815/10386 4816/10355 4823/10387
f 4816/10389 4824/10356 4825/10390
f 4824/10392 4826/10357 4827/10393
f 4826/10395 4828/10358 4829/10396
f 4828/10398 4817/10359 4830/10399
f 4817/10401 4831/10360 4832/10402
f 4831/10404 4818/10361 4833/10405
f 4818/10407 4834/10362 4835/10408
f 4834/10410 4836/10363 4837/10411
f 4836/10413 4838/10364 4839/10414
f 4838/10416 4840/10365 4841/10417
f 4840/10419 4842/10366 4843/10420
f 4842/10422 4819/10367 4844/10423
f 4819/10425 4845/10368 4846/10426
f 4845/10428 4847/10369 4848/10429
f 4847/10431 4849/10372 4850/10432
f 4849/10434 4851/10371 4852/10435
f 4851/10437 4820/10376 4853/10438
f 4820/10440 4854/10375 4855/10441
f 4854/10443 4856/10378 4857/10444
f 4856/10446 4872/10381 4858/10447
f 4822/10384 4859/10450 4782/10449
f 4823/10387 4860/10451 4859/10450
f 4825/10390 4861/10452 4860/10451
f 4827/10393 4862/10453 4861/10452
f 4829/10396 4863/10454 4862/10453
f 4830/10399 4864/10455 4863/10454
f 4832/10402 4865/10456 4864/10455
f 4833/10405 4791/10457 4865/10456
f 4835/10408 4866/10458 4791/10457
f 4837/10411 4794/10459 4866/10458
f 4839/10414 4796/10460 4794/10459
f 4841/10417 4867/10461 4796/10460
f 4843/10420 4868/10462 4867/10461
f 4844/10423 4800/10463 4868/10462
f 4846/10426 4802/10464 4800/10463
f 4848/10429 4804/10465 4802/10464
f 4850/10432 4869/10466 4804/10465
f 4852/10435 4807/10469 4869/10466
f 4852/10467 4853/10438 4809/10468
f 4853/10470 4855/10441 4811/10471
f 4855/10473 4857/10444 4813/10474
f 4857/10476 4858/10447 4870/10477
f 4873/10485 4875/10488 4876/10487
f 4875/10488 4927/10491 4877/10489
f 4927/10491 4878/10494 4879/10492
f 4878/10494 4880/10497 4881/10495
f 4880/10497 4882/10500 4883/10498
f 4882/10500 4928/10505 4884/10501
f 4929/10503 4885/10507 4884/10504
f 4886/10506 4887/10510 4885/10507
f 4888/10509 4889/10513 4887/10510
f 4930/10512 4890/10516 4889/10513
f 4931/10515 4891/10519 4890/10516
f 4892/10518 4893/10522 4891/10519
f 4932/10521 4894/10525 4893/10522
f 4895/10524 4896/10624 4894/10525
f 4876/10487 4904/10529 4901/10528
f 4877/10489 4906/10530 4904/10529
f 4879/10492 4897/10531 4906/10530
f 4881/10495 4909/10534 4897/10531
f 4881/10532 4883/10498 4911/10533
f 4883/10535 4884/10501 4913/10536
f 4884/10538 4885/10507 4915/10539
f 4885/10541 4887/10510 4898/10542
f 4887/10544 4889/10513 4899/10545
f 4889/10547 4890/10516 4900/10548
f 4890/10550 4891/10519 4920/10551
f 4891/10553 4893/10522 4922/10554
f 4893/10556 4894/10525 4924/10557
f 4894/10559 4896/10624 4926/10560
f 4901/10528 4904/10529 4905/10564
f 4904/10565 4906/10530 4907/10566
f 4906/10568 4897/10531 4908/10569
f 4897/10571 4909/10534 4910/10572
f 4909/10574 4911/10533 4912/10575
f 4911/10577 4913/10536 4914/10578
f 4915/10539 4916/10581 4914/10580
f 4898/10542 4917/10582 4916/10581
f 4899/10545 4918/10583 4917/10582
f 4900/10548 4919/10584 4918/10583
f 4920/10551 4921/10585 4919/10584
f 4922/10554 4923/10586 4921/10585
f 4924/10557 4925/10587 4923/10586
f 4926/10560 4933/10626 4925/10587
f 4905/10564 4875/10590 4873/10589
f 4907/10566 4927/10591 4875/10590
f 4908/10569 4878/10592 4927/10591
f 4910/10572 4880/10595 4878/10592
f 4910/10593 4912/10575 4882/10594
f 4912/10596 4914/10578 4928/10597
f 4914/10599 4916/10581 4929/10600
f 4916/10602 4917/10582 4886/10603
f 4917/10605 4918/10583 4888/10606
f 4918/10608 4919/10584 4930/10609
f 4919/10611 4921/10585 4931/10612
f 4921/10614 4923/10586 4892/10615
f 4923/10617 4925/10587 4932/10618
f 4925/10620 4933/10626 4895/10621
f 5021/10627 4934/10632 4935/10628
f 4937/10630 4938/10635 4935/10631
f 4937/10633 4939/10636 4940/10634
f 4939/10636 5010/10639 4941/10637
f 5010/10639 5011/10642 4942/10640
f 5011/10642 5012/10645 4943/10643
f 5012/10645 4944/10648 4945/10646
f 4944/10648 4946/10651 4947/10649
f 4946/10651 5013/10654 4948/10652
f 5013/10654 4949/10657 4950/10655
f 4949/10657 5014/10660 4951/10658
f 5014/10660 5015/10663 4952/10661
f 5015/10663 4953/10666 4954/10664
f 4953/10666 4955/10669 4956/10667
f 4955/10669 5016/10672 4957/10670
f 5016/10672 5017/10675 4958/10673
f 5017/10675 5018/10678 4959/10676
f 5018/10678 4960/10681 4961/10679
f 4960/10681 5019/10684 4962/10682
f 5019/10684 5020/10689 4963/10685
f 4964/10687 4965/10692 4963/10688
f 4935/10628 4977/10696 4976/10693
f 4935/10694 4938/10635 4967/10695
f 4940/10634 4968/10700 4967/10697
f 4940/10698 4941/10637 4981/10699
f 4941/10701 4942/10640 4983/10702
f 4942/10704 4943/10643 4985/10705
f 4943/10707 4945/10646 4969/10708
f 4945/10710 4947/10649 4988/10711
f 4947/10713 4948/10652 4970/10714
f 4948/10716 4950/10655 4971/10717
f 4950/10719 4951/10658 4992/10720
f 4951/10722 4952/10661 4994/10723
f 4952/10725 4954/10664 4996/10726
f 4954/10728 4956/10667 4972/10729
f 4956/10731 4957/10670 4973/10732
f 4957/10734 4958/10673 4974/10735
f 4958/10737 4959/10676 4975/10738
f 4959/10740 4961/10679 5002/10741
f 4961/10743 4962/10682 5004/10744
f 4962/10746 4963/10685 5006/10747
f 4963/10749 4965/10692 5008/10750
f 4977/10754 4978/10759 5022/10755
f 4977/10757 4967/10695 4979/10758
f 4967/10760 4968/10700 4980/10761
f 4968/10763 4981/10699 4982/10764
f 4981/10766 4983/10702 4984/10767
f 4983/10769 4985/10705 4986/10770
f 4985/10772 4969/10708 4987/10773
f 4969/10775 4988/10711 4989/10776
f 4988/10778 4970/10714 4990/10779
f 4970/10781 4971/10717 4991/10782
f 4971/10784 4992/10720 4993/10785
f 4992/10787 4994/10723 4995/10788
f 4994/10790 4996/10726 4997/10791
f 4996/10793 4972/10729 4998/10794
f 4972/10796 4973/10732 4999/10797
f 4973/10799 4974/10735 5000/10800
f 4974/10802 4975/10738 5001/10803
f 4975/10805 5002/10741 5003/10806
f 5002/10808 5004/10744 5005/10809
f 5004/10811 5006/10747 5007/10812
f 5008/10750 5009/10816 5007/10814
f 5022/10817 4978/10759 4934/10818
f 4979/10758 4937/10823 4934/10820
f 4979/10821 4980/10761 4939/10822
f 4980/10824 4982/10764 5010/10825
f 4982/10827 4984/10767 5011/10828
f 4984/10830 4986/10770 5012/10831
f 4986/10833 4987/10773 4944/10834
f 4987/10836 4989/10776 4946/10837
f 4989/10839 4990/10779 5013/10840
f 4990/10842 4991/10782 4949/10843
f 4991/10845 4993/10785 5014/10846
f 4993/10848 4995/10788 5015/10849
f 4995/10851 4997/10791 4953/10852
f 4997/10854 4998/10794 4955/10855
f 4998/10857 4999/10797 5016/10858
f 4999/10860 5000/10800 5017/10861
f 5000/10863 5001/10803 5018/10864
f 5001/10866 5003/10806 4960/10867
f 5003/10869 5005/10809 5019/10870
f 5005/10872 5007/10812 5020/10873
f 5007/10875 5009/10816 4964/10876
f 5112/10881 5023/10884 5024/10882
f 5023/10884 5097/10889 5026/10885
f 5027/10887 5028/10892 5026/10888
f 5027/10890 5098/10893 5029/10891
f 5098/10893 5099/10896 5030/10894
f 5099/10896 5031/10899 5032/10897
f 5031/10899 5100/10902 5033/10900
f 5100/10902 5101/10905 5034/10903
f 5101/10905 5035/10908 5036/10906
f 5035/10908 5102/10911 5037/10909
f 5102/10911 5103/10914 5038/10912
f 5103/10914 5039/10917 5040/10915
f 5039/10917 5104/10920 5041/10918
f 5104/10920 5042/10923 5043/10921
f 5042/10923 5105/10926 5044/10924
f 5105/10926 5106/10929 5045/10927
f 5106/10929 5107/10932 5046/10930
f 5107/10932 5108/10935 5047/10933
f 5108/10935 5048/10938 5049/10936
f 5048/10938 5109/10941 5050/10939
f 5109/10941 5110/10944 5051/10942
f 5110/10944 5111/15103 5052/10945
f 5024/10882 5053/10948 5064/10947
f 5026/10885 5054/10950 5053/10948
f 5028/10949 5055/10952 5054/10950
f 5029/10891 5056/10953 5055/10952
f 5030/10894 5069/10954 5056/10953
f 5032/10897 5057/10957 5069/10954
f 5032/10955 5033/10900 5058/10956
f 5033/10958 5034/10903 5059/10959
f 5036/10906 5060/10964 5059/10961
f 5036/10962 5037/10909 5075/10963
f 5037/10965 5038/10912 5077/10966
f 5040/10915 5079/10969 5077/10968
f 5041/10918 5081/10970 5079/10969
f 5043/10921 5083/10971 5081/10970
f 5044/10924 5061/10972 5083/10971
f 5045/10927 5062/10973 5061/10972
f 5046/10930 5087/10976 5062/10973
f 5046/10974 5047/10933 5063/10975
f 5047/10977 5049/10936 5090/10978
f 5049/10980 5050/10939 5092/10981
f 5050/10983 5051/10942 5094/10984
f 5051/10986 5052/10945 5114/10987
f 5064/10989 5053/10948 5065/10990
f 5053/10992 5054/10950 5066/10993
f 5054/10995 5055/10952 5067/10996
f 5055/10998 5056/10953 5068/10999
f 5056/11001 5069/10954 5070/11002
f 5069/11004 5057/10957 5071/11005
f 5057/11007 5058/10956 5072/11008
f 5058/11010 5059/10959 5073/11011
f 5059/11013 5060/10964 5074/11014
f 5060/11016 5075/10963 5076/11017
f 5075/11019 5077/10966 5078/11020
f 5077/11022 5079/10969 5080/11023
f 5079/11025 5081/10970 5082/11026
f 5081/11028 5083/10971 5084/11029
f 5083/11031 5061/10972 5085/11032
f 5061/11034 5062/10973 5086/11035
f 5062/11037 5087/10976 5088/11038
f 5087/11040 5063/10975 5089/11041
f 5063/11043 5090/10978 5091/11044
f 5090/11046 5092/10981 5093/11047
f 5092/11049 5094/10984 5095/11050
f 5094/11052 5114/10987 5096/11053
f 5065/10990 5023/11056 5112/11055
f 5066/10993 5097/11057 5023/11056
f 5067/10996 5027/11058 5097/11057
f 5068/10999 5098/11059 5027/11058
f 5070/11002 5099/11060 5098/11059
f 5071/11005 5031/11061 5099/11060
f 5072/11008 5100/11062 5031/11061
f 5073/11011 5101/11063 5100/11062
f 5074/11014 5035/11064 5101/11063
f 5076/11017 5102/11065 5035/11064
f 5078/11020 5103/11068 5102/11065
f 5078/11066 5080/11023 5039/11067
f 5082/11026 5104/11070 5039/11069
f 5084/11029 5042/11071 5104/11070
f 5085/11032 5105/11072 5042/11071
f 5086/11035 5106/11073 5105/11072
f 5088/11038 5107/11076 5106/11073
f 5088/11074 5089/11041 5108/11075
f 5089/11077 5091/11044 5048/11078
f 5091/11080 5093/11047 5109/11081
f 5093/11083 5095/11050 5110/11084
f 5095/11086 5096/11053 5111/11087
f 5115/11094 5116/11097 5117/11095
f 5116/11097 5194/11100 5118/11098
f 5194/11100 5119/11103 5120/11101
f 5119/11103 5121/11106 5122/11104
f 5121/11106 5123/11109 5124/11107
f 5123/11109 5195/11112 5125/11110
f 5195/11112 5126/11115 5127/11113
f 5126/11115 5196/11118 5128/11116
f 5196/11118 5129/11121 5130/11119
f 5129/11121 5197/11124 5131/11122
f 5197/11124 5198/11127 5132/11125
f 5198/11127 5199/11130 5133/11128
f 5199/11130 5134/11133 5135/11131
f 5134/11133 5200/11136 5136/11134
f 5200/11136 5137/11139 5138/11137
f 5137/11139 5201/11142 5139/11140
f 5201/11142 5140/11145 5141/11143
f 5140/11145 5202/11148 5142/11146
f 5202/11148 5143/11153 5144/11149
f 5145/11151 5146/11155 5144/11152
f 5147/11154 5148/11158 5146/11155
f 5204/11157 5149/11286 5148/11158
f 5117/11095 5150/11161 5151/11160
f 5118/11098 5152/11162 5150/11161
f 5120/11101 5153/11163 5152/11162
f 5122/11104 5166/11164 5153/11163
f 5124/11107 5168/11165 5166/11164
f 5125/11110 5154/11166 5168/11165
f 5127/11113 5155/11167 5154/11166
f 5128/11116 5172/11168 5155/11167
f 5130/11119 5174/11169 5172/11168
f 5131/11122 5176/11170 5174/11169
f 5132/11125 5156/11171 5176/11170
f 5133/11128 5157/11172 5156/11171
f 5135/11131 5180/11173 5157/11172
f 5136/11134 5182/11174 5180/11173
f 5138/11137 5184/11175 5182/11174
f 5139/11140 5158/11176 5184/11175
f 5141/11143 5159/11177 5158/11176
f 5142/11146 5160/11178 5159/11177
f 5144/11149 5189/11180 5160/11178
f 5146/11179 5161/11183 5189/11180
f 5148/11182 5162/11186 5161/11183
f 5149/11185 5205/11287 5162/11186
f 5151/11188 5150/11161 5163/11189
f 5150/11191 5152/11162 5164/11192
f 5152/11194 5153/11163 5165/11195
f 5153/11197 5166/11164 5167/11198
f 5166/11200 5168/11165 5169/11201
f 5168/11203 5154/11166 5170/11204
f 5154/11206 5155/11167 5171/11207
f 5155/11209 5172/11168 5173/11210
f 5172/11212 5174/11169 5175/11213
f 5174/11215 5176/11170 5177/11216
f 5176/11218 5156/11171 5178/11219
f 5156/11221 5157/11172 5179/11222
f 5157/11224 5180/11173 5181/11225
f 5180/11227 5182/11174 5183/11228
f 5182/11230 5184/11175 5185/11231
f 5184/11233 5158/11176 5186/11234
f 5158/11236 5159/11177 5187/11237
f 5159/11239 5160/11178 5188/11240
f 5189/11242 5190/11246 5188/11243
f 5161/11245 5191/11249 5190/11246
f 5162/11248 5192/11252 5191/11249
f 5205/11251 5193/11288 5192/11252
f 5163/11189 5116/11255 5115/11254
f 5164/11192 5194/11256 5116/11255
f 5165/11195 5119/11257 5194/11256
f 5167/11198 5121/11258 5119/11257
f 5169/11201 5123/11259 5121/11258
f 5170/11204 5195/11260 5123/11259
f 5171/11207 5126/11261 5195/11260
f 5173/11210 5196/11262 5126/11261
f 5175/11213 5129/11263 5196/11262
f 5177/11216 5197/11264 5129/11263
f 5178/11219 5198/11265 5197/11264
f 5179/11222 5199/11266 5198/11265
f 5181/11225 5134/11267 5199/11266
f 5183/11228 5200/11268 5134/11267
f 5185/11231 5137/11269 5200/11268
f 5186/11234 5201/11270 5137/11269
f 5187/11237 5140/11271 5201/11270
f 5188/11240 5202/11273 5140/11271
f 5190/11272 5143/11276 5202/11273
f 5191/11275 5145/11279 5143/11276
f 5192/11278 5147/11282 5145/11279
f 5193/11281 5204/11285 5147/11282
f 5256/11290 5207/11293 5208/11292
f 5207/11293 5209/11296 5210/11294
f 5209/11296 5257/11299 5211/11297
f 5257/11299 5258/11304 5212/11300
f 5259/11302 5213/11306 5212/11303
f 5214/11305 5215/11309 5213/11306
f 5216/11308 5217/11312 5215/11309
f 5260/11311 5218/11315 5217/11312
f 5261/11314 5219/11318 5218/11315
f 5220/11317 5221/11321 5219/11318
f 5262/11320 5222/11324 5221/11321
f 5263/11323 5223/11327 5222/11324
f 5264/11326 5224/11330 5223/11327
f 5265/11329 5225/11429 5224/11330
f 5208/11292 5233/11334 5226/11333
f 5210/11294 5235/11335 5233/11334
f 5211/11297 5237/11336 5235/11335
f 5212/11300 5227/11338 5237/11336
f 5213/11337 5228/11341 5227/11338
f 5215/11340 5241/11345 5228/11341
f 5215/11343 5217/11312 5243/11344
f 5217/11346 5218/11315 5245/11347
f 5218/11349 5219/11318 5229/11350
f 5219/11352 5221/11321 5248/11353
f 5221/11355 5222/11324 5230/11356
f 5222/11358 5223/11327 5251/11359
f 5223/11361 5224/11330 5253/11362
f 5224/11364 5225/11429 5255/11365
f 5226/11333 5233/11334 5234/11369
f 5233/11370 5235/11335 5236/11371
f 5235/11373 5237/11336 5238/11374
f 5237/11376 5227/11338 5239/11377
f 5228/11379 5240/11383 5239/11380
f 5241/11382 5242/11385 5240/11383
f 5243/11344 5244/11386 5242/11385
f 5245/11347 5246/11387 5244/11386
f 5229/11350 5247/11388 5246/11387
f 5248/11353 5249/11389 5247/11388
f 5230/11356 5250/11390 5249/11389
f 5251/11359 5252/11391 5250/11390
f 5253/11362 5254/11392 5252/11391
f 5255/11365 5266/11431 5254/11392
f 5234/11369 5207/11395 5256/11394
f 5236/11371 5209/11396 5207/11395
f 5238/11374 5257/11397 5209/11396
f 5239/11377 5258/11399 5257/11397
f 5240/11398 5259/11402 5258/11399
f 5242/11401 5214/11406 5259/11402
f 5242/11404 5244/11386 5216/11405
f 5244/11407 5246/11387 5260/11408
f 5246/11410 5247/11388 5261/11411
f 5247/11413 5249/11389 5220/11414
f 5249/11416 5250/11390 5262/11417
f 5250/11419 5252/11391 5263/11420
f 5252/11422 5254/11392 5264/11423
f 5254/11425 5266/11431 5265/11426
f 5352/11432 5267/11437 5268/11433
f 5270/11435 5271/11440 5268/11436
f 5270/11438 5345/11443 5272/11439
f 5273/11441 5274/11445 5272/11442
f 5346/11444 5275/11448 5274/11445
f 5276/11447 5277/11451 5275/11448
f 5278/11450 5279/11454 5277/11451
f 5280/11453 5281/11457 5279/11454
f 5282/11456 5283/11460 5281/11457
f 5347/11459 5284/11463 5283/11460
f 5285/11462 5286/11466 5284/11463
f 5348/11465 5287/11469 5286/11466
f 5288/11468 5289/11472 5287/11469
f 5290/11471 5291/11475 5289/11472
f 5292/11474 5293/11478 5291/11475
f 5294/11477 5295/11481 5293/11478
f 5349/11480 5296/11484 5295/11481
f 5350/11483 5297/11487 5296/11484
f 5298/11486 5299/11490 5297/11487
f 5351/11489 5300/11493 5299/11490
f 5301/11492 5302/11496 5300/11493
f 5355/11495 5356/15104 5302/11496
f 5268/11433 5303/11500 5353/11498
f 5271/11499 5304/11502 5303/11500
f 5272/11439 5315/11504 5304/11502
f 5274/11503 5317/11507 5315/11504
f 5275/11506 5319/11510 5317/11507
f 5277/11509 5305/11513 5319/11510
f 5279/11512 5322/11516 5305/11513
f 5281/11515 5324/11519 5322/11516
f 5283/11518 5306/11522 5324/11519
f 5284/11521 5327/11525 5306/11522
f 5286/11524 5307/11528 5327/11525
f 5287/11527 5308/11531 5307/11528
f 5289/11530 5309/11534 5308/11531
f 5291/11533 5310/11537 5309/11534
f 5293/11536 5333/11540 5310/11537
f 5295/11539 5311/11543 5333/11540
f 5296/11542 5336/11546 5311/11543
f 5297/11545 5338/11549 5336/11546
f 5299/11548 5340/11552 5338/11549
f 5300/11551 5342/11556 5340/11552
f 5300/11554 5302/11496 5312/11555
f 5303/11560 5313/11565 5354/11561
f 5303/11563 5304/11502 5314/11564
f 5304/11566 5315/11504 5316/11567
f 5317/11569 5318/11573 5316/11570
f 5319/11572 5320/11576 5318/11573
f 5305/11575 5321/11579 5320/11576
f 5322/11578 5323/11582 5321/11579
f 5324/11581 5325/11585 5323/11582
f 5306/11584 5326/11588 5325/11585
f 5327/11587 5328/11591 5326/11588
f 5307/11590 5329/11594 5328/11591
f 5308/11593 5330/11597 5329/11594
f 5309/11596 5331/11600 5330/11597
f 5310/11599 5332/11603 5331/11600
f 5333/11602 5334/11606 5332/11603
f 5311/11605 5335/11609 5334/11606
f 5336/11608 5337/11612 5335/11609
f 5338/11611 5339/11615 5337/11612
f 5340/11614 5341/11618 5339/11615
f 5342/11617 5343/11620 5341/11618
f 5312/11555 5344/11622 5343/11620
f 5354/11623 5313/11565 5267/11624
f 5314/11564 5270/11627 5267/11626
f 5316/11567 5345/11629 5270/11627
f 5318/11628 5273/11632 5345/11629
f 5320/11631 5346/11635 5273/11632
f 5321/11634 5276/11638 5346/11635
f 5323/11637 5278/11641 5276/11638
f 5325/11640 5280/11644 5278/11641
f 5326/11643 5282/11647 5280/11644
f 5328/11646 5347/11650 5282/11647
f 5329/11649 5285/11653 5347/11650
f 5330/11652 5348/11656 5285/11653
f 5331/11655 5288/11659 5348/11656
f 5332/11658 5290/11662 5288/11659
f 5334/11661 5292/11665 5290/11662
f 5335/11664 5294/11668 5292/11665
f 5337/11667 5349/11671 5294/11668
f 5339/11670 5350/11674 5349/11671
f 5341/11673 5298/11677 5350/11674
f 5343/11676 5351/11681 5298/11677
f 5343/11679 5344/11622 5301/11680
f 5344/11682 5356/11621 5355/11683
f 5439/11686 5357/11689 5358/11687
f 5357/11689 5440/11692 5360/11690
f 5440/11692 5361/11695 5362/11693
f 5361/11695 5363/11698 5364/11696
f 5363/11698 5365/11701 5366/11699
f 5365/11701 5367/11706 5368/11702
f 5441/11704 5369/11708 5368/11705
f 5442/11707 5370/11712 5369/11708
f 5442/11710 5443/11715 5371/11711
f 5372/11713 5373/11717 5371/11714
f 5374/11716 5375/11721 5373/11717
f 5374/11719 5376/11722 5377/11720
f 5376/11722 5378/11725 5379/11723
f 5378/11725 5444/11728 5380/11726
f 5444/11728 5445/11731 5381/11729
f 5445/11731 5446/11734 5382/11732
f 5446/11734 5383/11739 5384/11735
f 5385/11737 5386/11741 5384/11738
f 5387/11740 5388/11744 5386/11741
f 5389/11743 5390/11747 5388/11744
f 5391/11746 5392/11750 5390/11747
f 5447/11749 5393/11896 5392/11750
f 5358/11687 5394/11753 5395/11752
f 5360/11690 5396/11756 5394/11753
f 5360/11754 5362/11693 5408/11755
f 5364/11696 5397/11758 5408/11757
f 5366/11699 5411/11759 5397/11758
f 5368/11702 5413/11761 5411/11759
f 5369/11760 5398/11764 5413/11761
f 5370/11763 5416/11766 5398/11764
f 5371/11711 5399/11768 5416/11766
f 5373/11767 5400/11771 5399/11768
f 5375/11770 5420/11773 5400/11771
f 5377/11720 5422/11774 5420/11773
f 5379/11723 5424/11775 5422/11774
f 5380/11726 5426/11776 5424/11775
f 5381/11729 5428/11777 5426/11776
f 5382/11732 5401/11778 5428/11777
f 5384/11735 5402/11780 5401/11778
f 5386/11779 5432/11783 5402/11780
f 5388/11782 5403/11786 5432/11783
f 5390/11785 5435/11789 5403/11786
f 5392/11788 5404/11792 5435/11789
f 5393/11791 5405/11897 5404/11792
f 5395/11794 5394/11753 5406/11795
f 5394/11797 5396/11756 5407/11798
f 5396/11800 5408/11755 5409/11801
f 5408/11803 5397/11758 5410/11804
f 5397/11806 5411/11759 5412/11807
f 5411/11809 5413/11761 5414/11810
f 5413/11812 5398/11764 5415/11813
f 5398/11815 5416/11766 5417/11816
f 5416/11818 5399/11768 5418/11819
f 5399/11821 5400/11771 5419/11822
f 5400/11824 5420/11773 5421/11825
f 5422/11827 5423/11832 5421/11828
f 5422/11830 5424/11775 5425/11831
f 5424/11833 5426/11776 5427/11834
f 5426/11836 5428/11777 5429/11837
f 5428/11839 5401/11778 5430/11840
f 5401/11842 5402/11780 5431/11843
f 5432/11845 5433/11849 5431/11846
f 5403/11848 5434/11852 5433/11849
f 5435/11851 5436/11855 5434/11852
f 5404/11854 5437/11858 5436/11855
f 5405/11857 5438/11898 5437/11858
f 5406/11795 5357/11861 5439/11860
f 5407/11798 5440/11862 5357/11861
f 5409/11801 5361/11863 5440/11862
f 5410/11804 5363/11864 5361/11863
f 5412/11807 5365/11865 5363/11864
f 5414/11810 5367/11866 5365/11865
f 5415/11813 5441/11867 5367/11866
f 5417/11816 5442/11868 5441/11867
f 5418/11819 5443/11869 5442/11868
f 5419/11822 5372/11870 5443/11869
f 5421/11825 5374/11872 5372/11870
f 5423/11871 5376/11874 5374/11872
f 5425/11831 5378/11875 5376/11874
f 5427/11834 5444/11876 5378/11875
f 5429/11837 5445/11877 5444/11876
f 5430/11840 5446/11878 5445/11877
f 5431/11843 5383/11880 5446/11878
f 5433/11879 5385/11883 5383/11880
f 5434/11882 5387/11886 5385/11883
f 5436/11885 5389/11889 5387/11886
f 5437/11888 5391/11892 5389/11889
f 5438/11891 5447/11895 5391/11892
f 5449/11899 5450/11902 5451/11900
f 5450/11902 5453/11905 5454/11903
f 5453/11905 5455/11908 5456/11906
f 5455/11908 5457/11911 5458/11909
f 5457/11911 5459/11914 5460/11912
f 5459/11914 5461/11917 5462/11915
f 5461/11917 5463/11922 5464/11918
f 5465/11920 5466/11924 5464/11921
f 5467/11923 5468/11927 5466/11924
f 5469/11926 5470/11930 5468/11927
f 5471/11929 5472/11933 5470/11930
f 5473/11932 5474/11936 5472/11933
f 5475/11935 5476/11939 5474/11936
f 5477/11938 5478/11942 5476/11939
f 5479/11941 5480/15105 5478/11942
f 5451/11900 5481/11945 5482/11944
f 5454/11903 5483/11946 5481/11945
f 5456/11906 5484/11947 5483/11946
f 5458/11909 5485/11948 5484/11947
f 5460/11912 5486/11949 5485/11948
f 5462/11915 5487/11950 5486/11949
f 5464/11918 5488/11953 5487/11950
f 5464/11951 5466/11924 5489/11952
f 5466/11954 5468/11927 5490/11955
f 5468/11957 5470/11930 5491/11958
f 5470/11960 5472/11933 5492/11961
f 5472/11963 5474/11936 5493/11964
f 5474/11966 5476/11939 5494/11967
f 5476/11969 5478/11942 5495/11970
f 5478/11972 5480/15105 5496/11973
f 5497/11975 5498/11978 5499/11976
f 5498/11978 5501/11981 5502/11979
f 5501/11981 5503/11984 5504/11982
f 5503/11984 5505/11987 5506/11985
f 5505/11987 5507/11990 5508/11988
f 5507/11990 5509/11993 5510/11991
f 5509/11993 5511/11998 5512/11994
f 5513/11996 5514/12000 5512/11997
f 5515/11999 5516/12003 5514/12000
f 5517/12002 5518/12006 5516/12003
f 5519/12005 5520/12009 5518/12006
f 5521/12008 5522/12012 5520/12009
f 5523/12011 5524/12015 5522/12012
f 5525/12014 5526/12018 5524/12015
f 5527/12017 5528/15106 5526/12018
f 5499/11976 5529/12021 5530/12020
f 5502/11979 5531/12022 5529/12021
f 5504/11982 5532/12023 5531/12022
f 5506/11985 5533/12024 5532/12023
f 5508/11988 5534/12025 5533/12024
f 5510/11991 5535/12026 5534/12025
f 5512/11994 5536/12029 5535/12026
f 5512/12027 5514/12000 5537/12028
f 5514/12030 5516/12003 5538/12031
f 5516/12033 5518/12006 5539/12034
f 5518/12036 5520/12009 5540/12037
f 5520/12039 5522/12012 5541/12040
f 5522/12042 5524/12015 5542/12043
f 5524/12045 5526/12018 5543/12046
f 5526/12048 5528/15106 5544/12049
f 5545/12051 5546/12054 5547/12052
f 5546/12054 5549/12057 5550/12055
f 5549/12057 5551/12060 5552/12058
f 5551/12060 5553/12063 5554/12061
f 5553/12063 5555/12066 5556/12064
f 5555/12066 5557/12069 5558/12067
f 5557/12069 5559/12074 5560/12070
f 5561/12072 5562/12076 5560/12073
f 5563/12075 5564/12079 5562/12076
f 5565/12078 5566/12082 5564/12079
f 5567/12081 5568/12085 5566/12082
f 5569/12084 5570/12088 5568/12085
f 5571/12087 5572/12091 5570/12088
f 5573/12090 5574/12094 5572/12091
f 5575/12093 5576/15107 5574/12094
f 5547/12052 5577/12097 5578/12096
f 5550/12055 5579/12098 5577/12097
f 5552/12058 5580/12099 5579/12098
f 5554/12061 5581/12100 5580/12099
f 5556/12064 5582/12101 5581/12100
f 5558/12067 5583/12102 5582/12101
f 5560/12070 5584/12105 5583/12102
f 5560/12103 5562/12076 5585/12104
f 5562/12106 5564/12079 5586/12107
f 5564/12109 5566/12082 5587/12110
f 5566/12112 5568/12085 5588/12113
f 5568/12115 5570/12088 5589/12116
f 5570/12118 5572/12091 5590/12119
f 5572/12121 5574/12094 5591/12122
f 5574/12124 5576/15107 5592/12125
f 5593/12127 5594/12130 5595/12128
f 5594/12130 5597/12133 5598/12131
f 5597/12133 5599/12136 5600/12134
f 5599/12136 5601/12139 5602/12137
f 5601/12139 5603/12142 5604/12140
f 5603/12142 5605/12145 5606/12143
f 5605/12145 5607/12150 5608/12146
f 5609/12148 5610/12152 5608/12149
f 5611/12151 5612/12155 5610/12152
f 5613/12154 5614/12158 5612/12155
f 5615/12157 5616/12161 5614/12158
f 5617/12160 5618/12164 5616/12161
f 5619/12163 5620/12167 5618/12164
f 5621/12166 5622/12170 5620/12167
f 5623/12169 5624/15108 5622/12170
f 5595/12128 5625/12173 5626/12172
f 5598/12131 5627/12174 5625/12173
f 5600/12134 5628/12175 5627/12174
f 5602/12137 5629/12176 5628/12175
f 5604/12140 5630/12177 5629/12176
f 5606/12143 5631/12178 5630/12177
f 5608/12146 5632/12181 5631/12178
f 5608/12179 5610/12152 5633/12180
f 5610/12182 5612/12155 5634/12183
f 5612/12185 5614/12158 5635/12186
f 5614/12188 5616/12161 5636/12189
f 5616/12191 5618/12164 5637/12192
f 5618/12194 5620/12167 5638/12195
f 5620/12197 5622/12170 5639/12198
f 5622/12200 5624/15108 5640/12201
f 5641/12203 5642/12206 5643/12204
f 5642/12206 5645/12209 5646/12207
f 5645/12209 5647/12212 5648/12210
f 5647/12212 5649/12215 5650/12213
f 5649/12215 5651/12218 5652/12216
f 5651/12218 5653/12221 5654/12219
f 5653/12221 5655/12226 5656/12222
f 5657/12224 5658/12228 5656/12225
f 5659/12227 5660/12231 5658/12228
f 5661/12230 5662/12234 5660/12231
f 5663/12233 5664/12237 5662/12234
f 5665/12236 5666/12240 5664/12237
f 5667/12239 5668/12243 5666/12240
f 5669/12242 5670/12246 5668/12243
f 5671/12245 5672/15109 5670/12246
f 5643/12204 5673/12249 5674/12248
f 5646/12207 5675/12250 5673/12249
f 5648/12210 5676/12251 5675/12250
f 5650/12213 5677/12252 5676/12251
f 5652/12216 5678/12253 5677/12252
f 5654/12219 5679/12254 5678/12253
f 5656/12222 5680/12257 5679/12254
f 5656/12255 5658/12228 5681/12256
f 5658/12258 5660/12231 5682/12259
f 5660/12261 5662/12234 5683/12262
f 5662/12264 5664/12237 5684/12265
f 5664/12267 5666/12240 5685/12268
f 5666/12270 5668/12243 5686/12271
f 5668/12273 5670/12246 5687/12274
f 5670/12276 5672/15109 5688/12277
f 5689/12279 5690/12282 5691/12280
f 5690/12282 5693/12285 5694/12283
f 5693/12285 5695/12288 5696/12286
f 5695/12288 5697/12291 5698/12289
f 5697/12291 5699/12294 5700/12292
f 5699/12294 5701/12297 5702/12295
f 5701/12297 5703/12300 5704/12298
f 5703/12300 5705/12305 5706/12301
f 5707/12303 5708/12307 5706/12304
f 5709/12306 5710/12310 5708/12307
f 5711/12309 5712/12313 5710/12310
f 5713/12312 5714/12316 5712/12313
f 5715/12315 5716/12319 5714/12316
f 5717/12318 5718/12322 5716/12319
f 5719/12321 5720/15110 5718/12322
f 5691/12280 5721/12325 5722/12324
f 5694/12283 5723/12326 5721/12325
f 5696/12286 5724/12327 5723/12326
f 5698/12289 5725/12328 5724/12327
f 5700/12292 5726/12329 5725/12328
f 5702/12295 5727/12330 5726/12329
f 5704/12298 5728/12333 5727/12330
f 5704/12331 5706/12301 5729/12332
f 5706/12334 5708/12307 5730/12335
f 5708/12337 5710/12310 5731/12338
f 5710/12340 5712/12313 5732/12341
f 5712/12343 5714/12316 5733/12344
f 5714/12346 5716/12319 5734/12347
f 5716/12349 5718/12322 5735/12350
f 5718/12352 5720/15110 5736/12353
f 5737/12355 5738/12358 5739/12356
f 5738/12358 5741/12361 5742/12359
f 5741/12361 5743/12364 5744/12362
f 5743/12364 5745/12367 5746/12365
f 5745/12367 5747/12370 5748/12368
f 5747/12370 5749/12373 5750/12371
f 5749/12373 5751/12378 5752/12374
f 5753/12376 5754/12380 5752/12377
f 5755/12379 5756/12383 5754/12380
f 5757/12382 5758/12386 5756/12383
f 5759/12385 5760/12389 5758/12386
f 5761/12388 5762/12392 5760/12389
f 5763/12391 5764/12395 5762/12392
f 5765/12394 5766/15111 5764/12395
f 5739/12356 5767/12398 5768/12397
f 5742/12359 5769/12399 5767/12398
f 5744/12362 5770/12400 5769/12399
f 5746/12365 5771/12401 5770/12400
f 5748/12368 5772/12402 5771/12401
f 5750/12371 5773/12403 5772/12402
f 5752/12374 5774/12406 5773/12403
f 5752/12404 5754/12380 5775/12405
f 5754/12407 5756/12383 5776/12408
f 5756/12410 5758/12386 5777/12411
f 5758/12413 5760/12389 5778/12414
f 5760/12416 5762/12392 5779/12417
f 5762/12419 5764/12395 5780/12420
f 5764/12422 5766/15111 5781/12423
f 5782/12425 5783/12428 5784/12426
f 5783/12428 5786/12431 5787/12429
f 5786/12431 5788/12434 5789/12432
f 5788/12434 5790/12437 5791/12435
f 5790/12437 5792/12440 5793/12438
f 5792/12440 5794/12443 5795/12441
f 5794/12443 5796/12448 5797/12444
f 5798/12446 5799/12450 5797/12447
f 5800/12449 5801/12453 5799/12450
f 5802/12452 5803/12456 5801/12453
f 5804/12455 5805/12459 5803/12456
f 5806/12458 5807/12462 5805/12459
f 5808/12461 5809/12465 5807/12462
f 5810/12464 5811/15112 5809/12465
f 5784/12426 5812/12468 5813/12467
f 5787/12429 5814/12469 5812/12468
f 5789/12432 5815/12470 5814/12469
f 5791/12435 5816/12471 5815/12470
f 5793/12438 5817/12472 5816/12471
f 5795/12441 5818/12473 5817/12472
f 5797/12444 5819/12476 5818/12473
f 5797/12474 5799/12450 5820/12475
f 5799/12477 5801/12453 5821/12478
f 5801/12480 5803/12456 5822/12481
f 5803/12483 5805/12459 5823/12484
f 5805/12486 5807/12462 5824/12487
f 5807/12489 5809/12465 5825/12490
f 5809/12492 5811/15112 5826/12493
f 5827/12495 5828/12498 5829/12496
f 5828/12498 5831/12501 5832/12499
f 5831/12501 5833/12504 5834/12502
f 5833/12504 5835/12507 5836/12505
f 5835/12507 5837/12510 5838/12508
f 5837/12510 5839/12513 5840/12511
f 5839/12513 5841/12518 5842/12514
f 5843/12516 5844/12520 5842/12517
f 5845/12519 5846/12523 5844/12520
f 5847/12522 5848/12526 5846/12523
f 5849/12525 5850/12529 5848/12526
f 5851/12528 5852/12532 5850/12529
f 5853/12531 5854/12536 5852/12532
f 5829/12496 5856/12538 5857/12537
f 5832/12499 5858/12539 5856/12538
f 5834/12502 5859/12540 5858/12539
f 5836/12505 5860/12541 5859/12540
f 5838/12508 5861/12542 5860/12541
f 5840/12511 5862/12543 5861/12542
f 5842/12514 5863/12546 5862/12543
f 5842/12544 5844/12520 5864/12545
f 5844/12547 5846/12523 5865/12548
f 5846/12550 5848/12526 5866/12551
f 5848/12553 5850/12529 5867/12554
f 5850/12556 5852/12532 5868/12557
f 5852/12559 5854/12536 5869/12560
f 5854/12562 5855/12535 5870/12563
f 5871/12565 5872/12568 5873/12566
f 5872/12568 5875/12571 5876/12569
f 5875/12571 5877/12574 5878/12572
f 5877/12574 5879/12577 5880/12575
f 5879/12577 5881/12580 5882/12578
f 5881/12580 5883/12583 5884/12581
f 5883/12583 5885/12588 5886/12584
f 5887/12586 5888/12590 5886/12587
f 5889/12589 5890/12593 5888/12590
f 5891/12592 5892/12596 5890/12593
f 5893/12595 5894/12599 5892/12596
f 5895/12598 5896/12602 5894/12599
f 5897/12601 5898/12605 5896/12602
f 5899/12604 5900/15113 5898/12605
f 5873/12566 5901/12608 5902/12607
f 5876/12569 5903/12609 5901/12608
f 5878/12572 5904/12610 5903/12609
f 5880/12575 5905/12611 5904/12610
f 5882/12578 5906/12612 5905/12611
f 5884/12581 5907/12613 5906/12612
f 5886/12584 5908/12616 5907/12613
f 5886/12614 5888/12590 5909/12615
f 5888/12617 5890/12593 5910/12618
f 5890/12620 5892/12596 5911/12621
f 5892/12623 5894/12599 5912/12624
f 5894/12626 5896/12602 5913/12627
f 5896/12629 5898/12605 5914/12630
f 5898/12632 5900/15113 5915/12633
f 5916/12635 5917/12638 5918/12636
f 5917/12638 5919/12641 5920/12639
f 5919/12641 5921/12644 5922/12642
f 5921/12644 5923/12647 5924/12645
f 5923/12647 5925/12650 5926/12648
f 5925/12650 5927/12655 5928/12651
f 5929/12653 5930/12657 5928/12654
f 5931/12656 5932/12660 5930/12657
f 5933/12659 5934/12663 5932/12660
f 5935/12662 5936/12666 5934/12663
f 5937/12665 5938/12669 5936/12666
f 5939/12668 5940/12672 5938/12669
f 5941/12671 5942/12675 5940/12672
f 5943/12674 5958/15114 5942/12675
f 5918/12636 5944/12678 5945/12677
f 5920/12639 5946/12679 5944/12678
f 5922/12642 5947/12680 5946/12679
f 5924/12645 5948/12681 5947/12680
f 5926/12648 5949/12682 5948/12681
f 5928/12651 5950/12684 5949/12682
f 5930/12683 5951/12688 5950/12684
f 5930/12686 5932/12660 5952/12687
f 5932/12689 5934/12663 5953/12690
f 5934/12692 5936/12666 5954/12693
f 5936/12695 5938/12669 5955/12696
f 5938/12698 5940/12672 5956/12699
f 5940/12701 5942/12675 5957/12702
f 5959/12707 5960/12710 5961/12708
f 5960/12710 5963/12713 5964/12711
f 5963/12713 5965/12716 5966/12714
f 5965/12716 5967/12719 5968/12717
f 5967/12719 5969/12722 5970/12720
f 5969/12722 5971/12725 5972/12723
f 5971/12725 5973/12730 5974/12726
f 5975/12728 5976/12732 5974/12729
f 5977/12731 5978/12735 5976/12732
f 5979/12734 5980/12738 5978/12735
f 5981/12737 5982/12741 5980/12738
f 5983/12740 5984/12744 5982/12741
f 5985/12743 5986/12747 5984/12744
f 5987/12746 5988/12750 5986/12747
f 5989/12749 5990/15115 5988/12750
f 5961/12708 5991/12753 5992/12752
f 5964/12711 5993/12754 5991/12753
f 5966/12714 5994/12755 5993/12754
f 5968/12717 5995/12756 5994/12755
f 5970/12720 5996/12757 5995/12756
f 5972/12723 5997/12758 5996/12757
f 5974/12726 5998/12761 5997/12758
f 5974/12759 5976/12732 5999/12760
f 5976/12762 5978/12735 6000/12763
f 5978/12765 5980/12738 6001/12766
f 5980/12768 5982/12741 6002/12769
f 5982/12771 5984/12744 6003/12772
f 5984/12774 5986/12747 6004/12775
f 5986/12777 5988/12750 6005/12778
f 5988/12780 5990/15115 6006/12781
f 6007/12783 6008/12786 6009/12784
f 6008/12786 6011/12789 6012/12787
f 6011/12789 6013/12792 6014/12790
f 6013/12792 6015/12795 6016/12793
f 6015/12795 6017/12798 6018/12796
f 6017/12798 6019/12801 6020/12799
f 6019/12801 6021/12804 6022/12802
f 6021/12804 6023/12809 6024/12805
f 6025/12807 6026/12811 6024/12808
f 6027/12810 6028/12814 6026/12811
f 6029/12813 6030/12817 6028/12814
f 6031/12816 6032/12820 6030/12817
f 6033/12819 6034/12823 6032/12820
f 6035/12822 6036/12826 6034/12823
f 6037/12825 6038/12829 6036/12826
f 6039/12828 6040/12832 6038/12829
f 6041/12831 6042/15116 6040/12832
f 6009/12784 6043/12835 6044/12834
f 6012/12787 6045/12836 6043/12835
f 6014/12790 6046/12837 6045/12836
f 6016/12793 6047/12838 6046/12837
f 6018/12796 6048/12839 6047/12838
f 6020/12799 6049/12840 6048/12839
f 6022/12802 6050/12841 6049/12840
f 6024/12805 6051/12844 6050/12841
f 6024/12842 6026/12811 6052/12843
f 6026/12845 6028/12814 6053/12846
f 6028/12848 6030/12817 6054/12849
f 6030/12851 6032/12820 6055/12852
f 6032/12854 6034/12823 6056/12855
f 6034/12857 6036/12826 6057/12858
f 6036/12860 6038/12829 6058/12861
f 6038/12863 6040/12832 6059/12864
f 6040/12866 6042/15116 6060/12867
f 6061/12869 6062/12872 6063/12870
f 6062/12872 6065/12875 6066/12873
f 6065/12875 6067/12878 6068/12876
f 6067/12878 6069/12881 6070/12879
f 6069/12881 6071/12884 6072/12882
f 6071/12884 6073/12887 6074/12885
f 6073/12887 6075/12890 6076/12888
f 6075/12890 6077/12895 6078/12891
f 6079/12893 6080/12897 6078/12894
f 6081/12896 6082/12900 6080/12897
f 6083/12899 6084/12903 6082/12900
f 6085/12902 6086/12906 6084/12903
f 6087/12905 6088/12909 6086/12906
f 6089/12908 6090/12912 6088/12909
f 6091/12911 6092/12915 6090/12912
f 6093/12914 6094/12948 6092/12915
f 6063/12870 6095/12918 6096/12917
f 6066/12873 6097/12919 6095/12918
f 6068/12876 6098/12920 6097/12919
f 6070/12879 6099/12921 6098/12920
f 6072/12882 6100/12922 6099/12921
f 6074/12885 6101/12923 6100/12922
f 6076/12888 6102/12926 6101/12923
f 6076/12924 6078/12891 6103/12925
f 6078/12927 6080/12897 6104/12928
f 6080/12930 6082/12900 6105/12931
f 6082/12933 6084/12903 6106/12934
f 6084/12936 6086/12906 6107/12937
f 6086/12939 6088/12909 6108/12940
f 6088/12942 6090/12912 6109/12943
f 6090/12945 6092/12915 6110/12946
f 6094/12948 6111/15117 6110/12949
f 6112/12951 6113/12954 6114/12952
f 6113/12954 6116/12957 6117/12955
f 6116/12957 6118/12960 6119/12958
f 6118/12960 6120/12963 6121/12961
f 6120/12963 6122/12966 6123/12964
f 6122/12966 6124/12969 6125/12967
f 6124/12969 6126/12972 6127/12970
f 6126/12972 6128/12977 6129/12973
f 6130/12975 6131/12979 6129/12976
f 6132/12978 6133/12982 6131/12979
f 6134/12981 6135/12985 6133/12982
f 6136/12984 6137/12988 6135/12985
f 6138/12987 6139/12991 6137/12988
f 6140/12990 6141/12994 6139/12991
f 6142/12993 6143/12997 6141/12994
f 6144/12996 6145/15118 6143/12997
f 6114/12952 6146/13000 6147/12999
f 6117/12955 6148/13001 6146/13000
f 6119/12958 6149/13002 6148/13001
f 6121/12961 6150/13003 6149/13002
f 6123/12964 6151/13004 6150/13003
f 6125/12967 6152/13005 6151/13004
f 6127/12970 6153/13008 6152/13005
f 6127/13006 6129/12973 6154/13007
f 6129/13009 6131/12979 6155/13010
f 6131/13012 6133/12982 6156/13013
f 6133/13015 6135/12985 6157/13016
f 6135/13018 6137/12988 6158/13019
f 6137/13021 6139/12991 6159/13022
f 6139/13024 6141/12994 6160/13025
f 6141/13027 6143/12997 6161/13028
f 6143/13030 6145/15118 6162/13031
f 6163/13033 6164/13036 6165/13034
f 6164/13036 6167/13039 6168/13037
f 6167/13039 6169/13042 6170/13040
f 6169/13042 6171/13045 6172/13043
f 6171/13045 6173/13048 6174/13046
f 6173/13048 6175/13051 6176/13049
f 6175/13051 6177/13056 6178/13052
f 6179/13054 6180/13058 6178/13055
f 6181/13057 6182/13061 6180/13058
f 6183/13060 6184/13064 6182/13061
f 6185/13063 6186/13067 6184/13064
f 6187/13066 6188/13070 6186/13067
f 6189/13069 6190/13073 6188/13070
f 6191/13072 6192/13076 6190/13073
f 6193/13075 6194/13079 6192/13076
f 6195/13078 6196/15119 6194/13079
f 6165/13034 6197/13082 6198/13081
f 6168/13037 6199/13083 6197/13082
f 6170/13040 6200/13084 6199/13083
f 6172/13043 6201/13085 6200/13084
f 6174/13046 6202/13086 6201/13085
f 6176/13049 6203/13087 6202/13086
f 6178/13052 6204/13089 6203/13087
f 6180/13088 6205/13093 6204/13089
f 6180/13091 6182/13061 6206/13092
f 6182/13094 6184/13064 6207/13095
f 6184/13097 6186/13067 6208/13098
f 6186/13100 6188/13070 6209/13101
f 6188/13103 6190/13073 6210/13104
f 6190/13106 6192/13076 6211/13107
f 6192/13109 6194/13079 6212/13110
f 6194/13112 6196/15119 6213/13113
f 6214/13115 6215/13118 6216/13116
f 6215/13118 6218/13121 6219/13119
f 6218/13121 6220/13124 6221/13122
f 6220/13124 6222/13127 6223/13125
f 6222/13127 6224/13130 6225/13128
f 6224/13130 6226/13133 6227/13131
f 6226/13133 6228/13136 6229/13134
f 6228/13136 6230/13141 6231/13137
f 6232/13139 6233/13143 6231/13140
f 6234/13142 6235/13146 6233/13143
f 6236/13145 6237/13149 6235/13146
f 6238/13148 6239/13152 6237/13149
f 6240/13151 6241/13155 6239/13152
f 6242/13154 6243/13158 6241/13155
f 6244/13157 6245/15120 6243/13158
f 6216/13116 6246/13161 6247/13160
f 6219/13119 6248/13162 6246/13161
f 6221/13122 6249/13163 6248/13162
f 6223/13125 6250/13164 6249/13163
f 6225/13128 6251/13165 6250/13164
f 6227/13131 6252/13166 6251/13165
f 6229/13134 6253/13169 6252/13166
f 6229/13167 6231/13137 6254/13168
f 6231/13170 6233/13143 6255/13171
f 6233/13173 6235/13146 6256/13174
f 6235/13176 6237/13149 6257/13177
f 6237/13179 6239/13152 6258/13180
f 6239/13182 6241/13155 6259/13183
f 6241/13185 6243/13158 6260/13186
f 6243/13188 6245/15120 6261/13189
f 6262/13191 6263/13194 6264/13192
f 6263/13194 6266/13197 6267/13195
f 6266/13197 6268/13200 6269/13198
f 6268/13200 6270/13203 6271/13201
f 6270/13203 6272/13206 6273/13204
f 6272/13206 6274/13209 6275/13207
f 6274/13209 6276/13212 6277/13210
f 6276/13212 6278/13217 6279/13213
f 6280/13215 6281/13219 6279/13216
f 6282/13218 6283/13222 6281/13219
f 6284/13221 6285/13225 6283/13222
f 6286/13224 6287/13228 6285/13225
f 6288/13227 6289/13231 6287/13228
f 6290/13230 6291/13234 6289/13231
f 6292/13233 6293/15121 6291/13234
f 6264/13192 6294/13237 6295/13236
f 6267/13195 6296/13238 6294/13237
f 6269/13198 6297/13239 6296/13238
f 6271/13201 6298/13240 6297/13239
f 6273/13204 6299/13241 6298/13240
f 6275/13207 6300/13242 6299/13241
f 6277/13210 6301/13245 6300/13242
f 6277/13243 6279/13213 6302/13244
f 6279/13246 6281/13219 6303/13247
f 6281/13249 6283/13222 6304/13250
f 6283/13252 6285/13225 6305/13253
f 6285/13255 6287/13228 6306/13256
f 6287/13258 6289/13231 6307/13259
f 6289/13261 6291/13234 6308/13262
f 6291/13264 6293/15121 6309/13265
f 6310/13267 6311/13270 6312/13268
f 6311/13270 6314/13273 6315/13271
f 6314/13273 6316/13276 6317/13274
f 6316/13276 6318/13279 6319/13277
f 6318/13279 6320/13282 6321/13280
f 6320/13282 6322/13285 6323/13283
f 6322/13285 6324/13290 6325/13286
f 6326/13288 6327/13292 6325/13289
f 6328/13291 6329/13295 6327/13292
f 6330/13294 6331/13298 6329/13295
f 6332/13297 6333/13301 6331/13298
f 6334/13300 6335/13304 6333/13301
f 6336/13303 6337/13307 6335/13304
f 6338/13306 6339/15122 6337/13307
f 6312/13268 6340/13310 6341/13309
f 6315/13271 6342/13311 6340/13310
f 6317/13274 6343/13312 6342/13311
f 6319/13277 6344/13313 6343/13312
f 6321/13280 6345/13314 6344/13313
f 6323/13283 6346/13315 6345/13314
f 6325/13286 6347/13318 6346/13315
f 6325/13316 6327/13292 6348/13317
f 6327/13319 6329/13295 6349/13320
f 6329/13322 6331/13298 6350/13323
f 6331/13325 6333/13301 6351/13326
f 6333/13328 6335/13304 6352/13329
f 6335/13331 6337/13307 6353/13332
f 6337/13334 6339/15122 6354/13335
f 6355/13337 6356/13340 6357/13338
f 6356/13340 6359/13343 6360/13341
f 6359/13343 6361/13346 6362/13344
f 6361/13346 6363/13349 6364/13347
f 6363/13349 6365/13352 6366/13350
f 6365/13352 6367/13355 6368/13353
f 6367/13355 6369/13360 6370/13356
f 6371/13358 6372/13362 6370/13359
f 6373/13361 6374/13365 6372/13362
f 6375/13364 6376/13368 6374/13365
f 6377/13367 6378/13371 6376/13368
f 6379/13370 6380/13374 6378/13371
f 6381/13373 6382/13377 6380/13374
f 6383/13376 6384/15123 6382/13377
f 6357/13338 6385/13380 6386/13379
f 6360/13341 6387/13381 6385/13380
f 6362/13344 6388/13382 6387/13381
f 6364/13347 6389/13383 6388/13382
f 6366/13350 6390/13384 6389/13383
f 6368/13353 6391/13387 6390/13384
f 6368/13385 6370/13356 6392/13386
f 6370/13388 6372/13362 6393/13389
f 6372/13391 6374/13365 6394/13392
f 6374/13394 6376/13368 6395/13395
f 6376/13397 6378/13371 6396/13398
f 6378/13400 6380/13374 6397/13401
f 6380/13403 6382/13377 6398/13404
f 6382/13406 6384/15123 6399/13407
f 6901/13409 6400/13412 6401/13410
f 6400/13412 6402/13415 6403/13413
f 6402/13415 6404/13418 6405/13416
f 6404/13418 6406/13421 6407/13419
f 6406/13421 6408/13424 6409/13422
f 6408/13424 6410/13429 6411/13425
f 6412/13427 6413/13431 6411/13428
f 6414/13430 6415/13434 6413/13431
f 6416/13433 6417/13437 6415/13434
f 6418/13436 6419/13440 6417/13437
f 6420/13439 6421/13443 6419/13440
f 6422/13442 6423/13447 6421/13443
f 6401/13410 6425/13449 6931/13448
f 6403/13413 6426/13450 6425/13449
f 6405/13416 6427/13451 6426/13450
f 6407/13419 6428/13452 6427/13451
f 6409/13422 6429/13453 6428/13452
f 6411/13425 6430/13456 6429/13453
f 6411/13454 6413/13431 6431/13455
f 6413/13457 6415/13434 6432/13458
f 6415/13460 6417/13437 6433/13461
f 6417/13463 6419/13440 6434/13464
f 6419/13466 6421/13443 6435/13467
f 6421/13469 6423/13447 6436/13470
f 6437/13474 6438/13477 6439/13475
f 6438/13477 6441/13480 6442/13478
f 6441/13480 6443/13483 6444/13481
f 6443/13483 6445/13486 6446/13484
f 6445/13486 6447/13489 6448/13487
f 6447/13489 6449/13492 6450/13490
f 6449/13492 6451/13497 6452/13493
f 6453/13495 6454/13499 6452/13496
f 6455/13498 6456/13502 6454/13499
f 6457/13501 6458/13505 6456/13502
f 6459/13504 6460/13508 6458/13505
f 6461/13507 6462/13511 6460/13508
f 6463/13510 6464/13514 6462/13511
f 6465/13513 6466/13517 6464/13514
f 6467/13516 6468/15124 6466/13517
f 6439/13475 6469/13520 6470/13519
f 6442/13478 6471/13521 6469/13520
f 6444/13481 6472/13522 6471/13521
f 6446/13484 6473/13523 6472/13522
f 6448/13487 6474/13524 6473/13523
f 6450/13490 6475/13525 6474/13524
f 6452/13493 6476/13528 6475/13525
f 6452/13526 6454/13499 6477/13527
f 6454/13529 6456/13502 6478/13530
f 6456/13532 6458/13505 6479/13533
f 6458/13535 6460/13508 6480/13536
f 6460/13538 6462/13511 6481/13539
f 6462/13541 6464/13514 6482/13542
f 6464/13544 6466/13517 6483/13545
f 6466/13547 6468/15124 6484/13548
f 6485/13550 6486/13553 6487/13551
f 6486/13553 6489/13556 6490/13554
f 6489/13556 6491/13559 6492/13557
f 6491/13559 6493/13562 6494/13560
f 6493/13562 6495/13565 6496/13563
f 6495/13565 6497/13568 6498/13566
f 6497/13568 6499/13573 6500/13569
f 6501/13571 6502/13575 6500/13572
f 6503/13574 6504/13578 6502/13575
f 6505/13577 6506/13581 6504/13578
f 6507/13580 6508/13584 6506/13581
f 6509/13583 6510/13587 6508/13584
f 6511/13586 6512/13590 6510/13587
f 6513/13589 6514/13593 6512/13590
f 6515/13592 6516/15125 6514/13593
f 6487/13551 6517/13596 6518/13595
f 6490/13554 6519/13597 6517/13596
f 6492/13557 6520/13598 6519/13597
f 6494/13560 6521/13599 6520/13598
f 6496/13563 6522/13600 6521/13599
f 6498/13566 6523/13601 6522/13600
f 6500/13569 6524/13604 6523/13601
f 6500/13602 6502/13575 6525/13603
f 6502/13605 6504/13578 6526/13606
f 6504/13608 6506/13581 6527/13609
f 6506/13611 6508/13584 6528/13612
f 6508/13614 6510/13587 6529/13615
f 6510/13617 6512/13590 6530/13618
f 6512/13620 6514/13593 6531/13621
f 6514/13623 6516/15125 6532/13624
f 6533/13626 6534/13629 6535/13627
f 6534/13629 6537/13632 6538/13630
f 6537/13632 6539/13635 6540/13633
f 6539/13635 6541/13638 6542/13636
f 6541/13638 6543/13641 6544/13639
f 6543/13641 6545/13644 6546/13642
f 6545/13644 6547/13649 6548/13645
f 6549/13647 6550/13651 6548/13648
f 6551/13650 6552/13654 6550/13651
f 6553/13653 6554/13657 6552/13654
f 6555/13656 6556/13660 6554/13657
f 6557/13659 6558/13663 6556/13660
f 6559/13662 6560/13666 6558/13663
f 6561/13665 6562/13669 6560/13666
f 6563/13668 6564/15126 6562/13669
f 6535/13627 6565/13672 6566/13671
f 6538/13630 6567/13673 6565/13672
f 6540/13633 6568/13674 6567/13673
f 6542/13636 6569/13675 6568/13674
f 6544/13639 6570/13676 6569/13675
f 6546/13642 6571/13677 6570/13676
f 6548/13645 6572/13680 6571/13677
f 6548/13678 6550/13651 6573/13679
f 6550/13681 6552/13654 6574/13682
f 6552/13684 6554/13657 6575/13685
f 6554/13687 6556/13660 6576/13688
f 6556/13690 6558/13663 6577/13691
f 6558/13693 6560/13666 6578/13694
f 6560/13696 6562/13669 6579/13697
f 6562/13699 6564/15126 6580/13700
f 6581/13702 6582/13705 6583/13703
f 6582/13705 6585/13708 6586/13706
f 6585/13708 6587/13711 6588/13709
f 6587/13711 6589/13714 6590/13712
f 6589/13714 6591/13717 6592/13715
f 6591/13717 6593/13720 6594/13718
f 6593/13720 6595/13725 6596/13721
f 6597/13723 6598/13727 6596/13724
f 6599/13726 6600/13730 6598/13727
f 6601/13729 6602/13733 6600/13730
f 6603/13732 6604/13736 6602/13733
f 6605/13735 6606/13739 6604/13736
f 6607/13738 6608/13742 6606/13739
f 6609/13741 6610/13745 6608/13742
f 6611/13744 6612/15127 6610/13745
f 6583/13703 6613/13748 6614/13747
f 6586/13706 6615/13749 6613/13748
f 6588/13709 6616/13750 6615/13749
f 6590/13712 6617/13751 6616/13750
f 6592/13715 6618/13752 6617/13751
f 6594/13718 6619/13753 6618/13752
f 6596/13721 6620/13756 6619/13753
f 6596/13754 6598/13727 6621/13755
f 6598/13757 6600/13730 6622/13758
f 6600/13760 6602/13733 6623/13761
f 6602/13763 6604/13736 6624/13764
f 6604/13766 6606/13739 6625/13767
f 6606/13769 6608/13742 6626/13770
f 6608/13772 6610/13745 6627/13773
f 6610/13775 6612/15127 6628/13776
f 6629/13778 6630/13781 6631/13779
f 6630/13781 6633/13784 6634/13782
f 6633/13784 6635/13787 6636/13785
f 6635/13787 6637/13790 6638/13788
f 6637/13790 6639/13793 6640/13791
f 6639/13793 6641/13796 6642/13794
f 6641/13796 6643/13801 6644/13797
f 6645/13799 6646/13803 6644/13800
f 6647/13802 6648/13806 6646/13803
f 6649/13805 6650/13809 6648/13806
f 6651/13808 6652/13812 6650/13809
f 6653/13811 6654/13815 6652/13812
f 6655/13814 6656/13818 6654/13815
f 6657/13817 6658/13821 6656/13818
f 6659/13820 6660/15128 6658/13821
f 6631/13779 6661/13824 6662/13823
f 6634/13782 6663/13825 6661/13824
f 6636/13785 6664/13826 6663/13825
f 6638/13788 6665/13827 6664/13826
f 6640/13791 6666/13828 6665/13827
f 6642/13794 6667/13829 6666/13828
f 6644/13797 6668/13832 6667/13829
f 6644/13830 6646/13803 6669/13831
f 6646/13833 6648/13806 6670/13834
f 6648/13836 6650/13809 6671/13837
f 6650/13839 6652/13812 6672/13840
f 6652/13842 6654/13815 6673/13843
f 6654/13845 6656/13818 6674/13846
f 6656/13848 6658/13821 6675/13849
f 6658/13851 6660/15128 6676/13852
f 6677/13854 6678/13857 6679/13855
f 6678/13857 6681/13860 6682/13858
f 6681/13860 6683/13863 6684/13861
f 6683/13863 6685/13866 6686/13864
f 6685/13866 6687/13869 6688/13867
f 6687/13869 6689/13872 6690/13870
f 6689/13872 6691/13877 6692/13873
f 6693/13875 6694/13879 6692/13876
f 6695/13878 6696/13882 6694/13879
f 6697/13881 6698/13885 6696/13882
f 6699/13884 6700/13888 6698/13885
f 6701/13887 6702/13891 6700/13888
f 6703/13890 6704/13894 6702/13891
f 6705/13893 6706/13897 6704/13894
f 6707/13896 6708/15129 6706/13897
f 6679/13855 6709/13900 6710/13899
f 6682/13858 6711/13901 6709/13900
f 6684/13861 6712/13902 6711/13901
f 6686/13864 6713/13903 6712/13902
f 6688/13867 6714/13904 6713/13903
f 6690/13870 6715/13905 6714/13904
f 6692/13873 6716/13907 6715/13905
f 6694/13906 6717/13911 6716/13907
f 6694/13909 6696/13882 6718/13910
f 6696/13912 6698/13885 6719/13913
f 6698/13915 6700/13888 6720/13916
f 6700/13918 6702/13891 6721/13919
f 6702/13921 6704/13894 6722/13922
f 6704/13924 6706/13897 6723/13925
f 6706/13927 6708/15129 6724/13928
f 6725/13930 6726/13933 6727/13931
f 6726/13933 6729/13936 6730/13934
f 6729/13936 6731/13939 6732/13937
f 6731/13939 6733/13942 6734/13940
f 6733/13942 6735/13945 6736/13943
f 6735/13945 6737/13948 6738/13946
f 6737/13948 6739/13953 6740/13949
f 6741/13951 6742/13955 6740/13952
f 6743/13954 6744/13958 6742/13955
f 6745/13957 6746/13961 6744/13958
f 6747/13960 6748/13964 6746/13961
f 6749/13963 6750/13967 6748/13964
f 6751/13966 6752/13970 6750/13967
f 6753/13969 6754/15130 6752/13970
f 6727/13931 6755/13973 6756/13972
f 6730/13934 6757/13974 6755/13973
f 6732/13937 6758/13975 6757/13974
f 6734/13940 6759/13976 6758/13975
f 6736/13943 6760/13977 6759/13976
f 6738/13946 6761/13978 6760/13977
f 6740/13949 6762/13981 6761/13978
f 6740/13979 6742/13955 6763/13980
f 6742/13982 6744/13958 6764/13983
f 6744/13985 6746/13961 6765/13986
f 6746/13988 6748/13964 6766/13989
f 6748/13991 6750/13967 6767/13992
f 6750/13994 6752/13970 6768/13995
f 6752/13997 6754/15130 6769/13998
f 6770/14000 6771/14003 6772/14001
f 6771/14003 6774/14006 6775/14004
f 6774/14006 6776/14009 6777/14007
f 6776/14009 6778/14012 6779/14010
f 6778/14012 6780/14015 6781/14013
f 6780/14015 6782/14018 6783/14016
f 6782/14018 6784/14023 6785/14019
f 6786/14021 6787/14025 6785/14022
f 6788/14024 6789/14028 6787/14025
f 6790/14027 6791/14031 6789/14028
f 6792/14030 6793/14034 6791/14031
f 6794/14033 6795/14037 6793/14034
f 6796/14036 6797/14040 6795/14037
f 6798/14039 6799/15131 6797/14040
f 6772/14001 6800/14043 6801/14042
f 6775/14004 6802/14044 6800/14043
f 6777/14007 6803/14045 6802/14044
f 6779/14010 6804/14046 6803/14045
f 6781/14013 6805/14047 6804/14046
f 6783/14016 6806/14050 6805/14047
f 6783/14048 6785/14019 6807/14049
f 6785/14051 6787/14025 6808/14052
f 6787/14054 6789/14028 6809/14055
f 6789/14057 6791/14031 6810/14058
f 6791/14060 6793/14034 6811/14061
f 6793/14063 6795/14037 6812/14064
f 6795/14066 6797/14040 6813/14067
f 6797/14069 6799/15131 6814/14070
f 6815/14072 6816/14075 6817/14073
f 6816/14075 6819/14078 6820/14076
f 6819/14078 6821/14081 6822/14079
f 6821/14081 6823/14084 6824/14082
f 6823/14084 6825/14087 6826/14085
f 6825/14087 6827/14090 6828/14088
f 6827/14090 6829/14095 6830/14091
f 6831/14093 6832/14097 6830/14094
f 6833/14096 6834/14100 6832/14097
f 6835/14099 6836/14103 6834/14100
f 6837/14102 6838/14106 6836/14103
f 6839/14105 6840/14109 6838/14106
f 6841/14108 6842/14113 6840/14109
f 6817/14073 6844/14115 6845/14114
f 6820/14076 6846/14116 6844/14115
f 6822/14079 6847/14117 6846/14116
f 6824/14082 6848/14118 6847/14117
f 6826/14085 6849/14119 6848/14118
f 6828/14088 6850/14120 6849/14119
f 6830/14091 6851/14123 6850/14120
f 6830/14121 6832/14097 6852/14122
f 6832/14124 6834/14100 6853/14125
f 6834/14127 6836/14103 6854/14128
f 6836/14130 6838/14106 6855/14131
f 6838/14133 6840/14109 6856/14134
f 6840/14136 6842/14113 6857/14137
f 6842/14139 6843/14112 6858/14140
f 6859/14142 6860/14145 6861/14143
f 6860/14145 6863/14148 6864/14146
f 6863/14148 6865/14151 6866/14149
f 6865/14151 6867/14154 6868/14152
f 6867/14154 6869/14157 6870/14155
f 6869/14157 6871/14162 6872/14158
f 6873/14160 6874/14164 6872/14161
f 6875/14163 6876/14167 6874/14164
f 6877/14166 6878/14170 6876/14167
f 6879/14169 6880/14173 6878/14170
f 6881/14172 6882/14176 6880/14173
f 6883/14175 6884/14179 6882/14176
f 6885/14178 6886/15132 6884/14179
f 6861/14143 6887/14182 6888/14181
f 6864/14146 6889/14183 6887/14182
f 6866/14149 6890/14184 6889/14183
f 6868/14152 6891/14185 6890/14184
f 6870/14155 6892/14186 6891/14185
f 6872/14158 6893/14189 6892/14186
f 6872/14187 6874/14164 6894/14188
f 6874/14190 6876/14167 6895/14191
f 6876/14193 6878/14170 6896/14194
f 6878/14196 6880/14173 6897/14197
f 6880/14199 6882/14176 6898/14200
f 6882/14202 6884/14179 6899/14203
f 6884/14205 6886/15132 6900/14206
f 6901/13409 6902/14209 6903/14208
f 6902/14209 6905/14212 6906/14210
f 6905/14212 6907/14215 6908/14213
f 6907/14215 6909/14218 6910/14216
f 6909/14218 6911/14221 6912/14219
f 6911/14221 6913/14224 6914/14222
f 6913/14224 6915/14229 6916/14225
f 6917/14227 6918/14231 6916/14228
f 6919/14230 6920/14234 6918/14231
f 6921/14233 6922/14237 6920/14234
f 6923/14236 6924/14240 6922/14237
f 6925/14239 6926/14243 6924/14240
f 6927/14242 6928/14246 6926/14243
f 6929/14245 6944/15133 6928/14246
f 6903/14208 6930/14248 6931/13448
f 6906/14210 6932/14249 6930/14248
f 6908/14213 6933/14250 6932/14249
f 6910/14216 6934/14251 6933/14250
f 6912/14219 6935/14252 6934/14251
f 6914/14222 6936/14255 6935/14252
f 6914/14253 6916/14225 6937/14254
f 6916/14256 6918/14231 6938/14257
f 6918/14259 6920/14234 6939/14260
f 6920/14262 6922/14237 6940/14263
f 6922/14265 6924/14240 6941/14266
f 6924/14268 6926/14243 6942/14269
f 6926/14271 6928/14246 6943/14272
f 6945/14277 6946/14280 6947/14278
f 6946/14280 6949/14283 6950/14281
f 6949/14283 6951/14286 6952/14284
f 6951/14286 6953/14289 6954/14287
f 6953/14289 6955/14292 6956/14290
f 6955/14292 6957/14295 6958/14293
f 6957/14295 6959/14300 6960/14296
f 6961/14298 6962/14302 6960/14299
f 6963/14301 6964/14305 6962/14302
f 6965/14304 6966/14308 6964/14305
f 6967/14307 6968/14311 6966/14308
f 6969/14310 6970/14314 6968/14311
f 6971/14313 6972/14317 6970/14314
f 6973/14316 6974/14320 6972/14317
f 6975/14319 6976/15134 6974/14320
f 6947/14278 6977/14323 6978/14322
f 6950/14281 6979/14324 6977/14323
f 6952/14284 6980/14325 6979/14324
f 6954/14287 6981/14326 6980/14325
f 6956/14290 6982/14327 6981/14326
f 6958/14293 6983/14328 6982/14327
f 6960/14296 6984/14331 6983/14328
f 6960/14329 6962/14302 6985/14330
f 6962/14332 6964/14305 6986/14333
f 6964/14335 6966/14308 6987/14336
f 6966/14338 6968/14311 6988/14339
f 6968/14341 6970/14314 6989/14342
f 6970/14344 6972/14317 6990/14345
f 6972/14347 6974/14320 6991/14348
f 6974/14350 6976/15134 6992/14351
f 6993/14353 6994/14356 6995/14354
f 6994/14356 6997/14359 6998/14357
f 6997/14359 6999/14362 7000/14360
f 6999/14362 7001/14365 7002/14363
f 7001/14365 7003/14368 7004/14366
f 7003/14368 7005/14371 7006/14369
f 7005/14371 7007/14374 7008/14372
f 7007/14374 7009/14379 7010/14375
f 7011/14377 7012/14381 7010/14378
f 7013/14380 7014/14384 7012/14381
f 7015/14383 7016/14387 7014/14384
f 7017/14386 7018/14390 7016/14387
f 7019/14389 7020/14393 7018/14390
f 7021/14392 7022/14396 7020/14393
f 7023/14395 7024/14399 7022/14396
f 7025/14398 7026/14402 7024/14399
f 7027/14401 7028/15135 7026/14402
f 6995/14354 7029/14405 7030/14404
f 6998/14357 7031/14406 7029/14405
f 7000/14360 7032/14407 7031/14406
f 7002/14363 7033/14408 7032/14407
f 7004/14366 7034/14409 7033/14408
f 7006/14369 7035/14410 7034/14409
f 7008/14372 7036/14411 7035/14410
f 7010/14375 7037/14414 7036/14411
f 7010/14412 7012/14381 7038/14413
f 7012/14415 7014/14384 7039/14416
f 7014/14418 7016/14387 7040/14419
f 7016/14421 7018/14390 7041/14422
f 7018/14424 7020/14393 7042/14425
f 7020/14427 7022/14396 7043/14428
f 7022/14430 7024/14399 7044/14431
f 7024/14433 7026/14402 7045/14434
f 7026/14436 7028/15135 7046/14437
f 7047/14439 7048/14442 7049/14440
f 7048/14442 7051/14445 7052/14443
f 7051/14445 7053/14448 7054/14446
f 7053/14448 7055/14451 7056/14449
f 7055/14451 7057/14454 7058/14452
f 7057/14454 7059/14457 7060/14455
f 7059/14457 7061/14462 7062/14458
f 7063/14460 7064/14464 7062/14461
f 7065/14463 7066/14467 7064/14464
f 7067/14466 7068/14470 7066/14467
f 7069/14469 7070/14473 7068/14470
f 7071/14472 7072/14476 7070/14473
f 7073/14475 7074/14479 7072/14476
f 7075/14478 7076/14482 7074/14479
f 7077/14481 7078/14485 7076/14482
f 7079/14484 7080/15136 7078/14485
f 7049/14440 7081/14488 7082/14487
f 7052/14443 7083/14489 7081/14488
f 7054/14446 7084/14490 7083/14489
f 7056/14449 7085/14491 7084/14490
f 7058/14452 7086/14492 7085/14491
f 7060/14455 7087/14493 7086/14492
f 7062/14458 7088/14495 7087/14493
f 7064/14494 7089/14499 7088/14495
f 7064/14497 7066/14467 7090/14498
f 7066/14500 7068/14470 7091/14501
f 7068/14503 7070/14473 7092/14504
f 7070/14506 7072/14476 7093/14507
f 7072/14509 7074/14479 7094/14510
f 7074/14512 7076/14482 7095/14513
f 7076/14515 7078/14485 7096/14516
f 7078/14518 7080/15136 7097/14519
f 7098/14521 7099/14524 7100/14522
f 7099/14524 7102/14527 7103/14525
f 7102/14527 7104/14530 7105/14528
f 7104/14530 7106/14533 7107/14531
f 7106/14533 7108/14536 7109/14534
f 7108/14536 7110/14539 7111/14537
f 7110/14539 7112/14544 7113/14540
f 7114/14542 7115/14546 7113/14543
f 7116/14545 7117/14549 7115/14546
f 7118/14548 7119/14552 7117/14549
f 7120/14551 7121/14555 7119/14552
f 7122/14554 7123/14558 7121/14555
f 7124/14557 7125/14561 7123/14558
f 7126/14560 7127/14564 7125/14561
f 7128/14563 7129/14567 7127/14564
f 7130/14566 7131/15137 7129/14567
f 7100/14522 7132/14570 7133/14569
f 7103/14525 7134/14571 7132/14570
f 7105/14528 7135/14572 7134/14571
f 7107/14531 7136/14573 7135/14572
f 7109/14534 7137/14574 7136/14573
f 7111/14537 7138/14575 7137/14574
f 7113/14540 7139/14577 7138/14575
f 7115/14576 7140/14581 7139/14577
f 7115/14579 7117/14549 7141/14580
f 7117/14582 7119/14552 7142/14583
f 7119/14585 7121/14555 7143/14586
f 7121/14588 7123/14558 7144/14589
f 7123/14591 7125/14561 7145/14592
f 7125/14594 7127/14564 7146/14595
f 7127/14597 7129/14567 7147/14598
f 7129/14600 7131/15137 7148/14601
f 7149/14603 7150/14606 7151/14604
f 7150/14606 7153/14609 7154/14607
f 7153/14609 7155/14612 7156/14610
f 7155/14612 7157/14615 7158/14613
f 7157/14615 7159/14618 7160/14616
f 7159/14618 7161/14621 7162/14619
f 7161/14621 7163/14624 7164/14622
f 7163/14624 7165/14629 7166/14625
f 7167/14627 7168/14631 7166/14628
f 7169/14630 7170/14634 7168/14631
f 7171/14633 7172/14637 7170/14634
f 7173/14636 7174/14640 7172/14637
f 7175/14639 7176/14643 7174/14640
f 7177/14642 7178/14646 7176/14643
f 7179/14645 7180/14649 7178/14646
f 7181/14648 7182/15138 7180/14649
f 7151/14604 7183/14652 7184/14651
f 7154/14607 7185/14653 7183/14652
f 7156/14610 7186/14654 7185/14653
f 7158/14613 7187/14655 7186/14654
f 7160/14616 7188/14656 7187/14655
f 7162/14619 7189/14657 7188/14656
f 7164/14622 7190/14660 7189/14657
f 7164/14658 7166/14625 7191/14659
f 7166/14661 7168/14631 7192/14662
f 7168/14664 7170/14634 7193/14665
f 7170/14667 7172/14637 7194/14668
f 7172/14670 7174/14640 7195/14671
f 7174/14673 7176/14643 7196/14674
f 7176/14676 7178/14646 7197/14677
f 7178/14679 7180/14649 7198/14680
f 7180/14682 7182/15138 7199/14683
f 7200/14685 7201/14688 7202/14686
f 7201/14688 7204/14691 7205/14689
f 7204/14691 7206/14694 7207/14692
f 7206/14694 7208/14697 7209/14695
f 7208/14697 7210/14700 7211/14698
f 7210/14700 7212/14703 7213/14701
f 7212/14703 7214/14708 7215/14704
f 7216/14706 7217/14710 7215/14707
f 7218/14709 7219/14713 7217/14710
f 7220/14712 7221/14716 7219/14713
f 7222/14715 7223/14719 7221/14716
f 7224/14718 7225/14722 7223/14719
f 7226/14721 7227/14725 7225/14722
f 7228/14724 7229/14728 7227/14725
f 7230/14727 7231/15139 7229/14728
f 7202/14686 7232/14731 7233/14730
f 7205/14689 7234/14732 7232/14731
f 7207/14692 7235/14733 7234/14732
f 7209/14695 7236/14734 7235/14733
f 7211/14698 7237/14735 7236/14734
f 7213/14701 7238/14736 7237/14735
f 7215/14704 7239/14738 7238/14736
f 7217/14737 7240/14742 7239/14738
f 7217/14740 7219/14713 7241/14741
f 7219/14743 7221/14716 7242/14744
f 7221/14746 7223/14719 7243/14747
f 7223/14749 7225/14722 7244/14750
f 7225/14752 7227/14725 7245/14753
f 7227/14755 7229/14728 7246/14756
f 7229/14758 7231/15139 7247/14759
f 7248/14761 7249/14764 7250/14762
f 7249/14764 7252/14767 7253/14765
f 7252/14767 7254/14770 7255/14768
f 7254/14770 7256/14773 7257/14771
f 7256/14773 7258/14776 7259/14774
f 7258/14776 7260/14779 7261/14777
f 7260/14779 7262/14784 7263/14780
f 7264/14782 7265/14786 7263/14783
f 7266/14785 7267/14789 7265/14786
f 7268/14788 7269/14792 7267/14789
f 7270/14791 7271/14795 7269/14792
f 7272/14794 7273/14798 7271/14795
f 7274/14797 7275/14801 7273/14798
f 7276/14800 7277/14804 7275/14801
f 7278/14803 7279/15140 7277/14804
f 7250/14762 7280/14807 7281/14806
f 7253/14765 7282/14808 7280/14807
f 7255/14768 7283/14809 7282/14808
f 7257/14771 7284/14810 7283/14809
f 7259/14774 7285/14811 7284/14810
f 7261/14777 7286/14812 7285/14811
f 7263/14780 7287/14814 7286/14812
f 7265/14813 7288/14818 7287/14814
f 7265/14816 7267/14789 7289/14817
f 7267/14819 7269/14792 7290/14820
f 7269/14822 7271/14795 7291/14823
f 7271/14825 7273/14798 7292/14826
f 7273/14828 7275/14801 7293/14829
f 7275/14831 7277/14804 7294/14832
f 7277/14834 7279/15140 7295/14835
f 7296/14837 7297/14840 7298/14838
f 7297/14840 7300/14843 7301/14841
f 7300/14843 7302/14846 7303/14844
f 7302/14846 7304/14849 7305/14847
f 7304/14849 7306/14852 7307/14850
f 7306/14852 7308/14855 7309/14853
f 7308/14855 7310/14860 7311/14856
f 7312/14858 7313/14862 7311/14859
f 7314/14861 7315/14865 7313/14862
f 7316/14864 7317/14868 7315/14865
f 7318/14867 7319/14871 7317/14868
f 7320/14870 7321/14874 7319/14871
f 7322/14873 7323/14877 7321/14874
f 7324/14876 7325/15141 7323/14877
f 7298/14838 7326/14880 7327/14879
f 7301/14841 7328/14881 7326/14880
f 7303/14844 7329/14882 7328/14881
f 7305/14847 7330/14883 7329/14882
f 7307/14850 7331/14884 7330/14883
f 7309/14853 7332/14885 7331/14884
f 7311/14856 7333/14888 7332/14885
f 7311/14886 7313/14862 7334/14887
f 7313/14889 7315/14865 7335/14890
f 7315/14892 7317/14868 7336/14893
f 7317/14895 7319/14871 7337/14896
f 7319/14898 7321/14874 7338/14899
f 7321/14901 7323/14877 7339/14902
f 7323/14904 7325/15141 7340/14905
f 7341/14907 7342/14910 7343/14908
f 7342/14910 7345/14913 7346/14911
f 7345/14913 7347/14916 7348/14914
f 7347/14916 7349/14919 7350/14917
f 7349/14919 7351/14922 7352/14920
f 7351/14922 7353/14927 7354/14923
f 7355/14925 7356/14929 7354/14926
f 7357/14933 7358/14932 7356/14929
f 7359/14936 7360/14935 7358/14932
f 7361/14939 7362/14938 7360/14935
f 7363/14942 7364/14941 7362/14938
f 7365/14945 7366/14944 7364/14941
f 7367/14948 7368/14947 7366/14944
f 7369/14946 7370/15142 7368/14947
f 7343/14912 7371/14950 7372/14949
f 7346/14915 7373/14951 7371/14950
f 7348/14918 7374/14952 7373/14951
f 7350/14921 7375/14953 7374/14952
f 7352/14924 7376/14954 7375/14953
f 7354/14957 7377/14956 7376/14954
f 7356/14958 7378/14960 7377/14956
f 7356/14929 7358/14932 7379/14959
f 7358/14932 7360/14935 7380/14962
f 7360/14935 7362/14938 7381/14965
f 7362/14938 7364/14941 7382/14968
f 7364/14941 7366/14944 7383/14971
f 7366/14944 7368/14947 7384/14974
f 7368/14947 7370/15142 7385/14977
f 5916/12635 7386/14980 7387/14979
f 7386/14980 7389/14983 7390/14981
f 7389/14983 7391/14986 7392/14984
f 7391/14986 7393/14989 7394/14987
f 7393/14989 7395/14992 7396/14990
f 7395/14992 7397/14997 7398/14993
f 7399/15000 7400/14999 7398/14996
f 7401/15003 7402/15002 7400/14999
f 7403/15006 7404/15005 7402/15002
f 7405/15009 7406/15008 7404/15005
f 7407/15012 7408/15011 7406/15008
f 7409/15015 7410/15014 7408/15011
f 7411/15013 7424/15143 7410/15014
f 7387/14982 7412/15016 5945/12677
f 7390/14985 7413/15017 7412/15016
f 7392/14988 7414/15018 7413/15017
f 7394/14991 7415/15019 7414/15018
f 7396/14994 7416/15020 7415/15019
f 7398/15021 7417/15023 7416/15020
f 7398/14996 7400/14999 7418/15022
f 7400/14999 7402/15002 7419/15025
f 7402/15002 7404/15005 7420/15028
f 7404/15005 7406/15008 7421/15031
f 7406/15008 7408/15011 7422/15034
f 7408/15011 7410/15014 7423/15037
