HIERARCHY
ROOT Hips
{
	OFFSET -0.001795 -0.223333 0.028219
	CHANNELS 6 Xposition Yposition Zposition Zrotation Yrotation Xrotation 
	JOINT LeftUpLeg
	{
		OFFSET 0.069520 -0.091406 -0.006815
		CHANNELS 3 Zrotation Yrotation Xrotation
		JOINT LeftLeg
		{
			OFFSET 0.034277 -0.375199 -0.004496
			CHANNELS 3 Zrotation Yrotation Xrotation
			JOINT LeftFoot
			{
				OFFSET -0.013596 -0.397961 -0.043693
				CHANNELS 3 Zrotation Yrotation Xrotation
				JOINT LeftToe
				{
					OFFSET 0.026358 -0.055791 0.119288
					CHANNELS 3 Zrotation Yrotation Xrotation
					End Site
					{
						OFFSET 0.000000 0.000000 0.000000
					}
				}
			}
		}
	}
	JOINT RightUpLeg
	{
		OFFSET -0.067670 -0.090522 -0.004320
		CHANNELS 3 Zrotation Yrotation Xrotation
		JOINT RightLeg
		{
			OFFSET -0.038290 -0.382569 -0.008850
			CHANNELS 3 Zrotation Yrotation Xrotation
			JOINT RightFoot
			{
				OFFSET 0.015774 -0.398415 -0.042312
				CHANNELS 3 Zrotation Yrotation Xrotation
				JOINT RightToe
				{
					OFFSET -0.025372 -0.048144 0.123348
					CHANNELS 3 Zrotation Yrotation Xrotation
					End Site
					{
						OFFSET 0.000000 0.000000 0.000000
					}
				}
			}
		}
	}
	JOINT Spine
	{
		OFFSET -0.002533 0.108963 -0.026696
		CHANNELS 3 Zrotation Yrotation Xrotation
		JOINT Spine1
		{
			OFFSET 0.005487 0.135180 0.001092
			CHANNELS 3 Zrotation Yrotation Xrotation
			JOINT Spine2
			{
				OFFSET 0.001457 0.052922 0.025425
				CHANNELS 3 Zrotation Yrotation Xrotation
				JOINT Neck
				{
					OFFSET -0.002778 0.213870 -0.042857
					CHANNELS 3 Zrotation Yrotation Xrotation
					JOINT Head
					{
						OFFSET 0.005152 0.064970 0.051349
						CHANNELS 3 Zrotation Yrotation Xrotation
						End Site
						{
							OFFSET 0.000000 0.000000 0.000000
						}
					}
				}
				JOINT LeftShoulder
				{
					OFFSET 0.078845 0.121749 -0.034090
					CHANNELS 3 Zrotation Yrotation Xrotation
					JOINT LeftArm
					{
						OFFSET 0.090977 0.030469 -0.008868
						CHANNELS 3 Zrotation Yrotation Xrotation
						JOINT LeftForeArm
						{
							OFFSET 0.259612 -0.012772 -0.027456
							CHANNELS 3 Zrotation Yrotation Xrotation
							JOINT LeftHand
							{
								OFFSET 0.249234 0.008986 -0.001171
								CHANNELS 3 Zrotation Yrotation Xrotation
								End Site
								{
									OFFSET 0.000000 0.000000 0.000000
								}
							}
						}
					}
				}
				JOINT RightShoulder
				{
					OFFSET -0.081759 0.118833 -0.038615
					CHANNELS 3 Zrotation Yrotation Xrotation
					JOINT RightArm
					{
						OFFSET -0.096012 0.032551 -0.009143
						CHANNELS 3 Zrotation Yrotation Xrotation
						JOINT RightForeArm
						{
							OFFSET -0.253742 -0.013329 -0.021401
							CHANNELS 3 Zrotation Yrotation Xrotation
							JOINT RightHand
							{
								OFFSET -0.255298 0.007772 -0.005559
								CHANNELS 3 Zrotation Yrotation Xrotation
								End Site
								{
									OFFSET 0.000000 0.000000 0.000000
								}
							}
						}
					}
				}
			}
		}
	}
}
MOTION
Frames: 196
Frame Time: 0.050000
0.000000 0.928749 0.000000 -1.141635 0.020274 -1.118920 12.754494 -0.245713 5.769598 -7.490672 0.772366 -1.536993 8.671462 18.432123 13.377274 0.000000 0.000000 0.000000 -10.932660 0.220456 0.170714 7.864487 -0.944314 3.529794 -8.985332 -21.402640 14.517002 0.000000 0.000000 0.000000 3.914781 -0.324948 4.074514 -1.421045 0.949647 -23.576819 -1.486932 2.961917 23.272279 5.588346 -1.140835 -25.719784 0.000000 0.000000 0.000000 -29.850882 -4.832731 -0.166020 -39.247603 -6.833711 -3.861058 -29.417457 -62.310953 20.968907 0.000000 0.000000 0.000000 28.834005 0.488502 -0.456497 45.803501 5.663608 -4.663434 19.704868 62.625554 16.257303 0.000000 0.000000 0.000000 
0.000187 0.928791 -0.000179 -1.403032 -0.996319 -0.543189 13.349506 -0.261620 6.350552 -8.331284 0.807909 -3.240177 9.085305 19.007486 14.031126 0.000000 0.000000 0.000000 -10.825325 0.270514 -0.881225 8.034166 -0.951209 3.858661 -8.559480 -20.766964 14.368126 0.000000 0.000000 0.000000 3.945364 -0.296744 3.589524 -1.766930 1.010903 -23.944967 -1.169366 3.761631 23.199382 6.325429 -1.586549 -25.324227 0.000000 0.000000 0.000000 -29.904128 -4.444827 -0.479071 -38.176847 -6.724164 -3.772025 -33.637736 -63.339048 24.072261 0.000000 0.000000 0.000000 28.349164 -0.503836 -1.043518 46.269428 5.027202 -4.927461 22.528487 64.176543 18.700544 0.000000 0.000000 0.000000 
0.000436 0.929055 -0.000644 -1.243229 -0.637248 -0.848388 13.268108 -0.264333 6.292762 -8.421846 0.826758 -2.774661 8.874096 18.715981 13.915925 0.000000 0.000000 0.000000 -10.885055 0.251900 -0.682375 7.840110 -0.943256 4.180020 -8.711880 -20.994560 14.470095 0.000000 0.000000 0.000000 4.335881 -0.326553 3.837007 -1.961469 1.071781 -24.356713 -1.782426 3.274156 23.681578 6.503960 -1.581812 -26.697702 0.000000 0.000000 0.000000 -29.072685 -4.728976 -0.100661 -38.647859 -7.231920 -3.750806 -29.335691 -63.165383 21.266558 0.000000 0.000000 0.000000 29.680027 0.038704 -0.835270 45.322386 5.714233 -4.639335 17.796401 63.170801 15.219004 0.000000 0.000000 0.000000 
0.000612 0.929003 -0.001142 -1.278681 -0.541790 -0.919466 13.901279 -0.305847 6.228095 -9.447449 0.920690 -2.628390 8.749652 18.537724 13.914802 0.000000 0.000000 0.000000 -11.159290 0.252331 -0.954021 8.371733 -1.041053 4.766235 -8.742334 -21.037531 14.529099 0.000000 0.000000 0.000000 4.325229 -0.343494 4.066883 -2.333974 1.167035 -24.865735 -1.713504 2.684849 23.644849 6.471153 -1.690688 -26.339477 0.000000 0.000000 0.000000 -29.163442 -4.428977 -0.100934 -38.310072 -7.638969 -3.651479 -26.110255 -62.637937 19.090924 0.000000 0.000000 0.000000 29.451228 0.047353 -1.023463 45.017807 5.696607 -4.551633 19.733021 63.787336 16.500782 0.000000 0.000000 0.000000 
0.000769 0.929034 -0.001666 -1.296420 -0.320696 -1.190469 13.871663 -0.301472 6.009299 -9.303913 0.938793 -1.880912 8.664471 18.419765 13.683408 0.000000 0.000000 0.000000 -11.029587 0.235003 -0.540989 8.185978 -1.014441 4.589528 -8.818697 -21.146683 14.585133 0.000000 0.000000 0.000000 3.992254 -0.343864 4.291325 -1.712833 1.020401 -24.354066 -2.078243 2.873894 23.165853 6.651406 -1.801199 -25.729140 0.000000 0.000000 0.000000 -28.471561 -4.750300 -0.004303 -38.823341 -7.978492 -3.516346 -25.030484 -62.344472 18.219905 0.000000 0.000000 0.000000 29.802155 -0.014790 -0.974093 44.265734 6.331302 -4.266963 17.263657 63.578426 14.878867 0.000000 0.000000 0.000000 
0.000904 0.929196 -0.002074 -1.582476 -0.282808 -1.244432 14.277916 -0.332930 6.128202 -9.469363 0.944037 -2.051608 8.630947 18.371870 13.682567 0.000000 0.000000 0.000000 -10.746253 0.226711 -0.488430 8.233087 -1.022354 4.562452 -8.811529 -21.130489 14.743634 0.000000 0.000000 0.000000 3.773056 -0.317086 4.054513 -1.312910 0.928407 -24.741957 -1.870139 2.641541 24.031010 6.242577 -1.631592 -25.637333 0.000000 0.000000 0.000000 -28.840857 -4.580010 -0.018057 -38.565706 -8.424387 -3.460778 -24.077459 -61.925765 17.556608 0.000000 0.000000 0.000000 29.475008 0.600716 -0.582900 43.739287 6.967552 -4.073916 14.568965 63.768183 13.210126 0.000000 0.000000 0.000000 
0.001006 0.929147 -0.002452 -1.628834 -0.176617 -1.322354 14.386283 -0.336139 5.916589 -9.545693 0.969969 -1.621667 8.594612 18.319936 13.554879 0.000000 0.000000 0.000000 -10.515615 0.217092 -0.422836 7.921017 -0.980714 4.601138 -8.872135 -21.222491 14.743360 0.000000 0.000000 0.000000 3.691807 -0.312284 4.043817 -1.270007 0.916450 -24.398706 -1.910429 2.612731 23.806835 6.332547 -1.714376 -25.309360 0.000000 0.000000 0.000000 -28.761410 -4.791753 0.096373 -38.567364 -8.462333 -3.426722 -23.589777 -62.344432 17.373757 0.000000 0.000000 0.000000 29.504137 0.698493 -0.515799 43.150521 7.405575 -3.871489 12.128379 64.276902 11.766665 0.000000 0.000000 0.000000 
0.001132 0.929035 -0.002728 -1.774706 -0.095671 -1.420276 14.434368 -0.340722 5.889427 -9.338031 0.956028 -1.449931 8.586337 18.306321 13.392233 0.000000 0.000000 0.000000 -10.170178 0.204276 -0.239918 7.595315 -0.932012 4.473031 -8.915916 -21.287872 14.752738 0.000000 0.000000 0.000000 3.826514 -0.297442 3.786333 -1.609145 0.997390 -24.100641 -1.618729 2.781032 23.998601 6.434103 -1.759204 -25.205126 0.000000 0.000000 0.000000 -28.565692 -5.074925 0.217661 -38.383623 -8.589885 -3.370147 -23.932288 -63.080529 17.791287 0.000000 0.000000 0.000000 29.513728 0.502606 -0.550509 42.751814 8.132439 -3.658772 9.974674 64.588203 10.540675 0.000000 0.000000 0.000000 
0.001269 0.928653 -0.002912 -1.842465 -0.016606 -1.587762 14.303983 -0.335557 5.972292 -8.968553 0.924345 -1.320928 8.594787 18.314882 13.149260 0.000000 0.000000 0.000000 -9.995780 0.192089 -0.015515 7.409454 -0.905675 4.419381 -8.954704 -21.349129 14.655777 0.000000 0.000000 0.000000 3.875066 -0.300670 3.830666 -1.799004 1.045542 -24.052042 -1.524028 3.065956 24.084368 6.786077 -1.952599 -24.938242 0.000000 0.000000 0.000000 -28.303110 -5.314697 0.262321 -38.468957 -8.432467 -3.394272 -25.139197 -63.855002 18.765020 0.000000 0.000000 0.000000 29.513135 0.293858 -0.555705 42.410917 8.496611 -3.568903 8.522322 64.681609 9.710438 0.000000 0.000000 0.000000 
0.001426 0.928384 -0.003045 -1.899274 0.131647 -1.682718 14.203262 -0.333474 5.910381 -8.662452 0.899717 -1.104809 8.572319 18.277679 12.920723 0.000000 0.000000 0.000000 -9.906022 0.183183 0.031859 7.358729 -0.905868 4.563907 -9.031332 -21.466487 14.626497 0.000000 0.000000 0.000000 3.935001 -0.285025 3.608664 -2.032408 1.105005 -23.734912 -1.326629 3.152145 24.094564 7.107055 -2.115435 -24.937978 0.000000 0.000000 0.000000 -28.275219 -5.167704 0.094012 -38.489194 -8.370315 -3.390798 -27.233662 -64.427841 20.304913 0.000000 0.000000 0.000000 29.494380 0.161194 -0.568207 42.468010 8.917285 -3.458798 6.865128 64.766397 8.752262 0.000000 0.000000 0.000000 
0.001655 0.927857 -0.003178 -1.856345 0.206164 -1.637335 14.021418 -0.329689 5.993091 -8.446046 0.865923 -1.376133 8.577850 18.282628 12.750329 0.000000 0.000000 0.000000 -10.036147 0.184296 0.023354 7.485495 -0.925042 4.508023 -9.079987 -21.546937 14.513519 0.000000 0.000000 0.000000 4.175249 -0.276092 3.380601 -2.491066 1.220145 -23.847754 -1.366271 3.444186 24.245477 7.634657 -2.381852 -24.917987 0.000000 0.000000 0.000000 -28.076394 -5.456077 0.166563 -38.295104 -8.094209 -3.428899 -28.039329 -64.749070 20.873188 0.000000 0.000000 0.000000 29.759885 -0.211492 -0.687150 42.771544 9.221925 -3.433271 5.555635 64.571526 8.029859 0.000000 0.000000 0.000000 
0.001931 0.927511 -0.003352 -1.869509 0.216998 -1.519175 13.933869 -0.325608 5.914603 -8.306739 0.847908 -1.482020 8.618607 18.337378 12.627216 0.000000 0.000000 0.000000 -9.998045 0.186882 -0.053184 7.417495 -0.912270 4.402960 -9.107172 -21.592720 14.448287 0.000000 0.000000 0.000000 4.180762 -0.253401 3.067551 -2.696468 1.270673 -23.691687 -1.181088 3.465455 24.162477 7.904649 -2.526012 -24.973172 0.000000 0.000000 0.000000 -28.069542 -5.469471 0.160917 -38.301178 -7.989946 -3.444350 -28.814159 -64.761892 21.382728 0.000000 0.000000 0.000000 29.816726 -0.379877 -0.799631 43.180584 9.396336 -3.385520 4.724786 64.651163 7.568798 0.000000 0.000000 0.000000 
0.002241 0.927422 -0.003537 -1.884414 0.339270 -1.476233 13.788311 -0.326641 5.982093 -8.042886 0.809518 -1.757612 8.587489 18.290867 12.556578 0.000000 0.000000 0.000000 -9.977466 0.182720 0.037447 7.393966 -0.905666 4.182212 -9.162710 -21.673114 14.502265 0.000000 0.000000 0.000000 4.169400 -0.244605 2.951183 -2.739702 1.283482 -23.789690 -1.144553 3.470451 24.167558 8.314579 -2.739357 -25.096815 0.000000 0.000000 0.000000 -27.938150 -5.619934 0.233816 -38.222070 -8.031688 -3.417030 -28.494148 -64.468641 21.024131 0.000000 0.000000 0.000000 30.221405 -0.580231 -0.921007 43.487419 9.687761 -3.318861 3.861111 64.546894 7.071688 0.000000 0.000000 0.000000 
0.002553 0.927243 -0.003757 -1.886882 0.329307 -1.466102 13.646206 -0.317906 6.003109 -7.830884 0.787548 -1.828993 8.622124 18.338395 12.471907 0.000000 0.000000 0.000000 -9.998550 0.184335 -0.024879 7.396545 -0.907476 4.245800 -9.164588 -21.677881 14.469303 0.000000 0.000000 0.000000 4.216887 -0.242643 2.907026 -3.014160 1.351071 -23.750033 -1.038762 3.480144 24.055546 8.838513 -3.028649 -25.219905 0.000000 0.000000 0.000000 -27.524280 -5.897526 0.441509 -38.406515 -7.931232 -3.457184 -28.061428 -64.497281 20.747948 0.000000 0.000000 0.000000 30.430211 -0.933562 -1.185715 43.891322 9.657223 -3.329732 4.059865 65.101658 7.309865 0.000000 0.000000 0.000000 
0.002869 0.927263 -0.004020 -1.927007 0.208489 -1.429922 13.512455 -0.304335 6.014096 -7.586242 0.765576 -1.890414 8.704979 18.459105 12.477139 0.000000 0.000000 0.000000 -9.939792 0.185869 0.087995 7.321622 -0.885039 3.897585 -9.095126 -21.571492 14.500517 0.000000 0.000000 0.000000 4.228974 -0.234329 2.790682 -3.037838 1.353632 -23.817887 -0.884584 3.446628 24.169695 8.974017 -3.102543 -25.385145 0.000000 0.000000 0.000000 -27.343433 -5.930284 0.527954 -38.554179 -7.997004 -3.474507 -27.710687 -64.163136 20.423495 0.000000 0.000000 0.000000 30.660970 -1.127963 -1.382320 44.265816 9.598224 -3.357325 5.033158 65.768359 8.041057 0.000000 0.000000 0.000000 
0.003136 0.927118 -0.004405 -1.945410 0.146683 -1.344466 13.382970 -0.292231 5.888273 -7.374083 0.748264 -1.843003 8.778626 18.561821 12.405673 0.000000 0.000000 0.000000 -9.935659 0.189200 0.108940 7.314943 -0.875635 3.626253 -9.066530 -21.528115 14.495077 0.000000 0.000000 0.000000 4.113600 -0.239497 2.884819 -3.000724 1.341976 -23.944406 -0.884255 3.332872 24.145993 9.081896 -3.207464 -25.276243 0.000000 0.000000 0.000000 -27.132788 -5.881013 0.572660 -38.570422 -8.037445 -3.482379 -27.563596 -64.290417 20.410338 0.000000 0.000000 0.000000 30.669896 -1.296454 -1.571061 44.782269 9.248701 -3.467938 6.710042 66.838039 9.310374 0.000000 0.000000 0.000000 
0.003399 0.927295 -0.005013 -1.992831 -0.047674 -1.283709 13.202273 -0.272417 5.861882 -7.044950 0.719712 -1.893768 8.899047 18.736875 12.480777 0.000000 0.000000 0.000000 -9.802595 0.193452 0.110732 7.122406 -0.838153 3.359745 -8.969455 -21.378795 14.546324 0.000000 0.000000 0.000000 4.100164 -0.258678 3.127505 -2.960321 1.325940 -24.283546 -0.755562 3.340077 24.381820 9.038418 -3.154298 -25.605965 0.000000 0.000000 0.000000 -26.906088 -6.030689 0.748029 -38.702779 -8.244058 -3.473816 -27.355361 -64.695503 20.483370 0.000000 0.000000 0.000000 30.627257 -1.516414 -1.763923 45.010903 9.053745 -3.550216 9.539571 67.685719 11.362006 0.000000 0.000000 0.000000 
0.003594 0.927530 -0.005805 -2.085893 -0.339079 -1.262287 13.202751 -0.258580 5.852892 -6.954192 0.716744 -1.877587 9.045261 18.947784 12.600706 0.000000 0.000000 0.000000 -9.768994 0.201009 0.139943 7.187657 -0.833579 3.059384 -8.804032 -21.123723 14.615731 0.000000 0.000000 0.000000 3.909726 -0.277422 3.450755 -2.555292 1.221220 -24.512736 -0.731070 3.452424 24.355800 8.950523 -3.065887 -25.846036 0.000000 0.000000 0.000000 -26.633336 -5.864834 0.693302 -38.992691 -8.347386 -3.474657 -27.637121 -64.987202 20.818429 0.000000 0.000000 0.000000 30.221046 -1.466891 -1.739185 45.646738 8.901383 -3.603787 12.437380 67.892844 13.372219 0.000000 0.000000 0.000000 
0.003740 0.927987 -0.006744 -2.119933 -0.595367 -1.201371 13.211699 -0.240453 5.540112 -6.976608 0.735377 -1.438741 9.176036 19.135647 12.744828 0.000000 0.000000 0.000000 -9.630095 0.208714 -0.000046 6.966792 -0.797062 2.980684 -8.676822 -20.930315 14.715482 0.000000 0.000000 0.000000 3.855728 -0.302186 3.795654 -2.660494 1.240870 -24.642026 -0.533604 3.607731 24.283037 8.924538 -2.999437 -26.168420 0.000000 0.000000 0.000000 -26.452592 -5.954894 0.770357 -38.945565 -8.615170 -3.393856 -28.120963 -65.450470 21.327077 0.000000 0.000000 0.000000 29.984315 -1.428291 -1.710979 45.840060 8.806028 -3.631757 15.492557 67.843369 15.416742 0.000000 0.000000 0.000000 
0.003859 0.928317 -0.007750 -2.172205 -0.967381 -1.117493 13.232699 -0.221794 5.379870 -7.010063 0.750011 -1.265063 9.359106 19.395780 12.930131 0.000000 0.000000 0.000000 -9.550029 0.220287 -0.077609 6.875585 -0.771532 2.696782 -8.485181 -20.641251 14.776776 0.000000 0.000000 0.000000 3.924391 -0.321763 4.010768 -2.898934 1.290209 -24.775194 -0.425439 3.927833 24.377427 9.285106 -3.163089 -26.363411 0.000000 0.000000 0.000000 -26.235840 -6.187880 0.908431 -38.904016 -8.735529 -3.354129 -27.894641 -65.962684 21.361108 0.000000 0.000000 0.000000 30.128499 -1.357714 -1.644324 45.639723 8.983884 -3.572868 17.611201 67.480195 16.734653 0.000000 0.000000 0.000000 
0.003981 0.928526 -0.008692 -2.236876 -1.345061 -1.125843 13.208795 -0.198502 5.227571 -6.934172 0.758589 -0.912785 9.557884 19.676797 13.039058 0.000000 0.000000 0.000000 -9.467616 0.230827 -0.203230 6.800121 -0.753991 2.688711 -8.296998 -20.358588 14.765521 0.000000 0.000000 0.000000 3.783495 -0.338048 4.307574 -2.915459 1.286399 -24.919280 -0.336867 4.198951 24.524750 9.292948 -3.098707 -26.779615 0.000000 0.000000 0.000000 -26.323632 -6.206888 0.917148 -38.637542 -9.032746 -3.259639 -28.161341 -66.663602 21.824086 0.000000 0.000000 0.000000 29.881444 -0.904250 -1.300492 45.464912 9.387890 -3.440396 19.445109 67.277920 17.905073 0.000000 0.000000 0.000000 
0.004123 0.928554 -0.009504 -2.202251 -1.717335 -1.112596 13.071420 -0.169984 5.059336 -6.853901 0.766325 -0.563881 9.760544 19.963921 13.122330 0.000000 0.000000 0.000000 -9.503040 0.243410 -0.268202 6.738501 -0.736063 2.545566 -8.116814 -20.090179 14.695948 0.000000 0.000000 0.000000 3.654503 -0.351309 4.565642 -2.989704 1.296620 -25.044017 -0.269556 4.446309 24.638977 9.426562 -3.150035 -26.945657 0.000000 0.000000 0.000000 -26.509333 -6.134436 0.869517 -38.455164 -9.148442 -3.222870 -28.532534 -67.339306 22.366772 0.000000 0.000000 0.000000 29.712172 -0.545860 -1.041848 45.230514 9.861185 -3.276759 20.440706 67.323025 18.586046 0.000000 0.000000 0.000000 
0.004277 0.928308 -0.010112 -2.216362 -1.852040 -1.154926 13.171202 -0.164958 4.963850 -7.039844 0.796338 -0.317320 9.833317 20.067254 13.046887 0.000000 0.000000 0.000000 -9.540712 0.247579 -0.296904 6.798558 -0.741190 2.560925 -8.055389 -19.997991 14.607821 0.000000 0.000000 0.000000 3.566728 -0.357850 4.717849 -3.176555 1.337787 -25.125381 -0.269621 4.601478 24.673948 9.516574 -3.175416 -27.043694 0.000000 0.000000 0.000000 -26.540079 -6.268869 0.928126 -38.397163 -9.021119 -3.250552 -29.295733 -67.949020 23.138553 0.000000 0.000000 0.000000 29.791382 -0.290828 -0.839825 44.667219 10.413183 -3.085092 19.503972 67.414210 17.967879 0.000000 0.000000 0.000000 
0.004401 0.928001 -0.010548 -2.174033 -2.085448 -1.123880 13.135035 -0.148673 4.759480 -7.118918 0.820090 0.044757 9.976821 20.269635 12.989042 0.000000 0.000000 0.000000 -9.574901 0.255520 -0.286521 6.737332 -0.725020 2.346524 -7.954421 -19.846681 14.476796 0.000000 0.000000 0.000000 3.473036 -0.342875 4.564097 -3.365722 1.377678 -25.133946 -0.183712 4.790159 24.942368 9.725393 -3.286030 -27.130335 0.000000 0.000000 0.000000 -26.585098 -6.288311 0.941614 -38.403116 -8.880246 -3.313285 -29.934061 -68.413079 23.798919 0.000000 0.000000 0.000000 29.873546 -0.065050 -0.663457 44.299608 10.948907 -2.928273 17.702169 67.732692 16.861453 0.000000 0.000000 0.000000 
0.004496 0.927812 -0.010844 -2.147505 -2.114229 -1.047907 13.081773 -0.144752 4.653764 -7.098061 0.818789 0.065363 10.013324 20.322483 12.942051 0.000000 0.000000 0.000000 -9.618694 0.258979 -0.272121 6.751877 -0.721941 2.125762 -7.946148 -19.834460 14.452073 0.000000 0.000000 0.000000 3.411797 -0.332328 4.441233 -3.673809 1.450698 -24.901194 -0.167655 4.747585 24.834983 9.797352 -3.354451 -27.023264 0.000000 0.000000 0.000000 -26.685201 -6.576383 1.135568 -38.291613 -8.715867 -3.349114 -29.426657 -68.799157 23.608954 0.000000 0.000000 0.000000 30.072551 0.173420 -0.542914 44.026733 11.296400 -2.787946 15.103737 67.647140 15.023443 0.000000 0.000000 0.000000 
0.004548 0.927501 -0.011054 -2.122942 -2.057486 -0.993139 13.025739 -0.143768 4.519034 -7.042458 0.813754 0.151648 10.017012 20.330615 12.817879 0.000000 0.000000 0.000000 -9.538279 0.256372 -0.253551 6.563958 -0.698207 1.986365 -7.993911 -19.907774 14.381895 0.000000 0.000000 0.000000 3.419307 -0.316658 4.205043 -4.015955 1.533032 -24.833558 -0.189548 4.716708 25.075786 10.003730 -3.499398 -26.941960 0.000000 0.000000 0.000000 -26.544262 -6.977691 1.407613 -38.102071 -8.629117 -3.383628 -28.850668 -69.172756 23.351750 0.000000 0.000000 0.000000 30.471408 0.253407 -0.491144 43.503153 11.495268 -2.743828 14.558329 67.376608 14.554025 0.000000 0.000000 0.000000 
0.004627 0.927422 -0.011217 -2.092520 -2.076306 -0.933057 12.982156 -0.141534 4.466620 -7.042226 0.813056 0.116786 10.036251 20.358063 12.810609 0.000000 0.000000 0.000000 -9.561191 0.259752 -0.319529 6.535277 -0.694037 1.958065 -7.993871 -19.910527 14.365954 0.000000 0.000000 0.000000 3.386924 -0.307622 4.086510 -4.077016 1.546095 -24.906469 -0.202686 4.620596 25.237628 10.133657 -3.553369 -27.211569 0.000000 0.000000 0.000000 -26.346981 -6.919348 1.433926 -38.152188 -8.715729 -3.392925 -28.728275 -68.881556 23.177927 0.000000 0.000000 0.000000 30.256517 0.293497 -0.493521 43.512434 11.533258 -2.728714 14.257565 66.882020 14.187059 0.000000 0.000000 0.000000 
0.004734 0.927301 -0.011431 -2.037240 -2.051826 -0.857674 12.862235 -0.134541 4.198233 -6.947451 0.809761 0.408455 10.059689 20.393275 12.740852 0.000000 0.000000 0.000000 -9.675080 0.265615 -0.442496 6.620463 -0.705080 2.009095 -8.017989 -19.948328 14.343413 0.000000 0.000000 0.000000 3.585231 -0.307317 3.961620 -4.401632 1.623532 -24.853873 -0.369284 4.685588 25.276552 10.296988 -3.639548 -27.188888 0.000000 0.000000 0.000000 -26.091516 -7.269971 1.636134 -38.148681 -8.860700 -3.347216 -27.821544 -68.707021 22.430428 0.000000 0.000000 0.000000 30.440174 0.346680 -0.425427 43.408610 11.382160 -2.795318 15.114991 66.580508 14.681455 0.000000 0.000000 0.000000 
0.004875 0.927320 -0.011780 -1.974340 -2.295543 -0.756392 12.702903 -0.115649 3.952012 -6.862571 0.812513 0.713757 10.209117 20.604748 12.812776 0.000000 0.000000 0.000000 -9.808596 0.280852 -0.633795 6.693348 -0.708691 2.012346 -7.910103 -19.787468 14.302652 0.000000 0.000000 0.000000 3.998726 -0.315923 3.848550 -4.768933 1.704599 -24.886910 -0.543962 5.104495 25.333956 10.640276 -3.768136 -27.336576 0.000000 0.000000 0.000000 -25.418817 -7.777803 1.893160 -38.233481 -9.102329 -3.270876 -25.976877 -68.382428 20.923927 0.000000 0.000000 0.000000 30.642916 0.074474 -0.518085 43.398888 11.252662 -2.872164 16.677025 66.463710 15.739581 0.000000 0.000000 0.000000 
0.004982 0.927408 -0.012187 -1.980311 -2.292950 -0.636000 12.673248 -0.113418 3.690057 -6.815592 0.811509 0.894194 10.232481 20.637474 12.826080 0.000000 0.000000 0.000000 -9.941089 0.286955 -0.660730 6.933109 -0.731647 1.770110 -7.898101 -19.769809 14.412867 0.000000 0.000000 0.000000 4.156796 -0.315973 3.748919 -4.841455 1.719070 -24.956365 -0.674075 5.139839 25.552622 10.521149 -3.653049 -27.609204 0.000000 0.000000 0.000000 -25.218412 -7.996581 2.037156 -38.125605 -9.638702 -3.132839 -23.766046 -68.131931 19.285444 0.000000 0.000000 0.000000 30.620961 0.141071 -0.444779 43.373346 11.275171 -2.890177 17.324829 66.478098 16.193461 0.000000 0.000000 0.000000 
0.005048 0.927597 -0.012593 -1.834506 -2.325082 -0.714047 12.530845 -0.105572 3.736282 -6.859295 0.818339 0.912669 10.222151 20.619447 12.921143 0.000000 0.000000 0.000000 -10.105201 0.290009 -0.609425 6.928727 -0.730285 1.757931 -7.872853 -19.731480 14.432351 0.000000 0.000000 0.000000 4.222897 -0.330652 3.922480 -4.911674 1.737496 -24.896550 -0.754905 5.122196 25.448908 10.422764 -3.602667 -27.596240 0.000000 0.000000 0.000000 -25.107788 -8.283738 2.226854 -37.882846 -9.975729 -3.018352 -21.785141 -68.036050 17.865343 0.000000 0.000000 0.000000 30.747726 0.122164 -0.490646 43.357139 10.937623 -2.985286 19.249563 66.593078 17.478738 0.000000 0.000000 0.000000 
0.005094 0.927623 -0.012944 -1.671165 -2.225898 -0.681794 12.283086 -0.099663 3.575347 -6.727902 0.803537 1.035218 10.186585 20.569144 12.919485 0.000000 0.000000 0.000000 -10.238281 0.291042 -0.569839 6.853845 -0.720578 1.608855 -7.925196 -19.811172 14.454927 0.000000 0.000000 0.000000 4.487663 -0.341313 3.923828 -5.398949 1.853460 -24.996578 -0.894023 4.978939 25.736003 10.496903 -3.548122 -28.299573 0.000000 0.000000 0.000000 -24.879165 -8.561551 2.446852 -37.719584 -10.655088 -2.853710 -18.982275 -67.887695 15.910186 0.000000 0.000000 0.000000 30.988364 0.094829 -0.541636 43.408094 11.082575 -2.960185 20.231118 66.646395 18.157089 0.000000 0.000000 0.000000 
0.005138 0.927439 -0.013304 -1.591911 -2.211782 -0.669601 12.127454 -0.092336 3.336889 -6.607704 0.797207 1.382845 10.212413 20.608734 12.838650 0.000000 0.000000 0.000000 -10.237633 0.291318 -0.599187 6.695402 -0.702627 1.599347 -7.950037 -19.849782 14.383867 0.000000 0.000000 0.000000 4.736524 -0.364087 4.085290 -5.506278 1.878818 -25.061929 -1.112542 5.119046 25.723872 10.628433 -3.559011 -28.513185 0.000000 0.000000 0.000000 -24.897191 -8.845557 2.561594 -37.684967 -11.079627 -2.712065 -16.542936 -67.711664 14.154654 0.000000 0.000000 0.000000 31.082048 -0.044575 -0.578020 43.800788 11.096648 -2.984791 21.647198 67.024695 19.332140 0.000000 0.000000 0.000000 
0.005166 0.927223 -0.013693 -1.473870 -2.012265 -0.692481 11.976358 -0.091469 3.038654 -6.526139 0.794222 1.816280 10.143427 20.514906 12.687296 0.000000 0.000000 0.000000 -10.276701 0.286572 -0.667077 6.551166 -0.693185 1.794790 -8.070344 -20.032991 14.314876 0.000000 0.000000 0.000000 4.948905 -0.378486 4.158716 -5.798667 1.956974 -24.880820 -1.356597 5.004514 25.547234 10.805680 -3.525031 -29.223362 0.000000 0.000000 0.000000 -24.899159 -9.107865 2.701582 -37.569492 -11.296820 -2.624907 -14.883399 -67.785681 13.025449 0.000000 0.000000 0.000000 31.424219 -0.094569 -0.624194 43.975695 11.399474 -2.879015 21.617594 66.926044 19.294875 0.000000 0.000000 0.000000 
0.005163 0.927117 -0.014111 -1.429229 -1.860871 -0.628978 11.785031 -0.092298 2.956033 -6.250606 0.753330 1.724912 10.097588 20.453975 12.618721 0.000000 0.000000 0.000000 -10.226099 0.282097 -0.634043 6.395270 -0.674850 1.622353 -8.154468 -20.159730 14.336632 0.000000 0.000000 0.000000 5.037512 -0.376856 4.083133 -5.931811 1.986642 -25.033225 -1.481309 5.007843 25.629452 10.917038 -3.535967 -29.445977 0.000000 0.000000 0.000000 -24.920810 -9.242048 2.749107 -37.709473 -11.254659 -2.640912 -14.183973 -67.887610 12.562926 0.000000 0.000000 0.000000 31.512094 -0.182263 -0.637558 44.141276 11.909077 -2.735657 21.388778 66.890743 19.190473 0.000000 0.000000 0.000000 
0.005104 0.926981 -0.014601 -1.316881 -1.720629 -0.574152 11.701294 -0.095139 2.833824 -6.287246 0.755420 1.710093 10.034188 20.364275 12.567948 0.000000 0.000000 0.000000 -10.163672 0.277633 -0.613870 6.090300 -0.640154 1.476203 -8.243133 -20.296229 14.318152 0.000000 0.000000 0.000000 4.650440 -0.366200 4.133742 -5.515560 1.886060 -25.191335 -1.650592 4.884705 25.644272 11.047021 -3.554940 -29.787509 0.000000 0.000000 0.000000 -25.209232 -8.893737 2.540999 -37.667616 -11.465314 -2.583120 -14.271141 -67.979485 12.662982 0.000000 0.000000 0.000000 31.186016 0.160796 -0.392588 44.323978 12.266837 -2.610626 19.931028 67.337324 18.382465 0.000000 0.000000 0.000000 
0.005024 0.927132 -0.015079 -1.255314 -1.374292 -0.479918 11.639041 -0.107625 2.701290 -6.223350 0.737397 1.549347 9.864258 20.120650 12.537398 0.000000 0.000000 0.000000 -10.094151 0.265967 -0.462862 5.900889 -0.619801 1.098307 -8.405518 -20.541668 14.507257 0.000000 0.000000 0.000000 4.512702 -0.352815 4.020551 -5.592594 1.913913 -25.071507 -1.719929 4.601137 25.519301 11.247625 -3.601991 -30.188126 0.000000 0.000000 0.000000 -25.140123 -9.094356 2.678483 -37.705594 -11.225010 -2.647666 -14.762722 -68.375022 13.099966 0.000000 0.000000 0.000000 31.321721 0.387633 -0.264006 44.312730 12.774695 -2.420802 17.767248 67.405631 16.925171 0.000000 0.000000 0.000000 
0.004980 0.926789 -0.015519 -1.177444 -1.071036 -0.459803 11.618062 -0.117003 2.543351 -6.268201 0.739541 1.608079 9.731210 19.934331 12.349747 0.000000 0.000000 0.000000 -9.988587 0.256379 -0.547357 5.598955 -0.592020 1.286042 -8.590066 -20.823213 14.433996 0.000000 0.000000 0.000000 4.346896 -0.339486 3.930374 -5.728411 1.955412 -24.890514 -1.734556 4.428901 25.341141 11.616906 -3.759859 -30.395091 0.000000 0.000000 0.000000 -24.912421 -9.103512 2.676338 -37.805177 -10.981502 -2.712827 -16.168211 -68.744126 14.152206 0.000000 0.000000 0.000000 31.301756 0.371053 -0.265021 44.335264 13.112582 -2.298729 17.208739 67.668091 16.651210 0.000000 0.000000 0.000000 
0.004989 0.926613 -0.015970 -1.174013 -0.940171 -0.472537 11.760214 -0.124766 2.430046 -6.494238 0.768558 1.724774 9.665724 19.838950 12.245455 0.000000 0.000000 0.000000 -9.961220 0.247326 -0.219582 5.559620 -0.584702 0.722392 -8.635631 -20.889819 14.506981 0.000000 0.000000 0.000000 4.115329 -0.327210 3.893362 -5.686872 1.944759 -24.985434 -1.492815 4.480389 25.514318 11.476246 -3.628639 -30.621336 0.000000 0.000000 0.000000 -24.543017 -8.896504 2.525049 -38.182143 -11.035427 -2.726515 -18.733401 -68.941374 15.980387 0.000000 0.000000 0.000000 31.231529 0.268427 -0.269452 44.352444 13.276664 -2.274555 16.478930 68.171822 16.375088 0.000000 0.000000 0.000000 
0.005131 0.926098 -0.016484 -1.116764 -0.671198 -0.619540 11.651992 -0.127233 2.369849 -6.367838 0.753227 1.948666 9.563321 19.694894 11.955792 0.000000 0.000000 0.000000 -9.767682 0.228972 -0.001498 5.111107 -0.538799 0.678009 -8.785932 -21.119190 14.403707 0.000000 0.000000 0.000000 3.856023 -0.321842 3.984269 -5.646285 1.943712 -24.889534 -1.401869 4.180535 25.491538 11.387440 -3.555908 -30.901780 0.000000 0.000000 0.000000 -24.288974 -8.504788 2.345238 -38.466497 -10.628610 -2.881596 -21.268859 -69.562816 18.007583 0.000000 0.000000 0.000000 30.790127 0.195497 -0.354993 44.110484 13.306033 -2.241475 16.590045 68.321102 16.445518 0.000000 0.000000 0.000000 
0.005406 0.925791 -0.017034 -0.959926 -0.377827 -0.770573 11.543117 -0.130224 2.281539 -6.446040 0.764199 2.208639 9.424646 19.491979 11.743316 0.000000 0.000000 0.000000 -9.914149 0.216387 0.313141 5.058491 -0.536137 0.463941 -8.918178 -21.320154 14.408553 0.000000 0.000000 0.000000 3.521112 -0.310616 4.043819 -5.604066 1.940968 -24.874964 -1.303252 3.988499 25.588831 11.061460 -3.357692 -31.076790 0.000000 0.000000 0.000000 -24.152678 -8.268687 2.214688 -38.608250 -10.654602 -2.895249 -23.466267 -69.792952 19.666523 0.000000 0.000000 0.000000 30.336948 0.164096 -0.356670 43.759231 12.982092 -2.350800 17.250776 68.548542 16.940049 0.000000 0.000000 0.000000 
0.005728 0.925415 -0.017653 -0.878983 0.101653 -0.760479 11.462510 -0.141291 1.877824 -6.403243 0.759775 2.632856 9.235962 19.217496 11.436034 0.000000 0.000000 0.000000 -9.780873 0.195588 0.570754 4.677413 -0.499300 0.110732 -9.162931 -21.688473 14.503770 0.000000 0.000000 0.000000 3.219112 -0.289099 3.911362 -5.644183 1.960912 -24.809827 -1.036429 3.565610 25.772748 10.787955 -3.231514 -31.139551 0.000000 0.000000 0.000000 -24.130087 -7.997912 2.101505 -38.733087 -10.866992 -2.870988 -25.010904 -69.747828 20.806964 0.000000 0.000000 0.000000 30.119849 0.115692 -0.419103 43.161812 13.185530 -2.282647 17.790267 68.554665 17.247524 0.000000 0.000000 0.000000 
0.006041 0.925293 -0.018330 -0.805943 0.293156 -0.800577 11.387662 -0.143836 1.737045 -6.412823 0.761200 2.802019 9.155527 19.096987 11.313941 0.000000 0.000000 0.000000 -9.686693 0.183109 0.794747 4.348505 -0.466499 -0.212681 -9.252197 -21.822200 14.597086 0.000000 0.000000 0.000000 3.431665 -0.292933 3.852636 -5.964486 2.040554 -24.806599 -0.981948 3.754996 25.850857 10.782571 -3.177672 -31.172592 0.000000 0.000000 0.000000 -23.809321 -8.115069 2.080375 -38.770979 -10.830009 -2.864520 -26.055553 -69.515010 21.374156 0.000000 0.000000 0.000000 29.954103 -0.064020 -0.408779 42.662311 13.270272 -2.290197 18.312572 68.367822 17.580320 0.000000 0.000000 0.000000 
0.006273 0.925139 -0.019038 -0.733919 0.515432 -0.964265 11.098420 -0.139804 1.741689 -6.027315 0.708750 2.943708 9.073088 18.974181 11.148197 0.000000 0.000000 0.000000 -9.382294 0.160513 1.059569 3.654121 -0.396410 -0.351435 -9.367153 -21.996365 14.642224 0.000000 0.000000 0.000000 3.500969 -0.298020 3.910756 -6.119187 2.072503 -25.100674 -0.813417 3.991861 26.425162 10.693567 -3.079933 -31.241405 0.000000 0.000000 0.000000 -23.392440 -8.105714 1.990567 -38.872257 -11.169407 -2.790936 -27.235169 -68.890928 21.888323 0.000000 0.000000 0.000000 29.977261 -0.604213 -0.596355 42.268302 13.915669 -2.183915 18.860079 67.618068 17.822063 0.000000 0.000000 0.000000 
0.006404 0.924813 -0.019751 -0.721907 0.599017 -1.170052 11.009001 -0.135652 1.773168 -5.884294 0.692381 3.177611 9.050432 18.936655 10.966676 0.000000 0.000000 0.000000 -9.207899 0.144902 1.275706 3.303259 -0.360667 -0.378782 -9.409461 -22.063104 14.573493 0.000000 0.000000 0.000000 3.746321 -0.305720 3.915678 -6.567505 2.187158 -24.927707 -0.738013 4.141719 26.346192 10.809179 -3.110130 -31.232181 0.000000 0.000000 0.000000 -22.805273 -8.428346 2.136853 -38.701464 -10.836979 -2.864507 -27.397131 -68.252615 21.652284 0.000000 0.000000 0.000000 30.072915 -0.670293 -0.567038 41.876490 14.156573 -2.125156 18.044736 66.984051 17.055556 0.000000 0.000000 0.000000 
0.006486 0.924471 -0.020435 -0.756979 0.823559 -1.384186 10.695305 -0.128947 1.547669 -5.225161 0.606648 3.833566 9.010855 18.873473 10.685348 0.000000 0.000000 0.000000 -8.860745 0.117069 1.583750 2.756906 -0.306920 -0.495171 -9.520681 -22.235257 14.582826 0.000000 0.000000 0.000000 4.011204 -0.327656 4.099103 -6.839723 2.249731 -25.103955 -0.787866 4.307750 26.578756 10.679194 -2.938695 -31.580242 0.000000 0.000000 0.000000 -22.302444 -8.494789 2.103496 -38.654876 -11.059748 -2.796071 -27.748999 -67.422842 21.467969 0.000000 0.000000 0.000000 30.255481 -1.078882 -0.702785 41.681371 14.890975 -1.967316 17.799414 65.922446 16.646356 0.000000 0.000000 0.000000 
0.006666 0.924064 -0.021127 -0.764673 0.980717 -1.612966 10.448686 -0.122196 1.358129 -4.760184 0.543008 4.481445 8.991347 18.838366 10.424026 0.000000 0.000000 0.000000 -8.681241 0.095215 1.887820 2.434655 -0.276287 -0.604353 -9.592867 -22.348569 14.544692 0.000000 0.000000 0.000000 4.159446 -0.348380 4.325497 -7.070784 2.304967 -25.196352 -0.761015 4.384021 26.525517 10.481034 -2.803512 -31.593489 0.000000 0.000000 0.000000 -21.903013 -8.786376 2.232079 -38.556028 -11.076787 -2.777318 -27.445112 -66.737705 20.919197 0.000000 0.000000 0.000000 30.371601 -1.263573 -0.763766 41.596235 15.459284 -1.808063 17.074882 64.828700 15.846207 0.000000 0.000000 0.000000 
0.006950 0.923495 -0.021895 -0.902807 1.003086 -1.743284 10.252961 -0.115919 0.951259 -4.171976 0.457176 5.374018 9.075119 18.957622 10.127630 0.000000 0.000000 0.000000 -8.249396 0.066701 2.279502 1.890690 -0.232158 -1.136745 -9.597786 -22.355902 14.558327 0.000000 0.000000 0.000000 4.421176 -0.364449 4.407675 -7.023350 2.282913 -25.492010 -0.725838 4.545815 26.821881 9.920796 -2.403009 -32.098870 0.000000 0.000000 0.000000 -21.350661 -8.934587 2.297153 -38.891939 -11.135242 -2.798887 -27.664321 -66.424890 20.909876 0.000000 0.000000 0.000000 30.378619 -1.383889 -0.749646 41.749174 16.603292 -1.494716 16.160692 63.353113 14.892775 0.000000 0.000000 0.000000 
0.007386 0.923075 -0.022844 -0.810063 0.771647 -1.993323 9.832455 -0.095983 0.740648 -3.701021 0.384950 6.237718 9.243708 19.212413 10.037384 0.000000 0.000000 0.000000 -8.251612 0.056085 2.702777 1.614963 -0.216232 -1.612652 -9.458592 -22.146995 14.467869 0.000000 0.000000 0.000000 4.478134 -0.388869 4.727808 -7.205586 2.312558 -25.743284 -0.491529 4.593579 27.029922 9.490410 -2.138620 -32.550518 0.000000 0.000000 0.000000 -20.829628 -9.014892 2.417111 -39.228504 -11.310971 -2.819463 -27.747121 -66.220695 20.942319 0.000000 0.000000 0.000000 30.030200 -0.945927 -0.465938 41.759761 17.720918 -1.137404 13.982457 61.722343 13.051397 0.000000 0.000000 0.000000 
0.008046 0.922529 -0.024020 -0.822968 0.465594 -2.360164 9.476048 -0.077614 0.352541 -3.173779 0.292265 7.648471 9.469434 19.552125 9.915444 0.000000 0.000000 0.000000 -8.103673 0.038622 3.135915 1.240014 -0.189582 -1.937407 -9.280830 -21.879671 14.335343 0.000000 0.000000 0.000000 4.472481 -0.419347 5.174038 -7.079158 2.266277 -26.105043 -0.384820 5.148440 27.374937 9.045264 -1.786061 -33.056755 0.000000 0.000000 0.000000 -20.205897 -9.190272 2.456231 -39.782019 -11.555452 -2.802112 -27.002270 -65.965809 20.280189 0.000000 0.000000 0.000000 29.887730 -0.620557 -0.080954 41.306426 19.144717 -0.765843 12.128213 60.260999 11.603691 0.000000 0.000000 0.000000 
0.008817 0.921860 -0.025482 -0.934851 -0.391967 -2.349077 9.328288 -0.058552 -0.139803 -2.946051 0.257207 8.706397 9.973730 20.320323 9.990136 0.000000 0.000000 0.000000 -7.983566 0.042495 3.574297 1.058117 -0.212217 -3.294909 -8.815785 -21.162469 14.310021 0.000000 0.000000 0.000000 4.629272 -0.414781 5.042620 -6.960209 2.224089 -26.229684 -0.143684 5.880106 27.674717 9.535573 -2.016113 -33.074512 0.000000 0.000000 0.000000 -20.038328 -9.403578 2.554939 -39.903670 -12.149319 -2.654734 -25.746291 -66.091533 19.473088 0.000000 0.000000 0.000000 29.601046 0.400340 0.678502 40.826776 20.832013 -0.264222 9.680834 59.150895 9.888667 0.000000 0.000000 0.000000 
0.009923 0.921153 -0.027139 -1.222450 -0.916914 -2.488469 9.410113 -0.048989 -0.801288 -2.749280 0.216419 10.199725 10.316948 20.843938 9.920633 0.000000 0.000000 0.000000 -7.845940 0.034384 3.957596 1.193938 -0.245325 -4.130456 -8.506759 -20.684043 14.331132 0.000000 0.000000 0.000000 4.747755 -0.463918 5.600662 -7.180647 2.253807 -26.527536 0.040873 6.325382 27.819372 9.198982 -1.583778 -34.833208 0.000000 0.000000 0.000000 -19.773760 -9.723406 2.722132 -39.872423 -13.163731 -2.371513 -25.486816 -67.159356 19.675542 0.000000 0.000000 0.000000 29.028741 1.323715 1.345329 40.269219 22.588584 0.257476 7.571200 59.211895 8.669904 0.000000 0.000000 0.000000 
0.011209 0.920693 -0.028851 -1.400834 -1.750231 -2.476341 9.681448 -0.031742 -1.642613 -3.168216 0.317017 11.820205 10.768346 21.522421 10.161489 0.000000 0.000000 0.000000 -7.951731 0.048992 4.439563 1.520208 -0.300468 -5.583993 -8.016533 -19.929257 14.545139 0.000000 0.000000 0.000000 4.736938 -0.475944 5.769616 -7.342706 2.291014 -26.231277 0.315141 6.838612 27.309471 9.137858 -1.503908 -35.062266 0.000000 0.000000 0.000000 -19.410702 -10.049513 2.914334 -39.491317 -14.355695 -1.972505 -25.883236 -69.553199 20.835138 0.000000 0.000000 0.000000 28.487175 2.688339 2.202662 40.211181 24.394146 0.921969 5.516226 59.730133 7.545080 0.000000 0.000000 0.000000 
0.013179 0.920697 -0.030085 -1.799753 -2.594040 -2.413915 9.996245 -0.008907 -2.574245 -3.320201 0.378004 13.571558 11.229932 22.196451 10.574393 0.000000 0.000000 0.000000 -8.099593 0.068512 4.957048 2.299264 -0.362541 -7.127555 -7.465673 -19.104344 15.087380 0.000000 0.000000 0.000000 4.858930 -0.477126 5.712903 -7.934043 2.419573 -26.164378 0.806922 7.167036 27.357847 9.174541 -1.396326 -36.209036 0.000000 0.000000 0.000000 -18.261106 -10.142304 3.072322 -39.329328 -17.038046 -1.215680 -25.020749 -71.709997 21.097796 0.000000 0.000000 0.000000 27.324997 3.024070 2.298596 40.321187 26.138038 1.581229 5.473129 62.348263 7.955453 0.000000 0.000000 0.000000 
0.016618 0.920469 -0.030125 -2.012056 -3.717368 -2.193957 9.694515 0.006042 -3.157379 -3.019549 0.349271 14.669423 11.907646 23.186795 10.964752 0.000000 0.000000 0.000000 -8.082618 0.095366 5.296196 2.204804 -0.371852 -8.645233 -6.803458 -18.150455 15.641635 0.000000 0.000000 0.000000 4.858493 -0.492665 5.894492 -8.657718 2.550223 -26.594587 1.172357 7.454710 27.250612 9.430687 -1.593695 -36.125752 0.000000 0.000000 0.000000 -17.661969 -11.503492 3.921333 -38.475395 -19.318308 -0.584139 -22.080762 -74.273065 19.947607 0.000000 0.000000 0.000000 25.843384 4.263760 2.878668 40.444626 27.835664 2.266570 6.585012 64.660808 8.979787 0.000000 0.000000 0.000000 
0.022470 0.919890 -0.029065 -2.097340 -4.060675 -1.960741 9.039394 -0.023416 -4.175449 -2.521184 0.241461 16.277220 12.276719 23.739322 10.950707 0.000000 0.000000 0.000000 -8.098507 0.110990 5.299651 1.657391 -0.365581 -9.169242 -6.570039 -17.841056 16.111829 0.000000 0.000000 0.000000 4.250079 -0.479713 6.090509 -8.890597 2.593578 -26.624126 1.215320 8.332106 26.776166 9.934707 -1.591697 -36.951674 0.000000 0.000000 0.000000 -16.402962 -12.891334 4.462491 -38.641258 -23.244837 0.657727 -19.614093 -75.624559 18.303866 0.000000 0.000000 0.000000 24.847148 4.462631 3.167143 38.415253 28.609887 2.246908 10.186105 69.614980 12.502750 0.000000 0.000000 0.000000 
0.030922 0.918107 -0.027055 -2.200706 -5.089904 -1.997075 8.491033 -0.032015 -4.828800 -2.590517 0.321554 18.148356 13.017945 24.872317 10.792848 0.000000 0.000000 0.000000 -8.393746 0.188246 4.066630 1.249097 -0.305198 -7.114632 -6.158791 -17.212780 15.355165 0.000000 0.000000 0.000000 4.036213 -0.512267 6.731478 -9.202744 2.643069 -26.859121 0.677714 8.648967 26.283993 9.972521 -1.505263 -37.880498 0.000000 0.000000 0.000000 -15.176062 -14.266554 5.205061 -38.078915 -26.641045 1.633292 -16.622733 -76.956229 16.441451 0.000000 0.000000 0.000000 23.228057 5.599645 3.641792 33.901716 28.549486 1.706024 16.296572 74.995471 18.078208 0.000000 0.000000 0.000000 
0.040941 0.914487 -0.024518 -1.851631 -5.074018 -2.756952 7.920447 -0.054753 -5.119871 -3.421527 0.596896 20.340341 13.211608 25.316848 9.640270 0.000000 0.000000 0.000000 -10.109557 0.302838 2.877057 2.335366 -0.285431 -3.298890 -6.334872 -17.352814 13.834709 0.000000 0.000000 0.000000 3.337128 -0.584166 8.615423 -9.850085 2.783953 -27.164090 0.875196 8.239932 26.179585 9.003826 -0.750602 -40.750018 0.000000 0.000000 0.000000 -14.259197 -16.639215 6.391069 -36.545323 -30.035011 2.458872 -10.322934 -78.944863 11.874423 0.000000 0.000000 0.000000 20.750463 4.284835 2.622649 29.353474 27.260149 0.920849 30.267894 79.426737 30.827208 0.000000 0.000000 0.000000 
0.049977 0.910270 -0.020367 -1.359004 -4.945675 -3.262339 7.374790 -0.089788 -5.550099 -4.445730 0.967330 22.420457 13.358671 25.699858 8.489381 0.000000 0.000000 0.000000 -11.810423 0.366455 -0.692298 3.196378 -0.236131 4.565896 -6.702576 -17.780673 11.747781 0.000000 0.000000 0.000000 2.153818 -0.559865 9.897784 -9.801852 2.713076 -28.497670 -0.238486 7.088594 27.102378 9.627280 -1.024629 -42.067204 0.000000 0.000000 0.000000 -12.985245 -17.221968 6.847657 -34.391449 -33.491646 2.933157 0.263660 -78.200524 3.503937 0.000000 0.000000 0.000000 17.914826 4.454663 2.388506 23.793846 25.234012 -0.013577 22.393720 81.915569 24.370268 0.000000 0.000000 0.000000 
0.055741 0.910151 -0.013438 -1.029992 -6.356165 -3.620311 6.516907 -0.085950 -4.722114 -4.621212 1.152073 22.776791 14.142476 26.847701 9.252947 0.000000 0.000000 0.000000 -11.304067 0.391052 -4.602693 4.114041 -0.097963 16.724007 -11.123050 -25.128296 16.091977 0.000000 0.000000 0.000000 2.078506 -0.554175 10.175351 -9.256116 2.570971 -28.947709 -2.401294 8.214817 27.576218 8.889682 -0.867780 -40.612063 0.000000 0.000000 0.000000 -9.764553 -18.139877 6.964798 -32.380075 -32.705498 2.339401 -1.463954 -80.130124 4.772750 0.000000 0.000000 0.000000 14.722067 2.065420 1.092660 18.701995 22.148215 -0.732871 31.971947 82.014278 32.232962 0.000000 0.000000 0.000000 
0.057343 0.914671 -0.004431 -1.302100 -7.431600 -3.349515 6.664469 -0.015684 -3.222584 -4.897660 1.242831 20.909641 14.529528 27.232224 10.651230 0.000000 0.000000 0.000000 -8.227526 0.479289 -6.609697 9.489685 -1.423376 28.579483 -15.026025 -31.567277 11.858888 0.000000 0.000000 0.000000 3.397113 -0.612017 9.360461 -11.124105 2.943439 -29.376150 -3.097133 8.652794 27.777775 9.201916 -1.020125 -40.622169 0.000000 0.000000 0.000000 -7.327821 -17.167449 6.389252 -30.595765 -31.150565 1.660452 -20.547002 -82.015308 21.436688 0.000000 0.000000 0.000000 10.539619 -0.958780 -0.417225 13.491045 18.879866 -1.114302 31.436674 79.069300 29.491985 0.000000 0.000000 0.000000 
0.055225 0.919520 0.003748 -1.119734 -8.524017 -4.895986 7.500652 0.084199 -2.779924 -8.317516 2.598384 22.675633 19.362121 32.370877 18.036088 0.000000 0.000000 0.000000 -4.359958 0.396974 -4.299009 15.183057 -3.309174 30.965875 -18.346358 -36.185537 13.078279 0.000000 0.000000 0.000000 2.984154 -0.698921 12.011940 -11.425171 2.893280 -31.599786 -4.312823 9.133728 28.010671 10.706109 -1.949043 -38.982837 0.000000 0.000000 0.000000 -7.032926 -13.448148 4.903263 -29.753655 -29.248310 1.047442 -55.459686 -79.742898 50.912310 0.000000 0.000000 0.000000 8.341879 -1.868509 -0.804613 7.634096 16.767802 -1.197230 13.302027 76.531140 13.005105 0.000000 0.000000 0.000000 
0.050786 0.918042 0.008036 -0.521096 -8.965916 -4.385192 9.039771 0.129616 -9.551962 -12.198908 5.252347 31.648914 23.725545 34.537160 28.538938 0.000000 0.000000 0.000000 -1.705473 0.149237 -1.157300 17.240680 -3.684971 27.077138 -21.223594 -39.043460 16.578161 0.000000 0.000000 0.000000 3.315931 -0.696400 11.463826 -13.039171 3.282535 -30.713640 -4.582266 9.915083 26.924301 10.313780 -1.945595 -37.064400 0.000000 0.000000 0.000000 -8.015811 -11.512381 4.076973 -28.841451 -24.217781 -0.022933 -80.966689 -78.067219 72.600649 0.000000 0.000000 0.000000 5.899555 -3.222323 -1.301466 2.765995 16.081825 -1.136195 -7.250851 75.258614 -3.193918 0.000000 0.000000 0.000000 
0.046114 0.910072 0.007387 -0.739785 -10.097939 -5.696318 12.040393 0.899614 -18.222290 -14.988092 8.916635 43.345911 23.581967 31.606610 40.089203 0.000000 0.000000 0.000000 0.863094 -0.274369 2.687506 14.732848 -2.728991 26.064281 -20.664937 -38.128228 16.507071 0.000000 0.000000 0.000000 4.147670 -0.852502 13.502551 -15.779333 3.805870 -31.795375 -2.304800 10.845941 27.719617 10.646009 -2.325983 -35.711223 0.000000 0.000000 0.000000 -9.856738 -10.979043 3.833638 -27.554771 -19.473270 -0.956512 -85.298573 -76.806999 74.987613 0.000000 0.000000 0.000000 4.669105 -3.262712 -1.265677 -1.535013 16.304513 -1.106497 -32.866739 69.420523 -20.894803 0.000000 0.000000 0.000000 
0.043264 0.900064 0.003831 -0.288583 -13.517854 -6.450742 12.397502 1.583299 -23.214971 -13.950204 9.501952 44.931358 25.809656 31.298467 49.197080 0.000000 0.000000 0.000000 1.399918 -0.363521 3.505454 12.000872 -1.532074 26.435173 -19.088788 -36.018479 15.321479 0.000000 0.000000 0.000000 2.889589 -0.726455 15.464135 -15.491130 3.599914 -34.227073 -0.857314 14.313276 29.452374 13.225199 -3.503400 -35.604892 0.000000 0.000000 0.000000 -10.621207 -10.338724 3.428886 -28.768285 -12.286520 -2.414264 -91.713920 -74.946910 78.841381 0.000000 0.000000 0.000000 4.523469 -4.377299 -1.666007 -2.880312 19.588937 -1.400375 -45.645584 64.501365 -27.273749 0.000000 0.000000 0.000000 
0.042774 0.891277 0.000151 -0.174938 -17.159993 -7.364902 11.082651 1.732015 -24.971560 -11.064751 8.038083 42.005587 25.628169 31.586765 44.245863 0.000000 0.000000 0.000000 2.815303 -0.528107 4.588203 7.852583 0.055401 26.870189 -16.881334 -33.754081 8.057895 0.000000 0.000000 0.000000 1.967608 -0.545085 17.420296 -15.454318 3.657026 -34.159624 1.310225 15.059503 29.167273 10.908727 -2.603171 -35.092316 0.000000 0.000000 0.000000 -12.364273 -7.825296 2.485972 -31.830476 -5.986201 -4.021458 -99.076567 -70.939936 82.914744 0.000000 0.000000 0.000000 6.591401 -2.528766 -0.993462 -5.772754 25.097964 -2.205151 -57.685358 60.018267 -33.289460 0.000000 0.000000 0.000000 
0.044533 0.889025 -0.003773 -1.209227 -19.441721 -6.649315 9.626316 1.719298 -27.181497 -6.444724 5.621262 40.945300 14.893810 24.464192 21.465033 0.000000 0.000000 0.000000 3.283233 -0.644255 5.578825 7.667692 0.126959 24.253550 -15.479224 -31.617840 3.265169 0.000000 0.000000 0.000000 1.971205 -0.503045 17.569140 -14.955250 3.602316 -32.913747 3.562648 15.644017 28.983292 9.904713 -1.946276 -36.829926 0.000000 0.000000 0.000000 -14.092805 -7.447828 2.410731 -33.818254 -1.449302 -5.353252 -102.111414 -69.589249 85.224808 0.000000 0.000000 0.000000 10.861813 -1.541552 -0.688054 -6.092693 31.611703 -3.253377 -66.774190 60.912697 -40.335129 0.000000 0.000000 0.000000 
0.049195 0.893808 -0.008399 -2.342030 -21.653527 -4.604644 8.168748 1.678832 -29.061394 -2.245995 3.951953 42.251438 11.329212 20.585894 12.146303 0.000000 0.000000 0.000000 4.016853 -0.683195 5.288589 6.787279 0.275543 20.909128 -13.989016 -28.624657 1.468085 0.000000 0.000000 0.000000 2.332149 -0.518755 16.911850 -12.672574 3.065205 -34.175316 3.854788 16.978871 30.254690 10.275016 -2.259388 -36.364299 0.000000 0.000000 0.000000 -13.185006 -6.023141 1.863016 -37.052162 0.185829 -6.421038 -107.228956 -64.879726 86.164456 0.000000 0.000000 0.000000 14.395842 1.402773 0.677839 -1.463718 39.587938 -3.551470 -66.992493 65.159320 -43.065019 0.000000 0.000000 0.000000 
0.056287 0.902039 -0.013841 -1.677983 -24.727796 -2.726012 4.774019 1.032678 -30.642154 0.040144 4.188278 46.869617 10.659002 18.756742 18.686706 0.000000 0.000000 0.000000 3.083506 -0.473281 3.626996 5.155092 0.620971 18.699169 -12.291616 -25.055468 0.919229 0.000000 0.000000 0.000000 2.316458 -0.465027 15.172125 -11.023370 2.775865 -33.747625 4.669909 19.380461 29.587823 9.881147 -2.338463 -33.593672 0.000000 0.000000 0.000000 -10.900679 -7.891543 2.724447 -41.046121 0.209395 -7.023567 -110.576876 -62.019103 86.990529 0.000000 0.000000 0.000000 14.844646 5.267415 2.572934 7.638377 45.806639 -1.452946 -65.610053 70.210690 -44.603714 0.000000 0.000000 0.000000 
0.065556 0.913069 -0.019366 -1.984311 -27.103901 -0.196200 1.683928 0.188861 -29.794240 0.350858 5.625167 50.807698 11.588630 19.166054 33.410834 0.000000 0.000000 0.000000 2.555010 -0.247061 1.172246 4.670976 0.660858 16.871245 -10.353598 -21.869029 2.915704 0.000000 0.000000 0.000000 2.708357 -0.489864 14.758665 -10.200358 2.640215 -34.545284 6.296002 20.681784 29.866524 8.809710 -1.612491 -34.975720 0.000000 0.000000 0.000000 -8.490743 -10.426942 3.859711 -43.949035 -4.782376 -5.824190 -114.090720 -62.057899 91.601907 0.000000 0.000000 0.000000 15.625119 8.643917 4.208630 15.871061 53.766091 1.863831 -60.039496 75.785399 -43.350373 0.000000 0.000000 0.000000 
0.076191 0.919744 -0.023498 -2.644238 -29.456548 1.195436 0.666555 -0.200938 -25.961573 -2.432758 8.747871 51.131884 13.805989 21.315278 37.490079 0.000000 0.000000 0.000000 2.163531 -0.088296 -0.484867 4.622510 0.836465 17.491867 -8.301327 -17.978324 2.161998 0.000000 0.000000 0.000000 2.939713 -0.475230 15.010652 -7.013222 2.020592 -33.221380 5.395510 20.041320 28.449737 7.665704 -1.250949 -35.981963 0.000000 0.000000 0.000000 -7.752465 -11.150311 4.410916 -46.854072 -9.114773 -4.492166 -114.677166 -65.513923 97.950366 0.000000 0.000000 0.000000 15.047934 14.539716 6.508682 30.774700 62.127028 10.788792 -42.740499 79.844930 -30.961614 0.000000 0.000000 0.000000 
0.088529 0.921311 -0.024224 -2.861234 -31.187410 2.333442 -0.326279 -0.703241 -18.683792 -5.941261 10.515455 45.727261 14.906802 23.865603 24.156122 0.000000 0.000000 0.000000 0.520168 0.215197 -2.933349 6.548657 0.873176 20.190107 -7.620511 -16.106474 0.444077 0.000000 0.000000 0.000000 3.532730 -0.540161 14.386872 -5.942111 1.769324 -32.613748 5.585470 19.272580 28.474772 9.276128 -1.823975 -39.455554 0.000000 0.000000 0.000000 -7.137966 -15.388677 6.368702 -45.902567 -14.053115 -2.569700 -110.293610 -74.212063 103.043409 0.000000 0.000000 0.000000 15.069500 17.842749 7.681538 48.130379 69.948647 24.994432 -10.477437 77.464983 -3.558637 0.000000 0.000000 0.000000 
0.104297 0.917712 -0.021105 -3.587793 -32.054770 2.604170 -1.896120 -0.889926 -10.852588 -8.509787 8.515529 33.633113 19.287145 31.609283 18.021624 0.000000 0.000000 0.000000 -0.832556 0.746597 -7.659079 10.460436 1.174291 29.119128 -8.754940 -18.902354 0.619416 0.000000 0.000000 0.000000 3.471058 -0.498803 15.076272 -2.844557 1.357806 -33.047173 4.429601 17.233552 29.424753 11.289895 -3.086378 -39.964805 0.000000 0.000000 0.000000 -4.340159 -18.735699 7.551336 -45.761135 -18.106285 -1.023817 -79.932522 -82.297862 81.254257 0.000000 0.000000 0.000000 12.957288 18.593870 7.278323 74.262676 73.539254 47.040093 0.486163 76.546507 5.125348 0.000000 0.000000 0.000000 
0.124186 0.909628 -0.014914 -4.486478 -33.443588 3.168476 -3.291003 -0.750223 -6.317394 -9.476738 6.825957 25.526819 19.949883 36.374017 11.044806 0.000000 0.000000 0.000000 -2.423849 2.086137 -17.149630 18.093008 1.031862 46.353338 -10.805627 -24.951996 4.950089 0.000000 0.000000 0.000000 5.778247 -0.732505 17.186287 -1.646853 0.998190 -31.796986 2.104459 14.866497 27.105585 13.323237 -4.176044 -40.265954 0.000000 0.000000 0.000000 -2.911802 -21.107638 8.363621 -43.357029 -18.438846 -0.652148 -10.705863 -83.089787 18.010330 0.000000 0.000000 0.000000 12.273397 16.523620 5.657070 92.264359 71.247843 59.180868 26.111247 80.198068 26.513743 0.000000 0.000000 0.000000 
0.146713 0.902339 -0.005644 -3.899060 -33.163213 1.787975 -3.741797 -0.432079 -2.707126 -10.320647 6.190872 21.864002 14.412921 30.084071 4.525092 0.000000 0.000000 0.000000 -4.874039 3.356175 -24.956387 26.071333 -2.141546 61.059449 -15.027120 -32.303521 12.201932 0.000000 0.000000 0.000000 7.517859 -0.903670 19.404876 -0.329406 0.617258 -30.597601 -0.629442 11.257112 25.365912 14.777778 -5.146107 -40.399718 0.000000 0.000000 0.000000 -2.163480 -23.609924 9.262893 -40.131705 -15.477329 -1.523613 10.973491 -75.970908 -1.110686 0.000000 0.000000 0.000000 13.744181 16.835602 5.156974 78.762123 67.683910 43.613384 83.496086 84.388215 81.391325 0.000000 0.000000 0.000000 
0.168323 0.893912 0.009524 -3.137706 -33.813716 1.055679 -5.979481 -0.143760 -0.066158 -10.353769 5.619868 19.323864 10.742929 25.913933 -1.832643 0.000000 0.000000 0.000000 -6.483827 5.081566 -33.457951 33.039198 -7.327470 68.519388 -22.390430 -40.845614 20.617633 0.000000 0.000000 0.000000 9.583271 -1.103319 20.970759 1.599443 0.406369 -31.284859 -4.609143 8.584025 26.247051 14.227782 -5.622438 -39.612259 0.000000 0.000000 0.000000 -1.372202 -23.335223 9.019525 -35.845184 -11.139317 -2.772969 10.519790 -70.143913 -0.774166 0.000000 0.000000 0.000000 16.554414 14.194088 3.167857 55.210841 59.247426 21.416903 160.576127 73.055084 155.931520 0.000000 0.000000 0.000000 
0.186932 0.889206 0.029191 -2.458331 -33.459177 0.197053 -7.219047 0.071293 1.243650 -11.368222 5.951799 18.862626 9.244427 22.341811 -1.638188 0.000000 0.000000 0.000000 -8.241799 6.138375 -39.104882 38.731819 -11.859080 67.207002 -20.179371 -39.831517 16.140254 0.000000 0.000000 0.000000 11.905821 -1.382606 22.253981 2.080816 0.526188 -32.657975 -7.359014 4.864580 27.091915 12.806548 -5.369965 -40.565131 0.000000 0.000000 0.000000 -2.407253 -19.426774 8.073405 -33.030402 -6.643159 -4.001509 11.301515 -66.745940 -0.619179 0.000000 0.000000 0.000000 18.272501 10.468574 0.175581 39.853364 48.060894 9.599280 175.149853 62.559791 170.950133 0.000000 0.000000 0.000000 
0.200523 0.887095 0.052771 -1.831187 -32.846966 -0.389899 -9.640238 0.526767 3.176657 -10.505180 5.329134 18.179931 7.982944 19.625151 -1.891931 0.000000 0.000000 0.000000 -7.452269 7.396494 -43.062939 39.680217 -11.846672 61.178665 -13.358775 -30.178689 14.999886 0.000000 0.000000 0.000000 12.687688 -1.477328 22.012189 3.500274 0.813422 -35.055663 -9.454896 0.474657 29.814254 10.830441 -5.637136 -38.881264 0.000000 0.000000 0.000000 0.302785 -15.763274 5.950499 -33.432481 -1.433889 -5.287071 13.922675 -64.936887 -0.704385 0.000000 0.000000 0.000000 17.586739 4.938151 -3.675243 32.970231 38.723226 4.903178 -177.735048 56.521960 179.879197 0.000000 0.000000 0.000000 
0.209135 0.885702 0.078784 -1.837581 -31.410565 0.758966 -11.152623 1.206013 5.530123 -9.162973 4.047163 15.633794 5.791955 14.895589 -3.934629 0.000000 0.000000 0.000000 -3.511589 8.431272 -43.133679 34.237218 -7.997646 53.192369 -13.099472 -29.683817 20.007202 0.000000 0.000000 0.000000 14.611321 -1.725344 19.534398 4.668560 0.984078 -36.321777 -13.146339 -2.352407 31.643607 9.815238 -5.830338 -38.266649 0.000000 0.000000 0.000000 2.494075 -12.154924 3.868750 -33.029799 1.164032 -5.724411 17.434633 -68.514783 -1.651285 0.000000 0.000000 0.000000 18.694840 -0.134878 -7.365267 24.558451 33.295164 2.286896 -169.298088 56.043333 -165.021415 0.000000 0.000000 0.000000 
0.213080 0.887082 0.106491 -0.892320 -28.519857 1.466179 -12.204079 1.714481 7.003582 -7.912285 3.330691 15.696024 3.093716 7.595371 -3.749992 0.000000 0.000000 0.000000 0.641289 7.743033 -38.231715 22.611716 -2.762869 46.873289 -13.014896 -30.098676 18.931276 0.000000 0.000000 0.000000 14.829688 -1.689316 15.920735 4.769386 0.995139 -36.658030 -13.783652 -5.823757 31.913803 6.900794 -5.389335 -34.863673 0.000000 0.000000 0.000000 3.356536 -9.760353 2.711043 -31.534596 1.086244 -5.336455 37.630732 -73.460061 -15.473900 0.000000 0.000000 0.000000 17.952453 -3.579106 -9.330235 20.382252 28.041375 1.038205 -166.269623 58.571907 -161.658130 0.000000 0.000000 0.000000 
0.212517 0.888365 0.133441 -1.347098 -26.723972 2.947475 -11.901825 1.628292 6.672887 -7.716212 3.349365 17.148534 2.582053 6.069373 -1.212638 0.000000 0.000000 0.000000 3.523586 6.638198 -32.822226 14.223073 0.236399 41.044196 -9.809028 -25.431172 12.388235 0.000000 0.000000 0.000000 14.222430 -1.444087 12.319498 6.831948 0.708849 -36.054864 -14.850090 -6.630588 30.749520 5.417670 -5.124021 -30.479874 0.000000 0.000000 0.000000 6.715312 -9.801277 1.690862 -31.712267 -1.177930 -4.446430 84.463986 -77.059583 -54.817400 0.000000 0.000000 0.000000 16.888522 -5.778359 -9.792107 20.365950 25.764394 0.777111 -177.023734 63.067787 178.038281 0.000000 0.000000 0.000000 
0.207159 0.888789 0.155954 -2.616411 -24.302077 3.530563 -7.412564 0.510703 3.041856 -11.069387 6.414780 26.382457 2.812738 6.634855 4.060449 0.000000 0.000000 0.000000 6.454074 5.698172 -28.012606 10.255288 1.093122 37.714166 -9.677428 -24.023581 4.374623 0.000000 0.000000 0.000000 15.742828 -1.415562 10.633336 6.269955 0.849650 -37.119371 -14.401905 -8.569708 31.844969 1.970602 -3.629657 -28.324984 0.000000 0.000000 0.000000 8.008601 -9.160508 1.069202 -31.704019 -6.179187 -3.026902 118.389395 -69.779844 -78.710535 0.000000 0.000000 0.000000 16.115962 -6.715199 -9.883042 21.925261 24.617488 0.699647 167.793492 62.292412 151.869778 0.000000 0.000000 0.000000 
0.198410 0.881846 0.171697 -4.071025 -23.727415 3.511253 0.467723 -0.290978 -3.615476 -16.911852 15.187386 43.068515 2.176774 6.159826 7.884579 0.000000 0.000000 0.000000 8.853853 5.550788 -25.806259 9.524241 1.329930 37.881387 -10.454093 -24.980770 0.829445 0.000000 0.000000 0.000000 16.191827 -1.541369 11.333248 4.960215 0.829735 -36.726350 -12.342735 -9.230992 31.082196 2.060468 -3.584361 -29.178475 0.000000 0.000000 0.000000 10.905850 -9.738151 0.426456 -34.578197 -11.245449 -1.241795 122.453643 -64.016014 -75.274030 0.000000 0.000000 0.000000 15.324741 -5.975900 -9.164864 27.019036 23.182844 1.018109 155.845306 59.011659 129.027278 0.000000 0.000000 0.000000 
0.190811 0.868265 0.182661 -2.903006 -23.279963 0.353360 8.288782 0.518025 -12.564148 -16.358579 24.479097 66.970671 0.166273 4.379624 10.974752 0.000000 0.000000 0.000000 9.194475 4.817045 -23.004211 8.767199 1.915035 40.441563 -11.621221 -26.828111 -4.021584 0.000000 0.000000 0.000000 14.972489 -1.889508 15.872505 4.812974 1.200353 -39.196841 -10.623498 -6.176809 32.401855 2.596526 -3.285404 -30.569931 0.000000 0.000000 0.000000 10.138482 -11.558969 1.301662 -35.321695 -17.952315 0.385057 128.912673 -58.560975 -77.497219 0.000000 0.000000 0.000000 17.862557 -3.685616 -8.182753 30.078228 25.897062 1.686423 152.748777 57.558303 125.160857 0.000000 0.000000 0.000000 
0.188118 0.856978 0.192377 -0.272599 -22.591004 -2.968111 14.839054 2.970124 -21.838566 -12.002478 26.672820 87.310505 0.894363 5.081468 7.393526 0.000000 0.000000 0.000000 7.118801 3.939808 -21.186467 8.923374 2.163697 43.432669 -12.470777 -28.701325 -7.885048 0.000000 0.000000 0.000000 13.092278 -1.887941 18.845526 3.145210 1.000395 -37.900501 -7.971338 -3.462354 30.497419 2.744470 -2.576638 -31.917027 0.000000 0.000000 0.000000 7.677019 -13.162177 2.688632 -36.315368 -23.088219 1.619229 136.545663 -57.205126 -87.143564 0.000000 0.000000 0.000000 20.594206 -3.073297 -7.765912 33.846953 27.652088 2.583370 151.312275 55.582746 123.669396 0.000000 0.000000 0.000000 
0.192209 0.854845 0.203126 3.308127 -20.032479 -5.970746 18.427808 5.502528 -30.631108 -10.925400 26.397795 99.878744 4.320724 8.440813 -1.569495 0.000000 0.000000 0.000000 2.568214 2.924028 -20.103830 9.891451 1.572933 45.859014 -13.191524 -30.750037 -7.527571 0.000000 0.000000 0.000000 11.835062 -1.975119 22.706365 1.259128 1.303553 -39.382376 -8.174427 -0.827411 29.668949 3.068742 -1.696051 -35.165898 0.000000 0.000000 0.000000 3.417130 -13.180774 3.894050 -37.880071 -26.725329 2.101299 150.449981 -58.454918 -109.759993 0.000000 0.000000 0.000000 21.806546 -1.607674 -5.871503 36.062732 31.317898 3.613298 153.392100 57.812094 132.550803 0.000000 0.000000 0.000000 
0.203022 0.865702 0.215456 8.315694 -17.458587 -9.400289 20.087090 7.645179 -38.658154 -13.388867 29.400217 106.957605 6.207831 9.523024 -10.191618 0.000000 0.000000 0.000000 -3.698668 1.363126 -14.852815 8.284555 1.511540 42.057173 -12.974111 -29.790515 -9.888538 0.000000 0.000000 0.000000 11.730436 -2.008985 24.289051 -4.615193 1.935515 -38.787080 -5.536883 1.018182 29.963919 1.145608 -0.045298 -36.882342 0.000000 0.000000 0.000000 -0.268308 -12.098284 4.319515 -40.104148 -28.604322 2.498421 160.708347 -59.688032 -128.572384 0.000000 0.000000 0.000000 19.594902 -2.510641 -4.752873 34.233399 34.557522 3.782502 160.385491 58.131217 146.507990 0.000000 0.000000 0.000000 
0.219072 0.891391 0.229069 13.988393 -13.629329 -13.049366 22.752192 9.765821 -44.581721 -18.174205 35.145349 110.726875 6.592894 10.684537 -11.053089 0.000000 0.000000 0.000000 -11.098162 0.552085 -9.285352 7.361872 1.170739 39.750103 -12.977200 -29.350307 -5.506520 0.000000 0.000000 0.000000 11.618684 -2.046968 25.401696 -8.318467 2.448369 -36.489855 -6.526111 3.988955 28.383052 -1.688146 2.222065 -37.117643 0.000000 0.000000 0.000000 -4.290786 -10.559719 4.210013 -38.545021 -26.676964 1.229316 170.271504 -62.630163 -150.279262 0.000000 0.000000 0.000000 18.055046 -2.817366 -3.342148 30.810828 37.027230 3.568255 162.742336 59.750021 154.002836 0.000000 0.000000 0.000000 
0.236835 0.924946 0.243628 20.459830 -10.147691 -16.005807 28.168101 13.361661 -48.810242 -20.954214 39.140979 114.903940 5.538269 11.435270 -2.726675 0.000000 0.000000 0.000000 -20.195381 0.717984 -3.606283 7.778393 0.361861 36.452758 -11.615647 -26.189588 -2.299218 0.000000 0.000000 0.000000 10.881681 -1.892978 25.550979 -13.757375 3.600837 -33.985173 -4.487724 8.002394 27.241776 -4.789947 4.753820 -31.817201 0.000000 0.000000 0.000000 -9.383123 -10.059051 3.950911 -34.543875 -22.964813 -0.202764 176.783571 -62.855407 -165.909820 0.000000 0.000000 0.000000 18.310312 -4.076504 -2.840599 21.015455 36.326248 1.358441 170.144393 61.458967 168.929004 0.000000 0.000000 0.000000 
0.253403 0.956604 0.256907 27.863730 -9.918156 -20.738743 36.322551 18.861760 -47.486010 -18.554467 32.054055 113.130584 3.482370 4.159645 -8.549637 0.000000 0.000000 0.000000 -29.506470 2.451276 1.944106 9.235837 -0.150560 34.393205 -10.435203 -23.418421 -0.991711 0.000000 0.000000 0.000000 9.153697 -1.316683 27.991541 -17.228272 4.641997 -32.973098 -4.115498 12.952621 26.170751 -4.946425 5.875966 -22.743831 0.000000 0.000000 0.000000 -14.099859 -9.137119 2.997754 -27.003842 -16.225915 -1.509132 179.678814 -69.310369 -175.620633 0.000000 0.000000 0.000000 18.017010 -2.784959 -1.285129 13.266588 34.657043 -0.237256 178.253483 62.575704 -176.666252 0.000000 0.000000 0.000000 
0.266516 0.979267 0.266676 33.648338 -10.114552 -22.792793 44.297537 23.409743 -44.233947 -24.260491 26.706843 87.876106 6.423996 10.805343 -10.365023 0.000000 0.000000 0.000000 -36.221688 4.482496 4.048236 10.970164 -0.849213 31.508329 -9.783363 -22.061351 0.142004 0.000000 0.000000 0.000000 7.368747 -0.717978 30.290367 -22.050629 5.667396 -34.963215 -1.012887 15.470687 27.992533 -5.723159 6.863535 -19.615969 0.000000 0.000000 0.000000 -14.355161 -6.483645 1.527342 -23.926867 -11.668268 -2.097701 177.877151 -76.827336 -175.262707 0.000000 0.000000 0.000000 16.810324 -3.207141 -1.106658 7.732869 35.354146 -1.195401 -166.978828 64.099998 -153.092600 0.000000 0.000000 0.000000 
0.277318 0.993196 0.272641 37.373251 -9.319252 -22.122834 53.547512 25.480924 -37.792563 -37.762296 20.245706 45.048200 18.155710 29.247716 13.091517 0.000000 0.000000 0.000000 -40.602687 5.874437 5.025169 12.254377 -1.518147 25.576490 -8.694460 -19.811195 -0.126096 0.000000 0.000000 0.000000 6.264333 -0.389328 32.351523 -24.901259 5.817082 -38.860234 -0.718241 18.278962 27.800441 -4.580525 6.502703 -11.192414 0.000000 0.000000 0.000000 -15.312786 -6.542838 0.893778 -18.134417 -5.524229 -2.138372 175.864772 -84.894341 -175.650772 0.000000 0.000000 0.000000 18.383149 -3.420796 -0.565005 2.703767 33.899681 -2.078115 -152.468476 63.973326 -130.632799 0.000000 0.000000 0.000000 
0.287515 0.998287 0.275504 37.773617 -9.891492 -21.059832 59.665801 25.544778 -31.824062 -35.689623 8.830506 14.453037 20.195696 27.748689 33.470194 0.000000 0.000000 0.000000 -40.224769 5.869888 4.694886 10.671738 -1.139247 21.600778 -8.072240 -18.883572 2.037091 0.000000 0.000000 0.000000 7.166175 -0.579574 33.310099 -21.267283 4.932125 -39.280366 -4.966364 20.763549 26.095185 -4.611182 6.890781 -13.351090 0.000000 0.000000 0.000000 -11.997284 -1.038081 -1.687573 -21.038751 -2.001943 -2.755855 -137.363997 -87.272399 134.166605 0.000000 0.000000 0.000000 16.051305 -1.973340 0.443914 -1.916313 37.524901 -2.895863 -135.277446 64.612540 -107.375244 0.000000 0.000000 0.000000 
0.296725 0.997576 0.279915 38.282502 -9.658132 -19.530997 63.367742 25.686037 -29.566252 -36.301799 5.629597 3.812651 30.477402 39.999379 19.974376 0.000000 0.000000 0.000000 -39.332803 5.699288 5.126570 8.701319 -0.743448 19.622805 -8.260053 -18.670814 -0.665066 0.000000 0.000000 0.000000 7.012573 -0.615605 32.980617 -18.079870 4.217884 -40.193578 -5.805798 21.174632 25.644540 -5.701978 7.783100 -14.344585 0.000000 0.000000 0.000000 -11.374581 -1.368970 -1.597393 -23.574558 2.525518 -3.801646 -122.116159 -87.885426 118.942020 0.000000 0.000000 0.000000 10.069078 -1.713381 0.096281 -1.254773 41.185176 -2.725668 -122.906694 63.712601 -89.910106 0.000000 0.000000 0.000000 
0.302093 0.992442 0.287351 36.495021 -10.663154 -18.249846 67.996286 27.738612 -28.818705 -51.307930 14.234292 17.957334 10.663135 43.018358 -57.512308 0.000000 0.000000 0.000000 -36.541792 5.458219 5.784378 7.246125 -0.366999 20.377434 -10.497383 -22.805525 -3.801469 0.000000 0.000000 0.000000 6.988713 -0.656145 32.647162 -16.416606 3.862974 -40.666163 -5.812212 21.991157 24.666115 -1.930860 4.742681 -11.042887 0.000000 0.000000 0.000000 -9.306079 -1.744214 -1.142137 -26.827631 3.246770 -4.525294 -118.145888 -87.544454 114.352068 0.000000 0.000000 0.000000 7.245139 -2.518022 -0.487598 -2.605312 42.761359 -2.945966 -114.038950 63.815624 -79.564540 0.000000 0.000000 0.000000 
0.301643 0.985192 0.295095 31.903382 -9.211776 -16.343101 64.669370 27.983460 -34.625251 -28.607433 34.013053 97.777101 12.159856 13.656006 -78.479538 0.000000 0.000000 0.000000 -30.339503 4.455479 9.606436 7.000155 -0.450376 18.420508 -11.965480 -26.101627 -5.253611 0.000000 0.000000 0.000000 7.847117 -1.242569 29.594763 -17.082395 4.222404 -35.306099 -5.751654 19.496223 21.704706 3.232269 0.147465 -11.071448 0.000000 0.000000 0.000000 -8.684552 0.820090 -2.022107 -27.371454 4.673334 -4.758587 -150.872472 -81.225139 144.976179 0.000000 0.000000 0.000000 7.675404 -4.935240 -1.593946 -4.072151 42.732867 -3.305446 -116.169000 61.325006 -79.366643 0.000000 0.000000 0.000000 
0.296921 0.975706 0.299948 28.472545 -9.153888 -13.182689 58.583212 25.190003 -36.675425 -6.669895 9.943131 135.156457 14.954464 -11.337460 -67.084315 0.000000 0.000000 0.000000 -25.562796 3.215683 8.825858 8.001852 -0.684897 19.680544 -12.486238 -27.618513 -7.810561 0.000000 0.000000 0.000000 6.711880 -1.191339 26.560536 -15.494482 3.670337 -37.168826 -4.405124 21.406787 23.919681 6.289749 -1.251359 -14.933849 0.000000 0.000000 0.000000 -5.977346 -0.648343 -1.099492 -30.611418 4.831166 -5.560295 -158.547487 -78.164007 151.291393 0.000000 0.000000 0.000000 6.542935 -6.581822 -2.249498 -2.782226 39.226637 -2.668930 -118.745268 62.371298 -81.838388 0.000000 0.000000 0.000000 
0.288819 0.966038 0.301975 23.616851 -9.938574 -9.620539 39.685511 18.759974 -46.098767 -2.302867 -0.561706 145.956956 -22.021751 -27.352107 20.198400 0.000000 0.000000 0.000000 -18.132596 1.840286 8.073577 7.122762 -0.459197 20.283974 -13.864248 -30.917864 -7.633513 0.000000 0.000000 0.000000 7.116832 -1.361990 23.515849 -14.161566 3.332523 -37.506724 -2.833714 22.057048 25.215461 7.132583 -1.217477 -17.937746 0.000000 0.000000 0.000000 -6.485202 -1.101755 -1.143187 -33.633355 5.602774 -6.424089 -156.878160 -72.468432 146.311518 0.000000 0.000000 0.000000 6.761157 -7.966454 -2.806084 -5.689220 38.377813 -3.231507 -117.508165 61.910206 -80.349455 0.000000 0.000000 0.000000 
0.276675 0.952475 0.303773 20.460530 -11.338729 -7.154690 25.245816 11.765969 -50.120057 -6.750259 24.043963 143.008981 -10.796228 -8.572379 19.047025 0.000000 0.000000 0.000000 -13.064363 1.063210 6.331550 7.352587 -0.443979 20.774985 -15.376098 -34.218472 -7.548283 0.000000 0.000000 0.000000 6.290019 -1.244432 22.726791 -12.958295 3.078336 -38.276383 -3.453170 24.867607 25.016156 8.498240 -1.200086 -20.822613 0.000000 0.000000 0.000000 -7.138360 -3.409267 -0.660933 -34.668177 4.127554 -6.189498 -153.658341 -73.608170 141.677818 0.000000 0.000000 0.000000 6.004671 -6.525083 -2.129447 -8.725658 37.875568 -3.646375 -110.783311 58.896663 -69.784728 0.000000 0.000000 0.000000 
0.259225 0.939794 0.310458 17.060262 -13.158322 -5.624927 15.634967 7.565352 -54.348124 -19.665913 42.952195 118.783668 4.342585 11.876860 7.769464 0.000000 0.000000 0.000000 -6.092193 0.259462 5.087624 3.994045 0.570207 21.675092 -16.433232 -35.616170 -6.141812 0.000000 0.000000 0.000000 4.596983 -0.935373 23.156912 -10.378468 2.693740 -41.549237 -2.536189 28.380479 28.414815 10.781331 -1.720468 -23.517653 0.000000 0.000000 0.000000 -8.230249 -5.134722 -0.537219 -35.011215 2.471974 -5.879629 -152.810479 -76.166875 141.098599 0.000000 0.000000 0.000000 3.619606 -4.496877 -1.453856 -15.084553 36.318416 -4.215290 -109.003197 50.507736 -58.671607 0.000000 0.000000 0.000000 
0.235555 0.926877 0.325807 13.413140 -14.484490 -5.144960 8.731450 4.137539 -56.124295 -24.370641 34.035663 90.193027 10.477866 21.173825 2.071039 0.000000 0.000000 0.000000 -1.542874 -0.296226 7.261027 4.689179 0.445807 21.629658 -16.207293 -34.248443 -3.757749 0.000000 0.000000 0.000000 2.953099 -0.604987 24.082575 -9.029015 2.577859 -43.721801 -2.088151 31.406127 29.547026 13.043631 -2.005781 -27.144914 0.000000 0.000000 0.000000 -8.289523 -5.798765 -0.633416 -35.396884 0.957182 -5.522809 -128.031585 -77.363975 111.585276 0.000000 0.000000 0.000000 -0.045224 -4.330976 -2.005620 -17.096477 38.038405 -4.327943 -107.440179 43.386996 -47.501304 0.000000 0.000000 0.000000 
0.206344 0.908881 0.349751 10.138944 -19.150929 -3.542405 4.614103 2.981582 -54.706689 -20.146906 20.841818 65.040888 10.704680 20.380668 10.913254 0.000000 0.000000 0.000000 2.631486 -0.814514 8.821352 3.716870 0.901473 21.286468 -13.851656 -28.193496 -4.999874 0.000000 0.000000 0.000000 2.163663 -0.317054 22.401039 -8.240516 2.606639 -42.427547 -1.742551 35.766957 29.019491 17.703767 -4.306682 -28.620721 0.000000 0.000000 0.000000 -6.865086 -5.183895 -0.753841 -39.632673 -0.473460 -5.981561 -111.502185 -79.516236 95.074671 0.000000 0.000000 0.000000 -3.851080 -1.964136 -1.903468 -19.429662 38.719826 -4.333943 -108.089978 41.185937 -44.338408 0.000000 0.000000 0.000000 
0.172155 0.888817 0.379931 7.786456 -21.699646 -3.005595 0.630626 0.815069 -49.079069 -14.725918 10.849477 43.230851 8.434571 16.004337 19.647619 0.000000 0.000000 0.000000 6.046313 -1.392248 11.482419 2.115315 1.564226 22.629486 -12.028965 -23.615072 -5.194760 0.000000 0.000000 0.000000 1.547081 -0.138043 21.852946 -8.667489 2.715051 -42.545320 -1.190840 36.899400 29.876815 17.778685 -4.223923 -29.342004 0.000000 0.000000 0.000000 -7.607882 -5.132798 -0.959743 -42.103418 -0.834341 -6.415286 -98.467709 -80.859431 83.792804 0.000000 0.000000 0.000000 -5.902181 -2.639326 -2.581797 -19.019148 41.352552 -4.547260 -112.943065 38.170004 -43.527832 0.000000 0.000000 0.000000 
0.133601 0.866448 0.414413 5.086126 -23.428968 -2.487863 -2.020106 -0.513572 -44.289790 -12.774734 6.247323 26.819799 7.073611 13.516409 23.359720 0.000000 0.000000 0.000000 9.584778 -1.983021 13.428775 2.475217 2.018648 26.197853 -9.793435 -18.941985 -4.381667 0.000000 0.000000 0.000000 -0.184590 0.165935 20.656224 -9.186132 2.517527 -37.694473 -3.408580 34.794229 25.639137 19.763239 -6.464047 -27.487786 0.000000 0.000000 0.000000 -7.833409 -4.591199 -0.850146 -43.869939 -0.948143 -6.548473 -95.698487 -82.751232 84.407708 0.000000 0.000000 0.000000 -4.209605 -0.048177 -1.103366 -20.431625 43.407754 -5.980006 -117.949089 38.770074 -49.767684 0.000000 0.000000 0.000000 
0.092687 0.845616 0.453312 2.355597 -24.132133 -2.887004 -2.478461 -0.955873 -39.214939 -11.443721 4.622045 20.233069 8.016044 14.393652 20.815249 0.000000 0.000000 0.000000 11.188084 -2.471309 16.717900 4.845100 1.971036 31.195138 -5.195547 -10.812442 -0.701005 0.000000 0.000000 0.000000 -2.233802 0.580977 20.852639 -8.926987 2.385524 -36.395126 -3.171879 34.031201 25.308874 21.306757 -7.539099 -27.914907 0.000000 0.000000 0.000000 -8.785991 -6.243192 -0.261095 -44.601796 -1.935858 -6.274646 -104.760153 -84.697724 96.253152 0.000000 0.000000 0.000000 -1.705039 -0.478020 -0.736574 -11.818610 46.642429 -4.788442 -125.389902 46.464446 -66.623276 0.000000 0.000000 0.000000 
0.052965 0.832489 0.493498 0.499167 -24.105922 -4.995937 -1.976355 -1.024526 -35.069169 -12.105210 4.987950 20.258540 12.318268 20.859207 14.721139 0.000000 0.000000 0.000000 11.196980 -2.137455 13.618683 11.566603 1.034983 43.954537 -2.978775 -10.375650 8.123164 0.000000 0.000000 0.000000 -5.045459 1.351737 23.009365 -6.477592 1.874706 -34.946499 -4.163039 33.681362 26.111761 22.250445 -7.347555 -30.746927 0.000000 0.000000 0.000000 -9.655024 -5.633722 -0.727019 -44.233717 -4.353078 -5.329551 -106.796992 -84.269178 97.866520 0.000000 0.000000 0.000000 3.182988 0.053371 0.304632 -8.031391 48.061171 -4.331323 -134.520156 54.513527 -88.798180 0.000000 0.000000 0.000000 
0.016200 0.825267 0.533462 -0.146230 -24.832084 -5.967768 -0.353752 -0.441696 -34.402428 -11.419670 5.647884 24.742817 11.725349 21.775149 4.808879 0.000000 0.000000 0.000000 9.070102 -1.394803 8.851122 16.156829 0.043663 53.739881 -7.121041 -17.049215 4.180568 0.000000 0.000000 0.000000 -6.222072 1.860626 24.781476 -6.850219 1.896953 -35.007505 -3.216647 32.308912 26.399816 19.911971 -6.157324 -30.554890 0.000000 0.000000 0.000000 -7.436008 -4.223833 -0.538663 -45.745662 -5.206133 -5.575431 -122.606850 -80.535657 111.420299 0.000000 0.000000 0.000000 6.867643 2.227655 1.865743 -0.692766 49.742336 -2.600757 -145.596747 65.285730 -115.771653 0.000000 0.000000 0.000000 
-0.016640 0.826422 0.575561 -1.533483 -24.087088 -4.930823 0.665828 -0.291911 -32.711593 -12.047227 6.256235 26.464712 10.481531 21.798245 -4.915207 0.000000 0.000000 0.000000 8.651334 -1.065410 5.911222 15.043400 0.392901 52.305342 -10.798930 -22.451454 -13.474792 0.000000 0.000000 0.000000 -4.339590 1.368829 25.191226 -7.073356 2.068506 -38.033325 -3.059063 32.282142 30.374303 20.826122 -6.801298 -30.768632 0.000000 0.000000 0.000000 -5.983980 -3.404291 -0.499461 -47.199892 -5.676519 -6.158244 -133.639723 -79.086500 122.656377 0.000000 0.000000 0.000000 10.667454 3.630176 3.398015 0.399387 49.670332 -2.787204 -145.109396 69.263452 -119.255252 0.000000 0.000000 0.000000 
-0.048985 0.827712 0.622913 -0.852280 -27.494628 -5.708018 3.419552 1.122617 -32.950785 -14.397481 8.409676 28.526940 10.080255 20.556744 -3.879123 0.000000 0.000000 0.000000 6.259451 -1.072118 8.491376 9.864911 2.962619 46.693486 -10.601906 -17.651209 -19.262697 0.000000 0.000000 0.000000 -4.228217 1.463816 24.466010 -7.879466 2.288607 -38.837957 -0.241189 36.943406 30.045377 18.874229 -5.402037 -29.310088 0.000000 0.000000 0.000000 -6.039767 -5.206560 -0.113683 -46.390930 -2.653192 -6.935093 -149.742952 -77.425111 138.306124 0.000000 0.000000 0.000000 12.616328 4.548187 4.600876 -5.001398 52.865324 -4.872540 -109.676430 69.184895 -79.176893 0.000000 0.000000 0.000000 
-0.081760 0.830861 0.673543 -0.236819 -25.643685 -5.623282 3.852208 1.421417 -35.983940 -15.501377 9.724065 32.608719 4.754401 9.352471 -1.336708 0.000000 0.000000 0.000000 6.793632 -1.577609 14.849092 5.742189 2.992531 38.923630 -10.150640 -18.020913 -11.911739 0.000000 0.000000 0.000000 -4.835070 1.059637 20.514323 -10.623470 2.603407 -36.291843 2.551070 36.554415 28.301420 22.335169 -9.419103 -23.959379 0.000000 0.000000 0.000000 -7.971470 -5.520878 -0.575441 -42.696942 0.095032 -6.560855 -162.678153 -76.388750 152.911831 0.000000 0.000000 0.000000 8.494613 8.712519 5.461138 -7.213540 48.216391 -4.655514 -94.405462 59.224906 -54.340515 0.000000 0.000000 0.000000 
-0.115885 0.842667 0.726454 0.816119 -25.427725 -5.711218 4.548169 1.821293 -37.088821 -16.099499 9.340836 30.508604 -1.325810 0.008148 9.426711 0.000000 0.000000 0.000000 5.760470 -1.585636 21.241391 2.403564 3.070827 32.858010 -2.547267 -6.028950 0.807803 0.000000 0.000000 0.000000 -5.964379 1.083334 18.536561 -12.327136 2.851086 -35.969759 5.622269 38.020319 28.331794 22.878986 -11.071506 -20.111761 0.000000 0.000000 0.000000 -9.293476 -4.507538 -1.630790 -40.230350 3.389202 -6.761182 -167.785163 -76.959861 158.671820 0.000000 0.000000 0.000000 4.590521 6.839261 3.614226 -9.346153 48.279930 -4.715119 -90.003581 51.390979 -42.550765 0.000000 0.000000 0.000000 
-0.151737 0.859186 0.781407 -0.062747 -25.753769 -4.266793 3.299140 1.206970 -36.098702 -17.151971 8.257931 24.473501 0.538905 4.911067 21.096443 0.000000 0.000000 0.000000 3.786736 -1.163866 21.232326 4.643011 3.096917 37.961031 6.680659 2.503897 15.728123 0.000000 0.000000 0.000000 -6.186094 0.948872 16.557758 -9.144985 2.416870 -39.265998 9.455520 41.354479 35.124769 22.880265 -10.284547 -20.978657 0.000000 0.000000 0.000000 -9.692084 -2.009888 -3.482876 -40.316900 5.185488 -7.417791 -174.523720 -77.526992 165.740827 0.000000 0.000000 0.000000 0.549839 5.464578 1.887339 -10.285351 48.878144 -4.216484 -96.678269 46.101276 -40.516733 0.000000 0.000000 0.000000 
-0.189124 0.869895 0.838052 -0.836682 -23.041560 -3.795383 0.721250 -0.461198 -31.695135 -16.330196 7.116420 22.323257 2.776998 7.733211 18.528839 0.000000 0.000000 0.000000 4.786333 -1.496218 17.105780 10.364779 2.488492 54.243190 3.731964 -3.820214 21.151216 0.000000 0.000000 0.000000 -7.265578 0.973698 15.473423 -8.750377 2.318767 -37.457648 7.556968 38.300124 32.729004 24.376571 -13.063214 -18.140263 0.000000 0.000000 0.000000 -7.131783 0.053511 -3.172850 -42.152814 8.967287 -9.384872 178.449897 -80.834743 175.120712 0.000000 0.000000 0.000000 -0.486484 6.168477 1.925635 -10.883089 48.939414 -4.484936 -104.098513 43.538755 -42.993932 0.000000 0.000000 0.000000 
-0.227228 0.867609 0.894815 -1.825532 -21.985196 -4.545674 0.505230 -0.794015 -28.113976 -14.415252 7.462835 27.633215 4.024184 8.731937 6.310657 0.000000 0.000000 0.000000 3.061270 -0.958497 10.445863 20.198241 -2.998590 76.171070 -0.908415 -10.368189 25.804825 0.000000 0.000000 0.000000 -9.063196 1.247174 15.771489 -7.037598 2.030509 -37.544572 7.892759 38.062204 32.355199 24.071849 -13.897319 -15.830802 0.000000 0.000000 0.000000 -3.808456 -1.655287 -1.330591 -43.805469 13.626825 -11.972230 99.370479 -82.473980 -98.136862 0.000000 0.000000 0.000000 0.941636 7.092271 2.711598 -12.646026 49.233442 -5.267499 -109.647343 40.674821 -43.885971 0.000000 0.000000 0.000000 
-0.265894 0.866212 0.945480 -1.842927 -19.787890 -6.469755 -0.373691 -1.250820 -23.282602 -12.071682 6.882722 31.184774 3.952002 7.981713 -2.400435 0.000000 0.000000 0.000000 0.118716 -0.097251 1.404948 26.039371 -12.126094 92.834952 -6.279204 -16.916220 30.841538 0.000000 0.000000 0.000000 -10.518879 1.478810 16.871512 -6.701019 2.010245 -38.442417 8.156557 36.283444 32.469021 24.458464 -13.577998 -17.415828 0.000000 0.000000 0.000000 -2.855040 -1.494089 -0.992812 -42.645834 17.198721 -12.986405 62.817002 -75.773919 -56.285156 0.000000 0.000000 0.000000 1.834395 8.722964 3.575758 -14.983307 50.325627 -6.423546 -111.128229 39.055484 -43.668190 0.000000 0.000000 0.000000 
-0.303952 0.878629 0.989153 -2.810543 -18.491300 -7.952805 0.247091 -1.095998 -18.673261 -9.087282 5.734583 33.800040 3.304417 6.325823 -4.365210 0.000000 0.000000 0.000000 -2.630889 0.723357 -7.749358 26.633007 -16.289328 100.024232 -9.448748 -20.582416 30.366405 0.000000 0.000000 0.000000 -10.742372 1.602875 18.757257 -6.608573 2.030359 -39.851920 8.414356 38.098651 32.013645 26.089856 -15.363101 -16.203701 0.000000 0.000000 0.000000 0.005506 -1.548000 -0.136692 -40.015021 17.154301 -12.127939 46.565445 -67.532331 -38.348590 0.000000 0.000000 0.000000 2.293682 9.955508 4.290353 -16.661679 47.945548 -6.271738 -107.482518 36.931941 -38.211320 0.000000 0.000000 0.000000 
-0.341540 0.898064 1.026835 -3.865849 -15.409385 -9.027753 1.026143 -0.890692 -14.519005 -6.658393 4.137502 34.846918 2.785735 5.504814 -2.069256 0.000000 0.000000 0.000000 -5.689028 1.332086 -16.629744 24.929756 -16.559939 99.262866 -8.306241 -19.512003 21.997297 0.000000 0.000000 0.000000 -9.914652 1.432072 20.642370 -8.374950 2.197082 -39.565818 7.401087 36.984413 29.745346 27.552231 -16.745250 -16.079804 0.000000 0.000000 0.000000 2.961678 -1.442014 0.936676 -38.642525 18.142188 -12.089971 40.402772 -63.719295 -32.153862 0.000000 0.000000 0.000000 0.177886 10.844027 3.944505 -15.836710 45.059923 -5.092523 -101.363609 34.351839 -30.790732 0.000000 0.000000 0.000000 
-0.379236 0.918499 1.060171 -6.554035 -10.943210 -10.001411 5.139556 -0.180479 -9.535023 -6.172214 2.815379 33.100095 1.663822 3.685313 0.470199 0.000000 0.000000 0.000000 -8.978762 1.273334 -24.031148 21.204710 -13.635575 91.865142 -5.881867 -15.915715 14.229210 0.000000 0.000000 0.000000 -8.127381 0.895331 22.268098 -8.529921 2.145674 -38.644457 5.376687 36.254882 28.768190 29.442583 -16.191445 -19.813489 0.000000 0.000000 0.000000 4.598698 0.384911 1.065807 -34.908961 14.408445 -9.519118 38.272361 -58.453337 -29.079910 0.000000 0.000000 0.000000 -2.730000 9.364469 2.329552 -10.831974 42.560173 -2.838203 -95.675103 36.341979 -27.943521 0.000000 0.000000 0.000000 
-0.417226 0.932331 1.090392 -8.717999 -3.797197 -10.233576 9.144533 0.105556 -8.524934 -6.175130 1.633166 32.861258 0.495602 2.958396 4.798904 0.000000 0.000000 0.000000 -11.565289 0.307479 -26.600628 16.534728 -10.295814 75.698064 -3.924445 -11.648421 7.966889 0.000000 0.000000 0.000000 -7.427024 0.430733 24.276898 -7.916846 1.921993 -38.804849 2.990197 33.140138 27.965436 29.879904 -15.437762 -21.757890 0.000000 0.000000 0.000000 6.238194 0.647646 1.694766 -32.777263 9.682238 -7.418469 43.430194 -57.395361 -33.110025 0.000000 0.000000 0.000000 -4.574392 6.496410 0.648205 -4.905813 39.357620 -1.034428 -91.224258 40.183343 -27.482785 0.000000 0.000000 0.000000 
-0.456886 0.936910 1.119318 -10.928728 3.512186 -10.597274 14.746604 0.248024 -8.863067 -10.480488 2.235034 32.119378 3.672047 10.236810 8.725398 0.000000 0.000000 0.000000 -12.443890 -0.625276 -26.113096 10.701255 -6.480810 57.623135 -2.114754 -8.124366 9.739010 0.000000 0.000000 0.000000 -7.219629 -0.069232 23.184740 -7.046959 1.842461 -35.543441 1.039111 30.320088 28.204099 30.731561 -13.941486 -25.713724 0.000000 0.000000 0.000000 6.606464 0.355790 1.953776 -27.137738 1.782702 -3.923283 52.560197 -53.448276 -38.235061 0.000000 0.000000 0.000000 -5.702825 3.552548 -0.786807 3.892965 33.056562 0.412269 -94.330166 48.133039 -33.932436 0.000000 0.000000 0.000000 
-0.498119 0.933676 1.147367 -12.389711 12.303173 -10.578730 18.824595 -0.058530 -11.185951 -14.804485 2.514389 31.790809 8.898062 19.090925 10.111213 0.000000 0.000000 0.000000 -12.723377 -1.325995 -21.933760 4.671655 -3.012134 38.538860 -1.512822 -6.832023 14.164479 0.000000 0.000000 0.000000 -8.741990 -0.286031 22.405420 -6.912387 1.852514 -33.756230 0.943832 25.042375 29.317275 27.031310 -9.979794 -28.133402 0.000000 0.000000 0.000000 8.386378 -1.046554 2.984230 -20.911932 -8.664200 -1.419993 60.808236 -48.929982 -41.797331 0.000000 0.000000 0.000000 -4.004388 1.335598 -0.971475 10.348766 25.437175 0.198708 -100.423064 57.117413 -46.610851 0.000000 0.000000 0.000000 
-0.540437 0.929542 1.174755 -13.423377 20.687787 -10.824734 23.486102 -0.587413 -14.584087 -17.538561 2.222090 31.970836 8.080386 18.769454 13.346601 0.000000 0.000000 0.000000 -11.936671 -1.564219 -18.568085 -0.152987 -1.270386 31.027365 -0.060621 -3.600809 17.792326 0.000000 0.000000 0.000000 -10.941747 -0.346643 20.350958 -3.915159 1.639589 -30.693502 -1.194980 20.729137 31.064435 26.169305 -8.257942 -31.035818 0.000000 0.000000 0.000000 12.505766 -3.581928 5.078265 -16.659494 -20.899932 -0.876178 66.454023 -44.228613 -43.812507 0.000000 0.000000 0.000000 -1.722971 -1.654706 -1.398375 17.890810 21.450877 -0.013030 -112.336028 70.012825 -70.061833 0.000000 0.000000 0.000000 
-0.583675 0.926320 1.201869 -14.191291 28.527948 -10.140988 25.386637 -1.361417 -17.914888 -19.324361 1.696060 30.292063 12.586561 25.016266 14.061801 0.000000 0.000000 0.000000 -9.708066 -1.324491 -16.359579 -0.595406 -1.963358 29.521680 4.078253 4.731209 16.161811 0.000000 0.000000 0.000000 -11.619499 -0.542164 19.191896 -4.610659 1.957058 -28.364089 -2.744472 13.024744 30.871005 20.416322 -5.417537 -29.173531 0.000000 0.000000 0.000000 17.040916 -5.650406 6.418042 -11.992876 -31.188001 -2.323934 70.567924 -35.346704 -38.670412 0.000000 0.000000 0.000000 0.275628 -1.325052 -0.516211 25.012181 14.443065 -1.214984 -136.976530 80.013225 -107.686789 0.000000 0.000000 0.000000 
-0.626530 0.920757 1.229287 -13.037427 32.674112 -9.332650 23.646377 -1.745274 -18.624828 -21.689869 1.597217 28.552735 20.543114 34.326882 12.361261 0.000000 0.000000 0.000000 -7.482726 -0.767459 -12.970025 3.506072 -3.443271 24.634948 3.958161 5.442619 14.914267 0.000000 0.000000 0.000000 -12.731373 -0.604650 19.361180 -1.541199 1.388605 -29.063116 -6.710432 9.898555 31.398754 19.156536 -4.484541 -30.379323 0.000000 0.000000 0.000000 18.266394 -7.376276 6.771252 -6.299306 -40.446727 -5.295330 75.699617 -34.104329 -39.748387 0.000000 0.000000 0.000000 2.643433 -2.834988 -0.386837 30.163052 12.688775 -1.760650 166.311250 85.212781 -173.764719 0.000000 0.000000 0.000000 
-0.668007 0.909914 1.255322 -11.455856 35.468036 -10.541313 21.220323 -1.851890 -17.438576 -25.538618 1.826032 33.129929 22.019806 37.158423 2.734839 0.000000 0.000000 0.000000 -4.057566 -0.089514 -8.140689 7.814403 -4.975192 20.962309 -0.517939 -1.637384 6.332153 0.000000 0.000000 0.000000 -13.641833 -0.940232 22.546763 -4.630058 1.757684 -30.433240 -3.464388 6.728009 31.866903 16.708397 -3.696371 -28.930606 0.000000 0.000000 0.000000 21.944407 -12.143022 7.403074 -2.717230 -48.065316 -8.762821 83.296503 -32.540606 -41.419372 0.000000 0.000000 0.000000 2.790006 -4.718351 -1.200666 33.606096 7.934000 -3.008818 151.203898 85.902854 169.537112 0.000000 0.000000 0.000000 
-0.707552 0.902940 1.277382 -10.510318 36.042106 -10.236850 19.523242 -1.856359 -18.415608 -32.454551 3.252354 37.040876 25.445601 43.171881 1.347194 0.000000 0.000000 0.000000 3.577423 1.007994 -7.951786 7.225509 -4.039264 17.326973 -6.579790 -16.664082 1.901061 0.000000 0.000000 0.000000 -12.148321 -1.140644 23.177162 -2.417539 1.527346 -29.386523 -9.898115 4.911543 29.381077 15.233858 -2.650943 -29.621835 0.000000 0.000000 0.000000 24.249105 -8.566692 7.619439 -3.713252 -57.808263 -11.879477 94.131728 -39.490969 -53.596700 0.000000 0.000000 0.000000 1.462169 -4.173669 -1.267262 40.187533 7.490977 -2.650963 -119.464103 84.539040 -93.571066 0.000000 0.000000 0.000000 
-0.746911 0.901837 1.297645 -9.739038 34.750908 -10.969489 11.713540 -1.387107 -14.529289 -38.600001 4.039293 35.385113 23.770985 41.354421 0.398258 0.000000 0.000000 0.000000 8.004247 1.263762 -6.630727 8.136522 -3.817090 14.662897 -10.223838 -25.381262 3.564234 0.000000 0.000000 0.000000 -10.084995 -1.476669 24.898790 -7.344688 1.411352 -35.239738 -4.314451 3.587973 32.692070 11.228045 -0.124119 -31.506530 0.000000 0.000000 0.000000 20.402102 -14.322454 7.174575 -6.417322 -64.765996 -12.602761 105.719569 -45.119483 -65.853290 0.000000 0.000000 0.000000 -1.577970 -7.344859 -3.319953 42.365116 9.459902 -2.647571 -139.922956 80.155620 -106.687468 0.000000 0.000000 0.000000 
-0.791461 0.906622 1.319339 -10.866286 36.871607 -12.373767 4.306758 -0.700996 -6.787375 -40.185058 2.017586 28.927256 17.241942 29.340035 22.106741 0.000000 0.000000 0.000000 16.209310 1.513097 -6.901456 1.946996 -1.649578 14.123653 -3.297865 -8.791824 1.290914 0.000000 0.000000 0.000000 -8.088281 -1.543697 22.148948 -6.664228 1.906063 -31.036503 -8.235652 2.205145 31.904696 13.022650 -0.749707 -31.372835 0.000000 0.000000 0.000000 29.035486 -17.127261 9.329042 -17.099903 -78.352721 -14.197510 113.160841 -48.462188 -74.208547 0.000000 0.000000 0.000000 -4.935508 -6.498434 -3.839309 53.224866 12.210761 0.291644 -150.825733 74.743026 -108.779933 0.000000 0.000000 0.000000 
-0.844629 0.916246 1.345966 -13.330337 37.819055 -13.814446 0.231320 -0.154449 -0.327400 -29.758145 0.399418 24.509752 16.524156 27.704048 19.753598 0.000000 0.000000 0.000000 24.044162 1.361771 -8.181322 -1.099265 -0.563095 12.744265 -1.372724 -1.830814 13.638374 0.000000 0.000000 0.000000 -8.975070 -1.580026 22.127303 -4.775054 1.227746 -33.380511 -8.511149 2.009793 33.898821 12.905420 -0.066251 -32.229518 0.000000 0.000000 0.000000 28.202062 -15.056604 10.910533 -66.395400 -84.651647 22.362932 129.245206 -62.037250 -108.130518 0.000000 0.000000 0.000000 -22.399708 -9.732094 -8.854699 79.049579 5.246710 8.807981 -169.863260 66.470159 -125.281863 0.000000 0.000000 0.000000 
-0.900871 0.926649 1.373483 -20.409243 46.715893 -19.665069 2.509999 -0.726143 4.816650 -16.537458 -1.431933 21.510386 12.893326 20.179930 8.605705 0.000000 0.000000 0.000000 28.227577 2.156752 -16.281994 2.388756 -2.728872 14.857848 -5.364258 -6.181303 34.527054 0.000000 0.000000 0.000000 -9.711441 -2.447786 23.563262 -5.292913 0.870204 -33.771775 -7.708448 -2.153970 37.353056 17.256562 -1.131952 -36.335417 0.000000 0.000000 0.000000 40.369605 -18.819187 14.742163 -62.297584 -87.205344 8.601638 135.572560 -60.133641 -115.685065 0.000000 0.000000 0.000000 -33.504148 -11.563498 -11.470013 96.380643 -3.026535 16.619725 -170.409803 59.312692 -130.413875 0.000000 0.000000 0.000000 
-0.952226 0.936642 1.394546 -28.225077 50.720741 -28.467738 8.772021 -3.253090 9.402998 -10.317391 -1.128660 14.918878 9.045956 10.541010 0.271842 0.000000 0.000000 0.000000 27.296000 2.813615 -28.365683 7.506566 -10.329313 27.592191 -1.310323 -3.249174 38.754750 0.000000 0.000000 0.000000 -10.798220 -3.581521 26.552903 -3.723573 0.940995 -32.596074 -7.416277 -6.190469 37.721804 16.673319 -1.194813 -34.705185 0.000000 0.000000 0.000000 39.501246 -24.125599 13.265053 -39.871699 -75.731711 -7.628574 126.901572 -54.566194 -106.840052 0.000000 0.000000 0.000000 -35.230058 -11.504071 -11.463402 104.395797 -5.228590 18.560154 168.482783 57.775772 -174.280841 0.000000 0.000000 0.000000 
-0.994573 0.956182 1.404711 -36.584722 48.324543 -37.471125 16.109394 -6.636227 11.381498 -7.492218 -0.776773 13.087313 5.092202 8.305835 4.378811 0.000000 0.000000 0.000000 17.142690 -2.854717 -51.896539 4.586792 -31.174313 76.977051 4.143576 0.057426 18.727091 0.000000 0.000000 0.000000 -7.668228 -4.807379 28.734635 -2.094839 1.219405 -31.307894 -5.860114 -10.485664 37.942781 17.313316 -3.750119 -28.876390 0.000000 0.000000 0.000000 31.641912 -25.390409 9.861667 -33.364965 -63.821478 -2.083893 120.564731 -50.633140 -95.239901 0.000000 0.000000 0.000000 -24.937411 -10.324881 -9.639942 94.411748 1.124045 12.446974 141.319859 51.736821 143.975070 0.000000 0.000000 0.000000 
-1.029015 0.987396 1.404038 -42.311834 42.110263 -42.498061 23.847003 -9.928843 12.209342 -7.516723 -0.329104 11.134589 1.848486 12.087141 18.031861 0.000000 0.000000 0.000000 12.510858 -12.530861 -74.716105 -0.736674 -21.547692 126.318595 -1.964865 6.733058 -11.721244 0.000000 0.000000 0.000000 -1.496762 -6.392333 30.154350 1.209089 1.133187 -29.584562 -5.145527 -13.451632 35.438371 18.038279 -7.264494 -23.297362 0.000000 0.000000 0.000000 30.071500 -29.986533 6.838293 -26.048857 -52.171513 -0.114994 112.635613 -44.363861 -74.357225 0.000000 0.000000 0.000000 -10.939929 -6.028625 -5.133827 75.613855 11.044617 4.845886 122.521787 46.535804 111.943596 0.000000 0.000000 0.000000 
-1.057984 1.006740 1.395752 -50.371072 37.293861 -48.368917 31.709754 -12.960721 10.333517 -9.278914 -0.246793 14.669647 4.312752 15.978050 22.714781 0.000000 0.000000 0.000000 1.932133 -25.840227 -80.357353 -19.132545 36.196062 126.346342 -23.121588 23.837102 -69.901973 0.000000 0.000000 0.000000 5.124829 -9.133367 31.892388 6.377190 0.085462 -29.982829 -2.255416 -14.798399 35.261443 16.984722 -9.081971 -18.144065 0.000000 0.000000 0.000000 29.722200 -32.391059 5.012796 -12.735174 -45.643165 -2.477790 100.698470 -36.803415 -52.591552 0.000000 0.000000 0.000000 -4.921985 0.893245 -1.513994 56.567048 10.648669 -2.000411 114.882754 49.028227 99.631026 0.000000 0.000000 0.000000 
-1.083170 1.016406 1.385077 -50.990415 33.550123 -47.811507 34.862171 -13.790010 10.323956 -13.308499 0.231511 13.536976 13.128354 23.620153 26.648857 0.000000 0.000000 0.000000 -12.064606 -33.268677 -70.978037 -35.312713 28.563831 77.305275 -16.474003 28.502559 -66.967339 0.000000 0.000000 0.000000 8.130568 -9.991088 32.364625 12.116927 -1.409335 -26.460205 1.184892 -12.084598 29.953439 14.979738 -9.137259 -13.818763 0.000000 0.000000 0.000000 29.598280 -30.012731 4.758788 0.689607 -42.076269 -5.357061 87.565111 -31.674563 -38.292509 0.000000 0.000000 0.000000 1.474328 2.221358 0.628316 37.474040 8.517517 -3.861129 109.745288 55.296799 91.940883 0.000000 0.000000 0.000000 
-1.108494 1.004318 1.378485 -45.354225 27.922641 -42.675237 33.214289 -10.518751 10.310533 -13.990740 0.482493 16.865324 14.330048 25.063406 25.775690 0.000000 0.000000 0.000000 -24.465842 -31.358524 -57.856518 -12.492961 6.050424 59.138024 -4.776461 13.879333 -44.203780 0.000000 0.000000 0.000000 11.621581 -9.558493 31.450880 13.147150 -2.112854 -25.019745 1.035645 -11.600528 29.684100 13.058569 -9.027063 -11.685037 0.000000 0.000000 0.000000 27.724627 -25.976143 3.723116 4.386834 -34.534209 -3.862852 80.917308 -30.982032 -32.090181 0.000000 0.000000 0.000000 2.526000 4.111647 1.601123 29.200079 8.333518 -3.261532 98.067492 61.746775 79.722146 0.000000 0.000000 0.000000 
-1.135559 0.989784 1.377449 -38.549443 25.111948 -35.826487 28.001561 -6.437608 8.395198 -14.311781 0.516437 21.849066 13.169585 24.401240 21.775372 0.000000 0.000000 0.000000 -27.959750 -25.528317 -50.446476 -1.107226 -2.972851 64.250615 -6.799882 5.898152 -46.039255 0.000000 0.000000 0.000000 12.197390 -8.335724 30.229956 14.757322 -2.352710 -30.292687 0.386526 -8.116715 32.249189 13.004393 -9.193343 -11.050089 0.000000 0.000000 0.000000 29.288248 -24.634834 3.414723 7.339446 -27.544584 -3.120692 79.050612 -30.173206 -31.052771 0.000000 0.000000 0.000000 5.072948 2.230568 1.290710 24.564273 8.677013 -3.149205 88.546548 62.051786 69.567361 0.000000 0.000000 0.000000 
-1.163040 0.982390 1.376003 -28.331557 19.122325 -28.053706 21.437974 -2.403570 4.457449 -16.438568 1.389225 27.056345 15.893126 27.482694 22.804175 0.000000 0.000000 0.000000 -27.619640 -16.952542 -44.612477 6.373914 -11.084394 78.666890 -6.354740 5.993559 -37.310911 0.000000 0.000000 0.000000 8.513954 -6.292155 31.194713 12.986683 -2.190405 -29.123732 4.046342 -4.513351 29.032980 10.458481 -6.297623 -13.393338 0.000000 0.000000 0.000000 35.435039 -18.633530 2.424267 2.052247 -24.372282 -2.017652 79.239503 -28.117935 -28.301688 0.000000 0.000000 0.000000 3.123054 -0.736254 -0.146884 25.136900 10.707768 -2.540940 75.371700 61.370493 56.367457 0.000000 0.000000 0.000000 
-1.188964 0.977423 1.371659 -20.017952 14.218226 -19.420390 17.266919 -0.582496 -2.648206 -20.587604 3.651343 34.210746 17.210326 29.126834 22.930095 0.000000 0.000000 0.000000 -21.838320 -8.236399 -38.212265 6.662114 -11.022404 80.157772 1.957150 9.354633 -6.495137 0.000000 0.000000 0.000000 6.862546 -4.191441 27.708558 13.980218 -2.234995 -31.620967 1.564362 -2.488766 30.162716 9.729441 -5.896057 -13.246490 0.000000 0.000000 0.000000 36.486900 -11.261281 2.105443 0.667196 -19.726239 -1.405426 84.862702 -32.114686 -33.399315 0.000000 0.000000 0.000000 3.749792 0.125906 0.228481 25.851214 10.257372 -2.662188 62.087622 61.420259 45.055858 0.000000 0.000000 0.000000 
-1.210582 0.959271 1.366004 -12.634277 6.593291 -13.085445 13.448691 0.044789 -8.021703 -22.981348 7.454286 42.019584 18.012393 30.091489 22.015625 0.000000 0.000000 0.000000 -18.495562 -3.130364 -29.594141 6.364613 -5.367190 68.131205 3.841942 1.186773 15.212603 0.000000 0.000000 0.000000 6.010012 -2.516025 22.674082 12.323327 -2.196283 -27.616378 2.652400 3.638862 27.546596 8.760508 -4.694371 -12.991319 0.000000 0.000000 0.000000 38.678556 -8.282824 2.948226 1.481382 -14.271157 -0.952541 83.687302 -29.084730 -30.873795 0.000000 0.000000 0.000000 6.489203 -1.995188 -0.436569 27.397058 4.544311 -3.886714 54.898605 59.864146 39.381408 0.000000 0.000000 0.000000 
-1.228311 0.922676 1.361193 -8.521391 0.770488 -8.214830 12.352378 0.238905 -14.021523 -24.449793 11.507992 48.013782 20.079241 33.335960 17.275127 0.000000 0.000000 0.000000 -16.890458 -1.052324 -21.104865 3.230051 -0.006921 51.275850 0.862974 -5.320480 18.430948 0.000000 0.000000 0.000000 6.542875 -1.825051 18.390254 8.974301 -1.462594 -26.475422 6.878302 6.931914 30.109786 3.638379 -1.027867 -10.529440 0.000000 0.000000 0.000000 37.101208 -4.409865 2.713129 4.118017 -10.748105 -0.522911 78.032153 -19.925559 -20.783247 0.000000 0.000000 0.000000 6.777807 -4.630274 -1.582427 23.368758 -0.018427 -4.112754 42.222255 57.651581 28.575586 0.000000 0.000000 0.000000 
-1.246028 0.877352 1.355573 -6.098699 -3.317685 -4.461959 11.848943 0.475805 -21.846192 -24.612227 14.932566 53.702070 18.235556 32.277509 11.152744 0.000000 0.000000 0.000000 -17.215894 -0.411187 -17.843969 -0.189045 2.666027 43.944605 -1.261351 -5.609391 5.749192 0.000000 0.000000 0.000000 6.683462 -1.922862 20.156188 9.458586 -1.269976 -29.106110 9.262435 12.096670 32.577645 2.819727 1.077909 -17.922981 0.000000 0.000000 0.000000 32.625108 1.245735 3.007832 9.008679 -9.722717 -0.267388 71.754535 -12.669716 -15.081227 0.000000 0.000000 0.000000 9.744506 -8.127051 -2.946747 19.668118 -3.741267 -3.992878 26.915414 53.221489 17.272274 0.000000 0.000000 0.000000 
-1.260512 0.848648 1.350972 -6.288151 -8.542014 -3.390171 15.487057 2.042400 -26.085742 -27.132856 19.700023 56.252797 13.118700 25.938283 0.653226 0.000000 0.000000 0.000000 -18.951049 -0.142352 -18.373323 0.892204 2.835870 41.500566 -2.603103 -6.200500 -0.799265 0.000000 0.000000 0.000000 6.212397 -1.983134 25.145298 10.129982 -1.334576 -29.691310 12.277237 15.449567 34.220414 2.313573 2.028546 -22.369128 0.000000 0.000000 0.000000 31.015413 7.781463 2.411022 7.174956 -8.779424 -0.184828 67.556904 -9.825708 -12.224968 0.000000 0.000000 0.000000 12.381937 -9.217241 -3.477774 16.874446 -5.807038 -3.521509 15.248911 52.885412 10.502741 0.000000 0.000000 0.000000 
-1.269582 0.853024 1.349283 -5.894263 -6.972395 -1.247797 13.318587 1.488613 -29.741373 -24.599025 17.109859 55.680349 9.497055 19.221320 -1.964855 0.000000 0.000000 0.000000 -21.256441 -0.370211 -17.550514 4.616570 0.541996 38.544182 -3.866310 -10.233412 1.665934 0.000000 0.000000 0.000000 5.613859 -1.979929 25.192356 12.384903 -2.095941 -26.974544 10.724948 15.798656 29.749419 3.362719 1.036170 -18.907533 0.000000 0.000000 0.000000 30.685518 5.210923 3.301524 6.119757 -7.484850 -0.112851 63.793370 -9.274866 -11.087966 0.000000 0.000000 0.000000 13.365660 -6.699911 -2.136873 17.140039 -7.448406 -3.549252 -3.028039 56.803740 1.980486 0.000000 0.000000 0.000000 
-1.275971 0.873047 1.350329 -4.590497 -2.901917 -0.182761 7.899426 -0.471433 -30.119394 -20.865419 11.934316 51.311744 8.418230 17.252877 0.166748 0.000000 0.000000 0.000000 -23.472909 -1.068931 -18.348439 4.468938 0.033347 42.810099 -2.699160 -9.354120 8.057782 0.000000 0.000000 0.000000 5.643794 -2.159944 24.225005 12.736300 -2.546052 -24.089846 9.392120 13.239627 26.583652 -0.308472 3.269006 -18.732564 0.000000 0.000000 0.000000 28.871686 1.443927 3.463208 5.339622 -9.557565 -0.426104 60.019877 -8.544874 -9.369563 0.000000 0.000000 0.000000 16.109822 -2.811950 -0.070406 15.453661 -2.559267 -2.825974 -25.658236 57.542249 -10.326962 0.000000 0.000000 0.000000 
-1.283165 0.894955 1.351851 -3.648123 0.614723 1.238516 3.804331 -1.780187 -28.750497 -16.864970 7.260995 44.333293 7.461638 15.714220 2.598962 0.000000 0.000000 0.000000 -23.431700 -1.833351 -22.056673 2.681822 0.380119 51.469499 -4.479236 -13.398805 12.491522 0.000000 0.000000 0.000000 7.262741 -2.678864 23.651270 12.687799 -2.132596 -26.442741 8.142066 13.328305 28.779401 -1.615154 4.346811 -17.285029 0.000000 0.000000 0.000000 27.534799 0.057680 3.850166 1.678879 -14.375570 -1.121131 60.112061 -8.489474 -10.033151 0.000000 0.000000 0.000000 15.454036 1.608586 2.729204 18.429783 3.024204 -3.029308 -54.362391 59.793684 -26.738458 0.000000 0.000000 0.000000 
-1.294877 0.912199 1.355676 -1.893535 4.423651 0.686523 -0.434167 -2.616981 -24.958952 -14.572293 4.575209 38.566985 9.259157 19.293359 6.635786 0.000000 0.000000 0.000000 -21.786013 -2.457819 -25.426743 -0.237641 1.438392 62.225253 -3.572753 -12.003869 15.458434 0.000000 0.000000 0.000000 7.789583 -2.971167 23.579147 9.396577 -1.548344 -24.597823 6.431693 14.039773 25.341557 0.619824 3.020099 -16.176556 0.000000 0.000000 0.000000 24.502408 -6.580594 5.070887 1.886215 -21.127841 -2.104786 68.321043 -12.265414 -15.137321 0.000000 0.000000 0.000000 14.128537 4.148234 4.257969 23.531191 13.546726 -2.105234 -75.996965 58.970535 -37.911654 0.000000 0.000000 0.000000 
-1.311771 0.927731 1.364083 -1.050096 8.806093 1.659190 -2.038259 -2.767413 -22.479877 -12.621976 2.678521 33.717445 9.000525 18.955588 6.152093 0.000000 0.000000 0.000000 -18.013839 -2.133095 -25.526850 2.557278 -2.472552 63.064536 -6.354508 -16.428201 14.710087 0.000000 0.000000 0.000000 9.086653 -3.256081 21.842113 5.510500 -0.459287 -25.520676 4.741995 12.365876 22.945123 0.547675 2.539908 -12.283704 0.000000 0.000000 0.000000 16.983059 -11.234287 5.300491 -0.485545 -31.077441 -3.371797 82.352210 -28.696314 -32.157455 0.000000 0.000000 0.000000 10.189640 11.986939 7.362621 31.312986 25.883752 1.363001 -89.735773 53.637149 -40.871772 0.000000 0.000000 0.000000 
-1.331567 0.935399 1.376496 1.780903 12.832766 2.838789 -2.222480 -2.738102 -21.202419 -14.531551 2.645302 30.054398 7.832856 17.352911 7.495338 0.000000 0.000000 0.000000 -15.390462 -1.940925 -25.378730 5.619346 -6.528301 62.630384 -6.411957 -16.118118 10.342959 0.000000 0.000000 0.000000 7.674994 -3.054265 21.456665 0.837024 0.691548 -25.647637 3.130218 16.353479 20.842557 7.042385 -1.015918 -13.902316 0.000000 0.000000 0.000000 11.754927 -18.324827 6.856802 -13.965097 -42.056717 -2.220719 103.018564 -44.513150 -63.844884 0.000000 0.000000 0.000000 9.113985 12.999901 8.466210 31.122836 37.475503 5.190689 -102.573768 53.947729 -48.169901 0.000000 0.000000 0.000000 
-1.351989 0.935695 1.392756 2.525323 14.499737 4.064598 -1.546161 -2.942378 -22.720089 -15.281626 2.636122 29.842676 9.023225 19.674519 9.757225 0.000000 0.000000 0.000000 -9.718334 -0.555942 -23.852613 9.395508 -9.009015 55.338478 -11.239339 -25.541017 5.736727 0.000000 0.000000 0.000000 6.480657 -2.832634 21.216624 -0.255408 0.900455 -30.641870 2.353816 21.179018 25.615100 8.175659 -0.571207 -15.059664 0.000000 0.000000 0.000000 3.798620 -18.960881 5.845793 -33.462532 -42.031584 2.198989 140.921287 -61.148633 -130.225054 0.000000 0.000000 0.000000 6.691827 16.669706 10.207264 32.684534 51.105719 11.397066 -102.068832 51.866087 -43.528440 0.000000 0.000000 0.000000 
-1.373782 0.928975 1.412242 4.014025 16.394298 6.358444 -0.686155 -3.681547 -27.181546 -17.120069 3.097696 34.118530 9.978700 21.289673 8.601808 0.000000 0.000000 0.000000 -5.974231 0.297263 -19.124707 11.064997 -7.970056 41.850307 -13.434566 -33.190487 -2.242175 0.000000 0.000000 0.000000 5.135394 -2.265593 18.816875 -6.773805 2.116838 -28.316932 2.970479 25.228020 22.752142 11.807368 -1.993205 -16.786232 0.000000 0.000000 0.000000 0.199078 -20.541233 4.965703 -48.270467 -32.267906 2.858378 -175.980766 -61.481524 154.797323 0.000000 0.000000 0.000000 2.429310 17.328096 9.375637 45.808544 60.346249 25.563038 -103.896127 51.105619 -42.505521 0.000000 0.000000 0.000000 
-1.398936 0.917670 1.434053 5.551151 18.830955 6.906757 1.894284 -4.081604 -31.107811 -20.755918 4.345629 42.173002 7.525098 17.932932 11.210884 0.000000 0.000000 0.000000 -1.714669 0.871713 -15.061692 10.211104 -6.512091 34.216933 -13.478522 -36.932892 -6.957698 0.000000 0.000000 0.000000 4.582584 -2.230123 18.879246 -9.915572 2.527976 -29.152384 1.918621 31.406298 24.731522 16.647852 -4.936055 -15.968176 0.000000 0.000000 0.000000 -0.341351 -20.230473 3.891620 -54.044604 -19.924132 -1.761203 -158.811110 -58.656453 117.118649 0.000000 0.000000 0.000000 -0.785240 17.382721 8.618617 50.555525 65.605700 35.005973 -101.684152 50.810571 -39.808393 0.000000 0.000000 0.000000 
-1.427403 0.902820 1.459159 5.009581 19.645995 6.307237 5.085395 -4.575063 -37.497175 -23.710684 6.369772 50.294172 1.635811 5.484091 3.906820 0.000000 0.000000 0.000000 3.393443 1.265173 -11.427500 8.581297 -5.403723 32.005094 -11.319475 -33.840220 -10.254051 0.000000 0.000000 0.000000 2.656613 -1.983959 19.810806 -12.413788 2.717954 -30.357381 5.740432 33.655135 28.169376 16.733174 -2.423057 -20.904671 0.000000 0.000000 0.000000 -3.939636 -14.995172 0.271658 -50.400949 -9.524314 -4.331979 -162.396572 -63.116055 127.833733 0.000000 0.000000 0.000000 -3.791164 17.110635 6.871721 47.678728 68.961950 37.411812 -113.049643 53.763669 -52.592188 0.000000 0.000000 0.000000 
-1.452855 0.888642 1.489427 4.274776 18.166859 3.164745 5.251480 -4.780177 -40.070363 -29.422829 10.034156 50.818669 3.292119 9.196825 5.819737 0.000000 0.000000 0.000000 6.707529 1.377557 -9.639969 6.097042 -4.802767 37.178282 -9.813977 -32.070922 -15.683063 0.000000 0.000000 0.000000 -1.100261 -1.625935 23.796399 -13.404805 2.749483 -31.935653 9.689855 37.192941 27.940638 18.946713 -4.323941 -19.820419 0.000000 0.000000 0.000000 -5.750115 -15.361189 -0.798304 -44.060469 -2.795754 -4.521713 -174.127882 -64.170244 147.447263 0.000000 0.000000 0.000000 -3.850861 18.909536 7.702092 29.862813 63.934733 21.697164 -121.308561 55.621525 -62.466102 0.000000 0.000000 0.000000 
-1.468183 0.884199 1.525785 2.066482 20.855366 -0.856267 1.290293 -5.375030 -35.675598 -27.193002 7.105722 46.370615 7.378303 17.520613 11.067253 0.000000 0.000000 0.000000 7.903068 1.647102 -10.523160 9.862342 -9.610753 44.932469 -7.306623 -18.713343 -2.917518 0.000000 0.000000 0.000000 -2.742515 -1.792468 26.660669 -8.895550 2.529054 -29.764483 4.522034 36.427790 24.468399 22.663923 -7.262160 -20.406485 0.000000 0.000000 0.000000 -3.980285 -12.813657 -0.559954 -38.286345 -5.340507 -2.537482 171.752361 -62.412909 169.405335 0.000000 0.000000 0.000000 0.347962 18.149729 9.752424 25.858826 62.433568 17.029409 -121.033398 55.870796 -62.969707 0.000000 0.000000 0.000000 
-1.472355 0.883101 1.564700 -0.261045 20.999149 -6.201076 -0.017716 -3.663887 -26.405204 -22.411173 4.337567 43.694993 8.343386 18.504134 8.298044 0.000000 0.000000 0.000000 -0.338082 1.093073 -16.979759 14.931356 -20.104144 64.277402 1.374315 -3.695926 17.675171 0.000000 0.000000 0.000000 -4.260189 -1.869202 29.343726 -4.897985 1.723860 -32.426946 7.042847 32.023239 27.416365 19.526549 -6.759328 -17.224279 0.000000 0.000000 0.000000 -3.631912 -11.950410 0.061252 -32.300314 -10.779284 -0.632977 154.531545 -59.043890 -158.896957 0.000000 0.000000 0.000000 1.048664 15.720910 7.943528 36.874719 59.584518 21.234419 -130.841859 62.378824 -81.056796 0.000000 0.000000 0.000000 
-1.467162 0.885449 1.600663 -3.346697 21.969581 -12.248507 -0.622047 -1.864108 -15.853320 -19.055753 2.411626 38.568328 15.737483 28.815757 7.988116 0.000000 0.000000 0.000000 -9.111331 -1.626816 -26.317846 7.720665 -20.906821 89.280700 2.147607 -3.546464 17.038834 0.000000 0.000000 0.000000 -1.514377 -3.000046 31.360179 -1.212003 1.279107 -31.114072 4.086761 25.597962 25.599453 15.551965 -8.215660 -9.241275 0.000000 0.000000 0.000000 1.391183 -12.101767 3.206992 -21.288792 -14.335557 -0.047325 131.162964 -53.167344 -116.729373 0.000000 0.000000 0.000000 8.865078 13.491558 10.045220 33.513528 57.286174 15.003923 -124.874475 70.764694 -87.422935 0.000000 0.000000 0.000000 
-1.457567 0.898458 1.630708 -8.532445 24.839338 -19.280679 1.009018 -0.692443 -7.945556 -13.406199 -0.193392 36.000194 19.398700 32.030653 15.043093 0.000000 0.000000 0.000000 -13.910468 -5.839879 -36.108669 -1.499127 -11.543650 104.409564 2.484435 -1.043424 11.347989 0.000000 0.000000 0.000000 0.746754 -4.409812 33.327966 4.654153 0.128966 -26.221102 2.656651 17.764135 23.489552 11.475274 -5.401801 -8.898134 0.000000 0.000000 0.000000 5.884749 -13.524877 5.272189 -11.770820 -20.186605 -0.233393 115.442208 -41.056725 -80.788195 0.000000 0.000000 0.000000 14.290383 13.207071 11.305110 28.845272 52.801504 8.904996 -113.371776 77.108179 -85.351615 0.000000 0.000000 0.000000 
-1.447986 0.920482 1.652310 -12.858208 29.209999 -21.506790 4.783224 -0.622715 -8.176354 -15.377789 -0.757081 38.971104 18.451071 30.750770 18.448506 0.000000 0.000000 0.000000 -15.413960 -8.800495 -39.573256 -6.955952 -5.517553 99.239912 0.433751 -1.409234 4.279255 0.000000 0.000000 0.000000 5.065546 -5.868100 32.126194 9.115066 -0.883714 -26.670501 3.482758 11.742410 21.832272 7.563015 -4.513043 -3.208739 0.000000 0.000000 0.000000 9.469028 -17.894348 6.806118 -1.200933 -24.509635 -1.952096 102.579568 -30.124762 -54.021274 0.000000 0.000000 0.000000 13.726397 12.340560 10.063692 28.751615 44.066648 5.722287 -85.709102 84.013613 -66.000532 0.000000 0.000000 0.000000 
-1.441630 0.938573 1.664141 -12.611538 26.047815 -21.011873 11.214787 -0.719866 -12.883776 -25.234287 3.140123 43.093647 17.168660 28.848934 32.092746 0.000000 0.000000 0.000000 -14.364200 -6.455750 -36.208241 -1.883480 -8.560140 80.159739 -0.148578 -4.474607 10.756117 0.000000 0.000000 0.000000 5.575217 -6.119511 33.710854 10.712375 -1.385033 -27.854107 8.999973 11.470911 22.926345 3.928307 -1.115173 -3.113226 0.000000 0.000000 0.000000 14.195370 -15.132936 6.921096 3.729240 -29.251892 -3.890109 100.091890 -19.529583 -39.904586 0.000000 0.000000 0.000000 7.975050 16.542867 9.267774 30.099294 36.718646 4.542457 -63.835876 80.638517 -43.232599 0.000000 0.000000 0.000000 
-1.435906 0.934799 1.671152 -9.226934 25.797241 -15.663443 12.433083 -1.113531 -20.025459 -23.724799 3.032862 35.829778 16.584768 27.049765 49.826980 0.000000 0.000000 0.000000 -15.948534 -5.098309 -28.583775 7.113654 -12.070651 59.658233 -1.945100 -8.575081 19.454039 0.000000 0.000000 0.000000 5.100810 -5.476597 32.440029 13.247139 -2.236077 -26.011946 9.270260 13.664336 22.000179 3.129147 -0.900055 -1.649209 0.000000 0.000000 0.000000 16.964620 -10.075895 6.989766 15.694031 -30.247072 -7.660260 96.975052 -7.451780 -25.018211 0.000000 0.000000 0.000000 9.703531 18.239639 11.167973 27.641791 34.471493 3.120978 -64.906310 70.590617 -36.892920 0.000000 0.000000 0.000000 
-1.429028 0.912388 1.681702 -5.949422 20.855420 -11.469319 13.820834 -0.851406 -21.792487 -13.469041 1.266823 22.878949 15.115731 27.749513 36.997811 0.000000 0.000000 0.000000 -14.887785 -2.308864 -17.593827 11.961269 -9.449140 41.938662 -6.653958 -15.526604 19.214040 0.000000 0.000000 0.000000 4.421708 -4.061198 29.455411 8.469901 -1.031502 -23.456373 17.376024 19.428694 22.302278 1.057244 2.143231 -5.237600 0.000000 0.000000 0.000000 17.282779 -13.456005 7.973287 22.978029 -28.676984 -10.154716 98.686083 -1.648487 -18.830029 0.000000 0.000000 0.000000 8.130674 15.708073 9.778888 25.724745 29.245754 1.761493 -78.841500 67.088048 -43.893996 0.000000 0.000000 0.000000 
-1.421058 0.870637 1.698619 -1.983513 13.590067 -10.954018 16.812487 0.083139 -19.979006 -13.642883 2.012868 20.900801 18.948274 32.784117 14.383279 0.000000 0.000000 0.000000 -15.553110 -1.378849 -11.769908 10.701510 -5.970567 37.598280 -7.758431 -18.695989 3.705676 0.000000 0.000000 0.000000 0.777574 -2.906741 32.270472 12.959293 -2.423079 -25.918641 14.492928 26.562826 29.835076 6.406562 0.934114 -12.227890 0.000000 0.000000 0.000000 19.928813 -4.826327 7.717568 25.015267 -30.206774 -11.792038 106.604558 2.120348 -19.423321 0.000000 0.000000 0.000000 11.623901 15.752683 11.813296 20.433488 35.951912 1.698864 -93.104126 61.542701 -49.709165 0.000000 0.000000 0.000000 
-1.416517 0.843549 1.716111 1.768036 8.762406 -8.569268 18.119832 0.704527 -22.187751 -22.037028 5.484886 27.075704 23.780204 39.187865 12.486734 0.000000 0.000000 0.000000 -15.155476 -0.935811 -12.755077 5.361190 -2.208886 37.524694 -7.924877 -20.084177 -9.972052 0.000000 0.000000 0.000000 -2.311430 -1.493691 32.207756 10.230266 -1.917887 -24.047801 11.099975 23.649031 25.996199 2.172288 4.431023 -19.868219 0.000000 0.000000 0.000000 16.823832 -1.926064 5.583422 22.870827 -35.137248 -11.977812 112.914407 -8.148832 -29.566486 0.000000 0.000000 0.000000 10.094852 18.054490 11.435134 25.231141 40.231584 4.034347 -101.063713 62.381990 -57.057836 0.000000 0.000000 0.000000 
-1.417185 0.855257 1.737540 2.074462 6.989208 -6.246152 19.556389 1.145916 -24.247961 -23.859458 7.072099 31.318942 22.048414 37.438898 11.409224 0.000000 0.000000 0.000000 -16.507415 -1.092639 -15.473363 7.421629 -3.071482 39.692053 -6.955550 -16.878107 -6.255196 0.000000 0.000000 0.000000 -2.433695 -1.033634 27.729171 8.514110 -1.604697 -22.513357 7.726903 17.697416 24.621816 -3.084089 6.648599 -20.082327 0.000000 0.000000 0.000000 8.503822 -3.372742 3.025691 3.505306 -43.511154 -7.105130 126.707958 -33.319914 -71.403897 0.000000 0.000000 0.000000 7.313621 18.408585 9.683999 32.364209 41.092889 6.423092 -127.067863 69.699266 -91.299281 0.000000 0.000000 0.000000 
-1.422576 0.890881 1.766633 0.865877 5.139513 -4.437451 20.919597 1.389513 -22.073328 -22.854859 7.797658 36.008104 15.287295 28.519391 9.588126 0.000000 0.000000 0.000000 -15.759028 -0.973459 -19.390059 9.882886 -4.556007 45.451778 -5.566183 -14.355522 5.378602 0.000000 0.000000 0.000000 -1.399759 -0.913912 23.198801 5.899246 -0.935634 -21.874557 2.992122 15.008812 21.826952 2.571518 2.399961 -19.943638 0.000000 0.000000 0.000000 7.735696 -8.786541 3.934356 -23.472376 -38.875809 1.117352 138.020111 -47.580225 -104.646042 0.000000 0.000000 0.000000 3.311230 13.959482 6.205160 48.410530 38.781483 11.187752 174.480458 67.411555 -166.214590 0.000000 0.000000 0.000000 
-1.427879 0.919580 1.798513 -0.142631 4.300169 -3.902884 20.576137 1.128515 -18.322118 -25.112290 8.797136 35.297102 5.773799 14.387667 13.568678 0.000000 0.000000 0.000000 -14.123852 -0.689319 -21.925930 12.107481 -6.577327 52.879830 -5.427887 -14.769185 11.325292 0.000000 0.000000 0.000000 -0.888990 -0.780469 19.205067 1.223336 0.348089 -22.380672 1.513467 13.805809 18.698563 5.022676 0.014214 -16.608225 0.000000 0.000000 0.000000 -1.037323 -13.871141 4.050697 -32.787181 -31.651866 2.776962 143.062687 -62.705977 -127.253710 0.000000 0.000000 0.000000 1.490753 12.764196 5.171324 59.032250 35.506069 13.700665 155.873016 58.283240 160.929276 0.000000 0.000000 0.000000 
-1.425776 0.933364 1.826534 -2.138929 7.331733 -3.720322 13.478295 -0.051831 -16.031389 -22.225834 6.239738 30.915377 6.865661 16.298550 13.830183 0.000000 0.000000 0.000000 -14.250303 -1.061684 -23.410537 14.075427 -10.817847 62.268848 -6.234338 -16.079221 9.929012 0.000000 0.000000 0.000000 0.499660 -0.958162 16.884350 1.470439 0.424393 -25.140027 -1.421416 16.388177 21.284889 6.943120 -0.489791 -17.114180 0.000000 0.000000 0.000000 -8.231608 -18.050089 3.988720 -38.029777 -25.756493 2.423519 153.703410 -70.470717 -150.178923 0.000000 0.000000 0.000000 0.557859 12.493063 5.026434 70.585880 36.972628 20.554162 151.678683 53.096417 155.380384 0.000000 0.000000 0.000000 
-1.418499 0.926998 1.843867 -3.689954 10.452988 -5.440441 5.605600 -0.666899 -11.343258 -15.770272 3.067964 25.410999 14.568751 27.100333 12.021178 0.000000 0.000000 0.000000 -15.102721 -1.948578 -26.957592 9.753750 -12.118569 80.005787 -7.165557 -17.766124 6.766334 0.000000 0.000000 0.000000 1.999364 -1.256972 16.892646 -1.708261 1.255340 -24.818719 -0.783696 16.842791 21.785676 9.716369 -1.118276 -21.201785 0.000000 0.000000 0.000000 -6.841947 -17.146105 3.503559 -51.320738 -25.781623 2.821154 179.471906 -74.365547 172.392333 0.000000 0.000000 0.000000 0.947991 15.156773 6.329416 77.385620 43.134032 30.081766 156.680667 59.284390 167.758470 0.000000 0.000000 0.000000 
-1.413062 0.910374 1.848064 -5.509401 16.423267 -7.192284 3.142279 -0.866820 -11.042430 -11.831947 1.210440 26.550795 16.911209 30.279884 7.565474 0.000000 0.000000 0.000000 -14.000294 -3.328499 -33.932896 -0.836326 -5.569405 97.392132 -6.008961 -15.526952 5.364222 0.000000 0.000000 0.000000 3.139189 -2.032106 20.291032 -3.259570 1.690865 -26.023363 -0.155591 19.354527 23.155604 10.270718 0.849513 -27.803430 0.000000 0.000000 0.000000 -6.043224 -19.265245 3.336905 -60.226844 -27.286035 3.325302 -154.141867 -67.746002 127.535754 0.000000 0.000000 0.000000 1.835100 17.645606 8.153984 79.020586 49.708965 38.440323 173.704230 68.260700 -162.341168 0.000000 0.000000 0.000000 
-1.409687 0.905267 1.847249 -6.027886 25.309367 -8.494513 -0.510903 -1.112757 -10.910266 -9.035799 -0.557435 27.242470 19.618342 33.058622 4.885808 0.000000 0.000000 0.000000 -14.226459 -6.409941 -39.519055 -12.775919 7.006849 105.355160 -1.024689 -1.296704 -2.173294 0.000000 0.000000 0.000000 3.764370 -3.281841 24.372214 -3.772240 1.908556 -26.411343 -0.620280 18.654855 24.500234 11.671156 1.591678 -33.167006 0.000000 0.000000 0.000000 -5.546569 -20.841327 3.203059 -67.670314 -30.940615 4.310613 -145.133383 -56.751093 99.848778 0.000000 0.000000 0.000000 2.566107 22.147725 10.937293 74.361618 54.007574 39.331592 -155.774777 69.269090 -119.184523 0.000000 0.000000 0.000000 
-1.405700 0.907113 1.851592 -6.302036 33.074684 -8.155429 -1.129140 -1.103697 -10.653499 -7.304889 -1.489962 25.511074 15.414819 26.085900 1.684533 0.000000 0.000000 0.000000 -11.784706 -8.458936 -44.024534 -25.746837 18.264630 97.542928 2.557272 14.450605 -8.237819 0.000000 0.000000 0.000000 4.798207 -4.108626 24.853844 -3.726871 2.001922 -26.284272 -0.550940 17.968738 24.772198 12.252924 2.375675 -37.342576 0.000000 0.000000 0.000000 -7.445177 -23.368692 2.661306 -65.585942 -34.547392 6.221993 -143.141566 -51.328475 86.888947 0.000000 0.000000 0.000000 5.715522 20.940933 12.767390 71.790852 52.016708 35.242636 -163.298286 72.314950 -129.482569 0.000000 0.000000 0.000000 
-1.401892 0.916346 1.863951 -9.211784 41.897903 -9.331646 1.571404 -1.015108 -10.628742 -7.975986 -1.546720 22.104613 13.463676 22.975811 5.262999 0.000000 0.000000 0.000000 -9.498087 -9.348151 -42.731378 -33.629130 16.121006 84.992986 7.667709 24.985529 -5.847524 0.000000 0.000000 0.000000 6.141466 -4.616624 23.426327 -2.217365 1.868438 -25.228315 -1.338851 14.320734 23.514212 9.705090 3.702833 -34.566031 0.000000 0.000000 0.000000 -6.965278 -25.604640 2.795305 -63.400269 -38.773780 7.958803 -147.402598 -49.328957 86.635596 0.000000 0.000000 0.000000 4.103511 20.531016 12.184180 75.081530 45.858340 32.958136 172.524574 75.569177 -161.473636 0.000000 0.000000 0.000000 
-1.398822 0.929758 1.882691 -14.989437 56.116286 -13.830070 5.795617 -1.302187 -10.925963 -10.765534 -1.991902 20.192363 8.037563 15.798687 7.694626 0.000000 0.000000 0.000000 -8.638603 -9.193820 -34.256152 -33.759771 3.555358 77.174885 15.037451 27.353331 6.263227 0.000000 0.000000 0.000000 6.524686 -4.063229 19.299822 -1.124926 1.849281 -25.863925 -0.975656 5.529264 24.948467 8.607036 4.538637 -33.295732 0.000000 0.000000 0.000000 -6.080891 -28.983701 3.854522 -59.017638 -43.605980 8.337221 -156.820088 -56.285842 110.116812 0.000000 0.000000 0.000000 1.470936 15.606782 8.448367 79.595747 33.127999 26.425629 132.873373 70.487259 147.294170 0.000000 0.000000 0.000000 
-1.396974 0.935244 1.905234 -20.894110 68.366186 -18.399906 10.965838 -2.742086 -15.711794 -18.690712 -3.190639 20.861727 7.569314 17.231374 13.375906 0.000000 0.000000 0.000000 -6.284002 -4.982727 -21.243576 -22.584882 -12.153088 64.942921 16.126595 24.419828 11.356568 0.000000 0.000000 0.000000 5.540760 -2.476751 14.136150 -0.906776 2.095498 -25.315042 -2.794385 0.405810 25.200856 6.750136 5.727972 -29.790090 0.000000 0.000000 0.000000 -4.208624 -30.424135 3.942586 -53.344134 -51.604879 7.364099 -170.009874 -67.203934 139.188223 0.000000 0.000000 0.000000 6.090146 11.056355 9.700738 74.797929 22.793464 14.498744 118.489215 59.136209 121.658291 0.000000 0.000000 0.000000 
-1.392927 0.924798 1.928695 -19.278055 74.062031 -16.819205 17.624324 -4.846805 -20.154265 -31.920212 -5.742102 17.258666 24.405295 32.340756 24.629376 0.000000 0.000000 0.000000 -1.341080 -0.839551 -8.169001 -6.555981 -14.762091 41.686726 4.310271 7.778497 6.731053 0.000000 0.000000 0.000000 2.202664 -0.943220 9.827683 -3.511304 2.545656 -23.214277 -0.551077 0.525022 26.224344 3.485124 7.987143 -29.618126 0.000000 0.000000 0.000000 3.164874 -27.871308 5.632841 -42.873457 -66.569659 -1.124996 165.310775 -71.253920 -179.476785 0.000000 0.000000 0.000000 9.410675 10.139222 12.402087 65.247857 18.923466 6.749939 123.171124 53.177812 123.889374 0.000000 0.000000 0.000000 
-1.383590 0.898191 1.947501 -19.334535 78.735255 -17.565096 19.712299 -5.885532 -22.041629 -36.498225 -8.352922 13.313107 39.693004 38.803196 38.974738 0.000000 0.000000 0.000000 -0.020637 -0.821469 1.197665 3.210729 -14.041383 28.160758 -2.319793 -10.201813 -1.186363 0.000000 0.000000 0.000000 0.070349 -0.407112 7.714536 -4.536960 2.589299 -23.971067 0.124551 4.051518 26.918118 6.455804 7.302805 -27.670721 0.000000 0.000000 0.000000 3.266211 -23.714191 3.672407 -33.462304 -74.829692 -9.396360 163.614264 -76.404293 -172.879028 0.000000 0.000000 0.000000 15.652962 7.021100 16.546043 52.369488 19.076978 1.513033 132.747947 50.947441 135.674941 0.000000 0.000000 0.000000 
-1.369777 0.877605 1.954883 -10.673791 78.874815 -10.687400 18.880730 -5.664074 -22.130889 -38.887927 -8.456192 15.779522 45.476326 39.522293 48.715768 0.000000 0.000000 0.000000 -1.043437 -1.653072 5.623709 3.737017 -13.803295 27.372153 -0.845444 -12.104688 -7.629947 0.000000 0.000000 0.000000 -0.023632 -0.528215 8.672035 -6.333923 2.369053 -25.280071 0.562748 11.491592 25.905706 9.039540 6.548099 -27.485515 0.000000 0.000000 0.000000 3.683795 -23.102617 3.076072 -26.492475 -75.232090 -15.242439 161.913098 -73.299604 -169.221778 0.000000 0.000000 0.000000 16.745286 5.562074 18.165398 48.816414 25.760996 4.021774 143.667433 59.024598 159.734480 0.000000 0.000000 0.000000 
-1.350674 0.873109 1.949954 -3.636205 78.327982 -5.168453 14.203529 -4.303320 -20.026641 -37.084597 -7.174631 20.529518 43.609684 42.113460 37.031669 0.000000 0.000000 0.000000 -3.467374 -2.507956 7.958004 2.953385 -14.786468 30.185347 -0.130341 -9.678123 -8.558619 0.000000 0.000000 0.000000 0.343364 -0.502371 8.270314 -5.773600 2.408187 -25.024898 2.993161 16.662136 26.084381 8.704480 6.957302 -26.742030 0.000000 0.000000 0.000000 1.358332 -23.264369 0.521402 -37.626132 -70.481971 -5.478548 171.901091 -66.566520 177.012926 0.000000 0.000000 0.000000 14.464255 5.063676 17.213857 50.092064 29.450543 7.560884 152.634987 68.619388 178.205996 0.000000 0.000000 0.000000 
-1.330023 0.879811 1.938339 3.392045 77.471811 1.878765 8.586840 -3.394631 -19.498124 -33.715628 -6.047490 26.080567 35.843668 40.981844 23.853620 0.000000 0.000000 0.000000 -11.151403 -3.880964 2.391686 -3.889952 -19.585966 45.501548 5.410120 10.114584 1.235763 0.000000 0.000000 0.000000 0.291788 -0.494496 8.153355 -3.637486 2.453855 -24.074468 2.645181 17.974653 25.162990 9.091565 6.402050 -26.007691 0.000000 0.000000 0.000000 -0.266453 -21.810582 -1.294273 -45.256205 -62.894390 0.954927 -177.462953 -61.562294 156.595938 0.000000 0.000000 0.000000 14.121554 3.880407 16.286394 54.752299 31.258602 10.574989 141.999086 77.184873 166.134713 0.000000 0.000000 0.000000 
-1.314435 0.888953 1.929075 10.165999 78.969426 7.558229 3.677160 -2.715971 -18.010378 -27.176472 -5.825168 29.759609 25.386245 33.224219 14.882228 0.000000 0.000000 0.000000 -15.716120 -6.564579 -5.319203 -23.497173 -17.710644 68.659500 17.649873 27.915537 11.448795 0.000000 0.000000 0.000000 2.433780 -1.114533 10.600279 -3.621440 2.506532 -23.132233 1.107443 15.259449 22.112602 6.528149 5.936154 -21.598611 0.000000 0.000000 0.000000 -0.872146 -23.116284 -0.452586 -47.266858 -58.392905 2.420255 -175.856746 -60.096914 149.820096 0.000000 0.000000 0.000000 12.425833 6.911610 16.127135 57.750242 29.377985 11.227559 129.724159 77.845716 150.788853 0.000000 0.000000 0.000000 
-1.305807 0.898690 1.929577 20.845904 82.541845 17.804510 0.685291 -1.893852 -14.962139 -18.423302 -5.831573 28.160029 14.204739 19.266916 5.634255 0.000000 0.000000 0.000000 -17.208929 -10.838037 -14.384004 -45.389216 -4.927748 85.617752 30.673547 42.094890 19.594055 0.000000 0.000000 0.000000 3.111093 -1.551069 12.070268 -2.920682 2.489804 -22.471108 -0.478231 12.311683 22.219800 6.354290 6.089717 -21.920603 0.000000 0.000000 0.000000 -0.786360 -22.978818 -0.199502 -40.941267 -58.540960 0.554901 -174.548802 -63.711833 148.286467 0.000000 0.000000 0.000000 14.757289 6.898377 17.908223 57.474293 30.246147 10.497728 111.828993 71.530022 123.351994 0.000000 0.000000 0.000000 
-1.301621 0.917325 1.941722 41.425582 87.399509 39.699470 1.053239 -1.233207 -11.700807 -11.098212 -4.459044 21.098111 6.528822 6.912367 2.943729 0.000000 0.000000 0.000000 -13.917694 -14.539059 -24.078061 -56.489610 4.049538 87.915065 36.784982 47.567115 24.202593 0.000000 0.000000 0.000000 4.097926 -1.907715 12.585989 -3.043480 2.480280 -21.722658 -1.196909 9.479494 19.872512 4.010214 6.781637 -21.572829 0.000000 0.000000 0.000000 -0.623013 -21.383081 -0.431217 -40.076341 -58.037748 0.525551 -174.699758 -67.455908 149.670949 0.000000 0.000000 0.000000 12.889790 6.385584 16.063117 59.586967 28.698549 11.644178 112.181247 70.090793 123.431282 0.000000 0.000000 0.000000 
-1.300719 0.944911 1.963796 173.197892 83.275001 172.517820 2.577068 -1.527323 -12.045012 -8.266919 -3.827801 16.179714 -2.635902 4.629302 13.384435 0.000000 0.000000 0.000000 -9.144185 -16.271331 -29.011189 -59.938560 1.050233 84.020066 38.158220 45.528231 25.972191 0.000000 0.000000 0.000000 3.849923 -2.316240 13.810937 -0.897559 2.150369 -24.740968 -2.361648 7.944574 21.835976 3.488350 6.474804 -19.828416 0.000000 0.000000 0.000000 -2.031726 -22.325030 -3.270411 -41.751171 -49.256781 2.157515 -163.217293 -65.175110 126.921520 0.000000 0.000000 0.000000 10.776404 4.852132 15.257497 57.932167 24.257051 9.878247 126.748964 68.047721 143.407737 0.000000 0.000000 0.000000 
-1.300205 0.974735 1.989974 177.778386 75.040304 178.866470 2.854815 -2.253827 -14.780502 -5.599238 -3.453396 13.096160 -8.929497 6.229053 23.543619 0.000000 0.000000 0.000000 -6.778033 -15.863514 -28.144220 -49.985417 -10.178868 74.029726 33.385274 32.356558 28.815391 0.000000 0.000000 0.000000 3.564153 -2.387900 14.062875 -2.605185 2.135949 -23.864110 -0.812509 6.429113 20.361957 1.707317 6.326875 -18.454306 0.000000 0.000000 0.000000 -1.653238 -20.949747 -5.142912 -41.204208 -37.763622 1.938791 -159.217618 -60.014062 112.489067 0.000000 0.000000 0.000000 8.986478 2.629758 13.952915 54.394401 21.534194 8.110936 137.231236 66.522130 160.625187 0.000000 0.000000 0.000000 
-1.296762 0.991902 2.013876 179.384675 66.460922 -178.793462 6.184046 -4.687257 -20.484502 -10.176913 -5.854024 17.403907 -7.954359 7.854886 26.876897 0.000000 0.000000 0.000000 -6.511282 -12.592303 -21.438450 -28.243832 -20.211772 55.784656 20.038272 19.849992 21.901886 0.000000 0.000000 0.000000 4.002915 -2.572390 13.972865 -0.835997 1.948996 -26.358008 -1.706715 8.559848 25.267456 2.135240 4.779582 -18.508936 0.000000 0.000000 0.000000 -1.860225 -18.935601 -10.534400 -40.569622 -22.876974 0.531583 -154.828854 -52.841596 97.842756 0.000000 0.000000 0.000000 9.714080 3.737528 20.396633 43.889828 23.143573 5.629841 170.039133 65.740050 -149.539818 0.000000 0.000000 0.000000 
-1.288690 0.977245 2.031994 175.615289 60.794622 178.696409 12.197895 -11.342535 -32.791279 -32.344527 -13.669846 36.942122 11.859030 18.754474 20.950728 0.000000 0.000000 0.000000 -8.267123 -10.645280 -13.805782 -12.121358 -19.502503 37.740629 16.787270 14.157155 15.905695 0.000000 0.000000 0.000000 2.070486 -1.941692 13.246093 -1.810394 1.879344 -23.730255 0.261099 12.154112 24.457396 -0.075760 3.166782 -19.583648 0.000000 0.000000 0.000000 -4.696638 -16.484018 -19.963924 -35.634491 -6.048985 -1.168090 -149.072198 -46.047999 88.799722 0.000000 0.000000 0.000000 3.904285 3.466431 19.327100 37.855903 17.950493 4.504980 -172.451143 55.694168 -106.849686 0.000000 0.000000 0.000000 
-1.279534 0.945894 2.042462 174.917022 56.593060 175.350806 19.210063 -16.089126 -39.610731 -63.827975 -14.963555 51.943037 38.143745 43.807757 32.146586 0.000000 0.000000 0.000000 -8.031976 -8.559687 -7.066785 -11.407502 -19.747102 34.560863 14.202639 8.963198 4.855508 0.000000 0.000000 0.000000 3.080039 -3.638165 16.975596 -6.914059 -0.076829 -28.248968 7.076778 17.287179 27.892052 -0.136950 0.751476 -19.713949 0.000000 0.000000 0.000000 -5.565535 -14.242702 -30.936813 -28.850835 8.432862 -3.500804 -147.605224 -37.686073 87.611308 0.000000 0.000000 0.000000 -1.274957 1.920846 19.557383 30.033096 18.932313 4.994271 -158.872977 46.829970 -63.641432 0.000000 0.000000 0.000000 
-1.272419 0.922723 2.042955 174.197204 55.357554 172.755140 19.729349 -16.758860 -40.433621 -78.658843 -12.128925 58.465255 53.297675 51.231983 49.885945 0.000000 0.000000 0.000000 -8.270606 -7.920495 -2.785443 -10.355996 -19.277459 32.459241 14.915513 4.809213 -8.721741 0.000000 0.000000 0.000000 3.442463 -4.946792 19.356572 -6.591260 -0.341519 -29.949705 8.587236 22.797739 29.585529 2.392473 -0.334379 -21.265273 0.000000 0.000000 0.000000 -6.385467 -12.343291 -38.580264 -24.411261 18.741411 -4.755075 -146.222271 -31.706986 85.164288 0.000000 0.000000 0.000000 -1.220454 -0.364102 22.104239 20.342433 26.360495 5.341158 -148.835440 40.430670 -36.213393 0.000000 0.000000 0.000000 
-1.266189 0.919906 2.033627 174.761461 54.728141 171.978854 15.882468 -14.742686 -36.981184 -69.792975 -12.935183 61.768710 37.394810 40.746366 44.203614 0.000000 0.000000 0.000000 -9.055092 -8.216762 0.307342 -10.847038 -19.230789 32.221287 16.838075 5.882550 -9.182555 0.000000 0.000000 0.000000 5.254593 -5.075522 18.450666 -8.237953 -0.849449 -29.109837 10.394172 24.595132 29.654047 6.658146 -1.799706 -19.381834 0.000000 0.000000 0.000000 -5.791322 -12.434002 -41.664750 -22.933668 27.116030 -6.241508 -146.571066 -25.469003 76.750228 0.000000 0.000000 0.000000 -2.178308 1.464854 26.300147 17.024197 32.304419 6.918731 -144.333018 33.467190 -15.691005 0.000000 0.000000 0.000000 
-1.261110 0.922465 2.016826 173.702766 54.961166 171.199372 12.641208 -12.054579 -32.584623 -53.878695 -16.198712 54.293614 25.050984 30.017050 42.032412 0.000000 0.000000 0.000000 -11.794245 -10.313848 -0.680145 -11.866696 -19.240669 33.607101 15.180965 6.279334 -4.712413 0.000000 0.000000 0.000000 5.868329 -3.353921 14.614025 -7.028877 -0.441063 -29.574700 11.414557 24.898729 32.289417 9.237294 -2.260495 -20.461865 0.000000 0.000000 0.000000 -2.799367 -13.438594 -43.735323 -29.124342 33.518653 -11.366306 -145.197508 -23.203419 68.034232 0.000000 0.000000 0.000000 -4.260427 0.592921 29.552764 17.185197 42.425824 11.898590 -142.849622 27.938102 4.630416 0.000000 0.000000 0.000000 
-1.257491 0.917875 1.995484 173.497576 54.533621 170.681908 5.611345 -6.780520 -24.105891 -30.684349 -16.667176 43.716422 18.264094 20.099464 33.321170 0.000000 0.000000 0.000000 -13.934521 -12.335607 -1.533860 -15.066196 -19.992401 36.941626 19.771599 11.898306 -2.045551 0.000000 0.000000 0.000000 7.929349 -3.325084 12.734514 -7.958107 -0.769789 -29.149483 11.115772 25.653044 32.223226 11.886898 -3.815482 -19.461265 0.000000 0.000000 0.000000 -0.532183 -15.646668 -42.830035 -37.332262 35.504348 -17.242043 -145.986272 -20.913754 64.633999 0.000000 0.000000 0.000000 -5.132866 -0.908673 30.004565 18.815446 50.281382 17.376126 -143.246235 23.011796 21.864107 0.000000 0.000000 0.000000 
-1.256705 0.905642 1.974749 172.068238 57.613006 169.541489 1.679454 -3.531251 -18.114726 -20.435089 -13.910058 35.618655 23.375964 16.817689 27.006263 0.000000 0.000000 0.000000 -15.182122 -14.442451 -6.419546 -24.244411 -20.022883 45.703970 24.455876 20.082691 1.081754 0.000000 0.000000 0.000000 8.795015 -3.097221 11.290230 -6.955748 0.059929 -28.116475 9.156729 25.253449 29.608413 11.086797 -2.773839 -18.735939 0.000000 0.000000 0.000000 -0.959931 -16.104886 -35.645825 -45.479605 27.742992 -19.050779 -152.998707 -26.068187 100.795360 0.000000 0.000000 0.000000 -1.300259 0.125099 28.452290 17.644027 55.314841 17.169639 -140.305343 20.573280 24.033707 0.000000 0.000000 0.000000 
-1.259752 0.889166 1.964370 172.977068 56.889129 168.442895 -1.260897 -1.752477 -13.688782 -14.175823 -13.040786 33.447890 32.113526 15.113205 18.664062 0.000000 0.000000 0.000000 -15.795410 -17.629896 -10.950460 -41.848102 -19.382929 59.856580 33.074322 30.579095 9.846816 0.000000 0.000000 0.000000 8.157149 -3.810146 13.770329 -4.124821 0.654418 -29.858026 6.449730 22.333261 31.449798 14.280023 2.672136 -25.647548 0.000000 0.000000 0.000000 -2.477944 -17.816070 -33.008387 -49.136930 13.919656 -13.667136 -157.826708 -32.218883 131.556391 0.000000 0.000000 0.000000 2.803559 -4.265787 23.834585 22.418423 60.792272 21.319445 -140.598723 23.305681 16.843074 0.000000 0.000000 0.000000 
-1.262874 0.885475 1.966174 172.106471 62.364399 166.942136 -2.125403 -0.896820 -10.540710 -9.486802 -10.472042 29.690909 35.649170 16.944067 16.717963 0.000000 0.000000 0.000000 -13.003723 -21.005349 -21.681455 -62.490721 -9.445604 67.767226 53.028428 36.296044 39.201362 0.000000 0.000000 0.000000 5.371878 -3.507689 15.645900 0.461477 2.262402 -25.804801 2.225033 19.004033 23.760577 7.987775 0.032662 -16.477622 0.000000 0.000000 0.000000 -5.820554 -18.328196 -23.710875 -45.700426 1.213438 -4.911301 -170.159852 -42.389341 158.424485 0.000000 0.000000 0.000000 3.955970 1.567836 19.215775 33.464130 55.774221 23.505793 -136.757465 28.095633 -4.219027 0.000000 0.000000 0.000000 
-1.263430 0.895118 1.977189 175.599314 62.631857 171.033094 0.140650 -1.255679 -10.754390 -7.522034 -9.237926 27.154821 33.857584 14.079810 17.321770 0.000000 0.000000 0.000000 -9.001677 -21.892774 -27.253153 -63.873811 -8.248205 66.940592 55.854679 33.432221 45.038713 0.000000 0.000000 0.000000 5.622775 -4.454912 17.377718 0.218550 1.845891 -29.347297 2.396411 12.547047 26.019035 6.601086 5.480804 -23.129632 0.000000 0.000000 0.000000 -4.121254 -15.652675 -19.717292 -50.140171 -3.971426 -5.524642 -179.055809 -47.730278 169.238061 0.000000 0.000000 0.000000 4.479544 0.805946 15.944228 46.478570 55.270820 30.946077 -138.823251 30.518605 -10.212033 0.000000 0.000000 0.000000 
