# This is a clothes file for MakeHuman Community, exported by MakeClothes 2
#
# author: WojackOWL
# license: CC-BY
#
v -0.0652 1.5358 0.0856
v -0.0687 1.5648 0.0698
v -0.0723 1.5566 0.0540
v -0.0688 1.5295 0.0690
v -0.0666 1.5443 0.0814
v -0.0715 1.5634 0.0645
v -0.0726 1.5481 0.0535
v -0.0667 1.5311 0.0728
v -0.0677 1.5456 0.0806
v -0.0708 1.5630 0.0654
v -0.0720 1.5507 0.0521
v -0.0687 1.5346 0.0671
v -0.0192 1.6317 0.1169
v -0.0418 1.6131 0.1187
v -0.0309 1.6185 0.1236
v -0.0513 1.6062 0.1108
v -0.0582 1.5975 0.1005
v -0.0655 1.5738 0.0815
v -0.0625 1.5868 0.0906
v -0.0638 1.5905 0.0841
v -0.0730 1.5669 0.0353
v -0.0505 1.6307 -0.0012
v -0.0406 1.6386 -0.0063
v -0.0693 1.5939 0.0240
v -0.0659 1.6064 0.0153
v -0.0733 1.5556 0.0382
v -0.0709 1.5465 0.0651
v -0.0687 1.5586 0.0721
v -0.0738 1.5570 0.0429
v -0.0729 1.5535 0.0337
v -0.0722 1.5482 0.0288
v -0.0667 1.5305 0.0232
v -0.0693 1.5372 0.0248
v -0.0597 1.6282 0.0273
v -0.0394 1.6498 0.0208
v -0.0004 1.6590 0.0188
v -0.0499 1.6415 0.0236
v -0.0011 1.6613 0.0496
v -0.0005 1.6582 0.0741
v -0.0335 1.6506 0.0720
v -0.0513 1.4910 0.0189
v -0.0457 1.4860 0.0107
v -0.0387 1.4818 0.0022
v -0.0307 1.4783 -0.0047
v -0.0222 1.4753 -0.0095
v -0.0581 1.5005 0.0263
v 0.0031 1.4716 -0.0147
v -0.0639 1.5250 0.0183
v -0.0592 1.5252 0.0072
v -0.0535 1.5258 -0.0032
v -0.0462 1.5254 -0.0137
v -0.0374 1.5235 -0.0217
v -0.0276 1.5214 -0.0271
v 0.0006 1.5197 -0.0357
v -0.0663 1.5316 0.0185
v -0.0615 1.5338 0.0043
v -0.0557 1.5352 -0.0069
v -0.0483 1.5365 -0.0181
v -0.0395 1.5367 -0.0263
v -0.0300 1.5363 -0.0323
v 0.0009 1.5360 -0.0413
v -0.0686 1.5395 0.0193
v -0.0634 1.5446 0.0019
v -0.0576 1.5472 -0.0103
v -0.0498 1.5496 -0.0217
v -0.0410 1.5513 -0.0304
v -0.0317 1.5524 -0.0367
v 0.0016 1.5530 -0.0454
v -0.0714 1.5542 0.0225
v -0.0657 1.5674 0.0022
v -0.0599 1.5738 -0.0115
v -0.0523 1.5785 -0.0235
v -0.0436 1.5820 -0.0323
v -0.0345 1.5847 -0.0385
v -0.0005 1.5900 -0.0476
v -0.0726 1.5632 0.0295
v -0.0685 1.5861 0.0137
v -0.0639 1.5966 0.0024
v -0.0572 1.6063 -0.0089
v -0.0482 1.6147 -0.0187
v -0.0387 1.6211 -0.0249
v -0.0000 1.6294 -0.0313
v -0.0367 1.6528 0.0491
v -0.0481 1.6445 0.0490
v -0.0453 1.6430 0.0707
v -0.0596 1.6025 0.0935
v -0.0581 1.6322 0.0488
v -0.0651 1.6173 0.0488
v -0.0526 1.6127 0.1037
v -0.0661 1.6136 0.0317
v -0.0694 1.5994 0.0366
v -0.0730 1.5699 0.0419
v -0.0427 1.6211 0.1112
v -0.0312 1.6275 0.1152
v -0.0194 1.6221 0.1261
v -0.0000 1.6246 0.1273
v -0.0090 1.6240 0.1270
v -0.0636 1.6153 0.0633
v -0.0558 1.6311 0.0678
v -0.0687 1.6017 0.0490
v -0.0677 1.6002 0.0598
v -0.0549 1.4960 0.0236
v -0.0623 1.5249 0.0138
v -0.0648 1.5326 0.0127
v -0.0670 1.5420 0.0122
v -0.0696 1.5607 0.0141
v -0.0712 1.5744 0.0232
v -0.0714 1.5845 0.0402
v -0.0543 1.6260 0.0835
v -0.0621 1.6117 0.0756
v -0.0664 1.5976 0.0691
v -0.0435 1.6372 0.0886
v -0.0001 1.6515 0.0934
v -0.0087 1.6341 0.1176
v 0.0000 1.6349 0.1178
v -0.0317 1.6444 0.0910
v -0.0089 1.6507 0.0934
v -0.0155 1.6282 -0.0302
v -0.0162 1.5910 -0.0455
v -0.0053 1.4716 -0.0141
v -0.0129 1.6604 0.0495
v -0.0157 1.6578 0.0188
v -0.0105 1.5535 -0.0442
v -0.0088 1.5359 -0.0397
v -0.0081 1.5195 -0.0341
v -0.0101 1.6574 0.0742
v -0.0214 1.6552 0.0733
v -0.0137 1.4730 -0.0125
v -0.0171 1.5199 -0.0310
v -0.0237 1.5874 -0.0431
v -0.0218 1.5532 -0.0411
v -0.0197 1.5359 -0.0366
v -0.0281 1.6255 -0.0285
v -0.0277 1.6550 0.0192
v -0.0247 1.6578 0.0493
v -0.0196 1.6486 0.0928
v 0.0018 1.4939 -0.0253
v -0.0061 1.4937 -0.0240
v -0.0145 1.4944 -0.0211
v -0.0235 1.4965 -0.0170
v -0.0324 1.4994 -0.0117
v -0.0413 1.5032 -0.0045
v -0.0488 1.5073 0.0041
v -0.0551 1.5105 0.0131
v -0.0583 1.5124 0.0183
v -0.0603 1.5136 0.0213
v -0.0591 1.5076 0.0233
v -0.0567 1.5047 0.0206
v -0.0469 1.4967 0.0070
v -0.0391 1.4918 -0.0011
v -0.0296 1.4878 -0.0076
v -0.0217 1.4854 -0.0128
v -0.0135 1.4832 -0.0166
v -0.0051 1.4822 -0.0191
v 0.0028 1.4823 -0.0201
v -0.0533 1.5016 0.0158
v -0.0598 1.6193 0.0066
v -0.0000 1.6478 -0.0108
v -0.0715 1.5801 0.0310
v -0.0165 1.6464 -0.0103
v -0.0291 1.6437 -0.0093
v -0.0726 1.5511 0.0307
v -0.0363 1.6021 -0.0346
v -0.0455 1.5981 -0.0279
v -0.0670 1.5771 0.0067
v -0.0721 1.5591 0.0253
v -0.0544 1.5926 -0.0184
v -0.0616 1.5855 -0.0062
v 0.0000 1.6089 -0.0428
v -0.0704 1.5679 0.0177
v -0.0141 1.6077 -0.0415
v -0.0260 1.6053 -0.0387
v -0.0712 1.5437 0.0269
v -0.0647 1.5566 0.0006
v -0.0704 1.5479 0.0206
v -0.0423 1.5665 -0.0328
v -0.0510 1.5641 -0.0241
v -0.0588 1.5608 -0.0125
v -0.0000 1.5694 -0.0473
v -0.0331 1.5684 -0.0390
v -0.0686 1.5522 0.0122
v -0.0148 1.5724 -0.0465
v -0.0232 1.5704 -0.0434
v -0.0668 1.5767 0.0756
v -0.0709 1.5866 0.0489
v -0.0701 1.5855 0.0567
v -0.0691 1.5833 0.0637
v -0.0702 1.5602 0.0664
v -0.0726 1.5715 0.0481
v -0.0722 1.5705 0.0535
v -0.0715 1.5680 0.0583
v -0.0721 1.5450 0.0597
v -0.0739 1.5574 0.0471
v -0.0737 1.5566 0.0509
v -0.0733 1.5543 0.0539
v -0.0599 1.5048 0.0271
v -0.0647 1.5250 0.0226
v -0.0618 1.5142 0.0244
v -0.0606 1.5097 0.0260
v -0.0001 1.5065 -0.0303
v -0.0082 1.5063 -0.0289
v -0.0161 1.5066 -0.0259
v -0.0256 1.5086 -0.0220
v -0.0533 1.6195 0.0949
v -0.0429 1.6293 0.1016
v -0.0351 1.5117 -0.0167
v -0.0607 1.6073 0.0855
v -0.0651 1.5943 0.0771
v -0.0439 1.5148 -0.0090
v 0.0000 1.6442 0.1068
v -0.0312 1.6363 0.1046
v -0.0086 1.6433 0.1067
v -0.0512 1.5171 0.0006
v -0.0600 1.5188 0.0160
v -0.0619 1.5194 0.0194
v -0.0191 1.6408 0.1062
v -0.0570 1.5181 0.0103
v -0.0680 1.5801 0.0698
v -0.0708 1.5643 0.0625
v -0.0728 1.5501 0.0564
v -0.0631 1.5197 0.0229
v 0.0418 1.6131 0.1187
v 0.0307 1.6185 0.1235
v 0.0513 1.6062 0.1108
v 0.0582 1.5975 0.1005
v 0.0655 1.5738 0.0815
v 0.0625 1.5868 0.0906
v 0.0638 1.5905 0.0841
v 0.0730 1.5669 0.0353
v 0.0505 1.6308 -0.0012
v 0.0405 1.6387 -0.0063
v 0.0693 1.5939 0.0240
v 0.0659 1.6064 0.0153
v 0.0733 1.5556 0.0382
v 0.0709 1.5465 0.0651
v 0.0687 1.5586 0.0721
v 0.0738 1.5571 0.0429
v 0.0729 1.5535 0.0337
v 0.0722 1.5482 0.0288
v 0.0667 1.5305 0.0232
v 0.0693 1.5372 0.0248
v 0.0596 1.6283 0.0272
v 0.0387 1.6500 0.0211
v 0.0497 1.6415 0.0235
v 0.0336 1.6504 0.0719
v 0.0504 1.4919 0.0161
v 0.0455 1.4884 0.0102
v 0.0394 1.4856 0.0027
v 0.0328 1.4828 -0.0043
v 0.0259 1.4795 -0.0096
v 0.0569 1.5018 0.0225
v 0.0639 1.5250 0.0182
v 0.0590 1.5251 0.0063
v 0.0534 1.5261 -0.0035
v 0.0465 1.5267 -0.0137
v 0.0382 1.5257 -0.0218
v 0.0291 1.5236 -0.0273
v 0.0663 1.5316 0.0185
v 0.0615 1.5338 0.0042
v 0.0557 1.5352 -0.0070
v 0.0483 1.5368 -0.0181
v 0.0397 1.5375 -0.0264
v 0.0305 1.5373 -0.0323
v 0.0686 1.5395 0.0193
v 0.0634 1.5446 0.0019
v 0.0576 1.5472 -0.0103
v 0.0498 1.5496 -0.0217
v 0.0410 1.5514 -0.0304
v 0.0318 1.5526 -0.0367
v 0.0714 1.5542 0.0225
v 0.0657 1.5674 0.0022
v 0.0599 1.5738 -0.0115
v 0.0523 1.5785 -0.0235
v 0.0436 1.5820 -0.0323
v 0.0345 1.5847 -0.0385
v 0.0726 1.5632 0.0295
v 0.0685 1.5861 0.0137
v 0.0639 1.5966 0.0024
v 0.0572 1.6063 -0.0089
v 0.0482 1.6147 -0.0187
v 0.0387 1.6211 -0.0249
v 0.0357 1.6528 0.0492
v 0.0473 1.6446 0.0486
v 0.0448 1.6431 0.0706
v 0.0596 1.6025 0.0935
v 0.0577 1.6324 0.0484
v 0.0649 1.6172 0.0484
v 0.0526 1.6127 0.1037
v 0.0660 1.6136 0.0316
v 0.0693 1.5995 0.0366
v 0.0730 1.5700 0.0418
v 0.0427 1.6211 0.1112
v 0.0320 1.6271 0.1152
v 0.0082 1.6242 0.1271
v 0.0636 1.6153 0.0632
v 0.0557 1.6312 0.0677
v 0.0687 1.6019 0.0488
v 0.0677 1.6002 0.0597
v 0.0541 1.4965 0.0202
v 0.0623 1.5248 0.0133
v 0.0648 1.5326 0.0127
v 0.0670 1.5420 0.0122
v 0.0696 1.5607 0.0141
v 0.0712 1.5744 0.0232
v 0.0714 1.5846 0.0401
v 0.0543 1.6260 0.0835
v 0.0621 1.6117 0.0756
v 0.0664 1.5976 0.0691
v 0.0434 1.6372 0.0886
v 0.0089 1.6339 0.1177
v 0.0328 1.6441 0.0908
v 0.0094 1.6505 0.0933
v 0.0155 1.6282 -0.0302
v 0.0134 1.5890 -0.0455
v 0.0111 1.4731 -0.0145
v 0.0105 1.6607 0.0501
v 0.0147 1.6580 0.0191
v 0.0115 1.5535 -0.0443
v 0.0106 1.5363 -0.0401
v 0.0097 1.5203 -0.0344
v 0.0095 1.6573 0.0742
v 0.0188 1.4760 -0.0129
v 0.0196 1.5216 -0.0315
v 0.0243 1.5870 -0.0427
v 0.0219 1.5533 -0.0412
v 0.0207 1.5368 -0.0369
v 0.0281 1.6255 -0.0285
v 0.0265 1.6553 0.0196
v 0.0099 1.4948 -0.0241
v 0.0185 1.4969 -0.0212
v 0.0268 1.5002 -0.0172
v 0.0346 1.5036 -0.0118
v 0.0419 1.5066 -0.0047
v 0.0484 1.5086 0.0031
v 0.0543 1.5101 0.0100
v 0.0584 1.5123 0.0155
v 0.0603 1.5136 0.0198
v 0.0588 1.5080 0.0209
v 0.0567 1.5053 0.0173
v 0.0463 1.4987 0.0060
v 0.0400 1.4958 -0.0012
v 0.0331 1.4926 -0.0078
v 0.0258 1.4894 -0.0129
v 0.0183 1.4860 -0.0168
v 0.0105 1.4834 -0.0192
v 0.0523 1.5016 0.0124
v 0.0598 1.6193 0.0066
v 0.0715 1.5801 0.0310
v 0.0164 1.6465 -0.0103
v 0.0290 1.6437 -0.0093
v 0.0726 1.5511 0.0307
v 0.0363 1.6021 -0.0346
v 0.0455 1.5981 -0.0279
v 0.0670 1.5771 0.0067
v 0.0721 1.5591 0.0253
v 0.0544 1.5926 -0.0184
v 0.0616 1.5855 -0.0062
v 0.0704 1.5679 0.0177
v 0.0141 1.6077 -0.0415
v 0.0260 1.6053 -0.0387
v 0.0712 1.5437 0.0269
v 0.0647 1.5566 0.0006
v 0.0704 1.5479 0.0206
v 0.0423 1.5665 -0.0328
v 0.0510 1.5641 -0.0241
v 0.0588 1.5608 -0.0125
v 0.0331 1.5684 -0.0390
v 0.0686 1.5522 0.0122
v 0.0116 1.5722 -0.0464
v 0.0228 1.5713 -0.0436
v 0.0668 1.5767 0.0756
v 0.0708 1.5868 0.0487
v 0.0701 1.5855 0.0567
v 0.0691 1.5833 0.0637
v 0.0702 1.5602 0.0664
v 0.0725 1.5717 0.0479
v 0.0722 1.5705 0.0534
v 0.0715 1.5680 0.0583
v 0.0721 1.5450 0.0597
v 0.0738 1.5576 0.0470
v 0.0737 1.5566 0.0508
v 0.0733 1.5543 0.0539
v 0.0591 1.5063 0.0233
v 0.0647 1.5250 0.0226
v 0.0617 1.5140 0.0232
v 0.0604 1.5101 0.0235
v 0.0086 1.5072 -0.0290
v 0.0187 1.5088 -0.0261
v 0.0280 1.5117 -0.0221
v 0.0533 1.6195 0.0949
v 0.0429 1.6293 0.1016
v 0.0366 1.5150 -0.0168
v 0.0607 1.6073 0.0855
v 0.0651 1.5943 0.0771
v 0.0444 1.5172 -0.0091
v 0.0323 1.6359 0.1047
v 0.0091 1.6431 0.1068
v 0.0510 1.5177 0.0001
v 0.0602 1.5185 0.0142
v 0.0620 1.5195 0.0187
v 0.0566 1.5177 0.0082
v 0.0680 1.5801 0.0698
v 0.0708 1.5643 0.0625
v 0.0728 1.5501 0.0564
v 0.0630 1.5196 0.0227
v 0.0234 1.6299 0.1174
v 0.0199 1.6308 0.1178
v 0.0211 1.6231 0.1244
v 0.0146 1.6247 0.1253
v 0.0259 1.6534 0.0730
v 0.0226 1.6542 0.0735
v 0.0201 1.6588 0.0546
v 0.0230 1.6583 0.0540
v 0.0199 1.6596 0.0484
v 0.0232 1.6473 0.0923
v 0.0266 1.6465 0.0919
v 0.0220 1.6399 0.1073
v 0.0253 1.6388 0.1069
v -0.0607 1.5924 0.0954
v -0.0670 1.5664 0.0768
v -0.0448 1.6462 0.0221
v -0.0491 1.6438 0.0366
v -0.0425 1.6491 0.0490
v -0.0382 1.6521 0.0354
v -0.0551 1.6021 0.1058
v -0.0336 1.6235 -0.0270
v -0.0399 1.6303 -0.0168
v -0.0350 1.6415 -0.0081
v -0.0289 1.6351 -0.0202
v -0.0222 1.6270 -0.0295
v -0.0231 1.6453 -0.0100
v -0.0161 1.6379 -0.0215
v -0.0529 1.6107 -0.0142
v -0.0587 1.6131 -0.0020
v -0.0554 1.6254 0.0024
v -0.0496 1.6230 -0.0111
v -0.0700 1.5803 0.0188
v -0.0714 1.5774 0.0268
v -0.0705 1.5871 0.0278
v -0.0690 1.5902 0.0185
v -0.0435 1.6182 -0.0223
v -0.0456 1.6351 -0.0041
v -0.0665 1.5914 0.0082
v -0.0679 1.6002 0.0198
v -0.0651 1.6017 0.0083
v -0.0672 1.6095 0.0489
v -0.0657 1.6161 0.0404
v -0.0680 1.6066 0.0342
v -0.0691 1.6011 0.0430
v -0.0566 1.5256 0.0023
v -0.0603 1.5293 0.0057
v -0.0589 1.5345 -0.0011
v -0.0546 1.5303 -0.0051
v -0.0701 1.5514 0.0681
v -0.0550 1.6353 0.0253
v -0.0590 1.6308 0.0382
v -0.0533 1.6388 0.0489
v -0.0634 1.6209 0.0294
v -0.0620 1.6249 0.0488
v -0.0522 1.5359 -0.0127
v -0.0473 1.5307 -0.0159
v -0.0500 1.5258 -0.0087
v -0.0487 1.4884 0.0150
v -0.0423 1.4838 0.0063
v -0.0348 1.4800 -0.0015
v -0.0265 1.4767 -0.0074
v -0.0720 1.5686 0.0267
v -0.0728 1.5651 0.0322
v -0.0724 1.5734 0.0335
v -0.0729 1.5582 0.0317
v -0.0731 1.5546 0.0359
v -0.0733 1.5610 0.0368
v -0.0080 1.6291 -0.0309
v -0.0086 1.6474 -0.0106
v -0.0000 1.6392 -0.0223
v -0.0609 1.6015 -0.0033
v -0.0633 1.6128 0.0109
v -0.0480 1.5804 -0.0282
v -0.0532 1.5857 -0.0215
v -0.0501 1.5956 -0.0235
v -0.0445 1.5900 -0.0306
v -0.0532 1.4935 0.0216
v -0.0051 1.4769 -0.0167
v -0.0011 1.4821 -0.0198
v 0.0029 1.4769 -0.0175
v -0.0011 1.4714 -0.0145
v -0.0120 1.5063 -0.0275
v -0.0165 1.5130 -0.0284
v -0.0124 1.5196 -0.0327
v -0.0083 1.5126 -0.0314
v -0.0207 1.5074 -0.0241
v -0.0265 1.5148 -0.0245
v -0.0223 1.5205 -0.0292
v -0.0298 1.4830 -0.0061
v -0.0256 1.4865 -0.0103
v -0.0218 1.4804 -0.0111
v -0.0387 1.4868 0.0005
v -0.0343 1.4896 -0.0045
v -0.0462 1.4914 0.0087
v -0.0432 1.4942 0.0028
v -0.0523 1.4965 0.0172
v -0.0503 1.4993 0.0117
v -0.0179 1.4741 -0.0112
v -0.0567 1.5409 -0.0087
v -0.0539 1.5484 -0.0162
v -0.0491 1.5428 -0.0200
v -0.0038 1.5359 -0.0408
v -0.0096 1.5447 -0.0422
v -0.0043 1.5532 -0.0451
v 0.0014 1.5444 -0.0436
v -0.0625 1.5389 0.0030
v -0.0607 1.5459 -0.0042
v -0.0348 1.5365 -0.0295
v -0.0403 1.5439 -0.0285
v -0.0365 1.5519 -0.0338
v -0.0310 1.5443 -0.0347
v -0.0634 1.5332 0.0089
v -0.0660 1.5371 0.0125
v -0.0655 1.5433 0.0074
v -0.0440 1.5367 -0.0226
v -0.0455 1.5505 -0.0264
v -0.0669 1.5544 0.0067
v -0.0691 1.5566 0.0129
v -0.0679 1.5640 0.0086
v -0.0652 1.5622 0.0010
v -0.0467 1.5654 -0.0288
v -0.0516 1.5713 -0.0243
v -0.0429 1.5742 -0.0330
v -0.0551 1.5626 -0.0186
v -0.0593 1.5674 -0.0125
v -0.0563 1.5764 -0.0178
v -0.0091 1.5727 -0.0477
v -0.0159 1.5815 -0.0463
v -0.0074 1.5895 -0.0469
v 0.0001 1.5798 -0.0481
v -0.0620 1.5588 -0.0060
v -0.0630 1.5707 -0.0046
v -0.0378 1.5675 -0.0362
v -0.0391 1.5834 -0.0357
v -0.0338 1.5765 -0.0391
v -0.0410 1.6003 -0.0316
v -0.0468 1.6064 -0.0242
v -0.0375 1.6116 -0.0307
v -0.0690 1.5725 0.0126
v -0.0708 1.5713 0.0202
v -0.0678 1.5817 0.0099
v -0.0557 1.5995 -0.0143
v -0.0583 1.5893 -0.0126
v -0.0627 1.5911 -0.0024
v -0.0073 1.6086 -0.0424
v -0.0149 1.6180 -0.0368
v -0.0000 1.6192 -0.0380
v -0.0645 1.5814 0.0003
v -0.0114 1.6595 0.0626
v -0.0051 1.6579 0.0742
v -0.0009 1.6603 0.0627
v -0.0070 1.6611 0.0496
v -0.0467 1.6443 0.0603
v -0.0395 1.6472 0.0715
v -0.0350 1.6522 0.0612
v -0.0520 1.6095 0.1073
v -0.0468 1.6099 0.1152
v -0.0424 1.6171 0.1151
v -0.0479 1.6171 0.1079
v -0.0590 1.6000 0.0970
v -0.0620 1.5967 0.0887
v -0.0633 1.5887 0.0873
v -0.0565 1.6078 0.0987
v -0.0307 1.6556 0.0491
v -0.0264 1.6573 0.0347
v -0.0337 1.6527 0.0199
v -0.0385 1.5299 -0.0241
v -0.0420 1.5246 -0.0180
v -0.0288 1.5286 -0.0297
v -0.0326 1.5224 -0.0247
v -0.0371 1.6245 0.1136
v -0.0365 1.6160 0.1215
v -0.0311 1.6231 0.1195
v -0.0574 1.6136 0.0903
v -0.0602 1.6049 0.0897
v -0.0530 1.6161 0.0996
v -0.0632 1.6009 0.0811
v -0.0644 1.5924 0.0808
v -0.0249 1.5360 -0.0346
v -0.0182 1.5276 -0.0338
v -0.0682 1.6013 0.0546
v -0.0660 1.6076 0.0614
v -0.0644 1.6168 0.0564
v -0.0602 1.6234 0.0656
v -0.0569 1.6322 0.0587
v -0.0484 1.6248 0.0988
v -0.0428 1.6252 0.1067
v -0.0142 1.5359 -0.0383
v -0.0083 1.5274 -0.0369
v -0.0566 1.4983 0.0251
v -0.0559 1.5005 0.0220
v -0.0553 1.5033 0.0187
v -0.0657 1.5321 0.0159
v -0.0674 1.5354 0.0188
v -0.0680 1.5407 0.0161
v -0.0697 1.5500 0.0168
v -0.0710 1.5513 0.0215
v -0.0707 1.5573 0.0187
v -0.0714 1.5634 0.0219
v -0.0723 1.5612 0.0272
v -0.0629 1.6136 0.0698
v -0.0587 1.6190 0.0796
v -0.0550 1.6289 0.0761
v -0.0671 1.5990 0.0646
v -0.0646 1.6046 0.0721
v -0.0038 1.5196 -0.0353
v 0.0008 1.5276 -0.0386
v -0.0508 1.6377 0.0695
v -0.0492 1.6321 0.0865
v -0.0442 1.6405 0.0802
v -0.0041 1.6440 0.1068
v -0.0086 1.6389 0.1123
v -0.0042 1.6347 0.1178
v 0.0000 1.6398 0.1125
v -0.0008 1.6611 0.0347
v -0.0083 1.6587 0.0188
v -0.0145 1.6600 0.0346
v -0.0611 1.5217 0.0148
v -0.0610 1.5191 0.0178
v -0.0628 1.5221 0.0187
v -0.0632 1.5249 0.0162
v -0.0203 1.6522 0.0838
v -0.0274 1.6532 0.0727
v -0.0323 1.6479 0.0821
v -0.0256 1.6469 0.0920
v -0.0089 1.6292 0.1224
v -0.0044 1.6245 0.1272
v -0.0000 1.6299 0.1226
v -0.0209 1.5445 -0.0391
v -0.0163 1.5534 -0.0428
v -0.0377 1.6413 0.0899
v -0.0204 1.6066 -0.0402
v -0.0271 1.6153 -0.0346
v -0.0093 1.6543 0.0845
v -0.0043 1.6513 0.0934
v -0.0002 1.6551 0.0845
v -0.0181 1.5734 -0.0458
v -0.0230 1.5801 -0.0442
v -0.0207 1.5900 -0.0446
v -0.0229 1.6571 0.0620
v -0.0155 1.6565 0.0739
v -0.0188 1.6594 0.0494
v -0.0431 1.6334 0.0956
v -0.0372 1.6332 0.1034
v -0.0313 1.6405 0.0984
v -0.0690 1.5383 0.0221
v -0.0666 1.5311 0.0208
v -0.0680 1.5337 0.0239
v -0.0709 1.5458 0.0238
v -0.0719 1.5462 0.0279
v -0.0719 1.5512 0.0257
v -0.0700 1.5644 0.0157
v -0.0663 1.5724 0.0042
v -0.0140 1.6233 0.1267
v -0.0137 1.6331 0.1174
v -0.0193 1.6270 0.1216
v -0.0251 1.6206 0.1251
v -0.0252 1.6298 0.1163
v -0.0094 1.4722 -0.0134
v -0.0220 1.6567 0.0189
v -0.0140 1.6499 0.0933
v -0.0269 1.5528 -0.0391
v -0.0314 1.6038 -0.0369
v -0.0282 1.5692 -0.0413
v -0.0296 1.5859 -0.0408
v -0.0136 1.6422 0.1065
v -0.0087 1.6472 0.1006
v -0.0192 1.6448 0.1001
v -0.0251 1.6388 0.1055
v -0.0641 1.5806 0.0861
v -0.0073 1.4999 -0.0265
v -0.0042 1.5064 -0.0299
v 0.0007 1.5002 -0.0277
v -0.0021 1.4937 -0.0249
v -0.0092 1.4825 -0.0180
v -0.0139 1.4886 -0.0188
v -0.0103 1.4939 -0.0227
v -0.0054 1.4878 -0.0216
v -0.0177 1.4842 -0.0149
v -0.0224 1.4908 -0.0148
v -0.0190 1.4953 -0.0192
v -0.0339 1.5056 -0.0141
v -0.0304 1.5101 -0.0196
v -0.0245 1.5025 -0.0195
v -0.0279 1.4979 -0.0146
v -0.0426 1.5091 -0.0066
v -0.0397 1.5133 -0.0131
v -0.0369 1.5012 -0.0083
v -0.0500 1.5123 0.0024
v -0.0477 1.5161 -0.0044
v -0.0452 1.5053 -0.0004
v -0.0560 1.5144 0.0118
v -0.0544 1.5177 0.0058
v -0.0523 1.5091 0.0088
v -0.0591 1.5157 0.0171
v -0.0588 1.5184 0.0136
v -0.0570 1.5116 0.0162
v -0.0575 1.5088 0.0194
v -0.0580 1.5062 0.0221
v -0.0596 1.5106 0.0222
v -0.0593 1.5131 0.0199
v -0.0307 1.4933 -0.0095
v 0.0025 1.4879 -0.0227
v -0.0542 1.5062 0.0145
v -0.0478 1.5020 0.0055
v -0.0135 1.4781 -0.0146
v -0.0400 1.4973 -0.0027
v -0.0586 1.5042 0.0246
v -0.0353 1.5932 -0.0370
v -0.0607 1.5797 -0.0093
v -0.0137 1.5986 -0.0446
v -0.0007 1.6000 -0.0463
v -0.0718 1.5567 0.0238
v -0.0251 1.5958 -0.0412
v -0.0727 1.5524 0.0320
v -0.0724 1.5550 0.0281
v -0.0725 1.5497 0.0297
v -0.0610 1.5250 0.0109
v -0.0636 1.5285 0.0131
v -0.0651 1.5281 0.0183
v -0.0666 1.5874 0.0734
v -0.0674 1.5784 0.0727
v -0.0653 1.5839 0.0799
v -0.0696 1.5845 0.0603
v -0.0679 1.5905 0.0664
v -0.0690 1.5928 0.0583
v -0.0699 1.5941 0.0490
v -0.0705 1.5863 0.0529
v -0.0717 1.5791 0.0486
v -0.0724 1.5713 0.0509
v -0.0712 1.5780 0.0551
v -0.0694 1.5724 0.0661
v -0.0705 1.5621 0.0644
v -0.0684 1.5688 0.0711
v -0.0719 1.5694 0.0560
v -0.0703 1.5757 0.0610
v -0.0733 1.5641 0.0476
v -0.0738 1.5571 0.0491
v -0.0731 1.5632 0.0521
v -0.0721 1.5566 0.0591
v -0.0726 1.5473 0.0578
v -0.0716 1.5520 0.0624
v -0.0735 1.5557 0.0525
v -0.0726 1.5608 0.0560
v -0.0600 1.5087 0.0245
v -0.0612 1.5119 0.0252
v -0.0611 1.5139 0.0227
v -0.0625 1.5196 0.0210
v -0.0638 1.5224 0.0226
v -0.0644 1.5250 0.0204
v -0.0592 1.5026 0.0269
v -0.0603 1.5073 0.0267
v -0.0657 1.5276 0.0228
v -0.0715 1.5446 0.0623
v -0.0696 1.5592 0.0689
v -0.0662 1.5752 0.0784
v -0.0739 1.5574 0.0451
v -0.0728 1.5710 0.0451
v -0.0735 1.5632 0.0424
v -0.0704 1.5920 0.0386
v -0.0712 1.5860 0.0447
v -0.0723 1.5771 0.0412
v -0.0154 1.5004 -0.0235
v -0.0614 1.6096 0.0809
v -0.0538 1.6228 0.0897
v -0.0657 1.5961 0.0733
v -0.0000 1.6480 0.1006
v -0.0610 1.5165 0.0203
v -0.0312 1.6319 0.1102
v -0.0192 1.6363 0.1118
v 0.0001 1.5129 -0.0329
v -0.0363 1.5176 -0.0192
v -0.0451 1.5201 -0.0113
v -0.0523 1.5215 -0.0013
v -0.0581 1.5216 0.0088
v -0.0686 1.5818 0.0668
v -0.0711 1.5663 0.0605
v -0.0731 1.5525 0.0552
v -0.0624 1.5169 0.0235
v -0.0704 1.5406 0.0259
v -0.0696 1.5438 0.0199
v -0.0678 1.5471 0.0121
v -0.0641 1.5506 0.0009
v -0.0582 1.5540 -0.0117
v -0.0736 1.5564 0.0406
v -0.0731 1.5685 0.0386
v -0.0715 1.5825 0.0356
v -0.0694 1.5970 0.0302
v -0.0662 1.6104 0.0232
v -0.0601 1.6244 0.0165
v -0.0505 1.6371 0.0106
v -0.0403 1.6453 0.0065
v -0.0287 1.6505 0.0041
v -0.0163 1.6533 0.0034
v -0.0001 1.6546 0.0032
v -0.0504 1.5567 -0.0231
v -0.0417 1.5589 -0.0319
v -0.0324 1.5604 -0.0382
v -0.0225 1.5616 -0.0425
v -0.0116 1.5654 -0.0464
v 0.0010 1.5603 -0.0463
v 0.0607 1.5924 0.0954
v 0.0670 1.5664 0.0768
v 0.0486 1.6438 0.0363
v 0.0444 1.6463 0.0220
v 0.0369 1.6524 0.0359
v 0.0417 1.6492 0.0488
v 0.0551 1.6021 0.1058
v 0.0399 1.6303 -0.0168
v 0.0336 1.6235 -0.0270
v 0.0289 1.6351 -0.0202
v 0.0349 1.6415 -0.0081
v 0.0222 1.6270 -0.0295
v 0.0161 1.6379 -0.0215
v 0.0230 1.6453 -0.0100
v 0.0587 1.6131 -0.0020
v 0.0529 1.6107 -0.0142
v 0.0496 1.6230 -0.0111
v 0.0554 1.6254 0.0024
v 0.0714 1.5774 0.0268
v 0.0700 1.5803 0.0188
v 0.0690 1.5902 0.0185
v 0.0705 1.5871 0.0278
v 0.0435 1.6182 -0.0223
v 0.0456 1.6351 -0.0041
v 0.0665 1.5914 0.0082
v 0.0651 1.6017 0.0083
v 0.0679 1.6002 0.0198
v 0.0655 1.6161 0.0401
v 0.0671 1.6095 0.0486
v 0.0691 1.6012 0.0428
v 0.0680 1.6066 0.0341
v 0.0603 1.5292 0.0053
v 0.0565 1.5256 0.0017
v 0.0546 1.5304 -0.0052
v 0.0589 1.5345 -0.0012
v 0.0701 1.5514 0.0681
v 0.0587 1.6310 0.0380
v 0.0549 1.6354 0.0252
v 0.0528 1.6390 0.0485
v 0.0633 1.6209 0.0293
v 0.0617 1.6250 0.0483
v 0.0522 1.5361 -0.0128
v 0.0501 1.5265 -0.0087
v 0.0474 1.5315 -0.0160
v 0.0481 1.4900 0.0134
v 0.0426 1.4869 0.0065
v 0.0361 1.4843 -0.0010
v 0.0294 1.4812 -0.0072
v 0.0728 1.5651 0.0322
v 0.0720 1.5686 0.0267
v 0.0724 1.5734 0.0335
v 0.0731 1.5546 0.0359
v 0.0729 1.5582 0.0317
v 0.0733 1.5610 0.0368
v 0.0080 1.6291 -0.0309
v 0.0085 1.6474 -0.0106
v 0.0609 1.6015 -0.0033
v 0.0633 1.6128 0.0109
v 0.0532 1.5857 -0.0215
v 0.0480 1.5804 -0.0282
v 0.0445 1.5900 -0.0306
v 0.0501 1.5956 -0.0235
v 0.0524 1.4941 0.0184
v 0.0066 1.4827 -0.0199
v 0.0107 1.4783 -0.0169
v 0.0071 1.4722 -0.0147
v 0.0191 1.5149 -0.0287
v 0.0136 1.5078 -0.0277
v 0.0090 1.5135 -0.0316
v 0.0146 1.5208 -0.0331
v 0.0285 1.5175 -0.0247
v 0.0235 1.5101 -0.0242
v 0.0244 1.5225 -0.0295
v 0.0295 1.4910 -0.0105
v 0.0329 1.4877 -0.0061
v 0.0258 1.4844 -0.0112
v 0.0366 1.4942 -0.0046
v 0.0396 1.4907 0.0006
v 0.0432 1.4973 0.0024
v 0.0458 1.4936 0.0079
v 0.0494 1.5001 0.0093
v 0.0514 1.4969 0.0140
v 0.0224 1.4777 -0.0115
v 0.0567 1.5409 -0.0087
v 0.0491 1.5429 -0.0200
v 0.0539 1.5484 -0.0162
v 0.0111 1.5449 -0.0425
v 0.0057 1.5361 -0.0411
v 0.0067 1.5532 -0.0452
v 0.0625 1.5389 0.0030
v 0.0607 1.5459 -0.0042
v 0.0404 1.5442 -0.0285
v 0.0351 1.5375 -0.0296
v 0.0311 1.5448 -0.0347
v 0.0365 1.5521 -0.0338
v 0.0660 1.5371 0.0124
v 0.0634 1.5332 0.0089
v 0.0655 1.5433 0.0074
v 0.0441 1.5373 -0.0226
v 0.0455 1.5506 -0.0264
v 0.0691 1.5566 0.0129
v 0.0669 1.5544 0.0067
v 0.0652 1.5622 0.0010
v 0.0679 1.5640 0.0086
v 0.0516 1.5713 -0.0243
v 0.0467 1.5654 -0.0288
v 0.0429 1.5742 -0.0330
v 0.0593 1.5674 -0.0125
v 0.0551 1.5626 -0.0186
v 0.0563 1.5764 -0.0178
v 0.0123 1.5795 -0.0463
v 0.0061 1.5705 -0.0471
v 0.0067 1.5898 -0.0469
v 0.0620 1.5588 -0.0060
v 0.0630 1.5707 -0.0046
v 0.0378 1.5675 -0.0362
v 0.0338 1.5765 -0.0391
v 0.0391 1.5834 -0.0357
v 0.0468 1.6064 -0.0242
v 0.0410 1.6003 -0.0316
v 0.0375 1.6116 -0.0307
v 0.0708 1.5713 0.0202
v 0.0690 1.5725 0.0126
v 0.0678 1.5817 0.0099
v 0.0557 1.5995 -0.0143
v 0.0627 1.5911 -0.0024
v 0.0583 1.5893 -0.0126
v 0.0149 1.6180 -0.0368
v 0.0073 1.6086 -0.0424
v 0.0645 1.5814 0.0003
v 0.0042 1.6580 0.0742
v 0.0096 1.6596 0.0629
v 0.0048 1.6612 0.0498
v 0.0389 1.6474 0.0713
v 0.0460 1.6444 0.0601
v 0.0346 1.6521 0.0610
v 0.0468 1.6099 0.1152
v 0.0520 1.6095 0.1073
v 0.0479 1.6171 0.1079
v 0.0424 1.6171 0.1151
v 0.0620 1.5967 0.0887
v 0.0590 1.6000 0.0970
v 0.0633 1.5887 0.0873
v 0.0565 1.6078 0.0987
v 0.0324 1.6531 0.0204
v 0.0424 1.5264 -0.0181
v 0.0389 1.5313 -0.0241
v 0.0337 1.5247 -0.0248
v 0.0298 1.5302 -0.0298
v 0.0372 1.6245 0.1136
v 0.0315 1.6229 0.1195
v 0.0365 1.6160 0.1215
v 0.0602 1.6049 0.0897
v 0.0574 1.6136 0.0903
v 0.0530 1.6161 0.0996
v 0.0632 1.6009 0.0811
v 0.0644 1.5924 0.0808
v 0.0201 1.5289 -0.0342
v 0.0256 1.5370 -0.0348
v 0.0660 1.6076 0.0613
v 0.0682 1.6014 0.0544
v 0.0642 1.6168 0.0561
v 0.0601 1.6235 0.0655
v 0.0566 1.6324 0.0584
v 0.0484 1.6248 0.0988
v 0.0428 1.6252 0.1067
v 0.0102 1.5280 -0.0373
v 0.0156 1.5365 -0.0387
v 0.0556 1.4992 0.0216
v 0.0548 1.5035 0.0150
v 0.0555 1.5012 0.0186
v 0.0674 1.5354 0.0188
v 0.0657 1.5321 0.0158
v 0.0680 1.5407 0.0161
v 0.0710 1.5513 0.0215
v 0.0697 1.5500 0.0168
v 0.0707 1.5573 0.0187
v 0.0723 1.5612 0.0272
v 0.0714 1.5634 0.0219
v 0.0629 1.6136 0.0697
v 0.0549 1.6289 0.0761
v 0.0587 1.6190 0.0796
v 0.0646 1.6046 0.0721
v 0.0671 1.5990 0.0646
v 0.0051 1.5199 -0.0354
v 0.0505 1.6378 0.0694
v 0.0439 1.6406 0.0802
v 0.0491 1.6321 0.0865
v 0.0090 1.6387 0.1125
v 0.0042 1.6440 0.1068
v 0.0043 1.6347 0.1178
v 0.0126 1.6603 0.0354
v 0.0075 1.6588 0.0188
v 0.0613 1.5191 0.0166
v 0.0612 1.5215 0.0137
v 0.0633 1.5249 0.0160
v 0.0629 1.5222 0.0184
v 0.0330 1.6476 0.0819
v 0.0086 1.6291 0.1225
v 0.0043 1.6245 0.1272
v 0.0213 1.5450 -0.0392
v 0.0167 1.5536 -0.0429
v 0.0377 1.6412 0.0899
v 0.0271 1.6153 -0.0346
v 0.0204 1.6066 -0.0402
v 0.0043 1.6513 0.0934
v 0.0095 1.6541 0.0844
v 0.0237 1.5786 -0.0433
v 0.0177 1.5720 -0.0451
v 0.0194 1.5882 -0.0441
v 0.0373 1.6331 0.1034
v 0.0431 1.6334 0.0956
v 0.0325 1.6401 0.0983
v 0.0690 1.5383 0.0221
v 0.0680 1.5337 0.0239
v 0.0666 1.5311 0.0208
v 0.0719 1.5462 0.0279
v 0.0709 1.5458 0.0238
v 0.0719 1.5512 0.0257
v 0.0700 1.5644 0.0157
v 0.0663 1.5724 0.0042
v 0.0150 1.4745 -0.0139
v 0.0209 1.6569 0.0195
v 0.0270 1.5530 -0.0391
v 0.0314 1.6038 -0.0369
v 0.0276 1.5702 -0.0417
v 0.0296 1.5859 -0.0408
v 0.0092 1.6470 0.1006
v 0.0641 1.5806 0.0861
v 0.0041 1.5068 -0.0299
v 0.0091 1.5010 -0.0265
v 0.0058 1.4942 -0.0249
v 0.0184 1.4913 -0.0189
v 0.0144 1.4845 -0.0182
v 0.0103 1.4889 -0.0216
v 0.0142 1.4957 -0.0228
v 0.0262 1.4946 -0.0149
v 0.0221 1.4877 -0.0150
v 0.0227 1.4985 -0.0193
v 0.0323 1.5134 -0.0197
v 0.0356 1.5093 -0.0143
v 0.0307 1.5019 -0.0147
v 0.0274 1.5059 -0.0196
v 0.0406 1.5163 -0.0132
v 0.0431 1.5121 -0.0068
v 0.0384 1.5052 -0.0085
v 0.0478 1.5176 -0.0045
v 0.0497 1.5133 0.0016
v 0.0452 1.5078 -0.0008
v 0.0540 1.5176 0.0044
v 0.0554 1.5140 0.0091
v 0.0515 1.5093 0.0067
v 0.0587 1.5180 0.0114
v 0.0592 1.5154 0.0148
v 0.0567 1.5112 0.0129
v 0.0579 1.5068 0.0193
v 0.0576 1.5090 0.0163
v 0.0595 1.5131 0.0178
v 0.0596 1.5108 0.0203
v 0.0337 1.4979 -0.0097
v 0.0533 1.5060 0.0110
v 0.0472 1.5037 0.0044
v 0.0185 1.4810 -0.0149
v 0.0408 1.5011 -0.0029
v 0.0580 1.5050 0.0216
v 0.0353 1.5932 -0.0370
v 0.0607 1.5797 -0.0093
v 0.0133 1.5980 -0.0444
v 0.0718 1.5567 0.0238
v 0.0251 1.5958 -0.0413
v 0.0727 1.5524 0.0320
v 0.0724 1.5550 0.0281
v 0.0725 1.5497 0.0297
v 0.0636 1.5285 0.0130
v 0.0609 1.5249 0.0102
v 0.0651 1.5281 0.0183
v 0.0666 1.5874 0.0734
v 0.0653 1.5839 0.0799
v 0.0674 1.5784 0.0727
v 0.0679 1.5905 0.0664
v 0.0696 1.5845 0.0603
v 0.0690 1.5929 0.0582
v 0.0699 1.5943 0.0489
v 0.0705 1.5865 0.0528
v 0.0717 1.5793 0.0484
v 0.0711 1.5781 0.0550
v 0.0723 1.5714 0.0508
v 0.0694 1.5724 0.0661
v 0.0684 1.5688 0.0711
v 0.0705 1.5621 0.0644
v 0.0703 1.5757 0.0610
v 0.0719 1.5694 0.0560
v 0.0733 1.5643 0.0474
v 0.0730 1.5633 0.0520
v 0.0738 1.5573 0.0490
v 0.0721 1.5566 0.0591
v 0.0716 1.5520 0.0624
v 0.0726 1.5473 0.0578
v 0.0726 1.5608 0.0560
v 0.0735 1.5557 0.0525
v 0.0596 1.5091 0.0222
v 0.0610 1.5139 0.0214
v 0.0610 1.5119 0.0234
v 0.0626 1.5197 0.0206
v 0.0644 1.5250 0.0204
v 0.0638 1.5224 0.0226
v 0.0582 1.5042 0.0230
v 0.0598 1.5083 0.0235
v 0.0656 1.5276 0.0228
v 0.0715 1.5446 0.0623
v 0.0696 1.5592 0.0689
v 0.0662 1.5752 0.0784
v 0.0739 1.5575 0.0450
v 0.0735 1.5632 0.0424
v 0.0728 1.5711 0.0450
v 0.0711 1.5861 0.0445
v 0.0704 1.5921 0.0386
v 0.0722 1.5772 0.0412
v 0.0185 1.5028 -0.0236
v 0.0614 1.6096 0.0809
v 0.0538 1.6228 0.0897
v 0.0657 1.5961 0.0733
v 0.0611 1.5166 0.0192
v 0.0322 1.6315 0.1103
v 0.0374 1.5203 -0.0193
v 0.0455 1.5220 -0.0114
v 0.0522 1.5219 -0.0017
v 0.0578 1.5214 0.0073
v 0.0686 1.5818 0.0668
v 0.0711 1.5663 0.0605
v 0.0731 1.5525 0.0552
v 0.0623 1.5167 0.0229
v 0.0704 1.5406 0.0259
v 0.0696 1.5438 0.0199
v 0.0678 1.5471 0.0121
v 0.0641 1.5506 0.0009
v 0.0582 1.5540 -0.0117
v 0.0736 1.5564 0.0406
v 0.0731 1.5685 0.0386
v 0.0715 1.5825 0.0355
v 0.0694 1.5970 0.0302
v 0.0662 1.6104 0.0232
v 0.0601 1.6244 0.0165
v 0.0504 1.6371 0.0106
v 0.0401 1.6454 0.0066
v 0.0283 1.6506 0.0041
v 0.0160 1.6534 0.0034
v 0.0504 1.5567 -0.0231
v 0.0417 1.5589 -0.0319
v 0.0324 1.5605 -0.0382
v 0.0217 1.5630 -0.0430
v 0.0109 1.5636 -0.0459
v 0.0196 1.6596 0.0499
v 0.0212 1.6593 0.0495
v 0.0232 1.6509 0.0833
v 0.0266 1.6501 0.0829
v 0.0247 1.6563 0.0626
v 0.0213 1.6570 0.0632
v 0.0214 1.6262 0.1216
v 0.0176 1.6271 0.1221
v 0.0260 1.6428 0.1000
v 0.0227 1.6438 0.1003
v 0.0246 1.6343 0.1126
v 0.0212 1.6353 0.1130
v 0.0249 1.6207 0.1248
v 0.0276 1.6288 0.1165
v 0.0116 1.6240 0.1267
v 0.0141 1.6326 0.1178
v 0.0285 1.6376 0.1058
v 0.0151 1.6417 0.1070
v 0.0295 1.6523 0.0724
v 0.0294 1.6558 0.0504
v 0.0294 1.6456 0.0914
v 0.0156 1.6560 0.0740
v 0.0158 1.6492 0.0929
v 0.0157 1.6598 0.0513
v 0.0235 1.6580 0.0352
v -0.0438 1.6485 0.0359
v -0.0346 1.6330 -0.0188
v -0.0229 1.6367 -0.0210
v -0.0544 1.6183 -0.0068
v -0.0704 1.5839 0.0230
v -0.0448 1.6270 -0.0143
v -0.0673 1.5960 0.0135
v -0.0677 1.6086 0.0417
v -0.0578 1.5298 0.0006
v -0.0543 1.6377 0.0373
v -0.0628 1.6235 0.0393
v -0.0512 1.5306 -0.0108
v -0.0722 1.5711 0.0299
v -0.0731 1.5597 0.0341
v -0.0084 1.6388 -0.0220
v -0.0623 1.6074 0.0032
v -0.0489 1.5880 -0.0264
v -0.0011 1.4768 -0.0173
v -0.0123 1.5127 -0.0300
v -0.0214 1.5138 -0.0266
v -0.0257 1.4816 -0.0088
v -0.0343 1.4847 -0.0030
v -0.0427 1.4890 0.0044
v -0.0495 1.4940 0.0132
v -0.0531 1.5419 -0.0146
v -0.0040 1.5445 -0.0432
v -0.0599 1.5399 -0.0027
v -0.0357 1.5441 -0.0318
v -0.0645 1.5380 0.0081
v -0.0448 1.5434 -0.0246
v -0.0674 1.5594 0.0073
v -0.0473 1.5728 -0.0290
v -0.0556 1.5696 -0.0188
v -0.0068 1.5795 -0.0473
v -0.0625 1.5649 -0.0058
v -0.0384 1.5754 -0.0363
v -0.0422 1.6092 -0.0278
v -0.0695 1.5765 0.0154
v -0.0514 1.6031 -0.0196
v -0.0595 1.5954 -0.0085
v -0.0076 1.6189 -0.0377
v -0.0655 1.5865 0.0038
v -0.0060 1.6601 0.0627
v -0.0409 1.6487 0.0608
v -0.0475 1.6135 0.1116
v -0.0614 1.5946 0.0920
v -0.0559 1.6050 0.1023
v -0.0323 1.6550 0.0350
v -0.0430 1.5304 -0.0204
v -0.0338 1.5292 -0.0271
v -0.0369 1.6203 0.1177
v -0.0570 1.6107 0.0947
v -0.0626 1.5988 0.0850
v -0.0236 1.5280 -0.0319
v -0.0667 1.6089 0.0554
v -0.0611 1.6247 0.0575
v -0.0482 1.6209 0.1036
v -0.0131 1.5274 -0.0355
v -0.0543 1.4986 0.0201
v -0.0669 1.5362 0.0159
v -0.0703 1.5539 0.0176
v -0.0717 1.5661 0.0241
v -0.0594 1.6214 0.0730
v -0.0653 1.6061 0.0670
v -0.0037 1.5275 -0.0381
v -0.0498 1.6353 0.0785
v -0.0042 1.6395 0.1125
v -0.0078 1.6608 0.0347
v -0.0621 1.5219 0.0168
v -0.0263 1.6504 0.0830
v -0.0043 1.6297 0.1226
v -0.0153 1.5447 -0.0408
v -0.0384 1.6447 0.0813
v -0.0213 1.6168 -0.0358
v -0.0521 1.6388 0.0596
v -0.0046 1.6548 0.0845
v -0.0206 1.5814 -0.0454
v -0.0170 1.6585 0.0624
v -0.0373 1.6374 0.0972
v -0.0678 1.5346 0.0213
v -0.0715 1.5488 0.0247
v -0.0684 1.5684 0.0103
v -0.0139 1.6283 0.1221
v -0.0252 1.6253 0.1208
v -0.0206 1.6589 0.0346
v -0.0145 1.6535 0.0843
v -0.0260 1.5444 -0.0371
v -0.0325 1.6136 -0.0329
v -0.0289 1.5775 -0.0414
v -0.0290 1.6550 0.0616
v -0.0137 1.6462 0.1005
v -0.0252 1.6430 0.0993
v -0.0033 1.5000 -0.0274
v -0.0096 1.4880 -0.0204
v -0.0182 1.4896 -0.0169
v -0.0292 1.5040 -0.0170
v -0.0384 1.5073 -0.0106
v -0.0464 1.5108 -0.0023
v -0.0533 1.5135 0.0074
v -0.0578 1.5152 0.0149
v -0.0586 1.5098 0.0209
v -0.0265 1.4920 -0.0123
v -0.0014 1.4877 -0.0224
v -0.0513 1.5043 0.0102
v -0.0561 1.5077 0.0174
v -0.0093 1.4773 -0.0158
v -0.0354 1.4952 -0.0062
v -0.0441 1.4997 0.0012
v -0.0177 1.4792 -0.0131
v -0.0573 1.5024 0.0234
v -0.0400 1.5917 -0.0341
v -0.0572 1.5829 -0.0157
v -0.0073 1.5993 -0.0457
v -0.0637 1.5762 -0.0025
v -0.0711 1.5605 0.0201
v -0.0193 1.5969 -0.0429
v -0.0304 1.5946 -0.0394
v -0.0726 1.5567 0.0297
v -0.0722 1.5532 0.0268
v -0.0622 1.5288 0.0098
v -0.0645 1.5283 0.0159
v -0.0660 1.5856 0.0767
v -0.0684 1.5918 0.0624
v -0.0695 1.5938 0.0538
v -0.0715 1.5788 0.0519
v -0.0689 1.5705 0.0686
v -0.0708 1.5770 0.0581
v -0.0732 1.5639 0.0499
v -0.0719 1.5540 0.0606
v -0.0728 1.5622 0.0541
v -0.0605 1.5113 0.0236
v -0.0634 1.5223 0.0206
v -0.0596 1.5058 0.0256
v -0.0654 1.5279 0.0205
v -0.0711 1.5513 0.0649
v -0.0678 1.5675 0.0737
v -0.0735 1.5639 0.0451
v -0.0702 1.5935 0.0440
v -0.0720 1.5784 0.0450
v -0.0648 1.5823 0.0829
v -0.0112 1.5000 -0.0251
v -0.0198 1.5013 -0.0216
v -0.0580 1.6164 0.0854
v -0.0639 1.6028 0.0768
v -0.0487 1.6285 0.0931
v -0.0042 1.6478 0.1006
v -0.0601 1.5162 0.0188
v -0.0371 1.6288 0.1088
v -0.0136 1.6378 0.1121
v -0.0251 1.6344 0.1111
v -0.0042 1.5127 -0.0325
v -0.0315 1.5161 -0.0221
v -0.0409 1.5189 -0.0156
v -0.0489 1.5210 -0.0065
v -0.0555 1.5216 0.0041
v -0.0598 1.5216 0.0122
v -0.0672 1.5891 0.0700
v -0.0698 1.5742 0.0636
v -0.0723 1.5589 0.0577
v -0.0618 1.5167 0.0218
v -0.0701 1.5422 0.0229
v -0.0689 1.5454 0.0163
v -0.0662 1.5489 0.0069
v -0.0614 1.5523 -0.0054
v -0.0735 1.5622 0.0396
v -0.0724 1.5754 0.0373
v -0.0706 1.5899 0.0332
v -0.0681 1.6037 0.0268
v -0.0636 1.6173 0.0198
v -0.0555 1.6312 0.0134
v -0.0455 1.6417 0.0083
v -0.0346 1.6482 0.0051
v -0.0228 1.6521 0.0036
v -0.0086 1.6542 0.0032
v -0.0545 1.5554 -0.0177
v -0.0461 1.5579 -0.0279
v -0.0371 1.5597 -0.0353
v -0.0276 1.5611 -0.0406
v -0.0171 1.5621 -0.0442
v -0.0062 1.5620 -0.0464
v 0.0431 1.6485 0.0358
v 0.0345 1.6330 -0.0188
v 0.0229 1.6367 -0.0210
v 0.0544 1.6183 -0.0068
v 0.0704 1.5839 0.0230
v 0.0448 1.6270 -0.0143
v 0.0673 1.5960 0.0135
v 0.0676 1.6087 0.0415
v 0.0577 1.5298 0.0003
v 0.0539 1.6379 0.0371
v 0.0626 1.6236 0.0390
v 0.0512 1.5310 -0.0108
v 0.0722 1.5711 0.0299
v 0.0731 1.5597 0.0341
v 0.0084 1.6388 -0.0220
v 0.0623 1.6074 0.0032
v 0.0489 1.5880 -0.0264
v 0.0068 1.4774 -0.0174
v 0.0140 1.5141 -0.0303
v 0.0239 1.5161 -0.0269
v 0.0293 1.4861 -0.0088
v 0.0363 1.4892 -0.0029
v 0.0428 1.4922 0.0043
v 0.0487 1.4952 0.0112
v 0.0531 1.5419 -0.0146
v 0.0063 1.5446 -0.0434
v 0.0599 1.5399 -0.0027
v 0.0358 1.5446 -0.0318
v 0.0645 1.5380 0.0081
v 0.0448 1.5437 -0.0246
v 0.0674 1.5594 0.0073
v 0.0473 1.5728 -0.0290
v 0.0556 1.5696 -0.0188
v 0.0062 1.5797 -0.0476
v 0.0625 1.5649 -0.0058
v 0.0384 1.5754 -0.0363
v 0.0422 1.6092 -0.0278
v 0.0695 1.5765 0.0154
v 0.0514 1.6031 -0.0196
v 0.0595 1.5954 -0.0085
v 0.0076 1.6189 -0.0377
v 0.0655 1.5865 0.0038
v 0.0043 1.6602 0.0628
v 0.0401 1.6488 0.0606
v 0.0475 1.6135 0.1116
v 0.0614 1.5946 0.0920
v 0.0559 1.6050 0.1023
v 0.0290 1.6418 0.0992
v 0.0433 1.5316 -0.0204
v 0.0344 1.5308 -0.0272
v 0.0369 1.6203 0.1177
v 0.0570 1.6107 0.0947
v 0.0626 1.5988 0.0850
v 0.0250 1.5295 -0.0322
v 0.0666 1.6090 0.0552
v 0.0609 1.6248 0.0572
v 0.0482 1.6209 0.1036
v 0.0152 1.5284 -0.0359
v 0.0537 1.4990 0.0165
v 0.0669 1.5362 0.0159
v 0.0703 1.5539 0.0176
v 0.0717 1.5661 0.0241
v 0.0594 1.6214 0.0730
v 0.0653 1.6062 0.0670
v 0.0054 1.5277 -0.0383
v 0.0497 1.6353 0.0785
v 0.0042 1.6395 0.1125
v 0.0061 1.6609 0.0348
v 0.0622 1.5219 0.0162
v 0.0159 1.6527 0.0840
v 0.0043 1.6297 0.1226
v 0.0161 1.5450 -0.0411
v 0.0381 1.6447 0.0812
v 0.0213 1.6168 -0.0358
v 0.0516 1.6389 0.0594
v 0.0043 1.6549 0.0845
v 0.0188 1.5790 -0.0447
v 0.0184 1.6594 0.0378
v 0.0374 1.6373 0.0972
v 0.0678 1.5346 0.0213
v 0.0715 1.5488 0.0247
v 0.0684 1.5684 0.0103
v 0.0282 1.6332 0.1115
v 0.0130 1.6283 0.1223
v 0.0289 1.6561 0.0378
v 0.0153 1.6585 0.0630
v 0.0263 1.5449 -0.0371
v 0.0325 1.6136 -0.0329
v 0.0287 1.5775 -0.0415
v 0.0295 1.6492 0.0824
v 0.0155 1.6456 0.1005
v 0.0048 1.5005 -0.0274
v 0.0143 1.4899 -0.0204
v 0.0223 1.4929 -0.0170
v 0.0316 1.5077 -0.0172
v 0.0395 1.5109 -0.0108
v 0.0465 1.5128 -0.0026
v 0.0527 1.5136 0.0056
v 0.0576 1.5146 0.0121
v 0.0588 1.5100 0.0185
v 0.0300 1.4963 -0.0125
v 0.0064 1.4883 -0.0224
v 0.0504 1.5048 0.0079
v 0.0557 1.5075 0.0138
v 0.0147 1.4795 -0.0161
v 0.0373 1.4996 -0.0065
v 0.0441 1.5025 0.0008
v 0.0222 1.4827 -0.0132
v 0.0569 1.5032 0.0203
v 0.0400 1.5917 -0.0341
v 0.0572 1.5829 -0.0157
v 0.0065 1.5991 -0.0457
v 0.0637 1.5762 -0.0025
v 0.0711 1.5605 0.0201
v 0.0195 1.5970 -0.0429
v 0.0304 1.5946 -0.0394
v 0.0726 1.5567 0.0297
v 0.0722 1.5532 0.0268
v 0.0622 1.5288 0.0095
v 0.0645 1.5283 0.0158
v 0.0660 1.5856 0.0767
v 0.0684 1.5918 0.0624
v 0.0695 1.5939 0.0537
v 0.0714 1.5790 0.0518
v 0.0689 1.5705 0.0686
v 0.0708 1.5770 0.0581
v 0.0732 1.5640 0.0498
v 0.0719 1.5540 0.0606
v 0.0728 1.5622 0.0541
v 0.0603 1.5114 0.0218
v 0.0635 1.5224 0.0204
v 0.0589 1.5067 0.0225
v 0.0655 1.5279 0.0205
v 0.0711 1.5513 0.0649
v 0.0678 1.5675 0.0737
v 0.0734 1.5640 0.0450
v 0.0702 1.5937 0.0438
v 0.0720 1.5786 0.0449
v 0.0648 1.5823 0.0829
v 0.0138 1.5017 -0.0252
v 0.0231 1.5042 -0.0217
v 0.0580 1.6164 0.0854
v 0.0639 1.6028 0.0768
v 0.0487 1.6285 0.0931
v 0.0042 1.6478 0.1006
v 0.0603 1.5161 0.0171
v 0.0373 1.6288 0.1088
v 0.0295 1.6545 0.0616
v 0.0147 1.6373 0.1127
v 0.0044 1.5131 -0.0325
v 0.0330 1.5190 -0.0223
v 0.0416 1.5214 -0.0157
v 0.0490 1.5221 -0.0066
v 0.0552 1.5216 0.0031
v 0.0598 1.5213 0.0108
v 0.0672 1.5891 0.0700
v 0.0698 1.5742 0.0636
v 0.0723 1.5589 0.0577
v 0.0618 1.5167 0.0210
v 0.0701 1.5422 0.0229
v 0.0689 1.5454 0.0163
v 0.0662 1.5489 0.0069
v 0.0614 1.5523 -0.0054
v 0.0735 1.5622 0.0396
v 0.0724 1.5754 0.0373
v 0.0706 1.5899 0.0332
v 0.0681 1.6037 0.0268
v 0.0636 1.6173 0.0198
v 0.0555 1.6312 0.0134
v 0.0454 1.6418 0.0083
v 0.0342 1.6483 0.0052
v 0.0224 1.6522 0.0036
v 0.0083 1.6543 0.0033
v 0.0545 1.5554 -0.0177
v 0.0461 1.5579 -0.0279
v 0.0371 1.5597 -0.0353
v 0.0276 1.5611 -0.0406
v 0.0163 1.5637 -0.0447
v 0.0066 1.5609 -0.0461
v 0.0264 1.6247 0.1208
v -0.0189 1.6307 0.1161
v -0.0409 1.6124 0.1178
v -0.0302 1.6176 0.1226
v -0.0501 1.6057 0.1101
v -0.0568 1.5972 0.1000
v -0.0640 1.5738 0.0812
v -0.0611 1.5866 0.0902
v -0.0625 1.5904 0.0838
v -0.0717 1.5669 0.0353
v -0.0495 1.6300 -0.0007
v -0.0398 1.6377 -0.0057
v -0.0680 1.5937 0.0241
v -0.0646 1.6061 0.0156
v -0.0718 1.5557 0.0382
v -0.0695 1.5465 0.0649
v -0.0672 1.5586 0.0718
v -0.0723 1.5570 0.0428
v -0.0714 1.5536 0.0337
v -0.0708 1.5482 0.0289
v -0.0653 1.5309 0.0234
v -0.0678 1.5375 0.0251
v -0.0585 1.6276 0.0274
v -0.0387 1.6487 0.0211
v -0.0004 1.6577 0.0191
v -0.0489 1.6406 0.0238
v -0.0010 1.6600 0.0497
v -0.0005 1.6569 0.0739
v -0.0329 1.6494 0.0718
v -0.0500 1.4913 0.0195
v -0.0445 1.4864 0.0114
v -0.0376 1.4821 0.0032
v -0.0298 1.4785 -0.0035
v -0.0215 1.4756 -0.0083
v -0.0569 1.5010 0.0269
v 0.0030 1.4723 -0.0134
v -0.0627 1.5254 0.0186
v -0.0581 1.5258 0.0077
v -0.0524 1.5264 -0.0026
v -0.0452 1.5259 -0.0129
v -0.0366 1.5240 -0.0207
v -0.0270 1.5219 -0.0260
v 0.0006 1.5202 -0.0345
v -0.0650 1.5319 0.0187
v -0.0603 1.5342 0.0049
v -0.0546 1.5356 -0.0063
v -0.0473 1.5369 -0.0172
v -0.0387 1.5371 -0.0253
v -0.0294 1.5367 -0.0311
v 0.0010 1.5364 -0.0400
v -0.0673 1.5397 0.0195
v -0.0622 1.5449 0.0024
v -0.0564 1.5475 -0.0096
v -0.0488 1.5499 -0.0208
v -0.0402 1.5516 -0.0294
v -0.0311 1.5527 -0.0355
v 0.0016 1.5532 -0.0441
v -0.0701 1.5542 0.0227
v -0.0644 1.5674 0.0027
v -0.0587 1.5737 -0.0109
v -0.0512 1.5785 -0.0226
v -0.0427 1.5819 -0.0312
v -0.0338 1.5846 -0.0373
v -0.0003 1.5894 -0.0461
v -0.0712 1.5632 0.0295
v -0.0672 1.5860 0.0140
v -0.0627 1.5964 0.0029
v -0.0560 1.6060 -0.0083
v -0.0472 1.6143 -0.0180
v -0.0379 1.6205 -0.0240
v 0.0000 1.6286 -0.0303
v -0.0360 1.6516 0.0490
v -0.0472 1.6435 0.0489
v -0.0444 1.6420 0.0704
v -0.0584 1.6022 0.0931
v -0.0569 1.6314 0.0487
v -0.0638 1.6168 0.0487
v -0.0515 1.6122 0.1031
v -0.0648 1.6133 0.0318
v -0.0680 1.5992 0.0366
v -0.0716 1.5699 0.0418
v -0.0418 1.6204 0.1104
v -0.0306 1.6266 0.1143
v -0.0190 1.6211 0.1250
v 0.0000 1.6236 0.1262
v -0.0088 1.6230 0.1259
v -0.0624 1.6149 0.0631
v -0.0547 1.6304 0.0676
v -0.0674 1.6015 0.0489
v -0.0664 1.5999 0.0596
v -0.0536 1.4964 0.0242
v -0.0611 1.5254 0.0142
v -0.0636 1.5330 0.0131
v -0.0657 1.5422 0.0126
v -0.0683 1.5607 0.0144
v -0.0698 1.5744 0.0233
v -0.0701 1.5844 0.0401
v -0.0532 1.6254 0.0831
v -0.0608 1.6113 0.0753
v -0.0651 1.5974 0.0688
v -0.0427 1.6362 0.0881
v -0.0001 1.6503 0.0929
v -0.0085 1.6331 0.1167
v -0.0000 1.6339 0.1169
v -0.0311 1.6433 0.0905
v -0.0087 1.6495 0.0929
v -0.0153 1.6274 -0.0292
v -0.0152 1.5900 -0.0440
v -0.0050 1.4723 -0.0127
v -0.0127 1.6591 0.0495
v -0.0155 1.6565 0.0191
v -0.0102 1.5537 -0.0429
v -0.0085 1.5363 -0.0384
v -0.0077 1.5200 -0.0329
v -0.0099 1.6561 0.0739
v -0.0210 1.6539 0.0731
v -0.0132 1.4735 -0.0112
v -0.0166 1.5204 -0.0298
v -0.0234 1.5871 -0.0417
v -0.0214 1.5535 -0.0399
v -0.0192 1.5363 -0.0354
v -0.0277 1.6247 -0.0275
v -0.0273 1.6538 0.0195
v -0.0243 1.6566 0.0492
v -0.0192 1.6475 0.0923
v 0.0018 1.4944 -0.0240
v -0.0058 1.4942 -0.0228
v -0.0140 1.4949 -0.0200
v -0.0228 1.4971 -0.0160
v -0.0315 1.4999 -0.0108
v -0.0403 1.5037 -0.0037
v -0.0477 1.5077 0.0047
v -0.0539 1.5109 0.0137
v -0.0571 1.5129 0.0188
v -0.0591 1.5140 0.0218
v -0.0579 1.5079 0.0238
v -0.0555 1.5051 0.0212
v -0.0457 1.4971 0.0077
v -0.0381 1.4922 -0.0002
v -0.0288 1.4882 -0.0066
v -0.0210 1.4858 -0.0117
v -0.0130 1.4837 -0.0155
v -0.0048 1.4827 -0.0179
v 0.0027 1.4828 -0.0189
v -0.0521 1.5019 0.0164
v -0.0586 1.6188 0.0070
v -0.0000 1.6467 -0.0101
v -0.0702 1.5800 0.0311
v -0.0163 1.6453 -0.0096
v -0.0286 1.6426 -0.0087
v -0.0711 1.5511 0.0308
v -0.0356 1.6018 -0.0335
v -0.0446 1.5979 -0.0270
v -0.0657 1.5770 0.0071
v -0.0707 1.5591 0.0254
v -0.0533 1.5925 -0.0177
v -0.0604 1.5854 -0.0057
v -0.0000 1.6084 -0.0416
v -0.0691 1.5679 0.0179
v -0.0139 1.6073 -0.0402
v -0.0256 1.6049 -0.0375
v -0.0698 1.5439 0.0271
v -0.0634 1.5567 0.0011
v -0.0691 1.5480 0.0208
v -0.0415 1.5666 -0.0318
v -0.0500 1.5642 -0.0232
v -0.0576 1.5609 -0.0119
v -0.0000 1.5696 -0.0458
v -0.0325 1.5685 -0.0378
v -0.0673 1.5523 0.0126
v -0.0142 1.5725 -0.0451
v -0.0228 1.5703 -0.0421
v -0.0655 1.5767 0.0753
v -0.0695 1.5865 0.0488
v -0.0688 1.5854 0.0565
v -0.0678 1.5832 0.0634
v -0.0688 1.5602 0.0662
v -0.0712 1.5714 0.0480
v -0.0708 1.5704 0.0533
v -0.0702 1.5680 0.0581
v -0.0707 1.5450 0.0595
v -0.0724 1.5573 0.0470
v -0.0722 1.5565 0.0506
v -0.0718 1.5543 0.0536
v -0.0585 1.5051 0.0276
v -0.0633 1.5254 0.0228
v -0.0605 1.5146 0.0249
v -0.0593 1.5101 0.0264
v -0.0001 1.5070 -0.0290
v -0.0079 1.5068 -0.0277
v -0.0155 1.5071 -0.0248
v -0.0249 1.5092 -0.0209
v -0.0522 1.6189 0.0944
v -0.0421 1.6285 0.1010
v -0.0343 1.5122 -0.0158
v -0.0595 1.6070 0.0851
v -0.0638 1.5941 0.0768
v -0.0429 1.5153 -0.0082
v -0.0000 1.6431 0.1061
v -0.0306 1.6353 0.1039
v -0.0084 1.6422 0.1059
v -0.0501 1.5176 0.0012
v -0.0589 1.5193 0.0164
v -0.0607 1.5199 0.0198
v -0.0187 1.6397 0.1054
v -0.0559 1.5186 0.0109
v -0.0667 1.5801 0.0695
v -0.0695 1.5643 0.0622
v -0.0714 1.5501 0.0562
v -0.0617 1.5201 0.0233
v 0.0409 1.6124 0.1178
v 0.0301 1.6176 0.1225
v 0.0501 1.6057 0.1101
v 0.0568 1.5972 0.1000
v 0.0640 1.5738 0.0812
v 0.0611 1.5866 0.0902
v 0.0622 1.5903 0.0837
v 0.0713 1.5669 0.0353
v 0.0492 1.6299 -0.0006
v 0.0395 1.6375 -0.0056
v 0.0677 1.5937 0.0242
v 0.0643 1.6060 0.0156
v 0.0718 1.5557 0.0382
v 0.0695 1.5465 0.0649
v 0.0672 1.5586 0.0718
v 0.0723 1.5571 0.0428
v 0.0714 1.5536 0.0337
v 0.0708 1.5482 0.0289
v 0.0653 1.5309 0.0234
v 0.0678 1.5375 0.0251
v 0.0581 1.6275 0.0274
v 0.0379 1.6485 0.0213
v 0.0484 1.6404 0.0237
v 0.0328 1.6490 0.0716
v 0.0492 1.4923 0.0168
v 0.0443 1.4888 0.0110
v 0.0383 1.4860 0.0036
v 0.0317 1.4832 -0.0033
v 0.0251 1.4799 -0.0084
v 0.0556 1.5023 0.0229
v 0.0624 1.5255 0.0185
v 0.0576 1.5258 0.0070
v 0.0521 1.5268 -0.0027
v 0.0452 1.5274 -0.0128
v 0.0371 1.5263 -0.0206
v 0.0283 1.5242 -0.0259
v 0.0647 1.5320 0.0188
v 0.0600 1.5343 0.0049
v 0.0544 1.5358 -0.0062
v 0.0471 1.5374 -0.0170
v 0.0387 1.5380 -0.0251
v 0.0297 1.5378 -0.0309
v 0.0669 1.5398 0.0196
v 0.0619 1.5449 0.0025
v 0.0561 1.5476 -0.0094
v 0.0485 1.5500 -0.0206
v 0.0400 1.5518 -0.0291
v 0.0310 1.5530 -0.0352
v 0.0697 1.5543 0.0228
v 0.0641 1.5674 0.0028
v 0.0584 1.5737 -0.0107
v 0.0510 1.5785 -0.0224
v 0.0425 1.5819 -0.0310
v 0.0337 1.5846 -0.0370
v 0.0709 1.5632 0.0295
v 0.0668 1.5859 0.0141
v 0.0623 1.5964 0.0030
v 0.0557 1.6059 -0.0082
v 0.0469 1.6142 -0.0178
v 0.0377 1.6204 -0.0238
v 0.0349 1.6513 0.0491
v 0.0462 1.6433 0.0486
v 0.0437 1.6418 0.0703
v 0.0581 1.6021 0.0930
v 0.0562 1.6314 0.0483
v 0.0633 1.6167 0.0483
v 0.0512 1.6121 0.1029
v 0.0644 1.6132 0.0317
v 0.0677 1.5992 0.0366
v 0.0713 1.5699 0.0417
v 0.0416 1.6202 0.1102
v 0.0312 1.6260 0.1142
v 0.0080 1.6231 0.1260
v 0.0620 1.6148 0.0629
v 0.0543 1.6303 0.0674
v 0.0670 1.6016 0.0486
v 0.0660 1.5999 0.0594
v 0.0528 1.4970 0.0207
v 0.0608 1.5253 0.0139
v 0.0633 1.5331 0.0132
v 0.0654 1.5423 0.0127
v 0.0679 1.5607 0.0145
v 0.0695 1.5744 0.0234
v 0.0697 1.5844 0.0401
v 0.0529 1.6252 0.0830
v 0.0605 1.6113 0.0752
v 0.0648 1.5974 0.0688
v 0.0423 1.6360 0.0880
v 0.0087 1.6329 0.1168
v 0.0320 1.6427 0.0902
v 0.0092 1.6493 0.0928
v 0.0153 1.6274 -0.0292
v 0.0128 1.5886 -0.0443
v 0.0108 1.4737 -0.0131
v 0.0103 1.6593 0.0501
v 0.0145 1.6567 0.0194
v 0.0112 1.5538 -0.0430
v 0.0103 1.5367 -0.0389
v 0.0094 1.5208 -0.0332
v 0.0092 1.6560 0.0739
v 0.0181 1.4765 -0.0116
v 0.0189 1.5222 -0.0300
v 0.0237 1.5868 -0.0411
v 0.0214 1.5537 -0.0396
v 0.0201 1.5373 -0.0354
v 0.0276 1.6245 -0.0272
v 0.0259 1.6538 0.0199
v 0.0095 1.4953 -0.0229
v 0.0177 1.4975 -0.0198
v 0.0258 1.5008 -0.0159
v 0.0334 1.5042 -0.0108
v 0.0406 1.5072 -0.0038
v 0.0471 1.5092 0.0040
v 0.0530 1.5107 0.0108
v 0.0569 1.5128 0.0161
v 0.0587 1.5141 0.0202
v 0.0573 1.5085 0.0214
v 0.0552 1.5059 0.0179
v 0.0450 1.4992 0.0069
v 0.0387 1.4963 -0.0002
v 0.0319 1.4931 -0.0066
v 0.0248 1.4899 -0.0116
v 0.0175 1.4866 -0.0154
v 0.0101 1.4839 -0.0180
v 0.0510 1.5022 0.0132
v 0.0583 1.6187 0.0071
v 0.0698 1.5800 0.0311
v 0.0162 1.6454 -0.0096
v 0.0284 1.6424 -0.0085
v 0.0711 1.5511 0.0308
v 0.0354 1.6018 -0.0332
v 0.0443 1.5979 -0.0268
v 0.0654 1.5770 0.0072
v 0.0704 1.5591 0.0255
v 0.0530 1.5924 -0.0175
v 0.0601 1.5854 -0.0056
v 0.0688 1.5679 0.0180
v 0.0139 1.6073 -0.0402
v 0.0255 1.6048 -0.0372
v 0.0698 1.5439 0.0271
v 0.0631 1.5567 0.0012
v 0.0687 1.5481 0.0209
v 0.0412 1.5667 -0.0315
v 0.0497 1.5643 -0.0230
v 0.0573 1.5610 -0.0117
v 0.0323 1.5686 -0.0375
v 0.0669 1.5523 0.0127
v 0.0114 1.5720 -0.0449
v 0.0222 1.5713 -0.0419
v 0.0651 1.5767 0.0752
v 0.0691 1.5866 0.0486
v 0.0684 1.5854 0.0564
v 0.0674 1.5832 0.0633
v 0.0685 1.5602 0.0661
v 0.0708 1.5716 0.0478
v 0.0705 1.5705 0.0532
v 0.0698 1.5680 0.0580
v 0.0707 1.5450 0.0595
v 0.0723 1.5575 0.0468
v 0.0722 1.5566 0.0506
v 0.0718 1.5543 0.0536
v 0.0579 1.5067 0.0240
v 0.0633 1.5254 0.0228
v 0.0603 1.5144 0.0237
v 0.0591 1.5106 0.0240
v 0.0082 1.5077 -0.0278
v 0.0180 1.5094 -0.0247
v 0.0271 1.5124 -0.0208
v 0.0519 1.6188 0.0943
v 0.0419 1.6283 0.1008
v 0.0355 1.5157 -0.0157
v 0.0591 1.6069 0.0850
v 0.0634 1.5941 0.0767
v 0.0431 1.5179 -0.0082
v 0.0315 1.6347 0.1038
v 0.0089 1.6420 0.1061
v 0.0497 1.5184 0.0009
v 0.0587 1.5190 0.0147
v 0.0604 1.5200 0.0190
v 0.0552 1.5183 0.0090
v 0.0663 1.5801 0.0695
v 0.0691 1.5643 0.0621
v 0.0714 1.5501 0.0562
v 0.0616 1.5200 0.0230
v 0.0228 1.6290 0.1164
v 0.0197 1.6298 0.1168
v 0.0207 1.6222 0.1234
v 0.0143 1.6237 0.1242
v 0.0254 1.6521 0.0727
v 0.0222 1.6528 0.0731
v 0.0199 1.6574 0.0545
v 0.0223 1.6569 0.0540
v 0.0195 1.6580 0.0486
v 0.0229 1.6460 0.0917
v 0.0260 1.6452 0.0914
v 0.0217 1.6386 0.1065
v 0.0246 1.6377 0.1061
v -0.0592 1.5922 0.0950
v -0.0656 1.5664 0.0765
v -0.0439 1.6452 0.0223
v -0.0482 1.6428 0.0366
v -0.0417 1.6480 0.0490
v -0.0375 1.6509 0.0355
v -0.0538 1.6017 0.1052
v -0.0330 1.6229 -0.0260
v -0.0391 1.6296 -0.0161
v -0.0343 1.6405 -0.0074
v -0.0284 1.6342 -0.0193
v -0.0219 1.6262 -0.0284
v -0.0228 1.6441 -0.0093
v -0.0159 1.6369 -0.0206
v -0.0518 1.6104 -0.0135
v -0.0575 1.6127 -0.0014
v -0.0543 1.6248 0.0029
v -0.0486 1.6225 -0.0104
v -0.0687 1.5803 0.0190
v -0.0701 1.5773 0.0269
v -0.0692 1.5870 0.0279
v -0.0677 1.5900 0.0187
v -0.0426 1.6177 -0.0214
v -0.0447 1.6343 -0.0035
v -0.0652 1.5913 0.0085
v -0.0665 1.6000 0.0199
v -0.0638 1.6015 0.0087
v -0.0659 1.6092 0.0488
v -0.0644 1.6157 0.0404
v -0.0667 1.6063 0.0343
v -0.0678 1.6009 0.0429
v -0.0555 1.5261 0.0029
v -0.0592 1.5297 0.0063
v -0.0577 1.5349 -0.0005
v -0.0536 1.5308 -0.0045
v -0.0686 1.5514 0.0678
v -0.0539 1.6345 0.0255
v -0.0578 1.6301 0.0383
v -0.0523 1.6379 0.0488
v -0.0621 1.6204 0.0295
v -0.0608 1.6243 0.0487
v -0.0512 1.5364 -0.0120
v -0.0463 1.5312 -0.0152
v -0.0490 1.5263 -0.0080
v -0.0475 1.4888 0.0157
v -0.0412 1.4841 0.0072
v -0.0338 1.4802 -0.0004
v -0.0256 1.4770 -0.0062
v -0.0707 1.5686 0.0268
v -0.0715 1.5651 0.0322
v -0.0710 1.5733 0.0335
v -0.0715 1.5583 0.0317
v -0.0716 1.5547 0.0358
v -0.0720 1.5611 0.0368
v -0.0079 1.6282 -0.0299
v -0.0085 1.6463 -0.0099
v -0.0000 1.6382 -0.0214
v -0.0596 1.6013 -0.0028
v -0.0621 1.6124 0.0112
v -0.0471 1.5803 -0.0273
v -0.0521 1.5855 -0.0207
v -0.0490 1.5954 -0.0227
v -0.0436 1.5898 -0.0296
v -0.0519 1.4939 0.0222
v -0.0048 1.4775 -0.0155
v -0.0010 1.4827 -0.0186
v 0.0029 1.4775 -0.0163
v -0.0010 1.4721 -0.0132
v -0.0116 1.5068 -0.0264
v -0.0160 1.5135 -0.0272
v -0.0120 1.5201 -0.0315
v -0.0079 1.5131 -0.0302
v -0.0201 1.5079 -0.0230
v -0.0259 1.5154 -0.0234
v -0.0218 1.5211 -0.0280
v -0.0290 1.4832 -0.0051
v -0.0248 1.4869 -0.0093
v -0.0211 1.4807 -0.0100
v -0.0378 1.4871 0.0014
v -0.0335 1.4900 -0.0035
v -0.0451 1.4918 0.0094
v -0.0421 1.4945 0.0035
v -0.0511 1.4968 0.0178
v -0.0492 1.4996 0.0123
v -0.0173 1.4745 -0.0099
v -0.0556 1.5412 -0.0080
v -0.0528 1.5487 -0.0155
v -0.0481 1.5432 -0.0191
v -0.0036 1.5363 -0.0395
v -0.0094 1.5450 -0.0409
v -0.0041 1.5534 -0.0438
v 0.0014 1.5447 -0.0423
v -0.0613 1.5393 0.0036
v -0.0596 1.5462 -0.0036
v -0.0341 1.5369 -0.0285
v -0.0395 1.5442 -0.0275
v -0.0357 1.5523 -0.0327
v -0.0304 1.5447 -0.0335
v -0.0622 1.5336 0.0094
v -0.0647 1.5374 0.0128
v -0.0642 1.5435 0.0078
v -0.0431 1.5371 -0.0216
v -0.0446 1.5508 -0.0254
v -0.0656 1.5545 0.0072
v -0.0678 1.5567 0.0132
v -0.0666 1.5641 0.0089
v -0.0639 1.5623 0.0015
v -0.0458 1.5655 -0.0278
v -0.0506 1.5714 -0.0234
v -0.0421 1.5742 -0.0319
v -0.0540 1.5627 -0.0179
v -0.0581 1.5675 -0.0119
v -0.0551 1.5763 -0.0171
v -0.0087 1.5726 -0.0461
v -0.0152 1.5809 -0.0447
v -0.0069 1.5891 -0.0455
v 0.0000 1.5798 -0.0468
v -0.0608 1.5589 -0.0054
v -0.0618 1.5707 -0.0041
v -0.0370 1.5676 -0.0351
v -0.0384 1.5833 -0.0346
v -0.0331 1.5765 -0.0379
v -0.0401 1.6000 -0.0306
v -0.0458 1.6061 -0.0233
v -0.0367 1.6111 -0.0297
v -0.0677 1.5725 0.0129
v -0.0695 1.5712 0.0204
v -0.0665 1.5816 0.0102
v -0.0546 1.5993 -0.0136
v -0.0571 1.5891 -0.0120
v -0.0615 1.5910 -0.0019
v -0.0071 1.6081 -0.0412
v -0.0146 1.6174 -0.0357
v -0.0000 1.6185 -0.0369
v -0.0633 1.5814 0.0008
v -0.0112 1.6582 0.0625
v -0.0050 1.6566 0.0739
v -0.0008 1.6590 0.0625
v -0.0069 1.6598 0.0496
v -0.0458 1.6433 0.0602
v -0.0387 1.6461 0.0712
v -0.0344 1.6511 0.0610
v -0.0509 1.6090 0.1067
v -0.0457 1.6092 0.1144
v -0.0415 1.6165 0.1143
v -0.0469 1.6165 0.1072
v -0.0578 1.5998 0.0966
v -0.0607 1.5965 0.0883
v -0.0620 1.5886 0.0870
v -0.0553 1.6074 0.0982
v -0.0302 1.6544 0.0491
v -0.0260 1.6560 0.0348
v -0.0331 1.6515 0.0201
v -0.0377 1.5303 -0.0231
v -0.0411 1.5251 -0.0172
v -0.0282 1.5291 -0.0286
v -0.0320 1.5229 -0.0236
v -0.0364 1.6237 0.1128
v -0.0357 1.6152 0.1205
v -0.0305 1.6222 0.1186
v -0.0562 1.6132 0.0899
v -0.0589 1.6046 0.0893
v -0.0519 1.6155 0.0990
v -0.0619 1.6006 0.0808
v -0.0631 1.5923 0.0804
v -0.0244 1.5365 -0.0335
v -0.0178 1.5281 -0.0326
v -0.0669 1.6010 0.0544
v -0.0647 1.6073 0.0612
v -0.0631 1.6164 0.0562
v -0.0590 1.6229 0.0653
v -0.0558 1.6315 0.0585
v -0.0474 1.6241 0.0982
v -0.0420 1.6244 0.1060
v -0.0138 1.5363 -0.0371
v -0.0079 1.5278 -0.0357
v -0.0554 1.4988 0.0258
v -0.0547 1.5009 0.0225
v -0.0541 1.5036 0.0193
v -0.0645 1.5324 0.0162
v -0.0662 1.5357 0.0191
v -0.0667 1.5409 0.0164
v -0.0684 1.5501 0.0171
v -0.0697 1.5514 0.0217
v -0.0694 1.5574 0.0189
v -0.0701 1.5634 0.0221
v -0.0710 1.5612 0.0273
v -0.0616 1.6132 0.0695
v -0.0574 1.6185 0.0793
v -0.0538 1.6282 0.0758
v -0.0658 1.5988 0.0644
v -0.0633 1.6043 0.0718
v -0.0036 1.5201 -0.0340
v 0.0008 1.5280 -0.0374
v -0.0498 1.6368 0.0693
v -0.0482 1.6313 0.0860
v -0.0433 1.6395 0.0798
v -0.0040 1.6428 0.1060
v -0.0084 1.6378 0.1115
v -0.0041 1.6337 0.1168
v -0.0000 1.6387 0.1117
v -0.0008 1.6597 0.0349
v -0.0082 1.6574 0.0191
v -0.0143 1.6587 0.0347
v -0.0599 1.5223 0.0152
v -0.0599 1.5196 0.0182
v -0.0616 1.5226 0.0190
v -0.0620 1.5254 0.0165
v -0.0199 1.6510 0.0834
v -0.0269 1.6520 0.0724
v -0.0318 1.6468 0.0817
v -0.0251 1.6457 0.0915
v -0.0087 1.6282 0.1215
v -0.0043 1.6234 0.1261
v 0.0000 1.6290 0.1217
v -0.0204 1.5449 -0.0379
v -0.0160 1.5537 -0.0416
v -0.0369 1.6402 0.0895
v -0.0200 1.6062 -0.0390
v -0.0267 1.6148 -0.0334
v -0.0091 1.6530 0.0841
v -0.0042 1.6500 0.0929
v -0.0002 1.6538 0.0841
v -0.0178 1.5731 -0.0444
v -0.0227 1.5797 -0.0427
v -0.0200 1.5893 -0.0431
v -0.0225 1.6558 0.0618
v -0.0153 1.6552 0.0736
v -0.0185 1.6581 0.0494
v -0.0423 1.6325 0.0951
v -0.0364 1.6322 0.1027
v -0.0307 1.6395 0.0977
v -0.0677 1.5386 0.0223
v -0.0653 1.5314 0.0210
v -0.0666 1.5341 0.0241
v -0.0696 1.5460 0.0240
v -0.0704 1.5463 0.0281
v -0.0706 1.5512 0.0259
v -0.0687 1.5644 0.0159
v -0.0650 1.5723 0.0046
v -0.0137 1.6222 0.1256
v -0.0135 1.6321 0.1165
v -0.0190 1.6261 0.1207
v -0.0245 1.6196 0.1241
v -0.0247 1.6289 0.1154
v -0.0091 1.4727 -0.0121
v -0.0216 1.6554 0.0192
v -0.0137 1.6487 0.0928
v -0.0264 1.5532 -0.0379
v -0.0308 1.6035 -0.0357
v -0.0277 1.5693 -0.0401
v -0.0290 1.5858 -0.0395
v -0.0133 1.6412 0.1058
v -0.0085 1.6460 0.1000
v -0.0189 1.6437 0.0994
v -0.0246 1.6378 0.1048
v -0.0626 1.5805 0.0857
v -0.0070 1.5004 -0.0253
v -0.0040 1.5069 -0.0286
v 0.0007 1.5007 -0.0265
v -0.0019 1.4943 -0.0237
v -0.0088 1.4830 -0.0169
v -0.0133 1.4891 -0.0177
v -0.0098 1.4944 -0.0216
v -0.0051 1.4883 -0.0204
v -0.0171 1.4847 -0.0138
v -0.0217 1.4913 -0.0137
v -0.0183 1.4959 -0.0181
v -0.0330 1.5061 -0.0132
v -0.0297 1.5106 -0.0186
v -0.0239 1.5031 -0.0184
v -0.0271 1.4984 -0.0136
v -0.0416 1.5096 -0.0059
v -0.0387 1.5138 -0.0123
v -0.0360 1.5017 -0.0074
v -0.0489 1.5128 0.0031
v -0.0466 1.5166 -0.0037
v -0.0441 1.5057 0.0003
v -0.0549 1.5149 0.0123
v -0.0533 1.5182 0.0064
v -0.0511 1.5095 0.0094
v -0.0579 1.5162 0.0176
v -0.0577 1.5190 0.0141
v -0.0558 1.5120 0.0167
v -0.0563 1.5091 0.0200
v -0.0568 1.5066 0.0226
v -0.0585 1.5110 0.0227
v -0.0582 1.5135 0.0204
v -0.0299 1.4939 -0.0085
v 0.0025 1.4885 -0.0215
v -0.0530 1.5066 0.0150
v -0.0466 1.5024 0.0062
v -0.0130 1.4785 -0.0134
v -0.0390 1.4978 -0.0018
v -0.0574 1.5046 0.0251
v -0.0347 1.5930 -0.0359
v -0.0594 1.5797 -0.0088
v -0.0133 1.5980 -0.0431
v -0.0005 1.5993 -0.0449
v -0.0704 1.5568 0.0240
v -0.0246 1.5956 -0.0400
v -0.0712 1.5524 0.0320
v -0.0711 1.5551 0.0282
v -0.0710 1.5498 0.0298
v -0.0599 1.5255 0.0114
v -0.0624 1.5289 0.0135
v -0.0638 1.5285 0.0185
v -0.0653 1.5873 0.0731
v -0.0661 1.5783 0.0724
v -0.0640 1.5838 0.0796
v -0.0683 1.5844 0.0600
v -0.0665 1.5904 0.0661
v -0.0676 1.5927 0.0580
v -0.0686 1.5940 0.0489
v -0.0692 1.5862 0.0528
v -0.0704 1.5790 0.0484
v -0.0711 1.5712 0.0507
v -0.0698 1.5780 0.0549
v -0.0680 1.5724 0.0659
v -0.0692 1.5621 0.0641
v -0.0671 1.5688 0.0708
v -0.0705 1.5694 0.0557
v -0.0690 1.5757 0.0607
v -0.0720 1.5641 0.0475
v -0.0723 1.5571 0.0489
v -0.0717 1.5632 0.0519
v -0.0708 1.5566 0.0589
v -0.0711 1.5472 0.0575
v -0.0703 1.5520 0.0621
v -0.0720 1.5556 0.0522
v -0.0712 1.5607 0.0557
v -0.0587 1.5090 0.0249
v -0.0599 1.5123 0.0257
v -0.0599 1.5143 0.0232
v -0.0613 1.5200 0.0214
v -0.0624 1.5228 0.0229
v -0.0631 1.5254 0.0206
v -0.0579 1.5030 0.0275
v -0.0589 1.5076 0.0272
v -0.0642 1.5281 0.0230
v -0.0701 1.5445 0.0621
v -0.0683 1.5592 0.0687
v -0.0649 1.5752 0.0781
v -0.0724 1.5573 0.0450
v -0.0715 1.5709 0.0450
v -0.0722 1.5632 0.0423
v -0.0691 1.5919 0.0386
v -0.0698 1.5858 0.0446
v -0.0709 1.5770 0.0411
v -0.0148 1.5009 -0.0224
v -0.0601 1.6093 0.0805
v -0.0526 1.6222 0.0892
v -0.0644 1.5959 0.0730
v -0.0000 1.6468 0.1000
v -0.0598 1.5170 0.0208
v -0.0306 1.6310 0.1094
v -0.0188 1.6353 0.1109
v 0.0000 1.5134 -0.0317
v -0.0355 1.5181 -0.0183
v -0.0441 1.5207 -0.0106
v -0.0512 1.5221 -0.0007
v -0.0570 1.5222 0.0093
v -0.0672 1.5817 0.0665
v -0.0698 1.5663 0.0602
v -0.0716 1.5525 0.0549
v -0.0611 1.5173 0.0240
v -0.0689 1.5409 0.0261
v -0.0683 1.5440 0.0201
v -0.0666 1.5473 0.0124
v -0.0629 1.5508 0.0014
v -0.0571 1.5542 -0.0110
v -0.0721 1.5565 0.0406
v -0.0717 1.5685 0.0385
v -0.0702 1.5824 0.0356
v -0.0681 1.5968 0.0302
v -0.0649 1.6100 0.0234
v -0.0589 1.6238 0.0168
v -0.0495 1.6363 0.0109
v -0.0396 1.6443 0.0070
v -0.0282 1.6493 0.0045
v -0.0161 1.6521 0.0039
v -0.0001 1.6534 0.0037
v -0.0494 1.5570 -0.0223
v -0.0409 1.5591 -0.0308
v -0.0318 1.5607 -0.0370
v -0.0221 1.5618 -0.0413
v -0.0114 1.5655 -0.0451
v 0.0010 1.5607 -0.0449
v 0.0592 1.5922 0.0950
v 0.0656 1.5664 0.0765
v 0.0474 1.6426 0.0364
v 0.0434 1.6450 0.0223
v 0.0361 1.6509 0.0360
v 0.0407 1.6478 0.0487
v 0.0538 1.6017 0.1052
v 0.0389 1.6294 -0.0159
v 0.0328 1.6227 -0.0258
v 0.0283 1.6339 -0.0191
v 0.0341 1.6402 -0.0073
v 0.0219 1.6262 -0.0284
v 0.0159 1.6369 -0.0206
v 0.0227 1.6442 -0.0093
v 0.0572 1.6126 -0.0013
v 0.0515 1.6103 -0.0133
v 0.0483 1.6223 -0.0103
v 0.0540 1.6246 0.0030
v 0.0697 1.5773 0.0270
v 0.0683 1.5802 0.0191
v 0.0674 1.5900 0.0187
v 0.0688 1.5869 0.0279
v 0.0424 1.6176 -0.0212
v 0.0445 1.6341 -0.0034
v 0.0648 1.5913 0.0086
v 0.0634 1.6014 0.0088
v 0.0662 1.5999 0.0200
v 0.0639 1.6156 0.0401
v 0.0655 1.6091 0.0484
v 0.0674 1.6009 0.0427
v 0.0663 1.6062 0.0342
v 0.0588 1.5298 0.0060
v 0.0551 1.5262 0.0024
v 0.0533 1.5310 -0.0044
v 0.0574 1.5350 -0.0004
v 0.0686 1.5514 0.0678
v 0.0573 1.6301 0.0380
v 0.0535 1.6344 0.0254
v 0.0515 1.6379 0.0485
v 0.0618 1.6203 0.0295
v 0.0602 1.6243 0.0482
v 0.0509 1.5366 -0.0118
v 0.0488 1.5272 -0.0079
v 0.0462 1.5321 -0.0150
v 0.0469 1.4904 0.0142
v 0.0414 1.4873 0.0074
v 0.0350 1.4846 -0.0000
v 0.0284 1.4816 -0.0061
v 0.0711 1.5651 0.0323
v 0.0703 1.5686 0.0268
v 0.0707 1.5733 0.0335
v 0.0716 1.5547 0.0358
v 0.0712 1.5583 0.0317
v 0.0716 1.5611 0.0368
v 0.0079 1.6282 -0.0299
v 0.0084 1.6463 -0.0099
v 0.0593 1.6012 -0.0027
v 0.0617 1.6123 0.0113
v 0.0519 1.5855 -0.0205
v 0.0468 1.5803 -0.0271
v 0.0433 1.5898 -0.0294
v 0.0488 1.5953 -0.0225
v 0.0512 1.4946 0.0190
v 0.0064 1.4832 -0.0187
v 0.0104 1.4788 -0.0157
v 0.0069 1.4728 -0.0134
v 0.0184 1.5156 -0.0273
v 0.0131 1.5083 -0.0265
v 0.0086 1.5140 -0.0304
v 0.0142 1.5213 -0.0319
v 0.0277 1.5182 -0.0234
v 0.0227 1.5108 -0.0229
v 0.0237 1.5232 -0.0281
v 0.0284 1.4915 -0.0093
v 0.0317 1.4881 -0.0049
v 0.0248 1.4849 -0.0099
v 0.0354 1.4947 -0.0036
v 0.0383 1.4912 0.0016
v 0.0419 1.4978 0.0034
v 0.0445 1.4941 0.0088
v 0.0481 1.5006 0.0103
v 0.0500 1.4975 0.0148
v 0.0216 1.4781 -0.0102
v 0.0553 1.5413 -0.0078
v 0.0479 1.5433 -0.0189
v 0.0525 1.5488 -0.0153
v 0.0108 1.5452 -0.0412
v 0.0055 1.5365 -0.0398
v 0.0066 1.5535 -0.0438
v 0.0610 1.5394 0.0037
v 0.0593 1.5463 -0.0034
v 0.0394 1.5447 -0.0272
v 0.0342 1.5380 -0.0282
v 0.0303 1.5453 -0.0333
v 0.0356 1.5525 -0.0324
v 0.0644 1.5375 0.0129
v 0.0619 1.5336 0.0094
v 0.0639 1.5436 0.0080
v 0.0430 1.5378 -0.0214
v 0.0444 1.5510 -0.0252
v 0.0675 1.5567 0.0133
v 0.0653 1.5545 0.0073
v 0.0636 1.5623 0.0016
v 0.0662 1.5641 0.0090
v 0.0503 1.5714 -0.0232
v 0.0456 1.5655 -0.0276
v 0.0418 1.5742 -0.0317
v 0.0578 1.5675 -0.0117
v 0.0537 1.5627 -0.0177
v 0.0548 1.5763 -0.0170
v 0.0120 1.5795 -0.0450
v 0.0060 1.5705 -0.0456
v 0.0064 1.5892 -0.0456
v 0.0604 1.5589 -0.0053
v 0.0614 1.5707 -0.0040
v 0.0368 1.5677 -0.0348
v 0.0330 1.5765 -0.0376
v 0.0382 1.5833 -0.0343
v 0.0455 1.6060 -0.0231
v 0.0399 1.6000 -0.0303
v 0.0365 1.6110 -0.0294
v 0.0691 1.5712 0.0204
v 0.0673 1.5725 0.0130
v 0.0661 1.5816 0.0103
v 0.0543 1.5992 -0.0135
v 0.0612 1.5910 -0.0018
v 0.0568 1.5891 -0.0118
v 0.0146 1.6174 -0.0357
v 0.0071 1.6081 -0.0412
v 0.0629 1.5813 0.0009
v 0.0041 1.6567 0.0739
v 0.0094 1.6583 0.0627
v 0.0047 1.6599 0.0498
v 0.0379 1.6460 0.0710
v 0.0449 1.6431 0.0599
v 0.0337 1.6507 0.0609
v 0.0457 1.6092 0.1144
v 0.0507 1.6089 0.1065
v 0.0467 1.6164 0.1070
v 0.0413 1.6163 0.1141
v 0.0604 1.5964 0.0882
v 0.0575 1.5997 0.0965
v 0.0616 1.5885 0.0869
v 0.0550 1.6073 0.0981
v 0.0317 1.6516 0.0207
v 0.0413 1.5271 -0.0170
v 0.0379 1.5319 -0.0229
v 0.0328 1.5253 -0.0235
v 0.0290 1.5308 -0.0285
v 0.0362 1.6235 0.1125
v 0.0307 1.6219 0.1184
v 0.0357 1.6152 0.1205
v 0.0586 1.6045 0.0892
v 0.0559 1.6130 0.0898
v 0.0516 1.6154 0.0989
v 0.0616 1.6006 0.0807
v 0.0628 1.5922 0.0804
v 0.0195 1.5294 -0.0328
v 0.0249 1.5376 -0.0333
v 0.0644 1.6072 0.0610
v 0.0666 1.6011 0.0542
v 0.0626 1.6162 0.0559
v 0.0586 1.6228 0.0652
v 0.0552 1.6315 0.0582
v 0.0471 1.6239 0.0980
v 0.0417 1.6242 0.1059
v 0.0099 1.5284 -0.0361
v 0.0152 1.5369 -0.0375
v 0.0543 1.4997 0.0220
v 0.0533 1.5041 0.0158
v 0.0540 1.5017 0.0191
v 0.0658 1.5358 0.0191
v 0.0641 1.5325 0.0162
v 0.0663 1.5410 0.0165
v 0.0693 1.5514 0.0217
v 0.0680 1.5502 0.0171
v 0.0690 1.5574 0.0190
v 0.0706 1.5612 0.0273
v 0.0698 1.5634 0.0221
v 0.0613 1.6131 0.0694
v 0.0535 1.6281 0.0757
v 0.0571 1.6184 0.0792
v 0.0630 1.6043 0.0718
v 0.0654 1.5987 0.0643
v 0.0049 1.5204 -0.0341
v 0.0492 1.6367 0.0691
v 0.0429 1.6394 0.0797
v 0.0479 1.6311 0.0859
v 0.0088 1.6376 0.1117
v 0.0041 1.6428 0.1061
v 0.0041 1.6337 0.1168
v 0.0124 1.6590 0.0355
v 0.0074 1.6575 0.0191
v 0.0597 1.5196 0.0170
v 0.0597 1.5221 0.0142
v 0.0617 1.5254 0.0164
v 0.0614 1.5228 0.0187
v 0.0323 1.6462 0.0814
v 0.0084 1.6282 0.1215
v 0.0042 1.6235 0.1261
v 0.0207 1.5454 -0.0377
v 0.0163 1.5538 -0.0417
v 0.0368 1.6400 0.0893
v 0.0265 1.6146 -0.0331
v 0.0200 1.6062 -0.0390
v 0.0042 1.6500 0.0929
v 0.0092 1.6528 0.0840
v 0.0232 1.5784 -0.0417
v 0.0177 1.5714 -0.0435
v 0.0187 1.5878 -0.0429
v 0.0364 1.6320 0.1026
v 0.0420 1.6323 0.0949
v 0.0317 1.6388 0.0975
v 0.0673 1.5387 0.0223
v 0.0666 1.5341 0.0241
v 0.0650 1.5315 0.0210
v 0.0704 1.5463 0.0281
v 0.0693 1.5460 0.0240
v 0.0702 1.5513 0.0259
v 0.0684 1.5644 0.0160
v 0.0647 1.5723 0.0047
v 0.0145 1.4750 -0.0125
v 0.0205 1.6556 0.0198
v 0.0263 1.5534 -0.0376
v 0.0306 1.6034 -0.0354
v 0.0272 1.5699 -0.0400
v 0.0289 1.5858 -0.0392
v 0.0090 1.6458 0.1000
v 0.0626 1.5805 0.0857
v 0.0038 1.5073 -0.0287
v 0.0087 1.5014 -0.0253
v 0.0056 1.4947 -0.0237
v 0.0176 1.4919 -0.0175
v 0.0139 1.4850 -0.0170
v 0.0099 1.4894 -0.0204
v 0.0137 1.4962 -0.0216
v 0.0252 1.4952 -0.0136
v 0.0212 1.4882 -0.0137
v 0.0218 1.4991 -0.0180
v 0.0313 1.5141 -0.0185
v 0.0345 1.5100 -0.0132
v 0.0297 1.5025 -0.0135
v 0.0264 1.5066 -0.0183
v 0.0394 1.5170 -0.0123
v 0.0419 1.5127 -0.0059
v 0.0371 1.5058 -0.0075
v 0.0465 1.5183 -0.0037
v 0.0484 1.5139 0.0025
v 0.0439 1.5084 0.0001
v 0.0527 1.5183 0.0052
v 0.0541 1.5146 0.0099
v 0.0502 1.5099 0.0076
v 0.0572 1.5186 0.0121
v 0.0578 1.5159 0.0154
v 0.0552 1.5117 0.0137
v 0.0564 1.5073 0.0198
v 0.0561 1.5095 0.0169
v 0.0580 1.5136 0.0183
v 0.0580 1.5113 0.0208
v 0.0325 1.4985 -0.0086
v 0.0520 1.5066 0.0119
v 0.0459 1.5042 0.0054
v 0.0177 1.4815 -0.0134
v 0.0395 1.5017 -0.0019
v 0.0564 1.5055 0.0221
v 0.0345 1.5930 -0.0356
v 0.0591 1.5797 -0.0086
v 0.0131 1.5976 -0.0430
v 0.0701 1.5568 0.0240
v 0.0245 1.5956 -0.0397
v 0.0712 1.5524 0.0320
v 0.0707 1.5551 0.0282
v 0.0710 1.5498 0.0298
v 0.0620 1.5290 0.0135
v 0.0595 1.5254 0.0108
v 0.0635 1.5286 0.0186
v 0.0649 1.5873 0.0731
v 0.0637 1.5838 0.0795
v 0.0657 1.5783 0.0723
v 0.0662 1.5904 0.0660
v 0.0680 1.5844 0.0600
v 0.0673 1.5927 0.0579
v 0.0682 1.5941 0.0487
v 0.0688 1.5863 0.0526
v 0.0700 1.5791 0.0482
v 0.0695 1.5780 0.0548
v 0.0707 1.5713 0.0505
v 0.0677 1.5724 0.0658
v 0.0667 1.5688 0.0707
v 0.0688 1.5621 0.0640
v 0.0686 1.5757 0.0606
v 0.0702 1.5694 0.0557
v 0.0716 1.5643 0.0473
v 0.0714 1.5632 0.0518
v 0.0723 1.5572 0.0488
v 0.0704 1.5566 0.0588
v 0.0699 1.5520 0.0621
v 0.0711 1.5472 0.0575
v 0.0709 1.5607 0.0556
v 0.0720 1.5556 0.0522
v 0.0581 1.5095 0.0227
v 0.0595 1.5143 0.0219
v 0.0597 1.5124 0.0239
v 0.0610 1.5201 0.0210
v 0.0628 1.5255 0.0206
v 0.0624 1.5228 0.0229
v 0.0568 1.5046 0.0236
v 0.0585 1.5087 0.0240
v 0.0642 1.5281 0.0230
v 0.0701 1.5445 0.0621
v 0.0679 1.5592 0.0686
v 0.0645 1.5752 0.0781
v 0.0724 1.5575 0.0449
v 0.0718 1.5632 0.0423
v 0.0711 1.5710 0.0448
v 0.0695 1.5859 0.0444
v 0.0688 1.5919 0.0386
v 0.0706 1.5771 0.0411
v 0.0178 1.5034 -0.0222
v 0.0598 1.6092 0.0804
v 0.0523 1.6221 0.0891
v 0.0641 1.5958 0.0729
v 0.0595 1.5171 0.0196
v 0.0314 1.6304 0.1093
v 0.0363 1.5210 -0.0182
v 0.0442 1.5228 -0.0105
v 0.0509 1.5226 -0.0008
v 0.0564 1.5220 0.0080
v 0.0669 1.5817 0.0665
v 0.0695 1.5663 0.0601
v 0.0716 1.5525 0.0549
v 0.0610 1.5171 0.0234
v 0.0689 1.5409 0.0261
v 0.0679 1.5441 0.0202
v 0.0662 1.5474 0.0125
v 0.0625 1.5509 0.0016
v 0.0568 1.5542 -0.0108
v 0.0721 1.5565 0.0406
v 0.0714 1.5685 0.0385
v 0.0698 1.5824 0.0356
v 0.0678 1.5968 0.0303
v 0.0646 1.6099 0.0234
v 0.0586 1.6237 0.0168
v 0.0491 1.6361 0.0110
v 0.0391 1.6441 0.0071
v 0.0277 1.6491 0.0047
v 0.0158 1.6522 0.0039
v 0.0492 1.5570 -0.0220
v 0.0406 1.5592 -0.0306
v 0.0317 1.5607 -0.0367
v 0.0214 1.5628 -0.0412
v 0.0107 1.5636 -0.0445
v 0.0195 1.6581 0.0499
v 0.0206 1.6579 0.0496
v 0.0229 1.6495 0.0828
v 0.0261 1.6488 0.0825
v 0.0241 1.6549 0.0624
v 0.0210 1.6556 0.0629
v 0.0209 1.6253 0.1205
v 0.0173 1.6261 0.1211
v 0.0254 1.6416 0.0993
v 0.0224 1.6424 0.0997
v 0.0240 1.6333 0.1117
v 0.0210 1.6342 0.1120
v 0.0244 1.6198 0.1237
v 0.0269 1.6277 0.1153
v 0.0113 1.6229 0.1257
v 0.0139 1.6316 0.1168
v 0.0278 1.6364 0.1050
v 0.0148 1.6406 0.1063
v 0.0288 1.6508 0.0721
v 0.0287 1.6542 0.0504
v 0.0287 1.6442 0.0908
v 0.0153 1.6547 0.0737
v 0.0155 1.6479 0.0924
v 0.0156 1.6585 0.0512
v 0.0229 1.6564 0.0354
v -0.0430 1.6474 0.0360
v -0.0339 1.6322 -0.0180
v -0.0225 1.6357 -0.0201
v -0.0533 1.6179 -0.0062
v -0.0690 1.5838 0.0231
v -0.0439 1.6264 -0.0136
v -0.0660 1.5959 0.0138
v -0.0664 1.6083 0.0417
v -0.0567 1.5303 0.0011
v -0.0533 1.6369 0.0374
v -0.0616 1.6230 0.0393
v -0.0501 1.5311 -0.0101
v -0.0709 1.5710 0.0299
v -0.0717 1.5597 0.0341
v -0.0083 1.6378 -0.0211
v -0.0610 1.6071 0.0036
v -0.0479 1.5879 -0.0255
v -0.0009 1.4774 -0.0161
v -0.0118 1.5132 -0.0288
v -0.0208 1.5143 -0.0254
v -0.0249 1.4818 -0.0077
v -0.0334 1.4850 -0.0020
v -0.0416 1.4893 0.0052
v -0.0484 1.4944 0.0138
v -0.0520 1.5422 -0.0138
v -0.0038 1.5448 -0.0419
v -0.0587 1.5402 -0.0021
v -0.0350 1.5445 -0.0307
v -0.0633 1.5383 0.0086
v -0.0439 1.5438 -0.0236
v -0.0661 1.5595 0.0077
v -0.0464 1.5729 -0.0280
v -0.0545 1.5696 -0.0180
v -0.0065 1.5796 -0.0460
v -0.0612 1.5650 -0.0052
v -0.0377 1.5754 -0.0352
v -0.0413 1.6088 -0.0269
v -0.0682 1.5765 0.0157
v -0.0503 1.6029 -0.0188
v -0.0583 1.5953 -0.0079
v -0.0075 1.6182 -0.0365
v -0.0642 1.5864 0.0043
v -0.0059 1.6588 0.0625
v -0.0402 1.6476 0.0606
v -0.0465 1.6130 0.1109
v -0.0601 1.5944 0.0916
v -0.0547 1.6046 0.1018
v -0.0318 1.6538 0.0351
v -0.0422 1.5309 -0.0195
v -0.0331 1.5297 -0.0261
v -0.0362 1.6196 0.1168
v -0.0558 1.6103 0.0943
v -0.0613 1.5986 0.0847
v -0.0231 1.5285 -0.0308
v -0.0653 1.6086 0.0552
v -0.0599 1.6242 0.0574
v -0.0472 1.6203 0.1030
v -0.0127 1.5279 -0.0343
v -0.0531 1.4989 0.0206
v -0.0656 1.5365 0.0162
v -0.0689 1.5540 0.0178
v -0.0704 1.5661 0.0242
v -0.0582 1.6209 0.0727
v -0.0640 1.6059 0.0667
v -0.0035 1.5279 -0.0368
v -0.0488 1.6345 0.0782
v -0.0040 1.6385 0.1116
v -0.0077 1.6594 0.0348
v -0.0609 1.5224 0.0172
v -0.0258 1.6492 0.0826
v -0.0042 1.6288 0.1216
v -0.0150 1.5450 -0.0396
v -0.0376 1.6436 0.0809
v -0.0210 1.6162 -0.0347
v -0.0510 1.6379 0.0595
v -0.0045 1.6535 0.0841
v -0.0197 1.5810 -0.0440
v -0.0168 1.6572 0.0622
v -0.0366 1.6364 0.0966
v -0.0665 1.5349 0.0215
v -0.0702 1.5489 0.0249
v -0.0671 1.5684 0.0107
v -0.0136 1.6274 0.1212
v -0.0247 1.6244 0.1199
v -0.0202 1.6576 0.0347
v -0.0143 1.6522 0.0839
v -0.0255 1.5448 -0.0359
v -0.0319 1.6131 -0.0318
v -0.0283 1.5775 -0.0402
v -0.0284 1.6538 0.0614
v -0.0134 1.6450 0.0998
v -0.0247 1.6419 0.0987
v -0.0031 1.5005 -0.0261
v -0.0091 1.4886 -0.0192
v -0.0175 1.4901 -0.0159
v -0.0285 1.5045 -0.0161
v -0.0374 1.5078 -0.0098
v -0.0454 1.5113 -0.0016
v -0.0522 1.5140 0.0080
v -0.0567 1.5156 0.0154
v -0.0575 1.5101 0.0215
v -0.0257 1.4925 -0.0113
v -0.0012 1.4883 -0.0212
v -0.0501 1.5047 0.0108
v -0.0550 1.5080 0.0180
v -0.0089 1.4779 -0.0146
v -0.0345 1.4957 -0.0053
v -0.0430 1.5001 0.0020
v -0.0171 1.4795 -0.0119
v -0.0562 1.5028 0.0240
v -0.0392 1.5915 -0.0331
v -0.0560 1.5828 -0.0151
v -0.0070 1.5987 -0.0443
v -0.0624 1.5762 -0.0020
v -0.0698 1.5605 0.0203
v -0.0191 1.5967 -0.0416
v -0.0298 1.5944 -0.0382
v -0.0713 1.5567 0.0297
v -0.0709 1.5533 0.0269
v -0.0611 1.5293 0.0103
v -0.0632 1.5287 0.0162
v -0.0646 1.5856 0.0764
v -0.0671 1.5916 0.0622
v -0.0681 1.5936 0.0536
v -0.0701 1.5787 0.0518
v -0.0676 1.5705 0.0683
v -0.0694 1.5769 0.0578
v -0.0719 1.5638 0.0497
v -0.0706 1.5540 0.0603
v -0.0715 1.5621 0.0539
v -0.0593 1.5117 0.0240
v -0.0622 1.5227 0.0208
v -0.0583 1.5061 0.0260
v -0.0642 1.5283 0.0207
v -0.0697 1.5512 0.0646
v -0.0665 1.5675 0.0735
v -0.0721 1.5638 0.0450
v -0.0689 1.5934 0.0439
v -0.0707 1.5783 0.0449
v -0.0635 1.5822 0.0826
v -0.0108 1.5005 -0.0240
v -0.0192 1.5018 -0.0205
v -0.0568 1.6159 0.0850
v -0.0626 1.6026 0.0765
v -0.0477 1.6278 0.0926
v -0.0041 1.6466 0.1000
v -0.0590 1.5167 0.0193
v -0.0364 1.6280 0.1081
v -0.0133 1.6368 0.1113
v -0.0246 1.6334 0.1103
v -0.0040 1.5132 -0.0313
v -0.0308 1.5167 -0.0211
v -0.0399 1.5195 -0.0148
v -0.0478 1.5216 -0.0059
v -0.0544 1.5222 0.0046
v -0.0587 1.5222 0.0127
v -0.0659 1.5890 0.0697
v -0.0685 1.5741 0.0633
v -0.0710 1.5589 0.0574
v -0.0606 1.5171 0.0222
v -0.0687 1.5425 0.0231
v -0.0676 1.5456 0.0166
v -0.0650 1.5491 0.0073
v -0.0602 1.5525 -0.0048
v -0.0721 1.5622 0.0396
v -0.0710 1.5753 0.0373
v -0.0692 1.5897 0.0332
v -0.0667 1.6035 0.0269
v -0.0624 1.6169 0.0200
v -0.0544 1.6305 0.0137
v -0.0446 1.6408 0.0087
v -0.0340 1.6471 0.0055
v -0.0225 1.6509 0.0041
v -0.0085 1.6530 0.0037
v -0.0534 1.5557 -0.0169
v -0.0452 1.5581 -0.0269
v -0.0364 1.5600 -0.0342
v -0.0271 1.5613 -0.0393
v -0.0167 1.5623 -0.0429
v -0.0060 1.5623 -0.0451
v 0.0421 1.6472 0.0359
v 0.0338 1.6319 -0.0177
v 0.0225 1.6357 -0.0201
v 0.0530 1.6177 -0.0061
v 0.0687 1.5838 0.0232
v 0.0437 1.6262 -0.0134
v 0.0656 1.5958 0.0139
v 0.0660 1.6083 0.0415
v 0.0563 1.5304 0.0010
v 0.0526 1.6368 0.0371
v 0.0611 1.6229 0.0390
v 0.0499 1.5317 -0.0099
v 0.0705 1.5710 0.0300
v 0.0714 1.5597 0.0341
v 0.0082 1.6378 -0.0211
v 0.0607 1.6071 0.0037
v 0.0477 1.5878 -0.0253
v 0.0066 1.4780 -0.0162
v 0.0136 1.5146 -0.0291
v 0.0231 1.5168 -0.0255
v 0.0282 1.4865 -0.0076
v 0.0350 1.4897 -0.0018
v 0.0415 1.4926 0.0053
v 0.0474 1.4957 0.0121
v 0.0518 1.5424 -0.0136
v 0.0061 1.5449 -0.0421
v 0.0584 1.5403 -0.0020
v 0.0349 1.5451 -0.0305
v 0.0630 1.5384 0.0087
v 0.0437 1.5441 -0.0234
v 0.0658 1.5595 0.0078
v 0.0461 1.5729 -0.0278
v 0.0542 1.5696 -0.0178
v 0.0060 1.5797 -0.0462
v 0.0609 1.5650 -0.0051
v 0.0375 1.5754 -0.0349
v 0.0411 1.6087 -0.0266
v 0.0679 1.5765 0.0157
v 0.0500 1.6028 -0.0186
v 0.0580 1.5952 -0.0078
v 0.0075 1.6182 -0.0365
v 0.0639 1.5864 0.0044
v 0.0042 1.6589 0.0626
v 0.0392 1.6474 0.0604
v 0.0462 1.6128 0.1107
v 0.0598 1.5943 0.0915
v 0.0544 1.6045 0.1016
v 0.0282 1.6404 0.0984
v 0.0422 1.5322 -0.0193
v 0.0335 1.5314 -0.0259
v 0.0360 1.6194 0.1166
v 0.0555 1.6102 0.0942
v 0.0610 1.5985 0.0846
v 0.0243 1.5301 -0.0308
v 0.0649 1.6086 0.0550
v 0.0594 1.6241 0.0570
v 0.0469 1.6201 0.1029
v 0.0147 1.5288 -0.0347
v 0.0522 1.4996 0.0172
v 0.0653 1.5366 0.0163
v 0.0686 1.5540 0.0179
v 0.0700 1.5661 0.0242
v 0.0578 1.6208 0.0726
v 0.0637 1.6058 0.0666
v 0.0052 1.5282 -0.0370
v 0.0484 1.6343 0.0781
v 0.0041 1.6385 0.1117
v 0.0060 1.6596 0.0350
v 0.0607 1.5224 0.0166
v 0.0156 1.6515 0.0836
v 0.0042 1.6288 0.1216
v 0.0157 1.5454 -0.0398
v 0.0372 1.6434 0.0807
v 0.0210 1.6162 -0.0347
v 0.0503 1.6378 0.0592
v 0.0042 1.6536 0.0841
v 0.0182 1.5789 -0.0434
v 0.0181 1.6581 0.0379
v 0.0365 1.6361 0.0965
v 0.0662 1.5350 0.0216
v 0.0698 1.5489 0.0250
v 0.0668 1.5684 0.0108
v 0.0274 1.6320 0.1105
v 0.0127 1.6273 0.1214
v 0.0283 1.6545 0.0379
v 0.0150 1.6572 0.0628
v 0.0256 1.5454 -0.0356
v 0.0317 1.6130 -0.0315
v 0.0282 1.5775 -0.0399
v 0.0288 1.6477 0.0819
v 0.0152 1.6444 0.0999
v 0.0045 1.5010 -0.0262
v 0.0138 1.4904 -0.0193
v 0.0214 1.4935 -0.0157
v 0.0305 1.5083 -0.0160
v 0.0383 1.5115 -0.0098
v 0.0452 1.5135 -0.0017
v 0.0514 1.5142 0.0065
v 0.0562 1.5152 0.0129
v 0.0572 1.5105 0.0190
v 0.0289 1.4969 -0.0113
v 0.0061 1.4888 -0.0212
v 0.0491 1.5054 0.0088
v 0.0543 1.5081 0.0146
v 0.0142 1.4800 -0.0149
v 0.0361 1.5001 -0.0054
v 0.0427 1.5030 0.0017
v 0.0213 1.4832 -0.0119
v 0.0553 1.5037 0.0207
v 0.0390 1.5915 -0.0328
v 0.0557 1.5828 -0.0149
v 0.0065 1.5985 -0.0443
v 0.0621 1.5761 -0.0019
v 0.0694 1.5605 0.0204
v 0.0191 1.5967 -0.0416
v 0.0297 1.5943 -0.0378
v 0.0709 1.5567 0.0297
v 0.0705 1.5533 0.0270
v 0.0607 1.5293 0.0101
v 0.0629 1.5288 0.0163
v 0.0643 1.5855 0.0763
v 0.0668 1.5916 0.0621
v 0.0678 1.5937 0.0535
v 0.0697 1.5789 0.0516
v 0.0672 1.5705 0.0682
v 0.0691 1.5769 0.0578
v 0.0715 1.5640 0.0496
v 0.0702 1.5540 0.0603
v 0.0711 1.5621 0.0538
v 0.0588 1.5119 0.0224
v 0.0619 1.5229 0.0207
v 0.0574 1.5072 0.0231
v 0.0638 1.5284 0.0207
v 0.0694 1.5512 0.0646
v 0.0662 1.5675 0.0734
v 0.0717 1.5640 0.0448
v 0.0685 1.5935 0.0438
v 0.0703 1.5785 0.0447
v 0.0631 1.5822 0.0825
v 0.0133 1.5022 -0.0240
v 0.0222 1.5049 -0.0204
v 0.0565 1.6158 0.0849
v 0.0622 1.6025 0.0764
v 0.0474 1.6276 0.0925
v 0.0041 1.6466 0.1000
v 0.0588 1.5166 0.0176
v 0.0363 1.6277 0.1079
v 0.0288 1.6530 0.0614
v 0.0145 1.6362 0.1119
v 0.0042 1.5136 -0.0313
v 0.0321 1.5197 -0.0210
v 0.0404 1.5221 -0.0147
v 0.0477 1.5229 -0.0058
v 0.0539 1.5223 0.0039
v 0.0583 1.5219 0.0115
v 0.0656 1.5889 0.0696
v 0.0682 1.5741 0.0633
v 0.0706 1.5589 0.0573
v 0.0602 1.5172 0.0214
v 0.0684 1.5425 0.0232
v 0.0673 1.5457 0.0167
v 0.0647 1.5491 0.0074
v 0.0599 1.5526 -0.0046
v 0.0718 1.5622 0.0396
v 0.0707 1.5753 0.0373
v 0.0689 1.5897 0.0332
v 0.0664 1.6034 0.0269
v 0.0620 1.6168 0.0201
v 0.0541 1.6303 0.0138
v 0.0443 1.6406 0.0088
v 0.0335 1.6469 0.0057
v 0.0221 1.6510 0.0041
v 0.0082 1.6530 0.0037
v 0.0531 1.5557 -0.0167
v 0.0450 1.5582 -0.0266
v 0.0362 1.5600 -0.0339
v 0.0269 1.5614 -0.0390
v 0.0161 1.5635 -0.0433
v 0.0065 1.5613 -0.0447
v 0.0257 1.6237 0.1196
v 0.0092 1.5734 -0.0550
v 0.0096 1.5731 -0.0499
v -0.0074 1.5710 -0.0546
v -0.0074 1.5729 -0.0495
v -0.0099 1.5745 -0.0564
v -0.0133 1.5783 -0.0582
v -0.0139 1.5950 -0.0633
v -0.0078 1.6097 -0.0672
v -0.0024 1.6110 -0.0675
v 0.0028 1.6116 -0.0677
v 0.0071 1.6085 -0.0663
v 0.0146 1.5877 -0.0613
v 0.0122 1.5752 -0.0569
v 0.0140 1.5749 -0.0489
v 0.0180 1.5776 -0.0491
v 0.0158 1.5862 -0.0506
v 0.0100 1.5919 -0.0516
v 0.0033 1.5935 -0.0512
v -0.0058 1.5943 -0.0512
v -0.0145 1.5867 -0.0489
v -0.0128 1.5797 -0.0488
v -0.0099 1.5763 -0.0487
v 0.0106 1.5718 -0.0543
v 0.0121 1.5708 -0.0456
v -0.0089 1.5705 -0.0540
v -0.0092 1.5731 -0.0456
v -0.0107 1.5740 -0.0563
v -0.0142 1.5780 -0.0582
v -0.0149 1.5951 -0.0635
v -0.0084 1.6103 -0.0673
v -0.0025 1.6111 -0.0676
v 0.0027 1.6117 -0.0678
v 0.0070 1.6087 -0.0664
v 0.0154 1.5890 -0.0617
v 0.0130 1.5748 -0.0569
v 0.0168 1.5711 -0.0430
v 0.0220 1.5796 -0.0432
v 0.0174 1.5892 -0.0433
v 0.0122 1.5937 -0.0437
v 0.0057 1.5951 -0.0436
v -0.0016 1.5960 -0.0435
v -0.0131 1.5914 -0.0426
v -0.0151 1.5796 -0.0419
v -0.0112 1.5758 -0.0436
v 0.0104 1.5749 -0.0563
v 0.0092 1.5722 -0.0523
v -0.0083 1.5747 -0.0486
v -0.0072 1.5708 -0.0521
v -0.0083 1.5727 -0.0559
v -0.0115 1.5760 -0.0570
v -0.0141 1.5837 -0.0603
v -0.0117 1.6062 -0.0660
v -0.0050 1.6106 -0.0675
v 0.0002 1.6114 -0.0676
v 0.0053 1.6106 -0.0673
v 0.0097 1.6028 -0.0646
v 0.0143 1.5778 -0.0584
v 0.0114 1.5740 -0.0488
v 0.0165 1.5751 -0.0486
v 0.0187 1.5827 -0.0501
v 0.0129 1.5898 -0.0512
v 0.0066 1.5928 -0.0516
v -0.0003 1.5945 -0.0507
v -0.0113 1.5911 -0.0502
v -0.0142 1.5824 -0.0488
v -0.0114 1.5782 -0.0489
v 0.0139 1.5745 -0.0529
v 0.0178 1.5803 -0.0551
v 0.0120 1.5936 -0.0588
v 0.0064 1.5984 -0.0591
v 0.0017 1.5968 -0.0590
v -0.0060 1.5974 -0.0590
v -0.0139 1.5857 -0.0560
v -0.0133 1.5782 -0.0536
v -0.0107 1.5745 -0.0528
v 0.0112 1.5741 -0.0562
v 0.0102 1.5717 -0.0506
v -0.0095 1.5741 -0.0437
v -0.0093 1.5715 -0.0500
v -0.0092 1.5721 -0.0558
v -0.0123 1.5756 -0.0568
v -0.0151 1.5837 -0.0603
v -0.0130 1.6070 -0.0663
v -0.0051 1.6108 -0.0675
v 0.0001 1.6115 -0.0677
v 0.0052 1.6108 -0.0674
v 0.0103 1.6041 -0.0650
v 0.0152 1.5783 -0.0586
v 0.0145 1.5709 -0.0435
v 0.0206 1.5728 -0.0420
v 0.0204 1.5861 -0.0435
v 0.0152 1.5923 -0.0436
v 0.0090 1.5944 -0.0437
v 0.0024 1.5960 -0.0435
v -0.0077 1.5950 -0.0431
v -0.0157 1.5848 -0.0417
v -0.0132 1.5773 -0.0432
v 0.0151 1.5726 -0.0509
v 0.0216 1.5814 -0.0535
v 0.0145 1.5946 -0.0566
v 0.0078 1.5981 -0.0568
v 0.0025 1.5973 -0.0566
v -0.0060 1.5985 -0.0566
v -0.0182 1.5900 -0.0540
v -0.0175 1.5784 -0.0512
v -0.0132 1.5752 -0.0507
v -0.0087 1.5728 -0.0525
v 0.0113 1.5732 -0.0526
v 0.0156 1.5765 -0.0535
v 0.0170 1.5870 -0.0572
v 0.0085 1.5972 -0.0589
v 0.0041 1.5979 -0.0591
v -0.0012 1.5969 -0.0591
v -0.0113 1.5918 -0.0580
v -0.0141 1.5810 -0.0545
v -0.0118 1.5765 -0.0531
v -0.0110 1.5735 -0.0505
v 0.0126 1.5726 -0.0509
v 0.0188 1.5740 -0.0513
v 0.0187 1.5911 -0.0558
v 0.0107 1.5974 -0.0569
v 0.0052 1.5977 -0.0567
v -0.0005 1.5975 -0.0566
v -0.0135 1.5958 -0.0558
v -0.0190 1.5831 -0.0523
v -0.0154 1.5767 -0.0509
v -0.0079 1.5982 -0.0626
v -0.0066 1.5906 -0.0566
v 0.0082 1.5979 -0.0593
v 0.0092 1.5929 -0.0544
v 0.0114 1.5955 -0.0597
v 0.0165 1.5903 -0.0594
v 0.0157 1.5776 -0.0574
v 0.0067 1.5716 -0.0581
v 0.0013 1.5704 -0.0591
v -0.0040 1.5703 -0.0601
v -0.0086 1.5745 -0.0616
v -0.0130 1.5849 -0.0636
v -0.0117 1.6008 -0.0647
v -0.0112 1.5883 -0.0551
v -0.0149 1.5837 -0.0538
v -0.0119 1.5774 -0.0502
v -0.0070 1.5733 -0.0476
v 0.0009 1.5703 -0.0456
v 0.0086 1.5705 -0.0435
v 0.0166 1.5761 -0.0445
v 0.0161 1.5828 -0.0480
v 0.0132 1.5880 -0.0506
v -0.0089 1.5990 -0.0625
v -0.0105 1.5940 -0.0544
v 0.0092 1.5978 -0.0587
v 0.0115 1.5935 -0.0504
v 0.0121 1.5960 -0.0596
v 0.0176 1.5901 -0.0593
v 0.0171 1.5769 -0.0571
v 0.0073 1.5710 -0.0579
v 0.0014 1.5703 -0.0591
v -0.0040 1.5701 -0.0601
v -0.0085 1.5744 -0.0616
v -0.0138 1.5839 -0.0635
v -0.0126 1.6018 -0.0650
v -0.0158 1.5949 -0.0517
v -0.0200 1.5854 -0.0468
v -0.0121 1.5748 -0.0414
v -0.0064 1.5709 -0.0394
v -0.0003 1.5707 -0.0387
v 0.0061 1.5702 -0.0365
v 0.0170 1.5744 -0.0363
v 0.0185 1.5846 -0.0421
v 0.0152 1.5879 -0.0455
v -0.0096 1.5990 -0.0638
v -0.0063 1.5935 -0.0595
v 0.0109 1.5904 -0.0521
v 0.0083 1.5957 -0.0576
v 0.0093 1.5979 -0.0600
v 0.0140 1.5932 -0.0595
v 0.0178 1.5841 -0.0584
v 0.0112 1.5734 -0.0575
v 0.0039 1.5707 -0.0585
v -0.0014 1.5703 -0.0596
v -0.0065 1.5714 -0.0608
v -0.0105 1.5783 -0.0622
v -0.0140 1.5991 -0.0655
v -0.0083 1.5893 -0.0552
v -0.0135 1.5871 -0.0548
v -0.0150 1.5800 -0.0520
v -0.0095 1.5754 -0.0489
v -0.0031 1.5706 -0.0463
v 0.0040 1.5705 -0.0449
v 0.0135 1.5731 -0.0438
v 0.0167 1.5799 -0.0466
v 0.0149 1.5849 -0.0492
v -0.0101 1.5897 -0.0592
v -0.0125 1.5837 -0.0583
v -0.0090 1.5741 -0.0557
v -0.0047 1.5689 -0.0540
v 0.0014 1.5691 -0.0525
v 0.0086 1.5694 -0.0514
v 0.0176 1.5766 -0.0511
v 0.0172 1.5852 -0.0536
v 0.0132 1.5909 -0.0560
v -0.0105 1.6006 -0.0641
v -0.0078 1.5938 -0.0583
v 0.0136 1.5903 -0.0469
v 0.0099 1.5955 -0.0557
v 0.0101 1.5984 -0.0600
v 0.0149 1.5935 -0.0594
v 0.0190 1.5839 -0.0582
v 0.0126 1.5727 -0.0573
v 0.0040 1.5706 -0.0585
v -0.0013 1.5702 -0.0596
v -0.0065 1.5713 -0.0608
v -0.0113 1.5773 -0.0622
v -0.0145 1.5976 -0.0654
v -0.0131 1.5949 -0.0524
v -0.0188 1.5930 -0.0503
v -0.0164 1.5780 -0.0433
v -0.0093 1.5724 -0.0403
v -0.0032 1.5706 -0.0391
v 0.0025 1.5704 -0.0378
v 0.0121 1.5710 -0.0350
v 0.0190 1.5801 -0.0393
v 0.0171 1.5866 -0.0440
v -0.0121 1.5923 -0.0586
v -0.0159 1.5823 -0.0565
v -0.0122 1.5720 -0.0526
v -0.0071 1.5671 -0.0503
v 0.0010 1.5656 -0.0483
v 0.0089 1.5660 -0.0467
v 0.0191 1.5762 -0.0477
v 0.0188 1.5877 -0.0516
v 0.0146 1.5917 -0.0538
v 0.0105 1.5934 -0.0570
v -0.0079 1.5916 -0.0593
v -0.0115 1.5873 -0.0589
v -0.0119 1.5783 -0.0569
v -0.0070 1.5709 -0.0548
v -0.0016 1.5686 -0.0533
v 0.0044 1.5688 -0.0518
v 0.0140 1.5733 -0.0512
v 0.0187 1.5816 -0.0525
v 0.0156 1.5878 -0.0546
v 0.0121 1.5934 -0.0548
v -0.0096 1.5920 -0.0583
v -0.0141 1.5889 -0.0581
v -0.0149 1.5752 -0.0541
v -0.0096 1.5692 -0.0513
v -0.0031 1.5655 -0.0493
v 0.0042 1.5655 -0.0475
v 0.0150 1.5705 -0.0467
v 0.0210 1.5828 -0.0497
v 0.0166 1.5904 -0.0529
v -0.0111 1.5756 -0.0430
v -0.0150 1.5797 -0.0418
v -0.0125 1.5918 -0.0418
v -0.0011 1.5966 -0.0427
v 0.0060 1.5961 -0.0430
v 0.0130 1.5947 -0.0431
v 0.0190 1.5902 -0.0426
v 0.0230 1.5785 -0.0421
v 0.0175 1.5703 -0.0420
v 0.0135 1.5752 -0.0552
v 0.0164 1.5806 -0.0573
v 0.0110 1.5955 -0.0612
v 0.0059 1.6020 -0.0628
v 0.0013 1.5983 -0.0601
v -0.0059 1.5986 -0.0616
v -0.0139 1.5861 -0.0569
v -0.0127 1.5778 -0.0548
v -0.0084 1.5733 -0.0549
v -0.0085 1.5725 -0.0443
v -0.0061 1.5699 -0.0531
v 0.0123 1.5704 -0.0443
v 0.0104 1.5719 -0.0535
v 0.0093 1.5742 -0.0575
v 0.0102 1.5726 -0.0498
v -0.0058 1.5715 -0.0569
v -0.0086 1.5725 -0.0493
v -0.0086 1.5749 -0.0588
v -0.0122 1.5786 -0.0607
v -0.0140 1.5980 -0.0660
v -0.0075 1.6106 -0.0696
v -0.0023 1.6120 -0.0700
v 0.0028 1.6125 -0.0701
v 0.0069 1.6096 -0.0688
v 0.0138 1.5903 -0.0638
v 0.0119 1.5763 -0.0595
v 0.0151 1.5743 -0.0486
v 0.0190 1.5781 -0.0492
v 0.0170 1.5877 -0.0507
v 0.0103 1.5934 -0.0517
v 0.0032 1.5948 -0.0512
v -0.0066 1.5958 -0.0512
v -0.0167 1.5888 -0.0491
v -0.0150 1.5807 -0.0488
v -0.0114 1.5764 -0.0484
v 0.0104 1.5728 -0.0568
v 0.0133 1.5695 -0.0449
v -0.0068 1.5703 -0.0563
v -0.0100 1.5722 -0.0449
v -0.0094 1.5743 -0.0587
v -0.0130 1.5784 -0.0606
v -0.0150 1.5982 -0.0662
v -0.0081 1.6110 -0.0698
v -0.0024 1.6121 -0.0701
v 0.0027 1.6127 -0.0702
v 0.0068 1.6098 -0.0689
v 0.0144 1.5917 -0.0642
v 0.0127 1.5759 -0.0595
v 0.0182 1.5702 -0.0421
v 0.0235 1.5795 -0.0425
v 0.0185 1.5900 -0.0427
v 0.0129 1.5948 -0.0431
v 0.0059 1.5962 -0.0430
v -0.0018 1.5972 -0.0428
v -0.0141 1.5923 -0.0419
v -0.0161 1.5796 -0.0412
v -0.0122 1.5754 -0.0428
v -0.0125 1.5762 -0.0487
v -0.0169 1.5804 -0.0488
v -0.0183 1.5915 -0.0502
v -0.0059 1.5985 -0.0527
v 0.0029 1.5974 -0.0529
v 0.0097 1.5966 -0.0533
v 0.0170 1.5932 -0.0527
v 0.0202 1.5765 -0.0491
v 0.0146 1.5725 -0.0485
v -0.0132 1.5772 -0.0426
v -0.0155 1.5849 -0.0410
v -0.0065 1.5956 -0.0424
v 0.0025 1.5969 -0.0429
v 0.0095 1.5954 -0.0431
v 0.0163 1.5933 -0.0430
v 0.0213 1.5860 -0.0425
v 0.0208 1.5723 -0.0414
v 0.0149 1.5706 -0.0427
v 0.0154 1.5772 -0.0557
v 0.0157 1.5867 -0.0595
v 0.0080 1.6006 -0.0624
v 0.0039 1.6001 -0.0616
v -0.0018 1.5982 -0.0601
v -0.0114 1.5928 -0.0590
v -0.0145 1.5811 -0.0552
v -0.0104 1.5756 -0.0549
v -0.0063 1.5718 -0.0548
v -0.0087 1.5723 -0.0480
v -0.0093 1.5738 -0.0430
v 0.0100 1.5720 -0.0484
v 0.0112 1.5739 -0.0552
v 0.0103 1.5758 -0.0589
v 0.0095 1.5722 -0.0546
v -0.0094 1.5746 -0.0484
v -0.0053 1.5695 -0.0542
v -0.0070 1.5733 -0.0583
v -0.0104 1.5764 -0.0594
v -0.0132 1.5841 -0.0626
v -0.0117 1.6082 -0.0686
v -0.0048 1.6114 -0.0699
v 0.0002 1.6123 -0.0701
v 0.0052 1.6116 -0.0698
v 0.0091 1.6050 -0.0671
v 0.0140 1.5789 -0.0609
v 0.0121 1.5737 -0.0487
v 0.0178 1.5750 -0.0485
v 0.0195 1.5840 -0.0503
v 0.0135 1.5914 -0.0514
v 0.0067 1.5941 -0.0516
v -0.0007 1.5959 -0.0507
v -0.0131 1.5933 -0.0503
v -0.0164 1.5840 -0.0488
v -0.0133 1.5786 -0.0487
v 0.0143 1.5745 -0.0546
v 0.0171 1.5811 -0.0571
v 0.0108 1.5954 -0.0606
v 0.0062 1.6027 -0.0624
v 0.0016 1.5992 -0.0597
v -0.0064 1.5992 -0.0601
v -0.0154 1.5863 -0.0564
v -0.0149 1.5783 -0.0538
v -0.0093 1.5731 -0.0544
v 0.0111 1.5751 -0.0588
v -0.0064 1.5648 -0.0492
v -0.0103 1.5736 -0.0429
v -0.0109 1.5699 -0.0501
v -0.0078 1.5726 -0.0581
v -0.0111 1.5759 -0.0593
v -0.0142 1.5841 -0.0627
v -0.0129 1.6089 -0.0689
v -0.0049 1.6115 -0.0700
v 0.0001 1.6125 -0.0701
v 0.0051 1.6117 -0.0699
v 0.0099 1.6059 -0.0675
v 0.0148 1.5794 -0.0610
v 0.0157 1.5699 -0.0427
v 0.0221 1.5721 -0.0411
v 0.0218 1.5866 -0.0428
v 0.0160 1.5932 -0.0430
v 0.0094 1.5955 -0.0430
v 0.0024 1.5970 -0.0429
v -0.0085 1.5962 -0.0424
v -0.0167 1.5853 -0.0410
v -0.0143 1.5771 -0.0424
v 0.0051 1.5628 -0.0488
v 0.0132 1.5700 -0.0514
v 0.0197 1.5794 -0.0537
v 0.0166 1.5944 -0.0568
v 0.0097 1.6002 -0.0572
v 0.0014 1.6037 -0.0577
v -0.0074 1.6002 -0.0564
v -0.0160 1.5936 -0.0552
v -0.0164 1.5803 -0.0522
v -0.0148 1.5779 -0.0487
v -0.0187 1.5847 -0.0491
v -0.0135 1.5970 -0.0518
v -0.0006 1.5982 -0.0524
v 0.0062 1.5968 -0.0532
v 0.0129 1.5956 -0.0532
v 0.0210 1.5867 -0.0515
v 0.0169 1.5728 -0.0483
v 0.0126 1.5730 -0.0488
v -0.0103 1.5743 -0.0484
v -0.0067 1.5714 -0.0546
v 0.0115 1.5734 -0.0549
v 0.0162 1.5766 -0.0552
v 0.0159 1.5875 -0.0593
v 0.0082 1.6008 -0.0620
v 0.0043 1.6011 -0.0610
v -0.0016 1.5992 -0.0597
v -0.0125 1.5933 -0.0585
v -0.0158 1.5813 -0.0548
v -0.0116 1.5755 -0.0543
v -0.0147 1.5749 -0.0511
v 0.0001 1.5626 -0.0485
v 0.0092 1.5656 -0.0501
v 0.0167 1.5740 -0.0521
v 0.0193 1.5877 -0.0556
v 0.0128 1.5980 -0.0571
v 0.0061 1.6028 -0.0577
v -0.0033 1.6027 -0.0572
v -0.0122 1.5981 -0.0561
v -0.0176 1.5866 -0.0537
v -0.0078 1.6006 -0.0651
v -0.0076 1.5919 -0.0571
v 0.0078 1.6021 -0.0627
v 0.0095 1.5944 -0.0547
v 0.0107 1.5987 -0.0624
v 0.0150 1.5924 -0.0617
v 0.0152 1.5787 -0.0599
v 0.0069 1.5724 -0.0607
v 0.0016 1.5711 -0.0616
v -0.0036 1.5707 -0.0627
v -0.0080 1.5750 -0.0641
v -0.0127 1.5864 -0.0661
v -0.0119 1.6038 -0.0674
v -0.0130 1.5895 -0.0556
v -0.0167 1.5845 -0.0540
v -0.0138 1.5773 -0.0501
v -0.0080 1.5731 -0.0473
v 0.0007 1.5693 -0.0449
v 0.0093 1.5695 -0.0426
v 0.0181 1.5757 -0.0438
v 0.0178 1.5831 -0.0476
v 0.0141 1.5893 -0.0507
v -0.0088 1.6015 -0.0649
v -0.0118 1.5957 -0.0547
v 0.0090 1.6018 -0.0619
v 0.0123 1.5945 -0.0502
v 0.0115 1.5991 -0.0624
v 0.0162 1.5920 -0.0615
v 0.0165 1.5780 -0.0597
v 0.0075 1.5718 -0.0605
v 0.0017 1.5710 -0.0616
v -0.0035 1.5706 -0.0627
v -0.0080 1.5748 -0.0641
v -0.0134 1.5849 -0.0660
v -0.0128 1.6047 -0.0678
v -0.0167 1.5956 -0.0515
v -0.0206 1.5854 -0.0464
v -0.0130 1.5743 -0.0405
v -0.0070 1.5703 -0.0385
v -0.0006 1.5699 -0.0374
v 0.0064 1.5694 -0.0351
v 0.0183 1.5740 -0.0349
v 0.0199 1.5851 -0.0413
v 0.0165 1.5887 -0.0449
v -0.0096 1.6017 -0.0664
v -0.0062 1.5955 -0.0617
v 0.0114 1.5919 -0.0522
v 0.0078 1.5968 -0.0592
v 0.0086 1.6021 -0.0633
v 0.0129 1.5957 -0.0619
v 0.0167 1.5850 -0.0606
v 0.0111 1.5744 -0.0601
v 0.0042 1.5714 -0.0611
v -0.0010 1.5708 -0.0621
v -0.0060 1.5718 -0.0633
v -0.0100 1.5788 -0.0647
v -0.0141 1.6019 -0.0682
v -0.0100 1.5906 -0.0558
v -0.0154 1.5881 -0.0553
v -0.0166 1.5804 -0.0521
v -0.0107 1.5750 -0.0486
v -0.0040 1.5702 -0.0458
v 0.0042 1.5695 -0.0443
v 0.0146 1.5724 -0.0431
v 0.0181 1.5799 -0.0461
v 0.0164 1.5857 -0.0490
v -0.0105 1.5915 -0.0608
v -0.0119 1.5840 -0.0604
v -0.0076 1.5745 -0.0580
v -0.0037 1.5693 -0.0559
v 0.0013 1.5678 -0.0526
v 0.0094 1.5686 -0.0533
v 0.0187 1.5768 -0.0513
v 0.0183 1.5862 -0.0539
v 0.0134 1.5919 -0.0579
v -0.0106 1.6035 -0.0668
v -0.0081 1.5951 -0.0591
v 0.0145 1.5913 -0.0464
v 0.0103 1.5966 -0.0564
v 0.0094 1.6027 -0.0632
v 0.0138 1.5959 -0.0618
v 0.0179 1.5848 -0.0605
v 0.0123 1.5742 -0.0598
v 0.0043 1.5713 -0.0611
v -0.0009 1.5707 -0.0621
v -0.0059 1.5717 -0.0633
v -0.0108 1.5778 -0.0647
v -0.0146 1.6004 -0.0681
v -0.0144 1.5962 -0.0524
v -0.0195 1.5933 -0.0501
v -0.0174 1.5778 -0.0427
v -0.0100 1.5718 -0.0394
v -0.0037 1.5701 -0.0381
v 0.0024 1.5696 -0.0365
v 0.0130 1.5703 -0.0334
v 0.0205 1.5802 -0.0381
v 0.0183 1.5871 -0.0433
v -0.0131 1.5938 -0.0591
v -0.0152 1.5822 -0.0581
v -0.0102 1.5706 -0.0546
v -0.0064 1.5654 -0.0514
v 0.0009 1.5642 -0.0479
v 0.0094 1.5650 -0.0462
v 0.0202 1.5763 -0.0474
v 0.0198 1.5882 -0.0516
v 0.0153 1.5925 -0.0539
v 0.0101 1.5947 -0.0589
v -0.0079 1.5936 -0.0616
v -0.0119 1.5885 -0.0608
v -0.0108 1.5786 -0.0592
v -0.0055 1.5715 -0.0570
v -0.0021 1.5673 -0.0534
v 0.0046 1.5673 -0.0518
v 0.0148 1.5727 -0.0514
v 0.0197 1.5828 -0.0529
v 0.0163 1.5883 -0.0562
v 0.0128 1.5948 -0.0551
v -0.0110 1.5938 -0.0589
v -0.0153 1.5896 -0.0585
v -0.0133 1.5741 -0.0558
v -0.0077 1.5675 -0.0536
v -0.0035 1.5642 -0.0490
v 0.0044 1.5641 -0.0471
v 0.0161 1.5695 -0.0462
v 0.0222 1.5831 -0.0497
v 0.0174 1.5915 -0.0531
v -0.1109 1.2931 -0.1883
v -0.0378 1.3149 -0.1908
v -0.0203 1.5832 -0.0658
v -0.0055 1.6137 -0.0719
v -0.0884 1.2941 -0.2048
v -0.0070 1.6011 -0.0618
v 0.0432 1.2859 -0.1723
v -0.0325 1.2917 -0.1799
v -0.0052 1.5765 -0.0807
v -0.0268 1.5756 -0.0795
v 0.0052 1.2703 -0.1718
v -0.0154 1.5837 -0.0679
v -0.0106 1.2836 -0.1825
v -0.0860 1.3086 -0.2007
v -0.0161 1.5756 -0.0812
v -0.0355 1.5758 -0.0777
v -0.0498 1.2772 -0.1848
v -0.0210 1.5840 -0.0692
v 0.0855 1.3005 -0.1803
v 0.0094 1.2854 -0.1764
v 0.0024 1.5929 -0.0831
v -0.0167 1.5776 -0.0805
v 0.0511 1.2749 -0.1737
v -0.0091 1.5883 -0.0683
v -0.0687 1.2565 -0.1317
v 0.0133 1.2543 -0.1060
v -0.0058 1.5583 -0.0557
v 0.0128 1.5708 -0.0543
v -0.0286 1.2468 -0.1323
v 0.0039 1.5800 -0.0517
v -0.0077 1.2886 -0.1675
v -0.0736 1.3035 -0.1906
v -0.0140 1.5719 -0.0724
v -0.0311 1.5750 -0.0748
v -0.0451 1.2814 -0.1723
v -0.0184 1.5803 -0.0661
v 0.0740 1.3017 -0.1754
v 0.0115 1.2914 -0.1620
v -0.0005 1.5876 -0.0798
v -0.0145 1.5746 -0.0687
v 0.0508 1.2815 -0.1617
v -0.0090 1.5840 -0.0647
v -0.0102 1.2806 -0.1637
v -0.1003 1.3020 -0.1875
v -0.0147 1.5730 -0.0774
v -0.0360 1.5725 -0.0750
v -0.0572 1.2723 -0.1689
v -0.0205 1.5830 -0.0676
v 0.1044 1.2950 -0.1601
v 0.0144 1.2841 -0.1579
v 0.0039 1.5910 -0.0811
v -0.0155 1.5762 -0.0759
v 0.0653 1.2703 -0.1512
v -0.0085 1.5862 -0.0666
v 0.0580 1.2857 -0.1369
v -0.0267 1.2924 -0.1514
v -0.0085 1.5749 -0.0690
v -0.0223 1.5737 -0.0662
v 0.0149 1.2736 -0.1421
v -0.0155 1.5814 -0.0632
v -0.0050 1.2877 -0.1514
v -0.0735 1.2982 -0.1727
v -0.0132 1.5736 -0.0663
v -0.0309 1.5728 -0.0718
v -0.0486 1.2783 -0.1568
v -0.0180 1.5802 -0.0646
v 0.0830 1.2955 -0.1580
v 0.0177 1.2891 -0.1472
v 0.0008 1.5865 -0.0773
v -0.0132 1.5753 -0.0642
v 0.0635 1.2766 -0.1390
v -0.0089 1.5844 -0.0636
v -0.0655 1.2526 -0.1346
v 0.0169 1.2529 -0.1091
v -0.0109 1.5587 -0.0580
v 0.0128 1.5731 -0.0553
v -0.0255 1.2423 -0.1376
v 0.0027 1.5820 -0.0537
v -0.0068 1.2443 -0.1165
v 0.0006 1.5617 -0.0574
v 0.0289 1.2523 -0.1163
v 0.0113 1.5756 -0.0592
v 0.0831 1.2981 -0.1629
v 0.0083 1.2867 -0.1596
v 0.0036 1.5844 -0.0757
v -0.0146 1.5716 -0.0691
v 0.0509 1.2720 -0.1579
v -0.0080 1.5812 -0.0626
v -0.0692 1.2668 -0.1426
v 0.0146 1.2647 -0.1209
v -0.0063 1.5740 -0.0611
v 0.0101 1.5857 -0.0602
v -0.0293 1.2578 -0.1415
v 0.0036 1.5871 -0.0562
v -0.0084 1.2894 -0.1523
v -0.0751 1.3034 -0.1738
v -0.0126 1.5672 -0.0613
v -0.0287 1.5706 -0.0654
v -0.0455 1.2816 -0.1577
v -0.0173 1.5756 -0.0601
v 0.0727 1.2971 -0.1605
v 0.0102 1.2926 -0.1463
v 0.0013 1.5786 -0.0709
v -0.0128 1.5688 -0.0590
v 0.0506 1.2773 -0.1421
v -0.0080 1.5784 -0.0587
v -0.0108 1.2812 -0.1489
v -0.1015 1.3024 -0.1693
v -0.0133 1.5683 -0.0667
v -0.0347 1.5684 -0.0660
v -0.0579 1.2720 -0.1540
v -0.0196 1.5784 -0.0619
v 0.1028 1.2920 -0.1420
v 0.0143 1.2809 -0.1447
v 0.0056 1.5824 -0.0732
v -0.0134 1.5707 -0.0649
v 0.0652 1.2675 -0.1353
v -0.0074 1.5804 -0.0609
v -0.0836 1.2798 -0.1608
v 0.0089 1.2834 -0.1424
v -0.0066 1.5822 -0.0616
v 0.0079 1.5956 -0.0625
v -0.0378 1.2698 -0.1561
v 0.0030 1.5900 -0.0572
v -0.0148 1.2759 -0.1427
v 0.0629 1.2744 -0.1248
v -0.0015 1.5876 -0.0629
v 0.0194 1.5848 -0.0590
v 0.0324 1.2622 -0.1428
v 0.0056 1.5881 -0.0573
v 0.0817 1.2930 -0.1409
v 0.0170 1.2916 -0.1262
v 0.0026 1.5783 -0.0680
v -0.0124 1.5698 -0.0559
v 0.0636 1.2744 -0.1239
v -0.0080 1.5791 -0.0577
v -0.0701 1.2562 -0.1610
v 0.0129 1.2517 -0.1395
v -0.0137 1.5533 -0.0649
v 0.0097 1.5676 -0.0614
v -0.0289 1.2471 -0.1607
v 0.0006 1.5827 -0.0575
v -0.0088 1.2681 -0.1466
v -0.0822 1.2880 -0.1685
v -0.0113 1.5553 -0.0712
v -0.0330 1.5630 -0.0705
v -0.0484 1.2628 -0.1509
v -0.0189 1.5752 -0.0630
v 0.0862 1.2743 -0.1376
v 0.0108 1.2684 -0.1397
v 0.0047 1.5732 -0.0775
v -0.0123 1.5579 -0.0706
v 0.0523 1.2561 -0.1255
v -0.0059 1.5753 -0.0606
v -0.0720 1.2746 -0.1670
v 0.0114 1.2687 -0.1492
v -0.0096 1.5761 -0.0673
v 0.0083 1.5862 -0.0651
v -0.0312 1.2642 -0.1627
v 0.0019 1.5875 -0.0588
v -0.0064 1.2757 -0.1349
v -0.0715 1.2858 -0.1584
v -0.0107 1.5580 -0.0602
v -0.0288 1.5620 -0.0677
v -0.0444 1.2692 -0.1418
v -0.0165 1.5720 -0.0593
v 0.0754 1.2782 -0.1332
v 0.0124 1.2770 -0.1223
v 0.0025 1.5697 -0.0727
v -0.0117 1.5615 -0.0577
v 0.0513 1.2653 -0.1155
v -0.0070 1.5751 -0.0579
v -0.0097 1.2680 -0.1305
v -0.0985 1.2863 -0.1575
v -0.0105 1.5559 -0.0659
v -0.0337 1.5617 -0.0671
v -0.0575 1.2615 -0.1391
v -0.0185 1.5749 -0.0616
v 0.1040 1.2762 -0.1193
v 0.0147 1.2687 -0.1164
v 0.0063 1.5738 -0.0740
v -0.0114 1.5595 -0.0644
v 0.0649 1.2571 -0.1065
v -0.0058 1.5753 -0.0593
v -0.0851 1.2943 -0.1879
v 0.0081 1.2902 -0.1636
v -0.0089 1.5858 -0.0661
v 0.0059 1.5974 -0.0656
v -0.0369 1.2794 -0.1782
v 0.0022 1.5889 -0.0584
v -0.0159 1.2840 -0.1638
v 0.0591 1.2742 -0.1435
v -0.0042 1.5918 -0.0674
v 0.0165 1.5829 -0.0621
v 0.0320 1.2691 -0.1661
v 0.0043 1.5879 -0.0589
v 0.0824 1.2804 -0.1145
v 0.0165 1.2832 -0.1023
v 0.0040 1.5707 -0.0679
v -0.0115 1.5660 -0.0546
v 0.0622 1.2678 -0.0985
v -0.0072 1.5763 -0.0573
v -0.0686 1.2710 -0.1703
v 0.0153 1.2672 -0.1526
v -0.0149 1.5762 -0.0696
v 0.0083 1.5896 -0.0664
v -0.0275 1.2610 -0.1688
v 0.0004 1.5919 -0.0607
v -0.0110 1.2639 -0.1531
v 0.0754 1.2778 -0.1340
v -0.0032 1.5824 -0.0687
v 0.0206 1.5879 -0.0629
v 0.0336 1.2563 -0.1561
v 0.0066 1.5919 -0.0595
v 0.0832 1.2794 -0.1190
v 0.0089 1.2718 -0.1209
v 0.0064 1.5693 -0.0673
v -0.0119 1.5588 -0.0577
v 0.0499 1.2605 -0.1099
v -0.0068 1.5730 -0.0559
v -0.0714 1.2943 -0.1817
v 0.0131 1.2911 -0.1605
v -0.0124 1.6049 -0.0732
v 0.0049 1.6111 -0.0711
v -0.0295 1.2778 -0.1736
v 0.0003 1.6016 -0.0628
v -0.0138 1.2842 -0.1614
v 0.0610 1.2798 -0.1406
v -0.0065 1.6073 -0.0739
v 0.0135 1.5998 -0.0664
v 0.0285 1.2704 -0.1633
v 0.0024 1.6015 -0.0638
v -0.0994 1.2770 -0.1679
v -0.0333 1.2969 -0.1697
v -0.0201 1.5752 -0.0657
v -0.0055 1.6112 -0.0729
v -0.0766 1.2789 -0.1842
v -0.0075 1.6000 -0.0626
v -0.0110 1.2786 -0.1684
v 0.0909 1.2918 -0.1550
v -0.0049 1.5938 -0.0708
v 0.0211 1.5934 -0.0655
v 0.0427 1.2692 -0.1749
v 0.0057 1.5952 -0.0599
v -0.1309 1.2872 -0.1923
v -0.0365 1.2906 -0.1774
v -0.0252 1.5692 -0.0648
v -0.0051 1.6003 -0.0703
v -0.0908 1.2782 -0.2019
v -0.0074 1.5930 -0.0608
v -0.0839 1.3165 -0.2067
v 0.0116 1.3089 -0.1838
v -0.0124 1.6116 -0.0733
v 0.0045 1.6138 -0.0714
v -0.0349 1.2930 -0.1941
v -0.0001 1.6045 -0.0631
v -0.0137 1.3016 -0.1799
v 0.0624 1.2972 -0.1645
v -0.0070 1.6141 -0.0745
v 0.0134 1.6052 -0.0682
v 0.0337 1.2844 -0.1785
v 0.0018 1.6049 -0.0642
v -0.1025 1.3691 -0.1629
v -0.0713 1.5062 -0.1035
v -0.0059 1.6109 -0.1207
v -0.0036 1.4591 -0.2024
v -0.0768 1.4574 -0.1950
v -0.0471 1.5864 -0.1276
v 0.0498 1.3517 -0.1578
v 0.0375 1.4388 -0.1316
v -0.0494 1.4771 -0.1308
v -0.0504 1.3705 -0.1737
v -0.0017 1.3429 -0.1603
v -0.0072 1.4401 -0.1263
v 0.0048 1.3359 -0.1753
v 0.0037 1.4427 -0.1358
v -0.0840 1.5146 -0.1180
v -0.1104 1.4033 -0.1687
v -0.0496 1.3589 -0.1665
v -0.0413 1.4686 -0.1250
v 0.0979 1.3788 -0.1593
v 0.0674 1.4734 -0.1403
v -0.0169 1.4516 -0.1338
v -0.0109 1.3435 -0.1713
v 0.0421 1.3522 -0.1551
v 0.0292 1.4410 -0.1286
v -0.0721 1.3256 -0.1256
v -0.0472 1.4450 -0.1034
v 0.0374 1.4910 -0.0786
v 0.0373 1.3461 -0.1023
v -0.0157 1.3394 -0.1326
v -0.0030 1.4780 -0.0979
v 0.0065 1.3462 -0.1530
v 0.0038 1.4555 -0.1077
v -0.0687 1.5057 -0.1138
v -0.0866 1.3933 -0.1656
v -0.0469 1.3598 -0.1488
v -0.0356 1.4874 -0.0994
v 0.0748 1.3726 -0.1555
v 0.0516 1.4728 -0.1328
v -0.0166 1.4856 -0.1011
v -0.0099 1.3561 -0.1514
v 0.0405 1.3496 -0.1331
v 0.0247 1.4621 -0.1043
v 0.0078 1.3398 -0.1596
v 0.0063 1.4423 -0.1219
v -0.0914 1.5101 -0.1089
v -0.1233 1.3961 -0.1529
v -0.0537 1.3554 -0.1516
v -0.0412 1.4755 -0.1114
v 0.1052 1.3785 -0.1476
v 0.0742 1.4647 -0.1330
v -0.0155 1.4609 -0.1182
v -0.0086 1.3497 -0.1559
v 0.0496 1.3471 -0.1369
v 0.0320 1.4446 -0.1179
v 0.0579 1.3515 -0.1208
v 0.0298 1.4872 -0.0976
v -0.0410 1.5082 -0.0878
v -0.0483 1.3689 -0.1405
v 0.0020 1.3598 -0.1112
v -0.0073 1.5051 -0.0753
v 0.0095 1.3514 -0.1295
v 0.0033 1.4920 -0.0901
v -0.0716 1.5050 -0.1030
v -0.0901 1.3873 -0.1487
v -0.0508 1.3654 -0.1252
v -0.0363 1.5034 -0.0809
v 0.0793 1.3664 -0.1443
v 0.0559 1.4707 -0.1253
v -0.0150 1.5069 -0.0816
v -0.0088 1.3607 -0.1281
v 0.0456 1.3554 -0.1177
v 0.0230 1.4980 -0.0914
v -0.0708 1.3202 -0.1234
v -0.0522 1.4332 -0.1069
v 0.0384 1.4914 -0.0774
v 0.0396 1.3450 -0.1019
v -0.0148 1.3282 -0.1301
v -0.0041 1.4604 -0.1062
v -0.0223 1.3152 -0.1149
v -0.0165 1.4377 -0.1063
v 0.0342 1.4784 -0.0988
v 0.0401 1.3371 -0.1179
v 0.0875 1.3709 -0.1459
v 0.0650 1.4630 -0.1258
v -0.0176 1.4743 -0.1070
v -0.0117 1.3513 -0.1529
v 0.0415 1.3445 -0.1350
v 0.0278 1.4462 -0.1092
v -0.0728 1.3356 -0.1426
v -0.0446 1.4774 -0.1042
v 0.0312 1.5369 -0.0913
v 0.0417 1.3591 -0.1229
v -0.0157 1.3623 -0.1588
v -0.0061 1.5249 -0.1085
v 0.0058 1.3470 -0.1277
v 0.0014 1.4861 -0.0834
v -0.0656 1.5144 -0.0900
v -0.0895 1.3882 -0.1420
v -0.0489 1.3604 -0.1233
v -0.0363 1.4982 -0.0730
v 0.0702 1.3627 -0.1418
v 0.0488 1.4746 -0.1168
v -0.0174 1.5004 -0.0746
v -0.0124 1.3559 -0.1248
v 0.0390 1.3509 -0.1136
v 0.0223 1.4853 -0.0823
v 0.0076 1.3415 -0.1351
v 0.0042 1.4663 -0.0972
v -0.0915 1.5157 -0.0849
v -0.1359 1.4010 -0.1143
v -0.0561 1.3588 -0.1268
v -0.0417 1.4901 -0.0844
v 0.1013 1.3691 -0.1305
v 0.0727 1.4610 -0.1180
v -0.0160 1.4853 -0.0916
v -0.0106 1.3531 -0.1336
v 0.0485 1.3446 -0.1173
v 0.0304 1.4600 -0.0969
v -0.0820 1.3573 -0.1561
v -0.0457 1.5114 -0.0978
v 0.0247 1.5717 -0.0976
v 0.0404 1.3851 -0.1508
v -0.0195 1.3955 -0.1817
v -0.0120 1.5692 -0.1095
v -0.0287 1.3662 -0.1600
v -0.0188 1.5338 -0.1023
v 0.0568 1.5540 -0.0871
v 0.0866 1.3862 -0.1306
v 0.0398 1.3970 -0.1648
v 0.0175 1.5762 -0.1066
v 0.0762 1.3588 -0.1294
v 0.0522 1.4850 -0.1078
v -0.0158 1.5157 -0.0572
v -0.0100 1.3700 -0.0937
v 0.0469 1.3637 -0.0954
v 0.0247 1.5049 -0.0649
v -0.0772 1.3094 -0.1460
v -0.0569 1.4055 -0.1346
v 0.0389 1.4348 -0.1146
v 0.0365 1.3189 -0.1182
v -0.0191 1.3206 -0.1470
v -0.0080 1.4345 -0.1384
v 0.0071 1.3189 -0.1388
v 0.0069 1.4125 -0.1070
v -0.0805 1.4809 -0.1058
v -0.0969 1.3654 -0.1524
v -0.0489 1.3310 -0.1371
v -0.0404 1.4407 -0.0985
v 0.0869 1.3345 -0.1328
v 0.0642 1.4104 -0.1219
v -0.0159 1.4255 -0.1062
v -0.0113 1.3282 -0.1361
v 0.0433 1.3235 -0.1163
v 0.0298 1.4108 -0.1041
v -0.0759 1.3469 -0.1634
v -0.0492 1.4744 -0.1230
v 0.0335 1.5139 -0.1122
v 0.0397 1.3569 -0.1425
v -0.0164 1.3716 -0.1777
v -0.0090 1.5283 -0.1273
v 0.0082 1.3314 -0.1081
v 0.0048 1.4577 -0.0746
v -0.0676 1.4745 -0.0997
v -0.0841 1.3583 -0.1433
v -0.0469 1.3531 -0.1097
v -0.0369 1.4788 -0.0691
v 0.0720 1.3360 -0.1259
v 0.0522 1.4233 -0.1127
v -0.0172 1.4824 -0.0662
v -0.0115 1.3513 -0.1003
v 0.0411 1.3489 -0.0929
v 0.0260 1.4648 -0.0726
v 0.0094 1.3219 -0.1169
v 0.0083 1.4287 -0.0895
v -0.0883 1.4870 -0.0923
v -0.1121 1.3710 -0.1310
v -0.0529 1.3420 -0.1173
v -0.0411 1.4595 -0.0806
v 0.0999 1.3437 -0.1165
v 0.0718 1.4185 -0.1116
v -0.0146 1.4488 -0.0833
v -0.0092 1.3362 -0.1118
v 0.0498 1.3367 -0.0992
v 0.0330 1.4342 -0.0887
v -0.0854 1.3862 -0.1785
v -0.0496 1.5273 -0.1101
v 0.0236 1.5706 -0.1083
v 0.0387 1.3976 -0.1704
v -0.0185 1.4191 -0.1961
v -0.0141 1.5830 -0.1180
v -0.0299 1.3812 -0.1835
v -0.0240 1.5465 -0.1185
v 0.0575 1.5235 -0.1017
v 0.0804 1.3731 -0.1392
v 0.0389 1.4051 -0.1797
v 0.0166 1.5757 -0.1157
v 0.0771 1.3413 -0.1134
v 0.0563 1.4454 -0.1022
v -0.0155 1.5106 -0.0479
v -0.0093 1.3706 -0.0720
v 0.0486 1.3722 -0.0742
v 0.0261 1.4992 -0.0529
v -0.0761 1.3347 -0.1621
v -0.0562 1.4548 -0.1328
v 0.0361 1.5052 -0.1122
v 0.0415 1.3506 -0.1394
v -0.0162 1.3526 -0.1727
v -0.0073 1.4964 -0.1358
v -0.0256 1.3309 -0.1541
v -0.0179 1.4705 -0.1289
v 0.0701 1.5438 -0.0957
v 0.1049 1.3852 -0.1318
v 0.0377 1.3603 -0.1564
v 0.0250 1.5282 -0.1224
v 0.0850 1.3404 -0.1152
v 0.0654 1.4302 -0.1039
v -0.0180 1.4672 -0.0718
v -0.0130 1.3411 -0.1061
v 0.0423 1.3401 -0.0947
v 0.0291 1.4485 -0.0770
v -0.0774 1.3939 -0.1906
v -0.0512 1.5480 -0.1253
v 0.0280 1.5820 -0.1170
v 0.0440 1.4033 -0.1740
v -0.0136 1.4128 -0.2022
v -0.0129 1.5925 -0.1349
v -0.0257 1.3776 -0.1867
v -0.0249 1.5608 -0.1319
v 0.0519 1.5594 -0.1033
v 0.0900 1.3836 -0.1442
v 0.0379 1.4040 -0.1842
v 0.0180 1.5843 -0.1285
v -0.0937 1.3403 -0.1502
v -0.0688 1.4691 -0.1104
v -0.0034 1.5887 -0.1248
v -0.0007 1.4105 -0.1969
v -0.0629 1.4083 -0.1960
v -0.0464 1.5640 -0.1299
v -0.0280 1.3577 -0.1779
v -0.0213 1.5066 -0.1283
v 0.0778 1.5599 -0.1049
v 0.1347 1.4125 -0.1490
v 0.0433 1.3877 -0.1794
v 0.0218 1.5696 -0.1264
v -0.1239 1.3555 -0.1573
v -0.0997 1.4618 -0.1080
v -0.0041 1.5564 -0.1246
v -0.0060 1.3895 -0.1894
v -0.0737 1.3867 -0.1918
v -0.0495 1.5159 -0.1248
v -0.0963 1.4476 -0.1920
v -0.0523 1.5775 -0.1247
v 0.0260 1.5992 -0.1180
v 0.0532 1.4368 -0.1911
v -0.0145 1.4712 -0.2054
v -0.0135 1.6123 -0.1312
v -0.0267 1.4203 -0.2025
v -0.0261 1.5929 -0.1297
v 0.0530 1.5808 -0.1097
v 0.0999 1.4096 -0.1632
v 0.0532 1.4497 -0.1995
v 0.0193 1.6029 -0.1285
v -0.0639 1.2958 -0.1962
v -0.0097 1.5950 -0.0614
v -0.1042 1.2903 -0.2007
v -0.0054 1.6044 -0.0634
v -0.0156 1.2756 -0.1752
v -0.0124 1.5837 -0.0694
v 0.0266 1.2730 -0.1720
v -0.0188 1.5836 -0.0700
v -0.0691 1.2864 -0.1949
v -0.0189 1.5833 -0.0705
v -0.0287 1.2761 -0.1815
v -0.0245 1.5837 -0.0708
v 0.0290 1.2755 -0.1745
v -0.0067 1.5916 -0.0710
v 0.0709 1.2819 -0.1786
v -0.0120 1.5867 -0.0700
v -0.0055 1.2429 -0.1206
v 0.0021 1.5765 -0.0520
v -0.0515 1.2479 -0.1340
v 0.0061 1.5789 -0.0514
v -0.0611 1.2865 -0.1832
v -0.0168 1.5798 -0.0666
v -0.0254 1.2812 -0.1682
v -0.0216 1.5812 -0.0681
v 0.0310 1.2821 -0.1611
v -0.0074 1.5876 -0.0681
v 0.0655 1.2863 -0.1692
v -0.0112 1.5824 -0.0649
v -0.0808 1.2804 -0.1807
v -0.0182 1.5821 -0.0687
v -0.0318 1.2718 -0.1637
v -0.0241 1.5824 -0.0692
v 0.0390 1.2700 -0.1556
v -0.0060 1.5895 -0.0693
v 0.0888 1.2768 -0.1566
v -0.0113 1.5848 -0.0680
v -0.0081 1.2795 -0.1472
v -0.0144 1.5812 -0.0647
v 0.0391 1.2765 -0.1388
v -0.0173 1.5808 -0.0638
v -0.0629 1.2822 -0.1664
v -0.0163 1.5798 -0.0645
v -0.0273 1.2790 -0.1524
v -0.0212 1.5806 -0.0665
v 0.0410 1.2787 -0.1425
v -0.0070 1.5872 -0.0668
v 0.0772 1.2818 -0.1491
v -0.0108 1.5826 -0.0633
v -0.0020 1.2397 -0.1255
v -0.0010 1.5791 -0.0543
v -0.0483 1.2435 -0.1384
v 0.0059 1.5807 -0.0532
v 0.0063 1.5786 -0.0541
v 0.0114 1.2395 -0.1172
v 0.0290 1.2727 -0.1605
v -0.0051 1.5827 -0.0647
v 0.0699 1.2808 -0.1628
v -0.0107 1.5800 -0.0636
v -0.0066 1.2576 -0.1337
v 0.0018 1.5843 -0.0561
v -0.0520 1.2589 -0.1436
v 0.0057 1.5866 -0.0562
v -0.0618 1.2867 -0.1674
v -0.0157 1.5750 -0.0600
v -0.0260 1.2816 -0.1539
v -0.0204 1.5764 -0.0616
v 0.0309 1.2794 -0.1458
v -0.0057 1.5796 -0.0614
v 0.0649 1.2834 -0.1526
v -0.0103 1.5769 -0.0586
v -0.0814 1.2800 -0.1645
v -0.0173 1.5773 -0.0625
v -0.0325 1.2719 -0.1495
v -0.0230 1.5776 -0.0629
v 0.0380 1.2705 -0.1383
v -0.0043 1.5816 -0.0630
v 0.0880 1.2747 -0.1376
v -0.0101 1.5792 -0.0617
v -0.0130 1.2699 -0.1491
v 0.0016 1.5871 -0.0569
v -0.0639 1.2711 -0.1607
v 0.0049 1.5903 -0.0576
v 0.0493 1.2603 -0.1331
v 0.0035 1.5878 -0.0578
v 0.0090 1.2622 -0.1467
v 0.0095 1.5871 -0.0562
v 0.0410 1.2766 -0.1235
v -0.0055 1.5801 -0.0602
v 0.0764 1.2805 -0.1306
v -0.0102 1.5773 -0.0572
v -0.0066 1.2466 -0.1538
v -0.0035 1.5794 -0.0588
v -0.0520 1.2486 -0.1636
v 0.0039 1.5799 -0.0570
v -0.0672 1.2704 -0.1605
v -0.0163 1.5726 -0.0635
v -0.0272 1.2613 -0.1472
v -0.0223 1.5746 -0.0648
v 0.0306 1.2566 -0.1304
v -0.0031 1.5761 -0.0634
v 0.0725 1.2608 -0.1308
v -0.0087 1.5736 -0.0623
v -0.0092 1.2628 -0.1557
v -0.0002 1.5854 -0.0598
v -0.0541 1.2659 -0.1669
v 0.0039 1.5867 -0.0589
v -0.0598 1.2727 -0.1511
v -0.0146 1.5707 -0.0591
v -0.0246 1.2689 -0.1377
v -0.0196 1.5723 -0.0616
v 0.0316 1.2664 -0.1176
v -0.0045 1.5752 -0.0610
v 0.0671 1.2664 -0.1249
v -0.0093 1.5730 -0.0578
v -0.0806 1.2682 -0.1500
v -0.0159 1.5724 -0.0616
v -0.0318 1.2605 -0.1341
v -0.0221 1.5741 -0.0631
v 0.0379 1.2588 -0.1084
v -0.0028 1.5760 -0.0618
v 0.0887 1.2626 -0.1117
v -0.0085 1.5735 -0.0603
v -0.0128 1.2779 -0.1696
v 0.0003 1.5872 -0.0590
v -0.0638 1.2820 -0.1853
v 0.0039 1.5892 -0.0589
v 0.0478 1.2653 -0.1571
v 0.0022 1.5881 -0.0598
v 0.0076 1.2720 -0.1657
v 0.0078 1.5859 -0.0580
v 0.0395 1.2703 -0.0992
v -0.0044 1.5761 -0.0597
v 0.0768 1.2693 -0.1066
v -0.0095 1.5744 -0.0569
v -0.0051 1.2608 -0.1613
v -0.0036 1.5900 -0.0621
v -0.0505 1.2626 -0.1721
v 0.0036 1.5903 -0.0606
v 0.0561 1.2592 -0.1444
v 0.0036 1.5895 -0.0606
v 0.0092 1.2574 -0.1583
v 0.0104 1.5919 -0.0595
v 0.0281 1.2611 -0.1143
v -0.0031 1.5735 -0.0577
v 0.0702 1.2641 -0.1153
v -0.0094 1.5711 -0.0564
v -0.0072 1.2773 -0.1662
v -0.0019 1.6009 -0.0640
v -0.0527 1.2802 -0.1784
v 0.0022 1.6021 -0.0633
v 0.0464 1.2681 -0.1529
v -0.0002 1.6033 -0.0650
v 0.0061 1.2727 -0.1627
v 0.0058 1.6002 -0.0626
v -0.0553 1.2809 -0.1766
v -0.0097 1.5924 -0.0618
v -0.0918 1.2751 -0.1798
v -0.0056 1.6028 -0.0639
v 0.0690 1.2726 -0.1656
v 0.0029 1.5936 -0.0614
v 0.0136 1.2697 -0.1740
v 0.0091 1.5960 -0.0600
v -0.0622 1.2778 -0.1897
v -0.0109 1.5877 -0.0604
v -0.1158 1.2794 -0.2028
v -0.0049 1.5938 -0.0617
v -0.0104 1.2926 -0.1863
v -0.0022 1.6042 -0.0641
v -0.0619 1.2967 -0.2004
v 0.0016 1.6055 -0.0637
v 0.0501 1.2836 -0.1728
v -0.0007 1.6068 -0.0653
v 0.0095 1.2859 -0.1792
v 0.0052 1.6041 -0.0634
v 0.0400 1.4013 -0.1292
v -0.0598 1.5357 -0.1590
v -0.0595 1.5483 -0.1178
v -0.1003 1.4320 -0.1419
v -0.0939 1.4138 -0.1872
v -0.0074 1.5687 -0.1603
v -0.0289 1.6064 -0.1268
v -0.0423 1.4711 -0.1970
v -0.0046 1.3852 -0.1465
v 0.0149 1.4348 -0.1271
v 0.0473 1.3902 -0.1468
v 0.0238 1.3445 -0.1581
v -0.0533 1.4185 -0.1526
v -0.0284 1.4598 -0.1295
v -0.0265 1.3503 -0.1642
v -0.0470 1.4059 -0.1475
v -0.0190 1.4544 -0.1297
v 0.0060 1.3823 -0.1589
v -0.0226 1.3433 -0.1674
v -0.1118 1.4592 -0.1375
v -0.0629 1.4885 -0.1222
v -0.0771 1.3775 -0.1689
v 0.0378 1.3922 -0.1445
v 0.0494 1.4518 -0.1323
v 0.1002 1.4196 -0.1478
v 0.0689 1.3598 -0.1531
v -0.0154 1.3882 -0.1572
v 0.0067 1.4405 -0.1288
v 0.0161 1.3438 -0.1645
v -0.0089 1.4032 -0.1350
v -0.0250 1.4628 -0.1044
v -0.0630 1.3807 -0.1252
v -0.0439 1.3321 -0.1308
v 0.0420 1.4108 -0.1126
v 0.0176 1.4853 -0.0900
v 0.0114 1.3426 -0.1188
v -0.0427 1.4120 -0.1200
v -0.0165 1.4738 -0.1025
v 0.0071 1.3933 -0.1300
v -0.0216 1.3516 -0.1491
v -0.0882 1.4403 -0.1305
v -0.0527 1.4980 -0.1037
v -0.0680 1.3719 -0.1555
v 0.0341 1.3965 -0.1190
v 0.0398 1.4645 -0.1169
v 0.0742 1.4128 -0.1397
v 0.0593 1.3580 -0.1399
v -0.0148 1.4098 -0.1239
v 0.0053 1.4706 -0.1006
v 0.0171 1.3482 -0.1383
v -0.0488 1.4046 -0.1301
v -0.0172 1.4586 -0.1156
v 0.0094 1.3843 -0.1424
v -0.0229 1.3451 -0.1532
v -0.1238 1.4553 -0.1229
v -0.0661 1.4909 -0.1098
v -0.0855 1.3723 -0.1537
v 0.0423 1.3919 -0.1300
v 0.0537 1.4509 -0.1234
v 0.1080 1.4158 -0.1381
v 0.0778 1.3556 -0.1379
v -0.0134 1.3951 -0.1383
v 0.0087 1.4467 -0.1155
v 0.0211 1.3453 -0.1446
v -0.0028 1.4236 -0.0906
v 0.0110 1.4977 -0.0839
v 0.0474 1.4028 -0.1087
v 0.0292 1.3565 -0.1117
v -0.0479 1.4285 -0.1095
v -0.0246 1.5079 -0.0784
v -0.0238 1.3631 -0.1227
v -0.0452 1.4272 -0.0963
v -0.0169 1.4985 -0.0827
v 0.0083 1.4067 -0.1069
v -0.0227 1.3587 -0.1262
v -0.0907 1.4373 -0.1164
v -0.0543 1.5062 -0.0886
v -0.0724 1.3750 -0.1331
v 0.0365 1.4106 -0.1044
v 0.0387 1.4915 -0.1073
v 0.0721 1.4092 -0.1338
v 0.0645 1.3585 -0.1267
v -0.0136 1.4240 -0.1023
v 0.0053 1.5015 -0.0836
v 0.0204 1.3570 -0.1197
v -0.0090 1.3899 -0.1312
v -0.0279 1.4462 -0.1127
v -0.0649 1.3711 -0.1218
v -0.0428 1.3238 -0.1282
v 0.0435 1.4108 -0.1116
v 0.0182 1.4729 -0.0930
v 0.0128 1.3346 -0.1172
v 0.0094 1.4565 -0.1005
v -0.0213 1.3707 -0.1168
v 0.0092 1.3254 -0.1162
v 0.0363 1.3895 -0.1238
v 0.0473 1.4515 -0.1168
v 0.0880 1.4091 -0.1326
v 0.0654 1.3525 -0.1365
v -0.0160 1.4025 -0.1300
v 0.0058 1.4540 -0.1057
v 0.0159 1.3438 -0.1421
v -0.0087 1.4333 -0.1580
v -0.0237 1.4992 -0.1062
v -0.0621 1.4006 -0.1449
v -0.0444 1.3524 -0.1532
v 0.0443 1.4315 -0.1308
v 0.0122 1.5353 -0.1029
v 0.0133 1.3610 -0.1454
v -0.0443 1.4175 -0.0899
v -0.0183 1.4913 -0.0760
v 0.0052 1.4007 -0.1023
v -0.0230 1.3533 -0.1246
v -0.0828 1.4450 -0.1107
v -0.0518 1.5067 -0.0786
v -0.0705 1.3726 -0.1297
v 0.0324 1.4038 -0.0975
v 0.0366 1.4799 -0.0970
v 0.0635 1.4061 -0.1268
v 0.0563 1.3552 -0.1232
v -0.0168 1.4143 -0.0951
v 0.0039 1.4927 -0.0757
v 0.0153 1.3517 -0.1160
v -0.0504 1.4131 -0.0987
v -0.0184 1.4777 -0.0901
v 0.0079 1.3928 -0.1153
v -0.0243 1.3491 -0.1323
v -0.1211 1.4660 -0.0972
v -0.0662 1.5034 -0.0826
v -0.0886 1.3749 -0.1234
v 0.0409 1.3919 -0.1078
v 0.0520 1.4595 -0.1069
v 0.0919 1.4092 -0.1245
v 0.0757 1.3513 -0.1207
v -0.0148 1.4068 -0.1108
v 0.0076 1.4696 -0.0928
v 0.0198 1.3437 -0.1230
v -0.0118 1.4722 -0.1550
v -0.0292 1.5468 -0.1056
v -0.0712 1.4286 -0.1422
v -0.0506 1.3825 -0.1714
v 0.0420 1.4624 -0.1385
v 0.0063 1.5742 -0.1056
v 0.0108 1.3937 -0.1727
v 0.0345 1.4751 -0.1508
v -0.0002 1.5578 -0.1072
v -0.0240 1.4419 -0.1513
v 0.0076 1.3829 -0.1680
v 0.0825 1.4550 -0.1219
v 0.0363 1.5738 -0.0988
v 0.0727 1.3885 -0.1490
v 0.0381 1.4251 -0.0825
v 0.0388 1.4996 -0.0841
v 0.0689 1.4056 -0.1164
v 0.0641 1.3590 -0.1080
v -0.0146 1.4393 -0.0704
v 0.0061 1.5096 -0.0576
v 0.0211 1.3660 -0.0923
v -0.0133 1.3707 -0.1517
v -0.0323 1.4211 -0.1414
v -0.0709 1.3507 -0.1419
v -0.0480 1.3163 -0.1475
v 0.0413 1.3718 -0.1202
v 0.0157 1.4366 -0.1297
v 0.0091 1.3212 -0.1396
v -0.0462 1.3760 -0.1220
v -0.0174 1.4254 -0.1019
v 0.0092 1.3596 -0.1239
v -0.0217 1.3234 -0.1358
v -0.1003 1.4106 -0.1175
v -0.0612 1.4596 -0.1007
v -0.0736 1.3443 -0.1438
v 0.0382 1.3621 -0.1117
v 0.0480 1.4092 -0.1104
v 0.0799 1.3688 -0.1301
v 0.0658 1.3281 -0.1201
v -0.0151 1.3680 -0.1246
v 0.0080 1.4138 -0.1025
v 0.0175 1.3229 -0.1238
v -0.0097 1.4359 -0.1761
v -0.0276 1.5022 -0.1241
v -0.0674 1.4045 -0.1613
v -0.0460 1.3629 -0.1730
v 0.0441 1.4210 -0.1483
v 0.0115 1.5286 -0.1227
v 0.0118 1.3664 -0.1672
v -0.0436 1.4006 -0.0798
v -0.0171 1.4693 -0.0687
v 0.0083 1.3807 -0.0893
v -0.0211 1.3409 -0.1075
v -0.0804 1.4034 -0.1143
v -0.0532 1.4808 -0.0810
v -0.0672 1.3575 -0.1225
v 0.0355 1.3966 -0.0826
v 0.0408 1.4443 -0.0910
v 0.0654 1.3741 -0.1211
v 0.0582 1.3427 -0.1043
v -0.0163 1.4006 -0.0758
v 0.0060 1.4764 -0.0656
v 0.0169 1.3503 -0.0927
v -0.0482 1.3901 -0.0940
v -0.0166 1.4423 -0.0820
v 0.0109 1.3682 -0.1041
v -0.0222 1.3308 -0.1177
v -0.1131 1.4217 -0.0992
v -0.0649 1.4760 -0.0852
v -0.0827 1.3554 -0.1228
v 0.0429 1.3784 -0.0949
v 0.0532 1.4262 -0.0990
v 0.0902 1.3794 -0.1178
v 0.0758 1.3384 -0.1041
v -0.0136 1.3818 -0.0971
v 0.0100 1.4415 -0.0833
v 0.0212 1.3360 -0.1026
v -0.0128 1.4952 -0.1608
v -0.0328 1.5650 -0.1161
v -0.0729 1.4559 -0.1496
v -0.0511 1.4068 -0.1904
v 0.0395 1.4698 -0.1536
v 0.0056 1.5790 -0.1146
v 0.0134 1.4061 -0.1908
v 0.0329 1.4810 -0.1612
v -0.0029 1.5651 -0.1185
v -0.0259 1.4515 -0.1665
v 0.0070 1.3960 -0.1868
v 0.0779 1.4331 -0.1410
v 0.0360 1.5618 -0.1094
v 0.0691 1.3902 -0.1605
v 0.0393 1.4369 -0.0636
v 0.0418 1.4801 -0.0769
v 0.0701 1.3851 -0.1078
v 0.0654 1.3617 -0.0895
v -0.0142 1.4409 -0.0550
v 0.0064 1.5073 -0.0455
v 0.0223 1.3752 -0.0687
v -0.0104 1.4156 -0.1772
v -0.0303 1.4767 -0.1341
v -0.0700 1.3902 -0.1605
v -0.0460 1.3469 -0.1689
v 0.0456 1.4144 -0.1471
v 0.0143 1.5055 -0.1281
v 0.0129 1.3525 -0.1644
v 0.0374 1.4261 -0.1624
v 0.0060 1.4911 -0.1292
v -0.0237 1.3934 -0.1644
v 0.0066 1.3434 -0.1616
v 0.0948 1.4519 -0.1291
v 0.0458 1.5481 -0.1095
v 0.0688 1.3731 -0.1468
v 0.0377 1.3857 -0.0860
v 0.0483 1.4391 -0.0899
v 0.0797 1.3812 -0.1109
v 0.0650 1.3397 -0.1016
v -0.0173 1.3888 -0.0842
v 0.0066 1.4586 -0.0721
v 0.0159 1.3406 -0.0976
v -0.0090 1.4958 -0.1740
v -0.0338 1.5813 -0.1332
v -0.0656 1.4696 -0.1581
v -0.0450 1.4052 -0.1999
v 0.0442 1.4821 -0.1579
v 0.0084 1.5880 -0.1282
v 0.0187 1.4062 -0.1942
v 0.0333 1.4871 -0.1697
v -0.0030 1.5782 -0.1326
v -0.0225 1.4524 -0.1764
v 0.0080 1.3938 -0.1901
v 0.0774 1.4544 -0.1404
v 0.0357 1.5767 -0.1179
v 0.0699 1.3973 -0.1664
v -0.0529 1.4823 -0.1606
v -0.0560 1.5102 -0.1185
v -0.0869 1.3972 -0.1454
v -0.0810 1.3824 -0.1758
v 0.0022 1.4968 -0.1674
v -0.0282 1.5874 -0.1306
v -0.0354 1.4193 -0.1989
v 0.0443 1.4625 -0.1696
v -0.0011 1.5443 -0.1302
v -0.0259 1.4245 -0.1768
v 0.0079 1.3738 -0.1834
v 0.1078 1.4762 -0.1326
v 0.0483 1.5736 -0.1160
v 0.0929 1.3977 -0.1654
v -0.0658 1.4535 -0.1626
v -0.0709 1.4877 -0.1181
v -0.1230 1.3979 -0.1407
v -0.1005 1.3736 -0.1778
v 0.0026 1.4565 -0.1744
v -0.0295 1.5466 -0.1277
v -0.0415 1.3909 -0.1938
v -0.0199 1.5782 -0.1702
v -0.0334 1.6011 -0.1298
v -0.0711 1.5206 -0.1537
v -0.0541 1.4631 -0.2001
v 0.0348 1.5481 -0.1564
v 0.0063 1.6099 -0.1265
v 0.0208 1.4563 -0.2057
v 0.0282 1.5598 -0.1667
v -0.0026 1.6021 -0.1308
v -0.0258 1.5065 -0.1674
v 0.0159 1.4381 -0.2082
v 0.0784 1.4889 -0.1424
v 0.0373 1.5944 -0.1209
v 0.0800 1.4389 -0.1813
v -0.1097 1.3171 -0.1753
v -0.0805 1.3690 -0.2173
v -0.0446 1.5564 -0.0810
v -0.0296 1.6071 -0.0949
v -0.0043 1.6160 -0.0917
v -0.0170 1.3704 -0.2091
v 0.0498 1.3122 -0.1679
v 0.0013 1.3037 -0.1635
v 0.0130 1.5321 -0.1111
v -0.0126 1.5254 -0.1027
v -0.0397 1.5432 -0.1015
v -0.0439 1.3231 -0.1788
v -0.0000 1.3027 -0.1815
v -0.0505 1.3138 -0.1735
v -0.0074 1.5302 -0.1102
v -0.0337 1.5396 -0.0968
v -0.0584 1.5517 -0.0938
v -0.0992 1.3473 -0.1916
v 0.0935 1.3318 -0.1703
v 0.0466 1.3096 -0.1656
v 0.0274 1.5712 -0.1115
v 0.0084 1.5355 -0.1061
v -0.0191 1.5342 -0.1067
v -0.0034 1.3077 -0.1754
v -0.0750 1.2816 -0.1277
v -0.0227 1.2873 -0.1275
v -0.0247 1.5133 -0.0679
v -0.0013 1.5483 -0.0707
v 0.0217 1.5576 -0.0630
v 0.0280 1.2864 -0.1025
v 0.0022 1.3085 -0.1623
v -0.0475 1.3154 -0.1598
v -0.0056 1.5339 -0.0875
v -0.0276 1.5429 -0.0780
v -0.0492 1.5500 -0.0895
v -0.0830 1.3384 -0.1844
v 0.0761 1.3327 -0.1673
v 0.0466 1.3082 -0.1481
v 0.0188 1.5663 -0.1058
v 0.0056 1.5483 -0.0839
v -0.0167 1.5447 -0.0783
v -0.0020 1.3142 -0.1583
v 0.0021 1.3026 -0.1625
v -0.0565 1.3102 -0.1591
v -0.0048 1.5279 -0.1010
v -0.0321 1.5391 -0.0872
v -0.0617 1.5466 -0.0884
v -0.1137 1.3415 -0.1776
v 0.1087 1.3297 -0.1522
v 0.0576 1.3041 -0.1448
v 0.0309 1.5679 -0.1080
v 0.0099 1.5385 -0.0976
v -0.0171 1.5367 -0.0947
v -0.0006 1.3094 -0.1572
v 0.0632 1.3099 -0.1308
v 0.0074 1.3157 -0.1271
v 0.0058 1.5573 -0.0782
v -0.0116 1.5501 -0.0645
v -0.0313 1.5512 -0.0717
v -0.0409 1.3214 -0.1505
v 0.0053 1.3120 -0.1452
v -0.0516 1.3195 -0.1418
v -0.0061 1.5491 -0.0719
v -0.0270 1.5474 -0.0685
v -0.0500 1.5469 -0.0831
v -0.0842 1.3340 -0.1681
v 0.0826 1.3259 -0.1537
v 0.0547 1.3115 -0.1279
v 0.0213 1.5673 -0.1003
v 0.0049 1.5612 -0.0727
v -0.0148 1.5522 -0.0672
v 0.0002 1.3191 -0.1414
v -0.0720 1.2771 -0.1281
v -0.0206 1.2802 -0.1288
v -0.0306 1.5059 -0.0701
v -0.0013 1.5347 -0.0721
v 0.0223 1.5588 -0.0630
v 0.0311 1.2858 -0.1040
v -0.0174 1.2673 -0.1146
v 0.0382 1.2835 -0.1187
v -0.0072 1.5109 -0.0690
v 0.0181 1.5602 -0.0731
v 0.0885 1.3280 -0.1556
v 0.0466 1.3032 -0.1474
v 0.0269 1.5645 -0.1009
v 0.0086 1.5367 -0.0889
v -0.0173 1.5390 -0.0826
v -0.0045 1.3105 -0.1576
v -0.0758 1.2909 -0.1407
v -0.0232 1.3057 -0.1443
v -0.0239 1.5421 -0.0750
v -0.0049 1.5820 -0.0805
v 0.0174 1.5852 -0.0727
v 0.0315 1.2983 -0.1193
v 0.0016 1.3104 -0.1450
v -0.0490 1.3170 -0.1415
v -0.0061 1.5411 -0.0658
v -0.0268 1.5428 -0.0612
v -0.0456 1.5503 -0.0734
v -0.0859 1.3380 -0.1665
v 0.0726 1.3276 -0.1552
v 0.0452 1.3088 -0.1283
v 0.0185 1.5635 -0.0910
v 0.0064 1.5475 -0.0652
v -0.0156 1.5454 -0.0608
v -0.0042 1.3169 -0.1403
v 0.0017 1.3042 -0.1455
v -0.0585 1.3114 -0.1408
v -0.0051 1.5366 -0.0777
v -0.0310 1.5406 -0.0688
v -0.0611 1.5472 -0.0729
v -0.1164 1.3435 -0.1540
v 0.1057 1.3245 -0.1359
v 0.0571 1.3022 -0.1275
v 0.0310 1.5640 -0.0957
v 0.0098 1.5438 -0.0782
v -0.0155 1.5415 -0.0723
v -0.0022 1.3097 -0.1413
v -0.0890 1.3063 -0.1576
v -0.0290 1.3295 -0.1665
v -0.0255 1.5663 -0.0758
v -0.0073 1.6000 -0.0824
v 0.0153 1.5951 -0.0764
v 0.0286 1.3207 -0.1426
v -0.0270 1.3095 -0.1464
v 0.0369 1.3275 -0.1533
v -0.0119 1.5827 -0.0783
v 0.0090 1.6005 -0.0811
v 0.0342 1.5855 -0.0703
v 0.0768 1.3214 -0.1194
v 0.0807 1.3196 -0.1382
v 0.0553 1.3145 -0.1077
v 0.0209 1.5675 -0.0839
v 0.0085 1.5505 -0.0563
v -0.0143 1.5505 -0.0533
v 0.0000 1.3230 -0.1141
v -0.0778 1.2772 -0.1533
v -0.0244 1.2810 -0.1486
v -0.0340 1.4822 -0.0881
v -0.0031 1.5117 -0.0869
v 0.0246 1.5149 -0.0759
v 0.0274 1.2749 -0.1255
v 0.0019 1.2873 -0.1432
v -0.0494 1.2943 -0.1433
v -0.0008 1.4965 -0.0934
v -0.0303 1.5163 -0.0820
v -0.0558 1.5326 -0.0836
v -0.0925 1.3198 -0.1663
v 0.0901 1.3001 -0.1381
v 0.0484 1.2873 -0.1227
v 0.0326 1.5076 -0.1109
v 0.0138 1.4996 -0.0921
v -0.0139 1.5033 -0.0907
v -0.0034 1.2945 -0.1384
v -0.0788 1.3000 -0.1644
v -0.0244 1.3128 -0.1652
v -0.0282 1.5405 -0.0865
v -0.0077 1.5857 -0.0910
v 0.0164 1.5821 -0.0826
v 0.0282 1.3006 -0.1458
v 0.0045 1.2941 -0.1254
v -0.0470 1.3067 -0.1266
v -0.0027 1.5227 -0.0636
v -0.0271 1.5316 -0.0592
v -0.0472 1.5301 -0.0797
v -0.0804 1.3155 -0.1559
v 0.0761 1.3022 -0.1329
v 0.0464 1.3016 -0.1031
v 0.0249 1.5177 -0.0995
v 0.0103 1.5298 -0.0618
v -0.0149 1.5330 -0.0574
v -0.0030 1.3086 -0.1161
v 0.0038 1.2869 -0.1270
v -0.0560 1.2987 -0.1277
v -0.0001 1.5084 -0.0786
v -0.0303 1.5248 -0.0688
v -0.0597 1.5331 -0.0757
v -0.1093 1.3209 -0.1513
v 0.1061 1.3039 -0.1207
v 0.0572 1.2934 -0.1022
v 0.0357 1.5203 -0.1025
v 0.0145 1.5177 -0.0768
v -0.0131 1.5192 -0.0729
v -0.0006 1.2963 -0.1193
v -0.0918 1.3278 -0.1864
v -0.0275 1.3439 -0.1915
v -0.0288 1.5739 -0.0840
v -0.0084 1.6039 -0.0875
v 0.0135 1.5966 -0.0822
v 0.0265 1.3307 -0.1683
v -0.0281 1.3198 -0.1711
v 0.0364 1.3327 -0.1730
v -0.0156 1.5889 -0.0872
v 0.0075 1.6019 -0.0862
v 0.0317 1.5813 -0.0775
v 0.0715 1.3113 -0.1369
v 0.0817 1.3043 -0.1168
v 0.0555 1.3147 -0.0831
v 0.0255 1.5394 -0.0853
v 0.0100 1.5421 -0.0517
v -0.0139 1.5456 -0.0493
v 0.0004 1.3170 -0.0935
v -0.0765 1.2942 -0.1651
v -0.0224 1.3023 -0.1643
v -0.0341 1.5252 -0.0897
v -0.0077 1.5730 -0.0935
v 0.0177 1.5800 -0.0827
v 0.0311 1.2976 -0.1461
v -0.0222 1.2876 -0.1491
v 0.0358 1.3042 -0.1554
v -0.0115 1.5462 -0.0885
v 0.0115 1.5921 -0.0877
v 0.0407 1.5887 -0.0769
v 0.0904 1.3214 -0.1296
v 0.0871 1.3047 -0.1192
v 0.0464 1.2953 -0.1023
v 0.0325 1.5278 -0.0895
v 0.0124 1.5230 -0.0653
v -0.0154 1.5270 -0.0608
v -0.0055 1.3023 -0.1175
v -0.0796 1.3324 -0.1884
v -0.0215 1.3402 -0.1909
v -0.0310 1.5896 -0.0949
v -0.0089 1.6161 -0.0995
v 0.0156 1.6085 -0.0899
v 0.0313 1.3332 -0.1668
v -0.0241 1.3189 -0.1700
v 0.0340 1.3325 -0.1739
v -0.0170 1.6025 -0.0968
v 0.0077 1.6135 -0.0962
v 0.0302 1.5940 -0.0814
v 0.0737 1.3226 -0.1385
v -0.0991 1.2979 -0.1565
v -0.0706 1.3397 -0.1932
v -0.0430 1.5340 -0.0798
v -0.0303 1.5970 -0.0963
v -0.0044 1.6116 -0.0943
v -0.0152 1.3422 -0.1832
v -0.0244 1.3074 -0.1686
v 0.0432 1.3247 -0.1756
v -0.0158 1.5756 -0.0925
v 0.0110 1.6052 -0.0921
v 0.0443 1.5969 -0.0830
v 0.1071 1.3390 -0.1497
v -0.1316 1.3114 -0.1760
v -0.0829 1.3289 -0.1959
v -0.0574 1.5244 -0.0798
v -0.0326 1.5705 -0.0921
v -0.0053 1.5958 -0.0911
v -0.0182 1.3287 -0.1804
v -0.0925 1.3672 -0.2151
v -0.0248 1.3726 -0.2206
v -0.0303 1.6039 -0.0946
v -0.0079 1.6206 -0.0977
v 0.0144 1.6147 -0.0907
v 0.0312 1.3578 -0.1928
v -0.0249 1.3465 -0.1962
v 0.0406 1.3588 -0.1991
v -0.0167 1.6148 -0.0975
v 0.0086 1.6191 -0.0970
v 0.0316 1.6021 -0.0856
v 0.0752 1.3424 -0.1635
v -0.0517 1.3737 -0.2175
v -0.0183 1.6164 -0.0948
v -0.0374 1.5846 -0.0893
v 0.0256 1.3051 -0.1648
v -0.0220 1.3108 -0.1680
v -0.0264 1.5356 -0.1012
v 0.0003 1.5257 -0.1061
v -0.0255 1.3065 -0.1731
v -0.0750 1.3278 -0.1819
v -0.0458 1.5451 -0.0943
v -0.0210 1.5362 -0.1020
v 0.0701 1.3199 -0.1645
v 0.0217 1.3064 -0.1688
v -0.0040 1.5305 -0.1055
v 0.0176 1.5537 -0.1082
v -0.0490 1.2847 -0.1287
v 0.0038 1.2839 -0.1180
v 0.0092 1.5582 -0.0680
v -0.0118 1.5310 -0.0698
v -0.0239 1.3107 -0.1575
v -0.0666 1.3248 -0.1702
v -0.0383 1.5471 -0.0817
v -0.0167 1.5388 -0.0805
v 0.0625 1.3208 -0.1547
v 0.0234 1.3112 -0.1534
v -0.0042 1.5439 -0.0795
v 0.0124 1.5575 -0.0930
v -0.0273 1.3044 -0.1568
v -0.0852 1.3229 -0.1684
v -0.0463 1.5430 -0.0865
v -0.0185 1.5351 -0.0921
v 0.0837 1.3155 -0.1467
v 0.0285 1.3065 -0.1523
v -0.0023 1.5332 -0.0952
v 0.0198 1.5538 -0.1020
v 0.0352 1.3110 -0.1237
v -0.0176 1.3183 -0.1369
v -0.0214 1.5514 -0.0662
v -0.0027 1.5520 -0.0693
v -0.0253 1.3153 -0.1401
v -0.0702 1.3256 -0.1524
v -0.0382 1.5478 -0.0740
v -0.0162 1.5472 -0.0685
v 0.0711 1.3172 -0.1373
v 0.0302 1.3114 -0.1319
v -0.0038 1.5541 -0.0679
v 0.0123 1.5684 -0.0839
v -0.0467 1.2781 -0.1296
v 0.0062 1.2793 -0.1188
v 0.0099 1.5505 -0.0687
v -0.0147 1.5199 -0.0720
v 0.0102 1.2747 -0.1144
v 0.0070 1.5317 -0.0700
v 0.0686 1.3120 -0.1484
v 0.0211 1.3065 -0.1528
v -0.0032 1.5345 -0.0850
v 0.0175 1.5502 -0.0943
v -0.0500 1.3000 -0.1441
v 0.0040 1.3053 -0.1377
v 0.0059 1.5864 -0.0777
v -0.0141 1.5648 -0.0788
v -0.0249 1.3125 -0.1401
v -0.0688 1.3256 -0.1516
v -0.0362 1.5463 -0.0656
v -0.0167 1.5410 -0.0619
v 0.0611 1.3152 -0.1372
v 0.0228 1.3087 -0.1324
v -0.0032 1.5440 -0.0610
v 0.0127 1.5563 -0.0758
v -0.0285 1.3057 -0.1400
v -0.0876 1.3245 -0.1477
v -0.0452 1.5438 -0.0696
v -0.0177 1.5380 -0.0719
v 0.0824 1.3113 -0.1283
v 0.0284 1.3018 -0.1325
v -0.0021 1.5403 -0.0741
v 0.0198 1.5547 -0.0857
v -0.0592 1.3208 -0.1639
v 0.0001 1.3286 -0.1598
v 0.0035 1.6009 -0.0804
v -0.0166 1.5876 -0.0800
v 0.0071 1.3200 -0.1539
v 0.0593 1.3249 -0.1379
v 0.0213 1.5946 -0.0768
v -0.0017 1.5952 -0.0809
v 0.0707 1.3163 -0.1176
v 0.0304 1.3166 -0.1075
v -0.0017 1.5487 -0.0526
v 0.0151 1.5590 -0.0677
v -0.0512 1.2795 -0.1519
v 0.0017 1.2803 -0.1420
v 0.0105 1.5166 -0.0826
v -0.0177 1.4990 -0.0873
v -0.0244 1.2892 -0.1404
v -0.0718 1.3049 -0.1531
v -0.0431 1.5253 -0.0815
v -0.0161 1.5075 -0.0861
v 0.0702 1.2923 -0.1268
v 0.0234 1.2889 -0.1301
v 0.0011 1.5004 -0.0897
v 0.0236 1.5032 -0.0995
v -0.0517 1.3085 -0.1662
v 0.0019 1.3098 -0.1572
v 0.0040 1.5876 -0.0878
v -0.0180 1.5686 -0.0896
v -0.0231 1.3019 -0.1239
v -0.0655 1.3109 -0.1383
v -0.0372 1.5319 -0.0670
v -0.0155 1.5284 -0.0590
v 0.0632 1.3012 -0.1138
v 0.0238 1.3025 -0.1062
v -0.0009 1.5305 -0.0568
v 0.0177 1.5284 -0.0766
v -0.0267 1.2930 -0.1252
v -0.0833 1.3081 -0.1378
v -0.0447 1.5298 -0.0707
v -0.0155 1.5180 -0.0719
v 0.0828 1.2974 -0.1084
v 0.0290 1.2925 -0.1079
v 0.0018 1.5170 -0.0729
v 0.0253 1.5190 -0.0870
v -0.0592 1.3385 -0.1905
v 0.0007 1.3393 -0.1832
v 0.0024 1.6028 -0.0855
v -0.0191 1.5951 -0.0865
v 0.0069 1.3286 -0.1759
v 0.0562 1.3270 -0.1573
v 0.0190 1.5957 -0.0825
v -0.0039 1.5983 -0.0872
v 0.0715 1.3100 -0.0960
v 0.0304 1.3163 -0.0838
v -0.0011 1.5440 -0.0478
v 0.0175 1.5448 -0.0652
v -0.0497 1.2991 -0.1659
v 0.0043 1.3020 -0.1570
v 0.0042 1.5824 -0.0894
v -0.0203 1.5533 -0.0926
v 0.0068 1.2953 -0.1535
v 0.0639 1.3099 -0.1424
v 0.0255 1.5936 -0.0833
v -0.0000 1.5732 -0.0886
v 0.0681 1.2985 -0.1080
v 0.0218 1.2952 -0.1081
v -0.0003 1.5232 -0.0613
v 0.0224 1.5266 -0.0752
v -0.0504 1.3375 -0.1911
v 0.0057 1.3374 -0.1825
v 0.0031 1.6145 -0.0958
v -0.0206 1.6094 -0.0983
v 0.0066 1.3272 -0.1755
v 0.0552 1.3309 -0.1583
v 0.0189 1.6065 -0.0899
v -0.0040 1.6101 -0.0976
v -0.0877 1.3225 -0.1781
v -0.0452 1.3439 -0.1920
v -0.0193 1.6111 -0.0970
v -0.0363 1.5657 -0.0895
v 0.0095 1.3159 -0.1749
v 0.0753 1.3329 -0.1645
v 0.0272 1.6026 -0.0882
v -0.0029 1.5948 -0.0928
v -0.1092 1.3220 -0.1899
v -0.0517 1.3298 -0.1899
v -0.0207 1.5901 -0.0927
v -0.0437 1.5461 -0.0869
v -0.0580 1.3713 -0.2198
v 0.0046 1.3665 -0.2118
v 0.0033 1.6187 -0.0949
v -0.0193 1.6165 -0.0969
v 0.0106 1.3552 -0.2035
v 0.0608 1.3525 -0.1835
v 0.0198 1.6135 -0.0921
v -0.0034 1.6178 -0.0980
v -0.0759 1.4857 -0.1474
v -0.0391 1.5714 -0.1641
v 0.0210 1.3831 -0.1442
v -0.0292 1.3948 -0.1501
v -0.0205 1.3894 -0.1525
v -0.0792 1.4220 -0.1361
v 0.0679 1.3994 -0.1411
v 0.0113 1.3861 -0.1482
v -0.0357 1.3927 -0.1349
v 0.0169 1.4104 -0.1236
v -0.0187 1.4021 -0.1249
v -0.0635 1.4223 -0.1225
v 0.0524 1.4021 -0.1272
v 0.0111 1.3981 -0.1188
v -0.0192 1.3918 -0.1364
v -0.0797 1.4205 -0.1241
v 0.0690 1.3981 -0.1311
v 0.0148 1.3925 -0.1334
v 0.0217 1.4129 -0.0968
v -0.0259 1.4253 -0.0952
v -0.0195 1.4163 -0.0989
v -0.0669 1.4311 -0.1039
v 0.0556 1.4079 -0.1158
v 0.0129 1.4140 -0.1006
v -0.0367 1.3809 -0.1310
v 0.0175 1.4007 -0.1224
v 0.0091 1.3864 -0.1218
v 0.0596 1.3950 -0.1263
v 0.0109 1.3923 -0.1256
v -0.0354 1.4206 -0.1551
v 0.0177 1.4350 -0.1497
v -0.0206 1.4058 -0.0936
v -0.0644 1.4303 -0.0971
v 0.0497 1.4022 -0.1090
v 0.0096 1.4068 -0.0940
v -0.0208 1.4001 -0.1074
v -0.0815 1.4317 -0.0967
v 0.0669 1.3955 -0.1129
v -0.0006 1.3941 -0.1095
v -0.0387 1.4564 -0.1499
v 0.0143 1.4742 -0.1530
v 0.0072 1.4568 -0.1575
v 0.0598 1.4712 -0.1353
v 0.0554 1.4134 -0.0967
v 0.0138 1.4341 -0.0738
v -0.0419 1.3628 -0.1494
v 0.0145 1.3713 -0.1385
v -0.0190 1.3656 -0.1231
v -0.0708 1.3898 -0.1205
v 0.0603 1.3628 -0.1176
v 0.0128 1.3638 -0.1157
v -0.0376 1.4257 -0.1711
v 0.0173 1.4306 -0.1697
v -0.0191 1.3887 -0.0815
v -0.0635 1.4059 -0.0932
v 0.0522 1.3838 -0.0976
v 0.0116 1.4010 -0.0769
v -0.0187 1.3757 -0.0993
v -0.0774 1.4020 -0.0955
v 0.0675 1.3775 -0.1028
v 0.0155 1.3783 -0.0943
v -0.0398 1.4796 -0.1536
v 0.0129 1.4906 -0.1615
v 0.0056 1.4674 -0.1686
v 0.0580 1.4627 -0.1482
v 0.0567 1.4095 -0.0835
v 0.0146 1.4438 -0.0547
v -0.0399 1.4049 -0.1730
v 0.0177 1.4160 -0.1684
v 0.0071 1.4077 -0.1675
v 0.0707 1.4396 -0.1477
v 0.0599 1.3823 -0.0958
v 0.0114 1.3857 -0.0836
v -0.0376 1.4889 -0.1668
v 0.0170 1.4950 -0.1712
v 0.0101 1.4715 -0.1781
v 0.0566 1.4793 -0.1535
v -0.0766 1.4452 -0.1564
v -0.0285 1.4992 -0.1663
v 0.0100 1.4386 -0.1805
v 0.0731 1.4746 -0.1511
v -0.0989 1.4289 -0.1545
v -0.0328 1.4596 -0.1689
v -0.0458 1.5575 -0.1652
v 0.0075 1.5693 -0.1657
v 0.0023 1.5403 -0.1699
v 0.0526 1.5411 -0.1558
v -0.0985 1.3474 -0.2001
v 0.0671 1.5557 0.0813
v 0.0699 1.5584 0.0608
v 0.0722 1.5486 0.0562
v 0.0695 1.5456 0.0762
v 0.0681 1.5575 0.0751
v 0.0717 1.5554 0.0587
v 0.0722 1.5460 0.0595
v 0.0683 1.5481 0.0772
v 0.0688 1.5577 0.0741
v 0.0712 1.5558 0.0593
v 0.0719 1.5460 0.0577
v 0.0696 1.5473 0.0724
v 0.0653 1.5739 0.0812
v 0.0719 1.5546 0.0608
v 0.0716 1.5470 0.0655
v 0.0649 1.5656 0.0868
v 0.0674 1.5696 0.0745
v 0.0730 1.5516 0.0615
v 0.0701 1.5502 0.0712
v 0.0644 1.5676 0.0849
v 0.0682 1.5688 0.0736
v 0.0726 1.5524 0.0616
v 0.0701 1.5481 0.0696
v 0.0658 1.5637 0.0819
v 0.0668 1.5356 0.0830
v 0.0703 1.5624 0.0679
v 0.0734 1.5551 0.0535
v 0.0700 1.5298 0.0677
v 0.0682 1.5434 0.0788
v 0.0728 1.5612 0.0631
v 0.0735 1.5473 0.0532
v 0.0681 1.5313 0.0711
v 0.0692 1.5446 0.0781
v 0.0722 1.5608 0.0639
v 0.0730 1.5498 0.0518
v 0.0700 1.5346 0.0659
v 0.0646 1.5874 0.0850
v 0.0675 1.5657 0.0688
v 0.0671 1.5599 0.0764
v 0.0642 1.5812 0.0931
v 0.0654 1.5824 0.0797
v 0.0686 1.5629 0.0703
v 0.0660 1.5648 0.0824
v 0.0636 1.5827 0.0907
v 0.0660 1.5814 0.0790
v 0.0682 1.5638 0.0703
v 0.0658 1.5623 0.0811
v 0.0642 1.5788 0.0891
v 0.0597 1.5988 0.0927
v 0.0660 1.5799 0.0795
v 0.0652 1.5739 0.0875
v 0.0588 1.5926 0.1008
v 0.0616 1.5944 0.0881
v 0.0670 1.5775 0.0816
v 0.0633 1.5778 0.0925
v 0.0584 1.5940 0.0983
v 0.0624 1.5936 0.0876
v 0.0665 1.5782 0.0814
v 0.0634 1.5755 0.0914
v 0.0596 1.5904 0.0972
v 0.0544 1.6085 0.1027
v 0.0611 1.5915 0.0903
v 0.0606 1.5851 0.0982
v 0.0540 1.6021 0.1108
v 0.0565 1.6045 0.0982
v 0.0621 1.5891 0.0924
v 0.0589 1.5885 0.1028
v 0.0534 1.6035 0.1084
v 0.0573 1.6038 0.0977
v 0.0617 1.5898 0.0922
v 0.0590 1.5863 0.1018
v 0.0548 1.6002 0.1073
v 0.0436 1.6180 0.1158
v 0.0559 1.6060 0.1027
v 0.0547 1.5975 0.1082
v 0.0423 1.6096 0.1213
v 0.0475 1.6155 0.1115
v 0.0568 1.6032 0.1044
v 0.0514 1.5992 0.1124
v 0.0422 1.6116 0.1193
v 0.0485 1.6151 0.1111
v 0.0563 1.6039 0.1042
v 0.0522 1.5974 0.1111
v 0.0444 1.6087 0.1180
v 0.0337 1.6243 0.1204
v 0.0501 1.6129 0.1120
v 0.0482 1.6045 0.1172
v 0.0319 1.6158 0.1257
v 0.0389 1.6220 0.1175
v 0.0507 1.6102 0.1139
v 0.0438 1.6059 0.1203
v 0.0320 1.6178 0.1237
v 0.0400 1.6217 0.1174
v 0.0502 1.6109 0.1136
v 0.0450 1.6042 0.1193
v 0.0348 1.6151 0.1232
v 0.0240 1.6298 0.1206
v 0.0414 1.6168 0.1164
v 0.0392 1.6087 0.1250
v 0.0219 1.6215 0.1294
v 0.0295 1.6272 0.1184
v 0.0422 1.6146 0.1197
v 0.0346 1.6106 0.1275
v 0.0219 1.6231 0.1263
v 0.0308 1.6270 0.1187
v 0.0416 1.6151 0.1190
v 0.0357 1.6086 0.1270
v 0.0250 1.6204 0.1269
v 0.0235 1.6256 0.1191
v 0.0191 1.6287 0.1196
v 0.0178 1.6262 0.1225
v 0.0222 1.6231 0.1220
v 0.0184 1.6274 0.1210
v 0.0229 1.6244 0.1206
v 0.0229 1.6253 0.1198
v 0.0186 1.6272 0.1201
v 0.0177 1.6243 0.1228
v 0.0219 1.6224 0.1225
v 0.0182 1.6257 0.1214
v 0.0224 1.6239 0.1212
v 0.0224 1.6252 0.1201
v 0.0183 1.6267 0.1215
v 0.0181 1.6236 0.1240
v 0.0223 1.6221 0.1227
v 0.0182 1.6252 0.1228
v 0.0224 1.6236 0.1214
v 0.0222 1.6252 0.1207
v 0.0180 1.6263 0.1222
v 0.0181 1.6234 0.1242
v 0.0223 1.6223 0.1228
v 0.0180 1.6248 0.1232
v 0.0223 1.6238 0.1217
v 0.0249 1.6284 0.1159
v 0.0205 1.6315 0.1163
v 0.0191 1.6290 0.1193
v 0.0235 1.6259 0.1188
v 0.0198 1.6303 0.1178
v 0.0242 1.6272 0.1174
v 0.0242 1.6281 0.1166
v 0.0200 1.6300 0.1168
v 0.0190 1.6271 0.1196
v 0.0233 1.6252 0.1193
v 0.0195 1.6286 0.1182
v 0.0237 1.6267 0.1180
v 0.0238 1.6280 0.1169
v 0.0197 1.6296 0.1182
v 0.0195 1.6264 0.1209
v 0.0236 1.6249 0.1195
v 0.0196 1.6280 0.1196
v 0.0237 1.6264 0.1182
v 0.0236 1.6280 0.1175
v 0.0193 1.6291 0.1189
v 0.0195 1.6262 0.1210
v 0.0237 1.6251 0.1196
v 0.0194 1.6276 0.1200
v 0.0236 1.6266 0.1185
v 0.0255 1.6315 0.1125
v 0.0211 1.6346 0.1129
v 0.0197 1.6320 0.1159
v 0.0241 1.6289 0.1155
v 0.0204 1.6333 0.1144
v 0.0248 1.6302 0.1140
v 0.0248 1.6311 0.1132
v 0.0206 1.6330 0.1134
v 0.0196 1.6301 0.1162
v 0.0239 1.6282 0.1160
v 0.0201 1.6316 0.1148
v 0.0244 1.6297 0.1146
v 0.0244 1.6310 0.1135
v 0.0203 1.6326 0.1148
v 0.0201 1.6294 0.1175
v 0.0243 1.6278 0.1162
v 0.0202 1.6310 0.1162
v 0.0243 1.6294 0.1149
v 0.0242 1.6310 0.1141
v 0.0200 1.6321 0.1156
v 0.0201 1.6292 0.1177
v 0.0243 1.6281 0.1162
v 0.0200 1.6306 0.1166
v 0.0242 1.6296 0.1152
v 0.0262 1.6341 0.1092
v 0.0218 1.6372 0.1096
v 0.0205 1.6346 0.1126
v 0.0249 1.6315 0.1122
v 0.0212 1.6359 0.1111
v 0.0256 1.6328 0.1107
v 0.0256 1.6337 0.1099
v 0.0214 1.6356 0.1101
v 0.0204 1.6327 0.1129
v 0.0246 1.6308 0.1127
v 0.0209 1.6342 0.1115
v 0.0251 1.6323 0.1113
v 0.0251 1.6337 0.1102
v 0.0210 1.6352 0.1115
v 0.0209 1.6320 0.1142
v 0.0250 1.6304 0.1129
v 0.0210 1.6336 0.1129
v 0.0251 1.6320 0.1115
v 0.0249 1.6336 0.1108
v 0.0207 1.6347 0.1123
v 0.0209 1.6317 0.1144
v 0.0251 1.6307 0.1129
v 0.0208 1.6332 0.1133
v 0.0250 1.6322 0.1119
v 0.0262 1.6374 0.1051
v 0.0219 1.6405 0.1056
v 0.0205 1.6378 0.1086
v 0.0249 1.6348 0.1081
v 0.0212 1.6391 0.1071
v 0.0256 1.6361 0.1066
v 0.0256 1.6370 0.1058
v 0.0214 1.6389 0.1061
v 0.0205 1.6359 0.1089
v 0.0247 1.6341 0.1086
v 0.0209 1.6374 0.1075
v 0.0251 1.6355 0.1072
v 0.0252 1.6369 0.1062
v 0.0211 1.6384 0.1075
v 0.0209 1.6352 0.1102
v 0.0250 1.6337 0.1088
v 0.0210 1.6368 0.1088
v 0.0251 1.6353 0.1075
v 0.0249 1.6369 0.1067
v 0.0208 1.6379 0.1082
v 0.0209 1.6350 0.1104
v 0.0251 1.6339 0.1089
v 0.0208 1.6364 0.1093
v 0.0250 1.6354 0.1078
v 0.0276 1.6388 0.1030
v 0.0238 1.6425 0.1020
v 0.0213 1.6404 0.1046
v 0.0252 1.6367 0.1056
v 0.0226 1.6414 0.1033
v 0.0264 1.6377 0.1043
v 0.0268 1.6386 0.1035
v 0.0230 1.6411 0.1025
v 0.0208 1.6386 0.1050
v 0.0246 1.6361 0.1061
v 0.0219 1.6398 0.1037
v 0.0257 1.6373 0.1048
v 0.0263 1.6386 0.1037
v 0.0222 1.6408 0.1037
v 0.0208 1.6379 0.1064
v 0.0249 1.6356 0.1064
v 0.0215 1.6393 0.1050
v 0.0256 1.6371 0.1050
v 0.0259 1.6386 0.1042
v 0.0216 1.6404 0.1043
v 0.0207 1.6377 0.1065
v 0.0250 1.6359 0.1064
v 0.0212 1.6391 0.1054
v 0.0254 1.6373 0.1053
v 0.0283 1.6404 0.1004
v 0.0245 1.6441 0.0994
v 0.0220 1.6420 0.1019
v 0.0258 1.6382 0.1029
v 0.0232 1.6430 0.1007
v 0.0270 1.6393 0.1017
v 0.0274 1.6401 0.1008
v 0.0236 1.6426 0.0998
v 0.0215 1.6401 0.1023
v 0.0253 1.6376 0.1034
v 0.0226 1.6414 0.1011
v 0.0264 1.6389 0.1021
v 0.0269 1.6402 0.1011
v 0.0229 1.6424 0.1011
v 0.0215 1.6394 0.1037
v 0.0255 1.6372 0.1037
v 0.0222 1.6409 0.1024
v 0.0262 1.6387 0.1024
v 0.0265 1.6402 0.1015
v 0.0223 1.6420 0.1017
v 0.0214 1.6392 0.1039
v 0.0256 1.6375 0.1037
v 0.0218 1.6406 0.1028
v 0.0261 1.6388 0.1026
v 0.0289 1.6422 0.0973
v 0.0251 1.6459 0.0963
v 0.0227 1.6438 0.0989
v 0.0265 1.6401 0.0998
v 0.0239 1.6448 0.0976
v 0.0277 1.6411 0.0986
v 0.0281 1.6420 0.0977
v 0.0243 1.6445 0.0967
v 0.0222 1.6420 0.0992
v 0.0260 1.6395 0.1003
v 0.0232 1.6432 0.0980
v 0.0270 1.6407 0.0990
v 0.0276 1.6420 0.0980
v 0.0235 1.6442 0.0980
v 0.0221 1.6412 0.1006
v 0.0262 1.6390 0.1006
v 0.0228 1.6427 0.0993
v 0.0269 1.6405 0.0993
v 0.0272 1.6420 0.0984
v 0.0230 1.6438 0.0986
v 0.0221 1.6410 0.1008
v 0.0263 1.6393 0.1006
v 0.0225 1.6424 0.0997
v 0.0267 1.6407 0.0995
v 0.0285 1.6447 0.0927
v 0.0242 1.6476 0.0935
v 0.0231 1.6449 0.0965
v 0.0275 1.6420 0.0957
v 0.0236 1.6462 0.0950
v 0.0280 1.6434 0.0942
v 0.0280 1.6443 0.0934
v 0.0238 1.6460 0.0940
v 0.0231 1.6429 0.0968
v 0.0273 1.6412 0.0962
v 0.0234 1.6445 0.0954
v 0.0276 1.6428 0.0948
v 0.0276 1.6442 0.0938
v 0.0236 1.6455 0.0954
v 0.0237 1.6422 0.0981
v 0.0277 1.6408 0.0964
v 0.0236 1.6438 0.0967
v 0.0276 1.6425 0.0951
v 0.0274 1.6441 0.0944
v 0.0233 1.6450 0.0961
v 0.0237 1.6419 0.0982
v 0.0277 1.6411 0.0964
v 0.0235 1.6434 0.0972
v 0.0275 1.6426 0.0954
v 0.0290 1.6462 0.0897
v 0.0246 1.6490 0.0905
v 0.0236 1.6463 0.0935
v 0.0279 1.6434 0.0927
v 0.0241 1.6477 0.0920
v 0.0285 1.6448 0.0912
v 0.0284 1.6458 0.0904
v 0.0242 1.6474 0.0910
v 0.0236 1.6444 0.0939
v 0.0277 1.6427 0.0933
v 0.0239 1.6459 0.0924
v 0.0281 1.6442 0.0918
v 0.0280 1.6456 0.0908
v 0.0240 1.6469 0.0924
v 0.0241 1.6436 0.0951
v 0.0281 1.6423 0.0934
v 0.0241 1.6453 0.0938
v 0.0281 1.6440 0.0921
v 0.0278 1.6456 0.0914
v 0.0238 1.6464 0.0932
v 0.0241 1.6434 0.0953
v 0.0282 1.6425 0.0935
v 0.0239 1.6449 0.0942
v 0.0280 1.6441 0.0924
v 0.0290 1.6473 0.0872
v 0.0247 1.6502 0.0880
v 0.0236 1.6474 0.0911
v 0.0280 1.6446 0.0903
v 0.0242 1.6488 0.0895
v 0.0285 1.6460 0.0887
v 0.0285 1.6469 0.0879
v 0.0243 1.6486 0.0885
v 0.0236 1.6455 0.0914
v 0.0278 1.6438 0.0908
v 0.0240 1.6471 0.0900
v 0.0281 1.6454 0.0894
v 0.0281 1.6468 0.0883
v 0.0241 1.6481 0.0900
v 0.0242 1.6447 0.0926
v 0.0282 1.6435 0.0910
v 0.0241 1.6464 0.0913
v 0.0281 1.6451 0.0896
v 0.0279 1.6467 0.0889
v 0.0238 1.6475 0.0907
v 0.0242 1.6445 0.0928
v 0.0282 1.6437 0.0910
v 0.0240 1.6460 0.0917
v 0.0280 1.6452 0.0900
v 0.0301 1.6480 0.0854
v 0.0261 1.6514 0.0850
v 0.0241 1.6491 0.0878
v 0.0282 1.6457 0.0882
v 0.0251 1.6502 0.0864
v 0.0292 1.6468 0.0868
v 0.0294 1.6477 0.0859
v 0.0254 1.6500 0.0855
v 0.0238 1.6472 0.0882
v 0.0277 1.6450 0.0887
v 0.0246 1.6486 0.0869
v 0.0286 1.6464 0.0873
v 0.0289 1.6477 0.0862
v 0.0248 1.6496 0.0869
v 0.0240 1.6464 0.0896
v 0.0280 1.6446 0.0889
v 0.0244 1.6480 0.0882
v 0.0285 1.6461 0.0876
v 0.0286 1.6477 0.0868
v 0.0244 1.6491 0.0875
v 0.0239 1.6462 0.0897
v 0.0281 1.6448 0.0890
v 0.0241 1.6477 0.0886
v 0.0283 1.6463 0.0879
v 0.0299 1.6503 0.0812
v 0.0256 1.6533 0.0816
v 0.0242 1.6507 0.0846
v 0.0285 1.6477 0.0842
v 0.0249 1.6520 0.0831
v 0.0292 1.6490 0.0827
v 0.0292 1.6499 0.0819
v 0.0251 1.6518 0.0821
v 0.0241 1.6488 0.0850
v 0.0282 1.6469 0.0847
v 0.0246 1.6503 0.0835
v 0.0287 1.6484 0.0833
v 0.0288 1.6498 0.0822
v 0.0248 1.6513 0.0835
v 0.0245 1.6480 0.0862
v 0.0286 1.6466 0.0849
v 0.0247 1.6497 0.0849
v 0.0287 1.6482 0.0835
v 0.0286 1.6498 0.0828
v 0.0244 1.6508 0.0843
v 0.0245 1.6478 0.0864
v 0.0287 1.6468 0.0849
v 0.0245 1.6493 0.0853
v 0.0286 1.6483 0.0839
v 0.0286 1.6511 0.0784
v 0.0243 1.6541 0.0789
v 0.0230 1.6515 0.0818
v 0.0272 1.6485 0.0814
v 0.0236 1.6528 0.0804
v 0.0279 1.6498 0.0799
v 0.0279 1.6507 0.0791
v 0.0238 1.6526 0.0794
v 0.0228 1.6496 0.0822
v 0.0270 1.6478 0.0819
v 0.0233 1.6511 0.0808
v 0.0274 1.6492 0.0805
v 0.0275 1.6506 0.0794
v 0.0235 1.6521 0.0808
v 0.0233 1.6488 0.0835
v 0.0273 1.6474 0.0821
v 0.0234 1.6505 0.0821
v 0.0274 1.6490 0.0808
v 0.0273 1.6506 0.0800
v 0.0232 1.6516 0.0815
v 0.0233 1.6486 0.0836
v 0.0274 1.6476 0.0821
v 0.0232 1.6501 0.0826
v 0.0273 1.6491 0.0811
v 0.0285 1.6502 0.0758
v 0.0242 1.6529 0.0743
v 0.0229 1.6526 0.0782
v 0.0271 1.6499 0.0797
v 0.0236 1.6527 0.0762
v 0.0278 1.6500 0.0778
v 0.0279 1.6503 0.0766
v 0.0237 1.6519 0.0756
v 0.0227 1.6513 0.0796
v 0.0269 1.6497 0.0805
v 0.0232 1.6516 0.0776
v 0.0274 1.6500 0.0785
v 0.0274 1.6504 0.0769
v 0.0234 1.6524 0.0770
v 0.0232 1.6515 0.0810
v 0.0272 1.6495 0.0809
v 0.0233 1.6520 0.0790
v 0.0273 1.6500 0.0789
v 0.0272 1.6508 0.0773
v 0.0231 1.6525 0.0778
v 0.0232 1.6514 0.0813
v 0.0273 1.6497 0.0808
v 0.0231 1.6520 0.0796
v 0.0272 1.6502 0.0791
v 0.0273 1.6524 0.0696
v 0.0228 1.6549 0.0701
v 0.0229 1.6541 0.0741
v 0.0274 1.6515 0.0737
v 0.0228 1.6545 0.0721
v 0.0273 1.6520 0.0716
v 0.0270 1.6524 0.0706
v 0.0228 1.6538 0.0714
v 0.0233 1.6526 0.0753
v 0.0274 1.6512 0.0745
v 0.0230 1.6532 0.0734
v 0.0272 1.6518 0.0725
v 0.0267 1.6524 0.0710
v 0.0229 1.6541 0.0728
v 0.0242 1.6526 0.0765
v 0.0279 1.6510 0.0747
v 0.0236 1.6534 0.0747
v 0.0273 1.6517 0.0729
v 0.0266 1.6527 0.0716
v 0.0229 1.6540 0.0738
v 0.0242 1.6525 0.0768
v 0.0279 1.6512 0.0746
v 0.0236 1.6533 0.0753
v 0.0273 1.6519 0.0731
v 0.0260 1.6537 0.0660
v 0.0225 1.6557 0.0664
v 0.0225 1.6551 0.0695
v 0.0260 1.6531 0.0692
v 0.0225 1.6554 0.0679
v 0.0260 1.6534 0.0676
v 0.0257 1.6537 0.0667
v 0.0225 1.6548 0.0674
v 0.0228 1.6539 0.0705
v 0.0261 1.6528 0.0698
v 0.0227 1.6544 0.0689
v 0.0259 1.6533 0.0683
v 0.0255 1.6538 0.0671
v 0.0226 1.6551 0.0685
v 0.0235 1.6539 0.0714
v 0.0264 1.6526 0.0700
v 0.0231 1.6545 0.0699
v 0.0260 1.6532 0.0685
v 0.0254 1.6540 0.0675
v 0.0226 1.6550 0.0692
v 0.0236 1.6539 0.0716
v 0.0264 1.6528 0.0699
v 0.0231 1.6544 0.0704
v 0.0259 1.6534 0.0687
v 0.0257 1.6547 0.0621
v 0.0222 1.6566 0.0624
v 0.0222 1.6560 0.0656
v 0.0257 1.6540 0.0652
v 0.0222 1.6563 0.0640
v 0.0257 1.6544 0.0637
v 0.0254 1.6547 0.0628
v 0.0222 1.6558 0.0634
v 0.0225 1.6548 0.0665
v 0.0258 1.6537 0.0659
v 0.0224 1.6553 0.0650
v 0.0256 1.6542 0.0643
v 0.0252 1.6547 0.0632
v 0.0223 1.6560 0.0646
v 0.0232 1.6549 0.0675
v 0.0261 1.6536 0.0661
v 0.0228 1.6554 0.0660
v 0.0257 1.6541 0.0646
v 0.0251 1.6549 0.0636
v 0.0223 1.6559 0.0653
v 0.0233 1.6548 0.0676
v 0.0261 1.6538 0.0660
v 0.0228 1.6553 0.0665
v 0.0256 1.6543 0.0648
v 0.0252 1.6555 0.0589
v 0.0217 1.6574 0.0593
v 0.0217 1.6568 0.0624
v 0.0252 1.6548 0.0621
v 0.0217 1.6571 0.0609
v 0.0252 1.6552 0.0605
v 0.0249 1.6555 0.0597
v 0.0217 1.6566 0.0603
v 0.0220 1.6557 0.0634
v 0.0253 1.6546 0.0627
v 0.0219 1.6561 0.0618
v 0.0251 1.6550 0.0612
v 0.0247 1.6555 0.0600
v 0.0218 1.6568 0.0614
v 0.0227 1.6557 0.0643
v 0.0256 1.6544 0.0629
v 0.0223 1.6562 0.0629
v 0.0252 1.6550 0.0615
v 0.0246 1.6557 0.0605
v 0.0218 1.6567 0.0621
v 0.0228 1.6556 0.0645
v 0.0256 1.6546 0.0628
v 0.0223 1.6562 0.0633
v 0.0251 1.6552 0.0616
v 0.0249 1.6559 0.0557
v 0.0214 1.6579 0.0558
v 0.0212 1.6573 0.0589
v 0.0247 1.6553 0.0589
v 0.0213 1.6576 0.0573
v 0.0248 1.6556 0.0573
v 0.0246 1.6559 0.0564
v 0.0214 1.6570 0.0568
v 0.0214 1.6562 0.0599
v 0.0247 1.6551 0.0596
v 0.0214 1.6566 0.0583
v 0.0247 1.6555 0.0580
v 0.0244 1.6560 0.0568
v 0.0214 1.6573 0.0579
v 0.0221 1.6562 0.0609
v 0.0251 1.6549 0.0598
v 0.0217 1.6567 0.0594
v 0.0247 1.6554 0.0583
v 0.0243 1.6562 0.0572
v 0.0213 1.6572 0.0586
v 0.0221 1.6561 0.0611
v 0.0251 1.6551 0.0597
v 0.0217 1.6567 0.0598
v 0.0247 1.6556 0.0584
v 0.0247 1.6566 0.0490
v 0.0186 1.6600 0.0491
v 0.0182 1.6589 0.0546
v 0.0243 1.6556 0.0546
v 0.0184 1.6595 0.0518
v 0.0245 1.6561 0.0518
v 0.0241 1.6566 0.0503
v 0.0185 1.6585 0.0509
v 0.0186 1.6570 0.0563
v 0.0243 1.6551 0.0557
v 0.0185 1.6578 0.0536
v 0.0242 1.6558 0.0530
v 0.0237 1.6567 0.0509
v 0.0185 1.6589 0.0528
v 0.0197 1.6570 0.0580
v 0.0249 1.6548 0.0561
v 0.0191 1.6580 0.0554
v 0.0243 1.6557 0.0535
v 0.0236 1.6570 0.0516
v 0.0184 1.6588 0.0541
v 0.0197 1.6569 0.0584
v 0.0249 1.6551 0.0559
v 0.0191 1.6579 0.0562
v 0.0242 1.6561 0.0538
v 0.0232 1.6316 0.1131
v 0.0188 1.6346 0.1135
v 0.0174 1.6321 0.1165
v 0.0218 1.6290 0.1160
v 0.0181 1.6333 0.1150
v 0.0225 1.6303 0.1146
v 0.0225 1.6312 0.1138
v 0.0183 1.6331 0.1140
v 0.0173 1.6302 0.1168
v 0.0216 1.6283 0.1166
v 0.0178 1.6316 0.1154
v 0.0220 1.6298 0.1152
v 0.0221 1.6311 0.1141
v 0.0180 1.6326 0.1154
v 0.0178 1.6295 0.1181
v 0.0219 1.6279 0.1168
v 0.0179 1.6310 0.1168
v 0.0220 1.6295 0.1154
v 0.0218 1.6311 0.1147
v 0.0176 1.6321 0.1162
v 0.0178 1.6292 0.1182
v 0.0220 1.6282 0.1168
v 0.0177 1.6307 0.1172
v 0.0219 1.6296 0.1157
v 0.0239 1.6342 0.1098
v 0.0195 1.6372 0.1102
v 0.0182 1.6347 0.1132
v 0.0226 1.6316 0.1128
v 0.0189 1.6359 0.1117
v 0.0232 1.6329 0.1113
v 0.0233 1.6338 0.1105
v 0.0191 1.6357 0.1107
v 0.0181 1.6328 0.1135
v 0.0223 1.6309 0.1133
v 0.0186 1.6342 0.1121
v 0.0228 1.6323 0.1119
v 0.0228 1.6337 0.1108
v 0.0187 1.6352 0.1121
v 0.0186 1.6320 0.1148
v 0.0227 1.6305 0.1135
v 0.0187 1.6336 0.1135
v 0.0228 1.6321 0.1121
v 0.0226 1.6337 0.1114
v 0.0184 1.6347 0.1129
v 0.0186 1.6318 0.1150
v 0.0228 1.6308 0.1135
v 0.0185 1.6333 0.1139
v 0.0227 1.6322 0.1124
v 0.0239 1.6375 0.1057
v 0.0196 1.6405 0.1062
v 0.0182 1.6379 0.1092
v 0.0226 1.6348 0.1087
v 0.0189 1.6392 0.1077
v 0.0233 1.6361 0.1072
v 0.0233 1.6371 0.1064
v 0.0191 1.6390 0.1067
v 0.0181 1.6360 0.1095
v 0.0223 1.6341 0.1092
v 0.0186 1.6375 0.1081
v 0.0228 1.6356 0.1078
v 0.0229 1.6370 0.1068
v 0.0188 1.6385 0.1081
v 0.0186 1.6352 0.1108
v 0.0227 1.6337 0.1094
v 0.0187 1.6369 0.1094
v 0.0228 1.6354 0.1081
v 0.0226 1.6370 0.1074
v 0.0185 1.6380 0.1088
v 0.0186 1.6350 0.1110
v 0.0228 1.6340 0.1095
v 0.0185 1.6365 0.1099
v 0.0227 1.6355 0.1084
v 0.0253 1.6388 0.1037
v 0.0215 1.6425 0.1027
v 0.0190 1.6405 0.1052
v 0.0229 1.6367 0.1062
v 0.0203 1.6415 0.1039
v 0.0241 1.6378 0.1049
v 0.0245 1.6386 0.1041
v 0.0207 1.6411 0.1031
v 0.0185 1.6386 0.1056
v 0.0223 1.6361 0.1067
v 0.0196 1.6399 0.1043
v 0.0234 1.6374 0.1054
v 0.0240 1.6386 0.1043
v 0.0199 1.6409 0.1043
v 0.0185 1.6379 0.1070
v 0.0226 1.6357 0.1070
v 0.0192 1.6394 0.1057
v 0.0233 1.6372 0.1057
v 0.0236 1.6387 0.1048
v 0.0193 1.6405 0.1049
v 0.0184 1.6377 0.1071
v 0.0227 1.6360 0.1070
v 0.0189 1.6391 0.1060
v 0.0231 1.6373 0.1059
v 0.0260 1.6404 0.1010
v 0.0222 1.6441 0.1000
v 0.0197 1.6420 0.1026
v 0.0235 1.6383 0.1035
v 0.0209 1.6431 0.1013
v 0.0247 1.6393 0.1023
v 0.0251 1.6402 0.1015
v 0.0214 1.6427 0.1004
v 0.0192 1.6402 0.1029
v 0.0230 1.6377 0.1040
v 0.0203 1.6414 0.1017
v 0.0241 1.6389 0.1027
v 0.0246 1.6402 0.1017
v 0.0206 1.6424 0.1017
v 0.0192 1.6395 0.1043
v 0.0232 1.6373 0.1043
v 0.0199 1.6409 0.1030
v 0.0239 1.6387 0.1030
v 0.0242 1.6403 0.1022
v 0.0200 1.6420 0.1023
v 0.0191 1.6393 0.1045
v 0.0233 1.6375 0.1044
v 0.0195 1.6407 0.1034
v 0.0238 1.6389 0.1033
v 0.0267 1.6422 0.0979
v 0.0229 1.6459 0.0969
v 0.0204 1.6438 0.0995
v 0.0242 1.6401 0.1005
v 0.0216 1.6449 0.0982
v 0.0254 1.6412 0.0992
v 0.0258 1.6420 0.0984
v 0.0220 1.6445 0.0973
v 0.0199 1.6420 0.0999
v 0.0237 1.6395 0.1009
v 0.0210 1.6433 0.0986
v 0.0247 1.6408 0.0996
v 0.0253 1.6420 0.0986
v 0.0213 1.6442 0.0986
v 0.0199 1.6413 0.1012
v 0.0239 1.6391 0.1012
v 0.0206 1.6428 0.0999
v 0.0246 1.6406 0.0999
v 0.0249 1.6421 0.0991
v 0.0207 1.6438 0.0992
v 0.0198 1.6411 0.1014
v 0.0240 1.6393 0.1013
v 0.0202 1.6425 0.1003
v 0.0244 1.6407 0.1002
v 0.0262 1.6448 0.0933
v 0.0219 1.6476 0.0941
v 0.0208 1.6449 0.0971
v 0.0252 1.6420 0.0963
v 0.0214 1.6463 0.0956
v 0.0257 1.6434 0.0948
v 0.0257 1.6444 0.0940
v 0.0215 1.6460 0.0946
v 0.0208 1.6430 0.0974
v 0.0250 1.6413 0.0969
v 0.0212 1.6445 0.0960
v 0.0253 1.6428 0.0954
v 0.0253 1.6442 0.0944
v 0.0213 1.6455 0.0960
v 0.0214 1.6422 0.0987
v 0.0254 1.6409 0.0970
v 0.0213 1.6439 0.0973
v 0.0253 1.6426 0.0957
v 0.0251 1.6442 0.0950
v 0.0210 1.6450 0.0968
v 0.0214 1.6420 0.0988
v 0.0255 1.6412 0.0971
v 0.0212 1.6435 0.0978
v 0.0253 1.6427 0.0960
v 0.0267 1.6462 0.0903
v 0.0224 1.6490 0.0911
v 0.0213 1.6463 0.0942
v 0.0257 1.6434 0.0934
v 0.0218 1.6477 0.0926
v 0.0262 1.6448 0.0918
v 0.0261 1.6458 0.0910
v 0.0220 1.6475 0.0916
v 0.0213 1.6444 0.0945
v 0.0255 1.6427 0.0939
v 0.0216 1.6459 0.0931
v 0.0258 1.6442 0.0925
v 0.0257 1.6457 0.0914
v 0.0217 1.6470 0.0931
v 0.0218 1.6436 0.0957
v 0.0258 1.6423 0.0941
v 0.0218 1.6453 0.0944
v 0.0258 1.6440 0.0927
v 0.0255 1.6456 0.0920
v 0.0215 1.6464 0.0938
v 0.0218 1.6434 0.0959
v 0.0259 1.6426 0.0941
v 0.0217 1.6449 0.0948
v 0.0257 1.6441 0.0931
v 0.0268 1.6474 0.0878
v 0.0224 1.6502 0.0887
v 0.0214 1.6475 0.0917
v 0.0257 1.6446 0.0909
v 0.0219 1.6488 0.0902
v 0.0262 1.6460 0.0894
v 0.0262 1.6469 0.0886
v 0.0220 1.6486 0.0892
v 0.0213 1.6456 0.0920
v 0.0255 1.6439 0.0914
v 0.0217 1.6471 0.0906
v 0.0258 1.6454 0.0900
v 0.0258 1.6468 0.0889
v 0.0218 1.6481 0.0906
v 0.0219 1.6448 0.0932
v 0.0259 1.6435 0.0916
v 0.0219 1.6464 0.0919
v 0.0258 1.6452 0.0903
v 0.0256 1.6468 0.0896
v 0.0215 1.6476 0.0913
v 0.0219 1.6446 0.0934
v 0.0260 1.6437 0.0916
v 0.0217 1.6461 0.0924
v 0.0258 1.6453 0.0906
v 0.0277 1.6490 0.0852
v 0.0228 1.6509 0.0851
v 0.0222 1.6491 0.0888
v 0.0270 1.6471 0.0889
v 0.0225 1.6500 0.0869
v 0.0274 1.6480 0.0871
v 0.0272 1.6487 0.0860
v 0.0227 1.6495 0.0861
v 0.0225 1.6474 0.0897
v 0.0269 1.6465 0.0897
v 0.0226 1.6484 0.0879
v 0.0271 1.6476 0.0878
v 0.0268 1.6486 0.0864
v 0.0225 1.6494 0.0876
v 0.0231 1.6471 0.0911
v 0.0274 1.6463 0.0899
v 0.0228 1.6483 0.0893
v 0.0271 1.6475 0.0882
v 0.0266 1.6487 0.0870
v 0.0223 1.6491 0.0884
v 0.0232 1.6470 0.0913
v 0.0274 1.6466 0.0899
v 0.0227 1.6480 0.0899
v 0.0270 1.6476 0.0884
v 0.0261 1.6496 0.0808
v 0.0212 1.6514 0.0816
v 0.0213 1.6496 0.0854
v 0.0261 1.6478 0.0846
v 0.0213 1.6505 0.0835
v 0.0261 1.6487 0.0827
v 0.0257 1.6493 0.0817
v 0.0214 1.6500 0.0826
v 0.0218 1.6479 0.0862
v 0.0262 1.6472 0.0854
v 0.0216 1.6490 0.0844
v 0.0260 1.6483 0.0836
v 0.0254 1.6492 0.0822
v 0.0214 1.6499 0.0841
v 0.0227 1.6477 0.0875
v 0.0267 1.6470 0.0856
v 0.0220 1.6488 0.0858
v 0.0260 1.6481 0.0839
v 0.0253 1.6493 0.0828
v 0.0214 1.6496 0.0850
v 0.0227 1.6475 0.0877
v 0.0267 1.6473 0.0855
v 0.0221 1.6486 0.0863
v 0.0260 1.6483 0.0842
v 0.0263 1.6511 0.0790
v 0.0220 1.6541 0.0795
v 0.0207 1.6515 0.0825
v 0.0250 1.6485 0.0820
v 0.0214 1.6528 0.0810
v 0.0256 1.6498 0.0805
v 0.0257 1.6507 0.0797
v 0.0216 1.6526 0.0800
v 0.0206 1.6496 0.0828
v 0.0247 1.6478 0.0825
v 0.0211 1.6511 0.0814
v 0.0252 1.6493 0.0811
v 0.0253 1.6507 0.0801
v 0.0212 1.6521 0.0814
v 0.0210 1.6488 0.0841
v 0.0250 1.6474 0.0827
v 0.0211 1.6505 0.0827
v 0.0251 1.6490 0.0814
v 0.0250 1.6506 0.0807
v 0.0209 1.6516 0.0821
v 0.0210 1.6486 0.0842
v 0.0251 1.6476 0.0828
v 0.0209 1.6501 0.0832
v 0.0251 1.6491 0.0817
v 0.0262 1.6502 0.0764
v 0.0220 1.6529 0.0749
v 0.0206 1.6526 0.0788
v 0.0249 1.6499 0.0803
v 0.0213 1.6528 0.0768
v 0.0256 1.6501 0.0784
v 0.0256 1.6503 0.0772
v 0.0215 1.6520 0.0763
v 0.0205 1.6514 0.0802
v 0.0246 1.6497 0.0812
v 0.0210 1.6517 0.0782
v 0.0251 1.6500 0.0792
v 0.0252 1.6504 0.0775
v 0.0211 1.6525 0.0776
v 0.0209 1.6515 0.0817
v 0.0250 1.6495 0.0816
v 0.0210 1.6520 0.0796
v 0.0251 1.6500 0.0795
v 0.0249 1.6508 0.0780
v 0.0208 1.6525 0.0785
v 0.0209 1.6515 0.0819
v 0.0250 1.6497 0.0814
v 0.0209 1.6520 0.0802
v 0.0250 1.6503 0.0797
v 0.0250 1.6524 0.0702
v 0.0205 1.6549 0.0707
v 0.0206 1.6541 0.0748
v 0.0251 1.6516 0.0743
v 0.0206 1.6545 0.0727
v 0.0251 1.6520 0.0723
v 0.0247 1.6524 0.0712
v 0.0205 1.6538 0.0720
v 0.0210 1.6526 0.0760
v 0.0252 1.6512 0.0752
v 0.0208 1.6532 0.0740
v 0.0249 1.6518 0.0732
v 0.0244 1.6524 0.0716
v 0.0207 1.6541 0.0734
v 0.0219 1.6527 0.0772
v 0.0256 1.6510 0.0754
v 0.0213 1.6534 0.0753
v 0.0250 1.6517 0.0735
v 0.0243 1.6527 0.0722
v 0.0207 1.6540 0.0744
v 0.0220 1.6525 0.0774
v 0.0256 1.6512 0.0753
v 0.0213 1.6533 0.0759
v 0.0250 1.6520 0.0737
v 0.0237 1.6538 0.0666
v 0.0202 1.6557 0.0670
v 0.0203 1.6551 0.0701
v 0.0238 1.6531 0.0698
v 0.0202 1.6554 0.0686
v 0.0237 1.6534 0.0682
v 0.0235 1.6537 0.0674
v 0.0202 1.6548 0.0680
v 0.0206 1.6539 0.0711
v 0.0238 1.6528 0.0704
v 0.0204 1.6544 0.0695
v 0.0236 1.6533 0.0689
v 0.0232 1.6538 0.0677
v 0.0203 1.6551 0.0691
v 0.0213 1.6539 0.0720
v 0.0242 1.6527 0.0706
v 0.0208 1.6545 0.0706
v 0.0237 1.6532 0.0692
v 0.0232 1.6540 0.0682
v 0.0203 1.6550 0.0698
v 0.0213 1.6539 0.0722
v 0.0242 1.6529 0.0705
v 0.0208 1.6544 0.0710
v 0.0237 1.6534 0.0693
v 0.0234 1.6547 0.0627
v 0.0199 1.6566 0.0631
v 0.0200 1.6560 0.0662
v 0.0235 1.6540 0.0659
v 0.0199 1.6563 0.0646
v 0.0235 1.6544 0.0643
v 0.0232 1.6547 0.0634
v 0.0199 1.6558 0.0641
v 0.0203 1.6549 0.0671
v 0.0235 1.6537 0.0665
v 0.0201 1.6553 0.0656
v 0.0233 1.6542 0.0650
v 0.0229 1.6547 0.0638
v 0.0201 1.6560 0.0652
v 0.0210 1.6549 0.0681
v 0.0239 1.6536 0.0667
v 0.0205 1.6554 0.0666
v 0.0234 1.6542 0.0652
v 0.0229 1.6549 0.0642
v 0.0200 1.6559 0.0659
v 0.0210 1.6548 0.0683
v 0.0239 1.6538 0.0666
v 0.0205 1.6554 0.0671
v 0.0234 1.6543 0.0654
v 0.0229 1.6555 0.0596
v 0.0194 1.6574 0.0599
v 0.0195 1.6568 0.0631
v 0.0230 1.6548 0.0627
v 0.0195 1.6571 0.0615
v 0.0230 1.6552 0.0611
v 0.0227 1.6555 0.0603
v 0.0194 1.6566 0.0609
v 0.0198 1.6557 0.0640
v 0.0230 1.6546 0.0634
v 0.0196 1.6561 0.0625
v 0.0228 1.6550 0.0618
v 0.0224 1.6555 0.0606
v 0.0196 1.6568 0.0620
v 0.0205 1.6557 0.0649
v 0.0234 1.6544 0.0635
v 0.0200 1.6562 0.0635
v 0.0229 1.6550 0.0621
v 0.0224 1.6557 0.0611
v 0.0196 1.6567 0.0628
v 0.0205 1.6556 0.0651
v 0.0234 1.6546 0.0634
v 0.0201 1.6562 0.0639
v 0.0229 1.6552 0.0623
v 0.0227 1.6559 0.0564
v 0.0192 1.6579 0.0564
v 0.0190 1.6573 0.0595
v 0.0225 1.6553 0.0595
v 0.0191 1.6576 0.0580
v 0.0226 1.6556 0.0579
v 0.0224 1.6559 0.0571
v 0.0191 1.6570 0.0574
v 0.0192 1.6562 0.0605
v 0.0225 1.6551 0.0602
v 0.0191 1.6566 0.0590
v 0.0224 1.6555 0.0586
v 0.0221 1.6560 0.0574
v 0.0191 1.6573 0.0585
v 0.0198 1.6562 0.0615
v 0.0228 1.6549 0.0604
v 0.0195 1.6567 0.0600
v 0.0225 1.6555 0.0589
v 0.0220 1.6562 0.0578
v 0.0191 1.6572 0.0593
v 0.0198 1.6561 0.0617
v 0.0228 1.6551 0.0603
v 0.0195 1.6567 0.0605
v 0.0224 1.6556 0.0591
v 0.0145 1.6241 0.1239
v 0.0192 1.6216 0.1230
v 0.0207 1.6251 0.1217
v 0.0161 1.6276 0.1225
v 0.0200 1.6234 0.1224
v 0.0153 1.6259 0.1232
v 0.0152 1.6247 0.1235
v 0.0191 1.6229 0.1220
v 0.0202 1.6266 0.1206
v 0.0163 1.6284 0.1221
v 0.0197 1.6247 0.1213
v 0.0157 1.6265 0.1228
v 0.0157 1.6249 0.1233
v 0.0200 1.6241 0.1220
v 0.0203 1.6281 0.1209
v 0.0160 1.6289 0.1222
v 0.0201 1.6261 0.1214
v 0.0158 1.6269 0.1227
v 0.0162 1.6253 0.1233
v 0.0204 1.6249 0.1217
v 0.0203 1.6283 0.1208
v 0.0161 1.6287 0.1224
v 0.0204 1.6266 0.1213
v 0.0161 1.6270 0.1229
v 0.0176 1.6278 0.1210
v 0.0203 1.6262 0.1212
v 0.0216 1.6282 0.1189
v 0.0188 1.6298 0.1187
v 0.0210 1.6272 0.1200
v 0.0182 1.6288 0.1198
v 0.0181 1.6281 0.1205
v 0.0204 1.6267 0.1199
v 0.0213 1.6287 0.1176
v 0.0190 1.6302 0.1181
v 0.0208 1.6277 0.1188
v 0.0185 1.6291 0.1193
v 0.0184 1.6282 0.1202
v 0.0210 1.6276 0.1195
v 0.0215 1.6298 0.1173
v 0.0188 1.6305 0.1180
v 0.0213 1.6287 0.1184
v 0.0186 1.6293 0.1191
v 0.0187 1.6285 0.1201
v 0.0214 1.6280 0.1190
v 0.0215 1.6300 0.1171
v 0.0189 1.6305 0.1182
v 0.0214 1.6290 0.1181
v 0.0188 1.6295 0.1192
v 0.0227 1.6315 0.1159
v 0.0181 1.6340 0.1146
v 0.0160 1.6315 0.1171
v 0.0206 1.6290 0.1184
v 0.0171 1.6328 0.1158
v 0.0216 1.6303 0.1172
v 0.0219 1.6311 0.1164
v 0.0176 1.6325 0.1150
v 0.0160 1.6297 0.1176
v 0.0203 1.6283 0.1189
v 0.0168 1.6311 0.1163
v 0.0211 1.6297 0.1176
v 0.0213 1.6310 0.1166
v 0.0169 1.6321 0.1163
v 0.0161 1.6291 0.1189
v 0.0206 1.6280 0.1192
v 0.0165 1.6306 0.1176
v 0.0210 1.6295 0.1179
v 0.0209 1.6310 0.1170
v 0.0163 1.6316 0.1169
v 0.0160 1.6289 0.1191
v 0.0206 1.6283 0.1193
v 0.0162 1.6302 0.1180
v 0.0207 1.6296 0.1181
v 0.0019 1.6275 0.1225
v 0.0161 1.6272 0.1235
v 0.0165 1.6214 0.1291
v 0.0023 1.6217 0.1280
v 0.0060 1.6283 0.1221
v 0.0167 1.6260 0.1259
v 0.0130 1.6205 0.1297
v 0.0023 1.6228 0.1260
v 0.0067 1.6287 0.1225
v 0.0164 1.6261 0.1253
v 0.0144 1.6199 0.1298
v 0.0047 1.6223 0.1270
v 0.0094 1.6194 0.1303
v -0.0048 1.6193 0.1295
v -0.0055 1.6260 0.1251
v 0.0087 1.6261 0.1258
v 0.0053 1.6186 0.1307
v -0.0056 1.6218 0.1289
v -0.0021 1.6271 0.1245
v 0.0089 1.6239 0.1265
v 0.0046 1.6188 0.1311
v -0.0052 1.6213 0.1289
v -0.0035 1.6272 0.1239
v 0.0064 1.6248 0.1261
v -0.0143 1.6267 0.1238
v -0.0001 1.6266 0.1245
v 0.0003 1.6207 0.1301
v -0.0139 1.6209 0.1293
v -0.0102 1.6275 0.1234
v 0.0005 1.6254 0.1269
v -0.0032 1.6198 0.1307
v -0.0140 1.6220 0.1273
v -0.0095 1.6279 0.1237
v 0.0002 1.6255 0.1263
v -0.0018 1.6192 0.1308
v -0.0115 1.6216 0.1283
v -0.0069 1.6180 0.1308
v -0.0207 1.6179 0.1272
v -0.0202 1.6247 0.1228
v -0.0064 1.6248 0.1264
v -0.0110 1.6172 0.1304
v -0.0212 1.6204 0.1265
v -0.0167 1.6258 0.1230
v -0.0065 1.6226 0.1270
v -0.0118 1.6175 0.1307
v -0.0209 1.6199 0.1266
v -0.0179 1.6259 0.1221
v -0.0088 1.6235 0.1262
v -0.0153 1.6167 0.1303
v -0.0285 1.6155 0.1250
v -0.0282 1.6226 0.1213
v -0.0150 1.6238 0.1265
v -0.0193 1.6155 0.1293
v -0.0293 1.6180 0.1244
v -0.0248 1.6241 0.1220
v -0.0149 1.6215 0.1270
v -0.0201 1.6157 0.1295
v -0.0289 1.6175 0.1245
v -0.0259 1.6242 0.1209
v -0.0172 1.6223 0.1260
v -0.0246 1.6126 0.1306
v -0.0414 1.6091 0.1210
v -0.0412 1.6188 0.1158
v -0.0244 1.6223 0.1254
v -0.0296 1.6104 0.1286
v -0.0426 1.6124 0.1200
v -0.0370 1.6212 0.1174
v -0.0240 1.6193 0.1260
v -0.0308 1.6105 0.1287
v -0.0420 1.6118 0.1202
v -0.0383 1.6211 0.1157
v -0.0271 1.6199 0.1243
v -0.0358 1.6084 0.1265
v -0.0506 1.6038 0.1144
v -0.0507 1.6135 0.1094
v -0.0359 1.6181 0.1214
v -0.0403 1.6059 0.1238
v -0.0520 1.6070 0.1132
v -0.0470 1.6162 0.1116
v -0.0353 1.6151 0.1221
v -0.0414 1.6059 0.1237
v -0.0514 1.6064 0.1135
v -0.0480 1.6160 0.1097
v -0.0382 1.6154 0.1199
v -0.0467 1.6017 0.1197
v -0.0570 1.5941 0.1043
v -0.0588 1.6037 0.0992
v -0.0486 1.6111 0.1146
v -0.0496 1.5983 0.1160
v -0.0589 1.5969 0.1028
v -0.0565 1.6071 0.1023
v -0.0474 1.6084 0.1155
v -0.0507 1.5980 0.1157
v -0.0583 1.5964 0.1032
v -0.0571 1.6068 0.1002
v -0.0497 1.6081 0.1126
v -0.0541 1.5943 0.1107
v -0.0602 1.5807 0.0963
v -0.0631 1.5878 0.0884
v -0.0570 1.6014 0.1027
v -0.0556 1.5896 0.1078
v -0.0625 1.5823 0.0937
v -0.0620 1.5925 0.0908
v -0.0553 1.5994 0.1045
v -0.0566 1.5890 0.1074
v -0.0618 1.5822 0.0944
v -0.0621 1.5915 0.0887
v -0.0571 1.5979 0.1015
v -0.0618 1.5864 0.1001
v -0.0661 1.5693 0.0857
v -0.0674 1.5745 0.0760
v -0.0630 1.5920 0.0905
v -0.0630 1.5810 0.0975
v -0.0679 1.5702 0.0822
v -0.0663 1.5801 0.0785
v -0.0617 1.5902 0.0929
v -0.0638 1.5802 0.0970
v -0.0673 1.5703 0.0831
v -0.0662 1.5785 0.0764
v -0.0630 1.5881 0.0897
v -0.0624 1.5771 0.0921
v -0.0669 1.5566 0.0814
v -0.0702 1.5570 0.0687
v -0.0648 1.5792 0.0808
v -0.0634 1.5711 0.0908
v -0.0694 1.5560 0.0771
v -0.0692 1.5629 0.0701
v -0.0632 1.5785 0.0835
v -0.0643 1.5702 0.0905
v -0.0686 1.5564 0.0780
v -0.0693 1.5606 0.0681
v -0.0647 1.5752 0.0807
v -0.0682 1.5556 0.0813
v -0.0710 1.5583 0.0607
v -0.0732 1.5486 0.0562
v -0.0706 1.5456 0.0762
v -0.0692 1.5575 0.0750
v -0.0727 1.5553 0.0587
v -0.0733 1.5460 0.0595
v -0.0694 1.5481 0.0771
v -0.0699 1.5577 0.0741
v -0.0723 1.5558 0.0593
v -0.0730 1.5460 0.0577
v -0.0707 1.5472 0.0724
v -0.0677 1.5741 0.0801
v -0.0714 1.5535 0.0604
v -0.0712 1.5467 0.0662
v -0.0675 1.5665 0.0866
v -0.0689 1.5693 0.0735
v -0.0725 1.5506 0.0614
v -0.0705 1.5502 0.0718
v -0.0669 1.5684 0.0845
v -0.0697 1.5683 0.0725
v -0.0722 1.5514 0.0614
v -0.0702 1.5481 0.0704
v -0.0678 1.5643 0.0817
vt 0.3899 0.6421
vt 0.3899 0.3866
vt 0.3365 0.3866
vt 0.3365 0.6421
vt 0.3365 0.3866
vt 0.3365 0.6421
vt 0.3899 0.6421
vt 0.3899 0.3866
vt 0.3365 0.3866
vt 0.3365 0.6421
vt 0.3899 0.6421
vt 0.3899 0.3866
vt 0.3454 0.2629
vt 0.3651 0.2603
vt 0.3684 0.2707
vt 0.3467 0.2736
vt 0.3831 0.2556
vt 0.3882 0.2652
vt 0.3935 0.2747
vt 0.3719 0.2810
vt 0.3482 0.2843
vt 0.2618 0.2690
vt 0.2805 0.2763
vt 0.2770 0.2864
vt 0.2571 0.2784
vt 0.3015 0.2813
vt 0.2995 0.2920
vt 0.2973 0.3029
vt 0.2733 0.2967
vt 0.2522 0.2879
vt 0.2645 0.3072
vt 0.2424 0.2977
vt 0.2905 0.3137
vt 0.2556 0.3238
vt 0.2247 0.3175
vt 0.2040 0.3080
vt 0.2814 0.2294
vt 0.2952 0.2347
vt 0.2912 0.2456
vt 0.2761 0.2398
vt 0.3104 0.2385
vt 0.3079 0.2496
vt 0.3055 0.2604
vt 0.2873 0.2562
vt 0.2709 0.2500
vt 0.3064 0.1733
vt 0.3134 0.1760
vt 0.3108 0.1849
vt 0.3028 0.1818
vt 0.3212 0.1780
vt 0.3196 0.1872
vt 0.3179 0.1968
vt 0.3080 0.1942
vt 0.2990 0.1907
vt 0.2838 0.2663
vt 0.2663 0.2597
vt 0.3034 0.2709
vt 0.3050 0.2038
vt 0.2949 0.2000
vt 0.3160 0.2066
vt 0.3142 0.2168
vt 0.3019 0.2137
vt 0.2906 0.2095
vt 0.3638 0.2161
vt 0.3526 0.2183
vt 0.3501 0.2081
vt 0.3598 0.2062
vt 0.3403 0.2193
vt 0.3393 0.2090
vt 0.3386 0.1989
vt 0.3480 0.1983
vt 0.3564 0.1967
vt 0.2523 0.0982
vt 0.2529 0.1073
vt 0.2436 0.1101
vt 0.2426 0.1004
vt 0.2538 0.1167
vt 0.2450 0.1200
vt 0.2355 0.1238
vt 0.2337 0.1133
vt 0.2322 0.1033
vt 0.3429 0.2410
vt 0.3588 0.2393
vt 0.3620 0.2499
vt 0.3442 0.2520
vt 0.3732 0.2360
vt 0.3781 0.2459
vt 0.3556 0.2287
vt 0.3416 0.2300
vt 0.3683 0.2260
vt 0.2256 0.1280
vt 0.2234 0.1171
vt 0.2156 0.1324
vt 0.2131 0.1211
vt 0.2109 0.1102
vt 0.2216 0.1066
vt 0.3195 0.1378
vt 0.3249 0.1396
vt 0.3167 0.1651
vt 0.3105 0.1628
vt 0.3311 0.1411
vt 0.3237 0.1670
vt 0.3589 0.0239
vt 0.3628 0.0239
vt 0.3414 0.0892
vt 0.3368 0.0882
vt 0.3667 0.0239
vt 0.3465 0.0901
vt 0.1322 0.3278
vt 0.1181 0.3194
vt 0.1687 0.3328
vt 0.0037 0.3420
vt 0.0037 0.3383
vt 0.0037 0.3345
vt 0.2987 0.2241
vt 0.2862 0.2193
vt 0.3124 0.2275
vt 0.2411 0.1976
vt 0.2491 0.2064
vt 0.2415 0.2143
vt 0.2330 0.2046
vt 0.2585 0.2148
vt 0.2515 0.2236
vt 0.2445 0.2322
vt 0.2340 0.2220
vt 0.2250 0.2115
vt 0.1004 0.0714
vt 0.0577 0.0720
vt 0.0583 0.0474
vt 0.1020 0.0473
vt 0.0037 0.0786
vt 0.0037 0.0480
vt 0.0037 0.0173
vt 0.0603 0.0173
vt 0.1168 0.0173
vt 0.1409 0.1055
vt 0.1431 0.1149
vt 0.1302 0.1164
vt 0.1280 0.1068
vt 0.1463 0.1261
vt 0.1333 0.1279
vt 0.1080 0.1293
vt 0.1054 0.1175
vt 0.1035 0.1078
vt 0.1634 0.1015
vt 0.1655 0.1109
vt 0.1543 0.1130
vt 0.1521 0.1036
vt 0.1682 0.1218
vt 0.1573 0.1240
vt 0.1814 0.0600
vt 0.1701 0.0626
vt 0.1701 0.0423
vt 0.1815 0.0408
vt 0.1589 0.0652
vt 0.1590 0.0438
vt 0.1594 0.0173
vt 0.1705 0.0173
vt 0.1816 0.0173
vt 0.2056 0.0548
vt 0.1933 0.0574
vt 0.1936 0.0393
vt 0.2062 0.0378
vt 0.1940 0.0173
vt 0.2065 0.0173
vt 0.2319 0.0499
vt 0.2184 0.0522
vt 0.2195 0.0363
vt 0.2336 0.0350
vt 0.2206 0.0173
vt 0.2346 0.0173
vt 0.2586 0.0475
vt 0.2458 0.0482
vt 0.2487 0.0340
vt 0.2629 0.0336
vt 0.2521 0.0173
vt 0.2697 0.0173
vt 0.2374 0.1346
vt 0.2280 0.1391
vt 0.2397 0.1455
vt 0.2306 0.1504
vt 0.2213 0.1555
vt 0.2183 0.1439
vt 0.1154 0.1574
vt 0.1195 0.1724
vt 0.0687 0.1757
vt 0.0663 0.1599
vt 0.1238 0.1880
vt 0.0712 0.1920
vt 0.0037 0.1960
vt 0.0037 0.1791
vt 0.0037 0.1622
vt 0.2551 0.1263
vt 0.2465 0.1303
vt 0.2569 0.1362
vt 0.2485 0.1407
vt 0.1957 0.1407
vt 0.1991 0.1530
vt 0.1894 0.1570
vt 0.1857 0.1441
vt 0.2027 0.1655
vt 0.1934 0.1698
vt 0.1840 0.1738
vt 0.1796 0.1605
vt 0.1755 0.1472
vt 0.2693 0.1110
vt 0.2703 0.1191
vt 0.2630 0.1226
vt 0.2619 0.1137
vt 0.2720 0.1277
vt 0.2647 0.1318
vt 0.2087 0.1486
vt 0.2056 0.1367
vt 0.2120 0.1606
vt 0.2782 0.1456
vt 0.2821 0.1523
vt 0.2748 0.1576
vt 0.2708 0.1503
vt 0.2864 0.1576
vt 0.2794 0.1636
vt 0.2720 0.1700
vt 0.2671 0.1632
vt 0.2629 0.1553
vt 0.2289 0.1782
vt 0.2343 0.1883
vt 0.2259 0.1947
vt 0.2202 0.1841
vt 0.2176 0.2008
vt 0.2115 0.1897
vt 0.2463 0.1665
vt 0.2510 0.1755
vt 0.2427 0.1819
vt 0.2377 0.1723
vt 0.2567 0.1836
vt 0.2490 0.1906
vt 0.1347 0.2203
vt 0.1421 0.2363
vt 0.0819 0.2430
vt 0.0776 0.2259
vt 0.1509 0.2519
vt 0.0870 0.2597
vt 0.0037 0.2679
vt 0.0037 0.2498
vt 0.0037 0.2317
vt 0.2591 0.1692
vt 0.2547 0.1607
vt 0.2644 0.1767
vt 0.2095 0.2067
vt 0.2031 0.1949
vt 0.2174 0.2181
vt 0.2098 0.2245
vt 0.2014 0.2124
vt 0.1945 0.1999
vt 0.2445 0.2322
vt 0.2568 0.2418
vt 0.2510 0.2508
vt 0.2380 0.2404
vt 0.2455 0.2594
vt 0.2315 0.2483
vt 0.2954 0.1663
vt 0.3005 0.1701
vt 0.2959 0.1781
vt 0.2898 0.1738
vt 0.2909 0.1865
vt 0.2837 0.1816
vt 0.2692 0.2226
vt 0.2629 0.2323
vt 0.2716 0.1979
vt 0.2805 0.2041
vt 0.2751 0.2132
vt 0.2652 0.2062
vt 0.1727 0.2814
vt 0.1871 0.2955
vt 0.1082 0.3066
vt 0.0998 0.2917
vt 0.0037 0.3188
vt 0.0037 0.3032
vt 0.2858 0.1952
vt 0.2777 0.1897
vt 0.4588 0.2920
vt 0.4674 0.3143
vt 0.4474 0.3209
vt 0.4398 0.3034
vt 0.4783 0.3420
vt 0.4559 0.3420
vt 0.4336 0.3420
vt 0.4228 0.3268
vt 0.4162 0.3133
vt 0.4108 0.2426
vt 0.4183 0.2501
vt 0.4048 0.2581
vt 0.3983 0.2495
vt 0.4262 0.2574
vt 0.4116 0.2666
vt 0.4558 0.0239
vt 0.4630 0.0239
vt 0.4503 0.1098
vt 0.4423 0.1075
vt 0.4702 0.0239
vt 0.4584 0.1118
vt 0.4489 0.1780
vt 0.4401 0.1745
vt 0.4315 0.1704
vt 0.4152 0.1609
vt 0.4079 0.1555
vt 0.4204 0.0991
vt 0.4272 0.1021
vt 0.4014 0.1499
vt 0.4142 0.0958
vt 0.4299 0.0239
vt 0.4359 0.0239
vt 0.4419 0.0239
vt 0.4346 0.1049
vt 0.4231 0.1659
vt 0.4489 0.0239
vt 0.4051 0.2934
vt 0.3797 0.3013
vt 0.3757 0.2912
vt 0.3993 0.2842
vt 0.3519 0.3057
vt 0.3500 0.2950
vt 0.2028 0.1250
vt 0.1925 0.1285
vt 0.1897 0.1169
vt 0.2003 0.1138
vt 0.1822 0.1315
vt 0.1716 0.1341
vt 0.1682 0.1218
vt 0.1791 0.1195
vt 0.4665 0.1135
vt 0.4577 0.1811
vt 0.4773 0.0239
vt 0.4844 0.0239
vt 0.4747 0.1150
vt 0.4666 0.1839
vt 0.4041 0.1942
vt 0.4082 0.1873
vt 0.4164 0.1933
vt 0.4122 0.2007
vt 0.4250 0.1989
vt 0.4209 0.2067
vt 0.3966 0.1874
vt 0.4008 0.1809
vt 0.3900 0.1803
vt 0.3941 0.1740
vt 0.1610 0.1366
vt 0.1652 0.1500
vt 0.1548 0.1526
vt 0.1503 0.1389
vt 0.3706 0.1921
vt 0.3759 0.2008
vt 0.3684 0.2037
vt 0.3639 0.1946
vt 0.3819 0.2095
vt 0.3735 0.2130
vt 0.3887 0.2182
vt 0.3793 0.2224
vt 0.3959 0.2267
vt 0.3856 0.2317
vt 0.4340 0.2038
vt 0.4299 0.2121
vt 0.4430 0.2083
vt 0.4390 0.2171
vt 0.1373 0.1409
vt 0.1419 0.1550
vt 0.1154 0.1574
vt 0.1114 0.1428
vt 0.2772 0.0504
vt 0.2689 0.0483
vt 0.2742 0.0341
vt 0.2835 0.0353
vt 0.2807 0.0173
vt 0.2918 0.0173
vt 0.2899 0.0934
vt 0.2908 0.0990
vt 0.2779 0.1142
vt 0.2770 0.1070
vt 0.2925 0.1053
vt 0.2797 0.1220
vt 0.2982 0.1191
vt 0.3016 0.1239
vt 0.2896 0.1448
vt 0.2858 0.1388
vt 0.3051 0.1275
vt 0.2935 0.1494
vt 0.3116 0.1334
vt 0.3152 0.1358
vt 0.3055 0.1601
vt 0.3012 0.1570
vt 0.3891 0.2056
vt 0.3965 0.2136
vt 0.3950 0.2017
vt 0.4029 0.2091
vt 0.4113 0.2161
vt 0.4045 0.2213
vt 0.3824 0.1976
vt 0.3765 0.1894
vt 0.3817 0.1865
vt 0.3879 0.1942
vt 0.0640 0.1446
vt 0.0620 0.1304
vt 0.0037 0.1462
vt 0.0037 0.1303
vt 0.4126 0.2286
vt 0.4033 0.2348
vt 0.4199 0.2226
vt 0.4286 0.2287
vt 0.4208 0.2354
vt 0.4108 0.2426
vt 0.4927 0.2393
vt 0.4951 0.2257
vt 0.5028 0.2272
vt 0.5014 0.2449
vt 0.4983 0.1912
vt 0.5050 0.1919
vt 0.5118 0.1921
vt 0.5107 0.2278
vt 0.5106 0.2480
vt 0.3984 0.3420
vt 0.3905 0.3314
vt 0.3633 0.3420
vt 0.3385 0.3342
vt 0.3483 0.3257
vt 0.3867 0.3210
vt 0.2678 0.0802
vt 0.2656 0.0893
vt 0.2707 0.0916
vt 0.2686 0.0872
vt 0.2634 0.0984
vt 0.2727 0.0960
vt 0.2820 0.0935
vt 0.2757 0.0939
vt 0.2694 0.0942
vt 0.4430 0.2715
vt 0.4346 0.2645
vt 0.4470 0.2538
vt 0.4561 0.2594
vt 0.4262 0.2574
vt 0.4378 0.2480
vt 0.4466 0.2393
vt 0.4562 0.2440
vt 0.4657 0.2484
vt 0.5030 0.1190
vt 0.5088 0.1193
vt 0.5088 0.0239
vt 0.5134 0.0239
vt 0.5180 0.0239
vt 0.5145 0.1194
vt 0.1594 0.1666
vt 0.1466 0.1694
vt 0.1643 0.1808
vt 0.1516 0.1843
vt 0.4291 0.2419
vt 0.4374 0.2342
vt 0.2180 0.2641
vt 0.2337 0.2767
vt 0.2233 0.2857
vt 0.2070 0.2723
vt 0.3919 0.2407
vt 0.4837 0.2664
vt 0.4945 0.2929
vt 0.4833 0.3064
vt 0.4735 0.2798
vt 0.5105 0.3420
vt 0.4944 0.3420
vt 0.1762 0.2098
vt 0.1842 0.2240
vt 0.1722 0.2300
vt 0.1639 0.2149
vt 0.1938 0.2378
vt 0.1821 0.2446
vt 0.4430 0.2715
vt 0.4509 0.2791
vt 0.4330 0.2916
vt 0.4262 0.2832
vt 0.4106 0.3026
vt 0.4051 0.2934
vt 0.4390 0.2171
vt 0.4481 0.2215
vt 0.4435 0.2275
vt 0.4345 0.2226
vt 0.4574 0.2255
vt 0.4528 0.2319
vt 0.3128 0.0667
vt 0.3141 0.0702
vt 0.3121 0.0636
vt 0.3399 0.0243
vt 0.3403 0.0241
vt 0.3407 0.0239
vt 0.3453 0.0239
vt 0.3474 0.0239
vt 0.3220 0.0806
vt 0.3192 0.0780
vt 0.3496 0.0239
vt 0.3249 0.0826
vt 0.2908 0.1622
vt 0.2843 0.1690
vt 0.2775 0.1761
vt 0.4970 0.1184
vt 0.5039 0.0239
vt 0.4914 0.1901
vt 0.4840 0.1884
vt 0.4905 0.1175
vt 0.4989 0.0239
vt 0.4828 0.1163
vt 0.4917 0.0239
vt 0.4755 0.1863
vt 0.3834 0.3111
vt 0.3529 0.3161
vt 0.4647 0.2659
vt 0.4746 0.2537
vt 0.1696 0.1636
vt 0.1743 0.1774
vt 0.2397 0.2680
vt 0.2249 0.2561
vt 0.1930 0.2181
vt 0.1855 0.2048
vt 0.2019 0.2311
vt 0.4189 0.2750
vt 0.4927 0.2393
vt 0.4896 0.2522
vt 0.4807 0.2436
vt 0.4845 0.2352
vt 0.4720 0.2395
vt 0.4762 0.2322
vt 0.4625 0.2359
vt 0.4669 0.2290
vt 0.1035 0.1078
vt 0.0595 0.1084
vt 0.0588 0.1009
vt 0.1023 0.1002
vt 0.0037 0.1073
vt 0.0037 0.1013
vt 0.0037 0.0953
vt 0.0583 0.0941
vt 0.1014 0.0934
vt 0.1369 0.0695
vt 0.1374 0.0830
vt 0.1247 0.0846
vt 0.1243 0.0708
vt 0.1383 0.0907
vt 0.1255 0.0923
vt 0.1014 0.0934
vt 0.1007 0.0855
vt 0.1004 0.0714
vt 0.1589 0.0652
vt 0.1596 0.0780
vt 0.1484 0.0808
vt 0.1479 0.0676
vt 0.1607 0.0859
vt 0.1495 0.0885
vt 0.1855 0.0967
vt 0.1746 0.0993
vt 0.1731 0.0908
vt 0.1841 0.0881
vt 0.1634 0.1015
vt 0.1619 0.0933
vt 0.1607 0.0859
vt 0.1718 0.0832
vt 0.1829 0.0803
vt 0.2076 0.0907
vt 0.1965 0.0938
vt 0.1951 0.0852
vt 0.2064 0.0821
vt 0.1941 0.0772
vt 0.2056 0.0741
vt 0.2306 0.0848
vt 0.2190 0.0876
vt 0.2182 0.0790
vt 0.2303 0.0763
vt 0.2178 0.0711
vt 0.2303 0.0683
vt 0.2524 0.0808
vt 0.2421 0.0824
vt 0.2422 0.0741
vt 0.2530 0.0728
vt 0.2428 0.0662
vt 0.2540 0.0652
vt 0.2678 0.0802
vt 0.2609 0.0803
vt 0.2615 0.0729
vt 0.2667 0.0756
vt 0.2629 0.0657
vt 0.2688 0.0686
vt 0.2772 0.0504
vt 0.2848 0.0527
vt 0.2783 0.0644
vt 0.2723 0.0609
vt 0.2958 0.0501
vt 0.2890 0.0613
vt 0.2829 0.0696
vt 0.2728 0.0730
vt 0.2688 0.0686
vt 0.1707 0.0751
vt 0.1820 0.0721
vt 0.0579 0.0860
vt 0.0037 0.0870
vt 0.2439 0.0583
vt 0.2558 0.0574
vt 0.2308 0.0603
vt 0.2653 0.0582
vt 0.1375 0.0173
vt 0.1371 0.0464
vt 0.1249 0.0470
vt 0.1271 0.0173
vt 0.1935 0.0691
vt 0.2054 0.0660
vt 0.2178 0.0630
vt 0.1479 0.0452
vt 0.1484 0.0173
vt 0.2981 0.0173
vt 0.2915 0.0364
vt 0.3045 0.0173
vt 0.3014 0.0348
vt 0.2268 0.2294
vt 0.2197 0.2365
vt 0.2636 0.1910
vt 0.2565 0.1987
vt 0.1609 0.2669
vt 0.0929 0.2759
vt 0.0037 0.2855
vt 0.2706 0.1835
vt 0.3083 0.1306
vt 0.2973 0.1534
vt 0.2049 0.2511
vt 0.1935 0.2587
vt 0.2124 0.2437
vt 0.3333 0.0871
vt 0.3564 0.0239
vt 0.3303 0.0859
vt 0.3540 0.0239
vt 0.3276 0.0843
vt 0.3518 0.0239
vt 0.2694 0.0942
vt 0.2689 0.1029
vt 0.2613 0.1049
vt 0.2610 0.0963
vt 0.2889 0.0887
vt 0.2765 0.1000
vt 0.3842 0.1727
vt 0.3882 0.1668
vt 0.3791 0.1649
vt 0.3831 0.1593
vt 0.3906 0.1375
vt 0.3957 0.1439
vt 0.3716 0.1705
vt 0.3762 0.1785
vt 0.3715 0.1812
vt 0.3672 0.1730
vt 0.3661 0.1836
vt 0.3624 0.1752
vt 0.3536 0.1875
vt 0.3602 0.1857
vt 0.3513 0.1787
vt 0.3570 0.1772
vt 0.3501 0.1678
vt 0.3552 0.1665
vt 0.3539 0.1418
vt 0.3583 0.1408
vt 0.3625 0.1393
vt 0.3599 0.1647
vt 0.3755 0.1547
vt 0.3793 0.1494
vt 0.3765 0.1308
vt 0.3799 0.1263
vt 0.3865 0.1097
vt 0.3867 0.1291
vt 0.3702 0.1355
vt 0.3685 0.1601
vt 0.3644 0.1625
vt 0.3665 0.1375
vt 0.3656 0.0905
vt 0.3693 0.0899
vt 0.3823 0.0239
vt 0.3851 0.0239
vt 0.3879 0.0239
vt 0.3728 0.0891
vt 0.3847 0.0842
vt 0.3875 0.0816
vt 0.3974 0.0239
vt 0.3991 0.0239
vt 0.4008 0.0239
vt 0.3921 0.0722
vt 0.3933 0.0239
vt 0.3794 0.0869
vt 0.3762 0.0881
vt 0.3906 0.0239
vt 0.3132 0.0383
vt 0.3094 0.0456
vt 0.3348 0.0215
vt 0.3357 0.0222
vt 0.3365 0.0228
vt 0.3058 0.0509
vt 0.3027 0.0593
vt 0.3057 0.0598
vt 0.3380 0.0235
vt 0.3386 0.0237
vt 0.3392 0.0239
vt 0.3094 0.0597
vt 0.3158 0.0283
vt 0.3328 0.0189
vt 0.3176 0.0169
vt 0.3307 0.0164
vt 0.3115 0.0609
vt 0.3396 0.0241
vt 0.4073 0.0239
vt 0.4104 0.0239
vt 0.4003 0.0514
vt 0.4041 0.0239
vt 0.4136 0.0239
vt 0.3985 0.0728
vt 0.4001 0.0839
vt 0.4041 0.0888
vt 0.4172 0.0239
vt 0.4209 0.0239
vt 0.3617 0.0908
vt 0.3792 0.0239
vt 0.3491 0.1425
vt 0.3438 0.1426
vt 0.3573 0.0909
vt 0.3760 0.0239
vt 0.3463 0.1887
vt 0.3382 0.1892
vt 0.3378 0.1799
vt 0.3450 0.1796
vt 0.3384 0.1687
vt 0.3446 0.1686
vt 0.4254 0.0239
vt 0.4088 0.0924
vt 0.1394 0.0976
vt 0.1265 0.0991
vt 0.1506 0.0956
vt 0.3999 0.1979
vt 0.4080 0.2048
vt 0.4166 0.2112
vt 0.3926 0.1909
vt 0.3861 0.1835
vt 0.4255 0.2172
vt 0.4995 0.2678
vt 0.5105 0.2788
vt 0.2691 0.0808
vt 0.2780 0.0778
vt 0.4521 0.2122
vt 0.4613 0.2157
vt 0.4876 0.2238
vt 0.4796 0.2215
vt 0.4707 0.2188
vt 0.0605 0.1183
vt 0.0037 0.1188
vt 0.1765 0.1088
vt 0.1874 0.1063
vt 0.1982 0.1033
vt 0.2091 0.1001
vt 0.2201 0.0968
vt 0.2312 0.0937
vt 0.2421 0.0912
vt 0.2522 0.0893
vt 0.2608 0.0881
vt 0.3804 0.1757
vt 0.3756 0.1678
vt 0.3721 0.1575
vt 0.3735 0.1332
vt 0.3822 0.0856
vt 0.3954 0.0239
vt 0.3035 0.0554
vt 0.3373 0.0232
vt 0.3164 0.0742
vt 0.3430 0.0239
vt 0.2950 0.1125
vt 0.2824 0.1307
vt 0.2747 0.1370
vt 0.2673 0.1414
vt 0.2595 0.1461
vt 0.2512 0.1511
vt 0.2426 0.1563
vt 0.3520 0.0906
vt 0.3376 0.1421
vt 0.3714 0.0239
vt 0.3312 0.1682
vt 0.3297 0.1793
vt 0.3290 0.1886
vt 0.3283 0.1984
vt 0.3277 0.2084
vt 0.3272 0.2188
vt 0.3269 0.2296
vt 0.3265 0.2407
vt 0.3259 0.2518
vt 0.3251 0.2628
vt 0.3247 0.2735
vt 0.3243 0.2842
vt 0.3241 0.2951
vt 0.3239 0.3061
vt 0.3209 0.3169
vt 0.3006 0.3266
vt 0.2512 0.3348
vt 0.1835 0.3420
vt 0.2337 0.1617
vt 0.2247 0.1672
vt 0.2157 0.1726
vt 0.2067 0.1778
vt 0.1978 0.1826
vt 0.1888 0.1870
vt 0.1794 0.1912
vt 0.1697 0.1953
vt 0.1572 0.1995
vt 0.1287 0.2040
vt 0.0741 0.2088
vt 0.0037 0.2139
vt 0.6756 0.2635
vt 0.6742 0.2742
vt 0.6525 0.2712
vt 0.6559 0.2608
vt 0.6722 0.2849
vt 0.6478 0.2814
vt 0.6270 0.2748
vt 0.6328 0.2656
vt 0.6379 0.2561
vt 0.7592 0.2699
vt 0.7639 0.2793
vt 0.7439 0.2872
vt 0.7405 0.2771
vt 0.7688 0.2888
vt 0.7476 0.2975
vt 0.7235 0.3036
vt 0.7215 0.2927
vt 0.7195 0.2820
vt 0.7772 0.2987
vt 0.7534 0.3080
vt 0.8065 0.3096
vt 0.7721 0.3188
vt 0.7333 0.3246
vt 0.7263 0.3144
vt 0.7398 0.2302
vt 0.7450 0.2406
vt 0.7299 0.2463
vt 0.7259 0.2355
vt 0.7501 0.2509
vt 0.7338 0.2570
vt 0.7155 0.2611
vt 0.7131 0.2503
vt 0.7107 0.2392
vt 0.7149 0.1740
vt 0.7185 0.1825
vt 0.7105 0.1855
vt 0.7079 0.1766
vt 0.7223 0.1915
vt 0.7133 0.1949
vt 0.7034 0.1974
vt 0.7017 0.1878
vt 0.7001 0.1787
vt 0.7548 0.2605
vt 0.7372 0.2671
vt 0.7176 0.2716
vt 0.7263 0.2007
vt 0.7162 0.2045
vt 0.7306 0.2102
vt 0.7193 0.2144
vt 0.7070 0.2175
vt 0.7052 0.2073
vt 0.6574 0.2166
vt 0.6614 0.2068
vt 0.6711 0.2087
vt 0.6686 0.2188
vt 0.6648 0.1972
vt 0.6732 0.1988
vt 0.6826 0.1995
vt 0.6819 0.2096
vt 0.6809 0.2199
vt 0.7692 0.0990
vt 0.7790 0.1014
vt 0.7780 0.1110
vt 0.7687 0.1082
vt 0.7894 0.1042
vt 0.7879 0.1143
vt 0.7860 0.1248
vt 0.7766 0.1209
vt 0.7677 0.1175
vt 0.6781 0.2416
vt 0.6769 0.2526
vt 0.6591 0.2504
vt 0.6623 0.2398
vt 0.6429 0.2464
vt 0.6479 0.2365
vt 0.6795 0.2306
vt 0.6656 0.2293
vt 0.6528 0.2265
vt 0.7981 0.1181
vt 0.7959 0.1290
vt 0.8000 0.1076
vt 0.8106 0.1112
vt 0.8084 0.1221
vt 0.8059 0.1334
vt 0.7044 0.1384
vt 0.7111 0.1635
vt 0.7050 0.1658
vt 0.6990 0.1402
vt 0.6979 0.1676
vt 0.6928 0.1416
vt 0.6773 0.0239
vt 0.6923 0.0886
vt 0.6877 0.0896
vt 0.6734 0.0239
vt 0.6826 0.0904
vt 0.6695 0.0239
vt 0.8742 0.3227
vt 0.8125 0.3301
vt 0.9994 0.3420
vt 0.8668 0.3420
vt 0.7343 0.3420
vt 0.7447 0.3337
vt 0.7350 0.2201
vt 0.7225 0.2248
vt 0.7087 0.2282
vt 0.7802 0.1985
vt 0.7882 0.2056
vt 0.7797 0.2152
vt 0.7721 0.2073
vt 0.7962 0.2125
vt 0.7872 0.2229
vt 0.7766 0.2331
vt 0.7697 0.2245
vt 0.7627 0.2157
vt 0.9190 0.0724
vt 0.9198 0.0479
vt 0.9555 0.0480
vt 0.9548 0.0730
vt 0.9117 0.0173
vt 0.9555 0.0173
vt 0.9994 0.0173
vt 0.9994 0.0485
vt 0.9994 0.0797
vt 0.8807 0.1067
vt 0.8932 0.1081
vt 0.8910 0.1177
vt 0.8784 0.1162
vt 0.9150 0.1091
vt 0.9131 0.1188
vt 0.9104 0.1306
vt 0.8878 0.1291
vt 0.8752 0.1274
vt 0.8581 0.1027
vt 0.8694 0.1049
vt 0.8672 0.1143
vt 0.8560 0.1121
vt 0.8642 0.1253
vt 0.8533 0.1229
vt 0.8414 0.0609
vt 0.8438 0.0413
vt 0.8552 0.0428
vt 0.8528 0.0635
vt 0.8470 0.0173
vt 0.8581 0.0173
vt 0.8692 0.0173
vt 0.8663 0.0444
vt 0.8639 0.0661
vt 0.8173 0.0548
vt 0.8192 0.0377
vt 0.8317 0.0397
vt 0.8296 0.0581
vt 0.8221 0.0173
vt 0.8346 0.0173
vt 0.7913 0.0472
vt 0.7920 0.0331
vt 0.8060 0.0351
vt 0.8046 0.0506
vt 0.7940 0.0173
vt 0.8081 0.0173
vt 0.7639 0.0475
vt 0.7622 0.0335
vt 0.7768 0.0327
vt 0.7772 0.0464
vt 0.7590 0.0173
vt 0.7765 0.0173
vt 0.7935 0.1401
vt 0.7840 0.1355
vt 0.8031 0.1449
vt 0.8001 0.1565
vt 0.7908 0.1514
vt 0.7817 0.1464
vt 0.9029 0.1587
vt 0.9455 0.1612
vt 0.9432 0.1770
vt 0.8988 0.1737
vt 0.9994 0.1635
vt 0.9994 0.1804
vt 0.9994 0.1973
vt 0.9406 0.1933
vt 0.8944 0.1892
vt 0.7749 0.1312
vt 0.7664 0.1272
vt 0.7729 0.1416
vt 0.7646 0.1370
vt 0.8258 0.1417
vt 0.8358 0.1452
vt 0.8320 0.1581
vt 0.8223 0.1541
vt 0.8459 0.1483
vt 0.8418 0.1616
vt 0.8373 0.1749
vt 0.8279 0.1709
vt 0.8187 0.1665
vt 0.7522 0.1118
vt 0.7596 0.1145
vt 0.7585 0.1234
vt 0.7512 0.1199
vt 0.7567 0.1326
vt 0.7495 0.1285
vt 0.8158 0.1377
vt 0.8127 0.1496
vt 0.8094 0.1616
vt 0.7432 0.1464
vt 0.7506 0.1512
vt 0.7465 0.1584
vt 0.7393 0.1531
vt 0.7585 0.1562
vt 0.7543 0.1640
vt 0.7494 0.1708
vt 0.7420 0.1644
vt 0.7350 0.1583
vt 0.7924 0.1792
vt 0.8011 0.1851
vt 0.7954 0.1956
vt 0.7869 0.1892
vt 0.8097 0.1907
vt 0.8037 0.2018
vt 0.7751 0.1674
vt 0.7837 0.1733
vt 0.7786 0.1828
vt 0.7704 0.1764
vt 0.7723 0.1915
vt 0.7645 0.1845
vt 0.8835 0.2215
vt 0.9342 0.2272
vt 0.9298 0.2442
vt 0.8760 0.2375
vt 0.9994 0.2330
vt 0.9994 0.2511
vt 0.9994 0.2691
vt 0.9247 0.2609
vt 0.8672 0.2531
vt 0.7667 0.1616
vt 0.7623 0.1701
vt 0.7569 0.1775
vt 0.8182 0.1960
vt 0.8117 0.2077
vt 0.8267 0.2010
vt 0.8198 0.2135
vt 0.8114 0.2256
vt 0.8038 0.2191
vt 0.7766 0.2331
vt 0.7831 0.2413
vt 0.7700 0.2517
vt 0.7643 0.2427
vt 0.7895 0.2492
vt 0.7755 0.2603
vt 0.7259 0.1671
vt 0.7316 0.1746
vt 0.7254 0.1788
vt 0.7208 0.1708
vt 0.7376 0.1824
vt 0.7304 0.1873
vt 0.7582 0.2332
vt 0.7520 0.2235
vt 0.7497 0.1987
vt 0.7560 0.2071
vt 0.7461 0.2140
vt 0.7407 0.2049
vt 0.8453 0.2826
vt 0.9119 0.2932
vt 0.9015 0.3093
vt 0.8299 0.2970
vt 0.9994 0.3043
vt 0.9994 0.3232
vt 0.7436 0.1905
vt 0.7355 0.1960
vt 0.5618 0.2926
vt 0.5807 0.3039
vt 0.5734 0.3211
vt 0.5534 0.3144
vt 0.6040 0.3136
vt 0.5979 0.3270
vt 0.5872 0.3420
vt 0.5649 0.3420
vt 0.5426 0.3420
vt 0.6103 0.2429
vt 0.6227 0.2499
vt 0.6163 0.2584
vt 0.6028 0.2503
vt 0.6096 0.2665
vt 0.5952 0.2573
vt 0.5803 0.0239
vt 0.5866 0.1077
vt 0.5786 0.1099
vt 0.5731 0.0239
vt 0.5922 0.1707
vt 0.5836 0.1747
vt 0.5748 0.1782
vt 0.5705 0.1119
vt 0.5659 0.0239
vt 0.6085 0.1612
vt 0.6018 0.1023
vt 0.6087 0.0992
vt 0.6158 0.1558
vt 0.5942 0.0239
vt 0.6002 0.0239
vt 0.6063 0.0239
vt 0.6149 0.0960
vt 0.6224 0.1502
vt 0.6006 0.1661
vt 0.5944 0.1051
vt 0.5873 0.0239
vt 0.5467 0.2314
vt 0.5556 0.2287
vt 0.5600 0.2355
vt 0.5511 0.2386
vt 0.5643 0.2255
vt 0.5688 0.2319
vt 0.5751 0.2393
vt 0.5662 0.2434
vt 0.5556 0.2457
vt 0.8187 0.1260
vt 0.8212 0.1148
vt 0.8318 0.1180
vt 0.8289 0.1296
vt 0.8393 0.1326
vt 0.8424 0.1206
vt 0.8533 0.1229
vt 0.8498 0.1352
vt 0.5660 0.1813
vt 0.5625 0.1136
vt 0.5575 0.1839
vt 0.5547 0.1150
vt 0.5516 0.0239
vt 0.5588 0.0239
vt 0.6172 0.1946
vt 0.6090 0.2010
vt 0.6052 0.1936
vt 0.6134 0.1876
vt 0.6003 0.2070
vt 0.5965 0.1991
vt 0.6208 0.1812
vt 0.6247 0.1878
vt 0.6275 0.1744
vt 0.6313 0.1807
vt 0.8604 0.1378
vt 0.8712 0.1402
vt 0.8666 0.1538
vt 0.8562 0.1512
vt 0.6506 0.1926
vt 0.6573 0.1951
vt 0.6529 0.2042
vt 0.6454 0.2012
vt 0.6477 0.2135
vt 0.6393 0.2099
vt 0.6418 0.2228
vt 0.6325 0.2186
vt 0.6356 0.2321
vt 0.6252 0.2271
vt 0.5913 0.2124
vt 0.5875 0.2041
vt 0.5822 0.2173
vt 0.5785 0.2085
vt 0.8837 0.1422
vt 0.9069 0.1441
vt 0.9029 0.1587
vt 0.8791 0.1563
vt 0.7433 0.0513
vt 0.7407 0.0359
vt 0.7503 0.0346
vt 0.7525 0.0492
vt 0.7368 0.0173
vt 0.7479 0.0173
vt 0.7344 0.0940
vt 0.7449 0.1078
vt 0.7439 0.1149
vt 0.7333 0.0997
vt 0.7421 0.1227
vt 0.7315 0.1059
vt 0.7257 0.1198
vt 0.7359 0.1396
vt 0.7321 0.1456
vt 0.7223 0.1246
vt 0.7283 0.1501
vt 0.7188 0.1281
vt 0.7122 0.1340
vt 0.7205 0.1577
vt 0.7162 0.1608
vt 0.7087 0.1364
vt 0.6247 0.2140
vt 0.6322 0.2060
vt 0.6167 0.2217
vt 0.6099 0.2164
vt 0.6183 0.2094
vt 0.6262 0.2021
vt 0.6389 0.1980
vt 0.6333 0.1947
vt 0.6396 0.1870
vt 0.6448 0.1899
vt 0.9499 0.1318
vt 0.9478 0.1459
vt 0.9994 0.1316
vt 0.9994 0.1476
vt 0.6178 0.2352
vt 0.6085 0.2289
vt 0.6103 0.2429
vt 0.6003 0.2358
vt 0.5925 0.2289
vt 0.6012 0.2229
vt 0.5280 0.2395
vt 0.5196 0.2450
vt 0.5186 0.2272
vt 0.5259 0.2259
vt 0.5186 0.1919
vt 0.5250 0.1914
vt 0.6280 0.3315
vt 0.6223 0.3420
vt 0.6320 0.3208
vt 0.6642 0.3259
vt 0.6616 0.3344
vt 0.6574 0.3420
vt 0.7513 0.0814
vt 0.7522 0.0885
vt 0.7448 0.0870
vt 0.7439 0.0808
vt 0.7526 0.0959
vt 0.7453 0.0936
vt 0.7357 0.0828
vt 0.7357 0.0775
vt 0.7352 0.0724
vt 0.5618 0.2926
vt 0.5471 0.2802
vt 0.5547 0.2670
vt 0.5685 0.2805
vt 0.5368 0.2667
vt 0.5447 0.2544
vt 0.5494 0.2482
vt 0.5609 0.2613
vt 0.5725 0.2745
vt 0.5201 0.1193
vt 0.5256 0.1191
vt 0.5226 0.0239
vt 0.5272 0.0239
vt 0.8744 0.1707
vt 0.8619 0.1678
vt 0.8693 0.1855
vt 0.8570 0.1820
vt 0.5838 0.2480
vt 0.5920 0.2421
vt 0.5751 0.2393
vt 0.5837 0.2344
vt 0.8030 0.2651
vt 0.8136 0.2734
vt 0.7972 0.2867
vt 0.7872 0.2776
vt 0.6292 0.2411
vt 0.5376 0.3065
vt 0.5265 0.2930
vt 0.5266 0.3420
vt 0.8450 0.2109
vt 0.8569 0.2161
vt 0.8485 0.2312
vt 0.8369 0.2251
vt 0.8386 0.2458
vt 0.8273 0.2388
vt 0.6076 0.3034
vt 0.6323 0.3090
vt 0.6104 0.2986
vt 0.6139 0.2978
vt 0.6174 0.2970
vt 0.6398 0.3018
vt 0.6682 0.3061
vt 0.6659 0.3161
vt 0.5822 0.2173
vt 0.5866 0.2228
vt 0.5777 0.2277
vt 0.5731 0.2217
vt 0.7151 0.0705
vt 0.7167 0.0670
vt 0.6956 0.0239
vt 0.6964 0.0239
vt 0.6972 0.0239
vt 0.7180 0.0638
vt 0.6910 0.0239
vt 0.7100 0.0783
vt 0.7071 0.0810
vt 0.6888 0.0239
vt 0.7043 0.0829
vt 0.6866 0.0239
vt 0.7370 0.1698
vt 0.7306 0.1629
vt 0.7438 0.1769
vt 0.5410 0.2182
vt 0.5494 0.1886
vt 0.5522 0.2192
vt 0.5438 0.2248
vt 0.5575 0.1839
vt 0.5606 0.2157
vt 0.5312 0.0239
vt 0.5306 0.1192
vt 0.5353 0.0239
vt 0.5354 0.1218
vt 0.5356 0.2196
vt 0.5308 0.1930
vt 0.6151 0.2946
vt 0.6391 0.2921
vt 0.6128 0.2923
vt 0.6198 0.2834
vt 0.6696 0.2956
vt 0.5914 0.2865
vt 0.5865 0.2932
vt 0.8517 0.1648
vt 0.8470 0.1785
vt 0.7961 0.2571
vt 0.7813 0.2689
vt 0.8357 0.2060
vt 0.8282 0.2192
vt 0.8192 0.2321
vt 0.5777 0.2701
vt 0.5667 0.2579
vt 0.5754 0.2532
vt 0.5874 0.2637
vt 0.5280 0.2395
vt 0.5350 0.2357
vt 0.5387 0.2442
vt 0.5310 0.2524
vt 0.5409 0.2333
vt 0.5452 0.2407
vt 0.9150 0.1091
vt 0.9162 0.1015
vt 0.9532 0.1022
vt 0.9525 0.1098
vt 0.9171 0.0947
vt 0.9537 0.0955
vt 0.9994 0.0967
vt 0.9994 0.1027
vt 0.9994 0.1087
vt 0.8859 0.0705
vt 0.8981 0.0718
vt 0.8967 0.0858
vt 0.8844 0.0842
vt 0.9190 0.0724
vt 0.9179 0.0867
vt 0.9171 0.0947
vt 0.8957 0.0936
vt 0.8833 0.0920
vt 0.8639 0.0661
vt 0.8749 0.0686
vt 0.8733 0.0819
vt 0.8622 0.0792
vt 0.8722 0.0897
vt 0.8609 0.0871
vt 0.8361 0.0979
vt 0.8376 0.0893
vt 0.8486 0.0920
vt 0.8470 0.1004
vt 0.8387 0.0814
vt 0.8498 0.0843
vt 0.8609 0.0871
vt 0.8597 0.0945
vt 0.8581 0.1027
vt 0.8140 0.0917
vt 0.8152 0.0831
vt 0.8265 0.0862
vt 0.8251 0.0949
vt 0.8161 0.0749
vt 0.8276 0.0783
vt 0.7910 0.0857
vt 0.7914 0.0771
vt 0.8035 0.0800
vt 0.8026 0.0886
vt 0.7915 0.0684
vt 0.8040 0.0714
vt 0.7688 0.0817
vt 0.7682 0.0737
vt 0.7794 0.0749
vt 0.7795 0.0833
vt 0.7671 0.0659
vt 0.7789 0.0665
vt 0.7513 0.0814
vt 0.7500 0.0746
vt 0.7584 0.0737
vt 0.7594 0.0812
vt 0.7482 0.0681
vt 0.7569 0.0666
vt 0.7433 0.0513
vt 0.7459 0.0612
vt 0.7383 0.0625
vt 0.7358 0.0527
vt 0.7482 0.0681
vt 0.7406 0.0688
vt 0.7328 0.0627
vt 0.7311 0.0576
vt 0.7293 0.0491
vt 0.8399 0.0732
vt 0.8511 0.0762
vt 0.9542 0.0873
vt 0.9994 0.0882
vt 0.7656 0.0578
vt 0.7781 0.0574
vt 0.7913 0.0588
vt 0.7548 0.0592
vt 0.8911 0.0173
vt 0.9014 0.0173
vt 0.9000 0.0476
vt 0.8881 0.0469
vt 0.8165 0.0664
vt 0.8284 0.0701
vt 0.8042 0.0622
vt 0.8801 0.0173
vt 0.8773 0.0458
vt 0.7333 0.0368
vt 0.7305 0.0173
vt 0.7273 0.0349
vt 0.7241 0.0173
vt 0.7943 0.2303
vt 0.8014 0.2375
vt 0.7647 0.1995
vt 0.7577 0.1919
vt 0.9188 0.2771
vt 0.8572 0.2680
vt 0.9994 0.2867
vt 0.7507 0.1843
vt 0.7244 0.1541
vt 0.7155 0.1312
vt 0.8271 0.2598
vt 0.8162 0.2521
vt 0.8086 0.2448
vt 0.6798 0.0239
vt 0.6958 0.0875
vt 0.6822 0.0239
vt 0.6988 0.0862
vt 0.7015 0.0847
vt 0.6844 0.0239
vt 0.7526 0.0959
vt 0.7604 0.0972
vt 0.7602 0.1058
vt 0.7527 0.1038
vt 0.7453 0.1006
vt 0.7352 0.0883
vt 0.6334 0.1673
vt 0.6372 0.1732
vt 0.6282 0.1442
vt 0.6332 0.1379
vt 0.6386 0.1597
vt 0.6422 0.1654
vt 0.6497 0.1709
vt 0.6541 0.1735
vt 0.6498 0.1817
vt 0.6451 0.1790
vt 0.6590 0.1758
vt 0.6552 0.1841
vt 0.6611 0.1863
vt 0.6677 0.1880
vt 0.6643 0.1777
vt 0.6700 0.1793
vt 0.6665 0.1670
vt 0.6716 0.1683
vt 0.6617 0.1652
vt 0.6614 0.1398
vt 0.6656 0.1412
vt 0.6700 0.1423
vt 0.6427 0.1498
vt 0.6462 0.1552
vt 0.6374 0.1294
vt 0.6394 0.1100
vt 0.6442 0.1267
vt 0.6474 0.1312
vt 0.6537 0.1359
vt 0.6574 0.1380
vt 0.6573 0.1630
vt 0.6532 0.1606
vt 0.6598 0.0902
vt 0.6635 0.0908
vt 0.6563 0.0894
vt 0.6484 0.0239
vt 0.6511 0.0239
vt 0.6539 0.0239
vt 0.6418 0.0818
vt 0.6444 0.0844
vt 0.6382 0.0724
vt 0.6354 0.0239
vt 0.6371 0.0239
vt 0.6389 0.0239
vt 0.6429 0.0239
vt 0.6456 0.0239
vt 0.6529 0.0883
vt 0.6497 0.0871
vt 0.7230 0.0419
vt 0.7228 0.0368
vt 0.7233 0.0450
vt 0.7126 0.0203
vt 0.7144 0.0199
vt 0.7162 0.0196
vt 0.7228 0.0541
vt 0.7235 0.0509
vt 0.7215 0.0573
vt 0.7050 0.0231
vt 0.7076 0.0223
vt 0.7102 0.0214
vt 0.7184 0.0185
vt 0.7226 0.0281
vt 0.7205 0.0174
vt 0.7223 0.0174
vt 0.7011 0.0235
vt 0.7198 0.0606
vt 0.6290 0.0239
vt 0.6322 0.0239
vt 0.6326 0.0515
vt 0.6258 0.0239
vt 0.6318 0.0730
vt 0.6227 0.0239
vt 0.6250 0.0890
vt 0.6291 0.0841
vt 0.6153 0.0239
vt 0.6190 0.0239
vt 0.6570 0.0239
vt 0.6674 0.0911
vt 0.6602 0.0239
vt 0.6718 0.0912
vt 0.6800 0.1431
vt 0.6747 0.1429
vt 0.6749 0.1893
vt 0.6763 0.1802
vt 0.6835 0.1805
vt 0.6831 0.1897
vt 0.6770 0.1691
vt 0.6833 0.1693
vt 0.6203 0.0926
vt 0.6108 0.0239
vt 0.8947 0.1004
vt 0.8822 0.0989
vt 0.8710 0.0969
vt 0.6132 0.2051
vt 0.6213 0.1983
vt 0.6045 0.2115
vt 0.6287 0.1913
vt 0.6352 0.1839
vt 0.5956 0.2175
vt 0.5215 0.2678
vt 0.7425 0.0747
vt 0.7342 0.0675
vt 0.5694 0.2124
vt 0.6026 0.2740
vt 0.5953 0.2812
vt 0.5324 0.2249
vt 0.5382 0.2265
vt 0.9514 0.1197
vt 0.9994 0.1202
vt 0.8342 0.1074
vt 0.8450 0.1099
vt 0.8125 0.1011
vt 0.8234 0.1044
vt 0.7904 0.0947
vt 0.8015 0.0978
vt 0.7692 0.0902
vt 0.7795 0.0921
vt 0.7601 0.0890
vt 0.6409 0.1761
vt 0.6458 0.1682
vt 0.6495 0.1579
vt 0.6504 0.1336
vt 0.6469 0.0858
vt 0.6409 0.0239
vt 0.7235 0.0479
vt 0.7114 0.0209
vt 0.6933 0.0239
vt 0.7128 0.0746
vt 0.7289 0.1131
vt 0.7467 0.1378
vt 0.7394 0.1315
vt 0.7541 0.1422
vt 0.7620 0.1470
vt 0.7702 0.1519
vt 0.7788 0.1572
vt 0.6862 0.1426
vt 0.6770 0.0909
vt 0.6648 0.0239
vt 0.6916 0.1800
vt 0.6904 0.1688
vt 0.6929 0.1990
vt 0.6923 0.1893
vt 0.6939 0.2194
vt 0.6935 0.2091
vt 0.6946 0.2413
vt 0.6942 0.2302
vt 0.6959 0.2634
vt 0.6952 0.2524
vt 0.6965 0.2849
vt 0.6963 0.2742
vt 0.6969 0.3067
vt 0.6966 0.2957
vt 0.6975 0.3272
vt 0.6970 0.3174
vt 0.6958 0.3420
vt 0.6979 0.3351
vt 0.7876 0.1626
vt 0.7966 0.1681
vt 0.8056 0.1736
vt 0.8146 0.1788
vt 0.8235 0.1837
vt 0.8325 0.1881
vt 0.8515 0.1965
vt 0.8418 0.1923
vt 0.8637 0.2007
vt 0.8895 0.2052
vt 0.9377 0.2101
vt 0.9994 0.2152
vt 0.5394 0.0239
vt 0.5455 0.0239
vt 0.5473 0.1168
vt 0.5402 0.1211
vt 0.3454 0.2629
vt 0.3467 0.2736
vt 0.3684 0.2707
vt 0.3651 0.2603
vt 0.3882 0.2652
vt 0.3831 0.2556
vt 0.3719 0.2810
vt 0.3935 0.2747
vt 0.3482 0.2843
vt 0.2618 0.2690
vt 0.2571 0.2784
vt 0.2770 0.2864
vt 0.2805 0.2763
vt 0.2995 0.2920
vt 0.3015 0.2813
vt 0.2733 0.2967
vt 0.2973 0.3029
vt 0.2522 0.2879
vt 0.2424 0.2977
vt 0.2645 0.3072
vt 0.2905 0.3137
vt 0.2247 0.3175
vt 0.2556 0.3238
vt 0.2040 0.3080
vt 0.2814 0.2294
vt 0.2761 0.2398
vt 0.2912 0.2456
vt 0.2952 0.2347
vt 0.3079 0.2496
vt 0.3104 0.2385
vt 0.2873 0.2562
vt 0.3055 0.2604
vt 0.2709 0.2500
vt 0.3064 0.1733
vt 0.3028 0.1818
vt 0.3108 0.1849
vt 0.3134 0.1760
vt 0.3196 0.1872
vt 0.3212 0.1780
vt 0.3080 0.1942
vt 0.3179 0.1968
vt 0.2990 0.1907
vt 0.2663 0.2597
vt 0.2838 0.2663
vt 0.3034 0.2709
vt 0.2949 0.2000
vt 0.3050 0.2038
vt 0.3160 0.2066
vt 0.3019 0.2137
vt 0.3142 0.2168
vt 0.2906 0.2095
vt 0.3638 0.2161
vt 0.3598 0.2062
vt 0.3501 0.2081
vt 0.3526 0.2183
vt 0.3393 0.2090
vt 0.3403 0.2193
vt 0.3480 0.1983
vt 0.3386 0.1989
vt 0.3564 0.1967
vt 0.2523 0.0982
vt 0.2426 0.1004
vt 0.2436 0.1101
vt 0.2529 0.1073
vt 0.2450 0.1200
vt 0.2538 0.1167
vt 0.2337 0.1133
vt 0.2355 0.1238
vt 0.2322 0.1033
vt 0.3429 0.2410
vt 0.3442 0.2520
vt 0.3620 0.2499
vt 0.3588 0.2393
vt 0.3781 0.2459
vt 0.3732 0.2360
vt 0.3416 0.2300
vt 0.3556 0.2287
vt 0.3683 0.2260
vt 0.2234 0.1171
vt 0.2256 0.1280
vt 0.2131 0.1211
vt 0.2156 0.1324
vt 0.2216 0.1066
vt 0.2109 0.1102
vt 0.3195 0.1378
vt 0.3105 0.1628
vt 0.3167 0.1651
vt 0.3249 0.1396
vt 0.3237 0.1670
vt 0.3311 0.1411
vt 0.3589 0.0239
vt 0.3368 0.0882
vt 0.3414 0.0892
vt 0.3628 0.0239
vt 0.3465 0.0901
vt 0.3667 0.0239
vt 0.1181 0.3194
vt 0.1322 0.3278
vt 0.1687 0.3328
vt 0.0037 0.3383
vt 0.0037 0.3420
vt 0.0037 0.3345
vt 0.2862 0.2193
vt 0.2987 0.2241
vt 0.3124 0.2275
vt 0.2411 0.1976
vt 0.2330 0.2046
vt 0.2415 0.2143
vt 0.2491 0.2064
vt 0.2515 0.2236
vt 0.2585 0.2148
vt 0.2340 0.2220
vt 0.2445 0.2322
vt 0.2250 0.2115
vt 0.1004 0.0714
vt 0.1020 0.0473
vt 0.0583 0.0474
vt 0.0577 0.0720
vt 0.0037 0.0480
vt 0.0037 0.0786
vt 0.0603 0.0173
vt 0.0037 0.0173
vt 0.1168 0.0173
vt 0.1409 0.1055
vt 0.1280 0.1068
vt 0.1302 0.1164
vt 0.1431 0.1149
vt 0.1333 0.1279
vt 0.1463 0.1261
vt 0.1054 0.1175
vt 0.1080 0.1293
vt 0.1035 0.1078
vt 0.1634 0.1015
vt 0.1521 0.1036
vt 0.1543 0.1130
vt 0.1655 0.1109
vt 0.1573 0.1240
vt 0.1682 0.1218
vt 0.1814 0.0600
vt 0.1815 0.0408
vt 0.1701 0.0423
vt 0.1701 0.0626
vt 0.1590 0.0438
vt 0.1589 0.0652
vt 0.1705 0.0173
vt 0.1594 0.0173
vt 0.1816 0.0173
vt 0.2056 0.0548
vt 0.2062 0.0378
vt 0.1936 0.0393
vt 0.1933 0.0574
vt 0.1940 0.0173
vt 0.2065 0.0173
vt 0.2319 0.0499
vt 0.2336 0.0350
vt 0.2195 0.0363
vt 0.2184 0.0522
vt 0.2206 0.0173
vt 0.2346 0.0173
vt 0.2586 0.0475
vt 0.2629 0.0336
vt 0.2487 0.0340
vt 0.2458 0.0482
vt 0.2521 0.0173
vt 0.2697 0.0173
vt 0.2280 0.1391
vt 0.2374 0.1346
vt 0.2306 0.1504
vt 0.2397 0.1455
vt 0.2183 0.1439
vt 0.2213 0.1555
vt 0.1154 0.1574
vt 0.0663 0.1599
vt 0.0687 0.1757
vt 0.1195 0.1724
vt 0.0712 0.1920
vt 0.1238 0.1880
vt 0.0037 0.1791
vt 0.0037 0.1960
vt 0.0037 0.1622
vt 0.2465 0.1303
vt 0.2551 0.1263
vt 0.2485 0.1407
vt 0.2569 0.1362
vt 0.1957 0.1407
vt 0.1857 0.1441
vt 0.1894 0.1570
vt 0.1991 0.1530
vt 0.1934 0.1698
vt 0.2027 0.1655
vt 0.1796 0.1605
vt 0.1840 0.1738
vt 0.1755 0.1472
vt 0.2693 0.1110
vt 0.2619 0.1137
vt 0.2630 0.1226
vt 0.2703 0.1191
vt 0.2647 0.1318
vt 0.2720 0.1277
vt 0.2056 0.1367
vt 0.2087 0.1486
vt 0.2120 0.1606
vt 0.2782 0.1456
vt 0.2708 0.1503
vt 0.2748 0.1576
vt 0.2821 0.1523
vt 0.2794 0.1636
vt 0.2864 0.1576
vt 0.2671 0.1632
vt 0.2720 0.1700
vt 0.2629 0.1553
vt 0.2289 0.1782
vt 0.2202 0.1841
vt 0.2259 0.1947
vt 0.2343 0.1883
vt 0.2176 0.2008
vt 0.2115 0.1897
vt 0.2463 0.1665
vt 0.2377 0.1723
vt 0.2427 0.1819
vt 0.2510 0.1755
vt 0.2490 0.1906
vt 0.2567 0.1836
vt 0.1347 0.2203
vt 0.0776 0.2259
vt 0.0819 0.2430
vt 0.1421 0.2363
vt 0.0870 0.2597
vt 0.1509 0.2519
vt 0.0037 0.2498
vt 0.0037 0.2679
vt 0.0037 0.2317
vt 0.2547 0.1607
vt 0.2591 0.1692
vt 0.2644 0.1767
vt 0.2031 0.1949
vt 0.2095 0.2067
vt 0.2174 0.2181
vt 0.2014 0.2124
vt 0.2098 0.2245
vt 0.1945 0.1999
vt 0.2445 0.2322
vt 0.2380 0.2404
vt 0.2510 0.2508
vt 0.2568 0.2418
vt 0.2455 0.2594
vt 0.2315 0.2483
vt 0.2954 0.1663
vt 0.2898 0.1738
vt 0.2959 0.1781
vt 0.3005 0.1701
vt 0.2909 0.1865
vt 0.2837 0.1816
vt 0.2629 0.2323
vt 0.2692 0.2226
vt 0.2716 0.1979
vt 0.2652 0.2062
vt 0.2751 0.2132
vt 0.2805 0.2041
vt 0.1727 0.2814
vt 0.0998 0.2917
vt 0.1082 0.3066
vt 0.1871 0.2955
vt 0.0037 0.3188
vt 0.0037 0.3032
vt 0.2777 0.1897
vt 0.2858 0.1952
vt 0.4588 0.2920
vt 0.4398 0.3034
vt 0.4474 0.3209
vt 0.4674 0.3143
vt 0.4559 0.3420
vt 0.4783 0.3420
vt 0.4228 0.3268
vt 0.4336 0.3420
vt 0.4162 0.3133
vt 0.4108 0.2426
vt 0.3983 0.2495
vt 0.4048 0.2581
vt 0.4183 0.2501
vt 0.4116 0.2666
vt 0.4262 0.2574
vt 0.4558 0.0239
vt 0.4423 0.1075
vt 0.4503 0.1098
vt 0.4630 0.0239
vt 0.4584 0.1118
vt 0.4702 0.0239
vt 0.4401 0.1745
vt 0.4489 0.1780
vt 0.4315 0.1704
vt 0.4152 0.1609
vt 0.4272 0.1021
vt 0.4204 0.0991
vt 0.4079 0.1555
vt 0.4142 0.0958
vt 0.4014 0.1499
vt 0.4359 0.0239
vt 0.4299 0.0239
vt 0.4419 0.0239
vt 0.4231 0.1659
vt 0.4346 0.1049
vt 0.4489 0.0239
vt 0.4051 0.2934
vt 0.3993 0.2842
vt 0.3757 0.2912
vt 0.3797 0.3013
vt 0.3500 0.2950
vt 0.3519 0.3057
vt 0.2028 0.1250
vt 0.1925 0.1285
vt 0.2003 0.1138
vt 0.1897 0.1169
vt 0.1822 0.1315
vt 0.1716 0.1341
vt 0.1791 0.1195
vt 0.1682 0.1218
vt 0.4577 0.1811
vt 0.4665 0.1135
vt 0.4773 0.0239
vt 0.4747 0.1150
vt 0.4844 0.0239
vt 0.4666 0.1839
vt 0.4041 0.1942
vt 0.4122 0.2007
vt 0.4164 0.1933
vt 0.4082 0.1873
vt 0.4250 0.1989
vt 0.4209 0.2067
vt 0.4008 0.1809
vt 0.3966 0.1874
vt 0.3941 0.1740
vt 0.3900 0.1803
vt 0.1610 0.1366
vt 0.1652 0.1500
vt 0.1503 0.1389
vt 0.1548 0.1526
vt 0.3706 0.1921
vt 0.3639 0.1946
vt 0.3684 0.2037
vt 0.3759 0.2008
vt 0.3735 0.2130
vt 0.3819 0.2095
vt 0.3793 0.2224
vt 0.3887 0.2182
vt 0.3856 0.2317
vt 0.3959 0.2267
vt 0.4299 0.2121
vt 0.4340 0.2038
vt 0.4430 0.2083
vt 0.4390 0.2171
vt 0.1373 0.1409
vt 0.1419 0.1550
vt 0.1114 0.1428
vt 0.1154 0.1574
vt 0.2772 0.0504
vt 0.2835 0.0353
vt 0.2742 0.0341
vt 0.2689 0.0483
vt 0.2807 0.0173
vt 0.2918 0.0173
vt 0.2899 0.0934
vt 0.2770 0.1070
vt 0.2779 0.1142
vt 0.2908 0.0990
vt 0.2797 0.1220
vt 0.2925 0.1053
vt 0.2982 0.1191
vt 0.2858 0.1388
vt 0.2896 0.1448
vt 0.3016 0.1239
vt 0.2935 0.1494
vt 0.3051 0.1275
vt 0.3116 0.1334
vt 0.3012 0.1570
vt 0.3055 0.1601
vt 0.3152 0.1358
vt 0.3965 0.2136
vt 0.3891 0.2056
vt 0.4029 0.2091
vt 0.3950 0.2017
vt 0.4045 0.2213
vt 0.4113 0.2161
vt 0.3824 0.1976
vt 0.3765 0.1894
vt 0.3879 0.1942
vt 0.3817 0.1865
vt 0.0620 0.1304
vt 0.0640 0.1446
vt 0.0037 0.1462
vt 0.0037 0.1303
vt 0.4033 0.2348
vt 0.4126 0.2286
vt 0.4199 0.2226
vt 0.4208 0.2354
vt 0.4286 0.2287
vt 0.4108 0.2426
vt 0.4927 0.2393
vt 0.5014 0.2449
vt 0.5028 0.2272
vt 0.4951 0.2257
vt 0.5050 0.1919
vt 0.4983 0.1912
vt 0.5107 0.2278
vt 0.5118 0.1921
vt 0.5106 0.2480
vt 0.3905 0.3314
vt 0.3984 0.3420
vt 0.3385 0.3342
vt 0.3633 0.3420
vt 0.3867 0.3210
vt 0.3483 0.3257
vt 0.2678 0.0802
vt 0.2686 0.0872
vt 0.2707 0.0916
vt 0.2656 0.0893
vt 0.2727 0.0960
vt 0.2634 0.0984
vt 0.2757 0.0939
vt 0.2820 0.0935
vt 0.2694 0.0942
vt 0.4430 0.2715
vt 0.4561 0.2594
vt 0.4470 0.2538
vt 0.4346 0.2645
vt 0.4378 0.2480
vt 0.4262 0.2574
vt 0.4562 0.2440
vt 0.4466 0.2393
vt 0.4657 0.2484
vt 0.5088 0.1193
vt 0.5030 0.1190
vt 0.5134 0.0239
vt 0.5088 0.0239
vt 0.5145 0.1194
vt 0.5180 0.0239
vt 0.1466 0.1694
vt 0.1594 0.1666
vt 0.1516 0.1843
vt 0.1643 0.1808
vt 0.4291 0.2419
vt 0.4374 0.2342
vt 0.2180 0.2641
vt 0.2070 0.2723
vt 0.2233 0.2857
vt 0.2337 0.2767
vt 0.3919 0.2407
vt 0.4837 0.2664
vt 0.4735 0.2798
vt 0.4833 0.3064
vt 0.4945 0.2929
vt 0.4944 0.3420
vt 0.5105 0.3420
vt 0.1762 0.2098
vt 0.1639 0.2149
vt 0.1722 0.2300
vt 0.1842 0.2240
vt 0.1821 0.2446
vt 0.1938 0.2378
vt 0.4430 0.2715
vt 0.4262 0.2832
vt 0.4330 0.2916
vt 0.4509 0.2791
vt 0.4106 0.3026
vt 0.4051 0.2934
vt 0.4390 0.2171
vt 0.4345 0.2226
vt 0.4435 0.2275
vt 0.4481 0.2215
vt 0.4528 0.2319
vt 0.4574 0.2255
vt 0.3141 0.0702
vt 0.3128 0.0667
vt 0.3121 0.0636
vt 0.3403 0.0241
vt 0.3399 0.0243
vt 0.3407 0.0239
vt 0.3453 0.0239
vt 0.3192 0.0780
vt 0.3220 0.0806
vt 0.3474 0.0239
vt 0.3249 0.0826
vt 0.3496 0.0239
vt 0.2843 0.1690
vt 0.2908 0.1622
vt 0.2775 0.1761
vt 0.5039 0.0239
vt 0.4970 0.1184
vt 0.4914 0.1901
vt 0.4905 0.1175
vt 0.4840 0.1884
vt 0.4989 0.0239
vt 0.4917 0.0239
vt 0.4828 0.1163
vt 0.4755 0.1863
vt 0.3834 0.3111
vt 0.3529 0.3161
vt 0.4647 0.2659
vt 0.4746 0.2537
vt 0.1696 0.1636
vt 0.1743 0.1774
vt 0.2249 0.2561
vt 0.2397 0.2680
vt 0.1855 0.2048
vt 0.1930 0.2181
vt 0.2019 0.2311
vt 0.4189 0.2750
vt 0.4927 0.2393
vt 0.4845 0.2352
vt 0.4807 0.2436
vt 0.4896 0.2522
vt 0.4720 0.2395
vt 0.4762 0.2322
vt 0.4669 0.2290
vt 0.4625 0.2359
vt 0.1035 0.1078
vt 0.1023 0.1002
vt 0.0588 0.1009
vt 0.0595 0.1084
vt 0.0037 0.1013
vt 0.0037 0.1073
vt 0.0583 0.0941
vt 0.0037 0.0953
vt 0.1014 0.0934
vt 0.1369 0.0695
vt 0.1243 0.0708
vt 0.1247 0.0846
vt 0.1374 0.0830
vt 0.1255 0.0923
vt 0.1383 0.0907
vt 0.1007 0.0855
vt 0.1014 0.0934
vt 0.1004 0.0714
vt 0.1589 0.0652
vt 0.1479 0.0676
vt 0.1484 0.0808
vt 0.1596 0.0780
vt 0.1495 0.0885
vt 0.1607 0.0859
vt 0.1855 0.0967
vt 0.1841 0.0881
vt 0.1731 0.0908
vt 0.1746 0.0993
vt 0.1619 0.0933
vt 0.1634 0.1015
vt 0.1718 0.0832
vt 0.1607 0.0859
vt 0.1829 0.0803
vt 0.2076 0.0907
vt 0.2064 0.0821
vt 0.1951 0.0852
vt 0.1965 0.0938
vt 0.1941 0.0772
vt 0.2056 0.0741
vt 0.2306 0.0848
vt 0.2303 0.0763
vt 0.2182 0.0790
vt 0.2190 0.0876
vt 0.2178 0.0711
vt 0.2303 0.0683
vt 0.2524 0.0808
vt 0.2530 0.0728
vt 0.2422 0.0741
vt 0.2421 0.0824
vt 0.2428 0.0662
vt 0.2540 0.0652
vt 0.2678 0.0802
vt 0.2667 0.0756
vt 0.2615 0.0729
vt 0.2609 0.0803
vt 0.2629 0.0657
vt 0.2688 0.0686
vt 0.2772 0.0504
vt 0.2723 0.0609
vt 0.2783 0.0644
vt 0.2848 0.0527
vt 0.2890 0.0613
vt 0.2958 0.0501
vt 0.2728 0.0730
vt 0.2829 0.0696
vt 0.2688 0.0686
vt 0.1820 0.0721
vt 0.1707 0.0751
vt 0.0579 0.0860
vt 0.0037 0.0870
vt 0.2558 0.0574
vt 0.2439 0.0583
vt 0.2308 0.0603
vt 0.2653 0.0582
vt 0.1375 0.0173
vt 0.1271 0.0173
vt 0.1249 0.0470
vt 0.1371 0.0464
vt 0.2054 0.0660
vt 0.1935 0.0691
vt 0.2178 0.0630
vt 0.1484 0.0173
vt 0.1479 0.0452
vt 0.2915 0.0364
vt 0.2981 0.0173
vt 0.3014 0.0348
vt 0.3045 0.0173
vt 0.2268 0.2294
vt 0.2197 0.2365
vt 0.2565 0.1987
vt 0.2636 0.1910
vt 0.0929 0.2759
vt 0.1609 0.2669
vt 0.0037 0.2855
vt 0.2706 0.1835
vt 0.2973 0.1534
vt 0.3083 0.1306
vt 0.1935 0.2587
vt 0.2049 0.2511
vt 0.2124 0.2437
vt 0.3564 0.0239
vt 0.3333 0.0871
vt 0.3303 0.0859
vt 0.3540 0.0239
vt 0.3276 0.0843
vt 0.3518 0.0239
vt 0.2694 0.0942
vt 0.2610 0.0963
vt 0.2613 0.1049
vt 0.2689 0.1029
vt 0.2765 0.1000
vt 0.2889 0.0887
vt 0.3882 0.1668
vt 0.3842 0.1727
vt 0.3831 0.1593
vt 0.3791 0.1649
vt 0.3957 0.1439
vt 0.3906 0.1375
vt 0.3716 0.1705
vt 0.3672 0.1730
vt 0.3715 0.1812
vt 0.3762 0.1785
vt 0.3661 0.1836
vt 0.3624 0.1752
vt 0.3602 0.1857
vt 0.3536 0.1875
vt 0.3570 0.1772
vt 0.3513 0.1787
vt 0.3552 0.1665
vt 0.3501 0.1678
vt 0.3583 0.1408
vt 0.3539 0.1418
vt 0.3599 0.1647
vt 0.3625 0.1393
vt 0.3793 0.1494
vt 0.3755 0.1547
vt 0.3799 0.1263
vt 0.3765 0.1308
vt 0.3867 0.1291
vt 0.3865 0.1097
vt 0.3702 0.1355
vt 0.3665 0.1375
vt 0.3644 0.1625
vt 0.3685 0.1601
vt 0.3693 0.0899
vt 0.3656 0.0905
vt 0.3851 0.0239
vt 0.3823 0.0239
vt 0.3728 0.0891
vt 0.3879 0.0239
vt 0.3875 0.0816
vt 0.3847 0.0842
vt 0.3991 0.0239
vt 0.3974 0.0239
vt 0.3921 0.0722
vt 0.4008 0.0239
vt 0.3933 0.0239
vt 0.3906 0.0239
vt 0.3762 0.0881
vt 0.3794 0.0869
vt 0.3094 0.0456
vt 0.3132 0.0383
vt 0.3357 0.0222
vt 0.3348 0.0215
vt 0.3058 0.0509
vt 0.3365 0.0228
vt 0.3057 0.0598
vt 0.3027 0.0593
vt 0.3386 0.0237
vt 0.3380 0.0235
vt 0.3094 0.0597
vt 0.3392 0.0239
vt 0.3328 0.0189
vt 0.3158 0.0283
vt 0.3176 0.0169
vt 0.3307 0.0164
vt 0.3396 0.0241
vt 0.3115 0.0609
vt 0.4073 0.0239
vt 0.4041 0.0239
vt 0.4003 0.0514
vt 0.4104 0.0239
vt 0.3985 0.0728
vt 0.4136 0.0239
vt 0.4041 0.0888
vt 0.4001 0.0839
vt 0.4172 0.0239
vt 0.4209 0.0239
vt 0.3792 0.0239
vt 0.3617 0.0908
vt 0.3491 0.1425
vt 0.3573 0.0909
vt 0.3438 0.1426
vt 0.3760 0.0239
vt 0.3463 0.1887
vt 0.3382 0.1892
vt 0.3450 0.1796
vt 0.3378 0.1799
vt 0.3446 0.1686
vt 0.3384 0.1687
vt 0.4088 0.0924
vt 0.4254 0.0239
vt 0.1265 0.0991
vt 0.1394 0.0976
vt 0.1506 0.0956
vt 0.4080 0.2048
vt 0.3999 0.1979
vt 0.4166 0.2112
vt 0.3926 0.1909
vt 0.3861 0.1835
vt 0.4255 0.2172
vt 0.4995 0.2678
vt 0.5105 0.2788
vt 0.2691 0.0808
vt 0.2780 0.0778
vt 0.4521 0.2122
vt 0.4613 0.2157
vt 0.4876 0.2238
vt 0.4796 0.2215
vt 0.4707 0.2188
vt 0.0605 0.1183
vt 0.0037 0.1188
vt 0.1874 0.1063
vt 0.1765 0.1088
vt 0.2091 0.1001
vt 0.1982 0.1033
vt 0.2312 0.0937
vt 0.2201 0.0968
vt 0.2522 0.0893
vt 0.2421 0.0912
vt 0.2608 0.0881
vt 0.3804 0.1757
vt 0.3756 0.1678
vt 0.3721 0.1575
vt 0.3735 0.1332
vt 0.3822 0.0856
vt 0.3954 0.0239
vt 0.3035 0.0554
vt 0.3373 0.0232
vt 0.3430 0.0239
vt 0.3164 0.0742
vt 0.2950 0.1125
vt 0.2747 0.1370
vt 0.2824 0.1307
vt 0.2673 0.1414
vt 0.2595 0.1461
vt 0.2512 0.1511
vt 0.2426 0.1563
vt 0.3376 0.1421
vt 0.3520 0.0906
vt 0.3714 0.0239
vt 0.3297 0.1793
vt 0.3312 0.1682
vt 0.3283 0.1984
vt 0.3290 0.1886
vt 0.3272 0.2188
vt 0.3277 0.2084
vt 0.3265 0.2407
vt 0.3269 0.2296
vt 0.3251 0.2628
vt 0.3259 0.2518
vt 0.3243 0.2842
vt 0.3247 0.2735
vt 0.3239 0.3061
vt 0.3241 0.2951
vt 0.3006 0.3266
vt 0.3209 0.3169
vt 0.1835 0.3420
vt 0.2512 0.3348
vt 0.2337 0.1617
vt 0.2247 0.1672
vt 0.2157 0.1726
vt 0.2067 0.1778
vt 0.1978 0.1826
vt 0.1888 0.1870
vt 0.1697 0.1953
vt 0.1794 0.1912
vt 0.1572 0.1995
vt 0.1287 0.2040
vt 0.0741 0.2088
vt 0.0037 0.2139
vt 0.6756 0.2635
vt 0.6559 0.2608
vt 0.6525 0.2712
vt 0.6742 0.2742
vt 0.6478 0.2814
vt 0.6722 0.2849
vt 0.6328 0.2656
vt 0.6270 0.2748
vt 0.6379 0.2561
vt 0.7592 0.2699
vt 0.7405 0.2771
vt 0.7439 0.2872
vt 0.7639 0.2793
vt 0.7476 0.2975
vt 0.7688 0.2888
vt 0.7215 0.2927
vt 0.7235 0.3036
vt 0.7195 0.2820
vt 0.7534 0.3080
vt 0.7772 0.2987
vt 0.7721 0.3188
vt 0.8065 0.3096
vt 0.7263 0.3144
vt 0.7333 0.3246
vt 0.7398 0.2302
vt 0.7259 0.2355
vt 0.7299 0.2463
vt 0.7450 0.2406
vt 0.7338 0.2570
vt 0.7501 0.2509
vt 0.7131 0.2503
vt 0.7155 0.2611
vt 0.7107 0.2392
vt 0.7149 0.1740
vt 0.7079 0.1766
vt 0.7105 0.1855
vt 0.7185 0.1825
vt 0.7133 0.1949
vt 0.7223 0.1915
vt 0.7017 0.1878
vt 0.7034 0.1974
vt 0.7001 0.1787
vt 0.7372 0.2671
vt 0.7548 0.2605
vt 0.7176 0.2716
vt 0.7162 0.2045
vt 0.7263 0.2007
vt 0.7193 0.2144
vt 0.7306 0.2102
vt 0.7052 0.2073
vt 0.7070 0.2175
vt 0.6574 0.2166
vt 0.6686 0.2188
vt 0.6711 0.2087
vt 0.6614 0.2068
vt 0.6732 0.1988
vt 0.6648 0.1972
vt 0.6819 0.2096
vt 0.6826 0.1995
vt 0.6809 0.2199
vt 0.7692 0.0990
vt 0.7687 0.1082
vt 0.7780 0.1110
vt 0.7790 0.1014
vt 0.7879 0.1143
vt 0.7894 0.1042
vt 0.7766 0.1209
vt 0.7860 0.1248
vt 0.7677 0.1175
vt 0.6781 0.2416
vt 0.6623 0.2398
vt 0.6591 0.2504
vt 0.6769 0.2526
vt 0.6429 0.2464
vt 0.6479 0.2365
vt 0.6656 0.2293
vt 0.6795 0.2306
vt 0.6528 0.2265
vt 0.7959 0.1290
vt 0.7981 0.1181
vt 0.8000 0.1076
vt 0.8084 0.1221
vt 0.8106 0.1112
vt 0.8059 0.1334
vt 0.7044 0.1384
vt 0.6990 0.1402
vt 0.7050 0.1658
vt 0.7111 0.1635
vt 0.6979 0.1676
vt 0.6928 0.1416
vt 0.6773 0.0239
vt 0.6734 0.0239
vt 0.6877 0.0896
vt 0.6923 0.0886
vt 0.6826 0.0904
vt 0.6695 0.0239
vt 0.8125 0.3301
vt 0.8742 0.3227
vt 0.8668 0.3420
vt 0.9994 0.3420
vt 0.7447 0.3337
vt 0.7343 0.3420
vt 0.7225 0.2248
vt 0.7350 0.2201
vt 0.7087 0.2282
vt 0.7802 0.1985
vt 0.7721 0.2073
vt 0.7797 0.2152
vt 0.7882 0.2056
vt 0.7872 0.2229
vt 0.7962 0.2125
vt 0.7697 0.2245
vt 0.7766 0.2331
vt 0.7627 0.2157
vt 0.9190 0.0724
vt 0.9548 0.0730
vt 0.9555 0.0480
vt 0.9198 0.0479
vt 0.9555 0.0173
vt 0.9117 0.0173
vt 0.9994 0.0485
vt 0.9994 0.0173
vt 0.9994 0.0797
vt 0.8807 0.1067
vt 0.8784 0.1162
vt 0.8910 0.1177
vt 0.8932 0.1081
vt 0.9131 0.1188
vt 0.9150 0.1091
vt 0.8878 0.1291
vt 0.9104 0.1306
vt 0.8752 0.1274
vt 0.8581 0.1027
vt 0.8560 0.1121
vt 0.8672 0.1143
vt 0.8694 0.1049
vt 0.8642 0.1253
vt 0.8533 0.1229
vt 0.8414 0.0609
vt 0.8528 0.0635
vt 0.8552 0.0428
vt 0.8438 0.0413
vt 0.8581 0.0173
vt 0.8470 0.0173
vt 0.8663 0.0444
vt 0.8692 0.0173
vt 0.8639 0.0661
vt 0.8173 0.0548
vt 0.8296 0.0581
vt 0.8317 0.0397
vt 0.8192 0.0377
vt 0.8346 0.0173
vt 0.8221 0.0173
vt 0.7913 0.0472
vt 0.8046 0.0506
vt 0.8060 0.0351
vt 0.7920 0.0331
vt 0.8081 0.0173
vt 0.7940 0.0173
vt 0.7639 0.0475
vt 0.7772 0.0464
vt 0.7768 0.0327
vt 0.7622 0.0335
vt 0.7765 0.0173
vt 0.7590 0.0173
vt 0.7840 0.1355
vt 0.7935 0.1401
vt 0.8031 0.1449
vt 0.7908 0.1514
vt 0.8001 0.1565
vt 0.7817 0.1464
vt 0.9029 0.1587
vt 0.8988 0.1737
vt 0.9432 0.1770
vt 0.9455 0.1612
vt 0.9994 0.1804
vt 0.9994 0.1635
vt 0.9406 0.1933
vt 0.9994 0.1973
vt 0.8944 0.1892
vt 0.7664 0.1272
vt 0.7749 0.1312
vt 0.7729 0.1416
vt 0.7646 0.1370
vt 0.8258 0.1417
vt 0.8223 0.1541
vt 0.8320 0.1581
vt 0.8358 0.1452
vt 0.8418 0.1616
vt 0.8459 0.1483
vt 0.8279 0.1709
vt 0.8373 0.1749
vt 0.8187 0.1665
vt 0.7522 0.1118
vt 0.7512 0.1199
vt 0.7585 0.1234
vt 0.7596 0.1145
vt 0.7567 0.1326
vt 0.7495 0.1285
vt 0.8127 0.1496
vt 0.8158 0.1377
vt 0.8094 0.1616
vt 0.7432 0.1464
vt 0.7393 0.1531
vt 0.7465 0.1584
vt 0.7506 0.1512
vt 0.7543 0.1640
vt 0.7585 0.1562
vt 0.7420 0.1644
vt 0.7494 0.1708
vt 0.7350 0.1583
vt 0.7924 0.1792
vt 0.7869 0.1892
vt 0.7954 0.1956
vt 0.8011 0.1851
vt 0.8037 0.2018
vt 0.8097 0.1907
vt 0.7751 0.1674
vt 0.7704 0.1764
vt 0.7786 0.1828
vt 0.7837 0.1733
vt 0.7723 0.1915
vt 0.7645 0.1845
vt 0.8835 0.2215
vt 0.8760 0.2375
vt 0.9298 0.2442
vt 0.9342 0.2272
vt 0.9994 0.2511
vt 0.9994 0.2330
vt 0.9247 0.2609
vt 0.9994 0.2691
vt 0.8672 0.2531
vt 0.7623 0.1701
vt 0.7667 0.1616
vt 0.7569 0.1775
vt 0.8117 0.2077
vt 0.8182 0.1960
vt 0.8198 0.2135
vt 0.8267 0.2010
vt 0.8038 0.2191
vt 0.8114 0.2256
vt 0.7766 0.2331
vt 0.7643 0.2427
vt 0.7700 0.2517
vt 0.7831 0.2413
vt 0.7755 0.2603
vt 0.7895 0.2492
vt 0.7259 0.1671
vt 0.7208 0.1708
vt 0.7254 0.1788
vt 0.7316 0.1746
vt 0.7304 0.1873
vt 0.7376 0.1824
vt 0.7520 0.2235
vt 0.7582 0.2332
vt 0.7497 0.1987
vt 0.7407 0.2049
vt 0.7461 0.2140
vt 0.7560 0.2071
vt 0.8453 0.2826
vt 0.8299 0.2970
vt 0.9015 0.3093
vt 0.9119 0.2932
vt 0.9994 0.3232
vt 0.9994 0.3043
vt 0.7355 0.1960
vt 0.7436 0.1905
vt 0.5618 0.2926
vt 0.5534 0.3144
vt 0.5734 0.3211
vt 0.5807 0.3039
vt 0.5979 0.3270
vt 0.6040 0.3136
vt 0.5649 0.3420
vt 0.5872 0.3420
vt 0.5426 0.3420
vt 0.6103 0.2429
vt 0.6028 0.2503
vt 0.6163 0.2584
vt 0.6227 0.2499
vt 0.6096 0.2665
vt 0.5952 0.2573
vt 0.5803 0.0239
vt 0.5731 0.0239
vt 0.5786 0.1099
vt 0.5866 0.1077
vt 0.5836 0.1747
vt 0.5922 0.1707
vt 0.5705 0.1119
vt 0.5748 0.1782
vt 0.5659 0.0239
vt 0.6085 0.1612
vt 0.6158 0.1558
vt 0.6087 0.0992
vt 0.6018 0.1023
vt 0.6002 0.0239
vt 0.5942 0.0239
vt 0.6149 0.0960
vt 0.6063 0.0239
vt 0.6224 0.1502
vt 0.5944 0.1051
vt 0.6006 0.1661
vt 0.5873 0.0239
vt 0.5467 0.2314
vt 0.5511 0.2386
vt 0.5600 0.2355
vt 0.5556 0.2287
vt 0.5688 0.2319
vt 0.5643 0.2255
vt 0.5662 0.2434
vt 0.5751 0.2393
vt 0.5556 0.2457
vt 0.8187 0.1260
vt 0.8212 0.1148
vt 0.8289 0.1296
vt 0.8318 0.1180
vt 0.8393 0.1326
vt 0.8424 0.1206
vt 0.8498 0.1352
vt 0.8533 0.1229
vt 0.5625 0.1136
vt 0.5660 0.1813
vt 0.5547 0.1150
vt 0.5575 0.1839
vt 0.5588 0.0239
vt 0.5516 0.0239
vt 0.6172 0.1946
vt 0.6134 0.1876
vt 0.6052 0.1936
vt 0.6090 0.2010
vt 0.5965 0.1991
vt 0.6003 0.2070
vt 0.6247 0.1878
vt 0.6208 0.1812
vt 0.6275 0.1744
vt 0.6313 0.1807
vt 0.8604 0.1378
vt 0.8712 0.1402
vt 0.8562 0.1512
vt 0.8666 0.1538
vt 0.6506 0.1926
vt 0.6454 0.2012
vt 0.6529 0.2042
vt 0.6573 0.1951
vt 0.6477 0.2135
vt 0.6393 0.2099
vt 0.6325 0.2186
vt 0.6418 0.2228
vt 0.6356 0.2321
vt 0.6252 0.2271
vt 0.5875 0.2041
vt 0.5913 0.2124
vt 0.5785 0.2085
vt 0.5822 0.2173
vt 0.8837 0.1422
vt 0.9069 0.1441
vt 0.8791 0.1563
vt 0.9029 0.1587
vt 0.7433 0.0513
vt 0.7525 0.0492
vt 0.7503 0.0346
vt 0.7407 0.0359
vt 0.7479 0.0173
vt 0.7368 0.0173
vt 0.7344 0.0940
vt 0.7333 0.0997
vt 0.7439 0.1149
vt 0.7449 0.1078
vt 0.7421 0.1227
vt 0.7315 0.1059
vt 0.7257 0.1198
vt 0.7223 0.1246
vt 0.7321 0.1456
vt 0.7359 0.1396
vt 0.7283 0.1501
vt 0.7188 0.1281
vt 0.7122 0.1340
vt 0.7087 0.1364
vt 0.7162 0.1608
vt 0.7205 0.1577
vt 0.6322 0.2060
vt 0.6247 0.2140
vt 0.6167 0.2217
vt 0.6183 0.2094
vt 0.6099 0.2164
vt 0.6262 0.2021
vt 0.6389 0.1980
vt 0.6333 0.1947
vt 0.6448 0.1899
vt 0.6396 0.1870
vt 0.9478 0.1459
vt 0.9499 0.1318
vt 0.9994 0.1476
vt 0.9994 0.1316
vt 0.6085 0.2289
vt 0.6178 0.2352
vt 0.6003 0.2358
vt 0.6103 0.2429
vt 0.6012 0.2229
vt 0.5925 0.2289
vt 0.5280 0.2395
vt 0.5259 0.2259
vt 0.5186 0.2272
vt 0.5196 0.2450
vt 0.5186 0.1919
vt 0.5250 0.1914
vt 0.6223 0.3420
vt 0.6280 0.3315
vt 0.6320 0.3208
vt 0.6616 0.3344
vt 0.6642 0.3259
vt 0.6574 0.3420
vt 0.7513 0.0814
vt 0.7439 0.0808
vt 0.7448 0.0870
vt 0.7522 0.0885
vt 0.7453 0.0936
vt 0.7526 0.0959
vt 0.7357 0.0775
vt 0.7357 0.0828
vt 0.7352 0.0724
vt 0.5618 0.2926
vt 0.5685 0.2805
vt 0.5547 0.2670
vt 0.5471 0.2802
vt 0.5447 0.2544
vt 0.5368 0.2667
vt 0.5609 0.2613
vt 0.5494 0.2482
vt 0.5725 0.2745
vt 0.5256 0.1191
vt 0.5201 0.1193
vt 0.5226 0.0239
vt 0.5272 0.0239
vt 0.8619 0.1678
vt 0.8744 0.1707
vt 0.8693 0.1855
vt 0.8570 0.1820
vt 0.5920 0.2421
vt 0.5838 0.2480
vt 0.5837 0.2344
vt 0.5751 0.2393
vt 0.8030 0.2651
vt 0.7872 0.2776
vt 0.7972 0.2867
vt 0.8136 0.2734
vt 0.6292 0.2411
vt 0.5265 0.2930
vt 0.5376 0.3065
vt 0.5266 0.3420
vt 0.8450 0.2109
vt 0.8369 0.2251
vt 0.8485 0.2312
vt 0.8569 0.2161
vt 0.8386 0.2458
vt 0.8273 0.2388
vt 0.6323 0.3090
vt 0.6076 0.3034
vt 0.6104 0.2986
vt 0.6139 0.2978
vt 0.6174 0.2970
vt 0.6398 0.3018
vt 0.6682 0.3061
vt 0.6659 0.3161
vt 0.5822 0.2173
vt 0.5731 0.2217
vt 0.5777 0.2277
vt 0.5866 0.2228
vt 0.7167 0.0670
vt 0.7151 0.0705
vt 0.6964 0.0239
vt 0.6956 0.0239
vt 0.7180 0.0638
vt 0.6972 0.0239
vt 0.6910 0.0239
vt 0.6888 0.0239
vt 0.7071 0.0810
vt 0.7100 0.0783
vt 0.7043 0.0829
vt 0.6866 0.0239
vt 0.7306 0.1629
vt 0.7370 0.1698
vt 0.7438 0.1769
vt 0.5410 0.2182
vt 0.5438 0.2248
vt 0.5522 0.2192
vt 0.5494 0.1886
vt 0.5606 0.2157
vt 0.5575 0.1839
vt 0.5306 0.1192
vt 0.5312 0.0239
vt 0.5354 0.1218
vt 0.5353 0.0239
vt 0.5308 0.1930
vt 0.5356 0.2196
vt 0.6391 0.2921
vt 0.6151 0.2946
vt 0.6128 0.2923
vt 0.6198 0.2834
vt 0.6696 0.2956
vt 0.5865 0.2932
vt 0.5914 0.2865
vt 0.8517 0.1648
vt 0.8470 0.1785
vt 0.7813 0.2689
vt 0.7961 0.2571
vt 0.8282 0.2192
vt 0.8357 0.2060
vt 0.8192 0.2321
vt 0.5777 0.2701
vt 0.5874 0.2637
vt 0.5754 0.2532
vt 0.5667 0.2579
vt 0.5280 0.2395
vt 0.5310 0.2524
vt 0.5387 0.2442
vt 0.5350 0.2357
vt 0.5452 0.2407
vt 0.5409 0.2333
vt 0.9150 0.1091
vt 0.9525 0.1098
vt 0.9532 0.1022
vt 0.9162 0.1015
vt 0.9537 0.0955
vt 0.9171 0.0947
vt 0.9994 0.1027
vt 0.9994 0.0967
vt 0.9994 0.1087
vt 0.8859 0.0705
vt 0.8844 0.0842
vt 0.8967 0.0858
vt 0.8981 0.0718
vt 0.9179 0.0867
vt 0.9190 0.0724
vt 0.8957 0.0936
vt 0.9171 0.0947
vt 0.8833 0.0920
vt 0.8639 0.0661
vt 0.8622 0.0792
vt 0.8733 0.0819
vt 0.8749 0.0686
vt 0.8722 0.0897
vt 0.8609 0.0871
vt 0.8361 0.0979
vt 0.8470 0.1004
vt 0.8486 0.0920
vt 0.8376 0.0893
vt 0.8498 0.0843
vt 0.8387 0.0814
vt 0.8597 0.0945
vt 0.8609 0.0871
vt 0.8581 0.1027
vt 0.8140 0.0917
vt 0.8251 0.0949
vt 0.8265 0.0862
vt 0.8152 0.0831
vt 0.8276 0.0783
vt 0.8161 0.0749
vt 0.7910 0.0857
vt 0.8026 0.0886
vt 0.8035 0.0800
vt 0.7914 0.0771
vt 0.8040 0.0714
vt 0.7915 0.0684
vt 0.7688 0.0817
vt 0.7795 0.0833
vt 0.7794 0.0749
vt 0.7682 0.0737
vt 0.7789 0.0665
vt 0.7671 0.0659
vt 0.7513 0.0814
vt 0.7594 0.0812
vt 0.7584 0.0737
vt 0.7500 0.0746
vt 0.7569 0.0666
vt 0.7482 0.0681
vt 0.7433 0.0513
vt 0.7358 0.0527
vt 0.7383 0.0625
vt 0.7459 0.0612
vt 0.7406 0.0688
vt 0.7482 0.0681
vt 0.7311 0.0576
vt 0.7328 0.0627
vt 0.7293 0.0491
vt 0.8511 0.0762
vt 0.8399 0.0732
vt 0.9542 0.0873
vt 0.9994 0.0882
vt 0.7781 0.0574
vt 0.7656 0.0578
vt 0.7913 0.0588
vt 0.7548 0.0592
vt 0.8911 0.0173
vt 0.8881 0.0469
vt 0.9000 0.0476
vt 0.9014 0.0173
vt 0.8284 0.0701
vt 0.8165 0.0664
vt 0.8042 0.0622
vt 0.8773 0.0458
vt 0.8801 0.0173
vt 0.7305 0.0173
vt 0.7333 0.0368
vt 0.7273 0.0349
vt 0.7241 0.0173
vt 0.7943 0.2303
vt 0.8014 0.2375
vt 0.7577 0.1919
vt 0.7647 0.1995
vt 0.8572 0.2680
vt 0.9188 0.2771
vt 0.9994 0.2867
vt 0.7507 0.1843
vt 0.7155 0.1312
vt 0.7244 0.1541
vt 0.8162 0.2521
vt 0.8271 0.2598
vt 0.8086 0.2448
vt 0.6958 0.0875
vt 0.6798 0.0239
vt 0.6988 0.0862
vt 0.6822 0.0239
vt 0.7015 0.0847
vt 0.6844 0.0239
vt 0.7526 0.0959
vt 0.7527 0.1038
vt 0.7602 0.1058
vt 0.7604 0.0972
vt 0.7352 0.0883
vt 0.7453 0.1006
vt 0.6372 0.1732
vt 0.6334 0.1673
vt 0.6282 0.1442
vt 0.6386 0.1597
vt 0.6332 0.1379
vt 0.6422 0.1654
vt 0.6497 0.1709
vt 0.6451 0.1790
vt 0.6498 0.1817
vt 0.6541 0.1735
vt 0.6552 0.1841
vt 0.6590 0.1758
vt 0.6677 0.1880
vt 0.6611 0.1863
vt 0.6643 0.1777
vt 0.6700 0.1793
vt 0.6716 0.1683
vt 0.6665 0.1670
vt 0.6617 0.1652
vt 0.6656 0.1412
vt 0.6614 0.1398
vt 0.6700 0.1423
vt 0.6462 0.1552
vt 0.6427 0.1498
vt 0.6374 0.1294
vt 0.6442 0.1267
vt 0.6394 0.1100
vt 0.6474 0.1312
vt 0.6537 0.1359
vt 0.6532 0.1606
vt 0.6573 0.1630
vt 0.6574 0.1380
vt 0.6635 0.0908
vt 0.6598 0.0902
vt 0.6563 0.0894
vt 0.6511 0.0239
vt 0.6484 0.0239
vt 0.6539 0.0239
vt 0.6444 0.0844
vt 0.6418 0.0818
vt 0.6382 0.0724
vt 0.6371 0.0239
vt 0.6354 0.0239
vt 0.6389 0.0239
vt 0.6429 0.0239
vt 0.6497 0.0871
vt 0.6529 0.0883
vt 0.6456 0.0239
vt 0.7228 0.0368
vt 0.7230 0.0419
vt 0.7233 0.0450
vt 0.7144 0.0199
vt 0.7126 0.0203
vt 0.7162 0.0196
vt 0.7235 0.0509
vt 0.7228 0.0541
vt 0.7215 0.0573
vt 0.7076 0.0223
vt 0.7050 0.0231
vt 0.7102 0.0214
vt 0.7226 0.0281
vt 0.7184 0.0185
vt 0.7223 0.0174
vt 0.7205 0.0174
vt 0.7198 0.0606
vt 0.7011 0.0235
vt 0.6290 0.0239
vt 0.6258 0.0239
vt 0.6326 0.0515
vt 0.6322 0.0239
vt 0.6318 0.0730
vt 0.6227 0.0239
vt 0.6291 0.0841
vt 0.6250 0.0890
vt 0.6190 0.0239
vt 0.6153 0.0239
vt 0.6674 0.0911
vt 0.6570 0.0239
vt 0.6718 0.0912
vt 0.6602 0.0239
vt 0.6747 0.1429
vt 0.6800 0.1431
vt 0.6749 0.1893
vt 0.6763 0.1802
vt 0.6831 0.1897
vt 0.6835 0.1805
vt 0.6833 0.1693
vt 0.6770 0.1691
vt 0.6108 0.0239
vt 0.6203 0.0926
vt 0.8822 0.0989
vt 0.8947 0.1004
vt 0.8710 0.0969
vt 0.6213 0.1983
vt 0.6132 0.2051
vt 0.6045 0.2115
vt 0.6287 0.1913
vt 0.6352 0.1839
vt 0.5956 0.2175
vt 0.5215 0.2678
vt 0.7425 0.0747
vt 0.7342 0.0675
vt 0.5694 0.2124
vt 0.6026 0.2740
vt 0.5953 0.2812
vt 0.5324 0.2249
vt 0.5382 0.2265
vt 0.9514 0.1197
vt 0.9994 0.1202
vt 0.8450 0.1099
vt 0.8342 0.1074
vt 0.8234 0.1044
vt 0.8125 0.1011
vt 0.8015 0.0978
vt 0.7904 0.0947
vt 0.7795 0.0921
vt 0.7692 0.0902
vt 0.7601 0.0890
vt 0.6409 0.1761
vt 0.6458 0.1682
vt 0.6495 0.1579
vt 0.6504 0.1336
vt 0.6469 0.0858
vt 0.6409 0.0239
vt 0.7235 0.0479
vt 0.7114 0.0209
vt 0.7128 0.0746
vt 0.6933 0.0239
vt 0.7289 0.1131
vt 0.7394 0.1315
vt 0.7467 0.1378
vt 0.7541 0.1422
vt 0.7620 0.1470
vt 0.7702 0.1519
vt 0.7788 0.1572
vt 0.6770 0.0909
vt 0.6862 0.1426
vt 0.6648 0.0239
vt 0.6904 0.1688
vt 0.6916 0.1800
vt 0.6923 0.1893
vt 0.6929 0.1990
vt 0.6935 0.2091
vt 0.6939 0.2194
vt 0.6942 0.2302
vt 0.6946 0.2413
vt 0.6952 0.2524
vt 0.6959 0.2634
vt 0.6963 0.2742
vt 0.6965 0.2849
vt 0.6966 0.2957
vt 0.6969 0.3067
vt 0.6970 0.3174
vt 0.6975 0.3272
vt 0.6979 0.3351
vt 0.6958 0.3420
vt 0.7876 0.1626
vt 0.7966 0.1681
vt 0.8056 0.1736
vt 0.8146 0.1788
vt 0.8235 0.1837
vt 0.8325 0.1881
vt 0.8418 0.1923
vt 0.8515 0.1965
vt 0.8637 0.2007
vt 0.8895 0.2052
vt 0.9377 0.2101
vt 0.9994 0.2152
vt 0.5394 0.0239
vt 0.5402 0.1211
vt 0.5473 0.1168
vt 0.5455 0.0239
vt 0.8249 0.3094
vt 0.8619 0.3094
vt 0.8619 0.2311
vt 0.8249 0.2311
vt 0.8619 0.1528
vt 0.8249 0.1528
vt 0.8989 0.2311
vt 0.8989 0.1528
vt 0.8989 0.3094
vt 0.1587 0.3094
vt 0.1957 0.3094
vt 0.1957 0.2311
vt 0.1587 0.2311
vt 0.1957 0.1528
vt 0.1587 0.1528
vt 0.2328 0.2311
vt 0.2328 0.1528
vt 0.2328 0.3094
vt 0.2698 0.3094
vt 0.2698 0.2311
vt 0.2698 0.1528
vt 0.3068 0.2311
vt 0.3068 0.1528
vt 0.3068 0.3094
vt 0.3438 0.3094
vt 0.3438 0.2311
vt 0.3438 0.1528
vt 0.3808 0.2311
vt 0.3808 0.1528
vt 0.3808 0.3094
vt 0.4178 0.3094
vt 0.4178 0.2311
vt 0.4178 0.1528
vt 0.4548 0.2311
vt 0.4548 0.1528
vt 0.4548 0.3094
vt 0.4918 0.3094
vt 0.4918 0.2311
vt 0.4918 0.1528
vt 0.5288 0.2311
vt 0.5288 0.1528
vt 0.5288 0.3094
vt 0.5658 0.3094
vt 0.5658 0.2311
vt 0.5658 0.1528
vt 0.6028 0.2311
vt 0.6028 0.1528
vt 0.6028 0.3094
vt 0.6398 0.3094
vt 0.6398 0.2311
vt 0.6398 0.1528
vt 0.6768 0.2311
vt 0.6768 0.1528
vt 0.6768 0.3094
vt 0.7138 0.3094
vt 0.7138 0.2311
vt 0.7138 0.1528
vt 0.7508 0.2311
vt 0.7508 0.1528
vt 0.7508 0.3094
vt 0.7879 0.3094
vt 0.7879 0.2311
vt 0.7879 0.1528
vt 0.8261 0.3329
vt 0.8631 0.3329
vt 0.8631 0.2054
vt 0.8261 0.2054
vt 0.8631 0.0780
vt 0.8261 0.0780
vt 0.9002 0.2054
vt 0.9002 0.0780
vt 0.9002 0.3329
vt 0.1600 0.3329
vt 0.1970 0.3329
vt 0.1970 0.2054
vt 0.1600 0.2054
vt 0.1970 0.0780
vt 0.1600 0.0780
vt 0.2340 0.2054
vt 0.2340 0.0780
vt 0.2340 0.3329
vt 0.2710 0.3329
vt 0.2710 0.2054
vt 0.2710 0.0780
vt 0.3080 0.2054
vt 0.3080 0.0780
vt 0.3080 0.3329
vt 0.3451 0.3329
vt 0.3451 0.2054
vt 0.3451 0.0780
vt 0.3821 0.2054
vt 0.3821 0.0780
vt 0.3821 0.3329
vt 0.4191 0.3329
vt 0.4191 0.2054
vt 0.4191 0.0780
vt 0.4561 0.2054
vt 0.4561 0.0780
vt 0.4561 0.3329
vt 0.4931 0.3329
vt 0.4931 0.2054
vt 0.4931 0.0780
vt 0.5301 0.2054
vt 0.5301 0.0780
vt 0.5301 0.3329
vt 0.5671 0.3329
vt 0.5671 0.2054
vt 0.5671 0.0780
vt 0.6041 0.2054
vt 0.6041 0.0780
vt 0.6041 0.3329
vt 0.6411 0.3329
vt 0.6411 0.2054
vt 0.6411 0.0780
vt 0.6781 0.2054
vt 0.6781 0.0780
vt 0.6781 0.3329
vt 0.7151 0.3329
vt 0.7151 0.2054
vt 0.7151 0.0780
vt 0.7521 0.2054
vt 0.7521 0.0780
vt 0.7521 0.3329
vt 0.7891 0.3329
vt 0.7891 0.2054
vt 0.7891 0.0780
vt 0.8249 0.3094
vt 0.8619 0.3094
vt 0.8619 0.2311
vt 0.8249 0.2311
vt 0.8619 0.1528
vt 0.8249 0.1528
vt 0.8989 0.2311
vt 0.8989 0.1528
vt 0.8989 0.3094
vt 0.1587 0.3094
vt 0.1957 0.3094
vt 0.1957 0.2311
vt 0.1587 0.2311
vt 0.1957 0.1528
vt 0.1587 0.1528
vt 0.2328 0.2311
vt 0.2328 0.1528
vt 0.2328 0.3094
vt 0.2698 0.3094
vt 0.2698 0.2311
vt 0.2698 0.1528
vt 0.3068 0.2311
vt 0.3068 0.1528
vt 0.3068 0.3094
vt 0.3438 0.3094
vt 0.3438 0.2311
vt 0.3438 0.1528
vt 0.3808 0.2311
vt 0.3808 0.1528
vt 0.3808 0.3094
vt 0.4178 0.3094
vt 0.4178 0.2311
vt 0.4178 0.1528
vt 0.4548 0.2311
vt 0.4548 0.1528
vt 0.4548 0.3094
vt 0.4918 0.3094
vt 0.4918 0.2311
vt 0.4918 0.1528
vt 0.5288 0.2311
vt 0.5288 0.1528
vt 0.5288 0.3094
vt 0.5658 0.3094
vt 0.5658 0.2311
vt 0.5658 0.1528
vt 0.6028 0.2311
vt 0.6028 0.1528
vt 0.6028 0.3094
vt 0.6398 0.3094
vt 0.6398 0.2311
vt 0.6398 0.1528
vt 0.6768 0.2311
vt 0.6768 0.1528
vt 0.6768 0.3094
vt 0.7138 0.3094
vt 0.7138 0.2311
vt 0.7138 0.1528
vt 0.7508 0.2311
vt 0.7508 0.1528
vt 0.7508 0.3094
vt 0.7879 0.3094
vt 0.7879 0.2311
vt 0.7879 0.1528
vt 0.8261 0.3329
vt 0.8631 0.3329
vt 0.8631 0.2054
vt 0.8261 0.2054
vt 0.8631 0.0780
vt 0.8261 0.0780
vt 0.9002 0.2054
vt 0.9002 0.0780
vt 0.9002 0.3329
vt 0.1600 0.3329
vt 0.1970 0.3329
vt 0.1970 0.2054
vt 0.1600 0.2054
vt 0.1970 0.0780
vt 0.1600 0.0780
vt 0.2340 0.2054
vt 0.2340 0.0780
vt 0.2340 0.3329
vt 0.2710 0.3329
vt 0.2710 0.2054
vt 0.2710 0.0780
vt 0.3080 0.2054
vt 0.3080 0.0780
vt 0.3080 0.3329
vt 0.3451 0.3329
vt 0.3451 0.2054
vt 0.3451 0.0780
vt 0.3821 0.2054
vt 0.3821 0.0780
vt 0.3821 0.3329
vt 0.4191 0.3329
vt 0.4191 0.2054
vt 0.4191 0.0780
vt 0.4561 0.2054
vt 0.4561 0.0780
vt 0.4561 0.3329
vt 0.4931 0.3329
vt 0.4931 0.2054
vt 0.4931 0.0780
vt 0.5301 0.2054
vt 0.5301 0.0780
vt 0.5301 0.3329
vt 0.5671 0.3329
vt 0.5671 0.2054
vt 0.5671 0.0780
vt 0.6041 0.2054
vt 0.6041 0.0780
vt 0.6041 0.3329
vt 0.6411 0.3329
vt 0.6411 0.2054
vt 0.6411 0.0780
vt 0.6781 0.2054
vt 0.6781 0.0780
vt 0.6781 0.3329
vt 0.7151 0.3329
vt 0.7151 0.2054
vt 0.7151 0.0780
vt 0.7521 0.2054
vt 0.7521 0.0780
vt 0.7521 0.3329
vt 0.7891 0.3329
vt 0.7891 0.2054
vt 0.7891 0.0780
vt 0.7508 0.2305
vt 0.7879 0.2305
vt 0.7879 0.1609
vt 0.7508 0.1609
vt 0.7879 0.0913
vt 0.7508 0.0913
vt 0.8249 0.1609
vt 0.8249 0.0913
vt 0.8249 0.2305
vt 0.6768 0.2305
vt 0.7138 0.2305
vt 0.7138 0.1609
vt 0.6768 0.1609
vt 0.7138 0.0913
vt 0.6768 0.0913
vt 0.6028 0.2305
vt 0.6398 0.2305
vt 0.6398 0.1609
vt 0.6028 0.1609
vt 0.6398 0.0913
vt 0.6028 0.0913
vt 0.5288 0.2305
vt 0.5658 0.2305
vt 0.5658 0.1609
vt 0.5288 0.1609
vt 0.5658 0.0913
vt 0.5288 0.0913
vt 0.4548 0.2305
vt 0.4918 0.2305
vt 0.4918 0.1609
vt 0.4548 0.1609
vt 0.4918 0.0913
vt 0.4548 0.0913
vt 0.3808 0.2305
vt 0.4178 0.2305
vt 0.4178 0.1609
vt 0.3808 0.1609
vt 0.4178 0.0913
vt 0.3808 0.0913
vt 0.3068 0.2305
vt 0.3438 0.2305
vt 0.3438 0.1609
vt 0.3068 0.1609
vt 0.3438 0.0913
vt 0.3068 0.0913
vt 0.2328 0.2305
vt 0.2698 0.2305
vt 0.2698 0.1609
vt 0.2328 0.1609
vt 0.2698 0.0913
vt 0.2328 0.0913
vt 0.1587 0.2305
vt 0.1957 0.2305
vt 0.1957 0.1609
vt 0.1587 0.1609
vt 0.1957 0.0913
vt 0.1587 0.0913
vt 0.8619 0.2305
vt 0.8619 0.1609
vt 0.8619 0.0913
vt 0.8989 0.1609
vt 0.8989 0.0913
vt 0.8989 0.2305
vt 0.8249 0.3094
vt 0.8619 0.3094
vt 0.8619 0.2311
vt 0.8249 0.2311
vt 0.8619 0.1528
vt 0.8249 0.1528
vt 0.8989 0.2311
vt 0.8989 0.1528
vt 0.8989 0.3094
vt 0.1587 0.3094
vt 0.1957 0.3094
vt 0.1957 0.2311
vt 0.1587 0.2311
vt 0.1957 0.1528
vt 0.1587 0.1528
vt 0.2328 0.2311
vt 0.2328 0.1528
vt 0.2328 0.3094
vt 0.2698 0.3094
vt 0.2698 0.2311
vt 0.2698 0.1528
vt 0.3068 0.2311
vt 0.3068 0.1528
vt 0.3068 0.3094
vt 0.3438 0.3094
vt 0.3438 0.2311
vt 0.3438 0.1528
vt 0.3808 0.2311
vt 0.3808 0.1528
vt 0.3808 0.3094
vt 0.4178 0.3094
vt 0.4178 0.2311
vt 0.4178 0.1528
vt 0.4548 0.2311
vt 0.4548 0.1528
vt 0.4548 0.3094
vt 0.4918 0.3094
vt 0.4918 0.2311
vt 0.4918 0.1528
vt 0.5288 0.2311
vt 0.5288 0.1528
vt 0.5288 0.3094
vt 0.5658 0.3094
vt 0.5658 0.2311
vt 0.5658 0.1528
vt 0.6028 0.2311
vt 0.6028 0.1528
vt 0.6028 0.3094
vt 0.6398 0.3094
vt 0.6398 0.2311
vt 0.6398 0.1528
vt 0.6768 0.2311
vt 0.6768 0.1528
vt 0.6768 0.3094
vt 0.7138 0.3094
vt 0.7138 0.2311
vt 0.7138 0.1528
vt 0.7508 0.2311
vt 0.7508 0.1528
vt 0.7508 0.3094
vt 0.7879 0.3094
vt 0.7879 0.2311
vt 0.7879 0.1528
vt 0.8261 0.3329
vt 0.8631 0.3329
vt 0.8631 0.2054
vt 0.8261 0.2054
vt 0.8631 0.0780
vt 0.8261 0.0780
vt 0.9002 0.2054
vt 0.9002 0.0780
vt 0.9002 0.3329
vt 0.1600 0.3329
vt 0.1970 0.3329
vt 0.1970 0.2054
vt 0.1600 0.2054
vt 0.1970 0.0780
vt 0.1600 0.0780
vt 0.2340 0.2054
vt 0.2340 0.0780
vt 0.2340 0.3329
vt 0.2710 0.3329
vt 0.2710 0.2054
vt 0.2710 0.0780
vt 0.3080 0.2054
vt 0.3080 0.0780
vt 0.3080 0.3329
vt 0.3451 0.3329
vt 0.3451 0.2054
vt 0.3451 0.0780
vt 0.3821 0.2054
vt 0.3821 0.0780
vt 0.3821 0.3329
vt 0.4191 0.3329
vt 0.4191 0.2054
vt 0.4191 0.0780
vt 0.4561 0.2054
vt 0.4561 0.0780
vt 0.4561 0.3329
vt 0.4931 0.3329
vt 0.4931 0.2054
vt 0.4931 0.0780
vt 0.5301 0.2054
vt 0.5301 0.0780
vt 0.5301 0.3329
vt 0.5671 0.3329
vt 0.5671 0.2054
vt 0.5671 0.0780
vt 0.6041 0.2054
vt 0.6041 0.0780
vt 0.6041 0.3329
vt 0.6411 0.3329
vt 0.6411 0.2054
vt 0.6411 0.0780
vt 0.6781 0.2054
vt 0.6781 0.0780
vt 0.6781 0.3329
vt 0.7151 0.3329
vt 0.7151 0.2054
vt 0.7151 0.0780
vt 0.7521 0.2054
vt 0.7521 0.0780
vt 0.7521 0.3329
vt 0.7891 0.3329
vt 0.7891 0.2054
vt 0.7891 0.0780
vt 0.8249 0.3094
vt 0.8619 0.3094
vt 0.8619 0.2311
vt 0.8249 0.2311
vt 0.8619 0.1528
vt 0.8249 0.1528
vt 0.8989 0.2311
vt 0.8989 0.1528
vt 0.8989 0.3094
vt 0.1587 0.3094
vt 0.1957 0.3094
vt 0.1957 0.2311
vt 0.1587 0.2311
vt 0.1957 0.1528
vt 0.1587 0.1528
vt 0.2328 0.2311
vt 0.2328 0.1528
vt 0.2328 0.3094
vt 0.2698 0.3094
vt 0.2698 0.2311
vt 0.2698 0.1528
vt 0.3068 0.2311
vt 0.3068 0.1528
vt 0.3068 0.3094
vt 0.3438 0.3094
vt 0.3438 0.2311
vt 0.3438 0.1528
vt 0.3808 0.2311
vt 0.3808 0.1528
vt 0.3808 0.3094
vt 0.4178 0.3094
vt 0.4178 0.2311
vt 0.4178 0.1528
vt 0.4548 0.2311
vt 0.4548 0.1528
vt 0.4548 0.3094
vt 0.4918 0.3094
vt 0.4918 0.2311
vt 0.4918 0.1528
vt 0.5288 0.2311
vt 0.5288 0.1528
vt 0.5288 0.3094
vt 0.5658 0.3094
vt 0.5658 0.2311
vt 0.5658 0.1528
vt 0.6028 0.2311
vt 0.6028 0.1528
vt 0.6028 0.3094
vt 0.6398 0.3094
vt 0.6398 0.2311
vt 0.6398 0.1528
vt 0.6768 0.2311
vt 0.6768 0.1528
vt 0.6768 0.3094
vt 0.7138 0.3094
vt 0.7138 0.2311
vt 0.7138 0.1528
vt 0.7508 0.2311
vt 0.7508 0.1528
vt 0.7508 0.3094
vt 0.7879 0.3094
vt 0.7879 0.2311
vt 0.7879 0.1528
vt 0.8261 0.3329
vt 0.8631 0.3329
vt 0.8631 0.2054
vt 0.8261 0.2054
vt 0.8631 0.0780
vt 0.8261 0.0780
vt 0.9002 0.2054
vt 0.9002 0.0780
vt 0.9002 0.3329
vt 0.1600 0.3329
vt 0.1970 0.3329
vt 0.1970 0.2054
vt 0.1600 0.2054
vt 0.1970 0.0780
vt 0.1600 0.0780
vt 0.2340 0.2054
vt 0.2340 0.0780
vt 0.2340 0.3329
vt 0.2710 0.3329
vt 0.2710 0.2054
vt 0.2710 0.0780
vt 0.3080 0.2054
vt 0.3080 0.0780
vt 0.3080 0.3329
vt 0.3451 0.3329
vt 0.3451 0.2054
vt 0.3451 0.0780
vt 0.3821 0.2054
vt 0.3821 0.0780
vt 0.3821 0.3329
vt 0.4191 0.3329
vt 0.4191 0.2054
vt 0.4191 0.0780
vt 0.4561 0.2054
vt 0.4561 0.0780
vt 0.4561 0.3329
vt 0.4931 0.3329
vt 0.4931 0.2054
vt 0.4931 0.0780
vt 0.5301 0.2054
vt 0.5301 0.0780
vt 0.5301 0.3329
vt 0.5671 0.3329
vt 0.5671 0.2054
vt 0.5671 0.0780
vt 0.6041 0.2054
vt 0.6041 0.0780
vt 0.6041 0.3329
vt 0.6411 0.3329
vt 0.6411 0.2054
vt 0.6411 0.0780
vt 0.6781 0.2054
vt 0.6781 0.0780
vt 0.6781 0.3329
vt 0.7151 0.3329
vt 0.7151 0.2054
vt 0.7151 0.0780
vt 0.7521 0.2054
vt 0.7521 0.0780
vt 0.7521 0.3329
vt 0.7891 0.3329
vt 0.7891 0.2054
vt 0.7891 0.0780
vt 0.0113 0.8205
vt 0.2306 0.8205
vt 0.2317 0.7338
vt 0.0113 0.7338
vt 0.4352 0.8205
vt 0.4378 0.7338
vt 0.4586 0.6471
vt 0.2349 0.6471
vt 0.0113 0.6471
vt 0.7610 0.8205
vt 0.8823 0.8205
vt 0.8825 0.7338
vt 0.7625 0.7338
vt 0.9890 0.8205
vt 0.9890 0.7338
vt 0.9890 0.6471
vt 0.8845 0.6471
vt 0.7800 0.6471
vt 0.7833 0.9939
vt 0.8862 0.9939
vt 0.8833 0.9072
vt 0.7635 0.9072
vt 0.9890 0.9939
vt 0.9890 0.9072
vt 0.0113 0.9939
vt 0.0113 0.9072
vt 0.2168 0.9072
vt 0.2166 0.9939
vt 0.4142 0.9072
vt 0.4219 0.9939
vt 0.2174 0.8205
vt 0.4145 0.8205
vt 0.0113 0.8205
vt 0.0113 0.7338
vt 0.2176 0.7338
vt 0.4153 0.7338
vt 0.2183 0.6471
vt 0.4253 0.6471
vt 0.0113 0.6471
vt 0.7490 0.8205
vt 0.7503 0.7338
vt 0.8769 0.7338
vt 0.8767 0.8205
vt 0.9890 0.7338
vt 0.9890 0.8205
vt 0.8787 0.6471
vt 0.9890 0.6471
vt 0.7684 0.6471
vt 0.7706 0.9939
vt 0.7508 0.9072
vt 0.8774 0.9072
vt 0.8798 0.9939
vt 0.9890 0.9072
vt 0.9890 0.9939
vt 0.0113 0.9939
vt 0.0113 0.9072
vt 0.2102 0.9072
vt 0.2078 0.9939
vt 0.4053 0.9072
vt 0.4043 0.9939
vt 0.2116 0.8205
vt 0.4070 0.8205
vt 0.0113 0.8205
vt 0.0113 0.7338
vt 0.2110 0.7338
vt 0.4063 0.7338
vt 0.2094 0.6471
vt 0.4075 0.6471
vt 0.0113 0.6471
vt 0.7516 0.8205
vt 0.7533 0.7338
vt 0.8801 0.7338
vt 0.8797 0.8205
vt 0.9890 0.7338
vt 0.9890 0.8205
vt 0.8827 0.6471
vt 0.9890 0.6471
vt 0.7765 0.6471
vt 0.7789 0.9939
vt 0.7539 0.9072
vt 0.8806 0.9072
vt 0.8840 0.9939
vt 0.9890 0.9072
vt 0.9890 0.9939
vt 0.0113 0.9939
vt 0.0113 0.9072
vt 0.2190 0.9072
vt 0.2188 0.9939
vt 0.4172 0.9072
vt 0.4264 0.9939
vt 0.2197 0.8205
vt 0.4177 0.8205
vt 0.0113 0.8205
vt 0.0113 0.7338
vt 0.2201 0.7338
vt 0.4189 0.7338
vt 0.2211 0.6471
vt 0.4310 0.6471
vt 0.0113 0.6471
vt 0.7490 0.8205
vt 0.7500 0.7338
vt 0.8763 0.7338
vt 0.8763 0.8205
vt 0.9890 0.7338
vt 0.9890 0.8205
vt 0.8772 0.6471
vt 0.9890 0.6471
vt 0.7655 0.6471
vt 0.7652 0.9939
vt 0.7496 0.9072
vt 0.8761 0.9072
vt 0.8771 0.9939
vt 0.9890 0.9072
vt 0.9890 0.9939
vt 0.0113 0.9939
vt 0.2188 0.9939
vt 0.2190 0.9072
vt 0.0113 0.9072
vt 0.4263 0.9939
vt 0.4179 0.9072
vt 0.4182 0.8205
vt 0.2197 0.8205
vt 0.0113 0.8205
vt 0.2202 0.7338
vt 0.0113 0.7338
vt 0.4194 0.7338
vt 0.4314 0.6471
vt 0.2214 0.6471
vt 0.0113 0.6471
vt 0.7511 0.8205
vt 0.8777 0.8205
vt 0.8776 0.7338
vt 0.7521 0.7338
vt 0.9890 0.8205
vt 0.9890 0.7338
vt 0.9890 0.6471
vt 0.8792 0.6471
vt 0.7695 0.6471
vt 0.7743 0.9939
vt 0.8817 0.9939
vt 0.8787 0.9072
vt 0.7535 0.9072
vt 0.9890 0.9939
vt 0.9890 0.9072
vt 0.0113 0.9939
vt 0.0113 0.9072
vt 0.2118 0.9072
vt 0.2093 0.9939
vt 0.4080 0.9072
vt 0.4073 0.9939
vt 0.2140 0.8205
vt 0.4113 0.8205
vt 0.0113 0.8205
vt 0.0113 0.7338
vt 0.2152 0.7338
vt 0.4132 0.7338
vt 0.2164 0.6471
vt 0.4214 0.6471
vt 0.0113 0.6471
vt 0.7565 0.8205
vt 0.7570 0.7338
vt 0.8820 0.7338
vt 0.8826 0.8205
vt 0.9890 0.7338
vt 0.9890 0.8205
vt 0.8816 0.6471
vt 0.9890 0.6471
vt 0.7742 0.6471
vt 0.7732 0.9939
vt 0.7557 0.9072
vt 0.8816 0.9072
vt 0.8811 0.9939
vt 0.9890 0.9072
vt 0.9890 0.9939
vt 0.0113 0.9939
vt 0.2216 0.9939
vt 0.2200 0.9072
vt 0.0113 0.9072
vt 0.4319 0.9939
vt 0.4193 0.9072
vt 0.4180 0.8205
vt 0.2196 0.8205
vt 0.0113 0.8205
vt 0.2201 0.7338
vt 0.0113 0.7338
vt 0.4193 0.7338
vt 0.4326 0.6471
vt 0.2220 0.6471
vt 0.0113 0.6471
vt 0.7511 0.8205
vt 0.8777 0.8205
vt 0.8777 0.7338
vt 0.7522 0.7338
vt 0.9890 0.8205
vt 0.9890 0.7338
vt 0.9890 0.6471
vt 0.8792 0.6471
vt 0.7695 0.6471
vt 0.7730 0.9939
vt 0.8810 0.9939
vt 0.8785 0.9072
vt 0.7534 0.9072
vt 0.9890 0.9939
vt 0.9890 0.9072
vt 0.0113 0.9939
vt 0.0113 0.9072
vt 0.2213 0.9072
vt 0.2201 0.9939
vt 0.4214 0.9072
vt 0.4289 0.9939
vt 0.2224 0.8205
vt 0.4222 0.8205
vt 0.0113 0.8205
vt 0.0113 0.7338
vt 0.2222 0.7338
vt 0.4226 0.7338
vt 0.2222 0.6471
vt 0.4331 0.6471
vt 0.0113 0.6471
vt 0.7530 0.8205
vt 0.7541 0.7338
vt 0.8786 0.7338
vt 0.8785 0.8205
vt 0.9890 0.7338
vt 0.9890 0.8205
vt 0.8804 0.6471
vt 0.9890 0.6471
vt 0.7718 0.6471
vt 0.7754 0.9939
vt 0.7551 0.9072
vt 0.8794 0.9072
vt 0.8822 0.9939
vt 0.9890 0.9072
vt 0.9890 0.9939
vt 0.0113 0.9939
vt 0.0113 0.9072
vt 0.2290 0.9072
vt 0.2300 0.9939
vt 0.4320 0.9072
vt 0.4487 0.9939
vt 0.2294 0.8205
vt 0.4317 0.8205
vt 0.0113 0.8205
vt 0.0113 0.7338
vt 0.2300 0.7338
vt 0.4335 0.7338
vt 0.2320 0.6471
vt 0.4527 0.6471
vt 0.0113 0.6471
vt 0.7518 0.8205
vt 0.7526 0.7338
vt 0.8761 0.7338
vt 0.8762 0.8205
vt 0.9890 0.7338
vt 0.9890 0.8205
vt 0.8767 0.6471
vt 0.9890 0.6471
vt 0.7644 0.6471
vt 0.7634 0.9939
vt 0.7519 0.9072
vt 0.8759 0.9072
vt 0.8762 0.9939
vt 0.9890 0.9072
vt 0.9890 0.9939
vt 0.0113 0.9939
vt 0.0113 0.9072
vt 0.2293 0.9072
vt 0.2299 0.9939
vt 0.4338 0.9072
vt 0.4484 0.9939
vt 0.2298 0.8205
vt 0.4334 0.8205
vt 0.0113 0.8205
vt 0.0113 0.7338
vt 0.2304 0.7338
vt 0.4353 0.7338
vt 0.2323 0.6471
vt 0.4534 0.6471
vt 0.0113 0.6471
vt 0.7577 0.8205
vt 0.7587 0.7338
vt 0.8802 0.7338
vt 0.8802 0.8205
vt 0.9890 0.7338
vt 0.9890 0.8205
vt 0.8820 0.6471
vt 0.9890 0.6471
vt 0.7749 0.6471
vt 0.7799 0.9939
vt 0.7602 0.9072
vt 0.8813 0.9072
vt 0.8844 0.9939
vt 0.9890 0.9072
vt 0.9890 0.9939
vt 0.0113 0.9939
vt 0.2249 0.9939
vt 0.2255 0.9072
vt 0.0113 0.9072
vt 0.4386 0.9939
vt 0.4285 0.9072
vt 0.4296 0.8205
vt 0.2266 0.8205
vt 0.0113 0.8205
vt 0.2272 0.7338
vt 0.0113 0.7338
vt 0.4310 0.7338
vt 0.4457 0.6471
vt 0.2285 0.6471
vt 0.0113 0.6471
vt 0.7606 0.8205
vt 0.8829 0.8205
vt 0.8818 0.7338
vt 0.7601 0.7338
vt 0.9890 0.8205
vt 0.9890 0.7338
vt 0.9890 0.6471
vt 0.8806 0.6471
vt 0.7723 0.6471
vt 0.7739 0.9939
vt 0.8814 0.9939
vt 0.8821 0.9072
vt 0.7602 0.9072
vt 0.9890 0.9939
vt 0.9890 0.9072
vt 0.0113 0.9939
vt 0.0113 0.9072
vt 0.2304 0.9072
vt 0.2314 0.9939
vt 0.4350 0.9072
vt 0.4515 0.9939
vt 0.2308 0.8205
vt 0.4344 0.8205
vt 0.0113 0.8205
vt 0.0113 0.7338
vt 0.2317 0.7338
vt 0.4369 0.7338
vt 0.2343 0.6471
vt 0.4574 0.6471
vt 0.0113 0.6471
vt 0.7561 0.8205
vt 0.7574 0.7338
vt 0.8791 0.7338
vt 0.8789 0.8205
vt 0.9890 0.7338
vt 0.9890 0.8205
vt 0.8807 0.6471
vt 0.9890 0.6471
vt 0.7724 0.6471
vt 0.7751 0.9939
vt 0.7579 0.9072
vt 0.8797 0.9072
vt 0.8820 0.9939
vt 0.9890 0.9072
vt 0.9890 0.9939
vt 0.0113 0.9939
vt 0.2167 0.9939
vt 0.2171 0.9072
vt 0.0113 0.9072
vt 0.4221 0.9939
vt 0.4148 0.9072
vt 0.4154 0.8205
vt 0.2178 0.8205
vt 0.0113 0.8205
vt 0.2184 0.7338
vt 0.0113 0.7338
vt 0.4167 0.7338
vt 0.4276 0.6471
vt 0.2195 0.6471
vt 0.0113 0.6471
vt 0.7503 0.8205
vt 0.8776 0.8205
vt 0.8778 0.7338
vt 0.7519 0.7338
vt 0.9890 0.8205
vt 0.9890 0.7338
vt 0.9890 0.6471
vt 0.8798 0.6471
vt 0.7706 0.6471
vt 0.7721 0.9939
vt 0.8805 0.9939
vt 0.8781 0.9072
vt 0.7521 0.9072
vt 0.9890 0.9939
vt 0.9890 0.9072
vt 0.0113 0.9939
vt 0.2217 0.9939
vt 0.2234 0.9072
vt 0.0113 0.9072
vt 0.4321 0.9939
vt 0.4245 0.9072
vt 0.4443 0.8205
vt 0.2278 0.8205
vt 0.0113 0.8205
vt 0.7676 0.9939
vt 0.8783 0.9939
vt 0.8764 0.9072
vt 0.7520 0.9072
vt 0.9890 0.9939
vt 0.9890 0.9072
vt 0.9890 0.8205
vt 0.8774 0.8205
vt 0.7659 0.8205
vt 0.0113 0.9939
vt 0.0113 0.9072
vt 0.2188 0.9072
vt 0.2189 0.9939
vt 0.4170 0.9072
vt 0.4266 0.9939
vt 0.2192 0.8205
vt 0.4171 0.8205
vt 0.0113 0.8205
vt 0.0113 0.7338
vt 0.2196 0.7338
vt 0.4183 0.7338
vt 0.2207 0.6471
vt 0.4302 0.6471
vt 0.0113 0.6471
vt 0.7493 0.8205
vt 0.7509 0.7338
vt 0.8769 0.7338
vt 0.8766 0.8205
vt 0.9890 0.7338
vt 0.9890 0.8205
vt 0.8787 0.6471
vt 0.9890 0.6471
vt 0.7684 0.6471
vt 0.7674 0.9939
vt 0.7503 0.9072
vt 0.8767 0.9072
vt 0.8782 0.9939
vt 0.9890 0.9072
vt 0.9890 0.9939
vt 0.0113 0.9939
vt 0.2180 0.9939
vt 0.2185 0.9072
vt 0.0113 0.9072
vt 0.4247 0.9939
vt 0.4170 0.9072
vt 0.4178 0.8205
vt 0.2196 0.8205
vt 0.0113 0.8205
vt 0.2204 0.7338
vt 0.0113 0.7338
vt 0.4196 0.7338
vt 0.4324 0.6471
vt 0.2219 0.6471
vt 0.0113 0.6471
vt 0.7503 0.8205
vt 0.8772 0.8205
vt 0.8774 0.7338
vt 0.7519 0.7338
vt 0.9890 0.8205
vt 0.9890 0.7338
vt 0.9890 0.6471
vt 0.8794 0.6471
vt 0.7699 0.6471
vt 0.7733 0.9939
vt 0.8811 0.9939
vt 0.8782 0.9072
vt 0.7525 0.9072
vt 0.9890 0.9939
vt 0.9890 0.9072
vt 0.0113 0.9939
vt 0.2107 0.9939
vt 0.2119 0.9072
vt 0.0113 0.9072
vt 0.4101 0.9939
vt 0.4082 0.9072
vt 0.4104 0.8205
vt 0.2133 0.8205
vt 0.0113 0.8205
vt 0.2146 0.7338
vt 0.0113 0.7338
vt 0.4124 0.7338
vt 0.4214 0.6471
vt 0.2164 0.6471
vt 0.0113 0.6471
vt 0.7562 0.8205
vt 0.8825 0.8205
vt 0.8821 0.7338
vt 0.7571 0.7338
vt 0.9890 0.8205
vt 0.9890 0.7338
vt 0.9890 0.6471
vt 0.8820 0.6471
vt 0.7751 0.6471
vt 0.7731 0.9939
vt 0.8810 0.9939
vt 0.8815 0.9072
vt 0.7555 0.9072
vt 0.9890 0.9939
vt 0.9890 0.9072
vt 0.0113 0.9939
vt 0.0113 0.9072
vt 0.2206 0.9072
vt 0.2223 0.9939
vt 0.4204 0.9072
vt 0.4332 0.9939
vt 0.2202 0.8205
vt 0.4190 0.8205
vt 0.0113 0.8205
vt 0.0113 0.7338
vt 0.2207 0.7338
vt 0.4204 0.7338
vt 0.2226 0.6471
vt 0.4340 0.6471
vt 0.0113 0.6471
vt 0.7523 0.8205
vt 0.7533 0.7338
vt 0.8784 0.7338
vt 0.8785 0.8205
vt 0.9890 0.7338
vt 0.9890 0.8205
vt 0.8799 0.6471
vt 0.9890 0.6471
vt 0.7708 0.6471
vt 0.7754 0.9939
vt 0.7549 0.9072
vt 0.8794 0.9072
vt 0.8822 0.9939
vt 0.9890 0.9072
vt 0.9890 0.9939
vt 0.0113 0.9939
vt 0.0113 0.9072
vt 0.2209 0.9072
vt 0.2196 0.9939
vt 0.4208 0.9072
vt 0.4279 0.9939
vt 0.2221 0.8205
vt 0.4219 0.8205
vt 0.0113 0.8205
vt 0.0113 0.7338
vt 0.2221 0.7338
vt 0.4225 0.7338
vt 0.2222 0.6471
vt 0.4331 0.6471
vt 0.0113 0.6471
vt 0.7532 0.8205
vt 0.7545 0.7338
vt 0.8788 0.7338
vt 0.8787 0.8205
vt 0.9890 0.7338
vt 0.9890 0.8205
vt 0.8807 0.6471
vt 0.9890 0.6471
vt 0.7724 0.6471
vt 0.7744 0.9939
vt 0.7548 0.9072
vt 0.8793 0.9072
vt 0.8817 0.9939
vt 0.9890 0.9072
vt 0.9890 0.9939
vt 0.0113 0.9939
vt 0.0113 0.9072
vt 0.2284 0.9072
vt 0.2295 0.9939
vt 0.4310 0.9072
vt 0.4478 0.9939
vt 0.2286 0.8205
vt 0.4305 0.8205
vt 0.0113 0.8205
vt 0.0113 0.7338
vt 0.2294 0.7338
vt 0.4326 0.7338
vt 0.2316 0.6471
vt 0.4519 0.6471
vt 0.0113 0.6471
vt 0.7513 0.8205
vt 0.7524 0.7338
vt 0.8761 0.7338
vt 0.8760 0.8205
vt 0.9890 0.7338
vt 0.9890 0.8205
vt 0.8771 0.6471
vt 0.9890 0.6471
vt 0.7653 0.6471
vt 0.7644 0.9939
vt 0.7518 0.9072
vt 0.8759 0.9072
vt 0.8767 0.9939
vt 0.9890 0.9072
vt 0.9890 0.9939
vt 0.0113 0.9939
vt 0.2291 0.9939
vt 0.2282 0.9072
vt 0.0113 0.9072
vt 0.4470 0.9939
vt 0.4318 0.9072
vt 0.4311 0.8205
vt 0.2284 0.8205
vt 0.0113 0.8205
vt 0.2291 0.7338
vt 0.0113 0.7338
vt 0.4330 0.7338
vt 0.4509 0.6471
vt 0.2311 0.6471
vt 0.0113 0.6471
vt 0.7558 0.8205
vt 0.8791 0.8205
vt 0.8792 0.7338
vt 0.7569 0.7338
vt 0.9890 0.8205
vt 0.9890 0.7338
vt 0.9890 0.6471
vt 0.8810 0.6471
vt 0.7730 0.6471
vt 0.7773 0.9939
vt 0.8831 0.9939
vt 0.8802 0.9072
vt 0.7581 0.9072
vt 0.9890 0.9939
vt 0.9890 0.9072
vt 0.0113 0.9939
vt 0.2251 0.9939
vt 0.2246 0.9072
vt 0.0113 0.9072
vt 0.4389 0.9939
vt 0.4269 0.9072
vt 0.4271 0.8205
vt 0.2250 0.8205
vt 0.0113 0.8205
vt 0.2257 0.7338
vt 0.0113 0.7338
vt 0.4286 0.7338
vt 0.4437 0.6471
vt 0.2275 0.6471
vt 0.0113 0.6471
vt 0.7589 0.8205
vt 0.8820 0.8205
vt 0.8812 0.7338
vt 0.7588 0.7338
vt 0.9890 0.8205
vt 0.9890 0.7338
vt 0.9890 0.6471
vt 0.8803 0.6471
vt 0.7717 0.6471
vt 0.7718 0.9939
vt 0.8804 0.9939
vt 0.8812 0.9072
vt 0.7585 0.9072
vt 0.9890 0.9939
vt 0.9890 0.9072
vt 0.0113 0.9939
vt 0.2311 0.9939
vt 0.2298 0.9072
vt 0.0113 0.9072
vt 0.4510 0.9939
vt 0.4341 0.9072
vt 0.4332 0.8205
vt 0.2300 0.8205
vt 0.0113 0.8205
vt 0.2310 0.7338
vt 0.0113 0.7338
vt 0.4358 0.7338
vt 0.4562 0.6471
vt 0.2338 0.6471
vt 0.0113 0.6471
vt 0.7557 0.8205
vt 0.8788 0.8205
vt 0.8790 0.7338
vt 0.7570 0.7338
vt 0.9890 0.8205
vt 0.9890 0.7338
vt 0.9890 0.6471
vt 0.8806 0.6471
vt 0.7723 0.6471
vt 0.7750 0.9939
vt 0.8820 0.9939
vt 0.8795 0.9072
vt 0.7576 0.9072
vt 0.9890 0.9939
vt 0.9890 0.9072
vt 0.0113 0.9939
vt 0.2209 0.9939
vt 0.2200 0.9072
vt 0.0113 0.9072
vt 0.4306 0.9939
vt 0.4178 0.9072
vt 0.4172 0.8205
vt 0.2202 0.8205
vt 0.0113 0.8205
vt 0.2209 0.7338
vt 0.0113 0.7338
vt 0.4190 0.7338
vt 0.4342 0.6471
vt 0.2228 0.6471
vt 0.0113 0.6471
vt 0.7435 0.8205
vt 0.8724 0.8205
vt 0.8724 0.7338
vt 0.7446 0.7338
vt 0.9890 0.8205
vt 0.9890 0.7338
vt 0.9890 0.6471
vt 0.8738 0.6471
vt 0.7586 0.6471
vt 0.7605 0.9939
vt 0.8747 0.9939
vt 0.8729 0.9072
vt 0.7450 0.9072
vt 0.9890 0.9939
vt 0.9890 0.9072
vt 0.0113 0.9939
vt 0.0113 0.9072
vt 0.2111 0.9072
vt 0.2096 0.9939
vt 0.4055 0.9072
vt 0.4080 0.9939
vt 0.2122 0.8205
vt 0.4067 0.8205
vt 0.0113 0.8205
vt 0.0113 0.7338
vt 0.2120 0.7338
vt 0.4068 0.7338
vt 0.2116 0.6471
vt 0.4119 0.6471
vt 0.0113 0.6471
vt 0.7460 0.8205
vt 0.7477 0.7338
vt 0.8761 0.7338
vt 0.8757 0.8205
vt 0.9890 0.7338
vt 0.9890 0.8205
vt 0.8785 0.6471
vt 0.9890 0.6471
vt 0.7680 0.6471
vt 0.7694 0.9939
vt 0.7480 0.9072
vt 0.8765 0.9072
vt 0.8792 0.9939
vt 0.9890 0.9072
vt 0.9890 0.9939
vt 0.0113 0.9939
vt 0.0113 0.9072
vt 0.2228 0.9072
vt 0.2240 0.9939
vt 0.4216 0.9072
vt 0.4366 0.9939
vt 0.2231 0.8205
vt 0.4211 0.8205
vt 0.0113 0.8205
vt 0.0113 0.7338
vt 0.2239 0.7338
vt 0.4233 0.7338
vt 0.2262 0.6471
vt 0.4412 0.6471
vt 0.0113 0.6471
vt 0.7431 0.8205
vt 0.7441 0.7338
vt 0.8716 0.7338
vt 0.8715 0.8205
vt 0.9890 0.7338
vt 0.9890 0.8205
vt 0.8724 0.6471
vt 0.9890 0.6471
vt 0.7559 0.6471
vt 0.7553 0.9939
vt 0.7436 0.9072
vt 0.8714 0.9072
vt 0.8721 0.9939
vt 0.9890 0.9072
vt 0.9890 0.9939
vt 0.0113 0.9939
vt 0.2263 0.9939
vt 0.2253 0.9072
vt 0.0113 0.9072
vt 0.4414 0.9939
vt 0.4270 0.9072
vt 0.4262 0.8205
vt 0.2255 0.8205
vt 0.0113 0.8205
vt 0.2264 0.7338
vt 0.0113 0.7338
vt 0.4282 0.7338
vt 0.4460 0.6471
vt 0.2287 0.6471
vt 0.0113 0.6471
vt 0.7512 0.8205
vt 0.8766 0.8205
vt 0.8763 0.7338
vt 0.7518 0.7338
vt 0.9890 0.8205
vt 0.9890 0.7338
vt 0.9890 0.6471
vt 0.8777 0.6471
vt 0.7664 0.6471
vt 0.7735 0.9939
vt 0.8812 0.9939
vt 0.8780 0.9072
vt 0.7541 0.9072
vt 0.9890 0.9939
vt 0.9890 0.9072
vt 0.0113 0.9939
vt 0.2202 0.9939
vt 0.2209 0.9072
vt 0.0113 0.9072
vt 0.4291 0.9939
vt 0.4209 0.9072
vt 0.4224 0.8205
vt 0.2221 0.8205
vt 0.0113 0.8205
vt 0.2231 0.7338
vt 0.0113 0.7338
vt 0.4242 0.7338
vt 0.4385 0.6471
vt 0.2249 0.6471
vt 0.0113 0.6471
vt 0.7555 0.8205
vt 0.8803 0.8205
vt 0.8791 0.7338
vt 0.7550 0.7338
vt 0.9890 0.8205
vt 0.9890 0.7338
vt 0.9890 0.6471
vt 0.8779 0.6471
vt 0.7667 0.6471
vt 0.7686 0.9939
vt 0.8788 0.9939
vt 0.8795 0.9072
vt 0.7550 0.9072
vt 0.9890 0.9939
vt 0.9890 0.9072
vt 0.0113 0.9939
vt 0.0113 0.9072
vt 0.2272 0.9072
vt 0.2300 0.9939
vt 0.4294 0.9072
vt 0.4487 0.9939
vt 0.2265 0.8205
vt 0.4273 0.8205
vt 0.0113 0.8205
vt 0.0113 0.7338
vt 0.2274 0.7338
vt 0.4296 0.7338
vt 0.2305 0.6471
vt 0.4497 0.6471
vt 0.0113 0.6471
vt 0.7499 0.8205
vt 0.7508 0.7338
vt 0.8754 0.7338
vt 0.8754 0.8205
vt 0.9890 0.7338
vt 0.9890 0.8205
vt 0.8767 0.6471
vt 0.9890 0.6471
vt 0.7645 0.6471
vt 0.7673 0.9939
vt 0.7518 0.9072
vt 0.8761 0.9072
vt 0.8782 0.9939
vt 0.9890 0.9072
vt 0.9890 0.9939
vt 0.0113 0.9939
vt 0.2199 0.9939
vt 0.2207 0.9072
vt 0.0113 0.9072
vt 0.4285 0.9939
vt 0.4198 0.9072
vt 0.4205 0.8205
vt 0.2217 0.8205
vt 0.0113 0.8205
vt 0.2220 0.7338
vt 0.0113 0.7338
vt 0.4216 0.7338
vt 0.4340 0.6471
vt 0.2227 0.6471
vt 0.0113 0.6471
vt 0.7491 0.8205
vt 0.8759 0.8205
vt 0.8761 0.7338
vt 0.7503 0.7338
vt 0.9890 0.8205
vt 0.9890 0.7338
vt 0.9890 0.6471
vt 0.8778 0.6471
vt 0.7666 0.6471
vt 0.7692 0.9939
vt 0.8791 0.9939
vt 0.8767 0.9072
vt 0.7509 0.9072
vt 0.9890 0.9939
vt 0.9890 0.9072
vt 0.0113 0.9939
vt 0.0113 0.9072
vt 0.2286 0.9072
vt 0.2300 0.9939
vt 0.4307 0.9072
vt 0.4488 0.9939
vt 0.2289 0.8205
vt 0.4300 0.8205
vt 0.0113 0.8205
vt 0.0113 0.7338
vt 0.2298 0.7338
vt 0.4326 0.7338
vt 0.2325 0.6471
vt 0.4538 0.6471
vt 0.0113 0.6471
vt 0.7478 0.8205
vt 0.7487 0.7338
vt 0.8736 0.7338
vt 0.8735 0.8205
vt 0.9890 0.7338
vt 0.9890 0.8205
vt 0.8743 0.6471
vt 0.9890 0.6471
vt 0.7597 0.6471
vt 0.7585 0.9939
vt 0.7480 0.9072
vt 0.8733 0.9072
vt 0.8737 0.9939
vt 0.9890 0.9072
vt 0.9890 0.9939
vt 0.0113 0.9939
vt 0.2332 0.9939
vt 0.2319 0.9072
vt 0.0113 0.9072
vt 0.4551 0.9939
vt 0.4382 0.9072
vt 0.4372 0.8205
vt 0.2322 0.8205
vt 0.0113 0.8205
vt 0.2331 0.7338
vt 0.0113 0.7338
vt 0.4395 0.7338
vt 0.4601 0.6471
vt 0.2357 0.6471
vt 0.0113 0.6471
vt 0.7603 0.8205
vt 0.8815 0.8205
vt 0.8814 0.7338
vt 0.7611 0.7338
vt 0.9890 0.8205
vt 0.9890 0.7338
vt 0.9890 0.6471
vt 0.8832 0.6471
vt 0.7773 0.6471
vt 0.7854 0.9939
vt 0.8872 0.9939
vt 0.8832 0.9072
vt 0.7637 0.9072
vt 0.9890 0.9939
vt 0.9890 0.9072
vt 0.0113 0.9939
vt 0.2277 0.9939
vt 0.2275 0.9072
vt 0.0113 0.9072
vt 0.4441 0.9939
vt 0.4319 0.9072
vt 0.4325 0.8205
vt 0.2283 0.8205
vt 0.0113 0.8205
vt 0.2293 0.7338
vt 0.0113 0.7338
vt 0.4345 0.7338
vt 0.4519 0.6471
vt 0.2316 0.6471
vt 0.0113 0.6471
vt 0.7633 0.8205
vt 0.8844 0.8205
vt 0.8829 0.7338
vt 0.7624 0.7338
vt 0.9890 0.8205
vt 0.9890 0.7338
vt 0.9890 0.6471
vt 0.8813 0.6471
vt 0.7735 0.6471
vt 0.7774 0.9939
vt 0.8832 0.9939
vt 0.8838 0.9072
vt 0.7632 0.9072
vt 0.9890 0.9939
vt 0.9890 0.9072
vt 0.0113 0.9939
vt 0.2329 0.9939
vt 0.2308 0.9072
vt 0.0113 0.9072
vt 0.4546 0.9939
vt 0.4362 0.9072
vt 0.4346 0.8205
vt 0.2305 0.8205
vt 0.0113 0.8205
vt 0.2315 0.7338
vt 0.0113 0.7338
vt 0.4372 0.7338
vt 0.4578 0.6471
vt 0.2346 0.6471
vt 0.0113 0.6471
vt 0.7592 0.8205
vt 0.8811 0.8205
vt 0.8812 0.7338
vt 0.7605 0.7338
vt 0.9890 0.8205
vt 0.9890 0.7338
vt 0.9890 0.6471
vt 0.8831 0.6471
vt 0.7772 0.6471
vt 0.7803 0.9939
vt 0.8846 0.9939
vt 0.8820 0.9072
vt 0.7614 0.9072
vt 0.9890 0.9939
vt 0.9890 0.9072
vt 0.0113 0.9939
vt 0.2217 0.9939
vt 0.2209 0.9072
vt 0.0113 0.9072
vt 0.4320 0.9939
vt 0.4197 0.9072
vt 0.4194 0.8205
vt 0.2213 0.8205
vt 0.0113 0.8205
vt 0.2222 0.7338
vt 0.0113 0.7338
vt 0.4216 0.7338
vt 0.4377 0.6471
vt 0.2245 0.6471
vt 0.0113 0.6471
vt 0.7470 0.8205
vt 0.8745 0.8205
vt 0.8748 0.7338
vt 0.7484 0.7338
vt 0.9890 0.8205
vt 0.9890 0.7338
vt 0.9890 0.6471
vt 0.8764 0.6471
vt 0.7638 0.6471
vt 0.7650 0.9939
vt 0.8770 0.9939
vt 0.8750 0.9072
vt 0.7485 0.9072
vt 0.9890 0.9939
vt 0.9890 0.9072
vt 0.0113 0.9939
vt 0.2107 0.9939
vt 0.2120 0.9072
vt 0.0113 0.9072
vt 0.4101 0.9939
vt 0.4074 0.9072
vt 0.4085 0.8205
vt 0.2130 0.8205
vt 0.0113 0.8205
vt 0.2130 0.7338
vt 0.0113 0.7338
vt 0.4089 0.7338
vt 0.4145 0.6471
vt 0.2129 0.6471
vt 0.0113 0.6471
vt 0.7490 0.8205
vt 0.8776 0.8205
vt 0.8781 0.7338
vt 0.7509 0.7338
vt 0.9890 0.8205
vt 0.9890 0.7338
vt 0.9890 0.6471
vt 0.8806 0.6471
vt 0.7722 0.6471
vt 0.7729 0.9939
vt 0.8810 0.9939
vt 0.8783 0.9072
vt 0.7509 0.9072
vt 0.9890 0.9939
vt 0.9890 0.9072
vt 0.0113 0.9939
vt 0.2251 0.9939
vt 0.2236 0.9072
vt 0.0113 0.9072
vt 0.4389 0.9939
vt 0.4233 0.9072
vt 0.4225 0.8205
vt 0.2236 0.8205
vt 0.0113 0.8205
vt 0.2244 0.7338
vt 0.0113 0.7338
vt 0.4246 0.7338
vt 0.4423 0.6471
vt 0.2268 0.6471
vt 0.0113 0.6471
vt 0.7458 0.8205
vt 0.8732 0.8205
vt 0.8736 0.7338
vt 0.7472 0.7338
vt 0.9890 0.8205
vt 0.9890 0.7338
vt 0.9890 0.6471
vt 0.8750 0.6471
vt 0.7611 0.6471
vt 0.7598 0.9939
vt 0.8744 0.9939
vt 0.8732 0.9072
vt 0.7465 0.9072
vt 0.9890 0.9939
vt 0.9890 0.9072
vt 0.0113 0.9939
vt 0.2266 0.9939
vt 0.2258 0.9072
vt 0.0113 0.9072
vt 0.4420 0.9939
vt 0.4281 0.9072
vt 0.4275 0.8205
vt 0.2261 0.8205
vt 0.0113 0.8205
vt 0.2271 0.7338
vt 0.0113 0.7338
vt 0.4298 0.7338
vt 0.4481 0.6471
vt 0.2297 0.6471
vt 0.0113 0.6471
vt 0.7534 0.8205
vt 0.8780 0.8205
vt 0.8780 0.7338
vt 0.7545 0.7338
vt 0.9890 0.8205
vt 0.9890 0.7338
vt 0.9890 0.6471
vt 0.8797 0.6471
vt 0.7705 0.6471
vt 0.7767 0.9939
vt 0.8828 0.9939
vt 0.8794 0.9072
vt 0.7563 0.9072
vt 0.9890 0.9939
vt 0.9890 0.9072
vt 0.0113 0.9939
vt 0.2224 0.9939
vt 0.2220 0.9072
vt 0.0113 0.9072
vt 0.4336 0.9939
vt 0.4229 0.9072
vt 0.4234 0.8205
vt 0.2226 0.8205
vt 0.0113 0.8205
vt 0.2237 0.7338
vt 0.0113 0.7338
vt 0.4254 0.7338
vt 0.4407 0.6471
vt 0.2260 0.6471
vt 0.0113 0.6471
vt 0.7574 0.8205
vt 0.8815 0.8205
vt 0.8805 0.7338
vt 0.7572 0.7338
vt 0.9890 0.8205
vt 0.9890 0.7338
vt 0.9890 0.6471
vt 0.8795 0.6471
vt 0.7699 0.6471
vt 0.7709 0.9939
vt 0.8799 0.9939
vt 0.8807 0.9072
vt 0.7570 0.9072
vt 0.9890 0.9939
vt 0.9890 0.9072
vt 0.0113 0.9939
vt 0.2312 0.9939
vt 0.2284 0.9072
vt 0.0113 0.9072
vt 0.4510 0.9939
vt 0.4318 0.9072
vt 0.4295 0.8205
vt 0.2276 0.8205
vt 0.0113 0.8205
vt 0.2285 0.7338
vt 0.0113 0.7338
vt 0.4317 0.7338
vt 0.4515 0.6471
vt 0.2314 0.6471
vt 0.0113 0.6471
vt 0.7534 0.8205
vt 0.8777 0.8205
vt 0.8776 0.7338
vt 0.7542 0.7338
vt 0.9890 0.8205
vt 0.9890 0.7338
vt 0.9890 0.6471
vt 0.8788 0.6471
vt 0.7687 0.6471
vt 0.7729 0.9939
vt 0.8809 0.9939
vt 0.8785 0.9072
vt 0.7557 0.9072
vt 0.9890 0.9939
vt 0.9890 0.9072
vt 0.0113 0.9939
vt 0.2202 0.9939
vt 0.2210 0.9072
vt 0.0113 0.9072
vt 0.4292 0.9939
vt 0.4206 0.9072
vt 0.4214 0.8205
vt 0.2220 0.8205
vt 0.0113 0.8205
vt 0.2224 0.7338
vt 0.0113 0.7338
vt 0.4227 0.7338
vt 0.4354 0.6471
vt 0.2233 0.6471
vt 0.0113 0.6471
vt 0.7517 0.8205
vt 0.8776 0.8205
vt 0.8779 0.7338
vt 0.7531 0.7338
vt 0.9890 0.8205
vt 0.9890 0.7338
vt 0.9890 0.6471
vt 0.8797 0.6471
vt 0.7705 0.6471
vt 0.7720 0.9939
vt 0.8805 0.9939
vt 0.8782 0.9072
vt 0.7532 0.9072
vt 0.9890 0.9939
vt 0.9890 0.9072
vt 0.0113 0.9939
vt 0.2310 0.9939
vt 0.2291 0.9072
vt 0.0113 0.9072
vt 0.4507 0.9939
vt 0.4319 0.9072
vt 0.4308 0.8205
vt 0.2291 0.8205
vt 0.0113 0.8205
vt 0.2301 0.7338
vt 0.0113 0.7338
vt 0.4334 0.7338
vt 0.4548 0.6471
vt 0.2330 0.6471
vt 0.0113 0.6471
vt 0.7500 0.8205
vt 0.8750 0.8205
vt 0.8752 0.7338
vt 0.7512 0.7338
vt 0.9890 0.8205
vt 0.9890 0.7338
vt 0.9890 0.6471
vt 0.8763 0.6471
vt 0.7637 0.6471
vt 0.7625 0.9939
vt 0.8757 0.9939
vt 0.8749 0.9072
vt 0.7505 0.9072
vt 0.9890 0.9939
vt 0.9890 0.9072
vt 0.0113 0.9939
vt 0.2331 0.9939
vt 0.2315 0.9072
vt 0.0113 0.9072
vt 0.4549 0.9939
vt 0.4378 0.9072
vt 0.4365 0.8205
vt 0.2315 0.8205
vt 0.0113 0.8205
vt 0.2325 0.7338
vt 0.0113 0.7338
vt 0.4389 0.7338
vt 0.4594 0.6471
vt 0.2354 0.6471
vt 0.0113 0.6471
vt 0.7613 0.8205
vt 0.8823 0.8205
vt 0.8822 0.7338
vt 0.7622 0.7338
vt 0.9890 0.8205
vt 0.9890 0.7338
vt 0.9890 0.6471
vt 0.8841 0.6471
vt 0.7792 0.6471
vt 0.7870 0.9939
vt 0.8880 0.9939
vt 0.8840 0.9072
vt 0.7648 0.9072
vt 0.9890 0.9939
vt 0.9890 0.9072
vt 0.0113 0.9939
vt 0.2298 0.9939
vt 0.2284 0.9072
vt 0.0113 0.9072
vt 0.4482 0.9939
vt 0.4334 0.9072
vt 0.4331 0.8205
vt 0.2287 0.8205
vt 0.0113 0.8205
vt 0.2298 0.7338
vt 0.0113 0.7338
vt 0.4353 0.7338
vt 0.4539 0.6471
vt 0.2326 0.6471
vt 0.0113 0.6471
vt 0.7639 0.8205
vt 0.8847 0.8205
vt 0.8834 0.7338
vt 0.7631 0.7338
vt 0.9890 0.8205
vt 0.9890 0.7338
vt 0.9890 0.6471
vt 0.8817 0.6471
vt 0.7745 0.6471
vt 0.7774 0.9939
vt 0.8832 0.9939
vt 0.8840 0.9072
vt 0.7637 0.9072
vt 0.9890 0.9939
vt 0.9890 0.9072
vt 0.6128 0.8205
vt 0.6143 0.9072
vt 0.4352 0.8205
vt 0.4372 0.9072
vt 0.4561 0.9939
vt 0.6197 0.9939
vt 0.6193 0.6471
vt 0.6141 0.7338
vt 0.5940 0.9072
vt 0.5940 0.8205
vt 0.5962 0.9939
vt 0.5944 0.7338
vt 0.5969 0.6471
vt 0.5907 0.9072
vt 0.5912 0.8205
vt 0.5916 0.9939
vt 0.5909 0.7338
vt 0.5920 0.6471
vt 0.5950 0.9072
vt 0.5958 0.8205
vt 0.5958 0.9939
vt 0.5962 0.7338
vt 0.5982 0.6471
vt 0.5973 0.8205
vt 0.5976 0.9072
vt 0.6003 0.9939
vt 0.6005 0.6471
vt 0.5977 0.7338
vt 0.5933 0.9072
vt 0.5965 0.8205
vt 0.5903 0.9939
vt 0.5970 0.7338
vt 0.5978 0.6471
vt 0.5972 0.8205
vt 0.5984 0.9072
vt 0.6024 0.9939
vt 0.6011 0.6471
vt 0.5977 0.7338
vt 0.6005 0.9072
vt 0.6007 0.8205
vt 0.6021 0.9939
vt 0.6007 0.7338
vt 0.6024 0.6471
vt 0.6048 0.9072
vt 0.6055 0.8205
vt 0.6060 0.9939
vt 0.6060 0.7338
vt 0.6085 0.6471
vt 0.6105 0.9072
vt 0.6098 0.8205
vt 0.6141 0.9939
vt 0.6105 0.7338
vt 0.6142 0.6471
vt 0.6094 0.8205
vt 0.6075 0.9072
vt 0.6062 0.9939
vt 0.6090 0.6471
vt 0.6089 0.7338
vt 0.6099 0.9072
vt 0.6095 0.8205
vt 0.6133 0.9939
vt 0.6107 0.7338
vt 0.6149 0.6471
vt 0.5953 0.8205
vt 0.5951 0.9072
vt 0.5971 0.9939
vt 0.5991 0.6471
vt 0.5960 0.7338
vt 0.6051 0.8205
vt 0.5996 0.9072
vt 0.5999 0.9939
vt 0.5953 0.9072
vt 0.5957 0.8205
vt 0.5970 0.9939
vt 0.5964 0.7338
vt 0.5993 0.6471
vt 0.5966 0.8205
vt 0.5966 0.9072
vt 0.5990 0.9939
vt 0.6012 0.6471
vt 0.5976 0.7338
vt 0.5957 0.8205
vt 0.5933 0.9072
vt 0.5916 0.9939
vt 0.5983 0.6471
vt 0.5965 0.7338
vt 0.5999 0.9072
vt 0.5985 0.8205
vt 0.6043 0.9939
vt 0.5989 0.7338
vt 0.6024 0.6471
vt 0.6001 0.9072
vt 0.6007 0.8205
vt 0.6012 0.9939
vt 0.6008 0.7338
vt 0.6027 0.6471
vt 0.6041 0.9072
vt 0.6045 0.8205
vt 0.6061 0.9939
vt 0.6054 0.7338
vt 0.6086 0.6471
vt 0.6074 0.8205
vt 0.6082 0.9072
vt 0.6121 0.9939
vt 0.6120 0.6471
vt 0.6081 0.7338
vt 0.6069 0.8205
vt 0.6056 0.9072
vt 0.6054 0.9939
vt 0.6077 0.6471
vt 0.6067 0.7338
vt 0.6086 0.8205
vt 0.6092 0.9072
vt 0.6130 0.9939
vt 0.6143 0.6471
vt 0.6098 0.7338
vt 0.5924 0.8205
vt 0.5927 0.9072
vt 0.5955 0.9939
vt 0.5964 0.6471
vt 0.5932 0.7338
vt 0.5874 0.9072
vt 0.5878 0.8205
vt 0.5887 0.9939
vt 0.5880 0.7338
vt 0.5900 0.6471
vt 0.5941 0.9072
vt 0.5944 0.8205
vt 0.5960 0.9939
vt 0.5953 0.7338
vt 0.5985 0.6471
vt 0.6020 0.8205
vt 0.6031 0.9072
vt 0.6074 0.9939
vt 0.6062 0.6471
vt 0.6025 0.7338
vt 0.6023 0.8205
vt 0.6003 0.9072
vt 0.5989 0.9939
vt 0.6026 0.6471
vt 0.6021 0.7338
vt 0.6032 0.9072
vt 0.6019 0.8205
vt 0.6080 0.9939
vt 0.6028 0.7338
vt 0.6071 0.6471
vt 0.5975 0.8205
vt 0.5972 0.9072
vt 0.5989 0.9939
vt 0.6003 0.6471
vt 0.5979 0.7338
vt 0.6018 0.9072
vt 0.6022 0.8205
vt 0.6036 0.9939
vt 0.6033 0.7338
vt 0.6067 0.6471
vt 0.6135 0.8205
vt 0.6150 0.9072
vt 0.6202 0.9939
vt 0.6187 0.6471
vt 0.6143 0.7338
vt 0.6126 0.8205
vt 0.6112 0.9072
vt 0.6107 0.9939
vt 0.6127 0.6471
vt 0.6121 0.7338
vt 0.6114 0.8205
vt 0.6126 0.9072
vt 0.6174 0.9939
vt 0.6175 0.6471
vt 0.6126 0.7338
vt 0.5957 0.8205
vt 0.5958 0.9072
vt 0.5985 0.9939
vt 0.6007 0.6471
vt 0.5968 0.7338
vt 0.5905 0.8205
vt 0.5901 0.9072
vt 0.5915 0.9939
vt 0.5933 0.6471
vt 0.5910 0.7338
vt 0.5967 0.8205
vt 0.5967 0.9072
vt 0.5993 0.9939
vt 0.6017 0.6471
vt 0.5979 0.7338
vt 0.6040 0.8205
vt 0.6050 0.9072
vt 0.6093 0.9939
vt 0.6093 0.6471
vt 0.6050 0.7338
vt 0.6040 0.8205
vt 0.6025 0.9072
vt 0.6022 0.9939
vt 0.6053 0.6471
vt 0.6040 0.7338
vt 0.6052 0.8205
vt 0.6068 0.9072
vt 0.6119 0.9939
vt 0.6101 0.6471
vt 0.6059 0.7338
vt 0.5995 0.8205
vt 0.5990 0.9072
vt 0.6006 0.9939
vt 0.6029 0.6471
vt 0.6001 0.7338
vt 0.6040 0.8205
vt 0.6039 0.9072
vt 0.6066 0.9939
vt 0.6092 0.6471
vt 0.6052 0.7338
vt 0.6137 0.8205
vt 0.6154 0.9072
vt 0.6210 0.9939
vt 0.6193 0.6471
vt 0.6146 0.7338
vt 0.6132 0.8205
vt 0.6123 0.9072
vt 0.6128 0.9939
vt 0.6142 0.6471
vt 0.6130 0.7338
vt 0.0113 0.9939
vt 0.2337 0.9939
vt 0.2311 0.9072
vt 0.0113 0.9072
vt 0.3899 0.6421
vt 0.3365 0.6421
vt 0.3365 0.3866
vt 0.3899 0.3866
vt 0.3365 0.3866
vt 0.3899 0.3866
vt 0.3899 0.6421
vt 0.3365 0.6421
vt 0.3365 0.3866
vt 0.3899 0.3866
vt 0.3899 0.6421
vt 0.3365 0.6421
vt 0.3899 0.6421
vt 0.3365 0.6421
vt 0.3365 0.3866
vt 0.3899 0.3866
vt 0.3365 0.3866
vt 0.3899 0.3866
vt 0.3899 0.6421
vt 0.3365 0.6421
vt 0.3365 0.3866
vt 0.3899 0.3866
vt 0.3899 0.6421
vt 0.3365 0.6421
vt 0.3899 0.6421
vt 0.3365 0.6421
vt 0.3365 0.3866
vt 0.3899 0.3866
vt 0.3365 0.3866
vt 0.3899 0.3866
vt 0.3899 0.6421
vt 0.3365 0.6421
vt 0.3365 0.3866
vt 0.3899 0.3866
vt 0.3899 0.6421
vt 0.3365 0.6421
vt 0.3899 0.6421
vt 0.3365 0.6421
vt 0.3365 0.3866
vt 0.3899 0.3866
vt 0.3365 0.3866
vt 0.3899 0.3866
vt 0.3899 0.6421
vt 0.3365 0.6421
vt 0.3365 0.3866
vt 0.3899 0.3866
vt 0.3899 0.6421
vt 0.3365 0.6421
vt 0.3899 0.6421
vt 0.3365 0.6421
vt 0.3365 0.3866
vt 0.3899 0.3866
vt 0.3365 0.3866
vt 0.3899 0.3866
vt 0.3899 0.6421
vt 0.3365 0.6421
vt 0.3365 0.3866
vt 0.3899 0.3866
vt 0.3899 0.6421
vt 0.3365 0.6421
vt 0.3899 0.6421
vt 0.3365 0.6421
vt 0.3365 0.3866
vt 0.3899 0.3866
vt 0.3365 0.3866
vt 0.3899 0.3866
vt 0.3899 0.6421
vt 0.3365 0.6421
vt 0.3365 0.3866
vt 0.3899 0.3866
vt 0.3899 0.6421
vt 0.3365 0.6421
vt 0.3899 0.6421
vt 0.3365 0.6421
vt 0.3365 0.3866
vt 0.3899 0.3866
vt 0.3365 0.3866
vt 0.3899 0.3866
vt 0.3899 0.6421
vt 0.3365 0.6421
vt 0.3365 0.3866
vt 0.3899 0.3866
vt 0.3899 0.6421
vt 0.3365 0.6421
vt 0.3899 0.6421
vt 0.3365 0.6421
vt 0.3365 0.3866
vt 0.3899 0.3866
vt 0.3365 0.3866
vt 0.3899 0.3866
vt 0.3899 0.6421
vt 0.3365 0.6421
vt 0.3365 0.3866
vt 0.3899 0.3866
vt 0.3899 0.6421
vt 0.3365 0.6421
vt 0.3899 0.6421
vt 0.3365 0.6421
vt 0.3365 0.3866
vt 0.3899 0.3866
vt 0.3365 0.3866
vt 0.3899 0.3866
vt 0.3899 0.6421
vt 0.3365 0.6421
vt 0.3365 0.3866
vt 0.3899 0.3866
vt 0.3899 0.6421
vt 0.3365 0.6421
vt 0.1182 0.3822
vt 0.2364 0.3822
vt 0.2364 0.6421
vt 0.1182 0.6421
vt 0.0000 0.3822
vt 0.0000 0.6421
vt 0.1182 0.3822
vt 0.2364 0.3822
vt 0.2364 0.6421
vt 0.1182 0.6421
vt 0.0000 0.3822
vt 0.0000 0.6421
vt 0.1182 0.3822
vt 0.2364 0.3822
vt 0.2364 0.6421
vt 0.1182 0.6421
vt 0.0000 0.3822
vt 0.0000 0.6421
vt 0.1182 0.3822
vt 0.2364 0.3822
vt 0.2364 0.6421
vt 0.1182 0.6421
vt 0.0000 0.3822
vt 0.0000 0.6421
vt 0.1182 0.3822
vt 0.2364 0.3822
vt 0.2364 0.6421
vt 0.1182 0.6421
vt 0.0000 0.3822
vt 0.0000 0.6421
vt 0.1182 0.3822
vt 0.2364 0.3822
vt 0.2364 0.6421
vt 0.1182 0.6421
vt 0.0000 0.3822
vt 0.0000 0.6421
vt 0.1182 0.3822
vt 0.2364 0.3822
vt 0.2364 0.6421
vt 0.1182 0.6421
vt 0.0000 0.3822
vt 0.0000 0.6421
vt 0.1182 0.3822
vt 0.2364 0.3822
vt 0.2364 0.6421
vt 0.1182 0.6421
vt 0.0000 0.3822
vt 0.0000 0.6421
vt 0.1182 0.3822
vt 0.2364 0.3822
vt 0.2364 0.6421
vt 0.1182 0.6421
vt 0.0000 0.3822
vt 0.0000 0.6421
vt 0.1182 0.3822
vt 0.2364 0.3822
vt 0.2364 0.6421
vt 0.1182 0.6421
vt 0.0000 0.3822
vt 0.0000 0.6421
vt 0.1182 0.3822
vt 0.2364 0.3822
vt 0.2364 0.6421
vt 0.1182 0.6421
vt 0.0000 0.3822
vt 0.0000 0.6421
vt 0.1182 0.3822
vt 0.2364 0.3822
vt 0.2364 0.6421
vt 0.1182 0.6421
vt 0.0000 0.3822
vt 0.0000 0.6421
vt 0.1182 0.3822
vt 0.2364 0.3822
vt 0.2364 0.6421
vt 0.1182 0.6421
vt 0.0000 0.3822
vt 0.0000 0.6421
vt 0.1182 0.3822
vt 0.2364 0.3822
vt 0.2364 0.6421
vt 0.1182 0.6421
vt 0.0000 0.3822
vt 0.0000 0.6421
vt 0.1182 0.3822
vt 0.2364 0.3822
vt 0.2364 0.6421
vt 0.1182 0.6421
vt 0.0000 0.3822
vt 0.0000 0.6421
vt 0.1182 0.3822
vt 0.2364 0.3822
vt 0.2364 0.6421
vt 0.1182 0.6421
vt 0.0000 0.3822
vt 0.0000 0.6421
vt 0.1182 0.3822
vt 0.2364 0.3822
vt 0.2364 0.6421
vt 0.1182 0.6421
vt 0.0000 0.3822
vt 0.0000 0.6421
vt 0.1182 0.3822
vt 0.2364 0.3822
vt 0.2364 0.6421
vt 0.1182 0.6421
vt 0.0000 0.3822
vt 0.0000 0.6421
vt 0.1182 0.3822
vt 0.2364 0.3822
vt 0.2364 0.6421
vt 0.1182 0.6421
vt 0.0000 0.3822
vt 0.0000 0.6421
vt 0.1182 0.3822
vt 0.2364 0.3822
vt 0.2364 0.6421
vt 0.1182 0.6421
vt 0.0000 0.3822
vt 0.0000 0.6421
vt 0.1182 0.3822
vt 0.2364 0.3822
vt 0.2364 0.6421
vt 0.1182 0.6421
vt 0.0000 0.3822
vt 0.0000 0.6421
vt 0.1182 0.3822
vt 0.2364 0.3822
vt 0.2364 0.6421
vt 0.1182 0.6421
vt 0.0000 0.3822
vt 0.0000 0.6421
vt 0.1182 0.3822
vt 0.2364 0.3822
vt 0.2364 0.6421
vt 0.1182 0.6421
vt 0.0000 0.3822
vt 0.0000 0.6421
vt 0.1182 0.3822
vt 0.2364 0.3822
vt 0.2364 0.6421
vt 0.1182 0.6421
vt 0.0000 0.3822
vt 0.0000 0.6421
vt 0.1182 0.3822
vt 0.2364 0.3822
vt 0.2364 0.6421
vt 0.1182 0.6421
vt 0.0000 0.3822
vt 0.0000 0.6421
vt 0.1182 0.3822
vt 0.2364 0.3822
vt 0.2364 0.6421
vt 0.1182 0.6421
vt 0.0000 0.3822
vt 0.0000 0.6421
vt 0.1182 0.3822
vt 0.2364 0.3822
vt 0.2364 0.6421
vt 0.1182 0.6421
vt 0.0000 0.3822
vt 0.0000 0.6421
vt 0.1182 0.3822
vt 0.2364 0.3822
vt 0.2364 0.6421
vt 0.1182 0.6421
vt 0.0000 0.3822
vt 0.0000 0.6421
vt 0.1182 0.3822
vt 0.2364 0.3822
vt 0.2364 0.6421
vt 0.1182 0.6421
vt 0.0000 0.3822
vt 0.0000 0.6421
vt 0.1182 0.3822
vt 0.2364 0.3822
vt 0.2364 0.6421
vt 0.1182 0.6421
vt 0.0000 0.3822
vt 0.0000 0.6421
vt 0.1182 0.3822
vt 0.2364 0.3822
vt 0.2364 0.6421
vt 0.1182 0.6421
vt 0.0000 0.3822
vt 0.0000 0.6421
vt 0.1182 0.3822
vt 0.2364 0.3822
vt 0.2364 0.6421
vt 0.1182 0.6421
vt 0.0000 0.3822
vt 0.0000 0.6421
vt 0.1182 0.3822
vt 0.2364 0.3822
vt 0.2364 0.6421
vt 0.1182 0.6421
vt 0.0000 0.3822
vt 0.0000 0.6421
vt 0.1182 0.3822
vt 0.2364 0.3822
vt 0.2364 0.6421
vt 0.1182 0.6421
vt 0.0000 0.3822
vt 0.0000 0.6421
vt 0.1182 0.3822
vt 0.2364 0.3822
vt 0.2364 0.6421
vt 0.1182 0.6421
vt 0.0000 0.3822
vt 0.0000 0.6421
vt 0.1182 0.3822
vt 0.2364 0.3822
vt 0.2364 0.6421
vt 0.1182 0.6421
vt 0.0000 0.3822
vt 0.0000 0.6421
vt 0.1182 0.3822
vt 0.2364 0.3822
vt 0.2364 0.6421
vt 0.1182 0.6421
vt 0.0000 0.3822
vt 0.0000 0.6421
vt 0.1182 0.3822
vt 0.2364 0.3822
vt 0.2364 0.6421
vt 0.1182 0.6421
vt 0.0000 0.3822
vt 0.0000 0.6421
vt 0.1182 0.3822
vt 0.2364 0.3822
vt 0.2364 0.6421
vt 0.1182 0.6421
vt 0.0000 0.3822
vt 0.0000 0.6421
vt 0.1182 0.3822
vt 0.2364 0.3822
vt 0.2364 0.6421
vt 0.1182 0.6421
vt 0.0000 0.3822
vt 0.0000 0.6421
vt 0.1182 0.3822
vt 0.2364 0.3822
vt 0.2364 0.6421
vt 0.1182 0.6421
vt 0.0000 0.3822
vt 0.0000 0.6421
vt 0.1182 0.3822
vt 0.2364 0.3822
vt 0.2364 0.6421
vt 0.1182 0.6421
vt 0.0000 0.3822
vt 0.0000 0.6421
vt 0.1182 0.3822
vt 0.2364 0.3822
vt 0.2364 0.6421
vt 0.1182 0.6421
vt 0.0000 0.3822
vt 0.0000 0.6421
vt 0.1182 0.3822
vt 0.2364 0.3822
vt 0.2364 0.6421
vt 0.1182 0.6421
vt 0.0000 0.3822
vt 0.0000 0.6421
vt 0.1182 0.3822
vt 0.2364 0.3822
vt 0.2364 0.6421
vt 0.1182 0.6421
vt 0.0000 0.3822
vt 0.0000 0.6421
vt 0.1182 0.3822
vt 0.2364 0.3822
vt 0.2364 0.6421
vt 0.1182 0.6421
vt 0.0000 0.3822
vt 0.0000 0.6421
vt 0.1182 0.3822
vt 0.2364 0.3822
vt 0.2364 0.6421
vt 0.1182 0.6421
vt 0.0000 0.3822
vt 0.0000 0.6421
vt 0.1182 0.3822
vt 0.2364 0.3822
vt 0.2364 0.6421
vt 0.1182 0.6421
vt 0.0000 0.3822
vt 0.0000 0.6421
vt 0.1182 0.3822
vt 0.2364 0.3822
vt 0.2364 0.6421
vt 0.1182 0.6421
vt 0.0000 0.3822
vt 0.0000 0.6421
vt 0.1182 0.3822
vt 0.2364 0.3822
vt 0.2364 0.6421
vt 0.1182 0.6421
vt 0.0000 0.3822
vt 0.0000 0.6421
vt 0.1182 0.3822
vt 0.2364 0.3822
vt 0.2364 0.6421
vt 0.1182 0.6421
vt 0.0000 0.3822
vt 0.0000 0.6421
vt 0.1182 0.3822
vt 0.2364 0.3822
vt 0.2364 0.6421
vt 0.1182 0.6421
vt 0.0000 0.3822
vt 0.0000 0.6421
vt 0.1182 0.3822
vt 0.2364 0.3822
vt 0.2364 0.6421
vt 0.1182 0.6421
vt 0.0000 0.3822
vt 0.0000 0.6421
vt 0.1182 0.3822
vt 0.2364 0.3822
vt 0.2364 0.6421
vt 0.1182 0.6421
vt 0.0000 0.3822
vt 0.0000 0.6421
vt 0.1182 0.3822
vt 0.2364 0.3822
vt 0.2364 0.6421
vt 0.1182 0.6421
vt 0.0000 0.3822
vt 0.0000 0.6421
vt 0.1182 0.3822
vt 0.2364 0.3822
vt 0.2364 0.6421
vt 0.1182 0.6421
vt 0.0000 0.3822
vt 0.0000 0.6421
vt 0.1182 0.3822
vt 0.2364 0.3822
vt 0.2364 0.6421
vt 0.1182 0.6421
vt 0.0000 0.3822
vt 0.0000 0.6421
vt 0.1182 0.3822
vt 0.2364 0.3822
vt 0.2364 0.6421
vt 0.1182 0.6421
vt 0.0000 0.3822
vt 0.0000 0.6421
vt 0.1182 0.3822
vt 0.2364 0.3822
vt 0.2364 0.6421
vt 0.1182 0.6421
vt 0.0000 0.3822
vt 0.0000 0.6421
vt 0.1182 0.3822
vt 0.2364 0.3822
vt 0.2364 0.6421
vt 0.1182 0.6421
vt 0.0000 0.3822
vt 0.0000 0.6421
vt 0.1182 0.3822
vt 0.2364 0.3822
vt 0.2364 0.6421
vt 0.1182 0.6421
vt 0.0000 0.3822
vt 0.0000 0.6421
vt 0.1182 0.3822
vt 0.2364 0.3822
vt 0.2364 0.6421
vt 0.1182 0.6421
vt 0.0000 0.3822
vt 0.0000 0.6421
vt 0.1182 0.3822
vt 0.2364 0.3822
vt 0.2364 0.6421
vt 0.1182 0.6421
vt 0.0000 0.3822
vt 0.0000 0.6421
vt 0.1182 0.3822
vt 0.2364 0.3822
vt 0.2364 0.6421
vt 0.1182 0.6421
vt 0.0000 0.3822
vt 0.0000 0.6421
vt 0.1182 0.3822
vt 0.2364 0.3822
vt 0.2364 0.6421
vt 0.1182 0.6421
vt 0.0000 0.3822
vt 0.0000 0.6421
vt 0.1182 0.3822
vt 0.2364 0.3822
vt 0.2364 0.6421
vt 0.1182 0.6421
vt 0.0000 0.3822
vt 0.0000 0.6421
vt 0.1182 0.3822
vt 0.2364 0.3822
vt 0.2364 0.6421
vt 0.1182 0.6421
vt 0.0000 0.3822
vt 0.0000 0.6421
vt 0.1182 0.3822
vt 0.2364 0.3822
vt 0.2364 0.6421
vt 0.1182 0.6421
vt 0.0000 0.3822
vt 0.0000 0.6421
vt 0.1182 0.3822
vt 0.2364 0.3822
vt 0.2364 0.6421
vt 0.1182 0.6421
vt 0.0000 0.3822
vt 0.0000 0.6421
vt 0.1182 0.3822
vt 0.2364 0.3822
vt 0.2364 0.6421
vt 0.1182 0.6421
vt 0.0000 0.3822
vt 0.0000 0.6421
vt 0.1182 0.3822
vt 0.2364 0.3822
vt 0.2364 0.6421
vt 0.1182 0.6421
vt 0.0000 0.3822
vt 0.0000 0.6421
vt 0.1182 0.3822
vt 0.2364 0.3822
vt 0.2364 0.6421
vt 0.1182 0.6421
vt 0.0000 0.3822
vt 0.0000 0.6421
vt 0.1182 0.3822
vt 0.2364 0.3822
vt 0.2364 0.6421
vt 0.1182 0.6421
vt 0.0000 0.3822
vt 0.0000 0.6421
vt 0.1182 0.3822
vt 0.2364 0.3822
vt 0.2364 0.6421
vt 0.1182 0.6421
vt 0.0000 0.3822
vt 0.0000 0.6421
vt 0.1182 0.3822
vt 0.2364 0.3822
vt 0.2364 0.6421
vt 0.1182 0.6421
vt 0.0000 0.3822
vt 0.0000 0.6421
vt 0.1182 0.3822
vt 0.2364 0.3822
vt 0.2364 0.6421
vt 0.1182 0.6421
vt 0.0000 0.3822
vt 0.0000 0.6421
vt 0.1182 0.3822
vt 0.2364 0.3822
vt 0.2364 0.6421
vt 0.1182 0.6421
vt 0.0000 0.3822
vt 0.0000 0.6421
vt 0.1182 0.3822
vt 0.2364 0.3822
vt 0.2364 0.6421
vt 0.1182 0.6421
vt 0.0000 0.3822
vt 0.0000 0.6421
vt 0.1182 0.3822
vt 0.2364 0.3822
vt 0.2364 0.6421
vt 0.1182 0.6421
vt 0.0000 0.3822
vt 0.0000 0.6421
vt 0.1182 0.3822
vt 0.2364 0.3822
vt 0.2364 0.6421
vt 0.1182 0.6421
vt 0.0000 0.3822
vt 0.0000 0.6421
vt 0.1182 0.3822
vt 0.2364 0.3822
vt 0.2364 0.6421
vt 0.1182 0.6421
vt 0.0000 0.3822
vt 0.0000 0.6421
vt 0.1182 0.3822
vt 0.2364 0.3822
vt 0.2364 0.6421
vt 0.1182 0.6421
vt 0.0000 0.3822
vt 0.0000 0.6421
vt 0.1182 0.3822
vt 0.2364 0.3822
vt 0.2364 0.6421
vt 0.1182 0.6421
vt 0.0000 0.3822
vt 0.0000 0.6421
vt 0.1182 0.3822
vt 0.2364 0.3822
vt 0.2364 0.6421
vt 0.1182 0.6421
vt 0.0000 0.3822
vt 0.0000 0.6421
vt 0.1182 0.3822
vt 0.2364 0.3822
vt 0.2364 0.6421
vt 0.1182 0.6421
vt 0.0000 0.3822
vt 0.0000 0.6421
vt 0.1182 0.3822
vt 0.2364 0.3822
vt 0.2364 0.6421
vt 0.1182 0.6421
vt 0.0000 0.3822
vt 0.0000 0.6421
vt 0.1182 0.3822
vt 0.2364 0.3822
vt 0.2364 0.6421
vt 0.1182 0.6421
vt 0.0000 0.3822
vt 0.0000 0.6421
vt 0.1182 0.3822
vt 0.2364 0.3822
vt 0.2364 0.6421
vt 0.1182 0.6421
vt 0.0000 0.3822
vt 0.0000 0.6421
vt 0.1182 0.3822
vt 0.2364 0.3822
vt 0.2364 0.6421
vt 0.1182 0.6421
vt 0.0000 0.3822
vt 0.0000 0.6421
vt 0.1182 0.3822
vt 0.2364 0.3822
vt 0.2364 0.6421
vt 0.1182 0.6421
vt 0.0000 0.3822
vt 0.0000 0.6421
vt 0.1182 0.3822
vt 0.2364 0.3822
vt 0.2364 0.6421
vt 0.1182 0.6421
vt 0.0000 0.3822
vt 0.0000 0.6421
vt 0.1182 0.3822
vt 0.2364 0.3822
vt 0.2364 0.6421
vt 0.1182 0.6421
vt 0.0000 0.3822
vt 0.0000 0.6421
vt 0.1182 0.3822
vt 0.2364 0.3822
vt 0.2364 0.6421
vt 0.1182 0.6421
vt 0.0000 0.3822
vt 0.0000 0.6421
vt 0.1182 0.3822
vt 0.2364 0.3822
vt 0.2364 0.6421
vt 0.1182 0.6421
vt 0.0000 0.3822
vt 0.0000 0.6421
vt 0.1182 0.3822
vt 0.2364 0.3822
vt 0.2364 0.6421
vt 0.1182 0.6421
vt 0.0000 0.3822
vt 0.0000 0.6421
vt 0.1182 0.3822
vt 0.2364 0.3822
vt 0.2364 0.6421
vt 0.1182 0.6421
vt 0.0000 0.3822
vt 0.0000 0.6421
vt 0.1182 0.3822
vt 0.2364 0.3822
vt 0.2364 0.6421
vt 0.1182 0.6421
vt 0.0000 0.3822
vt 0.0000 0.6421
vt 0.1182 0.3822
vt 0.2364 0.3822
vt 0.2364 0.6421
vt 0.1182 0.6421
vt 0.0000 0.3822
vt 0.0000 0.6421
vt 0.1182 0.3822
vt 0.2364 0.3822
vt 0.2364 0.6421
vt 0.1182 0.6421
vt 0.0000 0.3822
vt 0.0000 0.6421
vt 0.1182 0.3822
vt 0.2364 0.3822
vt 0.2364 0.6421
vt 0.1182 0.6421
vt 0.0000 0.3822
vt 0.0000 0.6421
vt 0.1182 0.3822
vt 0.2364 0.3822
vt 0.2364 0.6421
vt 0.1182 0.6421
vt 0.0000 0.3822
vt 0.0000 0.6421
vt 0.1182 0.3822
vt 0.2364 0.3822
vt 0.2364 0.6421
vt 0.1182 0.6421
vt 0.0000 0.3822
vt 0.0000 0.6421
vt 0.1182 0.3822
vt 0.2364 0.3822
vt 0.2364 0.6421
vt 0.1182 0.6421
vt 0.0000 0.3822
vt 0.0000 0.6421
vt 0.1182 0.3822
vt 0.2364 0.3822
vt 0.2364 0.6421
vt 0.1182 0.6421
vt 0.0000 0.3822
vt 0.0000 0.6421
vt 0.1182 0.3822
vt 0.2364 0.3822
vt 0.2364 0.6421
vt 0.1182 0.6421
vt 0.0000 0.3822
vt 0.0000 0.6421
vt 0.1182 0.3822
vt 0.2364 0.3822
vt 0.2364 0.6421
vt 0.1182 0.6421
vt 0.0000 0.3822
vt 0.0000 0.6421
vt 0.1182 0.3822
vt 0.2364 0.3822
vt 0.2364 0.6421
vt 0.1182 0.6421
vt 0.0000 0.3822
vt 0.0000 0.6421
vt 0.1182 0.3822
vt 0.2364 0.3822
vt 0.2364 0.6421
vt 0.1182 0.6421
vt 0.0000 0.3822
vt 0.0000 0.6421
vt 0.1182 0.3822
vt 0.2364 0.3822
vt 0.2364 0.6421
vt 0.1182 0.6421
vt 0.0000 0.3822
vt 0.0000 0.6421
vt 0.1182 0.3822
vt 0.2364 0.3822
vt 0.2364 0.6421
vt 0.1182 0.6421
vt 0.0000 0.3822
vt 0.0000 0.6421
vt 0.1182 0.3822
vt 0.2364 0.3822
vt 0.2364 0.6421
vt 0.1182 0.6421
vt 0.0000 0.3822
vt 0.0000 0.6421
vt 0.1182 0.3822
vt 0.2364 0.3822
vt 0.2364 0.6421
vt 0.1182 0.6421
vt 0.0000 0.3822
vt 0.0000 0.6421
vt 0.1182 0.3822
vt 0.2364 0.3822
vt 0.2364 0.6421
vt 0.1182 0.6421
vt 0.0000 0.3822
vt 0.0000 0.6421
vt 0.1182 0.3822
vt 0.2364 0.3822
vt 0.2364 0.6421
vt 0.1182 0.6421
vt 0.0000 0.3822
vt 0.0000 0.6421
vt 0.1182 0.3822
vt 0.2364 0.3822
vt 0.2364 0.6421
vt 0.1182 0.6421
vt 0.0000 0.3822
vt 0.0000 0.6421
vt 0.1182 0.3822
vt 0.2364 0.3822
vt 0.2364 0.6421
vt 0.1182 0.6421
vt 0.0000 0.3822
vt 0.0000 0.6421
vt 0.1182 0.3822
vt 0.2364 0.3822
vt 0.2364 0.6421
vt 0.1182 0.6421
vt 0.0000 0.3822
vt 0.0000 0.6421
vt 0.1182 0.3822
vt 0.2364 0.3822
vt 0.2364 0.6421
vt 0.1182 0.6421
vt 0.0000 0.3822
vt 0.0000 0.6421
vt 0.1182 0.3822
vt 0.2364 0.3822
vt 0.2364 0.6421
vt 0.1182 0.6421
vt 0.0000 0.3822
vt 0.0000 0.6421
vt 0.1182 0.3822
vt 0.2364 0.3822
vt 0.2364 0.6421
vt 0.1182 0.6421
vt 0.0000 0.3822
vt 0.0000 0.6421
vt 0.1182 0.3822
vt 0.2364 0.3822
vt 0.2364 0.6421
vt 0.1182 0.6421
vt 0.0000 0.3822
vt 0.0000 0.6421
vt 0.1182 0.3822
vt 0.2364 0.3822
vt 0.2364 0.6421
vt 0.1182 0.6421
vt 0.0000 0.3822
vt 0.0000 0.6421
vt 0.1182 0.3822
vt 0.2364 0.3822
vt 0.2364 0.6421
vt 0.1182 0.6421
vt 0.0000 0.3822
vt 0.0000 0.6421
vt 0.1182 0.3822
vt 0.2364 0.3822
vt 0.2364 0.6421
vt 0.1182 0.6421
vt 0.0000 0.3822
vt 0.0000 0.6421
vt 0.1182 0.3822
vt 0.2364 0.3822
vt 0.2364 0.6421
vt 0.1182 0.6421
vt 0.0000 0.3822
vt 0.0000 0.6421
vt 0.1182 0.3822
vt 0.2364 0.3822
vt 0.2364 0.6421
vt 0.1182 0.6421
vt 0.0000 0.3822
vt 0.0000 0.6421
vt 0.1182 0.3822
vt 0.2364 0.3822
vt 0.2364 0.6421
vt 0.1182 0.6421
vt 0.0000 0.3822
vt 0.0000 0.6421
vt 0.1182 0.3822
vt 0.2364 0.3822
vt 0.2364 0.6421
vt 0.1182 0.6421
vt 0.0000 0.3822
vt 0.0000 0.6421
vt 0.1182 0.3822
vt 0.2364 0.3822
vt 0.2364 0.6421
vt 0.1182 0.6421
vt 0.0000 0.3822
vt 0.0000 0.6421
vt 0.1182 0.3822
vt 0.2364 0.3822
vt 0.2364 0.6421
vt 0.1182 0.6421
vt 0.0000 0.3822
vt 0.0000 0.6421
vt 0.1182 0.3822
vt 0.2364 0.3822
vt 0.2364 0.6421
vt 0.1182 0.6421
vt 0.0000 0.3822
vt 0.0000 0.6421
vt 0.1182 0.3822
vt 0.2364 0.3822
vt 0.2364 0.6421
vt 0.1182 0.6421
vt 0.0000 0.3822
vt 0.0000 0.6421
vt 0.1182 0.3822
vt 0.2364 0.3822
vt 0.2364 0.6421
vt 0.1182 0.6421
vt 0.0000 0.3822
vt 0.0000 0.6421
vt 0.1182 0.3822
vt 0.2364 0.3822
vt 0.2364 0.6421
vt 0.1182 0.6421
vt 0.0000 0.3822
vt 0.0000 0.6421
vt 0.1182 0.3822
vt 0.2364 0.3822
vt 0.2364 0.6421
vt 0.1182 0.6421
vt 0.0000 0.3822
vt 0.0000 0.6421
vt 0.1182 0.3822
vt 0.2364 0.3822
vt 0.2364 0.6421
vt 0.1182 0.6421
vt 0.0000 0.3822
vt 0.0000 0.6421
vt 0.1182 0.3822
vt 0.2364 0.3822
vt 0.2364 0.6421
vt 0.1182 0.6421
vt 0.0000 0.3822
vt 0.0000 0.6421
vt 0.1182 0.3822
vt 0.2364 0.3822
vt 0.2364 0.6421
vt 0.1182 0.6421
vt 0.0000 0.3822
vt 0.0000 0.6421
vt 0.1182 0.3822
vt 0.2364 0.3822
vt 0.2364 0.6421
vt 0.1182 0.6421
vt 0.0000 0.3822
vt 0.0000 0.6421
vt 0.1182 0.3822
vt 0.2364 0.3822
vt 0.2364 0.6421
vt 0.1182 0.6421
vt 0.0000 0.3822
vt 0.0000 0.6421
vt 0.1182 0.3822
vt 0.2364 0.3822
vt 0.2364 0.6421
vt 0.1182 0.6421
vt 0.0000 0.3822
vt 0.0000 0.6421
vt 0.1182 0.3822
vt 0.2364 0.3822
vt 0.2364 0.6421
vt 0.1182 0.6421
vt 0.0000 0.3822
vt 0.0000 0.6421
vt 0.1182 0.3822
vt 0.2364 0.3822
vt 0.2364 0.6421
vt 0.1182 0.6421
vt 0.0000 0.3822
vt 0.0000 0.6421
vt 0.1182 0.3822
vt 0.2364 0.3822
vt 0.2364 0.6421
vt 0.1182 0.6421
vt 0.0000 0.3822
vt 0.0000 0.6421
vt 0.1182 0.3822
vt 0.2364 0.3822
vt 0.2364 0.6421
vt 0.1182 0.6421
vt 0.0000 0.3822
vt 0.0000 0.6421
vt 0.1182 0.3822
vt 0.2364 0.3822
vt 0.2364 0.6421
vt 0.1182 0.6421
vt 0.0000 0.3822
vt 0.0000 0.6421
vt 0.1182 0.3822
vt 0.2364 0.3822
vt 0.2364 0.6421
vt 0.1182 0.6421
vt 0.0000 0.3822
vt 0.0000 0.6421
vt 0.1182 0.3822
vt 0.2364 0.3822
vt 0.2364 0.6421
vt 0.1182 0.6421
vt 0.0000 0.3822
vt 0.0000 0.6421
vt 0.1182 0.3822
vt 0.2364 0.3822
vt 0.2364 0.6421
vt 0.1182 0.6421
vt 0.0000 0.3822
vt 0.0000 0.6421
vt 0.1182 0.3822
vt 0.2364 0.3822
vt 0.2364 0.6421
vt 0.1182 0.6421
vt 0.0000 0.3822
vt 0.0000 0.6421
vt 0.1182 0.3822
vt 0.2364 0.3822
vt 0.2364 0.6421
vt 0.1182 0.6421
vt 0.0000 0.3822
vt 0.0000 0.6421
vt 0.1182 0.3822
vt 0.2364 0.3822
vt 0.2364 0.6421
vt 0.1182 0.6421
vt 0.0000 0.3822
vt 0.0000 0.6421
vt 0.1182 0.3822
vt 0.2364 0.3822
vt 0.2364 0.6421
vt 0.1182 0.6421
vt 0.0000 0.3822
vt 0.0000 0.6421
vt 0.1182 0.3822
vt 0.2364 0.3822
vt 0.2364 0.6421
vt 0.1182 0.6421
vt 0.0000 0.3822
vt 0.0000 0.6421
vt 0.1182 0.3822
vt 0.2364 0.3822
vt 0.2364 0.6421
vt 0.1182 0.6421
vt 0.0000 0.3822
vt 0.0000 0.6421
vt 0.1182 0.3822
vt 0.2364 0.3822
vt 0.2364 0.6421
vt 0.1182 0.6421
vt 0.0000 0.3822
vt 0.0000 0.6421
vt 0.1182 0.3822
vt 0.2364 0.3822
vt 0.2364 0.6421
vt 0.1182 0.6421
vt 0.0000 0.3822
vt 0.0000 0.6421
vt 0.1182 0.3822
vt 0.2364 0.3822
vt 0.2364 0.6421
vt 0.1182 0.6421
vt 0.0000 0.3822
vt 0.0000 0.6421
vt 0.1182 0.3822
vt 0.2364 0.3822
vt 0.2364 0.6421
vt 0.1182 0.6421
vt 0.0000 0.3822
vt 0.0000 0.6421
vt 0.1182 0.3822
vt 0.2364 0.3822
vt 0.2364 0.6421
vt 0.1182 0.6421
vt 0.0000 0.3822
vt 0.0000 0.6421
vt 0.1182 0.3822
vt 0.2364 0.3822
vt 0.2364 0.6421
vt 0.1182 0.6421
vt 0.0000 0.3822
vt 0.0000 0.6421
vt 0.1182 0.3822
vt 0.2364 0.3822
vt 0.2364 0.6421
vt 0.1182 0.6421
vt 0.0000 0.3822
vt 0.0000 0.6421
vt 0.1182 0.3822
vt 0.2364 0.3822
vt 0.2364 0.6421
vt 0.1182 0.6421
vt 0.0000 0.3822
vt 0.0000 0.6421
vt 0.1182 0.3822
vt 0.2364 0.3822
vt 0.2364 0.6421
vt 0.1182 0.6421
vt 0.0000 0.3822
vt 0.0000 0.6421
vt 0.1182 0.3822
vt 0.2364 0.3822
vt 0.2364 0.6421
vt 0.1182 0.6421
vt 0.0000 0.3822
vt 0.0000 0.6421
vt 0.1182 0.3822
vt 0.2364 0.3822
vt 0.2364 0.6421
vt 0.1182 0.6421
vt 0.0000 0.3822
vt 0.0000 0.6421
vt 0.1182 0.3822
vt 0.2364 0.3822
vt 0.2364 0.6421
vt 0.1182 0.6421
vt 0.0000 0.3822
vt 0.0000 0.6421
vt 0.1182 0.3822
vt 0.2364 0.3822
vt 0.2364 0.6421
vt 0.1182 0.6421
vt 0.0000 0.3822
vt 0.0000 0.6421
vt 0.3899 0.6421
vt 0.3365 0.6421
vt 0.3365 0.3866
vt 0.3899 0.3866
vt 0.3365 0.3866
vt 0.3899 0.3866
vt 0.3899 0.6421
vt 0.3365 0.6421
vt 0.3365 0.3866
vt 0.3899 0.3866
vt 0.3899 0.6421
vt 0.3365 0.6421
vt 0.3899 0.6421
vt 0.3365 0.6421
vt 0.3365 0.3866
vt 0.3899 0.3866
vt 0.3365 0.3866
vt 0.3899 0.3866
vt 0.3899 0.6421
vt 0.3365 0.6421
vt 0.3365 0.3866
vt 0.3899 0.3866
vt 0.3899 0.6421
vt 0.3365 0.6421
vt 0.3899 0.6421
vt 0.3365 0.6421
vt 0.3365 0.3866
vt 0.3899 0.3866
vt 0.3365 0.3866
vt 0.3899 0.3866
vt 0.3899 0.6421
vt 0.3365 0.6421
vt 0.3365 0.3866
vt 0.3899 0.3866
vt 0.3899 0.6421
vt 0.3365 0.6421
vt 0.3899 0.6421
vt 0.3365 0.6421
vt 0.3365 0.3866
vt 0.3899 0.3866
vt 0.3365 0.3866
vt 0.3899 0.3866
vt 0.3899 0.6421
vt 0.3365 0.6421
vt 0.3365 0.3866
vt 0.3899 0.3866
vt 0.3899 0.6421
vt 0.3365 0.6421
vt 0.3899 0.6421
vt 0.3365 0.6421
vt 0.3365 0.3866
vt 0.3899 0.3866
vt 0.3365 0.3866
vt 0.3899 0.3866
vt 0.3899 0.6421
vt 0.3365 0.6421
vt 0.3365 0.3866
vt 0.3899 0.3866
vt 0.3899 0.6421
vt 0.3365 0.6421
vt 0.3899 0.6421
vt 0.3365 0.6421
vt 0.3365 0.3866
vt 0.3899 0.3866
vt 0.3365 0.3866
vt 0.3899 0.3866
vt 0.3899 0.6421
vt 0.3365 0.6421
vt 0.3365 0.3866
vt 0.3899 0.3866
vt 0.3899 0.6421
vt 0.3365 0.6421
vt 0.3899 0.6421
vt 0.3365 0.6421
vt 0.3365 0.3866
vt 0.3899 0.3866
vt 0.3365 0.3866
vt 0.3899 0.3866
vt 0.3899 0.6421
vt 0.3365 0.6421
vt 0.3365 0.3866
vt 0.3899 0.3866
vt 0.3899 0.6421
vt 0.3365 0.6421
vt 0.3899 0.6421
vt 0.3365 0.6421
vt 0.3365 0.3866
vt 0.3899 0.3866
vt 0.3365 0.3866
vt 0.3899 0.3866
vt 0.3899 0.6421
vt 0.3365 0.6421
vt 0.3365 0.3866
vt 0.3899 0.3866
vt 0.3899 0.6421
vt 0.3365 0.6421
vt 0.3899 0.6421
vt 0.3365 0.6421
vt 0.3365 0.3866
vt 0.3899 0.3866
vt 0.3365 0.3866
vt 0.3899 0.3866
vt 0.3899 0.6421
vt 0.3365 0.6421
vt 0.3365 0.3866
vt 0.3899 0.3866
vt 0.3899 0.6421
vt 0.3365 0.6421
vt 0.3899 0.6421
vt 0.3365 0.6421
vt 0.3365 0.3866
vt 0.3899 0.3866
vt 0.3365 0.3866
vt 0.3899 0.3866
vt 0.3899 0.6421
vt 0.3365 0.6421
vt 0.3365 0.3866
vt 0.3899 0.3866
vt 0.3899 0.6421
vt 0.3365 0.6421
vt 0.3899 0.6421
vt 0.3365 0.6421
vt 0.3365 0.3866
vt 0.3899 0.3866
vt 0.3365 0.3866
vt 0.3899 0.3866
vt 0.3899 0.6421
vt 0.3365 0.6421
vt 0.3365 0.3866
vt 0.3899 0.3866
vt 0.3899 0.6421
vt 0.3365 0.6421
vt 0.3899 0.6421
vt 0.3899 0.3866
vt 0.3365 0.3866
vt 0.3365 0.6421
vt 0.3365 0.3866
vt 0.3365 0.6421
vt 0.3899 0.6421
vt 0.3899 0.3866
vt 0.3365 0.3866
vt 0.3365 0.6421
vt 0.3899 0.6421
vt 0.3899 0.3866
vt 0.3899 0.6421
vt 0.3899 0.3866
vt 0.3365 0.3866
vt 0.3365 0.6421
vt 0.3365 0.3866
vt 0.3899 0.3866
vt 0.3899 0.6421
vt 0.3365 0.6421
vt 0.3365 0.3866
vt 0.3365 0.6421
vt 0.3899 0.6421
vt 0.3899 0.3866
f 1/1 2/2 3/3 4/4
f 5/5 6/6 7/7 8/8
f 9/9 10/10 11/11 12/12
f 37/13 422/14 1184/15 421/16
f 422/14 84/17 423/18 1184/15
f 1184/15 423/18 83/19 424/20
f 421/16 1184/15 424/20 35/21
f 81/22 427/23 1185/24 426/25
f 427/23 23/26 428/27 1185/24
f 1185/24 428/27 161/28 429/29
f 426/25 1185/24 429/29 133/30
f 133/30 429/29 1186/31 430/32
f 429/29 161/28 431/33 1186/31
f 1186/31 431/33 160/34 432/35
f 430/32 1186/31 432/35 118/36
f 79/37 434/38 1187/39 433/40
f 434/38 157/41 435/42 1187/39
f 1187/39 435/42 22/43 436/44
f 433/40 1187/39 436/44 80/45
f 107/46 438/47 1188/48 437/49
f 438/47 159/50 439/51 1188/48
f 1188/48 439/51 24/52 440/53
f 437/49 1188/48 440/53 77/54
f 80/45 436/44 1189/55 441/56
f 436/44 22/43 442/57 1189/55
f 1189/55 442/57 23/26 427/23
f 441/56 1189/55 427/23 81/22
f 77/54 440/53 1190/58 443/59
f 440/53 24/52 444/60 1190/58
f 1190/58 444/60 25/61 445/62
f 443/59 1190/58 445/62 78/63
f 88/64 447/65 1191/66 446/67
f 447/65 90/68 448/69 1191/66
f 1191/66 448/69 91/70 449/71
f 446/67 1191/66 449/71 100/72
f 49/73 451/74 1192/75 450/76
f 451/74 56/77 452/78 1192/75
f 1192/75 452/78 57/79 453/80
f 450/76 1192/75 453/80 50/81
f 34/82 456/83 1193/84 455/85
f 456/83 87/86 457/87 1193/84
f 1193/84 457/87 84/17 422/14
f 455/85 1193/84 422/14 37/13
f 90/68 447/65 1194/88 458/89
f 447/65 88/64 459/90 1194/88
f 1194/88 459/90 87/86 456/83
f 458/89 1194/88 456/83 34/82
f 57/79 460/91 1195/92 453/80
f 460/91 58/93 461/94 1195/92
f 1195/92 461/94 51/95 462/96
f 453/80 1195/92 462/96 50/81
f 76/97 468/98 1196/99 467/100
f 468/98 21/101 469/102 1196/99
f 1196/99 469/102 159/50 438/47
f 467/100 1196/99 438/47 107/46
f 30/103 471/104 1197/105 470/106
f 471/104 26/107 472/108 1197/105
f 1197/105 472/108 21/101 468/98
f 470/106 1197/105 468/98 76/97
f 118/36 432/35 1198/109 473/110
f 432/35 160/34 474/111 1198/109
f 1198/109 474/111 158/112 475/113
f 473/110 1198/109 475/113 82/114
f 78/63 445/62 1199/115 476/116
f 445/62 25/61 477/117 1199/115
f 1199/115 477/117 157/41 434/38
f 476/116 1199/115 434/38 79/37
f 72/118 479/119 1200/120 478/121
f 479/119 167/122 480/123 1200/120
f 1200/120 480/123 164/124 481/125
f 478/121 1200/120 481/125 73/126
f 154/127 484/128 1201/129 483/130
f 484/128 155/131 485/132 1201/129
f 1201/129 485/132 47/133 486/134
f 483/130 1201/129 486/134 120/135
f 202/136 488/137 1202/138 487/139
f 488/137 129/140 489/141 1202/138
f 1202/138 489/141 125/142 490/143
f 487/139 1202/138 490/143 201/144
f 203/145 492/146 1203/147 491/148
f 492/146 53/149 493/150 1203/147
f 1203/147 493/150 129/140 488/137
f 491/148 1203/147 488/137 202/136
f 151/151 495/152 1204/153 494/154
f 495/152 152/155 496/156 1204/153
f 1204/153 496/156 45/157 466/158
f 494/154 1204/153 466/158 44/159
f 150/160 498/161 1205/162 497/163
f 498/161 151/151 494/154 1205/162
f 1205/162 494/154 44/159 465/164
f 497/163 1205/162 465/164 43/165
f 149/166 500/167 1206/168 499/169
f 500/167 150/160 497/163 1206/168
f 1206/168 497/163 43/165 464/170
f 499/169 1206/168 464/170 42/171
f 156/172 502/173 1207/174 501/175
f 502/173 149/166 499/169 1207/174
f 1207/174 499/169 42/171 463/176
f 501/175 1207/174 463/176 41/177
f 57/79 504/178 1208/179 460/91
f 504/178 64/180 505/181 1208/179
f 1208/179 505/181 65/182 506/183
f 460/91 1208/179 506/183 58/93
f 124/184 508/185 1209/186 507/187
f 508/185 123/188 509/189 1209/186
f 1209/186 509/189 68/190 510/191
f 507/187 1209/186 510/191 61/192
f 56/77 511/193 1210/194 452/78
f 511/193 63/195 512/196 1210/194
f 1210/194 512/196 64/180 504/178
f 452/78 1210/194 504/178 57/79
f 59/197 514/198 1211/199 513/200
f 514/198 66/201 515/202 1211/199
f 1211/199 515/202 67/203 516/204
f 513/200 1211/199 516/204 60/205
f 104/206 518/207 1212/208 517/209
f 518/207 105/210 519/211 1212/208
f 1212/208 519/211 63/195 511/193
f 517/209 1212/208 511/193 56/77
f 58/93 506/183 1213/212 520/213
f 506/183 65/182 521/214 1213/212
f 1213/212 521/214 66/201 514/198
f 520/213 1213/212 514/198 59/197
f 181/215 523/216 1214/217 522/218
f 523/216 106/219 524/220 1214/217
f 1214/217 524/220 70/221 525/222
f 522/218 1214/217 525/222 174/223
f 177/224 527/225 1215/226 526/227
f 527/225 72/118 478/121 1215/226
f 1215/226 478/121 73/126 528/228
f 526/227 1215/226 528/228 176/229
f 178/230 530/231 1216/232 529/233
f 530/231 71/234 531/235 1216/232
f 1216/232 531/235 72/118 527/225
f 529/233 1216/232 527/225 177/224
f 182/236 533/237 1217/238 532/239
f 533/237 119/240 534/241 1217/238
f 1217/238 534/241 75/242 535/243
f 532/239 1217/238 535/243 179/244
f 174/223 525/222 1218/245 536/246
f 525/222 70/221 537/247 1218/245
f 1218/245 537/247 71/234 530/231
f 536/246 1218/245 530/231 178/230
f 176/229 528/228 1219/248 538/249
f 528/228 73/126 539/250 1219/248
f 1219/248 539/250 74/251 540/252
f 538/249 1219/248 540/252 180/253
f 164/254 542/255 1220/256 541/257
f 542/255 80/45 441/56 1220/256
f 1220/256 441/56 81/22 543/258
f 541/257 1220/256 543/258 163/259
f 170/260 545/261 1221/262 544/263
f 545/261 107/46 437/49 1221/262
f 1221/262 437/49 77/54 546/264
f 544/263 1221/262 546/264 165/265
f 167/122 547/266 1222/267 480/123
f 547/266 79/37 433/40 1222/267
f 1222/267 433/40 80/45 542/255
f 480/123 1222/267 542/255 164/124
f 168/268 549/269 1223/270 548/271
f 549/269 78/63 476/116 1223/270
f 1223/270 476/116 79/37 547/266
f 548/271 1223/270 547/266 167/122
f 171/272 551/273 1224/274 550/275
f 551/273 118/36 473/110 1224/274
f 1224/274 473/110 82/114 552/276
f 550/275 1224/274 552/276 169/277
f 165/265 546/264 1225/278 553/279
f 546/264 77/54 443/59 1225/278
f 1225/278 443/59 78/63 549/269
f 553/279 1225/278 549/269 168/268
f 126/280 555/281 1226/282 554/283
f 555/281 39/284 556/285 1226/282
f 1226/282 556/285 38/286 557/287
f 554/283 1226/282 557/287 121/288
f 85/289 559/290 1227/291 558/292
f 559/290 40/293 560/294 1227/291
f 1227/291 560/294 83/19 423/18
f 558/292 1227/291 423/18 84/17
f 16/295 562/296 1228/297 561/298
f 562/296 14/299 563/300 1228/297
f 1228/297 563/300 93/301 564/302
f 561/298 1228/297 564/302 89/303
f 86/304 566/305 1229/306 565/307
f 566/305 20/308 567/309 1229/306
f 1229/306 567/309 19/310 419/311
f 565/307 1229/306 419/311 17/312
f 86/304 565/307 1230/313 568/314
f 565/307 17/312 425/315 1230/313
f 1230/313 425/315 16/295 561/298
f 568/314 1230/313 561/298 89/303
f 135/316 570/317 1231/318 569/319
f 570/317 134/320 571/321 1231/318
f 1231/318 571/321 35/21 424/20
f 569/319 1231/318 424/20 83/19
f 58/93 520/213 1232/322 461/94
f 520/213 59/197 572/323 1232/322
f 1232/322 572/323 52/324 573/325
f 461/94 1232/322 573/325 51/95
f 59/197 513/200 1233/326 572/323
f 513/200 60/205 574/327 1233/326
f 1233/326 574/327 53/328 575/329
f 572/323 1233/326 575/329 52/324
f 93/301 563/300 1234/330 576/331
f 563/300 14/299 577/332 1234/330
f 1234/330 577/332 15/333 578/334
f 576/331 1234/330 578/334 94/335
f 207/336 580/337 1235/338 579/339
f 580/337 86/304 568/314 1235/338
f 1235/338 568/314 89/303 581/340
f 579/339 1235/338 581/340 204/341
f 207/336 582/342 1236/343 580/337
f 582/342 208/344 583/345 1236/343
f 1236/343 583/345 20/308 566/305
f 580/337 1236/343 566/305 86/304
f 53/149 574/327 1237/346 493/150
f 574/327 60/205 584/347 1237/346
f 1237/346 584/347 132/348 585/349
f 493/150 1237/346 585/349 129/140
f 101/350 587/351 1238/352 586/353
f 587/351 98/354 588/355 1238/352
f 1238/352 588/355 88/64 446/67
f 586/353 1238/352 446/67 100/72
f 98/354 589/356 1239/357 588/355
f 589/356 99/358 590/359 1239/357
f 1239/357 590/359 87/86 459/90
f 588/355 1239/357 459/90 88/64
f 204/341 581/340 1240/360 591/361
f 581/340 89/303 564/302 1240/360
f 1240/360 564/302 93/301 592/362
f 591/361 1240/360 592/362 205/363
f 129/140 585/349 1241/364 489/141
f 585/349 132/348 593/365 1241/364
f 1241/364 593/365 124/366 594/367
f 489/141 1241/364 594/367 125/142
f 148/368 597/369 1242/370 596/371
f 597/369 156/172 501/175 1242/370
f 1242/370 501/175 41/177 482/372
f 596/371 1242/370 482/372 102/373
f 55/374 599/375 1243/376 598/377
f 599/375 62/378 600/379 1243/376
f 1243/376 600/379 105/210 518/207
f 598/377 1243/376 518/207 104/206
f 175/380 602/381 1244/382 601/383
f 602/381 69/384 603/385 1244/382
f 1244/382 603/385 106/219 523/216
f 601/383 1244/382 523/216 181/215
f 166/386 605/387 1245/388 604/389
f 605/387 76/97 467/100 1245/388
f 1245/388 467/100 107/46 545/261
f 604/389 1245/388 545/261 170/260
f 98/354 606/390 1246/391 589/356
f 606/390 110/392 607/393 1246/391
f 1246/391 607/393 109/394 608/395
f 589/356 1246/391 608/395 99/358
f 98/354 587/351 1247/396 606/390
f 587/351 101/350 609/397 1247/396
f 1247/396 609/397 111/398 610/399
f 606/390 1247/396 610/399 110/392
f 125/142 594/367 1248/400 611/401
f 594/367 124/366 507/187 1248/400
f 1248/400 507/187 61/192 612/402
f 611/401 1248/400 612/402 54/403
f 99/358 608/395 1249/404 613/405
f 608/395 109/394 614/406 1249/404
f 1249/404 614/406 112/407 615/408
f 613/405 1249/404 615/408 85/409
f 212/410 617/411 1250/412 616/413
f 617/411 114/414 618/415 1250/412
f 1250/412 618/415 115/416 619/417
f 616/413 1250/412 619/417 210/418
f 38/286 620/419 1251/420 557/287
f 620/419 36/421 621/422 1251/420
f 1251/420 621/422 122/423 622/424
f 557/287 1251/420 622/424 121/288
f 214/425 624/426 1252/427 623/428
f 624/426 215/429 625/430 1252/427
f 1252/427 625/430 48/431 626/432
f 623/428 1252/427 626/432 103/433
f 127/434 628/435 1253/436 627/437
f 628/435 40/438 629/439 1253/436
f 1253/436 629/439 116/440 630/441
f 627/437 1253/436 630/441 136/442
f 114/414 631/443 1254/444 618/415
f 631/443 97/445 632/446 1254/444
f 1254/444 632/446 96/447 633/448
f 618/415 1254/444 633/448 115/416
f 132/348 634/449 1255/450 593/365
f 634/449 131/451 635/452 1255/450
f 1255/450 635/452 123/188 508/185
f 593/365 1255/450 508/185 124/366
f 40/293 559/290 1256/453 629/439
f 559/290 85/289 615/408 1256/453
f 1256/453 615/408 112/407 636/454
f 629/439 1256/453 636/454 116/440
f 172/455 638/456 1257/457 637/458
f 638/456 133/30 430/32 1257/457
f 1257/457 430/32 118/36 551/273
f 637/458 1257/457 551/273 171/272
f 99/358 613/405 1258/459 590/359
f 613/405 85/409 558/292 1258/459
f 1258/459 558/292 84/17 457/87
f 590/359 1258/459 457/87 87/86
f 117/460 640/461 1259/462 639/463
f 640/461 113/464 641/465 1259/462
f 1259/462 641/465 39/284 555/281
f 639/463 1259/462 555/281 126/280
f 183/466 643/467 1260/468 642/469
f 643/467 130/470 644/471 1260/468
f 1260/468 644/471 119/240 533/237
f 642/469 1260/468 533/237 182/236
f 127/472 646/473 1261/474 645/475
f 646/473 126/280 554/283 1261/474
f 1261/474 554/283 121/288 647/476
f 645/475 1261/474 647/476 135/477
f 205/478 649/479 1262/480 648/481
f 649/479 211/482 650/483 1262/480
f 1262/480 650/483 116/440 636/454
f 648/481 1262/480 636/454 112/407
f 62/378 599/375 1263/484 651/485
f 599/375 55/374 652/486 1263/484
f 1263/484 652/486 32/487 653/488
f 651/485 1263/484 653/488 33/489
f 173/490 655/491 1264/492 654/493
f 655/491 31/494 656/495 1264/492
f 1264/492 656/495 69/384 602/381
f 654/493 1264/492 602/381 175/380
f 106/219 657/496 1265/497 524/220
f 657/496 170/260 544/263 1265/497
f 1265/497 544/263 165/265 658/498
f 524/220 1265/497 658/498 70/221
f 97/445 631/443 1266/499 659/500
f 631/443 114/414 660/501 1266/499
f 1266/499 660/501 13/502 661/503
f 659/500 1266/499 661/503 95/504
f 95/504 661/503 1267/505 662/506
f 661/503 13/502 663/507 1267/505
f 1267/505 663/507 94/335 578/334
f 662/506 1267/505 578/334 15/333
f 121/288 622/424 1268/508 647/476
f 622/424 122/423 665/509 1268/508
f 1268/508 665/509 134/320 570/317
f 647/476 1268/508 570/317 135/477
f 126/280 646/473 1269/510 639/463
f 646/473 127/472 627/437 1269/510
f 1269/510 627/437 136/442 666/511
f 639/463 1269/510 666/511 117/460
f 60/205 516/204 1270/512 584/347
f 516/204 67/203 667/513 1270/512
f 1270/512 667/513 131/451 634/449
f 584/347 1270/512 634/449 132/348
f 163/259 543/258 1271/514 668/515
f 543/258 81/22 426/25 1271/514
f 1271/514 426/25 133/30 638/456
f 668/515 1271/514 638/456 172/455
f 180/253 540/252 1272/516 669/517
f 540/252 74/251 670/518 1272/516
f 1272/516 670/518 130/470 643/467
f 669/517 1272/516 643/467 183/466
f 40/293 628/435 1273/519 560/294
f 628/435 127/434 645/475 1273/519
f 1273/519 645/475 135/477 569/319
f 560/294 1273/519 569/319 83/19
f 212/520 672/521 1274/522 671/523
f 672/521 117/460 666/511 1274/522
f 1274/522 666/511 136/442 673/524
f 671/523 1274/522 673/524 216/525
f 216/525 673/524 1275/526 674/527
f 673/524 136/442 630/441 1275/526
f 1275/526 630/441 116/440 650/483
f 674/527 1275/526 650/483 211/482
f 201/528 677/529 1276/530 676/531
f 677/529 200/532 678/533 1276/530
f 1276/530 678/533 137/534 679/535
f 676/531 1276/530 679/535 138/536
f 153/537 681/538 1277/539 680/540
f 681/538 139/541 682/542 1277/539
f 1277/539 682/542 138/543 683/544
f 680/540 1277/539 683/544 154/545
f 152/546 685/547 1278/548 684/549
f 685/547 140/550 686/551 1278/548
f 1278/548 686/551 139/541 681/538
f 684/549 1278/548 681/538 153/537
f 206/552 688/553 1279/554 687/555
f 688/553 203/556 689/557 1279/554
f 1279/554 689/557 140/558 690/559
f 687/555 1279/554 690/559 141/560
f 209/561 692/562 1280/563 691/564
f 692/562 206/552 687/555 1280/563
f 1280/563 687/555 141/560 693/565
f 691/564 1280/563 693/565 142/566
f 213/567 695/568 1281/569 694/570
f 695/568 209/561 691/564 1281/569
f 1281/569 691/564 142/566 696/571
f 694/570 1281/569 696/571 143/572
f 217/573 698/574 1282/575 697/576
f 698/574 213/567 694/570 1282/575
f 1282/575 694/570 143/572 699/577
f 697/576 1282/575 699/577 144/578
f 214/579 701/580 1283/581 700/582
f 701/580 217/573 697/576 1283/581
f 1283/581 697/576 144/578 702/583
f 700/582 1283/581 702/583 145/584
f 148/585 704/586 1284/587 703/588
f 704/586 147/589 705/590 1284/587
f 1284/587 705/590 146/591 706/592
f 703/588 1284/587 706/592 145/593
f 141/560 690/559 1285/594 707/595
f 690/559 140/558 685/547 1285/594
f 1285/594 685/547 152/546 495/152
f 707/595 1285/594 495/152 151/151
f 138/536 679/535 1286/596 683/544
f 679/535 137/534 708/597 1286/596
f 1286/596 708/597 155/131 484/128
f 683/544 1286/596 484/128 154/545
f 144/578 699/577 1287/598 709/599
f 699/577 143/572 710/600 1287/598
f 1287/598 710/600 149/166 502/173
f 709/599 1287/598 502/173 156/172
f 145/584 702/583 1288/601 703/588
f 702/583 144/578 709/599 1288/601
f 1288/601 709/599 156/172 597/369
f 703/588 1288/601 597/369 148/585
f 128/602 711/603 1289/604 664/605
f 711/603 153/537 680/540 1289/604
f 1289/604 680/540 154/545 483/130
f 664/605 1289/604 483/130 120/135
f 142/566 693/565 1290/606 712/607
f 693/565 141/560 707/595 1290/606
f 1290/606 707/595 151/151 498/161
f 712/607 1290/606 498/161 150/160
f 143/572 696/571 1291/608 710/600
f 696/571 142/566 712/607 1291/608
f 1291/608 712/607 150/160 500/167
f 710/600 1291/608 500/167 149/166
f 45/157 496/156 1292/609 503/610
f 496/156 152/155 684/549 1292/609
f 1292/609 684/549 153/537 711/603
f 503/610 1292/609 711/603 128/602
f 102/373 595/611 1293/612 596/371
f 595/611 46/613 713/614 1293/612
f 1293/612 713/614 147/589 704/586
f 596/371 1293/612 704/586 148/368
f 73/126 481/125 1294/615 539/250
f 481/125 164/124 541/257 1294/615
f 1294/615 541/257 163/259 714/616
f 539/250 1294/615 714/616 74/251
f 71/234 715/617 1295/618 531/235
f 715/617 168/268 548/271 1295/618
f 1295/618 548/271 167/122 479/119
f 531/235 1295/618 479/119 72/118
f 119/240 716/619 1296/620 534/241
f 716/619 171/272 550/275 1296/620
f 1296/620 550/275 169/277 717/621
f 534/241 1296/620 717/621 75/242
f 70/221 658/498 1297/622 537/247
f 658/498 165/265 553/279 1297/622
f 1297/622 553/279 168/268 715/617
f 537/247 1297/622 715/617 71/234
f 69/384 718/623 1298/624 603/385
f 718/623 166/386 604/389 1298/624
f 1298/624 604/389 170/260 657/496
f 603/385 1298/624 657/496 106/219
f 130/470 719/625 1299/626 644/471
f 719/625 172/455 637/458 1299/626
f 1299/626 637/458 171/272 716/619
f 644/471 1299/626 716/619 119/240
f 74/251 714/616 1300/627 670/518
f 714/616 163/259 668/515 1300/627
f 1300/627 668/515 172/455 719/625
f 670/518 1300/627 719/625 130/470
f 30/103 470/106 1301/628 720/629
f 470/106 76/97 605/387 1301/628
f 1301/628 605/387 166/386 721/630
f 720/629 1301/628 721/630 162/631
f 166/386 718/623 1302/632 721/630
f 718/623 69/384 656/495 1302/632
f 1302/632 656/495 31/494 722/633
f 721/630 1302/632 722/633 162/631
f 103/634 724/635 1303/636 723/637
f 724/635 104/206 517/209 1303/636
f 1303/636 517/209 56/77 451/74
f 723/637 1303/636 451/74 49/73
f 48/431 725/638 1304/639 626/432
f 725/638 55/374 598/377 1304/639
f 1304/639 598/377 104/206 724/635
f 626/432 1304/639 724/635 103/433
f 208/344 726/640 1305/641 583/345
f 726/640 218/642 727/643 1305/641
f 1305/641 727/643 184/644 728/645
f 583/345 1305/641 728/645 20/308
f 187/646 730/647 1306/648 729/649
f 730/647 111/398 609/397 1306/648
f 1306/648 609/397 101/350 731/650
f 729/649 1306/648 731/650 186/651
f 100/72 732/652 1307/653 586/353
f 732/652 185/654 733/655 1307/653
f 1307/653 733/655 186/651 731/650
f 586/353 1307/653 731/650 101/350
f 185/654 734/656 1308/657 733/655
f 734/656 189/658 735/659 1308/657
f 1308/657 735/659 190/660 736/661
f 733/655 1308/657 736/661 186/651
f 218/642 737/662 1309/663 727/643
f 737/662 219/664 738/665 1309/663
f 1309/663 738/665 188/666 739/667
f 727/643 1309/663 739/667 184/644
f 191/668 741/669 1310/670 740/671
f 741/669 187/646 729/649 1310/670
f 1310/670 729/649 186/651 736/661
f 740/671 1310/670 736/661 190/660
f 189/658 742/672 1311/673 735/659
f 742/672 193/674 743/675 1311/673
f 1311/673 743/675 194/676 744/677
f 735/659 1311/673 744/677 190/660
f 219/664 745/678 1312/679 738/665
f 745/678 220/680 746/681 1312/679
f 1312/679 746/681 192/682 747/683
f 738/665 1312/679 747/683 188/666
f 195/684 749/685 1313/686 748/687
f 749/685 191/668 740/671 1313/686
f 1313/686 740/671 190/660 744/677
f 748/687 1313/686 744/677 194/676
f 147/589 750/688 1314/689 705/590
f 750/688 199/690 751/691 1314/689
f 1314/689 751/691 198/692 752/693
f 705/590 1314/689 752/693 146/591
f 215/429 753/694 1315/695 625/430
f 753/694 221/696 754/697 1315/695
f 1315/695 754/697 197/698 755/699
f 625/430 1315/695 755/699 48/431
f 199/690 750/688 1316/700 757/701
f 750/688 147/589 713/614 1316/700
f 1316/700 713/614 46/613 756/702
f 757/701 1316/700 756/702 196/703
f 32/487 652/486 1317/704 758/705
f 652/486 55/374 725/638 1317/704
f 1317/704 725/638 48/431 755/699
f 758/705 1317/704 755/699 197/698
f 27/706 454/707 1318/708 759/709
f 454/707 28/710 760/711 1318/708
f 1318/708 760/711 188/666 747/683
f 759/709 1318/708 747/683 192/682
f 184/644 739/667 1319/712 761/713
f 739/667 188/666 760/711 1319/712
f 1319/712 760/711 28/710 420/714
f 761/713 1319/712 420/714 18/715
f 193/674 742/672 1320/716 762/717
f 742/672 189/658 763/718 1320/716
f 1320/716 763/718 92/719 764/720
f 762/717 1320/716 764/720 29/721
f 100/72 449/71 1321/722 732/652
f 449/71 91/70 765/723 1321/722
f 1321/722 765/723 108/724 766/725
f 732/652 1321/722 766/725 185/654
f 108/724 767/726 1322/727 766/725
f 767/726 92/719 763/718 1322/727
f 1322/727 763/718 189/658 734/656
f 766/725 1322/727 734/656 185/654
f 18/715 675/728 1323/729 761/713
f 675/728 19/310 567/309 1323/729
f 1323/729 567/309 20/308 728/645
f 761/713 1323/729 728/645 184/644
f 139/541 768/730 1324/731 682/542
f 768/730 202/136 487/139 1324/731
f 1324/731 487/139 201/144 676/531
f 682/542 1324/731 676/531 138/543
f 140/550 689/557 1325/732 686/551
f 689/557 203/556 491/148 1325/732
f 1325/732 491/148 202/136 768/730
f 686/551 1325/732 768/730 139/541
f 110/392 769/733 1326/734 607/393
f 769/733 207/336 579/339 1326/734
f 1326/734 579/339 204/341 770/735
f 607/393 1326/734 770/735 109/394
f 110/392 610/399 1327/736 769/733
f 610/399 111/398 771/737 1327/736
f 1327/736 771/737 208/344 582/342
f 769/733 1327/736 582/342 207/336
f 109/394 770/735 1328/738 614/406
f 770/735 204/341 591/361 1328/738
f 1328/738 591/361 205/363 648/481
f 614/406 1328/738 648/481 112/407
f 117/460 672/521 1329/739 640/461
f 672/521 212/520 616/413 1329/739
f 1329/739 616/413 210/418 772/740
f 640/461 1329/739 772/740 113/464
f 145/584 706/592 1330/741 700/582
f 706/592 146/591 773/742 1330/741
f 1330/741 773/742 215/429 624/426
f 700/582 1330/741 624/426 214/579
f 93/301 576/331 1331/743 592/362
f 576/331 94/335 774/744 1331/743
f 1331/743 774/744 211/482 649/479
f 592/362 1331/743 649/479 205/363
f 114/414 617/411 1332/745 660/501
f 617/411 212/410 671/523 1332/745
f 1332/745 671/523 216/525 775/746
f 660/501 1332/745 775/746 13/502
f 13/502 775/746 1333/747 663/507
f 775/746 216/525 674/527 1333/747
f 1333/747 674/527 211/482 774/744
f 663/507 1333/747 774/744 94/335
f 125/142 611/401 1334/748 490/143
f 611/401 54/403 776/749 1334/748
f 1334/748 776/749 200/532 677/529
f 490/143 1334/748 677/529 201/144
f 52/324 575/329 1335/750 777/751
f 575/329 53/328 492/146 1335/750
f 1335/750 492/146 203/145 688/553
f 777/751 1335/750 688/553 206/552
f 51/95 573/325 1336/752 778/753
f 573/325 52/324 777/751 1336/752
f 1336/752 777/751 206/552 692/562
f 778/753 1336/752 692/562 209/561
f 50/81 462/96 1337/754 779/755
f 462/96 51/95 778/753 1337/754
f 1337/754 778/753 209/561 695/568
f 779/755 1337/754 695/568 213/567
f 49/73 450/76 1338/756 780/757
f 450/76 50/81 779/755 1338/756
f 1338/756 779/755 213/567 698/574
f 780/757 1338/756 698/574 217/573
f 103/433 723/637 1339/758 623/428
f 723/637 49/73 780/757 1339/758
f 1339/758 780/757 217/573 701/580
f 623/428 1339/758 701/580 214/425
f 111/398 730/647 1340/759 771/737
f 730/647 187/646 781/760 1340/759
f 1340/759 781/760 218/642 726/640
f 771/737 1340/759 726/640 208/344
f 187/646 741/669 1341/761 781/760
f 741/669 191/668 782/762 1341/761
f 1341/761 782/762 219/664 737/662
f 781/760 1341/761 737/662 218/642
f 191/668 749/685 1342/763 782/762
f 749/685 195/684 783/764 1342/763
f 1342/763 783/764 220/680 745/678
f 782/762 1342/763 745/678 219/664
f 146/591 752/693 1343/765 773/742
f 752/693 198/692 784/766 1343/765
f 1343/765 784/766 221/696 753/694
f 773/742 1343/765 753/694 215/429
f 173/490 654/493 1344/767 785/768
f 654/493 175/380 786/769 1344/767
f 1344/767 786/769 62/378 651/485
f 785/768 1344/767 651/485 33/489
f 105/210 600/379 1345/770 787/771
f 600/379 62/378 786/769 1345/770
f 1345/770 786/769 175/380 601/383
f 787/771 1345/770 601/383 181/215
f 181/215 522/218 1346/772 787/771
f 522/218 174/223 788/773 1346/772
f 1346/772 788/773 63/195 519/211
f 787/771 1346/772 519/211 105/210
f 174/223 536/246 1347/774 788/773
f 536/246 178/230 789/775 1347/774
f 1347/774 789/775 64/180 512/196
f 788/773 1347/774 512/196 63/195
f 21/101 472/108 1348/776 791/777
f 472/108 26/107 790/778 1348/776
f 1348/776 790/778 29/721 764/720
f 791/777 1348/776 764/720 92/719
f 159/50 469/102 1349/779 792/780
f 469/102 21/101 791/777 1349/779
f 1349/779 791/777 92/719 767/726
f 792/780 1349/779 767/726 108/724
f 24/52 439/51 1350/781 793/782
f 439/51 159/50 792/780 1350/781
f 1350/781 792/780 108/724 765/723
f 793/782 1350/781 765/723 91/70
f 25/61 444/60 1351/783 794/784
f 444/60 24/52 793/782 1351/783
f 1351/783 793/782 91/70 448/69
f 794/784 1351/783 448/69 90/68
f 157/41 477/117 1352/785 795/786
f 477/117 25/61 794/784 1352/785
f 1352/785 794/784 90/68 458/89
f 795/786 1352/785 458/89 34/82
f 22/43 435/42 1353/787 796/788
f 435/42 157/41 795/786 1353/787
f 1353/787 795/786 34/82 455/85
f 796/788 1353/787 455/85 37/13
f 23/26 442/57 1354/789 797/790
f 442/57 22/43 796/788 1354/789
f 1354/789 796/788 37/13 421/16
f 797/790 1354/789 421/16 35/21
f 161/28 428/27 1355/791 798/792
f 428/27 23/26 797/790 1355/791
f 1355/791 797/790 35/21 571/321
f 798/792 1355/791 571/321 134/320
f 160/34 431/33 1356/793 799/794
f 431/33 161/28 798/792 1356/793
f 1356/793 798/792 134/320 665/509
f 799/794 1356/793 665/509 122/423
f 158/112 474/111 1357/795 800/796
f 474/111 160/34 799/794 1357/795
f 1357/795 799/794 122/423 621/422
f 800/796 1357/795 621/422 36/421
f 178/230 529/233 1358/797 789/775
f 529/233 177/224 801/798 1358/797
f 1358/797 801/798 65/182 505/181
f 789/775 1358/797 505/181 64/180
f 177/224 526/227 1359/799 801/798
f 526/227 176/229 802/800 1359/799
f 1359/799 802/800 66/201 521/214
f 801/798 1359/799 521/214 65/182
f 176/229 538/249 1360/801 802/800
f 538/249 180/253 803/802 1360/801
f 1360/801 803/802 67/203 515/202
f 802/800 1360/801 515/202 66/201
f 131/451 667/513 1361/803 804/804
f 667/513 67/203 803/802 1361/803
f 1361/803 803/802 180/253 669/517
f 804/804 1361/803 669/517 183/466
f 183/466 642/469 1362/805 804/804
f 642/469 182/236 805/806 1362/805
f 1362/805 805/806 123/188 635/452
f 804/804 1362/805 635/452 131/451
f 182/236 532/239 1363/807 805/806
f 532/239 179/244 806/808 1363/807
f 1363/807 806/808 68/190 509/189
f 805/806 1363/807 509/189 123/188
f 244/809 810/810 1364/811 809/812
f 810/810 243/813 811/814 1364/811
f 1364/811 811/814 282/815 812/816
f 809/812 1364/811 812/816 283/817
f 281/818 815/819 1365/820 814/821
f 815/819 327/822 816/823 1365/820
f 1365/820 816/823 350/824 817/825
f 814/821 1365/820 817/825 231/826
f 327/822 818/827 1366/828 816/823
f 818/827 313/829 819/830 1366/828
f 1366/828 819/830 349/831 820/832
f 816/823 1366/828 820/832 350/824
f 279/833 822/834 1367/835 821/836
f 822/834 280/837 823/838 1367/835
f 1367/835 823/838 230/839 824/840
f 821/836 1367/835 824/840 347/841
f 304/842 826/843 1368/844 825/845
f 826/843 277/846 827/847 1368/844
f 1368/844 827/847 232/848 828/849
f 825/845 1368/844 828/849 348/850
f 280/837 829/851 1369/852 823/838
f 829/851 281/818 814/821 1369/852
f 1369/852 814/821 231/826 830/853
f 823/838 1369/852 830/853 230/839
f 277/846 831/854 1370/855 827/847
f 831/854 278/856 832/857 1370/855
f 1370/855 832/857 233/858 833/859
f 827/847 1370/855 833/859 232/848
f 287/860 835/861 1371/862 834/863
f 835/861 297/864 836/865 1371/862
f 1371/862 836/865 290/866 837/867
f 834/863 1371/862 837/867 289/868
f 253/869 839/870 1372/871 838/872
f 839/870 254/873 840/874 1372/871
f 1372/871 840/874 260/875 841/876
f 838/872 1372/871 841/876 259/877
f 242/878 844/879 1373/880 843/881
f 844/879 244/809 809/812 1373/880
f 1373/880 809/812 283/817 845/882
f 843/881 1373/880 845/882 286/883
f 289/868 846/884 1374/885 834/863
f 846/884 242/878 843/881 1374/885
f 1374/885 843/881 286/883 847/886
f 834/863 1374/885 847/886 287/860
f 260/875 840/874 1375/887 848/888
f 840/874 254/873 849/889 1375/887
f 1375/887 849/889 255/890 850/891
f 848/888 1375/887 850/891 261/892
f 276/893 856/894 1376/895 855/896
f 856/894 304/842 825/845 1376/895
f 1376/895 825/845 348/850 857/897
f 855/896 1376/895 857/897 229/898
f 238/899 859/900 1377/901 858/902
f 859/900 276/893 855/896 1377/901
f 1377/901 855/896 229/898 860/903
f 858/902 1377/901 860/903 234/904
f 313/829 861/905 1378/906 819/830
f 861/905 82/907 475/908 1378/906
f 1378/906 475/908 158/909 862/910
f 819/830 1378/906 862/910 349/831
f 278/856 863/911 1379/912 832/857
f 863/911 279/833 821/836 1379/912
f 1379/912 821/836 347/841 864/913
f 832/857 1379/912 864/913 233/858
f 273/914 866/915 1380/916 865/917
f 866/915 274/918 867/919 1380/916
f 1380/916 867/919 353/920 868/921
f 865/917 1380/916 868/921 356/922
f 345/923 871/924 1381/925 870/926
f 871/924 315/927 872/928 1381/925
f 1381/925 872/928 47/929 485/930
f 870/926 1381/925 485/930 155/931
f 388/932 874/933 1382/934 873/935
f 874/933 387/936 875/937 1382/934
f 1382/934 875/937 320/938 876/939
f 873/935 1382/934 876/939 323/940
f 389/941 878/942 1383/943 877/944
f 878/942 388/932 873/935 1383/943
f 1383/943 873/935 323/940 879/945
f 877/944 1383/943 879/945 257/946
f 342/947 881/948 1384/949 880/950
f 881/948 249/951 854/952 1384/949
f 1384/949 854/952 250/953 882/954
f 880/950 1384/949 882/954 343/955
f 341/956 884/957 1385/958 883/959
f 884/957 248/960 853/961 1385/958
f 1385/958 853/961 249/951 881/948
f 883/959 1385/958 881/948 342/947
f 340/962 886/963 1386/964 885/965
f 886/963 247/966 852/967 1386/964
f 1386/964 852/967 248/960 884/957
f 885/965 1386/964 884/957 341/956
f 346/968 888/969 1387/970 887/971
f 888/969 246/972 851/973 1387/970
f 1387/970 851/973 247/966 886/963
f 887/971 1387/970 886/963 340/962
f 260/875 848/888 1388/974 890/975
f 848/888 261/892 891/976 1388/974
f 1388/974 891/976 267/977 892/978
f 890/975 1388/974 892/978 266/979
f 319/980 894/981 1389/982 893/983
f 894/981 61/984 510/985 1389/982
f 1389/982 510/985 68/986 895/987
f 893/983 1389/982 895/987 318/988
f 259/877 841/876 1390/989 896/990
f 841/876 260/875 890/975 1390/989
f 1390/989 890/975 266/979 897/991
f 896/990 1390/989 897/991 265/992
f 262/993 899/994 1391/995 898/996
f 899/994 263/997 900/998 1391/995
f 1391/995 900/998 269/999 901/1000
f 898/996 1391/995 901/1000 268/1001
f 301/1002 903/1003 1392/1004 902/1005
f 903/1003 259/877 896/990 1392/1004
f 1392/1004 896/990 265/992 904/1006
f 902/1005 1392/1004 904/1006 302/1007
f 261/892 905/1008 1393/1009 891/976
f 905/1008 262/993 898/996 1393/1009
f 1393/1009 898/996 268/1001 906/1010
f 891/976 1393/1009 906/1010 267/977
f 368/1011 908/1012 1394/1013 907/1014
f 908/1012 362/1015 909/1016 1394/1013
f 1394/1013 909/1016 271/1017 910/1018
f 907/1014 1394/1013 910/1018 303/1019
f 365/1020 912/1021 1395/1022 911/1023
f 912/1021 364/1024 913/1025 1395/1022
f 1395/1022 913/1025 274/918 866/915
f 911/1023 1395/1022 866/915 273/914
f 366/1026 915/1027 1396/1028 914/1029
f 915/1027 365/1020 911/1023 1396/1028
f 1396/1028 911/1023 273/914 916/1030
f 914/1029 1396/1028 916/1030 272/1031
f 369/1032 918/1033 1397/1034 917/1035
f 918/1033 179/1036 535/1037 1397/1034
f 1397/1034 535/1037 75/1038 919/1039
f 917/1035 1397/1034 919/1039 314/1040
f 362/1015 920/1041 1398/1042 909/1016
f 920/1041 366/1026 914/1029 1398/1042
f 1398/1042 914/1029 272/1031 921/1043
f 909/1016 1398/1042 921/1043 271/1017
f 364/1024 922/1044 1399/1045 913/1025
f 922/1044 367/1046 923/1047 1399/1045
f 1399/1045 923/1047 275/1048 924/1049
f 913/1025 1399/1045 924/1049 274/918
f 353/1050 926/1051 1400/1052 925/1053
f 926/1051 352/1054 927/1055 1400/1052
f 1400/1052 927/1055 281/818 829/851
f 925/1053 1400/1052 829/851 280/837
f 358/1056 929/1057 1401/1058 928/1059
f 929/1057 354/1060 930/1061 1401/1058
f 1401/1058 930/1061 277/846 826/843
f 928/1059 1401/1058 826/843 304/842
f 356/922 868/921 1402/1062 931/1063
f 868/921 353/920 925/1053 1402/1062
f 1402/1062 925/1053 280/837 822/834
f 931/1063 1402/1062 822/834 279/833
f 357/1064 933/1065 1403/1066 932/1067
f 933/1065 356/922 931/1063 1403/1066
f 1403/1066 931/1063 279/833 863/911
f 932/1067 1403/1066 863/911 278/856
f 359/1068 935/1069 1404/1070 934/1071
f 935/1069 169/1072 552/1073 1404/1070
f 1404/1070 552/1073 82/907 861/905
f 934/1071 1404/1070 861/905 313/829
f 354/1060 936/1074 1405/1075 930/1061
f 936/1074 357/1064 932/1067 1405/1075
f 1405/1075 932/1067 278/856 831/854
f 930/1061 1405/1075 831/854 277/846
f 321/1076 938/1077 1406/1078 937/1079
f 938/1077 316/1080 939/1081 1406/1078
f 1406/1078 939/1081 38/1082 556/1083
f 937/1079 1406/1078 556/1083 39/1084
f 284/1085 941/1086 1407/1087 940/1088
f 941/1086 283/817 812/816 1407/1087
f 1407/1087 812/816 282/815 942/1089
f 940/1088 1407/1087 942/1089 245/1090
f 224/1091 944/1092 1408/1093 943/1094
f 944/1092 288/1095 945/1096 1408/1093
f 1408/1093 945/1096 292/1097 946/1098
f 943/1094 1408/1093 946/1098 222/1099
f 285/1100 948/1101 1409/1102 947/1103
f 948/1101 225/1104 807/1105 1409/1102
f 1409/1102 807/1105 227/1106 949/1107
f 947/1103 1409/1102 949/1107 228/1108
f 285/1100 950/1109 1410/1110 948/1101
f 950/1109 288/1095 944/1092 1410/1110
f 1410/1110 944/1092 224/1091 813/1111
f 948/1101 1410/1110 813/1111 225/1104
f 418/1112 1175/1113 1411/1114 1167/1115
f 1175/1113 396/1116 1019/1117 1411/1114
f 1411/1114 1019/1117 311/1118 1179/1119
f 1167/1115 1411/1114 1179/1119 416/1120
f 261/892 850/891 1412/1121 905/1008
f 850/891 255/890 952/1122 1412/1121
f 1412/1121 952/1122 256/1123 953/1124
f 905/1008 1412/1121 953/1124 262/993
f 262/993 953/1124 1413/1125 899/994
f 953/1124 256/1123 954/1126 1413/1125
f 1413/1125 954/1126 257/1127 955/1128
f 899/994 1413/1125 955/1128 263/997
f 292/1097 956/1129 1414/1130 946/1098
f 956/1129 293/1131 957/1132 1414/1130
f 1414/1130 957/1132 223/1133 958/1134
f 946/1098 1414/1130 958/1134 222/1099
f 393/1135 960/1136 1415/1137 959/1138
f 960/1136 390/1139 961/1140 1415/1137
f 1415/1137 961/1140 288/1095 950/1109
f 959/1138 1415/1137 950/1109 285/1100
f 393/1135 959/1138 1416/1141 962/1142
f 959/1138 285/1100 947/1103 1416/1141
f 1416/1141 947/1103 228/1108 963/1143
f 962/1142 1416/1141 963/1143 394/1144
f 257/946 879/945 1417/1145 955/1128
f 879/945 323/940 964/1146 1417/1145
f 1417/1145 964/1146 326/1147 965/1148
f 955/1128 1417/1145 965/1148 263/997
f 298/1149 967/1150 1418/1151 966/1152
f 967/1150 297/864 835/861 1418/1151
f 1418/1151 835/861 287/860 968/1153
f 966/1152 1418/1151 968/1153 295/1154
f 295/1154 968/1153 1419/1155 969/1156
f 968/1153 287/860 847/886 1419/1155
f 1419/1155 847/886 286/883 970/1157
f 969/1156 1419/1155 970/1157 296/1158
f 390/1139 971/1159 1420/1160 961/1140
f 971/1159 391/1161 972/1162 1420/1160
f 1420/1160 972/1162 292/1097 945/1096
f 961/1140 1420/1160 945/1096 288/1095
f 323/940 876/939 1421/1163 964/1146
f 876/939 320/938 973/1164 1421/1163
f 1421/1163 973/1164 319/1165 974/1166
f 964/1146 1421/1163 974/1166 326/1147
f 339/1167 977/1168 1422/1169 976/1170
f 977/1168 299/1171 869/1172 1422/1169
f 1422/1169 869/1172 246/972 888/969
f 976/1170 1422/1169 888/969 346/968
f 258/1173 979/1174 1423/1175 978/1176
f 979/1174 301/1002 902/1005 1423/1175
f 1423/1175 902/1005 302/1007 980/1177
f 978/1176 1423/1175 980/1177 264/1178
f 363/1179 982/1180 1424/1181 981/1182
f 982/1180 368/1011 907/1014 1424/1181
f 1424/1181 907/1014 303/1019 983/1183
f 981/1182 1424/1181 983/1183 270/1184
f 355/1185 985/1186 1425/1187 984/1188
f 985/1186 358/1056 928/1059 1425/1187
f 1425/1187 928/1059 304/842 856/894
f 984/1188 1425/1187 856/894 276/893
f 295/1154 969/1156 1426/1189 986/1190
f 969/1156 296/1158 987/1191 1426/1189
f 1426/1189 987/1191 306/1192 988/1193
f 986/1190 1426/1189 988/1193 307/1194
f 295/1154 986/1190 1427/1195 966/1152
f 986/1190 307/1194 989/1196 1427/1195
f 1427/1195 989/1196 308/1197 990/1198
f 966/1152 1427/1195 990/1198 298/1149
f 320/938 991/1199 1428/1200 973/1164
f 991/1199 54/1201 612/1202 1428/1200
f 1428/1200 612/1202 61/984 894/981
f 973/1164 1428/1200 894/981 319/1165
f 296/1158 992/1203 1429/1204 987/1191
f 992/1203 284/1205 993/1206 1429/1204
f 1429/1204 993/1206 309/1207 994/1208
f 987/1191 1429/1204 994/1208 306/1192
f 397/1209 996/1210 1430/1211 995/1212
f 996/1210 210/418 619/417 1430/1211
f 1430/1211 619/417 115/416 997/1213
f 995/1212 1430/1211 997/1213 310/1214
f 38/1082 939/1081 1431/1215 620/1216
f 939/1081 316/1080 998/1217 1431/1215
f 1431/1215 998/1217 317/1218 999/1219
f 620/1216 1431/1215 999/1219 36/1220
f 399/1221 1001/1222 1432/1223 1000/1224
f 1001/1222 300/1225 1002/1226 1432/1223
f 1432/1223 1002/1226 252/1227 1003/1228
f 1000/1224 1432/1223 1003/1228 400/1229
f 321/1230 1013/1231 1433/1232 1180/1233
f 1013/1231 312/1234 1181/1235 1433/1232
f 1433/1232 1181/1235 415/1236 1161/1237
f 1180/1233 1433/1232 1161/1237 411/1238
f 310/1214 997/1213 1434/1239 1005/1240
f 997/1213 115/416 633/448 1434/1239
f 1434/1239 633/448 96/447 1006/1241
f 1005/1240 1434/1239 1006/1241 294/1242
f 326/1147 974/1166 1435/1243 1007/1244
f 974/1166 319/1165 893/983 1435/1243
f 1435/1243 893/983 318/988 1008/1245
f 1007/1244 1435/1243 1008/1245 325/1246
f 245/1090 1004/1247 1436/1248 940/1088
f 1004/1247 311/1249 1009/1250 1436/1248
f 1436/1248 1009/1250 309/1207 993/1206
f 940/1088 1436/1248 993/1206 284/1085
f 360/1251 1011/1252 1437/1253 1010/1254
f 1011/1252 359/1068 934/1071 1437/1253
f 1437/1253 934/1071 313/829 818/827
f 1010/1254 1437/1253 818/827 327/822
f 296/1158 970/1157 1438/1255 992/1203
f 970/1157 286/883 845/882 1438/1255
f 1438/1255 845/882 283/817 941/1086
f 992/1203 1438/1255 941/1086 284/1205
f 312/1234 1013/1231 1439/1256 1012/1257
f 1013/1231 321/1230 937/1079 1439/1256
f 1439/1256 937/1079 39/1084 641/1258
f 1012/1257 1439/1256 641/1258 113/464
f 370/1259 1015/1260 1440/1261 1014/1262
f 1015/1260 369/1032 917/1035 1440/1261
f 1440/1261 917/1035 314/1040 1016/1263
f 1014/1262 1440/1261 1016/1263 324/1264
f 316/1080 1182/1265 1441/1266 998/1217
f 412/1267 1159/1268 1441/1266 1182/1265
f 414/1269 1183/1270 1441/1266 1159/1268
f 328/1271 1029/1272 1441/1266 1183/1270
f 317/1218 998/1217 1441/1266 1029/1272
f 391/1273 1018/1274 1442/1275 1017/1276
f 1018/1274 309/1207 1009/1250 1442/1275
f 1442/1275 1009/1250 311/1249 1019/1117
f 1017/1276 1442/1275 1019/1117 396/1116
f 264/1178 1020/1277 1443/1278 978/1176
f 1020/1277 241/1279 1021/1280 1443/1278
f 1443/1278 1021/1280 240/1281 1022/1282
f 978/1176 1443/1278 1022/1282 258/1173
f 361/1283 1024/1284 1444/1285 1023/1286
f 1024/1284 363/1179 981/1182 1444/1285
f 1444/1285 981/1182 270/1184 1025/1287
f 1023/1286 1444/1285 1025/1287 239/1288
f 303/1019 910/1018 1445/1289 1026/1290
f 910/1018 271/1017 1027/1291 1445/1289
f 1445/1289 1027/1291 354/1060 929/1057
f 1026/1290 1445/1289 929/1057 358/1056
f 406/1292 1172/1293 1446/1294 1169/1295
f 1172/1293 293/1296 1130/1297 1446/1294
f 1446/1294 1130/1297 396/1116 1175/1113
f 1169/1295 1446/1294 1175/1113 418/1112
f 294/1242 1173/1298 1447/1299 1005/1240
f 1173/1298 409/1300 1166/1301 1447/1299
f 1447/1299 1166/1301 407/1302 1174/1303
f 1005/1240 1447/1299 1174/1303 310/1214
f 414/1269 1160/1304 1448/1305 1183/1270
f 413/1306 1178/1307 1448/1305 1160/1304
f 282/815 811/814 1448/1305 1178/1307
f 243/813 951/1308 1448/1305 811/814
f 328/1271 1183/1270 1448/1305 951/1308
f 411/1238 1164/1309 1449/1310 1180/1233
f 1164/1309 412/1267 1182/1265 1449/1310
f 1449/1310 1182/1265 316/1080 938/1077
f 1180/1233 1449/1310 938/1077 321/1230
f 263/997 965/1148 1450/1311 900/998
f 965/1148 326/1147 1007/1244 1450/1311
f 1450/1311 1007/1244 325/1246 1030/1312
f 900/998 1450/1311 1030/1312 269/999
f 352/1054 1031/1313 1451/1314 927/1055
f 1031/1313 360/1251 1010/1254 1451/1314
f 1451/1314 1010/1254 327/822 815/819
f 927/1055 1451/1314 815/819 281/818
f 367/1046 1032/1315 1452/1316 923/1047
f 1032/1315 370/1259 1014/1262 1452/1316
f 1452/1316 1014/1262 324/1264 1033/1317
f 923/1047 1452/1316 1033/1317 275/1048
f 410/1318 1162/1319 1453/1320 1177/1321
f 1162/1319 416/1120 1179/1119 1453/1320
f 1453/1320 1179/1119 311/1118 1004/1247
f 1177/1321 1453/1320 1004/1247 245/1090
f 397/1322 1176/1323 1454/1324 1034/1325
f 1176/1323 417/1326 1168/1327 1454/1324
f 1454/1324 1168/1327 415/1236 1181/1235
f 1034/1325 1454/1324 1181/1235 312/1234
f 387/1328 1037/1329 1455/1330 1036/1331
f 1037/1329 329/1332 1038/1333 1455/1330
f 1455/1330 1038/1333 137/1334 678/1335
f 1036/1331 1455/1330 678/1335 200/1336
f 344/1337 1040/1338 1456/1339 1039/1340
f 1040/1338 345/1341 1041/1342 1456/1339
f 1456/1339 1041/1342 329/1343 1042/1344
f 1039/1340 1456/1339 1042/1344 330/1345
f 343/1346 1044/1347 1457/1348 1043/1349
f 1044/1347 344/1337 1039/1340 1457/1348
f 1457/1348 1039/1340 330/1345 1045/1350
f 1043/1349 1457/1348 1045/1350 331/1351
f 392/1352 1047/1353 1458/1354 1046/1355
f 1047/1353 332/1356 1048/1357 1458/1354
f 1458/1354 1048/1357 331/1358 1049/1359
f 1046/1355 1458/1354 1049/1359 389/1360
f 395/1361 1051/1362 1459/1363 1050/1364
f 1051/1362 333/1365 1052/1366 1459/1363
f 1459/1363 1052/1366 332/1356 1047/1353
f 1050/1364 1459/1363 1047/1353 392/1352
f 398/1367 1054/1368 1460/1369 1053/1370
f 1054/1368 334/1371 1055/1372 1460/1369
f 1460/1369 1055/1372 333/1365 1051/1362
f 1053/1370 1460/1369 1051/1362 395/1361
f 401/1373 1057/1374 1461/1375 1056/1376
f 1057/1374 335/1377 1058/1378 1461/1375
f 1461/1375 1058/1378 334/1371 1054/1368
f 1056/1376 1461/1375 1054/1368 398/1367
f 399/1379 1060/1380 1462/1381 1059/1382
f 1060/1380 336/1383 1061/1384 1462/1381
f 1462/1381 1061/1384 335/1377 1057/1374
f 1059/1382 1462/1381 1057/1374 401/1373
f 339/1385 1063/1386 1463/1387 1062/1388
f 1063/1386 336/1389 1064/1390 1463/1387
f 1463/1387 1064/1390 337/1391 1065/1392
f 1062/1388 1463/1387 1065/1392 338/1393
f 332/1356 1066/1394 1464/1395 1048/1357
f 1066/1394 342/947 880/950 1464/1395
f 1464/1395 880/950 343/955 1043/1349
f 1048/1357 1464/1395 1043/1349 331/1358
f 329/1332 1041/1342 1465/1396 1038/1333
f 1041/1342 345/1341 870/926 1465/1396
f 1465/1396 870/926 155/931 708/1397
f 1038/1333 1465/1396 708/1397 137/1334
f 335/1377 1067/1398 1466/1399 1058/1378
f 1067/1398 346/968 887/971 1466/1399
f 1466/1399 887/971 340/962 1068/1400
f 1058/1378 1466/1399 1068/1400 334/1371
f 336/1383 1063/1386 1467/1401 1061/1384
f 1063/1386 339/1385 976/1170 1467/1401
f 1467/1401 976/1170 346/968 1067/1398
f 1061/1384 1467/1401 1067/1398 335/1377
f 322/1402 1028/1403 1468/1404 1069/1405
f 1028/1403 315/927 871/924 1468/1404
f 1468/1404 871/924 345/923 1040/1338
f 1069/1405 1468/1404 1040/1338 344/1337
f 333/1365 1070/1406 1469/1407 1052/1366
f 1070/1406 341/956 883/959 1469/1407
f 1469/1407 883/959 342/947 1066/1394
f 1052/1366 1469/1407 1066/1394 332/1356
f 334/1371 1068/1400 1470/1408 1055/1372
f 1068/1400 340/962 885/965 1470/1408
f 1470/1408 885/965 341/956 1070/1406
f 1055/1372 1470/1408 1070/1406 333/1365
f 250/953 889/1409 1471/1410 882/954
f 889/1409 322/1402 1069/1405 1471/1410
f 1471/1410 1069/1405 344/1337 1044/1347
f 882/954 1471/1410 1044/1347 343/955
f 299/1171 977/1168 1472/1411 975/1412
f 977/1168 339/1167 1062/1388 1472/1411
f 1472/1411 1062/1388 338/1393 1071/1413
f 975/1412 1472/1411 1071/1413 251/1414
f 274/918 924/1049 1473/1415 867/919
f 924/1049 275/1048 1072/1416 1473/1415
f 1473/1415 1072/1416 352/1054 926/1051
f 867/919 1473/1415 926/1051 353/920
f 272/1031 916/1030 1474/1417 1073/1418
f 916/1030 273/914 865/917 1474/1417
f 1474/1417 865/917 356/922 933/1065
f 1073/1418 1474/1417 933/1065 357/1064
f 314/1040 919/1039 1475/1419 1074/1420
f 919/1039 75/1038 717/1421 1475/1419
f 1475/1419 717/1421 169/1072 935/1069
f 1074/1420 1475/1419 935/1069 359/1068
f 271/1017 921/1043 1476/1422 1027/1291
f 921/1043 272/1031 1073/1418 1476/1422
f 1476/1422 1073/1418 357/1064 936/1074
f 1027/1291 1476/1422 936/1074 354/1060
f 270/1184 983/1183 1477/1423 1075/1424
f 983/1183 303/1019 1026/1290 1477/1423
f 1477/1423 1026/1290 358/1056 985/1186
f 1075/1424 1477/1423 985/1186 355/1185
f 324/1264 1016/1263 1478/1425 1076/1426
f 1016/1263 314/1040 1074/1420 1478/1425
f 1478/1425 1074/1420 359/1068 1011/1252
f 1076/1426 1478/1425 1011/1252 360/1251
f 275/1048 1033/1317 1479/1427 1072/1416
f 1033/1317 324/1264 1076/1426 1479/1427
f 1479/1427 1076/1426 360/1251 1031/1313
f 1072/1416 1479/1427 1031/1313 352/1054
f 238/899 1077/1428 1480/1429 859/900
f 1077/1428 351/1430 1078/1431 1480/1429
f 1480/1429 1078/1431 355/1185 984/1188
f 859/900 1480/1429 984/1188 276/893
f 355/1185 1078/1431 1481/1432 1075/1424
f 1078/1431 351/1430 1079/1433 1481/1432
f 1481/1432 1079/1433 239/1288 1025/1287
f 1075/1424 1481/1432 1025/1287 270/1184
f 300/1434 1081/1435 1482/1436 1080/1437
f 1081/1435 253/869 838/872 1482/1436
f 1482/1436 838/872 259/877 903/1003
f 1080/1437 1482/1436 903/1003 301/1002
f 252/1227 1002/1226 1483/1438 1082/1439
f 1002/1226 300/1225 1080/1437 1483/1438
f 1483/1438 1080/1437 301/1002 979/1174
f 1082/1439 1483/1438 979/1174 258/1173
f 394/1144 963/1143 1484/1440 1083/1441
f 963/1143 228/1108 1084/1442 1484/1440
f 1484/1440 1084/1442 371/1443 1085/1444
f 1083/1441 1484/1440 1085/1444 402/1445
f 374/1446 1087/1447 1485/1448 1086/1449
f 1087/1447 373/1450 1088/1451 1485/1448
f 1485/1448 1088/1451 298/1149 990/1198
f 1086/1449 1485/1448 990/1198 308/1197
f 297/864 967/1150 1486/1452 1089/1453
f 967/1150 298/1149 1088/1451 1486/1452
f 1486/1452 1088/1451 373/1450 1090/1454
f 1089/1453 1486/1452 1090/1454 372/1455
f 372/1455 1090/1454 1487/1456 1091/1457
f 1090/1454 373/1450 1092/1458 1487/1456
f 1487/1456 1092/1458 377/1459 1093/1460
f 1091/1457 1487/1456 1093/1460 376/1461
f 402/1445 1085/1444 1488/1462 1094/1463
f 1085/1444 371/1443 1095/1464 1488/1462
f 1488/1462 1095/1464 375/1465 1096/1466
f 1094/1463 1488/1462 1096/1466 403/1467
f 378/1468 1098/1469 1489/1470 1097/1471
f 1098/1469 377/1459 1092/1458 1489/1470
f 1489/1470 1092/1458 373/1450 1087/1447
f 1097/1471 1489/1470 1087/1447 374/1446
f 376/1461 1093/1460 1490/1472 1099/1473
f 1093/1460 377/1459 1100/1474 1490/1472
f 1490/1472 1100/1474 381/1475 1101/1476
f 1099/1473 1490/1472 1101/1476 380/1477
f 403/1467 1096/1466 1491/1478 1102/1479
f 1096/1466 375/1465 1103/1480 1491/1478
f 1491/1478 1103/1480 379/1481 1104/1482
f 1102/1479 1491/1478 1104/1482 404/1483
f 382/1484 1106/1485 1492/1486 1105/1487
f 1106/1485 381/1475 1100/1474 1492/1486
f 1492/1486 1100/1474 377/1459 1098/1469
f 1105/1487 1492/1486 1098/1469 378/1468
f 338/1393 1065/1392 1493/1488 1107/1489
f 1065/1392 337/1391 1108/1490 1493/1488
f 1493/1488 1108/1490 385/1491 1109/1492
f 1107/1489 1493/1488 1109/1492 386/1493
f 400/1229 1003/1228 1494/1494 1110/1495
f 1003/1228 252/1227 1111/1496 1494/1494
f 1494/1494 1111/1496 384/1497 1112/1498
f 1110/1495 1494/1494 1112/1498 405/1499
f 386/1493 1114/1500 1495/1501 1107/1489
f 1114/1500 383/1502 1113/1503 1495/1501
f 1495/1501 1113/1503 251/1414 1071/1413
f 1107/1489 1495/1501 1071/1413 338/1393
f 240/1281 1115/1504 1496/1505 1022/1282
f 1115/1504 384/1497 1111/1496 1496/1505
f 1496/1505 1111/1496 252/1227 1082/1439
f 1022/1282 1496/1505 1082/1439 258/1173
f 235/1506 1116/1507 1497/1508 842/1509
f 1116/1507 379/1481 1103/1480 1497/1508
f 1497/1508 1103/1480 375/1465 1117/1510
f 842/1509 1497/1508 1117/1510 236/1511
f 371/1443 1118/1512 1498/1513 1095/1464
f 1118/1512 226/1514 808/1515 1498/1513
f 1498/1513 808/1515 236/1511 1117/1510
f 1095/1464 1498/1513 1117/1510 375/1465
f 380/1477 1119/1516 1499/1517 1099/1473
f 1119/1516 237/1518 1120/1519 1499/1517
f 1499/1517 1120/1519 291/1520 1121/1521
f 1099/1473 1499/1517 1121/1521 376/1461
f 297/864 1089/1453 1500/1522 836/865
f 1089/1453 372/1455 1122/1523 1500/1522
f 1500/1522 1122/1523 305/1524 1123/1525
f 836/865 1500/1522 1123/1525 290/866
f 305/1524 1122/1523 1501/1526 1124/1527
f 1122/1523 372/1455 1091/1457 1501/1526
f 1501/1526 1091/1457 376/1461 1121/1521
f 1124/1527 1501/1526 1121/1521 291/1520
f 226/1514 1118/1512 1502/1528 1035/1529
f 1118/1512 371/1443 1084/1442 1502/1528
f 1502/1528 1084/1442 228/1108 949/1107
f 1035/1529 1502/1528 949/1107 227/1106
f 330/1345 1042/1344 1503/1530 1125/1531
f 1042/1344 329/1343 1037/1329 1503/1530
f 1503/1530 1037/1329 387/1328 874/933
f 1125/1531 1503/1530 874/933 388/932
f 331/1351 1045/1350 1504/1532 1049/1359
f 1045/1350 330/1345 1125/1531 1504/1532
f 1504/1532 1125/1531 388/932 878/942
f 1049/1359 1504/1532 878/942 389/1360
f 307/1194 988/1193 1505/1533 1126/1534
f 988/1193 306/1192 1127/1535 1505/1533
f 1505/1533 1127/1535 390/1139 960/1136
f 1126/1534 1505/1533 960/1136 393/1135
f 307/1194 1126/1534 1506/1536 989/1196
f 1126/1534 393/1135 962/1142 1506/1536
f 1506/1536 962/1142 394/1144 1128/1537
f 989/1196 1506/1536 1128/1537 308/1197
f 306/1192 994/1208 1507/1538 1127/1535
f 994/1208 309/1207 1018/1274 1507/1538
f 1507/1538 1018/1274 391/1273 971/1159
f 1127/1535 1507/1538 971/1159 390/1139
f 312/1234 1012/1257 1508/1539 1034/1325
f 1012/1257 113/464 772/740 1508/1539
f 1508/1539 772/740 210/418 996/1210
f 1034/1325 1508/1539 996/1210 397/1322
f 336/1383 1060/1380 1509/1540 1064/1390
f 1060/1380 399/1379 1000/1224 1509/1540
f 1509/1540 1000/1224 400/1229 1129/1541
f 1064/1390 1509/1540 1129/1541 337/1391
f 292/1097 972/1162 1510/1542 956/1129
f 972/1162 391/1161 1017/1276 1510/1542
f 1510/1542 1017/1276 396/1116 1130/1297
f 956/1129 1510/1542 1130/1297 293/1131
f 245/1090 942/1089 1511/1543 1177/1321
f 942/1089 282/815 1178/1307 1511/1543
f 1511/1543 1178/1307 413/1306 1163/1544
f 1177/1321 1511/1543 1163/1544 410/1318
f 310/1214 1174/1303 1512/1545 995/1212
f 1174/1303 407/1302 1170/1546 1512/1545
f 1512/1545 1170/1546 417/1326 1176/1323
f 995/1212 1512/1545 1176/1323 397/1209
f 320/938 875/937 1513/1547 991/1199
f 875/937 387/936 1036/1331 1513/1547
f 1513/1547 1036/1331 200/1336 776/1548
f 991/1199 1513/1547 776/1548 54/1201
f 256/1123 1131/1549 1514/1550 954/1126
f 1131/1549 392/1352 1046/1355 1514/1550
f 1514/1550 1046/1355 389/1360 877/944
f 954/1126 1514/1550 877/944 257/1127
f 255/890 1132/1551 1515/1552 952/1122
f 1132/1551 395/1361 1050/1364 1515/1552
f 1515/1552 1050/1364 392/1352 1131/1549
f 952/1122 1515/1552 1131/1549 256/1123
f 254/873 1133/1553 1516/1554 849/889
f 1133/1553 398/1367 1053/1370 1516/1554
f 1516/1554 1053/1370 395/1361 1132/1551
f 849/889 1516/1554 1132/1551 255/890
f 253/869 1134/1555 1517/1556 839/870
f 1134/1555 401/1373 1056/1376 1517/1556
f 1517/1556 1056/1376 398/1367 1133/1553
f 839/870 1517/1556 1133/1553 254/873
f 300/1225 1001/1222 1518/1557 1081/1435
f 1001/1222 399/1221 1059/1382 1518/1557
f 1518/1557 1059/1382 401/1373 1134/1555
f 1081/1435 1518/1557 1134/1555 253/869
f 308/1197 1128/1537 1519/1558 1086/1449
f 1128/1537 394/1144 1083/1441 1519/1558
f 1519/1558 1083/1441 402/1445 1135/1559
f 1086/1449 1519/1558 1135/1559 374/1446
f 374/1446 1135/1559 1520/1560 1097/1471
f 1135/1559 402/1445 1094/1463 1520/1560
f 1520/1560 1094/1463 403/1467 1136/1561
f 1097/1471 1520/1560 1136/1561 378/1468
f 378/1468 1136/1561 1521/1562 1105/1487
f 1136/1561 403/1467 1102/1479 1521/1562
f 1521/1562 1102/1479 404/1483 1137/1563
f 1105/1487 1521/1562 1137/1563 382/1484
f 337/1391 1129/1541 1522/1564 1108/1490
f 1129/1541 400/1229 1110/1495 1522/1564
f 1522/1564 1110/1495 405/1499 1138/1565
f 1108/1490 1522/1564 1138/1565 385/1491
f 361/1283 1139/1566 1523/1567 1024/1284
f 1139/1566 241/1279 1020/1277 1523/1567
f 1523/1567 1020/1277 264/1178 1140/1568
f 1024/1284 1523/1567 1140/1568 363/1179
f 302/1007 1141/1569 1524/1570 980/1177
f 1141/1569 368/1011 982/1180 1524/1570
f 1524/1570 982/1180 363/1179 1140/1568
f 980/1177 1524/1570 1140/1568 264/1178
f 368/1011 1141/1569 1525/1571 908/1012
f 1141/1569 302/1007 904/1006 1525/1571
f 1525/1571 904/1006 265/992 1142/1572
f 908/1012 1525/1571 1142/1572 362/1015
f 362/1015 1142/1572 1526/1573 920/1041
f 1142/1572 265/992 897/991 1526/1573
f 1526/1573 897/991 266/979 1143/1574
f 920/1041 1526/1573 1143/1574 366/1026
f 229/898 1145/1575 1527/1576 860/903
f 1145/1575 291/1520 1120/1519 1527/1576
f 1527/1576 1120/1519 237/1518 1144/1577
f 860/903 1527/1576 1144/1577 234/904
f 348/850 1146/1578 1528/1579 857/897
f 1146/1578 305/1524 1124/1527 1528/1579
f 1528/1579 1124/1527 291/1520 1145/1575
f 857/897 1528/1579 1145/1575 229/898
f 232/848 1147/1580 1529/1581 828/849
f 1147/1580 290/866 1123/1525 1529/1581
f 1529/1581 1123/1525 305/1524 1146/1578
f 828/849 1529/1581 1146/1578 348/850
f 233/858 1148/1582 1530/1583 833/859
f 1148/1582 289/868 837/867 1530/1583
f 1530/1583 837/867 290/866 1147/1580
f 833/859 1530/1583 1147/1580 232/848
f 347/841 1149/1584 1531/1585 864/913
f 1149/1584 242/878 846/884 1531/1585
f 1531/1585 846/884 289/868 1148/1582
f 864/913 1531/1585 1148/1582 233/858
f 230/839 1150/1586 1532/1587 824/840
f 1150/1586 244/809 844/879 1532/1587
f 1532/1587 844/879 242/878 1149/1584
f 824/840 1532/1587 1149/1584 347/841
f 231/826 1151/1588 1533/1589 830/853
f 1151/1588 243/813 810/810 1533/1589
f 1533/1589 810/810 244/809 1150/1586
f 830/853 1533/1589 1150/1586 230/839
f 350/824 1152/1590 1534/1591 817/825
f 1152/1590 328/1271 951/1308 1534/1591
f 1534/1591 951/1308 243/813 1151/1588
f 817/825 1534/1591 1151/1588 231/826
f 349/831 1153/1592 1535/1593 820/832
f 1153/1592 317/1218 1029/1272 1535/1593
f 1535/1593 1029/1272 328/1271 1152/1590
f 820/832 1535/1593 1152/1590 350/824
f 158/909 800/1594 1536/1595 862/910
f 800/1594 36/1220 999/1219 1536/1595
f 1536/1595 999/1219 317/1218 1153/1592
f 862/910 1536/1595 1153/1592 349/831
f 366/1026 1143/1574 1537/1596 915/1027
f 1143/1574 266/979 892/978 1537/1596
f 1537/1596 892/978 267/977 1154/1597
f 915/1027 1537/1596 1154/1597 365/1020
f 365/1020 1154/1597 1538/1598 912/1021
f 1154/1597 267/977 906/1010 1538/1598
f 1538/1598 906/1010 268/1001 1155/1599
f 912/1021 1538/1598 1155/1599 364/1024
f 364/1024 1155/1599 1539/1600 922/1044
f 1155/1599 268/1001 901/1000 1539/1600
f 1539/1600 901/1000 269/999 1156/1601
f 922/1044 1539/1600 1156/1601 367/1046
f 325/1246 1157/1602 1540/1603 1030/1312
f 1157/1602 370/1259 1032/1315 1540/1603
f 1540/1603 1032/1315 367/1046 1156/1601
f 1030/1312 1540/1603 1156/1601 269/999
f 370/1259 1157/1602 1541/1604 1015/1260
f 1157/1602 325/1246 1008/1245 1541/1604
f 1541/1604 1008/1245 318/988 1158/1605
f 1015/1260 1541/1604 1158/1605 369/1032
f 369/1032 1158/1605 1542/1606 918/1033
f 1158/1605 318/988 895/987 1542/1606
f 1542/1606 895/987 68/986 806/1607
f 918/1033 1542/1606 806/1607 179/1036
f 408/1608 1171/1609 1543/1610 1165/1611
f 1171/1609 223/1133 957/1132 1543/1610
f 1543/1610 957/1132 293/1131 1172/1293
f 1165/1611 1543/1610 1172/1293 406/1292
f 1568/1612 1952/1613 2715/1614 1953/1615
f 1953/1615 2715/1614 1954/1616 1615/1617
f 2715/1614 1955/1618 1614/1619 1954/1616
f 1952/1613 1566/1620 1955/1618 2715/1614
f 1612/1621 1957/1622 2716/1623 1958/1624
f 1958/1624 2716/1623 1959/1625 1554/1626
f 2716/1623 1960/1627 1692/1628 1959/1625
f 1957/1622 1664/1629 1960/1627 2716/1623
f 1664/1629 1961/1630 2717/1631 1960/1627
f 1960/1627 2717/1631 1962/1632 1692/1628
f 2717/1631 1963/1633 1691/1634 1962/1632
f 1961/1630 1649/1635 1963/1633 2717/1631
f 1610/1636 1964/1637 2718/1638 1965/1639
f 1965/1639 2718/1638 1966/1640 1688/1641
f 2718/1638 1967/1642 1553/1643 1966/1640
f 1964/1637 1611/1644 1967/1642 2718/1638
f 1638/1645 1968/1646 2719/1647 1969/1648
f 1969/1648 2719/1647 1970/1649 1690/1650
f 2719/1647 1971/1651 1555/1652 1970/1649
f 1968/1646 1608/1653 1971/1651 2719/1647
f 1611/1644 1972/1654 2720/1655 1967/1642
f 1967/1642 2720/1655 1973/1656 1553/1643
f 2720/1655 1958/1624 1554/1626 1973/1656
f 1972/1654 1612/1621 1958/1624 2720/1655
f 1608/1653 1974/1657 2721/1658 1971/1651
f 1971/1651 2721/1658 1975/1659 1555/1652
f 2721/1658 1976/1660 1556/1661 1975/1659
f 1974/1657 1609/1662 1976/1660 2721/1658
f 1619/1663 1977/1664 2722/1665 1978/1666
f 1978/1666 2722/1665 1979/1667 1621/1668
f 2722/1665 1980/1669 1622/1670 1979/1667
f 1977/1664 1631/1671 1980/1669 2722/1665
f 1580/1672 1981/1673 2723/1674 1982/1675
f 1982/1675 2723/1674 1983/1676 1587/1677
f 2723/1674 1984/1678 1588/1679 1983/1676
f 1981/1673 1581/1680 1984/1678 2723/1674
f 1565/1681 1986/1682 2724/1683 1987/1684
f 1987/1684 2724/1683 1988/1685 1618/1686
f 2724/1683 1953/1615 1615/1617 1988/1685
f 1986/1682 1568/1612 1953/1615 2724/1683
f 1621/1668 1989/1687 2725/1688 1978/1666
f 1978/1666 2725/1688 1990/1689 1619/1663
f 2725/1688 1987/1684 1618/1686 1990/1689
f 1989/1687 1565/1681 1987/1684 2725/1688
f 1588/1679 1984/1678 2726/1690 1991/1691
f 1991/1691 2726/1690 1992/1692 1589/1693
f 2726/1690 1993/1694 1582/1695 1992/1692
f 1984/1678 1581/1680 1993/1694 2726/1690
f 1607/1696 1998/1697 2727/1698 1999/1699
f 1999/1699 2727/1698 2000/1700 1552/1701
f 2727/1698 1969/1648 1690/1650 2000/1700
f 1998/1697 1638/1645 1969/1648 2727/1698
f 1561/1702 2001/1703 2728/1704 2002/1705
f 2002/1705 2728/1704 2003/1706 1557/1707
f 2728/1704 1999/1699 1552/1701 2003/1706
f 2001/1703 1607/1696 1999/1699 2728/1704
f 1649/1635 2004/1708 2729/1709 1963/1633
f 1963/1633 2729/1709 2005/1710 1691/1634
f 2729/1709 2006/1711 1689/1712 2005/1710
f 2004/1708 1613/1713 2006/1711 2729/1709
f 1609/1662 2007/1714 2730/1715 1976/1660
f 1976/1660 2730/1715 2008/1716 1556/1661
f 2730/1715 1965/1639 1688/1641 2008/1716
f 2007/1714 1610/1636 1965/1639 2730/1715
f 1603/1717 2009/1718 2731/1719 2010/1720
f 2010/1720 2731/1719 2011/1721 1698/1722
f 2731/1719 2012/1723 1695/1724 2011/1721
f 2009/1718 1604/1725 2012/1723 2731/1719
f 1685/1726 2014/1727 2732/1728 2015/1729
f 2015/1729 2732/1728 2016/1730 1686/1731
f 2732/1728 2017/1732 1578/1733 2016/1730
f 2014/1727 1651/1734 2017/1732 2732/1728
f 1733/1735 2018/1736 2733/1737 2019/1738
f 2019/1738 2733/1737 2020/1739 1660/1740
f 2733/1737 2021/1741 1656/1742 2020/1739
f 2018/1736 1732/1743 2021/1741 2733/1737
f 1734/1744 2022/1745 2734/1746 2023/1747
f 2023/1747 2734/1746 2024/1748 1584/1749
f 2734/1746 2019/1738 1660/1740 2024/1748
f 2022/1745 1733/1735 2019/1738 2734/1746
f 1682/1750 2025/1751 2735/1752 2026/1753
f 2026/1753 2735/1752 2027/1754 1683/1755
f 2735/1752 1997/1756 1576/1757 2027/1754
f 2025/1751 1575/1758 1997/1756 2735/1752
f 1681/1759 2028/1760 2736/1761 2029/1762
f 2029/1762 2736/1761 2025/1751 1682/1750
f 2736/1761 1996/1763 1575/1758 2025/1751
f 2028/1760 1574/1764 1996/1763 2736/1761
f 1680/1765 2030/1766 2737/1767 2031/1768
f 2031/1768 2737/1767 2028/1760 1681/1759
f 2737/1767 1995/1769 1574/1764 2028/1760
f 2030/1766 1573/1770 1995/1769 2737/1767
f 1687/1771 2032/1772 2738/1773 2033/1774
f 2033/1774 2738/1773 2030/1766 1680/1765
f 2738/1773 1994/1775 1573/1770 2030/1766
f 2032/1772 1572/1776 1994/1775 2738/1773
f 1588/1679 1991/1691 2739/1777 2035/1778
f 2035/1778 2739/1777 2036/1779 1595/1780
f 2739/1777 2037/1781 1596/1782 2036/1779
f 1991/1691 1589/1693 2037/1781 2739/1777
f 1655/1783 2038/1784 2740/1785 2039/1786
f 2039/1786 2740/1785 2040/1787 1654/1788
f 2740/1785 2041/1789 1599/1790 2040/1787
f 2038/1784 1592/1791 2041/1789 2740/1785
f 1587/1677 1983/1676 2741/1792 2042/1793
f 2042/1793 2741/1792 2043/1794 1594/1795
f 2741/1792 2035/1778 1595/1780 2043/1794
f 1983/1676 1588/1679 2035/1778 2741/1792
f 1590/1796 2044/1797 2742/1798 2045/1799
f 2045/1799 2742/1798 2046/1800 1597/1801
f 2742/1798 2047/1802 1598/1803 2046/1800
f 2044/1797 1591/1804 2047/1802 2742/1798
f 1635/1805 2048/1806 2743/1807 2049/1808
f 2049/1808 2743/1807 2050/1809 1636/1810
f 2743/1807 2042/1793 1594/1795 2050/1809
f 2048/1806 1587/1677 2042/1793 2743/1807
f 1589/1693 2051/1811 2744/1812 2037/1781
f 2037/1781 2744/1812 2052/1813 1596/1782
f 2744/1812 2045/1799 1597/1801 2052/1813
f 2051/1811 1590/1796 2045/1799 2744/1812
f 1712/1814 2053/1815 2745/1816 2054/1817
f 2054/1817 2745/1816 2055/1818 1637/1819
f 2745/1816 2056/1820 1601/1821 2055/1818
f 2053/1815 1705/1822 2056/1820 2745/1816
f 1708/1823 2057/1824 2746/1825 2058/1826
f 2058/1826 2746/1825 2009/1718 1603/1717
f 2746/1825 2059/1827 1604/1725 2009/1718
f 2057/1824 1707/1828 2059/1827 2746/1825
f 1709/1829 2060/1830 2747/1831 2061/1832
f 2061/1832 2747/1831 2062/1833 1602/1834
f 2747/1831 2058/1826 1603/1717 2062/1833
f 2060/1830 1708/1823 2058/1826 2747/1831
f 1713/1835 2063/1836 2748/1837 2064/1838
f 2064/1838 2748/1837 2065/1839 1650/1840
f 2748/1837 2066/1841 1606/1842 2065/1839
f 2063/1836 1710/1843 2066/1841 2748/1837
f 1705/1822 2067/1844 2749/1845 2056/1820
f 2056/1820 2749/1845 2068/1846 1601/1821
f 2749/1845 2061/1832 1602/1834 2068/1846
f 2067/1844 1709/1829 2061/1832 2749/1845
f 1707/1828 2069/1847 2750/1848 2059/1827
f 2059/1827 2750/1848 2070/1849 1604/1725
f 2750/1848 2071/1850 1605/1851 2070/1849
f 2069/1847 1711/1852 2071/1850 2750/1848
f 1695/1853 2072/1854 2751/1855 2073/1856
f 2073/1856 2751/1855 1972/1654 1611/1644
f 2751/1855 2074/1857 1612/1621 1972/1654
f 2072/1854 1694/1858 2074/1857 2751/1855
f 1701/1859 2075/1860 2752/1861 2076/1862
f 2076/1862 2752/1861 1968/1646 1638/1645
f 2752/1861 2077/1863 1608/1653 1968/1646
f 2075/1860 1696/1864 2077/1863 2752/1861
f 1698/1722 2011/1721 2753/1865 2078/1866
f 2078/1866 2753/1865 1964/1637 1610/1636
f 2753/1865 2073/1856 1611/1644 1964/1637
f 2011/1721 1695/1724 2073/1856 2753/1865
f 1699/1867 2079/1868 2754/1869 2080/1870
f 2080/1870 2754/1869 2007/1714 1609/1662
f 2754/1869 2078/1866 1610/1636 2007/1714
f 2079/1868 1698/1722 2078/1866 2754/1869
f 1702/1871 2081/1872 2755/1873 2082/1874
f 2082/1874 2755/1873 2004/1708 1649/1635
f 2755/1873 2083/1875 1613/1713 2004/1708
f 2081/1872 1700/1876 2083/1875 2755/1873
f 1696/1864 2084/1877 2756/1878 2077/1863
f 2077/1863 2756/1878 1974/1657 1608/1653
f 2756/1878 2080/1870 1609/1662 1974/1657
f 2084/1877 1699/1867 2080/1870 2756/1878
f 1657/1879 2085/1880 2757/1881 2086/1882
f 2086/1882 2757/1881 2087/1883 1570/1884
f 2757/1881 2088/1885 1569/1886 2087/1883
f 2085/1880 1652/1887 2088/1885 2757/1881
f 1616/1888 2089/1889 2758/1890 2090/1891
f 2090/1891 2758/1890 2091/1892 1571/1893
f 2758/1890 1954/1616 1614/1619 2091/1892
f 2089/1889 1615/1617 1954/1616 2758/1890
f 1547/1894 2092/1895 2759/1896 2093/1897
f 2093/1897 2759/1896 2094/1898 1545/1899
f 2759/1896 2095/1900 1624/1901 2094/1898
f 2092/1895 1620/1902 2095/1900 2759/1896
f 1617/1903 2096/1904 2760/1905 2097/1906
f 2097/1906 2760/1905 2098/1907 1551/1908
f 2760/1905 1950/1909 1550/1910 2098/1907
f 2096/1904 1548/1911 1950/1909 2760/1905
f 1617/1903 2099/1912 2761/1913 2096/1904
f 2096/1904 2761/1913 1956/1914 1548/1911
f 2761/1913 2092/1895 1547/1894 1956/1914
f 2099/1912 1620/1902 2092/1895 2761/1913
f 1666/1915 2100/1916 2762/1917 2101/1918
f 2101/1918 2762/1917 2102/1919 1665/1920
f 2762/1917 1955/1618 1566/1620 2102/1919
f 2100/1916 1614/1619 1955/1618 2762/1917
f 1589/1693 1992/1692 2763/1921 2051/1811
f 2051/1811 2763/1921 2103/1922 1590/1796
f 2763/1921 2104/1923 1583/1924 2103/1922
f 1992/1692 1582/1695 2104/1923 2763/1921
f 1590/1796 2103/1922 2764/1925 2044/1797
f 2044/1797 2764/1925 2105/1926 1591/1804
f 2764/1925 2106/1927 1584/1928 2105/1926
f 2103/1922 1583/1924 2106/1927 2764/1925
f 1624/1901 2107/1929 2765/1930 2094/1898
f 2094/1898 2765/1930 2108/1931 1545/1899
f 2765/1930 2109/1932 1546/1933 2108/1931
f 2107/1929 1625/1934 2109/1932 2765/1930
f 1738/1935 2110/1936 2766/1937 2111/1938
f 2111/1938 2766/1937 2099/1912 1617/1903
f 2766/1937 2112/1939 1620/1902 2099/1912
f 2110/1936 1735/1940 2112/1939 2766/1937
f 1738/1935 2111/1938 2767/1941 2113/1942
f 2113/1942 2767/1941 2114/1943 1739/1944
f 2767/1941 2097/1906 1551/1908 2114/1943
f 2111/1938 1617/1903 2097/1906 2767/1941
f 1584/1749 2024/1748 2768/1945 2105/1926
f 2105/1926 2768/1945 2115/1946 1591/1804
f 2768/1945 2116/1947 1663/1948 2115/1946
f 2024/1748 1660/1740 2116/1947 2768/1945
f 1632/1949 2117/1950 2769/1951 2118/1952
f 2118/1952 2769/1951 2119/1953 1629/1954
f 2769/1951 1977/1664 1619/1663 2119/1953
f 2117/1950 1631/1671 1977/1664 2769/1951
f 1629/1954 2119/1953 2770/1955 2120/1956
f 2120/1956 2770/1955 2121/1957 1630/1958
f 2770/1955 1990/1689 1618/1686 2121/1957
f 2119/1953 1619/1663 1990/1689 2770/1955
f 1735/1940 2122/1959 2771/1960 2112/1939
f 2112/1939 2771/1960 2095/1900 1620/1902
f 2771/1960 2123/1961 1624/1901 2095/1900
f 2122/1959 1736/1962 2123/1961 2771/1960
f 1660/1740 2020/1739 2772/1963 2116/1947
f 2116/1947 2772/1963 2124/1964 1663/1948
f 2772/1963 2125/1965 1655/1966 2124/1964
f 2020/1739 1656/1742 2125/1965 2772/1963
f 1679/1967 2127/1968 2773/1969 2128/1970
f 2128/1970 2773/1969 2032/1772 1687/1771
f 2773/1969 2013/1971 1572/1776 2032/1772
f 2127/1968 1633/1972 2013/1971 2773/1969
f 1586/1973 2129/1974 2774/1975 2130/1976
f 2130/1976 2774/1975 2131/1977 1593/1978
f 2774/1975 2049/1808 1636/1810 2131/1977
f 2129/1974 1635/1805 2049/1808 2774/1975
f 1706/1979 2132/1980 2775/1981 2133/1982
f 2133/1982 2775/1981 2134/1983 1600/1984
f 2775/1981 2054/1817 1637/1819 2134/1983
f 2132/1980 1712/1814 2054/1817 2775/1981
f 1697/1985 2135/1986 2776/1987 2136/1988
f 2136/1988 2776/1987 1998/1697 1607/1696
f 2776/1987 2076/1862 1638/1645 1998/1697
f 2135/1986 1701/1859 2076/1862 2776/1987
f 1629/1954 2120/1956 2777/1989 2137/1990
f 2137/1990 2777/1989 2138/1991 1641/1992
f 2777/1989 2139/1993 1640/1994 2138/1991
f 2120/1956 1630/1958 2139/1993 2777/1989
f 1629/1954 2137/1990 2778/1995 2118/1952
f 2118/1952 2778/1995 2140/1996 1632/1949
f 2778/1995 2141/1997 1642/1998 2140/1996
f 2137/1990 1641/1992 2141/1997 2778/1995
f 1656/1742 2142/1999 2779/2000 2125/1965
f 2125/1965 2779/2000 2038/1784 1655/1966
f 2779/2000 2143/2001 1592/1791 2038/1784
f 2142/1999 1585/2002 2143/2001 2779/2000
f 1630/1958 2144/2003 2780/2004 2139/1993
f 2139/1993 2780/2004 2145/2005 1640/1994
f 2780/2004 2146/2006 1643/2007 2145/2005
f 2144/2003 1616/2008 2146/2006 2780/2004
f 1743/2009 2147/2010 2781/2011 2148/2012
f 2148/2012 2781/2011 2149/2013 1645/2014
f 2781/2011 2150/2015 1646/2016 2149/2013
f 2147/2010 1741/2017 2150/2015 2781/2011
f 1569/1886 2088/1885 2782/2018 2151/2019
f 2151/2019 2782/2018 2152/2020 1567/2021
f 2782/2018 2153/2022 1653/2023 2152/2020
f 2088/1885 1652/1887 2153/2022 2782/2018
f 1745/2024 2154/2025 2783/2026 2155/2027
f 2155/2027 2783/2026 2156/2028 1746/2029
f 2783/2026 2157/2030 1579/2031 2156/2028
f 2154/2025 1634/2032 2157/2030 2783/2026
f 1658/2033 2158/2034 2784/2035 2159/2036
f 2159/2036 2784/2035 2160/2037 1571/2038
f 2784/2035 2161/2039 1647/2040 2160/2037
f 2158/2034 1667/2041 2161/2039 2784/2035
f 1645/2014 2149/2013 2785/2042 2162/2043
f 2162/2043 2785/2042 2163/2044 1628/2045
f 2785/2042 2164/2046 1627/2047 2163/2044
f 2149/2013 1646/2016 2164/2046 2785/2042
f 1663/1948 2124/1964 2786/2048 2165/2049
f 2165/2049 2786/2048 2166/2050 1662/2051
f 2786/2048 2039/1786 1654/1788 2166/2050
f 2124/1964 1655/1966 2039/1786 2786/2048
f 1571/1893 2160/2037 2787/2052 2090/1891
f 2090/1891 2787/2052 2146/2006 1616/1888
f 2787/2052 2167/2053 1643/2007 2146/2006
f 2160/2037 1647/2040 2167/2053 2787/2052
f 1703/2054 2168/2055 2788/2056 2169/2057
f 2169/2057 2788/2056 1961/1630 1664/1629
f 2788/2056 2082/1874 1649/1635 1961/1630
f 2168/2055 1702/1871 2082/1874 2788/2056
f 1630/1958 2121/1957 2789/2058 2144/2003
f 2144/2003 2789/2058 2089/1889 1616/2008
f 2789/2058 1988/1685 1615/1617 2089/1889
f 2121/1957 1618/1686 1988/1685 2789/2058
f 1648/2059 2170/2060 2790/2061 2171/2062
f 2171/2062 2790/2061 2172/2063 1644/2064
f 2790/2061 2086/1882 1570/1884 2172/2063
f 2170/2060 1657/1879 2086/1882 2790/2061
f 1714/2065 2173/2066 2791/2067 2174/2068
f 2174/2068 2791/2067 2175/2069 1661/2070
f 2791/2067 2064/1838 1650/1840 2175/2069
f 2173/2066 1713/1835 2064/1838 2791/2067
f 1658/2071 2176/2072 2792/2073 2177/2074
f 2177/2074 2792/2073 2085/1880 1657/1879
f 2792/2073 2178/2075 1652/1887 2085/1880
f 2176/2072 1666/2076 2178/2075 2792/2073
f 1736/2077 2179/2078 2793/2079 2180/2080
f 2180/2080 2793/2079 2181/2081 1742/2082
f 2793/2079 2167/2053 1647/2040 2181/2081
f 2179/2078 1643/2007 2167/2053 2793/2079
f 1593/1978 2182/2083 2794/2084 2130/1976
f 2130/1976 2794/2084 2183/2085 1586/1973
f 2794/2084 2184/2086 1563/2087 2183/2085
f 2182/2083 1564/2088 2184/2086 2794/2084
f 1704/2089 2185/2090 2795/2091 2186/2092
f 2186/2092 2795/2091 2187/2093 1562/2094
f 2795/2091 2133/1982 1600/1984 2187/2093
f 2185/2090 1706/1979 2133/1982 2795/2091
f 1637/1819 2055/1818 2796/2095 2188/2096
f 2188/2096 2796/2095 2075/1860 1701/1859
f 2796/2095 2189/2097 1696/1864 2075/1860
f 2055/1818 1601/1821 2189/2097 2796/2095
f 1628/2045 2190/2098 2797/2099 2162/2043
f 2162/2043 2797/2099 2191/2100 1645/2014
f 2797/2099 2192/2101 1544/2102 2191/2100
f 2190/2098 1626/2103 2192/2101 2797/2099
f 1626/2103 2193/2104 2798/2105 2192/2101
f 2192/2101 2798/2105 2194/2106 1544/2102
f 2798/2105 2109/1932 1625/1934 2194/2106
f 2193/2104 1546/1933 2109/1932 2798/2105
f 1652/1887 2178/2075 2799/2107 2153/2022
f 2153/2022 2799/2107 2196/2108 1653/2023
f 2799/2107 2101/1918 1665/1920 2196/2108
f 2178/2075 1666/2076 2101/1918 2799/2107
f 1657/1879 2170/2060 2800/2109 2177/2074
f 2177/2074 2800/2109 2158/2034 1658/2071
f 2800/2109 2197/2110 1667/2041 2158/2034
f 2170/2060 1648/2059 2197/2110 2800/2109
f 1591/1804 2115/1946 2801/2111 2047/1802
f 2047/1802 2801/2111 2198/2112 1598/1803
f 2801/2111 2165/2049 1662/2051 2198/2112
f 2115/1946 1663/1948 2165/2049 2801/2111
f 1694/1858 2199/2113 2802/2114 2074/1857
f 2074/1857 2802/2114 1957/1622 1612/1621
f 2802/2114 2169/2057 1664/1629 1957/1622
f 2199/2113 1703/2054 2169/2057 2802/2114
f 1711/1852 2200/2115 2803/2116 2071/1850
f 2071/1850 2803/2116 2201/2117 1605/1851
f 2803/2116 2174/2068 1661/2070 2201/2117
f 2200/2115 1714/2065 2174/2068 2803/2116
f 1571/1893 2091/1892 2804/2118 2159/2036
f 2159/2036 2804/2118 2176/2072 1658/2033
f 2804/2118 2100/1916 1666/1915 2176/2072
f 2091/1892 1614/1619 2100/1916 2804/2118
f 1743/2119 2202/2120 2805/2121 2203/2122
f 2203/2122 2805/2121 2197/2110 1648/2059
f 2805/2121 2204/2123 1667/2041 2197/2110
f 2202/2120 1747/2124 2204/2123 2805/2121
f 1747/2124 2205/2125 2806/2126 2204/2123
f 2204/2123 2806/2126 2161/2039 1667/2041
f 2806/2126 2181/2081 1647/2040 2161/2039
f 2205/2125 1742/2082 2181/2081 2806/2126
f 1732/2127 2207/2128 2807/2129 2208/2130
f 2208/2130 2807/2129 2209/2131 1731/2132
f 2807/2129 2210/2133 1668/2134 2209/2131
f 2207/2128 1669/2135 2210/2133 2807/2129
f 1684/2136 2211/2137 2808/2138 2212/2139
f 2212/2139 2808/2138 2213/2140 1670/2141
f 2808/2138 2214/2142 1669/2143 2213/2140
f 2211/2137 1685/2144 2214/2142 2808/2138
f 1683/2145 2215/2146 2809/2147 2216/2148
f 2216/2148 2809/2147 2217/2149 1671/2150
f 2809/2147 2212/2139 1670/2141 2217/2149
f 2215/2146 1684/2136 2212/2139 2809/2147
f 1737/2151 2218/2152 2810/2153 2219/2154
f 2219/2154 2810/2153 2220/2155 1734/2156
f 2810/2153 2221/2157 1671/2158 2220/2155
f 2218/2152 1672/2159 2221/2157 2810/2153
f 1740/2160 2222/2161 2811/2162 2223/2163
f 2223/2163 2811/2162 2218/2152 1737/2151
f 2811/2162 2224/2164 1672/2159 2218/2152
f 2222/2161 1673/2165 2224/2164 2811/2162
f 1744/2166 2225/2167 2812/2168 2226/2169
f 2226/2169 2812/2168 2222/2161 1740/2160
f 2812/2168 2227/2170 1673/2165 2222/2161
f 2225/2167 1674/2171 2227/2170 2812/2168
f 1748/2172 2228/2173 2813/2174 2229/2175
f 2229/2175 2813/2174 2225/2167 1744/2166
f 2813/2174 2230/2176 1674/2171 2225/2167
f 2228/2173 1675/2177 2230/2176 2813/2174
f 1745/2178 2231/2179 2814/2180 2232/2181
f 2232/2181 2814/2180 2228/2173 1748/2172
f 2814/2180 2233/2182 1675/2177 2228/2173
f 2231/2179 1676/2183 2233/2182 2814/2180
f 1679/2184 2234/2185 2815/2186 2235/2187
f 2235/2187 2815/2186 2236/2188 1678/2189
f 2815/2186 2237/2190 1677/2191 2236/2188
f 2234/2185 1676/2192 2237/2190 2815/2186
f 1672/2159 2238/2193 2816/2194 2221/2157
f 2221/2157 2816/2194 2216/2148 1671/2158
f 2816/2194 2026/1753 1683/1755 2216/2148
f 2238/2193 1682/1750 2026/1753 2816/2194
f 1669/2135 2214/2142 2817/2195 2210/2133
f 2210/2133 2817/2195 2239/2196 1668/2134
f 2817/2195 2015/1729 1686/1731 2239/2196
f 2214/2142 1685/2144 2015/1729 2817/2195
f 1675/2177 2240/2197 2818/2198 2230/2176
f 2230/2176 2818/2198 2241/2199 1674/2171
f 2818/2198 2033/1774 1680/1765 2241/2199
f 2240/2197 1687/1771 2033/1774 2818/2198
f 1676/2183 2234/2185 2819/2200 2233/2182
f 2233/2182 2819/2200 2240/2197 1675/2177
f 2819/2200 2128/1970 1687/1771 2240/2197
f 2234/2185 1679/2184 2128/1970 2819/2200
f 1659/2201 2195/2202 2820/2203 2242/2204
f 2242/2204 2820/2203 2211/2137 1684/2136
f 2820/2203 2014/1727 1685/1726 2211/2137
f 2195/2202 1651/1734 2014/1727 2820/2203
f 1673/2165 2243/2205 2821/2206 2224/2164
f 2224/2164 2821/2206 2238/2193 1672/2159
f 2821/2206 2029/1762 1682/1750 2238/2193
f 2243/2205 1681/1759 2029/1762 2821/2206
f 1674/2171 2241/2199 2822/2207 2227/2170
f 2227/2170 2822/2207 2243/2205 1673/2165
f 2822/2207 2031/1768 1681/1759 2243/2205
f 2241/2199 1680/1765 2031/1768 2822/2207
f 1576/1757 2034/2208 2823/2209 2027/1754
f 2027/1754 2823/2209 2215/2146 1683/1755
f 2823/2209 2242/2204 1684/2136 2215/2146
f 2034/2208 1659/2201 2242/2204 2823/2209
f 1633/1972 2127/1968 2824/2210 2126/2211
f 2126/2211 2824/2210 2244/2212 1577/2213
f 2824/2210 2235/2187 1678/2189 2244/2212
f 2127/1968 1679/1967 2235/2187 2824/2210
f 1604/1725 2070/1849 2825/2214 2012/1723
f 2012/1723 2825/2214 2072/1854 1695/1724
f 2825/2214 2245/2215 1694/1858 2072/1854
f 2070/1849 1605/1851 2245/2215 2825/2214
f 1602/1834 2062/1833 2826/2216 2246/2217
f 2246/2217 2826/2216 2079/1868 1699/1867
f 2826/2216 2010/1720 1698/1722 2079/1868
f 2062/1833 1603/1717 2010/1720 2826/2216
f 1650/1840 2065/1839 2827/2218 2247/2219
f 2247/2219 2827/2218 2081/1872 1702/1871
f 2827/2218 2248/2220 1700/1876 2081/1872
f 2065/1839 1606/1842 2248/2220 2827/2218
f 1601/1821 2068/1846 2828/2221 2189/2097
f 2189/2097 2828/2221 2084/1877 1696/1864
f 2828/2221 2246/2217 1699/1867 2084/1877
f 2068/1846 1602/1834 2246/2217 2828/2221
f 1600/1984 2134/1983 2829/2222 2249/2223
f 2249/2223 2829/2222 2135/1986 1697/1985
f 2829/2222 2188/2096 1701/1859 2135/1986
f 2134/1983 1637/1819 2188/2096 2829/2222
f 1661/2070 2175/2069 2830/2224 2250/2225
f 2250/2225 2830/2224 2168/2055 1703/2054
f 2830/2224 2247/2219 1702/1871 2168/2055
f 2175/2069 1650/1840 2247/2219 2830/2224
f 1605/1851 2201/2117 2831/2226 2245/2215
f 2245/2215 2831/2226 2199/2113 1694/1858
f 2831/2226 2250/2225 1703/2054 2199/2113
f 2201/2117 1661/2070 2250/2225 2831/2226
f 1561/1702 2251/2227 2832/2228 2001/1703
f 2001/1703 2832/2228 2136/1988 1607/1696
f 2832/2228 2252/2229 1697/1985 2136/1988
f 2251/2227 1693/2230 2252/2229 2832/2228
f 1697/1985 2252/2229 2833/2231 2249/2223
f 2249/2223 2833/2231 2187/2093 1600/1984
f 2833/2231 2253/2232 1562/2094 2187/2093
f 2252/2229 1693/2230 2253/2232 2833/2231
f 1634/2233 2254/2234 2834/2235 2255/2236
f 2255/2236 2834/2235 2048/1806 1635/1805
f 2834/2235 1982/1675 1587/1677 2048/1806
f 2254/2234 1580/1672 1982/1675 2834/2235
f 1579/2031 2157/2030 2835/2237 2256/2238
f 2256/2238 2835/2237 2129/1974 1586/1973
f 2835/2237 2255/2236 1635/1805 2129/1974
f 2157/2030 1634/2032 2255/2236 2835/2237
f 1739/1944 2114/1943 2836/2239 2257/2240
f 2257/2240 2836/2239 2258/2241 1749/2242
f 2836/2239 2259/2243 1715/2244 2258/2241
f 2114/1943 1551/1908 2259/2243 2836/2239
f 1718/2245 2260/2246 2837/2247 2261/2248
f 2261/2248 2837/2247 2140/1996 1642/1998
f 2837/2247 2262/2249 1632/1949 2140/1996
f 2260/2246 1717/2250 2262/2249 2837/2247
f 1631/1671 2117/1950 2838/2251 2263/2252
f 2263/2252 2838/2251 2264/2253 1716/2254
f 2838/2251 2262/2249 1717/2250 2264/2253
f 2117/1950 1632/1949 2262/2249 2838/2251
f 1716/2254 2264/2253 2839/2255 2265/2256
f 2265/2256 2839/2255 2266/2257 1720/2258
f 2839/2255 2267/2259 1721/2260 2266/2257
f 2264/2253 1717/2250 2267/2259 2839/2255
f 1749/2242 2258/2241 2840/2261 2268/2262
f 2268/2262 2840/2261 2269/2263 1750/2264
f 2840/2261 2270/2265 1719/2266 2269/2263
f 2258/2241 1715/2244 2270/2265 2840/2261
f 1722/2267 2271/2268 2841/2269 2272/2270
f 2272/2270 2841/2269 2260/2246 1718/2245
f 2841/2269 2267/2259 1717/2250 2260/2246
f 2271/2268 1721/2260 2267/2259 2841/2269
f 1720/2258 2266/2257 2842/2271 2273/2272
f 2273/2272 2842/2271 2274/2273 1724/2274
f 2842/2271 2275/2275 1725/2276 2274/2273
f 2266/2257 1721/2260 2275/2275 2842/2271
f 1750/2264 2269/2263 2843/2277 2276/2278
f 2276/2278 2843/2277 2277/2279 1751/2280
f 2843/2277 2278/2281 1723/2282 2277/2279
f 2269/2263 1719/2266 2278/2281 2843/2277
f 1726/2283 2279/2284 2844/2285 2280/2286
f 2280/2286 2844/2285 2271/2268 1722/2267
f 2844/2285 2275/2275 1721/2260 2271/2268
f 2279/2284 1725/2276 2275/2275 2844/2285
f 1678/2189 2236/2188 2845/2287 2281/2288
f 2281/2288 2845/2287 2282/2289 1730/2290
f 2845/2287 2283/2291 1729/2292 2282/2289
f 2236/2188 1677/2191 2283/2291 2845/2287
f 1746/2029 2156/2028 2846/2293 2284/2294
f 2284/2294 2846/2293 2285/2295 1752/2296
f 2846/2293 2286/2297 1728/2298 2285/2295
f 2156/2028 1579/2031 2286/2297 2846/2293
f 1730/2290 2288/2299 2847/2300 2281/2288
f 2281/2288 2847/2300 2244/2212 1678/2189
f 2847/2300 2287/2301 1577/2213 2244/2212
f 2288/2299 1727/2302 2287/2301 2847/2300
f 1563/2087 2289/2303 2848/2304 2183/2085
f 2183/2085 2848/2304 2256/2238 1586/1973
f 2848/2304 2286/2297 1579/2031 2256/2238
f 2289/2303 1728/2298 2286/2297 2848/2304
f 1558/2305 2290/2306 2849/2307 1985/2308
f 1985/2308 2849/2307 2291/2309 1559/2310
f 2849/2307 2278/2281 1719/2266 2291/2309
f 2290/2306 1723/2282 2278/2281 2849/2307
f 1715/2244 2292/2311 2850/2312 2270/2265
f 2270/2265 2850/2312 2291/2309 1719/2266
f 2850/2312 1951/2313 1559/2310 2291/2309
f 2292/2311 1549/2314 1951/2313 2850/2312
f 1724/2274 2293/2315 2851/2316 2273/2272
f 2273/2272 2851/2316 2294/2317 1720/2258
f 2851/2316 2295/2318 1623/2319 2294/2317
f 2293/2315 1560/2320 2295/2318 2851/2316
f 1631/1671 2263/2252 2852/2321 1980/1669
f 1980/1669 2852/2321 2296/2322 1622/1670
f 2852/2321 2297/2323 1639/2324 2296/2322
f 2263/2252 1716/2254 2297/2323 2852/2321
f 1639/2324 2297/2323 2853/2325 2298/2326
f 2298/2326 2853/2325 2294/2317 1623/2319
f 2853/2325 2265/2256 1720/2258 2294/2317
f 2297/2323 1716/2254 2265/2256 2853/2325
f 1549/2314 2292/2311 2854/2327 2206/2328
f 2206/2328 2854/2327 2098/1907 1550/1910
f 2854/2327 2259/2243 1551/1908 2098/1907
f 2292/2311 1715/2244 2259/2243 2854/2327
f 1670/2141 2213/2140 2855/2329 2299/2330
f 2299/2330 2855/2329 2018/1736 1733/1735
f 2855/2329 2207/2128 1732/2127 2018/1736
f 2213/2140 1669/2143 2207/2128 2855/2329
f 1671/2150 2217/2149 2856/2331 2220/2155
f 2220/2155 2856/2331 2022/1745 1734/2156
f 2856/2331 2299/2330 1733/1735 2022/1745
f 2217/2149 1670/2141 2299/2330 2856/2331
f 1641/1992 2138/1991 2857/2332 2300/2333
f 2300/2333 2857/2332 2110/1936 1738/1935
f 2857/2332 2301/2334 1735/1940 2110/1936
f 2138/1991 1640/1994 2301/2334 2857/2332
f 1641/1992 2300/2333 2858/2335 2141/1997
f 2141/1997 2858/2335 2302/2336 1642/1998
f 2858/2335 2113/1942 1739/1944 2302/2336
f 2300/2333 1738/1935 2113/1942 2858/2335
f 1640/1994 2145/2005 2859/2337 2301/2334
f 2301/2334 2859/2337 2122/1959 1735/1940
f 2859/2337 2179/2078 1736/2077 2122/1959
f 2145/2005 1643/2007 2179/2078 2859/2337
f 1648/2059 2171/2062 2860/2338 2203/2122
f 2203/2122 2860/2338 2147/2010 1743/2119
f 2860/2338 2303/2339 1741/2017 2147/2010
f 2171/2062 1644/2064 2303/2339 2860/2338
f 1676/2183 2231/2179 2861/2340 2237/2190
f 2237/2190 2861/2340 2304/2341 1677/2191
f 2861/2340 2155/2027 1746/2029 2304/2341
f 2231/2179 1745/2178 2155/2027 2861/2340
f 1624/1901 2123/1961 2862/2342 2107/1929
f 2107/1929 2862/2342 2305/2343 1625/1934
f 2862/2342 2180/2080 1742/2082 2305/2343
f 2123/1961 1736/1962 2180/2080 2862/2342
f 1645/2014 2191/2100 2863/2344 2148/2012
f 2148/2012 2863/2344 2202/2120 1743/2009
f 2863/2344 2306/2345 1747/2124 2202/2120
f 2191/2100 1544/2102 2306/2345 2863/2344
f 1544/2102 2194/2106 2864/2346 2306/2345
f 2306/2345 2864/2346 2205/2125 1747/2124
f 2864/2346 2305/2343 1742/2082 2205/2125
f 2194/2106 1625/1934 2305/2343 2864/2346
f 1656/1742 2021/1741 2865/2347 2142/1999
f 2142/1999 2865/2347 2307/2348 1585/2002
f 2865/2347 2208/2130 1731/2132 2307/2348
f 2021/1741 1732/1743 2208/2130 2865/2347
f 1583/1924 2308/2349 2866/2350 2106/1927
f 2106/1927 2866/2350 2023/1747 1584/1928
f 2866/2350 2219/2154 1734/2156 2023/1747
f 2308/2349 1737/2151 2219/2154 2866/2350
f 1582/1695 2309/2351 2867/2352 2104/1923
f 2104/1923 2867/2352 2308/2349 1583/1924
f 2867/2352 2223/2163 1737/2151 2308/2349
f 2309/2351 1740/2160 2223/2163 2867/2352
f 1581/1680 2310/2353 2868/2354 1993/1694
f 1993/1694 2868/2354 2309/2351 1582/1695
f 2868/2354 2226/2169 1740/2160 2309/2351
f 2310/2353 1744/2166 2226/2169 2868/2354
f 1580/1672 2311/2355 2869/2356 1981/1673
f 1981/1673 2869/2356 2310/2353 1581/1680
f 2869/2356 2229/2175 1744/2166 2310/2353
f 2311/2355 1748/2172 2229/2175 2869/2356
f 1634/2032 2154/2025 2870/2357 2254/2234
f 2254/2234 2870/2357 2311/2355 1580/1672
f 2870/2357 2232/2181 1748/2172 2311/2355
f 2154/2025 1745/2024 2232/2181 2870/2357
f 1642/1998 2302/2336 2871/2358 2261/2248
f 2261/2248 2871/2358 2312/2359 1718/2245
f 2871/2358 2257/2240 1749/2242 2312/2359
f 2302/2336 1739/1944 2257/2240 2871/2358
f 1718/2245 2312/2359 2872/2360 2272/2270
f 2272/2270 2872/2360 2313/2361 1722/2267
f 2872/2360 2268/2262 1750/2264 2313/2361
f 2312/2359 1749/2242 2268/2262 2872/2360
f 1722/2267 2313/2361 2873/2362 2280/2286
f 2280/2286 2873/2362 2314/2363 1726/2283
f 2873/2362 2276/2278 1751/2280 2314/2363
f 2313/2361 1750/2264 2276/2278 2873/2362
f 1677/2191 2304/2341 2874/2364 2283/2291
f 2283/2291 2874/2364 2315/2365 1729/2292
f 2874/2364 2284/2294 1752/2296 2315/2365
f 2304/2341 1746/2029 2284/2294 2874/2364
f 1704/2089 2316/2366 2875/2367 2185/2090
f 2185/2090 2875/2367 2317/2368 1706/1979
f 2875/2367 2182/2083 1593/1978 2317/2368
f 2316/2366 1564/2088 2182/2083 2875/2367
f 1636/1810 2318/2369 2876/2370 2131/1977
f 2131/1977 2876/2370 2317/2368 1593/1978
f 2876/2370 2132/1980 1706/1979 2317/2368
f 2318/2369 1712/1814 2132/1980 2876/2370
f 1712/1814 2318/2369 2877/2371 2053/1815
f 2053/1815 2877/2371 2319/2372 1705/1822
f 2877/2371 2050/1809 1594/1795 2319/2372
f 2318/2369 1636/1810 2050/1809 2877/2371
f 1705/1822 2319/2372 2878/2373 2067/1844
f 2067/1844 2878/2373 2320/2374 1709/1829
f 2878/2373 2043/1794 1595/1780 2320/2374
f 2319/2372 1594/1795 2043/1794 2878/2373
f 1552/1701 2322/2375 2879/2376 2003/1706
f 2003/1706 2879/2376 2321/2377 1557/1707
f 2879/2376 2295/2318 1560/2320 2321/2377
f 2322/2375 1623/2319 2295/2318 2879/2376
f 1690/1650 2323/2378 2880/2379 2000/1700
f 2000/1700 2880/2379 2322/2375 1552/1701
f 2880/2379 2298/2326 1623/2319 2322/2375
f 2323/2378 1639/2324 2298/2326 2880/2379
f 1555/1652 2324/2380 2881/2381 1970/1649
f 1970/1649 2881/2381 2323/2378 1690/1650
f 2881/2381 2296/2322 1639/2324 2323/2378
f 2324/2380 1622/1670 2296/2322 2881/2381
f 1556/1661 2325/2382 2882/2383 1975/1659
f 1975/1659 2882/2383 2324/2380 1555/1652
f 2882/2383 1979/1667 1622/1670 2324/2380
f 2325/2382 1621/1668 1979/1667 2882/2383
f 1688/1641 2326/2384 2883/2385 2008/1716
f 2008/1716 2883/2385 2325/2382 1556/1661
f 2883/2385 1989/1687 1621/1668 2325/2382
f 2326/2384 1565/1681 1989/1687 2883/2385
f 1553/1643 2327/2386 2884/2387 1966/1640
f 1966/1640 2884/2387 2326/2384 1688/1641
f 2884/2387 1986/1682 1565/1681 2326/2384
f 2327/2386 1568/1612 1986/1682 2884/2387
f 1554/1626 2328/2388 2885/2389 1973/1656
f 1973/1656 2885/2389 2327/2386 1553/1643
f 2885/2389 1952/1613 1568/1612 2327/2386
f 2328/2388 1566/1620 1952/1613 2885/2389
f 1692/1628 2329/2390 2886/2391 1959/1625
f 1959/1625 2886/2391 2328/2388 1554/1626
f 2886/2391 2102/1919 1566/1620 2328/2388
f 2329/2390 1665/1920 2102/1919 2886/2391
f 1691/1634 2330/2392 2887/2393 1962/1632
f 1962/1632 2887/2393 2329/2390 1692/1628
f 2887/2393 2196/2108 1665/1920 2329/2390
f 2330/2392 1653/2023 2196/2108 2887/2393
f 1689/1712 2331/2394 2888/2395 2005/1710
f 2005/1710 2888/2395 2330/2392 1691/1634
f 2888/2395 2152/2020 1653/2023 2330/2392
f 2331/2394 1567/2021 2152/2020 2888/2395
f 1709/1829 2320/2374 2889/2396 2060/1830
f 2060/1830 2889/2396 2332/2397 1708/1823
f 2889/2396 2036/1779 1596/1782 2332/2397
f 2320/2374 1595/1780 2036/1779 2889/2396
f 1708/1823 2332/2397 2890/2398 2057/1824
f 2057/1824 2890/2398 2333/2399 1707/1828
f 2890/2398 2052/1813 1597/1801 2333/2399
f 2332/2397 1596/1782 2052/1813 2890/2398
f 1707/1828 2333/2399 2891/2400 2069/1847
f 2069/1847 2891/2400 2334/2401 1711/1852
f 2891/2400 2046/1800 1598/1803 2334/2401
f 2333/2399 1597/1801 2046/1800 2891/2400
f 1662/2051 2335/2402 2892/2403 2198/2112
f 2198/2112 2892/2403 2334/2401 1598/1803
f 2892/2403 2200/2115 1711/1852 2334/2401
f 2335/2402 1714/2065 2200/2115 2892/2403
f 1714/2065 2335/2402 2893/2404 2173/2066
f 2173/2066 2893/2404 2336/2405 1713/1835
f 2893/2404 2166/2050 1654/1788 2336/2405
f 2335/2402 1662/2051 2166/2050 2893/2404
f 1713/1835 2336/2405 2894/2406 2063/1836
f 2063/1836 2894/2406 2337/2407 1710/1843
f 2894/2406 2040/1787 1599/1790 2337/2407
f 2336/2405 1654/1788 2040/1787 2894/2406
f 1775/2408 2340/2409 2895/2410 2341/2411
f 2341/2411 2895/2410 2342/2412 1774/2413
f 2895/2410 2343/2414 1813/2415 2342/2412
f 2340/2409 1814/2416 2343/2414 2895/2410
f 1812/2417 2345/2418 2896/2419 2346/2420
f 2346/2420 2896/2419 2347/2421 1858/2422
f 2896/2419 2348/2423 1881/2424 2347/2421
f 2345/2418 1762/2425 2348/2423 2896/2419
f 1858/2422 2347/2421 2897/2426 2349/2427
f 2349/2427 2897/2426 2350/2428 1844/2429
f 2897/2426 2351/2430 1880/2431 2350/2428
f 2347/2421 1881/2424 2351/2430 2897/2426
f 1810/2432 2352/2433 2898/2434 2353/2435
f 2353/2435 2898/2434 2354/2436 1811/2437
f 2898/2434 2355/2438 1761/2439 2354/2436
f 2352/2433 1878/2440 2355/2438 2898/2434
f 1835/2441 2356/2442 2899/2443 2357/2444
f 2357/2444 2899/2443 2358/2445 1808/2446
f 2899/2443 2359/2447 1763/2448 2358/2445
f 2356/2442 1879/2449 2359/2447 2899/2443
f 1811/2437 2354/2436 2900/2450 2360/2451
f 2360/2451 2900/2450 2345/2418 1812/2417
f 2900/2450 2361/2452 1762/2425 2345/2418
f 2354/2436 1761/2439 2361/2452 2900/2450
f 1808/2446 2358/2445 2901/2453 2362/2454
f 2362/2454 2901/2453 2363/2455 1809/2456
f 2901/2453 2364/2457 1764/2458 2363/2455
f 2358/2445 1763/2448 2364/2457 2901/2453
f 1818/2459 2365/2460 2902/2461 2366/2462
f 2366/2462 2902/2461 2367/2463 1828/2464
f 2902/2461 2368/2465 1821/2466 2367/2463
f 2365/2460 1820/2467 2368/2465 2902/2461
f 1784/2468 2369/2469 2903/2470 2370/2471
f 2370/2471 2903/2470 2371/2472 1785/2473
f 2903/2470 2372/2474 1791/2475 2371/2472
f 2369/2469 1790/2476 2372/2474 2903/2470
f 1773/2477 2374/2478 2904/2479 2375/2480
f 2375/2480 2904/2479 2340/2409 1775/2408
f 2904/2479 2376/2481 1814/2416 2340/2409
f 2374/2478 1817/2482 2376/2481 2904/2479
f 1820/2467 2365/2460 2905/2483 2377/2484
f 2377/2484 2905/2483 2374/2478 1773/2477
f 2905/2483 2378/2485 1817/2482 2374/2478
f 2365/2460 1818/2459 2378/2485 2905/2483
f 1791/2475 2379/2486 2906/2487 2371/2472
f 2371/2472 2906/2487 2380/2488 1785/2473
f 2906/2487 2381/2489 1786/2490 2380/2488
f 2379/2486 1792/2491 2381/2489 2906/2487
f 1807/2492 2386/2493 2907/2494 2387/2495
f 2387/2495 2907/2494 2356/2442 1835/2441
f 2907/2494 2388/2496 1879/2449 2356/2442
f 2386/2493 1760/2497 2388/2496 2907/2494
f 1769/2498 2389/2499 2908/2500 2390/2501
f 2390/2501 2908/2500 2386/2493 1807/2492
f 2908/2500 2391/2502 1760/2497 2386/2493
f 2389/2499 1765/2503 2391/2502 2908/2500
f 1844/2429 2350/2428 2909/2504 2392/2505
f 2392/2505 2909/2504 2006/2506 1613/2507
f 2909/2504 2393/2508 1689/2509 2006/2506
f 2350/2428 1880/2431 2393/2508 2909/2504
f 1809/2456 2363/2455 2910/2510 2394/2511
f 2394/2511 2910/2510 2352/2433 1810/2432
f 2910/2510 2395/2512 1878/2440 2352/2433
f 2363/2455 1764/2458 2395/2512 2910/2510
f 1804/2513 2396/2514 2911/2515 2397/2516
f 2397/2516 2911/2515 2398/2517 1805/2518
f 2911/2515 2399/2519 1884/2520 2398/2517
f 2396/2514 1887/2521 2399/2519 2911/2515
f 1876/2522 2401/2523 2912/2524 2402/2525
f 2402/2525 2912/2524 2403/2526 1846/2527
f 2912/2524 2016/2528 1578/2529 2403/2526
f 2401/2523 1686/2530 2016/2528 2912/2524
f 1919/2531 2404/2532 2913/2533 2405/2534
f 2405/2534 2913/2533 2406/2535 1918/2536
f 2913/2533 2407/2537 1851/2538 2406/2535
f 2404/2532 1854/2539 2407/2537 2913/2533
f 1920/2540 2408/2541 2914/2542 2409/2543
f 2409/2543 2914/2542 2404/2532 1919/2531
f 2914/2542 2410/2544 1854/2539 2404/2532
f 2408/2541 1788/2545 2410/2544 2914/2542
f 1873/2546 2411/2547 2915/2548 2412/2549
f 2412/2549 2915/2548 2385/2550 1780/2551
f 2915/2548 2413/2552 1781/2553 2385/2550
f 2411/2547 1874/2554 2413/2552 2915/2548
f 1872/2555 2414/2556 2916/2557 2415/2558
f 2415/2558 2916/2557 2384/2559 1779/2560
f 2916/2557 2412/2549 1780/2551 2384/2559
f 2414/2556 1873/2546 2412/2549 2916/2557
f 1871/2561 2416/2562 2917/2563 2417/2564
f 2417/2564 2917/2563 2383/2565 1778/2566
f 2917/2563 2415/2558 1779/2560 2383/2565
f 2416/2562 1872/2555 2415/2558 2917/2563
f 1877/2567 2418/2568 2918/2569 2419/2570
f 2419/2570 2918/2569 2382/2571 1777/2572
f 2918/2569 2417/2564 1778/2566 2382/2571
f 2418/2568 1871/2561 2417/2564 2918/2569
f 1791/2475 2421/2573 2919/2574 2379/2486
f 2379/2486 2919/2574 2422/2575 1792/2491
f 2919/2574 2423/2576 1798/2577 2422/2575
f 2421/2573 1797/2578 2423/2576 2919/2574
f 1850/2579 2424/2580 2920/2581 2425/2582
f 2425/2582 2920/2581 2041/2583 1592/2584
f 2920/2581 2426/2585 1599/2586 2041/2583
f 2424/2580 1849/2587 2426/2585 2920/2581
f 1790/2476 2427/2588 2921/2589 2372/2474
f 2372/2474 2921/2589 2421/2573 1791/2475
f 2921/2589 2428/2590 1797/2578 2421/2573
f 2427/2588 1796/2591 2428/2590 2921/2589
f 1793/2592 2429/2593 2922/2594 2430/2595
f 2430/2595 2922/2594 2431/2596 1794/2597
f 2922/2594 2432/2598 1800/2599 2431/2596
f 2429/2593 1799/2600 2432/2598 2922/2594
f 1832/2601 2433/2602 2923/2603 2434/2604
f 2434/2604 2923/2603 2427/2588 1790/2476
f 2923/2603 2435/2605 1796/2591 2427/2588
f 2433/2602 1833/2606 2435/2605 2923/2603
f 1792/2491 2422/2575 2924/2607 2436/2608
f 2436/2608 2924/2607 2429/2593 1793/2592
f 2924/2607 2437/2609 1799/2600 2429/2593
f 2422/2575 1798/2577 2437/2609 2924/2607
f 1899/2610 2438/2611 2925/2612 2439/2613
f 2439/2613 2925/2612 2440/2614 1893/2615
f 2925/2612 2441/2616 1802/2617 2440/2614
f 2438/2611 1834/2618 2441/2616 2925/2612
f 1896/2619 2442/2620 2926/2621 2443/2622
f 2443/2622 2926/2621 2444/2623 1895/2624
f 2926/2621 2397/2516 1805/2518 2444/2623
f 2442/2620 1804/2513 2397/2516 2926/2621
f 1897/2625 2445/2626 2927/2627 2446/2628
f 2446/2628 2927/2627 2442/2620 1896/2619
f 2927/2627 2447/2629 1804/2513 2442/2620
f 2445/2626 1803/2630 2447/2629 2927/2627
f 1900/2631 2448/2632 2928/2633 2449/2634
f 2449/2634 2928/2633 2066/2635 1710/2636
f 2928/2633 2450/2637 1606/2638 2066/2635
f 2448/2632 1845/2639 2450/2637 2928/2633
f 1893/2615 2440/2614 2929/2640 2451/2641
f 2451/2641 2929/2640 2445/2626 1897/2625
f 2929/2640 2452/2642 1803/2630 2445/2626
f 2440/2614 1802/2617 2452/2642 2929/2640
f 1895/2624 2444/2623 2930/2643 2453/2644
f 2453/2644 2930/2643 2454/2645 1898/2646
f 2930/2643 2455/2647 1806/2648 2454/2645
f 2444/2623 1805/2518 2455/2647 2930/2643
f 1884/2649 2456/2650 2931/2651 2457/2652
f 2457/2652 2931/2651 2458/2653 1883/2654
f 2931/2651 2360/2451 1812/2417 2458/2653
f 2456/2650 1811/2437 2360/2451 2931/2651
f 1889/2655 2459/2656 2932/2657 2460/2658
f 2460/2658 2932/2657 2461/2659 1885/2660
f 2932/2657 2357/2444 1808/2446 2461/2659
f 2459/2656 1835/2441 2357/2444 2932/2657
f 1887/2521 2462/2661 2933/2662 2399/2519
f 2399/2519 2933/2662 2456/2650 1884/2520
f 2933/2662 2353/2435 1811/2437 2456/2650
f 2462/2661 1810/2432 2353/2435 2933/2662
f 1888/2663 2463/2664 2934/2665 2464/2666
f 2464/2666 2934/2665 2462/2661 1887/2521
f 2934/2665 2394/2511 1810/2432 2462/2661
f 2463/2664 1809/2456 2394/2511 2934/2665
f 1890/2667 2465/2668 2935/2669 2466/2670
f 2466/2670 2935/2669 2083/2671 1700/2672
f 2935/2669 2392/2505 1613/2507 2083/2671
f 2465/2668 1844/2429 2392/2505 2935/2669
f 1885/2660 2461/2659 2936/2673 2467/2674
f 2467/2674 2936/2673 2463/2664 1888/2663
f 2936/2673 2362/2454 1809/2456 2463/2664
f 2461/2659 1808/2446 2362/2454 2936/2673
f 1852/2675 2468/2676 2937/2677 2469/2678
f 2469/2678 2937/2677 2470/2679 1847/2680
f 2937/2677 2087/2681 1569/2682 2470/2679
f 2468/2676 1570/2683 2087/2681 2937/2677
f 1815/2684 2471/2685 2938/2686 2472/2687
f 2472/2687 2938/2686 2343/2414 1814/2416
f 2938/2686 2473/2688 1813/2415 2343/2414
f 2471/2685 1776/2689 2473/2688 2938/2686
f 1755/2690 2474/2691 2939/2692 2475/2693
f 2475/2693 2939/2692 2476/2694 1819/2695
f 2939/2692 2477/2696 1823/2697 2476/2694
f 2474/2691 1753/2698 2477/2696 2939/2692
f 1816/2699 2478/2700 2940/2701 2479/2702
f 2479/2702 2940/2701 2338/2703 1756/2704
f 2940/2701 2480/2705 1758/2706 2338/2703
f 2478/2700 1759/2707 2480/2705 2940/2701
f 1816/2699 2479/2702 2941/2708 2481/2709
f 2481/2709 2941/2708 2475/2693 1819/2695
f 2941/2708 2344/2710 1755/2690 2475/2693
f 2479/2702 1756/2704 2344/2710 2941/2708
f 1949/2711 2698/2712 2942/2713 2706/2714
f 2706/2714 2942/2713 2550/2715 1927/2716
f 2942/2713 2710/2717 1842/2718 2550/2715
f 2698/2712 1947/2719 2710/2717 2942/2713
f 1792/2491 2436/2608 2943/2720 2381/2489
f 2381/2489 2943/2720 2483/2721 1786/2490
f 2943/2720 2484/2722 1787/2723 2483/2721
f 2436/2608 1793/2592 2484/2722 2943/2720
f 1793/2592 2430/2595 2944/2724 2484/2722
f 2484/2722 2944/2724 2485/2725 1787/2723
f 2944/2724 2486/2726 1788/2727 2485/2725
f 2430/2595 1794/2597 2486/2726 2944/2724
f 1823/2697 2477/2696 2945/2728 2487/2729
f 2487/2729 2945/2728 2488/2730 1824/2731
f 2945/2728 2489/2732 1754/2733 2488/2730
f 2477/2696 1753/2698 2489/2732 2945/2728
f 1924/2734 2490/2735 2946/2736 2491/2737
f 2491/2737 2946/2736 2492/2738 1921/2739
f 2946/2736 2481/2709 1819/2695 2492/2738
f 2490/2735 1816/2699 2481/2709 2946/2736
f 1924/2734 2493/2740 2947/2741 2490/2735
f 2490/2735 2947/2741 2478/2700 1816/2699
f 2947/2741 2494/2742 1759/2707 2478/2700
f 2493/2740 1925/2743 2494/2742 2947/2741
f 1788/2545 2486/2726 2948/2744 2410/2544
f 2410/2544 2948/2744 2495/2745 1854/2539
f 2948/2744 2496/2746 1857/2747 2495/2745
f 2486/2726 1794/2597 2496/2746 2948/2744
f 1829/2748 2497/2749 2949/2750 2498/2751
f 2498/2751 2949/2750 2366/2462 1828/2464
f 2949/2750 2499/2752 1818/2459 2366/2462
f 2497/2749 1826/2753 2499/2752 2949/2750
f 1826/2753 2500/2754 2950/2755 2499/2752
f 2499/2752 2950/2755 2378/2485 1818/2459
f 2950/2755 2501/2756 1817/2482 2378/2485
f 2500/2754 1827/2757 2501/2756 2950/2755
f 1921/2739 2492/2738 2951/2758 2502/2759
f 2502/2759 2951/2758 2503/2760 1922/2761
f 2951/2758 2476/2694 1823/2697 2503/2760
f 2492/2738 1819/2695 2476/2694 2951/2758
f 1854/2539 2495/2745 2952/2762 2407/2537
f 2407/2537 2952/2762 2504/2763 1851/2538
f 2952/2762 2505/2764 1850/2765 2504/2763
f 2495/2745 1857/2747 2505/2764 2952/2762
f 1870/2766 2507/2767 2953/2768 2508/2769
f 2508/2769 2953/2768 2400/2770 1830/2771
f 2953/2768 2419/2570 1777/2572 2400/2770
f 2507/2767 1877/2567 2419/2570 2953/2768
f 1789/2772 2509/2773 2954/2774 2510/2775
f 2510/2775 2954/2774 2433/2602 1832/2601
f 2954/2774 2511/2776 1833/2606 2433/2602
f 2509/2773 1795/2777 2511/2776 2954/2774
f 1894/2778 2512/2779 2955/2780 2513/2781
f 2513/2781 2955/2780 2438/2611 1899/2610
f 2955/2780 2514/2782 1834/2618 2438/2611
f 2512/2779 1801/2783 2514/2782 2955/2780
f 1886/2784 2515/2785 2956/2786 2516/2787
f 2516/2787 2956/2786 2459/2656 1889/2655
f 2956/2786 2387/2495 1835/2441 2459/2656
f 2515/2785 1807/2492 2387/2495 2956/2786
f 1826/2753 2517/2788 2957/2789 2500/2754
f 2500/2754 2957/2789 2518/2790 1827/2757
f 2957/2789 2519/2791 1837/2792 2518/2790
f 2517/2788 1838/2793 2519/2791 2957/2789
f 1826/2753 2497/2749 2958/2794 2517/2788
f 2517/2788 2958/2794 2520/2795 1838/2793
f 2958/2794 2521/2796 1839/2797 2520/2795
f 2497/2749 1829/2748 2521/2796 2958/2794
f 1851/2538 2504/2763 2959/2798 2522/2799
f 2522/2799 2959/2798 2143/2800 1585/2801
f 2959/2798 2425/2582 1592/2584 2143/2800
f 2504/2763 1850/2765 2425/2582 2959/2798
f 1827/2757 2518/2790 2960/2802 2523/2803
f 2523/2803 2960/2802 2524/2804 1815/2805
f 2960/2802 2525/2806 1840/2807 2524/2804
f 2518/2790 1837/2792 2525/2806 2960/2802
f 1928/2808 2526/2809 2961/2810 2527/2811
f 2527/2811 2961/2810 2150/2015 1741/2017
f 2961/2810 2528/2812 1646/2016 2150/2015
f 2526/2809 1841/2813 2528/2812 2961/2810
f 1569/2682 2151/2814 2962/2815 2470/2679
f 2470/2679 2962/2815 2529/2816 1847/2680
f 2962/2815 2530/2817 1848/2818 2529/2816
f 2151/2814 1567/2819 2530/2817 2962/2815
f 1930/2820 2531/2821 2963/2822 2532/2823
f 2532/2823 2963/2822 2533/2824 1831/2825
f 2963/2822 2534/2826 1783/2827 2533/2824
f 2531/2821 1931/2828 2534/2826 2963/2822
f 1852/2829 2711/2830 2964/2831 2544/2832
f 2544/2832 2964/2831 2712/2833 1843/2834
f 2964/2831 2692/2835 1946/2836 2712/2833
f 2711/2830 1942/2837 2692/2835 2964/2831
f 1841/2813 2536/2838 2965/2839 2528/2812
f 2528/2812 2965/2839 2164/2046 1646/2016
f 2965/2839 2537/2840 1627/2047 2164/2046
f 2536/2838 1825/2841 2537/2840 2965/2839
f 1857/2747 2538/2842 2966/2843 2505/2764
f 2505/2764 2966/2843 2424/2580 1850/2765
f 2966/2843 2539/2844 1849/2587 2424/2580
f 2538/2842 1856/2845 2539/2844 2966/2843
f 1776/2689 2471/2685 2967/2846 2535/2847
f 2535/2847 2967/2846 2540/2848 1842/2849
f 2967/2846 2524/2804 1840/2807 2540/2848
f 2471/2685 1815/2684 2524/2804 2967/2846
f 1891/2850 2541/2851 2968/2852 2542/2853
f 2542/2853 2968/2852 2465/2668 1890/2667
f 2968/2852 2349/2427 1844/2429 2465/2668
f 2541/2851 1858/2422 2349/2427 2968/2852
f 1827/2757 2523/2803 2969/2854 2501/2756
f 2501/2756 2969/2854 2376/2481 1817/2482
f 2969/2854 2472/2687 1814/2416 2376/2481
f 2523/2803 1815/2805 2472/2687 2969/2854
f 1843/2834 2543/2855 2970/2856 2544/2832
f 2544/2832 2970/2856 2468/2676 1852/2829
f 2970/2856 2172/2857 1570/2683 2468/2676
f 2543/2855 1644/2064 2172/2857 2970/2856
f 1901/2858 2545/2859 2971/2860 2546/2861
f 2546/2861 2971/2860 2448/2632 1900/2631
f 2971/2860 2547/2862 1845/2639 2448/2632
f 2545/2859 1855/2863 2547/2862 2971/2860
f 1847/2680 2529/2816 2972/2864 2713/2865
f 1943/2866 2713/2865 2972/2864 2690/2867
f 1945/2868 2690/2867 2972/2864 2714/2869
f 1859/2870 2714/2869 2972/2864 2560/2871
f 1848/2818 2560/2871 2972/2864 2529/2816
f 1922/2872 2548/2873 2973/2874 2549/2875
f 2549/2875 2973/2874 2540/2848 1840/2807
f 2973/2874 2550/2715 1842/2718 2540/2848
f 2548/2873 1927/2716 2550/2715 2973/2874
f 1795/2777 2509/2773 2974/2876 2551/2877
f 2551/2877 2974/2876 2552/2878 1772/2879
f 2974/2876 2553/2880 1771/2881 2552/2878
f 2509/2773 1789/2772 2553/2880 2974/2876
f 1892/2882 2554/2883 2975/2884 2555/2885
f 2555/2885 2975/2884 2512/2779 1894/2778
f 2975/2884 2556/2886 1801/2783 2512/2779
f 2554/2883 1770/2887 2556/2886 2975/2884
f 1834/2618 2557/2888 2976/2889 2441/2616
f 2441/2616 2976/2889 2558/2890 1802/2617
f 2976/2889 2460/2658 1885/2660 2558/2890
f 2557/2888 1889/2655 2460/2658 2976/2889
f 1937/2891 2700/2892 2977/2893 2703/2894
f 2703/2894 2977/2893 2661/2895 1824/2896
f 2977/2893 2706/2714 1927/2716 2661/2895
f 2700/2892 1949/2711 2706/2714 2977/2893
f 1825/2841 2536/2838 2978/2897 2704/2898
f 2704/2898 2978/2897 2697/2899 1940/2900
f 2978/2897 2705/2901 1938/2902 2697/2899
f 2536/2838 1841/2813 2705/2901 2978/2897
f 1945/2868 2714/2869 2979/2903 2691/2904
f 1944/2905 2691/2904 2979/2903 2709/2906
f 1813/2415 2709/2906 2979/2903 2342/2412
f 1774/2413 2342/2412 2979/2903 2482/2907
f 1859/2870 2482/2907 2979/2903 2714/2869
f 1942/2837 2711/2830 2980/2908 2695/2909
f 2695/2909 2980/2908 2713/2865 1943/2866
f 2980/2908 2469/2678 1847/2680 2713/2865
f 2711/2830 1852/2829 2469/2678 2980/2908
f 1794/2597 2431/2596 2981/2910 2496/2746
f 2496/2746 2981/2910 2538/2842 1857/2747
f 2981/2910 2561/2911 1856/2845 2538/2842
f 2431/2596 1800/2599 2561/2911 2981/2910
f 1883/2654 2458/2653 2982/2912 2562/2913
f 2562/2913 2982/2912 2541/2851 1891/2850
f 2982/2912 2346/2420 1858/2422 2541/2851
f 2458/2653 1812/2417 2346/2420 2982/2912
f 1898/2646 2454/2645 2983/2914 2563/2915
f 2563/2915 2983/2914 2545/2859 1901/2858
f 2983/2914 2564/2916 1855/2863 2545/2859
f 2454/2645 1806/2648 2564/2916 2983/2914
f 1941/2917 2708/2918 2984/2919 2693/2920
f 2693/2920 2984/2919 2710/2717 1947/2719
f 2984/2919 2535/2847 1842/2849 2710/2717
f 2708/2918 1776/2689 2535/2847 2984/2919
f 1928/2921 2565/2922 2985/2923 2707/2924
f 2707/2924 2985/2923 2699/2925 1948/2926
f 2985/2923 2712/2833 1946/2836 2699/2925
f 2565/2922 1843/2834 2712/2833 2985/2923
f 1918/2927 2567/2928 2986/2929 2568/2930
f 2568/2930 2986/2929 2569/2931 1860/2932
f 2986/2929 2209/2933 1668/2934 2569/2931
f 2567/2928 1731/2935 2209/2933 2986/2929
f 1875/2936 2570/2937 2987/2938 2571/2939
f 2571/2939 2987/2938 2572/2940 1876/2941
f 2987/2938 2573/2942 1860/2943 2572/2940
f 2570/2937 1861/2944 2573/2942 2987/2938
f 1874/2945 2574/2946 2988/2947 2575/2948
f 2575/2948 2988/2947 2570/2937 1875/2936
f 2988/2947 2576/2949 1861/2944 2570/2937
f 2574/2946 1862/2950 2576/2949 2988/2947
f 1923/2951 2577/2952 2989/2953 2578/2954
f 2578/2954 2989/2953 2579/2955 1863/2956
f 2989/2953 2580/2957 1862/2958 2579/2955
f 2577/2952 1920/2959 2580/2957 2989/2953
f 1926/2960 2581/2961 2990/2962 2582/2963
f 2582/2963 2990/2962 2583/2964 1864/2965
f 2990/2962 2578/2954 1863/2956 2583/2964
f 2581/2961 1923/2951 2578/2954 2990/2962
f 1929/2966 2584/2967 2991/2968 2585/2969
f 2585/2969 2991/2968 2586/2970 1865/2971
f 2991/2968 2582/2963 1864/2965 2586/2970
f 2584/2967 1926/2960 2582/2963 2991/2968
f 1932/2972 2587/2973 2992/2974 2588/2975
f 2588/2975 2992/2974 2589/2976 1866/2977
f 2992/2974 2585/2969 1865/2971 2589/2976
f 2587/2973 1929/2966 2585/2969 2992/2974
f 1930/2978 2590/2979 2993/2980 2591/2981
f 2591/2981 2993/2980 2592/2982 1867/2983
f 2993/2980 2588/2975 1866/2977 2592/2982
f 2590/2979 1932/2972 2588/2975 2993/2980
f 1870/2984 2593/2985 2994/2986 2594/2987
f 2594/2987 2994/2986 2595/2988 1867/2989
f 2994/2986 2596/2990 1868/2991 2595/2988
f 2593/2985 1869/2992 2596/2990 2994/2986
f 1863/2956 2579/2955 2995/2993 2597/2994
f 2597/2994 2995/2993 2411/2547 1873/2546
f 2995/2993 2574/2946 1874/2945 2411/2547
f 2579/2955 1862/2958 2574/2946 2995/2993
f 1860/2932 2569/2931 2996/2995 2572/2940
f 2572/2940 2996/2995 2401/2523 1876/2941
f 2996/2995 2239/2996 1686/2530 2401/2523
f 2569/2931 1668/2934 2239/2996 2996/2995
f 1866/2977 2589/2976 2997/2997 2598/2998
f 2598/2998 2997/2997 2418/2568 1877/2567
f 2997/2997 2599/2999 1871/2561 2418/2568
f 2589/2976 1865/2971 2599/2999 2997/2997
f 1867/2983 2592/2982 2998/3000 2594/2987
f 2594/2987 2998/3000 2507/2767 1870/2984
f 2998/3000 2598/2998 1877/2567 2507/2767
f 2592/2982 1866/2977 2598/2998 2998/3000
f 1853/3001 2600/3002 2999/3003 2559/3004
f 2559/3004 2999/3003 2402/2525 1846/2527
f 2999/3003 2571/2939 1876/2941 2402/2525
f 2600/3002 1875/2936 2571/2939 2999/3003
f 1864/2965 2583/2964 3000/3005 2601/3006
f 2601/3006 3000/3005 2414/2556 1872/2555
f 3000/3005 2597/2994 1873/2546 2414/2556
f 2583/2964 1863/2956 2597/2994 3000/3005
f 1865/2971 2586/2970 3001/3007 2599/2999
f 2599/2999 3001/3007 2416/2562 1871/2561
f 3001/3007 2601/3006 1872/2555 2416/2562
f 2586/2970 1864/2965 2601/3006 3001/3007
f 1781/2553 2413/2552 3002/3008 2420/3009
f 2420/3009 3002/3008 2600/3002 1853/3001
f 3002/3008 2575/2948 1875/2936 2600/3002
f 2413/2552 1874/2554 2575/2948 3002/3008
f 1830/2771 2506/3010 3003/3011 2508/2769
f 2508/2769 3003/3011 2593/2985 1870/2766
f 3003/3011 2602/3012 1869/2992 2593/2985
f 2506/3010 1782/3013 2602/3012 3003/3011
f 1805/2518 2398/2517 3004/3014 2455/2647
f 2455/2647 3004/3014 2603/3015 1806/2648
f 3004/3014 2457/2652 1883/2654 2603/3015
f 2398/2517 1884/2520 2457/2652 3004/3014
f 1803/2630 2604/3016 3005/3017 2447/2629
f 2447/2629 3005/3017 2396/2514 1804/2513
f 3005/3017 2464/2666 1887/2521 2396/2514
f 2604/3016 1888/2663 2464/2666 3005/3017
f 1845/2639 2605/3018 3006/3019 2450/2637
f 2450/2637 3006/3019 2248/3020 1606/2638
f 3006/3019 2466/2670 1700/2672 2248/3020
f 2605/3018 1890/2667 2466/2670 3006/3019
f 1802/2617 2558/2890 3007/3021 2452/2642
f 2452/2642 3007/3021 2604/3016 1803/2630
f 3007/3021 2467/2674 1888/2663 2604/3016
f 2558/2890 1885/2660 2467/2674 3007/3021
f 1801/2783 2606/3022 3008/3023 2514/2782
f 2514/2782 3008/3023 2557/2888 1834/2618
f 3008/3023 2516/2787 1889/2655 2557/2888
f 2606/3022 1886/2784 2516/2787 3008/3023
f 1855/2863 2607/3024 3009/3025 2547/2862
f 2547/2862 3009/3025 2605/3018 1845/2639
f 3009/3025 2542/2853 1890/2667 2605/3018
f 2607/3024 1891/2850 2542/2853 3009/3025
f 1806/2648 2603/3015 3010/3026 2564/2916
f 2564/2916 3010/3026 2607/3024 1855/2863
f 3010/3026 2562/2913 1891/2850 2607/3024
f 2603/3015 1883/2654 2562/2913 3010/3026
f 1769/2498 2390/2501 3011/3027 2608/3028
f 2608/3028 3011/3027 2609/3029 1882/3030
f 3011/3027 2515/2785 1886/2784 2609/3029
f 2390/2501 1807/2492 2515/2785 3011/3027
f 1886/2784 2606/3022 3012/3031 2609/3029
f 2609/3029 3012/3031 2610/3032 1882/3030
f 3012/3031 2556/2886 1770/2887 2610/3032
f 2606/3022 1801/2783 2556/2886 3012/3031
f 1831/3033 2611/3034 3013/3035 2612/3036
f 2612/3036 3013/3035 2369/2469 1784/2468
f 3013/3035 2434/2604 1790/2476 2369/2469
f 2611/3034 1832/2601 2434/2604 3013/3035
f 1783/2827 2613/3037 3014/3038 2533/2824
f 2533/2824 3014/3038 2611/3034 1831/2825
f 3014/3038 2510/2775 1832/2601 2611/3034
f 2613/3037 1789/2772 2510/2775 3014/3038
f 1925/2743 2614/3039 3015/3040 2494/2742
f 2494/2742 3015/3040 2615/3041 1759/2707
f 3015/3040 2616/3042 1902/3043 2615/3041
f 2614/3039 1933/3044 2616/3042 3015/3040
f 1905/3045 2617/3046 3016/3047 2618/3048
f 2618/3048 3016/3047 2619/3049 1904/3050
f 3016/3047 2521/2796 1829/2748 2619/3049
f 2617/3046 1839/2797 2521/2796 3016/3047
f 1828/2464 2620/3051 3017/3052 2498/2751
f 2498/2751 3017/3052 2619/3049 1829/2748
f 3017/3052 2621/3053 1904/3050 2619/3049
f 2620/3051 1903/3054 2621/3053 3017/3052
f 1903/3054 2622/3055 3018/3056 2621/3053
f 2621/3053 3018/3056 2623/3057 1904/3050
f 3018/3056 2624/3058 1908/3059 2623/3057
f 2622/3055 1907/3060 2624/3058 3018/3056
f 1933/3044 2625/3061 3019/3062 2616/3042
f 2616/3042 3019/3062 2626/3063 1902/3043
f 3019/3062 2627/3064 1906/3065 2626/3063
f 2625/3061 1934/3066 2627/3064 3019/3062
f 1909/3067 2628/3068 3020/3069 2629/3070
f 2629/3070 3020/3069 2623/3057 1908/3059
f 3020/3069 2618/3048 1904/3050 2623/3057
f 2628/3068 1905/3045 2618/3048 3020/3069
f 1907/3060 2630/3071 3021/3072 2624/3058
f 2624/3058 3021/3072 2631/3073 1908/3059
f 3021/3072 2632/3074 1912/3075 2631/3073
f 2630/3071 1911/3076 2632/3074 3021/3072
f 1934/3066 2633/3077 3022/3078 2627/3064
f 2627/3064 3022/3078 2634/3079 1906/3065
f 3022/3078 2635/3080 1910/3081 2634/3079
f 2633/3077 1935/3082 2635/3080 3022/3078
f 1913/3083 2636/3084 3023/3085 2637/3086
f 2637/3086 3023/3085 2631/3073 1912/3075
f 3023/3085 2629/3070 1908/3059 2631/3073
f 2636/3084 1909/3067 2629/3070 3023/3085
f 1869/2992 2638/3087 3024/3088 2596/2990
f 2596/2990 3024/3088 2639/3089 1868/2991
f 3024/3088 2640/3090 1916/3091 2639/3089
f 2638/3087 1917/3092 2640/3090 3024/3088
f 1931/2828 2641/3093 3025/3094 2534/2826
f 2534/2826 3025/3094 2642/3095 1783/2827
f 3025/3094 2643/3096 1915/3097 2642/3095
f 2641/3093 1936/3098 2643/3096 3025/3094
f 1917/3092 2638/3087 3026/3099 2645/3100
f 2645/3100 3026/3099 2644/3101 1914/3102
f 3026/3099 2602/3012 1782/3013 2644/3101
f 2638/3087 1869/2992 2602/3012 3026/3099
f 1771/2881 2553/2880 3027/3103 2646/3104
f 2646/3104 3027/3103 2642/3095 1915/3097
f 3027/3103 2613/3037 1783/2827 2642/3095
f 2553/2880 1789/2772 2613/3037 3027/3103
f 1766/3105 2373/3106 3028/3107 2647/3108
f 2647/3108 3028/3107 2634/3079 1910/3081
f 3028/3107 2648/3109 1906/3065 2634/3079
f 2373/3106 1767/3110 2648/3109 3028/3107
f 1902/3043 2626/3063 3029/3111 2649/3112
f 2649/3112 3029/3111 2339/3113 1757/3114
f 3029/3111 2648/3109 1767/3110 2339/3113
f 2626/3063 1906/3065 2648/3109 3029/3111
f 1911/3076 2630/3071 3030/3115 2650/3116
f 2650/3116 3030/3115 2651/3117 1768/3118
f 3030/3115 2652/3119 1822/3120 2651/3117
f 2630/3071 1907/3060 2652/3119 3030/3115
f 1828/2464 2367/2463 3031/3121 2620/3051
f 2620/3051 3031/3121 2653/3122 1903/3054
f 3031/3121 2654/3123 1836/3124 2653/3122
f 2367/2463 1821/2466 2654/3123 3031/3121
f 1836/3124 2655/3125 3032/3126 2653/3122
f 2653/3122 3032/3126 2622/3055 1903/3054
f 3032/3126 2652/3119 1907/3060 2622/3055
f 2655/3125 1822/3120 2652/3119 3032/3126
f 1757/3114 2566/3127 3033/3128 2649/3112
f 2649/3112 3033/3128 2615/3041 1902/3043
f 3033/3128 2480/2705 1759/2707 2615/3041
f 2566/3127 1758/2706 2480/2705 3033/3128
f 1861/2944 2656/3129 3034/3130 2573/2942
f 2573/2942 3034/3130 2568/2930 1860/2943
f 3034/3130 2405/2534 1918/2536 2568/2930
f 2656/3129 1919/2531 2405/2534 3034/3130
f 1862/2950 2580/2957 3035/3131 2576/2949
f 2576/2949 3035/3131 2656/3129 1861/2944
f 3035/3131 2409/2543 1919/2531 2656/3129
f 2580/2957 1920/2959 2409/2543 3035/3131
f 1838/2793 2657/3132 3036/3133 2519/2791
f 2519/2791 3036/3133 2658/3134 1837/2792
f 3036/3133 2491/2737 1921/2739 2658/3134
f 2657/3132 1924/2734 2491/2737 3036/3133
f 1838/2793 2520/2795 3037/3135 2657/3132
f 2657/3132 3037/3135 2493/2740 1924/2734
f 3037/3135 2659/3136 1925/2743 2493/2740
f 2520/2795 1839/2797 2659/3136 3037/3135
f 1837/2792 2658/3134 3038/3137 2525/2806
f 2525/2806 3038/3137 2549/2875 1840/2807
f 3038/3137 2502/2759 1922/2761 2549/2875
f 2658/3134 1921/2739 2502/2759 3038/3137
f 1843/2834 2565/2922 3039/3138 2543/2855
f 2543/2855 3039/3138 2303/2339 1644/2064
f 3039/3138 2527/2811 1741/2017 2303/2339
f 2565/2922 1928/2921 2527/2811 3039/3138
f 1867/2983 2595/2988 3040/3139 2591/2981
f 2591/2981 3040/3139 2531/2821 1930/2978
f 3040/3139 2660/3140 1931/2828 2531/2821
f 2595/2988 1868/2991 2660/3140 3040/3139
f 1823/2697 2487/2729 3041/3141 2503/2760
f 2503/2760 3041/3141 2548/2873 1922/2761
f 3041/3141 2661/2895 1927/2716 2548/2873
f 2487/2729 1824/2731 2661/2895 3041/3141
f 1776/2689 2708/2918 3042/3142 2473/2688
f 2473/2688 3042/3142 2709/2906 1813/2415
f 3042/3142 2694/3143 1944/2905 2709/2906
f 2708/2918 1941/2917 2694/3143 3042/3142
f 1841/2813 2526/2809 3043/3144 2705/2901
f 2705/2901 3043/3144 2701/3145 1938/2902
f 3043/3144 2707/2924 1948/2926 2701/3145
f 2526/2809 1928/2808 2707/2924 3043/3144
f 1851/2538 2522/2799 3044/3146 2406/2535
f 2406/2535 3044/3146 2567/2928 1918/2536
f 3044/3146 2307/3147 1731/2935 2567/2928
f 2522/2799 1585/2801 2307/3147 3044/3146
f 1787/2723 2485/2725 3045/3148 2662/3149
f 2662/3149 3045/3148 2577/2952 1923/2951
f 3045/3148 2408/2541 1920/2540 2577/2952
f 2485/2725 1788/2727 2408/2541 3045/3148
f 1786/2490 2483/2721 3046/3150 2663/3151
f 2663/3151 3046/3150 2581/2961 1926/2960
f 3046/3150 2662/3149 1923/2951 2581/2961
f 2483/2721 1787/2723 2662/3149 3046/3150
f 1785/2473 2380/2488 3047/3152 2664/3153
f 2664/3153 3047/3152 2584/2967 1929/2966
f 3047/3152 2663/3151 1926/2960 2584/2967
f 2380/2488 1786/2490 2663/3151 3047/3152
f 1784/2468 2370/2471 3048/3154 2665/3155
f 2665/3155 3048/3154 2587/2973 1932/2972
f 3048/3154 2664/3153 1929/2966 2587/2973
f 2370/2471 1785/2473 2664/3153 3048/3154
f 1831/2825 2612/3036 3049/3156 2532/2823
f 2532/2823 3049/3156 2590/2979 1930/2820
f 3049/3156 2665/3155 1932/2972 2590/2979
f 2612/3036 1784/2468 2665/3155 3049/3156
f 1839/2797 2617/3046 3050/3157 2659/3136
f 2659/3136 3050/3157 2614/3039 1925/2743
f 3050/3157 2666/3158 1933/3044 2614/3039
f 2617/3046 1905/3045 2666/3158 3050/3157
f 1905/3045 2628/3068 3051/3159 2666/3158
f 2666/3158 3051/3159 2625/3061 1933/3044
f 3051/3159 2667/3160 1934/3066 2625/3061
f 2628/3068 1909/3067 2667/3160 3051/3159
f 1909/3067 2636/3084 3052/3161 2667/3160
f 2667/3160 3052/3161 2633/3077 1934/3066
f 3052/3161 2668/3162 1935/3082 2633/3077
f 2636/3084 1913/3083 2668/3162 3052/3161
f 1868/2991 2639/3089 3053/3163 2660/3140
f 2660/3140 3053/3163 2641/3093 1931/2828
f 3053/3163 2669/3164 1936/3098 2641/3093
f 2639/3089 1916/3091 2669/3164 3053/3163
f 1892/2882 2555/2885 3054/3165 2670/3166
f 2670/3166 3054/3165 2551/2877 1772/2879
f 3054/3165 2671/3167 1795/2777 2551/2877
f 2555/2885 1894/2778 2671/3167 3054/3165
f 1833/2606 2511/2776 3055/3168 2672/3169
f 2672/3169 3055/3168 2513/2781 1899/2610
f 3055/3168 2671/3167 1894/2778 2513/2781
f 2511/2776 1795/2777 2671/3167 3055/3168
f 1899/2610 2439/2613 3056/3170 2672/3169
f 2672/3169 3056/3170 2435/2605 1833/2606
f 3056/3170 2673/3171 1796/2591 2435/2605
f 2439/2613 1893/2615 2673/3171 3056/3170
f 1893/2615 2451/2641 3057/3172 2673/3171
f 2673/3171 3057/3172 2428/2590 1796/2591
f 3057/3172 2674/3173 1797/2578 2428/2590
f 2451/2641 1897/2625 2674/3173 3057/3172
f 1760/2497 2391/2502 3058/3174 2676/3175
f 2676/3175 3058/3174 2651/3117 1822/3120
f 3058/3174 2675/3176 1768/3118 2651/3117
f 2391/2502 1765/2503 2675/3176 3058/3174
f 1879/2449 2388/2496 3059/3177 2677/3178
f 2677/3178 3059/3177 2655/3125 1836/3124
f 3059/3177 2676/3175 1822/3120 2655/3125
f 2388/2496 1760/2497 2676/3175 3059/3177
f 1763/2448 2359/2447 3060/3179 2678/3180
f 2678/3180 3060/3179 2654/3123 1821/2466
f 3060/3179 2677/3178 1836/3124 2654/3123
f 2359/2447 1879/2449 2677/3178 3060/3179
f 1764/2458 2364/2457 3061/3181 2679/3182
f 2679/3182 3061/3181 2368/2465 1820/2467
f 3061/3181 2678/3180 1821/2466 2368/2465
f 2364/2457 1763/2448 2678/3180 3061/3181
f 1878/2440 2395/2512 3062/3183 2680/3184
f 2680/3184 3062/3183 2377/2484 1773/2477
f 3062/3183 2679/3182 1820/2467 2377/2484
f 2395/2512 1764/2458 2679/3182 3062/3183
f 1761/2439 2355/2438 3063/3185 2681/3186
f 2681/3186 3063/3185 2375/2480 1775/2408
f 3063/3185 2680/3184 1773/2477 2375/2480
f 2355/2438 1878/2440 2680/3184 3063/3185
f 1762/2425 2361/2452 3064/3187 2682/3188
f 2682/3188 3064/3187 2341/2411 1774/2413
f 3064/3187 2681/3186 1775/2408 2341/2411
f 2361/2452 1761/2439 2681/3186 3064/3187
f 1881/2424 2348/2423 3065/3189 2683/3190
f 2683/3190 3065/3189 2482/2907 1859/2870
f 3065/3189 2682/3188 1774/2413 2482/2907
f 2348/2423 1762/2425 2682/3188 3065/3189
f 1880/2431 2351/2430 3066/3191 2684/3192
f 2684/3192 3066/3191 2560/2871 1848/2818
f 3066/3191 2683/3190 1859/2870 2560/2871
f 2351/2430 1881/2424 2683/3190 3066/3191
f 1689/2509 2393/2508 3067/3193 2331/3194
f 2331/3194 3067/3193 2530/2817 1567/2819
f 3067/3193 2684/3192 1848/2818 2530/2817
f 2393/2508 1880/2431 2684/3192 3067/3193
f 1897/2625 2446/2628 3068/3195 2674/3173
f 2674/3173 3068/3195 2423/2576 1797/2578
f 3068/3195 2685/3196 1798/2577 2423/2576
f 2446/2628 1896/2619 2685/3196 3068/3195
f 1896/2619 2443/2622 3069/3197 2685/3196
f 2685/3196 3069/3197 2437/2609 1798/2577
f 3069/3197 2686/3198 1799/2600 2437/2609
f 2443/2622 1895/2624 2686/3198 3069/3197
f 1895/2624 2453/2644 3070/3199 2686/3198
f 2686/3198 3070/3199 2432/2598 1799/2600
f 3070/3199 2687/3200 1800/2599 2432/2598
f 2453/2644 1898/2646 2687/3200 3070/3199
f 1856/2845 2561/2911 3071/3201 2688/3202
f 2688/3202 3071/3201 2563/2915 1901/2858
f 3071/3201 2687/3200 1898/2646 2563/2915
f 2561/2911 1800/2599 2687/3200 3071/3201
f 1901/2858 2546/2861 3072/3203 2688/3202
f 2688/3202 3072/3203 2539/2844 1856/2845
f 3072/3203 2689/3204 1849/2587 2539/2844
f 2546/2861 1900/2631 2689/3204 3072/3203
f 1900/2631 2449/2634 3073/3205 2689/3204
f 2689/3204 3073/3205 2426/2585 1849/2587
f 3073/3205 2337/3206 1599/2586 2426/2585
f 2449/2634 1710/2636 2337/3206 3073/3205
f 1939/3207 2696/3208 3074/3209 2702/3210
f 2702/3210 3074/3209 2488/2730 1754/2733
f 3074/3209 2703/2894 1824/2896 2488/2730
f 2696/3208 1937/2891 2703/2894 3074/3209
f 17/312 419/311 1950/311 1548/312
f 419/311 19/310 1550/310 1950/311
f 18/715 420/714 1951/714 1549/715
f 420/714 28/710 1559/710 1951/714
f 16/295 425/315 1956/315 1547/295
f 425/315 17/312 1548/312 1956/315
f 28/710 454/707 1985/707 1559/710
f 454/707 27/706 1558/706 1985/707
f 41/177 463/176 1994/176 1572/177
f 463/176 42/171 1573/171 1994/176
f 42/171 464/170 1995/170 1573/171
f 464/170 43/165 1574/165 1995/170
f 43/165 465/164 1996/164 1574/165
f 465/164 44/159 1575/159 1996/164
f 44/159 466/158 1997/158 1575/159
f 466/158 45/157 1576/157 1997/158
f 471/104 30/103 1561/103 2002/104
f 26/107 471/104 2002/104 1557/107
f 102/373 482/372 2013/372 1633/373
f 482/372 41/177 1572/177 2013/372
f 486/134 47/133 1578/133 2017/134
f 120/135 486/134 2017/134 1651/135
f 45/157 503/610 2034/610 1576/157
f 503/610 128/602 1659/602 2034/610
f 562/296 16/295 1547/295 2093/296
f 14/299 562/296 2093/296 1545/299
f 577/332 14/299 1545/299 2108/332
f 15/333 577/332 2108/332 1546/333
f 46/613 595/611 2126/611 1577/613
f 595/611 102/373 1633/373 2126/611
f 632/446 97/445 1628/445 2163/446
f 96/447 632/446 2163/446 1627/447
f 653/488 32/487 1563/487 2184/488
f 33/489 653/488 2184/488 1564/489
f 655/491 173/490 1704/490 2186/491
f 31/494 655/491 2186/491 1562/494
f 659/500 95/504 1626/504 2190/500
f 97/445 659/500 2190/500 1628/445
f 662/506 15/333 1546/333 2193/506
f 95/504 662/506 2193/506 1626/504
f 128/602 664/605 2195/605 1659/602
f 664/605 120/135 1651/135 2195/605
f 19/310 675/728 2206/728 1550/310
f 675/728 18/715 1549/715 2206/728
f 720/629 162/631 1693/631 2251/629
f 30/103 720/629 2251/629 1561/103
f 722/633 31/494 1562/494 2253/633
f 162/631 722/633 2253/633 1693/631
f 743/675 193/674 1724/674 2274/675
f 194/676 743/675 2274/675 1725/676
f 746/681 220/680 1751/680 2277/681
f 192/682 746/681 2277/681 1723/682
f 748/687 194/676 1725/676 2279/687
f 195/684 748/687 2279/687 1726/684
f 751/691 199/690 1730/690 2282/691
f 198/692 751/691 2282/691 1729/692
f 754/697 221/696 1752/696 2285/697
f 197/698 754/697 2285/697 1728/698
f 196/703 756/702 2287/702 1727/703
f 756/702 46/613 1577/613 2287/702
f 757/701 196/703 1727/703 2288/701
f 199/690 757/701 2288/701 1730/690
f 758/705 197/698 1728/698 2289/705
f 32/487 758/705 2289/705 1563/487
f 759/709 192/682 1723/682 2290/709
f 27/706 759/709 2290/709 1558/706
f 762/717 29/721 1560/721 2293/717
f 193/674 762/717 2293/717 1724/674
f 783/764 195/684 1726/684 2314/764
f 220/680 783/764 2314/764 1751/680
f 784/766 198/692 1729/692 2315/766
f 221/696 784/766 2315/766 1752/696
f 173/490 785/768 2316/768 1704/490
f 785/768 33/489 1564/489 2316/768
f 29/721 790/778 2321/778 1560/721
f 790/778 26/107 1557/107 2321/778
f 227/1106 807/1105 2338/1105 1758/1106
f 807/1105 225/1104 1756/1104 2338/1105
f 236/1511 808/1515 2339/1515 1767/1511
f 808/1515 226/1514 1757/1514 2339/1515
f 225/1104 813/1111 2344/1111 1756/1104
f 813/1111 224/1091 1755/1091 2344/1111
f 235/1506 842/1509 2373/1509 1766/1506
f 842/1509 236/1511 1767/1511 2373/1509
f 247/966 851/973 2382/973 1778/966
f 851/973 246/972 1777/972 2382/973
f 248/960 852/967 2383/967 1779/960
f 852/967 247/966 1778/966 2383/967
f 249/951 853/961 2384/961 1780/951
f 853/961 248/960 1779/960 2384/961
f 250/953 854/952 2385/952 1781/953
f 854/952 249/951 1780/951 2385/952
f 858/902 234/904 1765/904 2389/902
f 238/899 858/902 2389/902 1769/899
f 246/972 869/1172 2400/1172 1777/972
f 869/1172 299/1171 1830/1171 2400/1172
f 872/928 315/927 1846/927 2403/928
f 47/929 872/928 2403/928 1578/929
f 322/1402 889/1409 2420/1409 1853/1402
f 889/1409 250/953 1781/953 2420/1409
f 943/1094 222/1099 1753/1099 2474/1094
f 224/1091 943/1094 2474/1094 1755/1091
f 958/1134 223/1133 1754/1133 2489/1134
f 222/1099 958/1134 2489/1134 1753/1099
f 299/1171 975/1412 2506/1412 1830/1171
f 975/1412 251/1414 1782/1414 2506/1412
f 1006/1241 96/447 1627/447 2537/1241
f 294/1242 1006/1241 2537/1241 1825/1242
f 1021/1280 241/1279 1772/1279 2552/1280
f 240/1281 1021/1280 2552/1280 1771/1281
f 1023/1286 239/1288 1770/1288 2554/1286
f 361/1283 1023/1286 2554/1286 1892/1283
f 315/927 1028/1403 2559/1403 1846/927
f 1028/1403 322/1402 1853/1402 2559/1403
f 226/1514 1035/1529 2566/1529 1757/1514
f 1035/1529 227/1106 1758/1106 2566/1529
f 1077/1428 238/899 1769/899 2608/1428
f 351/1430 1077/1428 2608/1428 1882/1430
f 1079/1433 351/1430 1882/1430 2610/1433
f 239/1288 1079/1433 2610/1433 1770/1288
f 1101/1476 381/1475 1912/1475 2632/1476
f 380/1477 1101/1476 2632/1476 1911/1477
f 1104/1482 379/1481 1910/1481 2635/1482
f 404/1483 1104/1482 2635/1482 1935/1483
f 1106/1485 382/1484 1913/1484 2637/1485
f 381/1475 1106/1485 2637/1485 1912/1475
f 1109/1492 385/1491 1916/1491 2640/1492
f 386/1493 1109/1492 2640/1492 1917/1493
f 1112/1498 384/1497 1915/1497 2643/1498
f 405/1499 1112/1498 2643/1498 1936/1499
f 251/1414 1113/1503 2644/1503 1782/1414
f 1113/1503 383/1502 1914/1502 2644/1503
f 1114/1500 386/1493 1917/1493 2645/1500
f 383/1502 1114/1500 2645/1500 1914/1502
f 1115/1504 240/1281 1771/1281 2646/1504
f 384/1497 1115/1504 2646/1504 1915/1497
f 1116/1507 235/1506 1766/1506 2647/1507
f 379/1481 1116/1507 2647/1507 1910/1481
f 1119/1516 380/1477 1911/1477 2650/1516
f 237/1518 1119/1516 2650/1516 1768/1518
f 1137/1563 404/1483 1935/1483 2668/1563
f 382/1484 1137/1563 2668/1563 1913/1484
f 1138/1565 405/1499 1936/1499 2669/1565
f 385/1491 1138/1565 2669/1565 1916/1491
f 241/1279 1139/1566 2670/1566 1772/1279
f 1139/1566 361/1283 1892/1283 2670/1566
f 234/904 1144/1577 2675/1577 1765/904
f 1144/1577 237/1518 1768/1518 2675/1577
f 414/1269 1159/1268 2690/1268 1945/1269
f 1159/1268 412/1267 1943/1267 2690/1268
f 413/1306 1160/1304 2691/1304 1944/1306
f 1160/1304 414/1269 1945/1269 2691/1304
f 411/1238 1161/1237 2692/1237 1942/1238
f 1161/1237 415/1236 1946/1236 2692/1237
f 416/1120 1162/1319 2693/1319 1947/1120
f 1162/1319 410/1318 1941/1318 2693/1319
f 410/1318 1163/1544 2694/1544 1941/1318
f 1163/1544 413/1306 1944/1306 2694/1544
f 412/1267 1164/1309 2695/1309 1943/1267
f 1164/1309 411/1238 1942/1238 2695/1309
f 408/1608 1165/1611 2696/1611 1939/1608
f 1165/1611 406/1292 1937/1292 2696/1611
f 407/1302 1166/1301 2697/1301 1938/1302
f 1166/1301 409/1300 1940/1300 2697/1301
f 418/1112 1167/1115 2698/1115 1949/1112
f 1167/1115 416/1120 1947/1120 2698/1115
f 415/1236 1168/1327 2699/1327 1946/1236
f 1168/1327 417/1326 1948/1326 2699/1327
f 406/1292 1169/1295 2700/1295 1937/1292
f 1169/1295 418/1112 1949/1112 2700/1295
f 417/1326 1170/1546 2701/1546 1948/1326
f 1170/1546 407/1302 1938/1302 2701/1546
f 1171/1609 408/1608 1939/1608 2702/1609
f 223/1133 1171/1609 2702/1609 1754/1133
f 1173/1298 294/1242 1825/1242 2704/1298
f 409/1300 1173/1298 2704/1298 1940/1300
f 3079/3211 3123/3212 3181/3213 3149/3214
f 3149/3214 3181/3213 3121/3215 3096/3216
f 3181/3213 3122/3217 3078/3218 3121/3215
f 3123/3212 3077/3219 3122/3217 3181/3213
f 3075/3220 3119/3221 3182/3222 3120/3223
f 3120/3223 3182/3222 3132/3224 3076/3225
f 3182/3222 3141/3226 3088/3227 3132/3224
f 3119/3221 3087/3228 3141/3226 3182/3222
f 3087/3228 3131/3229 3183/3230 3141/3226
f 3141/3226 3183/3230 3133/3231 3088/3227
f 3183/3230 3142/3232 3089/3233 3133/3231
f 3131/3229 3086/3234 3142/3232 3183/3230
f 3086/3234 3130/3235 3184/3236 3142/3232
f 3142/3232 3184/3236 3134/3237 3089/3233
f 3184/3236 3143/3238 3090/3239 3134/3237
f 3130/3235 3085/3240 3143/3238 3184/3236
f 3085/3240 3129/3241 3185/3242 3143/3238
f 3143/3238 3185/3242 3135/3243 3090/3239
f 3185/3242 3144/3244 3091/3245 3135/3243
f 3129/3241 3084/3246 3144/3244 3185/3242
f 3084/3246 3128/3247 3186/3248 3144/3244
f 3144/3244 3186/3248 3136/3249 3091/3245
f 3186/3248 3145/3250 3092/3251 3136/3249
f 3128/3247 3083/3252 3145/3250 3186/3248
f 3083/3252 3127/3253 3187/3254 3145/3250
f 3145/3250 3187/3254 3137/3255 3092/3251
f 3187/3254 3146/3256 3093/3257 3137/3255
f 3127/3253 3082/3258 3146/3256 3187/3254
f 3082/3258 3126/3259 3188/3260 3146/3256
f 3146/3256 3188/3260 3138/3261 3093/3257
f 3188/3260 3147/3262 3094/3263 3138/3261
f 3126/3259 3081/3264 3147/3262 3188/3260
f 3081/3264 3125/3265 3189/3266 3147/3262
f 3147/3262 3189/3266 3139/3267 3094/3263
f 3189/3266 3148/3268 3095/3269 3139/3267
f 3125/3265 3080/3270 3148/3268 3189/3266
f 3080/3270 3124/3271 3190/3272 3148/3268
f 3148/3268 3190/3272 3140/3273 3095/3269
f 3190/3272 3149/3214 3096/3216 3140/3273
f 3124/3271 3079/3211 3149/3214 3190/3272
f 3101/3274 3154/3275 3191/3276 3180/3277
f 3180/3277 3191/3276 3152/3278 3118/3279
f 3191/3276 3153/3280 3100/3281 3152/3278
f 3154/3275 3099/3282 3153/3280 3191/3276
f 3097/3283 3150/3284 3192/3285 3151/3286
f 3151/3286 3192/3285 3163/3287 3098/3288
f 3192/3285 3172/3289 3110/3290 3163/3287
f 3150/3284 3109/3291 3172/3289 3192/3285
f 3109/3291 3162/3292 3193/3293 3172/3289
f 3172/3289 3193/3293 3164/3294 3110/3290
f 3193/3293 3173/3295 3111/3296 3164/3294
f 3162/3292 3108/3297 3173/3295 3193/3293
f 3108/3297 3161/3298 3194/3299 3173/3295
f 3173/3295 3194/3299 3165/3300 3111/3296
f 3194/3299 3174/3301 3112/3302 3165/3300
f 3161/3298 3107/3303 3174/3301 3194/3299
f 3107/3303 3160/3304 3195/3305 3174/3301
f 3174/3301 3195/3305 3166/3306 3112/3302
f 3195/3305 3175/3307 3113/3308 3166/3306
f 3160/3304 3106/3309 3175/3307 3195/3305
f 3106/3309 3159/3310 3196/3311 3175/3307
f 3175/3307 3196/3311 3167/3312 3113/3308
f 3196/3311 3176/3313 3114/3314 3167/3312
f 3159/3310 3105/3315 3176/3313 3196/3311
f 3105/3315 3158/3316 3197/3317 3176/3313
f 3176/3313 3197/3317 3168/3318 3114/3314
f 3197/3317 3177/3319 3115/3320 3168/3318
f 3158/3316 3104/3321 3177/3319 3197/3317
f 3104/3321 3157/3322 3198/3323 3177/3319
f 3177/3319 3198/3323 3169/3324 3115/3320
f 3198/3323 3178/3325 3116/3326 3169/3324
f 3157/3322 3103/3327 3178/3325 3198/3323
f 3103/3327 3156/3328 3199/3329 3178/3325
f 3178/3325 3199/3329 3170/3330 3116/3326
f 3199/3329 3179/3331 3117/3332 3170/3330
f 3156/3328 3102/3333 3179/3331 3199/3329
f 3102/3333 3155/3334 3200/3335 3179/3331
f 3179/3331 3200/3335 3171/3336 3117/3332
f 3200/3335 3180/3277 3118/3279 3171/3336
f 3155/3334 3101/3274 3180/3277 3200/3335
f 3205/3337 3249/3338 3307/3339 3275/3340
f 3275/3340 3307/3339 3247/3341 3222/3342
f 3307/3339 3248/3343 3204/3344 3247/3341
f 3249/3338 3203/3345 3248/3343 3307/3339
f 3201/3346 3245/3347 3308/3348 3246/3349
f 3246/3349 3308/3348 3258/3350 3202/3351
f 3308/3348 3267/3352 3214/3353 3258/3350
f 3245/3347 3213/3354 3267/3352 3308/3348
f 3213/3354 3257/3355 3309/3356 3267/3352
f 3267/3352 3309/3356 3259/3357 3214/3353
f 3309/3356 3268/3358 3215/3359 3259/3357
f 3257/3355 3212/3360 3268/3358 3309/3356
f 3212/3360 3256/3361 3310/3362 3268/3358
f 3268/3358 3310/3362 3260/3363 3215/3359
f 3310/3362 3269/3364 3216/3365 3260/3363
f 3256/3361 3211/3366 3269/3364 3310/3362
f 3211/3366 3255/3367 3311/3368 3269/3364
f 3269/3364 3311/3368 3261/3369 3216/3365
f 3311/3368 3270/3370 3217/3371 3261/3369
f 3255/3367 3210/3372 3270/3370 3311/3368
f 3210/3372 3254/3373 3312/3374 3270/3370
f 3270/3370 3312/3374 3262/3375 3217/3371
f 3312/3374 3271/3376 3218/3377 3262/3375
f 3254/3373 3209/3378 3271/3376 3312/3374
f 3209/3378 3253/3379 3313/3380 3271/3376
f 3271/3376 3313/3380 3263/3381 3218/3377
f 3313/3380 3272/3382 3219/3383 3263/3381
f 3253/3379 3208/3384 3272/3382 3313/3380
f 3208/3384 3252/3385 3314/3386 3272/3382
f 3272/3382 3314/3386 3264/3387 3219/3383
f 3314/3386 3273/3388 3220/3389 3264/3387
f 3252/3385 3207/3390 3273/3388 3314/3386
f 3207/3390 3251/3391 3315/3392 3273/3388
f 3273/3388 3315/3392 3265/3393 3220/3389
f 3315/3392 3274/3394 3221/3395 3265/3393
f 3251/3391 3206/3396 3274/3394 3315/3392
f 3206/3396 3250/3397 3316/3398 3274/3394
f 3274/3394 3316/3398 3266/3399 3221/3395
f 3316/3398 3275/3340 3222/3342 3266/3399
f 3250/3397 3205/3337 3275/3340 3316/3398
f 3227/3400 3280/3401 3317/3402 3306/3403
f 3306/3403 3317/3402 3278/3404 3244/3405
f 3317/3402 3279/3406 3226/3407 3278/3404
f 3280/3401 3225/3408 3279/3406 3317/3402
f 3223/3409 3276/3410 3318/3411 3277/3412
f 3277/3412 3318/3411 3289/3413 3224/3414
f 3318/3411 3298/3415 3236/3416 3289/3413
f 3276/3410 3235/3417 3298/3415 3318/3411
f 3235/3417 3288/3418 3319/3419 3298/3415
f 3298/3415 3319/3419 3290/3420 3236/3416
f 3319/3419 3299/3421 3237/3422 3290/3420
f 3288/3418 3234/3423 3299/3421 3319/3419
f 3234/3423 3287/3424 3320/3425 3299/3421
f 3299/3421 3320/3425 3291/3426 3237/3422
f 3320/3425 3300/3427 3238/3428 3291/3426
f 3287/3424 3233/3429 3300/3427 3320/3425
f 3233/3429 3286/3430 3321/3431 3300/3427
f 3300/3427 3321/3431 3292/3432 3238/3428
f 3321/3431 3301/3433 3239/3434 3292/3432
f 3286/3430 3232/3435 3301/3433 3321/3431
f 3232/3435 3285/3436 3322/3437 3301/3433
f 3301/3433 3322/3437 3293/3438 3239/3434
f 3322/3437 3302/3439 3240/3440 3293/3438
f 3285/3436 3231/3441 3302/3439 3322/3437
f 3231/3441 3284/3442 3323/3443 3302/3439
f 3302/3439 3323/3443 3294/3444 3240/3440
f 3323/3443 3303/3445 3241/3446 3294/3444
f 3284/3442 3230/3447 3303/3445 3323/3443
f 3230/3447 3283/3448 3324/3449 3303/3445
f 3303/3445 3324/3449 3295/3450 3241/3446
f 3324/3449 3304/3451 3242/3452 3295/3450
f 3283/3448 3229/3453 3304/3451 3324/3449
f 3229/3453 3282/3454 3325/3455 3304/3451
f 3304/3451 3325/3455 3296/3456 3242/3452
f 3325/3455 3305/3457 3243/3458 3296/3456
f 3282/3454 3228/3459 3305/3457 3325/3455
f 3228/3459 3281/3460 3326/3461 3305/3457
f 3305/3457 3326/3461 3297/3462 3243/3458
f 3326/3461 3306/3403 3244/3405 3297/3462
f 3281/3460 3227/3400 3306/3403 3326/3461
f 3343/3463 3418/3464 3486/3465 3394/3466
f 3394/3466 3486/3465 3402/3467 3328/3468
f 3486/3465 3393/3469 3327/3470 3402/3467
f 3418/3464 3344/3471 3393/3469 3486/3465
f 3342/3472 3417/3473 3487/3474 3395/3475
f 3395/3475 3487/3474 3403/3476 3329/3477
f 3487/3474 3394/3466 3328/3468 3403/3476
f 3417/3473 3343/3463 3394/3466 3487/3474
f 3341/3478 3416/3479 3488/3480 3396/3481
f 3396/3481 3488/3480 3404/3482 3330/3483
f 3488/3480 3395/3475 3329/3477 3404/3482
f 3416/3479 3342/3472 3395/3475 3488/3480
f 3340/3484 3415/3485 3489/3486 3397/3487
f 3397/3487 3489/3486 3405/3488 3331/3489
f 3489/3486 3396/3481 3330/3483 3405/3488
f 3415/3485 3341/3478 3396/3481 3489/3486
f 3339/3490 3414/3491 3490/3492 3398/3493
f 3398/3493 3490/3492 3406/3494 3332/3495
f 3490/3492 3397/3487 3331/3489 3406/3494
f 3414/3491 3340/3484 3397/3487 3490/3492
f 3338/3496 3413/3497 3491/3498 3399/3499
f 3399/3499 3491/3498 3407/3500 3333/3501
f 3491/3498 3398/3493 3332/3495 3407/3500
f 3413/3497 3339/3490 3398/3493 3491/3498
f 3337/3502 3412/3503 3492/3504 3400/3505
f 3400/3505 3492/3504 3408/3506 3334/3507
f 3492/3504 3399/3499 3333/3501 3408/3506
f 3412/3503 3338/3496 3399/3499 3492/3504
f 3336/3508 3411/3509 3493/3510 3401/3511
f 3401/3511 3493/3510 3409/3512 3335/3513
f 3493/3510 3400/3505 3334/3507 3409/3512
f 3411/3509 3337/3502 3400/3505 3493/3510
f 3348/3514 3423/3515 3494/3516 3422/3517
f 3422/3517 3494/3516 3410/3518 3347/3519
f 3494/3516 3401/3511 3335/3513 3410/3518
f 3423/3515 3336/3508 3401/3511 3494/3516
f 3344/3471 3419/3520 3495/3521 3393/3469
f 3393/3469 3495/3521 3421/3522 3327/3470
f 3495/3521 3420/3523 3345/3524 3421/3522
f 3419/3520 3346/3525 3420/3523 3495/3521
f 3353/3526 3428/3527 3496/3528 3454/3529
f 3454/3529 3496/3528 3426/3530 3370/3531
f 3496/3528 3427/3532 3352/3533 3426/3530
f 3428/3527 3351/3534 3427/3532 3496/3528
f 3349/3535 3424/3536 3497/3537 3425/3538
f 3425/3538 3497/3537 3437/3539 3350/3540
f 3497/3537 3446/3541 3362/3542 3437/3539
f 3424/3536 3361/3543 3446/3541 3497/3537
f 3361/3543 3436/3544 3498/3545 3446/3541
f 3446/3541 3498/3545 3438/3546 3362/3542
f 3498/3545 3447/3547 3363/3548 3438/3546
f 3436/3544 3360/3549 3447/3547 3498/3545
f 3360/3549 3435/3550 3499/3551 3447/3547
f 3447/3547 3499/3551 3439/3552 3363/3548
f 3499/3551 3448/3553 3364/3554 3439/3552
f 3435/3550 3359/3555 3448/3553 3499/3551
f 3359/3555 3434/3556 3500/3557 3448/3553
f 3448/3553 3500/3557 3440/3558 3364/3554
f 3500/3557 3449/3559 3365/3560 3440/3558
f 3434/3556 3358/3561 3449/3559 3500/3557
f 3358/3561 3433/3562 3501/3563 3449/3559
f 3449/3559 3501/3563 3441/3564 3365/3560
f 3501/3563 3450/3565 3366/3566 3441/3564
f 3433/3562 3357/3567 3450/3565 3501/3563
f 3357/3567 3432/3568 3502/3569 3450/3565
f 3450/3565 3502/3569 3442/3570 3366/3566
f 3502/3569 3451/3571 3367/3572 3442/3570
f 3432/3568 3356/3573 3451/3571 3502/3569
f 3356/3573 3431/3574 3503/3575 3451/3571
f 3451/3571 3503/3575 3443/3576 3367/3572
f 3503/3575 3452/3577 3368/3578 3443/3576
f 3431/3574 3355/3579 3452/3577 3503/3575
f 3355/3579 3430/3580 3504/3581 3452/3577
f 3452/3577 3504/3581 3444/3582 3368/3578
f 3504/3581 3453/3583 3369/3584 3444/3582
f 3430/3580 3354/3585 3453/3583 3504/3581
f 3354/3585 3429/3586 3505/3587 3453/3583
f 3453/3583 3505/3587 3445/3588 3369/3584
f 3505/3587 3454/3529 3370/3531 3445/3588
f 3429/3586 3353/3526 3454/3529 3505/3587
f 3375/3589 3459/3590 3506/3591 3485/3592
f 3485/3592 3506/3591 3457/3593 3392/3594
f 3506/3591 3458/3595 3374/3596 3457/3593
f 3459/3590 3373/3597 3458/3595 3506/3591
f 3371/3598 3455/3599 3507/3600 3456/3601
f 3456/3601 3507/3600 3468/3602 3372/3603
f 3507/3600 3477/3604 3384/3605 3468/3602
f 3455/3599 3383/3606 3477/3604 3507/3600
f 3383/3606 3467/3607 3508/3608 3477/3604
f 3477/3604 3508/3608 3469/3609 3384/3605
f 3508/3608 3478/3610 3385/3611 3469/3609
f 3467/3607 3382/3612 3478/3610 3508/3608
f 3382/3612 3466/3613 3509/3614 3478/3610
f 3478/3610 3509/3614 3470/3615 3385/3611
f 3509/3614 3479/3616 3386/3617 3470/3615
f 3466/3613 3381/3618 3479/3616 3509/3614
f 3381/3618 3465/3619 3510/3620 3479/3616
f 3479/3616 3510/3620 3471/3621 3386/3617
f 3510/3620 3480/3622 3387/3623 3471/3621
f 3465/3619 3380/3624 3480/3622 3510/3620
f 3380/3624 3464/3625 3511/3626 3480/3622
f 3480/3622 3511/3626 3472/3627 3387/3623
f 3511/3626 3481/3628 3388/3629 3472/3627
f 3464/3625 3379/3630 3481/3628 3511/3626
f 3379/3630 3463/3631 3512/3632 3481/3628
f 3481/3628 3512/3632 3473/3633 3388/3629
f 3512/3632 3482/3634 3389/3635 3473/3633
f 3463/3631 3378/3636 3482/3634 3512/3632
f 3378/3636 3462/3637 3513/3638 3482/3634
f 3482/3634 3513/3638 3474/3639 3389/3635
f 3513/3638 3483/3640 3390/3641 3474/3639
f 3462/3637 3377/3642 3483/3640 3513/3638
f 3377/3642 3461/3643 3514/3644 3483/3640
f 3483/3640 3514/3644 3475/3645 3390/3641
f 3514/3644 3484/3646 3391/3647 3475/3645
f 3461/3643 3376/3648 3484/3646 3514/3644
f 3376/3648 3460/3649 3515/3650 3484/3646
f 3484/3646 3515/3650 3476/3651 3391/3647
f 3515/3650 3485/3592 3392/3594 3476/3651
f 3460/3649 3375/3589 3485/3592 3515/3650
f 3520/3652 3564/3653 3622/3654 3590/3655
f 3590/3655 3622/3654 3562/3656 3537/3657
f 3622/3654 3563/3658 3519/3659 3562/3656
f 3564/3653 3518/3660 3563/3658 3622/3654
f 3516/3661 3560/3662 3623/3663 3561/3664
f 3561/3664 3623/3663 3573/3665 3517/3666
f 3623/3663 3582/3667 3529/3668 3573/3665
f 3560/3662 3528/3669 3582/3667 3623/3663
f 3528/3669 3572/3670 3624/3671 3582/3667
f 3582/3667 3624/3671 3574/3672 3529/3668
f 3624/3671 3583/3673 3530/3674 3574/3672
f 3572/3670 3527/3675 3583/3673 3624/3671
f 3527/3675 3571/3676 3625/3677 3583/3673
f 3583/3673 3625/3677 3575/3678 3530/3674
f 3625/3677 3584/3679 3531/3680 3575/3678
f 3571/3676 3526/3681 3584/3679 3625/3677
f 3526/3681 3570/3682 3626/3683 3584/3679
f 3584/3679 3626/3683 3576/3684 3531/3680
f 3626/3683 3585/3685 3532/3686 3576/3684
f 3570/3682 3525/3687 3585/3685 3626/3683
f 3525/3687 3569/3688 3627/3689 3585/3685
f 3585/3685 3627/3689 3577/3690 3532/3686
f 3627/3689 3586/3691 3533/3692 3577/3690
f 3569/3688 3524/3693 3586/3691 3627/3689
f 3524/3693 3568/3694 3628/3695 3586/3691
f 3586/3691 3628/3695 3578/3696 3533/3692
f 3628/3695 3587/3697 3534/3698 3578/3696
f 3568/3694 3523/3699 3587/3697 3628/3695
f 3523/3699 3567/3700 3629/3701 3587/3697
f 3587/3697 3629/3701 3579/3702 3534/3698
f 3629/3701 3588/3703 3535/3704 3579/3702
f 3567/3700 3522/3705 3588/3703 3629/3701
f 3522/3705 3566/3706 3630/3707 3588/3703
f 3588/3703 3630/3707 3580/3708 3535/3704
f 3630/3707 3589/3709 3536/3710 3580/3708
f 3566/3706 3521/3711 3589/3709 3630/3707
f 3521/3711 3565/3712 3631/3713 3589/3709
f 3589/3709 3631/3713 3581/3714 3536/3710
f 3631/3713 3590/3655 3537/3657 3581/3714
f 3565/3712 3520/3652 3590/3655 3631/3713
f 3542/3715 3595/3716 3632/3717 3621/3718
f 3621/3718 3632/3717 3593/3719 3559/3720
f 3632/3717 3594/3721 3541/3722 3593/3719
f 3595/3716 3540/3723 3594/3721 3632/3717
f 3538/3724 3591/3725 3633/3726 3592/3727
f 3592/3727 3633/3726 3604/3728 3539/3729
f 3633/3726 3613/3730 3551/3731 3604/3728
f 3591/3725 3550/3732 3613/3730 3633/3726
f 3550/3732 3603/3733 3634/3734 3613/3730
f 3613/3730 3634/3734 3605/3735 3551/3731
f 3634/3734 3614/3736 3552/3737 3605/3735
f 3603/3733 3549/3738 3614/3736 3634/3734
f 3549/3738 3602/3739 3635/3740 3614/3736
f 3614/3736 3635/3740 3606/3741 3552/3737
f 3635/3740 3615/3742 3553/3743 3606/3741
f 3602/3739 3548/3744 3615/3742 3635/3740
f 3548/3744 3601/3745 3636/3746 3615/3742
f 3615/3742 3636/3746 3607/3747 3553/3743
f 3636/3746 3616/3748 3554/3749 3607/3747
f 3601/3745 3547/3750 3616/3748 3636/3746
f 3547/3750 3600/3751 3637/3752 3616/3748
f 3616/3748 3637/3752 3608/3753 3554/3749
f 3637/3752 3617/3754 3555/3755 3608/3753
f 3600/3751 3546/3756 3617/3754 3637/3752
f 3546/3756 3599/3757 3638/3758 3617/3754
f 3617/3754 3638/3758 3609/3759 3555/3755
f 3638/3758 3618/3760 3556/3761 3609/3759
f 3599/3757 3545/3762 3618/3760 3638/3758
f 3545/3762 3598/3763 3639/3764 3618/3760
f 3618/3760 3639/3764 3610/3765 3556/3761
f 3639/3764 3619/3766 3557/3767 3610/3765
f 3598/3763 3544/3768 3619/3766 3639/3764
f 3544/3768 3597/3769 3640/3770 3619/3766
f 3619/3766 3640/3770 3611/3771 3557/3767
f 3640/3770 3620/3772 3558/3773 3611/3771
f 3597/3769 3543/3774 3620/3772 3640/3770
f 3543/3774 3596/3775 3641/3776 3620/3772
f 3620/3772 3641/3776 3612/3777 3558/3773
f 3641/3776 3621/3718 3559/3720 3612/3777
f 3596/3775 3542/3715 3621/3718 3641/3776
f 3646/3778 4646/3779 4907/3780 4166/3781
f 4646/3779 3908/3782 4347/3783 4907/3780
f 4907/3780 4347/3783 3907/3784 4650/3785
f 4166/3781 4907/3780 4650/3785 3643/3786
f 3909/3787 4648/3788 4908/3789 4346/3790
f 4648/3788 3647/3791 4169/3792 4908/3789
f 4908/3789 4169/3792 3645/3793 4649/3794
f 4346/3790 4908/3789 4649/3794 3906/3795
f 3905/3796 4647/3797 4909/3798 4342/3799
f 4647/3797 3644/3800 4167/3801 4909/3798
f 4909/3798 4167/3801 3647/3791 4648/3788
f 4342/3799 4909/3798 4648/3788 3909/3787
f 3648/3802 4172/3803 4910/3804 4651/3805
f 4651/3805 4910/3804 4351/3806 3910/3807
f 4910/3804 4652/3808 3914/3809 4351/3806
f 4172/3803 3652/3810 4652/3808 4910/3804
f 3652/3810 4170/3811 4911/3812 4652/3808
f 4652/3808 4911/3812 4354/3813 3914/3809
f 4911/3812 4656/3814 3913/3815 4354/3813
f 4170/3811 3649/3816 4656/3814 4911/3812
f 3915/3817 4353/3818 4912/3819 4654/3820
f 4654/3820 4912/3819 4173/3821 3653/3822
f 4912/3819 4655/3823 3651/3824 4173/3821
f 4353/3818 3912/3825 4655/3823 4912/3819
f 3911/3826 4349/3827 4913/3828 4653/3829
f 4653/3829 4913/3828 4171/3830 3650/3831
f 4913/3828 4654/3820 3653/3822 4171/3830
f 4349/3827 3915/3817 4654/3820 4913/3828
f 3654/3832 4176/3833 4914/3834 4657/3835
f 4657/3835 4914/3834 4358/3836 3916/3837
f 4914/3834 4658/3838 3920/3839 4358/3836
f 4176/3833 3658/3840 4658/3838 4914/3834
f 3658/3840 4174/3841 4915/3842 4658/3838
f 4658/3838 4915/3842 4361/3843 3920/3839
f 4915/3842 4662/3844 3919/3845 4361/3843
f 4174/3841 3655/3846 4662/3844 4915/3842
f 3921/3847 4360/3848 4916/3849 4660/3850
f 4660/3850 4916/3849 4177/3851 3659/3852
f 4916/3849 4661/3853 3657/3854 4177/3851
f 4360/3848 3918/3855 4661/3853 4916/3849
f 3917/3856 4356/3857 4917/3858 4659/3859
f 4659/3859 4917/3858 4175/3860 3656/3861
f 4917/3858 4660/3850 3659/3852 4175/3860
f 4356/3857 3921/3847 4660/3850 4917/3858
f 3660/3862 4180/3863 4918/3864 4663/3865
f 4663/3865 4918/3864 4365/3866 3922/3867
f 4918/3864 4664/3868 3926/3869 4365/3866
f 4180/3863 3664/3870 4664/3868 4918/3864
f 3664/3870 4178/3871 4919/3872 4664/3868
f 4664/3868 4919/3872 4368/3873 3926/3869
f 4919/3872 4668/3874 3925/3875 4368/3873
f 4178/3871 3661/3876 4668/3874 4919/3872
f 3927/3877 4367/3878 4920/3879 4666/3880
f 4666/3880 4920/3879 4181/3881 3665/3882
f 4920/3879 4667/3883 3663/3884 4181/3881
f 4367/3878 3924/3885 4667/3883 4920/3879
f 3923/3886 4363/3887 4921/3888 4665/3889
f 4665/3889 4921/3888 4179/3890 3662/3891
f 4921/3888 4666/3880 3665/3882 4179/3890
f 4363/3887 3927/3877 4666/3880 4921/3888
f 3666/3892 4669/3893 4922/3894 4184/3895
f 4669/3893 3928/3896 4372/3897 4922/3894
f 4922/3894 4372/3897 3932/3898 4670/3899
f 4184/3895 4922/3894 4670/3899 3670/3900
f 3670/3900 4670/3899 4923/3901 4182/3902
f 4670/3899 3932/3898 4375/3903 4923/3901
f 4923/3901 4375/3903 3931/3904 4674/3905
f 4182/3902 4923/3901 4674/3905 3667/3906
f 3933/3907 4672/3908 4924/3909 4374/3910
f 4672/3908 3671/3911 4185/3912 4924/3909
f 4924/3909 4185/3912 3669/3913 4673/3914
f 4374/3910 4924/3909 4673/3914 3930/3915
f 3929/3916 4671/3917 4925/3918 4370/3919
f 4671/3917 3668/3920 4183/3921 4925/3918
f 4925/3918 4183/3921 3671/3911 4672/3908
f 4370/3919 4925/3918 4672/3908 3933/3907
f 3672/3922 4188/3923 4926/3924 4675/3925
f 4675/3925 4926/3924 4379/3926 3934/3927
f 4926/3924 4676/3928 3938/3929 4379/3926
f 4188/3923 3676/3930 4676/3928 4926/3924
f 3676/3930 4186/3931 4927/3932 4676/3928
f 4676/3928 4927/3932 4382/3933 3938/3929
f 4927/3932 4680/3934 3937/3935 4382/3933
f 4186/3931 3673/3936 4680/3934 4927/3932
f 3939/3937 4381/3938 4928/3939 4678/3940
f 4678/3940 4928/3939 4189/3941 3677/3942
f 4928/3939 4679/3943 3675/3944 4189/3941
f 4381/3938 3936/3945 4679/3943 4928/3939
f 3935/3946 4377/3947 4929/3948 4677/3949
f 4677/3949 4929/3948 4187/3950 3674/3951
f 4929/3948 4678/3940 3677/3942 4187/3950
f 4377/3947 3939/3937 4678/3940 4929/3948
f 3678/3952 4681/3953 4930/3954 4192/3955
f 4681/3953 3940/3956 4386/3957 4930/3954
f 4930/3954 4386/3957 3944/3958 4682/3959
f 4192/3955 4930/3954 4682/3959 3682/3960
f 3682/3960 4682/3959 4931/3961 4190/3962
f 4682/3959 3944/3958 4389/3963 4931/3961
f 4931/3961 4389/3963 3943/3964 4686/3965
f 4190/3962 4931/3961 4686/3965 3679/3966
f 3945/3967 4684/3968 4932/3969 4388/3970
f 4684/3968 3683/3971 4193/3972 4932/3969
f 4932/3969 4193/3972 3681/3973 4685/3974
f 4388/3970 4932/3969 4685/3974 3942/3975
f 3941/3976 4683/3977 4933/3978 4384/3979
f 4683/3977 3680/3980 4191/3981 4933/3978
f 4933/3978 4191/3981 3683/3971 4684/3968
f 4384/3979 4933/3978 4684/3968 3945/3967
f 3684/3982 4196/3983 4934/3984 4687/3985
f 4687/3985 4934/3984 4393/3986 3946/3987
f 4934/3984 4688/3988 3950/3989 4393/3986
f 4196/3983 3688/3990 4688/3988 4934/3984
f 3688/3990 4194/3991 4935/3992 4688/3988
f 4688/3988 4935/3992 4396/3993 3950/3989
f 4935/3992 4692/3994 3949/3995 4396/3993
f 4194/3991 3685/3996 4692/3994 4935/3992
f 3951/3997 4395/3998 4936/3999 4690/4000
f 4690/4000 4936/3999 4197/4001 3689/4002
f 4936/3999 4691/4003 3687/4004 4197/4001
f 4395/3998 3948/4005 4691/4003 4936/3999
f 3947/4006 4391/4007 4937/4008 4689/4009
f 4689/4009 4937/4008 4195/4010 3686/4011
f 4937/4008 4690/4000 3689/4002 4195/4010
f 4391/4007 3951/3997 4690/4000 4937/4008
f 3690/4012 4200/4013 4938/4014 4693/4015
f 4693/4015 4938/4014 4400/4016 3952/4017
f 4938/4014 4694/4018 3956/4019 4400/4016
f 4200/4013 3694/4020 4694/4018 4938/4014
f 3694/4020 4198/4021 4939/4022 4694/4018
f 4694/4018 4939/4022 4403/4023 3956/4019
f 4939/4022 4698/4024 3955/4025 4403/4023
f 4198/4021 3691/4026 4698/4024 4939/4022
f 3957/4027 4402/4028 4940/4029 4696/4030
f 4696/4030 4940/4029 4201/4031 3695/4032
f 4940/4029 4697/4033 3693/4034 4201/4031
f 4402/4028 3954/4035 4697/4033 4940/4029
f 3953/4036 4398/4037 4941/4038 4695/4039
f 4695/4039 4941/4038 4199/4040 3692/4041
f 4941/4038 4696/4030 3695/4032 4199/4040
f 4398/4037 3957/4027 4696/4030 4941/4038
f 3696/4042 4204/4043 4942/4044 4699/4045
f 4699/4045 4942/4044 4407/4046 3958/4047
f 4942/4044 4700/4048 3962/4049 4407/4046
f 4204/4043 3700/4050 4700/4048 4942/4044
f 3700/4050 4202/4051 4943/4052 4700/4048
f 4700/4048 4943/4052 4410/4053 3962/4049
f 4943/4052 4704/4054 3961/4055 4410/4053
f 4202/4051 3697/4056 4704/4054 4943/4052
f 3963/4057 4409/4058 4944/4059 4702/4060
f 4702/4060 4944/4059 4205/4061 3701/4062
f 4944/4059 4703/4063 3699/4064 4205/4061
f 4409/4058 3960/4065 4703/4063 4944/4059
f 3959/4066 4405/4067 4945/4068 4701/4069
f 4701/4069 4945/4068 4203/4070 3698/4071
f 4945/4068 4702/4060 3701/4062 4203/4070
f 4405/4067 3963/4057 4702/4060 4945/4068
f 3702/4072 4705/4073 4946/4074 4208/4075
f 4705/4073 3964/4076 4414/4077 4946/4074
f 4946/4074 4414/4077 3968/4078 4706/4079
f 4208/4075 4946/4074 4706/4079 3706/4080
f 3706/4080 4706/4079 4947/4081 4206/4082
f 4706/4079 3968/4078 4417/4083 4947/4081
f 4947/4081 4417/4083 3967/4084 4710/4085
f 4206/4082 4947/4081 4710/4085 3703/4086
f 3969/4087 4708/4088 4948/4089 4416/4090
f 4708/4088 3707/4091 4209/4092 4948/4089
f 4948/4089 4209/4092 3705/4093 4709/4094
f 4416/4090 4948/4089 4709/4094 3966/4095
f 3965/4096 4707/4097 4949/4098 4412/4099
f 4707/4097 3704/4100 4207/4101 4949/4098
f 4949/4098 4207/4101 3707/4091 4708/4088
f 4412/4099 4949/4098 4708/4088 3969/4087
f 3708/4102 4212/4103 4950/4104 4711/4105
f 4711/4105 4950/4104 4421/4106 3970/4107
f 4950/4104 4712/4108 3974/4109 4421/4106
f 4212/4103 3712/4110 4712/4108 4950/4104
f 3712/4110 4210/4111 4951/4112 4712/4108
f 4712/4108 4951/4112 4424/4113 3974/4109
f 4951/4112 4716/4114 3973/4115 4424/4113
f 4210/4111 3709/4116 4716/4114 4951/4112
f 3975/4117 4423/4118 4952/4119 4714/4120
f 4714/4120 4952/4119 4213/4121 3713/4122
f 4952/4119 4715/4123 3711/4124 4213/4121
f 4423/4118 3972/4125 4715/4123 4952/4119
f 3971/4126 4419/4127 4953/4128 4713/4129
f 4713/4129 4953/4128 4211/4130 3710/4131
f 4953/4128 4714/4120 3713/4122 4211/4130
f 4419/4127 3975/4117 4714/4120 4953/4128
f 3714/4132 4717/4133 4954/4134 4216/4135
f 4717/4133 3976/4136 4428/4137 4954/4134
f 4954/4134 4428/4137 3980/4138 4718/4139
f 4216/4135 4954/4134 4718/4139 3718/4140
f 3718/4140 4718/4139 4955/4141 4214/4142
f 4718/4139 3980/4138 4431/4143 4955/4141
f 4955/4141 4431/4143 3979/4144 4722/4145
f 4214/4142 4955/4141 4722/4145 3715/4146
f 3981/4147 4720/4148 4956/4149 4430/4150
f 4720/4148 3719/4151 4217/4152 4956/4149
f 4956/4149 4217/4152 3717/4153 4721/4154
f 4430/4150 4956/4149 4721/4154 3978/4155
f 3977/4156 4719/4157 4957/4158 4426/4159
f 4719/4157 3716/4160 4215/4161 4957/4158
f 4957/4158 4215/4161 3719/4151 4720/4148
f 4426/4159 4957/4158 4720/4148 3981/4147
f 3720/4162 4723/4163 4958/4164 4219/4165
f 4723/4163 3982/4166 4434/4167 4958/4164
f 4958/4164 4434/4167 3985/4168 4724/4169
f 4219/4165 4958/4164 4724/4169 3722/4170
f 3983/4171 4725/4172 4959/4173 4432/4174
f 4725/4172 3721/4175 4218/4176 4959/4173
f 4959/4173 4218/4176 3723/4177 4726/4178
f 4432/4174 4959/4173 4726/4178 3984/4179
f 3724/4180 4222/4181 4960/4182 4727/4183
f 4727/4183 4960/4182 4438/4184 3986/4185
f 4960/4182 4728/4186 3990/4187 4438/4184
f 4222/4181 3728/4188 4728/4186 4960/4182
f 3728/4188 4220/4189 4961/4190 4728/4186
f 4728/4186 4961/4190 4441/4191 3990/4187
f 4961/4190 4732/4192 3989/4193 4441/4191
f 4220/4189 3725/4194 4732/4192 4961/4190
f 3991/4195 4440/4196 4962/4197 4730/4198
f 4730/4198 4962/4197 4223/4199 3729/4200
f 4962/4197 4731/4201 3727/4202 4223/4199
f 4440/4196 3988/4203 4731/4201 4962/4197
f 3987/4204 4436/4205 4963/4206 4729/4207
f 4729/4207 4963/4206 4221/4208 3726/4209
f 4963/4206 4730/4198 3729/4200 4221/4208
f 4436/4205 3991/4195 4730/4198 4963/4206
f 3730/4210 4733/4211 4964/4212 4226/4213
f 4733/4211 3992/4214 4445/4215 4964/4212
f 4964/4212 4445/4215 3996/4216 4734/4217
f 4226/4213 4964/4212 4734/4217 3734/4218
f 3734/4218 4734/4217 4965/4219 4224/4220
f 4734/4217 3996/4216 4448/4221 4965/4219
f 4965/4219 4448/4221 3995/4222 4738/4223
f 4224/4220 4965/4219 4738/4223 3731/4224
f 3997/4225 4736/4226 4966/4227 4447/4228
f 4736/4226 3735/4229 4227/4230 4966/4227
f 4966/4227 4227/4230 3733/4231 4737/4232
f 4447/4228 4966/4227 4737/4232 3994/4233
f 3993/4234 4735/4235 4967/4236 4443/4237
f 4735/4235 3732/4238 4225/4239 4967/4236
f 4967/4236 4225/4239 3735/4229 4736/4226
f 4443/4237 4967/4236 4736/4226 3997/4225
f 3736/4240 4739/4241 4968/4242 4230/4243
f 4739/4241 3998/4244 4452/4245 4968/4242
f 4968/4242 4452/4245 4002/4246 4740/4247
f 4230/4243 4968/4242 4740/4247 3740/4248
f 3740/4248 4740/4247 4969/4249 4228/4250
f 4740/4247 4002/4246 4455/4251 4969/4249
f 4969/4249 4455/4251 4001/4252 4744/4253
f 4228/4250 4969/4249 4744/4253 3737/4254
f 4003/4255 4742/4256 4970/4257 4454/4258
f 4742/4256 3741/4259 4231/4260 4970/4257
f 4970/4257 4231/4260 3739/4261 4743/4262
f 4454/4258 4970/4257 4743/4262 4000/4263
f 3999/4264 4741/4265 4971/4266 4450/4267
f 4741/4265 3738/4268 4229/4269 4971/4266
f 4971/4266 4229/4269 3741/4259 4742/4256
f 4450/4267 4971/4266 4742/4256 4003/4255
f 3742/4270 4234/4271 4972/4272 4745/4273
f 4745/4273 4972/4272 4459/4274 4004/4275
f 4972/4272 4746/4276 4008/4277 4459/4274
f 4234/4271 3746/4278 4746/4276 4972/4272
f 3746/4278 4232/4279 4973/4280 4746/4276
f 4746/4276 4973/4280 4462/4281 4008/4277
f 4973/4280 4750/4282 4007/4283 4462/4281
f 4232/4279 3743/4284 4750/4282 4973/4280
f 4009/4285 4461/4286 4974/4287 4748/4288
f 4748/4288 4974/4287 4235/4289 3747/4290
f 4974/4287 4749/4291 3745/4292 4235/4289
f 4461/4286 4006/4293 4749/4291 4974/4287
f 4005/4294 4457/4295 4975/4296 4747/4297
f 4747/4297 4975/4296 4233/4298 3744/4299
f 4975/4296 4748/4288 3747/4290 4233/4298
f 4457/4295 4009/4285 4748/4288 4975/4296
f 3748/4300 4238/4301 4976/4302 4751/4303
f 4751/4303 4976/4302 4466/4304 4010/4305
f 4976/4302 4752/4306 4014/4307 4466/4304
f 4238/4301 3752/4308 4752/4306 4976/4302
f 3752/4308 4236/4309 4977/4310 4752/4306
f 4752/4306 4977/4310 4469/4311 4014/4307
f 4977/4310 4756/4312 4013/4313 4469/4311
f 4236/4309 3749/4314 4756/4312 4977/4310
f 4015/4315 4468/4316 4978/4317 4754/4318
f 4754/4318 4978/4317 4239/4319 3753/4320
f 4978/4317 4755/4321 3751/4322 4239/4319
f 4468/4316 4012/4323 4755/4321 4978/4317
f 4011/4324 4464/4325 4979/4326 4753/4327
f 4753/4327 4979/4326 4237/4328 3750/4329
f 4979/4326 4754/4318 3753/4320 4237/4328
f 4464/4325 4015/4315 4754/4318 4979/4326
f 3754/4330 4242/4331 4980/4332 4757/4333
f 4757/4333 4980/4332 4473/4334 4016/4335
f 4980/4332 4758/4336 4020/4337 4473/4334
f 4242/4331 3758/4338 4758/4336 4980/4332
f 3758/4338 4240/4339 4981/4340 4758/4336
f 4758/4336 4981/4340 4476/4341 4020/4337
f 4981/4340 4762/4342 4019/4343 4476/4341
f 4240/4339 3755/4344 4762/4342 4981/4340
f 4021/4345 4475/4346 4982/4347 4760/4348
f 4760/4348 4982/4347 4243/4349 3759/4350
f 4982/4347 4761/4351 3757/4352 4243/4349
f 4475/4346 4018/4353 4761/4351 4982/4347
f 4017/4354 4471/4355 4983/4356 4759/4357
f 4759/4357 4983/4356 4241/4358 3756/4359
f 4983/4356 4760/4348 3759/4350 4241/4358
f 4471/4355 4021/4345 4760/4348 4983/4356
f 3760/4360 4763/4361 4984/4362 4246/4363
f 4763/4361 4022/4364 4480/4365 4984/4362
f 4984/4362 4480/4365 4026/4366 4764/4367
f 4246/4363 4984/4362 4764/4367 3764/4368
f 3764/4368 4764/4367 4985/4369 4244/4370
f 4764/4367 4026/4366 4483/4371 4985/4369
f 4985/4369 4483/4371 4025/4372 4768/4373
f 4244/4370 4985/4369 4768/4373 3761/4374
f 4027/4375 4766/4376 4986/4377 4482/4378
f 4766/4376 3765/4379 4247/4380 4986/4377
f 4986/4377 4247/4380 3763/4381 4767/4382
f 4482/4378 4986/4377 4767/4382 4024/4383
f 4023/4384 4765/4385 4987/4386 4478/4387
f 4765/4385 3762/4388 4245/4389 4987/4386
f 4987/4386 4245/4389 3765/4379 4766/4376
f 4478/4387 4987/4386 4766/4376 4027/4375
f 3766/4390 4769/4391 4988/4392 4250/4393
f 4769/4391 4028/4394 4487/4395 4988/4392
f 4988/4392 4487/4395 4032/4396 4770/4397
f 4250/4393 4988/4392 4770/4397 3770/4398
f 3770/4398 4770/4397 4989/4399 4248/4400
f 4770/4397 4032/4396 4490/4401 4989/4399
f 4989/4399 4490/4401 4031/4402 4774/4403
f 4248/4400 4989/4399 4774/4403 3767/4404
f 4033/4405 4772/4406 4990/4407 4489/4408
f 4772/4406 3771/4409 4251/4410 4990/4407
f 4990/4407 4251/4410 3769/4411 4773/4412
f 4489/4408 4990/4407 4773/4412 4030/4413
f 4029/4414 4771/4415 4991/4416 4485/4417
f 4771/4415 3768/4418 4249/4419 4991/4416
f 4991/4416 4249/4419 3771/4409 4772/4406
f 4485/4417 4991/4416 4772/4406 4033/4405
f 3772/4420 4775/4421 4992/4422 4254/4423
f 4775/4421 4034/4424 4494/4425 4992/4422
f 4992/4422 4494/4425 4038/4426 4776/4427
f 4254/4423 4992/4422 4776/4427 3776/4428
f 3776/4428 4776/4427 4993/4429 4252/4430
f 4776/4427 4038/4426 4497/4431 4993/4429
f 4993/4429 4497/4431 4037/4432 4780/4433
f 4252/4430 4993/4429 4780/4433 3773/4434
f 4039/4435 4778/4436 4994/4437 4496/4438
f 4778/4436 3777/4439 4255/4440 4994/4437
f 4994/4437 4255/4440 3775/4441 4779/4442
f 4496/4438 4994/4437 4779/4442 4036/4443
f 4035/4444 4777/4445 4995/4446 4492/4447
f 4777/4445 3774/4448 4253/4449 4995/4446
f 4995/4446 4253/4449 3777/4439 4778/4436
f 4492/4447 4995/4446 4778/4436 4039/4435
f 3778/4450 4781/4451 4996/4452 4258/4453
f 4781/4451 4040/4454 4501/4455 4996/4452
f 4996/4452 4501/4455 4044/4456 4782/4457
f 4258/4453 4996/4452 4782/4457 3782/4458
f 3782/4458 4782/4457 4997/4459 4256/4460
f 4782/4457 4044/4456 4504/4461 4997/4459
f 4997/4459 4504/4461 4043/4462 4786/4463
f 4256/4460 4997/4459 4786/4463 3779/4464
f 4045/4465 4784/4466 4998/4467 4503/4468
f 4784/4466 3783/4469 4259/4470 4998/4467
f 4998/4467 4259/4470 3781/4471 4785/4472
f 4503/4468 4998/4467 4785/4472 4042/4473
f 4041/4474 4783/4475 4999/4476 4499/4477
f 4783/4475 3780/4478 4257/4479 4999/4476
f 4999/4476 4257/4479 3783/4469 4784/4466
f 4499/4477 4999/4476 4784/4466 4045/4465
f 3784/4480 4262/4481 5000/4482 4787/4483
f 4787/4483 5000/4482 4508/4484 4046/4485
f 5000/4482 4788/4486 4050/4487 4508/4484
f 4262/4481 3788/4488 4788/4486 5000/4482
f 3788/4488 4260/4489 5001/4490 4788/4486
f 4788/4486 5001/4490 4511/4491 4050/4487
f 5001/4490 4792/4492 4049/4493 4511/4491
f 4260/4489 3785/4494 4792/4492 5001/4490
f 4051/4495 4510/4496 5002/4497 4790/4498
f 4790/4498 5002/4497 4263/4499 3789/4500
f 5002/4497 4791/4501 3787/4502 4263/4499
f 4510/4496 4048/4503 4791/4501 5002/4497
f 4047/4504 4506/4505 5003/4506 4789/4507
f 4789/4507 5003/4506 4261/4508 3786/4509
f 5003/4506 4790/4498 3789/4500 4261/4508
f 4506/4505 4051/4495 4790/4498 5003/4506
f 3790/4510 4266/4511 5004/4512 4793/4513
f 4793/4513 5004/4512 4515/4514 4052/4515
f 5004/4512 4794/4516 4056/4517 4515/4514
f 4266/4511 3794/4518 4794/4516 5004/4512
f 3794/4518 4264/4519 5005/4520 4794/4516
f 4794/4516 5005/4520 4518/4521 4056/4517
f 5005/4520 4798/4522 4055/4523 4518/4521
f 4264/4519 3791/4524 4798/4522 5005/4520
f 4057/4525 4517/4526 5006/4527 4796/4528
f 4796/4528 5006/4527 4267/4529 3795/4530
f 5006/4527 4797/4531 3793/4532 4267/4529
f 4517/4526 4054/4533 4797/4531 5006/4527
f 4053/4534 4513/4535 5007/4536 4795/4537
f 4795/4537 5007/4536 4265/4538 3792/4539
f 5007/4536 4796/4528 3795/4530 4265/4538
f 4513/4535 4057/4525 4796/4528 5007/4536
f 3796/4540 4799/4541 5008/4542 4270/4543
f 4799/4541 4058/4544 4522/4545 5008/4542
f 5008/4542 4522/4545 4062/4546 4800/4547
f 4270/4543 5008/4542 4800/4547 3800/4548
f 3800/4548 4800/4547 5009/4549 4268/4550
f 4800/4547 4062/4546 4525/4551 5009/4549
f 5009/4549 4525/4551 4061/4552 4804/4553
f 4268/4550 5009/4549 4804/4553 3797/4554
f 4063/4555 4802/4556 5010/4557 4524/4558
f 4802/4556 3801/4559 4271/4560 5010/4557
f 5010/4557 4271/4560 3799/4561 4803/4562
f 4524/4558 5010/4557 4803/4562 4060/4563
f 4059/4564 4801/4565 5011/4566 4520/4567
f 4801/4565 3798/4568 4269/4569 5011/4566
f 5011/4566 4269/4569 3801/4559 4802/4556
f 4520/4567 5011/4566 4802/4556 4063/4555
f 3802/4570 4805/4571 5012/4572 4274/4573
f 4805/4571 4064/4574 4529/4575 5012/4572
f 5012/4572 4529/4575 4068/4576 4806/4577
f 4274/4573 5012/4572 4806/4577 3806/4578
f 3806/4578 4806/4577 5013/4579 4272/4580
f 4806/4577 4068/4576 4532/4581 5013/4579
f 5013/4579 4532/4581 4067/4582 4810/4583
f 4272/4580 5013/4579 4810/4583 3803/4584
f 4069/4585 4808/4586 5014/4587 4531/4588
f 4808/4586 3807/4589 4275/4590 5014/4587
f 5014/4587 4275/4590 3805/4591 4809/4592
f 4531/4588 5014/4587 4809/4592 4066/4593
f 4065/4594 4807/4595 5015/4596 4527/4597
f 4807/4595 3804/4598 4273/4599 5015/4596
f 5015/4596 4273/4599 3807/4589 4808/4586
f 4527/4597 5015/4596 4808/4586 4069/4585
f 3808/4600 4278/4601 5016/4602 4811/4603
f 4811/4603 5016/4602 4536/4604 4070/4605
f 5016/4602 4812/4606 4074/4607 4536/4604
f 4278/4601 3812/4608 4812/4606 5016/4602
f 3812/4608 4276/4609 5017/4610 4812/4606
f 4812/4606 5017/4610 4539/4611 4074/4607
f 5017/4610 4816/4612 4073/4613 4539/4611
f 4276/4609 3809/4614 4816/4612 5017/4610
f 4075/4615 4538/4616 5018/4617 4814/4618
f 4814/4618 5018/4617 4279/4619 3813/4620
f 5018/4617 4815/4621 3811/4622 4279/4619
f 4538/4616 4072/4623 4815/4621 5018/4617
f 4071/4624 4534/4625 5019/4626 4813/4627
f 4813/4627 5019/4626 4277/4628 3810/4629
f 5019/4626 4814/4618 3813/4620 4277/4628
f 4534/4625 4075/4615 4814/4618 5019/4626
f 3814/4630 4817/4631 5020/4632 4282/4633
f 4817/4631 4076/4634 4543/4635 5020/4632
f 5020/4632 4543/4635 4080/4636 4818/4637
f 4282/4633 5020/4632 4818/4637 3818/4638
f 3818/4638 4818/4637 5021/4639 4280/4640
f 4818/4637 4080/4636 4546/4641 5021/4639
f 5021/4639 4546/4641 4079/4642 4822/4643
f 4280/4640 5021/4639 4822/4643 3815/4644
f 4081/4645 4820/4646 5022/4647 4545/4648
f 4820/4646 3819/4649 4283/4650 5022/4647
f 5022/4647 4283/4650 3817/4651 4821/4652
f 4545/4648 5022/4647 4821/4652 4078/4653
f 4077/4654 4819/4655 5023/4656 4541/4657
f 4819/4655 3816/4658 4281/4659 5023/4656
f 5023/4656 4281/4659 3819/4649 4820/4646
f 4541/4657 5023/4656 4820/4646 4081/4645
f 3820/4660 4286/4661 5024/4662 4823/4663
f 4823/4663 5024/4662 4550/4664 4082/4665
f 5024/4662 4824/4666 4086/4667 4550/4664
f 4286/4661 3824/4668 4824/4666 5024/4662
f 3824/4668 4284/4669 5025/4670 4824/4666
f 4824/4666 5025/4670 4553/4671 4086/4667
f 5025/4670 4828/4672 4085/4673 4553/4671
f 4284/4669 3821/4674 4828/4672 5025/4670
f 4087/4675 4552/4676 5026/4677 4826/4678
f 4826/4678 5026/4677 4287/4679 3825/4680
f 5026/4677 4827/4681 3823/4682 4287/4679
f 4552/4676 4084/4683 4827/4681 5026/4677
f 4083/4684 4548/4685 5027/4686 4825/4687
f 4825/4687 5027/4686 4285/4688 3822/4689
f 5027/4686 4826/4678 3825/4680 4285/4688
f 4548/4685 4087/4675 4826/4678 5027/4686
f 3826/4690 4829/4691 5028/4692 4290/4693
f 4829/4691 4088/4694 4557/4695 5028/4692
f 5028/4692 4557/4695 4092/4696 4830/4697
f 4290/4693 5028/4692 4830/4697 3830/4698
f 3830/4698 4830/4697 5029/4699 4288/4700
f 4830/4697 4092/4696 4560/4701 5029/4699
f 5029/4699 4560/4701 4091/4702 4834/4703
f 4288/4700 5029/4699 4834/4703 3827/4704
f 4093/4705 4832/4706 5030/4707 4559/4708
f 4832/4706 3831/4709 4291/4710 5030/4707
f 5030/4707 4291/4710 3829/4711 4833/4712
f 4559/4708 5030/4707 4833/4712 4090/4713
f 4089/4714 4831/4715 5031/4716 4555/4717
f 4831/4715 3828/4718 4289/4719 5031/4716
f 5031/4716 4289/4719 3831/4709 4832/4706
f 4555/4717 5031/4716 4832/4706 4093/4705
f 3832/4720 4835/4721 5032/4722 4294/4723
f 4835/4721 4094/4724 4564/4725 5032/4722
f 5032/4722 4564/4725 4098/4726 4836/4727
f 4294/4723 5032/4722 4836/4727 3836/4728
f 3836/4728 4836/4727 5033/4729 4292/4730
f 4836/4727 4098/4726 4567/4731 5033/4729
f 5033/4729 4567/4731 4097/4732 4840/4733
f 4292/4730 5033/4729 4840/4733 3833/4734
f 4099/4735 4838/4736 5034/4737 4566/4738
f 4838/4736 3837/4739 4295/4740 5034/4737
f 5034/4737 4295/4740 3835/4741 4839/4742
f 4566/4738 5034/4737 4839/4742 4096/4743
f 4095/4744 4837/4745 5035/4746 4562/4747
f 4837/4745 3834/4748 4293/4749 5035/4746
f 5035/4746 4293/4749 3837/4739 4838/4736
f 4562/4747 5035/4746 4838/4736 4099/4735
f 3838/4750 4841/4751 5036/4752 4298/4753
f 4841/4751 4100/4754 4571/4755 5036/4752
f 5036/4752 4571/4755 4104/4756 4842/4757
f 4298/4753 5036/4752 4842/4757 3842/4758
f 3842/4758 4842/4757 5037/4759 4296/4760
f 4842/4757 4104/4756 4574/4761 5037/4759
f 5037/4759 4574/4761 4103/4762 4846/4763
f 4296/4760 5037/4759 4846/4763 3839/4764
f 4105/4765 4844/4766 5038/4767 4573/4768
f 4844/4766 3843/4769 4299/4770 5038/4767
f 5038/4767 4299/4770 3841/4771 4845/4772
f 4573/4768 5038/4767 4845/4772 4102/4773
f 4101/4774 4843/4775 5039/4776 4569/4777
f 4843/4775 3840/4778 4297/4779 5039/4776
f 5039/4776 4297/4779 3843/4769 4844/4766
f 4569/4777 5039/4776 4844/4766 4105/4765
f 3844/4780 4847/4781 5040/4782 4302/4783
f 4847/4781 4106/4784 4578/4785 5040/4782
f 5040/4782 4578/4785 4110/4786 4848/4787
f 4302/4783 5040/4782 4848/4787 3848/4788
f 3848/4788 4848/4787 5041/4789 4300/4790
f 4848/4787 4110/4786 4581/4791 5041/4789
f 5041/4789 4581/4791 4109/4792 4852/4793
f 4300/4790 5041/4789 4852/4793 3845/4794
f 4111/4795 4850/4796 5042/4797 4580/4798
f 4850/4796 3849/4799 4303/4800 5042/4797
f 5042/4797 4303/4800 3847/4801 4851/4802
f 4580/4798 5042/4797 4851/4802 4108/4803
f 4107/4804 4849/4805 5043/4806 4576/4807
f 4849/4805 3846/4808 4301/4809 5043/4806
f 5043/4806 4301/4809 3849/4799 4850/4796
f 4576/4807 5043/4806 4850/4796 4111/4795
f 3850/4810 4853/4811 5044/4812 4306/4813
f 4853/4811 4112/4814 4585/4815 5044/4812
f 5044/4812 4585/4815 4116/4816 4854/4817
f 4306/4813 5044/4812 4854/4817 3854/4818
f 3854/4818 4854/4817 5045/4819 4304/4820
f 4854/4817 4116/4816 4588/4821 5045/4819
f 5045/4819 4588/4821 4115/4822 4858/4823
f 4304/4820 5045/4819 4858/4823 3851/4824
f 4117/4825 4856/4826 5046/4827 4587/4828
f 4856/4826 3855/4829 4307/4830 5046/4827
f 5046/4827 4307/4830 3853/4831 4857/4832
f 4587/4828 5046/4827 4857/4832 4114/4833
f 4113/4834 4855/4835 5047/4836 4583/4837
f 4855/4835 3852/4838 4305/4839 5047/4836
f 5047/4836 4305/4839 3855/4829 4856/4826
f 4583/4837 5047/4836 4856/4826 4117/4825
f 3856/4840 4859/4841 5048/4842 4310/4843
f 4859/4841 4118/4844 4592/4845 5048/4842
f 5048/4842 4592/4845 4122/4846 4860/4847
f 4310/4843 5048/4842 4860/4847 3860/4848
f 3860/4848 4860/4847 5049/4849 4308/4850
f 4860/4847 4122/4846 4595/4851 5049/4849
f 5049/4849 4595/4851 4121/4852 4864/4853
f 4308/4850 5049/4849 4864/4853 3857/4854
f 4123/4855 4862/4856 5050/4857 4594/4858
f 4862/4856 3861/4859 4311/4860 5050/4857
f 5050/4857 4311/4860 3859/4861 4863/4862
f 4594/4858 5050/4857 4863/4862 4120/4863
f 4119/4864 4861/4865 5051/4866 4590/4867
f 4861/4865 3858/4868 4309/4869 5051/4866
f 5051/4866 4309/4869 3861/4859 4862/4856
f 4590/4867 5051/4866 4862/4856 4123/4855
f 3862/4870 4865/4871 5052/4872 4314/4873
f 4865/4871 4124/4874 4599/4875 5052/4872
f 5052/4872 4599/4875 4128/4876 4866/4877
f 4314/4873 5052/4872 4866/4877 3866/4878
f 3866/4878 4866/4877 5053/4879 4312/4880
f 4866/4877 4128/4876 4602/4881 5053/4879
f 5053/4879 4602/4881 4127/4882 4870/4883
f 4312/4880 5053/4879 4870/4883 3863/4884
f 4129/4885 4868/4886 5054/4887 4601/4888
f 4868/4886 3867/4889 4315/4890 5054/4887
f 5054/4887 4315/4890 3865/4891 4869/4892
f 4601/4888 5054/4887 4869/4892 4126/4893
f 4125/4894 4867/4895 5055/4896 4597/4897
f 4867/4895 3864/4898 4313/4899 5055/4896
f 5055/4896 4313/4899 3867/4889 4868/4886
f 4597/4897 5055/4896 4868/4886 4129/4885
f 3868/4900 4871/4901 5056/4902 4318/4903
f 4871/4901 4130/4904 4606/4905 5056/4902
f 5056/4902 4606/4905 4134/4906 4872/4907
f 4318/4903 5056/4902 4872/4907 3872/4908
f 3872/4908 4872/4907 5057/4909 4316/4910
f 4872/4907 4134/4906 4609/4911 5057/4909
f 5057/4909 4609/4911 4133/4912 4876/4913
f 4316/4910 5057/4909 4876/4913 3869/4914
f 4135/4915 4874/4916 5058/4917 4608/4918
f 4874/4916 3873/4919 4319/4920 5058/4917
f 5058/4917 4319/4920 3871/4921 4875/4922
f 4608/4918 5058/4917 4875/4922 4132/4923
f 4131/4924 4873/4925 5059/4926 4604/4927
f 4873/4925 3870/4928 4317/4929 5059/4926
f 5059/4926 4317/4929 3873/4919 4874/4916
f 4604/4927 5059/4926 4874/4916 4135/4915
f 3874/4930 4877/4931 5060/4932 4322/4933
f 4877/4931 4136/4934 4613/4935 5060/4932
f 5060/4932 4613/4935 4140/4936 4878/4937
f 4322/4933 5060/4932 4878/4937 3878/4938
f 3878/4938 4878/4937 5061/4939 4320/4940
f 4878/4937 4140/4936 4616/4941 5061/4939
f 5061/4939 4616/4941 4139/4942 4882/4943
f 4320/4940 5061/4939 4882/4943 3875/4944
f 4141/4945 4880/4946 5062/4947 4615/4948
f 4880/4946 3879/4949 4323/4950 5062/4947
f 5062/4947 4323/4950 3877/4951 4881/4952
f 4615/4948 5062/4947 4881/4952 4138/4953
f 4137/4954 4879/4955 5063/4956 4611/4957
f 4879/4955 3876/4958 4321/4959 5063/4956
f 5063/4956 4321/4959 3879/4949 4880/4946
f 4611/4957 5063/4956 4880/4946 4141/4945
f 3880/4960 4883/4961 5064/4962 4326/4963
f 4883/4961 4142/4964 4620/4965 5064/4962
f 5064/4962 4620/4965 4146/4966 4884/4967
f 4326/4963 5064/4962 4884/4967 3884/4968
f 3884/4968 4884/4967 5065/4969 4324/4970
f 4884/4967 4146/4966 4623/4971 5065/4969
f 5065/4969 4623/4971 4145/4972 4888/4973
f 4324/4970 5065/4969 4888/4973 3881/4974
f 4147/4975 4886/4976 5066/4977 4622/4978
f 4886/4976 3885/4979 4327/4980 5066/4977
f 5066/4977 4327/4980 3883/4981 4887/4982
f 4622/4978 5066/4977 4887/4982 4144/4983
f 4143/4984 4885/4985 5067/4986 4618/4987
f 4885/4985 3882/4988 4325/4989 5067/4986
f 5067/4986 4325/4989 3885/4979 4886/4976
f 4618/4987 5067/4986 4886/4976 4147/4975
f 3886/4990 4889/4991 5068/4992 4330/4993
f 4889/4991 4148/4994 4627/4995 5068/4992
f 5068/4992 4627/4995 4152/4996 4890/4997
f 4330/4993 5068/4992 4890/4997 3890/4998
f 3890/4998 4890/4997 5069/4999 4328/5000
f 4890/4997 4152/4996 4630/5001 5069/4999
f 5069/4999 4630/5001 4151/5002 4894/5003
f 4328/5000 5069/4999 4894/5003 3887/5004
f 4153/5005 4892/5006 5070/5007 4629/5008
f 4892/5006 3891/5009 4331/5010 5070/5007
f 5070/5007 4331/5010 3889/5011 4893/5012
f 4629/5008 5070/5007 4893/5012 4150/5013
f 4149/5014 4891/5015 5071/5016 4625/5017
f 4891/5015 3888/5018 4329/5019 5071/5016
f 5071/5016 4329/5019 3891/5009 4892/5006
f 4625/5017 5071/5016 4892/5006 4153/5005
f 3892/5020 4895/5021 5072/5022 4334/5023
f 4895/5021 4154/5024 4634/5025 5072/5022
f 5072/5022 4634/5025 4158/5026 4896/5027
f 4334/5023 5072/5022 4896/5027 3896/5028
f 3896/5028 4896/5027 5073/5029 4332/5030
f 4896/5027 4158/5026 4637/5031 5073/5029
f 5073/5029 4637/5031 4157/5032 4900/5033
f 4332/5030 5073/5029 4900/5033 3893/5034
f 4159/5035 4898/5036 5074/5037 4636/5038
f 4898/5036 3897/5039 4335/5040 5074/5037
f 5074/5037 4335/5040 3895/5041 4899/5042
f 4636/5038 5074/5037 4899/5042 4156/5043
f 4155/5044 4897/5045 5075/5046 4632/5047
f 4897/5045 3894/5048 4333/5049 5075/5046
f 5075/5046 4333/5049 3897/5039 4898/5036
f 4632/5047 5075/5046 4898/5036 4159/5035
f 3898/5050 4901/5051 5076/5052 4338/5053
f 4901/5051 4160/5054 4641/5055 5076/5052
f 5076/5052 4641/5055 4164/5056 4902/5057
f 4338/5053 5076/5052 4902/5057 3902/5058
f 3902/5058 4902/5057 5077/5059 4336/5060
f 4902/5057 4164/5056 4644/5061 5077/5059
f 5077/5059 4644/5061 4163/5062 4906/5063
f 4336/5060 5077/5059 4906/5063 3899/5064
f 4165/5065 4904/5066 5078/5067 4643/5068
f 4904/5066 3903/5069 4339/5070 5078/5067
f 5078/5067 4339/5070 3901/5071 4905/5072
f 4643/5068 5078/5067 4905/5072 4162/5073
f 4161/5074 4903/5075 5079/5076 4639/5077
f 4903/5075 3900/5078 4337/5079 5079/5076
f 5079/5076 4337/5079 3903/5069 4904/5066
f 4639/5077 5079/5076 4904/5066 4165/5065
f 3909/3787 4341/5080 5080/5081 4342/3799
f 4341/5080 3908/5082 4344/5083 5080/5081
f 5080/5081 4344/5083 3904/5084 4343/5085
f 4342/3799 5080/5081 4343/5085 3905/3796
f 3906/3795 4345/5086 5081/5087 4346/3790
f 4345/5086 3907/3784 4347/3783 5081/5087
f 5081/5087 4347/3783 3908/3782 4341/5080
f 4346/3790 5081/5087 4341/5080 3909/3787
f 3915/3817 4349/3827 5082/5088 4348/5089
f 4348/5089 5082/5088 4351/3806 3914/3809
f 5082/5088 4350/5090 3910/3807 4351/3806
f 4349/3827 3911/3826 4350/5090 5082/5088
f 3912/3825 4353/3818 5083/5091 4352/5092
f 4352/5092 5083/5091 4354/3813 3913/3815
f 5083/5091 4348/5089 3914/3809 4354/3813
f 4353/3818 3915/3817 4348/5089 5083/5091
f 3921/3847 4356/3857 5084/5093 4355/5094
f 4355/5094 5084/5093 4358/3836 3920/3839
f 5084/5093 4357/5095 3916/3837 4358/3836
f 4356/3857 3917/3856 4357/5095 5084/5093
f 3918/3855 4360/3848 5085/5096 4359/5097
f 4359/5097 5085/5096 4361/3843 3919/3845
f 5085/5096 4355/5094 3920/3839 4361/3843
f 4360/3848 3921/3847 4355/5094 5085/5096
f 3927/3877 4363/3887 5086/5098 4362/5099
f 4362/5099 5086/5098 4365/3866 3926/3869
f 5086/5098 4364/5100 3922/3867 4365/3866
f 4363/3887 3923/3886 4364/5100 5086/5098
f 3924/3885 4367/3878 5087/5101 4366/5102
f 4366/5102 5087/5101 4368/3873 3925/3875
f 5087/5101 4362/5099 3926/3869 4368/3873
f 4367/3878 3927/3877 4362/5099 5087/5101
f 3933/3907 4369/5103 5088/5104 4370/3919
f 4369/5103 3932/3898 4372/3897 5088/5104
f 5088/5104 4372/3897 3928/3896 4371/5105
f 4370/3919 5088/5104 4371/5105 3929/3916
f 3930/3915 4373/5106 5089/5107 4374/3910
f 4373/5106 3931/3904 4375/3903 5089/5107
f 5089/5107 4375/3903 3932/3898 4369/5103
f 4374/3910 5089/5107 4369/5103 3933/3907
f 3939/3937 4377/3947 5090/5108 4376/5109
f 4376/5109 5090/5108 4379/3926 3938/3929
f 5090/5108 4378/5110 3934/3927 4379/3926
f 4377/3947 3935/3946 4378/5110 5090/5108
f 3936/3945 4381/3938 5091/5111 4380/5112
f 4380/5112 5091/5111 4382/3933 3937/3935
f 5091/5111 4376/5109 3938/3929 4382/3933
f 4381/3938 3939/3937 4376/5109 5091/5111
f 3945/3967 4383/5113 5092/5114 4384/3979
f 4383/5113 3944/3958 4386/3957 5092/5114
f 5092/5114 4386/3957 3940/3956 4385/5115
f 4384/3979 5092/5114 4385/5115 3941/3976
f 3942/3975 4387/5116 5093/5117 4388/3970
f 4387/5116 3943/3964 4389/3963 5093/5117
f 5093/5117 4389/3963 3944/3958 4383/5113
f 4388/3970 5093/5117 4383/5113 3945/3967
f 3951/3997 4391/4007 5094/5118 4390/5119
f 4390/5119 5094/5118 4393/3986 3950/3989
f 5094/5118 4392/5120 3946/3987 4393/3986
f 4391/4007 3947/4006 4392/5120 5094/5118
f 3948/4005 4395/3998 5095/5121 4394/5122
f 4394/5122 5095/5121 4396/3993 3949/3995
f 5095/5121 4390/5119 3950/3989 4396/3993
f 4395/3998 3951/3997 4390/5119 5095/5121
f 3957/4027 4398/4037 5096/5123 4397/5124
f 4397/5124 5096/5123 4400/4016 3956/4019
f 5096/5123 4399/5125 3952/4017 4400/4016
f 4398/4037 3953/4036 4399/5125 5096/5123
f 3954/4035 4402/4028 5097/5126 4401/5127
f 4401/5127 5097/5126 4403/4023 3955/4025
f 5097/5126 4397/5124 3956/4019 4403/4023
f 4402/4028 3957/4027 4397/5124 5097/5126
f 3963/4057 4405/4067 5098/5128 4404/5129
f 4404/5129 5098/5128 4407/4046 3962/4049
f 5098/5128 4406/5130 3958/4047 4407/4046
f 4405/4067 3959/4066 4406/5130 5098/5128
f 3960/4065 4409/4058 5099/5131 4408/5132
f 4408/5132 5099/5131 4410/4053 3961/4055
f 5099/5131 4404/5129 3962/4049 4410/4053
f 4409/4058 3963/4057 4404/5129 5099/5131
f 3969/4087 4411/5133 5100/5134 4412/4099
f 4411/5133 3968/4078 4414/4077 5100/5134
f 5100/5134 4414/4077 3964/4076 4413/5135
f 4412/4099 5100/5134 4413/5135 3965/4096
f 3966/4095 4415/5136 5101/5137 4416/4090
f 4415/5136 3967/4084 4417/4083 5101/5137
f 5101/5137 4417/4083 3968/4078 4411/5133
f 4416/4090 5101/5137 4411/5133 3969/4087
f 3975/4117 4419/4127 5102/5138 4418/5139
f 4418/5139 5102/5138 4421/4106 3974/4109
f 5102/5138 4420/5140 3970/4107 4421/4106
f 4419/4127 3971/4126 4420/5140 5102/5138
f 3972/4125 4423/4118 5103/5141 4422/5142
f 4422/5142 5103/5141 4424/4113 3973/4115
f 5103/5141 4418/5139 3974/4109 4424/4113
f 4423/4118 3975/4117 4418/5139 5103/5141
f 3981/4147 4425/5143 5104/5144 4426/4159
f 4425/5143 3980/4138 4428/4137 5104/5144
f 5104/5144 4428/4137 3976/4136 4427/5145
f 4426/4159 5104/5144 4427/5145 3977/4156
f 3978/4155 4429/5146 5105/5147 4430/4150
f 4429/5146 3979/4144 4431/4143 5105/5147
f 5105/5147 4431/4143 3980/4138 4425/5143
f 4430/4150 5105/5147 4425/5143 3981/4147
f 3984/4179 4340/5148 5106/5149 4432/4174
f 4340/5148 3985/4168 4434/4167 5106/5149
f 5106/5149 4434/4167 3982/4166 4433/5150
f 4432/4174 5106/5149 4433/5150 3983/4171
f 3991/4195 4436/4205 5107/5151 4435/5152
f 4435/5152 5107/5151 4438/4184 3990/4187
f 5107/5151 4437/5153 3986/4185 4438/4184
f 4436/4205 3987/4204 4437/5153 5107/5151
f 3988/4203 4440/4196 5108/5154 4439/5155
f 4439/5155 5108/5154 4441/4191 3989/4193
f 5108/5154 4435/5152 3990/4187 4441/4191
f 4440/4196 3991/4195 4435/5152 5108/5154
f 3997/4225 4442/5156 5109/5157 4443/4237
f 4442/5156 3996/4216 4445/4215 5109/5157
f 5109/5157 4445/4215 3992/4214 4444/5158
f 4443/4237 5109/5157 4444/5158 3993/4234
f 3994/4233 4446/5159 5110/5160 4447/4228
f 4446/5159 3995/4222 4448/4221 5110/5160
f 5110/5160 4448/4221 3996/4216 4442/5156
f 4447/4228 5110/5160 4442/5156 3997/4225
f 4003/4255 4449/5161 5111/5162 4450/4267
f 4449/5161 4002/4246 4452/4245 5111/5162
f 5111/5162 4452/4245 3998/4244 4451/5163
f 4450/4267 5111/5162 4451/5163 3999/4264
f 4000/4263 4453/5164 5112/5165 4454/4258
f 4453/5164 4001/4252 4455/4251 5112/5165
f 5112/5165 4455/4251 4002/4246 4449/5161
f 4454/4258 5112/5165 4449/5161 4003/4255
f 4009/4285 4457/4295 5113/5166 4456/5167
f 4456/5167 5113/5166 4459/4274 4008/4277
f 5113/5166 4458/5168 4004/4275 4459/4274
f 4457/4295 4005/4294 4458/5168 5113/5166
f 4006/4293 4461/4286 5114/5169 4460/5170
f 4460/5170 5114/5169 4462/4281 4007/4283
f 5114/5169 4456/5167 4008/4277 4462/4281
f 4461/4286 4009/4285 4456/5167 5114/5169
f 4015/4315 4464/4325 5115/5171 4463/5172
f 4463/5172 5115/5171 4466/4304 4014/4307
f 5115/5171 4465/5173 4010/4305 4466/4304
f 4464/4325 4011/4324 4465/5173 5115/5171
f 4012/4323 4468/4316 5116/5174 4467/5175
f 4467/5175 5116/5174 4469/4311 4013/4313
f 5116/5174 4463/5172 4014/4307 4469/4311
f 4468/4316 4015/4315 4463/5172 5116/5174
f 4021/4345 4471/4355 5117/5176 4470/5177
f 4470/5177 5117/5176 4473/4334 4020/4337
f 5117/5176 4472/5178 4016/4335 4473/4334
f 4471/4355 4017/4354 4472/5178 5117/5176
f 4018/4353 4475/4346 5118/5179 4474/5180
f 4474/5180 5118/5179 4476/4341 4019/4343
f 5118/5179 4470/5177 4020/4337 4476/4341
f 4475/4346 4021/4345 4470/5177 5118/5179
f 4027/4375 4477/5181 5119/5182 4478/4387
f 4477/5181 4026/4366 4480/4365 5119/5182
f 5119/5182 4480/4365 4022/4364 4479/5183
f 4478/4387 5119/5182 4479/5183 4023/4384
f 4024/4383 4481/5184 5120/5185 4482/4378
f 4481/5184 4025/4372 4483/4371 5120/5185
f 5120/5185 4483/4371 4026/4366 4477/5181
f 4482/4378 5120/5185 4477/5181 4027/4375
f 4033/4405 4484/5186 5121/5187 4485/4417
f 4484/5186 4032/4396 4487/4395 5121/5187
f 5121/5187 4487/4395 4028/4394 4486/5188
f 4485/4417 5121/5187 4486/5188 4029/4414
f 4030/4413 4488/5189 5122/5190 4489/4408
f 4488/5189 4031/4402 4490/4401 5122/5190
f 5122/5190 4490/4401 4032/4396 4484/5186
f 4489/4408 5122/5190 4484/5186 4033/4405
f 4039/4435 4491/5191 5123/5192 4492/4447
f 4491/5191 4038/4426 4494/4425 5123/5192
f 5123/5192 4494/4425 4034/4424 4493/5193
f 4492/4447 5123/5192 4493/5193 4035/4444
f 4036/4443 4495/5194 5124/5195 4496/4438
f 4495/5194 4037/4432 4497/4431 5124/5195
f 5124/5195 4497/4431 4038/4426 4491/5191
f 4496/4438 5124/5195 4491/5191 4039/4435
f 4045/4465 4498/5196 5125/5197 4499/4477
f 4498/5196 4044/4456 4501/4455 5125/5197
f 5125/5197 4501/4455 4040/4454 4500/5198
f 4499/4477 5125/5197 4500/5198 4041/4474
f 4042/4473 4502/5199 5126/5200 4503/4468
f 4502/5199 4043/4462 4504/4461 5126/5200
f 5126/5200 4504/4461 4044/4456 4498/5196
f 4503/4468 5126/5200 4498/5196 4045/4465
f 4051/4495 4506/4505 5127/5201 4505/5202
f 4505/5202 5127/5201 4508/4484 4050/4487
f 5127/5201 4507/5203 4046/4485 4508/4484
f 4506/4505 4047/4504 4507/5203 5127/5201
f 4048/4503 4510/4496 5128/5204 4509/5205
f 4509/5205 5128/5204 4511/4491 4049/4493
f 5128/5204 4505/5202 4050/4487 4511/4491
f 4510/4496 4051/4495 4505/5202 5128/5204
f 4057/4525 4513/4535 5129/5206 4512/5207
f 4512/5207 5129/5206 4515/4514 4056/4517
f 5129/5206 4514/5208 4052/4515 4515/4514
f 4513/4535 4053/4534 4514/5208 5129/5206
f 4054/4533 4517/4526 5130/5209 4516/5210
f 4516/5210 5130/5209 4518/4521 4055/4523
f 5130/5209 4512/5207 4056/4517 4518/4521
f 4517/4526 4057/4525 4512/5207 5130/5209
f 4063/4555 4519/5211 5131/5212 4520/4567
f 4519/5211 4062/4546 4522/4545 5131/5212
f 5131/5212 4522/4545 4058/4544 4521/5213
f 4520/4567 5131/5212 4521/5213 4059/4564
f 4060/4563 4523/5214 5132/5215 4524/4558
f 4523/5214 4061/4552 4525/4551 5132/5215
f 5132/5215 4525/4551 4062/4546 4519/5211
f 4524/4558 5132/5215 4519/5211 4063/4555
f 4069/4585 4526/5216 5133/5217 4527/4597
f 4526/5216 4068/4576 4529/4575 5133/5217
f 5133/5217 4529/4575 4064/4574 4528/5218
f 4527/4597 5133/5217 4528/5218 4065/4594
f 4066/4593 4530/5219 5134/5220 4531/4588
f 4530/5219 4067/4582 4532/4581 5134/5220
f 5134/5220 4532/4581 4068/4576 4526/5216
f 4531/4588 5134/5220 4526/5216 4069/4585
f 4075/4615 4534/4625 5135/5221 4533/5222
f 4533/5222 5135/5221 4536/4604 4074/4607
f 5135/5221 4535/5223 4070/4605 4536/4604
f 4534/4625 4071/4624 4535/5223 5135/5221
f 4072/4623 4538/4616 5136/5224 4537/5225
f 4537/5225 5136/5224 4539/4611 4073/4613
f 5136/5224 4533/5222 4074/4607 4539/4611
f 4538/4616 4075/4615 4533/5222 5136/5224
f 4081/4645 4540/5226 5137/5227 4541/4657
f 4540/5226 4080/4636 4543/4635 5137/5227
f 5137/5227 4543/4635 4076/4634 4542/5228
f 4541/4657 5137/5227 4542/5228 4077/4654
f 4078/4653 4544/5229 5138/5230 4545/4648
f 4544/5229 4079/4642 4546/4641 5138/5230
f 5138/5230 4546/4641 4080/4636 4540/5226
f 4545/4648 5138/5230 4540/5226 4081/4645
f 4087/4675 4548/4685 5139/5231 4547/5232
f 4547/5232 5139/5231 4550/4664 4086/4667
f 5139/5231 4549/5233 4082/4665 4550/4664
f 4548/4685 4083/4684 4549/5233 5139/5231
f 4084/4683 4552/4676 5140/5234 4551/5235
f 4551/5235 5140/5234 4553/4671 4085/4673
f 5140/5234 4547/5232 4086/4667 4553/4671
f 4552/4676 4087/4675 4547/5232 5140/5234
f 4093/4705 4554/5236 5141/5237 4555/4717
f 4554/5236 4092/4696 4557/4695 5141/5237
f 5141/5237 4557/4695 4088/4694 4556/5238
f 4555/4717 5141/5237 4556/5238 4089/4714
f 4090/4713 4558/5239 5142/5240 4559/4708
f 4558/5239 4091/4702 4560/4701 5142/5240
f 5142/5240 4560/4701 4092/4696 4554/5236
f 4559/4708 5142/5240 4554/5236 4093/4705
f 4099/4735 4561/5241 5143/5242 4562/4747
f 4561/5241 4098/4726 4564/4725 5143/5242
f 5143/5242 4564/4725 4094/4724 4563/5243
f 4562/4747 5143/5242 4563/5243 4095/4744
f 4096/4743 4565/5244 5144/5245 4566/4738
f 4565/5244 4097/4732 4567/4731 5144/5245
f 5144/5245 4567/4731 4098/4726 4561/5241
f 4566/4738 5144/5245 4561/5241 4099/4735
f 4105/4765 4568/5246 5145/5247 4569/4777
f 4568/5246 4104/4756 4571/4755 5145/5247
f 5145/5247 4571/4755 4100/4754 4570/5248
f 4569/4777 5145/5247 4570/5248 4101/4774
f 4102/4773 4572/5249 5146/5250 4573/4768
f 4572/5249 4103/4762 4574/4761 5146/5250
f 5146/5250 4574/4761 4104/4756 4568/5246
f 4573/4768 5146/5250 4568/5246 4105/4765
f 4111/4795 4575/5251 5147/5252 4576/4807
f 4575/5251 4110/4786 4578/4785 5147/5252
f 5147/5252 4578/4785 4106/4784 4577/5253
f 4576/4807 5147/5252 4577/5253 4107/4804
f 4108/4803 4579/5254 5148/5255 4580/4798
f 4579/5254 4109/4792 4581/4791 5148/5255
f 5148/5255 4581/4791 4110/4786 4575/5251
f 4580/4798 5148/5255 4575/5251 4111/4795
f 4117/4825 4582/5256 5149/5257 4583/4837
f 4582/5256 4116/4816 4585/4815 5149/5257
f 5149/5257 4585/4815 4112/4814 4584/5258
f 4583/4837 5149/5257 4584/5258 4113/4834
f 4114/4833 4586/5259 5150/5260 4587/4828
f 4586/5259 4115/4822 4588/4821 5150/5260
f 5150/5260 4588/4821 4116/4816 4582/5256
f 4587/4828 5150/5260 4582/5256 4117/4825
f 4123/4855 4589/5261 5151/5262 4590/4867
f 4589/5261 4122/4846 4592/4845 5151/5262
f 5151/5262 4592/4845 4118/4844 4591/5263
f 4590/4867 5151/5262 4591/5263 4119/4864
f 4120/4863 4593/5264 5152/5265 4594/4858
f 4593/5264 4121/4852 4595/4851 5152/5265
f 5152/5265 4595/4851 4122/4846 4589/5261
f 4594/4858 5152/5265 4589/5261 4123/4855
f 4129/4885 4596/5266 5153/5267 4597/4897
f 4596/5266 4128/4876 4599/4875 5153/5267
f 5153/5267 4599/4875 4124/4874 4598/5268
f 4597/4897 5153/5267 4598/5268 4125/4894
f 4126/4893 4600/5269 5154/5270 4601/4888
f 4600/5269 4127/4882 4602/4881 5154/5270
f 5154/5270 4602/4881 4128/4876 4596/5266
f 4601/4888 5154/5270 4596/5266 4129/4885
f 4135/4915 4603/5271 5155/5272 4604/4927
f 4603/5271 4134/4906 4606/4905 5155/5272
f 5155/5272 4606/4905 4130/4904 4605/5273
f 4604/4927 5155/5272 4605/5273 4131/4924
f 4132/4923 4607/5274 5156/5275 4608/4918
f 4607/5274 4133/4912 4609/4911 5156/5275
f 5156/5275 4609/4911 4134/4906 4603/5271
f 4608/4918 5156/5275 4603/5271 4135/4915
f 4141/4945 4610/5276 5157/5277 4611/4957
f 4610/5276 4140/4936 4613/4935 5157/5277
f 5157/5277 4613/4935 4136/4934 4612/5278
f 4611/4957 5157/5277 4612/5278 4137/4954
f 4138/4953 4614/5279 5158/5280 4615/4948
f 4614/5279 4139/4942 4616/4941 5158/5280
f 5158/5280 4616/4941 4140/4936 4610/5276
f 4615/4948 5158/5280 4610/5276 4141/4945
f 4147/4975 4617/5281 5159/5282 4618/4987
f 4617/5281 4146/4966 4620/4965 5159/5282
f 5159/5282 4620/4965 4142/4964 4619/5283
f 4618/4987 5159/5282 4619/5283 4143/4984
f 4144/4983 4621/5284 5160/5285 4622/4978
f 4621/5284 4145/4972 4623/4971 5160/5285
f 5160/5285 4623/4971 4146/4966 4617/5281
f 4622/4978 5160/5285 4617/5281 4147/4975
f 4153/5005 4624/5286 5161/5287 4625/5017
f 4624/5286 4152/4996 4627/4995 5161/5287
f 5161/5287 4627/4995 4148/4994 4626/5288
f 4625/5017 5161/5287 4626/5288 4149/5014
f 4150/5013 4628/5289 5162/5290 4629/5008
f 4628/5289 4151/5002 4630/5001 5162/5290
f 5162/5290 4630/5001 4152/4996 4624/5286
f 4629/5008 5162/5290 4624/5286 4153/5005
f 4159/5035 4631/5291 5163/5292 4632/5047
f 4631/5291 4158/5026 4634/5025 5163/5292
f 5163/5292 4634/5025 4154/5024 4633/5293
f 4632/5047 5163/5292 4633/5293 4155/5044
f 4156/5043 4635/5294 5164/5295 4636/5038
f 4635/5294 4157/5032 4637/5031 5164/5295
f 5164/5295 4637/5031 4158/5026 4631/5291
f 4636/5038 5164/5295 4631/5291 4159/5035
f 4165/5065 4638/5296 5165/5297 4639/5077
f 4638/5296 4164/5056 4641/5055 5165/5297
f 5165/5297 4641/5055 4160/5054 4640/5298
f 4639/5077 5165/5297 4640/5298 4161/5074
f 4162/5073 4642/5299 5166/5300 4643/5068
f 4642/5299 4163/5062 4644/5061 5166/5300
f 5166/5300 4644/5061 4164/5056 4638/5296
f 4643/5068 5166/5300 4638/5296 4165/5065
f 3642/5301 4645/5302 5167/5303 4168/5304
f 4645/5302 3904/5084 4344/5083 5167/5303
f 5167/5303 4344/5083 3908/5082 4646/3779
f 4168/5304 5167/5303 4646/3779 3646/3778
f 5168/5305 5171/5306 5170/5307 5169/5308
f 5172/5309 5175/5310 5174/5311 5173/5312
f 5176/5313 5179/5314 5178/5315 5177/5316
f 5180/5317 5183/5318 5182/5319 5181/5320
f 5184/5321 5187/5322 5186/5323 5185/5324
f 5188/5325 5191/5326 5190/5327 5189/5328
f 5192/5329 5195/5330 5194/5331 5193/5332
f 5196/5333 5199/5334 5198/5335 5197/5336
f 5200/5337 5203/5338 5202/5339 5201/5340
f 5204/5341 5207/5342 5206/5343 5205/5344
f 5208/5345 5211/5346 5210/5347 5209/5348
f 5212/5349 5215/5350 5214/5351 5213/5352
f 5216/5353 5219/5354 5218/5355 5217/5356
f 5220/5357 5223/5358 5222/5359 5221/5360
f 5224/5361 5227/5362 5226/5363 5225/5364
f 5228/5365 5231/5366 5230/5367 5229/5368
f 5232/5369 5235/5370 5234/5371 5233/5372
f 5236/5373 5239/5374 5238/5375 5237/5376
f 5240/5377 5243/5378 5242/5379 5241/5380
f 5244/5381 5247/5382 5246/5383 5245/5384
f 5248/5385 5251/5386 5250/5387 5249/5388
f 5252/5389 5255/5390 5254/5391 5253/5392
f 5256/5393 5259/5394 5258/5395 5257/5396
f 5260/5397 5263/5398 5262/5399 5261/5400
f 5264/5401 5267/5402 5266/5403 5265/5404
f 5268/5405 5271/5406 5270/5407 5269/5408
f 5272/5409 5275/5410 5274/5411 5273/5412
f 5281/5413 5276/5414 5277/5415 5280/5416
f 5279/5417 5281/5413 5280/5416 5278/5418
f 5287/5419 5282/5420 5283/5421 5286/5422
f 5285/5423 5287/5419 5286/5422 5284/5424
f 5293/5425 5288/5426 5289/5427 5292/5428
f 5291/5429 5293/5425 5292/5428 5290/5430
f 5299/5431 5294/5432 5295/5433 5298/5434
f 5297/5435 5299/5431 5298/5434 5296/5436
f 5305/5437 5300/5438 5301/5439 5304/5440
f 5303/5441 5305/5437 5304/5440 5302/5442
f 5311/5443 5306/5444 5307/5445 5310/5446
f 5309/5447 5311/5443 5310/5446 5308/5448
f 5317/5449 5312/5450 5313/5451 5316/5452
f 5315/5453 5317/5449 5316/5452 5314/5454
f 5323/5455 5318/5456 5319/5457 5322/5458
f 5321/5459 5323/5455 5322/5458 5320/5460
f 5329/5461 5324/5462 5325/5463 5328/5464
f 5327/5465 5329/5461 5328/5464 5326/5466
f 5335/5467 5330/5468 5331/5469 5334/5470
f 5333/5471 5335/5467 5334/5470 5332/5472
f 5341/5473 5336/5474 5337/5475 5340/5476
f 5339/5477 5341/5473 5340/5476 5338/5478
f 5347/5479 5342/5480 5343/5481 5346/5482
f 5345/5483 5347/5479 5346/5482 5344/5484
f 5353/5485 5348/5486 5349/5487 5352/5488
f 5351/5489 5353/5485 5352/5488 5350/5490
f 5359/5491 5354/5492 5355/5493 5358/5494
f 5357/5495 5359/5491 5358/5494 5356/5496
f 5365/5497 5360/5498 5361/5499 5364/5500
f 5363/5501 5365/5497 5364/5500 5362/5502
f 5371/5503 5366/5504 5367/5505 5370/5506
f 5369/5507 5371/5503 5370/5506 5368/5508
f 5377/5509 5372/5510 5373/5511 5376/5512
f 5375/5513 5377/5509 5376/5512 5374/5514
f 5383/5515 5378/5516 5379/5517 5382/5518
f 5381/5519 5383/5515 5382/5518 5380/5520
f 5389/5521 5384/5522 5385/5523 5388/5524
f 5387/5525 5389/5521 5388/5524 5386/5526
f 5395/5527 5390/5528 5391/5529 5394/5530
f 5393/5531 5395/5527 5394/5530 5392/5532
f 5401/5533 5396/5534 5397/5535 5400/5536
f 5399/5537 5401/5533 5400/5536 5398/5538
f 5407/5539 5402/5540 5403/5541 5406/5542
f 5405/5543 5407/5539 5406/5542 5404/5544
f 5413/5545 5408/5546 5409/5547 5412/5548
f 5411/5549 5413/5545 5412/5548 5410/5550
f 5419/5551 5414/5552 5415/5553 5418/5554
f 5417/5555 5419/5551 5418/5554 5416/5556
f 5425/5557 5420/5558 5421/5559 5424/5560
f 5423/5561 5425/5557 5424/5560 5422/5562
f 5431/5563 5426/5564 5427/5565 5430/5566
f 5429/5567 5431/5563 5430/5566 5428/5568
f 5437/5569 5432/5570 5433/5571 5436/5572
f 5435/5573 5437/5569 5436/5572 5434/5574
f 5443/5575 5438/5576 5439/5577 5442/5578
f 5441/5579 5443/5575 5442/5578 5440/5580
f 5449/5581 5444/5582 5445/5583 5448/5584
f 5447/5585 5449/5581 5448/5584 5446/5586
f 5455/5587 5450/5588 5451/5589 5454/5590
f 5453/5591 5455/5587 5454/5590 5452/5592
f 5461/5593 5456/5594 5457/5595 5460/5596
f 5459/5597 5461/5593 5460/5596 5458/5598
f 5467/5599 5462/5600 5463/5601 5466/5602
f 5465/5603 5467/5599 5466/5602 5464/5604
f 5473/5605 5468/5606 5469/5607 5472/5608
f 5471/5609 5473/5605 5472/5608 5470/5610
f 5479/5611 5474/5612 5475/5613 5478/5614
f 5477/5615 5479/5611 5478/5614 5476/5616
f 5485/5617 5480/5618 5481/5619 5484/5620
f 5483/5621 5485/5617 5484/5620 5482/5622
f 5491/5623 5486/5624 5487/5625 5490/5626
f 5489/5627 5491/5623 5490/5626 5488/5628
f 5497/5629 5492/5630 5493/5631 5496/5632
f 5495/5633 5497/5629 5496/5632 5494/5634
f 5503/5635 5498/5636 5499/5637 5502/5638
f 5501/5639 5503/5635 5502/5638 5500/5640
f 5509/5641 5504/5642 5505/5643 5508/5644
f 5507/5645 5509/5641 5508/5644 5506/5646
f 5515/5647 5510/5648 5511/5649 5514/5650
f 5513/5651 5515/5647 5514/5650 5512/5652
f 5521/5653 5516/5654 5517/5655 5520/5656
f 5519/5657 5521/5653 5520/5656 5518/5658
f 5527/5659 5522/5660 5523/5661 5526/5662
f 5525/5663 5527/5659 5526/5662 5524/5664
f 5533/5665 5528/5666 5529/5667 5532/5668
f 5531/5669 5533/5665 5532/5668 5530/5670
f 5539/5671 5534/5672 5535/5673 5538/5674
f 5537/5675 5539/5671 5538/5674 5536/5676
f 5545/5677 5540/5678 5541/5679 5544/5680
f 5543/5681 5545/5677 5544/5680 5542/5682
f 5551/5683 5546/5684 5547/5685 5550/5686
f 5549/5687 5551/5683 5550/5686 5548/5688
f 5557/5689 5552/5690 5553/5691 5556/5692
f 5555/5693 5557/5689 5556/5692 5554/5694
f 5563/5695 5558/5696 5559/5697 5562/5698
f 5561/5699 5563/5695 5562/5698 5560/5700
f 5569/5701 5564/5702 5565/5703 5568/5704
f 5567/5705 5569/5701 5568/5704 5566/5706
f 5575/5707 5570/5708 5571/5709 5574/5710
f 5573/5711 5575/5707 5574/5710 5572/5712
f 5581/5713 5576/5714 5577/5715 5580/5716
f 5579/5717 5581/5713 5580/5716 5578/5718
f 5587/5719 5582/5720 5583/5721 5586/5722
f 5585/5723 5587/5719 5586/5722 5584/5724
f 5593/5725 5588/5726 5589/5727 5592/5728
f 5591/5729 5593/5725 5592/5728 5590/5730
f 5599/5731 5594/5732 5595/5733 5598/5734
f 5597/5735 5599/5731 5598/5734 5596/5736
f 5605/5737 5600/5738 5601/5739 5604/5740
f 5603/5741 5605/5737 5604/5740 5602/5742
f 5611/5743 5606/5744 5607/5745 5610/5746
f 5609/5747 5611/5743 5610/5746 5608/5748
f 5617/5749 5612/5750 5613/5751 5616/5752
f 5615/5753 5617/5749 5616/5752 5614/5754
f 5623/5755 5618/5756 5619/5757 5622/5758
f 5621/5759 5623/5755 5622/5758 5620/5760
f 5629/5761 5624/5762 5625/5763 5628/5764
f 5627/5765 5629/5761 5628/5764 5626/5766
f 5635/5767 5630/5768 5631/5769 5634/5770
f 5633/5771 5635/5767 5634/5770 5632/5772
f 5641/5773 5636/5774 5637/5775 5640/5776
f 5639/5777 5641/5773 5640/5776 5638/5778
f 5647/5779 5642/5780 5643/5781 5646/5782
f 5645/5783 5647/5779 5646/5782 5644/5784
f 5653/5785 5648/5786 5649/5787 5652/5788
f 5651/5789 5653/5785 5652/5788 5650/5790
f 5659/5791 5654/5792 5655/5793 5658/5794
f 5657/5795 5659/5791 5658/5794 5656/5796
f 5665/5797 5660/5798 5661/5799 5664/5800
f 5663/5801 5665/5797 5664/5800 5662/5802
f 5671/5803 5666/5804 5667/5805 5670/5806
f 5669/5807 5671/5803 5670/5806 5668/5808
f 5677/5809 5672/5810 5673/5811 5676/5812
f 5675/5813 5677/5809 5676/5812 5674/5814
f 5683/5815 5678/5816 5679/5817 5682/5818
f 5681/5819 5683/5815 5682/5818 5680/5820
f 5689/5821 5684/5822 5685/5823 5688/5824
f 5687/5825 5689/5821 5688/5824 5686/5826
f 5695/5827 5690/5828 5691/5829 5694/5830
f 5693/5831 5695/5827 5694/5830 5692/5832
f 5701/5833 5696/5834 5697/5835 5700/5836
f 5699/5837 5701/5833 5700/5836 5698/5838
f 5707/5839 5702/5840 5703/5841 5706/5842
f 5705/5843 5707/5839 5706/5842 5704/5844
f 5713/5845 5708/5846 5709/5847 5712/5848
f 5711/5849 5713/5845 5712/5848 5710/5850
f 5719/5851 5714/5852 5715/5853 5718/5854
f 5717/5855 5719/5851 5718/5854 5716/5856
f 5725/5857 5720/5858 5721/5859 5724/5860
f 5723/5861 5725/5857 5724/5860 5722/5862
f 5731/5863 5726/5864 5727/5865 5730/5866
f 5729/5867 5731/5863 5730/5866 5728/5868
f 5737/5869 5732/5870 5733/5871 5736/5872
f 5735/5873 5737/5869 5736/5872 5734/5874
f 5743/5875 5738/5876 5739/5877 5742/5878
f 5741/5879 5743/5875 5742/5878 5740/5880
f 5749/5881 5744/5882 5745/5883 5748/5884
f 5747/5885 5749/5881 5748/5884 5746/5886
f 5755/5887 5750/5888 5751/5889 5754/5890
f 5753/5891 5755/5887 5754/5890 5752/5892
f 5761/5893 5756/5894 5757/5895 5760/5896
f 5759/5897 5761/5893 5760/5896 5758/5898
f 5767/5899 5762/5900 5763/5901 5766/5902
f 5765/5903 5767/5899 5766/5902 5764/5904
f 5773/5905 5768/5906 5769/5907 5772/5908
f 5771/5909 5773/5905 5772/5908 5770/5910
f 5779/5911 5774/5912 5775/5913 5778/5914
f 5777/5915 5779/5911 5778/5914 5776/5916
f 5785/5917 5780/5918 5781/5919 5784/5920
f 5783/5921 5785/5917 5784/5920 5782/5922
f 5791/5923 5786/5924 5787/5925 5790/5926
f 5789/5927 5791/5923 5790/5926 5788/5928
f 5797/5929 5792/5930 5793/5931 5796/5932
f 5795/5933 5797/5929 5796/5932 5794/5934
f 5803/5935 5798/5936 5799/5937 5802/5938
f 5801/5939 5803/5935 5802/5938 5800/5940
f 5809/5941 5804/5942 5805/5943 5808/5944
f 5807/5945 5809/5941 5808/5944 5806/5946
f 5815/5947 5810/5948 5811/5949 5814/5950
f 5813/5951 5815/5947 5814/5950 5812/5952
f 5821/5953 5816/5954 5817/5955 5820/5956
f 5819/5957 5821/5953 5820/5956 5818/5958
f 5827/5959 5822/5960 5823/5961 5826/5962
f 5825/5963 5827/5959 5826/5962 5824/5964
f 5833/5965 5828/5966 5829/5967 5832/5968
f 5831/5969 5833/5965 5832/5968 5830/5970
f 5839/5971 5834/5972 5835/5973 5838/5974
f 5837/5975 5839/5971 5838/5974 5836/5976
f 5845/5977 5840/5978 5841/5979 5844/5980
f 5843/5981 5845/5977 5844/5980 5842/5982
f 5851/5983 5846/5984 5847/5985 5850/5986
f 5849/5987 5851/5983 5850/5986 5848/5988
f 5857/5989 5852/5990 5853/5991 5856/5992
f 5855/5993 5857/5989 5856/5992 5854/5994
f 5863/5995 5858/5996 5859/5997 5862/5998
f 5861/5999 5863/5995 5862/5998 5860/6000
f 5869/6001 5864/6002 5865/6003 5868/6004
f 5867/6005 5869/6001 5868/6004 5866/6006
f 5875/6007 5870/6008 5871/6009 5874/6010
f 5873/6011 5875/6007 5874/6010 5872/6012
f 5881/6013 5876/6014 5877/6015 5880/6016
f 5879/6017 5881/6013 5880/6016 5878/6018
f 5887/6019 5882/6020 5883/6021 5886/6022
f 5885/6023 5887/6019 5886/6022 5884/6024
f 5893/6025 5888/6026 5889/6027 5892/6028
f 5891/6029 5893/6025 5892/6028 5890/6030
f 5899/6031 5894/6032 5895/6033 5898/6034
f 5897/6035 5899/6031 5898/6034 5896/6036
f 5905/6037 5900/6038 5901/6039 5904/6040
f 5903/6041 5905/6037 5904/6040 5902/6042
f 5911/6043 5906/6044 5907/6045 5910/6046
f 5909/6047 5911/6043 5910/6046 5908/6048
f 5917/6049 5912/6050 5913/6051 5916/6052
f 5915/6053 5917/6049 5916/6052 5914/6054
f 5923/6055 5918/6056 5919/6057 5922/6058
f 5921/6059 5923/6055 5922/6058 5920/6060
f 5929/6061 5924/6062 5925/6063 5928/6064
f 5927/6065 5929/6061 5928/6064 5926/6066
f 5935/6067 5930/6068 5931/6069 5934/6070
f 5933/6071 5935/6067 5934/6070 5932/6072
f 5941/6073 5936/6074 5937/6075 5940/6076
f 5939/6077 5941/6073 5940/6076 5938/6078
f 5947/6079 5942/6080 5943/6081 5946/6082
f 5945/6083 5947/6079 5946/6082 5944/6084
f 5953/6085 5948/6086 5949/6087 5952/6088
f 5951/6089 5953/6085 5952/6088 5950/6090
f 5959/6091 5954/6092 5955/6093 5958/6094
f 5957/6095 5959/6091 5958/6094 5956/6096
f 5965/6097 5960/6098 5961/6099 5964/6100
f 5963/6101 5965/6097 5964/6100 5962/6102
f 5971/6103 5966/6104 5967/6105 5970/6106
f 5969/6107 5971/6103 5970/6106 5968/6108
f 5977/6109 5972/6110 5973/6111 5976/6112
f 5975/6113 5977/6109 5976/6112 5974/6114
f 5983/6115 5978/6116 5979/6117 5982/6118
f 5981/6119 5983/6115 5982/6118 5980/6120
f 5989/6121 5984/6122 5985/6123 5988/6124
f 5987/6125 5989/6121 5988/6124 5986/6126
f 5995/6127 5990/6128 5991/6129 5994/6130
f 5993/6131 5995/6127 5994/6130 5992/6132
f 6001/6133 5996/6134 5997/6135 6000/6136
f 5999/6137 6001/6133 6000/6136 5998/6138
f 6007/6139 6002/6140 6003/6141 6006/6142
f 6005/6143 6007/6139 6006/6142 6004/6144
f 6013/6145 6008/6146 6009/6147 6012/6148
f 6011/6149 6013/6145 6012/6148 6010/6150
f 6019/6151 6014/6152 6015/6153 6018/6154
f 6017/6155 6019/6151 6018/6154 6016/6156
f 6025/6157 6020/6158 6021/6159 6024/6160
f 6023/6161 6025/6157 6024/6160 6022/6162
f 6031/6163 6026/6164 6027/6165 6030/6166
f 6029/6167 6031/6163 6030/6166 6028/6168
f 6037/6169 6032/6170 6033/6171 6036/6172
f 6035/6173 6037/6169 6036/6172 6034/6174
f 6043/6175 6038/6176 6039/6177 6042/6178
f 6041/6179 6043/6175 6042/6178 6040/6180
f 6049/6181 6044/6182 6045/6183 6048/6184
f 6047/6185 6049/6181 6048/6184 6046/6186
f 6055/6187 6050/6188 6051/6189 6054/6190
f 6053/6191 6055/6187 6054/6190 6052/6192
f 6061/6193 6056/6194 6057/6195 6060/6196
f 6059/6197 6061/6193 6060/6196 6058/6198
f 6067/6199 6062/6200 6063/6201 6066/6202
f 6065/6203 6067/6199 6066/6202 6064/6204
f 6073/6205 6068/6206 6069/6207 6072/6208
f 6071/6209 6073/6205 6072/6208 6070/6210
f 6079/6211 6074/6212 6075/6213 6078/6214
f 6077/6215 6079/6211 6078/6214 6076/6216
f 6085/6217 6080/6218 6081/6219 6084/6220
f 6083/6221 6085/6217 6084/6220 6082/6222
f 6091/6223 6086/6224 6087/6225 6090/6226
f 6089/6227 6091/6223 6090/6226 6088/6228
f 6097/6229 6092/6230 6093/6231 6096/6232
f 6095/6233 6097/6229 6096/6232 6094/6234
f 6103/6235 6098/6236 6099/6237 6102/6238
f 6101/6239 6103/6235 6102/6238 6100/6240
f 6109/6241 6104/6242 6105/6243 6108/6244
f 6107/6245 6109/6241 6108/6244 6106/6246
f 6115/6247 6110/6248 6111/6249 6114/6250
f 6113/6251 6115/6247 6114/6250 6112/6252
f 6121/6253 6116/6254 6117/6255 6120/6256
f 6119/6257 6121/6253 6120/6256 6118/6258
f 6127/6259 6122/6260 6123/6261 6126/6262
f 6125/6263 6127/6259 6126/6262 6124/6264
f 6133/6265 6128/6266 6129/6267 6132/6268
f 6131/6269 6133/6265 6132/6268 6130/6270
f 6139/6271 6134/6272 6135/6273 6138/6274
f 6137/6275 6139/6271 6138/6274 6136/6276
f 6145/6277 6140/6278 6141/6279 6144/6280
f 6143/6281 6145/6277 6144/6280 6142/6282
f 6151/6283 6146/6284 6147/6285 6150/6286
f 6149/6287 6151/6283 6150/6286 6148/6288
f 6157/6289 6152/6290 6153/6291 6156/6292
f 6155/6293 6157/6289 6156/6292 6154/6294
f 6163/6295 6158/6296 6159/6297 6162/6298
f 6161/6299 6163/6295 6162/6298 6160/6300
f 6169/6301 6164/6302 6165/6303 6168/6304
f 6167/6305 6169/6301 6168/6304 6166/6306
f 6175/6307 6170/6308 6171/6309 6174/6310
f 6173/6311 6175/6307 6174/6310 6172/6312
f 6181/6313 6176/6314 6177/6315 6180/6316
f 6179/6317 6181/6313 6180/6316 6178/6318
f 6187/6319 6182/6320 6183/6321 6186/6322
f 6185/6323 6187/6319 6186/6322 6184/6324
f 6193/6325 6188/6326 6189/6327 6192/6328
f 6191/6329 6193/6325 6192/6328 6190/6330
f 6199/6331 6194/6332 6195/6333 6198/6334
f 6197/6335 6199/6331 6198/6334 6196/6336
f 6205/6337 6200/6338 6201/6339 6204/6340
f 6203/6341 6205/6337 6204/6340 6202/6342
f 6211/6343 6206/6344 6207/6345 6210/6346
f 6209/6347 6211/6343 6210/6346 6208/6348
f 6217/6349 6212/6350 6213/6351 6216/6352
f 6215/6353 6217/6349 6216/6352 6214/6354
f 6223/6355 6218/6356 6219/6357 6222/6358
f 6221/6359 6223/6355 6222/6358 6220/6360
f 6229/6361 6224/6362 6225/6363 6228/6364
f 6227/6365 6229/6361 6228/6364 6226/6366
f 6235/6367 6230/6368 6231/6369 6234/6370
f 6233/6371 6235/6367 6234/6370 6232/6372
f 6241/6373 6236/6374 6237/6375 6240/6376
f 6239/6377 6241/6373 6240/6376 6238/6378
f 6247/6379 6242/6380 6243/6381 6246/6382
f 6245/6383 6247/6379 6246/6382 6244/6384
f 6253/6385 6248/6386 6249/6387 6252/6388
f 6251/6389 6253/6385 6252/6388 6250/6390
f 6259/6391 6254/6392 6255/6393 6258/6394
f 6257/6395 6259/6391 6258/6394 6256/6396
f 6265/6397 6260/6398 6261/6399 6264/6400
f 6263/6401 6265/6397 6264/6400 6262/6402
f 6271/6403 6266/6404 6267/6405 6270/6406
f 6269/6407 6271/6403 6270/6406 6268/6408
f 6277/6409 6272/6410 6273/6411 6276/6412
f 6275/6413 6277/6409 6276/6412 6274/6414
f 6283/6415 6278/6416 6279/6417 6282/6418
f 6281/6419 6283/6415 6282/6418 6280/6420
f 6284/6421 6287/6422 6286/6423 6285/6424
f 6288/6425 6291/6426 6290/6427 6289/6428
f 6292/6429 6295/6430 6294/6431 6293/6432
f 6296/6433 6299/6434 6298/6435 6297/6436
f 6300/6437 6303/6438 6302/6439 6301/6440
f 6304/6441 6307/6442 6306/6443 6305/6444
f 6308/6445 6311/6446 6310/6447 6309/6448
f 6312/6449 6315/6450 6314/6451 6313/6452
f 6316/6453 6319/6454 6318/6455 6317/6456
f 6320/6457 6323/6458 6322/6459 6321/6460
f 6324/6461 6327/6462 6326/6463 6325/6464
f 6328/6465 6331/6466 6330/6467 6329/6468
f 6332/6469 6335/6470 6334/6471 6333/6472
f 6336/6473 6339/6474 6338/6475 6337/6476
f 6340/6477 6343/6478 6342/6479 6341/6480
f 6344/6481 6347/6482 6346/6483 6345/6484
f 6348/6485 6351/6486 6350/6487 6349/6488
f 6352/6489 6355/6490 6354/6491 6353/6492
f 6356/6493 6359/6494 6358/6495 6357/6496
f 6360/6497 6363/6498 6362/6499 6361/6500
f 6364/6501 6367/6502 6366/6503 6365/6504
f 6368/6505 6371/6506 6370/6507 6369/6508
f 6372/6509 6375/6510 6374/6511 6373/6512
f 6376/6513 6379/6514 6378/6515 6377/6516
f 6380/6517 6383/6518 6382/6519 6381/6520
f 6384/6521 6387/6522 6386/6523 6385/6524
f 6388/6525 6391/6526 6390/6527 6389/6528
f 6392/6529 6395/6530 6394/6531 6393/6532
f 6396/6533 6399/6534 6398/6535 6397/6536
f 6400/6537 6403/6538 6402/6539 6401/6540
f 6404/6541 6407/6542 6406/6543 6405/6544
f 6408/6545 6411/6546 6410/6547 6409/6548
f 6412/6549 6415/6550 6414/6551 6413/6552
f 6416/6553 6417/6554 6418/6555 6419/6556
f 6420/6557 6421/6558 6422/6559 6423/6560
f 6424/6561 6425/6562 6426/6563 6427/6564
f 6428/6565 6429/6566 6430/6567 6431/6568
f 6432/6569 6435/6570 6434/6571 6433/6572
f 6436/6573 6437/6574 6438/6575 6439/6576
