# This is a clothes file for MakeHuman Community, exported by MakeClothes 2
#
# author: unknown
# license: CC0
#
v 0.3575 7.6936 -0.5374
v 0.1367 7.4684 -0.2313
v 0.3173 7.6965 -0.5629
v 0.0928 7.4528 -0.2423
v 0.3009 7.6781 -0.6012
v 0.0748 7.4228 -0.2744
v 0.3179 7.6491 -0.6299
v 0.0934 7.3960 -0.3088
v 0.3582 7.6266 -0.6322
v 0.1375 7.3881 -0.3254
v 0.3983 7.6237 -0.6067
v 0.1814 7.4038 -0.3144
v 0.4147 7.6421 -0.5684
v 0.1994 7.4338 -0.2823
v 0.3978 7.6711 -0.5397
v 0.1809 7.4605 -0.2479
v 0.4476 8.0086 -0.7407
v 0.4061 7.9862 -0.7429
v 0.3885 7.9513 -0.7661
v 0.4050 7.9243 -0.7967
v 0.4461 7.9210 -0.8167
v 0.4876 7.9434 -0.8145
v 0.5053 7.9783 -0.7913
v 0.4887 8.0053 -0.7607
v 0.3417 8.1816 -0.9494
v 0.3031 8.1511 -0.9425
v 0.2874 8.1107 -0.9596
v 0.3036 8.0841 -0.9907
v 0.3423 8.0868 -1.0176
v 0.3809 8.1173 -1.0245
v 0.3967 8.1577 -1.0074
v 0.3804 8.1843 -0.9763
v 0.2082 8.3013 -1.1230
v 0.2009 8.2611 -1.0919
v 0.2058 8.2140 -1.0926
v 0.2200 8.1874 -1.1248
v 0.2351 8.1970 -1.1696
v 0.2424 8.2372 -1.2007
v 0.2375 8.2844 -1.2000
v 0.2234 8.3109 -1.1678
v -0.0523 8.2701 -1.2135
v -0.0341 8.2354 -1.1754
v -0.0123 8.1917 -1.1712
v 0.0004 8.1645 -1.2034
v -0.0034 8.1698 -1.2533
v -0.0216 8.2045 -1.2914
v -0.0434 8.2482 -1.2956
v -0.0561 8.2754 -1.2634
v -0.2937 8.1297 -1.1891
v -0.2427 8.1388 -1.1768
v -0.1984 8.1241 -1.1894
v -0.1867 8.0943 -1.2197
v -0.2146 8.0668 -1.2498
v -0.2656 8.0577 -1.2622
v -0.3099 8.0724 -1.2495
v -0.3216 8.1022 -1.2193
v -0.3438 7.9369 -1.0341
v -0.3019 7.9557 -1.0354
v -0.2635 7.9477 -1.0573
v -0.2511 7.9175 -1.0868
v -0.2720 7.8828 -1.1068
v -0.3139 7.8640 -1.1054
v -0.3523 7.8720 -1.0836
v -0.3647 7.9022 -1.0540
v -0.2729 7.8459 -0.9077
v -0.2326 7.8649 -0.9100
v -0.1953 7.8571 -0.9326
v -0.1828 7.8269 -0.9621
v -0.2024 7.7921 -0.9813
v -0.2427 7.7730 -0.9789
v -0.2800 7.7808 -0.9564
v -0.2925 7.8110 -0.9269
v -0.2152 7.7230 -0.7584
v -0.1812 7.7491 -0.7704
v -0.1479 7.7460 -0.7995
v -0.1348 7.7155 -0.8285
v -0.1497 7.6755 -0.8406
v -0.1837 7.6493 -0.8285
v -0.2170 7.6524 -0.7994
v -0.2301 7.6829 -0.7704
v 0.0436 7.5139 -0.4181
v 0.0817 7.5400 -0.4284
v 0.1184 7.5353 -0.4579
v 0.1323 7.5027 -0.4892
v 0.1152 7.4611 -0.5040
v 0.0771 7.4350 -0.4936
v 0.0403 7.4397 -0.4642
v 0.0264 7.4723 -0.4329
v 0.3518 7.6120 -0.4245
v -0.0011 7.4345 -0.2320
v 0.3241 7.6257 -0.4607
v -0.0411 7.4305 -0.2580
v 0.3178 7.6134 -0.5041
v -0.0534 7.4071 -0.2974
v 0.3366 7.5824 -0.5293
v -0.0307 7.3781 -0.3272
v 0.3696 7.5509 -0.5215
v 0.0136 7.3604 -0.3300
v 0.3973 7.5373 -0.4854
v 0.0537 7.3645 -0.3040
v 0.4036 7.5496 -0.4420
v 0.0660 7.3879 -0.2646
v 0.3848 7.5805 -0.4168
v 0.0433 7.4169 -0.2347
v 0.5700 7.9040 -0.5503
v 0.5278 7.8925 -0.5681
v 0.5118 7.8639 -0.5996
v 0.5314 7.8350 -0.6265
v 0.5751 7.8227 -0.6328
v 0.6173 7.8342 -0.6151
v 0.6332 7.8628 -0.5835
v 0.6137 7.8917 -0.5567
v 0.5794 8.1061 -0.7595
v 0.5351 8.0856 -0.7687
v 0.5176 8.0510 -0.7946
v 0.5371 8.0226 -0.8220
v 0.5822 8.0170 -0.8348
v 0.6265 8.0375 -0.8257
v 0.6440 8.0721 -0.7998
v 0.6245 8.1005 -0.7724
v 0.5403 8.2618 -0.9506
v 0.5146 8.2234 -0.9284
v 0.5092 8.1765 -0.9331
v 0.5271 8.1486 -0.9622
v 0.5580 8.1562 -0.9985
v 0.5837 8.1946 -1.0208
v 0.5892 8.2415 -1.0160
v 0.5712 8.2693 -0.9870
v 0.3245 8.2985 -1.1212
v 0.3210 8.2589 -1.0837
v 0.3302 8.2111 -1.0781
v 0.3468 8.1830 -1.1077
v 0.3609 8.1911 -1.1552
v 0.3644 8.2308 -1.1928
v 0.3552 8.2786 -1.1984
v 0.3386 8.3067 -1.1687
v 0.0644 8.2200 -1.1905
v 0.1091 8.2159 -1.1618
v 0.1508 8.1915 -1.1616
v 0.1651 8.1610 -1.1900
v 0.1437 8.1424 -1.2304
v 0.0990 8.1465 -1.2591
v 0.0572 8.1709 -1.2593
v 0.0429 8.2014 -1.2309
v -0.0747 8.0388 -1.0830
v -0.0317 8.0470 -1.0689
v 0.0091 8.0308 -1.0785
v 0.0238 7.9997 -1.1060
v 0.0038 7.9720 -1.1355
v -0.0392 7.9639 -1.1495
v -0.0799 7.9800 -1.1400
v -0.0946 8.0111 -1.1125
v -0.0711 7.9280 -0.9526
v -0.0293 7.9369 -0.9399
v 0.0108 7.9212 -0.9504
v 0.0256 7.8901 -0.9779
v 0.0064 7.8619 -1.0063
v -0.0354 7.8531 -1.0189
v -0.0755 7.8688 -1.0084
v -0.0903 7.8999 -0.9809
v -0.0943 7.7887 -0.8085
v -0.0534 7.8063 -0.8061
v -0.0138 7.7964 -0.8234
v 0.0013 7.7649 -0.8503
v -0.0170 7.7302 -0.8710
v -0.0579 7.7126 -0.8734
v -0.0975 7.7225 -0.8561
v -0.1125 7.7540 -0.8292
v -0.0148 7.5090 -0.4317
v 0.0293 7.5255 -0.4264
v 0.0718 7.5133 -0.4432
v 0.0879 7.4796 -0.4723
v 0.0682 7.4441 -0.4965
v 0.0241 7.4276 -0.5018
v -0.0184 7.4398 -0.4850
v -0.0345 7.4735 -0.4560
v 0.3981 7.5858 -0.3713
v -0.0003 7.4466 -0.2488
v 0.3786 7.6039 -0.4108
v -0.0356 7.4483 -0.2812
v 0.3784 7.5938 -0.4552
v -0.0436 7.4279 -0.3232
v 0.3976 7.5616 -0.4785
v -0.0197 7.3973 -0.3504
v 0.4249 7.5261 -0.4671
v 0.0221 7.3745 -0.3467
v 0.4443 7.5080 -0.4276
v 0.0574 7.3728 -0.3143
v 0.4446 7.5181 -0.3832
v 0.0655 7.3932 -0.2723
v 0.4254 7.5503 -0.3599
v 0.0416 7.4238 -0.2451
v 0.6665 7.8528 -0.4443
v 0.6269 7.8471 -0.4693
v 0.6133 7.8217 -0.5045
v 0.6336 7.7915 -0.5292
v 0.6761 7.7741 -0.5290
v 0.7157 7.7799 -0.5039
v 0.7293 7.8053 -0.4688
v 0.7089 7.8355 -0.4441
v 0.7343 8.0588 -0.6384
v 0.6902 8.0442 -0.6558
v 0.6734 8.0128 -0.6860
v 0.6939 7.9831 -0.7112
v 0.7396 7.9724 -0.7168
v 0.7837 7.9871 -0.6994
v 0.8005 8.0185 -0.6692
v 0.7800 8.0482 -0.6440
v 0.7463 8.2241 -0.8251
v 0.7129 8.1883 -0.8093
v 0.7030 8.1427 -0.8174
v 0.7223 8.1138 -0.8444
v 0.7595 8.1186 -0.8747
v 0.7929 8.1544 -0.8905
v 0.8028 8.2001 -0.8825
v 0.7835 8.2289 -0.8554
v 0.5681 8.2922 -1.0266
v 0.5538 8.2522 -0.9923
v 0.5564 8.2034 -0.9878
v 0.5744 8.1744 -1.0157
v 0.5972 8.1823 -1.0597
v 0.6115 8.2224 -1.0941
v 0.6089 8.2712 -1.0986
v 0.5909 8.3001 -1.0707
v 0.3162 8.2482 -1.1417
v 0.3546 8.2378 -1.1063
v 0.3926 8.2084 -1.1005
v 0.4080 8.1774 -1.1277
v 0.3916 8.1628 -1.1720
v 0.3532 8.1732 -1.2074
v 0.3152 8.2026 -1.2132
v 0.2999 8.2336 -1.1859
v 0.1411 8.0820 -1.0680
v 0.1817 8.0844 -1.0466
v 0.2214 8.0637 -1.0502
v 0.2369 8.0320 -1.0765
v 0.2191 8.0078 -1.1102
v 0.1785 8.0054 -1.1316
v 0.1388 8.0261 -1.1281
v 0.1233 8.0578 -1.1017
v 0.1098 7.9676 -0.9446
v 0.1496 7.9708 -0.9248
v 0.1888 7.9507 -0.9294
v 0.2043 7.9189 -0.9557
v 0.1872 7.8942 -0.9882
v 0.1473 7.8909 -1.0080
v 0.1082 7.9111 -1.0034
v 0.0926 7.9428 -0.9772
v 0.0467 7.8276 -0.8137
v 0.0884 7.8399 -0.8037
v 0.1289 7.8259 -0.8148
v 0.1446 7.7936 -0.8404
v 0.1262 7.7621 -0.8656
v 0.0846 7.7497 -0.8756
v 0.0440 7.7638 -0.8645
v 0.0284 7.7960 -0.8389
v 0.0286 7.5285 -0.4439
v 0.0728 7.5393 -0.4306
v 0.1158 7.5226 -0.4408
v 0.1326 7.4881 -0.4685
v 0.1133 7.4561 -0.4975
v 0.0692 7.4452 -0.5108
v 0.0261 7.4620 -0.5006
v 0.0093 7.4965 -0.4729
v 0.5826 7.5611 -0.3530
v 0.2593 7.5712 -0.0557
v 0.5559 7.5881 -0.3817
v 0.2167 7.5884 -0.0694
v 0.5324 7.5824 -0.4203
v 0.1841 7.5757 -0.1014
v 0.5260 7.5472 -0.4462
v 0.1805 7.5406 -0.1330
v 0.5404 7.5033 -0.4444
v 0.2080 7.5036 -0.1457
v 0.5672 7.4763 -0.4157
v 0.2506 7.4864 -0.1320
v 0.5906 7.4821 -0.3771
v 0.2832 7.4991 -0.0999
v 0.5970 7.5172 -0.3512
v 0.2868 7.5342 -0.0683
v 0.8682 7.7138 -0.5623
v 0.8226 7.7252 -0.5668
v 0.7866 7.7095 -0.5898
v 0.7813 7.6759 -0.6177
v 0.8098 7.6440 -0.6343
v 0.8554 7.6326 -0.6298
v 0.8914 7.6484 -0.6068
v 0.8967 7.6820 -0.5789
v 0.9136 7.8942 -0.7862
v 0.8644 7.8984 -0.7811
v 0.8259 7.8779 -0.7975
v 0.8207 7.8448 -0.8260
v 0.8517 7.8183 -0.8499
v 0.9009 7.8141 -0.8551
v 0.9394 7.8346 -0.8386
v 0.9447 7.8677 -0.8101
v 0.9017 8.0570 -0.9750
v 0.8682 8.0351 -0.9428
v 0.8398 7.9972 -0.9410
v 0.8331 7.9654 -0.9707
v 0.8520 7.9584 -1.0146
v 0.8855 7.9802 -1.0468
v 0.9139 8.0182 -1.0486
v 0.9206 8.0500 -1.0188
v 0.6918 8.2020 -1.0843
v 0.6805 8.1676 -1.0433
v 0.6668 8.1211 -1.0355
v 0.6586 8.0898 -1.0654
v 0.6608 8.0920 -1.1156
v 0.6720 8.1264 -1.1565
v 0.6858 8.1729 -1.1644
v 0.6940 8.2042 -1.1345
v 0.4186 8.2639 -1.0728
v 0.4619 8.2372 -1.0569
v 0.4848 8.1955 -1.0653
v 0.4740 8.1632 -1.0932
v 0.4357 8.1592 -1.1242
v 0.3924 8.1859 -1.1402
v 0.3695 8.2276 -1.1317
v 0.3803 8.2600 -1.1038
v 0.2467 8.1696 -0.9138
v 0.2903 8.1551 -0.9127
v 0.3136 8.1214 -0.9310
v 0.3031 8.0884 -0.9582
v 0.2648 8.0753 -0.9781
v 0.2212 8.0898 -0.9793
v 0.1979 8.1235 -0.9609
v 0.2084 8.1565 -0.9338
v 0.2335 8.0659 -0.7783
v 0.2761 8.0526 -0.7783
v 0.2987 8.0197 -0.7975
v 0.2883 7.9866 -0.8245
v 0.2508 7.9726 -0.8436
v 0.2082 7.9860 -0.8436
v 0.1855 8.0188 -0.8245
v 0.1960 8.0519 -0.7974
v 0.1883 7.9498 -0.6196
v 0.2314 7.9449 -0.6301
v 0.2545 7.9177 -0.6563
v 0.2442 7.8840 -0.6828
v 0.2065 7.8636 -0.6941
v 0.1634 7.8685 -0.6837
v 0.1403 7.8957 -0.6575
v 0.1506 7.9294 -0.6310
v 0.2269 7.6512 -0.2510
v 0.2729 7.6438 -0.2594
v 0.2976 7.6131 -0.2856
v 0.2865 7.5771 -0.3143
v 0.2461 7.5569 -0.3286
v 0.2002 7.5643 -0.3201
v 0.1755 7.5950 -0.2939
v 0.1866 7.6310 -0.2652
v 0.6527 7.4217 -0.4594
v 0.4778 7.5154 -0.0673
v 0.6269 7.4569 -0.4783
v 0.4405 7.5454 -0.0660
v 0.5905 7.4604 -0.5054
v 0.3963 7.5448 -0.0833
v 0.5649 7.4302 -0.5250
v 0.3711 7.5141 -0.1091
v 0.5651 7.3840 -0.5254
v 0.3797 7.4711 -0.1283
v 0.5909 7.3488 -0.5065
v 0.4170 7.4411 -0.1296
v 0.6273 7.3452 -0.4793
v 0.4612 7.4417 -0.1123
v 0.6529 7.3754 -0.4598
v 0.4864 7.4724 -0.0865
v 0.8751 7.4900 -0.7668
v 0.8367 7.5150 -0.7555
v 0.7919 7.5121 -0.7629
v 0.7670 7.4831 -0.7848
v 0.7766 7.4449 -0.8082
v 0.8150 7.4200 -0.8196
v 0.8598 7.4229 -0.8122
v 0.8847 7.4519 -0.7903
v 0.8886 7.6586 -1.0038
v 0.8484 7.6773 -0.9816
v 0.8023 7.6704 -0.9818
v 0.7773 7.6418 -1.0042
v 0.7882 7.6084 -1.0358
v 0.8284 7.5896 -1.0579
v 0.8745 7.5966 -1.0577
v 0.8995 7.6251 -1.0353
v 0.8589 7.8262 -1.1862
v 0.8345 7.8141 -1.1428
v 0.7986 7.7866 -1.1284
v 0.7723 7.7598 -1.1515
v 0.7711 7.7495 -1.1987
v 0.7956 7.7616 -1.2421
v 0.8314 7.7892 -1.2565
v 0.8577 7.8159 -1.2334
v 0.6778 8.0334 -1.2226
v 0.6723 8.0021 -1.1781
v 0.6490 7.9617 -1.1628
v 0.6216 7.9359 -1.1856
v 0.6061 7.9398 -1.2332
v 0.6116 7.9710 -1.2777
v 0.6348 8.0114 -1.2931
v 0.6623 8.0372 -1.2703
v 0.4595 8.1750 -1.1183
v 0.4954 8.1356 -1.1171
v 0.5000 8.0894 -1.1304
v 0.4707 8.0633 -1.1503
v 0.4245 8.0726 -1.1652
v 0.3886 8.1120 -1.1664
v 0.3840 8.1583 -1.1531
v 0.4134 8.1844 -1.1332
v 0.3369 8.1300 -0.9023
v 0.3714 8.1028 -0.9159
v 0.3752 8.0646 -0.9391
v 0.3462 8.0377 -0.9583
v 0.3012 8.0378 -0.9623
v 0.2667 8.0650 -0.9487
v 0.2629 8.1032 -0.9255
v 0.2919 8.1302 -0.9063
v 0.3430 8.0288 -0.7644
v 0.3765 8.0031 -0.7787
v 0.3797 7.9659 -0.8025
v 0.3507 7.9389 -0.8217
v 0.3065 7.9379 -0.8251
v 0.2730 7.9636 -0.8108
v 0.2698 8.0008 -0.7870
v 0.2988 8.0278 -0.7678
v 0.3254 7.9244 -0.5926
v 0.3582 7.9072 -0.6174
v 0.3610 7.8755 -0.6483
v 0.3322 7.8479 -0.6670
v 0.2886 7.8405 -0.6627
v 0.2559 7.8577 -0.6378
v 0.2531 7.8894 -0.6070
v 0.2819 7.9171 -0.5882
v 0.4028 7.6108 -0.2430
v 0.4381 7.5902 -0.2668
v 0.4411 7.5547 -0.2980
v 0.4101 7.5252 -0.3183
v 0.3633 7.5190 -0.3158
v 0.3280 7.5397 -0.2919
v 0.3250 7.5751 -0.2607
v 0.3559 7.6046 -0.2405
v 0.4847 7.3107 -0.4926
v 0.4199 7.4293 -0.0744
v 0.4623 7.3503 -0.5063
v 0.3899 7.4656 -0.0658
v 0.4221 7.3609 -0.5250
v 0.3436 7.4735 -0.0731
v 0.3878 7.3363 -0.5377
v 0.3083 7.4483 -0.0920
v 0.3794 7.2908 -0.5369
v 0.3044 7.4047 -0.1114
v 0.4018 7.2511 -0.5232
v 0.3344 7.3684 -0.1200
v 0.4420 7.2405 -0.5045
v 0.3807 7.3605 -0.1127
v 0.4763 7.2652 -0.4918
v 0.4161 7.3858 -0.0939
v 0.6432 7.3414 -0.8427
v 0.6134 7.3729 -0.8239
v 0.5684 7.3784 -0.8214
v 0.5344 7.3548 -0.8365
v 0.5315 7.3159 -0.8605
v 0.5613 7.2844 -0.8793
v 0.6064 7.2789 -0.8818
v 0.6403 7.3025 -0.8667
v 0.6352 7.5081 -1.0812
v 0.6049 7.5336 -1.0514
v 0.5594 7.5353 -1.0413
v 0.5254 7.5121 -1.0570
v 0.5228 7.4777 -1.0893
v 0.5531 7.4522 -1.1192
v 0.5986 7.4505 -1.1292
v 0.6326 7.4736 -1.1135
v 0.5976 7.6810 -1.2572
v 0.5814 7.6729 -1.2092
v 0.5451 7.6522 -1.1866
v 0.5100 7.6311 -1.2028
v 0.4966 7.6219 -1.2482
v 0.5128 7.6300 -1.2963
v 0.5491 7.6506 -1.3188
v 0.5842 7.6717 -1.3026
v 0.4539 7.9184 -1.2588
v 0.4527 7.8881 -1.2133
v 0.4263 7.8525 -1.1922
v 0.3903 7.8325 -1.2078
v 0.3657 7.8398 -1.2510
v 0.3669 7.8702 -1.2965
v 0.3933 7.9058 -1.3176
v 0.4293 7.9258 -1.3020
v 0.2934 8.0963 -1.1132
v 0.3208 8.0510 -1.1188
v 0.3139 8.0048 -1.1316
v 0.2766 7.9849 -1.1439
v 0.2308 8.0028 -1.1487
v 0.2034 8.0481 -1.1430
v 0.2103 8.0943 -1.1303
v 0.2476 8.1142 -1.1179
v 0.2148 8.0715 -0.8746
v 0.2399 8.0386 -0.8946
v 0.2315 8.0007 -0.9171
v 0.1945 7.9799 -0.9288
v 0.1506 7.9884 -0.9230
v 0.1255 8.0212 -0.9029
v 0.1339 8.0592 -0.8805
v 0.1709 8.0800 -0.8687
v 0.2322 7.9689 -0.7387
v 0.2565 7.9377 -0.7593
v 0.2476 7.9009 -0.7822
v 0.2107 7.8800 -0.7940
v 0.1674 7.8872 -0.7877
v 0.1431 7.9184 -0.7670
v 0.1520 7.9552 -0.7441
v 0.1889 7.9762 -0.7324
v 0.2339 7.8670 -0.5645
v 0.2567 7.8444 -0.5954
v 0.2468 7.8132 -0.6253
v 0.2101 7.7917 -0.6366
v 0.1679 7.7924 -0.6227
v 0.1451 7.8150 -0.5918
v 0.1550 7.8462 -0.5619
v 0.1917 7.8678 -0.5506
v 0.3271 7.5395 -0.2321
v 0.3519 7.5130 -0.2624
v 0.3415 7.4780 -0.2926
v 0.3020 7.4551 -0.3049
v 0.2565 7.4575 -0.2921
v 0.2317 7.4840 -0.2617
v 0.2421 7.5190 -0.2315
v 0.2816 7.5419 -0.2192
v 0.2928 7.1965 -0.6088
v 0.3849 7.3149 -0.1958
v 0.2777 7.2408 -0.6172
v 0.3686 7.3573 -0.1804
v 0.2377 7.2616 -0.6238
v 0.3257 7.3766 -0.1742
v 0.1962 7.2466 -0.6248
v 0.2813 7.3615 -0.1808
v 0.1775 7.2046 -0.6195
v 0.2614 7.3209 -0.1963
v 0.1926 7.1603 -0.6112
v 0.2776 7.2785 -0.2116
v 0.2326 7.1395 -0.6045
v 0.3205 7.2592 -0.2178
v 0.2741 7.1545 -0.6036
v 0.3650 7.2743 -0.2113
v 0.3438 7.1974 -0.9910
v 0.3295 7.2347 -0.9658
v 0.2900 7.2511 -0.9504
v 0.2484 7.2371 -0.9539
v 0.2291 7.2009 -0.9742
v 0.2434 7.1636 -0.9994
v 0.2829 7.1471 -1.0148
v 0.3245 7.1612 -1.0113
v 0.3072 7.3678 -1.2241
v 0.2942 7.3992 -1.1878
v 0.2556 7.4118 -1.1651
v 0.2138 7.3983 -1.1691
v 0.1935 7.3666 -1.1976
v 0.2065 7.3352 -1.2338
v 0.2451 7.3226 -1.2566
v 0.2868 7.3361 -1.2526
v 0.2631 7.5498 -1.3890
v 0.2603 7.5446 -1.3380
v 0.2284 7.5329 -1.3050
v 0.1860 7.5217 -1.3092
v 0.1580 7.5174 -1.3483
v 0.1608 7.5227 -1.3993
v 0.1927 7.5343 -1.4324
v 0.2351 7.5456 -1.4281
v 0.1883 7.8155 -1.3594
v 0.1930 7.7850 -1.3142
v 0.1661 7.7564 -1.2847
v 0.1233 7.7465 -1.2882
v 0.0897 7.7610 -1.3226
v 0.0850 7.7914 -1.3678
v 0.1119 7.8200 -1.3973
v 0.1546 7.8300 -1.3938
v 0.1264 8.0231 -1.1814
v 0.1390 7.9726 -1.1928
v 0.1175 7.9300 -1.2009
v 0.0745 7.9203 -1.2009
v 0.0353 7.9492 -1.1929
v 0.0227 7.9997 -1.1815
v 0.0442 8.0423 -1.1735
v 0.0871 8.0520 -1.1734
v 0.1179 8.0115 -0.9294
v 0.1271 7.9740 -0.9544
v 0.1035 7.9400 -0.9717
v 0.0607 7.9294 -0.9712
v 0.0240 7.9483 -0.9532
v 0.0147 7.9858 -0.9282
v 0.0384 8.0198 -0.9109
v 0.0811 8.0304 -0.9114
v 0.1488 7.9038 -0.8000
v 0.1575 7.8682 -0.8254
v 0.1335 7.8354 -0.8430
v 0.0908 7.8246 -0.8425
v 0.0544 7.8422 -0.8242
v 0.0457 7.8778 -0.7988
v 0.0697 7.9106 -0.7812
v 0.1124 7.9213 -0.7817
v 0.1764 7.7995 -0.6295
v 0.1829 7.7729 -0.6647
v 0.1573 7.7460 -0.6889
v 0.1148 7.7346 -0.6880
v 0.0801 7.7453 -0.6625
v 0.0737 7.7720 -0.6273
v 0.0992 7.7988 -0.6031
v 0.1418 7.8103 -0.6040
v 0.2799 7.4493 -0.3243
v 0.2874 7.4184 -0.3593
v 0.2603 7.3881 -0.3835
v 0.2146 7.3760 -0.3827
v 0.1769 7.3893 -0.3573
v 0.1694 7.4201 -0.3222
v 0.1965 7.4505 -0.2980
v 0.2422 7.4626 -0.2988
v -0.3449 7.6798 -0.5317
v -0.1106 7.4636 -0.2293
v -0.3054 7.6843 -0.5578
v -0.0662 7.4497 -0.2410
v -0.2889 7.6665 -0.5964
v -0.0476 7.4204 -0.2734
v -0.3051 7.6369 -0.6248
v -0.0656 7.3929 -0.3075
v -0.3446 7.6128 -0.6265
v -0.1097 7.3833 -0.3234
v -0.3841 7.6083 -0.6004
v -0.1540 7.3972 -0.3117
v -0.4006 7.6261 -0.5618
v -0.1727 7.4264 -0.2793
v -0.3844 7.6557 -0.5334
v -0.1546 7.4540 -0.2452
v -0.4506 7.9909 -0.7334
v -0.4083 7.9702 -0.7363
v -0.3897 7.9360 -0.7598
v -0.4057 7.9084 -0.7901
v -0.4470 7.9035 -0.8095
v -0.4893 7.9242 -0.8065
v -0.5079 7.9584 -0.7830
v -0.4919 7.9860 -0.7527
v -0.3550 8.1679 -0.9438
v -0.3152 8.1390 -0.9375
v -0.2981 8.0992 -0.9549
v -0.3138 8.0720 -0.9857
v -0.3531 8.0732 -1.0119
v -0.3929 8.1021 -1.0182
v -0.4100 8.1419 -1.0009
v -0.3943 8.1691 -0.9700
v -0.2292 8.2927 -1.1195
v -0.2198 8.2529 -1.0885
v -0.2228 8.2055 -1.0891
v -0.2365 8.1784 -1.1211
v -0.2527 8.1874 -1.1656
v -0.2621 8.2273 -1.1966
v -0.2591 8.2746 -1.1960
v -0.2454 8.3017 -1.1640
v 0.0308 8.2717 -1.2142
v 0.0147 8.2364 -1.1758
v -0.0054 8.1918 -1.1712
v -0.0175 8.1641 -1.2033
v -0.0147 8.1696 -1.2532
v 0.0014 8.2049 -1.2916
v 0.0215 8.2495 -1.2962
v 0.0337 8.2772 -1.2641
v 0.2780 8.1410 -1.1938
v 0.2268 8.1480 -1.1806
v 0.1829 8.1316 -1.1925
v 0.1720 8.1013 -1.2226
v 0.2004 8.0749 -1.2532
v 0.2515 8.0679 -1.2664
v 0.2954 8.0843 -1.2545
v 0.3064 8.1146 -1.2244
v 0.3381 7.9503 -1.0396
v 0.2955 7.9675 -1.0403
v 0.2571 7.9579 -1.0615
v 0.2454 7.9273 -1.0909
v 0.2673 7.8934 -1.1111
v 0.3099 7.8763 -1.1105
v 0.3483 7.8858 -1.0893
v 0.3600 7.9165 -1.0599
v 0.2728 7.8566 -0.9121
v 0.2318 7.8741 -0.9138
v 0.1945 7.8647 -0.9357
v 0.1827 7.8341 -0.9651
v 0.2034 7.8000 -0.9846
v 0.2444 7.7826 -0.9829
v 0.2817 7.7919 -0.9609
v 0.2935 7.8225 -0.9316
v 0.2225 7.7316 -0.7619
v 0.1872 7.7563 -0.7734
v 0.1536 7.7519 -0.8020
v 0.1413 7.7209 -0.8308
v 0.1575 7.6815 -0.8430
v 0.1928 7.6567 -0.8316
v 0.2264 7.6611 -0.8030
v 0.2387 7.6921 -0.7742
v -0.0223 7.5126 -0.4175
v -0.0616 7.5372 -0.4272
v -0.0986 7.5311 -0.4561
v -0.1117 7.4979 -0.4872
v -0.0932 7.4570 -0.5023
v -0.0539 7.4325 -0.4926
v -0.0169 7.4385 -0.4637
v -0.0038 7.4717 -0.4326
v -0.3343 7.5986 -0.4189
v 0.0284 7.4351 -0.2323
v -0.3077 7.6133 -0.4556
v 0.0682 7.4326 -0.2589
v -0.3016 7.6013 -0.4991
v 0.0807 7.4098 -0.2985
v -0.3196 7.5696 -0.5240
v 0.0587 7.3799 -0.3280
v -0.3512 7.5368 -0.5157
v 0.0151 7.3605 -0.3300
v -0.3778 7.5221 -0.4791
v -0.0247 7.3629 -0.3034
v -0.3838 7.5341 -0.4356
v -0.0372 7.3858 -0.2637
v -0.3658 7.5658 -0.4107
v -0.0153 7.4157 -0.2343
v -0.5657 7.8817 -0.5411
v -0.5234 7.8718 -0.5595
v -0.5068 7.8439 -0.5914
v -0.5257 7.8142 -0.6179
v -0.5689 7.8002 -0.6236
v -0.6113 7.8100 -0.6051
v -0.6278 7.8380 -0.5733
v -0.6090 7.8677 -0.5468
v -0.5865 8.0832 -0.7501
v -0.5416 8.0645 -0.7600
v -0.5231 8.0306 -0.7861
v -0.5420 8.0014 -0.8132
v -0.5870 7.9940 -0.8254
v -0.6319 8.0128 -0.8154
v -0.6503 8.0467 -0.7893
v -0.6315 8.0759 -0.7622
v -0.5566 8.2403 -0.9417
v -0.5291 8.2028 -0.9199
v -0.5219 8.1562 -0.9248
v -0.5392 8.1277 -0.9535
v -0.5709 8.1340 -0.9893
v -0.5985 8.1714 -1.0112
v -0.6057 8.2180 -1.0063
v -0.5884 8.2466 -0.9775
v -0.3452 8.2854 -1.1157
v -0.3395 8.2459 -1.0783
v -0.3468 8.1978 -1.0726
v -0.3627 8.1690 -1.1020
v -0.3780 8.1766 -1.1492
v -0.3836 8.2161 -1.1867
v -0.3763 8.2643 -1.1924
v -0.3604 8.2930 -1.1630
v -0.0834 8.2171 -1.1893
v -0.1274 8.2113 -1.1598
v -0.1681 8.1852 -1.1590
v -0.1817 8.1542 -1.1872
v -0.1602 8.1364 -1.2279
v -0.1162 8.1423 -1.2573
v -0.0754 8.1683 -1.2582
v -0.0618 8.1993 -1.2300
v 0.0644 8.0415 -1.0841
v 0.0214 8.0480 -1.0694
v -0.0189 8.0302 -1.0782
v -0.0328 7.9986 -1.1055
v -0.0122 7.9717 -1.1353
v 0.0308 7.9652 -1.1501
v 0.0711 7.9830 -1.1412
v 0.0850 8.0146 -1.1139
v 0.0673 7.9308 -0.9537
v 0.0254 7.9380 -0.9404
v -0.0142 7.9207 -0.9502
v -0.0282 7.8891 -0.9775
v -0.0084 7.8616 -1.0061
v 0.0335 7.8544 -1.0195
v 0.0731 7.8717 -1.0096
v 0.0871 7.9033 -0.9824
v 0.0983 7.7925 -0.8100
v 0.0567 7.8084 -0.8070
v 0.0173 7.7970 -0.8236
v 0.0031 7.7649 -0.8503
v 0.0224 7.7310 -0.8713
v 0.0639 7.7150 -0.8744
v 0.1033 7.7264 -0.8577
v 0.1175 7.7585 -0.8311
v 0.0359 7.5100 -0.4321
v -0.0086 7.5247 -0.4261
v -0.0509 7.5109 -0.4422
v -0.0662 7.4766 -0.4710
v -0.0454 7.4419 -0.4956
v -0.0008 7.4271 -0.5016
v 0.0414 7.4410 -0.4855
v 0.0567 7.4753 -0.4567
v -0.3786 7.5706 -0.3650
v 0.0269 7.4472 -0.2490
v -0.3605 7.5893 -0.4048
v 0.0615 7.4502 -0.2819
v -0.3606 7.5793 -0.4492
v 0.0697 7.4301 -0.3242
v -0.3788 7.5464 -0.4722
v 0.0466 7.3986 -0.3509
v -0.4045 7.5098 -0.4604
v 0.0057 7.3741 -0.3466
v -0.4227 7.4910 -0.4206
v -0.0289 7.3711 -0.3136
v -0.4226 7.5010 -0.3761
v -0.0371 7.3912 -0.2714
v -0.4043 7.5340 -0.3531
v -0.0140 7.4227 -0.2447
v -0.6584 7.8268 -0.4335
v -0.6190 7.8226 -0.4592
v -0.6050 7.7978 -0.4946
v -0.6246 7.7668 -0.5190
v -0.6663 7.7478 -0.5181
v -0.7057 7.7519 -0.4924
v -0.7197 7.7768 -0.4570
v -0.7001 7.8078 -0.4326
v -0.7374 8.0299 -0.6265
v -0.6930 8.0170 -0.6446
v -0.6756 7.9863 -0.6750
v -0.6953 7.9558 -0.6999
v -0.7406 7.9434 -0.7047
v -0.7849 7.9563 -0.6866
v -0.8024 7.9870 -0.6562
v -0.7827 8.0175 -0.6313
v -0.7589 8.1945 -0.8129
v -0.7239 8.1601 -0.7977
v -0.7123 8.1149 -0.8059
v -0.7309 8.0852 -0.8326
v -0.7688 8.0886 -0.8623
v -0.8038 8.1230 -0.8775
v -0.8154 8.1683 -0.8693
v -0.7968 8.1979 -0.8426
v -0.5868 8.2695 -1.0173
v -0.5704 8.2301 -0.9832
v -0.5710 8.1812 -0.9786
v -0.5883 8.1516 -1.0063
v -0.6121 8.1586 -1.0499
v -0.6286 8.1980 -1.0840
v -0.6279 8.2469 -1.0886
v -0.6106 8.2765 -1.0609
v -0.3353 8.2354 -1.1364
v -0.3727 8.2235 -1.1004
v -0.4094 8.1927 -1.0940
v -0.4240 8.1610 -1.1209
v -0.4078 8.1471 -1.1655
v -0.3704 8.1590 -1.2015
v -0.3337 8.1898 -1.2079
v -0.3191 8.2215 -1.1809
v -0.1526 8.0762 -1.0656
v -0.1930 8.0770 -1.0436
v -0.2318 8.0548 -1.0465
v -0.2465 8.0225 -1.0726
v -0.2283 7.9990 -1.1066
v -0.1880 7.9982 -1.1286
v -0.1491 8.0205 -1.1257
v -0.1345 8.0528 -1.0996
v -0.1148 7.9631 -0.9428
v -0.1544 7.9648 -0.9224
v -0.1928 7.9432 -0.9263
v -0.2076 7.9108 -0.9523
v -0.1900 7.8868 -0.9851
v -0.1504 7.8851 -1.0056
v -0.1119 7.9067 -1.0016
v -0.0972 7.9391 -0.9756
v -0.0442 7.8258 -0.8129
v -0.0861 7.8365 -0.8023
v -0.1263 7.8209 -0.8127
v -0.1411 7.7880 -0.8381
v -0.1219 7.7572 -0.8636
v -0.0800 7.7465 -0.8743
v -0.0398 7.7621 -0.8639
v -0.0250 7.7950 -0.8385
v -0.0084 7.5278 -0.4436
v -0.0527 7.5369 -0.4296
v -0.0952 7.5184 -0.4391
v -0.1111 7.4833 -0.4665
v -0.0910 7.4521 -0.4958
v -0.0468 7.4430 -0.5099
v -0.0042 7.4614 -0.5004
v 0.0117 7.4965 -0.4729
v -0.5617 7.5386 -0.3437
v -0.2342 7.5615 -0.0516
v -0.5365 7.5666 -0.3728
v -0.1926 7.5803 -0.0660
v -0.5135 7.5618 -0.4118
v -0.1600 7.5690 -0.0986
v -0.5061 7.5270 -0.4379
v -0.1555 7.5340 -0.1303
v -0.5187 7.4825 -0.4358
v -0.1818 7.4960 -0.1425
v -0.5439 7.4545 -0.4067
v -0.2234 7.4771 -0.1281
v -0.5669 7.4593 -0.3677
v -0.2560 7.4885 -0.0956
v -0.5743 7.4942 -0.3416
v -0.2605 7.5234 -0.0639
v -0.8564 7.6799 -0.5483
v -0.8113 7.6931 -0.5536
v -0.7752 7.6788 -0.5771
v -0.7690 7.6454 -0.6051
v -0.7965 7.6125 -0.6212
v -0.8415 7.5993 -0.6160
v -0.8777 7.6136 -0.5924
v -0.8839 7.6470 -0.5644
v -0.9125 7.8583 -0.7714
v -0.8634 7.8644 -0.7670
v -0.8244 7.8455 -0.7841
v -0.8183 7.8126 -0.8127
v -0.8487 7.7849 -0.8361
v -0.8978 7.7788 -0.8405
v -0.9368 7.7977 -0.8233
v -0.9429 7.8306 -0.7947
v -0.9100 8.0214 -0.9603
v -0.8752 8.0009 -0.9286
v -0.8453 7.9641 -0.9273
v -0.8378 7.9326 -0.9572
v -0.8572 7.9248 -1.0007
v -0.8920 7.9453 -1.0324
v -0.9219 7.9821 -1.0337
v -0.9294 8.0136 -1.0038
v -0.7078 8.1745 -1.0729
v -0.6945 8.1406 -1.0321
v -0.6788 8.0947 -1.0245
v -0.6699 8.0637 -1.0546
v -0.6730 8.0658 -1.1047
v -0.6862 8.0997 -1.1455
v -0.7019 8.1456 -1.1531
v -0.7109 8.1766 -1.1230
v -0.4371 8.2471 -1.0659
v -0.4790 8.2187 -1.0492
v -0.5004 8.1761 -1.0573
v -0.4888 8.1442 -1.0854
v -0.4509 8.1418 -1.1170
v -0.4090 8.1701 -1.1337
v -0.3876 8.2127 -1.1256
v -0.3992 8.2446 -1.0975
v -0.2591 8.1597 -0.9097
v -0.3020 8.1435 -0.9079
v -0.3243 8.1089 -0.9259
v -0.3129 8.0763 -0.9532
v -0.2745 8.0647 -0.9737
v -0.2315 8.0809 -0.9756
v -0.2092 8.1155 -0.9576
v -0.2206 8.1481 -0.9303
v -0.2396 8.0566 -0.7744
v -0.2816 8.0416 -0.7738
v -0.3033 8.0079 -0.7926
v -0.2920 7.9752 -0.8198
v -0.2543 7.9627 -0.8395
v -0.2123 7.9777 -0.8402
v -0.1906 8.0114 -0.8214
v -0.2019 8.0441 -0.7942
v -0.1873 7.9424 -0.6165
v -0.2303 7.9358 -0.6263
v -0.2528 7.9077 -0.6521
v -0.2416 7.8745 -0.6789
v -0.2033 7.8556 -0.6908
v -0.1603 7.8621 -0.6810
v -0.1378 7.8902 -0.6552
v -0.1490 7.9235 -0.6285
v -0.2082 7.6427 -0.2474
v -0.2540 7.6334 -0.2551
v -0.2778 7.6018 -0.2810
v -0.2658 7.5662 -0.3098
v -0.2249 7.5476 -0.3247
v -0.1791 7.5568 -0.3170
v -0.1553 7.5885 -0.2912
v -0.1673 7.6241 -0.2624
v -0.6280 7.3965 -0.4490
v -0.4505 7.4971 -0.0598
v -0.6038 7.4327 -0.4683
v -0.4144 7.5286 -0.0591
v -0.5681 7.4377 -0.4960
v -0.3705 7.5298 -0.0771
v -0.5416 7.4085 -0.5160
v -0.3445 7.5000 -0.1033
v -0.5400 7.3623 -0.5164
v -0.3517 7.4568 -0.1223
v -0.5641 7.3261 -0.4971
v -0.3879 7.4253 -0.1230
v -0.5998 7.3211 -0.4694
v -0.4318 7.4241 -0.1050
v -0.6263 7.3503 -0.4494
v -0.4577 7.4539 -0.0788
v -0.8578 7.4560 -0.7527
v -0.8202 7.4825 -0.7420
v -0.7755 7.4813 -0.7502
v -0.7498 7.4533 -0.7724
v -0.7583 7.4148 -0.7958
v -0.7959 7.3883 -0.8065
v -0.8406 7.3895 -0.7983
v -0.8663 7.4175 -0.7761
v -0.8818 7.6238 -0.9894
v -0.8419 7.6441 -0.9679
v -0.7956 7.6390 -0.9688
v -0.7700 7.6114 -0.9917
v -0.7800 7.5776 -1.0230
v -0.8198 7.5572 -1.0445
v -0.8662 7.5624 -1.0436
v -0.8918 7.5899 -1.0208
v -0.8617 7.7924 -1.1723
v -0.8360 7.7813 -1.1292
v -0.7989 7.7552 -1.1154
v -0.7720 7.7295 -1.1390
v -0.7711 7.7192 -1.1861
v -0.7967 7.7304 -1.2292
v -0.8339 7.7564 -1.2430
v -0.8608 7.7822 -1.2194
v -0.6895 8.0065 -1.2115
v -0.6820 7.9755 -1.1671
v -0.6569 7.9361 -1.1521
v -0.6289 7.9113 -1.1754
v -0.6143 7.9158 -1.2233
v -0.6217 7.9468 -1.2677
v -0.6468 7.9862 -1.2827
v -0.6749 8.0110 -1.2594
v -0.4752 8.1566 -1.1107
v -0.5095 8.1159 -1.1089
v -0.5125 8.0695 -1.1222
v -0.4825 8.0445 -1.1426
v -0.4370 8.0557 -1.1582
v -0.4027 8.0964 -1.1599
v -0.3997 8.1429 -1.1467
v -0.4297 8.1678 -1.1263
v -0.3474 8.1165 -0.8967
v -0.3810 8.0880 -0.9097
v -0.3837 8.0497 -0.9329
v -0.3540 8.0239 -0.9526
v -0.3092 8.0258 -0.9573
v -0.2755 8.0543 -0.9443
v -0.2728 8.0927 -0.9212
v -0.3026 8.1185 -0.9014
v -0.3473 8.0152 -0.7588
v -0.3800 7.9883 -0.7726
v -0.3821 7.9509 -0.7963
v -0.3524 7.9251 -0.8160
v -0.3083 7.9259 -0.8201
v -0.2756 7.9528 -0.8063
v -0.2734 7.9902 -0.7826
v -0.3031 8.0160 -0.7629
v -0.3228 7.9117 -0.5873
v -0.3553 7.8932 -0.6116
v -0.3574 7.8614 -0.6424
v -0.3278 7.8349 -0.6617
v -0.2839 7.8293 -0.6580
v -0.2515 7.8478 -0.6337
v -0.2494 7.8796 -0.6029
v -0.2790 7.9060 -0.5837
v -0.3822 7.5954 -0.2366
v -0.4170 7.5734 -0.2599
v -0.4192 7.5378 -0.2910
v -0.3874 7.5095 -0.3118
v -0.3403 7.5052 -0.3101
v -0.3055 7.5272 -0.2868
v -0.3033 7.5628 -0.2556
v -0.3351 7.5910 -0.2349
v -0.4563 7.2922 -0.4849
v -0.3894 7.4134 -0.0679
v -0.4357 7.3327 -0.4990
v -0.3607 7.4509 -0.0597
v -0.3963 7.3448 -0.5183
v -0.3149 7.4605 -0.0677
v -0.3612 7.3215 -0.5316
v -0.2789 7.4367 -0.0872
v -0.3510 7.2764 -0.5310
v -0.2737 7.3934 -0.1067
v -0.3717 7.2359 -0.5169
v -0.3024 7.3559 -0.1148
v -0.4111 7.2238 -0.4976
v -0.3482 7.3462 -0.1068
v -0.4461 7.2471 -0.4843
v -0.3842 7.3700 -0.0874
v -0.6216 7.3166 -0.8324
v -0.5927 7.3492 -0.8141
v -0.5479 7.3565 -0.8123
v -0.5133 7.3342 -0.8280
v -0.5092 7.2954 -0.8520
v -0.5381 7.2628 -0.8703
v -0.5829 7.2555 -0.8722
v -0.6175 7.2778 -0.8565
v -0.6240 7.4833 -1.0710
v -0.5942 7.5100 -1.0416
v -0.5487 7.5135 -1.0323
v -0.5140 7.4917 -1.0486
v -0.5106 7.4574 -1.0809
v -0.5404 7.4307 -1.1103
v -0.5859 7.4272 -1.1196
v -0.6205 7.4490 -1.1033
v -0.5960 7.6575 -1.2475
v -0.5787 7.6501 -1.1997
v -0.5413 7.6309 -1.1778
v -0.5057 7.6112 -1.1945
v -0.4927 7.6025 -1.2402
v -0.5099 7.6099 -1.2880
v -0.5474 7.6291 -1.3099
v -0.5830 7.6488 -1.2932
v -0.4618 7.9004 -1.2513
v -0.4587 7.8702 -1.2059
v -0.4306 7.8356 -1.1852
v -0.3941 7.8171 -1.2015
v -0.3705 7.8253 -1.2451
v -0.3736 7.8556 -1.2905
v -0.4017 7.8902 -1.3111
v -0.4382 7.9087 -1.2949
v -0.3061 8.0845 -1.1083
v -0.3318 8.0382 -1.1135
v -0.3233 7.9923 -1.1264
v -0.2854 7.9739 -1.1394
v -0.2405 7.9936 -1.1449
v -0.2147 8.0399 -1.1396
v -0.2233 8.0858 -1.1268
v -0.2611 8.1042 -1.1138
v -0.2227 8.0629 -0.8710
v -0.2468 8.0291 -0.8907
v -0.2373 7.9915 -0.9133
v -0.1997 7.9721 -0.9256
v -0.1561 7.9823 -0.9205
v -0.1320 8.0162 -0.9009
v -0.1415 8.0538 -0.8782
v -0.1790 8.0731 -0.8659
v -0.2339 7.9597 -0.7349
v -0.2573 7.9276 -0.7551
v -0.2473 7.8911 -0.7782
v -0.2098 7.8717 -0.7905
v -0.1667 7.8807 -0.7850
v -0.1433 7.9128 -0.7647
v -0.1533 7.9492 -0.7417
v -0.1908 7.9687 -0.7293
v -0.2287 7.8579 -0.5607
v -0.2511 7.8345 -0.5913
v -0.2405 7.8036 -0.6213
v -0.2031 7.7836 -0.6333
v -0.1608 7.7859 -0.6201
v -0.1384 7.8094 -0.5895
v -0.1490 7.8402 -0.5595
v -0.1864 7.8603 -0.5476
v -0.3035 7.5271 -0.2269
v -0.3278 7.4996 -0.2569
v -0.3165 7.4651 -0.2873
v -0.2764 7.4437 -0.3002
v -0.2308 7.4480 -0.2881
v -0.2065 7.4754 -0.2581
v -0.2178 7.5099 -0.2278
v -0.2580 7.5313 -0.2148
v -0.2619 7.1856 -0.6043
v -0.3519 7.3004 -0.1898
v -0.2488 7.2305 -0.6129
v -0.3371 7.3434 -0.1747
v -0.2097 7.2528 -0.6202
v -0.2948 7.3644 -0.1692
v -0.1677 7.2394 -0.6218
v -0.2500 7.3511 -0.1765
v -0.1473 7.1982 -0.6169
v -0.2287 7.3112 -0.1923
v -0.1604 7.1533 -0.6083
v -0.2436 7.2683 -0.2074
v -0.1995 7.1310 -0.6010
v -0.2858 7.2473 -0.2129
v -0.2415 7.1444 -0.5994
v -0.3307 7.2606 -0.2056
v -0.3191 7.1844 -0.9856
v -0.3059 7.2222 -0.9606
v -0.2668 7.2402 -0.9459
v -0.2248 7.2278 -0.9501
v -0.2044 7.1923 -0.9707
v -0.2176 7.1545 -0.9957
v -0.2567 7.1365 -1.0104
v -0.2988 7.1489 -1.0062
v -0.2930 7.3560 -1.2192
v -0.2807 7.3879 -1.1832
v -0.2422 7.4020 -1.1610
v -0.2001 7.3901 -1.1657
v -0.1790 7.3592 -1.1945
v -0.1913 7.3274 -1.2306
v -0.2298 7.3133 -1.2527
v -0.2719 7.3251 -1.2480
v -0.2588 7.5396 -1.3848
v -0.2550 7.5345 -1.3339
v -0.2221 7.5241 -1.3013
v -0.1794 7.5145 -1.3063
v -0.1519 7.5113 -1.3458
v -0.1557 7.5164 -1.3967
v -0.1886 7.5268 -1.4293
v -0.2313 7.5364 -1.4243
v -0.1940 7.8079 -1.3562
v -0.1968 7.7773 -1.3110
v -0.1684 7.7499 -1.2820
v -0.1253 7.7416 -1.2862
v -0.0928 7.7574 -1.3211
v -0.0900 7.7880 -1.3664
v -0.1185 7.8155 -1.3954
v -0.1615 7.8237 -1.3912
v -0.1375 8.0180 -1.1793
v -0.1483 7.9670 -1.1905
v -0.1253 7.9253 -1.1989
v -0.0819 7.9173 -1.1996
v -0.0437 7.9476 -1.1922
v -0.0329 7.9986 -1.1811
v -0.0559 8.0403 -1.1726
v -0.0992 8.0483 -1.1719
v -0.1244 8.0067 -0.9275
v -0.1326 7.9689 -0.9523
v -0.1079 7.9359 -0.9700
v -0.0648 7.9269 -0.9702
v -0.0285 7.9473 -0.9527
v -0.0203 7.9851 -0.9279
v -0.0450 8.0182 -0.9102
v -0.0881 8.0271 -0.9100
v -0.1489 7.8979 -0.7976
v -0.1567 7.8620 -0.8229
v -0.1317 7.8302 -0.8409
v -0.0886 7.8211 -0.8411
v -0.0526 7.8401 -0.8233
v -0.0449 7.8760 -0.7981
v -0.0699 7.9078 -0.7801
v -0.1130 7.9169 -0.7799
v -0.1697 7.7927 -0.6267
v -0.1757 7.7659 -0.6618
v -0.1495 7.7400 -0.6864
v -0.1065 7.7303 -0.6862
v -0.0719 7.7424 -0.6613
v -0.0659 7.7692 -0.6262
v -0.0921 7.7951 -0.6015
v -0.1351 7.8048 -0.6017
v -0.2543 7.4388 -0.3199
v -0.2612 7.4077 -0.3549
v -0.2334 7.3784 -0.3795
v -0.1872 7.3681 -0.3794
v -0.1497 7.3829 -0.3546
v -0.1428 7.4140 -0.3197
v -0.1706 7.4433 -0.2950
v -0.2168 7.4536 -0.2951
v 0.3560 7.8352 -0.3692
v 0.1365 7.4934 -0.2017
v 0.3157 7.8604 -0.3682
v 0.0923 7.5012 -0.1849
v 0.2988 7.8949 -0.3436
v 0.0738 7.5275 -0.1500
v 0.3152 7.9184 -0.3101
v 0.0917 7.5570 -0.1176
v 0.3553 7.9171 -0.2871
v 0.1357 7.5724 -0.1065
v 0.3956 7.8919 -0.2881
v 0.1798 7.5646 -0.1234
v 0.4126 7.8575 -0.3126
v 0.1984 7.5382 -0.1582
v 0.3962 7.8340 -0.3462
v 0.1804 7.5087 -0.1907
v 0.4468 8.0899 -0.6440
v 0.4051 8.0880 -0.6220
v 0.3869 8.1048 -0.5838
v 0.4030 8.1304 -0.5519
v 0.4438 8.1499 -0.5448
v 0.4856 8.1519 -0.5668
v 0.5037 8.1351 -0.6050
v 0.4876 8.1094 -0.6370
v 0.3403 8.3242 -0.7800
v 0.3015 8.3119 -0.7515
v 0.2852 8.3218 -0.7089
v 0.3010 8.3480 -0.6772
v 0.3395 8.3753 -0.6750
v 0.3782 8.3876 -0.7035
v 0.3945 8.3778 -0.7460
v 0.3788 8.3515 -0.7777
v 0.2061 8.5146 -0.8696
v 0.1988 8.4770 -0.8354
v 0.2032 8.4697 -0.7888
v 0.2169 8.4970 -0.7570
v 0.2317 8.5429 -0.7587
v 0.2390 8.5805 -0.7929
v 0.2345 8.5878 -0.8395
v 0.2209 8.5605 -0.8713
v -0.0555 8.5963 -0.8260
v -0.0373 8.5529 -0.7982
v -0.0158 8.5415 -0.7556
v -0.0036 8.5688 -0.7232
v -0.0079 8.6188 -0.7200
v -0.0261 8.6621 -0.7478
v -0.0476 8.6735 -0.7904
v -0.0598 8.6463 -0.8228
v -0.2979 8.5463 -0.6942
v -0.2467 8.5361 -0.7048
v -0.2026 8.5464 -0.6877
v -0.1915 8.5713 -0.6530
v -0.2199 8.5960 -0.6211
v -0.2711 8.6063 -0.6106
v -0.3152 8.5959 -0.6276
v -0.3263 8.5711 -0.6623
v -0.3480 8.3602 -0.5312
v -0.3060 8.3651 -0.5491
v -0.2679 8.3856 -0.5371
v -0.2560 8.4097 -0.5022
v -0.2774 8.4232 -0.4648
v -0.3194 8.4183 -0.4469
v -0.3575 8.3979 -0.4589
v -0.3694 8.3738 -0.4938
v -0.2766 8.2208 -0.4623
v -0.2362 8.2267 -0.4803
v -0.1992 8.2479 -0.4684
v -0.1873 8.2719 -0.4335
v -0.2073 8.2847 -0.3961
v -0.2477 8.2788 -0.3781
v -0.2847 8.2576 -0.3900
v -0.2967 8.2336 -0.4249
v -0.2185 8.0532 -0.3661
v -0.1844 8.0698 -0.3895
v -0.1514 8.0982 -0.3812
v -0.1389 8.1217 -0.3460
v -0.1542 8.1266 -0.3047
v -0.1883 8.1100 -0.2813
v -0.2213 8.0816 -0.2896
v -0.2338 8.0580 -0.3248
v 0.0419 7.6843 -0.2156
v 0.0801 7.6993 -0.2392
v 0.1165 7.7278 -0.2292
v 0.1298 7.7532 -0.1916
v 0.1122 7.7606 -0.1483
v 0.0740 7.7456 -0.1247
v 0.0375 7.7171 -0.1346
v 0.0242 7.6917 -0.1723
v 0.3509 7.7100 -0.3082
v -0.0016 7.4871 -0.1696
v 0.3229 7.7477 -0.3157
v -0.0419 7.5117 -0.1615
v 0.3160 7.7883 -0.2963
v -0.0548 7.5464 -0.1319
v 0.3344 7.8080 -0.2613
v -0.0327 7.5711 -0.0980
v 0.3671 7.7953 -0.2312
v 0.0115 7.5711 -0.0797
v 0.3951 7.7576 -0.2237
v 0.0518 7.5465 -0.0877
v 0.4019 7.7169 -0.2431
v 0.0647 7.5118 -0.1174
v 0.3836 7.6972 -0.2781
v 0.0426 7.4872 -0.1512
v 0.5702 7.8855 -0.5722
v 0.5277 7.9007 -0.5583
v 0.5112 7.9268 -0.5249
v 0.5303 7.9485 -0.4916
v 0.5738 7.9530 -0.4780
v 0.6162 7.9378 -0.4919
v 0.6328 7.9118 -0.5253
v 0.6137 7.8901 -0.5586
v 0.5792 8.1262 -0.7356
v 0.5347 8.1314 -0.7143
v 0.5166 8.1509 -0.6760
v 0.5356 8.1732 -0.6431
v 0.5805 8.1853 -0.6349
v 0.6251 8.1801 -0.6563
v 0.6431 8.1606 -0.6946
v 0.6241 8.1384 -0.7275
v 0.5395 8.3408 -0.8568
v 0.5137 8.3120 -0.8230
v 0.5078 8.3087 -0.7760
v 0.5253 8.3327 -0.7435
v 0.5559 8.3700 -0.7444
v 0.5816 8.3988 -0.7783
v 0.5875 8.4021 -0.8252
v 0.5701 8.3781 -0.8578
v 0.3223 8.5133 -0.8661
v 0.3189 8.4695 -0.8335
v 0.3278 8.4559 -0.7872
v 0.3438 8.4805 -0.7543
v 0.3576 8.5288 -0.7541
v 0.3610 8.5726 -0.7867
v 0.3521 8.5862 -0.8330
v 0.3361 8.5616 -0.8659
v 0.0609 8.5660 -0.7795
v 0.1059 8.5374 -0.7799
v 0.1474 8.5334 -0.7554
v 0.1612 8.5563 -0.7204
v 0.1392 8.5928 -0.6954
v 0.0942 8.6214 -0.6950
v 0.0527 8.6254 -0.7195
v 0.0389 8.6025 -0.7545
v -0.0785 8.4281 -0.6206
v -0.0354 8.4159 -0.6306
v 0.0052 8.4229 -0.6126
v 0.0194 8.4449 -0.5772
v -0.0012 8.4690 -0.5451
v -0.0443 8.4811 -0.5351
v -0.0849 8.4742 -0.5530
v -0.0991 8.4522 -0.5885
v -0.0746 8.2807 -0.5337
v -0.0326 8.2701 -0.5441
v 0.0072 8.2781 -0.5265
v 0.0215 8.3000 -0.4910
v 0.0018 8.3230 -0.4586
v -0.0402 8.3335 -0.4482
v -0.0800 8.3256 -0.4658
v -0.0943 8.3036 -0.5012
v -0.0975 8.1147 -0.4212
v -0.0565 8.1157 -0.4385
v -0.0171 8.1314 -0.4254
v -0.0026 8.1527 -0.3896
v -0.0214 8.1670 -0.3521
v -0.0624 8.1661 -0.3348
v -0.1018 8.1503 -0.3478
v -0.1163 8.1291 -0.3836
v -0.0166 7.6964 -0.2090
v 0.0276 7.6944 -0.2257
v 0.0699 7.7092 -0.2105
v 0.0854 7.7323 -0.1721
v 0.0651 7.7500 -0.1332
v 0.0209 7.7520 -0.1165
v -0.0214 7.7371 -0.1318
v -0.0369 7.7141 -0.1701
v 0.3974 7.6535 -0.2909
v -0.0009 7.5057 -0.1786
v 0.3777 7.6953 -0.3022
v -0.0365 7.5376 -0.1751
v 0.3770 7.7373 -0.2847
v -0.0451 7.5755 -0.1479
v 0.3956 7.7550 -0.2488
v -0.0217 7.5972 -0.1129
v 0.4228 7.7379 -0.2155
v 0.0200 7.5900 -0.0906
v 0.4425 7.6961 -0.2043
v 0.0556 7.5582 -0.0941
v 0.4432 7.6540 -0.2217
v 0.0642 7.5203 -0.1213
v 0.4246 7.6364 -0.2576
v 0.0408 7.4985 -0.1563
v 0.6673 7.7732 -0.5389
v 0.6274 7.7965 -0.5294
v 0.6132 7.8267 -0.4985
v 0.6331 7.8461 -0.4643
v 0.6754 7.8433 -0.4469
v 0.7153 7.8199 -0.4564
v 0.7294 7.7897 -0.4873
v 0.7096 7.7703 -0.5215
v 0.7349 8.0001 -0.7082
v 0.6905 8.0144 -0.6912
v 0.6732 8.0386 -0.6553
v 0.6932 8.0586 -0.6215
v 0.7387 8.0626 -0.6096
v 0.7831 8.0484 -0.6266
v 0.8004 8.0242 -0.6625
v 0.7804 8.0042 -0.6963
v 0.7464 8.2123 -0.8390
v 0.7129 8.1904 -0.8069
v 0.7025 8.1905 -0.7606
v 0.7213 8.2124 -0.7273
v 0.7583 8.2434 -0.7266
v 0.7918 8.2653 -0.7588
v 0.8022 8.2653 -0.8050
v 0.7834 8.2433 -0.8383
v 0.5668 8.4211 -0.8736
v 0.5525 8.3803 -0.8401
v 0.5547 8.3675 -0.7928
v 0.5722 8.3903 -0.7593
v 0.5947 8.4352 -0.7594
v 0.6090 8.4760 -0.7928
v 0.6067 8.4888 -0.8402
v 0.5893 8.4660 -0.8736
v 0.3134 8.5248 -0.8131
v 0.3521 8.4885 -0.8085
v 0.3899 8.4781 -0.7802
v 0.4047 8.4997 -0.7448
v 0.3879 8.5407 -0.7230
v 0.3492 8.5771 -0.7276
v 0.3114 8.5875 -0.7559
v 0.2966 8.5658 -0.7913
v 0.1377 8.4224 -0.6636
v 0.1786 8.4021 -0.6692
v 0.2180 8.4024 -0.6478
v 0.2330 8.4231 -0.6119
v 0.2147 8.4520 -0.5826
v 0.1738 8.4723 -0.5769
v 0.1344 8.4721 -0.5983
v 0.1194 8.4514 -0.6342
v 0.1066 8.2811 -0.5722
v 0.1467 8.2625 -0.5784
v 0.1856 8.2639 -0.5574
v 0.2007 8.2845 -0.5215
v 0.1830 8.3122 -0.4917
v 0.1429 8.3308 -0.4855
v 0.1040 8.3294 -0.5065
v 0.0889 8.3088 -0.5424
v 0.0437 8.1277 -0.4572
v 0.0856 8.1203 -0.4707
v 0.1259 8.1291 -0.4545
v 0.1410 8.1490 -0.4182
v 0.1222 8.1684 -0.3830
v 0.0803 8.1757 -0.3696
v 0.0400 8.1669 -0.3857
v 0.0248 8.1470 -0.4220
v 0.0268 7.7122 -0.2257
v 0.0711 7.7013 -0.2382
v 0.1140 7.7088 -0.2196
v 0.1302 7.7304 -0.1807
v 0.1104 7.7533 -0.1444
v 0.0660 7.7642 -0.1319
v 0.0232 7.7567 -0.1505
v 0.0069 7.7351 -0.1894
v 0.5819 7.6328 -0.2679
v 0.2616 7.3388 -0.3317
v 0.5551 7.6654 -0.2899
v 0.2191 7.3549 -0.3467
v 0.5312 7.7022 -0.2779
v 0.1860 7.3840 -0.3291
v 0.5243 7.7218 -0.2389
v 0.1818 7.4092 -0.2892
v 0.5383 7.7126 -0.1958
v 0.2089 7.4156 -0.2503
v 0.5651 7.6800 -0.1738
v 0.2514 7.3995 -0.2353
v 0.5890 7.6431 -0.1858
v 0.2845 7.3703 -0.2529
v 0.5960 7.6236 -0.2248
v 0.2887 7.3452 -0.2928
v 0.8666 7.8674 -0.3799
v 0.8211 7.8734 -0.3908
v 0.7848 7.8931 -0.3717
v 0.7789 7.9148 -0.3339
v 0.8070 7.9259 -0.2994
v 0.8525 7.9199 -0.2885
v 0.8889 7.9003 -0.3076
v 0.8947 7.8785 -0.3454
v 0.9114 8.1192 -0.5189
v 0.8623 8.1144 -0.5245
v 0.8235 8.1268 -0.5019
v 0.8176 8.1492 -0.4644
v 0.8482 8.1684 -0.4340
v 0.8973 8.1732 -0.4285
v 0.9362 8.1608 -0.4511
v 0.9420 8.1384 -0.4885
v 0.8989 8.3328 -0.6473
v 0.8656 8.2971 -0.6316
v 0.8369 8.2886 -0.5948
v 0.8296 8.3124 -0.5585
v 0.8480 8.3546 -0.5439
v 0.8814 8.3904 -0.5596
v 0.9101 8.3988 -0.5964
v 0.9174 8.3750 -0.6328
v 0.6892 8.4635 -0.7736
v 0.6780 8.4172 -0.7468
v 0.6640 8.4014 -0.7025
v 0.6552 8.4255 -0.6667
v 0.6569 8.4753 -0.6603
v 0.6681 8.5217 -0.6870
v 0.6821 8.5374 -0.7313
v 0.6909 8.5133 -0.7672
v 0.4166 8.4605 -0.8393
v 0.4598 8.4406 -0.8153
v 0.4823 8.4420 -0.7725
v 0.4709 8.4639 -0.7360
v 0.4324 8.4934 -0.7271
v 0.3892 8.5133 -0.7512
v 0.3667 8.5119 -0.7940
v 0.3780 8.4901 -0.8305
v 0.2455 8.2863 -0.7752
v 0.2890 8.2831 -0.7606
v 0.3119 8.2956 -0.7241
v 0.3008 8.3166 -0.6870
v 0.2622 8.3338 -0.6711
v 0.2188 8.3370 -0.6857
v 0.1959 8.3244 -0.7222
v 0.2070 8.3034 -0.7593
v 0.2328 8.1350 -0.6962
v 0.2753 8.1331 -0.6826
v 0.2975 8.1466 -0.6468
v 0.2865 8.1675 -0.6097
v 0.2487 8.1836 -0.5930
v 0.2062 8.1855 -0.6066
v 0.1840 8.1721 -0.6424
v 0.1950 8.1511 -0.6796
v 0.1882 7.9584 -0.6093
v 0.2311 7.9683 -0.6023
v 0.2538 7.9896 -0.5708
v 0.2430 8.0100 -0.5332
v 0.2050 8.0174 -0.5115
v 0.1620 8.0075 -0.5185
v 0.1394 7.9862 -0.5500
v 0.1502 7.9658 -0.5876
v 0.2280 7.5446 -0.3776
v 0.2738 7.5521 -0.3684
v 0.2980 7.5729 -0.3334
v 0.2863 7.5949 -0.2931
v 0.2456 7.6051 -0.2712
v 0.1998 7.5977 -0.2804
v 0.1757 7.5769 -0.3154
v 0.1873 7.5549 -0.3556
v 0.6498 7.7144 -0.1117
v 0.4795 7.3426 -0.2726
v 0.6241 7.7388 -0.1434
v 0.4425 7.3461 -0.3027
v 0.5875 7.7658 -0.1426
v 0.3981 7.3627 -0.2997
v 0.5614 7.7797 -0.1098
v 0.3724 7.3826 -0.2652
v 0.5612 7.7723 -0.0641
v 0.3805 7.3943 -0.2195
v 0.5869 7.7478 -0.0324
v 0.4175 7.3907 -0.1894
v 0.6235 7.7208 -0.0332
v 0.4619 7.3742 -0.1924
v 0.6496 7.7069 -0.0660
v 0.4876 7.3542 -0.2269
v 0.8697 8.0308 -0.1245
v 0.8316 8.0236 -0.1514
v 0.7867 8.0300 -0.1477
v 0.7614 8.0464 -0.1156
v 0.7704 8.0631 -0.0739
v 0.8085 8.0703 -0.0470
v 0.8534 8.0639 -0.0507
v 0.8787 8.0475 -0.0828
v 0.8823 8.2931 -0.2500
v 0.8424 8.2742 -0.2726
v 0.7962 8.2728 -0.2662
v 0.7709 8.2898 -0.2345
v 0.7811 8.3152 -0.1961
v 0.8210 8.3342 -0.1734
v 0.8671 8.3356 -0.1798
v 0.8925 8.3186 -0.2115
v 0.8522 8.5013 -0.3843
v 0.8280 8.4562 -0.3800
v 0.7921 8.4370 -0.3557
v 0.7654 8.4550 -0.3257
v 0.7636 8.4997 -0.3075
v 0.7877 8.5448 -0.3118
v 0.8237 8.5639 -0.3361
v 0.8504 8.5459 -0.3662
v 0.6725 8.5709 -0.5840
v 0.6672 8.5217 -0.5609
v 0.6437 8.4995 -0.5239
v 0.6158 8.5173 -0.4949
v 0.5998 8.5648 -0.4907
v 0.6051 8.6141 -0.5139
v 0.6286 8.6363 -0.5508
v 0.6565 8.6184 -0.5799
v 0.4564 8.4905 -0.7435
v 0.4920 8.4829 -0.7046
v 0.4961 8.4881 -0.6567
v 0.4663 8.5031 -0.6278
v 0.4201 8.5190 -0.6350
v 0.3845 8.5265 -0.6739
v 0.3804 8.5213 -0.7218
v 0.4102 8.5064 -0.7507
v 0.3355 8.2689 -0.7372
v 0.3696 8.2780 -0.7078
v 0.3729 8.2943 -0.6661
v 0.3435 8.3085 -0.6366
v 0.2985 8.3121 -0.6365
v 0.2644 8.3030 -0.6659
v 0.2611 8.2867 -0.7076
v 0.2905 8.2725 -0.7371
v 0.3421 8.1158 -0.6609
v 0.3753 8.1259 -0.6329
v 0.3779 8.1430 -0.5921
v 0.3485 8.1571 -0.5625
v 0.3043 8.1599 -0.5614
v 0.2711 8.1499 -0.5895
v 0.2685 8.1328 -0.6303
v 0.2978 8.1187 -0.6599
v 0.3254 7.9286 -0.5875
v 0.3577 7.9504 -0.5660
v 0.3600 7.9754 -0.5295
v 0.3307 7.9890 -0.4994
v 0.2872 7.9831 -0.4933
v 0.2548 7.9613 -0.5148
v 0.2526 7.9363 -0.5514
v 0.2818 7.9228 -0.5815
v 0.4036 7.5314 -0.3374
v 0.4385 7.5516 -0.3126
v 0.4409 7.5763 -0.2723
v 0.4095 7.5910 -0.2401
v 0.3626 7.5871 -0.2349
v 0.3277 7.5668 -0.2597
v 0.3253 7.5421 -0.3000
v 0.3567 7.5274 -0.3322
v 0.4806 7.7267 0.0017
v 0.4208 7.3344 -0.1871
v 0.4583 7.7469 -0.0353
v 0.3912 7.3319 -0.2247
v 0.4181 7.7667 -0.0429
v 0.3450 7.3400 -0.2316
v 0.3834 7.7747 -0.0168
v 0.3092 7.3540 -0.2039
v 0.3746 7.7662 0.0278
v 0.3048 7.3657 -0.1578
v 0.3969 7.7461 0.0648
v 0.3344 7.3682 -0.1202
v 0.4371 7.7262 0.0724
v 0.3807 7.3601 -0.1132
v 0.4718 7.7182 0.0463
v 0.4165 7.3461 -0.1409
v 0.6359 8.0783 0.0326
v 0.6065 8.0649 -0.0019
v 0.5615 8.0629 -0.0082
v 0.5272 8.0736 0.0173
v 0.5238 8.0905 0.0598
v 0.5531 8.1039 0.0942
v 0.5981 8.1059 0.1006
v 0.6324 8.0953 0.0750
v 0.6269 8.3417 -0.0910
v 0.5971 8.3163 -0.1215
v 0.5517 8.3064 -0.1253
v 0.5174 8.3176 -0.1002
v 0.5141 8.3435 -0.0608
v 0.5439 8.3688 -0.0302
v 0.5893 8.3788 -0.0264
v 0.6237 8.3676 -0.0516
v 0.5889 8.5442 -0.2317
v 0.5732 8.4954 -0.2321
v 0.5369 8.4694 -0.2160
v 0.5015 8.4814 -0.1927
v 0.4876 8.5245 -0.1760
v 0.5034 8.5733 -0.1756
v 0.5396 8.5994 -0.1918
v 0.5750 8.5873 -0.2150
v 0.4473 8.5851 -0.4668
v 0.4462 8.5351 -0.4447
v 0.4198 8.5080 -0.4134
v 0.3834 8.5197 -0.3914
v 0.3585 8.5633 -0.3915
v 0.3595 8.6133 -0.4137
v 0.3859 8.6404 -0.4449
v 0.4223 8.6287 -0.4669
v 0.2896 8.4706 -0.6685
v 0.3167 8.4687 -0.6226
v 0.3092 8.4733 -0.5750
v 0.2716 8.4818 -0.5536
v 0.2260 8.4892 -0.5709
v 0.1989 8.4911 -0.6168
v 0.2064 8.4865 -0.6644
v 0.2440 8.4780 -0.6858
v 0.2132 8.2307 -0.6855
v 0.2378 8.2450 -0.6494
v 0.2289 8.2606 -0.6083
v 0.1917 8.2683 -0.5862
v 0.1479 8.2636 -0.5960
v 0.1232 8.2493 -0.6320
v 0.1321 8.2337 -0.6731
v 0.1694 8.2260 -0.6953
v 0.2311 8.0794 -0.6074
v 0.2550 8.0946 -0.5729
v 0.2455 8.1108 -0.5328
v 0.2083 8.1185 -0.5106
v 0.1651 8.1132 -0.5192
v 0.1413 8.0980 -0.5537
v 0.1508 8.0818 -0.5938
v 0.1880 8.0741 -0.6160
v 0.2336 7.8904 -0.5367
v 0.2560 7.9172 -0.5089
v 0.2455 7.9413 -0.4732
v 0.2085 7.9484 -0.4504
v 0.1665 7.9345 -0.4539
v 0.1442 7.9077 -0.4816
v 0.1546 7.8837 -0.5174
v 0.1916 7.8765 -0.5402
v 0.3274 7.5078 -0.2697
v 0.3517 7.5334 -0.2382
v 0.3407 7.5571 -0.1987
v 0.3009 7.5649 -0.1744
v 0.2556 7.5523 -0.1795
v 0.2313 7.5267 -0.2110
v 0.2422 7.5030 -0.2504
v 0.2820 7.4952 -0.2748
v 0.2865 7.8202 0.1321
v 0.3837 7.4342 -0.0541
v 0.2718 7.8359 0.0897
v 0.3679 7.4262 -0.0986
v 0.2319 7.8456 0.0700
v 0.3252 7.4230 -0.1191
v 0.1903 7.8437 0.0845
v 0.2806 7.4265 -0.1035
v 0.1713 7.8312 0.1248
v 0.2602 7.4347 -0.0611
v 0.1860 7.8155 0.1672
v 0.2760 7.4427 -0.0166
v 0.2259 7.8058 0.1870
v 0.3187 7.4459 0.0039
v 0.2675 7.8077 0.1724
v 0.3633 7.4424 -0.0116
v 0.3338 8.1973 0.1969
v 0.3201 8.1787 0.1557
v 0.2808 8.1661 0.1365
v 0.2391 8.1668 0.1505
v 0.2193 8.1804 0.1895
v 0.2330 8.1990 0.2306
v 0.2722 8.2117 0.2499
v 0.3140 8.2110 0.2359
v 0.2963 8.4558 0.0683
v 0.2840 8.4253 0.0311
v 0.2456 8.4047 0.0144
v 0.2038 8.4060 0.0280
v 0.1829 8.4285 0.0639
v 0.1952 8.4590 0.1011
v 0.2335 8.4796 0.1178
v 0.2754 8.4783 0.1042
v 0.2521 8.6490 -0.0833
v 0.2498 8.5978 -0.0869
v 0.2181 8.5630 -0.0813
v 0.1756 8.5649 -0.0699
v 0.1472 8.6024 -0.0594
v 0.1495 8.6536 -0.0558
v 0.1812 8.6885 -0.0614
v 0.2237 8.6866 -0.0728
v 0.1798 8.6644 -0.3508
v 0.1847 8.6148 -0.3285
v 0.1579 8.5806 -0.3056
v 0.1150 8.5820 -0.2956
v 0.0812 8.6181 -0.3044
v 0.0762 8.6678 -0.3267
v 0.1030 8.7019 -0.3496
v 0.1459 8.7005 -0.3596
v 0.1214 8.5240 -0.5864
v 0.1335 8.5267 -0.5346
v 0.1116 8.5272 -0.4915
v 0.0685 8.5252 -0.4823
v 0.0295 8.5219 -0.5125
v 0.0175 8.5192 -0.5643
v 0.0394 8.5188 -0.6074
v 0.0825 8.5207 -0.6166
v 0.1152 8.2737 -0.6180
v 0.1239 8.2920 -0.5767
v 0.0998 8.3030 -0.5405
v 0.0570 8.3004 -0.5305
v 0.0206 8.2855 -0.5526
v 0.0119 8.2672 -0.5939
v 0.0360 8.2561 -0.6301
v 0.0788 8.2588 -0.6401
v 0.1465 8.1281 -0.5336
v 0.1547 8.1471 -0.4941
v 0.1302 8.1586 -0.4590
v 0.0875 8.1560 -0.4489
v 0.0514 8.1406 -0.4697
v 0.0433 8.1216 -0.5092
v 0.0677 8.1100 -0.5443
v 0.1105 8.1127 -0.5544
v 0.1750 7.9425 -0.4597
v 0.1809 7.9727 -0.4274
v 0.1549 7.9918 -0.3970
v 0.1122 7.9886 -0.3863
v 0.0779 7.9650 -0.4016
v 0.0720 7.9348 -0.4339
v 0.0980 7.9157 -0.4643
v 0.1407 7.9189 -0.4749
v 0.2785 7.5829 -0.1656
v 0.2854 7.6122 -0.1292
v 0.2579 7.6306 -0.0954
v 0.2121 7.6274 -0.0841
v 0.1748 7.6043 -0.1019
v 0.1679 7.5749 -0.1383
v 0.1954 7.5565 -0.1721
v 0.2413 7.5598 -0.1834
v -0.3463 7.8214 -0.3635
v -0.1108 7.4885 -0.1997
v -0.3070 7.8482 -0.3631
v -0.0667 7.4980 -0.1836
v -0.2910 7.8833 -0.3389
v -0.0487 7.5251 -0.1490
v -0.3078 7.9061 -0.3050
v -0.0673 7.5539 -0.1163
v -0.3475 7.9033 -0.2813
v -0.1116 7.5675 -0.1045
v -0.3868 7.8765 -0.2818
v -0.1557 7.5580 -0.1207
v -0.4027 7.8414 -0.3060
v -0.1737 7.5309 -0.1552
v -0.3860 7.8186 -0.3399
v -0.1551 7.5021 -0.1880
v -0.4515 8.0723 -0.6367
v -0.4093 8.0720 -0.6154
v -0.3913 8.0895 -0.5775
v -0.4078 8.1145 -0.5453
v -0.4493 8.1324 -0.5375
v -0.4914 8.1327 -0.5589
v -0.5095 8.1152 -0.5968
v -0.4929 8.0902 -0.6290
v -0.3564 8.3106 -0.7743
v -0.3168 8.2998 -0.7465
v -0.3002 8.3103 -0.7042
v -0.3164 8.3359 -0.6722
v -0.3559 8.3616 -0.6693
v -0.3956 8.3724 -0.6972
v -0.4122 8.3619 -0.7395
v -0.3959 8.3363 -0.7714
v -0.2313 8.5060 -0.8661
v -0.2220 8.4688 -0.8320
v -0.2254 8.4613 -0.7853
v -0.2396 8.4880 -0.7533
v -0.2562 8.5333 -0.7547
v -0.2655 8.5706 -0.7888
v -0.2621 8.5780 -0.8355
v -0.2479 8.5513 -0.8675
v 0.0276 8.5979 -0.8267
v 0.0115 8.5539 -0.7986
v -0.0089 8.5417 -0.7556
v -0.0216 8.5684 -0.7230
v -0.0192 8.6185 -0.7199
v -0.0031 8.6626 -0.7480
v 0.0172 8.6748 -0.7909
v 0.0300 8.6480 -0.8235
v 0.2738 8.5575 -0.6989
v 0.2229 8.5453 -0.7086
v 0.1787 8.5539 -0.6908
v 0.1672 8.5783 -0.6560
v 0.1951 8.6042 -0.6245
v 0.2460 8.6164 -0.6148
v 0.2902 8.6078 -0.6325
v 0.3017 8.5834 -0.6674
v 0.3339 8.3736 -0.5367
v 0.2914 8.3769 -0.5540
v 0.2527 8.3958 -0.5413
v 0.2405 8.4194 -0.5062
v 0.2619 8.4338 -0.4692
v 0.3043 8.4306 -0.4520
v 0.3430 8.4116 -0.4646
v 0.3553 8.3880 -0.4997
v 0.2691 8.2315 -0.4668
v 0.2282 8.2358 -0.4841
v 0.1906 8.2555 -0.4716
v 0.1783 8.2791 -0.4365
v 0.1985 8.2927 -0.3994
v 0.2393 8.2883 -0.3820
v 0.2769 8.2686 -0.3946
v 0.2893 8.2451 -0.4297
v 0.2192 8.0618 -0.3697
v 0.1840 8.0770 -0.3925
v 0.1501 8.1041 -0.3836
v 0.1373 8.1271 -0.3483
v 0.1530 8.1326 -0.3072
v 0.1882 8.1173 -0.2844
v 0.2221 8.0903 -0.2932
v 0.2350 8.0673 -0.3286
v -0.0240 7.6830 -0.2150
v -0.0632 7.6965 -0.2380
v -0.1005 7.7236 -0.2274
v -0.1142 7.7484 -0.1896
v -0.0962 7.7565 -0.1466
v -0.0570 7.7431 -0.1236
v -0.0197 7.7160 -0.1342
v -0.0060 7.6911 -0.1720
v -0.3352 7.6965 -0.3026
v 0.0279 7.4877 -0.1698
v -0.3089 7.7353 -0.3106
v 0.0674 7.5138 -0.1624
v -0.3033 7.7762 -0.2913
v 0.0793 7.5491 -0.1330
v -0.3219 7.7952 -0.2560
v 0.0568 7.5728 -0.0987
v -0.3536 7.7811 -0.2254
v 0.0130 7.5711 -0.0797
v -0.3800 7.7423 -0.2174
v -0.0265 7.5450 -0.0871
v -0.3855 7.7015 -0.2367
v -0.0385 7.5097 -0.1165
v -0.3670 7.6825 -0.2720
v -0.0160 7.4860 -0.1508
v -0.5656 7.8632 -0.5630
v -0.5235 7.8801 -0.5497
v -0.5075 7.9068 -0.5166
v -0.5268 7.9277 -0.4830
v -0.5702 7.9306 -0.4687
v -0.6123 7.9137 -0.4820
v -0.6283 7.8870 -0.5151
v -0.6090 7.8661 -0.5486
v -0.5867 8.1033 -0.7262
v -0.5420 8.1103 -0.7056
v -0.5241 8.1304 -0.6675
v -0.5435 8.1520 -0.6343
v -0.5887 8.1623 -0.6254
v -0.6333 8.1554 -0.6460
v -0.6512 8.1352 -0.6841
v -0.6319 8.1137 -0.7173
v -0.5574 8.3192 -0.8479
v -0.5300 8.2915 -0.8145
v -0.5232 8.2885 -0.7677
v -0.5410 8.3118 -0.7348
v -0.5731 8.3479 -0.7353
v -0.6005 8.3755 -0.7687
v -0.6073 8.3786 -0.8155
v -0.5895 8.3553 -0.8483
v -0.3473 8.5001 -0.8607
v -0.3416 8.4565 -0.8281
v -0.3492 8.4426 -0.7817
v -0.3657 8.4666 -0.7485
v -0.3813 8.5143 -0.7481
v -0.3870 8.5579 -0.7806
v -0.3794 8.5718 -0.8271
v -0.3630 8.5479 -0.8602
v -0.0868 8.5631 -0.7783
v -0.1306 8.5328 -0.7779
v -0.1716 8.5271 -0.7528
v -0.1857 8.5495 -0.7176
v -0.1647 8.5868 -0.6929
v -0.1209 8.6171 -0.6932
v -0.0800 8.6228 -0.7184
v -0.0659 8.6004 -0.7536
v 0.0605 8.4308 -0.6217
v 0.0177 8.4170 -0.6310
v -0.0228 8.4223 -0.6124
v -0.0373 8.4438 -0.5768
v -0.0172 8.4687 -0.5450
v 0.0256 8.4825 -0.5356
v 0.0661 8.4771 -0.5543
v 0.0806 8.4557 -0.5899
v 0.0638 8.2834 -0.5348
v 0.0220 8.2711 -0.5446
v -0.0178 8.2776 -0.5263
v -0.0323 8.2989 -0.4906
v -0.0130 8.3227 -0.4585
v 0.0287 8.3349 -0.4487
v 0.0685 8.3285 -0.4670
v 0.0831 8.3071 -0.5027
v 0.0950 8.1185 -0.4227
v 0.0537 8.1179 -0.4394
v 0.0140 8.1320 -0.4257
v -0.0008 8.1527 -0.3897
v 0.0180 8.1678 -0.3524
v 0.0593 8.1685 -0.3358
v 0.0990 8.1543 -0.3495
v 0.1138 8.1336 -0.3855
v 0.0341 7.6974 -0.2094
v -0.0103 7.6937 -0.2254
v -0.0529 7.7068 -0.2095
v -0.0687 7.7292 -0.1709
v -0.0485 7.7477 -0.1323
v -0.0041 7.7515 -0.1163
v 0.0385 7.7383 -0.1323
v 0.0543 7.7159 -0.1708
v -0.3793 7.6382 -0.2846
v 0.0263 7.5063 -0.1788
v -0.3614 7.6808 -0.2962
v 0.0607 7.5395 -0.1759
v -0.3620 7.7228 -0.2787
v 0.0682 7.5777 -0.1488
v -0.3808 7.7397 -0.2425
v 0.0446 7.5985 -0.1134
v -0.4067 7.7216 -0.2088
v 0.0036 7.5897 -0.0904
v -0.4245 7.6790 -0.1972
v -0.0308 7.5565 -0.0934
v -0.4239 7.6370 -0.2147
v -0.0383 7.5182 -0.1205
v -0.4052 7.6201 -0.2509
v -0.0147 7.4974 -0.1559
v -0.6576 7.7471 -0.5282
v -0.6185 7.7721 -0.5193
v -0.6050 7.8028 -0.4886
v -0.6251 7.8214 -0.4541
v -0.6670 7.8169 -0.4360
v -0.7061 7.7920 -0.4448
v -0.7195 7.7612 -0.4755
v -0.6995 7.7426 -0.5100
v -0.7368 7.9712 -0.6962
v -0.6927 7.9872 -0.6800
v -0.6758 8.0121 -0.6444
v -0.6960 8.0313 -0.6102
v -0.7415 8.0335 -0.5976
v -0.7856 8.0175 -0.6138
v -0.8025 7.9927 -0.6495
v -0.7823 7.9735 -0.6836
v -0.7588 8.1828 -0.8268
v -0.7239 8.1622 -0.7952
v -0.7128 8.1627 -0.7491
v -0.7319 8.1838 -0.7155
v -0.7701 8.2134 -0.7141
v -0.8049 8.2339 -0.7458
v -0.8160 8.2335 -0.7919
v -0.7969 8.2123 -0.8255
v -0.5881 8.3984 -0.8642
v -0.5716 8.3582 -0.8310
v -0.5726 8.3454 -0.7836
v -0.5904 8.3674 -0.7499
v -0.6146 8.4114 -0.7495
v -0.6311 8.4516 -0.7828
v -0.6301 8.4645 -0.8301
v -0.6123 8.4424 -0.8639
v -0.3381 8.5120 -0.8078
v -0.3752 8.4742 -0.8026
v -0.4121 8.4623 -0.7736
v -0.4272 8.4834 -0.7380
v -0.4116 8.5250 -0.7165
v -0.3744 8.5629 -0.7218
v -0.3375 8.5747 -0.7507
v -0.3224 8.5537 -0.7863
v -0.1560 8.4167 -0.6612
v -0.1961 8.3948 -0.6661
v -0.2352 8.3935 -0.6441
v -0.2504 8.4136 -0.6080
v -0.2328 8.4432 -0.5789
v -0.1927 8.4651 -0.5740
v -0.1536 8.4664 -0.5960
v -0.1384 8.4463 -0.6321
v -0.1180 8.2767 -0.5704
v -0.1573 8.2565 -0.5759
v -0.1960 8.2564 -0.5543
v -0.2112 8.2764 -0.5181
v -0.1942 8.3047 -0.4886
v -0.1548 8.3249 -0.4831
v -0.1161 8.3250 -0.5047
v -0.1009 8.3051 -0.5409
v -0.0472 8.1259 -0.4565
v -0.0889 8.1168 -0.4693
v -0.1293 8.1241 -0.4525
v -0.1446 8.1434 -0.4159
v -0.1260 8.1635 -0.3810
v -0.0842 8.1725 -0.3682
v -0.0439 8.1652 -0.3850
v -0.0285 8.1459 -0.4216
v -0.0102 7.7114 -0.2254
v -0.0543 7.6988 -0.2372
v -0.0971 7.7047 -0.2179
v -0.1135 7.7256 -0.1787
v -0.0940 7.7493 -0.1427
v -0.0499 7.7619 -0.1310
v -0.0071 7.7561 -0.1503
v 0.0093 7.7351 -0.1894
v -0.5624 7.6103 -0.2586
v -0.2319 7.3291 -0.3277
v -0.5373 7.6439 -0.2810
v -0.1902 7.3469 -0.3434
v -0.5147 7.6817 -0.2694
v -0.1581 7.3773 -0.3263
v -0.5078 7.7015 -0.2305
v -0.1542 7.4026 -0.2864
v -0.5208 7.6918 -0.1872
v -0.1809 7.4079 -0.2471
v -0.5460 7.6581 -0.1648
v -0.2225 7.3902 -0.2314
v -0.5686 7.6204 -0.1764
v -0.2547 7.3597 -0.2485
v -0.5754 7.6006 -0.2153
v -0.2586 7.3344 -0.2884
v -0.8579 7.8335 -0.3659
v -0.8128 7.8413 -0.3775
v -0.7770 7.8624 -0.3590
v -0.7714 7.8844 -0.3213
v -0.7993 7.8944 -0.2864
v -0.8444 7.8866 -0.2747
v -0.8802 7.8655 -0.2932
v -0.8858 7.8435 -0.3309
v -0.9147 8.0833 -0.5041
v -0.8656 8.0804 -0.5104
v -0.8269 8.0944 -0.4885
v -0.8214 8.1170 -0.4511
v -0.8522 8.1350 -0.4202
v -0.9014 8.1379 -0.4138
v -0.9400 8.1239 -0.4358
v -0.9456 8.1013 -0.4732
v -0.9128 8.2972 -0.6326
v -0.8778 8.2628 -0.6174
v -0.8482 8.2555 -0.5811
v -0.8413 8.2796 -0.5449
v -0.8611 8.3210 -0.5300
v -0.8961 8.3554 -0.5452
v -0.9257 8.3627 -0.5815
v -0.9326 8.3386 -0.6177
v -0.7104 8.4360 -0.7622
v -0.6970 8.3902 -0.7356
v -0.6816 8.3750 -0.6916
v -0.6733 8.3994 -0.6559
v -0.6768 8.4491 -0.6494
v -0.6902 8.4950 -0.6760
v -0.7056 8.5102 -0.7201
v -0.7139 8.4857 -0.7558
v -0.4391 8.4437 -0.8324
v -0.4810 8.4221 -0.8076
v -0.5029 8.4226 -0.7645
v -0.4918 8.4450 -0.7282
v -0.4542 8.4760 -0.7199
v -0.4123 8.4976 -0.7447
v -0.3904 8.4971 -0.7878
v -0.4015 8.4747 -0.8241
v -0.2602 8.2764 -0.7711
v -0.3033 8.2715 -0.7558
v -0.3261 8.2831 -0.7189
v -0.3152 8.3045 -0.6820
v -0.2771 8.3232 -0.6667
v -0.2340 8.3281 -0.6820
v -0.2112 8.3164 -0.7189
v -0.2221 8.2950 -0.7558
v -0.2403 8.1257 -0.6924
v -0.2824 8.1221 -0.6781
v -0.3045 8.1347 -0.6419
v -0.2938 8.1561 -0.6049
v -0.2564 8.1737 -0.5889
v -0.2143 8.1773 -0.6031
v -0.1921 8.1647 -0.6394
v -0.2029 8.1433 -0.6763
v -0.1874 7.9511 -0.6062
v -0.2305 7.9592 -0.5985
v -0.2535 7.9797 -0.5667
v -0.2429 8.0004 -0.5292
v -0.2048 8.0093 -0.5082
v -0.1617 8.0011 -0.5159
v -0.1387 7.9807 -0.5478
v -0.1493 7.9600 -0.5852
v -0.2071 7.5361 -0.3741
v -0.2531 7.5417 -0.3641
v -0.2774 7.5616 -0.3287
v -0.2660 7.5840 -0.2887
v -0.2254 7.5959 -0.2674
v -0.1795 7.5903 -0.2773
v -0.1551 7.5704 -0.3127
v -0.1666 7.5480 -0.3528
v -0.6309 7.6892 -0.1013
v -0.4488 7.3244 -0.2650
v -0.6067 7.7146 -0.1334
v -0.4124 7.3293 -0.2958
v -0.5711 7.7431 -0.1332
v -0.3687 7.3476 -0.2934
v -0.5451 7.7580 -0.1008
v -0.3432 7.3686 -0.2594
v -0.5439 7.7505 -0.0552
v -0.3510 7.3799 -0.2136
v -0.5681 7.7252 -0.0230
v -0.3874 7.3749 -0.1829
v -0.6036 7.6967 -0.0232
v -0.4311 7.3566 -0.1852
v -0.6296 7.6818 -0.0556
v -0.4565 7.3357 -0.2192
v -0.8632 7.9968 -0.1104
v -0.8253 7.9910 -0.1379
v -0.7807 7.9992 -0.1350
v -0.7555 8.0166 -0.1033
v -0.7645 8.0329 -0.0614
v -0.8024 8.0387 -0.0339
v -0.8470 8.0305 -0.0369
v -0.8722 8.0131 -0.0685
v -0.8881 8.2584 -0.2356
v -0.8479 8.2410 -0.2589
v -0.8016 8.2414 -0.2532
v -0.7764 8.2594 -0.2219
v -0.7871 8.2844 -0.1833
v -0.8273 8.3018 -0.1600
v -0.8736 8.3014 -0.1657
v -0.8988 8.2834 -0.1970
v -0.8684 8.4675 -0.3704
v -0.8425 8.4233 -0.3665
v -0.8054 8.4056 -0.3428
v -0.7789 8.4247 -0.3131
v -0.7786 8.4694 -0.2950
v -0.8046 8.5135 -0.2989
v -0.8416 8.5312 -0.3226
v -0.8681 8.5122 -0.3522
v -0.6948 8.5441 -0.5729
v -0.6872 8.4951 -0.5499
v -0.6623 8.4738 -0.5133
v -0.6347 8.4928 -0.4847
v -0.6205 8.5408 -0.4808
v -0.6281 8.5898 -0.5038
v -0.6530 8.6111 -0.5404
v -0.6807 8.5921 -0.5690
v -0.4784 8.4721 -0.7359
v -0.5130 8.4632 -0.6964
v -0.5165 8.4682 -0.6485
v -0.4869 8.4843 -0.6201
v -0.4415 8.5020 -0.6280
v -0.4068 8.5110 -0.6675
v -0.4033 8.5059 -0.7155
v -0.4329 8.4898 -0.7438
v -0.3488 8.2555 -0.7316
v -0.3828 8.2632 -0.7017
v -0.3860 8.2794 -0.6599
v -0.3567 8.2947 -0.6309
v -0.3119 8.3001 -0.6316
v -0.2779 8.2924 -0.6615
v -0.2747 8.2761 -0.7033
v -0.3040 8.2609 -0.7323
v -0.3481 8.1023 -0.6553
v -0.3812 8.1110 -0.6267
v -0.3839 8.1280 -0.5859
v -0.3546 8.1433 -0.5568
v -0.3105 8.1478 -0.5564
v -0.2774 8.1391 -0.5850
v -0.2747 8.1221 -0.6258
v -0.3040 8.1069 -0.6550
v -0.3229 7.9159 -0.5823
v -0.3557 7.9364 -0.5602
v -0.3584 7.9613 -0.5237
v -0.3292 7.9760 -0.4940
v -0.2854 7.9719 -0.4887
v -0.2525 7.9513 -0.5107
v -0.2499 7.9264 -0.5473
v -0.2790 7.9117 -0.5769
v -0.3814 7.5159 -0.3310
v -0.4166 7.5348 -0.3057
v -0.4194 7.5594 -0.2654
v -0.3880 7.5753 -0.2337
v -0.3410 7.5732 -0.2292
v -0.3057 7.5544 -0.2545
v -0.3030 7.5298 -0.2949
v -0.3343 7.5138 -0.3266
v -0.4605 7.7083 0.0093
v -0.3884 7.3185 -0.1805
v -0.4396 7.7292 -0.0280
v -0.3594 7.3172 -0.2186
v -0.4003 7.7507 -0.0363
v -0.3136 7.3271 -0.2263
v -0.3656 7.7600 -0.0107
v -0.2779 7.3425 -0.1991
v -0.3558 7.7518 0.0338
v -0.2733 7.3544 -0.1531
v -0.3766 7.7309 0.0710
v -0.3024 7.3557 -0.1150
v -0.4159 7.7094 0.0793
v -0.3481 7.3458 -0.1073
v -0.4506 7.7000 0.0538
v -0.3838 7.3304 -0.1344
v -0.6289 8.0534 0.0429
v -0.5996 8.0412 0.0079
v -0.5547 8.0410 0.0009
v -0.5205 8.0530 0.0258
v -0.5170 8.0701 0.0682
v -0.5463 8.0823 0.1032
v -0.5912 8.0825 0.1102
v -0.6254 8.0705 0.0853
v -0.6323 8.3169 -0.0807
v -0.6020 8.2928 -0.1118
v -0.5564 8.2846 -0.1163
v -0.5221 8.2972 -0.0917
v -0.5192 8.3232 -0.0524
v -0.5495 8.3474 -0.0214
v -0.5952 8.3556 -0.0168
v -0.6295 8.3429 -0.0414
v -0.6046 8.5208 -0.2220
v -0.5870 8.4726 -0.2227
v -0.5495 8.4480 -0.2071
v -0.5142 8.4614 -0.1845
v -0.5017 8.5050 -0.1680
v -0.5194 8.5532 -0.1673
v -0.5568 8.5778 -0.1829
v -0.5921 8.5644 -0.2055
v -0.4685 8.5671 -0.4594
v -0.4651 8.5172 -0.4373
v -0.4371 8.4912 -0.4065
v -0.4009 8.5043 -0.3851
v -0.3777 8.5489 -0.3856
v -0.3811 8.5988 -0.4077
v -0.4091 8.6248 -0.4385
v -0.4453 8.6117 -0.4599
v -0.3098 8.4589 -0.6636
v -0.3360 8.4559 -0.6173
v -0.3279 8.4608 -0.5699
v -0.2904 8.4708 -0.5491
v -0.2453 8.4799 -0.5671
v -0.2192 8.4829 -0.6134
v -0.2272 8.4780 -0.6609
v -0.2647 8.4680 -0.6817
v -0.2243 8.2221 -0.6819
v -0.2489 8.2355 -0.6455
v -0.2399 8.2514 -0.6045
v -0.2026 8.2606 -0.5830
v -0.1589 8.2576 -0.5935
v -0.1343 8.2442 -0.6299
v -0.1432 8.2283 -0.6709
v -0.1805 8.2191 -0.6925
v -0.2350 8.0703 -0.6036
v -0.2588 8.0845 -0.5687
v -0.2494 8.1011 -0.5288
v -0.2122 8.1103 -0.5071
v -0.1690 8.1067 -0.5165
v -0.1451 8.0924 -0.5514
v -0.1546 8.0758 -0.5913
v -0.1918 8.0666 -0.6130
v -0.2289 7.8813 -0.5329
v -0.2518 7.9073 -0.5048
v -0.2418 7.9317 -0.4692
v -0.2047 7.9403 -0.4470
v -0.1622 7.9281 -0.4512
v -0.1393 7.9022 -0.4793
v -0.1494 7.8777 -0.5149
v -0.1865 7.8691 -0.5371
v -0.3032 7.4954 -0.2646
v -0.3280 7.5200 -0.2327
v -0.3173 7.5441 -0.1934
v -0.2775 7.5536 -0.1697
v -0.2318 7.5428 -0.1755
v -0.2070 7.5181 -0.2074
v -0.2176 7.4940 -0.2467
v -0.2575 7.4846 -0.2704
v -0.2682 7.8093 0.1366
v -0.3531 7.4197 -0.0481
v -0.2547 7.8256 0.0940
v -0.3378 7.4123 -0.0929
v -0.2156 7.8368 0.0736
v -0.2953 7.4108 -0.1140
v -0.1737 7.8365 0.0875
v -0.2506 7.4161 -0.0992
v -0.1535 7.8248 0.1274
v -0.2299 7.4251 -0.0571
v -0.1670 7.8086 0.1701
v -0.2452 7.4325 -0.0123
v -0.2061 7.7973 0.1905
v -0.2876 7.4340 0.0089
v -0.2480 7.7976 0.1766
v -0.3323 7.4287 -0.0059
v -0.3291 8.1843 0.2022
v -0.3154 8.1662 0.1609
v -0.2760 8.1551 0.1410
v -0.2341 8.1575 0.1543
v -0.2142 8.1719 0.1930
v -0.2280 8.1900 0.2344
v -0.2673 8.2011 0.2542
v -0.3093 8.1987 0.2409
v -0.3039 8.4440 0.0732
v -0.2910 8.4140 0.0358
v -0.2522 8.3949 0.0185
v -0.2102 8.3979 0.0314
v -0.1896 8.4212 0.0670
v -0.2025 8.4512 0.1044
v -0.2413 8.4703 0.1217
v -0.2834 8.4673 0.1088
v -0.2698 8.6388 -0.0791
v -0.2655 8.5877 -0.0827
v -0.2324 8.5542 -0.0777
v -0.1898 8.5577 -0.0670
v -0.1627 8.5964 -0.0568
v -0.1670 8.6474 -0.0532
v -0.2002 8.6810 -0.0583
v -0.2427 8.6774 -0.0690
v -0.2025 8.6569 -0.3477
v -0.2051 8.6071 -0.3253
v -0.1766 8.5741 -0.3029
v -0.1336 8.5771 -0.2936
v -0.1014 8.6146 -0.3029
v -0.0988 8.6644 -0.3253
v -0.1273 8.6974 -0.3477
v -0.1702 8.6943 -0.3570
v -0.1425 8.5189 -0.5843
v -0.1538 8.5211 -0.5322
v -0.1312 8.5225 -0.4895
v -0.0880 8.5222 -0.4810
v -0.0494 8.5204 -0.5118
v -0.0381 8.5182 -0.5639
v -0.0607 8.5168 -0.6066
v -0.1039 8.5171 -0.6151
v -0.1270 8.2689 -0.6160
v -0.1357 8.2869 -0.5746
v -0.1115 8.2989 -0.5388
v -0.0685 8.2979 -0.5295
v -0.0319 8.2845 -0.5522
v -0.0231 8.2665 -0.5936
v -0.0474 8.2545 -0.6294
v -0.0904 8.2555 -0.6387
v -0.1512 8.1222 -0.5312
v -0.1594 8.1409 -0.4915
v -0.1349 8.1534 -0.4569
v -0.0919 8.1524 -0.4475
v -0.0556 8.1385 -0.4689
v -0.0473 8.1198 -0.5085
v -0.0719 8.1073 -0.5431
v -0.1149 8.1083 -0.5525
v -0.1712 7.9357 -0.4569
v -0.1777 7.9656 -0.4245
v -0.1520 7.9857 -0.3945
v -0.1090 7.9842 -0.3845
v -0.0741 7.9620 -0.4004
v -0.0675 7.9320 -0.4328
v -0.0933 7.9119 -0.4627
v -0.1362 7.9134 -0.4727
v -0.2557 7.5724 -0.1613
v -0.2631 7.6014 -0.1247
v -0.2358 7.6209 -0.0914
v -0.1897 7.6195 -0.0808
v -0.1518 7.5979 -0.0992
v -0.1444 7.5688 -0.1358
v -0.1717 7.5493 -0.1691
v -0.2178 7.5507 -0.1797
v -0.5819 7.1133 0.0355
v -0.5939 7.1082 0.0275
v -0.6809 7.0048 0.5426
v -0.6266 7.1627 0.1807
v -0.6718 7.0124 0.5491
v -0.6213 7.1725 0.1854
v -0.6713 7.0254 0.5531
v -0.6246 7.1845 0.1849
v -0.6796 7.0360 0.5522
v -0.6348 7.1918 0.1797
v -0.6920 7.0382 0.5471
v -0.6458 7.1902 0.1727
v -0.7011 7.0305 0.5406
v -0.6511 7.1804 0.1680
v -0.7016 7.0176 0.5366
v -0.6476 7.1682 0.1684
v -0.6933 7.0069 0.5374
v -0.6374 7.1609 0.1737
v -0.5780 7.1270 0.0370
v -0.5845 7.1415 0.0315
v -0.5973 7.1479 0.0222
v -0.6090 7.1426 0.0143
v -0.6128 7.1288 0.0125
v -0.6066 7.1147 0.0179
v -0.5358 7.0502 -0.0831
v -0.5458 7.0436 -0.0907
v -0.5321 7.0629 -0.0844
v -0.5370 7.0740 -0.0933
v -0.5475 7.0773 -0.1046
v -0.5575 7.0710 -0.1119
v -0.5610 7.0588 -0.1110
v -0.5562 7.0473 -0.1023
v -0.4754 6.9933 -0.1265
v -0.4878 6.9841 -0.1308
v -0.4687 7.0070 -0.1336
v -0.4727 7.0168 -0.1472
v -0.4844 7.0169 -0.1594
v -0.4967 7.0076 -0.1637
v -0.5026 6.9941 -0.1575
v -0.4991 6.9846 -0.1438
v -0.4075 6.8874 -0.2082
v -0.4161 6.8731 -0.2084
v -0.4046 6.8996 -0.2193
v -0.4091 6.9024 -0.2352
v -0.4183 6.8943 -0.2465
v -0.4269 6.8799 -0.2467
v -0.4299 6.8678 -0.2355
v -0.4254 6.8649 -0.2197
v -0.5937 6.8305 -0.0608
v -0.5986 6.8419 -0.0695
v -0.5950 6.8542 -0.0703
v -0.5850 6.8604 -0.0631
v -0.5745 6.8571 -0.0518
v -0.5696 6.8460 -0.0428
v -0.5834 6.8268 -0.0491
v -0.5733 6.8333 -0.0416
v -0.5531 7.1394 0.0395
v -0.5658 7.1335 0.0318
v -0.6602 7.0403 0.5508
v -0.6185 7.1929 0.1800
v -0.6511 7.0480 0.5573
v -0.6131 7.2034 0.1845
v -0.6506 7.0609 0.5613
v -0.6164 7.2159 0.1839
v -0.6589 7.0716 0.5604
v -0.6266 7.2233 0.1786
v -0.6712 7.0737 0.5552
v -0.6376 7.2214 0.1716
v -0.6804 7.0661 0.5488
v -0.6429 7.2111 0.1671
v -0.6809 7.0531 0.5448
v -0.6394 7.1984 0.1676
v -0.6726 7.0425 0.5456
v -0.6293 7.1908 0.1730
v -0.5486 7.1543 0.0408
v -0.5550 7.1695 0.0352
v -0.5684 7.1761 0.0260
v -0.5808 7.1702 0.0184
v -0.5852 7.1552 0.0168
v -0.5791 7.1401 0.0223
v -0.5090 7.0857 -0.0800
v -0.5203 7.0773 -0.0859
v -0.5043 7.0991 -0.0828
v -0.5088 7.1102 -0.0925
v -0.5198 7.1121 -0.1032
v -0.5311 7.1042 -0.1090
v -0.5358 7.0909 -0.1065
v -0.5314 7.0796 -0.0970
v -0.4412 7.0231 -0.1374
v -0.4545 7.0155 -0.1401
v -0.4340 7.0348 -0.1461
v -0.4375 7.0442 -0.1602
v -0.4495 7.0457 -0.1716
v -0.4631 7.0374 -0.1738
v -0.4702 7.0249 -0.1657
v -0.4665 7.0153 -0.1520
v -0.3658 6.9072 -0.2317
v -0.3745 6.8928 -0.2319
v -0.3629 6.9193 -0.2429
v -0.3674 6.9222 -0.2587
v -0.3766 6.9140 -0.2700
v -0.3852 6.8997 -0.2702
v -0.3882 6.8875 -0.2591
v -0.3837 6.8847 -0.2432
v -0.6442 6.8978 0.0595
v -0.6503 6.9119 0.0540
v -0.6465 6.9257 0.0558
v -0.6348 6.9310 0.0637
v -0.6220 6.9246 0.0731
v -0.6155 6.9102 0.0786
v -0.6750 6.9440 0.2152
v -0.7308 6.7900 0.5790
v -0.5191 7.2528 0.0047
v -0.5303 7.2458 -0.0009
v -0.6866 7.1922 0.4929
v -0.5950 7.2965 0.1516
v -0.6775 7.1998 0.4994
v -0.5846 7.3030 0.1576
v -0.6770 7.2128 0.5034
v -0.5807 7.3170 0.1605
v -0.6854 7.2237 0.5027
v -0.5856 7.3304 0.1585
v -0.6978 7.2260 0.4975
v -0.5964 7.3353 0.1529
v -0.7069 7.2184 0.4910
v -0.6067 7.3287 0.1468
v -0.7074 7.2054 0.4870
v -0.6105 7.3146 0.1438
v -0.6990 7.1946 0.4878
v -0.6057 7.3012 0.1458
v -0.5142 7.2684 0.0055
v -0.5185 7.2830 0.0011
v -0.5292 7.2886 -0.0058
v -0.5402 7.2817 -0.0115
v -0.5451 7.2664 -0.0126
v -0.5411 7.2514 -0.0082
v -0.4426 7.1896 -0.1347
v -0.4561 7.1823 -0.1372
v -0.4355 7.2021 -0.1404
v -0.4391 7.2130 -0.1507
v -0.4510 7.2156 -0.1598
v -0.4641 7.2083 -0.1628
v -0.4711 7.1954 -0.1577
v -0.4678 7.1846 -0.1470
v -0.3455 7.1251 -0.2326
v -0.3612 7.1174 -0.2319
v -0.3352 7.1393 -0.2447
v -0.3360 7.1525 -0.2607
v -0.3479 7.1561 -0.2713
v -0.3638 7.1481 -0.2706
v -0.3743 7.1332 -0.2590
v -0.3733 7.1206 -0.2428
v -0.2773 6.9387 -0.3327
v -0.2858 6.9243 -0.3328
v -0.2743 6.9509 -0.3438
v -0.2788 6.9537 -0.3597
v -0.2880 6.9455 -0.3710
v -0.2966 6.9312 -0.3711
v -0.2995 6.9190 -0.3600
v -0.2951 6.9162 -0.3441
v -0.6851 6.9514 0.2099
v -0.7392 6.8007 0.5781
v -0.6887 6.9636 0.2095
v -0.7386 6.8136 0.5821
v -0.6834 6.9733 0.2142
v -0.7295 6.8213 0.5886
v -0.6723 6.9749 0.2212
v -0.7171 6.8192 0.5938
v -0.4900 7.2957 -0.0004
v -0.5019 7.2878 -0.0058
v -0.6681 7.2355 0.4980
v -0.5711 7.3345 0.1527
v -0.6590 7.2432 0.5045
v -0.5603 7.3416 0.1588
v -0.6586 7.2564 0.5086
v -0.5561 7.3564 0.1618
v -0.6671 7.2675 0.5079
v -0.5610 7.3702 0.1600
v -0.6795 7.2699 0.5028
v -0.5720 7.3751 0.1546
v -0.6886 7.2623 0.4963
v -0.5826 7.3679 0.1485
v -0.6891 7.2491 0.4922
v -0.5867 7.3530 0.1453
v -0.6806 7.2380 0.4929
v -0.5821 7.3391 0.1471
v -0.4845 7.3121 0.0007
v -0.4887 7.3272 -0.0031
v -0.4999 7.3323 -0.0095
v -0.5116 7.3246 -0.0152
v -0.5170 7.3085 -0.0167
v -0.5131 7.2932 -0.0127
v -0.4017 7.2382 -0.1559
v -0.4161 7.2284 -0.1584
v -0.3941 7.2541 -0.1607
v -0.3976 7.2663 -0.1697
v -0.4097 7.2681 -0.1781
v -0.4234 7.2580 -0.1814
v -0.4313 7.2423 -0.1771
v -0.4285 7.2300 -0.1674
v -0.3016 7.1530 -0.2695
v -0.3154 7.1474 -0.2711
v -0.2941 7.1653 -0.2783
v -0.2972 7.1774 -0.2920
v -0.3091 7.1824 -0.3025
v -0.3230 7.1761 -0.3039
v -0.3307 7.1630 -0.2954
v -0.3274 7.1511 -0.2820
v -0.2349 6.9628 -0.3676
v -0.2435 6.9484 -0.3678
v -0.2320 6.9750 -0.3787
v -0.2365 6.9778 -0.3946
v -0.2457 6.9697 -0.4059
v -0.2543 6.9553 -0.4061
v -0.2572 6.9431 -0.3950
v -0.2527 6.9403 -0.3791
v -0.6622 6.9676 0.2265
v -0.7088 6.8085 0.5946
v -0.6588 6.9556 0.2269
v -0.7093 6.7955 0.5906
v -0.6641 6.9458 0.2223
v -0.7185 6.7879 0.5842
v -0.6314 6.8914 0.0691
v -0.6194 6.8964 0.0770
v -0.4589 7.4288 0.0399
v -0.4713 7.4197 0.0333
v -0.6010 7.2848 0.5971
v -0.5293 7.4379 0.2007
v -0.5919 7.2925 0.6036
v -0.5192 7.4474 0.2072
v -0.5914 7.3055 0.6076
v -0.5174 7.4653 0.2116
v -0.5997 7.3161 0.6068
v -0.5252 7.4808 0.2115
v -0.6121 7.3182 0.6015
v -0.5376 7.4852 0.2068
v -0.6212 7.3106 0.5950
v -0.5469 7.4760 0.2001
v -0.6217 7.2976 0.5910
v -0.5483 7.4585 0.1954
v -0.6133 7.2870 0.5919
v -0.5411 7.4426 0.1958
v -0.4533 7.4456 0.0441
v -0.4576 7.4602 0.0435
v -0.4691 7.4642 0.0384
v -0.4811 7.4552 0.0315
v -0.4867 7.4384 0.0270
v -0.4828 7.4237 0.0278
v -0.3407 7.3785 -0.1463
v -0.3557 7.3633 -0.1524
v -0.3326 7.4010 -0.1440
v -0.3363 7.4172 -0.1463
v -0.3492 7.4185 -0.1523
v -0.3636 7.4044 -0.1590
v -0.3715 7.3824 -0.1620
v -0.3685 7.3648 -0.1591
v -0.2376 7.2824 -0.3175
v -0.2509 7.2789 -0.3184
v -0.2310 7.2941 -0.3255
v -0.2351 7.3074 -0.3372
v -0.2476 7.3144 -0.3455
v -0.2608 7.3111 -0.3460
v -0.2671 7.2989 -0.3386
v -0.2629 7.2854 -0.3273
v -0.1448 7.1043 -0.3575
v -0.1533 7.0899 -0.3576
v -0.1419 7.1165 -0.3686
v -0.1463 7.1193 -0.3845
v -0.1555 7.1111 -0.3958
v -0.1641 7.0967 -0.3959
v -0.1670 7.0846 -0.3848
v -0.1626 7.0817 -0.3690
v -0.0115 6.7355 -0.4172
v -0.0256 6.7270 -0.4141
v -0.0049 6.7431 -0.4306
v -0.0098 6.7453 -0.4464
v -0.0232 6.7409 -0.4554
v -0.0373 6.7324 -0.4523
v -0.0439 6.7248 -0.4389
v -0.0390 6.7226 -0.4231
v -0.4090 7.5012 0.0731
v -0.4211 7.4910 0.0658
v -0.5902 7.3370 0.6206
v -0.4956 7.5057 0.2301
v -0.5811 7.3446 0.6271
v -0.4871 7.5157 0.2374
v -0.5806 7.3576 0.6311
v -0.4878 7.5335 0.2431
v -0.5889 7.3683 0.6302
v -0.4974 7.5483 0.2439
v -0.6013 7.3704 0.6250
v -0.5102 7.5518 0.2393
v -0.6104 7.3627 0.6185
v -0.5187 7.5423 0.2320
v -0.6109 7.3498 0.6145
v -0.5179 7.5249 0.2263
v -0.6026 7.3391 0.6153
v -0.5084 7.5096 0.2255
v -0.4038 7.5196 0.0784
v -0.4087 7.5356 0.0786
v -0.4204 7.5396 0.0737
v -0.4320 7.5291 0.0664
v -0.4371 7.5105 0.0610
v -0.4328 7.4947 0.0608
v -0.3022 7.4789 -0.1280
v -0.3118 7.4668 -0.1325
v -0.2981 7.4958 -0.1252
v -0.3014 7.5073 -0.1253
v -0.3101 7.5065 -0.1288
v -0.3191 7.4941 -0.1337
v -0.3237 7.4782 -0.1369
v -0.3212 7.4667 -0.1362
v -0.1986 7.3318 -0.3426
v -0.2131 7.3268 -0.3426
v -0.1911 7.3459 -0.3506
v -0.1953 7.3609 -0.3617
v -0.2081 7.3683 -0.3690
v -0.2218 7.3630 -0.3687
v -0.2294 7.3484 -0.3614
v -0.2258 7.3335 -0.3506
v -0.1027 7.1535 -0.3886
v -0.1113 7.1391 -0.3887
v -0.0998 7.1657 -0.3997
v -0.1042 7.1685 -0.4155
v -0.1135 7.1603 -0.4269
v -0.1220 7.1459 -0.4270
v -0.1250 7.1338 -0.4159
v -0.1205 7.1309 -0.4000
v -0.0115 6.7355 -0.4172
v -0.0256 6.7270 -0.4141
v -0.0049 6.7431 -0.4306
v -0.0098 6.7453 -0.4464
v -0.0232 6.7409 -0.4554
v -0.0373 6.7324 -0.4523
v -0.0439 6.7248 -0.4389
v -0.0390 6.7226 -0.4231
v -0.3523 7.5930 0.1492
v -0.3628 7.5785 0.1418
v -0.5352 7.3803 0.6962
v -0.4583 7.5719 0.3161
v -0.5261 7.3880 0.7028
v -0.4500 7.5821 0.3237
v -0.5255 7.4009 0.7068
v -0.4506 7.5985 0.3291
v -0.5339 7.4116 0.7059
v -0.4597 7.6115 0.3292
v -0.5462 7.4137 0.7007
v -0.4721 7.6137 0.3240
v -0.5553 7.4060 0.6942
v -0.4805 7.6039 0.3166
v -0.5559 7.3931 0.6902
v -0.4799 7.5876 0.3112
v -0.5475 7.3824 0.6910
v -0.4707 7.5742 0.3109
v -0.3508 7.6153 0.1546
v -0.3590 7.6323 0.1550
v -0.3713 7.6346 0.1497
v -0.3803 7.6207 0.1418
v -0.3818 7.5984 0.1363
v -0.3750 7.5808 0.1364
v -0.2363 7.5724 -0.0529
v -0.2484 7.5579 -0.0578
v -0.2323 7.5908 -0.0502
v -0.2387 7.6021 -0.0508
v -0.2517 7.6003 -0.0545
v -0.2634 7.5864 -0.0595
v -0.2673 7.5681 -0.0628
v -0.2612 7.5561 -0.0620
v -0.1024 7.4175 -0.3075
v -0.1167 7.4157 -0.3060
v -0.0955 7.4283 -0.3162
v -0.1002 7.4422 -0.3266
v -0.1137 7.4518 -0.3322
v -0.1278 7.4467 -0.3305
v -0.1339 7.4306 -0.3238
v -0.1294 7.4178 -0.3135
v -0.0187 7.2228 -0.3752
v -0.0273 7.2084 -0.3754
v -0.0158 7.2350 -0.3863
v -0.0203 7.2378 -0.4022
v -0.0295 7.2296 -0.4135
v -0.0381 7.2152 -0.4137
v -0.0410 7.2031 -0.4026
v -0.0365 7.2002 -0.3867
v 0.1332 6.8053 -0.4104
v 0.1183 6.7982 -0.4074
v 0.1405 6.8122 -0.4237
v 0.1360 6.8150 -0.4396
v 0.1223 6.8119 -0.4487
v 0.1074 6.8048 -0.4457
v 0.1001 6.7979 -0.4324
v 0.1046 6.7951 -0.4165
v -0.3119 7.6700 0.1860
v -0.3197 7.6560 0.1774
v -0.5111 7.4259 0.7151
v -0.4201 7.6284 0.3501
v -0.5020 7.4335 0.7217
v -0.4117 7.6384 0.3576
v -0.5015 7.4465 0.7257
v -0.4121 7.6542 0.3627
v -0.5098 7.4571 0.7248
v -0.4210 7.6666 0.3626
v -0.5222 7.4592 0.7196
v -0.4333 7.6686 0.3573
v -0.5313 7.4516 0.7131
v -0.4418 7.6591 0.3500
v -0.5318 7.4386 0.7091
v -0.4414 7.6432 0.3448
v -0.5235 7.4280 0.7099
v -0.4324 7.6304 0.3448
v -0.3133 7.6910 0.1927
v -0.3230 7.7067 0.1937
v -0.3354 7.7088 0.1885
v -0.3430 7.6960 0.1800
v -0.3416 7.6750 0.1733
v -0.3320 7.6581 0.1722
v -0.1819 7.6342 -0.0327
v -0.1933 7.6268 -0.0364
v -0.1787 7.6467 -0.0301
v -0.1859 7.6571 -0.0297
v -0.1991 7.6594 -0.0318
v -0.2103 7.6523 -0.0356
v -0.2128 7.6366 -0.0403
v -0.2059 7.6260 -0.0406
v -0.0519 7.4398 -0.3342
v -0.0669 7.4358 -0.3331
v -0.0446 7.4535 -0.3420
v -0.0492 7.4684 -0.3520
v -0.0632 7.4754 -0.3581
v -0.0781 7.4710 -0.3571
v -0.0853 7.4578 -0.3496
v -0.0807 7.4436 -0.3395
v 0.0340 7.2574 -0.4000
v 0.0254 7.2430 -0.4001
v 0.0369 7.2696 -0.4111
v 0.0324 7.2724 -0.4269
v 0.0232 7.2642 -0.4383
v 0.0146 7.2498 -0.4384
v 0.0117 7.2377 -0.4273
v 0.0162 7.2348 -0.4114
v -0.2624 7.7216 0.2653
v -0.2699 7.7091 0.2568
v -0.4677 7.4291 0.7801
v -0.3612 7.7023 0.4171
v -0.4586 7.4368 0.7866
v -0.3522 7.7105 0.4238
v -0.4581 7.4498 0.7906
v -0.3518 7.7236 0.4279
v -0.4665 7.4604 0.7898
v -0.3601 7.7343 0.4270
v -0.4788 7.4625 0.7846
v -0.3725 7.7364 0.4218
v -0.4879 7.4549 0.7780
v -0.3816 7.7287 0.4153
v -0.4884 7.4419 0.7740
v -0.3820 7.7154 0.4111
v -0.4801 7.4313 0.7749
v -0.3735 7.7043 0.4118
v -0.2636 7.7399 0.2715
v -0.2728 7.7533 0.2717
v -0.2849 7.7545 0.2662
v -0.2926 7.7426 0.2579
v -0.2914 7.7242 0.2517
v -0.2819 7.7101 0.2511
v -0.1082 7.6959 0.0298
v -0.1182 7.6876 0.0231
v -0.1072 7.7094 0.0353
v -0.1158 7.7201 0.0365
v -0.1288 7.7217 0.0326
v -0.1383 7.7133 0.0257
v -0.1392 7.6998 0.0200
v -0.1309 7.6891 0.0189
v 0.0568 7.5269 -0.3171
v 0.0428 7.5147 -0.3197
v 0.0633 7.5425 -0.3247
v 0.0579 7.5575 -0.3337
v 0.0441 7.5613 -0.3388
v 0.0304 7.5487 -0.3417
v 0.0240 7.5302 -0.3378
v 0.0290 7.5162 -0.3284
v 0.1638 7.3270 -0.3848
v 0.1552 7.3126 -0.3849
v 0.1667 7.3392 -0.3959
v 0.1622 7.3420 -0.4118
v 0.1530 7.3339 -0.4231
v 0.1444 7.3195 -0.4233
v 0.1415 7.3073 -0.4121
v 0.1460 7.3045 -0.3963
v 0.2996 6.8643 -0.4064
v 0.2910 6.8499 -0.4066
v 0.3025 6.8764 -0.4175
v 0.2980 6.8793 -0.4334
v 0.2888 6.8711 -0.4447
v 0.2802 6.8567 -0.4449
v 0.2773 6.8445 -0.4338
v 0.2818 6.8417 -0.4179
v -0.2157 7.7438 0.3006
v -0.2239 7.7334 0.2930
v -0.4286 7.4445 0.8553
v -0.3107 7.7127 0.4476
v -0.4203 7.4537 0.8609
v -0.3016 7.7204 0.4541
v -0.4219 7.4662 0.8659
v -0.3010 7.7333 0.4581
v -0.4323 7.4747 0.8674
v -0.3094 7.7440 0.4572
v -0.4455 7.4743 0.8645
v -0.3217 7.7461 0.4520
v -0.4538 7.4651 0.8589
v -0.3308 7.7384 0.4455
v -0.4523 7.4526 0.8538
v -0.3314 7.7255 0.4415
v -0.4418 7.4441 0.8523
v -0.3230 7.7148 0.4423
v -0.2156 7.7582 0.3052
v -0.2243 7.7699 0.3047
v -0.2367 7.7720 0.2995
v -0.2455 7.7634 0.2926
v -0.2449 7.7470 0.2872
v -0.2358 7.7340 0.2871
v -0.0554 7.7237 0.0579
v -0.0654 7.7097 0.0529
v -0.0541 7.7403 0.0615
v -0.0625 7.7499 0.0619
v -0.0755 7.7475 0.0586
v -0.0853 7.7340 0.0534
v -0.0863 7.7173 0.0493
v -0.0782 7.7069 0.0493
v 0.1254 7.5261 -0.2996
v 0.1102 7.5212 -0.2986
v 0.1326 7.5375 -0.3084
v 0.1279 7.5475 -0.3205
v 0.1137 7.5516 -0.3279
v 0.0983 7.5479 -0.3262
v 0.0910 7.5372 -0.3170
v 0.0959 7.5257 -0.3058
v 0.2324 7.3387 -0.3600
v 0.2238 7.3243 -0.3602
v 0.2353 7.3509 -0.3711
v 0.2309 7.3537 -0.3870
v 0.2216 7.3455 -0.3983
v 0.2131 7.3311 -0.3985
v 0.2101 7.3190 -0.3874
v 0.2146 7.3161 -0.3715
v 0.2996 6.8643 -0.4064
v 0.2910 6.8499 -0.4066
v 0.3025 6.8764 -0.4175
v 0.2980 6.8793 -0.4334
v 0.2888 6.8711 -0.4447
v 0.2802 6.8567 -0.4449
v 0.2773 6.8445 -0.4338
v 0.2818 6.8417 -0.4179
v -0.1009 7.7872 0.3611
v -0.1104 7.7807 0.3551
v -0.3315 7.4922 0.8949
v -0.2131 7.7420 0.5013
v -0.3232 7.5014 0.9005
v -0.2040 7.7497 0.5079
v -0.3247 7.5139 0.9055
v -0.2034 7.7626 0.5119
v -0.3352 7.5224 0.9070
v -0.2118 7.7733 0.5110
v -0.3484 7.5220 0.9041
v -0.2241 7.7754 0.5058
v -0.3567 7.5128 0.8985
v -0.2332 7.7677 0.4993
v -0.3552 7.5003 0.8935
v -0.2338 7.7548 0.4953
v -0.3447 7.4918 0.8920
v -0.2254 7.7441 0.4961
v -0.1004 7.8001 0.3651
v -0.1091 7.8118 0.3647
v -0.1219 7.8153 0.3600
v -0.1313 7.8086 0.3539
v -0.1313 7.7941 0.3493
v -0.1228 7.7830 0.3499
v 0.0694 7.7693 0.0566
v 0.0554 7.7630 0.0593
v 0.0729 7.7804 0.0560
v 0.0633 7.7897 0.0587
v 0.0466 7.7917 0.0627
v 0.0328 7.7852 0.0650
v 0.0300 7.7741 0.0645
v 0.0393 7.7650 0.0623
v 0.2600 7.5397 -0.2696
v 0.2427 7.5419 -0.2648
v 0.2676 7.5500 -0.2791
v 0.2618 7.5659 -0.2890
v 0.2467 7.5753 -0.2944
v 0.2317 7.5699 -0.2930
v 0.2251 7.5559 -0.2855
v 0.2291 7.5474 -0.2727
v 0.3683 7.3633 -0.3258
v 0.3597 7.3489 -0.3259
v 0.3712 7.3755 -0.3369
v 0.3667 7.3783 -0.3528
v 0.3575 7.3701 -0.3641
v 0.3489 7.3557 -0.3642
v 0.3460 7.3436 -0.3531
v 0.3505 7.3407 -0.3372
v 0.3683 7.3633 -0.3258
v 0.3597 7.3489 -0.3259
v 0.3712 7.3755 -0.3369
v 0.3667 7.3783 -0.3528
v 0.3575 7.3701 -0.3641
v 0.3489 7.3557 -0.3642
v 0.3460 7.3436 -0.3531
v 0.3505 7.3407 -0.3372
v -0.0558 7.7906 0.3875
v -0.0652 7.7838 0.3813
v -0.2855 7.5070 0.9154
v -0.1690 7.7484 0.5289
v -0.2773 7.5161 0.9210
v -0.1599 7.7561 0.5355
v -0.2788 7.5286 0.9261
v -0.1593 7.7691 0.5395
v -0.2892 7.5372 0.9276
v -0.1677 7.7797 0.5386
v -0.3025 7.5367 0.9246
v -0.1800 7.7818 0.5334
v -0.3108 7.5276 0.9190
v -0.1891 7.7742 0.5269
v -0.3092 7.5151 0.9140
v -0.1896 7.7612 0.5229
v -0.2988 7.5065 0.9125
v -0.1813 7.7506 0.5237
v -0.0553 7.8036 0.3915
v -0.0640 7.8152 0.3910
v -0.0767 7.8185 0.3863
v -0.0860 7.8116 0.3801
v -0.0865 7.7985 0.3760
v -0.0779 7.7870 0.3766
v 0.1264 7.7754 0.0614
v 0.1132 7.7692 0.0620
v 0.1296 7.7867 0.0611
v 0.1207 7.7962 0.0617
v 0.1051 7.7984 0.0628
v 0.0922 7.7919 0.0631
v 0.0893 7.7808 0.0626
v 0.0980 7.7714 0.0622
v 0.3250 7.5261 -0.2571
v 0.3089 7.5224 -0.2552
v 0.3324 7.5383 -0.2662
v 0.3266 7.5520 -0.2768
v 0.3110 7.5590 -0.2828
v 0.2950 7.5551 -0.2808
v 0.2878 7.5427 -0.2722
v 0.2936 7.5291 -0.2615
v 0.4274 7.3735 -0.3013
v 0.4188 7.3592 -0.3015
v 0.4303 7.3857 -0.3124
v 0.4258 7.3885 -0.3283
v 0.4166 7.3804 -0.3396
v 0.4080 7.3660 -0.3398
v 0.4051 7.3538 -0.3287
v 0.4096 7.3510 -0.3128
v 0.4274 7.3735 -0.3013
v 0.4188 7.3592 -0.3015
v 0.4303 7.3857 -0.3124
v 0.4258 7.3885 -0.3283
v 0.4166 7.3804 -0.3396
v 0.4080 7.3660 -0.3398
v 0.4051 7.3538 -0.3287
v 0.4096 7.3510 -0.3128
v 0.6834 7.1242 0.6454
v 0.6919 7.1180 0.6502
v 0.4440 7.0744 1.0189
v 0.5816 7.1602 0.7644
v 0.4340 7.0833 1.0164
v 0.5731 7.1686 0.7630
v 0.4318 7.0963 1.0193
v 0.5732 7.1802 0.7664
v 0.4388 7.1060 1.0258
v 0.5816 7.1883 0.7729
v 0.4507 7.1066 1.0322
v 0.5934 7.1882 0.7786
v 0.4607 7.0977 1.0346
v 0.6018 7.1799 0.7800
v 0.4629 7.0846 1.0318
v 0.6018 7.1681 0.7763
v 0.4559 7.0750 1.0252
v 0.5935 7.1600 0.7699
v 0.6840 7.1349 0.6438
v 0.6934 7.1443 0.6464
v 0.7059 7.1468 0.6515
v 0.7143 7.1406 0.6562
v 0.7138 7.1296 0.6577
v 0.7045 7.1202 0.6553
v 0.7265 7.0727 0.5357
v 0.7379 7.0660 0.5392
v 0.7257 7.0856 0.5321
v 0.7360 7.0966 0.5305
v 0.7510 7.0997 0.5320
v 0.7621 7.0934 0.5355
v 0.7630 7.0811 0.5389
v 0.7530 7.0697 0.5405
v 0.7312 7.0269 0.4595
v 0.7420 7.0178 0.4665
v 0.7328 7.0407 0.4500
v 0.7458 7.0505 0.4444
v 0.7623 7.0505 0.4458
v 0.7730 7.0412 0.4527
v 0.7716 7.0277 0.4613
v 0.7588 7.0183 0.4671
v 0.7326 6.8793 0.3344
v 0.7358 6.8639 0.3401
v 0.7415 6.8910 0.3264
v 0.7573 6.8922 0.3208
v 0.7707 6.8821 0.3209
v 0.7738 6.8667 0.3267
v 0.7649 6.8550 0.3346
v 0.7492 6.8538 0.3402
v 0.7105 6.7501 -0.0667
v 0.7352 6.7630 -0.0802
v 0.7263 6.7513 -0.0723
v 0.6940 6.7757 -0.0725
v 0.6971 6.7602 -0.0668
v 0.7029 6.7874 -0.0804
v 0.7187 6.7886 -0.0860
v 0.7320 6.7785 -0.0859
v 0.6763 7.1467 0.6283
v 0.6848 7.1399 0.6337
v 0.4281 7.1123 1.0103
v 0.5729 7.1896 0.7596
v 0.4181 7.1211 1.0078
v 0.5644 7.1985 0.7580
v 0.4160 7.1342 1.0107
v 0.5644 7.2106 0.7614
v 0.4229 7.1439 1.0172
v 0.5729 7.2190 0.7680
v 0.4349 7.1444 1.0236
v 0.5848 7.2186 0.7737
v 0.4449 7.1356 1.0260
v 0.5932 7.2097 0.7752
v 0.4470 7.1225 1.0231
v 0.5932 7.1975 0.7716
v 0.4401 7.1129 1.0166
v 0.5848 7.1891 0.7651
v 0.6770 7.1586 0.6262
v 0.6865 7.1686 0.6287
v 0.6990 7.1709 0.6343
v 0.7075 7.1641 0.6395
v 0.7069 7.1522 0.6414
v 0.6975 7.1422 0.6391
v 0.7096 7.1084 0.5167
v 0.7208 7.1003 0.5219
v 0.7093 7.1216 0.5112
v 0.7196 7.1330 0.5089
v 0.7346 7.1352 0.5109
v 0.7456 7.1270 0.5162
v 0.7463 7.1135 0.5215
v 0.7360 7.1023 0.5239
v 0.7193 7.0565 0.4262
v 0.7293 7.0490 0.4348
v 0.7216 7.0683 0.4151
v 0.7347 7.0776 0.4090
v 0.7508 7.0792 0.4112
v 0.7608 7.0709 0.4203
v 0.7589 7.0585 0.4309
v 0.7459 7.0489 0.4366
v 0.7302 6.9032 0.2886
v 0.7333 6.8878 0.2943
v 0.7391 6.9150 0.2806
v 0.7548 6.9161 0.2750
v 0.7682 6.9060 0.2752
v 0.7714 6.8906 0.2809
v 0.7625 6.8789 0.2888
v 0.7467 6.8777 0.2944
v 0.7036 6.7225 -0.0140
v 0.7282 6.7354 -0.0275
v 0.7193 6.7237 -0.0195
v 0.6870 6.7481 -0.0198
v 0.6902 6.7326 -0.0141
v 0.6960 6.7598 -0.0277
v 0.7117 6.7609 -0.0333
v 0.7251 6.7509 -0.0332
v 0.6905 7.2516 0.5860
v 0.7017 7.2449 0.5916
v 0.3939 7.2191 1.0147
v 0.5849 7.2927 0.7068
v 0.3838 7.2277 1.0121
v 0.5740 7.2990 0.7022
v 0.3812 7.2407 1.0154
v 0.5695 7.3127 0.7013
v 0.3876 7.2506 1.0225
v 0.5741 7.3258 0.7047
v 0.3993 7.2514 1.0294
v 0.5850 7.3305 0.7103
v 0.4094 7.2428 1.0319
v 0.5960 7.3241 0.7147
v 0.4120 7.2298 1.0287
v 0.6006 7.3103 0.7155
v 0.4056 7.2200 1.0216
v 0.5960 7.2973 0.7123
v 0.6869 7.2670 0.5830
v 0.6927 7.2818 0.5843
v 0.7046 7.2877 0.5892
v 0.7157 7.2811 0.5945
v 0.7197 7.2658 0.5974
v 0.7139 7.2507 0.5962
v 0.7221 7.1898 0.4223
v 0.7324 7.1826 0.4314
v 0.7222 7.2023 0.4131
v 0.7322 7.2136 0.4095
v 0.7467 7.2157 0.4132
v 0.7572 7.2085 0.4217
v 0.7575 7.1957 0.4304
v 0.7472 7.1849 0.4346
v 0.7424 7.1251 0.2870
v 0.7517 7.1174 0.2997
v 0.7451 7.1393 0.2713
v 0.7579 7.1525 0.2619
v 0.7735 7.1560 0.2645
v 0.7830 7.1480 0.2774
v 0.7806 7.1331 0.2929
v 0.7676 7.1206 0.3022
v 0.7453 6.9616 0.1513
v 0.7485 6.9462 0.1570
v 0.7543 6.9734 0.1434
v 0.7700 6.9745 0.1378
v 0.7834 6.9644 0.1379
v 0.7865 6.9490 0.1436
v 0.7776 6.9373 0.1515
v 0.7619 6.9361 0.1571
v 0.7294 6.6930 0.1376
v 0.7576 6.6983 0.1261
v 0.7443 6.6893 0.1310
v 0.7253 6.7234 0.1417
v 0.7215 6.7071 0.1420
v 0.7386 6.7323 0.1368
v 0.7535 6.7287 0.1302
v 0.7614 6.7146 0.1257
v 0.6773 7.2945 0.5609
v 0.6889 7.2868 0.5670
v 0.3821 7.2642 1.0073
v 0.5704 7.3305 0.6899
v 0.3720 7.2729 1.0048
v 0.5591 7.3374 0.6851
v 0.3693 7.2861 1.0081
v 0.5542 7.3519 0.6841
v 0.3757 7.2961 1.0153
v 0.5586 7.3655 0.6876
v 0.3873 7.2971 1.0223
v 0.5695 7.3702 0.6934
v 0.3975 7.2884 1.0248
v 0.5807 7.3631 0.6980
v 0.4001 7.2752 1.0215
v 0.5857 7.3485 0.6989
v 0.3938 7.2652 1.0142
v 0.5814 7.3351 0.6956
v 0.6730 7.3110 0.5576
v 0.6782 7.3263 0.5592
v 0.6900 7.3316 0.5646
v 0.7017 7.3241 0.5705
v 0.7063 7.3080 0.5735
v 0.7010 7.2925 0.5722
v 0.7134 7.2392 0.3771
v 0.7243 7.2290 0.3868
v 0.7123 7.2547 0.3682
v 0.7215 7.2665 0.3653
v 0.7355 7.2688 0.3696
v 0.7467 7.2588 0.3783
v 0.7483 7.2428 0.3870
v 0.7390 7.2305 0.3909
v 0.7432 7.1530 0.2297
v 0.7529 7.1473 0.2394
v 0.7455 7.1652 0.2183
v 0.7581 7.1773 0.2122
v 0.7735 7.1822 0.2148
v 0.7831 7.1758 0.2247
v 0.7812 7.1628 0.2360
v 0.7687 7.1511 0.2418
v 0.7523 6.9892 0.0986
v 0.7554 6.9738 0.1043
v 0.7612 7.0010 0.0906
v 0.7770 7.0021 0.0851
v 0.7903 6.9920 0.0852
v 0.7935 6.9766 0.0908
v 0.7846 6.9649 0.0988
v 0.7688 6.9637 0.1044
v 0.7200 6.6567 0.1733
v 0.7483 6.6620 0.1618
v 0.7350 6.6531 0.1667
v 0.7160 6.6871 0.1774
v 0.7122 6.6708 0.1777
v 0.7292 6.6961 0.1725
v 0.7442 6.6924 0.1659
v 0.7521 6.6783 0.1615
v 0.5958 7.4562 0.5127
v 0.6102 7.4485 0.5159
v 0.3037 7.3784 1.0170
v 0.5010 7.4523 0.6675
v 0.2929 7.3861 1.0140
v 0.4881 7.4607 0.6661
v 0.2894 7.3991 1.0161
v 0.4806 7.4769 0.6712
v 0.2953 7.4097 1.0221
v 0.4830 7.4914 0.6803
v 0.3071 7.4118 1.0284
v 0.4938 7.4959 0.6874
v 0.3179 7.4042 1.0314
v 0.5066 7.4880 0.6883
v 0.3214 7.3912 1.0293
v 0.5139 7.4720 0.6827
v 0.3155 7.3806 1.0233
v 0.5117 7.4572 0.6743
v 0.5866 7.4716 0.5148
v 0.5878 7.4855 0.5210
v 0.5986 7.4899 0.5274
v 0.6129 7.4824 0.5302
v 0.6224 7.4672 0.5279
v 0.6213 7.4531 0.5222
v 0.6672 7.3800 0.3351
v 0.6810 7.3647 0.3429
v 0.6606 7.4025 0.3304
v 0.6650 7.4195 0.3314
v 0.6777 7.4199 0.3380
v 0.6917 7.4057 0.3449
v 0.6986 7.3838 0.3492
v 0.6943 7.3661 0.3487
v 0.7399 7.2819 0.1495
v 0.7486 7.2784 0.1593
v 0.7421 7.2936 0.1394
v 0.7537 7.3068 0.1352
v 0.7679 7.3137 0.1396
v 0.7764 7.3103 0.1496
v 0.7745 7.2981 0.1591
v 0.7630 7.2847 0.1630
v 0.7144 7.1043 0.0529
v 0.7199 7.0899 0.0594
v 0.7213 7.1165 0.0436
v 0.7365 7.1193 0.0371
v 0.7511 7.1111 0.0372
v 0.7566 7.0967 0.0438
v 0.7497 7.0846 0.0530
v 0.7346 7.0817 0.0595
v 0.4988 6.5868 -0.2221
v 0.5096 6.5943 -0.2324
v 0.5083 6.6045 -0.2456
v 0.4956 6.6115 -0.2539
v 0.4789 6.6112 -0.2525
v 0.4680 6.6037 -0.2422
v 0.4821 6.5865 -0.2207
v 0.4693 6.5935 -0.2290
v 0.5447 7.5190 0.5213
v 0.5596 7.5100 0.5236
v 0.2512 7.4158 1.0231
v 0.4596 7.5168 0.6899
v 0.2404 7.4235 1.0201
v 0.4466 7.5252 0.6902
v 0.2369 7.4364 1.0222
v 0.4393 7.5408 0.6979
v 0.2428 7.4471 1.0282
v 0.4419 7.5542 0.7084
v 0.2547 7.4492 1.0345
v 0.4529 7.5579 0.7157
v 0.2654 7.4415 1.0375
v 0.4658 7.5501 0.7156
v 0.2689 7.4286 1.0354
v 0.4731 7.5348 0.7079
v 0.2630 7.4179 1.0294
v 0.4706 7.5209 0.6972
v 0.5347 7.5358 0.5249
v 0.5354 7.5507 0.5323
v 0.5462 7.5548 0.5389
v 0.5609 7.5457 0.5407
v 0.5711 7.5288 0.5371
v 0.5706 7.5142 0.5301
v 0.6281 7.4796 0.3144
v 0.6409 7.4622 0.3204
v 0.6216 7.5042 0.3124
v 0.6251 7.5207 0.3158
v 0.6367 7.5197 0.3222
v 0.6500 7.5020 0.3276
v 0.6566 7.4785 0.3292
v 0.6533 7.4621 0.3271
v 0.7357 7.3315 0.1036
v 0.7446 7.3264 0.1148
v 0.7374 7.3456 0.0928
v 0.7485 7.3603 0.0891
v 0.7622 7.3675 0.0944
v 0.7706 7.3622 0.1052
v 0.7695 7.3477 0.1156
v 0.7588 7.3329 0.1196
v 0.7123 7.1535 0.0007
v 0.7178 7.1391 0.0072
v 0.7191 7.1657 -0.0086
v 0.7343 7.1685 -0.0151
v 0.7489 7.1603 -0.0150
v 0.7544 7.1459 -0.0084
v 0.7476 7.1338 0.0008
v 0.7324 7.1309 0.0073
v 0.4988 6.5868 -0.2221
v 0.5096 6.5943 -0.2324
v 0.5083 6.6045 -0.2456
v 0.4956 6.6115 -0.2539
v 0.4789 6.6112 -0.2525
v 0.4680 6.6037 -0.2422
v 0.4821 6.5865 -0.2207
v 0.4693 6.5935 -0.2290
v 0.4344 7.5881 0.5237
v 0.4469 7.5734 0.5271
v 0.1828 7.4042 1.0347
v 0.3630 7.5783 0.7176
v 0.1720 7.4118 1.0318
v 0.3514 7.5886 0.7157
v 0.1685 7.4248 1.0339
v 0.3468 7.6050 0.7192
v 0.1744 7.4355 1.0398
v 0.3520 7.6179 0.7261
v 0.1863 7.4376 1.0461
v 0.3638 7.6200 0.7324
v 0.1971 7.4299 1.0491
v 0.3753 7.6102 0.7345
v 0.2005 7.4170 1.0470
v 0.3798 7.5939 0.7310
v 0.1946 7.4063 1.0411
v 0.3748 7.5805 0.7240
v 0.4290 7.6103 0.5259
v 0.4336 7.6270 0.5326
v 0.4454 7.6289 0.5388
v 0.4576 7.6148 0.5409
v 0.4632 7.5926 0.5387
v 0.4588 7.5752 0.5334
v 0.5158 7.5789 0.3051
v 0.5263 7.5649 0.3108
v 0.5115 7.5957 0.3043
v 0.5164 7.6071 0.3088
v 0.5275 7.6066 0.3158
v 0.5380 7.5932 0.3212
v 0.5420 7.5752 0.3219
v 0.5372 7.5633 0.3176
v 0.6477 7.4168 0.0505
v 0.6553 7.4150 0.0624
v 0.6503 7.4276 0.0397
v 0.6613 7.4414 0.0367
v 0.6741 7.4507 0.0436
v 0.6818 7.4459 0.0560
v 0.6808 7.4303 0.0651
v 0.6697 7.4176 0.0680
v 0.6291 7.2277 -0.0610
v 0.6346 7.2133 -0.0544
v 0.6359 7.2398 -0.0703
v 0.6511 7.2427 -0.0767
v 0.6657 7.2345 -0.0767
v 0.6712 7.2201 -0.0701
v 0.6644 7.2079 -0.0609
v 0.6492 7.2051 -0.0544
v 0.4020 6.7201 -0.3100
v 0.4075 6.7057 -0.3034
v 0.4088 6.7322 -0.3192
v 0.4240 6.7351 -0.3257
v 0.4386 6.7269 -0.3256
v 0.4441 6.7125 -0.3190
v 0.4373 6.7003 -0.3098
v 0.4221 6.6975 -0.3033
v 0.3979 7.6646 0.5221
v 0.4102 7.6507 0.5230
v 0.1530 7.4497 1.0279
v 0.3296 7.6349 0.7153
v 0.1422 7.4574 1.0249
v 0.3181 7.6449 0.7133
v 0.1387 7.4704 1.0270
v 0.3137 7.6607 0.7165
v 0.1446 7.4810 1.0330
v 0.3191 7.6730 0.7232
v 0.1564 7.4831 1.0393
v 0.3309 7.6750 0.7294
v 0.1672 7.4755 1.0423
v 0.3424 7.6655 0.7316
v 0.1707 7.4625 1.0402
v 0.3467 7.6496 0.7284
v 0.1648 7.4519 1.0342
v 0.3415 7.6369 0.7216
v 0.3925 7.6853 0.5270
v 0.3969 7.7007 0.5349
v 0.4088 7.7026 0.5411
v 0.4211 7.6898 0.5421
v 0.4266 7.6691 0.5372
v 0.4220 7.6525 0.5293
v 0.4871 7.6348 0.2845
v 0.4967 7.6278 0.2907
v 0.4835 7.6473 0.2838
v 0.4880 7.6578 0.2895
v 0.4978 7.6602 0.2980
v 0.5074 7.6532 0.3039
v 0.5120 7.6392 0.3034
v 0.5076 7.6284 0.2980
v 0.6373 7.4395 -0.0052
v 0.6458 7.4354 0.0071
v 0.6389 7.4533 -0.0157
v 0.6498 7.4681 -0.0183
v 0.6633 7.4749 -0.0114
v 0.6718 7.4703 0.0007
v 0.6703 7.4571 0.0110
v 0.6594 7.4430 0.0137
v 0.6153 7.2623 -0.1175
v 0.6208 7.2479 -0.1109
v 0.6221 7.2745 -0.1267
v 0.6373 7.2773 -0.1332
v 0.6519 7.2691 -0.1332
v 0.6574 7.2547 -0.1266
v 0.6506 7.2426 -0.1173
v 0.6354 7.2397 -0.1109
v 0.4020 6.7201 -0.3100
v 0.4075 6.7057 -0.3034
v 0.4088 6.7322 -0.3192
v 0.4240 6.7351 -0.3257
v 0.4386 6.7269 -0.3256
v 0.4441 6.7125 -0.3190
v 0.4373 6.7003 -0.3098
v 0.4221 6.6975 -0.3033
v 0.2824 7.7228 0.5261
v 0.2948 7.7103 0.5271
v 0.0795 7.5001 1.0232
v 0.2198 7.7025 0.6946
v 0.0687 7.5077 1.0203
v 0.2088 7.7106 0.6918
v 0.0653 7.5207 1.0224
v 0.2054 7.7236 0.6939
v 0.0712 7.5313 1.0283
v 0.2113 7.7343 0.6999
v 0.0830 7.5335 1.0346
v 0.2231 7.7364 0.7062
v 0.0938 7.5258 1.0376
v 0.2339 7.7287 0.7092
v 0.0972 7.5129 1.0355
v 0.2374 7.7155 0.7070
v 0.0913 7.5022 1.0296
v 0.2316 7.7045 0.7009
v 0.2773 7.7409 0.5303
v 0.2823 7.7543 0.5374
v 0.2944 7.7554 0.5433
v 0.3066 7.7435 0.5446
v 0.3118 7.7251 0.5403
v 0.3070 7.7112 0.5330
v 0.3944 7.7015 0.2646
v 0.4050 7.6908 0.2698
v 0.3904 7.7173 0.2656
v 0.3948 7.7276 0.2730
v 0.4050 7.7266 0.2823
v 0.4157 7.7162 0.2869
v 0.4201 7.7013 0.2851
v 0.4157 7.6906 0.2782
v 0.5562 7.5267 -0.0789
v 0.5669 7.5150 -0.0693
v 0.5579 7.5415 -0.0891
v 0.5684 7.5563 -0.0907
v 0.5817 7.5606 -0.0825
v 0.5923 7.5486 -0.0734
v 0.5931 7.5301 -0.0660
v 0.5824 7.5163 -0.0641
v 0.5421 7.3270 -0.2041
v 0.5476 7.3126 -0.1976
v 0.5489 7.3392 -0.2134
v 0.5641 7.3420 -0.2198
v 0.5787 7.3339 -0.2198
v 0.5842 7.3195 -0.2132
v 0.5774 7.3073 -0.2040
v 0.5622 7.3045 -0.1975
v 0.3754 6.8808 -0.3868
v 0.3776 6.8712 -0.3733
v 0.3844 6.8840 -0.4006
v 0.3993 6.8791 -0.4064
v 0.4114 6.8688 -0.4010
v 0.4135 6.8592 -0.3875
v 0.4045 6.8559 -0.3737
v 0.3896 6.8609 -0.3679
v 0.2233 7.7440 0.5104
v 0.2346 7.7346 0.5126
v 0.0226 7.5211 0.9912
v 0.1642 7.7127 0.6744
v 0.0118 7.5287 0.9882
v 0.1534 7.7204 0.6714
v 0.0083 7.5417 0.9903
v 0.1500 7.7333 0.6735
v 0.0142 7.5523 0.9962
v 0.1559 7.7440 0.6794
v 0.0261 7.5544 1.0026
v 0.1677 7.7461 0.6857
v 0.0368 7.5468 1.0055
v 0.1785 7.7384 0.6887
v 0.0403 7.5338 1.0034
v 0.1819 7.7255 0.6866
v 0.0344 7.5232 0.9975
v 0.1760 7.7148 0.6807
v 0.2194 7.7584 0.5131
v 0.2250 7.7701 0.5194
v 0.2368 7.7721 0.5257
v 0.2479 7.7635 0.5283
v 0.2522 7.7481 0.5252
v 0.2470 7.7352 0.5183
v 0.3401 7.7345 0.2389
v 0.3510 7.7220 0.2433
v 0.3362 7.7501 0.2401
v 0.3413 7.7597 0.2466
v 0.3525 7.7580 0.2542
v 0.3634 7.7457 0.2584
v 0.3675 7.7300 0.2568
v 0.3624 7.7201 0.2506
v 0.4991 7.5261 -0.1211
v 0.5079 7.5210 -0.1088
v 0.5016 7.5375 -0.1322
v 0.5141 7.5475 -0.1361
v 0.5289 7.5513 -0.1298
v 0.5371 7.5475 -0.1169
v 0.5345 7.5367 -0.1055
v 0.5225 7.5254 -0.1023
v 0.4797 7.3387 -0.2419
v 0.4852 7.3243 -0.2353
v 0.4866 7.3509 -0.2511
v 0.5017 7.3537 -0.2576
v 0.5164 7.3455 -0.2576
v 0.5219 7.3311 -0.2510
v 0.5150 7.3190 -0.2418
v 0.4998 7.3161 -0.2353
v 0.1113 6.6379 -0.3860
v 0.1068 6.6407 -0.4019
v 0.1141 6.6477 -0.4152
v 0.1290 6.6548 -0.4182
v 0.1427 6.6578 -0.4091
v 0.1472 6.6551 -0.3932
v 0.1251 6.6410 -0.3769
v 0.1399 6.6481 -0.3799
v 0.1078 7.7832 0.4581
v 0.1183 7.7765 0.4614
v -0.0908 7.5735 0.9471
v 0.0610 7.7420 0.6322
v -0.1016 7.5812 0.9442
v 0.0502 7.7497 0.6293
v -0.1050 7.5941 0.9463
v 0.0468 7.7626 0.6314
v -0.0991 7.6048 0.9522
v 0.0527 7.7733 0.6373
v -0.0873 7.6069 0.9585
v 0.0645 7.7754 0.6436
v -0.0765 7.5992 0.9615
v 0.0753 7.7677 0.6466
v -0.0731 7.5863 0.9594
v 0.0788 7.7548 0.6445
v -0.0790 7.5756 0.9534
v 0.0728 7.7441 0.6386
v 0.1044 7.7961 0.4602
v 0.1100 7.8077 0.4665
v 0.1214 7.8111 0.4733
v 0.1319 7.8043 0.4767
v 0.1354 7.7913 0.4746
v 0.1298 7.7798 0.4683
v 0.2732 7.7666 0.1306
v 0.2801 7.7605 0.1416
v 0.2719 7.7778 0.1279
v 0.2767 7.7875 0.1358
v 0.2847 7.7899 0.1493
v 0.2916 7.7837 0.1599
v 0.2933 7.7726 0.1616
v 0.2886 7.7630 0.1542
v 0.3951 7.5241 -0.2148
v 0.4027 7.5230 -0.2001
v 0.3976 7.5358 -0.2263
v 0.4085 7.5516 -0.2273
v 0.4214 7.5620 -0.2171
v 0.4289 7.5607 -0.2024
v 0.4269 7.5484 -0.1918
v 0.4160 7.5330 -0.1908
v 0.3677 7.3633 -0.3260
v 0.3732 7.3489 -0.3195
v 0.3746 7.3755 -0.3353
v 0.3898 7.3783 -0.3418
v 0.4044 7.3701 -0.3417
v 0.4099 7.3557 -0.3351
v 0.4030 7.3436 -0.3259
v 0.3879 7.3407 -0.3194
v 0.3677 7.3633 -0.3260
v 0.3732 7.3489 -0.3195
v 0.3746 7.3755 -0.3353
v 0.3898 7.3783 -0.3418
v 0.4044 7.3701 -0.3417
v 0.4099 7.3557 -0.3351
v 0.4030 7.3436 -0.3259
v 0.3879 7.3407 -0.3194
v 0.0592 7.7880 0.4404
v 0.0698 7.7808 0.4436
v -0.1400 7.5799 0.9302
v 0.0118 7.7484 0.6153
v -0.1508 7.5876 0.9272
v 0.0010 7.7561 0.6123
v -0.1542 7.6005 0.9293
v -0.0024 7.7691 0.6144
v -0.1483 7.6112 0.9352
v 0.0035 7.7797 0.6203
v -0.1365 7.6133 0.9416
v 0.0153 7.7818 0.6267
v -0.1257 7.6057 0.9445
v 0.0261 7.7742 0.6296
v -0.1223 7.5927 0.9424
v 0.0295 7.7612 0.6275
v -0.1282 7.5821 0.9365
v 0.0236 7.7506 0.6216
v 0.0557 7.8011 0.4426
v 0.0613 7.8125 0.4488
v 0.0729 7.8154 0.4555
v 0.0835 7.8082 0.4587
v 0.0870 7.7951 0.4565
v 0.0814 7.7838 0.4503
v 0.2295 7.7727 0.0987
v 0.2382 7.7663 0.1069
v 0.2279 7.7841 0.0970
v 0.2340 7.7937 0.1031
v 0.2443 7.7960 0.1132
v 0.2530 7.7895 0.1211
v 0.2549 7.7783 0.1224
v 0.2488 7.7687 0.1166
v 0.3416 7.4145 -0.2500
v 0.3509 7.4078 -0.2377
v 0.3440 7.5374 -0.2613
v 0.3562 7.5496 -0.2643
v 0.3711 7.5543 -0.2574
v 0.3803 7.5474 -0.2453
v 0.3785 7.5333 -0.2350
v 0.3663 7.5211 -0.2318
v 0.3116 7.3735 -0.3566
v 0.3171 7.3592 -0.3500
v 0.3184 7.3857 -0.3658
v 0.3336 7.3885 -0.3723
v 0.3482 7.3804 -0.3723
v 0.3537 7.3660 -0.3657
v 0.3469 7.3538 -0.3565
v 0.3317 7.3510 -0.3500
v 0.3116 7.3735 -0.3566
v 0.3171 7.3592 -0.3500
v 0.3184 7.3857 -0.3658
v 0.3336 7.3885 -0.3723
v 0.3482 7.3804 -0.3723
v 0.3537 7.3660 -0.3657
v 0.3469 7.3538 -0.3565
v 0.3317 7.3510 -0.3500
v 0.5480 6.5126 -0.1783
v 0.5494 6.5368 -0.1975
v 0.5551 6.5248 -0.1873
v 0.5172 6.5120 -0.1812
v 0.5323 6.5073 -0.1758
v 0.5115 6.5240 -0.1914
v 0.5186 6.5362 -0.2004
v 0.5342 6.5415 -0.2029
v 0.5721 6.5029 -0.1243
v 0.5735 6.5271 -0.1435
v 0.5792 6.5151 -0.1333
v 0.5413 6.5023 -0.1272
v 0.5564 6.4976 -0.1218
v 0.5356 6.5143 -0.1374
v 0.5427 6.5265 -0.1464
v 0.5584 6.5319 -0.1490
v 0.6284 6.4529 -0.0350
v 0.6464 6.4681 -0.0550
v 0.6424 6.4569 -0.0432
v 0.6042 6.4702 -0.0435
v 0.6126 6.4584 -0.0351
v 0.6083 6.4814 -0.0553
v 0.6223 6.4854 -0.0636
v 0.6381 6.4799 -0.0634
v 0.6425 6.4437 0.0139
v 0.6605 6.4589 -0.0061
v 0.6565 6.4477 0.0057
v 0.6183 6.4611 0.0054
v 0.6267 6.4493 0.0138
v 0.6223 6.4723 -0.0064
v 0.6363 6.4763 -0.0147
v 0.6521 6.4707 -0.0145
v 0.6481 6.8875 0.6639
v 0.6566 6.8814 0.6687
v 0.3610 6.8182 1.0634
v 0.5463 6.9236 0.7829
v 0.3503 6.8258 1.0604
v 0.5378 6.9320 0.7814
v 0.3468 6.8388 1.0625
v 0.5379 6.9436 0.7849
v 0.3527 6.8495 1.0684
v 0.5463 6.9517 0.7914
v 0.3645 6.8516 1.0748
v 0.5581 6.9516 0.7971
v 0.3753 6.8439 1.0778
v 0.5665 6.9432 0.7985
v 0.3787 6.8310 1.0757
v 0.5665 6.9315 0.7948
v 0.3728 6.8203 1.0698
v 0.5582 6.9234 0.7884
v 0.6487 6.8983 0.6623
v 0.6581 6.9077 0.6649
v 0.6706 6.9101 0.6700
v 0.6790 6.9039 0.6747
v 0.6785 6.8930 0.6762
v 0.6692 6.8836 0.6738
v 0.6912 6.8361 0.5542
v 0.7026 6.8294 0.5577
v 0.6905 6.8490 0.5506
v 0.7007 6.8600 0.5490
v 0.7157 6.8631 0.5505
v 0.7268 6.8568 0.5540
v 0.7277 6.8445 0.5574
v 0.7177 6.8330 0.5590
v 0.6960 6.7903 0.4780
v 0.7067 6.7812 0.4850
v 0.6975 6.8041 0.4684
v 0.7105 6.8139 0.4629
v 0.7270 6.8139 0.4643
v 0.7378 6.8046 0.4712
v 0.7363 6.7911 0.4798
v 0.7235 6.7817 0.4856
v 0.6974 6.6427 0.3529
v 0.7005 6.6273 0.3586
v 0.7063 6.6544 0.3449
v 0.7220 6.6556 0.3393
v 0.7354 6.6455 0.3394
v 0.7386 6.6301 0.3452
v 0.7297 6.6184 0.3531
v 0.7139 6.6172 0.3587
v 0.6410 6.9100 0.6468
v 0.6495 6.9033 0.6521
v 0.3417 6.8537 1.0525
v 0.5376 6.9529 0.7781
v 0.3309 6.8614 1.0495
v 0.5292 6.9619 0.7765
v 0.3274 6.8743 1.0515
v 0.5292 6.9740 0.7799
v 0.3333 6.8850 1.0575
v 0.5376 6.9823 0.7865
v 0.3451 6.8871 1.0638
v 0.5495 6.9820 0.7922
v 0.3559 6.8795 1.0668
v 0.5579 6.9731 0.7937
v 0.3594 6.8665 1.0648
v 0.5579 6.9609 0.7901
v 0.3535 6.8559 1.0588
v 0.5496 6.9525 0.7836
v 0.6417 6.9220 0.6447
v 0.6512 6.9320 0.6472
v 0.6637 6.9343 0.6528
v 0.6722 6.9275 0.6580
v 0.6716 6.9156 0.6599
v 0.6622 6.9056 0.6576
v 0.6743 6.8717 0.5352
v 0.6855 6.8636 0.5404
v 0.6740 6.8850 0.5297
v 0.6843 6.8964 0.5274
v 0.6993 6.8985 0.5294
v 0.7103 6.8904 0.5347
v 0.7110 6.8769 0.5400
v 0.7007 6.8657 0.5424
v 0.6840 6.8199 0.4447
v 0.6940 6.8124 0.4533
v 0.6863 6.8316 0.4336
v 0.6994 6.8410 0.4275
v 0.7155 6.8426 0.4297
v 0.7256 6.8343 0.4388
v 0.7236 6.8218 0.4494
v 0.7106 6.8122 0.4551
v 0.6949 6.6666 0.3071
v 0.6980 6.6512 0.3128
v 0.7038 6.6783 0.2991
v 0.7195 6.6795 0.2935
v 0.7329 6.6694 0.2936
v 0.7361 6.6540 0.2994
v 0.7272 6.6423 0.3073
v 0.7114 6.6411 0.3129
v 0.6941 6.4563 0.1561
v 0.7223 6.4617 0.1446
v 0.7091 6.4527 0.1495
v 0.6900 6.4867 0.1601
v 0.6862 6.4704 0.1605
v 0.7033 6.4957 0.1552
v 0.7182 6.4921 0.1487
v 0.7261 6.4780 0.1442
v 0.6848 6.4201 0.1918
v 0.7130 6.4254 0.1803
v 0.6997 6.4165 0.1852
v 0.6807 6.4505 0.1959
v 0.6769 6.4342 0.1962
v 0.6939 6.4595 0.1910
v 0.7089 6.4558 0.1844
v 0.7168 6.4417 0.1800
v 0.6214 6.3500 0.0525
v 0.6395 6.3652 0.0324
v 0.6355 6.3540 0.0442
v 0.5973 6.3674 0.0439
v 0.6056 6.3556 0.0523
v 0.6013 6.3786 0.0321
v 0.6153 6.3826 0.0239
v 0.6311 6.3770 0.0240
v 0.6355 6.3409 0.1014
v 0.6535 6.3561 0.0813
v 0.6495 6.3449 0.0931
v 0.6114 6.3582 0.0928
v 0.6197 6.3464 0.1013
v 0.6154 6.3694 0.0810
v 0.6294 6.3734 0.0728
v 0.6452 6.3679 0.0729
v 0.6584 6.8572 -0.1607
v 0.6639 6.8428 -0.1542
v 0.6653 6.8694 -0.1700
v 0.6805 6.8722 -0.1765
v 0.6951 6.8640 -0.1764
v 0.7006 6.8496 -0.1698
v 0.6937 6.8375 -0.1606
v 0.6786 6.8347 -0.1541
v 0.2906 6.6836 -0.3540
v 0.3055 6.6786 -0.3599
v 0.3144 6.6819 -0.3736
v 0.3123 6.6915 -0.3871
v 0.3002 6.7018 -0.3926
v 0.2854 6.7067 -0.3867
v 0.2785 6.6939 -0.3594
v 0.2764 6.7035 -0.3730
v 0.6563 6.9064 -0.2129
v 0.6618 6.8920 -0.2064
v 0.6631 6.9186 -0.2222
v 0.6783 6.9214 -0.2287
v 0.6929 6.9133 -0.2286
v 0.6984 6.8989 -0.2220
v 0.6916 6.8867 -0.2128
v 0.6764 6.8839 -0.2063
v 0.6126 6.9459 -0.2462
v 0.6278 6.9487 -0.2527
v 0.6346 6.9609 -0.2620
v 0.6291 6.9752 -0.2685
v 0.6145 6.9834 -0.2686
v 0.5993 6.9806 -0.2621
v 0.5980 6.9540 -0.2463
v 0.5925 6.9684 -0.2529
v 0.4376 6.6158 -0.2894
v 0.4504 6.6088 -0.2811
v 0.4363 6.6260 -0.3026
v 0.4472 6.6335 -0.3129
v 0.4639 6.6338 -0.3143
v 0.4766 6.6268 -0.3060
v 0.4779 6.6166 -0.2928
v 0.4670 6.6091 -0.2825
v 0.4376 6.6158 -0.2894
v 0.4504 6.6088 -0.2811
v 0.4363 6.6260 -0.3026
v 0.4472 6.6335 -0.3129
v 0.4639 6.6338 -0.3143
v 0.4766 6.6268 -0.3060
v 0.4779 6.6166 -0.2928
v 0.4670 6.6091 -0.2825
v 0.5787 7.0030 -0.3094
v 0.5842 6.9887 -0.3028
v 0.5855 7.0152 -0.3186
v 0.6007 7.0180 -0.3251
v 0.6153 7.0099 -0.3250
v 0.6208 6.9955 -0.3184
v 0.6140 6.9833 -0.3092
v 0.5988 6.9805 -0.3027
v 0.4918 7.0524 -0.3187
v 0.5067 7.0474 -0.3245
v 0.5157 7.0507 -0.3382
v 0.5135 7.0603 -0.3518
v 0.5015 7.0706 -0.3572
v 0.4866 7.0755 -0.3514
v 0.4798 7.0627 -0.3241
v 0.4776 7.0723 -0.3376
v 0.3882 6.7547 -0.3664
v 0.3937 6.7403 -0.3599
v 0.3950 6.7669 -0.3757
v 0.4102 6.7697 -0.3822
v 0.4248 6.7615 -0.3821
v 0.4303 6.7471 -0.3755
v 0.4235 6.7350 -0.3663
v 0.4083 6.7321 -0.3598
v 0.3882 6.7547 -0.3664
v 0.3937 6.7403 -0.3599
v 0.3950 6.7669 -0.3757
v 0.4102 6.7697 -0.3822
v 0.4248 6.7615 -0.3821
v 0.4303 6.7471 -0.3755
v 0.4235 6.7350 -0.3663
v 0.4083 6.7321 -0.3598
v 0.4176 7.0775 -0.3804
v 0.4197 7.0679 -0.3668
v 0.4266 7.0808 -0.3941
v 0.4415 7.0758 -0.3999
v 0.4535 7.0655 -0.3945
v 0.4557 7.0559 -0.3810
v 0.4467 7.0527 -0.3672
v 0.4318 7.0577 -0.3614
v 0.2906 6.6836 -0.3540
v 0.3055 6.6786 -0.3599
v 0.3144 6.6819 -0.3736
v 0.3123 6.6915 -0.3871
v 0.3002 6.7018 -0.3926
v 0.2854 6.7067 -0.3867
v 0.2785 6.6939 -0.3594
v 0.2764 6.7035 -0.3730
v 0.3154 6.8860 -0.4296
v 0.3176 6.8764 -0.4160
v 0.3244 6.8893 -0.4433
v 0.3393 6.8843 -0.4491
v 0.3513 6.8740 -0.4437
v 0.3535 6.8644 -0.4302
v 0.3445 6.8612 -0.4164
v 0.3296 6.8662 -0.4106
v 0.2047 7.0857 -0.4405
v 0.2002 7.0885 -0.4564
v 0.2032 7.1007 -0.4675
v 0.2117 7.1150 -0.4673
v 0.2210 7.1232 -0.4560
v 0.2254 7.1204 -0.4401
v 0.2139 7.0938 -0.4292
v 0.2225 7.1082 -0.4290
v 0.2164 6.7087 -0.4157
v 0.2185 6.6991 -0.4021
v 0.2254 6.7120 -0.4294
v 0.2402 6.7070 -0.4353
v 0.2523 6.6967 -0.4298
v 0.2544 6.6871 -0.4163
v 0.2454 6.6839 -0.4026
v 0.2306 6.6889 -0.3967
v 0.2164 6.7087 -0.4157
v 0.2185 6.6991 -0.4021
v 0.2254 6.7120 -0.4294
v 0.2402 6.7070 -0.4353
v 0.2523 6.6967 -0.4298
v 0.2544 6.6871 -0.4163
v 0.2454 6.6839 -0.4026
v 0.2306 6.6889 -0.3967
v 0.2911 7.1199 -0.4043
v 0.2825 7.1055 -0.4044
v 0.2940 7.1321 -0.4154
v 0.2896 7.1349 -0.4312
v 0.2803 7.1267 -0.4426
v 0.2718 7.1123 -0.4427
v 0.2689 7.1002 -0.4316
v 0.2733 7.0973 -0.4157
v 0.0608 6.9819 -0.4648
v 0.0560 6.9846 -0.4806
v 0.0615 6.9941 -0.4932
v 0.0743 7.0048 -0.4953
v 0.0867 7.0104 -0.4856
v 0.0916 7.0077 -0.4698
v 0.0732 6.9875 -0.4551
v 0.0860 6.9982 -0.4572
v 0.3509 6.9515 -0.4062
v 0.3423 6.9371 -0.4064
v 0.3538 6.9637 -0.4173
v 0.3493 6.9665 -0.4332
v 0.3401 6.9583 -0.4445
v 0.3315 6.9439 -0.4447
v 0.3286 6.9317 -0.4336
v 0.3331 6.9289 -0.4177
v 0.3509 6.9515 -0.4062
v 0.3423 6.9371 -0.4064
v 0.3538 6.9637 -0.4173
v 0.3493 6.9665 -0.4332
v 0.3401 6.9583 -0.4445
v 0.3315 6.9439 -0.4447
v 0.3286 6.9317 -0.4336
v 0.3331 6.9289 -0.4177
v 0.1443 7.0111 -0.4890
v 0.1316 7.0004 -0.4870
v 0.1499 7.0205 -0.5017
v 0.1450 7.0233 -0.5174
v 0.1326 7.0176 -0.5271
v 0.1199 7.0069 -0.5251
v 0.1143 6.9975 -0.5124
v 0.1192 6.9948 -0.4967
v 0.1113 6.6379 -0.3860
v 0.1068 6.6407 -0.4019
v 0.1141 6.6477 -0.4152
v 0.1290 6.6548 -0.4182
v 0.1427 6.6578 -0.4091
v 0.1472 6.6551 -0.3932
v 0.1251 6.6410 -0.3769
v 0.1399 6.6481 -0.3799
v 0.1919 6.8014 -0.4439
v 0.1771 6.7943 -0.4409
v 0.1992 6.8083 -0.4572
v 0.1947 6.8111 -0.4731
v 0.1810 6.8080 -0.4822
v 0.1661 6.8009 -0.4792
v 0.1588 6.7940 -0.4658
v 0.1633 6.7912 -0.4500
v -0.0879 6.9308 -0.4226
v -0.0928 6.9330 -0.4384
v -0.0863 6.9406 -0.4518
v -0.0721 6.9491 -0.4549
v -0.0587 6.9535 -0.4459
v -0.0539 6.9512 -0.4301
v -0.0745 6.9352 -0.4136
v -0.0604 6.9437 -0.4167
v 0.1987 6.6442 -0.4134
v 0.1838 6.6371 -0.4104
v 0.2060 6.6512 -0.4267
v 0.2015 6.6539 -0.4426
v 0.1877 6.6509 -0.4517
v 0.1729 6.6438 -0.4487
v 0.1656 6.6368 -0.4353
v 0.1701 6.6340 -0.4195
v 0.1987 6.6442 -0.4134
v 0.1838 6.6371 -0.4104
v 0.2060 6.6512 -0.4267
v 0.2015 6.6539 -0.4426
v 0.1877 6.6509 -0.4517
v 0.1729 6.6438 -0.4487
v 0.1656 6.6368 -0.4353
v 0.1701 6.6340 -0.4195
v -0.0054 6.9620 -0.4590
v -0.0195 6.9535 -0.4558
v 0.0012 6.9695 -0.4724
v -0.0037 6.9718 -0.4882
v -0.0171 6.9674 -0.4972
v -0.0312 6.9589 -0.4941
v -0.0377 6.9513 -0.4807
v -0.0329 6.9491 -0.4648
v 0.0436 6.7538 -0.4595
v 0.0295 6.7453 -0.4563
v 0.0501 6.7614 -0.4729
v 0.0453 6.7636 -0.4887
v 0.0319 6.7592 -0.4977
v 0.0177 6.7507 -0.4946
v 0.0112 6.7431 -0.4812
v 0.0161 6.7409 -0.4653
v 0.0436 6.7538 -0.4595
v 0.0295 6.7453 -0.4563
v 0.0501 6.7614 -0.4729
v 0.0453 6.7636 -0.4887
v 0.0319 6.7592 -0.4977
v 0.0177 6.7507 -0.4946
v 0.0112 6.7431 -0.4812
v 0.0161 6.7409 -0.4653
v -0.2368 6.5153 -0.1975
v -0.2492 6.5041 -0.1961
v -0.2293 6.5231 -0.2103
v -0.2311 6.5229 -0.2269
v -0.2411 6.5149 -0.2376
v -0.2535 6.5037 -0.2362
v -0.2610 6.4960 -0.2235
v -0.2592 6.4961 -0.2068
v -0.2368 6.5153 -0.1975
v -0.2492 6.5041 -0.1961
v -0.2293 6.5231 -0.2103
v -0.2311 6.5229 -0.2269
v -0.2411 6.5149 -0.2376
v -0.2535 6.5037 -0.2362
v -0.2610 6.4960 -0.2235
v -0.2592 6.4961 -0.2068
v -0.1890 6.5169 -0.2172
v -0.2014 6.5057 -0.2158
v -0.1814 6.5246 -0.2300
v -0.1832 6.5245 -0.2466
v -0.1932 6.5165 -0.2574
v -0.2056 6.5053 -0.2559
v -0.2131 6.4975 -0.2432
v -0.2114 6.4977 -0.2266
v -0.1890 6.5169 -0.2172
v -0.2014 6.5057 -0.2158
v -0.1814 6.5246 -0.2300
v -0.1832 6.5245 -0.2466
v -0.1932 6.5165 -0.2574
v -0.2056 6.5053 -0.2559
v -0.2131 6.4975 -0.2432
v -0.2114 6.4977 -0.2266
v -0.1608 6.5852 -0.3590
v -0.1732 6.5740 -0.3576
v -0.1533 6.5930 -0.3717
v -0.1551 6.5929 -0.3884
v -0.1651 6.5848 -0.3991
v -0.1775 6.5736 -0.3977
v -0.1850 6.5658 -0.3849
v -0.1832 6.5660 -0.3683
v -0.1608 6.5852 -0.3590
v -0.1732 6.5740 -0.3576
v -0.1533 6.5930 -0.3717
v -0.1551 6.5929 -0.3884
v -0.1651 6.5848 -0.3991
v -0.1775 6.5736 -0.3977
v -0.1850 6.5658 -0.3849
v -0.1832 6.5660 -0.3683
v -0.1099 6.5879 -0.3905
v -0.1223 6.5767 -0.3891
v -0.1024 6.5957 -0.4032
v -0.1042 6.5955 -0.4199
v -0.1141 6.5875 -0.4306
v -0.1265 6.5763 -0.4292
v -0.1340 6.5685 -0.4165
v -0.1323 6.5686 -0.3998
v -0.1099 6.5879 -0.3905
v -0.1223 6.5767 -0.3891
v -0.1024 6.5957 -0.4032
v -0.1042 6.5955 -0.4199
v -0.1141 6.5875 -0.4306
v -0.1265 6.5763 -0.4292
v -0.1340 6.5685 -0.4165
v -0.1323 6.5686 -0.3998
v -0.5129 6.7764 -0.0849
v -0.5253 6.7672 -0.0893
v -0.5062 6.7901 -0.0920
v -0.5102 6.7999 -0.1056
v -0.5219 6.8000 -0.1179
v -0.5342 6.7907 -0.1222
v -0.5401 6.7772 -0.1159
v -0.5366 6.7677 -0.1022
v -0.4608 6.6333 -0.1203
v -0.4694 6.6190 -0.1204
v -0.4579 6.6455 -0.1314
v -0.4623 6.6483 -0.1472
v -0.4716 6.6402 -0.1586
v -0.4802 6.6258 -0.1587
v -0.4831 6.6136 -0.1476
v -0.4787 6.6108 -0.1317
v -0.5906 6.9225 0.0810
v -0.6033 6.9166 0.0734
v -0.6978 6.8234 0.5923
v -0.6560 6.9761 0.2215
v -0.6886 6.8311 0.5988
v -0.6506 6.9865 0.2261
v -0.6881 6.8441 0.6028
v -0.6539 6.9990 0.2255
v -0.6964 6.8547 0.6020
v -0.6641 7.0065 0.2201
v -0.7088 6.8568 0.5968
v -0.6752 7.0045 0.2132
v -0.7179 6.8492 0.5903
v -0.6805 6.9942 0.2086
v -0.7184 6.8362 0.5863
v -0.6770 6.9815 0.2092
v -0.7101 6.8256 0.5871
v -0.6668 6.9739 0.2145
v -0.5861 6.9374 0.0824
v -0.5925 6.9526 0.0768
v -0.6059 6.9592 0.0676
v -0.6183 6.9533 0.0599
v -0.6228 6.9384 0.0583
v -0.6166 6.9233 0.0638
v -0.5466 6.8688 -0.0384
v -0.5578 6.8604 -0.0443
v -0.5419 6.8823 -0.0413
v -0.5463 6.8934 -0.0510
v -0.5573 6.8952 -0.0617
v -0.5686 6.8873 -0.0675
v -0.5733 6.8740 -0.0650
v -0.5689 6.8627 -0.0555
v -0.4788 6.8062 -0.0959
v -0.4920 6.7987 -0.0985
v -0.4716 6.8179 -0.1046
v -0.4751 6.8273 -0.1186
v -0.4870 6.8288 -0.1300
v -0.5006 6.8205 -0.1322
v -0.5077 6.8080 -0.1242
v -0.5040 6.7984 -0.1105
v -0.4191 6.6530 -0.1438
v -0.4277 6.6387 -0.1439
v -0.4162 6.6652 -0.1549
v -0.4207 6.6680 -0.1708
v -0.4299 6.6599 -0.1821
v -0.4385 6.6455 -0.1822
v -0.4415 6.6334 -0.1711
v -0.4370 6.6305 -0.1552
v -0.2981 6.3915 -0.0491
v -0.3105 6.3804 -0.0476
v -0.2906 6.3993 -0.0618
v -0.2923 6.3992 -0.0784
v -0.3024 6.3912 -0.0892
v -0.3148 6.3800 -0.0878
v -0.3223 6.3722 -0.0750
v -0.3205 6.3724 -0.0584
v -0.2981 6.3915 -0.0491
v -0.3105 6.3804 -0.0476
v -0.2906 6.3993 -0.0618
v -0.2923 6.3992 -0.0784
v -0.3024 6.3912 -0.0892
v -0.3148 6.3800 -0.0878
v -0.3223 6.3722 -0.0750
v -0.3205 6.3724 -0.0584
v -0.2503 6.3931 -0.0688
v -0.2627 6.3820 -0.0673
v -0.2427 6.4009 -0.0815
v -0.2445 6.4008 -0.0981
v -0.2545 6.3928 -0.1089
v -0.2669 6.3816 -0.1075
v -0.2744 6.3738 -0.0947
v -0.2727 6.3740 -0.0781
v -0.2503 6.3931 -0.0688
v -0.2627 6.3820 -0.0673
v -0.2427 6.4009 -0.0815
v -0.2445 6.4008 -0.0981
v -0.2545 6.3928 -0.1089
v -0.2669 6.3816 -0.1075
v -0.2744 6.3738 -0.0947
v -0.2727 6.3740 -0.0781
v -0.6514 7.0888 0.7042
v -0.6651 7.0838 0.7084
v -0.3673 7.0323 1.0980
v -0.5914 7.1491 0.8224
v -0.3565 7.0400 1.0951
v -0.5844 7.1589 0.8213
v -0.3530 7.0529 1.0972
v -0.5869 7.1709 0.8236
v -0.3590 7.0636 1.1031
v -0.5974 7.1782 0.8281
v -0.3709 7.0657 1.1093
v -0.6099 7.1766 0.8321
v -0.3817 7.0581 1.1122
v -0.6168 7.1669 0.8333
v -0.3851 7.0451 1.1101
v -0.6143 7.1547 0.8308
v -0.3792 7.0344 1.1042
v -0.6037 7.1473 0.8263
v -0.6477 7.1026 0.7022
v -0.6561 7.1170 0.7037
v -0.6714 7.1234 0.7077
v -0.6849 7.1181 0.7117
v -0.6888 7.1043 0.7135
v -0.6807 7.0902 0.7122
v -0.6854 7.0277 0.5664
v -0.6976 7.0211 0.5694
v -0.6840 7.0404 0.5628
v -0.6941 7.0515 0.5609
v -0.7095 7.0548 0.5618
v -0.7215 7.0485 0.5649
v -0.7231 7.0363 0.5681
v -0.7132 7.0248 0.5700
v -0.6806 6.9708 0.4923
v -0.6919 6.9616 0.4991
v -0.6819 6.9845 0.4826
v -0.6950 6.9943 0.4771
v -0.7119 6.9944 0.4783
v -0.7230 6.9851 0.4850
v -0.7219 6.9716 0.4936
v -0.7091 6.9621 0.4996
v -0.7009 6.8650 0.3880
v -0.7064 6.8506 0.3946
v -0.7076 6.8771 0.3787
v -0.7227 6.8799 0.3721
v -0.7373 6.8718 0.3721
v -0.7429 6.8574 0.3786
v -0.7362 6.8453 0.3879
v -0.7211 6.8424 0.3946
v -0.7049 6.8080 0.6253
v -0.7147 6.8194 0.6235
v -0.7131 6.8317 0.6202
v -0.7012 6.8379 0.6171
v -0.6858 6.8347 0.6162
v -0.6757 6.8235 0.6181
v -0.6893 6.8043 0.6247
v -0.6771 6.8108 0.6217
v -0.6300 7.1149 0.6846
v -0.6440 7.1091 0.6895
v -0.3478 7.0679 1.0872
v -0.5868 7.1794 0.8157
v -0.3370 7.0755 1.0843
v -0.5799 7.1898 0.8144
v -0.3336 7.0885 1.0864
v -0.5825 7.2023 0.8166
v -0.3395 7.0991 1.0923
v -0.5931 7.2098 0.8210
v -0.3514 7.1013 1.0985
v -0.6054 7.2078 0.8252
v -0.3622 7.0936 1.1014
v -0.6123 7.1975 0.8264
v -0.3656 7.0807 1.0993
v -0.6097 7.1848 0.8240
v -0.3597 7.0700 1.0934
v -0.5991 7.1772 0.8196
v -0.6261 7.1298 0.6820
v -0.6345 7.1451 0.6833
v -0.6501 7.1516 0.6878
v -0.6639 7.1457 0.6926
v -0.6680 7.1308 0.6949
v -0.6598 7.1157 0.6937
v -0.6660 7.0632 0.5478
v -0.6777 7.0548 0.5527
v -0.6652 7.0766 0.5423
v -0.6755 7.0878 0.5396
v -0.6908 7.0896 0.5413
v -0.7025 7.0817 0.5463
v -0.7035 7.0684 0.5515
v -0.6934 7.0571 0.5542
v -0.6675 7.0006 0.4590
v -0.6779 6.9930 0.4675
v -0.6696 7.0123 0.4479
v -0.6827 7.0217 0.4417
v -0.6991 7.0232 0.4437
v -0.7095 7.0149 0.4528
v -0.7077 7.0024 0.4633
v -0.6947 6.9928 0.4692
v -0.6926 6.8847 0.3410
v -0.6982 6.8703 0.3475
v -0.6993 6.8968 0.3316
v -0.7145 6.8997 0.3250
v -0.7291 6.8915 0.3250
v -0.7347 6.8772 0.3315
v -0.7279 6.8650 0.3408
v -0.7128 6.8622 0.3475
v -0.6723 6.8733 0.7675
v -0.6805 6.8875 0.7688
v -0.6766 6.9012 0.7670
v -0.6631 6.9066 0.7630
v -0.6477 6.9001 0.7590
v -0.6394 6.8857 0.7576
v -0.5954 6.9304 0.8816
v -0.3708 6.8176 1.1595
v -0.6069 7.2303 0.6093
v -0.6183 7.2233 0.6143
v -0.4189 7.1959 1.0158
v -0.5939 7.2829 0.7795
v -0.4081 7.2035 1.0129
v -0.5826 7.2894 0.7754
v -0.4047 7.2165 1.0151
v -0.5780 7.3034 0.7741
v -0.4106 7.2274 1.0211
v -0.5826 7.3168 0.7767
v -0.4225 7.2297 1.0274
v -0.5938 7.3217 0.7815
v -0.4333 7.2221 1.0303
v -0.6050 7.3152 0.7855
v -0.4367 7.2091 1.0281
v -0.6098 7.3010 0.7866
v -0.4308 7.1983 1.0221
v -0.6052 7.2876 0.7841
v -0.6032 7.2459 0.6060
v -0.6092 7.2605 0.6065
v -0.6214 7.2661 0.6104
v -0.6328 7.2592 0.6153
v -0.6368 7.2439 0.6183
v -0.6308 7.2289 0.6180
v -0.6662 7.1671 0.4618
v -0.6767 7.1598 0.4705
v -0.6661 7.1796 0.4526
v -0.6763 7.1905 0.4489
v -0.6909 7.1931 0.4523
v -0.7016 7.1858 0.4605
v -0.7021 7.1729 0.4691
v -0.6917 7.1621 0.4734
v -0.6804 7.1026 0.3247
v -0.6898 7.0949 0.3372
v -0.6831 7.1168 0.3091
v -0.6961 7.1300 0.2996
v -0.7119 7.1336 0.3020
v -0.7214 7.1256 0.3147
v -0.7191 7.1107 0.3302
v -0.7059 7.0981 0.3397
v -0.7145 6.9162 0.2086
v -0.7201 6.9018 0.2151
v -0.7213 6.9284 0.1993
v -0.7364 6.9312 0.1926
v -0.7510 6.9230 0.1926
v -0.7566 6.9087 0.1991
v -0.7498 6.8965 0.2084
v -0.7347 6.8937 0.2150
v -0.6059 6.9378 0.8861
v -0.3768 6.8282 1.1654
v -0.6085 6.9500 0.8886
v -0.3733 6.8412 1.1675
v -0.6015 6.9597 0.8875
v -0.3625 6.8488 1.1646
v -0.5891 6.9613 0.8834
v -0.3507 6.8467 1.1584
v -0.5923 7.2732 0.5836
v -0.6041 7.2653 0.5893
v -0.4033 7.2392 1.0048
v -0.5779 7.3209 0.7619
v -0.3924 7.2469 1.0019
v -0.5663 7.3281 0.7574
v -0.3890 7.2601 1.0042
v -0.5613 7.3428 0.7560
v -0.3949 7.2712 1.0103
v -0.5658 7.3567 0.7587
v -0.4067 7.2736 1.0167
v -0.5770 7.3615 0.7637
v -0.4175 7.2660 1.0196
v -0.5884 7.3544 0.7680
v -0.4210 7.2528 1.0173
v -0.5935 7.3394 0.7692
v -0.4151 7.2417 1.0112
v -0.5892 7.3255 0.7667
v -0.5880 7.2896 0.5800
v -0.5936 7.3047 0.5808
v -0.6057 7.3098 0.5854
v -0.6175 7.3021 0.5908
v -0.6221 7.2860 0.5941
v -0.6165 7.2707 0.5935
v -0.6566 7.2157 0.4168
v -0.6677 7.2059 0.4263
v -0.6556 7.2316 0.4078
v -0.6648 7.2438 0.4048
v -0.6789 7.2456 0.4088
v -0.6901 7.2355 0.4173
v -0.6919 7.2198 0.4261
v -0.6826 7.2075 0.4301
v -0.6811 7.1305 0.2675
v -0.6910 7.1249 0.2771
v -0.6831 7.1428 0.2561
v -0.6957 7.1549 0.2498
v -0.7114 7.1599 0.2523
v -0.7213 7.1536 0.2621
v -0.7196 7.1405 0.2734
v -0.7071 7.1286 0.2794
v -0.7147 6.9403 0.1537
v -0.7202 6.9259 0.1602
v -0.7214 6.9525 0.1444
v -0.7365 6.9553 0.1378
v -0.7512 6.9472 0.1377
v -0.7567 6.9328 0.1442
v -0.7500 6.9206 0.1535
v -0.7349 6.9178 0.1602
v -0.5786 6.9541 0.8789
v -0.3447 6.8360 1.1525
v -0.5761 6.9421 0.8766
v -0.3482 6.8231 1.1504
v -0.5831 6.9322 0.8777
v -0.3590 6.8154 1.1533
v -0.6568 6.8669 0.7637
v -0.6431 6.8720 0.7595
v -0.5414 7.4063 0.5852
v -0.5544 7.3972 0.5905
v -0.3081 7.3421 1.0626
v -0.4783 7.4162 0.7501
v -0.2973 7.3498 1.0597
v -0.4669 7.4257 0.7464
v -0.2938 7.3627 1.0619
v -0.4623 7.4435 0.7478
v -0.2998 7.3734 1.0678
v -0.4674 7.4591 0.7538
v -0.3117 7.3755 1.0740
v -0.4789 7.4634 0.7603
v -0.3225 7.3678 1.0769
v -0.4900 7.4542 0.7633
v -0.3259 7.3549 1.0747
v -0.4945 7.4367 0.7613
v -0.3199 7.3442 1.0688
v -0.4897 7.4209 0.7561
v -0.5346 7.4231 0.5834
v -0.5378 7.4377 0.5864
v -0.5491 7.4417 0.5920
v -0.5620 7.4327 0.5969
v -0.5690 7.4159 0.5985
v -0.5659 7.4012 0.5959
v -0.6105 7.3560 0.3758
v -0.6247 7.3408 0.3836
v -0.6036 7.3785 0.3710
v -0.6077 7.3947 0.3724
v -0.6206 7.3960 0.3785
v -0.6349 7.3819 0.3854
v -0.6422 7.3599 0.3896
v -0.6381 7.3423 0.3891
v -0.6776 7.2599 0.1876
v -0.6867 7.2564 0.1973
v -0.6796 7.2716 0.1775
v -0.6913 7.2849 0.1732
v -0.7056 7.2919 0.1775
v -0.7144 7.2886 0.1874
v -0.7127 7.2764 0.1970
v -0.7012 7.2629 0.2009
v -0.6496 7.0818 0.0906
v -0.6552 7.0674 0.0971
v -0.6564 7.0940 0.0813
v -0.6715 7.0968 0.0747
v -0.6861 7.0886 0.0746
v -0.6917 7.0742 0.0811
v -0.6849 7.0621 0.0904
v -0.6698 7.0592 0.0970
v -0.6112 6.7130 -0.0501
v -0.6178 6.7045 -0.0373
v -0.6175 6.7206 -0.0637
v -0.6328 6.7228 -0.0700
v -0.6483 6.7184 -0.0654
v -0.6548 6.7099 -0.0525
v -0.6486 6.7023 -0.0389
v -0.6333 6.7001 -0.0326
v -0.4840 7.4787 0.5677
v -0.4973 7.4685 0.5724
v -0.2731 7.3895 1.0416
v -0.4175 7.4832 0.7342
v -0.2622 7.3972 1.0387
v -0.4064 7.4932 0.7322
v -0.2588 7.4101 1.0408
v -0.4024 7.5110 0.7365
v -0.2648 7.4208 1.0467
v -0.4080 7.5258 0.7444
v -0.2767 7.4229 1.0529
v -0.4197 7.5293 0.7513
v -0.2875 7.4153 1.0558
v -0.4307 7.5198 0.7532
v -0.2909 7.4023 1.0537
v -0.4346 7.5024 0.7490
v -0.2849 7.3917 1.0478
v -0.4292 7.4871 0.7411
v -0.4767 7.4971 0.5671
v -0.4796 7.5131 0.5710
v -0.4908 7.5171 0.5769
v -0.5038 7.5066 0.5812
v -0.5113 7.4880 0.5817
v -0.5087 7.4722 0.5782
v -0.5719 7.4564 0.3577
v -0.5814 7.4443 0.3623
v -0.5671 7.4733 0.3563
v -0.5693 7.4848 0.3587
v -0.5775 7.4840 0.3633
v -0.5871 7.4716 0.3671
v -0.5924 7.4557 0.3687
v -0.5903 7.4442 0.3672
v -0.6723 7.3093 0.1415
v -0.6815 7.3043 0.1527
v -0.6737 7.3234 0.1307
v -0.6850 7.3384 0.1269
v -0.6987 7.3458 0.1322
v -0.7071 7.3405 0.1429
v -0.7064 7.3259 0.1534
v -0.6958 7.3110 0.1575
v -0.6470 7.1310 0.0384
v -0.6525 7.1166 0.0449
v -0.6537 7.1432 0.0291
v -0.6688 7.1460 0.0225
v -0.6835 7.1378 0.0224
v -0.6890 7.1234 0.0289
v -0.6823 7.1113 0.0382
v -0.6671 7.1084 0.0449
v -0.6112 6.7130 -0.0501
v -0.6178 6.7045 -0.0373
v -0.6175 6.7206 -0.0637
v -0.6328 6.7228 -0.0700
v -0.6483 6.7184 -0.0654
v -0.6548 6.7099 -0.0525
v -0.6486 6.7023 -0.0389
v -0.6333 6.7001 -0.0326
v -0.3892 7.5705 0.5723
v -0.4015 7.5560 0.5757
v -0.1781 7.4094 1.0502
v -0.3272 7.5494 0.7600
v -0.1673 7.4170 1.0474
v -0.3161 7.5596 0.7584
v -0.1639 7.4300 1.0495
v -0.3123 7.5760 0.7623
v -0.1698 7.4406 1.0554
v -0.3180 7.5890 0.7694
v -0.1817 7.4427 1.0616
v -0.3299 7.5912 0.7756
v -0.1925 7.4351 1.0645
v -0.3410 7.5814 0.7774
v -0.1960 7.4221 1.0623
v -0.3448 7.5651 0.7736
v -0.1900 7.4115 1.0564
v -0.3391 7.5517 0.7663
v -0.3840 7.5928 0.5746
v -0.3889 7.6098 0.5812
v -0.4008 7.6121 0.5873
v -0.4126 7.5982 0.5892
v -0.4179 7.5759 0.5868
v -0.4134 7.5583 0.5817
v -0.4720 7.5499 0.3546
v -0.4834 7.5354 0.3608
v -0.4673 7.5683 0.3531
v -0.4718 7.5796 0.3577
v -0.4830 7.5778 0.3654
v -0.4943 7.5639 0.3712
v -0.4993 7.5456 0.3722
v -0.4948 7.5336 0.3679
v -0.5841 7.3950 0.0896
v -0.5920 7.3932 0.1016
v -0.5864 7.4058 0.0788
v -0.5974 7.4198 0.0758
v -0.6103 7.4293 0.0826
v -0.6179 7.4242 0.0946
v -0.6167 7.4081 0.1036
v -0.6058 7.3953 0.1066
v -0.5833 7.2003 -0.0179
v -0.5889 7.1859 -0.0114
v -0.5901 7.2125 -0.0272
v -0.6052 7.2153 -0.0339
v -0.6198 7.2071 -0.0339
v -0.6254 7.1927 -0.0274
v -0.6186 7.1806 -0.0181
v -0.6035 7.1777 -0.0115
v -0.5142 6.7828 -0.1574
v -0.5213 6.7757 -0.1441
v -0.5198 6.7897 -0.1715
v -0.5350 6.7925 -0.1781
v -0.5507 6.7894 -0.1733
v -0.5579 6.7823 -0.1599
v -0.5522 6.7754 -0.1458
v -0.5370 6.7726 -0.1393
v -0.3350 7.6475 0.5645
v -0.3466 7.6335 0.5650
v -0.1497 7.4784 1.0406
v -0.2767 7.6059 0.7521
v -0.1388 7.4861 1.0377
v -0.2656 7.6159 0.7504
v -0.1354 7.4990 1.0398
v -0.2618 7.6317 0.7539
v -0.1414 7.5097 1.0457
v -0.2676 7.6441 0.7607
v -0.1532 7.5118 1.0519
v -0.2795 7.6461 0.7669
v -0.1641 7.5041 1.0548
v -0.2905 7.6366 0.7688
v -0.1675 7.4912 1.0527
v -0.2943 7.6207 0.7652
v -0.1615 7.4805 1.0468
v -0.2885 7.6079 0.7582
v -0.3307 7.6685 0.5698
v -0.3361 7.6842 0.5780
v -0.3480 7.6863 0.5842
v -0.3594 7.6735 0.5847
v -0.3637 7.6525 0.5793
v -0.3585 7.6356 0.5712
v -0.4218 7.6117 0.3254
v -0.4319 7.6043 0.3319
v -0.4178 7.6242 0.3246
v -0.4220 7.6346 0.3304
v -0.4320 7.6369 0.3392
v -0.4420 7.6298 0.3454
v -0.4473 7.6141 0.3443
v -0.4431 7.6035 0.3388
v -0.5726 7.4173 0.0337
v -0.5813 7.4133 0.0460
v -0.5740 7.4310 0.0231
v -0.5848 7.4459 0.0204
v -0.5983 7.4529 0.0272
v -0.6070 7.4485 0.0394
v -0.6058 7.4353 0.0497
v -0.5950 7.4211 0.0526
v -0.5690 7.2349 -0.0743
v -0.5746 7.2205 -0.0678
v -0.5758 7.2471 -0.0836
v -0.5909 7.2499 -0.0902
v -0.6055 7.2417 -0.0903
v -0.6111 7.2274 -0.0838
v -0.6043 7.2152 -0.0745
v -0.5892 7.2124 -0.0678
v -0.2422 7.6991 0.5766
v -0.2536 7.6866 0.5771
v -0.0451 7.4295 1.0656
v -0.1874 7.6798 0.7492
v -0.0343 7.4372 1.0628
v -0.1765 7.6880 0.7465
v -0.0309 7.4501 1.0649
v -0.1731 7.7011 0.7487
v -0.0368 7.4608 1.0708
v -0.1791 7.7118 0.7546
v -0.0487 7.4629 1.0770
v -0.1909 7.7139 0.7609
v -0.0595 7.4553 1.0799
v -0.2018 7.7062 0.7637
v -0.0630 7.4423 1.0778
v -0.2052 7.6929 0.7614
v -0.0570 7.4316 1.0719
v -0.1993 7.6818 0.7553
v -0.2382 7.7174 0.5814
v -0.2439 7.7308 0.5888
v -0.2558 7.7320 0.5945
v -0.2671 7.7201 0.5952
v -0.2712 7.7017 0.5903
v -0.2656 7.6876 0.5827
v -0.3266 7.6734 0.3082
v -0.3381 7.6651 0.3116
v -0.3217 7.6869 0.3109
v -0.3263 7.6976 0.3183
v -0.3375 7.6992 0.3258
v -0.3489 7.6908 0.3288
v -0.3539 7.6773 0.3258
v -0.3495 7.6666 0.3188
v -0.4904 7.5044 -0.0393
v -0.5013 7.4922 -0.0302
v -0.4922 7.5200 -0.0491
v -0.5026 7.5350 -0.0507
v -0.5153 7.5388 -0.0433
v -0.5262 7.5262 -0.0346
v -0.5273 7.5077 -0.0271
v -0.5168 7.4937 -0.0250
v -0.4749 7.3045 -0.1648
v -0.4805 7.2901 -0.1583
v -0.4817 7.3167 -0.1741
v -0.4968 7.3195 -0.1807
v -0.5114 7.3114 -0.1808
v -0.5170 7.2970 -0.1743
v -0.5102 7.2848 -0.1650
v -0.4951 7.2820 -0.1584
v -0.4055 6.8418 -0.2833
v -0.4111 6.8274 -0.2767
v -0.4123 6.8539 -0.2926
v -0.4274 6.8568 -0.2992
v -0.4420 6.8486 -0.2993
v -0.4476 6.8342 -0.2927
v -0.4408 6.8220 -0.2834
v -0.4257 6.8192 -0.2768
v -0.1853 7.7213 0.5630
v -0.1964 7.7109 0.5645
v 0.0171 7.4522 1.0458
v -0.1318 7.6902 0.7295
v 0.0280 7.4598 1.0429
v -0.1210 7.6979 0.7267
v 0.0314 7.4728 1.0451
v -0.1175 7.7108 0.7288
v 0.0254 7.4834 1.0510
v -0.1235 7.7215 0.7347
v 0.0135 7.4856 1.0572
v -0.1354 7.7236 0.7409
v 0.0027 7.4779 1.0601
v -0.1462 7.7159 0.7438
v -0.0007 7.4649 1.0579
v -0.1496 7.7030 0.7416
v 0.0053 7.4543 1.0520
v -0.1436 7.6923 0.7357
v -0.1817 7.7357 0.5658
v -0.1875 7.7474 0.5723
v -0.1994 7.7495 0.5785
v -0.2103 7.7409 0.5809
v -0.2141 7.7245 0.5770
v -0.2084 7.7115 0.5699
v -0.2713 7.7012 0.2853
v -0.2816 7.6872 0.2899
v -0.2677 7.7178 0.2866
v -0.2728 7.7275 0.2933
v -0.2836 7.7250 0.3012
v -0.2938 7.7115 0.3055
v -0.2976 7.6948 0.3036
v -0.2925 7.6844 0.2974
v -0.4333 7.5036 -0.0811
v -0.4423 7.4987 -0.0687
v -0.4356 7.5150 -0.0923
v -0.4480 7.5250 -0.0963
v -0.4627 7.5291 -0.0901
v -0.4711 7.5254 -0.0771
v -0.4687 7.5147 -0.0656
v -0.4569 7.5032 -0.0623
v -0.4122 7.3162 -0.2020
v -0.4178 7.3018 -0.1955
v -0.4190 7.3284 -0.2113
v -0.4341 7.3312 -0.2179
v -0.4487 7.3230 -0.2180
v -0.4542 7.3087 -0.2115
v -0.4475 7.2965 -0.2022
v -0.4324 7.2937 -0.1956
v -0.4055 6.8418 -0.2833
v -0.4111 6.8274 -0.2767
v -0.4123 6.8539 -0.2926
v -0.4274 6.8568 -0.2992
v -0.4420 6.8486 -0.2993
v -0.4476 6.8342 -0.2927
v -0.4408 6.8220 -0.2834
v -0.4257 6.8192 -0.2768
v -0.0656 7.7647 0.5129
v -0.0763 7.7582 0.5163
v 0.1207 7.5510 1.0046
v -0.0282 7.7195 0.6884
v 0.1315 7.5587 1.0018
v -0.0174 7.7272 0.6855
v 0.1350 7.5716 1.0039
v -0.0140 7.7401 0.6876
v 0.1290 7.5823 1.0098
v -0.0199 7.7508 0.6935
v 0.1171 7.5844 1.0160
v -0.0318 7.7529 0.6997
v 0.1063 7.5767 1.0189
v -0.0426 7.7452 0.7026
v 0.1029 7.5638 1.0167
v -0.0460 7.7323 0.7005
v 0.1088 7.5531 1.0109
v -0.0401 7.7216 0.6946
v -0.0621 7.7776 0.5150
v -0.0680 7.7893 0.5214
v -0.0797 7.7928 0.5283
v -0.0904 7.7861 0.5317
v -0.0940 7.7716 0.5288
v -0.0881 7.7605 0.5226
v -0.1931 7.7468 0.1882
v -0.1999 7.7405 0.2007
v -0.1914 7.7579 0.1851
v -0.1954 7.7672 0.1942
v -0.2029 7.7692 0.2097
v -0.2099 7.7627 0.2217
v -0.2121 7.7516 0.2236
v -0.2079 7.7425 0.2150
v -0.3247 7.5172 -0.1659
v -0.3319 7.5194 -0.1495
v -0.3272 7.5275 -0.1778
v -0.3386 7.5434 -0.1796
v -0.3523 7.5528 -0.1714
v -0.3607 7.5474 -0.1589
v -0.3592 7.5334 -0.1491
v -0.3468 7.5249 -0.1440
v -0.2994 7.3408 -0.2851
v -0.3050 7.3264 -0.2786
v -0.3062 7.3530 -0.2944
v -0.3213 7.3558 -0.3010
v -0.3359 7.3476 -0.3011
v -0.3415 7.3332 -0.2946
v -0.3347 7.3211 -0.2853
v -0.3196 7.3182 -0.2787
v -0.2994 7.3408 -0.2851
v -0.3050 7.3264 -0.2786
v -0.3062 7.3530 -0.2944
v -0.3213 7.3558 -0.3010
v -0.3359 7.3476 -0.3011
v -0.3415 7.3332 -0.2946
v -0.3347 7.3211 -0.2853
v -0.3196 7.3182 -0.2787
v -0.0165 7.7681 0.4948
v -0.0273 7.7613 0.4981
v 0.1763 7.5000 0.9677
v 0.0212 7.7260 0.6719
v 0.1883 7.5054 0.9643
v 0.0320 7.7336 0.6690
v 0.1942 7.5175 0.9662
v 0.0354 7.7466 0.6711
v 0.1906 7.5291 0.9723
v 0.0294 7.7572 0.6770
v 0.1797 7.5334 0.9790
v 0.0176 7.7593 0.6832
v 0.1677 7.5280 0.9823
v 0.0068 7.7517 0.6861
v 0.1618 7.5160 0.9804
v 0.0033 7.7387 0.6840
v 0.1653 7.5044 0.9744
v 0.0093 7.7281 0.6781
v -0.0131 7.7811 0.4970
v -0.0190 7.7927 0.5033
v -0.0307 7.7960 0.5101
v -0.0414 7.7891 0.5134
v -0.0449 7.7760 0.5112
v -0.0390 7.7645 0.5049
v -0.1532 7.7530 0.1472
v -0.1612 7.7467 0.1578
v -0.1515 7.7642 0.1446
v -0.1566 7.7737 0.1518
v -0.1657 7.7759 0.1645
v -0.1737 7.7694 0.1747
v -0.1759 7.7583 0.1766
v -0.1707 7.7489 0.1697
v -0.2738 7.5036 -0.2081
v -0.2825 7.4999 -0.1945
v -0.2761 7.5158 -0.2196
v -0.2881 7.5295 -0.2219
v -0.3025 7.5365 -0.2136
v -0.3111 7.5326 -0.2000
v -0.3090 7.5202 -0.1890
v -0.2972 7.5066 -0.1867
v -0.2430 7.3510 -0.3151
v -0.2486 7.3367 -0.3086
v -0.2498 7.3632 -0.3244
v -0.2649 7.3660 -0.3311
v -0.2795 7.3579 -0.3311
v -0.2851 7.3435 -0.3246
v -0.2783 7.3313 -0.3153
v -0.2632 7.3285 -0.3087
v -0.2430 7.3510 -0.3151
v -0.2486 7.3367 -0.3086
v -0.2498 7.3632 -0.3244
v -0.2649 7.3660 -0.3311
v -0.2795 7.3579 -0.3311
v -0.2851 7.3435 -0.3246
v -0.2783 7.3313 -0.3153
v -0.2632 7.3285 -0.3087
v 0.6522 7.1017 0.0882
v 0.6614 7.0955 0.0847
v 0.7182 7.0088 0.5730
v 0.6798 7.1377 0.2423
v 0.7094 7.0171 0.5790
v 0.6733 7.1461 0.2479
v 0.7095 7.0300 0.5831
v 0.6760 7.1577 0.2501
v 0.7187 7.0400 0.5828
v 0.6864 7.1658 0.2477
v 0.7314 7.0412 0.5783
v 0.6983 7.1657 0.2421
v 0.7403 7.0329 0.5723
v 0.7047 7.1574 0.2366
v 0.7401 7.0200 0.5682
v 0.7019 7.1456 0.2342
v 0.7310 7.0100 0.5685
v 0.6916 7.1375 0.2366
v 0.6514 7.1124 0.0867
v 0.6594 7.1218 0.0811
v 0.6713 7.1243 0.0747
v 0.6802 7.1181 0.0712
v 0.6811 7.1071 0.0726
v 0.6733 7.0977 0.0782
v 0.5948 7.0502 -0.0147
v 0.6047 7.0436 -0.0212
v 0.5915 7.0631 -0.0164
v 0.5967 7.0741 -0.0253
v 0.6074 7.0772 -0.0359
v 0.6172 7.0709 -0.0423
v 0.6204 7.0586 -0.0408
v 0.6153 7.0472 -0.0321
v 0.5387 7.0044 -0.0667
v 0.5510 6.9953 -0.0706
v 0.5323 7.0182 -0.0740
v 0.5363 7.0280 -0.0875
v 0.5479 7.0280 -0.0994
v 0.5601 7.0187 -0.1033
v 0.5658 7.0052 -0.0967
v 0.5621 6.9958 -0.0831
v 0.5580 6.8431 -0.1876
v 0.5644 6.8277 -0.1864
v 0.5574 6.8549 -0.1995
v 0.5631 6.8560 -0.2152
v 0.5717 6.8459 -0.2254
v 0.5781 6.8305 -0.2242
v 0.5787 6.8188 -0.2123
v 0.5730 6.8176 -0.1966
v 0.1206 6.7329 -0.4556
v 0.1249 6.7593 -0.4710
v 0.1258 6.7429 -0.4679
v 0.1059 6.7484 -0.4332
v 0.1123 6.7352 -0.4412
v 0.1050 6.7649 -0.4363
v 0.1102 6.7749 -0.4486
v 0.1185 6.7726 -0.4630
v 0.6345 7.1242 0.0828
v 0.6441 7.1174 0.0797
v 0.6998 7.0457 0.5803
v 0.6705 7.1671 0.2459
v 0.6909 7.0540 0.5863
v 0.6640 7.1760 0.2514
v 0.6911 7.0670 0.5903
v 0.6666 7.1881 0.2536
v 0.7003 7.0770 0.5901
v 0.6770 7.1965 0.2512
v 0.7130 7.0782 0.5856
v 0.6890 7.1961 0.2457
v 0.7219 7.0699 0.5796
v 0.6955 7.1873 0.2402
v 0.7217 7.0570 0.5755
v 0.6927 7.1750 0.2378
v 0.7126 7.0470 0.5758
v 0.6824 7.1666 0.2402
v 0.6334 7.1361 0.0809
v 0.6413 7.1461 0.0752
v 0.6536 7.1484 0.0691
v 0.6630 7.1416 0.0659
v 0.6641 7.1297 0.0676
v 0.6564 7.1197 0.0733
v 0.5694 7.0859 -0.0137
v 0.5804 7.0778 -0.0190
v 0.5649 7.0991 -0.0169
v 0.5696 7.1105 -0.0264
v 0.5807 7.1127 -0.0366
v 0.5917 7.1045 -0.0418
v 0.5963 7.0910 -0.0390
v 0.5916 7.0798 -0.0296
v 0.5054 7.0340 -0.0786
v 0.5184 7.0265 -0.0809
v 0.4983 7.0458 -0.0875
v 0.5018 7.0551 -0.1014
v 0.5137 7.0567 -0.1125
v 0.5272 7.0484 -0.1144
v 0.5341 7.0360 -0.1062
v 0.5304 7.0264 -0.0926
v 0.5209 6.8670 -0.2147
v 0.5274 6.8516 -0.2135
v 0.5204 6.8788 -0.2267
v 0.5261 6.8799 -0.2423
v 0.5347 6.8699 -0.2526
v 0.5411 6.8544 -0.2514
v 0.5416 6.8427 -0.2395
v 0.5360 6.8415 -0.2238
v 0.1582 6.6888 -0.4403
v 0.1625 6.7152 -0.4558
v 0.1634 6.6988 -0.4527
v 0.1435 6.7043 -0.4180
v 0.1499 6.6911 -0.4259
v 0.1426 6.7207 -0.4210
v 0.1478 6.7307 -0.4334
v 0.1561 6.7284 -0.4478
v 0.6109 7.2291 0.0450
v 0.6223 7.2224 0.0399
v 0.6758 7.1785 0.5759
v 0.6373 7.2702 0.2031
v 0.6666 7.1860 0.5823
v 0.6268 7.2765 0.2087
v 0.6662 7.1989 0.5868
v 0.6233 7.2902 0.2116
v 0.6748 7.2096 0.5868
v 0.6288 7.3033 0.2102
v 0.6874 7.2119 0.5823
v 0.6401 7.3080 0.2053
v 0.6966 7.2043 0.5759
v 0.6505 7.3016 0.1996
v 0.6970 7.1915 0.5714
v 0.6540 7.2878 0.1966
v 0.6884 7.1808 0.5714
v 0.6486 7.2748 0.1980
v 0.6062 7.2445 0.0459
v 0.6110 7.2593 0.0422
v 0.6222 7.2652 0.0362
v 0.6334 7.2586 0.0310
v 0.6381 7.2433 0.0297
v 0.6336 7.2282 0.0334
v 0.5042 7.1673 -0.0833
v 0.5177 7.1601 -0.0855
v 0.4971 7.1798 -0.0891
v 0.5007 7.1911 -0.0992
v 0.5128 7.1933 -0.1080
v 0.5260 7.1861 -0.1107
v 0.5329 7.1732 -0.1054
v 0.5296 7.1624 -0.0948
v 0.4123 7.1026 -0.1848
v 0.4280 7.0949 -0.1839
v 0.4019 7.1168 -0.1968
v 0.4028 7.1300 -0.2127
v 0.4147 7.1335 -0.2231
v 0.4306 7.1255 -0.2222
v 0.4411 7.1106 -0.2106
v 0.4401 7.0981 -0.1946
v 0.3092 6.9391 -0.2732
v 0.3156 6.9237 -0.2720
v 0.3087 6.9509 -0.2851
v 0.3144 6.9520 -0.3008
v 0.3229 6.9419 -0.3111
v 0.3293 6.9265 -0.3099
v 0.3298 6.9148 -0.2980
v 0.3241 6.9136 -0.2823
v 0.3150 6.6204 -0.3498
v 0.3240 6.6258 -0.3789
v 0.3194 6.6168 -0.3655
v 0.3156 6.6508 -0.3441
v 0.3134 6.6345 -0.3409
v 0.3202 6.6598 -0.3574
v 0.3246 6.6562 -0.3731
v 0.3262 6.6421 -0.3820
v 0.5830 7.2720 0.0393
v 0.5951 7.2643 0.0342
v 0.6583 7.2219 0.5818
v 0.6150 7.3080 0.2036
v 0.6491 7.2295 0.5882
v 0.6041 7.3149 0.2093
v 0.6486 7.2426 0.5929
v 0.6002 7.3294 0.2124
v 0.6573 7.2535 0.5930
v 0.6057 7.3430 0.2113
v 0.6699 7.2558 0.5885
v 0.6172 7.3477 0.2065
v 0.6791 7.2483 0.5821
v 0.6279 7.3406 0.2008
v 0.6795 7.2352 0.5775
v 0.6317 7.3260 0.1975
v 0.6709 7.2243 0.5773
v 0.6264 7.3126 0.1987
v 0.5777 7.2885 0.0405
v 0.5823 7.3038 0.0375
v 0.5940 7.3091 0.0318
v 0.6059 7.3016 0.0265
v 0.6112 7.2855 0.0249
v 0.6068 7.2700 0.0282
v 0.4637 7.2167 -0.1052
v 0.4781 7.2065 -0.1075
v 0.4561 7.2322 -0.1100
v 0.4597 7.2440 -0.1190
v 0.4719 7.2463 -0.1271
v 0.4857 7.2363 -0.1302
v 0.4935 7.2203 -0.1258
v 0.4906 7.2081 -0.1162
v 0.3685 7.1305 -0.2218
v 0.3821 7.1248 -0.2231
v 0.3611 7.1427 -0.2308
v 0.3643 7.1548 -0.2444
v 0.3762 7.1597 -0.2546
v 0.3899 7.1533 -0.2558
v 0.3974 7.1403 -0.2471
v 0.3940 7.1286 -0.2338
v 0.2728 6.9667 -0.3120
v 0.2791 6.9513 -0.3108
v 0.2723 6.9785 -0.3239
v 0.2780 6.9796 -0.3396
v 0.2865 6.9695 -0.3499
v 0.2929 6.9541 -0.3487
v 0.2934 6.9424 -0.3368
v 0.2877 6.9412 -0.3211
v 0.3367 6.5842 -0.3199
v 0.3457 6.5895 -0.3490
v 0.3411 6.5805 -0.3357
v 0.3373 6.6146 -0.3142
v 0.3351 6.5983 -0.3111
v 0.3419 6.6235 -0.3275
v 0.3463 6.6199 -0.3433
v 0.3479 6.6058 -0.3522
v 0.4940 7.4337 0.0716
v 0.5056 7.4260 0.0625
v 0.6206 7.2962 0.6253
v 0.5537 7.4298 0.2429
v 0.6115 7.3040 0.6317
v 0.5443 7.4382 0.2520
v 0.6111 7.3170 0.6357
v 0.5436 7.4544 0.2610
v 0.6196 7.3275 0.6349
v 0.5521 7.4689 0.2649
v 0.6320 7.3295 0.6298
v 0.5645 7.4734 0.2611
v 0.6411 7.3217 0.6233
v 0.5732 7.4655 0.2518
v 0.6415 7.3087 0.6194
v 0.5736 7.4495 0.2426
v 0.6330 7.2982 0.6202
v 0.5657 7.4347 0.2390
v 0.4898 7.4491 0.0800
v 0.4953 7.4630 0.0830
v 0.5072 7.4674 0.0787
v 0.5184 7.4599 0.0694
v 0.5226 7.4447 0.0607
v 0.5175 7.4306 0.0579
v 0.4018 7.3575 -0.0962
v 0.4167 7.3422 -0.1020
v 0.3940 7.3800 -0.0942
v 0.3976 7.3970 -0.0969
v 0.4108 7.3974 -0.1025
v 0.4250 7.3833 -0.1089
v 0.4327 7.3613 -0.1116
v 0.4295 7.3436 -0.1085
v 0.3043 7.2594 -0.2701
v 0.3174 7.2559 -0.2707
v 0.2979 7.2711 -0.2782
v 0.3020 7.2843 -0.2899
v 0.3144 7.2912 -0.2980
v 0.3275 7.2878 -0.2983
v 0.3337 7.2756 -0.2908
v 0.3294 7.2622 -0.2794
v 0.2133 7.0818 -0.3118
v 0.2219 7.0674 -0.3119
v 0.2105 7.0940 -0.3230
v 0.2151 7.0968 -0.3388
v 0.2245 7.0886 -0.3500
v 0.2330 7.0742 -0.3501
v 0.2358 7.0621 -0.3390
v 0.2312 7.0592 -0.3231
v -0.1364 6.5643 -0.3200
v -0.1375 6.5718 -0.3349
v -0.1485 6.5820 -0.3423
v -0.1630 6.5890 -0.3377
v -0.1725 6.5887 -0.3240
v -0.1715 6.5812 -0.3090
v -0.1459 6.5640 -0.3062
v -0.1604 6.5710 -0.3017
v 0.4682 7.4965 0.1164
v 0.4795 7.4875 0.1064
v 0.6103 7.3485 0.6486
v 0.5447 7.4943 0.2891
v 0.6012 7.3563 0.6550
v 0.5367 7.5027 0.2993
v 0.6008 7.3693 0.6590
v 0.5380 7.5183 0.3099
v 0.6093 7.3798 0.6582
v 0.5478 7.5317 0.3145
v 0.6217 7.3818 0.6531
v 0.5604 7.5354 0.3107
v 0.6308 7.3740 0.6466
v 0.5685 7.5276 0.3006
v 0.6312 7.3611 0.6427
v 0.5672 7.5123 0.2901
v 0.6227 7.3505 0.6435
v 0.5573 7.4984 0.2853
v 0.4646 7.5133 0.1264
v 0.4708 7.5282 0.1306
v 0.4828 7.5323 0.1264
v 0.4935 7.5232 0.1162
v 0.4971 7.5063 0.1061
v 0.4914 7.4917 0.1020
v 0.3610 7.4571 -0.0792
v 0.3738 7.4397 -0.0853
v 0.3553 7.4817 -0.0755
v 0.3601 7.4982 -0.0760
v 0.3725 7.4972 -0.0810
v 0.3851 7.4795 -0.0877
v 0.3906 7.4560 -0.0919
v 0.3868 7.4396 -0.0906
v 0.2661 7.3090 -0.2960
v 0.2804 7.3039 -0.2958
v 0.2588 7.3231 -0.3042
v 0.2630 7.3378 -0.3151
v 0.2758 7.3450 -0.3223
v 0.2895 7.3397 -0.3219
v 0.2968 7.3252 -0.3145
v 0.2931 7.3104 -0.3037
v 0.1715 7.1310 -0.3433
v 0.1801 7.1166 -0.3434
v 0.1687 7.1432 -0.3544
v 0.1734 7.1460 -0.3703
v 0.1827 7.1378 -0.3815
v 0.1913 7.1234 -0.3816
v 0.1941 7.1113 -0.3704
v 0.1894 7.1084 -0.3546
v -0.1364 6.5643 -0.3200
v -0.1375 6.5718 -0.3349
v -0.1485 6.5820 -0.3423
v -0.1630 6.5890 -0.3377
v -0.1725 6.5887 -0.3240
v -0.1715 6.5812 -0.3090
v -0.1459 6.5640 -0.3062
v -0.1604 6.5710 -0.3017
v 0.4000 7.5656 0.2030
v 0.4106 7.5509 0.1956
v 0.5896 7.2648 0.6777
v 0.5049 7.5558 0.3812
v 0.5823 7.2740 0.6844
v 0.4960 7.5661 0.3890
v 0.5844 7.2869 0.6884
v 0.4958 7.5825 0.3947
v 0.5946 7.2957 0.6872
v 0.5044 7.5954 0.3951
v 0.6070 7.2954 0.6816
v 0.5168 7.5975 0.3900
v 0.6142 7.2862 0.6748
v 0.5257 7.5877 0.3824
v 0.6121 7.2734 0.6709
v 0.5259 7.5714 0.3767
v 0.6019 7.2645 0.6721
v 0.5172 7.5580 0.3761
v 0.3983 7.5878 0.2087
v 0.4064 7.6045 0.2093
v 0.4188 7.6064 0.2041
v 0.4281 7.5923 0.1961
v 0.4299 7.5701 0.1903
v 0.4230 7.5527 0.1904
v 0.2825 7.5564 0.0015
v 0.2936 7.5424 -0.0030
v 0.2792 7.5732 0.0043
v 0.2857 7.5846 0.0034
v 0.2982 7.5841 -0.0007
v 0.3091 7.5707 -0.0054
v 0.3121 7.5527 -0.0081
v 0.3058 7.5408 -0.0071
v 0.1691 7.3943 -0.2618
v 0.1832 7.3925 -0.2601
v 0.1624 7.4051 -0.2707
v 0.1671 7.4189 -0.2811
v 0.1805 7.4282 -0.2866
v 0.1950 7.4234 -0.2847
v 0.2015 7.4078 -0.2782
v 0.1967 7.3951 -0.2677
v 0.0710 7.2052 -0.3183
v 0.0796 7.1908 -0.3183
v 0.0682 7.2173 -0.3294
v 0.0728 7.2202 -0.3452
v 0.0822 7.2120 -0.3565
v 0.0907 7.1976 -0.3566
v 0.0935 7.1854 -0.3454
v 0.0889 7.1826 -0.3296
v -0.2658 6.6976 -0.3010
v -0.2573 6.6832 -0.3011
v -0.2686 6.7097 -0.3122
v -0.2640 6.7126 -0.3280
v -0.2547 6.7044 -0.3392
v -0.2461 6.6900 -0.3393
v -0.2433 6.6778 -0.3282
v -0.2479 6.6750 -0.3123
v 0.3757 7.6421 0.2302
v 0.3841 7.6282 0.2213
v 0.5753 7.3141 0.6970
v 0.4819 7.6124 0.4055
v 0.5681 7.3234 0.7038
v 0.4730 7.6224 0.4131
v 0.5702 7.3362 0.7077
v 0.4727 7.6382 0.4185
v 0.5804 7.3451 0.7065
v 0.4813 7.6506 0.4186
v 0.5927 7.3448 0.7009
v 0.4936 7.6525 0.4134
v 0.6000 7.3355 0.6941
v 0.5026 7.6430 0.4060
v 0.5979 7.3227 0.6902
v 0.5028 7.6271 0.4006
v 0.5877 7.3138 0.6914
v 0.4942 7.6144 0.4003
v 0.3760 7.6628 0.2375
v 0.3849 7.6782 0.2390
v 0.3972 7.6801 0.2338
v 0.4058 7.6673 0.2249
v 0.4055 7.6466 0.2176
v 0.3965 7.6300 0.2161
v 0.2483 7.6123 0.0106
v 0.2592 7.6053 0.0071
v 0.2456 7.6248 0.0129
v 0.2528 7.6353 0.0131
v 0.2656 7.6377 0.0109
v 0.2762 7.6308 0.0072
v 0.2788 7.6167 0.0034
v 0.2718 7.6059 0.0034
v 0.1195 7.4170 -0.2892
v 0.1344 7.4129 -0.2879
v 0.1124 7.4308 -0.2971
v 0.1172 7.4456 -0.3071
v 0.1311 7.4524 -0.3132
v 0.1459 7.4479 -0.3121
v 0.1529 7.4346 -0.3044
v 0.1481 7.4205 -0.2942
v 0.0185 7.2398 -0.3435
v 0.0271 7.2254 -0.3435
v 0.0157 7.2520 -0.3546
v 0.0204 7.2548 -0.3704
v 0.0297 7.2466 -0.3817
v 0.0383 7.2322 -0.3818
v 0.0411 7.2201 -0.3706
v 0.0365 7.2172 -0.3548
v -0.2658 6.6976 -0.3010
v -0.2573 6.6832 -0.3011
v -0.2686 6.7097 -0.3122
v -0.2640 6.7126 -0.3280
v -0.2547 6.7044 -0.3392
v -0.2461 6.6900 -0.3393
v -0.2433 6.6778 -0.3282
v -0.2479 6.6750 -0.3123
v 0.3055 7.7003 0.3219
v 0.3141 7.6878 0.3130
v 0.5259 7.3839 0.7593
v 0.3961 7.6800 0.4771
v 0.5187 7.3932 0.7661
v 0.3870 7.6881 0.4838
v 0.5208 7.4060 0.7700
v 0.3865 7.7011 0.4878
v 0.5310 7.4148 0.7688
v 0.3948 7.7118 0.4870
v 0.5433 7.4146 0.7632
v 0.4072 7.7139 0.4819
v 0.5506 7.4053 0.7565
v 0.4164 7.7062 0.4755
v 0.5485 7.3925 0.7525
v 0.4169 7.6930 0.4713
v 0.5383 7.3836 0.7537
v 0.4085 7.6820 0.4719
v 0.3055 7.7184 0.3285
v 0.3141 7.7318 0.3291
v 0.3264 7.7329 0.3235
v 0.3351 7.7210 0.3149
v 0.3351 7.7026 0.3081
v 0.3263 7.6887 0.3072
v 0.1741 7.6790 0.0694
v 0.1849 7.6683 0.0646
v 0.1723 7.6948 0.0731
v 0.1808 7.7051 0.0745
v 0.1945 7.7041 0.0725
v 0.2048 7.6937 0.0672
v 0.2063 7.6788 0.0626
v 0.1982 7.6681 0.0617
v 0.0109 7.5042 -0.2733
v 0.0251 7.4925 -0.2755
v 0.0041 7.5190 -0.2812
v 0.0095 7.5338 -0.2903
v 0.0243 7.5381 -0.2954
v 0.0381 7.5261 -0.2978
v 0.0443 7.5076 -0.2937
v 0.0390 7.4938 -0.2842
v -0.0950 7.3045 -0.3420
v -0.0864 7.2901 -0.3421
v -0.0978 7.3167 -0.3531
v -0.0932 7.3195 -0.3690
v -0.0838 7.3114 -0.3802
v -0.0753 7.2970 -0.3803
v -0.0725 7.2848 -0.3691
v -0.0771 7.2820 -0.3533
v -0.3422 6.8583 -0.3294
v -0.3303 6.8487 -0.3225
v -0.3471 6.8615 -0.3450
v -0.3422 6.8566 -0.3602
v -0.3303 6.8463 -0.3661
v -0.3185 6.8367 -0.3591
v -0.3136 6.8334 -0.3435
v -0.3185 6.8384 -0.3283
v 0.2557 7.7215 0.3574
v 0.2647 7.7121 0.3501
v 0.4790 7.4032 0.7910
v 0.3452 7.6902 0.5071
v 0.4717 7.4125 0.7978
v 0.3360 7.6979 0.5136
v 0.4738 7.4253 0.8017
v 0.3355 7.7108 0.5175
v 0.4841 7.4341 0.8005
v 0.3438 7.7215 0.5168
v 0.4964 7.4338 0.7949
v 0.3562 7.7236 0.5117
v 0.5036 7.4246 0.7882
v 0.3654 7.7159 0.5052
v 0.5016 7.4118 0.7842
v 0.3659 7.7030 0.5012
v 0.4913 7.4029 0.7854
v 0.3576 7.6923 0.5020
v 0.2553 7.7359 0.3622
v 0.2638 7.7476 0.3619
v 0.2762 7.7496 0.3568
v 0.2852 7.7410 0.3498
v 0.2855 7.7256 0.3446
v 0.2769 7.7127 0.3442
v 0.1198 7.7120 0.0950
v 0.1301 7.6995 0.0895
v 0.1182 7.7276 0.0988
v 0.1265 7.7372 0.0989
v 0.1395 7.7355 0.0952
v 0.1496 7.7232 0.0894
v 0.1510 7.7075 0.0852
v 0.1429 7.6976 0.0853
v -0.0579 7.5036 -0.2561
v -0.0429 7.4985 -0.2551
v -0.0650 7.5150 -0.2651
v -0.0601 7.5250 -0.2772
v -0.0459 7.5288 -0.2846
v -0.0306 7.5250 -0.2828
v -0.0234 7.5142 -0.2735
v -0.0286 7.5029 -0.2623
v -0.1638 7.3162 -0.3178
v -0.1552 7.3018 -0.3179
v -0.1666 7.3284 -0.3290
v -0.1620 7.3312 -0.3448
v -0.1527 7.3230 -0.3561
v -0.1441 7.3087 -0.3561
v -0.1413 7.2965 -0.3450
v -0.1459 7.2937 -0.3292
v -0.5092 6.6154 -0.1251
v -0.5243 6.6182 -0.1317
v -0.5300 6.6252 -0.1458
v -0.5229 6.6323 -0.1592
v -0.5071 6.6353 -0.1640
v -0.4920 6.6326 -0.1574
v -0.4934 6.6185 -0.1299
v -0.4863 6.6256 -0.1433
v 0.1420 7.7607 0.4133
v 0.1513 7.7540 0.4074
v 0.3906 7.4507 0.8476
v 0.2471 7.7195 0.5600
v 0.3833 7.4600 0.8544
v 0.2379 7.7272 0.5664
v 0.3854 7.4728 0.8583
v 0.2374 7.7401 0.5704
v 0.3956 7.4817 0.8571
v 0.2457 7.7508 0.5696
v 0.4080 7.4814 0.8515
v 0.2581 7.7529 0.5645
v 0.4152 7.4721 0.8448
v 0.2673 7.7452 0.5581
v 0.4131 7.4593 0.8408
v 0.2678 7.7323 0.5541
v 0.4029 7.4504 0.8420
v 0.2595 7.7216 0.5549
v 0.1414 7.7736 0.4173
v 0.1499 7.7852 0.4170
v 0.1624 7.7886 0.4125
v 0.1717 7.7818 0.4065
v 0.1722 7.7688 0.4025
v 0.1638 7.7573 0.4029
v -0.0066 7.7441 0.0779
v 0.0063 7.7380 0.0796
v -0.0094 7.7553 0.0772
v -0.0003 7.7650 0.0786
v 0.0152 7.7674 0.0810
v 0.0278 7.7612 0.0823
v 0.0302 7.7501 0.0821
v 0.0215 7.7406 0.0810
v -0.1966 7.5016 -0.2354
v -0.1803 7.5005 -0.2319
v -0.2039 7.5133 -0.2446
v -0.1977 7.5291 -0.2536
v -0.1816 7.5395 -0.2571
v -0.1654 7.5382 -0.2536
v -0.1586 7.5259 -0.2452
v -0.1647 7.5105 -0.2362
v -0.3000 7.3408 -0.2848
v -0.2914 7.3264 -0.2849
v -0.3028 7.3530 -0.2960
v -0.2982 7.3558 -0.3118
v -0.2889 7.3476 -0.3231
v -0.2803 7.3332 -0.3231
v -0.2775 7.3211 -0.3120
v -0.2821 7.3182 -0.2962
v -0.3000 7.3408 -0.2848
v -0.2914 7.3264 -0.2849
v -0.3028 7.3530 -0.2960
v -0.2982 7.3558 -0.3118
v -0.2889 7.3476 -0.3231
v -0.2803 7.3332 -0.3231
v -0.2775 7.3211 -0.3120
v -0.2821 7.3182 -0.2962
v 0.0974 7.7655 0.4397
v 0.1067 7.7583 0.4335
v 0.3494 7.4655 0.8765
v 0.2027 7.7260 0.5872
v 0.3422 7.4748 0.8833
v 0.1936 7.7336 0.5936
v 0.3443 7.4876 0.8872
v 0.1930 7.7466 0.5976
v 0.3545 7.4965 0.8860
v 0.2014 7.7572 0.5968
v 0.3668 7.4962 0.8804
v 0.2137 7.7593 0.5917
v 0.3741 7.4869 0.8737
v 0.2229 7.7517 0.5853
v 0.3720 7.4741 0.8697
v 0.2235 7.7387 0.5813
v 0.3618 7.4652 0.8709
v 0.2151 7.7281 0.5821
v 0.0969 7.7786 0.4438
v 0.1053 7.7900 0.4433
v 0.1178 7.7929 0.4387
v 0.1270 7.7857 0.4325
v 0.1276 7.7726 0.4284
v 0.1191 7.7613 0.4288
v -0.0590 7.7502 0.0914
v -0.0471 7.7438 0.0899
v -0.0613 7.7616 0.0915
v -0.0527 7.7712 0.0907
v -0.0383 7.7735 0.0892
v -0.0267 7.7670 0.0875
v -0.0245 7.7558 0.0868
v -0.0329 7.7462 0.0878
v -0.2577 7.3920 -0.2164
v -0.2424 7.3853 -0.2158
v -0.2649 7.5149 -0.2254
v -0.2596 7.5271 -0.2368
v -0.2448 7.5318 -0.2439
v -0.2295 7.5249 -0.2433
v -0.2227 7.5108 -0.2354
v -0.2280 7.4987 -0.2239
v -0.3593 7.3510 -0.2609
v -0.3507 7.3367 -0.2610
v -0.3621 7.3632 -0.2721
v -0.3575 7.3660 -0.2879
v -0.3481 7.3579 -0.2991
v -0.3396 7.3435 -0.2992
v -0.3368 7.3313 -0.2881
v -0.3414 7.3285 -0.2722
v -0.3593 7.3510 -0.2609
v -0.3507 7.3367 -0.2610
v -0.3621 7.3632 -0.2721
v -0.3575 7.3660 -0.2879
v -0.3481 7.3579 -0.2991
v -0.3396 7.3435 -0.2992
v -0.3368 7.3313 -0.2881
v -0.3414 7.3285 -0.2722
v -0.0486 6.4877 -0.3761
v -0.0626 6.5119 -0.3893
v -0.0511 6.4999 -0.3872
v -0.0704 6.4871 -0.3541
v -0.0566 6.4824 -0.3624
v -0.0819 6.4991 -0.3562
v -0.0844 6.5113 -0.3674
v -0.0764 6.5166 -0.3811
v 0.0085 6.4780 -0.3604
v -0.0055 6.5022 -0.3737
v 0.0060 6.4902 -0.3716
v -0.0133 6.4774 -0.3385
v 0.0005 6.4727 -0.3467
v -0.0248 6.4894 -0.3406
v -0.0273 6.5016 -0.3517
v -0.0193 6.5069 -0.3654
v 0.0946 6.4112 -0.3078
v 0.0906 6.4264 -0.3345
v 0.0971 6.4152 -0.3239
v 0.0727 6.4286 -0.2946
v 0.0845 6.4168 -0.2957
v 0.0661 6.4398 -0.3052
v 0.0686 6.4438 -0.3213
v 0.0787 6.4382 -0.3334
v 0.1414 6.4021 -0.2877
v 0.1373 6.4173 -0.3143
v 0.1439 6.4061 -0.3037
v 0.1195 6.4194 -0.2745
v 0.1313 6.4076 -0.2755
v 0.1129 6.4306 -0.2850
v 0.1154 6.4346 -0.3011
v 0.1255 6.4291 -0.3132
v 0.6442 6.8650 0.1272
v 0.6533 6.8589 0.1236
v 0.6906 6.7732 0.6095
v 0.6717 6.9011 0.2812
v 0.6817 6.7815 0.6156
v 0.6652 6.9095 0.2868
v 0.6819 6.7945 0.6196
v 0.6679 6.9211 0.2890
v 0.6911 6.8045 0.6193
v 0.6783 6.9292 0.2866
v 0.7038 6.8057 0.6149
v 0.6902 6.9291 0.2811
v 0.7127 6.7974 0.6088
v 0.6966 6.9207 0.2755
v 0.7125 6.7845 0.6048
v 0.6938 6.9090 0.2732
v 0.7034 6.7745 0.6051
v 0.6835 6.9009 0.2756
v 0.6434 6.8758 0.1256
v 0.6513 6.8852 0.1200
v 0.6632 6.8877 0.1137
v 0.6722 6.8814 0.1102
v 0.6730 6.8705 0.1115
v 0.6653 6.8611 0.1171
v 0.5867 6.8136 0.0243
v 0.5966 6.8069 0.0177
v 0.5834 6.8265 0.0226
v 0.5886 6.8375 0.0137
v 0.5993 6.8406 0.0030
v 0.6091 6.8343 -0.0033
v 0.6123 6.8220 -0.0018
v 0.6072 6.8105 0.0068
v 0.5306 6.7678 -0.0278
v 0.5429 6.7587 -0.0316
v 0.5243 6.7816 -0.0350
v 0.5282 6.7914 -0.0485
v 0.5398 6.7914 -0.0604
v 0.5520 6.7821 -0.0643
v 0.5577 6.7686 -0.0578
v 0.5540 6.7592 -0.0442
v 0.5274 6.5743 -0.1685
v 0.5338 6.5589 -0.1673
v 0.5269 6.5860 -0.1804
v 0.5326 6.5872 -0.1961
v 0.5412 6.5771 -0.2063
v 0.5476 6.5617 -0.2052
v 0.5481 6.5500 -0.1932
v 0.5424 6.5488 -0.1775
v 0.6264 6.8876 0.1218
v 0.6360 6.8808 0.1186
v 0.6722 6.8102 0.6168
v 0.6625 6.9305 0.2849
v 0.6633 6.8185 0.6229
v 0.6559 6.9394 0.2904
v 0.6635 6.8314 0.6269
v 0.6585 6.9515 0.2926
v 0.6726 6.8415 0.6266
v 0.6689 6.9598 0.2902
v 0.6854 6.8427 0.6222
v 0.6809 6.9595 0.2847
v 0.6943 6.8344 0.6161
v 0.6874 6.9506 0.2791
v 0.6941 6.8214 0.6121
v 0.6846 6.9384 0.2768
v 0.6849 6.8114 0.6124
v 0.6743 6.9300 0.2792
v 0.6253 6.8995 0.1199
v 0.6333 6.9095 0.1142
v 0.6455 6.9118 0.1080
v 0.6549 6.9050 0.1048
v 0.6560 6.8931 0.1065
v 0.6483 6.8831 0.1122
v 0.5613 6.8492 0.0253
v 0.5723 6.8411 0.0200
v 0.5568 6.8625 0.0220
v 0.5615 6.8739 0.0126
v 0.5726 6.8760 0.0023
v 0.5837 6.8679 -0.0029
v 0.5882 6.8544 -0.0000
v 0.5835 6.8432 0.0094
v 0.4973 6.7974 -0.0396
v 0.5103 6.7899 -0.0419
v 0.4902 6.8091 -0.0485
v 0.4938 6.8185 -0.0624
v 0.5057 6.8201 -0.0735
v 0.5191 6.8118 -0.0754
v 0.5260 6.7993 -0.0672
v 0.5223 6.7898 -0.0536
v 0.4904 6.5982 -0.1956
v 0.4968 6.5828 -0.1945
v 0.4899 6.6099 -0.2076
v 0.4956 6.6111 -0.2233
v 0.5041 6.6010 -0.2335
v 0.5106 6.5856 -0.2323
v 0.5111 6.5739 -0.2204
v 0.5054 6.5727 -0.2047
v 0.3112 6.4211 -0.2416
v 0.3202 6.4264 -0.2706
v 0.3156 6.4175 -0.2573
v 0.3117 6.4515 -0.2358
v 0.3096 6.4352 -0.2327
v 0.3164 6.4605 -0.2492
v 0.3208 6.4568 -0.2649
v 0.3223 6.4427 -0.2738
v 0.3329 6.3848 -0.2117
v 0.3419 6.3902 -0.2408
v 0.3373 6.3812 -0.2274
v 0.3335 6.4152 -0.2060
v 0.3313 6.3989 -0.2028
v 0.3381 6.4242 -0.2193
v 0.3425 6.4206 -0.2350
v 0.3441 6.4065 -0.2439
v 0.1540 6.3276 -0.2403
v 0.1499 6.3427 -0.2670
v 0.1565 6.3315 -0.2564
v 0.1321 6.3449 -0.2271
v 0.1439 6.3331 -0.2282
v 0.1255 6.3561 -0.2377
v 0.1280 6.3601 -0.2538
v 0.1381 6.3545 -0.2659
v 0.2008 6.3184 -0.2202
v 0.1967 6.3336 -0.2468
v 0.2033 6.3224 -0.2362
v 0.1788 6.3357 -0.2069
v 0.1907 6.3239 -0.2080
v 0.1723 6.3469 -0.2175
v 0.1748 6.3509 -0.2336
v 0.1849 6.3454 -0.2457
v 0.0125 6.8347 -0.4042
v 0.0210 6.8203 -0.4043
v 0.0097 6.8469 -0.4153
v 0.0143 6.8497 -0.4312
v 0.0236 6.8415 -0.4424
v 0.0322 6.8272 -0.4425
v 0.0350 6.8150 -0.4313
v 0.0304 6.8122 -0.4155
v -0.3706 6.6611 -0.2431
v -0.3657 6.6561 -0.2583
v -0.3706 6.6594 -0.2739
v -0.3825 6.6690 -0.2808
v -0.3943 6.6793 -0.2750
v -0.3992 6.6842 -0.2598
v -0.3825 6.6714 -0.2372
v -0.3943 6.6810 -0.2442
v -0.0293 6.8839 -0.4357
v -0.0207 6.8695 -0.4357
v -0.0321 6.8961 -0.4468
v -0.0275 6.8989 -0.4626
v -0.0182 6.8908 -0.4739
v -0.0096 6.8764 -0.4739
v -0.0068 6.8642 -0.4628
v -0.0114 6.8614 -0.4470
v -0.0828 6.9234 -0.4231
v -0.0782 6.9262 -0.4389
v -0.0810 6.9384 -0.4501
v -0.0896 6.9527 -0.4500
v -0.0989 6.9609 -0.4388
v -0.1035 6.9581 -0.4229
v -0.0921 6.9315 -0.4119
v -0.1007 6.9459 -0.4118
v -0.2273 6.5933 -0.3155
v -0.2128 6.5863 -0.3201
v -0.2383 6.6035 -0.3229
v -0.2394 6.6110 -0.3378
v -0.2299 6.6113 -0.3516
v -0.2154 6.6043 -0.3561
v -0.2043 6.5941 -0.3488
v -0.2033 6.5866 -0.3338
v -0.2273 6.5933 -0.3155
v -0.2128 6.5863 -0.3201
v -0.2383 6.6035 -0.3229
v -0.2394 6.6110 -0.3378
v -0.2299 6.6113 -0.3516
v -0.2154 6.6043 -0.3561
v -0.2043 6.5941 -0.3488
v -0.2033 6.5866 -0.3338
v -0.1532 6.9805 -0.4370
v -0.1446 6.9662 -0.4371
v -0.1560 6.9927 -0.4481
v -0.1514 6.9955 -0.4640
v -0.1421 6.9874 -0.4752
v -0.1335 6.9730 -0.4753
v -0.1307 6.9608 -0.4641
v -0.1353 6.9580 -0.4483
v -0.2155 7.0299 -0.3759
v -0.2106 7.0249 -0.3911
v -0.2156 7.0282 -0.4067
v -0.2274 7.0378 -0.4137
v -0.2393 7.0481 -0.4078
v -0.2442 7.0530 -0.3926
v -0.2274 7.0402 -0.3700
v -0.2393 7.0498 -0.3770
v -0.3183 6.7322 -0.3262
v -0.3097 6.7178 -0.3263
v -0.3211 6.7444 -0.3374
v -0.3165 6.7472 -0.3532
v -0.3072 6.7390 -0.3644
v -0.2986 6.7246 -0.3645
v -0.2958 6.7125 -0.3534
v -0.3004 6.7096 -0.3375
v -0.3183 6.7322 -0.3262
v -0.3097 6.7178 -0.3263
v -0.3211 6.7444 -0.3374
v -0.3165 6.7472 -0.3532
v -0.3072 6.7390 -0.3644
v -0.2986 6.7246 -0.3645
v -0.2958 6.7125 -0.3534
v -0.3004 6.7096 -0.3375
v -0.3104 7.0550 -0.3578
v -0.2985 7.0455 -0.3508
v -0.3153 7.0583 -0.3734
v -0.3104 7.0533 -0.3886
v -0.2986 7.0430 -0.3945
v -0.2867 7.0334 -0.3875
v -0.2818 7.0302 -0.3719
v -0.2867 7.0352 -0.3567
v -0.3706 6.6611 -0.2431
v -0.3657 6.6561 -0.2583
v -0.3706 6.6594 -0.2739
v -0.3825 6.6690 -0.2808
v -0.3943 6.6793 -0.2750
v -0.3992 6.6842 -0.2598
v -0.3825 6.6714 -0.2372
v -0.3943 6.6810 -0.2442
v -0.4133 6.8635 -0.3102
v -0.4015 6.8540 -0.3033
v -0.4182 6.8668 -0.3258
v -0.4133 6.8618 -0.3410
v -0.4015 6.8515 -0.3469
v -0.3896 6.8419 -0.3399
v -0.3847 6.8387 -0.3243
v -0.3896 6.8437 -0.3091
v -0.4921 7.0632 -0.2317
v -0.5072 7.0660 -0.2384
v -0.5139 7.0782 -0.2476
v -0.5084 7.0925 -0.2542
v -0.4938 7.1007 -0.2541
v -0.4787 7.0979 -0.2475
v -0.4775 7.0713 -0.2317
v -0.4719 7.0857 -0.2382
v -0.4655 6.6862 -0.2250
v -0.4536 6.6766 -0.2180
v -0.4704 6.6895 -0.2406
v -0.4655 6.6845 -0.2558
v -0.4536 6.6742 -0.2616
v -0.4418 6.6646 -0.2547
v -0.4369 6.6614 -0.2391
v -0.4418 6.6664 -0.2239
v -0.4655 6.6862 -0.2250
v -0.4536 6.6766 -0.2180
v -0.4704 6.6895 -0.2406
v -0.4655 6.6845 -0.2558
v -0.4536 6.6742 -0.2616
v -0.4418 6.6646 -0.2547
v -0.4369 6.6614 -0.2391
v -0.4418 6.6664 -0.2239
v -0.4092 7.0974 -0.2754
v -0.4147 7.0830 -0.2689
v -0.4159 7.1096 -0.2847
v -0.4310 7.1124 -0.2913
v -0.4457 7.1042 -0.2914
v -0.4512 7.0898 -0.2849
v -0.4445 7.0777 -0.2756
v -0.4293 7.0748 -0.2689
v -0.6022 6.9594 -0.1361
v -0.6175 6.9621 -0.1424
v -0.6237 6.9716 -0.1547
v -0.6172 6.9823 -0.1658
v -0.6019 6.9879 -0.1693
v -0.5866 6.9852 -0.1630
v -0.5868 6.9651 -0.1396
v -0.5803 6.9757 -0.1507
v -0.3727 6.9290 -0.3227
v -0.3783 6.9146 -0.3162
v -0.3795 6.9412 -0.3320
v -0.3946 6.9440 -0.3387
v -0.4092 6.9358 -0.3387
v -0.4148 6.9214 -0.3322
v -0.4080 6.9093 -0.3229
v -0.3929 6.9064 -0.3163
v -0.3727 6.9290 -0.3227
v -0.3783 6.9146 -0.3162
v -0.3795 6.9412 -0.3320
v -0.3946 6.9440 -0.3387
v -0.4092 6.9358 -0.3387
v -0.4148 6.9214 -0.3322
v -0.4080 6.9093 -0.3229
v -0.3929 6.9064 -0.3163
v -0.5680 6.9886 -0.2160
v -0.5744 6.9779 -0.2048
v -0.5742 6.9981 -0.2283
v -0.5895 7.0008 -0.2345
v -0.6049 6.9951 -0.2311
v -0.6114 6.9844 -0.2199
v -0.6051 6.9750 -0.2076
v -0.5898 6.9723 -0.2014
v -0.5092 6.6154 -0.1251
v -0.5243 6.6182 -0.1317
v -0.5300 6.6252 -0.1458
v -0.5229 6.6323 -0.1592
v -0.5071 6.6353 -0.1640
v -0.4920 6.6326 -0.1574
v -0.4934 6.6185 -0.1299
v -0.4863 6.6256 -0.1433
v -0.5028 6.7789 -0.2240
v -0.5099 6.7718 -0.2106
v -0.5085 6.7858 -0.2381
v -0.5236 6.7886 -0.2447
v -0.5394 6.7855 -0.2399
v -0.5465 6.7784 -0.2265
v -0.5408 6.7715 -0.2124
v -0.5257 6.7687 -0.2058
v -0.6639 6.9083 0.0055
v -0.6793 6.9105 -0.0009
v -0.6855 6.9181 -0.0144
v -0.6790 6.9266 -0.0273
v -0.6635 6.9310 -0.0319
v -0.6481 6.9287 -0.0256
v -0.6484 6.9127 0.0008
v -0.6419 6.9212 -0.0120
v -0.4749 6.6217 -0.2098
v -0.4820 6.6146 -0.1965
v -0.4806 6.6287 -0.2239
v -0.4957 6.6314 -0.2305
v -0.5115 6.6284 -0.2257
v -0.5186 6.6213 -0.2123
v -0.5129 6.6143 -0.1982
v -0.4978 6.6115 -0.1917
v -0.4749 6.6217 -0.2098
v -0.4820 6.6146 -0.1965
v -0.4806 6.6287 -0.2239
v -0.4957 6.6314 -0.2305
v -0.5115 6.6284 -0.2257
v -0.5186 6.6213 -0.2123
v -0.5129 6.6143 -0.1982
v -0.4978 6.6115 -0.1917
v -0.6397 6.9395 -0.0814
v -0.6462 6.9310 -0.0685
v -0.6459 6.9470 -0.0949
v -0.6613 6.9493 -0.1012
v -0.6767 6.9449 -0.0966
v -0.6833 6.9364 -0.0837
v -0.6771 6.9288 -0.0702
v -0.6617 6.9266 -0.0639
v -0.6090 6.7313 -0.1194
v -0.6156 6.7228 -0.1066
v -0.6152 6.7389 -0.1330
v -0.6306 6.7411 -0.1393
v -0.6461 6.7367 -0.1347
v -0.6526 6.7282 -0.1218
v -0.6464 6.7206 -0.1083
v -0.6310 6.7184 -0.1019
v -0.6090 6.7313 -0.1194
v -0.6156 6.7228 -0.1066
v -0.6152 6.7389 -0.1330
v -0.6306 6.7411 -0.1393
v -0.6461 6.7367 -0.1347
v -0.6526 6.7282 -0.1218
v -0.6464 6.7206 -0.1083
v -0.6310 6.7184 -0.1019
v -0.6515 6.4699 0.2567
v -0.6582 6.4587 0.2671
v -0.6566 6.4777 0.2428
v -0.6705 6.4775 0.2336
v -0.6852 6.4695 0.2345
v -0.6920 6.4583 0.2449
v -0.6869 6.4506 0.2588
v -0.6729 6.4507 0.2680
v -0.6515 6.4699 0.2567
v -0.6582 6.4587 0.2671
v -0.6566 6.4777 0.2428
v -0.6705 6.4775 0.2336
v -0.6852 6.4695 0.2345
v -0.6920 6.4583 0.2449
v -0.6869 6.4506 0.2588
v -0.6729 6.4507 0.2680
v -0.6363 6.4715 0.2072
v -0.6431 6.4603 0.2177
v -0.6414 6.4792 0.1933
v -0.6554 6.4791 0.1841
v -0.6701 6.4711 0.1850
v -0.6769 6.4599 0.1955
v -0.6718 6.4521 0.2094
v -0.6578 6.4523 0.2186
v -0.6363 6.4715 0.2072
v -0.6431 6.4603 0.2177
v -0.6414 6.4792 0.1933
v -0.6554 6.4791 0.1841
v -0.6701 6.4711 0.1850
v -0.6769 6.4599 0.1955
v -0.6718 6.4521 0.2094
v -0.6578 6.4523 0.2186
v -0.6610 6.5627 0.1020
v -0.6677 6.5515 0.1125
v -0.6661 6.5705 0.0882
v -0.6801 6.5704 0.0790
v -0.6948 6.5623 0.0799
v -0.7015 6.5511 0.0903
v -0.6964 6.5433 0.1042
v -0.6824 6.5435 0.1134
v -0.6610 6.5627 0.1020
v -0.6677 6.5515 0.1125
v -0.6661 6.5705 0.0882
v -0.6801 6.5704 0.0790
v -0.6948 6.5623 0.0799
v -0.7015 6.5511 0.0903
v -0.6964 6.5433 0.1042
v -0.6824 6.5435 0.1134
v -0.6530 6.5654 0.0427
v -0.6598 6.5542 0.0532
v -0.6581 6.5732 0.0288
v -0.6721 6.5730 0.0197
v -0.6868 6.5650 0.0205
v -0.6936 6.5538 0.0310
v -0.6885 6.5460 0.0449
v -0.6745 6.5461 0.0541
v -0.6530 6.5654 0.0427
v -0.6598 6.5542 0.0532
v -0.6581 6.5732 0.0288
v -0.6721 6.5730 0.0197
v -0.6868 6.5650 0.0205
v -0.6936 6.5538 0.0310
v -0.6885 6.5460 0.0449
v -0.6745 6.5461 0.0541
v -0.6723 6.7539 0.5476
v -0.6836 6.7447 0.5544
v -0.6736 6.7676 0.5379
v -0.6867 6.7774 0.5324
v -0.7035 6.7775 0.5336
v -0.7147 6.7682 0.5404
v -0.7136 6.7547 0.5489
v -0.7007 6.7452 0.5549
v -0.6666 6.6108 0.4850
v -0.6722 6.5965 0.4915
v -0.6733 6.6230 0.4757
v -0.6884 6.6258 0.4690
v -0.7031 6.6177 0.4690
v -0.7086 6.6033 0.4755
v -0.7019 6.5911 0.4849
v -0.6868 6.5883 0.4915
v -0.6216 6.8980 0.7399
v -0.6357 6.8922 0.7448
v -0.3395 6.8510 1.1425
v -0.5785 6.9625 0.8710
v -0.3287 6.8586 1.1396
v -0.5715 6.9729 0.8697
v -0.3252 6.8716 1.1417
v -0.5741 6.9854 0.8719
v -0.3312 6.8823 1.1476
v -0.5847 6.9929 0.8764
v -0.3430 6.8844 1.1538
v -0.5971 6.9910 0.8805
v -0.3539 6.8767 1.1567
v -0.6040 6.9806 0.8817
v -0.3573 6.8638 1.1546
v -0.6014 6.9679 0.8793
v -0.3513 6.8531 1.1487
v -0.5908 6.9604 0.8749
v -0.6178 6.9129 0.7373
v -0.6262 6.9282 0.7387
v -0.6418 6.9347 0.7431
v -0.6556 6.9288 0.7479
v -0.6597 6.9139 0.7502
v -0.6515 6.8988 0.7490
v -0.6577 6.8463 0.6031
v -0.6694 6.8379 0.6080
v -0.6569 6.8598 0.5976
v -0.6672 6.8709 0.5949
v -0.6825 6.8727 0.5966
v -0.6941 6.8649 0.6017
v -0.6952 6.8515 0.6068
v -0.6850 6.8402 0.6095
v -0.6591 6.7837 0.5143
v -0.6696 6.7762 0.5229
v -0.6613 6.7954 0.5032
v -0.6744 6.8048 0.4970
v -0.6908 6.8063 0.4990
v -0.7011 6.7980 0.5081
v -0.6994 6.7855 0.5186
v -0.6864 6.7759 0.5245
v -0.6583 6.6306 0.4379
v -0.6639 6.6162 0.4444
v -0.6651 6.6427 0.4286
v -0.6802 6.6455 0.4219
v -0.6948 6.6374 0.4219
v -0.7004 6.6230 0.4285
v -0.6937 6.6109 0.4378
v -0.6785 6.6080 0.4444
v -0.5755 6.3461 0.3982
v -0.5822 6.3350 0.4086
v -0.5806 6.3539 0.3843
v -0.5945 6.3538 0.3751
v -0.6092 6.3458 0.3760
v -0.6160 6.3346 0.3864
v -0.6109 6.3268 0.4004
v -0.5969 6.3270 0.4095
v -0.5755 6.3461 0.3982
v -0.5822 6.3350 0.4086
v -0.5806 6.3539 0.3843
v -0.5945 6.3538 0.3751
v -0.6092 6.3458 0.3760
v -0.6160 6.3346 0.3864
v -0.6109 6.3268 0.4004
v -0.5969 6.3270 0.4095
v -0.5603 6.3477 0.3488
v -0.5671 6.3366 0.3592
v -0.5654 6.3555 0.3348
v -0.5794 6.3554 0.3257
v -0.5941 6.3474 0.3266
v -0.6009 6.3362 0.3370
v -0.5958 6.3284 0.3509
v -0.5818 6.3286 0.3601
v -0.5603 6.3477 0.3488
v -0.5671 6.3366 0.3592
v -0.5654 6.3555 0.3348
v -0.5794 6.3554 0.3257
v -0.5941 6.3474 0.3266
v -0.6009 6.3362 0.3370
v -0.5958 6.3284 0.3509
v -0.5818 6.3286 0.3601
vt 1.0000 0.5000
vt 1.0000 1.0000
vt 0.8750 1.0000
vt 0.8750 0.5000
vt 0.7500 1.0000
vt 0.7500 0.5000
vt 0.6250 1.0000
vt 0.6250 0.5000
vt 0.5000 1.0000
vt 0.5000 0.5000
vt 0.3750 1.0000
vt 0.3750 0.5000
vt 0.2500 1.0000
vt 0.2500 0.5000
vt 0.4900 0.2500
vt 0.4197 0.4197
vt 0.2500 0.0100
vt 0.4197 0.0803
vt 0.1250 1.0000
vt 0.1250 0.5000
vt 0.0000 1.0000
vt 0.0000 0.5000
vt 0.7500 0.5000
vt 0.6250 0.5000
vt 0.6250 0.5000
vt 0.7500 0.5000
vt 0.2500 0.5000
vt 0.1250 0.5000
vt 0.1250 0.5000
vt 0.2500 0.5000
vt 0.6250 0.5000
vt 0.5000 0.5000
vt 0.5000 0.5000
vt 0.6250 0.5000
vt 0.1250 0.5000
vt 0.0000 0.5000
vt 0.0000 0.5000
vt 0.1250 0.5000
vt 0.5000 0.5000
vt 0.3750 0.5000
vt 0.3750 0.5000
vt 0.5000 0.5000
vt 0.2500 0.5000
vt 0.1250 0.5000
vt 0.1250 0.5000
vt 0.2500 0.5000
vt 0.3750 0.5000
vt 0.2500 0.5000
vt 0.2500 0.5000
vt 0.3750 0.5000
vt 1.0000 0.5000
vt 0.8750 0.5000
vt 0.8750 0.5000
vt 1.0000 0.5000
vt 0.5803 0.4197
vt 0.7500 0.4900
vt 0.5803 0.0803
vt 0.5100 0.2500
vt 1.0000 0.5000
vt 1.0000 1.0000
vt 0.8750 1.0000
vt 0.8750 0.5000
vt 0.7500 1.0000
vt 0.7500 0.5000
vt 0.6250 1.0000
vt 0.6250 0.5000
vt 0.5000 1.0000
vt 0.5000 0.5000
vt 0.3750 1.0000
vt 0.3750 0.5000
vt 0.2500 1.0000
vt 0.2500 0.5000
vt 0.4900 0.2500
vt 0.4197 0.4197
vt 0.2500 0.0100
vt 0.4197 0.0803
vt 0.1250 1.0000
vt 0.1250 0.5000
vt 0.0000 1.0000
vt 0.0000 0.5000
vt 0.7500 0.5000
vt 0.6250 0.5000
vt 0.6250 0.5000
vt 0.7500 0.5000
vt 0.2500 0.5000
vt 0.1250 0.5000
vt 0.1250 0.5000
vt 0.2500 0.5000
vt 0.6250 0.5000
vt 0.5000 0.5000
vt 0.5000 0.5000
vt 0.6250 0.5000
vt 0.1250 0.5000
vt 0.0000 0.5000
vt 0.0000 0.5000
vt 0.1250 0.5000
vt 0.5000 0.5000
vt 0.3750 0.5000
vt 0.3750 0.5000
vt 0.5000 0.5000
vt 0.2500 0.5000
vt 0.1250 0.5000
vt 0.1250 0.5000
vt 0.2500 0.5000
vt 0.3750 0.5000
vt 0.2500 0.5000
vt 0.2500 0.5000
vt 0.3750 0.5000
vt 1.0000 0.5000
vt 0.8750 0.5000
vt 0.8750 0.5000
vt 1.0000 0.5000
vt 0.0000 0.0000
vt 0.0000 0.0000
vt 0.0000 0.0000
vt 0.0000 0.0000
vt 1.0000 0.5000
vt 1.0000 1.0000
vt 0.8750 1.0000
vt 0.8750 0.5000
vt 0.7500 1.0000
vt 0.7500 0.5000
vt 0.6250 1.0000
vt 0.6250 0.5000
vt 0.5000 1.0000
vt 0.5000 0.5000
vt 0.3750 1.0000
vt 0.3750 0.5000
vt 0.2500 1.0000
vt 0.2500 0.5000
vt 0.4900 0.2500
vt 0.4197 0.4197
vt 0.2500 0.0100
vt 0.4197 0.0803
vt 0.1250 1.0000
vt 0.1250 0.5000
vt 0.0000 1.0000
vt 0.0000 0.5000
vt 0.7500 0.5000
vt 0.6250 0.5000
vt 0.6250 0.5000
vt 0.7500 0.5000
vt 0.2500 0.5000
vt 0.1250 0.5000
vt 0.1250 0.5000
vt 0.2500 0.5000
vt 0.6250 0.5000
vt 0.5000 0.5000
vt 0.5000 0.5000
vt 0.6250 0.5000
vt 0.1250 0.5000
vt 0.0000 0.5000
vt 0.0000 0.5000
vt 0.1250 0.5000
vt 0.5000 0.5000
vt 0.3750 0.5000
vt 0.3750 0.5000
vt 0.5000 0.5000
vt 0.2500 0.5000
vt 0.1250 0.5000
vt 0.1250 0.5000
vt 0.2500 0.5000
vt 0.3750 0.5000
vt 0.2500 0.5000
vt 0.2500 0.5000
vt 0.3750 0.5000
vt 1.0000 0.5000
vt 0.8750 0.5000
vt 0.8750 0.5000
vt 1.0000 0.5000
vt 0.5803 0.4197
vt 0.7500 0.4900
vt 0.5803 0.0803
vt 0.5100 0.2500
vt 1.0000 0.5000
vt 1.0000 1.0000
vt 0.8750 1.0000
vt 0.8750 0.5000
vt 0.7500 1.0000
vt 0.7500 0.5000
vt 0.6250 1.0000
vt 0.6250 0.5000
vt 0.5000 1.0000
vt 0.5000 0.5000
vt 0.3750 1.0000
vt 0.3750 0.5000
vt 0.2500 1.0000
vt 0.2500 0.5000
vt 0.4900 0.2500
vt 0.4197 0.4197
vt 0.2500 0.0100
vt 0.4197 0.0803
vt 0.1250 1.0000
vt 0.1250 0.5000
vt 0.0000 1.0000
vt 0.0000 0.5000
vt 0.7500 0.5000
vt 0.6250 0.5000
vt 0.6250 0.5000
vt 0.7500 0.5000
vt 0.2500 0.5000
vt 0.1250 0.5000
vt 0.1250 0.5000
vt 0.2500 0.5000
vt 0.6250 0.5000
vt 0.5000 0.5000
vt 0.5000 0.5000
vt 0.6250 0.5000
vt 0.1250 0.5000
vt 0.0000 0.5000
vt 0.0000 0.5000
vt 0.1250 0.5000
vt 0.5000 0.5000
vt 0.3750 0.5000
vt 0.3750 0.5000
vt 0.5000 0.5000
vt 0.2500 0.5000
vt 0.1250 0.5000
vt 0.1250 0.5000
vt 0.2500 0.5000
vt 0.3750 0.5000
vt 0.2500 0.5000
vt 0.2500 0.5000
vt 0.3750 0.5000
vt 1.0000 0.5000
vt 0.8750 0.5000
vt 0.8750 0.5000
vt 1.0000 0.5000
vt 0.5803 0.4197
vt 0.7500 0.4900
vt 0.5803 0.0803
vt 0.5100 0.2500
vt 1.0000 0.5000
vt 1.0000 1.0000
vt 0.8750 1.0000
vt 0.8750 0.5000
vt 0.7500 1.0000
vt 0.7500 0.5000
vt 0.6250 1.0000
vt 0.6250 0.5000
vt 0.5000 1.0000
vt 0.5000 0.5000
vt 0.3750 1.0000
vt 0.3750 0.5000
vt 0.2500 1.0000
vt 0.2500 0.5000
vt 0.4900 0.2500
vt 0.4197 0.4197
vt 0.2500 0.0100
vt 0.4197 0.0803
vt 0.1250 1.0000
vt 0.1250 0.5000
vt 0.0000 1.0000
vt 0.0000 0.5000
vt 0.7500 0.5000
vt 0.6250 0.5000
vt 0.6250 0.5000
vt 0.7500 0.5000
vt 0.2500 0.5000
vt 0.1250 0.5000
vt 0.1250 0.5000
vt 0.2500 0.5000
vt 0.6250 0.5000
vt 0.5000 0.5000
vt 0.5000 0.5000
vt 0.6250 0.5000
vt 0.1250 0.5000
vt 0.0000 0.5000
vt 0.0000 0.5000
vt 0.1250 0.5000
vt 0.5000 0.5000
vt 0.3750 0.5000
vt 0.3750 0.5000
vt 0.5000 0.5000
vt 0.2500 0.5000
vt 0.1250 0.5000
vt 0.1250 0.5000
vt 0.2500 0.5000
vt 0.3750 0.5000
vt 0.2500 0.5000
vt 0.2500 0.5000
vt 0.3750 0.5000
vt 1.0000 0.5000
vt 0.8750 0.5000
vt 0.8750 0.5000
vt 1.0000 0.5000
vt 0.9197 0.0803
vt 0.7500 0.0100
vt 0.9197 0.4197
vt 0.9900 0.2500
vt 1.0000 0.5000
vt 1.0000 1.0000
vt 0.8750 1.0000
vt 0.8750 0.5000
vt 0.7500 1.0000
vt 0.7500 0.5000
vt 0.6250 1.0000
vt 0.6250 0.5000
vt 0.5000 1.0000
vt 0.5000 0.5000
vt 0.3750 1.0000
vt 0.3750 0.5000
vt 0.2500 1.0000
vt 0.2500 0.5000
vt 0.8750 1.0000
vt 0.8750 1.0000
vt 0.7500 1.0000
vt 0.7500 1.0000
vt 0.1250 1.0000
vt 0.1250 0.5000
vt 0.0000 1.0000
vt 0.0000 0.5000
vt 0.7500 0.5000
vt 0.6250 0.5000
vt 0.6250 0.5000
vt 0.7500 0.5000
vt 0.2500 0.5000
vt 0.1250 0.5000
vt 0.1250 0.5000
vt 0.2500 0.5000
vt 0.6250 0.5000
vt 0.5000 0.5000
vt 0.5000 0.5000
vt 0.6250 0.5000
vt 0.1250 0.5000
vt 0.0000 0.5000
vt 0.0000 0.5000
vt 0.1250 0.5000
vt 0.5000 0.5000
vt 0.3750 0.5000
vt 0.3750 0.5000
vt 0.5000 0.5000
vt 0.2500 0.5000
vt 0.1250 0.5000
vt 0.1250 0.5000
vt 0.2500 0.5000
vt 0.3750 0.5000
vt 0.2500 0.5000
vt 0.2500 0.5000
vt 0.3750 0.5000
vt 1.0000 0.5000
vt 0.8750 0.5000
vt 0.8750 0.5000
vt 1.0000 0.5000
vt 0.5803 0.0803
vt 0.5100 0.2500
vt 0.9197 0.0803
vt 0.7500 0.0100
vt 1.0000 0.5000
vt 1.0000 1.0000
vt 0.8750 1.0000
vt 0.8750 0.5000
vt 0.7500 1.0000
vt 0.7500 0.5000
vt 0.6250 1.0000
vt 0.6250 0.5000
vt 0.5000 1.0000
vt 0.5000 0.5000
vt 0.3750 1.0000
vt 0.3750 0.5000
vt 0.2500 1.0000
vt 0.2500 0.5000
vt 0.4900 0.2500
vt 0.4197 0.4197
vt 0.2500 0.0100
vt 0.4197 0.0803
vt 0.1250 1.0000
vt 0.1250 0.5000
vt 0.0000 1.0000
vt 0.0000 0.5000
vt 0.7500 0.5000
vt 0.6250 0.5000
vt 0.6250 0.5000
vt 0.7500 0.5000
vt 0.2500 0.5000
vt 0.1250 0.5000
vt 0.1250 0.5000
vt 0.2500 0.5000
vt 0.6250 0.5000
vt 0.5000 0.5000
vt 0.5000 0.5000
vt 0.6250 0.5000
vt 0.1250 0.5000
vt 0.0000 0.5000
vt 0.0000 0.5000
vt 0.1250 0.5000
vt 0.5000 0.5000
vt 0.3750 0.5000
vt 0.3750 0.5000
vt 0.5000 0.5000
vt 0.2500 0.5000
vt 0.1250 0.5000
vt 0.1250 0.5000
vt 0.2500 0.5000
vt 0.3750 0.5000
vt 0.2500 0.5000
vt 0.2500 0.5000
vt 0.3750 0.5000
vt 1.0000 0.5000
vt 0.8750 0.5000
vt 0.8750 0.5000
vt 1.0000 0.5000
vt 0.5803 0.4197
vt 0.7500 0.4900
vt 0.5803 0.0803
vt 0.5100 0.2500
vt 1.0000 0.5000
vt 1.0000 1.0000
vt 0.8750 1.0000
vt 0.8750 0.5000
vt 0.7500 1.0000
vt 0.7500 0.5000
vt 0.6250 1.0000
vt 0.6250 0.5000
vt 0.5000 1.0000
vt 0.5000 0.5000
vt 0.3750 1.0000
vt 0.3750 0.5000
vt 0.2500 1.0000
vt 0.2500 0.5000
vt 0.0803 0.4197
vt 0.0100 0.2500
vt 0.0803 0.0803
vt 0.2500 0.4900
vt 0.1250 1.0000
vt 0.1250 0.5000
vt 0.0000 1.0000
vt 0.0000 0.5000
vt 0.7500 0.5000
vt 0.6250 0.5000
vt 0.6250 0.5000
vt 0.7500 0.5000
vt 0.2500 0.5000
vt 0.1250 0.5000
vt 0.1250 0.5000
vt 0.2500 0.5000
vt 0.6250 0.5000
vt 0.5000 0.5000
vt 0.5000 0.5000
vt 0.6250 0.5000
vt 0.1250 0.5000
vt 0.0000 0.5000
vt 0.0000 0.5000
vt 0.1250 0.5000
vt 0.5000 0.5000
vt 0.3750 0.5000
vt 0.3750 0.5000
vt 0.5000 0.5000
vt 0.2500 0.5000
vt 0.1250 0.5000
vt 0.1250 0.5000
vt 0.2500 0.5000
vt 0.3750 0.5000
vt 0.2500 0.5000
vt 0.2500 0.5000
vt 0.3750 0.5000
vt 1.0000 0.5000
vt 0.8750 0.5000
vt 0.8750 0.5000
vt 1.0000 0.5000
vt 0.0000 0.0000
vt 0.0000 0.0000
vt 0.0000 0.0000
vt 0.0000 0.0000
vt 1.0000 0.5000
vt 1.0000 1.0000
vt 0.8750 1.0000
vt 0.8750 0.5000
vt 0.7500 1.0000
vt 0.7500 0.5000
vt 0.6250 1.0000
vt 0.6250 0.5000
vt 0.5000 1.0000
vt 0.5000 0.5000
vt 0.3750 1.0000
vt 0.3750 0.5000
vt 0.2500 1.0000
vt 0.2500 0.5000
vt 0.0803 0.4197
vt 0.0100 0.2500
vt 0.0803 0.0803
vt 0.2500 0.4900
vt 0.1250 1.0000
vt 0.1250 0.5000
vt 0.0000 1.0000
vt 0.0000 0.5000
vt 0.7500 0.5000
vt 0.6250 0.5000
vt 0.6250 0.5000
vt 0.7500 0.5000
vt 0.2500 0.5000
vt 0.1250 0.5000
vt 0.1250 0.5000
vt 0.2500 0.5000
vt 0.6250 0.5000
vt 0.5000 0.5000
vt 0.5000 0.5000
vt 0.6250 0.5000
vt 0.1250 0.5000
vt 0.0000 0.5000
vt 0.0000 0.5000
vt 0.1250 0.5000
vt 0.5000 0.5000
vt 0.3750 0.5000
vt 0.3750 0.5000
vt 0.5000 0.5000
vt 0.2500 0.5000
vt 0.1250 0.5000
vt 0.1250 0.5000
vt 0.2500 0.5000
vt 0.3750 0.5000
vt 0.2500 0.5000
vt 0.2500 0.5000
vt 0.3750 0.5000
vt 1.0000 0.5000
vt 0.8750 0.5000
vt 0.8750 0.5000
vt 1.0000 0.5000
vt 0.5803 0.4197
vt 0.7500 0.4900
vt 0.5803 0.0803
vt 0.5100 0.2500
vt 1.0000 0.5000
vt 1.0000 1.0000
vt 0.8750 1.0000
vt 0.8750 0.5000
vt 0.7500 1.0000
vt 0.7500 0.5000
vt 0.6250 1.0000
vt 0.6250 0.5000
vt 0.5000 1.0000
vt 0.5000 0.5000
vt 0.3750 1.0000
vt 0.3750 0.5000
vt 0.2500 1.0000
vt 0.2500 0.5000
vt 0.0803 0.4197
vt 0.0100 0.2500
vt 0.0803 0.0803
vt 0.2500 0.4900
vt 0.1250 1.0000
vt 0.1250 0.5000
vt 0.0000 1.0000
vt 0.0000 0.5000
vt 0.7500 0.5000
vt 0.6250 0.5000
vt 0.6250 0.5000
vt 0.7500 0.5000
vt 0.2500 0.5000
vt 0.1250 0.5000
vt 0.1250 0.5000
vt 0.2500 0.5000
vt 0.6250 0.5000
vt 0.5000 0.5000
vt 0.5000 0.5000
vt 0.6250 0.5000
vt 0.1250 0.5000
vt 0.0000 0.5000
vt 0.0000 0.5000
vt 0.1250 0.5000
vt 0.5000 0.5000
vt 0.3750 0.5000
vt 0.3750 0.5000
vt 0.5000 0.5000
vt 0.2500 0.5000
vt 0.1250 0.5000
vt 0.1250 0.5000
vt 0.2500 0.5000
vt 0.3750 0.5000
vt 0.2500 0.5000
vt 0.2500 0.5000
vt 0.3750 0.5000
vt 1.0000 0.5000
vt 0.8750 0.5000
vt 0.8750 0.5000
vt 1.0000 0.5000
vt 0.5803 0.4197
vt 0.7500 0.4900
vt 0.5803 0.0803
vt 0.5100 0.2500
vt 1.0000 0.5000
vt 1.0000 1.0000
vt 0.8750 1.0000
vt 0.8750 0.5000
vt 0.7500 1.0000
vt 0.7500 0.5000
vt 0.6250 1.0000
vt 0.6250 0.5000
vt 0.5000 1.0000
vt 0.5000 0.5000
vt 0.3750 1.0000
vt 0.3750 0.5000
vt 0.2500 1.0000
vt 0.2500 0.5000
vt 0.0803 0.4197
vt 0.0100 0.2500
vt 0.0803 0.0803
vt 0.2500 0.4900
vt 0.1250 1.0000
vt 0.1250 0.5000
vt 0.0000 1.0000
vt 0.0000 0.5000
vt 0.7500 0.5000
vt 0.6250 0.5000
vt 0.6250 0.5000
vt 0.7500 0.5000
vt 0.2500 0.5000
vt 0.1250 0.5000
vt 0.1250 0.5000
vt 0.2500 0.5000
vt 0.6250 0.5000
vt 0.5000 0.5000
vt 0.5000 0.5000
vt 0.6250 0.5000
vt 0.1250 0.5000
vt 0.0000 0.5000
vt 0.0000 0.5000
vt 0.1250 0.5000
vt 0.5000 0.5000
vt 0.3750 0.5000
vt 0.3750 0.5000
vt 0.5000 0.5000
vt 0.2500 0.5000
vt 0.1250 0.5000
vt 0.1250 0.5000
vt 0.2500 0.5000
vt 0.3750 0.5000
vt 0.2500 0.5000
vt 0.2500 0.5000
vt 0.3750 0.5000
vt 1.0000 0.5000
vt 0.8750 0.5000
vt 0.8750 0.5000
vt 1.0000 0.5000
vt 0.5803 0.4197
vt 0.7500 0.4900
vt 0.5803 0.0803
vt 0.5100 0.2500
vt 1.0000 0.5000
vt 1.0000 1.0000
vt 0.8750 1.0000
vt 0.8750 0.5000
vt 0.7500 1.0000
vt 0.7500 0.5000
vt 0.6250 1.0000
vt 0.6250 0.5000
vt 0.5000 1.0000
vt 0.5000 0.5000
vt 0.3750 1.0000
vt 0.3750 0.5000
vt 0.2500 1.0000
vt 0.2500 0.5000
vt 0.0803 0.4197
vt 0.0100 0.2500
vt 0.0803 0.0803
vt 0.2500 0.4900
vt 0.1250 1.0000
vt 0.1250 0.5000
vt 0.0000 1.0000
vt 0.0000 0.5000
vt 0.7500 0.5000
vt 0.6250 0.5000
vt 0.6250 0.5000
vt 0.7500 0.5000
vt 0.2500 0.5000
vt 0.1250 0.5000
vt 0.1250 0.5000
vt 0.2500 0.5000
vt 0.6250 0.5000
vt 0.5000 0.5000
vt 0.5000 0.5000
vt 0.6250 0.5000
vt 0.1250 0.5000
vt 0.0000 0.5000
vt 0.0000 0.5000
vt 0.1250 0.5000
vt 0.5000 0.5000
vt 0.3750 0.5000
vt 0.3750 0.5000
vt 0.5000 0.5000
vt 0.2500 0.5000
vt 0.1250 0.5000
vt 0.1250 0.5000
vt 0.2500 0.5000
vt 0.3750 0.5000
vt 0.2500 0.5000
vt 0.2500 0.5000
vt 0.3750 0.5000
vt 1.0000 0.5000
vt 0.8750 0.5000
vt 0.8750 0.5000
vt 1.0000 0.5000
vt 0.9197 0.0803
vt 0.7500 0.0100
vt 0.9197 0.4197
vt 0.9900 0.2500
vt 1.0000 0.5000
vt 1.0000 1.0000
vt 0.8750 1.0000
vt 0.8750 0.5000
vt 0.7500 1.0000
vt 0.7500 0.5000
vt 0.6250 1.0000
vt 0.6250 0.5000
vt 0.5000 1.0000
vt 0.5000 0.5000
vt 0.3750 1.0000
vt 0.3750 0.5000
vt 0.2500 1.0000
vt 0.2500 0.5000
vt 0.4900 0.2500
vt 0.4197 0.4197
vt 0.2500 0.0100
vt 0.4197 0.0803
vt 0.1250 1.0000
vt 0.1250 0.5000
vt 0.0000 1.0000
vt 0.0000 0.5000
vt 0.7500 0.5000
vt 0.6250 0.5000
vt 0.6250 0.5000
vt 0.7500 0.5000
vt 0.2500 0.5000
vt 0.1250 0.5000
vt 0.1250 0.5000
vt 0.2500 0.5000
vt 0.6250 0.5000
vt 0.5000 0.5000
vt 0.5000 0.5000
vt 0.6250 0.5000
vt 0.1250 0.5000
vt 0.0000 0.5000
vt 0.0000 0.5000
vt 0.1250 0.5000
vt 0.5000 0.5000
vt 0.3750 0.5000
vt 0.3750 0.5000
vt 0.5000 0.5000
vt 0.2500 0.5000
vt 0.1250 0.5000
vt 0.1250 0.5000
vt 0.2500 0.5000
vt 0.3750 0.5000
vt 0.2500 0.5000
vt 0.2500 0.5000
vt 0.3750 0.5000
vt 1.0000 0.5000
vt 0.8750 0.5000
vt 0.8750 0.5000
vt 1.0000 0.5000
vt 0.5803 0.0803
vt 0.5100 0.2500
vt 0.9197 0.0803
vt 0.7500 0.0100
vt 1.0000 0.5000
vt 1.0000 1.0000
vt 0.8750 1.0000
vt 0.8750 0.5000
vt 0.7500 1.0000
vt 0.7500 0.5000
vt 0.6250 1.0000
vt 0.6250 0.5000
vt 0.5000 1.0000
vt 0.5000 0.5000
vt 0.3750 1.0000
vt 0.3750 0.5000
vt 0.2500 1.0000
vt 0.2500 0.5000
vt 0.0803 0.4197
vt 0.0100 0.2500
vt 0.0803 0.0803
vt 0.2500 0.4900
vt 0.1250 1.0000
vt 0.1250 0.5000
vt 0.0000 1.0000
vt 0.0000 0.5000
vt 0.7500 0.5000
vt 0.6250 0.5000
vt 0.6250 0.5000
vt 0.7500 0.5000
vt 0.2500 0.5000
vt 0.1250 0.5000
vt 0.1250 0.5000
vt 0.2500 0.5000
vt 0.6250 0.5000
vt 0.5000 0.5000
vt 0.5000 0.5000
vt 0.6250 0.5000
vt 0.1250 0.5000
vt 0.0000 0.5000
vt 0.0000 0.5000
vt 0.1250 0.5000
vt 0.5000 0.5000
vt 0.3750 0.5000
vt 0.3750 0.5000
vt 0.5000 0.5000
vt 0.2500 0.5000
vt 0.1250 0.5000
vt 0.1250 0.5000
vt 0.2500 0.5000
vt 0.3750 0.5000
vt 0.2500 0.5000
vt 0.2500 0.5000
vt 0.3750 0.5000
vt 1.0000 0.5000
vt 0.8750 0.5000
vt 0.8750 0.5000
vt 1.0000 0.5000
vt 0.5803 0.4197
vt 0.7500 0.4900
vt 0.5803 0.0803
vt 0.5100 0.2500
vt 1.0000 0.5000
vt 1.0000 1.0000
vt 0.8750 1.0000
vt 0.8750 0.5000
vt 0.7500 1.0000
vt 0.7500 0.5000
vt 0.6250 1.0000
vt 0.6250 0.5000
vt 0.5000 1.0000
vt 0.5000 0.5000
vt 0.3750 1.0000
vt 0.3750 0.5000
vt 0.2500 1.0000
vt 0.2500 0.5000
vt 0.4900 0.2500
vt 0.4197 0.4197
vt 0.2500 0.0100
vt 0.4197 0.0803
vt 0.1250 1.0000
vt 0.1250 0.5000
vt 0.0000 1.0000
vt 0.0000 0.5000
vt 0.7500 0.5000
vt 0.6250 0.5000
vt 0.6250 0.5000
vt 0.7500 0.5000
vt 0.2500 0.5000
vt 0.1250 0.5000
vt 0.1250 0.5000
vt 0.2500 0.5000
vt 0.6250 0.5000
vt 0.5000 0.5000
vt 0.5000 0.5000
vt 0.6250 0.5000
vt 0.1250 0.5000
vt 0.0000 0.5000
vt 0.0000 0.5000
vt 0.1250 0.5000
vt 0.5000 0.5000
vt 0.3750 0.5000
vt 0.3750 0.5000
vt 0.5000 0.5000
vt 0.2500 0.5000
vt 0.1250 0.5000
vt 0.1250 0.5000
vt 0.2500 0.5000
vt 0.3750 0.5000
vt 0.2500 0.5000
vt 0.2500 0.5000
vt 0.3750 0.5000
vt 1.0000 0.5000
vt 0.8750 0.5000
vt 0.8750 0.5000
vt 1.0000 0.5000
vt 0.5803 0.4197
vt 0.7500 0.4900
vt 0.5803 0.0803
vt 0.5100 0.2500
vt 1.0000 0.5000
vt 1.0000 1.0000
vt 0.8750 1.0000
vt 0.8750 0.5000
vt 0.7500 1.0000
vt 0.7500 0.5000
vt 0.6250 1.0000
vt 0.6250 0.5000
vt 0.5000 1.0000
vt 0.5000 0.5000
vt 0.3750 1.0000
vt 0.3750 0.5000
vt 0.2500 1.0000
vt 0.2500 0.5000
vt 0.4900 0.2500
vt 0.4197 0.4197
vt 0.2500 0.0100
vt 0.4197 0.0803
vt 0.1250 1.0000
vt 0.1250 0.5000
vt 0.0000 1.0000
vt 0.0000 0.5000
vt 0.7500 0.5000
vt 0.6250 0.5000
vt 0.6250 0.5000
vt 0.7500 0.5000
vt 0.2500 0.5000
vt 0.1250 0.5000
vt 0.1250 0.5000
vt 0.2500 0.5000
vt 0.6250 0.5000
vt 0.5000 0.5000
vt 0.5000 0.5000
vt 0.6250 0.5000
vt 0.1250 0.5000
vt 0.0000 0.5000
vt 0.0000 0.5000
vt 0.1250 0.5000
vt 0.5000 0.5000
vt 0.3750 0.5000
vt 0.3750 0.5000
vt 0.5000 0.5000
vt 0.2500 0.5000
vt 0.1250 0.5000
vt 0.1250 0.5000
vt 0.2500 0.5000
vt 0.3750 0.5000
vt 0.2500 0.5000
vt 0.2500 0.5000
vt 0.3750 0.5000
vt 1.0000 0.5000
vt 0.8750 0.5000
vt 0.8750 0.5000
vt 1.0000 0.5000
vt 0.5803 0.0803
vt 0.5100 0.2500
vt 0.9197 0.0803
vt 0.7500 0.0100
vt 1.0000 0.5000
vt 1.0000 1.0000
vt 0.8750 1.0000
vt 0.8750 0.5000
vt 0.7500 1.0000
vt 0.7500 0.5000
vt 0.6250 1.0000
vt 0.6250 0.5000
vt 0.5000 1.0000
vt 0.5000 0.5000
vt 0.3750 1.0000
vt 0.3750 0.5000
vt 0.2500 1.0000
vt 0.2500 0.5000
vt 0.4900 0.2500
vt 0.4197 0.4197
vt 0.2500 0.0100
vt 0.4197 0.0803
vt 0.1250 1.0000
vt 0.1250 0.5000
vt 0.0000 1.0000
vt 0.0000 0.5000
vt 0.7500 0.5000
vt 0.6250 0.5000
vt 0.6250 0.5000
vt 0.7500 0.5000
vt 0.2500 0.5000
vt 0.1250 0.5000
vt 0.1250 0.5000
vt 0.2500 0.5000
vt 0.6250 0.5000
vt 0.5000 0.5000
vt 0.5000 0.5000
vt 0.6250 0.5000
vt 0.1250 0.5000
vt 0.0000 0.5000
vt 0.0000 0.5000
vt 0.1250 0.5000
vt 0.5000 0.5000
vt 0.3750 0.5000
vt 0.3750 0.5000
vt 0.5000 0.5000
vt 0.2500 0.5000
vt 0.1250 0.5000
vt 0.1250 0.5000
vt 0.2500 0.5000
vt 0.3750 0.5000
vt 0.2500 0.5000
vt 0.2500 0.5000
vt 0.3750 0.5000
vt 1.0000 0.5000
vt 0.8750 0.5000
vt 0.8750 0.5000
vt 1.0000 0.5000
vt 0.5803 0.4197
vt 0.7500 0.4900
vt 0.5803 0.0803
vt 0.5100 0.2500
vt 1.0000 0.5000
vt 1.0000 1.0000
vt 0.8750 1.0000
vt 0.8750 0.5000
vt 0.7500 1.0000
vt 0.7500 0.5000
vt 0.6250 1.0000
vt 0.6250 0.5000
vt 0.5000 1.0000
vt 0.5000 0.5000
vt 0.3750 1.0000
vt 0.3750 0.5000
vt 0.2500 1.0000
vt 0.2500 0.5000
vt 0.4900 0.2500
vt 0.4197 0.4197
vt 0.2500 0.0100
vt 0.4197 0.0803
vt 0.1250 1.0000
vt 0.1250 0.5000
vt 0.0000 1.0000
vt 0.0000 0.5000
vt 0.7500 0.5000
vt 0.6250 0.5000
vt 0.6250 0.5000
vt 0.7500 0.5000
vt 0.2500 0.5000
vt 0.1250 0.5000
vt 0.1250 0.5000
vt 0.2500 0.5000
vt 0.6250 0.5000
vt 0.5000 0.5000
vt 0.5000 0.5000
vt 0.6250 0.5000
vt 0.1250 0.5000
vt 0.0000 0.5000
vt 0.0000 0.5000
vt 0.1250 0.5000
vt 0.5000 0.5000
vt 0.3750 0.5000
vt 0.3750 0.5000
vt 0.5000 0.5000
vt 0.2500 0.5000
vt 0.1250 0.5000
vt 0.1250 0.5000
vt 0.2500 0.5000
vt 0.3750 0.5000
vt 0.2500 0.5000
vt 0.2500 0.5000
vt 0.3750 0.5000
vt 1.0000 0.5000
vt 0.8750 0.5000
vt 0.8750 0.5000
vt 1.0000 0.5000
vt 0.5803 0.4197
vt 0.7500 0.4900
vt 0.5803 0.0803
vt 0.5100 0.2500
vt 1.0000 0.5000
vt 1.0000 1.0000
vt 0.8750 1.0000
vt 0.8750 0.5000
vt 0.7500 1.0000
vt 0.7500 0.5000
vt 0.6250 1.0000
vt 0.6250 0.5000
vt 0.5000 1.0000
vt 0.5000 0.5000
vt 0.3750 1.0000
vt 0.3750 0.5000
vt 0.2500 1.0000
vt 0.2500 0.5000
vt 0.0803 0.4197
vt 0.0100 0.2500
vt 0.0803 0.0803
vt 0.2500 0.4900
vt 0.1250 1.0000
vt 0.1250 0.5000
vt 0.0000 1.0000
vt 0.0000 0.5000
vt 0.7500 0.5000
vt 0.6250 0.5000
vt 0.6250 0.5000
vt 0.7500 0.5000
vt 0.2500 0.5000
vt 0.1250 0.5000
vt 0.1250 0.5000
vt 0.2500 0.5000
vt 0.6250 0.5000
vt 0.5000 0.5000
vt 0.5000 0.5000
vt 0.6250 0.5000
vt 0.1250 0.5000
vt 0.0000 0.5000
vt 0.0000 0.5000
vt 0.1250 0.5000
vt 0.5000 0.5000
vt 0.3750 0.5000
vt 0.3750 0.5000
vt 0.5000 0.5000
vt 0.2500 0.5000
vt 0.1250 0.5000
vt 0.1250 0.5000
vt 0.2500 0.5000
vt 0.3750 0.5000
vt 0.2500 0.5000
vt 0.2500 0.5000
vt 0.3750 0.5000
vt 1.0000 0.5000
vt 0.8750 0.5000
vt 0.8750 0.5000
vt 1.0000 0.5000
vt 0.5803 0.4197
vt 0.7500 0.4900
vt 0.5803 0.0803
vt 0.5100 0.2500
vt 1.0000 0.5000
vt 1.0000 1.0000
vt 0.8750 1.0000
vt 0.8750 0.5000
vt 0.7500 1.0000
vt 0.7500 0.5000
vt 0.6250 1.0000
vt 0.6250 0.5000
vt 0.5000 1.0000
vt 0.5000 0.5000
vt 0.3750 1.0000
vt 0.3750 0.5000
vt 0.2500 1.0000
vt 0.2500 0.5000
vt 0.0803 0.4197
vt 0.0100 0.2500
vt 0.0803 0.0803
vt 0.2500 0.4900
vt 0.1250 1.0000
vt 0.1250 0.5000
vt 0.0000 1.0000
vt 0.0000 0.5000
vt 0.7500 0.5000
vt 0.6250 0.5000
vt 0.6250 0.5000
vt 0.7500 0.5000
vt 0.2500 0.5000
vt 0.1250 0.5000
vt 0.1250 0.5000
vt 0.2500 0.5000
vt 0.6250 0.5000
vt 0.5000 0.5000
vt 0.5000 0.5000
vt 0.6250 0.5000
vt 0.1250 0.5000
vt 0.0000 0.5000
vt 0.0000 0.5000
vt 0.1250 0.5000
vt 0.5000 0.5000
vt 0.3750 0.5000
vt 0.3750 0.5000
vt 0.5000 0.5000
vt 0.2500 0.5000
vt 0.1250 0.5000
vt 0.1250 0.5000
vt 0.2500 0.5000
vt 0.3750 0.5000
vt 0.2500 0.5000
vt 0.2500 0.5000
vt 0.3750 0.5000
vt 1.0000 0.5000
vt 0.8750 0.5000
vt 0.8750 0.5000
vt 1.0000 0.5000
vt 0.5803 0.4197
vt 0.7500 0.4900
vt 0.5803 0.0803
vt 0.5100 0.2500
vt 1.0000 0.5000
vt 1.0000 1.0000
vt 0.8750 1.0000
vt 0.8750 0.5000
vt 0.7500 1.0000
vt 0.7500 0.5000
vt 0.6250 1.0000
vt 0.6250 0.5000
vt 0.5000 1.0000
vt 0.5000 0.5000
vt 0.3750 1.0000
vt 0.3750 0.5000
vt 0.2500 1.0000
vt 0.2500 0.5000
vt 0.0803 0.4197
vt 0.0100 0.2500
vt 0.0803 0.0803
vt 0.2500 0.4900
vt 0.1250 1.0000
vt 0.1250 0.5000
vt 0.0000 1.0000
vt 0.0000 0.5000
vt 0.7500 0.5000
vt 0.6250 0.5000
vt 0.6250 0.5000
vt 0.7500 0.5000
vt 0.2500 0.5000
vt 0.1250 0.5000
vt 0.1250 0.5000
vt 0.2500 0.5000
vt 0.6250 0.5000
vt 0.5000 0.5000
vt 0.5000 0.5000
vt 0.6250 0.5000
vt 0.1250 0.5000
vt 0.0000 0.5000
vt 0.0000 0.5000
vt 0.1250 0.5000
vt 0.5000 0.5000
vt 0.3750 0.5000
vt 0.3750 0.5000
vt 0.5000 0.5000
vt 0.2500 0.5000
vt 0.1250 0.5000
vt 0.1250 0.5000
vt 0.2500 0.5000
vt 0.3750 0.5000
vt 0.2500 0.5000
vt 0.2500 0.5000
vt 0.3750 0.5000
vt 1.0000 0.5000
vt 0.8750 0.5000
vt 0.8750 0.5000
vt 1.0000 0.5000
vt 0.5803 0.4197
vt 0.7500 0.4900
vt 0.5803 0.0803
vt 0.5100 0.2500
vt 1.0000 0.5000
vt 1.0000 1.0000
vt 0.8750 1.0000
vt 0.8750 0.5000
vt 0.7500 1.0000
vt 0.7500 0.5000
vt 0.6250 1.0000
vt 0.6250 0.5000
vt 0.5000 1.0000
vt 0.5000 0.5000
vt 0.3750 1.0000
vt 0.3750 0.5000
vt 0.2500 1.0000
vt 0.2500 0.5000
vt 0.4900 0.2500
vt 0.4197 0.4197
vt 0.2500 0.0100
vt 0.4197 0.0803
vt 0.1250 1.0000
vt 0.1250 0.5000
vt 0.0000 1.0000
vt 0.0000 0.5000
vt 0.7500 0.5000
vt 0.6250 0.5000
vt 0.6250 0.5000
vt 0.7500 0.5000
vt 0.2500 0.5000
vt 0.1250 0.5000
vt 0.1250 0.5000
vt 0.2500 0.5000
vt 0.6250 0.5000
vt 0.5000 0.5000
vt 0.5000 0.5000
vt 0.6250 0.5000
vt 0.1250 0.5000
vt 0.0000 0.5000
vt 0.0000 0.5000
vt 0.1250 0.5000
vt 0.5000 0.5000
vt 0.3750 0.5000
vt 0.3750 0.5000
vt 0.5000 0.5000
vt 0.2500 0.5000
vt 0.1250 0.5000
vt 0.1250 0.5000
vt 0.2500 0.5000
vt 0.3750 0.5000
vt 0.2500 0.5000
vt 0.2500 0.5000
vt 0.3750 0.5000
vt 1.0000 0.5000
vt 0.8750 0.5000
vt 0.8750 0.5000
vt 1.0000 0.5000
vt 0.9197 0.0803
vt 0.7500 0.0100
vt 0.9197 0.4197
vt 0.9900 0.2500
vt 1.0000 0.5000
vt 1.0000 1.0000
vt 0.8750 1.0000
vt 0.8750 0.5000
vt 0.7500 1.0000
vt 0.7500 0.5000
vt 0.6250 1.0000
vt 0.6250 0.5000
vt 0.5000 1.0000
vt 0.5000 0.5000
vt 0.3750 1.0000
vt 0.3750 0.5000
vt 0.2500 1.0000
vt 0.2500 0.5000
vt 0.4900 0.2500
vt 0.4197 0.4197
vt 0.2500 0.0100
vt 0.4197 0.0803
vt 0.1250 1.0000
vt 0.1250 0.5000
vt 0.0000 1.0000
vt 0.0000 0.5000
vt 0.7500 0.5000
vt 0.6250 0.5000
vt 0.6250 0.5000
vt 0.7500 0.5000
vt 0.2500 0.5000
vt 0.1250 0.5000
vt 0.1250 0.5000
vt 0.2500 0.5000
vt 0.6250 0.5000
vt 0.5000 0.5000
vt 0.5000 0.5000
vt 0.6250 0.5000
vt 0.1250 0.5000
vt 0.0000 0.5000
vt 0.0000 0.5000
vt 0.1250 0.5000
vt 0.5000 0.5000
vt 0.3750 0.5000
vt 0.3750 0.5000
vt 0.5000 0.5000
vt 0.2500 0.5000
vt 0.1250 0.5000
vt 0.1250 0.5000
vt 0.2500 0.5000
vt 0.3750 0.5000
vt 0.2500 0.5000
vt 0.2500 0.5000
vt 0.3750 0.5000
vt 1.0000 0.5000
vt 0.8750 0.5000
vt 0.8750 0.5000
vt 1.0000 0.5000
vt 0.0000 0.0000
vt 0.0000 0.0000
vt 0.0000 0.0000
vt 0.0000 0.0000
vt 1.0000 0.5000
vt 1.0000 1.0000
vt 0.8750 1.0000
vt 0.8750 0.5000
vt 0.7500 1.0000
vt 0.7500 0.5000
vt 0.6250 1.0000
vt 0.6250 0.5000
vt 0.5000 1.0000
vt 0.5000 0.5000
vt 0.3750 1.0000
vt 0.3750 0.5000
vt 0.2500 1.0000
vt 0.2500 0.5000
vt 0.4900 0.2500
vt 0.4197 0.4197
vt 0.2500 0.0100
vt 0.4197 0.0803
vt 0.1250 1.0000
vt 0.1250 0.5000
vt 0.0000 1.0000
vt 0.0000 0.5000
vt 0.7500 0.5000
vt 0.6250 0.5000
vt 0.6250 0.5000
vt 0.7500 0.5000
vt 0.2500 0.5000
vt 0.1250 0.5000
vt 0.1250 0.5000
vt 0.2500 0.5000
vt 0.6250 0.5000
vt 0.5000 0.5000
vt 0.5000 0.5000
vt 0.6250 0.5000
vt 0.1250 0.5000
vt 0.0000 0.5000
vt 0.0000 0.5000
vt 0.1250 0.5000
vt 0.5000 0.5000
vt 0.3750 0.5000
vt 0.3750 0.5000
vt 0.5000 0.5000
vt 0.2500 0.5000
vt 0.1250 0.5000
vt 0.1250 0.5000
vt 0.2500 0.5000
vt 0.3750 0.5000
vt 0.2500 0.5000
vt 0.2500 0.5000
vt 0.3750 0.5000
vt 1.0000 0.5000
vt 0.8750 0.5000
vt 0.8750 0.5000
vt 1.0000 0.5000
vt 0.5803 0.4197
vt 0.7500 0.4900
vt 0.5803 0.0803
vt 0.5100 0.2500
vt 1.0000 0.5000
vt 1.0000 1.0000
vt 0.8750 1.0000
vt 0.8750 0.5000
vt 0.7500 1.0000
vt 0.7500 0.5000
vt 0.6250 1.0000
vt 0.6250 0.5000
vt 0.5000 1.0000
vt 0.5000 0.5000
vt 0.3750 1.0000
vt 0.3750 0.5000
vt 0.2500 1.0000
vt 0.2500 0.5000
vt 0.4900 0.2500
vt 0.4197 0.4197
vt 0.2500 0.0100
vt 0.4197 0.0803
vt 0.1250 1.0000
vt 0.1250 0.5000
vt 0.0000 1.0000
vt 0.0000 0.5000
vt 0.7500 0.5000
vt 0.6250 0.5000
vt 0.6250 0.5000
vt 0.7500 0.5000
vt 0.2500 0.5000
vt 0.1250 0.5000
vt 0.1250 0.5000
vt 0.2500 0.5000
vt 0.6250 0.5000
vt 0.5000 0.5000
vt 0.5000 0.5000
vt 0.6250 0.5000
vt 0.1250 0.5000
vt 0.0000 0.5000
vt 0.0000 0.5000
vt 0.1250 0.5000
vt 0.5000 0.5000
vt 0.3750 0.5000
vt 0.3750 0.5000
vt 0.5000 0.5000
vt 0.2500 0.5000
vt 0.1250 0.5000
vt 0.1250 0.5000
vt 0.2500 0.5000
vt 0.3750 0.5000
vt 0.2500 0.5000
vt 0.2500 0.5000
vt 0.3750 0.5000
vt 1.0000 0.5000
vt 0.8750 0.5000
vt 0.8750 0.5000
vt 1.0000 0.5000
vt 0.5803 0.4197
vt 0.7500 0.4900
vt 0.5803 0.0803
vt 0.5100 0.2500
vt 1.0000 0.5000
vt 1.0000 1.0000
vt 0.8750 1.0000
vt 0.8750 0.5000
vt 0.7500 1.0000
vt 0.7500 0.5000
vt 0.6250 1.0000
vt 0.6250 0.5000
vt 0.5000 1.0000
vt 0.5000 0.5000
vt 0.3750 1.0000
vt 0.3750 0.5000
vt 0.2500 1.0000
vt 0.2500 0.5000
vt 0.4900 0.2500
vt 0.4197 0.4197
vt 0.2500 0.0100
vt 0.4197 0.0803
vt 0.1250 1.0000
vt 0.1250 0.5000
vt 0.0000 1.0000
vt 0.0000 0.5000
vt 0.7500 0.5000
vt 0.6250 0.5000
vt 0.6250 0.5000
vt 0.7500 0.5000
vt 0.2500 0.5000
vt 0.1250 0.5000
vt 0.1250 0.5000
vt 0.2500 0.5000
vt 0.6250 0.5000
vt 0.5000 0.5000
vt 0.5000 0.5000
vt 0.6250 0.5000
vt 0.1250 0.5000
vt 0.0000 0.5000
vt 0.0000 0.5000
vt 0.1250 0.5000
vt 0.5000 0.5000
vt 0.3750 0.5000
vt 0.3750 0.5000
vt 0.5000 0.5000
vt 0.2500 0.5000
vt 0.1250 0.5000
vt 0.1250 0.5000
vt 0.2500 0.5000
vt 0.3750 0.5000
vt 0.2500 0.5000
vt 0.2500 0.5000
vt 0.3750 0.5000
vt 1.0000 0.5000
vt 0.8750 0.5000
vt 0.8750 0.5000
vt 1.0000 0.5000
vt 0.5803 0.4197
vt 0.7500 0.4900
vt 0.5803 0.0803
vt 0.5100 0.2500
vt 1.0000 0.5000
vt 1.0000 1.0000
vt 0.8750 1.0000
vt 0.8750 0.5000
vt 0.7500 1.0000
vt 0.7500 0.5000
vt 0.6250 1.0000
vt 0.6250 0.5000
vt 0.5000 1.0000
vt 0.5000 0.5000
vt 0.3750 1.0000
vt 0.3750 0.5000
vt 0.2500 1.0000
vt 0.2500 0.5000
vt 0.0803 0.4197
vt 0.0100 0.2500
vt 0.0803 0.0803
vt 0.2500 0.4900
vt 0.1250 1.0000
vt 0.1250 0.5000
vt 0.0000 1.0000
vt 0.0000 0.5000
vt 0.7500 0.5000
vt 0.6250 0.5000
vt 0.6250 0.5000
vt 0.7500 0.5000
vt 0.2500 0.5000
vt 0.1250 0.5000
vt 0.1250 0.5000
vt 0.2500 0.5000
vt 0.6250 0.5000
vt 0.5000 0.5000
vt 0.5000 0.5000
vt 0.6250 0.5000
vt 0.1250 0.5000
vt 0.0000 0.5000
vt 0.0000 0.5000
vt 0.1250 0.5000
vt 0.5000 0.5000
vt 0.3750 0.5000
vt 0.3750 0.5000
vt 0.5000 0.5000
vt 0.2500 0.5000
vt 0.1250 0.5000
vt 0.1250 0.5000
vt 0.2500 0.5000
vt 0.3750 0.5000
vt 0.2500 0.5000
vt 0.2500 0.5000
vt 0.3750 0.5000
vt 1.0000 0.5000
vt 0.8750 0.5000
vt 0.8750 0.5000
vt 1.0000 0.5000
vt 0.0000 0.0000
vt 0.0000 0.0000
vt 0.0000 0.0000
vt 0.0000 0.0000
vt 1.0000 0.5000
vt 1.0000 1.0000
vt 0.8750 1.0000
vt 0.8750 0.5000
vt 0.7500 1.0000
vt 0.7500 0.5000
vt 0.6250 1.0000
vt 0.6250 0.5000
vt 0.5000 1.0000
vt 0.5000 0.5000
vt 0.3750 1.0000
vt 0.3750 0.5000
vt 0.2500 1.0000
vt 0.2500 0.5000
vt 0.0803 0.4197
vt 0.0100 0.2500
vt 0.0803 0.0803
vt 0.2500 0.4900
vt 0.1250 1.0000
vt 0.1250 0.5000
vt 0.0000 1.0000
vt 0.0000 0.5000
vt 0.7500 0.5000
vt 0.6250 0.5000
vt 0.6250 0.5000
vt 0.7500 0.5000
vt 0.2500 0.5000
vt 0.1250 0.5000
vt 0.1250 0.5000
vt 0.2500 0.5000
vt 0.6250 0.5000
vt 0.5000 0.5000
vt 0.5000 0.5000
vt 0.6250 0.5000
vt 0.1250 0.5000
vt 0.0000 0.5000
vt 0.0000 0.5000
vt 0.1250 0.5000
vt 0.5000 0.5000
vt 0.3750 0.5000
vt 0.3750 0.5000
vt 0.5000 0.5000
vt 0.2500 0.5000
vt 0.1250 0.5000
vt 0.1250 0.5000
vt 0.2500 0.5000
vt 0.3750 0.5000
vt 0.2500 0.5000
vt 0.2500 0.5000
vt 0.3750 0.5000
vt 1.0000 0.5000
vt 0.8750 0.5000
vt 0.8750 0.5000
vt 1.0000 0.5000
vt 0.5803 0.4197
vt 0.7500 0.4900
vt 0.5803 0.0803
vt 0.5100 0.2500
vt 0.3750 1.0000
vt 0.5000 1.0000
vt 0.5000 1.0000
vt 0.3750 1.0000
vt 0.8750 1.0000
vt 1.0000 1.0000
vt 1.0000 1.0000
vt 0.8750 1.0000
vt 1.0000 0.5000
vt 0.8750 0.5000
vt 0.2500 1.0000
vt 0.3750 1.0000
vt 0.3750 1.0000
vt 0.2500 1.0000
vt 0.7500 1.0000
vt 0.7500 0.5000
vt 0.7500 1.0000
vt 0.7500 1.0000
vt 0.6250 1.0000
vt 0.6250 0.5000
vt 0.5000 1.0000
vt 0.5000 0.5000
vt 0.0000 1.0000
vt 0.1250 1.0000
vt 0.1250 1.0000
vt 0.0000 1.0000
vt 0.3750 0.5000
vt 0.2500 0.5000
vt 0.6250 1.0000
vt 0.6250 1.0000
vt 0.1250 0.5000
vt 0.0000 0.5000
vt 0.2500 1.0000
vt 0.3750 1.0000
vt 0.3750 1.0000
vt 0.2500 1.0000
vt 0.8750 1.0000
vt 1.0000 1.0000
vt 1.0000 1.0000
vt 0.8750 1.0000
vt 1.0000 0.5000
vt 1.0000 1.0000
vt 0.8750 1.0000
vt 0.8750 0.5000
vt 0.3750 1.0000
vt 0.5000 1.0000
vt 0.5000 1.0000
vt 0.3750 1.0000
vt 0.6250 1.0000
vt 0.7500 1.0000
vt 0.7500 1.0000
vt 0.6250 1.0000
vt 0.5000 1.0000
vt 0.6250 1.0000
vt 0.6250 1.0000
vt 0.5000 1.0000
vt 0.5000 1.0000
vt 0.5000 1.0000
vt 0.3750 1.0000
vt 0.5000 1.0000
vt 0.5000 1.0000
vt 0.3750 1.0000
vt 0.8750 1.0000
vt 1.0000 1.0000
vt 1.0000 1.0000
vt 0.8750 1.0000
vt 1.0000 0.5000
vt 0.8750 0.5000
vt 0.2500 1.0000
vt 0.3750 1.0000
vt 0.3750 1.0000
vt 0.2500 1.0000
vt 0.7500 1.0000
vt 0.7500 0.5000
vt 0.7500 1.0000
vt 0.7500 1.0000
vt 0.6250 1.0000
vt 0.6250 0.5000
vt 0.5000 1.0000
vt 0.5000 0.5000
vt 0.0000 1.0000
vt 0.1250 1.0000
vt 0.1250 1.0000
vt 0.0000 1.0000
vt 0.3750 0.5000
vt 0.2500 0.5000
vt 0.6250 1.0000
vt 0.6250 1.0000
vt 0.1250 0.5000
vt 0.0000 0.5000
vt 0.2500 1.0000
vt 0.3750 1.0000
vt 0.3750 1.0000
vt 0.2500 1.0000
vt 0.3750 1.0000
vt 0.3750 1.0000
vt 0.8750 1.0000
vt 1.0000 1.0000
vt 1.0000 1.0000
vt 0.8750 1.0000
vt 0.3750 1.0000
vt 0.3750 1.0000
vt 0.7500 1.0000
vt 0.7500 1.0000
vt 0.2500 1.0000
vt 0.2500 1.0000
vt 0.6250 1.0000
vt 0.6250 1.0000
vt 0.1250 1.0000
vt 0.1250 1.0000
vt 0.3750 1.0000
vt 0.5000 1.0000
vt 0.5000 1.0000
vt 0.3750 1.0000
vt 0.8750 1.0000
vt 1.0000 1.0000
vt 1.0000 1.0000
vt 0.8750 1.0000
vt 1.0000 0.5000
vt 0.8750 0.5000
vt 0.2500 1.0000
vt 0.3750 1.0000
vt 0.3750 1.0000
vt 0.2500 1.0000
vt 0.7500 1.0000
vt 0.7500 0.5000
vt 0.7500 1.0000
vt 0.7500 1.0000
vt 0.6250 1.0000
vt 0.6250 0.5000
vt 0.5000 1.0000
vt 0.5000 0.5000
vt 0.0000 1.0000
vt 0.1250 1.0000
vt 0.1250 1.0000
vt 0.0000 1.0000
vt 0.3750 0.5000
vt 0.2500 0.5000
vt 0.6250 1.0000
vt 0.6250 1.0000
vt 0.1250 0.5000
vt 0.0000 0.5000
vt 0.9197 0.0803
vt 0.7500 0.0100
vt 0.5803 0.0803
vt 0.5100 0.2500
vt 0.5000 1.0000
vt 0.5000 1.0000
vt 0.3750 1.0000
vt 0.3750 1.0000
vt 0.2500 1.0000
vt 0.2500 1.0000
vt 0.1250 1.0000
vt 0.1250 1.0000
vt 0.0000 1.0000
vt 0.0000 1.0000
vt 0.3750 1.0000
vt 0.5000 1.0000
vt 0.5000 1.0000
vt 0.3750 1.0000
vt 0.8750 1.0000
vt 1.0000 1.0000
vt 1.0000 1.0000
vt 0.8750 1.0000
vt 1.0000 0.5000
vt 0.8750 0.5000
vt 0.2500 1.0000
vt 0.3750 1.0000
vt 0.3750 1.0000
vt 0.2500 1.0000
vt 0.7500 1.0000
vt 0.7500 0.5000
vt 0.7500 1.0000
vt 0.7500 1.0000
vt 0.6250 1.0000
vt 0.6250 0.5000
vt 0.5000 1.0000
vt 0.5000 0.5000
vt 0.0000 1.0000
vt 0.1250 1.0000
vt 0.1250 1.0000
vt 0.0000 1.0000
vt 0.3750 0.5000
vt 0.2500 0.5000
vt 0.6250 1.0000
vt 0.6250 1.0000
vt 0.1250 0.5000
vt 0.0000 0.5000
vt 0.9197 0.0803
vt 0.7500 0.0100
vt 0.5803 0.0803
vt 0.5100 0.2500
vt 0.3750 1.0000
vt 0.5000 1.0000
vt 0.5000 1.0000
vt 0.3750 1.0000
vt 0.8750 1.0000
vt 1.0000 1.0000
vt 1.0000 1.0000
vt 0.8750 1.0000
vt 1.0000 0.5000
vt 0.8750 0.5000
vt 0.2500 1.0000
vt 0.3750 1.0000
vt 0.3750 1.0000
vt 0.2500 1.0000
vt 0.7500 1.0000
vt 0.7500 0.5000
vt 0.7500 1.0000
vt 0.7500 1.0000
vt 0.6250 1.0000
vt 0.6250 0.5000
vt 0.5000 1.0000
vt 0.5000 0.5000
vt 0.0000 1.0000
vt 0.1250 1.0000
vt 0.1250 1.0000
vt 0.0000 1.0000
vt 0.3750 0.5000
vt 0.2500 0.5000
vt 0.6250 1.0000
vt 0.6250 1.0000
vt 0.1250 0.5000
vt 0.0000 0.5000
vt 0.2500 1.0000
vt 0.3750 1.0000
vt 0.3750 1.0000
vt 0.2500 1.0000
vt 0.7500 1.0000
vt 0.8750 1.0000
vt 0.8750 1.0000
vt 0.7500 1.0000
vt 0.6250 1.0000
vt 0.5000 1.0000
vt 0.1250 1.0000
vt 0.2500 1.0000
vt 0.2500 1.0000
vt 0.1250 1.0000
vt 0.0000 1.0000
vt 0.0000 1.0000
vt 0.8750 1.0000
vt 1.0000 1.0000
vt 1.0000 1.0000
vt 0.8750 1.0000
vt 0.7500 1.0000
vt 0.7500 1.0000
vt 0.3750 1.0000
vt 0.5000 1.0000
vt 0.5000 1.0000
vt 0.3750 1.0000
vt 0.8750 1.0000
vt 1.0000 1.0000
vt 1.0000 1.0000
vt 0.8750 1.0000
vt 1.0000 0.5000
vt 0.8750 0.5000
vt 0.2500 1.0000
vt 0.3750 1.0000
vt 0.3750 1.0000
vt 0.2500 1.0000
vt 0.7500 1.0000
vt 0.7500 0.5000
vt 0.7500 1.0000
vt 0.7500 1.0000
vt 0.6250 1.0000
vt 0.6250 0.5000
vt 0.5000 1.0000
vt 0.5000 0.5000
vt 0.0000 1.0000
vt 0.1250 1.0000
vt 0.1250 1.0000
vt 0.0000 1.0000
vt 0.3750 0.5000
vt 0.2500 0.5000
vt 0.6250 1.0000
vt 0.6250 1.0000
vt 0.1250 0.5000
vt 0.0000 0.5000
vt 0.2500 1.0000
vt 0.3750 1.0000
vt 0.3750 1.0000
vt 0.2500 1.0000
vt 0.3750 1.0000
vt 0.5000 1.0000
vt 0.5000 1.0000
vt 0.3750 1.0000
vt 0.8750 1.0000
vt 1.0000 1.0000
vt 1.0000 1.0000
vt 0.8750 1.0000
vt 1.0000 0.5000
vt 0.8750 0.5000
vt 0.2500 1.0000
vt 0.3750 1.0000
vt 0.3750 1.0000
vt 0.2500 1.0000
vt 0.7500 1.0000
vt 0.7500 0.5000
vt 0.7500 1.0000
vt 0.7500 1.0000
vt 0.6250 1.0000
vt 0.6250 0.5000
vt 0.5000 1.0000
vt 0.5000 0.5000
vt 0.0000 1.0000
vt 0.1250 1.0000
vt 0.1250 1.0000
vt 0.0000 1.0000
vt 0.3750 0.5000
vt 0.2500 0.5000
vt 0.6250 1.0000
vt 0.6250 1.0000
vt 0.1250 0.5000
vt 0.0000 0.5000
vt 0.2500 1.0000
vt 0.3750 1.0000
vt 0.3750 1.0000
vt 0.2500 1.0000
vt 0.0000 1.0000
vt 0.1250 1.0000
vt 0.1250 1.0000
vt 0.0000 1.0000
vt 0.8750 1.0000
vt 1.0000 1.0000
vt 1.0000 1.0000
vt 0.8750 1.0000
vt 0.7500 1.0000
vt 0.7500 1.0000
vt 0.6250 1.0000
vt 0.6250 1.0000
vt 0.3750 1.0000
vt 0.5000 1.0000
vt 0.5000 1.0000
vt 0.3750 1.0000
vt 0.8750 1.0000
vt 1.0000 1.0000
vt 1.0000 1.0000
vt 0.8750 1.0000
vt 1.0000 0.5000
vt 0.8750 0.5000
vt 0.2500 1.0000
vt 0.3750 1.0000
vt 0.3750 1.0000
vt 0.2500 1.0000
vt 0.7500 1.0000
vt 0.7500 0.5000
vt 0.7500 1.0000
vt 0.7500 1.0000
vt 0.6250 1.0000
vt 0.6250 0.5000
vt 0.5000 1.0000
vt 0.5000 0.5000
vt 0.0000 1.0000
vt 0.1250 1.0000
vt 0.1250 1.0000
vt 0.0000 1.0000
vt 0.3750 0.5000
vt 0.2500 0.5000
vt 0.6250 1.0000
vt 0.6250 1.0000
vt 0.1250 0.5000
vt 0.0000 0.5000
vt 0.2500 1.0000
vt 0.3750 1.0000
vt 0.3750 1.0000
vt 0.2500 1.0000
vt 0.3750 1.0000
vt 0.5000 1.0000
vt 0.5000 1.0000
vt 0.3750 1.0000
vt 0.8750 1.0000
vt 1.0000 1.0000
vt 1.0000 1.0000
vt 0.8750 1.0000
vt 1.0000 0.5000
vt 0.8750 0.5000
vt 0.2500 1.0000
vt 0.3750 1.0000
vt 0.3750 1.0000
vt 0.2500 1.0000
vt 0.7500 1.0000
vt 0.7500 0.5000
vt 0.7500 1.0000
vt 0.7500 1.0000
vt 0.6250 1.0000
vt 0.6250 0.5000
vt 0.5000 1.0000
vt 0.5000 0.5000
vt 0.0000 1.0000
vt 0.1250 1.0000
vt 0.1250 1.0000
vt 0.0000 1.0000
vt 0.3750 0.5000
vt 0.2500 0.5000
vt 0.6250 1.0000
vt 0.6250 1.0000
vt 0.1250 0.5000
vt 0.0000 0.5000
vt 0.2500 1.0000
vt 0.3750 1.0000
vt 0.3750 1.0000
vt 0.2500 1.0000
vt 0.7500 1.0000
vt 0.8750 1.0000
vt 0.8750 1.0000
vt 0.7500 1.0000
vt 0.0000 0.0000
vt 0.0000 0.0000
vt 0.0000 0.0000
vt 0.0000 0.0000
vt 0.8750 1.0000
vt 1.0000 1.0000
vt 1.0000 1.0000
vt 0.8750 1.0000
vt 0.7500 1.0000
vt 0.7500 1.0000
vt 0.6250 1.0000
vt 0.6250 1.0000
vt 0.3750 1.0000
vt 0.5000 1.0000
vt 0.5000 1.0000
vt 0.3750 1.0000
vt 0.8750 1.0000
vt 1.0000 1.0000
vt 1.0000 1.0000
vt 0.8750 1.0000
vt 1.0000 0.5000
vt 0.8750 0.5000
vt 0.2500 1.0000
vt 0.3750 1.0000
vt 0.3750 1.0000
vt 0.2500 1.0000
vt 0.7500 1.0000
vt 0.7500 0.5000
vt 0.7500 1.0000
vt 0.7500 1.0000
vt 0.6250 1.0000
vt 0.6250 0.5000
vt 0.5000 1.0000
vt 0.5000 0.5000
vt 0.0000 1.0000
vt 0.1250 1.0000
vt 0.1250 1.0000
vt 0.0000 1.0000
vt 0.3750 0.5000
vt 0.2500 0.5000
vt 0.6250 1.0000
vt 0.6250 1.0000
vt 0.1250 0.5000
vt 0.0000 0.5000
vt 0.2500 1.0000
vt 0.3750 1.0000
vt 0.3750 1.0000
vt 0.2500 1.0000
vt 0.5000 1.0000
vt 0.5000 1.0000
vt 0.3750 1.0000
vt 0.5000 1.0000
vt 0.5000 1.0000
vt 0.3750 1.0000
vt 0.8750 1.0000
vt 1.0000 1.0000
vt 1.0000 1.0000
vt 0.8750 1.0000
vt 1.0000 0.5000
vt 0.8750 0.5000
vt 0.2500 1.0000
vt 0.3750 1.0000
vt 0.3750 1.0000
vt 0.2500 1.0000
vt 0.7500 1.0000
vt 0.7500 0.5000
vt 0.7500 1.0000
vt 0.7500 1.0000
vt 0.6250 1.0000
vt 0.6250 0.5000
vt 0.5000 1.0000
vt 0.5000 0.5000
vt 0.0000 1.0000
vt 0.1250 1.0000
vt 0.1250 1.0000
vt 0.0000 1.0000
vt 0.3750 0.5000
vt 0.2500 0.5000
vt 0.6250 1.0000
vt 0.6250 1.0000
vt 0.1250 0.5000
vt 0.0000 0.5000
vt 0.2500 1.0000
vt 0.3750 1.0000
vt 0.3750 1.0000
vt 0.2500 1.0000
vt 0.7500 1.0000
vt 0.8750 1.0000
vt 0.8750 1.0000
vt 0.7500 1.0000
vt 0.4900 0.2500
vt 0.4197 0.4197
vt 0.2500 0.0100
vt 0.4197 0.0803
vt 0.3750 1.0000
vt 0.5000 1.0000
vt 0.5000 1.0000
vt 0.3750 1.0000
vt 0.8750 1.0000
vt 1.0000 1.0000
vt 1.0000 1.0000
vt 0.8750 1.0000
vt 1.0000 0.5000
vt 0.8750 0.5000
vt 0.2500 1.0000
vt 0.3750 1.0000
vt 0.3750 1.0000
vt 0.2500 1.0000
vt 0.7500 1.0000
vt 0.7500 0.5000
vt 0.7500 1.0000
vt 0.7500 1.0000
vt 0.6250 1.0000
vt 0.6250 0.5000
vt 0.5000 1.0000
vt 0.5000 0.5000
vt 0.0000 1.0000
vt 0.1250 1.0000
vt 0.1250 1.0000
vt 0.0000 1.0000
vt 0.3750 0.5000
vt 0.2500 0.5000
vt 0.6250 1.0000
vt 0.6250 1.0000
vt 0.1250 0.5000
vt 0.0000 0.5000
vt 0.2500 1.0000
vt 0.3750 1.0000
vt 0.3750 1.0000
vt 0.2500 1.0000
vt 0.7500 1.0000
vt 0.8750 1.0000
vt 0.8750 1.0000
vt 0.7500 1.0000
vt 0.4900 0.2500
vt 0.4197 0.4197
vt 0.2500 0.0100
vt 0.4197 0.0803
vt 0.3750 1.0000
vt 0.5000 1.0000
vt 0.5000 1.0000
vt 0.3750 1.0000
vt 0.8750 1.0000
vt 1.0000 1.0000
vt 1.0000 1.0000
vt 0.8750 1.0000
vt 1.0000 0.5000
vt 0.8750 0.5000
vt 0.2500 1.0000
vt 0.3750 1.0000
vt 0.3750 1.0000
vt 0.2500 1.0000
vt 0.7500 1.0000
vt 0.7500 0.5000
vt 0.7500 1.0000
vt 0.7500 1.0000
vt 0.6250 1.0000
vt 0.6250 0.5000
vt 0.5000 1.0000
vt 0.5000 0.5000
vt 0.0000 1.0000
vt 0.1250 1.0000
vt 0.1250 1.0000
vt 0.0000 1.0000
vt 0.3750 0.5000
vt 0.2500 0.5000
vt 0.6250 1.0000
vt 0.6250 1.0000
vt 0.1250 0.5000
vt 0.0000 0.5000
vt 0.2500 1.0000
vt 0.3750 1.0000
vt 0.3750 1.0000
vt 0.2500 1.0000
vt 0.1250 1.0000
vt 0.2500 1.0000
vt 0.2500 1.0000
vt 0.1250 1.0000
vt 0.7500 1.0000
vt 0.8750 1.0000
vt 0.8750 1.0000
vt 0.7500 1.0000
vt 0.5000 1.0000
vt 0.6250 1.0000
vt 0.6250 1.0000
vt 0.5000 1.0000
vt 1.0000 1.0000
vt 1.0000 1.0000
vt 0.2500 1.0000
vt 0.3750 1.0000
vt 0.3750 1.0000
vt 0.2500 1.0000
vt 0.3750 1.0000
vt 0.5000 1.0000
vt 0.5000 1.0000
vt 0.3750 1.0000
vt 0.8750 1.0000
vt 1.0000 1.0000
vt 1.0000 1.0000
vt 0.8750 1.0000
vt 1.0000 0.5000
vt 0.8750 0.5000
vt 0.2500 1.0000
vt 0.3750 1.0000
vt 0.3750 1.0000
vt 0.2500 1.0000
vt 0.7500 1.0000
vt 0.7500 0.5000
vt 0.7500 1.0000
vt 0.7500 1.0000
vt 0.6250 1.0000
vt 0.6250 0.5000
vt 0.5000 1.0000
vt 0.5000 0.5000
vt 0.0000 1.0000
vt 0.1250 1.0000
vt 0.1250 1.0000
vt 0.0000 1.0000
vt 0.3750 0.5000
vt 0.2500 0.5000
vt 0.6250 1.0000
vt 0.6250 1.0000
vt 0.1250 0.5000
vt 0.0000 0.5000
vt 0.1250 1.0000
vt 0.1250 1.0000
vt 0.6250 1.0000
vt 0.6250 1.0000
vt 0.7500 1.0000
vt 0.8750 1.0000
vt 0.8750 1.0000
vt 0.7500 1.0000
vt 0.5000 1.0000
vt 0.5000 1.0000
vt 1.0000 1.0000
vt 1.0000 1.0000
vt 0.2500 1.0000
vt 0.3750 1.0000
vt 0.3750 1.0000
vt 0.2500 1.0000
vt 0.3750 1.0000
vt 0.5000 1.0000
vt 0.5000 1.0000
vt 0.3750 1.0000
vt 0.8750 1.0000
vt 1.0000 1.0000
vt 1.0000 1.0000
vt 0.8750 1.0000
vt 1.0000 0.5000
vt 0.8750 0.5000
vt 0.2500 1.0000
vt 0.3750 1.0000
vt 0.3750 1.0000
vt 0.2500 1.0000
vt 0.7500 1.0000
vt 0.7500 0.5000
vt 0.7500 1.0000
vt 0.7500 1.0000
vt 0.6250 1.0000
vt 0.6250 0.5000
vt 0.5000 1.0000
vt 0.5000 0.5000
vt 0.0000 1.0000
vt 0.1250 1.0000
vt 0.1250 1.0000
vt 0.0000 1.0000
vt 0.3750 0.5000
vt 0.2500 0.5000
vt 0.6250 1.0000
vt 0.6250 1.0000
vt 0.1250 0.5000
vt 0.0000 0.5000
vt 0.0803 0.4197
vt 0.0100 0.2500
vt 0.0803 0.0803
vt 0.2500 0.4900
vt 0.1250 1.0000
vt 0.1250 1.0000
vt 0.6250 1.0000
vt 0.6250 1.0000
vt 0.5000 1.0000
vt 0.5000 1.0000
vt 0.2500 1.0000
vt 0.3750 1.0000
vt 0.3750 1.0000
vt 0.2500 1.0000
vt 0.3750 1.0000
vt 0.5000 1.0000
vt 0.5000 1.0000
vt 0.3750 1.0000
vt 0.8750 1.0000
vt 1.0000 1.0000
vt 1.0000 1.0000
vt 0.8750 1.0000
vt 1.0000 0.5000
vt 0.8750 0.5000
vt 0.2500 1.0000
vt 0.3750 1.0000
vt 0.3750 1.0000
vt 0.2500 1.0000
vt 0.7500 1.0000
vt 0.7500 0.5000
vt 0.7500 1.0000
vt 0.7500 1.0000
vt 0.6250 1.0000
vt 0.6250 0.5000
vt 0.5000 1.0000
vt 0.5000 0.5000
vt 0.0000 1.0000
vt 0.1250 1.0000
vt 0.1250 1.0000
vt 0.0000 1.0000
vt 0.3750 0.5000
vt 0.2500 0.5000
vt 0.6250 1.0000
vt 0.6250 1.0000
vt 0.1250 0.5000
vt 0.0000 0.5000
vt 0.9197 0.4197
vt 0.9900 0.2500
vt 0.5803 0.4197
vt 0.7500 0.4900
vt 0.1250 1.0000
vt 0.1250 1.0000
vt 0.3750 1.0000
vt 0.5000 1.0000
vt 0.5000 1.0000
vt 0.3750 1.0000
vt 0.8750 1.0000
vt 1.0000 1.0000
vt 1.0000 1.0000
vt 0.8750 1.0000
vt 1.0000 0.5000
vt 0.8750 0.5000
vt 0.2500 1.0000
vt 0.3750 1.0000
vt 0.3750 1.0000
vt 0.2500 1.0000
vt 0.7500 1.0000
vt 0.7500 0.5000
vt 0.7500 1.0000
vt 0.7500 1.0000
vt 0.6250 1.0000
vt 0.6250 0.5000
vt 0.5000 1.0000
vt 0.5000 0.5000
vt 0.0000 1.0000
vt 0.1250 1.0000
vt 0.1250 1.0000
vt 0.0000 1.0000
vt 0.3750 0.5000
vt 0.2500 0.5000
vt 0.6250 1.0000
vt 0.6250 1.0000
vt 0.1250 0.5000
vt 0.0000 0.5000
vt 0.2500 1.0000
vt 0.3750 1.0000
vt 0.3750 1.0000
vt 0.2500 1.0000
vt 0.0100 0.2500
vt 0.0803 0.0803
vt 0.2500 0.0100
vt 0.0803 0.4197
vt 0.7500 1.0000
vt 0.8750 1.0000
vt 0.8750 1.0000
vt 0.7500 1.0000
vt 0.3750 1.0000
vt 0.5000 1.0000
vt 0.5000 1.0000
vt 0.3750 1.0000
vt 0.2500 1.0000
vt 0.2500 1.0000
vt 0.1250 1.0000
vt 0.1250 1.0000
vt 0.3750 1.0000
vt 0.5000 1.0000
vt 0.5000 1.0000
vt 0.3750 1.0000
vt 0.8750 1.0000
vt 1.0000 1.0000
vt 1.0000 1.0000
vt 0.8750 1.0000
vt 1.0000 0.5000
vt 0.8750 0.5000
vt 0.2500 1.0000
vt 0.3750 1.0000
vt 0.3750 1.0000
vt 0.2500 1.0000
vt 0.7500 1.0000
vt 0.7500 0.5000
vt 0.7500 1.0000
vt 0.7500 1.0000
vt 0.6250 1.0000
vt 0.6250 0.5000
vt 0.5000 1.0000
vt 0.5000 0.5000
vt 0.0000 1.0000
vt 0.1250 1.0000
vt 0.1250 1.0000
vt 0.0000 1.0000
vt 0.3750 0.5000
vt 0.2500 0.5000
vt 0.6250 1.0000
vt 0.6250 1.0000
vt 0.1250 0.5000
vt 0.0000 0.5000
vt 0.0000 1.0000
vt 0.0000 1.0000
vt 0.3750 1.0000
vt 0.5000 1.0000
vt 0.5000 1.0000
vt 0.3750 1.0000
vt 0.8750 1.0000
vt 1.0000 1.0000
vt 1.0000 1.0000
vt 0.8750 1.0000
vt 1.0000 0.5000
vt 0.8750 0.5000
vt 0.2500 1.0000
vt 0.3750 1.0000
vt 0.3750 1.0000
vt 0.2500 1.0000
vt 0.7500 1.0000
vt 0.7500 0.5000
vt 0.7500 1.0000
vt 0.7500 1.0000
vt 0.6250 1.0000
vt 0.6250 0.5000
vt 0.5000 1.0000
vt 0.5000 0.5000
vt 0.0000 1.0000
vt 0.1250 1.0000
vt 0.1250 1.0000
vt 0.0000 1.0000
vt 0.3750 0.5000
vt 0.2500 0.5000
vt 0.6250 1.0000
vt 0.6250 1.0000
vt 0.1250 0.5000
vt 0.0000 0.5000
vt 0.2500 1.0000
vt 0.3750 1.0000
vt 0.3750 1.0000
vt 0.2500 1.0000
vt 0.7500 1.0000
vt 0.8750 1.0000
vt 0.8750 1.0000
vt 0.7500 1.0000
vt 0.4900 0.2500
vt 0.4197 0.4197
vt 0.2500 0.4900
vt 0.4197 0.0803
vt 0.2500 1.0000
vt 0.3750 1.0000
vt 0.3750 1.0000
vt 0.2500 1.0000
vt 0.1250 1.0000
vt 0.1250 1.0000
vt 0.0000 1.0000
vt 0.0000 1.0000
vt 0.3750 1.0000
vt 0.5000 1.0000
vt 0.5000 1.0000
vt 0.3750 1.0000
vt 0.8750 1.0000
vt 1.0000 1.0000
vt 1.0000 1.0000
vt 0.8750 1.0000
vt 1.0000 0.5000
vt 0.8750 0.5000
vt 0.2500 1.0000
vt 0.3750 1.0000
vt 0.3750 1.0000
vt 0.2500 1.0000
vt 0.7500 1.0000
vt 0.7500 0.5000
vt 0.7500 1.0000
vt 0.7500 1.0000
vt 0.6250 1.0000
vt 0.6250 0.5000
vt 0.5000 1.0000
vt 0.5000 0.5000
vt 0.0000 1.0000
vt 0.1250 1.0000
vt 0.1250 1.0000
vt 0.0000 1.0000
vt 0.3750 0.5000
vt 0.2500 0.5000
vt 0.6250 1.0000
vt 0.6250 1.0000
vt 0.1250 0.5000
vt 0.0000 0.5000
vt 0.8750 1.0000
vt 1.0000 1.0000
vt 1.0000 1.0000
vt 0.8750 1.0000
vt 0.3750 1.0000
vt 0.5000 1.0000
vt 0.5000 1.0000
vt 0.3750 1.0000
vt 0.8750 1.0000
vt 1.0000 1.0000
vt 1.0000 1.0000
vt 0.8750 1.0000
vt 1.0000 0.5000
vt 0.8750 0.5000
vt 0.2500 1.0000
vt 0.3750 1.0000
vt 0.3750 1.0000
vt 0.2500 1.0000
vt 0.7500 1.0000
vt 0.7500 0.5000
vt 0.7500 1.0000
vt 0.7500 1.0000
vt 0.6250 1.0000
vt 0.6250 0.5000
vt 0.5000 1.0000
vt 0.5000 0.5000
vt 0.0000 1.0000
vt 0.1250 1.0000
vt 0.1250 1.0000
vt 0.0000 1.0000
vt 0.3750 0.5000
vt 0.2500 0.5000
vt 0.6250 1.0000
vt 0.6250 1.0000
vt 0.1250 0.5000
vt 0.0000 0.5000
vt 0.2500 1.0000
vt 0.3750 1.0000
vt 0.3750 1.0000
vt 0.2500 1.0000
vt 0.0000 0.0000
vt 0.0000 0.0000
vt 0.0000 0.0000
vt 0.0000 0.0000
vt 0.7500 1.0000
vt 0.8750 1.0000
vt 0.8750 1.0000
vt 0.7500 1.0000
vt 0.1250 1.0000
vt 0.2500 1.0000
vt 0.2500 1.0000
vt 0.1250 1.0000
vt 0.0000 1.0000
vt 0.0000 1.0000
vt 0.8750 1.0000
vt 1.0000 1.0000
vt 1.0000 1.0000
vt 0.8750 1.0000
vt 0.3750 1.0000
vt 0.5000 1.0000
vt 0.5000 1.0000
vt 0.3750 1.0000
vt 0.8750 1.0000
vt 1.0000 1.0000
vt 1.0000 1.0000
vt 0.8750 1.0000
vt 1.0000 0.5000
vt 0.8750 0.5000
vt 0.2500 1.0000
vt 0.3750 1.0000
vt 0.3750 1.0000
vt 0.2500 1.0000
vt 0.7500 1.0000
vt 0.7500 0.5000
vt 0.7500 1.0000
vt 0.7500 1.0000
vt 0.6250 1.0000
vt 0.6250 0.5000
vt 0.5000 1.0000
vt 0.5000 0.5000
vt 0.0000 1.0000
vt 0.1250 1.0000
vt 0.1250 1.0000
vt 0.0000 1.0000
vt 0.3750 0.5000
vt 0.2500 0.5000
vt 0.6250 1.0000
vt 0.6250 1.0000
vt 0.1250 0.5000
vt 0.0000 0.5000
vt 0.2500 1.0000
vt 0.3750 1.0000
vt 0.3750 1.0000
vt 0.2500 1.0000
vt 0.7500 1.0000
vt 0.7500 1.0000
vt 0.3750 1.0000
vt 0.5000 1.0000
vt 0.5000 1.0000
vt 0.3750 1.0000
vt 0.8750 1.0000
vt 1.0000 1.0000
vt 1.0000 1.0000
vt 0.8750 1.0000
vt 1.0000 0.5000
vt 0.8750 0.5000
vt 0.2500 1.0000
vt 0.3750 1.0000
vt 0.3750 1.0000
vt 0.2500 1.0000
vt 0.7500 1.0000
vt 0.7500 0.5000
vt 0.7500 1.0000
vt 0.7500 1.0000
vt 0.6250 1.0000
vt 0.6250 0.5000
vt 0.5000 1.0000
vt 0.5000 0.5000
vt 0.0000 1.0000
vt 0.1250 1.0000
vt 0.1250 1.0000
vt 0.0000 1.0000
vt 0.3750 0.5000
vt 0.2500 0.5000
vt 0.6250 1.0000
vt 0.6250 1.0000
vt 0.1250 0.5000
vt 0.0000 0.5000
vt 0.2500 1.0000
vt 0.3750 1.0000
vt 0.3750 1.0000
vt 0.2500 1.0000
vt 0.7500 1.0000
vt 0.8750 1.0000
vt 0.8750 1.0000
vt 0.7500 1.0000
vt 0.0100 0.2500
vt 0.0803 0.0803
vt 0.2500 0.0100
vt 0.0803 0.4197
vt 0.3750 1.0000
vt 0.5000 1.0000
vt 0.5000 1.0000
vt 0.3750 1.0000
vt 0.8750 1.0000
vt 1.0000 1.0000
vt 1.0000 1.0000
vt 0.8750 1.0000
vt 1.0000 0.5000
vt 0.8750 0.5000
vt 0.2500 1.0000
vt 0.3750 1.0000
vt 0.3750 1.0000
vt 0.2500 1.0000
vt 0.7500 1.0000
vt 0.7500 0.5000
vt 0.7500 1.0000
vt 0.7500 1.0000
vt 0.6250 1.0000
vt 0.6250 0.5000
vt 0.5000 1.0000
vt 0.5000 0.5000
vt 0.0000 1.0000
vt 0.1250 1.0000
vt 0.1250 1.0000
vt 0.0000 1.0000
vt 0.3750 0.5000
vt 0.2500 0.5000
vt 0.6250 1.0000
vt 0.6250 1.0000
vt 0.1250 0.5000
vt 0.0000 0.5000
vt 0.2500 1.0000
vt 0.3750 1.0000
vt 0.3750 1.0000
vt 0.2500 1.0000
vt 0.7500 1.0000
vt 0.8750 1.0000
vt 0.8750 1.0000
vt 0.7500 1.0000
vt 0.4900 0.2500
vt 0.4197 0.4197
vt 0.2500 0.4900
vt 0.4197 0.0803
vt 0.5803 0.0803
vt 0.5100 0.2500
vt 0.9197 0.0803
vt 0.7500 0.0100
vt 0.9197 0.4197
vt 0.9900 0.2500
vt 0.5803 0.4197
vt 0.7500 0.4900
vt 0.2500 1.0000
vt 0.3750 1.0000
vt 0.3750 1.0000
vt 0.2500 1.0000
vt 0.9197 0.0803
vt 0.7500 0.0100
vt 0.5803 0.0803
vt 0.5100 0.2500
vt 0.5803 0.4197
vt 0.7500 0.4900
vt 0.5803 0.0803
vt 0.5100 0.2500
vt 0.0000 0.0000
vt 0.0000 0.0000
vt 0.0000 0.0000
vt 0.0000 0.0000
vt 0.3750 1.0000
vt 0.5000 1.0000
vt 0.5000 1.0000
vt 0.3750 1.0000
vt 0.8750 1.0000
vt 1.0000 1.0000
vt 1.0000 1.0000
vt 0.8750 1.0000
vt 1.0000 0.5000
vt 0.8750 0.5000
vt 0.2500 1.0000
vt 0.3750 1.0000
vt 0.3750 1.0000
vt 0.2500 1.0000
vt 0.7500 1.0000
vt 0.7500 0.5000
vt 0.7500 1.0000
vt 0.7500 1.0000
vt 0.6250 1.0000
vt 0.6250 0.5000
vt 0.5000 1.0000
vt 0.5000 0.5000
vt 0.0000 1.0000
vt 0.1250 1.0000
vt 0.1250 1.0000
vt 0.0000 1.0000
vt 0.3750 0.5000
vt 0.2500 0.5000
vt 0.6250 1.0000
vt 0.6250 1.0000
vt 0.1250 0.5000
vt 0.0000 0.5000
vt 0.2500 1.0000
vt 0.3750 1.0000
vt 0.3750 1.0000
vt 0.2500 1.0000
vt 0.1250 1.0000
vt 0.2500 1.0000
vt 0.2500 1.0000
vt 0.1250 1.0000
vt 0.5000 1.0000
vt 0.6250 1.0000
vt 0.6250 1.0000
vt 0.5000 1.0000
vt 0.2500 1.0000
vt 0.3750 1.0000
vt 0.3750 1.0000
vt 0.2500 1.0000
vt 0.3750 1.0000
vt 0.5000 1.0000
vt 0.5000 1.0000
vt 0.3750 1.0000
vt 0.8750 1.0000
vt 1.0000 1.0000
vt 1.0000 1.0000
vt 0.8750 1.0000
vt 1.0000 0.5000
vt 0.8750 0.5000
vt 0.2500 1.0000
vt 0.3750 1.0000
vt 0.3750 1.0000
vt 0.2500 1.0000
vt 0.7500 1.0000
vt 0.7500 0.5000
vt 0.7500 1.0000
vt 0.7500 1.0000
vt 0.6250 1.0000
vt 0.6250 0.5000
vt 0.5000 1.0000
vt 0.5000 0.5000
vt 0.0000 1.0000
vt 0.1250 1.0000
vt 0.1250 1.0000
vt 0.0000 1.0000
vt 0.3750 0.5000
vt 0.2500 0.5000
vt 0.6250 1.0000
vt 0.6250 1.0000
vt 0.1250 0.5000
vt 0.0000 0.5000
vt 0.1250 1.0000
vt 0.1250 1.0000
vt 0.6250 1.0000
vt 0.6250 1.0000
vt 0.7500 1.0000
vt 0.7500 1.0000
vt 0.0000 0.0000
vt 0.0000 0.0000
vt 0.0000 0.0000
vt 0.0000 0.0000
vt 0.0000 0.0000
vt 0.0000 0.0000
vt 0.0000 0.0000
vt 0.0000 0.0000
vt 0.0000 1.0000
vt 0.6250 1.0000
vt 0.7500 1.0000
vt 0.7500 1.0000
vt 0.8750 1.0000
vt 0.8750 1.0000
vt 0.7500 1.0000
vt 0.0100 0.2500
vt 0.0803 0.0803
vt 0.2500 0.0100
vt 0.0803 0.4197
vt 0.4900 0.2500
vt 0.4197 0.4197
vt 0.2500 0.4900
vt 0.4197 0.0803
vt 0.0100 0.2500
vt 0.0803 0.0803
vt 0.2500 0.0100
vt 0.4197 0.0803
vt 0.0100 0.2500
vt 0.0803 0.0803
vt 0.2500 0.4900
vt 0.0803 0.4197
vt 0.0000 0.0000
vt 0.0000 0.0000
vt 0.0000 0.0000
vt 0.0000 0.0000
vt 0.0000 0.0000
vt 0.0000 0.0000
vt 0.0000 0.0000
vt 0.0000 0.0000
vt 0.4900 0.2500
vt 0.4197 0.4197
vt 0.2500 0.0100
vt 0.4197 0.0803
vt 0.0100 0.2500
vt 0.0803 0.0803
vt 0.2500 0.4900
vt 0.0803 0.4197
vt 0.0100 0.2500
vt 0.0803 0.0803
vt 0.2500 0.4900
vt 0.0803 0.4197
vt 0.4900 0.2500
vt 0.4197 0.4197
vt 0.2500 0.0100
vt 0.4197 0.0803
vt 0.2500 1.0000
vt 0.3750 1.0000
vt 0.3750 1.0000
vt 0.2500 1.0000
vt 0.7500 1.0000
vt 0.7500 0.5000
vt 0.7500 1.0000
vt 0.7500 1.0000
vt 0.6250 1.0000
vt 0.6250 0.5000
vt 0.5000 1.0000
vt 0.5000 0.5000
vt 0.0000 1.0000
vt 0.1250 1.0000
vt 0.1250 1.0000
vt 0.0000 1.0000
vt 0.3750 0.5000
vt 0.2500 0.5000
vt 0.6250 1.0000
vt 0.6250 1.0000
vt 0.1250 0.5000
vt 0.0000 0.5000
vt 0.2500 1.0000
vt 0.3750 1.0000
vt 0.3750 1.0000
vt 0.2500 1.0000
vt 0.5000 1.0000
vt 0.6250 1.0000
vt 0.6250 1.0000
vt 0.5000 1.0000
vt 0.3750 1.0000
vt 0.5000 1.0000
vt 0.5000 1.0000
vt 0.3750 1.0000
vt 0.8750 1.0000
vt 1.0000 1.0000
vt 1.0000 1.0000
vt 0.8750 1.0000
vt 1.0000 0.5000
vt 0.8750 0.5000
vt 0.2500 1.0000
vt 0.3750 1.0000
vt 0.3750 1.0000
vt 0.2500 1.0000
vt 0.7500 1.0000
vt 0.7500 0.5000
vt 0.7500 1.0000
vt 0.7500 1.0000
vt 0.6250 1.0000
vt 0.6250 0.5000
vt 0.5000 1.0000
vt 0.5000 0.5000
vt 0.0000 1.0000
vt 0.1250 1.0000
vt 0.1250 1.0000
vt 0.0000 1.0000
vt 0.3750 0.5000
vt 0.2500 0.5000
vt 0.6250 1.0000
vt 0.6250 1.0000
vt 0.1250 0.5000
vt 0.0000 0.5000
vt 0.2500 1.0000
vt 0.3750 1.0000
vt 0.3750 1.0000
vt 0.2500 1.0000
vt 0.3750 1.0000
vt 0.3750 1.0000
vt 0.0100 0.2500
vt 0.0803 0.0803
vt 0.2500 0.4900
vt 0.0803 0.4197
vt 0.4900 0.2500
vt 0.4197 0.4197
vt 0.2500 0.0100
vt 0.4197 0.0803
vt 0.3750 1.0000
vt 0.5000 1.0000
vt 0.5000 1.0000
vt 0.3750 1.0000
vt 0.8750 1.0000
vt 1.0000 1.0000
vt 1.0000 1.0000
vt 0.8750 1.0000
vt 1.0000 0.5000
vt 0.8750 0.5000
vt 0.2500 1.0000
vt 0.3750 1.0000
vt 0.3750 1.0000
vt 0.2500 1.0000
vt 0.7500 1.0000
vt 0.7500 0.5000
vt 0.7500 1.0000
vt 0.7500 1.0000
vt 0.6250 1.0000
vt 0.6250 0.5000
vt 0.5000 1.0000
vt 0.5000 0.5000
vt 0.0000 1.0000
vt 0.1250 1.0000
vt 0.1250 1.0000
vt 0.0000 1.0000
vt 0.3750 0.5000
vt 0.2500 0.5000
vt 0.6250 1.0000
vt 0.6250 1.0000
vt 0.1250 0.5000
vt 0.0000 0.5000
vt 0.2500 1.0000
vt 0.3750 1.0000
vt 0.3750 1.0000
vt 0.2500 1.0000
vt 0.8750 1.0000
vt 1.0000 1.0000
vt 1.0000 1.0000
vt 0.8750 1.0000
vt 1.0000 0.5000
vt 1.0000 1.0000
vt 0.8750 1.0000
vt 0.8750 0.5000
vt 0.3750 1.0000
vt 0.5000 1.0000
vt 0.5000 1.0000
vt 0.3750 1.0000
vt 0.6250 1.0000
vt 0.7500 1.0000
vt 0.7500 1.0000
vt 0.6250 1.0000
vt 0.5000 1.0000
vt 0.6250 1.0000
vt 0.6250 1.0000
vt 0.5000 1.0000
vt 0.5000 1.0000
vt 0.5000 1.0000
vt 0.3750 1.0000
vt 0.5000 1.0000
vt 0.5000 1.0000
vt 0.3750 1.0000
vt 0.8750 1.0000
vt 1.0000 1.0000
vt 1.0000 1.0000
vt 0.8750 1.0000
vt 1.0000 0.5000
vt 0.8750 0.5000
vt 0.2500 1.0000
vt 0.3750 1.0000
vt 0.3750 1.0000
vt 0.2500 1.0000
vt 0.7500 1.0000
vt 0.7500 0.5000
vt 0.7500 1.0000
vt 0.7500 1.0000
vt 0.6250 1.0000
vt 0.6250 0.5000
vt 0.5000 1.0000
vt 0.5000 0.5000
vt 0.0000 1.0000
vt 0.1250 1.0000
vt 0.1250 1.0000
vt 0.0000 1.0000
vt 0.3750 0.5000
vt 0.2500 0.5000
vt 0.6250 1.0000
vt 0.6250 1.0000
vt 0.1250 0.5000
vt 0.0000 0.5000
vt 0.2500 1.0000
vt 0.3750 1.0000
vt 0.3750 1.0000
vt 0.2500 1.0000
vt 0.3750 1.0000
vt 0.3750 1.0000
vt 0.8750 1.0000
vt 1.0000 1.0000
vt 1.0000 1.0000
vt 0.8750 1.0000
vt 0.3750 1.0000
vt 0.3750 1.0000
vt 0.7500 1.0000
vt 0.7500 1.0000
vt 0.2500 1.0000
vt 0.2500 1.0000
vt 0.6250 1.0000
vt 0.6250 1.0000
vt 0.1250 1.0000
vt 0.1250 1.0000
vt 0.3750 1.0000
vt 0.5000 1.0000
vt 0.5000 1.0000
vt 0.3750 1.0000
vt 0.8750 1.0000
vt 1.0000 1.0000
vt 1.0000 1.0000
vt 0.8750 1.0000
vt 1.0000 0.5000
vt 0.8750 0.5000
vt 0.2500 1.0000
vt 0.3750 1.0000
vt 0.3750 1.0000
vt 0.2500 1.0000
vt 0.7500 1.0000
vt 0.7500 0.5000
vt 0.7500 1.0000
vt 0.7500 1.0000
vt 0.6250 1.0000
vt 0.6250 0.5000
vt 0.5000 1.0000
vt 0.5000 0.5000
vt 0.0000 1.0000
vt 0.1250 1.0000
vt 0.1250 1.0000
vt 0.0000 1.0000
vt 0.3750 0.5000
vt 0.2500 0.5000
vt 0.6250 1.0000
vt 0.6250 1.0000
vt 0.1250 0.5000
vt 0.0000 0.5000
vt 0.9197 0.0803
vt 0.7500 0.0100
vt 0.5803 0.0803
vt 0.5100 0.2500
vt 0.5000 1.0000
vt 0.5000 1.0000
vt 0.3750 1.0000
vt 0.3750 1.0000
vt 0.2500 1.0000
vt 0.2500 1.0000
vt 0.1250 1.0000
vt 0.1250 1.0000
vt 0.0000 1.0000
vt 0.0000 1.0000
vt 0.3750 1.0000
vt 0.5000 1.0000
vt 0.5000 1.0000
vt 0.3750 1.0000
vt 0.8750 1.0000
vt 1.0000 1.0000
vt 1.0000 1.0000
vt 0.8750 1.0000
vt 1.0000 0.5000
vt 0.8750 0.5000
vt 0.2500 1.0000
vt 0.3750 1.0000
vt 0.3750 1.0000
vt 0.2500 1.0000
vt 0.7500 1.0000
vt 0.7500 0.5000
vt 0.7500 1.0000
vt 0.7500 1.0000
vt 0.6250 1.0000
vt 0.6250 0.5000
vt 0.5000 1.0000
vt 0.5000 0.5000
vt 0.0000 1.0000
vt 0.1250 1.0000
vt 0.1250 1.0000
vt 0.0000 1.0000
vt 0.3750 0.5000
vt 0.2500 0.5000
vt 0.6250 1.0000
vt 0.6250 1.0000
vt 0.1250 0.5000
vt 0.0000 0.5000
vt 0.9197 0.4197
vt 0.9900 0.2500
vt 0.5803 0.4197
vt 0.7500 0.4900
vt 0.3750 1.0000
vt 0.5000 1.0000
vt 0.5000 1.0000
vt 0.3750 1.0000
vt 0.8750 1.0000
vt 1.0000 1.0000
vt 1.0000 1.0000
vt 0.8750 1.0000
vt 1.0000 0.5000
vt 0.8750 0.5000
vt 0.2500 1.0000
vt 0.3750 1.0000
vt 0.3750 1.0000
vt 0.2500 1.0000
vt 0.7500 1.0000
vt 0.7500 0.5000
vt 0.7500 1.0000
vt 0.7500 1.0000
vt 0.6250 1.0000
vt 0.6250 0.5000
vt 0.5000 1.0000
vt 0.5000 0.5000
vt 0.0000 1.0000
vt 0.1250 1.0000
vt 0.1250 1.0000
vt 0.0000 1.0000
vt 0.3750 0.5000
vt 0.2500 0.5000
vt 0.6250 1.0000
vt 0.6250 1.0000
vt 0.1250 0.5000
vt 0.0000 0.5000
vt 0.2500 1.0000
vt 0.3750 1.0000
vt 0.3750 1.0000
vt 0.2500 1.0000
vt 0.7500 1.0000
vt 0.8750 1.0000
vt 0.8750 1.0000
vt 0.7500 1.0000
vt 0.1250 1.0000
vt 0.2500 1.0000
vt 0.2500 1.0000
vt 0.1250 1.0000
vt 0.0000 1.0000
vt 0.0000 1.0000
vt 0.8750 1.0000
vt 1.0000 1.0000
vt 1.0000 1.0000
vt 0.8750 1.0000
vt 0.7500 1.0000
vt 0.7500 1.0000
vt 0.3750 1.0000
vt 0.5000 1.0000
vt 0.5000 1.0000
vt 0.3750 1.0000
vt 0.8750 1.0000
vt 1.0000 1.0000
vt 1.0000 1.0000
vt 0.8750 1.0000
vt 1.0000 0.5000
vt 0.8750 0.5000
vt 0.2500 1.0000
vt 0.3750 1.0000
vt 0.3750 1.0000
vt 0.2500 1.0000
vt 0.7500 1.0000
vt 0.7500 0.5000
vt 0.7500 1.0000
vt 0.7500 1.0000
vt 0.6250 1.0000
vt 0.6250 0.5000
vt 0.5000 1.0000
vt 0.5000 0.5000
vt 0.0000 1.0000
vt 0.1250 1.0000
vt 0.1250 1.0000
vt 0.0000 1.0000
vt 0.3750 0.5000
vt 0.2500 0.5000
vt 0.6250 1.0000
vt 0.6250 1.0000
vt 0.1250 0.5000
vt 0.0000 0.5000
vt 0.2500 1.0000
vt 0.3750 1.0000
vt 0.3750 1.0000
vt 0.2500 1.0000
vt 0.3750 1.0000
vt 0.5000 1.0000
vt 0.5000 1.0000
vt 0.3750 1.0000
vt 0.8750 1.0000
vt 1.0000 1.0000
vt 1.0000 1.0000
vt 0.8750 1.0000
vt 1.0000 0.5000
vt 0.8750 0.5000
vt 0.2500 1.0000
vt 0.3750 1.0000
vt 0.3750 1.0000
vt 0.2500 1.0000
vt 0.7500 1.0000
vt 0.7500 0.5000
vt 0.7500 1.0000
vt 0.7500 1.0000
vt 0.6250 1.0000
vt 0.6250 0.5000
vt 0.5000 1.0000
vt 0.5000 0.5000
vt 0.0000 1.0000
vt 0.1250 1.0000
vt 0.1250 1.0000
vt 0.0000 1.0000
vt 0.3750 0.5000
vt 0.2500 0.5000
vt 0.6250 1.0000
vt 0.6250 1.0000
vt 0.1250 0.5000
vt 0.0000 0.5000
vt 0.2500 1.0000
vt 0.3750 1.0000
vt 0.3750 1.0000
vt 0.2500 1.0000
vt 0.0000 1.0000
vt 0.1250 1.0000
vt 0.1250 1.0000
vt 0.0000 1.0000
vt 0.8750 1.0000
vt 1.0000 1.0000
vt 1.0000 1.0000
vt 0.8750 1.0000
vt 0.7500 1.0000
vt 0.7500 1.0000
vt 0.6250 1.0000
vt 0.6250 1.0000
vt 0.3750 1.0000
vt 0.5000 1.0000
vt 0.5000 1.0000
vt 0.3750 1.0000
vt 0.8750 1.0000
vt 1.0000 1.0000
vt 1.0000 1.0000
vt 0.8750 1.0000
vt 1.0000 0.5000
vt 0.8750 0.5000
vt 0.2500 1.0000
vt 0.3750 1.0000
vt 0.3750 1.0000
vt 0.2500 1.0000
vt 0.7500 1.0000
vt 0.7500 0.5000
vt 0.7500 1.0000
vt 0.7500 1.0000
vt 0.6250 1.0000
vt 0.6250 0.5000
vt 0.5000 1.0000
vt 0.5000 0.5000
vt 0.0000 1.0000
vt 0.1250 1.0000
vt 0.1250 1.0000
vt 0.0000 1.0000
vt 0.3750 0.5000
vt 0.2500 0.5000
vt 0.6250 1.0000
vt 0.6250 1.0000
vt 0.1250 0.5000
vt 0.0000 0.5000
vt 0.2500 1.0000
vt 0.3750 1.0000
vt 0.3750 1.0000
vt 0.2500 1.0000
vt 0.3750 1.0000
vt 0.5000 1.0000
vt 0.5000 1.0000
vt 0.3750 1.0000
vt 0.8750 1.0000
vt 1.0000 1.0000
vt 1.0000 1.0000
vt 0.8750 1.0000
vt 1.0000 0.5000
vt 0.8750 0.5000
vt 0.2500 1.0000
vt 0.3750 1.0000
vt 0.3750 1.0000
vt 0.2500 1.0000
vt 0.7500 1.0000
vt 0.7500 0.5000
vt 0.7500 1.0000
vt 0.7500 1.0000
vt 0.6250 1.0000
vt 0.6250 0.5000
vt 0.5000 1.0000
vt 0.5000 0.5000
vt 0.0000 1.0000
vt 0.1250 1.0000
vt 0.1250 1.0000
vt 0.0000 1.0000
vt 0.3750 0.5000
vt 0.2500 0.5000
vt 0.6250 1.0000
vt 0.6250 1.0000
vt 0.1250 0.5000
vt 0.0000 0.5000
vt 0.2500 1.0000
vt 0.3750 1.0000
vt 0.3750 1.0000
vt 0.2500 1.0000
vt 0.7500 1.0000
vt 0.8750 1.0000
vt 0.8750 1.0000
vt 0.7500 1.0000
vt 0.0000 1.0000
vt 0.8750 1.0000
vt 1.0000 1.0000
vt 1.0000 1.0000
vt 0.8750 1.0000
vt 0.7500 1.0000
vt 0.7500 1.0000
vt 0.6250 1.0000
vt 0.6250 1.0000
vt 0.3750 1.0000
vt 0.5000 1.0000
vt 0.5000 1.0000
vt 0.3750 1.0000
vt 0.8750 1.0000
vt 1.0000 1.0000
vt 1.0000 1.0000
vt 0.8750 1.0000
vt 1.0000 0.5000
vt 0.8750 0.5000
vt 0.2500 1.0000
vt 0.3750 1.0000
vt 0.3750 1.0000
vt 0.2500 1.0000
vt 0.7500 1.0000
vt 0.7500 0.5000
vt 0.7500 1.0000
vt 0.7500 1.0000
vt 0.6250 1.0000
vt 0.6250 0.5000
vt 0.5000 1.0000
vt 0.5000 0.5000
vt 0.0000 1.0000
vt 0.1250 1.0000
vt 0.1250 1.0000
vt 0.0000 1.0000
vt 0.3750 0.5000
vt 0.2500 0.5000
vt 0.6250 1.0000
vt 0.6250 1.0000
vt 0.1250 0.5000
vt 0.0000 0.5000
vt 0.2500 1.0000
vt 0.3750 1.0000
vt 0.3750 1.0000
vt 0.2500 1.0000
vt 0.5000 1.0000
vt 0.5000 1.0000
vt 0.3750 1.0000
vt 0.5000 1.0000
vt 0.5000 1.0000
vt 0.3750 1.0000
vt 0.8750 1.0000
vt 1.0000 1.0000
vt 1.0000 1.0000
vt 0.8750 1.0000
vt 1.0000 0.5000
vt 0.8750 0.5000
vt 0.2500 1.0000
vt 0.3750 1.0000
vt 0.3750 1.0000
vt 0.2500 1.0000
vt 0.7500 1.0000
vt 0.7500 0.5000
vt 0.7500 1.0000
vt 0.7500 1.0000
vt 0.6250 1.0000
vt 0.6250 0.5000
vt 0.5000 1.0000
vt 0.5000 0.5000
vt 0.0000 1.0000
vt 0.1250 1.0000
vt 0.1250 1.0000
vt 0.0000 1.0000
vt 0.3750 0.5000
vt 0.2500 0.5000
vt 0.6250 1.0000
vt 0.6250 1.0000
vt 0.1250 0.5000
vt 0.0000 0.5000
vt 0.2500 1.0000
vt 0.3750 1.0000
vt 0.3750 1.0000
vt 0.2500 1.0000
vt 0.7500 1.0000
vt 0.8750 1.0000
vt 0.8750 1.0000
vt 0.7500 1.0000
vt 0.4900 0.2500
vt 0.4197 0.4197
vt 0.2500 0.4900
vt 0.4197 0.0803
vt 0.3750 1.0000
vt 0.5000 1.0000
vt 0.5000 1.0000
vt 0.3750 1.0000
vt 0.8750 1.0000
vt 1.0000 1.0000
vt 1.0000 1.0000
vt 0.8750 1.0000
vt 1.0000 0.5000
vt 0.8750 0.5000
vt 0.2500 1.0000
vt 0.3750 1.0000
vt 0.3750 1.0000
vt 0.2500 1.0000
vt 0.7500 1.0000
vt 0.7500 0.5000
vt 0.7500 1.0000
vt 0.7500 1.0000
vt 0.6250 1.0000
vt 0.6250 0.5000
vt 0.5000 1.0000
vt 0.5000 0.5000
vt 0.0000 1.0000
vt 0.1250 1.0000
vt 0.1250 1.0000
vt 0.0000 1.0000
vt 0.3750 0.5000
vt 0.2500 0.5000
vt 0.6250 1.0000
vt 0.6250 1.0000
vt 0.1250 0.5000
vt 0.0000 0.5000
vt 0.2500 1.0000
vt 0.3750 1.0000
vt 0.3750 1.0000
vt 0.2500 1.0000
vt 0.7500 1.0000
vt 0.8750 1.0000
vt 0.8750 1.0000
vt 0.7500 1.0000
vt 0.4900 0.2500
vt 0.4197 0.4197
vt 0.2500 0.4900
vt 0.4197 0.0803
vt 0.3750 1.0000
vt 0.5000 1.0000
vt 0.5000 1.0000
vt 0.3750 1.0000
vt 0.8750 1.0000
vt 1.0000 1.0000
vt 1.0000 1.0000
vt 0.8750 1.0000
vt 1.0000 0.5000
vt 0.8750 0.5000
vt 0.2500 1.0000
vt 0.3750 1.0000
vt 0.3750 1.0000
vt 0.2500 1.0000
vt 0.7500 1.0000
vt 0.7500 0.5000
vt 0.7500 1.0000
vt 0.7500 1.0000
vt 0.6250 1.0000
vt 0.6250 0.5000
vt 0.5000 1.0000
vt 0.5000 0.5000
vt 0.0000 1.0000
vt 0.1250 1.0000
vt 0.1250 1.0000
vt 0.0000 1.0000
vt 0.3750 0.5000
vt 0.2500 0.5000
vt 0.6250 1.0000
vt 0.6250 1.0000
vt 0.1250 0.5000
vt 0.0000 0.5000
vt 0.2500 1.0000
vt 0.3750 1.0000
vt 0.3750 1.0000
vt 0.2500 1.0000
vt 0.1250 1.0000
vt 0.2500 1.0000
vt 0.2500 1.0000
vt 0.1250 1.0000
vt 0.4900 0.2500
vt 0.4197 0.4197
vt 0.2500 0.0100
vt 0.4197 0.0803
vt 0.7500 1.0000
vt 0.8750 1.0000
vt 0.8750 1.0000
vt 0.7500 1.0000
vt 0.5000 1.0000
vt 0.6250 1.0000
vt 0.6250 1.0000
vt 0.5000 1.0000
vt 1.0000 1.0000
vt 1.0000 1.0000
vt 0.2500 1.0000
vt 0.3750 1.0000
vt 0.3750 1.0000
vt 0.2500 1.0000
vt 0.3750 1.0000
vt 0.5000 1.0000
vt 0.5000 1.0000
vt 0.3750 1.0000
vt 0.8750 1.0000
vt 1.0000 1.0000
vt 1.0000 1.0000
vt 0.8750 1.0000
vt 1.0000 0.5000
vt 0.8750 0.5000
vt 0.2500 1.0000
vt 0.3750 1.0000
vt 0.3750 1.0000
vt 0.2500 1.0000
vt 0.7500 1.0000
vt 0.7500 0.5000
vt 0.7500 1.0000
vt 0.7500 1.0000
vt 0.6250 1.0000
vt 0.6250 0.5000
vt 0.5000 1.0000
vt 0.5000 0.5000
vt 0.0000 1.0000
vt 0.1250 1.0000
vt 0.1250 1.0000
vt 0.0000 1.0000
vt 0.3750 0.5000
vt 0.2500 0.5000
vt 0.6250 1.0000
vt 0.6250 1.0000
vt 0.1250 0.5000
vt 0.0000 0.5000
vt 0.1250 1.0000
vt 0.1250 1.0000
vt 0.6250 1.0000
vt 0.6250 1.0000
vt 0.7500 1.0000
vt 0.8750 1.0000
vt 0.8750 1.0000
vt 0.7500 1.0000
vt 0.5000 1.0000
vt 0.5000 1.0000
vt 1.0000 1.0000
vt 1.0000 1.0000
vt 0.2500 1.0000
vt 0.3750 1.0000
vt 0.3750 1.0000
vt 0.2500 1.0000
vt 0.3750 1.0000
vt 0.5000 1.0000
vt 0.5000 1.0000
vt 0.3750 1.0000
vt 0.8750 1.0000
vt 1.0000 1.0000
vt 1.0000 1.0000
vt 0.8750 1.0000
vt 1.0000 0.5000
vt 0.8750 0.5000
vt 0.2500 1.0000
vt 0.3750 1.0000
vt 0.3750 1.0000
vt 0.2500 1.0000
vt 0.7500 1.0000
vt 0.7500 0.5000
vt 0.7500 1.0000
vt 0.7500 1.0000
vt 0.6250 1.0000
vt 0.6250 0.5000
vt 0.5000 1.0000
vt 0.5000 0.5000
vt 0.0000 1.0000
vt 0.1250 1.0000
vt 0.1250 1.0000
vt 0.0000 1.0000
vt 0.3750 0.5000
vt 0.2500 0.5000
vt 0.6250 1.0000
vt 0.6250 1.0000
vt 0.1250 0.5000
vt 0.0000 0.5000
vt 0.9197 0.0803
vt 0.7500 0.0100
vt 0.5803 0.0803
vt 0.5100 0.2500
vt 0.1250 1.0000
vt 0.1250 1.0000
vt 0.6250 1.0000
vt 0.6250 1.0000
vt 0.5000 1.0000
vt 0.5000 1.0000
vt 0.2500 1.0000
vt 0.3750 1.0000
vt 0.3750 1.0000
vt 0.2500 1.0000
vt 0.3750 1.0000
vt 0.5000 1.0000
vt 0.5000 1.0000
vt 0.3750 1.0000
vt 0.8750 1.0000
vt 1.0000 1.0000
vt 1.0000 1.0000
vt 0.8750 1.0000
vt 1.0000 0.5000
vt 0.8750 0.5000
vt 0.2500 1.0000
vt 0.3750 1.0000
vt 0.3750 1.0000
vt 0.2500 1.0000
vt 0.7500 1.0000
vt 0.7500 0.5000
vt 0.7500 1.0000
vt 0.7500 1.0000
vt 0.6250 1.0000
vt 0.6250 0.5000
vt 0.5000 1.0000
vt 0.5000 0.5000
vt 0.0000 1.0000
vt 0.1250 1.0000
vt 0.1250 1.0000
vt 0.0000 1.0000
vt 0.3750 0.5000
vt 0.2500 0.5000
vt 0.6250 1.0000
vt 0.6250 1.0000
vt 0.1250 0.5000
vt 0.0000 0.5000
vt 0.9197 0.0803
vt 0.7500 0.0100
vt 0.5803 0.0803
vt 0.5100 0.2500
vt 0.1250 1.0000
vt 0.1250 1.0000
vt 0.3750 1.0000
vt 0.5000 1.0000
vt 0.5000 1.0000
vt 0.3750 1.0000
vt 0.8750 1.0000
vt 1.0000 1.0000
vt 1.0000 1.0000
vt 0.8750 1.0000
vt 1.0000 0.5000
vt 0.8750 0.5000
vt 0.2500 1.0000
vt 0.3750 1.0000
vt 0.3750 1.0000
vt 0.2500 1.0000
vt 0.7500 1.0000
vt 0.7500 0.5000
vt 0.7500 1.0000
vt 0.7500 1.0000
vt 0.6250 1.0000
vt 0.6250 0.5000
vt 0.5000 1.0000
vt 0.5000 0.5000
vt 0.0000 1.0000
vt 0.1250 1.0000
vt 0.1250 1.0000
vt 0.0000 1.0000
vt 0.3750 0.5000
vt 0.2500 0.5000
vt 0.6250 1.0000
vt 0.6250 1.0000
vt 0.1250 0.5000
vt 0.0000 0.5000
vt 0.2500 1.0000
vt 0.3750 1.0000
vt 0.3750 1.0000
vt 0.2500 1.0000
vt 0.7500 1.0000
vt 0.8750 1.0000
vt 0.8750 1.0000
vt 0.7500 1.0000
vt 0.3750 1.0000
vt 0.5000 1.0000
vt 0.5000 1.0000
vt 0.3750 1.0000
vt 0.2500 1.0000
vt 0.2500 1.0000
vt 0.1250 1.0000
vt 0.1250 1.0000
vt 0.3750 1.0000
vt 0.5000 1.0000
vt 0.5000 1.0000
vt 0.3750 1.0000
vt 0.8750 1.0000
vt 1.0000 1.0000
vt 1.0000 1.0000
vt 0.8750 1.0000
vt 1.0000 0.5000
vt 0.8750 0.5000
vt 0.2500 1.0000
vt 0.3750 1.0000
vt 0.3750 1.0000
vt 0.2500 1.0000
vt 0.7500 1.0000
vt 0.7500 0.5000
vt 0.7500 1.0000
vt 0.7500 1.0000
vt 0.6250 1.0000
vt 0.6250 0.5000
vt 0.5000 1.0000
vt 0.5000 0.5000
vt 0.0000 1.0000
vt 0.1250 1.0000
vt 0.1250 1.0000
vt 0.0000 1.0000
vt 0.3750 0.5000
vt 0.2500 0.5000
vt 0.6250 1.0000
vt 0.6250 1.0000
vt 0.1250 0.5000
vt 0.0000 0.5000
vt 0.0000 1.0000
vt 0.0000 1.0000
vt 0.3750 1.0000
vt 0.5000 1.0000
vt 0.5000 1.0000
vt 0.3750 1.0000
vt 0.8750 1.0000
vt 1.0000 1.0000
vt 1.0000 1.0000
vt 0.8750 1.0000
vt 1.0000 0.5000
vt 0.8750 0.5000
vt 0.2500 1.0000
vt 0.3750 1.0000
vt 0.3750 1.0000
vt 0.2500 1.0000
vt 0.7500 1.0000
vt 0.7500 0.5000
vt 0.7500 1.0000
vt 0.7500 1.0000
vt 0.6250 1.0000
vt 0.6250 0.5000
vt 0.5000 1.0000
vt 0.5000 0.5000
vt 0.0000 1.0000
vt 0.1250 1.0000
vt 0.1250 1.0000
vt 0.0000 1.0000
vt 0.3750 0.5000
vt 0.2500 0.5000
vt 0.6250 1.0000
vt 0.6250 1.0000
vt 0.1250 0.5000
vt 0.0000 0.5000
vt 0.2500 1.0000
vt 0.3750 1.0000
vt 0.3750 1.0000
vt 0.2500 1.0000
vt 0.7500 1.0000
vt 0.8750 1.0000
vt 0.8750 1.0000
vt 0.7500 1.0000
vt 0.0100 0.2500
vt 0.0803 0.0803
vt 0.2500 0.4900
vt 0.0803 0.4197
vt 0.2500 1.0000
vt 0.3750 1.0000
vt 0.3750 1.0000
vt 0.2500 1.0000
vt 0.1250 1.0000
vt 0.1250 1.0000
vt 0.0000 1.0000
vt 0.0000 1.0000
vt 0.3750 1.0000
vt 0.5000 1.0000
vt 0.5000 1.0000
vt 0.3750 1.0000
vt 0.8750 1.0000
vt 1.0000 1.0000
vt 1.0000 1.0000
vt 0.8750 1.0000
vt 1.0000 0.5000
vt 0.8750 0.5000
vt 0.2500 1.0000
vt 0.3750 1.0000
vt 0.3750 1.0000
vt 0.2500 1.0000
vt 0.7500 1.0000
vt 0.7500 0.5000
vt 0.7500 1.0000
vt 0.7500 1.0000
vt 0.6250 1.0000
vt 0.6250 0.5000
vt 0.5000 1.0000
vt 0.5000 0.5000
vt 0.0000 1.0000
vt 0.1250 1.0000
vt 0.1250 1.0000
vt 0.0000 1.0000
vt 0.3750 0.5000
vt 0.2500 0.5000
vt 0.6250 1.0000
vt 0.6250 1.0000
vt 0.1250 0.5000
vt 0.0000 0.5000
vt 0.8750 1.0000
vt 1.0000 1.0000
vt 1.0000 1.0000
vt 0.8750 1.0000
vt 0.3750 1.0000
vt 0.5000 1.0000
vt 0.5000 1.0000
vt 0.3750 1.0000
vt 0.8750 1.0000
vt 1.0000 1.0000
vt 1.0000 1.0000
vt 0.8750 1.0000
vt 1.0000 0.5000
vt 0.8750 0.5000
vt 0.2500 1.0000
vt 0.3750 1.0000
vt 0.3750 1.0000
vt 0.2500 1.0000
vt 0.7500 1.0000
vt 0.7500 0.5000
vt 0.7500 1.0000
vt 0.7500 1.0000
vt 0.6250 1.0000
vt 0.6250 0.5000
vt 0.5000 1.0000
vt 0.5000 0.5000
vt 0.0000 1.0000
vt 0.1250 1.0000
vt 0.1250 1.0000
vt 0.0000 1.0000
vt 0.3750 0.5000
vt 0.2500 0.5000
vt 0.6250 1.0000
vt 0.6250 1.0000
vt 0.1250 0.5000
vt 0.0000 0.5000
vt 0.2500 1.0000
vt 0.3750 1.0000
vt 0.3750 1.0000
vt 0.2500 1.0000
vt 0.8750 1.0000
vt 0.0000 1.0000
vt 0.6250 1.0000
vt 0.7500 1.0000
vt 0.7500 1.0000
vt 0.8750 1.0000
vt 0.8750 1.0000
vt 0.7500 1.0000
vt 0.1250 1.0000
vt 0.2500 1.0000
vt 0.2500 1.0000
vt 0.1250 1.0000
vt 0.0000 1.0000
vt 0.0000 1.0000
vt 0.8750 1.0000
vt 1.0000 1.0000
vt 1.0000 1.0000
vt 0.8750 1.0000
vt 0.3750 1.0000
vt 0.5000 1.0000
vt 0.5000 1.0000
vt 0.3750 1.0000
vt 0.8750 1.0000
vt 1.0000 1.0000
vt 1.0000 1.0000
vt 0.8750 1.0000
vt 1.0000 0.5000
vt 0.8750 0.5000
vt 0.2500 1.0000
vt 0.3750 1.0000
vt 0.3750 1.0000
vt 0.2500 1.0000
vt 0.7500 1.0000
vt 0.7500 0.5000
vt 0.7500 1.0000
vt 0.7500 1.0000
vt 0.6250 1.0000
vt 0.6250 0.5000
vt 0.5000 1.0000
vt 0.5000 0.5000
vt 0.0000 1.0000
vt 0.1250 1.0000
vt 0.1250 1.0000
vt 0.0000 1.0000
vt 0.3750 0.5000
vt 0.2500 0.5000
vt 0.6250 1.0000
vt 0.6250 1.0000
vt 0.1250 0.5000
vt 0.0000 0.5000
vt 0.2500 1.0000
vt 0.3750 1.0000
vt 0.3750 1.0000
vt 0.2500 1.0000
vt 0.7500 1.0000
vt 0.7500 1.0000
vt 0.3750 1.0000
vt 0.5000 1.0000
vt 0.5000 1.0000
vt 0.3750 1.0000
vt 0.8750 1.0000
vt 1.0000 1.0000
vt 1.0000 1.0000
vt 0.8750 1.0000
vt 1.0000 0.5000
vt 0.8750 0.5000
vt 0.2500 1.0000
vt 0.3750 1.0000
vt 0.3750 1.0000
vt 0.2500 1.0000
vt 0.7500 1.0000
vt 0.7500 0.5000
vt 0.7500 1.0000
vt 0.7500 1.0000
vt 0.6250 1.0000
vt 0.6250 0.5000
vt 0.5000 1.0000
vt 0.5000 0.5000
vt 0.0000 1.0000
vt 0.1250 1.0000
vt 0.1250 1.0000
vt 0.0000 1.0000
vt 0.3750 0.5000
vt 0.2500 0.5000
vt 0.6250 1.0000
vt 0.6250 1.0000
vt 0.1250 0.5000
vt 0.0000 0.5000
vt 0.2500 1.0000
vt 0.3750 1.0000
vt 0.3750 1.0000
vt 0.2500 1.0000
vt 0.7500 1.0000
vt 0.8750 1.0000
vt 0.8750 1.0000
vt 0.7500 1.0000
vt 0.4900 0.2500
vt 0.4197 0.4197
vt 0.2500 0.0100
vt 0.4197 0.0803
vt 0.3750 1.0000
vt 0.5000 1.0000
vt 0.5000 1.0000
vt 0.3750 1.0000
vt 0.8750 1.0000
vt 1.0000 1.0000
vt 1.0000 1.0000
vt 0.8750 1.0000
vt 1.0000 0.5000
vt 0.8750 0.5000
vt 0.2500 1.0000
vt 0.3750 1.0000
vt 0.3750 1.0000
vt 0.2500 1.0000
vt 0.7500 1.0000
vt 0.7500 0.5000
vt 0.7500 1.0000
vt 0.7500 1.0000
vt 0.6250 1.0000
vt 0.6250 0.5000
vt 0.5000 1.0000
vt 0.5000 0.5000
vt 0.0000 1.0000
vt 0.1250 1.0000
vt 0.1250 1.0000
vt 0.0000 1.0000
vt 0.3750 0.5000
vt 0.2500 0.5000
vt 0.6250 1.0000
vt 0.6250 1.0000
vt 0.1250 0.5000
vt 0.0000 0.5000
vt 0.2500 1.0000
vt 0.3750 1.0000
vt 0.3750 1.0000
vt 0.2500 1.0000
vt 0.7500 1.0000
vt 0.8750 1.0000
vt 0.8750 1.0000
vt 0.7500 1.0000
vt 0.0100 0.2500
vt 0.0803 0.0803
vt 0.2500 0.4900
vt 0.0803 0.4197
vt 0.4900 0.2500
vt 0.4197 0.4197
vt 0.2500 0.4900
vt 0.4197 0.0803
vt 0.0100 0.2500
vt 0.0803 0.0803
vt 0.2500 0.0100
vt 0.0803 0.4197
vt 0.4900 0.2500
vt 0.4197 0.4197
vt 0.2500 0.0100
vt 0.4197 0.0803
vt 0.0100 0.2500
vt 0.0803 0.0803
vt 0.2500 0.4900
vt 0.0803 0.4197
vt 0.9197 0.4197
vt 0.9900 0.2500
vt 0.5803 0.4197
vt 0.7500 0.4900
vt 0.0000 0.0000
vt 0.0000 0.0000
vt 0.0000 0.0000
vt 0.0000 0.0000
vt 0.4900 0.2500
vt 0.4197 0.4197
vt 0.2500 0.0100
vt 0.4197 0.0803
vt 0.3750 1.0000
vt 0.5000 1.0000
vt 0.5000 1.0000
vt 0.3750 1.0000
vt 0.8750 1.0000
vt 1.0000 1.0000
vt 1.0000 1.0000
vt 0.8750 1.0000
vt 1.0000 0.5000
vt 0.8750 0.5000
vt 0.2500 1.0000
vt 0.3750 1.0000
vt 0.3750 1.0000
vt 0.2500 1.0000
vt 0.7500 1.0000
vt 0.7500 0.5000
vt 0.7500 1.0000
vt 0.7500 1.0000
vt 0.6250 1.0000
vt 0.6250 0.5000
vt 0.5000 1.0000
vt 0.5000 0.5000
vt 0.0000 1.0000
vt 0.1250 1.0000
vt 0.1250 1.0000
vt 0.0000 1.0000
vt 0.3750 0.5000
vt 0.2500 0.5000
vt 0.6250 1.0000
vt 0.6250 1.0000
vt 0.1250 0.5000
vt 0.0000 0.5000
vt 0.2500 1.0000
vt 0.3750 1.0000
vt 0.3750 1.0000
vt 0.2500 1.0000
vt 0.1250 1.0000
vt 0.2500 1.0000
vt 0.2500 1.0000
vt 0.1250 1.0000
vt 0.0100 0.2500
vt 0.0803 0.0803
vt 0.2500 0.4900
vt 0.0803 0.4197
vt 0.5000 1.0000
vt 0.6250 1.0000
vt 0.6250 1.0000
vt 0.5000 1.0000
vt 0.2500 1.0000
vt 0.3750 1.0000
vt 0.3750 1.0000
vt 0.2500 1.0000
vt 0.3750 1.0000
vt 0.5000 1.0000
vt 0.5000 1.0000
vt 0.3750 1.0000
vt 0.8750 1.0000
vt 1.0000 1.0000
vt 1.0000 1.0000
vt 0.8750 1.0000
vt 1.0000 0.5000
vt 0.8750 0.5000
vt 0.2500 1.0000
vt 0.3750 1.0000
vt 0.3750 1.0000
vt 0.2500 1.0000
vt 0.7500 1.0000
vt 0.7500 0.5000
vt 0.7500 1.0000
vt 0.7500 1.0000
vt 0.6250 1.0000
vt 0.6250 0.5000
vt 0.5000 1.0000
vt 0.5000 0.5000
vt 0.0000 1.0000
vt 0.1250 1.0000
vt 0.1250 1.0000
vt 0.0000 1.0000
vt 0.3750 0.5000
vt 0.2500 0.5000
vt 0.6250 1.0000
vt 0.6250 1.0000
vt 0.1250 0.5000
vt 0.0000 0.5000
vt 0.1250 1.0000
vt 0.1250 1.0000
vt 0.4900 0.2500
vt 0.4197 0.4197
vt 0.2500 0.0100
vt 0.4197 0.0803
vt 0.0100 0.2500
vt 0.0803 0.0803
vt 0.4197 0.4197
vt 0.2500 0.4900
vt 0.0803 0.4197
vt 0.0100 0.2500
vt 0.0803 0.0803
vt 0.2500 0.4900
vt 0.4900 0.2500
vt 0.4197 0.4197
vt 0.2500 0.0100
vt 0.4197 0.0803
vt 0.7500 1.0000
vt 0.8750 1.0000
vt 0.8750 1.0000
vt 0.7500 1.0000
vt 0.3750 1.0000
vt 0.5000 1.0000
vt 0.1250 1.0000
vt 0.2500 1.0000
vt 0.6250 1.0000
vt 0.7500 1.0000
vt 0.8750 1.0000
vt 0.5000 1.0000
vt 0.4900 0.2500
vt 0.4197 0.4197
vt 0.2500 0.4900
vt 0.4197 0.0803
vt 0.2500 0.4900
vt 0.0803 0.4197
vt 0.4900 0.2500
vt 0.4197 0.4197
vt 0.2500 0.4900
vt 0.0803 0.4197
vt 0.4900 0.2500
vt 0.4197 0.4197
vt 0.4900 0.2500
vt 0.4197 0.4197
vt 0.2500 0.4900
vt 0.4197 0.0803
vt 0.4900 0.2500
vt 0.4197 0.4197
vt 0.2500 0.4900
vt 0.4197 0.0803
vt 0.2500 0.0100
vt 0.0803 0.4197
vt 0.0100 0.2500
vt 0.0803 0.0803
vt 0.0100 0.2500
vt 0.0803 0.0803
vt 0.2500 0.0100
vt 0.0803 0.4197
vt 0.2500 1.0000
vt 0.3750 1.0000
vt 0.3750 1.0000
vt 0.2500 1.0000
vt 0.7500 1.0000
vt 0.7500 0.5000
vt 0.7500 1.0000
vt 0.7500 1.0000
vt 0.6250 1.0000
vt 0.6250 0.5000
vt 0.5000 1.0000
vt 0.5000 0.5000
vt 0.0000 1.0000
vt 0.1250 1.0000
vt 0.1250 1.0000
vt 0.0000 1.0000
vt 0.3750 0.5000
vt 0.2500 0.5000
vt 0.6250 1.0000
vt 0.6250 1.0000
vt 0.1250 0.5000
vt 0.0000 0.5000
vt 0.2500 1.0000
vt 0.3750 1.0000
vt 0.3750 1.0000
vt 0.2500 1.0000
vt 0.5000 1.0000
vt 0.6250 1.0000
vt 0.6250 1.0000
vt 0.5000 1.0000
vt 0.3750 1.0000
vt 0.5000 1.0000
vt 0.5000 1.0000
vt 0.3750 1.0000
vt 0.8750 1.0000
vt 1.0000 1.0000
vt 1.0000 1.0000
vt 0.8750 1.0000
vt 1.0000 0.5000
vt 0.8750 0.5000
vt 0.2500 1.0000
vt 0.3750 1.0000
vt 0.3750 1.0000
vt 0.2500 1.0000
vt 0.7500 1.0000
vt 0.7500 0.5000
vt 0.7500 1.0000
vt 0.7500 1.0000
vt 0.6250 1.0000
vt 0.6250 0.5000
vt 0.5000 1.0000
vt 0.5000 0.5000
vt 0.0000 1.0000
vt 0.1250 1.0000
vt 0.1250 1.0000
vt 0.0000 1.0000
vt 0.3750 0.5000
vt 0.2500 0.5000
vt 0.6250 1.0000
vt 0.6250 1.0000
vt 0.1250 0.5000
vt 0.0000 0.5000
vt 0.2500 1.0000
vt 0.3750 1.0000
vt 0.3750 1.0000
vt 0.2500 1.0000
vt 0.3750 1.0000
vt 0.3750 1.0000
vt 0.2500 0.0100
vt 0.0803 0.4197
vt 0.0100 0.2500
vt 0.0803 0.0803
vt 0.4900 0.2500
vt 0.4197 0.4197
vt 0.2500 0.4900
vt 0.4197 0.0803
vt 0.2500 0.0100
vt 0.4197 0.4197
vt 0.0803 0.4197
vt 0.0100 0.2500
vt 0.0803 0.0803
vt 0.2500 0.4900
vt 0.7500 0.0100
vt 0.9197 0.4197
vt 0.9197 0.0803
vt 0.7500 0.0100
vt 0.9197 0.4197
vt 0.9900 0.2500
vt 0.2500 0.0100
vt 0.4197 0.4197
vt 0.0803 0.4197
vt 0.0100 0.2500
vt 0.0803 0.0803
vt 0.2500 0.4900
vt 0.7500 0.0100
vt 0.9197 0.4197
vt 0.5803 0.4197
vt 0.7500 0.4900
vt 0.5803 0.0803
vt 0.5100 0.2500
vt 0.2500 0.0100
vt 0.4197 0.4197
vt 0.0803 0.4197
vt 0.0100 0.2500
vt 0.0803 0.0803
vt 0.2500 0.4900
vt 0.7500 0.0100
vt 0.5803 0.0803
vt 0.7500 0.4900
vt 0.9197 0.4197
vt 0.9197 0.0803
vt 0.7500 0.0100
vt 0.9197 0.4197
vt 0.9900 0.2500
vt 0.2500 0.4900
vt 0.0803 0.0803
vt 0.4900 0.2500
vt 0.4197 0.4197
vt 0.2500 0.0100
vt 0.4197 0.0803
vt 0.5100 0.2500
vt 0.5803 0.4197
vt 0.9900 0.2500
vt 0.9197 0.0803
vt 0.9197 0.0803
vt 0.7500 0.0100
vt 0.9197 0.4197
vt 0.9900 0.2500
vt 0.2500 0.4900
vt 0.0803 0.0803
vt 0.0803 0.4197
vt 0.0100 0.2500
vt 0.0803 0.0803
vt 0.2500 0.4900
vt 0.7500 0.0100
vt 0.5803 0.0803
vt 0.7500 0.4900
vt 0.9197 0.4197
vt 0.9197 0.0803
vt 0.7500 0.0100
vt 0.9197 0.4197
vt 0.9900 0.2500
vt 0.2500 0.4900
vt 0.0803 0.0803
vt 0.0803 0.4197
vt 0.0100 0.2500
vt 0.7500 0.0100
vt 0.9197 0.4197
vt 0.9197 0.0803
vt 0.9900 0.2500
vt 0.2500 0.0100
vt 0.4197 0.4197
vt 0.2500 0.4900
vt 0.0803 0.0803
vt 0.0803 0.4197
vt 0.0100 0.2500
vt 0.7500 0.0100
vt 0.5803 0.0803
vt 0.7500 0.4900
vt 0.9197 0.4197
vt 0.9197 0.0803
vt 0.7500 0.0100
vt 0.9197 0.4197
vt 0.9900 0.2500
vt 0.2500 0.4900
vt 0.0803 0.0803
vt 0.4900 0.2500
vt 0.4197 0.4197
vt 0.2500 0.0100
vt 0.4197 0.0803
vt 0.4197 0.0803
vt 0.2500 0.4900
vt 0.9900 0.2500
vt 0.9197 0.0803
vt 0.7500 0.0100
vt 0.9197 0.4197
vt 0.2500 0.0100
vt 0.4197 0.4197
vt 0.0803 0.4197
vt 0.0100 0.2500
vt 0.5100 0.2500
vt 0.5803 0.4197
vt 0.9900 0.2500
vt 0.9197 0.0803
vt 0.9197 0.0803
vt 0.7500 0.0100
vt 0.9197 0.4197
vt 0.9900 0.2500
vt 0.2500 0.0100
vt 0.4197 0.4197
vt 0.0803 0.4197
vt 0.0100 0.2500
vt 0.0803 0.0803
vt 0.2500 0.4900
vt 0.0803 0.4197
vt 0.2500 0.0100
vt 0.9197 0.0803
vt 0.7500 0.0100
vt 0.9197 0.4197
vt 0.9900 0.2500
vt 0.2500 0.0100
vt 0.4197 0.4197
vt 0.0803 0.4197
vt 0.0100 0.2500
vt 0.0803 0.0803
vt 0.2500 0.4900
vt 0.7500 0.0100
vt 0.9197 0.4197
vt 0.4900 0.2500
vt 0.4197 0.0803
vt 0.7500 0.0100
vt 0.9197 0.4197
vt 0.5803 0.4197
vt 0.7500 0.4900
vt 0.5803 0.0803
vt 0.5100 0.2500
vt 0.2500 0.4900
vt 0.0803 0.0803
vt 0.0803 0.4197
vt 0.0100 0.2500
vt 0.7500 0.0100
vt 0.9197 0.4197
vt 0.5803 0.4197
vt 0.7500 0.4900
vt 0.5803 0.0803
vt 0.5100 0.2500
vt 0.2500 0.4900
vt 0.0803 0.0803
vt 0.4900 0.2500
vt 0.4197 0.4197
vt 0.2500 0.0100
vt 0.4197 0.0803
vt 0.5100 0.2500
vt 0.5803 0.4197
vt 0.9900 0.2500
vt 0.9197 0.0803
vt 0.9900 0.2500
vt 0.9197 0.0803
vt 0.4900 0.2500
vt 0.4197 0.0803
vt 0.9197 0.0803
vt 0.7500 0.0100
vt 0.9197 0.4197
vt 0.9900 0.2500
vt 0.4900 0.2500
vt 0.4197 0.0803
vt 0.5100 0.2500
vt 0.5803 0.4197
vt 0.9900 0.2500
vt 0.9197 0.0803
vt 0.9197 0.0803
vt 0.7500 0.0100
vt 0.9197 0.4197
vt 0.9900 0.2500
vt 0.2500 0.4900
vt 0.0803 0.0803
vt 0.0803 0.4197
vt 0.0100 0.2500
vt 0.7500 0.0100
vt 0.9197 0.4197
vt 0.9197 0.0803
vt 0.9900 0.2500
vt 0.4900 0.2500
vt 0.4197 0.4197
vt 0.2500 0.0100
vt 0.4197 0.0803
vt 0.0803 0.4197
vt 0.2500 0.0100
vt 0.9197 0.0803
vt 0.9900 0.2500
vt 0.4900 0.2500
vt 0.4197 0.0803
vt 0.4197 0.0803
vt 0.2500 0.4900
vt 0.9197 0.0803
vt 0.9900 0.2500
vt 0.4900 0.2500
vt 0.4197 0.0803
vt 0.7500 0.0100
vt 0.9197 0.4197
vt 0.9197 0.0803
vt 0.7500 0.0100
vt 0.9197 0.4197
vt 0.9900 0.2500
vt 0.2500 0.0100
vt 0.4197 0.4197
vt 0.4900 0.2500
vt 0.4197 0.0803
vt 0.5803 0.0803
vt 0.7500 0.4900
vt 0.9197 0.0803
vt 0.9900 0.2500
vt 0.9900 0.2500
vt 0.5803 0.4197
vt 0.0803 0.4197
vt 0.0100 0.2500
vt 0.5100 0.2500
vt 0.5803 0.4197
vt 0.9900 0.2500
vt 0.9197 0.0803
vt 0.9197 0.0803
vt 0.9900 0.2500
vt 0.0803 0.4197
vt 0.0100 0.2500
vt 0.5100 0.2500
vt 0.5803 0.4197
vt 0.9900 0.2500
vt 0.9197 0.0803
vt 0.9197 0.0803
vt 0.7500 0.0100
vt 0.9197 0.4197
vt 0.9900 0.2500
vt 0.2500 0.4900
vt 0.0803 0.0803
vt 0.4900 0.2500
vt 0.4197 0.0803
vt 0.9197 0.0803
vt 0.9900 0.2500
vt 0.4900 0.2500
vt 0.4197 0.0803
vt 0.7500 0.0100
vt 0.9197 0.4197
vt 0.9197 0.0803
vt 0.9900 0.2500
vt 0.2500 0.4900
vt 0.0803 0.0803
vt 0.0803 0.4197
vt 0.0100 0.2500
vt 0.7500 0.0100
vt 0.9197 0.4197
vt 0.9197 0.0803
vt 0.9900 0.2500
vt 0.0803 0.4197
vt 0.0100 0.2500
vt 0.9197 0.0803
vt 0.9900 0.2500
vt 0.0803 0.4197
vt 0.0100 0.2500
vt 0.9197 0.0803
vt 0.9900 0.2500
vt 0.9197 0.4197
vt 0.9900 0.2500
vt 0.5803 0.4197
vt 0.7500 0.4900
vt 0.5100 0.2500
vt 0.5803 0.4197
vt 0.9900 0.2500
vt 0.9197 0.0803
vt 0.9197 0.4197
vt 0.9900 0.2500
vt 0.5803 0.4197
vt 0.7500 0.4900
vt 0.9197 0.4197
vt 0.7500 0.4900
vt 0.5100 0.2500
vt 0.5803 0.4197
vt 0.9900 0.2500
vt 0.9197 0.0803
vt 0.5803 0.0803
vt 0.5100 0.2500
vt 0.9197 0.0803
vt 0.7500 0.0100
vt 0.9197 0.4197
vt 0.9900 0.2500
vt 0.5803 0.4197
vt 0.7500 0.4900
vt 0.9900 0.2500
vt 0.5803 0.4197
vt 0.9197 0.4197
vt 0.7500 0.4900
vt 0.9197 0.0803
vt 0.5100 0.2500
vt 0.9197 0.4197
vt 0.7500 0.4900
vt 0.6250 1.0000
vt 0.0000 1.0000
vt 0.1250 1.0000
vt 0.5000 1.0000
vt 0.9197 0.4197
vt 0.9900 0.2500
vt 0.5803 0.4197
vt 0.7500 0.4900
vt 0.0100 0.2500
vt 0.4197 0.0803
vt 0.5000 1.0000
vt 0.5803 0.0803
vt 0.5100 0.2500
vt 0.9197 0.0803
vt 0.7500 0.0100
vt 0.5803 0.0803
vt 0.7500 0.0100
vt 0.5100 0.2500
vt 0.5803 0.4197
vt 0.9900 0.2500
vt 0.9197 0.0803
vt 0.9197 0.4197
vt 0.7500 0.4900
vt 0.5803 0.0803
vt 0.7500 0.4900
vt 0.9197 0.4197
vt 0.9900 0.2500
vt 0.5803 0.4197
vt 0.7500 0.4900
vt 0.5803 0.0803
vt 0.7500 0.0100
vt 0.5100 0.2500
vt 0.9197 0.0803
vt 0.5803 0.0803
vt 0.7500 0.0100
vt 0.0803 0.0803
vt 0.2500 0.0100
vt 0.4197 0.4197
vt 0.2500 0.4900
vt 0.0000 0.0000
vt 0.0000 0.0000
vt 0.0000 0.0000
vt 0.0000 0.0000
vt 0.5803 0.4197
vt 0.5100 0.2500
vt 0.9197 0.4197
vt 0.9900 0.2500
vt 0.5803 0.4197
vt 0.7500 0.4900
vt 0.9197 0.4197
vt 0.9900 0.2500
vt 0.5803 0.4197
vt 0.7500 0.4900
vt 0.4197 0.0803
vt 0.2500 0.4900
vt 0.0803 0.4197
vt 0.2500 0.0100
vt 0.9197 0.4197
vt 0.9900 0.2500
vt 0.5803 0.4197
vt 0.7500 0.4900
vt 0.0100 0.2500
vt 0.0803 0.0803
vt 0.2500 0.4900
vt 0.0803 0.4197
vt 0.5803 0.0803
vt 0.7500 0.0100
vt 0.5803 0.0803
vt 0.5100 0.2500
vt 0.9197 0.0803
vt 0.7500 0.0100
vt 0.0803 0.0803
vt 0.2500 0.0100
vt 0.4197 0.4197
vt 0.2500 0.4900
vt 0.0100 0.2500
vt 0.0803 0.4197
vt 0.0803 0.0803
vt 0.2500 0.0100
vt 0.1250 1.0000
vt 0.5000 1.0000
vt 0.9197 0.0803
vt 0.7500 0.0100
vt 0.5803 0.0803
vt 0.5100 0.2500
vt 0.7500 0.0100
vt 0.5803 0.0803
vt 0.2500 0.4900
vt 0.0803 0.0803
vt 0.0100 0.2500
vt 0.0803 0.0803
vt 0.2500 0.0100
vt 0.4197 0.0803
vt 0.2500 0.4900
vt 0.0803 0.0803
vt 0.5803 0.0803
vt 0.7500 0.4900
vt 0.0100 0.2500
vt 0.0803 0.0803
vt 0.2500 0.0100
vt 0.0803 0.4197
vt 0.0803 0.4197
vt 0.0100 0.2500
vt 0.0803 0.0803
vt 0.2500 0.4900
vt 0.2500 0.0100
vt 0.0803 0.4197
vt 0.0100 0.2500
vt 0.0803 0.0803
vt 0.2500 0.0100
vt 0.0803 0.4197
vt 0.4197 0.0803
vt 0.2500 0.4900
vt 0.5803 0.0803
vt 0.5100 0.2500
vt 0.9197 0.0803
vt 0.7500 0.0100
vt 0.4900 0.2500
vt 0.4197 0.4197
vt 0.4900 0.2500
vt 0.4197 0.4197
vt 0.8750 1.0000
vt 0.0000 1.0000
vt 0.6250 1.0000
vt 0.7500 1.0000
vt 0.0803 0.0803
vt 0.2500 0.0100
vt 0.4197 0.0803
vt 0.4900 0.2500
vt 0.5803 0.4197
vt 0.9900 0.2500
vt 0.5803 0.4197
vt 0.5100 0.2500
vt 0.9197 0.0803
vt 0.9900 0.2500
vt 0.0100 0.2500
vt 0.0803 0.0803
vt 0.2500 0.0100
vt 0.4197 0.0803
vt 0.0000 1.0000
vt 0.0100 0.2500
vt 0.0803 0.0803
vt 0.2500 0.0100
vt 0.4197 0.0803
vt 0.2500 0.4900
vt 0.0803 0.4197
vt 0.4900 0.2500
vt 0.4197 0.4197
vt 0.8750 1.0000
vt 1.0000 1.0000
vt 0.5803 0.4197
vt 0.5100 0.2500
vt 0.0000 0.0000
vt 0.0000 0.0000
vt 0.0000 0.0000
vt 0.0000 0.0000
vt 0.0803 0.4197
vt 0.2500 0.0100
vt 0.0100 0.2500
vt 0.0803 0.0803
vt 0.5100 0.2500
vt 0.5803 0.4197
vt 0.9900 0.2500
vt 0.9197 0.0803
vt 0.0100 0.2500
vt 0.0803 0.0803
vt 0.2500 0.4900
vt 0.0803 0.4197
vt 0.4900 0.2500
vt 0.4197 0.4197
vt 0.0803 0.4197
vt 0.4900 0.2500
vt 0.2500 0.0100
vt 0.4197 0.4197
vt 0.0100 0.2500
vt 0.0803 0.0803
vt 0.2500 0.4900
vt 0.0803 0.4197
vt 0.4900 0.2500
vt 0.4197 0.0803
vt 0.0100 0.2500
vt 0.0803 0.4197
vt 0.4900 0.2500
vt 0.4197 0.4197
vt 0.2500 0.0100
vt 0.4197 0.0803
vt 0.4900 0.2500
vt 0.4197 0.4197
vt 0.2500 0.0100
vt 0.4197 0.0803
vt 0.2500 0.4900
vt 0.0803 0.0803
vt 0.0100 0.2500
vt 0.0803 0.4197
vt 0.9197 0.4197
vt 0.9900 0.2500
vt 0.5803 0.4197
vt 0.7500 0.4900
vt 0.5100 0.2500
vt 0.5803 0.4197
vt 0.9900 0.2500
vt 0.9197 0.0803
vt 0.0100 0.2500
vt 0.0803 0.0803
vt 0.5803 0.4197
vt 0.9900 0.2500
vt 0.5803 0.4197
vt 0.5100 0.2500
vt 0.4900 0.2500
vt 0.4197 0.4197
vt 0.2500 0.0100
vt 0.4197 0.0803
vt 0.0100 0.2500
vt 0.0803 0.0803
vt 0.2500 0.4900
vt 0.0803 0.4197
vt 0.9197 0.4197
vt 0.7500 0.4900
vt 0.9900 0.2500
vt 0.5803 0.4197
vt 0.9900 0.2500
vt 0.5803 0.4197
vt 0.2500 0.0100
vt 0.4197 0.0803
vt 0.0803 0.4197
vt 0.0100 0.2500
vt 0.5000 1.0000
vt 0.0100 0.2500
vt 0.0803 0.0803
vt 0.9197 0.4197
vt 0.7500 0.4900
vt 0.5100 0.2500
vt 0.9197 0.0803
vt 0.5803 0.0803
vt 0.7500 0.0100
vt 0.9197 0.4197
vt 0.9900 0.2500
vt 0.5803 0.4197
vt 0.7500 0.4900
vt 0.9197 0.4197
vt 0.7500 0.4900
vt 0.0000 1.0000
vt 0.5803 0.0803
vt 0.5100 0.2500
vt 0.9197 0.0803
vt 0.7500 0.0100
vt 0.1250 1.0000
vt 0.5000 1.0000
vt 0.5803 0.4197
vt 0.5100 0.2500
vt 0.9197 0.4197
vt 0.7500 0.4900
vt 0.9197 0.4197
vt 0.7500 0.4900
vt 0.9197 0.4197
vt 0.7500 0.4900
vt 0.0100 0.2500
vt 0.0803 0.0803
vt 0.2500 0.0100
vt 0.0803 0.4197
vt 0.4900 0.2500
vt 0.2500 0.4900
vt 0.2500 0.0100
vt 0.4900 0.2500
vt 0.0803 0.4197
vt 0.2500 0.0100
vt 0.5803 0.4197
vt 0.5100 0.2500
vt 0.9197 0.4197
vt 0.7500 0.4900
vt 0.5100 0.2500
vt 0.9197 0.0803
vt 0.9197 0.4197
vt 0.7500 0.4900
vt 0.4900 0.2500
vt 0.4197 0.0803
vt 0.5803 0.0803
vt 0.7500 0.0100
vt 0.5803 0.0803
vt 0.7500 0.0100
vt 0.9197 0.4197
vt 0.7500 0.4900
vt 0.9197 0.4197
vt 0.7500 0.4900
vt 0.4197 0.0803
vt 0.2500 0.4900
vt 0.5803 0.0803
vt 0.7500 0.0100
vt 0.9197 0.4197
vt 0.7500 0.4900
vt 0.5803 0.0803
vt 0.7500 0.0100
vt 0.9197 0.4197
vt 0.7500 0.4900
vt 0.4900 0.2500
vt 0.4197 0.4197
vt 0.2500 0.0100
vt 0.4197 0.0803
vt 0.0100 0.2500
vt 0.0803 0.0803
vt 0.5803 0.0803
vt 0.5100 0.2500
vt 0.9197 0.0803
vt 0.7500 0.0100
vt 0.4900 0.2500
vt 0.4197 0.0803
vt 0.4900 0.2500
vt 0.4197 0.4197
vt 0.4197 0.0803
vt 0.2500 0.4900
vt 0.3750 1.0000
vt 0.7500 1.0000
vt 0.0803 0.4197
vt 0.0100 0.2500
vt 0.4197 0.4197
vt 0.4900 0.2500
vt 0.5803 0.0803
vt 0.7500 0.0100
vt 0.5803 0.0803
vt 0.7500 0.0100
vt 0.2500 0.0100
vt 0.0803 0.4197
vt 0.5803 0.0803
vt 0.7500 0.0100
vt 0.5803 0.4197
vt 0.9900 0.2500
vt 0.5803 0.0803
vt 0.7500 0.0100
vt 0.2500 1.0000
vt 0.3750 1.0000
vt 0.0100 0.2500
vt 0.0803 0.4197
vt 0.4900 0.2500
vt 0.4197 0.4197
vt 0.2500 0.4900
vt 0.4197 0.0803
vt 0.4197 0.4197
vt 0.0100 0.2500
vt 0.2500 0.4900
vt 0.4197 0.4197
vt 0.4197 0.4197
vt 0.2500 0.4900
vt 0.4197 0.0803
vt 0.4900 0.2500
vt 0.4900 0.2500
vt 0.4197 0.4197
vt 0.9197 0.4197
vt 0.7500 0.4900
vt 0.2500 0.4900
vt 0.0803 0.4197
vt 0.0100 0.2500
vt 0.0803 0.0803
vt 0.4900 0.2500
vt 0.4197 0.4197
vt 0.0803 0.4197
vt 0.2500 0.0100
vt 0.0100 0.2500
vt 0.0803 0.0803
vt 0.0100 0.2500
vt 0.0803 0.0803
vt 0.9197 0.4197
vt 0.7500 0.4900
vt 0.5803 0.0803
vt 0.7500 0.0100
f 1/1 2/2 4/3 3/4
f 3/4 4/3 6/5 5/6
f 5/6 6/5 8/7 7/8
f 7/8 8/7 10/9 9/10
f 9/10 10/9 12/11 11/12
f 11/12 12/11 14/13 13/14
f 622/15 620/16 626/17 624/18
f 13/14 14/13 16/19 15/20
f 15/20 16/19 2/21 1/22
f 3/4 5/6 19/6 18/4
f 19/23 20/24 28/25 27/26
f 9/10 11/12 22/12 21/10
f 15/20 1/22 17/22 24/20
f 1/1 3/4 18/4 17/1
f 5/6 7/8 20/8 19/6
f 11/12 13/14 23/14 22/12
f 7/8 9/10 21/10 20/8
f 13/14 15/20 24/20 23/14
f 31/27 32/28 40/29 39/30
f 17/1 18/4 26/4 25/1
f 24/20 17/22 25/22 32/20
f 22/12 23/14 31/14 30/12
f 20/8 21/10 29/10 28/8
f 18/4 19/6 27/6 26/4
f 23/14 24/20 32/20 31/14
f 21/10 22/12 30/12 29/10
f 36/31 37/32 45/33 44/34
f 29/10 30/12 38/12 37/10
f 27/23 28/24 36/24 35/23
f 25/1 26/4 34/4 33/1
f 32/20 25/22 33/22 40/20
f 30/12 31/14 39/14 38/12
f 28/8 29/10 37/10 36/8
f 26/4 27/6 35/6 34/4
f 48/35 41/36 49/37 56/38
f 34/4 35/6 43/6 42/4
f 39/27 40/28 48/28 47/27
f 37/10 38/12 46/12 45/10
f 35/23 36/24 44/24 43/23
f 33/1 34/4 42/4 41/1
f 40/20 33/22 41/22 48/20
f 38/12 39/14 47/14 46/12
f 53/39 54/40 62/41 61/42
f 46/12 47/14 55/14 54/12
f 44/31 45/32 53/32 52/31
f 42/4 43/6 51/6 50/4
f 47/27 48/28 56/28 55/27
f 45/10 46/12 54/12 53/10
f 43/23 44/24 52/24 51/23
f 41/1 42/4 50/4 49/1
f 63/43 64/44 72/45 71/46
f 51/23 52/24 60/24 59/23
f 49/1 50/4 58/4 57/1
f 56/35 49/36 57/36 64/35
f 54/12 55/14 63/14 62/12
f 52/31 53/32 61/32 60/31
f 50/4 51/6 59/6 58/4
f 55/27 56/28 64/28 63/27
f 70/47 71/48 79/49 78/50
f 61/39 62/40 70/40 69/39
f 59/23 60/24 68/24 67/23
f 57/1 58/4 66/4 65/1
f 64/35 57/36 65/36 72/35
f 62/12 63/14 71/14 70/12
f 60/31 61/32 69/32 68/31
f 58/4 59/6 67/6 66/4
f 73/51 74/52 82/53 81/54
f 68/31 69/32 77/32 76/31
f 66/4 67/6 75/6 74/4
f 71/43 72/44 80/44 79/43
f 69/39 70/40 78/40 77/39
f 67/23 68/24 76/24 75/23
f 65/1 66/4 74/4 73/1
f 72/35 65/36 73/36 80/35
f 1760/55 1753/56 1758/57 1759/58
f 80/35 73/36 81/36 88/35
f 78/47 79/48 87/48 86/47
f 76/31 77/32 85/32 84/31
f 74/4 75/6 83/6 82/4
f 79/43 80/44 88/44 87/43
f 77/39 78/40 86/40 85/39
f 75/23 76/24 84/24 83/23
f 89/59 90/60 92/61 91/62
f 91/62 92/61 94/63 93/64
f 93/64 94/63 96/65 95/66
f 95/66 96/65 98/67 97/68
f 97/68 98/67 100/69 99/70
f 99/70 100/69 102/71 101/72
f 1942/73 1940/74 1946/75 1944/76
f 101/72 102/71 104/77 103/78
f 103/78 104/77 90/79 89/80
f 91/62 93/64 107/64 106/62
f 107/81 108/82 116/83 115/84
f 97/68 99/70 110/70 109/68
f 103/78 89/80 105/80 112/78
f 89/59 91/62 106/62 105/59
f 93/64 95/66 108/66 107/64
f 99/70 101/72 111/72 110/70
f 95/66 97/68 109/68 108/66
f 101/72 103/78 112/78 111/72
f 119/85 120/86 128/87 127/88
f 105/59 106/62 114/62 113/59
f 112/78 105/80 113/80 120/78
f 110/70 111/72 119/72 118/70
f 108/66 109/68 117/68 116/66
f 106/62 107/64 115/64 114/62
f 111/72 112/78 120/78 119/72
f 109/68 110/70 118/70 117/68
f 124/89 125/90 133/91 132/92
f 117/68 118/70 126/70 125/68
f 115/81 116/82 124/82 123/81
f 113/59 114/62 122/62 121/59
f 120/78 113/80 121/80 128/78
f 118/70 119/72 127/72 126/70
f 116/66 117/68 125/68 124/66
f 114/62 115/64 123/64 122/62
f 136/93 129/94 137/95 144/96
f 122/62 123/64 131/64 130/62
f 127/85 128/86 136/86 135/85
f 125/68 126/70 134/70 133/68
f 123/81 124/82 132/82 131/81
f 121/59 122/62 130/62 129/59
f 128/78 121/80 129/80 136/78
f 126/70 127/72 135/72 134/70
f 141/97 142/98 150/99 149/100
f 134/70 135/72 143/72 142/70
f 132/89 133/90 141/90 140/89
f 130/62 131/64 139/64 138/62
f 135/85 136/86 144/86 143/85
f 133/68 134/70 142/70 141/68
f 131/81 132/82 140/82 139/81
f 129/59 130/62 138/62 137/59
f 151/101 152/102 160/103 159/104
f 139/81 140/82 148/82 147/81
f 137/59 138/62 146/62 145/59
f 144/93 137/94 145/94 152/93
f 142/70 143/72 151/72 150/70
f 140/89 141/90 149/90 148/89
f 138/62 139/64 147/64 146/62
f 143/85 144/86 152/86 151/85
f 158/105 159/106 167/107 166/108
f 149/97 150/98 158/98 157/97
f 147/81 148/82 156/82 155/81
f 145/59 146/62 154/62 153/59
f 152/93 145/94 153/94 160/93
f 150/70 151/72 159/72 158/70
f 148/89 149/90 157/90 156/89
f 146/62 147/64 155/64 154/62
f 161/109 162/110 170/111 169/112
f 156/89 157/90 165/90 164/89
f 154/62 155/64 163/64 162/62
f 159/101 160/102 168/102 167/101
f 157/97 158/98 166/98 165/97
f 155/81 156/82 164/82 163/81
f 153/59 154/62 162/62 161/59
f 160/93 153/94 161/94 168/93
f 3932/113 3934/114 3935/115 3936/116
f 168/93 161/94 169/94 176/93
f 166/105 167/106 175/106 174/105
f 164/89 165/90 173/90 172/89
f 162/62 163/64 171/64 170/62
f 167/101 168/102 176/102 175/101
f 165/97 166/98 174/98 173/97
f 163/81 164/82 172/82 171/81
f 177/117 178/118 180/119 179/120
f 179/120 180/119 182/121 181/122
f 181/122 182/121 184/123 183/124
f 183/124 184/123 186/125 185/126
f 185/126 186/125 188/127 187/128
f 187/128 188/127 190/129 189/130
f 2118/131 2116/132 2122/133 2120/134
f 189/130 190/129 192/135 191/136
f 191/136 192/135 178/137 177/138
f 179/120 181/122 195/122 194/120
f 195/139 196/140 204/141 203/142
f 185/126 187/128 198/128 197/126
f 191/136 177/138 193/138 200/136
f 177/117 179/120 194/120 193/117
f 181/122 183/124 196/124 195/122
f 187/128 189/130 199/130 198/128
f 183/124 185/126 197/126 196/124
f 189/130 191/136 200/136 199/130
f 207/143 208/144 216/145 215/146
f 193/117 194/120 202/120 201/117
f 200/136 193/138 201/138 208/136
f 198/128 199/130 207/130 206/128
f 196/124 197/126 205/126 204/124
f 194/120 195/122 203/122 202/120
f 199/130 200/136 208/136 207/130
f 197/126 198/128 206/128 205/126
f 212/147 213/148 221/149 220/150
f 205/126 206/128 214/128 213/126
f 203/139 204/140 212/140 211/139
f 201/117 202/120 210/120 209/117
f 208/136 201/138 209/138 216/136
f 206/128 207/130 215/130 214/128
f 204/124 205/126 213/126 212/124
f 202/120 203/122 211/122 210/120
f 224/151 217/152 225/153 232/154
f 210/120 211/122 219/122 218/120
f 215/143 216/144 224/144 223/143
f 213/126 214/128 222/128 221/126
f 211/139 212/140 220/140 219/139
f 209/117 210/120 218/120 217/117
f 216/136 209/138 217/138 224/136
f 214/128 215/130 223/130 222/128
f 229/155 230/156 238/157 237/158
f 222/128 223/130 231/130 230/128
f 220/147 221/148 229/148 228/147
f 218/120 219/122 227/122 226/120
f 223/143 224/144 232/144 231/143
f 221/126 222/128 230/128 229/126
f 219/139 220/140 228/140 227/139
f 217/117 218/120 226/120 225/117
f 239/159 240/160 248/161 247/162
f 227/139 228/140 236/140 235/139
f 225/117 226/120 234/120 233/117
f 232/151 225/152 233/152 240/151
f 230/128 231/130 239/130 238/128
f 228/147 229/148 237/148 236/147
f 226/120 227/122 235/122 234/120
f 231/143 232/144 240/144 239/143
f 246/163 247/164 255/165 254/166
f 237/155 238/156 246/156 245/155
f 235/139 236/140 244/140 243/139
f 233/117 234/120 242/120 241/117
f 240/151 233/152 241/152 248/151
f 238/128 239/130 247/130 246/128
f 236/147 237/148 245/148 244/147
f 234/120 235/122 243/122 242/120
f 249/167 250/168 258/169 257/170
f 244/147 245/148 253/148 252/147
f 242/120 243/122 251/122 250/120
f 247/159 248/160 256/160 255/159
f 245/155 246/156 254/156 253/155
f 243/139 244/140 252/140 251/139
f 241/117 242/120 250/120 249/117
f 248/151 241/152 249/152 256/151
f 1232/171 1225/172 1230/173 1231/174
f 256/151 249/152 257/152 264/151
f 254/163 255/164 263/164 262/163
f 252/147 253/148 261/148 260/147
f 250/120 251/122 259/122 258/120
f 255/159 256/160 264/160 263/159
f 253/155 254/156 262/156 261/155
f 251/139 252/140 260/140 259/139
f 265/175 266/176 268/177 267/178
f 267/178 268/177 270/179 269/180
f 269/180 270/179 272/181 271/182
f 271/182 272/181 274/183 273/184
f 273/184 274/183 276/185 275/186
f 275/186 276/185 278/187 277/188
f 1326/189 1324/190 1330/191 1328/192
f 277/188 278/187 280/193 279/194
f 279/194 280/193 266/195 265/196
f 267/178 269/180 283/180 282/178
f 283/197 284/198 292/199 291/200
f 273/184 275/186 286/186 285/184
f 279/194 265/196 281/196 288/194
f 265/175 267/178 282/178 281/175
f 269/180 271/182 284/182 283/180
f 275/186 277/188 287/188 286/186
f 271/182 273/184 285/184 284/182
f 277/188 279/194 288/194 287/188
f 295/201 296/202 304/203 303/204
f 281/175 282/178 290/178 289/175
f 288/194 281/196 289/196 296/194
f 286/186 287/188 295/188 294/186
f 284/182 285/184 293/184 292/182
f 282/178 283/180 291/180 290/178
f 287/188 288/194 296/194 295/188
f 285/184 286/186 294/186 293/184
f 300/205 301/206 309/207 308/208
f 293/184 294/186 302/186 301/184
f 291/197 292/198 300/198 299/197
f 289/175 290/178 298/178 297/175
f 296/194 289/196 297/196 304/194
f 294/186 295/188 303/188 302/186
f 292/182 293/184 301/184 300/182
f 290/178 291/180 299/180 298/178
f 312/209 305/210 313/211 320/212
f 298/178 299/180 307/180 306/178
f 303/201 304/202 312/202 311/201
f 301/184 302/186 310/186 309/184
f 299/197 300/198 308/198 307/197
f 297/175 298/178 306/178 305/175
f 304/194 297/196 305/196 312/194
f 302/186 303/188 311/188 310/186
f 317/213 318/214 326/215 325/216
f 310/186 311/188 319/188 318/186
f 308/205 309/206 317/206 316/205
f 306/178 307/180 315/180 314/178
f 311/201 312/202 320/202 319/201
f 309/184 310/186 318/186 317/184
f 307/197 308/198 316/198 315/197
f 305/175 306/178 314/178 313/175
f 327/217 328/218 336/219 335/220
f 315/197 316/198 324/198 323/197
f 313/175 314/178 322/178 321/175
f 320/209 313/210 321/210 328/209
f 318/186 319/188 327/188 326/186
f 316/205 317/206 325/206 324/205
f 314/178 315/180 323/180 322/178
f 319/201 320/202 328/202 327/201
f 334/221 335/222 343/223 342/224
f 325/213 326/214 334/214 333/213
f 323/197 324/198 332/198 331/197
f 321/175 322/178 330/178 329/175
f 328/209 321/210 329/210 336/209
f 326/186 327/188 335/188 334/186
f 324/205 325/206 333/206 332/205
f 322/178 323/180 331/180 330/178
f 337/225 338/226 346/227 345/228
f 332/205 333/206 341/206 340/205
f 330/178 331/180 339/180 338/178
f 335/217 336/218 344/218 343/217
f 333/213 334/214 342/214 341/213
f 331/197 332/198 340/198 339/197
f 329/175 330/178 338/178 337/175
f 336/209 329/210 337/210 344/209
f 2112/229 2105/230 2110/231 2111/232
f 344/209 337/210 345/210 352/209
f 342/221 343/222 351/222 350/221
f 340/205 341/206 349/206 348/205
f 338/178 339/180 347/180 346/178
f 343/217 344/218 352/218 351/217
f 341/213 342/214 350/214 349/213
f 339/197 340/198 348/198 347/197
f 353/233 354/234 356/235 355/236
f 355/236 356/235 358/237 357/238
f 357/238 358/237 360/239 359/240
f 359/240 360/239 362/241 361/242
f 361/242 362/241 364/243 363/244
f 363/244 364/243 366/245 365/246
f 1766/247 1764/248 1770/249 1768/250
f 365/246 366/245 368/251 367/252
f 367/252 368/251 354/253 353/254
f 355/236 357/238 371/238 370/236
f 371/255 372/256 380/257 379/258
f 361/242 363/244 374/244 373/242
f 367/252 353/254 369/254 376/252
f 353/233 355/236 370/236 369/233
f 357/238 359/240 372/240 371/238
f 363/244 365/246 375/246 374/244
f 359/240 361/242 373/242 372/240
f 365/246 367/252 376/252 375/246
f 383/259 384/260 392/261 391/262
f 369/233 370/236 378/236 377/233
f 376/252 369/254 377/254 384/252
f 374/244 375/246 383/246 382/244
f 372/240 373/242 381/242 380/240
f 370/236 371/238 379/238 378/236
f 375/246 376/252 384/252 383/246
f 373/242 374/244 382/244 381/242
f 388/263 389/264 397/265 396/266
f 381/242 382/244 390/244 389/242
f 379/255 380/256 388/256 387/255
f 377/233 378/236 386/236 385/233
f 384/252 377/254 385/254 392/252
f 382/244 383/246 391/246 390/244
f 380/240 381/242 389/242 388/240
f 378/236 379/238 387/238 386/236
f 400/267 393/268 401/269 408/270
f 386/236 387/238 395/238 394/236
f 391/259 392/260 400/260 399/259
f 389/242 390/244 398/244 397/242
f 387/255 388/256 396/256 395/255
f 385/233 386/236 394/236 393/233
f 392/252 385/254 393/254 400/252
f 390/244 391/246 399/246 398/244
f 405/271 406/272 414/273 413/274
f 398/244 399/246 407/246 406/244
f 396/263 397/264 405/264 404/263
f 394/236 395/238 403/238 402/236
f 399/259 400/260 408/260 407/259
f 397/242 398/244 406/244 405/242
f 395/255 396/256 404/256 403/255
f 393/233 394/236 402/236 401/233
f 415/275 416/276 424/277 423/278
f 403/255 404/256 412/256 411/255
f 401/233 402/236 410/236 409/233
f 408/267 401/268 409/268 416/267
f 406/244 407/246 415/246 414/244
f 404/263 405/264 413/264 412/263
f 402/236 403/238 411/238 410/236
f 407/259 408/260 416/260 415/259
f 422/279 423/280 431/281 430/282
f 413/271 414/272 422/272 421/271
f 411/255 412/256 420/256 419/255
f 409/233 410/236 418/236 417/233
f 416/267 409/268 417/268 424/267
f 414/244 415/246 423/246 422/244
f 412/263 413/264 421/264 420/263
f 410/236 411/238 419/238 418/236
f 425/283 426/284 434/285 433/286
f 420/263 421/264 429/264 428/263
f 418/236 419/238 427/238 426/236
f 423/275 424/276 432/276 431/275
f 421/271 422/272 430/272 429/271
f 419/255 420/256 428/256 427/255
f 417/233 418/236 426/236 425/233
f 424/267 417/268 425/268 432/267
f 524/287 525/288 522/289 523/290
f 432/267 425/268 433/268 440/267
f 430/279 431/280 439/280 438/279
f 428/263 429/264 437/264 436/263
f 426/236 427/238 435/238 434/236
f 431/275 432/276 440/276 439/275
f 429/271 430/272 438/272 437/271
f 427/255 428/256 436/256 435/255
f 441/291 442/292 444/293 443/294
f 443/294 444/293 446/295 445/296
f 445/296 446/295 448/297 447/298
f 447/298 448/297 450/299 449/300
f 449/300 450/299 452/301 451/302
f 451/302 452/301 454/303 453/304
f 5236/305 5716/306 5718/307 5238/308
f 453/304 454/303 456/309 455/310
f 455/310 456/309 442/311 441/312
f 443/294 445/296 459/296 458/294
f 459/313 460/314 468/315 467/316
f 449/300 451/302 462/302 461/300
f 455/310 441/312 457/312 464/310
f 441/291 443/294 458/294 457/291
f 445/296 447/298 460/298 459/296
f 451/302 453/304 463/304 462/302
f 447/298 449/300 461/300 460/298
f 453/304 455/310 464/310 463/304
f 471/317 472/318 480/319 479/320
f 457/291 458/294 466/294 465/291
f 464/310 457/312 465/312 472/310
f 462/302 463/304 471/304 470/302
f 460/298 461/300 469/300 468/298
f 458/294 459/296 467/296 466/294
f 463/304 464/310 472/310 471/304
f 461/300 462/302 470/302 469/300
f 476/321 477/322 485/323 484/324
f 469/300 470/302 478/302 477/300
f 467/313 468/314 476/314 475/313
f 465/291 466/294 474/294 473/291
f 472/310 465/312 473/312 480/310
f 470/302 471/304 479/304 478/302
f 468/298 469/300 477/300 476/298
f 466/294 467/296 475/296 474/294
f 488/325 481/326 489/327 496/328
f 474/294 475/296 483/296 482/294
f 479/317 480/318 488/318 487/317
f 477/300 478/302 486/302 485/300
f 475/313 476/314 484/314 483/313
f 473/291 474/294 482/294 481/291
f 480/310 473/312 481/312 488/310
f 478/302 479/304 487/304 486/302
f 493/329 494/330 502/331 501/332
f 486/302 487/304 495/304 494/302
f 484/321 485/322 493/322 492/321
f 482/294 483/296 491/296 490/294
f 487/317 488/318 496/318 495/317
f 485/300 486/302 494/302 493/300
f 483/313 484/314 492/314 491/313
f 481/291 482/294 490/294 489/291
f 503/333 504/334 512/335 511/336
f 491/313 492/314 500/314 499/313
f 489/291 490/294 498/294 497/291
f 496/325 489/326 497/326 504/325
f 494/302 495/304 503/304 502/302
f 492/321 493/322 501/322 500/321
f 490/294 491/296 499/296 498/294
f 495/317 496/318 504/318 503/317
f 510/337 511/338 519/339 518/340
f 501/329 502/330 510/330 509/329
f 499/313 500/314 508/314 507/313
f 497/291 498/294 506/294 505/291
f 504/325 497/326 505/326 512/325
f 502/302 503/304 511/304 510/302
f 500/321 501/322 509/322 508/321
f 498/294 499/296 507/296 506/294
f 513/341 514/342 522/343 521/344
f 508/321 509/322 517/322 516/321
f 506/294 507/296 515/296 514/294
f 511/333 512/334 520/334 519/333
f 509/329 510/330 518/330 517/329
f 507/313 508/314 516/314 515/313
f 505/291 506/294 514/294 513/291
f 512/325 505/326 513/326 520/325
f 2533/345 2535/346 2529/347 2531/348
f 520/325 513/326 521/326 528/325
f 518/337 519/338 527/338 526/337
f 516/321 517/322 525/322 524/321
f 514/294 515/296 523/296 522/294
f 519/333 520/334 528/334 527/333
f 517/329 518/330 526/330 525/329
f 515/313 516/314 524/314 523/313
f 529/349 530/350 532/351 531/352
f 531/352 532/351 534/353 533/354
f 533/354 534/353 536/355 535/356
f 535/356 536/355 538/357 537/358
f 537/358 538/357 540/359 539/360
f 539/360 540/359 542/361 541/362
f 1854/363 1852/364 1858/365 1856/366
f 541/362 542/361 544/367 543/368
f 543/368 544/367 530/369 529/370
f 531/352 533/354 547/354 546/352
f 547/371 548/372 556/373 555/374
f 537/358 539/360 550/360 549/358
f 543/368 529/370 545/370 552/368
f 529/349 531/352 546/352 545/349
f 533/354 535/356 548/356 547/354
f 539/360 541/362 551/362 550/360
f 535/356 537/358 549/358 548/356
f 541/362 543/368 552/368 551/362
f 559/375 560/376 568/377 567/378
f 545/349 546/352 554/352 553/349
f 552/368 545/370 553/370 560/368
f 550/360 551/362 559/362 558/360
f 548/356 549/358 557/358 556/356
f 546/352 547/354 555/354 554/352
f 551/362 552/368 560/368 559/362
f 549/358 550/360 558/360 557/358
f 564/379 565/380 573/381 572/382
f 557/358 558/360 566/360 565/358
f 555/371 556/372 564/372 563/371
f 553/349 554/352 562/352 561/349
f 560/368 553/370 561/370 568/368
f 558/360 559/362 567/362 566/360
f 556/356 557/358 565/358 564/356
f 554/352 555/354 563/354 562/352
f 576/383 569/384 577/385 584/386
f 562/352 563/354 571/354 570/352
f 567/375 568/376 576/376 575/375
f 565/358 566/360 574/360 573/358
f 563/371 564/372 572/372 571/371
f 561/349 562/352 570/352 569/349
f 568/368 561/370 569/370 576/368
f 566/360 567/362 575/362 574/360
f 581/387 582/388 590/389 589/390
f 574/360 575/362 583/362 582/360
f 572/379 573/380 581/380 580/379
f 570/352 571/354 579/354 578/352
f 575/375 576/376 584/376 583/375
f 573/358 574/360 582/360 581/358
f 571/371 572/372 580/372 579/371
f 569/349 570/352 578/352 577/349
f 591/391 592/392 600/393 599/394
f 579/371 580/372 588/372 587/371
f 577/349 578/352 586/352 585/349
f 584/383 577/384 585/384 592/383
f 582/360 583/362 591/362 590/360
f 580/379 581/380 589/380 588/379
f 578/352 579/354 587/354 586/352
f 583/375 584/376 592/376 591/375
f 598/395 599/396 607/397 606/398
f 589/387 590/388 598/388 597/387
f 587/371 588/372 596/372 595/371
f 585/349 586/352 594/352 593/349
f 592/383 585/384 593/384 600/383
f 590/360 591/362 599/362 598/360
f 588/379 589/380 597/380 596/379
f 586/352 587/354 595/354 594/352
f 601/399 602/400 610/401 609/402
f 596/379 597/380 605/380 604/379
f 594/352 595/354 603/354 602/352
f 599/391 600/392 608/392 607/391
f 597/387 598/388 606/388 605/387
f 595/371 596/372 604/372 603/371
f 593/349 594/352 602/352 601/349
f 600/383 593/384 601/384 608/383
f 2376/403 2369/404 2374/405 2375/406
f 608/383 601/384 609/384 616/383
f 606/395 607/396 615/396 614/395
f 604/379 605/380 613/380 612/379
f 602/352 603/354 611/354 610/352
f 607/391 608/392 616/392 615/391
f 605/387 606/388 614/388 613/387
f 603/371 604/372 612/372 611/371
f 617/407 618/408 620/409 619/410
f 619/410 620/409 622/411 621/412
f 621/412 622/411 624/413 623/414
f 623/414 624/413 626/415 625/416
f 625/416 626/415 628/417 627/418
f 627/418 628/417 630/419 629/420
f 16/421 14/422 12/423 2/424
f 629/420 630/419 632/425 631/426
f 631/426 632/425 618/427 617/428
f 619/410 621/412 635/412 634/410
f 635/429 636/430 644/431 643/432
f 625/416 627/418 638/418 637/416
f 631/426 617/428 633/428 640/426
f 617/407 619/410 634/410 633/407
f 621/412 623/414 636/414 635/412
f 627/418 629/420 639/420 638/418
f 623/414 625/416 637/416 636/414
f 629/420 631/426 640/426 639/420
f 647/433 648/434 656/435 655/436
f 633/407 634/410 642/410 641/407
f 640/426 633/428 641/428 648/426
f 638/418 639/420 647/420 646/418
f 636/414 637/416 645/416 644/414
f 634/410 635/412 643/412 642/410
f 639/420 640/426 648/426 647/420
f 637/416 638/418 646/418 645/416
f 652/437 653/438 661/439 660/440
f 645/416 646/418 654/418 653/416
f 643/429 644/430 652/430 651/429
f 641/407 642/410 650/410 649/407
f 648/426 641/428 649/428 656/426
f 646/418 647/420 655/420 654/418
f 644/414 645/416 653/416 652/414
f 642/410 643/412 651/412 650/410
f 664/441 657/442 665/443 672/444
f 650/410 651/412 659/412 658/410
f 655/433 656/434 664/434 663/433
f 653/416 654/418 662/418 661/416
f 651/429 652/430 660/430 659/429
f 649/407 650/410 658/410 657/407
f 656/426 649/428 657/428 664/426
f 654/418 655/420 663/420 662/418
f 669/445 670/446 678/447 677/448
f 662/418 663/420 671/420 670/418
f 660/437 661/438 669/438 668/437
f 658/410 659/412 667/412 666/410
f 663/433 664/434 672/434 671/433
f 661/416 662/418 670/418 669/416
f 659/429 660/430 668/430 667/429
f 657/407 658/410 666/410 665/407
f 679/449 680/450 688/451 687/452
f 667/429 668/430 676/430 675/429
f 665/407 666/410 674/410 673/407
f 672/441 665/442 673/442 680/441
f 670/418 671/420 679/420 678/418
f 668/437 669/438 677/438 676/437
f 666/410 667/412 675/412 674/410
f 671/433 672/434 680/434 679/433
f 686/453 687/454 695/455 694/456
f 677/445 678/446 686/446 685/445
f 675/429 676/430 684/430 683/429
f 673/407 674/410 682/410 681/407
f 680/441 673/442 681/442 688/441
f 678/418 679/420 687/420 686/418
f 676/437 677/438 685/438 684/437
f 674/410 675/412 683/412 682/410
f 689/457 690/458 698/459 697/460
f 684/437 685/438 693/438 692/437
f 682/410 683/412 691/412 690/410
f 687/449 688/450 696/450 695/449
f 685/445 686/446 694/446 693/445
f 683/429 684/430 692/430 691/429
f 681/407 682/410 690/410 689/407
f 688/441 681/442 689/442 696/441
f 3942/461 3943/462 3944/463 3940/464
f 696/441 689/442 697/442 704/441
f 694/453 695/454 703/454 702/453
f 692/437 693/438 701/438 700/437
f 690/410 691/412 699/412 698/410
f 695/449 696/450 704/450 703/449
f 693/445 694/446 702/446 701/445
f 691/429 692/430 700/430 699/429
f 705/465 706/466 708/467 707/468
f 707/468 708/467 710/469 709/470
f 709/470 710/469 712/471 711/472
f 711/472 712/471 714/473 713/474
f 713/474 714/473 716/475 715/476
f 715/476 716/475 718/477 717/478
f 1776/479 1774/480 1772/481 1762/482
f 717/478 718/477 720/483 719/484
f 719/484 720/483 706/485 705/486
f 707/468 709/470 723/470 722/468
f 723/487 724/488 732/489 731/490
f 713/474 715/476 726/476 725/474
f 719/484 705/486 721/486 728/484
f 705/465 707/468 722/468 721/465
f 709/470 711/472 724/472 723/470
f 715/476 717/478 727/478 726/476
f 711/472 713/474 725/474 724/472
f 717/478 719/484 728/484 727/478
f 735/491 736/492 744/493 743/494
f 721/465 722/468 730/468 729/465
f 728/484 721/486 729/486 736/484
f 726/476 727/478 735/478 734/476
f 724/472 725/474 733/474 732/472
f 722/468 723/470 731/470 730/468
f 727/478 728/484 736/484 735/478
f 725/474 726/476 734/476 733/474
f 740/495 741/496 749/497 748/498
f 733/474 734/476 742/476 741/474
f 731/487 732/488 740/488 739/487
f 729/465 730/468 738/468 737/465
f 736/484 729/486 737/486 744/484
f 734/476 735/478 743/478 742/476
f 732/472 733/474 741/474 740/472
f 730/468 731/470 739/470 738/468
f 752/499 745/500 753/501 760/502
f 738/468 739/470 747/470 746/468
f 743/491 744/492 752/492 751/491
f 741/474 742/476 750/476 749/474
f 739/487 740/488 748/488 747/487
f 737/465 738/468 746/468 745/465
f 744/484 737/486 745/486 752/484
f 742/476 743/478 751/478 750/476
f 757/503 758/504 766/505 765/506
f 750/476 751/478 759/478 758/476
f 748/495 749/496 757/496 756/495
f 746/468 747/470 755/470 754/468
f 751/491 752/492 760/492 759/491
f 749/474 750/476 758/476 757/474
f 747/487 748/488 756/488 755/487
f 745/465 746/468 754/468 753/465
f 767/507 768/508 776/509 775/510
f 755/487 756/488 764/488 763/487
f 753/465 754/468 762/468 761/465
f 760/499 753/500 761/500 768/499
f 758/476 759/478 767/478 766/476
f 756/495 757/496 765/496 764/495
f 754/468 755/470 763/470 762/468
f 759/491 760/492 768/492 767/491
f 774/511 775/512 783/513 782/514
f 765/503 766/504 774/504 773/503
f 763/487 764/488 772/488 771/487
f 761/465 762/468 770/468 769/465
f 768/499 761/500 769/500 776/499
f 766/476 767/478 775/478 774/476
f 764/495 765/496 773/496 772/495
f 762/468 763/470 771/470 770/468
f 777/515 778/516 786/517 785/518
f 772/495 773/496 781/496 780/495
f 770/468 771/470 779/470 778/468
f 775/507 776/508 784/508 783/507
f 773/503 774/504 782/504 781/503
f 771/487 772/488 780/488 779/487
f 769/465 770/468 778/468 777/465
f 776/499 769/500 777/500 784/499
f 704/519 697/520 702/521 703/522
f 784/499 777/500 785/500 792/499
f 782/511 783/512 791/512 790/511
f 780/495 781/496 789/496 788/495
f 778/468 779/470 787/470 786/468
f 783/507 784/508 792/508 791/507
f 781/503 782/504 790/504 789/503
f 779/487 780/488 788/488 787/487
f 793/523 794/524 796/525 795/526
f 795/526 796/525 798/527 797/528
f 797/528 798/527 800/529 799/530
f 799/530 800/529 802/531 801/532
f 801/532 802/531 804/533 803/534
f 803/534 804/533 806/535 805/536
f 192/537 190/538 188/539 178/540
f 805/536 806/535 808/541 807/542
f 807/542 808/541 794/543 793/544
f 795/526 797/528 811/528 810/526
f 811/545 812/546 820/547 819/548
f 801/532 803/534 814/534 813/532
f 807/542 793/544 809/544 816/542
f 793/523 795/526 810/526 809/523
f 797/528 799/530 812/530 811/528
f 803/534 805/536 815/536 814/534
f 799/530 801/532 813/532 812/530
f 805/536 807/542 816/542 815/536
f 823/549 824/550 832/551 831/552
f 809/523 810/526 818/526 817/523
f 816/542 809/544 817/544 824/542
f 814/534 815/536 823/536 822/534
f 812/530 813/532 821/532 820/530
f 810/526 811/528 819/528 818/526
f 815/536 816/542 824/542 823/536
f 813/532 814/534 822/534 821/532
f 828/553 829/554 837/555 836/556
f 821/532 822/534 830/534 829/532
f 819/545 820/546 828/546 827/545
f 817/523 818/526 826/526 825/523
f 824/542 817/544 825/544 832/542
f 822/534 823/536 831/536 830/534
f 820/530 821/532 829/532 828/530
f 818/526 819/528 827/528 826/526
f 840/557 833/558 841/559 848/560
f 826/526 827/528 835/528 834/526
f 831/549 832/550 840/550 839/549
f 829/532 830/534 838/534 837/532
f 827/545 828/546 836/546 835/545
f 825/523 826/526 834/526 833/523
f 832/542 825/544 833/544 840/542
f 830/534 831/536 839/536 838/534
f 845/561 846/562 854/563 853/564
f 838/534 839/536 847/536 846/534
f 836/553 837/554 845/554 844/553
f 834/526 835/528 843/528 842/526
f 839/549 840/550 848/550 847/549
f 837/532 838/534 846/534 845/532
f 835/545 836/546 844/546 843/545
f 833/523 834/526 842/526 841/523
f 855/565 856/566 864/567 863/568
f 843/545 844/546 852/546 851/545
f 841/523 842/526 850/526 849/523
f 848/557 841/558 849/558 856/557
f 846/534 847/536 855/536 854/534
f 844/553 845/554 853/554 852/553
f 842/526 843/528 851/528 850/526
f 847/549 848/550 856/550 855/549
f 862/569 863/570 871/571 870/572
f 853/561 854/562 862/562 861/561
f 851/545 852/546 860/546 859/545
f 849/523 850/526 858/526 857/523
f 856/557 849/558 857/558 864/557
f 854/534 855/536 863/536 862/534
f 852/553 853/554 861/554 860/553
f 850/526 851/528 859/528 858/526
f 865/573 866/574 874/575 873/576
f 860/553 861/554 869/554 868/553
f 858/526 859/528 867/528 866/526
f 863/565 864/566 872/566 871/565
f 861/561 862/562 870/562 869/561
f 859/545 860/546 868/546 867/545
f 857/523 858/526 866/526 865/523
f 864/557 857/558 865/558 872/557
f 264/577 257/578 262/579 263/580
f 872/557 865/558 873/558 880/557
f 870/569 871/570 879/570 878/569
f 868/553 869/554 877/554 876/553
f 866/526 867/528 875/528 874/526
f 871/565 872/566 880/566 879/565
f 869/561 870/562 878/562 877/561
f 867/545 868/546 876/546 875/545
f 881/581 882/582 884/583 883/584
f 883/584 884/583 886/585 885/586
f 885/586 886/585 888/587 887/588
f 887/588 888/587 890/589 889/590
f 889/590 890/589 892/591 891/592
f 891/592 892/591 894/593 893/594
f 368/595 366/596 364/597 354/598
f 893/594 894/593 896/599 895/600
f 895/600 896/599 882/601 881/602
f 883/584 885/586 899/586 898/584
f 899/603 900/604 908/605 907/606
f 889/590 891/592 902/592 901/590
f 895/600 881/602 897/602 904/600
f 881/581 883/584 898/584 897/581
f 885/586 887/588 900/588 899/586
f 891/592 893/594 903/594 902/592
f 887/588 889/590 901/590 900/588
f 893/594 895/600 904/600 903/594
f 911/607 912/608 920/609 919/610
f 897/581 898/584 906/584 905/581
f 904/600 897/602 905/602 912/600
f 902/592 903/594 911/594 910/592
f 900/588 901/590 909/590 908/588
f 898/584 899/586 907/586 906/584
f 903/594 904/600 912/600 911/594
f 901/590 902/592 910/592 909/590
f 916/611 917/612 925/613 924/614
f 909/590 910/592 918/592 917/590
f 907/603 908/604 916/604 915/603
f 905/581 906/584 914/584 913/581
f 912/600 905/602 913/602 920/600
f 910/592 911/594 919/594 918/592
f 908/588 909/590 917/590 916/588
f 906/584 907/586 915/586 914/584
f 928/615 921/616 929/617 936/618
f 914/584 915/586 923/586 922/584
f 919/607 920/608 928/608 927/607
f 917/590 918/592 926/592 925/590
f 915/603 916/604 924/604 923/603
f 913/581 914/584 922/584 921/581
f 920/600 913/602 921/602 928/600
f 918/592 919/594 927/594 926/592
f 933/619 934/620 942/621 941/622
f 926/592 927/594 935/594 934/592
f 924/611 925/612 933/612 932/611
f 922/584 923/586 931/586 930/584
f 927/607 928/608 936/608 935/607
f 925/590 926/592 934/592 933/590
f 923/603 924/604 932/604 931/603
f 921/581 922/584 930/584 929/581
f 943/623 944/624 952/625 951/626
f 931/603 932/604 940/604 939/603
f 929/581 930/584 938/584 937/581
f 936/615 929/616 937/616 944/615
f 934/592 935/594 943/594 942/592
f 932/611 933/612 941/612 940/611
f 930/584 931/586 939/586 938/584
f 935/607 936/608 944/608 943/607
f 950/627 951/628 959/629 958/630
f 941/619 942/620 950/620 949/619
f 939/603 940/604 948/604 947/603
f 937/581 938/584 946/584 945/581
f 944/615 937/616 945/616 952/615
f 942/592 943/594 951/594 950/592
f 940/611 941/612 949/612 948/611
f 938/584 939/586 947/586 946/584
f 953/631 954/632 962/633 961/634
f 948/611 949/612 957/612 956/611
f 946/584 947/586 955/586 954/584
f 951/623 952/624 960/624 959/623
f 949/619 950/620 958/620 957/619
f 947/603 948/604 956/604 955/603
f 945/581 946/584 954/584 953/581
f 952/615 945/616 953/616 960/615
f 176/635 169/636 174/637 175/638
f 960/615 953/616 961/616 968/615
f 958/627 959/628 967/628 966/627
f 956/611 957/612 965/612 964/611
f 954/584 955/586 963/586 962/584
f 959/623 960/624 968/624 967/623
f 957/619 958/620 966/620 965/619
f 955/603 956/604 964/604 963/603
f 969/639 970/640 972/641 971/642
f 971/642 972/641 974/643 973/644
f 973/644 974/643 976/645 975/646
f 975/646 976/645 978/647 977/648
f 977/648 978/647 980/649 979/650
f 979/650 980/649 982/651 981/652
f 1424/653 1422/654 1420/655 1410/656
f 981/652 982/651 984/657 983/658
f 983/658 984/657 970/659 969/660
f 971/642 973/644 987/644 986/642
f 987/661 988/662 996/663 995/664
f 977/648 979/650 990/650 989/648
f 983/658 969/660 985/660 992/658
f 969/639 971/642 986/642 985/639
f 973/644 975/646 988/646 987/644
f 979/650 981/652 991/652 990/650
f 975/646 977/648 989/648 988/646
f 981/652 983/658 992/658 991/652
f 999/665 1000/666 1008/667 1007/668
f 985/639 986/642 994/642 993/639
f 992/658 985/660 993/660 1000/658
f 990/650 991/652 999/652 998/650
f 988/646 989/648 997/648 996/646
f 986/642 987/644 995/644 994/642
f 991/652 992/658 1000/658 999/652
f 989/648 990/650 998/650 997/648
f 1004/669 1005/670 1013/671 1012/672
f 997/648 998/650 1006/650 1005/648
f 995/661 996/662 1004/662 1003/661
f 993/639 994/642 1002/642 1001/639
f 1000/658 993/660 1001/660 1008/658
f 998/650 999/652 1007/652 1006/650
f 996/646 997/648 1005/648 1004/646
f 994/642 995/644 1003/644 1002/642
f 1016/673 1009/674 1017/675 1024/676
f 1002/642 1003/644 1011/644 1010/642
f 1007/665 1008/666 1016/666 1015/665
f 1005/648 1006/650 1014/650 1013/648
f 1003/661 1004/662 1012/662 1011/661
f 1001/639 1002/642 1010/642 1009/639
f 1008/658 1001/660 1009/660 1016/658
f 1006/650 1007/652 1015/652 1014/650
f 1021/677 1022/678 1030/679 1029/680
f 1014/650 1015/652 1023/652 1022/650
f 1012/669 1013/670 1021/670 1020/669
f 1010/642 1011/644 1019/644 1018/642
f 1015/665 1016/666 1024/666 1023/665
f 1013/648 1014/650 1022/650 1021/648
f 1011/661 1012/662 1020/662 1019/661
f 1009/639 1010/642 1018/642 1017/639
f 1031/681 1032/682 1040/683 1039/684
f 1019/661 1020/662 1028/662 1027/661
f 1017/639 1018/642 1026/642 1025/639
f 1024/673 1017/674 1025/674 1032/673
f 1022/650 1023/652 1031/652 1030/650
f 1020/669 1021/670 1029/670 1028/669
f 1018/642 1019/644 1027/644 1026/642
f 1023/665 1024/666 1032/666 1031/665
f 1038/685 1039/686 1047/687 1046/688
f 1029/677 1030/678 1038/678 1037/677
f 1027/661 1028/662 1036/662 1035/661
f 1025/639 1026/642 1034/642 1033/639
f 1032/673 1025/674 1033/674 1040/673
f 1030/650 1031/652 1039/652 1038/650
f 1028/669 1029/670 1037/670 1036/669
f 1026/642 1027/644 1035/644 1034/642
f 1041/689 1042/690 1050/691 1049/692
f 1036/669 1037/670 1045/670 1044/669
f 1034/642 1035/644 1043/644 1042/642
f 1039/681 1040/682 1048/682 1047/681
f 1037/677 1038/678 1046/678 1045/677
f 1035/661 1036/662 1044/662 1043/661
f 1033/639 1034/642 1042/642 1041/639
f 1040/673 1033/674 1041/674 1048/673
f 172/693 173/694 170/695 171/696
f 1048/673 1041/674 1049/674 1056/673
f 1046/685 1047/686 1055/686 1054/685
f 1044/669 1045/670 1053/670 1052/669
f 1042/642 1043/644 1051/644 1050/642
f 1047/681 1048/682 1056/682 1055/681
f 1045/677 1046/678 1054/678 1053/677
f 1043/661 1044/662 1052/662 1051/661
f 1057/697 1058/698 1060/699 1059/700
f 1059/700 1060/699 1062/701 1061/702
f 1061/702 1062/701 1064/703 1063/704
f 1063/704 1064/703 1066/705 1065/706
f 1065/706 1066/705 1068/707 1067/708
f 1067/708 1068/707 1070/709 1069/710
f 446/711 444/712 450/713 448/714
f 1069/710 1070/709 1072/715 1071/716
f 1071/716 1072/715 1058/717 1057/718
f 1059/700 1061/702 1075/702 1074/700
f 1075/719 1076/720 1084/721 1083/722
f 1065/706 1067/708 1078/708 1077/706
f 1071/716 1057/718 1073/718 1080/716
f 1057/697 1059/700 1074/700 1073/697
f 1061/702 1063/704 1076/704 1075/702
f 1067/708 1069/710 1079/710 1078/708
f 1063/704 1065/706 1077/706 1076/704
f 1069/710 1071/716 1080/716 1079/710
f 1087/723 1088/724 1096/725 1095/726
f 1073/697 1074/700 1082/700 1081/697
f 1080/716 1073/718 1081/718 1088/716
f 1078/708 1079/710 1087/710 1086/708
f 1076/704 1077/706 1085/706 1084/704
f 1074/700 1075/702 1083/702 1082/700
f 1079/710 1080/716 1088/716 1087/710
f 1077/706 1078/708 1086/708 1085/706
f 1092/727 1093/728 1101/729 1100/730
f 1085/706 1086/708 1094/708 1093/706
f 1083/719 1084/720 1092/720 1091/719
f 1081/697 1082/700 1090/700 1089/697
f 1088/716 1081/718 1089/718 1096/716
f 1086/708 1087/710 1095/710 1094/708
f 1084/704 1085/706 1093/706 1092/704
f 1082/700 1083/702 1091/702 1090/700
f 1104/731 1097/732 1105/733 1112/734
f 1090/700 1091/702 1099/702 1098/700
f 1095/723 1096/724 1104/724 1103/723
f 1093/706 1094/708 1102/708 1101/706
f 1091/719 1092/720 1100/720 1099/719
f 1089/697 1090/700 1098/700 1097/697
f 1096/716 1089/718 1097/718 1104/716
f 1094/708 1095/710 1103/710 1102/708
f 1109/735 1110/736 1118/737 1117/738
f 1102/708 1103/710 1111/710 1110/708
f 1100/727 1101/728 1109/728 1108/727
f 1098/700 1099/702 1107/702 1106/700
f 1103/723 1104/724 1112/724 1111/723
f 1101/706 1102/708 1110/708 1109/706
f 1099/719 1100/720 1108/720 1107/719
f 1097/697 1098/700 1106/700 1105/697
f 1119/739 1120/740 1128/741 1127/742
f 1107/719 1108/720 1116/720 1115/719
f 1105/697 1106/700 1114/700 1113/697
f 1112/731 1105/732 1113/732 1120/731
f 1110/708 1111/710 1119/710 1118/708
f 1108/727 1109/728 1117/728 1116/727
f 1106/700 1107/702 1115/702 1114/700
f 1111/723 1112/724 1120/724 1119/723
f 1126/743 1127/744 1135/745 1134/746
f 1117/735 1118/736 1126/736 1125/735
f 1115/719 1116/720 1124/720 1123/719
f 1113/697 1114/700 1122/700 1121/697
f 1120/731 1113/732 1121/732 1128/731
f 1118/708 1119/710 1127/710 1126/708
f 1116/727 1117/728 1125/728 1124/727
f 1114/700 1115/702 1123/702 1122/700
f 1129/747 1130/748 1138/749 1137/750
f 1124/727 1125/728 1133/728 1132/727
f 1122/700 1123/702 1131/702 1130/700
f 1127/739 1128/740 1136/740 1135/739
f 1125/735 1126/736 1134/736 1133/735
f 1123/719 1124/720 1132/720 1131/719
f 1121/697 1122/700 1130/700 1129/697
f 1128/731 1121/732 1129/732 1136/731
f 5085/751 5087/752 5081/753 5083/754
f 1136/731 1129/732 1137/732 1144/731
f 1134/743 1135/744 1143/744 1142/743
f 1132/727 1133/728 1141/728 1140/727
f 1130/700 1131/702 1139/702 1138/700
f 1135/739 1136/740 1144/740 1143/739
f 1133/735 1134/736 1142/736 1141/735
f 1131/719 1132/720 1140/720 1139/719
f 1145/755 1146/756 1148/757 1147/758
f 1147/758 1148/757 1150/759 1149/760
f 1149/760 1150/759 1152/761 1151/762
f 1151/762 1152/761 1154/763 1153/764
f 1153/764 1154/763 1156/765 1155/766
f 1155/766 1156/765 1158/767 1157/768
f 456/769 454/770 452/771 442/772
f 1157/768 1158/767 1160/773 1159/774
f 1159/774 1160/773 1146/775 1145/776
f 1147/758 1149/760 1163/760 1162/758
f 1163/777 1164/778 1172/779 1171/780
f 1153/764 1155/766 1166/766 1165/764
f 1159/774 1145/776 1161/776 1168/774
f 1145/755 1147/758 1162/758 1161/755
f 1149/760 1151/762 1164/762 1163/760
f 1155/766 1157/768 1167/768 1166/766
f 1151/762 1153/764 1165/764 1164/762
f 1157/768 1159/774 1168/774 1167/768
f 1175/781 1176/782 1184/783 1183/784
f 1161/755 1162/758 1170/758 1169/755
f 1168/774 1161/776 1169/776 1176/774
f 1166/766 1167/768 1175/768 1174/766
f 1164/762 1165/764 1173/764 1172/762
f 1162/758 1163/760 1171/760 1170/758
f 1167/768 1168/774 1176/774 1175/768
f 1165/764 1166/766 1174/766 1173/764
f 1180/785 1181/786 1189/787 1188/788
f 1173/764 1174/766 1182/766 1181/764
f 1171/777 1172/778 1180/778 1179/777
f 1169/755 1170/758 1178/758 1177/755
f 1176/774 1169/776 1177/776 1184/774
f 1174/766 1175/768 1183/768 1182/766
f 1172/762 1173/764 1181/764 1180/762
f 1170/758 1171/760 1179/760 1178/758
f 1192/789 1185/790 1193/791 1200/792
f 1178/758 1179/760 1187/760 1186/758
f 1183/781 1184/782 1192/782 1191/781
f 1181/764 1182/766 1190/766 1189/764
f 1179/777 1180/778 1188/778 1187/777
f 1177/755 1178/758 1186/758 1185/755
f 1184/774 1177/776 1185/776 1192/774
f 1182/766 1183/768 1191/768 1190/766
f 1197/793 1198/794 1206/795 1205/796
f 1190/766 1191/768 1199/768 1198/766
f 1188/785 1189/786 1197/786 1196/785
f 1186/758 1187/760 1195/760 1194/758
f 1191/781 1192/782 1200/782 1199/781
f 1189/764 1190/766 1198/766 1197/764
f 1187/777 1188/778 1196/778 1195/777
f 1185/755 1186/758 1194/758 1193/755
f 1207/797 1208/798 1216/799 1215/800
f 1195/777 1196/778 1204/778 1203/777
f 1193/755 1194/758 1202/758 1201/755
f 1200/789 1193/790 1201/790 1208/789
f 1198/766 1199/768 1207/768 1206/766
f 1196/785 1197/786 1205/786 1204/785
f 1194/758 1195/760 1203/760 1202/758
f 1199/781 1200/782 1208/782 1207/781
f 1214/801 1215/802 1223/803 1222/804
f 1205/793 1206/794 1214/794 1213/793
f 1203/777 1204/778 1212/778 1211/777
f 1201/755 1202/758 1210/758 1209/755
f 1208/789 1201/790 1209/790 1216/789
f 1206/766 1207/768 1215/768 1214/766
f 1204/785 1205/786 1213/786 1212/785
f 1202/758 1203/760 1211/760 1210/758
f 1217/805 1218/806 1226/807 1225/808
f 1212/785 1213/786 1221/786 1220/785
f 1210/758 1211/760 1219/760 1218/758
f 1215/797 1216/798 1224/798 1223/797
f 1213/793 1214/794 1222/794 1221/793
f 1211/777 1212/778 1220/778 1219/777
f 1209/755 1210/758 1218/758 1217/755
f 1216/789 1209/790 1217/790 1224/789
f 88/809 81/810 86/811 87/812
f 1224/789 1217/790 1225/790 1232/789
f 1222/801 1223/802 1231/802 1230/801
f 1220/785 1221/786 1229/786 1228/785
f 1218/758 1219/760 1227/760 1226/758
f 1223/797 1224/798 1232/798 1231/797
f 1221/793 1222/794 1230/794 1229/793
f 1219/777 1220/778 1228/778 1227/777
f 1233/813 1234/814 1236/815 1235/816
f 1235/816 1236/815 1238/817 1237/818
f 1237/818 1238/817 1240/819 1239/820
f 1239/820 1240/819 1242/821 1241/822
f 1241/822 1242/821 1244/823 1243/824
f 1243/824 1244/823 1246/825 1245/826
f 1590/827 1588/828 1594/829 1592/830
f 1245/826 1246/825 1248/831 1247/832
f 1247/832 1248/831 1234/833 1233/834
f 1235/816 1237/818 1251/818 1250/816
f 1251/835 1252/836 1260/837 1259/838
f 1241/822 1243/824 1254/824 1253/822
f 1247/832 1233/834 1249/834 1256/832
f 1233/813 1235/816 1250/816 1249/813
f 1237/818 1239/820 1252/820 1251/818
f 1243/824 1245/826 1255/826 1254/824
f 1239/820 1241/822 1253/822 1252/820
f 1245/826 1247/832 1256/832 1255/826
f 1263/839 1264/840 1272/841 1271/842
f 1249/813 1250/816 1258/816 1257/813
f 1256/832 1249/834 1257/834 1264/832
f 1254/824 1255/826 1263/826 1262/824
f 1252/820 1253/822 1261/822 1260/820
f 1250/816 1251/818 1259/818 1258/816
f 1255/826 1256/832 1264/832 1263/826
f 1253/822 1254/824 1262/824 1261/822
f 1268/843 1269/844 1277/845 1276/846
f 1261/822 1262/824 1270/824 1269/822
f 1259/835 1260/836 1268/836 1267/835
f 1257/813 1258/816 1266/816 1265/813
f 1264/832 1257/834 1265/834 1272/832
f 1262/824 1263/826 1271/826 1270/824
f 1260/820 1261/822 1269/822 1268/820
f 1258/816 1259/818 1267/818 1266/816
f 1280/847 1273/848 1281/849 1288/850
f 1266/816 1267/818 1275/818 1274/816
f 1271/839 1272/840 1280/840 1279/839
f 1269/822 1270/824 1278/824 1277/822
f 1267/835 1268/836 1276/836 1275/835
f 1265/813 1266/816 1274/816 1273/813
f 1272/832 1265/834 1273/834 1280/832
f 1270/824 1271/826 1279/826 1278/824
f 1285/851 1286/852 1294/853 1293/854
f 1278/824 1279/826 1287/826 1286/824
f 1276/843 1277/844 1285/844 1284/843
f 1274/816 1275/818 1283/818 1282/816
f 1279/839 1280/840 1288/840 1287/839
f 1277/822 1278/824 1286/824 1285/822
f 1275/835 1276/836 1284/836 1283/835
f 1273/813 1274/816 1282/816 1281/813
f 1295/855 1296/856 1304/857 1303/858
f 1283/835 1284/836 1292/836 1291/835
f 1281/813 1282/816 1290/816 1289/813
f 1288/847 1281/848 1289/848 1296/847
f 1286/824 1287/826 1295/826 1294/824
f 1284/843 1285/844 1293/844 1292/843
f 1282/816 1283/818 1291/818 1290/816
f 1287/839 1288/840 1296/840 1295/839
f 1302/859 1303/860 1311/861 1310/862
f 1293/851 1294/852 1302/852 1301/851
f 1291/835 1292/836 1300/836 1299/835
f 1289/813 1290/816 1298/816 1297/813
f 1296/847 1289/848 1297/848 1304/847
f 1294/824 1295/826 1303/826 1302/824
f 1292/843 1293/844 1301/844 1300/843
f 1290/816 1291/818 1299/818 1298/816
f 1305/863 1306/864 1314/865 1313/866
f 1300/843 1301/844 1309/844 1308/843
f 1298/816 1299/818 1307/818 1306/816
f 1303/855 1304/856 1312/856 1311/855
f 1301/851 1302/852 1310/852 1309/851
f 1299/835 1300/836 1308/836 1307/835
f 1297/813 1298/816 1306/816 1305/813
f 1304/847 1297/848 1305/848 1312/847
f 792/867 785/868 790/869 791/870
f 1312/847 1305/848 1313/848 1320/847
f 1310/859 1311/860 1319/860 1318/859
f 1308/843 1309/844 1317/844 1316/843
f 1306/816 1307/818 1315/818 1314/816
f 1311/855 1312/856 1320/856 1319/855
f 1309/851 1310/852 1318/852 1317/851
f 1307/835 1308/836 1316/836 1315/835
f 1321/871 1322/872 1324/873 1323/874
f 1323/874 1324/873 1326/875 1325/876
f 1325/876 1326/875 1328/877 1327/878
f 1327/878 1328/877 1330/879 1329/880
f 1329/880 1330/879 1332/881 1331/882
f 1331/882 1332/881 1334/883 1333/884
f 6/885 4/886 10/887 8/888
f 1333/884 1334/883 1336/889 1335/890
f 1335/890 1336/889 1322/891 1321/892
f 1323/874 1325/876 1339/876 1338/874
f 1339/893 1340/894 1348/895 1347/896
f 1329/880 1331/882 1342/882 1341/880
f 1335/890 1321/892 1337/892 1344/890
f 1321/871 1323/874 1338/874 1337/871
f 1325/876 1327/878 1340/878 1339/876
f 1331/882 1333/884 1343/884 1342/882
f 1327/878 1329/880 1341/880 1340/878
f 1333/884 1335/890 1344/890 1343/884
f 1351/897 1352/898 1360/899 1359/900
f 1337/871 1338/874 1346/874 1345/871
f 1344/890 1337/892 1345/892 1352/890
f 1342/882 1343/884 1351/884 1350/882
f 1340/878 1341/880 1349/880 1348/878
f 1338/874 1339/876 1347/876 1346/874
f 1343/884 1344/890 1352/890 1351/884
f 1341/880 1342/882 1350/882 1349/880
f 1356/901 1357/902 1365/903 1364/904
f 1349/880 1350/882 1358/882 1357/880
f 1347/893 1348/894 1356/894 1355/893
f 1345/871 1346/874 1354/874 1353/871
f 1352/890 1345/892 1353/892 1360/890
f 1350/882 1351/884 1359/884 1358/882
f 1348/878 1349/880 1357/880 1356/878
f 1346/874 1347/876 1355/876 1354/874
f 1368/905 1361/906 1369/907 1376/908
f 1354/874 1355/876 1363/876 1362/874
f 1359/897 1360/898 1368/898 1367/897
f 1357/880 1358/882 1366/882 1365/880
f 1355/893 1356/894 1364/894 1363/893
f 1353/871 1354/874 1362/874 1361/871
f 1360/890 1353/892 1361/892 1368/890
f 1358/882 1359/884 1367/884 1366/882
f 1373/909 1374/910 1382/911 1381/912
f 1366/882 1367/884 1375/884 1374/882
f 1364/901 1365/902 1373/902 1372/901
f 1362/874 1363/876 1371/876 1370/874
f 1367/897 1368/898 1376/898 1375/897
f 1365/880 1366/882 1374/882 1373/880
f 1363/893 1364/894 1372/894 1371/893
f 1361/871 1362/874 1370/874 1369/871
f 1383/913 1384/914 1392/915 1391/916
f 1371/893 1372/894 1380/894 1379/893
f 1369/871 1370/874 1378/874 1377/871
f 1376/905 1369/906 1377/906 1384/905
f 1374/882 1375/884 1383/884 1382/882
f 1372/901 1373/902 1381/902 1380/901
f 1370/874 1371/876 1379/876 1378/874
f 1375/897 1376/898 1384/898 1383/897
f 1390/917 1391/918 1399/919 1398/920
f 1381/909 1382/910 1390/910 1389/909
f 1379/893 1380/894 1388/894 1387/893
f 1377/871 1378/874 1386/874 1385/871
f 1384/905 1377/906 1385/906 1392/905
f 1382/882 1383/884 1391/884 1390/882
f 1380/901 1381/902 1389/902 1388/901
f 1378/874 1379/876 1387/876 1386/874
f 1393/921 1394/922 1402/923 1401/924
f 1388/901 1389/902 1397/902 1396/901
f 1386/874 1387/876 1395/876 1394/874
f 1391/913 1392/914 1400/914 1399/913
f 1389/909 1390/910 1398/910 1397/909
f 1387/893 1388/894 1396/894 1395/893
f 1385/871 1386/874 1394/874 1393/871
f 1392/905 1385/906 1393/906 1400/905
f 5309/925 5311/926 5305/927 5307/928
f 1400/905 1393/906 1401/906 1408/905
f 1398/917 1399/918 1407/918 1406/917
f 1396/901 1397/902 1405/902 1404/901
f 1394/874 1395/876 1403/876 1402/874
f 1399/913 1400/914 1408/914 1407/913
f 1397/909 1398/910 1406/910 1405/909
f 1395/893 1396/894 1404/894 1403/893
f 1409/929 1410/930 1412/931 1411/932
f 1411/932 1412/931 1414/933 1413/934
f 1413/934 1414/933 1416/935 1415/936
f 1415/936 1416/935 1418/937 1417/938
f 1417/938 1418/937 1420/939 1419/940
f 1419/940 1420/939 1422/941 1421/942
f 534/943 532/944 538/945 536/946
f 1421/942 1422/941 1424/947 1423/948
f 1423/948 1424/947 1410/949 1409/950
f 1411/932 1413/934 1427/934 1426/932
f 1427/951 1428/952 1436/953 1435/954
f 1417/938 1419/940 1430/940 1429/938
f 1423/948 1409/950 1425/950 1432/948
f 1409/929 1411/932 1426/932 1425/929
f 1413/934 1415/936 1428/936 1427/934
f 1419/940 1421/942 1431/942 1430/940
f 1415/936 1417/938 1429/938 1428/936
f 1421/942 1423/948 1432/948 1431/942
f 1439/955 1440/956 1448/957 1447/958
f 1425/929 1426/932 1434/932 1433/929
f 1432/948 1425/950 1433/950 1440/948
f 1430/940 1431/942 1439/942 1438/940
f 1428/936 1429/938 1437/938 1436/936
f 1426/932 1427/934 1435/934 1434/932
f 1431/942 1432/948 1440/948 1439/942
f 1429/938 1430/940 1438/940 1437/938
f 1444/959 1445/960 1453/961 1452/962
f 1437/938 1438/940 1446/940 1445/938
f 1435/951 1436/952 1444/952 1443/951
f 1433/929 1434/932 1442/932 1441/929
f 1440/948 1433/950 1441/950 1448/948
f 1438/940 1439/942 1447/942 1446/940
f 1436/936 1437/938 1445/938 1444/936
f 1434/932 1435/934 1443/934 1442/932
f 1456/963 1449/964 1457/965 1464/966
f 1442/932 1443/934 1451/934 1450/932
f 1447/955 1448/956 1456/956 1455/955
f 1445/938 1446/940 1454/940 1453/938
f 1443/951 1444/952 1452/952 1451/951
f 1441/929 1442/932 1450/932 1449/929
f 1448/948 1441/950 1449/950 1456/948
f 1446/940 1447/942 1455/942 1454/940
f 1461/967 1462/968 1470/969 1469/970
f 1454/940 1455/942 1463/942 1462/940
f 1452/959 1453/960 1461/960 1460/959
f 1450/932 1451/934 1459/934 1458/932
f 1455/955 1456/956 1464/956 1463/955
f 1453/938 1454/940 1462/940 1461/938
f 1451/951 1452/952 1460/952 1459/951
f 1449/929 1450/932 1458/932 1457/929
f 1471/971 1472/972 1480/973 1479/974
f 1459/951 1460/952 1468/952 1467/951
f 1457/929 1458/932 1466/932 1465/929
f 1464/963 1457/964 1465/964 1472/963
f 1462/940 1463/942 1471/942 1470/940
f 1460/959 1461/960 1469/960 1468/959
f 1458/932 1459/934 1467/934 1466/932
f 1463/955 1464/956 1472/956 1471/955
f 1478/975 1479/976 1487/977 1486/978
f 1469/967 1470/968 1478/968 1477/967
f 1467/951 1468/952 1476/952 1475/951
f 1465/929 1466/932 1474/932 1473/929
f 1472/963 1465/964 1473/964 1480/963
f 1470/940 1471/942 1479/942 1478/940
f 1468/959 1469/960 1477/960 1476/959
f 1466/932 1467/934 1475/934 1474/932
f 1481/979 1482/980 1490/981 1489/982
f 1476/959 1477/960 1485/960 1484/959
f 1474/932 1475/934 1483/934 1482/932
f 1479/971 1480/972 1488/972 1487/971
f 1477/967 1478/968 1486/968 1485/967
f 1475/951 1476/952 1484/952 1483/951
f 1473/929 1474/932 1482/932 1481/929
f 1480/963 1473/964 1481/964 1488/963
f 352/983 345/984 350/985 351/986
f 1488/963 1481/964 1489/964 1496/963
f 1486/975 1487/976 1495/976 1494/975
f 1484/959 1485/960 1493/960 1492/959
f 1482/932 1483/934 1491/934 1490/932
f 1487/971 1488/972 1496/972 1495/971
f 1485/967 1486/968 1494/968 1493/967
f 1483/951 1484/952 1492/952 1491/951
f 1497/987 1498/988 1500/989 1499/990
f 1499/990 1500/989 1502/991 1501/992
f 1501/992 1502/991 1504/993 1503/994
f 1503/994 1504/993 1506/995 1505/996
f 1505/996 1506/995 1508/997 1507/998
f 1507/998 1508/997 1510/999 1509/1000
f 974/1001 972/1002 978/1003 976/1004
f 1509/1000 1510/999 1512/1005 1511/1006
f 1511/1006 1512/1005 1498/1007 1497/1008
f 1499/990 1501/992 1515/992 1514/990
f 1515/1009 1516/1010 1524/1011 1523/1012
f 1505/996 1507/998 1518/998 1517/996
f 1511/1006 1497/1008 1513/1008 1520/1006
f 1497/987 1499/990 1514/990 1513/987
f 1501/992 1503/994 1516/994 1515/992
f 1507/998 1509/1000 1519/1000 1518/998
f 1503/994 1505/996 1517/996 1516/994
f 1509/1000 1511/1006 1520/1006 1519/1000
f 1527/1013 1528/1014 1536/1015 1535/1016
f 1513/987 1514/990 1522/990 1521/987
f 1520/1006 1513/1008 1521/1008 1528/1006
f 1518/998 1519/1000 1527/1000 1526/998
f 1516/994 1517/996 1525/996 1524/994
f 1514/990 1515/992 1523/992 1522/990
f 1519/1000 1520/1006 1528/1006 1527/1000
f 1517/996 1518/998 1526/998 1525/996
f 1532/1017 1533/1018 1541/1019 1540/1020
f 1525/996 1526/998 1534/998 1533/996
f 1523/1009 1524/1010 1532/1010 1531/1009
f 1521/987 1522/990 1530/990 1529/987
f 1528/1006 1521/1008 1529/1008 1536/1006
f 1526/998 1527/1000 1535/1000 1534/998
f 1524/994 1525/996 1533/996 1532/994
f 1522/990 1523/992 1531/992 1530/990
f 1544/1021 1537/1022 1545/1023 1552/1024
f 1530/990 1531/992 1539/992 1538/990
f 1535/1013 1536/1014 1544/1014 1543/1013
f 1533/996 1534/998 1542/998 1541/996
f 1531/1009 1532/1010 1540/1010 1539/1009
f 1529/987 1530/990 1538/990 1537/987
f 1536/1006 1529/1008 1537/1008 1544/1006
f 1534/998 1535/1000 1543/1000 1542/998
f 1549/1025 1550/1026 1558/1027 1557/1028
f 1542/998 1543/1000 1551/1000 1550/998
f 1540/1017 1541/1018 1549/1018 1548/1017
f 1538/990 1539/992 1547/992 1546/990
f 1543/1013 1544/1014 1552/1014 1551/1013
f 1541/996 1542/998 1550/998 1549/996
f 1539/1009 1540/1010 1548/1010 1547/1009
f 1537/987 1538/990 1546/990 1545/987
f 1559/1029 1560/1030 1568/1031 1567/1032
f 1547/1009 1548/1010 1556/1010 1555/1009
f 1545/987 1546/990 1554/990 1553/987
f 1552/1021 1545/1022 1553/1022 1560/1021
f 1550/998 1551/1000 1559/1000 1558/998
f 1548/1017 1549/1018 1557/1018 1556/1017
f 1546/990 1547/992 1555/992 1554/990
f 1551/1013 1552/1014 1560/1014 1559/1013
f 1566/1033 1567/1034 1575/1035 1574/1036
f 1557/1025 1558/1026 1566/1026 1565/1025
f 1555/1009 1556/1010 1564/1010 1563/1009
f 1553/987 1554/990 1562/990 1561/987
f 1560/1021 1553/1022 1561/1022 1568/1021
f 1558/998 1559/1000 1567/1000 1566/998
f 1556/1017 1557/1018 1565/1018 1564/1017
f 1554/990 1555/992 1563/992 1562/990
f 1569/1037 1570/1038 1578/1039 1577/1040
f 1564/1017 1565/1018 1573/1018 1572/1017
f 1562/990 1563/992 1571/992 1570/990
f 1567/1029 1568/1030 1576/1030 1575/1029
f 1565/1025 1566/1026 1574/1026 1573/1025
f 1563/1009 1564/1010 1572/1010 1571/1009
f 1561/987 1562/990 1570/990 1569/987
f 1568/1021 1561/1022 1569/1022 1576/1021
f 1408/1041 1401/1042 1406/1043 1407/1044
f 1576/1021 1569/1022 1577/1022 1584/1021
f 1574/1033 1575/1034 1583/1034 1582/1033
f 1572/1017 1573/1018 1581/1018 1580/1017
f 1570/990 1571/992 1579/992 1578/990
f 1575/1029 1576/1030 1584/1030 1583/1029
f 1573/1025 1574/1026 1582/1026 1581/1025
f 1571/1009 1572/1010 1580/1010 1579/1009
f 1585/1045 1586/1046 1588/1047 1587/1048
f 1587/1048 1588/1047 1590/1049 1589/1050
f 1589/1050 1590/1049 1592/1051 1591/1052
f 1591/1052 1592/1051 1594/1053 1593/1054
f 1593/1054 1594/1053 1596/1055 1595/1056
f 1595/1056 1596/1055 1598/1057 1597/1058
f 1688/1059 1686/1060 1684/1061 1674/1062
f 1597/1058 1598/1057 1600/1063 1599/1064
f 1599/1064 1600/1063 1586/1065 1585/1066
f 1587/1048 1589/1050 1603/1050 1602/1048
f 1603/1067 1604/1068 1612/1069 1611/1070
f 1593/1054 1595/1056 1606/1056 1605/1054
f 1599/1064 1585/1066 1601/1066 1608/1064
f 1585/1045 1587/1048 1602/1048 1601/1045
f 1589/1050 1591/1052 1604/1052 1603/1050
f 1595/1056 1597/1058 1607/1058 1606/1056
f 1591/1052 1593/1054 1605/1054 1604/1052
f 1597/1058 1599/1064 1608/1064 1607/1058
f 1615/1071 1616/1072 1624/1073 1623/1074
f 1601/1045 1602/1048 1610/1048 1609/1045
f 1608/1064 1601/1066 1609/1066 1616/1064
f 1606/1056 1607/1058 1615/1058 1614/1056
f 1604/1052 1605/1054 1613/1054 1612/1052
f 1602/1048 1603/1050 1611/1050 1610/1048
f 1607/1058 1608/1064 1616/1064 1615/1058
f 1605/1054 1606/1056 1614/1056 1613/1054
f 1620/1075 1621/1076 1629/1077 1628/1078
f 1613/1054 1614/1056 1622/1056 1621/1054
f 1611/1067 1612/1068 1620/1068 1619/1067
f 1609/1045 1610/1048 1618/1048 1617/1045
f 1616/1064 1609/1066 1617/1066 1624/1064
f 1614/1056 1615/1058 1623/1058 1622/1056
f 1612/1052 1613/1054 1621/1054 1620/1052
f 1610/1048 1611/1050 1619/1050 1618/1048
f 1632/1079 1625/1080 1633/1081 1640/1082
f 1618/1048 1619/1050 1627/1050 1626/1048
f 1623/1071 1624/1072 1632/1072 1631/1071
f 1621/1054 1622/1056 1630/1056 1629/1054
f 1619/1067 1620/1068 1628/1068 1627/1067
f 1617/1045 1618/1048 1626/1048 1625/1045
f 1624/1064 1617/1066 1625/1066 1632/1064
f 1622/1056 1623/1058 1631/1058 1630/1056
f 1637/1083 1638/1084 1646/1085 1645/1086
f 1630/1056 1631/1058 1639/1058 1638/1056
f 1628/1075 1629/1076 1637/1076 1636/1075
f 1626/1048 1627/1050 1635/1050 1634/1048
f 1631/1071 1632/1072 1640/1072 1639/1071
f 1629/1054 1630/1056 1638/1056 1637/1054
f 1627/1067 1628/1068 1636/1068 1635/1067
f 1625/1045 1626/1048 1634/1048 1633/1045
f 1647/1087 1648/1088 1656/1089 1655/1090
f 1635/1067 1636/1068 1644/1068 1643/1067
f 1633/1045 1634/1048 1642/1048 1641/1045
f 1640/1079 1633/1080 1641/1080 1648/1079
f 1638/1056 1639/1058 1647/1058 1646/1056
f 1636/1075 1637/1076 1645/1076 1644/1075
f 1634/1048 1635/1050 1643/1050 1642/1048
f 1639/1071 1640/1072 1648/1072 1647/1071
f 1654/1091 1655/1092 1663/1093 1662/1094
f 1645/1083 1646/1084 1654/1084 1653/1083
f 1643/1067 1644/1068 1652/1068 1651/1067
f 1641/1045 1642/1048 1650/1048 1649/1045
f 1648/1079 1641/1080 1649/1080 1656/1079
f 1646/1056 1647/1058 1655/1058 1654/1056
f 1644/1075 1645/1076 1653/1076 1652/1075
f 1642/1048 1643/1050 1651/1050 1650/1048
f 1657/1095 1658/1096 1666/1097 1665/1098
f 1652/1075 1653/1076 1661/1076 1660/1075
f 1650/1048 1651/1050 1659/1050 1658/1048
f 1655/1087 1656/1088 1664/1088 1663/1087
f 1653/1083 1654/1084 1662/1084 1661/1083
f 1651/1067 1652/1068 1660/1068 1659/1067
f 1649/1045 1650/1048 1658/1048 1657/1045
f 1656/1079 1649/1080 1657/1080 1664/1079
f 1584/1099 1577/1100 1582/1101 1583/1102
f 1664/1079 1657/1080 1665/1080 1672/1079
f 1662/1091 1663/1092 1671/1092 1670/1091
f 1660/1075 1661/1076 1669/1076 1668/1075
f 1658/1048 1659/1050 1667/1050 1666/1048
f 1663/1087 1664/1088 1672/1088 1671/1087
f 1661/1083 1662/1084 1670/1084 1669/1083
f 1659/1067 1660/1068 1668/1068 1667/1067
f 1673/1103 1674/1104 1676/1105 1675/1106
f 1675/1106 1676/1105 1678/1107 1677/1108
f 1677/1108 1678/1107 1680/1109 1679/1110
f 1679/1110 1680/1109 1682/1111 1681/1112
f 1681/1112 1682/1111 1684/1113 1683/1114
f 1683/1114 1684/1113 1686/1115 1685/1116
f 1952/1117 1950/1118 1948/1119 1938/1120
f 1685/1116 1686/1115 1688/1121 1687/1122
f 1687/1122 1688/1121 1674/1123 1673/1124
f 1675/1106 1677/1108 1691/1108 1690/1106
f 1691/1125 1692/1126 1700/1127 1699/1128
f 1681/1112 1683/1114 1694/1114 1693/1112
f 1687/1122 1673/1124 1689/1124 1696/1122
f 1673/1103 1675/1106 1690/1106 1689/1103
f 1677/1108 1679/1110 1692/1110 1691/1108
f 1683/1114 1685/1116 1695/1116 1694/1114
f 1679/1110 1681/1112 1693/1112 1692/1110
f 1685/1116 1687/1122 1696/1122 1695/1116
f 1703/1129 1704/1130 1712/1131 1711/1132
f 1689/1103 1690/1106 1698/1106 1697/1103
f 1696/1122 1689/1124 1697/1124 1704/1122
f 1694/1114 1695/1116 1703/1116 1702/1114
f 1692/1110 1693/1112 1701/1112 1700/1110
f 1690/1106 1691/1108 1699/1108 1698/1106
f 1695/1116 1696/1122 1704/1122 1703/1116
f 1693/1112 1694/1114 1702/1114 1701/1112
f 1708/1133 1709/1134 1717/1135 1716/1136
f 1701/1112 1702/1114 1710/1114 1709/1112
f 1699/1125 1700/1126 1708/1126 1707/1125
f 1697/1103 1698/1106 1706/1106 1705/1103
f 1704/1122 1697/1124 1705/1124 1712/1122
f 1702/1114 1703/1116 1711/1116 1710/1114
f 1700/1110 1701/1112 1709/1112 1708/1110
f 1698/1106 1699/1108 1707/1108 1706/1106
f 1720/1137 1713/1138 1721/1139 1728/1140
f 1706/1106 1707/1108 1715/1108 1714/1106
f 1711/1129 1712/1130 1720/1130 1719/1129
f 1709/1112 1710/1114 1718/1114 1717/1112
f 1707/1125 1708/1126 1716/1126 1715/1125
f 1705/1103 1706/1106 1714/1106 1713/1103
f 1712/1122 1705/1124 1713/1124 1720/1122
f 1710/1114 1711/1116 1719/1116 1718/1114
f 1725/1141 1726/1142 1734/1143 1733/1144
f 1718/1114 1719/1116 1727/1116 1726/1114
f 1716/1133 1717/1134 1725/1134 1724/1133
f 1714/1106 1715/1108 1723/1108 1722/1106
f 1719/1129 1720/1130 1728/1130 1727/1129
f 1717/1112 1718/1114 1726/1114 1725/1112
f 1715/1125 1716/1126 1724/1126 1723/1125
f 1713/1103 1714/1106 1722/1106 1721/1103
f 1735/1145 1736/1146 1744/1147 1743/1148
f 1723/1125 1724/1126 1732/1126 1731/1125
f 1721/1103 1722/1106 1730/1106 1729/1103
f 1728/1137 1721/1138 1729/1138 1736/1137
f 1726/1114 1727/1116 1735/1116 1734/1114
f 1724/1133 1725/1134 1733/1134 1732/1133
f 1722/1106 1723/1108 1731/1108 1730/1106
f 1727/1129 1728/1130 1736/1130 1735/1129
f 1742/1149 1743/1150 1751/1151 1750/1152
f 1733/1141 1734/1142 1742/1142 1741/1141
f 1731/1125 1732/1126 1740/1126 1739/1125
f 1729/1103 1730/1106 1738/1106 1737/1103
f 1736/1137 1729/1138 1737/1138 1744/1137
f 1734/1114 1735/1116 1743/1116 1742/1114
f 1732/1133 1733/1134 1741/1134 1740/1133
f 1730/1106 1731/1108 1739/1108 1738/1106
f 1745/1153 1746/1154 1754/1155 1753/1156
f 1740/1133 1741/1134 1749/1134 1748/1133
f 1738/1106 1739/1108 1747/1108 1746/1106
f 1743/1145 1744/1146 1752/1146 1751/1145
f 1741/1141 1742/1142 1750/1142 1749/1141
f 1739/1125 1740/1126 1748/1126 1747/1125
f 1737/1103 1738/1106 1746/1106 1745/1103
f 1744/1137 1737/1138 1745/1138 1752/1137
f 968/1157 961/1158 966/1159 967/1160
f 1752/1137 1745/1138 1753/1138 1760/1137
f 1750/1149 1751/1150 1759/1150 1758/1149
f 1748/1133 1749/1134 1757/1134 1756/1133
f 1746/1106 1747/1108 1755/1108 1754/1106
f 1751/1145 1752/1146 1760/1146 1759/1145
f 1749/1141 1750/1142 1758/1142 1757/1141
f 1747/1125 1748/1126 1756/1126 1755/1125
f 1761/1161 1762/1162 1764/1163 1763/1164
f 1763/1164 1764/1163 1766/1165 1765/1166
f 1765/1166 1766/1165 1768/1167 1767/1168
f 1767/1168 1768/1167 1770/1169 1769/1170
f 1769/1170 1770/1169 1772/1171 1771/1172
f 1771/1172 1772/1171 1774/1173 1773/1174
f 1248/1175 1246/1176 1244/1177 1234/1178
f 1773/1174 1774/1173 1776/1179 1775/1180
f 1775/1180 1776/1179 1762/1181 1761/1182
f 1763/1164 1765/1166 1779/1166 1778/1164
f 1779/1183 1780/1184 1788/1185 1787/1186
f 1769/1170 1771/1172 1782/1172 1781/1170
f 1775/1180 1761/1182 1777/1182 1784/1180
f 1761/1161 1763/1164 1778/1164 1777/1161
f 1765/1166 1767/1168 1780/1168 1779/1166
f 1771/1172 1773/1174 1783/1174 1782/1172
f 1767/1168 1769/1170 1781/1170 1780/1168
f 1773/1174 1775/1180 1784/1180 1783/1174
f 1791/1187 1792/1188 1800/1189 1799/1190
f 1777/1161 1778/1164 1786/1164 1785/1161
f 1784/1180 1777/1182 1785/1182 1792/1180
f 1782/1172 1783/1174 1791/1174 1790/1172
f 1780/1168 1781/1170 1789/1170 1788/1168
f 1778/1164 1779/1166 1787/1166 1786/1164
f 1783/1174 1784/1180 1792/1180 1791/1174
f 1781/1170 1782/1172 1790/1172 1789/1170
f 1796/1191 1797/1192 1805/1193 1804/1194
f 1789/1170 1790/1172 1798/1172 1797/1170
f 1787/1183 1788/1184 1796/1184 1795/1183
f 1785/1161 1786/1164 1794/1164 1793/1161
f 1792/1180 1785/1182 1793/1182 1800/1180
f 1790/1172 1791/1174 1799/1174 1798/1172
f 1788/1168 1789/1170 1797/1170 1796/1168
f 1786/1164 1787/1166 1795/1166 1794/1164
f 1808/1195 1801/1196 1809/1197 1816/1198
f 1794/1164 1795/1166 1803/1166 1802/1164
f 1799/1187 1800/1188 1808/1188 1807/1187
f 1797/1170 1798/1172 1806/1172 1805/1170
f 1795/1183 1796/1184 1804/1184 1803/1183
f 1793/1161 1794/1164 1802/1164 1801/1161
f 1800/1180 1793/1182 1801/1182 1808/1180
f 1798/1172 1799/1174 1807/1174 1806/1172
f 1813/1199 1814/1200 1822/1201 1821/1202
f 1806/1172 1807/1174 1815/1174 1814/1172
f 1804/1191 1805/1192 1813/1192 1812/1191
f 1802/1164 1803/1166 1811/1166 1810/1164
f 1807/1187 1808/1188 1816/1188 1815/1187
f 1805/1170 1806/1172 1814/1172 1813/1170
f 1803/1183 1804/1184 1812/1184 1811/1183
f 1801/1161 1802/1164 1810/1164 1809/1161
f 1823/1203 1824/1204 1832/1205 1831/1206
f 1811/1183 1812/1184 1820/1184 1819/1183
f 1809/1161 1810/1164 1818/1164 1817/1161
f 1816/1195 1809/1196 1817/1196 1824/1195
f 1814/1172 1815/1174 1823/1174 1822/1172
f 1812/1191 1813/1192 1821/1192 1820/1191
f 1810/1164 1811/1166 1819/1166 1818/1164
f 1815/1187 1816/1188 1824/1188 1823/1187
f 1830/1207 1831/1208 1839/1209 1838/1210
f 1821/1199 1822/1200 1830/1200 1829/1199
f 1819/1183 1820/1184 1828/1184 1827/1183
f 1817/1161 1818/1164 1826/1164 1825/1161
f 1824/1195 1817/1196 1825/1196 1832/1195
f 1822/1172 1823/1174 1831/1174 1830/1172
f 1820/1191 1821/1192 1829/1192 1828/1191
f 1818/1164 1819/1166 1827/1166 1826/1164
f 1833/1211 1834/1212 1842/1213 1841/1214
f 1828/1191 1829/1192 1837/1192 1836/1191
f 1826/1164 1827/1166 1835/1166 1834/1164
f 1831/1203 1832/1204 1840/1204 1839/1203
f 1829/1199 1830/1200 1838/1200 1837/1199
f 1827/1183 1828/1184 1836/1184 1835/1183
f 1825/1161 1826/1164 1834/1164 1833/1161
f 1832/1195 1825/1196 1833/1196 1840/1195
f 1672/1215 1665/1216 1670/1217 1671/1218
f 1840/1195 1833/1196 1841/1196 1848/1195
f 1838/1207 1839/1208 1847/1208 1846/1207
f 1836/1191 1837/1192 1845/1192 1844/1191
f 1834/1164 1835/1166 1843/1166 1842/1164
f 1839/1203 1840/1204 1848/1204 1847/1203
f 1837/1199 1838/1200 1846/1200 1845/1199
f 1835/1183 1836/1184 1844/1184 1843/1183
f 1849/1219 1850/1220 1852/1221 1851/1222
f 1851/1222 1852/1221 1854/1223 1853/1224
f 1853/1224 1854/1223 1856/1225 1855/1226
f 1855/1226 1856/1225 1858/1227 1857/1228
f 1857/1228 1858/1227 1860/1229 1859/1230
f 1859/1230 1860/1229 1862/1231 1861/1232
f 94/1233 92/1234 98/1235 96/1236
f 1861/1232 1862/1231 1864/1237 1863/1238
f 1863/1238 1864/1237 1850/1239 1849/1240
f 1851/1222 1853/1224 1867/1224 1866/1222
f 1867/1241 1868/1242 1876/1243 1875/1244
f 1857/1228 1859/1230 1870/1230 1869/1228
f 1863/1238 1849/1240 1865/1240 1872/1238
f 1849/1219 1851/1222 1866/1222 1865/1219
f 1853/1224 1855/1226 1868/1226 1867/1224
f 1859/1230 1861/1232 1871/1232 1870/1230
f 1855/1226 1857/1228 1869/1228 1868/1226
f 1861/1232 1863/1238 1872/1238 1871/1232
f 1879/1245 1880/1246 1888/1247 1887/1248
f 1865/1219 1866/1222 1874/1222 1873/1219
f 1872/1238 1865/1240 1873/1240 1880/1238
f 1870/1230 1871/1232 1879/1232 1878/1230
f 1868/1226 1869/1228 1877/1228 1876/1226
f 1866/1222 1867/1224 1875/1224 1874/1222
f 1871/1232 1872/1238 1880/1238 1879/1232
f 1869/1228 1870/1230 1878/1230 1877/1228
f 1884/1249 1885/1250 1893/1251 1892/1252
f 1877/1228 1878/1230 1886/1230 1885/1228
f 1875/1241 1876/1242 1884/1242 1883/1241
f 1873/1219 1874/1222 1882/1222 1881/1219
f 1880/1238 1873/1240 1881/1240 1888/1238
f 1878/1230 1879/1232 1887/1232 1886/1230
f 1876/1226 1877/1228 1885/1228 1884/1226
f 1874/1222 1875/1224 1883/1224 1882/1222
f 1896/1253 1889/1254 1897/1255 1904/1256
f 1882/1222 1883/1224 1891/1224 1890/1222
f 1887/1245 1888/1246 1896/1246 1895/1245
f 1885/1228 1886/1230 1894/1230 1893/1228
f 1883/1241 1884/1242 1892/1242 1891/1241
f 1881/1219 1882/1222 1890/1222 1889/1219
f 1888/1238 1881/1240 1889/1240 1896/1238
f 1886/1230 1887/1232 1895/1232 1894/1230
f 1901/1257 1902/1258 1910/1259 1909/1260
f 1894/1230 1895/1232 1903/1232 1902/1230
f 1892/1249 1893/1250 1901/1250 1900/1249
f 1890/1222 1891/1224 1899/1224 1898/1222
f 1895/1245 1896/1246 1904/1246 1903/1245
f 1893/1228 1894/1230 1902/1230 1901/1228
f 1891/1241 1892/1242 1900/1242 1899/1241
f 1889/1219 1890/1222 1898/1222 1897/1219
f 1911/1261 1912/1262 1920/1263 1919/1264
f 1899/1241 1900/1242 1908/1242 1907/1241
f 1897/1219 1898/1222 1906/1222 1905/1219
f 1904/1253 1897/1254 1905/1254 1912/1253
f 1902/1230 1903/1232 1911/1232 1910/1230
f 1900/1249 1901/1250 1909/1250 1908/1249
f 1898/1222 1899/1224 1907/1224 1906/1222
f 1903/1245 1904/1246 1912/1246 1911/1245
f 1918/1265 1919/1266 1927/1267 1926/1268
f 1909/1257 1910/1258 1918/1258 1917/1257
f 1907/1241 1908/1242 1916/1242 1915/1241
f 1905/1219 1906/1222 1914/1222 1913/1219
f 1912/1253 1905/1254 1913/1254 1920/1253
f 1910/1230 1911/1232 1919/1232 1918/1230
f 1908/1249 1909/1250 1917/1250 1916/1249
f 1906/1222 1907/1224 1915/1224 1914/1222
f 1921/1269 1922/1270 1930/1271 1929/1272
f 1916/1249 1917/1250 1925/1250 1924/1249
f 1914/1222 1915/1224 1923/1224 1922/1222
f 1919/1261 1920/1262 1928/1262 1927/1261
f 1917/1257 1918/1258 1926/1258 1925/1257
f 1915/1241 1916/1242 1924/1242 1923/1241
f 1913/1219 1914/1222 1922/1222 1921/1219
f 1920/1253 1913/1254 1921/1254 1928/1253
f 436/1273 437/1274 434/1275 435/1276
f 1928/1253 1921/1254 1929/1254 1936/1253
f 1926/1265 1927/1266 1935/1266 1934/1265
f 1924/1249 1925/1250 1933/1250 1932/1249
f 1922/1222 1923/1224 1931/1224 1930/1222
f 1927/1261 1928/1262 1936/1262 1935/1261
f 1925/1257 1926/1258 1934/1258 1933/1257
f 1923/1241 1924/1242 1932/1242 1931/1241
f 1937/1277 1938/1278 1940/1279 1939/1280
f 1939/1280 1940/1279 1942/1281 1941/1282
f 1941/1282 1942/1281 1944/1283 1943/1284
f 1943/1284 1944/1283 1946/1285 1945/1286
f 1945/1286 1946/1285 1948/1287 1947/1288
f 1947/1288 1948/1287 1950/1289 1949/1290
f 2294/1291 2292/1292 2298/1293 2296/1294
f 1949/1290 1950/1289 1952/1295 1951/1296
f 1951/1296 1952/1295 1938/1297 1937/1298
f 1939/1280 1941/1282 1955/1282 1954/1280
f 1955/1299 1956/1300 1964/1301 1963/1302
f 1945/1286 1947/1288 1958/1288 1957/1286
f 1951/1296 1937/1298 1953/1298 1960/1296
f 1937/1277 1939/1280 1954/1280 1953/1277
f 1941/1282 1943/1284 1956/1284 1955/1282
f 1947/1288 1949/1290 1959/1290 1958/1288
f 1943/1284 1945/1286 1957/1286 1956/1284
f 1949/1290 1951/1296 1960/1296 1959/1290
f 1967/1303 1968/1304 1976/1305 1975/1306
f 1953/1277 1954/1280 1962/1280 1961/1277
f 1960/1296 1953/1298 1961/1298 1968/1296
f 1958/1288 1959/1290 1967/1290 1966/1288
f 1956/1284 1957/1286 1965/1286 1964/1284
f 1954/1280 1955/1282 1963/1282 1962/1280
f 1959/1290 1960/1296 1968/1296 1967/1290
f 1957/1286 1958/1288 1966/1288 1965/1286
f 1972/1307 1973/1308 1981/1309 1980/1310
f 1965/1286 1966/1288 1974/1288 1973/1286
f 1963/1299 1964/1300 1972/1300 1971/1299
f 1961/1277 1962/1280 1970/1280 1969/1277
f 1968/1296 1961/1298 1969/1298 1976/1296
f 1966/1288 1967/1290 1975/1290 1974/1288
f 1964/1284 1965/1286 1973/1286 1972/1284
f 1962/1280 1963/1282 1971/1282 1970/1280
f 1984/1311 1977/1312 1985/1313 1992/1314
f 1970/1280 1971/1282 1979/1282 1978/1280
f 1975/1303 1976/1304 1984/1304 1983/1303
f 1973/1286 1974/1288 1982/1288 1981/1286
f 1971/1299 1972/1300 1980/1300 1979/1299
f 1969/1277 1970/1280 1978/1280 1977/1277
f 1976/1296 1969/1298 1977/1298 1984/1296
f 1974/1288 1975/1290 1983/1290 1982/1288
f 1989/1315 1990/1316 1998/1317 1997/1318
f 1982/1288 1983/1290 1991/1290 1990/1288
f 1980/1307 1981/1308 1989/1308 1988/1307
f 1978/1280 1979/1282 1987/1282 1986/1280
f 1983/1303 1984/1304 1992/1304 1991/1303
f 1981/1286 1982/1288 1990/1288 1989/1286
f 1979/1299 1980/1300 1988/1300 1987/1299
f 1977/1277 1978/1280 1986/1280 1985/1277
f 1999/1319 2000/1320 2008/1321 2007/1322
f 1987/1299 1988/1300 1996/1300 1995/1299
f 1985/1277 1986/1280 1994/1280 1993/1277
f 1992/1311 1985/1312 1993/1312 2000/1311
f 1990/1288 1991/1290 1999/1290 1998/1288
f 1988/1307 1989/1308 1997/1308 1996/1307
f 1986/1280 1987/1282 1995/1282 1994/1280
f 1991/1303 1992/1304 2000/1304 1999/1303
f 2006/1323 2007/1324 2015/1325 2014/1326
f 1997/1315 1998/1316 2006/1316 2005/1315
f 1995/1299 1996/1300 2004/1300 2003/1299
f 1993/1277 1994/1280 2002/1280 2001/1277
f 2000/1311 1993/1312 2001/1312 2008/1311
f 1998/1288 1999/1290 2007/1290 2006/1288
f 1996/1307 1997/1308 2005/1308 2004/1307
f 1994/1280 1995/1282 2003/1282 2002/1280
f 2009/1327 2010/1328 2018/1329 2017/1330
f 2004/1307 2005/1308 2013/1308 2012/1307
f 2002/1280 2003/1282 2011/1282 2010/1280
f 2007/1319 2008/1320 2016/1320 2015/1319
f 2005/1315 2006/1316 2014/1316 2013/1315
f 2003/1299 2004/1300 2012/1300 2011/1299
f 2001/1277 2002/1280 2010/1280 2009/1277
f 2008/1311 2001/1312 2009/1312 2016/1311
f 3291/1331 3289/1332 3293/1333 3290/1334
f 2016/1311 2009/1312 2017/1312 2024/1311
f 2014/1323 2015/1324 2023/1324 2022/1323
f 2012/1307 2013/1308 2021/1308 2020/1307
f 2010/1280 2011/1282 2019/1282 2018/1280
f 2015/1319 2016/1320 2024/1320 2023/1319
f 2013/1315 2014/1316 2022/1316 2021/1315
f 2011/1299 2012/1300 2020/1300 2019/1299
f 2025/1335 2026/1336 2028/1337 2027/1338
f 2027/1338 2028/1337 2030/1339 2029/1340
f 2029/1340 2030/1339 2032/1341 2031/1342
f 2031/1342 2032/1341 2034/1343 2033/1344
f 2033/1344 2034/1343 2036/1345 2035/1346
f 2035/1346 2036/1345 2038/1347 2037/1348
f 1150/1349 1148/1350 1154/1351 1152/1352
f 2037/1348 2038/1347 2040/1353 2039/1354
f 2039/1354 2040/1353 2026/1355 2025/1356
f 2027/1338 2029/1340 2043/1340 2042/1338
f 2043/1357 2044/1358 2052/1359 2051/1360
f 2033/1344 2035/1346 2046/1346 2045/1344
f 2039/1354 2025/1356 2041/1356 2048/1354
f 2025/1335 2027/1338 2042/1338 2041/1335
f 2029/1340 2031/1342 2044/1342 2043/1340
f 2035/1346 2037/1348 2047/1348 2046/1346
f 2031/1342 2033/1344 2045/1344 2044/1342
f 2037/1348 2039/1354 2048/1354 2047/1348
f 2055/1361 2056/1362 2064/1363 2063/1364
f 2041/1335 2042/1338 2050/1338 2049/1335
f 2048/1354 2041/1356 2049/1356 2056/1354
f 2046/1346 2047/1348 2055/1348 2054/1346
f 2044/1342 2045/1344 2053/1344 2052/1342
f 2042/1338 2043/1340 2051/1340 2050/1338
f 2047/1348 2048/1354 2056/1354 2055/1348
f 2045/1344 2046/1346 2054/1346 2053/1344
f 2060/1365 2061/1366 2069/1367 2068/1368
f 2053/1344 2054/1346 2062/1346 2061/1344
f 2051/1357 2052/1358 2060/1358 2059/1357
f 2049/1335 2050/1338 2058/1338 2057/1335
f 2056/1354 2049/1356 2057/1356 2064/1354
f 2054/1346 2055/1348 2063/1348 2062/1346
f 2052/1342 2053/1344 2061/1344 2060/1342
f 2050/1338 2051/1340 2059/1340 2058/1338
f 2072/1369 2065/1370 2073/1371 2080/1372
f 2058/1338 2059/1340 2067/1340 2066/1338
f 2063/1361 2064/1362 2072/1362 2071/1361
f 2061/1344 2062/1346 2070/1346 2069/1344
f 2059/1357 2060/1358 2068/1358 2067/1357
f 2057/1335 2058/1338 2066/1338 2065/1335
f 2064/1354 2057/1356 2065/1356 2072/1354
f 2062/1346 2063/1348 2071/1348 2070/1346
f 2077/1373 2078/1374 2086/1375 2085/1376
f 2070/1346 2071/1348 2079/1348 2078/1346
f 2068/1365 2069/1366 2077/1366 2076/1365
f 2066/1338 2067/1340 2075/1340 2074/1338
f 2071/1361 2072/1362 2080/1362 2079/1361
f 2069/1344 2070/1346 2078/1346 2077/1344
f 2067/1357 2068/1358 2076/1358 2075/1357
f 2065/1335 2066/1338 2074/1338 2073/1335
f 2087/1377 2088/1378 2096/1379 2095/1380
f 2075/1357 2076/1358 2084/1358 2083/1357
f 2073/1335 2074/1338 2082/1338 2081/1335
f 2080/1369 2073/1370 2081/1370 2088/1369
f 2078/1346 2079/1348 2087/1348 2086/1346
f 2076/1365 2077/1366 2085/1366 2084/1365
f 2074/1338 2075/1340 2083/1340 2082/1338
f 2079/1361 2080/1362 2088/1362 2087/1361
f 2094/1381 2095/1382 2103/1383 2102/1384
f 2085/1373 2086/1374 2094/1374 2093/1373
f 2083/1357 2084/1358 2092/1358 2091/1357
f 2081/1335 2082/1338 2090/1338 2089/1335
f 2088/1369 2081/1370 2089/1370 2096/1369
f 2086/1346 2087/1348 2095/1348 2094/1346
f 2084/1365 2085/1366 2093/1366 2092/1365
f 2082/1338 2083/1340 2091/1340 2090/1338
f 2097/1385 2098/1386 2106/1387 2105/1388
f 2092/1365 2093/1366 2101/1366 2100/1365
f 2090/1338 2091/1340 2099/1340 2098/1338
f 2095/1377 2096/1378 2104/1378 2103/1377
f 2093/1373 2094/1374 2102/1374 2101/1373
f 2091/1357 2092/1358 2100/1358 2099/1357
f 2089/1335 2090/1338 2098/1338 2097/1335
f 2096/1369 2089/1370 2097/1370 2104/1369
f 2024/1389 2017/1390 2022/1391 2023/1392
f 2104/1369 2097/1370 2105/1370 2112/1369
f 2102/1381 2103/1382 2111/1382 2110/1381
f 2100/1365 2101/1366 2109/1366 2108/1365
f 2098/1338 2099/1340 2107/1340 2106/1338
f 2103/1377 2104/1378 2112/1378 2111/1377
f 2101/1373 2102/1374 2110/1374 2109/1373
f 2099/1357 2100/1358 2108/1358 2107/1357
f 2113/1393 2114/1394 2116/1395 2115/1396
f 2115/1396 2116/1395 2118/1397 2117/1398
f 2117/1398 2118/1397 2120/1399 2119/1400
f 2119/1400 2120/1399 2122/1401 2121/1402
f 2121/1402 2122/1401 2124/1403 2123/1404
f 2123/1404 2124/1403 2126/1405 2125/1406
f 798/1407 796/1408 802/1409 800/1410
f 2125/1406 2126/1405 2128/1411 2127/1412
f 2127/1412 2128/1411 2114/1413 2113/1414
f 2115/1396 2117/1398 2131/1398 2130/1396
f 2131/1415 2132/1416 2140/1417 2139/1418
f 2121/1402 2123/1404 2134/1404 2133/1402
f 2127/1412 2113/1414 2129/1414 2136/1412
f 2113/1393 2115/1396 2130/1396 2129/1393
f 2117/1398 2119/1400 2132/1400 2131/1398
f 2123/1404 2125/1406 2135/1406 2134/1404
f 2119/1400 2121/1402 2133/1402 2132/1400
f 2125/1406 2127/1412 2136/1412 2135/1406
f 2143/1419 2144/1420 2152/1421 2151/1422
f 2129/1393 2130/1396 2138/1396 2137/1393
f 2136/1412 2129/1414 2137/1414 2144/1412
f 2134/1404 2135/1406 2143/1406 2142/1404
f 2132/1400 2133/1402 2141/1402 2140/1400
f 2130/1396 2131/1398 2139/1398 2138/1396
f 2135/1406 2136/1412 2144/1412 2143/1406
f 2133/1402 2134/1404 2142/1404 2141/1402
f 2148/1423 2149/1424 2157/1425 2156/1426
f 2141/1402 2142/1404 2150/1404 2149/1402
f 2139/1415 2140/1416 2148/1416 2147/1415
f 2137/1393 2138/1396 2146/1396 2145/1393
f 2144/1412 2137/1414 2145/1414 2152/1412
f 2142/1404 2143/1406 2151/1406 2150/1404
f 2140/1400 2141/1402 2149/1402 2148/1400
f 2138/1396 2139/1398 2147/1398 2146/1396
f 2160/1427 2153/1428 2161/1429 2168/1430
f 2146/1396 2147/1398 2155/1398 2154/1396
f 2151/1419 2152/1420 2160/1420 2159/1419
f 2149/1402 2150/1404 2158/1404 2157/1402
f 2147/1415 2148/1416 2156/1416 2155/1415
f 2145/1393 2146/1396 2154/1396 2153/1393
f 2152/1412 2145/1414 2153/1414 2160/1412
f 2150/1404 2151/1406 2159/1406 2158/1404
f 2165/1431 2166/1432 2174/1433 2173/1434
f 2158/1404 2159/1406 2167/1406 2166/1404
f 2156/1423 2157/1424 2165/1424 2164/1423
f 2154/1396 2155/1398 2163/1398 2162/1396
f 2159/1419 2160/1420 2168/1420 2167/1419
f 2157/1402 2158/1404 2166/1404 2165/1402
f 2155/1415 2156/1416 2164/1416 2163/1415
f 2153/1393 2154/1396 2162/1396 2161/1393
f 2175/1435 2176/1436 2184/1437 2183/1438
f 2163/1415 2164/1416 2172/1416 2171/1415
f 2161/1393 2162/1396 2170/1396 2169/1393
f 2168/1427 2161/1428 2169/1428 2176/1427
f 2166/1404 2167/1406 2175/1406 2174/1404
f 2164/1423 2165/1424 2173/1424 2172/1423
f 2162/1396 2163/1398 2171/1398 2170/1396
f 2167/1419 2168/1420 2176/1420 2175/1419
f 2182/1439 2183/1440 2191/1441 2190/1442
f 2173/1431 2174/1432 2182/1432 2181/1431
f 2171/1415 2172/1416 2180/1416 2179/1415
f 2169/1393 2170/1396 2178/1396 2177/1393
f 2176/1427 2169/1428 2177/1428 2184/1427
f 2174/1404 2175/1406 2183/1406 2182/1404
f 2172/1423 2173/1424 2181/1424 2180/1423
f 2170/1396 2171/1398 2179/1398 2178/1396
f 2185/1443 2186/1444 2194/1445 2193/1446
f 2180/1423 2181/1424 2189/1424 2188/1423
f 2178/1396 2179/1398 2187/1398 2186/1396
f 2183/1435 2184/1436 2192/1436 2191/1435
f 2181/1431 2182/1432 2190/1432 2189/1431
f 2179/1415 2180/1416 2188/1416 2187/1415
f 2177/1393 2178/1396 2186/1396 2185/1393
f 2184/1427 2177/1428 2185/1428 2192/1427
f 1496/1447 1489/1448 1494/1449 1495/1450
f 2192/1427 2185/1428 2193/1428 2200/1427
f 2190/1439 2191/1440 2199/1440 2198/1439
f 2188/1423 2189/1424 2197/1424 2196/1423
f 2186/1396 2187/1398 2195/1398 2194/1396
f 2191/1435 2192/1436 2200/1436 2199/1435
f 2189/1431 2190/1432 2198/1432 2197/1431
f 2187/1415 2188/1416 2196/1416 2195/1415
f 2201/1451 2202/1452 2204/1453 2203/1454
f 2203/1454 2204/1453 2206/1455 2205/1456
f 2205/1456 2206/1455 2208/1457 2207/1458
f 2207/1458 2208/1457 2210/1459 2209/1460
f 2209/1460 2210/1459 2212/1461 2211/1462
f 2211/1462 2212/1461 2214/1463 2213/1464
f 886/1465 884/1466 890/1467 888/1468
f 2213/1464 2214/1463 2216/1469 2215/1470
f 2215/1470 2216/1469 2202/1471 2201/1472
f 2203/1454 2205/1456 2219/1456 2218/1454
f 2219/1473 2220/1474 2228/1475 2227/1476
f 2209/1460 2211/1462 2222/1462 2221/1460
f 2215/1470 2201/1472 2217/1472 2224/1470
f 2201/1451 2203/1454 2218/1454 2217/1451
f 2205/1456 2207/1458 2220/1458 2219/1456
f 2211/1462 2213/1464 2223/1464 2222/1462
f 2207/1458 2209/1460 2221/1460 2220/1458
f 2213/1464 2215/1470 2224/1470 2223/1464
f 2231/1477 2232/1478 2240/1479 2239/1480
f 2217/1451 2218/1454 2226/1454 2225/1451
f 2224/1470 2217/1472 2225/1472 2232/1470
f 2222/1462 2223/1464 2231/1464 2230/1462
f 2220/1458 2221/1460 2229/1460 2228/1458
f 2218/1454 2219/1456 2227/1456 2226/1454
f 2223/1464 2224/1470 2232/1470 2231/1464
f 2221/1460 2222/1462 2230/1462 2229/1460
f 2236/1481 2237/1482 2245/1483 2244/1484
f 2229/1460 2230/1462 2238/1462 2237/1460
f 2227/1473 2228/1474 2236/1474 2235/1473
f 2225/1451 2226/1454 2234/1454 2233/1451
f 2232/1470 2225/1472 2233/1472 2240/1470
f 2230/1462 2231/1464 2239/1464 2238/1462
f 2228/1458 2229/1460 2237/1460 2236/1458
f 2226/1454 2227/1456 2235/1456 2234/1454
f 2248/1485 2241/1486 2249/1487 2256/1488
f 2234/1454 2235/1456 2243/1456 2242/1454
f 2239/1477 2240/1478 2248/1478 2247/1477
f 2237/1460 2238/1462 2246/1462 2245/1460
f 2235/1473 2236/1474 2244/1474 2243/1473
f 2233/1451 2234/1454 2242/1454 2241/1451
f 2240/1470 2233/1472 2241/1472 2248/1470
f 2238/1462 2239/1464 2247/1464 2246/1462
f 2253/1489 2254/1490 2262/1491 2261/1492
f 2246/1462 2247/1464 2255/1464 2254/1462
f 2244/1481 2245/1482 2253/1482 2252/1481
f 2242/1454 2243/1456 2251/1456 2250/1454
f 2247/1477 2248/1478 2256/1478 2255/1477
f 2245/1460 2246/1462 2254/1462 2253/1460
f 2243/1473 2244/1474 2252/1474 2251/1473
f 2241/1451 2242/1454 2250/1454 2249/1451
f 2263/1493 2264/1494 2272/1495 2271/1496
f 2251/1473 2252/1474 2260/1474 2259/1473
f 2249/1451 2250/1454 2258/1454 2257/1451
f 2256/1485 2249/1486 2257/1486 2264/1485
f 2254/1462 2255/1464 2263/1464 2262/1462
f 2252/1481 2253/1482 2261/1482 2260/1481
f 2250/1454 2251/1456 2259/1456 2258/1454
f 2255/1477 2256/1478 2264/1478 2263/1477
f 2270/1497 2271/1498 2279/1499 2278/1500
f 2261/1489 2262/1490 2270/1490 2269/1489
f 2259/1473 2260/1474 2268/1474 2267/1473
f 2257/1451 2258/1454 2266/1454 2265/1451
f 2264/1485 2257/1486 2265/1486 2272/1485
f 2262/1462 2263/1464 2271/1464 2270/1462
f 2260/1481 2261/1482 2269/1482 2268/1481
f 2258/1454 2259/1456 2267/1456 2266/1454
f 2273/1501 2274/1502 2282/1503 2281/1504
f 2268/1481 2269/1482 2277/1482 2276/1481
f 2266/1454 2267/1456 2275/1456 2274/1454
f 2271/1493 2272/1494 2280/1494 2279/1493
f 2269/1489 2270/1490 2278/1490 2277/1489
f 2267/1473 2268/1474 2276/1474 2275/1473
f 2265/1451 2266/1454 2274/1454 2273/1451
f 2272/1485 2265/1486 2273/1486 2280/1485
f 1848/1505 1841/1506 1846/1507 1847/1508
f 2280/1485 2273/1486 2281/1486 2288/1485
f 2278/1497 2279/1498 2287/1498 2286/1497
f 2276/1481 2277/1482 2285/1482 2284/1481
f 2274/1454 2275/1456 2283/1456 2282/1454
f 2279/1493 2280/1494 2288/1494 2287/1493
f 2277/1489 2278/1490 2286/1490 2285/1489
f 2275/1473 2276/1474 2284/1474 2283/1473
f 2289/1509 2290/1510 2292/1511 2291/1512
f 2291/1512 2292/1511 2294/1513 2293/1514
f 2293/1514 2294/1513 2296/1515 2295/1516
f 2295/1516 2296/1515 2298/1517 2297/1518
f 2297/1518 2298/1517 2300/1519 2299/1520
f 2299/1520 2300/1519 2302/1521 2301/1522
f 1160/1523 1158/1524 1156/1525 1146/1526
f 2301/1522 2302/1521 2304/1527 2303/1528
f 2303/1528 2304/1527 2290/1529 2289/1530
f 2291/1512 2293/1514 2307/1514 2306/1512
f 2307/1531 2308/1532 2316/1533 2315/1534
f 2297/1518 2299/1520 2310/1520 2309/1518
f 2303/1528 2289/1530 2305/1530 2312/1528
f 2289/1509 2291/1512 2306/1512 2305/1509
f 2293/1514 2295/1516 2308/1516 2307/1514
f 2299/1520 2301/1522 2311/1522 2310/1520
f 2295/1516 2297/1518 2309/1518 2308/1516
f 2301/1522 2303/1528 2312/1528 2311/1522
f 2319/1535 2320/1536 2328/1537 2327/1538
f 2305/1509 2306/1512 2314/1512 2313/1509
f 2312/1528 2305/1530 2313/1530 2320/1528
f 2310/1520 2311/1522 2319/1522 2318/1520
f 2308/1516 2309/1518 2317/1518 2316/1516
f 2306/1512 2307/1514 2315/1514 2314/1512
f 2311/1522 2312/1528 2320/1528 2319/1522
f 2309/1518 2310/1520 2318/1520 2317/1518
f 2324/1539 2325/1540 2333/1541 2332/1542
f 2317/1518 2318/1520 2326/1520 2325/1518
f 2315/1531 2316/1532 2324/1532 2323/1531
f 2313/1509 2314/1512 2322/1512 2321/1509
f 2320/1528 2313/1530 2321/1530 2328/1528
f 2318/1520 2319/1522 2327/1522 2326/1520
f 2316/1516 2317/1518 2325/1518 2324/1516
f 2314/1512 2315/1514 2323/1514 2322/1512
f 2336/1543 2329/1544 2337/1545 2344/1546
f 2322/1512 2323/1514 2331/1514 2330/1512
f 2327/1535 2328/1536 2336/1536 2335/1535
f 2325/1518 2326/1520 2334/1520 2333/1518
f 2323/1531 2324/1532 2332/1532 2331/1531
f 2321/1509 2322/1512 2330/1512 2329/1509
f 2328/1528 2321/1530 2329/1530 2336/1528
f 2326/1520 2327/1522 2335/1522 2334/1520
f 2341/1547 2342/1548 2350/1549 2349/1550
f 2334/1520 2335/1522 2343/1522 2342/1520
f 2332/1539 2333/1540 2341/1540 2340/1539
f 2330/1512 2331/1514 2339/1514 2338/1512
f 2335/1535 2336/1536 2344/1536 2343/1535
f 2333/1518 2334/1520 2342/1520 2341/1518
f 2331/1531 2332/1532 2340/1532 2339/1531
f 2329/1509 2330/1512 2338/1512 2337/1509
f 2351/1551 2352/1552 2360/1553 2359/1554
f 2339/1531 2340/1532 2348/1532 2347/1531
f 2337/1509 2338/1512 2346/1512 2345/1509
f 2344/1543 2337/1544 2345/1544 2352/1543
f 2342/1520 2343/1522 2351/1522 2350/1520
f 2340/1539 2341/1540 2349/1540 2348/1539
f 2338/1512 2339/1514 2347/1514 2346/1512
f 2343/1535 2344/1536 2352/1536 2351/1535
f 2358/1555 2359/1556 2367/1557 2366/1558
f 2349/1547 2350/1548 2358/1548 2357/1547
f 2347/1531 2348/1532 2356/1532 2355/1531
f 2345/1509 2346/1512 2354/1512 2353/1509
f 2352/1543 2345/1544 2353/1544 2360/1543
f 2350/1520 2351/1522 2359/1522 2358/1520
f 2348/1539 2349/1540 2357/1540 2356/1539
f 2346/1512 2347/1514 2355/1514 2354/1512
f 2361/1559 2362/1560 2370/1561 2369/1562
f 2356/1539 2357/1540 2365/1540 2364/1539
f 2354/1512 2355/1514 2363/1514 2362/1512
f 2359/1551 2360/1552 2368/1552 2367/1551
f 2357/1547 2358/1548 2366/1548 2365/1547
f 2355/1531 2356/1532 2364/1532 2363/1531
f 2353/1509 2354/1512 2362/1512 2361/1509
f 2360/1543 2353/1544 2361/1544 2368/1543
f 3346/1563 3347/1564 3345/1565 3349/1566
f 2368/1543 2361/1544 2369/1544 2376/1543
f 2366/1555 2367/1556 2375/1556 2374/1555
f 2364/1539 2365/1540 2373/1540 2372/1539
f 2362/1512 2363/1514 2371/1514 2370/1512
f 2367/1551 2368/1552 2376/1552 2375/1551
f 2365/1547 2366/1548 2374/1548 2373/1547
f 2363/1531 2364/1532 2372/1532 2371/1531
f 2377/1567 2378/1568 2380/1569 2379/1570
f 2379/1570 2380/1569 2382/1571 2381/1572
f 2381/1572 2382/1571 2384/1573 2383/1574
f 2383/1574 2384/1573 2386/1575 2385/1576
f 2385/1576 2386/1575 2388/1577 2387/1578
f 2387/1578 2388/1577 2390/1579 2389/1580
f 720/1581 718/1582 716/1583 706/1584
f 2389/1580 2390/1579 2392/1585 2391/1586
f 2391/1586 2392/1585 2378/1587 2377/1588
f 2379/1570 2381/1572 2395/1572 2394/1570
f 2395/1589 2396/1590 2404/1591 2403/1592
f 2385/1576 2387/1578 2398/1578 2397/1576
f 2391/1586 2377/1588 2393/1588 2400/1586
f 2377/1567 2379/1570 2394/1570 2393/1567
f 2381/1572 2383/1574 2396/1574 2395/1572
f 2387/1578 2389/1580 2399/1580 2398/1578
f 2383/1574 2385/1576 2397/1576 2396/1574
f 2389/1580 2391/1586 2400/1586 2399/1580
f 2407/1593 2408/1594 2416/1595 2415/1596
f 2393/1567 2394/1570 2402/1570 2401/1567
f 2400/1586 2393/1588 2401/1588 2408/1586
f 2398/1578 2399/1580 2407/1580 2406/1578
f 2396/1574 2397/1576 2405/1576 2404/1574
f 2394/1570 2395/1572 2403/1572 2402/1570
f 2399/1580 2400/1586 2408/1586 2407/1580
f 2397/1576 2398/1578 2406/1578 2405/1576
f 2412/1597 2413/1598 2421/1599 2420/1600
f 2405/1576 2406/1578 2414/1578 2413/1576
f 2403/1589 2404/1590 2412/1590 2411/1589
f 2401/1567 2402/1570 2410/1570 2409/1567
f 2408/1586 2401/1588 2409/1588 2416/1586
f 2406/1578 2407/1580 2415/1580 2414/1578
f 2404/1574 2405/1576 2413/1576 2412/1574
f 2402/1570 2403/1572 2411/1572 2410/1570
f 2424/1601 2417/1602 2425/1603 2432/1604
f 2410/1570 2411/1572 2419/1572 2418/1570
f 2415/1593 2416/1594 2424/1594 2423/1593
f 2413/1576 2414/1578 2422/1578 2421/1576
f 2411/1589 2412/1590 2420/1590 2419/1589
f 2409/1567 2410/1570 2418/1570 2417/1567
f 2416/1586 2409/1588 2417/1588 2424/1586
f 2414/1578 2415/1580 2423/1580 2422/1578
f 2429/1605 2430/1606 2438/1607 2437/1608
f 2422/1578 2423/1580 2431/1580 2430/1578
f 2420/1597 2421/1598 2429/1598 2428/1597
f 2418/1570 2419/1572 2427/1572 2426/1570
f 2423/1593 2424/1594 2432/1594 2431/1593
f 2421/1576 2422/1578 2430/1578 2429/1576
f 2419/1589 2420/1590 2428/1590 2427/1589
f 2417/1567 2418/1570 2426/1570 2425/1567
f 2439/1609 2440/1610 2448/1611 2447/1612
f 2427/1589 2428/1590 2436/1590 2435/1589
f 2425/1567 2426/1570 2434/1570 2433/1567
f 2432/1601 2425/1602 2433/1602 2440/1601
f 2430/1578 2431/1580 2439/1580 2438/1578
f 2428/1597 2429/1598 2437/1598 2436/1597
f 2426/1570 2427/1572 2435/1572 2434/1570
f 2431/1593 2432/1594 2440/1594 2439/1593
f 2446/1613 2447/1614 2455/1615 2454/1616
f 2437/1605 2438/1606 2446/1606 2445/1605
f 2435/1589 2436/1590 2444/1590 2443/1589
f 2433/1567 2434/1570 2442/1570 2441/1567
f 2440/1601 2433/1602 2441/1602 2448/1601
f 2438/1578 2439/1580 2447/1580 2446/1578
f 2436/1597 2437/1598 2445/1598 2444/1597
f 2434/1570 2435/1572 2443/1572 2442/1570
f 2449/1617 2450/1618 2458/1619 2457/1620
f 2444/1597 2445/1598 2453/1598 2452/1597
f 2442/1570 2443/1572 2451/1572 2450/1570
f 2447/1609 2448/1610 2456/1610 2455/1609
f 2445/1605 2446/1606 2454/1606 2453/1605
f 2443/1589 2444/1590 2452/1590 2451/1589
f 2441/1567 2442/1570 2450/1570 2449/1567
f 2448/1601 2441/1602 2449/1602 2456/1601
f 1144/1621 1137/1622 1142/1623 1143/1624
f 2456/1601 2449/1602 2457/1602 2464/1601
f 2454/1613 2455/1614 2463/1614 2462/1613
f 2452/1597 2453/1598 2461/1598 2460/1597
f 2450/1570 2451/1572 2459/1572 2458/1570
f 2455/1609 2456/1610 2464/1610 2463/1609
f 2453/1605 2454/1606 2462/1606 2461/1605
f 2451/1589 2452/1590 2460/1590 2459/1589
f 2486/1625 2485/1626 2493/1627 2494/1628
f 2470/1629 2468/1630 2466/1631 2465/1632
f 2467/1633 2468/1630 2470/1629 2469/1634
f 2465/1629 2466/1630 2490/1630 2489/1629
f 2480/1635 2478/1636 2486/1637 2487/1638
f 2469/1634 2470/1629 2472/1639 2471/1640
f 2483/1641 2465/1629 2489/1629 2491/1642
f 2472/1639 2470/1629 2465/1629 2483/1639
f 2471/1640 2472/1639 2474/1643 2473/1644
f 2487/1635 2486/1636 2494/1636 2495/1635
f 2478/1636 2476/1626 2485/1626 2486/1636
f 2473/1644 2474/1643 2476/1645 2475/1646
f 2466/1647 2488/1648 2496/1649 2490/1650
f 2468/1647 2482/1648 2488/1648 2466/1647
f 2475/1646 2476/1645 2478/1636 2477/1651
f 2489/1629 2490/1630 2498/1630 2497/1629
f 2476/1626 2474/1643 2484/1643 2485/1626
f 2477/1651 2478/1636 2480/1635 2479/1652
f 2482/1648 2480/1635 2487/1635 2488/1648
f 2484/1653 2483/1641 2491/1641 2492/1654
f 2479/1652 2480/1635 2482/1648 2481/1655
f 2488/1648 2487/1635 2495/1635 2496/1648
f 2474/1643 2472/1639 2483/1639 2484/1643
f 2481/1655 2482/1648 2468/1647 2467/1656
f 2485/1626 2484/1643 2492/1643 2493/1626
f 2503/1657 2502/1658 2510/1659 2511/1660
f 2492/1653 2491/1641 2499/1641 2500/1653
f 2494/1625 2493/1626 2501/1626 2502/1625
f 2496/1648 2495/1635 2503/1635 2504/1648
f 2491/1641 2489/1629 2497/1629 2499/1641
f 2493/1626 2492/1643 2500/1643 2501/1626
f 2495/1635 2494/1636 2502/1636 2503/1635
f 2490/1647 2496/1648 2504/1648 2498/1647
f 2688/1661 2687/1662 2519/1663 2520/1664
f 2498/1647 2504/1648 2512/1648 2506/1647
f 2497/1629 2498/1630 2506/1630 2505/1629
f 2500/1653 2499/1641 2507/1641 2508/1653
f 2502/1625 2501/1626 2509/1626 2510/1625
f 2504/1648 2503/1635 2511/1635 2512/1648
f 2499/1641 2497/1629 2505/1629 2507/1641
f 2501/1626 2500/1643 2508/1643 2509/1626
f 2686/1665 2685/1666 2683/1667 2684/1668
f 2683/1667 2685/1666 2687/1666 2688/1667
f 2571/1669 2572/1670 2516/1671 2515/1672
f 2512/1648 2511/1635 4199/1635 4200/1648
f 2620/1673 2619/1674 4227/1675 4228/1676
f 2565/1677 2564/1678 4212/1679 4213/1680
f 2506/1647 2512/1648 4200/1648 4194/1647
f 2621/1681 2620/1673 4228/1673 4229/1682
f 2542/1683 2541/1684 2549/1685 2550/1686
f 2526/1687 2524/1688 2522/1689 2521/1690
f 2523/1691 2524/1688 2526/1687 2525/1692
f 2521/1687 2522/1688 2546/1688 2545/1687
f 2536/1693 2534/1694 2542/1695 2543/1696
f 2525/1692 2526/1687 2528/1697 2527/1698
f 2539/1699 2521/1687 2545/1687 2547/1700
f 2528/1697 2526/1687 2521/1687 2539/1697
f 2527/1698 2528/1697 2530/1701 2529/1702
f 2543/1693 2542/1694 2550/1694 2551/1693
f 2534/1694 2532/1684 2541/1684 2542/1694
f 2529/1702 2530/1701 2532/1703 2531/1704
f 2522/1705 2544/1706 2552/1707 2546/1708
f 2524/1705 2538/1706 2544/1706 2522/1705
f 2531/1704 2532/1703 2534/1694 2533/1709
f 2545/1687 2546/1688 2554/1688 2553/1687
f 2532/1684 2530/1701 2540/1701 2541/1684
f 2533/1709 2534/1694 2536/1693 2535/1710
f 2538/1706 2536/1693 2543/1693 2544/1706
f 2540/1711 2539/1699 2547/1699 2548/1712
f 2535/1710 2536/1693 2538/1706 2537/1713
f 2544/1706 2543/1693 2551/1693 2552/1706
f 2530/1701 2528/1697 2539/1697 2540/1701
f 2537/1713 2538/1706 2524/1705 2523/1714
f 2541/1684 2540/1701 2548/1701 2549/1684
f 2559/1715 2558/1716 2566/1717 2567/1718
f 2548/1711 2547/1699 2555/1699 2556/1711
f 2550/1683 2549/1684 2557/1684 2558/1683
f 2552/1706 2551/1693 2559/1693 2560/1706
f 2547/1699 2545/1687 2553/1687 2555/1699
f 2549/1684 2548/1701 2556/1701 2557/1684
f 2551/1693 2550/1694 2558/1694 2559/1693
f 2546/1705 2552/1706 2560/1706 2554/1705
f 2566/1719 2565/1677 4213/1677 4214/1720
f 2554/1705 2560/1706 2568/1706 2562/1705
f 2553/1687 2554/1688 2562/1688 2561/1687
f 2556/1711 2555/1699 2563/1699 2564/1711
f 2558/1683 2557/1684 2565/1684 2566/1683
f 2560/1706 2559/1693 2567/1693 2568/1706
f 2555/1699 2553/1687 2561/1687 2563/1699
f 2557/1684 2556/1701 2564/1701 2565/1684
f 2673/1721 2674/1722 4242/1723 4241/1724
f 2622/1725 2621/1681 4229/1681 4230/1726
f 2567/1715 2566/1716 4214/1716 4215/1715
f 2675/1727 2673/1721 4241/1721 4243/1728
f 2623/1729 2622/1725 4230/1725 4231/1730
f 2568/1706 2567/1693 4215/1693 4216/1706
f 2676/1731 2675/1727 4243/1727 4244/1732
f 2624/1733 2623/1729 4231/1729 4232/1734
f 2598/1735 2597/1736 2605/1737 2606/1738
f 2582/1739 2580/1740 2578/1741 2577/1742
f 2579/1743 2580/1740 2582/1739 2581/1744
f 2577/1739 2578/1740 2602/1740 2601/1739
f 2592/1745 2590/1746 2598/1747 2599/1748
f 2581/1744 2582/1739 2584/1749 2583/1750
f 2595/1751 2577/1739 2601/1739 2603/1752
f 2584/1749 2582/1739 2577/1739 2595/1749
f 2583/1750 2584/1749 2586/1753 2585/1754
f 2599/1745 2598/1746 2606/1746 2607/1745
f 2590/1746 2588/1736 2597/1736 2598/1746
f 2585/1754 2586/1753 2588/1755 2587/1756
f 2578/1757 2600/1758 2608/1759 2602/1760
f 2580/1757 2594/1758 2600/1758 2578/1757
f 2587/1756 2588/1755 2590/1746 2589/1761
f 2601/1739 2602/1740 2610/1740 2609/1739
f 2588/1736 2586/1753 2596/1753 2597/1736
f 2589/1761 2590/1746 2592/1745 2591/1762
f 2594/1758 2592/1745 2599/1745 2600/1758
f 2596/1763 2595/1751 2603/1751 2604/1764
f 2591/1762 2592/1745 2594/1758 2593/1765
f 2600/1758 2599/1745 2607/1745 2608/1758
f 2586/1753 2584/1749 2595/1749 2596/1753
f 2593/1765 2594/1758 2580/1757 2579/1766
f 5137/1767 5139/1768 5141/1769 5143/1770
f 2597/1736 2596/1753 2604/1753 2605/1736
f 2615/1729 2614/1725 2622/1725 2623/1729
f 2604/1763 2603/1751 2611/1751 2612/1763
f 2606/1735 2605/1736 2613/1736 2614/1735
f 2608/1758 2607/1745 2615/1745 2616/1758
f 2603/1751 2601/1739 2609/1739 2611/1751
f 2605/1736 2604/1753 2612/1753 2613/1736
f 2607/1745 2606/1746 2614/1746 2615/1745
f 2602/1757 2608/1758 2616/1758 2610/1757
f 2562/1705 2568/1706 4216/1706 4210/1705
f 2610/1757 2616/1758 2624/1758 2618/1757
f 2609/1739 2610/1740 2618/1740 2617/1739
f 2612/1763 2611/1751 2619/1751 2620/1763
f 2614/1735 2613/1736 2621/1736 2622/1735
f 2616/1758 2615/1745 2623/1745 2624/1758
f 2611/1751 2609/1739 2617/1739 2619/1751
f 2613/1736 2612/1753 2620/1753 2621/1736
f 2677/1771 2676/1731 4244/1731 4245/1772
f 2618/1757 2624/1758 4232/1758 4226/1757
f 2678/1773 2677/1771 4245/1771 4246/1774
f 2679/1775 2678/1773 4246/1773 4247/1776
f 2680/1777 2679/1775 4247/1775 4248/1778
f 2505/1629 2506/1630 4194/1630 4193/1629
f 2674/1779 2680/1777 4248/1777 4242/1780
f 2507/1641 2505/1629 4193/1629 4195/1641
f 2654/1781 2653/1782 2661/1783 2662/1784
f 2638/1785 2636/1786 2634/1787 2633/1788
f 2635/1789 2636/1786 2638/1785 2637/1790
f 2633/1785 2634/1786 2658/1786 2657/1785
f 2648/1791 2646/1792 2654/1793 2655/1794
f 2637/1790 2638/1785 2640/1795 2639/1796
f 2651/1797 2633/1785 2657/1785 2659/1798
f 2640/1795 2638/1785 2633/1785 2651/1795
f 2639/1796 2640/1795 2642/1799 2641/1800
f 2655/1791 2654/1792 2662/1792 2663/1791
f 2646/1792 2644/1782 2653/1782 2654/1792
f 2641/1800 2642/1799 2644/1801 2643/1802
f 2634/1803 2656/1804 2664/1805 2658/1806
f 2636/1803 2650/1804 2656/1804 2634/1803
f 2643/1802 2644/1801 2646/1792 2645/1807
f 2657/1785 2658/1786 2666/1786 2665/1785
f 2644/1782 2642/1799 2652/1799 2653/1782
f 2645/1807 2646/1792 2648/1791 2647/1808
f 2650/1804 2648/1791 2655/1791 2656/1804
f 2652/1809 2651/1797 2659/1797 2660/1810
f 2647/1808 2648/1791 2650/1804 2649/1811
f 2656/1804 2655/1791 2663/1791 2664/1804
f 2642/1799 2640/1795 2651/1795 2652/1799
f 2649/1811 2650/1804 2636/1803 2635/1812
f 4529/1813 4531/1814 4533/1815 4535/1816
f 2653/1782 2652/1799 2660/1799 2661/1782
f 2671/1775 2670/1773 2678/1773 2679/1775
f 2660/1809 2659/1797 2667/1797 2668/1809
f 2662/1781 2661/1782 2669/1782 2670/1781
f 2664/1804 2663/1791 2671/1791 2672/1804
f 2659/1797 2657/1785 2665/1785 2667/1797
f 2661/1782 2660/1799 2668/1799 2669/1782
f 2663/1791 2662/1792 2670/1792 2671/1791
f 2658/1803 2664/1804 2672/1804 2666/1803
f 2508/1653 2507/1641 4195/1641 4196/1653
f 2666/1803 2672/1804 2680/1804 2674/1803
f 2665/1785 2666/1786 2674/1786 2673/1785
f 2668/1809 2667/1797 2675/1797 2676/1809
f 2670/1781 2669/1782 2677/1782 2678/1781
f 2672/1804 2671/1791 2679/1791 2680/1804
f 2667/1797 2665/1785 2673/1785 2675/1797
f 2669/1782 2668/1799 2676/1799 2677/1782
f 2509/1626 2508/1643 4196/1643 4197/1626
f 2561/1687 2562/1688 4210/1688 4209/1687
f 2510/1625 2509/1626 4197/1626 4198/1625
f 2617/1739 2618/1740 4226/1740 4225/1739
f 2563/1699 2561/1687 4209/1687 4211/1699
f 2511/1657 2510/1658 4198/1658 4199/1657
f 2619/1751 2617/1739 4225/1739 4227/1751
f 2564/1711 2563/1699 4211/1699 4212/1711
f 2710/1817 2709/1818 2717/1819 2718/1820
f 2694/1821 2692/1822 2690/1823 2689/1824
f 2691/1825 2692/1822 2694/1821 2693/1826
f 2689/1821 2690/1822 2714/1822 2713/1821
f 2704/1827 2702/1828 2710/1829 2711/1830
f 2693/1826 2694/1821 2696/1831 2695/1832
f 2707/1833 2689/1821 2713/1821 2715/1834
f 2696/1831 2694/1821 2689/1821 2707/1831
f 2695/1832 2696/1831 2698/1835 2697/1836
f 2711/1827 2710/1828 2718/1828 2719/1827
f 2702/1828 2700/1818 2709/1818 2710/1828
f 2697/1836 2698/1835 2700/1837 2699/1838
f 2690/1839 2712/1840 2720/1841 2714/1842
f 2692/1839 2706/1840 2712/1840 2690/1839
f 2699/1838 2700/1837 2702/1828 2701/1843
f 2713/1821 2714/1822 2722/1822 2721/1821
f 2700/1818 2698/1835 2708/1835 2709/1818
f 2701/1843 2702/1828 2704/1827 2703/1844
f 2706/1840 2704/1827 2711/1827 2712/1840
f 2708/1845 2707/1833 2715/1833 2716/1846
f 2703/1844 2704/1827 2706/1840 2705/1847
f 2712/1840 2711/1827 2719/1827 2720/1840
f 2698/1835 2696/1831 2707/1831 2708/1835
f 2705/1847 2706/1840 2692/1839 2691/1848
f 2709/1818 2708/1835 2716/1835 2717/1818
f 2727/1849 2726/1850 2734/1851 2735/1852
f 2716/1845 2715/1833 2723/1833 2724/1845
f 2718/1817 2717/1818 2725/1818 2726/1817
f 2720/1840 2719/1827 2727/1827 2728/1840
f 2715/1833 2713/1821 2721/1821 2723/1833
f 2717/1818 2716/1835 2724/1835 2725/1818
f 2719/1827 2718/1828 2726/1828 2727/1827
f 2714/1839 2720/1840 2728/1840 2722/1839
f 2739/1853 2737/1854 2793/1855 2795/1856
f 2722/1839 2728/1840 2736/1840 2730/1839
f 2721/1821 2722/1822 2730/1822 2729/1821
f 2724/1845 2723/1833 2731/1833 2732/1845
f 2726/1817 2725/1818 2733/1818 2734/1817
f 2728/1840 2727/1827 2735/1827 2736/1840
f 2723/1833 2721/1821 2729/1821 2731/1833
f 2725/1818 2724/1835 2732/1835 2733/1818
f 5719/1857 5718/307 5716/305 5720/1858
f 2792/1859 2791/1860 4175/1861 4176/1862
f 2736/1840 2735/1827 4146/1827 4145/1840
f 2786/1863 2792/1859 4176/1859 4170/1864
f 2730/1839 2736/1840 4145/1840 4151/1839
f 2785/1865 2786/1866 4170/1867 4169/1868
f 2729/1821 2730/1822 4151/1822 4152/1821
f 2787/1869 2785/1865 4169/1865 4171/1870
f 2766/1871 2765/1872 2773/1873 2774/1874
f 2750/1875 2748/1876 2746/1877 2745/1878
f 2747/1879 2748/1876 2750/1875 2749/1880
f 2745/1875 2746/1876 2770/1876 2769/1875
f 2760/1881 2758/1882 2766/1883 2767/1884
f 2749/1880 2750/1875 2752/1885 2751/1886
f 2763/1887 2745/1875 2769/1875 2771/1888
f 2752/1885 2750/1875 2745/1875 2763/1885
f 2751/1886 2752/1885 2754/1889 2753/1890
f 2767/1881 2766/1882 2774/1882 2775/1881
f 2758/1882 2756/1872 2765/1872 2766/1882
f 2753/1890 2754/1889 2756/1891 2755/1892
f 2746/1893 2768/1894 2776/1895 2770/1896
f 2748/1893 2762/1894 2768/1894 2746/1893
f 2755/1892 2756/1891 2758/1882 2757/1897
f 2769/1875 2770/1876 2778/1876 2777/1875
f 2756/1872 2754/1889 2764/1889 2765/1872
f 2757/1897 2758/1882 2760/1881 2759/1898
f 2762/1894 2760/1881 2767/1881 2768/1894
f 2764/1899 2763/1887 2771/1887 2772/1900
f 2759/1898 2760/1881 2762/1894 2761/1901
f 2768/1894 2767/1881 2775/1881 2776/1894
f 2754/1889 2752/1885 2763/1885 2764/1889
f 2761/1901 2762/1894 2748/1893 2747/1902
f 2765/1872 2764/1889 2772/1889 2773/1872
f 2783/1903 2782/1904 2790/1905 2791/1906
f 2772/1899 2771/1887 2779/1887 2780/1899
f 2774/1871 2773/1872 2781/1872 2782/1871
f 2776/1894 2775/1881 2783/1881 2784/1894
f 2771/1887 2769/1875 2777/1875 2779/1887
f 2773/1872 2772/1889 2780/1889 2781/1872
f 2775/1881 2774/1882 2782/1882 2783/1881
f 2770/1893 2776/1894 2784/1894 2778/1893
f 2731/1833 2729/1821 4152/1821 4150/1833
f 2778/1893 2784/1894 2792/1894 2786/1893
f 2777/1875 2778/1876 2786/1876 2785/1875
f 2780/1899 2779/1887 2787/1887 2788/1899
f 2782/1871 2781/1872 2789/1872 2790/1871
f 2784/1894 2783/1881 2791/1881 2792/1894
f 2779/1887 2777/1875 2785/1875 2787/1887
f 2781/1872 2780/1889 2788/1889 2789/1872
f 2788/1899 2787/1887 4171/1887 4172/1899
f 2732/1845 2731/1833 4150/1833 4149/1845
f 2789/1872 2788/1889 4172/1889 4173/1872
f 2733/1818 2732/1835 4149/1835 4148/1818
f 2790/1871 2789/1872 4173/1872 4174/1871
f 2734/1817 2733/1818 4148/1818 4147/1817
f 2791/1903 2790/1904 4174/1904 4175/1903
f 2735/1849 2734/1850 4147/1850 4146/1849
f 2822/1907 2821/1908 2829/1909 2830/1910
f 2806/1911 2804/1912 2802/1913 2801/1914
f 2803/1915 2804/1912 2806/1911 2805/1916
f 2801/1911 2802/1912 2826/1912 2825/1911
f 2816/1917 2814/1918 2822/1919 2823/1920
f 2805/1916 2806/1911 2808/1921 2807/1922
f 2819/1923 2801/1911 2825/1911 2827/1924
f 2808/1921 2806/1911 2801/1911 2819/1921
f 2807/1922 2808/1921 2810/1925 2809/1926
f 2823/1917 2822/1918 2830/1918 2831/1917
f 2814/1918 2812/1908 2821/1908 2822/1918
f 2809/1926 2810/1925 2812/1927 2811/1928
f 2802/1929 2824/1930 2832/1931 2826/1932
f 2804/1929 2818/1930 2824/1930 2802/1929
f 2811/1928 2812/1927 2814/1918 2813/1933
f 2825/1911 2826/1912 2834/1912 2833/1911
f 2812/1908 2810/1925 2820/1925 2821/1908
f 2813/1933 2814/1918 2816/1917 2815/1934
f 2818/1930 2816/1917 2823/1917 2824/1930
f 2820/1935 2819/1923 2827/1923 2828/1936
f 2815/1934 2816/1917 2818/1930 2817/1937
f 2824/1930 2823/1917 2831/1917 2832/1930
f 2810/1925 2808/1921 2819/1921 2820/1925
f 2817/1937 2818/1930 2804/1929 2803/1938
f 2821/1908 2820/1925 2828/1925 2829/1908
f 2839/1939 2838/1940 2846/1941 2847/1942
f 2828/1935 2827/1923 2835/1923 2836/1935
f 2830/1907 2829/1908 2837/1908 2838/1907
f 2832/1930 2831/1917 2839/1917 2840/1930
f 2827/1923 2825/1911 2833/1911 2835/1923
f 2829/1908 2828/1925 2836/1925 2837/1908
f 2831/1917 2830/1918 2838/1918 2839/1917
f 2826/1929 2832/1930 2840/1930 2834/1929
f 2834/1929 2840/1930 2848/1930 2842/1929
f 2833/1911 2834/1912 2842/1912 2841/1911
f 2836/1935 2835/1923 2843/1923 2844/1935
f 2838/1907 2837/1908 2845/1908 2846/1907
f 2840/1930 2839/1917 2847/1917 2848/1930
f 2835/1923 2833/1911 2841/1911 2843/1923
f 2837/1908 2836/1925 2844/1925 2845/1908
f 2898/1943 2904/1944 4128/1945 4122/1946
f 2842/1929 2848/1930 4097/1930 4103/1929
f 2897/1947 2898/1948 4122/1949 4121/1950
f 2841/1911 2842/1912 4103/1912 4104/1911
f 2899/1951 2897/1947 4121/1947 4123/1952
f 2843/1923 2841/1911 4104/1911 4102/1923
f 2900/1953 2899/1951 4123/1951 4124/1954
f 2878/1955 2877/1956 2885/1957 2886/1958
f 2862/1959 2860/1960 2858/1961 2857/1962
f 2859/1963 2860/1960 2862/1959 2861/1964
f 2857/1959 2858/1960 2882/1960 2881/1959
f 2872/1965 2870/1966 2878/1967 2879/1968
f 2861/1964 2862/1959 2864/1969 2863/1970
f 2875/1971 2857/1959 2881/1959 2883/1972
f 2864/1969 2862/1959 2857/1959 2875/1969
f 2863/1970 2864/1969 2866/1973 2865/1974
f 2879/1965 2878/1966 2886/1966 2887/1965
f 2870/1966 2868/1956 2877/1956 2878/1966
f 2865/1974 2866/1973 2868/1975 2867/1976
f 2858/1977 2880/1978 2888/1979 2882/1980
f 2860/1977 2874/1978 2880/1978 2858/1977
f 2867/1976 2868/1975 2870/1966 2869/1981
f 2881/1959 2882/1960 2890/1960 2889/1959
f 2868/1956 2866/1973 2876/1973 2877/1956
f 2869/1981 2870/1966 2872/1965 2871/1982
f 2874/1978 2872/1965 2879/1965 2880/1978
f 2876/1983 2875/1971 2883/1971 2884/1984
f 2871/1982 2872/1965 2874/1978 2873/1985
f 2880/1978 2879/1965 2887/1965 2888/1978
f 2866/1973 2864/1969 2875/1969 2876/1973
f 2873/1985 2874/1978 2860/1977 2859/1986
f 2877/1956 2876/1973 2884/1973 2885/1956
f 2895/1987 2894/1988 2902/1989 2903/1990
f 2884/1983 2883/1971 2891/1971 2892/1983
f 2886/1955 2885/1956 2893/1956 2894/1955
f 2888/1978 2887/1965 2895/1965 2896/1978
f 2883/1971 2881/1959 2889/1959 2891/1971
f 2885/1956 2884/1973 2892/1973 2893/1956
f 2887/1965 2886/1966 2894/1966 2895/1965
f 2882/1977 2888/1978 2896/1978 2890/1977
f 2844/1935 2843/1923 4102/1923 4101/1935
f 2890/1977 2896/1978 2904/1978 2898/1977
f 2889/1959 2890/1960 2898/1960 2897/1959
f 2892/1983 2891/1971 2899/1971 2900/1983
f 2894/1955 2893/1956 2901/1956 2902/1955
f 2896/1978 2895/1965 2903/1965 2904/1978
f 2891/1971 2889/1959 2897/1959 2899/1971
f 2893/1956 2892/1973 2900/1973 2901/1956
f 2901/1956 2900/1973 4124/1973 4125/1956
f 2845/1908 2844/1925 4101/1925 4100/1908
f 2902/1955 2901/1956 4125/1956 4126/1955
f 2846/1907 2845/1908 4100/1908 4099/1907
f 2903/1987 2902/1988 4126/1988 4127/1987
f 2847/1939 2846/1940 4099/1940 4098/1939
f 2904/1978 2903/1965 4127/1965 4128/1978
f 2848/1930 2847/1917 4098/1917 4097/1930
f 2926/1991 2925/1992 2933/1993 2934/1994
f 2910/1995 2908/1996 2906/1997 2905/1998
f 2907/1999 2908/1996 2910/1995 2909/2000
f 2905/1995 2906/1996 2930/1996 2929/1995
f 2920/2001 2918/2002 2926/2003 2927/2004
f 2909/2000 2910/1995 2912/2005 2911/2006
f 2923/2007 2905/1995 2929/1995 2931/2008
f 2912/2005 2910/1995 2905/1995 2923/2005
f 2911/2006 2912/2005 2914/2009 2913/2010
f 2927/2001 2926/2002 2934/2002 2935/2001
f 2918/2002 2916/1992 2925/1992 2926/2002
f 2913/2010 2914/2009 2916/2011 2915/2012
f 2906/2013 2928/2014 2936/2015 2930/2016
f 2908/2013 2922/2014 2928/2014 2906/2013
f 2915/2012 2916/2011 2918/2002 2917/2017
f 2929/1995 2930/1996 2938/1996 2937/1995
f 2916/1992 2914/2009 2924/2009 2925/1992
f 2917/2017 2918/2002 2920/2001 2919/2018
f 2922/2014 2920/2001 2927/2001 2928/2014
f 2924/2019 2923/2007 2931/2007 2932/2020
f 2919/2018 2920/2001 2922/2014 2921/2021
f 2928/2014 2927/2001 2935/2001 2936/2014
f 2914/2009 2912/2005 2923/2005 2924/2009
f 2921/2021 2922/2014 2908/2013 2907/2022
f 2925/1992 2924/2009 2932/2009 2933/1992
f 2943/2023 2942/2024 2950/2025 2951/2026
f 2932/2019 2931/2007 2939/2007 2940/2019
f 2934/1991 2933/1992 2941/1992 2942/1991
f 2936/2014 2935/2001 2943/2001 2944/2014
f 2931/2007 2929/1995 2937/1995 2939/2007
f 2933/1992 2932/2009 2940/2009 2941/1992
f 2935/2001 2934/2002 2942/2002 2943/2001
f 2930/2013 2936/2014 2944/2014 2938/2013
f 2955/2027 2953/2028 3009/2029 3011/2030
f 2938/2013 2944/2014 2952/2014 2946/2013
f 2937/1995 2938/1996 2946/1996 2945/1995
f 2940/2019 2939/2007 2947/2007 2948/2019
f 2942/1991 2941/1992 2949/1992 2950/1991
f 2944/2014 2943/2001 2951/2001 2952/2014
f 2939/2007 2937/1995 2945/1995 2947/2007
f 2941/1992 2940/2009 2948/2009 2949/1992
f 5234/2031 5235/2032 5233/2033 5237/2034
f 2946/2013 2952/2014 4065/2014 4071/2013
f 3001/2035 3002/2036 4090/2037 4089/2038
f 2945/1995 2946/1996 4071/1996 4072/1995
f 3003/2039 3001/2035 4089/2035 4091/2040
f 2947/2007 2945/1995 4072/1995 4070/2007
f 3004/2041 3003/2039 4091/2039 4092/2042
f 2948/2019 2947/2007 4070/2007 4069/2019
f 2982/2043 2981/2044 2989/2045 2990/2046
f 2966/2047 2964/2048 2962/2049 2961/2050
f 2963/2051 2964/2048 2966/2047 2965/2052
f 2961/2047 2962/2048 2986/2048 2985/2047
f 2976/2053 2974/2054 2982/2055 2983/2056
f 2965/2052 2966/2047 2968/2057 2967/2058
f 2979/2059 2961/2047 2985/2047 2987/2060
f 2968/2057 2966/2047 2961/2047 2979/2057
f 2967/2058 2968/2057 2970/2061 2969/2062
f 2983/2053 2982/2054 2990/2054 2991/2053
f 2974/2054 2972/2044 2981/2044 2982/2054
f 2969/2062 2970/2061 2972/2063 2971/2064
f 2962/2065 2984/2066 2992/2067 2986/2068
f 2964/2065 2978/2066 2984/2066 2962/2065
f 2971/2064 2972/2063 2974/2054 2973/2069
f 2985/2047 2986/2048 2994/2048 2993/2047
f 2972/2044 2970/2061 2980/2061 2981/2044
f 2973/2069 2974/2054 2976/2053 2975/2070
f 2978/2066 2976/2053 2983/2053 2984/2066
f 2980/2071 2979/2059 2987/2059 2988/2072
f 2975/2070 2976/2053 2978/2066 2977/2073
f 2984/2066 2983/2053 2991/2053 2992/2066
f 2970/2061 2968/2057 2979/2057 2980/2061
f 2977/2073 2978/2066 2964/2065 2963/2074
f 2981/2044 2980/2061 2988/2061 2989/2044
f 2999/2075 2998/2076 3006/2077 3007/2078
f 2988/2071 2987/2059 2995/2059 2996/2071
f 2990/2043 2989/2044 2997/2044 2998/2043
f 2992/2066 2991/2053 2999/2053 3000/2066
f 2987/2059 2985/2047 2993/2047 2995/2059
f 2989/2044 2988/2061 2996/2061 2997/2044
f 2991/2053 2990/2054 2998/2054 2999/2053
f 2986/2065 2992/2066 3000/2066 2994/2065
f 3005/2079 3004/2041 4092/2041 4093/2080
f 2994/2065 3000/2066 3008/2066 3002/2065
f 2993/2047 2994/2048 3002/2048 3001/2047
f 2996/2071 2995/2059 3003/2059 3004/2071
f 2998/2043 2997/2044 3005/2044 3006/2043
f 3000/2066 2999/2053 3007/2053 3008/2066
f 2995/2059 2993/2047 3001/2047 3003/2059
f 2997/2044 2996/2061 3004/2061 3005/2044
f 2949/1992 2948/2009 4069/2009 4068/1992
f 3006/2043 3005/2044 4093/2044 4094/2043
f 2950/1991 2949/1992 4068/1992 4067/1991
f 3007/2075 3006/2076 4094/2076 4095/2075
f 2951/2023 2950/2024 4067/2024 4066/2023
f 3008/2066 3007/2053 4095/2053 4096/2066
f 2952/2014 2951/2001 4066/2001 4065/2014
f 3002/2065 3008/2066 4096/2066 4090/2065
f 3038/2081 3037/2082 3045/2083 3046/2084
f 3022/2085 3020/2086 3018/2087 3017/2088
f 3019/2089 3020/2086 3022/2085 3021/2090
f 3017/2085 3018/2086 3042/2086 3041/2085
f 3032/2091 3030/2092 3038/2093 3039/2094
f 3021/2090 3022/2085 3024/2095 3023/2096
f 3035/2097 3017/2085 3041/2085 3043/2098
f 3024/2095 3022/2085 3017/2085 3035/2095
f 3023/2096 3024/2095 3026/2099 3025/2100
f 3039/2091 3038/2092 3046/2092 3047/2091
f 3030/2092 3028/2082 3037/2082 3038/2092
f 3025/2100 3026/2099 3028/2101 3027/2102
f 3018/2103 3040/2104 3048/2105 3042/2106
f 3020/2103 3034/2104 3040/2104 3018/2103
f 3027/2102 3028/2101 3030/2092 3029/2107
f 3041/2085 3042/2086 3050/2086 3049/2085
f 3028/2082 3026/2099 3036/2099 3037/2082
f 3029/2107 3030/2092 3032/2091 3031/2108
f 3034/2104 3032/2091 3039/2091 3040/2104
f 3036/2109 3035/2097 3043/2097 3044/2110
f 3031/2108 3032/2091 3034/2104 3033/2111
f 3040/2104 3039/2091 3047/2091 3048/2104
f 3026/2099 3024/2095 3035/2095 3036/2099
f 3033/2111 3034/2104 3020/2103 3019/2112
f 3037/2082 3036/2099 3044/2099 3045/2082
f 3055/2113 3054/2114 3062/2115 3063/2116
f 3044/2109 3043/2097 3051/2097 3052/2109
f 3046/2081 3045/2082 3053/2082 3054/2081
f 3048/2104 3047/2091 3055/2091 3056/2104
f 3043/2097 3041/2085 3049/2085 3051/2097
f 3045/2082 3044/2099 3052/2099 3053/2082
f 3047/2091 3046/2092 3054/2092 3055/2091
f 3042/2103 3048/2104 3056/2104 3050/2103
f 3059/2117 3057/2118 3065/2119 3067/2120
f 3050/2103 3056/2104 3064/2104 3058/2103
f 3049/2085 3050/2086 3058/2086 3057/2085
f 3052/2109 3051/2097 3059/2097 3060/2109
f 3054/2081 3053/2082 3061/2082 3062/2081
f 3056/2104 3055/2091 3063/2091 3064/2104
f 3051/2097 3049/2085 3057/2085 3059/2097
f 3053/2082 3052/2099 3060/2099 3061/2082
f 4163/2121 4161/2122 4165/2123 4164/2124
f 3061/2082 3060/2099 3068/2099 3069/2082
f 3063/2113 3062/2114 3070/2114 3071/2113
f 3058/2103 3064/2104 3072/2104 3066/2103
f 3057/2085 3058/2086 3066/2086 3065/2085
f 3060/2109 3059/2097 3067/2097 3068/2109
f 3062/2081 3061/2082 3069/2082 3070/2081
f 3064/2104 3063/2091 3071/2091 3072/2104
f 3094/2125 3093/2126 3101/2127 3102/2128
f 3078/2129 3076/2130 3074/2131 3073/2132
f 3075/2133 3076/2130 3078/2129 3077/2134
f 3073/2129 3074/2130 3098/2130 3097/2129
f 3088/2135 3086/2136 3094/2137 3095/2138
f 3077/2134 3078/2129 3080/2139 3079/2140
f 3091/2141 3073/2129 3097/2129 3099/2142
f 3080/2139 3078/2129 3073/2129 3091/2139
f 3079/2140 3080/2139 3082/2143 3081/2144
f 3095/2135 3094/2136 3102/2136 3103/2135
f 3086/2136 3084/2126 3093/2126 3094/2136
f 3081/2144 3082/2143 3084/2145 3083/2146
f 3074/2147 3096/2148 3104/2149 3098/2150
f 3076/2147 3090/2148 3096/2148 3074/2147
f 3083/2146 3084/2145 3086/2136 3085/2151
f 3097/2129 3098/2130 3106/2130 3105/2129
f 3084/2126 3082/2143 3092/2143 3093/2126
f 3085/2151 3086/2136 3088/2135 3087/2152
f 3090/2148 3088/2135 3095/2135 3096/2148
f 3092/2153 3091/2141 3099/2141 3100/2154
f 3087/2152 3088/2135 3090/2148 3089/2155
f 3096/2148 3095/2135 3103/2135 3104/2148
f 3082/2143 3080/2139 3091/2139 3092/2143
f 3089/2155 3090/2148 3076/2147 3075/2156
f 3093/2126 3092/2143 3100/2143 3101/2126
f 3111/2157 3110/2158 3118/2159 3119/2160
f 3100/2153 3099/2141 3107/2141 3108/2153
f 3102/2125 3101/2126 3109/2126 3110/2125
f 3104/2148 3103/2135 3111/2135 3112/2148
f 3099/2141 3097/2129 3105/2129 3107/2141
f 3101/2126 3100/2143 3108/2143 3109/2126
f 3103/2135 3102/2136 3110/2136 3111/2135
f 3098/2147 3104/2148 3112/2148 3106/2147
f 3115/2161 3113/2162 3121/2163 3123/2164
f 3106/2147 3112/2148 3120/2148 3114/2147
f 3105/2129 3106/2130 3114/2130 3113/2129
f 3108/2153 3107/2141 3115/2141 3116/2153
f 3110/2125 3109/2126 3117/2126 3118/2125
f 3112/2148 3111/2135 3119/2135 3120/2148
f 3107/2141 3105/2129 3113/2129 3115/2141
f 3109/2126 3108/2143 3116/2143 3117/2126
f 5459/2165 5457/2166 5461/2167 5460/2168
f 3117/2126 3116/2143 3124/2143 3125/2126
f 3119/2157 3118/2158 3126/2158 3127/2157
f 3114/2147 3120/2148 3128/2148 3122/2147
f 3113/2129 3114/2130 3122/2130 3121/2129
f 3116/2153 3115/2141 3123/2141 3124/2153
f 3118/2125 3117/2126 3125/2126 3126/2125
f 3120/2148 3119/2135 3127/2135 3128/2148
f 3150/2169 3149/2170 3157/2171 3158/2172
f 3134/2173 3132/2174 3130/2175 3129/2176
f 3131/2177 3132/2174 3134/2173 3133/2178
f 3129/2173 3130/2174 3154/2174 3153/2173
f 3144/2179 3142/2180 3150/2181 3151/2182
f 3133/2178 3134/2173 3136/2183 3135/2184
f 3147/2185 3129/2173 3153/2173 3155/2186
f 3136/2183 3134/2173 3129/2173 3147/2183
f 3135/2184 3136/2183 3138/2187 3137/2188
f 3151/2179 3150/2180 3158/2180 3159/2179
f 3142/2180 3140/2170 3149/2170 3150/2180
f 3137/2188 3138/2187 3140/2189 3139/2190
f 3130/2191 3152/2192 3160/2193 3154/2194
f 3132/2191 3146/2192 3152/2192 3130/2191
f 3139/2190 3140/2189 3142/2180 3141/2195
f 3153/2173 3154/2174 3162/2174 3161/2173
f 3140/2170 3138/2187 3148/2187 3149/2170
f 3141/2195 3142/2180 3144/2179 3143/2196
f 3146/2192 3144/2179 3151/2179 3152/2192
f 3148/2197 3147/2185 3155/2185 3156/2198
f 3143/2196 3144/2179 3146/2192 3145/2199
f 3152/2192 3151/2179 3159/2179 3160/2192
f 3138/2187 3136/2183 3147/2183 3148/2187
f 3145/2199 3146/2192 3132/2191 3131/2200
f 3149/2170 3148/2187 3156/2187 3157/2170
f 3167/2201 3166/2202 3174/2203 3175/2204
f 3156/2197 3155/2185 3163/2185 3164/2197
f 3158/2169 3157/2170 3165/2170 3166/2169
f 3160/2192 3159/2179 3167/2179 3168/2192
f 3155/2185 3153/2173 3161/2173 3163/2185
f 3157/2170 3156/2187 3164/2187 3165/2170
f 3159/2179 3158/2180 3166/2180 3167/2179
f 3154/2191 3160/2192 3168/2192 3162/2191
f 3176/2205 3175/2206 3347/2207 3345/2208
f 3162/2191 3168/2192 3176/2192 3170/2191
f 3161/2173 3162/2174 3170/2174 3169/2173
f 3164/2197 3163/2185 3171/2185 3172/2197
f 3166/2169 3165/2170 3173/2170 3174/2169
f 3168/2192 3167/2179 3175/2179 3176/2192
f 3163/2185 3161/2173 3169/2173 3171/2185
f 3165/2170 3164/2187 3172/2187 3173/2170
f 3174/2169 3173/2170 3352/2170 3346/2169
f 3283/2209 3281/2210 3236/2211 3238/2212
f 3170/2191 3176/2192 3345/2192 3349/2191
f 3229/2213 3228/2214 3295/2215 3296/2216
f 3281/2210 3282/2217 3237/2218 3236/2210
f 3231/2219 3230/2220 3290/2221 3291/2222
f 3230/2220 3229/2213 3296/2213 3290/2220
f 3206/2223 3205/2224 3213/2225 3214/2226
f 3190/2227 3188/2228 3186/2229 3185/2230
f 3187/2231 3188/2228 3190/2227 3189/2232
f 3185/2227 3186/2228 3210/2228 3209/2227
f 3200/2233 3198/2234 3206/2235 3207/2236
f 3189/2232 3190/2227 3192/2237 3191/2238
f 3203/2239 3185/2227 3209/2227 3211/2240
f 3192/2237 3190/2227 3185/2227 3203/2237
f 3191/2238 3192/2237 3194/2241 3193/2242
f 3207/2233 3206/2234 3214/2234 3215/2233
f 3198/2234 3196/2224 3205/2224 3206/2234
f 3193/2242 3194/2241 3196/2243 3195/2244
f 3186/2245 3208/2246 3216/2247 3210/2248
f 3188/2245 3202/2246 3208/2246 3186/2245
f 3195/2244 3196/2243 3198/2234 3197/2249
f 3209/2227 3210/2228 3218/2228 3217/2227
f 3196/2224 3194/2241 3204/2241 3205/2224
f 3197/2249 3198/2234 3200/2233 3199/2250
f 3202/2246 3200/2233 3207/2233 3208/2246
f 3204/2251 3203/2239 3211/2239 3212/2252
f 3199/2250 3200/2233 3202/2246 3201/2253
f 3208/2246 3207/2233 3215/2233 3216/2246
f 3194/2241 3192/2237 3203/2237 3204/2241
f 3201/2253 3202/2246 3188/2245 3187/2254
f 3205/2224 3204/2241 3212/2241 3213/2224
f 3223/2219 3222/2220 3230/2220 3231/2219
f 3212/2251 3211/2239 3219/2239 3220/2251
f 3214/2223 3213/2224 3221/2224 3222/2223
f 3216/2246 3215/2233 3223/2233 3224/2246
f 3211/2239 3209/2227 3217/2227 3219/2239
f 3213/2224 3212/2241 3220/2241 3221/2224
f 3215/2233 3214/2234 3222/2234 3223/2233
f 3210/2245 3216/2246 3224/2246 3218/2245
f 3232/2255 3231/2219 3291/2219 3289/2256
f 3218/2245 3224/2246 3232/2246 3226/2245
f 3217/2227 3218/2228 3226/2228 3225/2227
f 3220/2251 3219/2239 3227/2239 3228/2251
f 3222/2223 3221/2224 3229/2224 3230/2223
f 3224/2246 3223/2233 3231/2233 3232/2246
f 3219/2239 3217/2227 3225/2227 3227/2239
f 3221/2224 3220/2241 3228/2241 3229/2224
f 3284/2257 3283/2209 3238/2209 3239/2258
f 3227/2239 3225/2227 3292/2227 3294/2239
f 3339/2259 3337/2260 3180/2261 3182/2262
f 3226/2245 3232/2246 3289/2246 3293/2245
f 3285/2263 3284/2257 3239/2257 3240/2264
f 3337/2260 3338/2265 3181/2266 3180/2260
f 3287/2267 3286/2268 3234/2269 3235/2270
f 3286/2268 3285/2263 3240/2263 3234/2268
f 3262/2271 3261/2272 3269/2273 3270/2274
f 3246/2275 3244/2276 3242/2277 3241/2278
f 3243/2279 3244/2276 3246/2275 3245/2280
f 3241/2275 3242/2276 3266/2276 3265/2275
f 3256/2281 3254/2282 3262/2283 3263/2284
f 3245/2280 3246/2275 3248/2285 3247/2286
f 3259/2287 3241/2275 3265/2275 3267/2288
f 3248/2285 3246/2275 3241/2275 3259/2285
f 3247/2286 3248/2285 3250/2289 3249/2290
f 3263/2281 3262/2282 3270/2282 3271/2281
f 3254/2282 3252/2272 3261/2272 3262/2282
f 3249/2290 3250/2289 3252/2291 3251/2292
f 3242/2293 3264/2294 3272/2295 3266/2296
f 3244/2293 3258/2294 3264/2294 3242/2293
f 3251/2292 3252/2291 3254/2282 3253/2297
f 3265/2275 3266/2276 3274/2276 3273/2275
f 3252/2272 3250/2289 3260/2289 3261/2272
f 3253/2297 3254/2282 3256/2281 3255/2298
f 3258/2294 3256/2281 3263/2281 3264/2294
f 3260/2299 3259/2287 3267/2287 3268/2300
f 3255/2298 3256/2281 3258/2294 3257/2301
f 3264/2294 3263/2281 3271/2281 3272/2294
f 3250/2289 3248/2285 3259/2285 3260/2289
f 3257/2301 3258/2294 3244/2293 3243/2302
f 896/2303 894/2304 892/2305 882/2306
f 3261/2272 3260/2289 3268/2289 3269/2272
f 3279/2267 3278/2268 3286/2268 3287/2267
f 3268/2299 3267/2287 3275/2287 3276/2299
f 3270/2271 3269/2272 3277/2272 3278/2271
f 3272/2294 3271/2281 3279/2281 3280/2294
f 3267/2287 3265/2275 3273/2275 3275/2287
f 3269/2272 3268/2289 3276/2289 3277/2272
f 3271/2281 3270/2282 3278/2282 3279/2281
f 3266/2293 3272/2294 3280/2294 3274/2293
f 3288/2307 3287/2267 3235/2267 3233/2308
f 3274/2293 3280/2294 3288/2294 3282/2293
f 3273/2275 3274/2276 3282/2276 3281/2275
f 3276/2299 3275/2287 3283/2287 3284/2299
f 3278/2271 3277/2272 3285/2272 3286/2271
f 3280/2294 3279/2281 3287/2281 3288/2294
f 3275/2287 3273/2275 3281/2275 3283/2287
f 3277/2272 3276/2289 3284/2289 3285/2272
f 3340/2309 3339/2259 3182/2259 3183/2310
f 3175/2201 3174/2202 3346/2202 3347/2201
f 3171/2185 3169/2173 3348/2173 3350/2185
f 3282/2293 3288/2294 3233/2294 3237/2293
f 3341/2311 3340/2309 3183/2309 3184/2312
f 3169/2173 3170/2174 3349/2174 3348/2173
f 3343/2313 3342/2314 3178/2315 3179/2316
f 3342/2314 3341/2311 3184/2311 3178/2314
f 3318/2317 3317/2318 3325/2319 3326/2320
f 3302/2321 3300/2322 3298/2323 3297/2324
f 3299/2325 3300/2322 3302/2321 3301/2326
f 3297/2321 3298/2322 3322/2322 3321/2321
f 3312/2327 3310/2328 3318/2329 3319/2330
f 3301/2326 3302/2321 3304/2331 3303/2332
f 3315/2333 3297/2321 3321/2321 3323/2334
f 3304/2331 3302/2321 3297/2321 3315/2331
f 3303/2332 3304/2331 3306/2335 3305/2336
f 3319/2327 3318/2328 3326/2328 3327/2327
f 3310/2328 3308/2318 3317/2318 3318/2328
f 3305/2336 3306/2335 3308/2337 3307/2338
f 3298/2339 3320/2340 3328/2341 3322/2342
f 3300/2339 3314/2340 3320/2340 3298/2339
f 3307/2338 3308/2337 3310/2328 3309/2343
f 3321/2321 3322/2322 3330/2322 3329/2321
f 3308/2318 3306/2335 3316/2335 3317/2318
f 3309/2343 3310/2328 3312/2327 3311/2344
f 3314/2340 3312/2327 3319/2327 3320/2340
f 3316/2345 3315/2333 3323/2333 3324/2346
f 3311/2344 3312/2327 3314/2340 3313/2347
f 3320/2340 3319/2327 3327/2327 3328/2340
f 3306/2335 3304/2331 3315/2331 3316/2335
f 3313/2347 3314/2340 3300/2339 3299/2348
f 2581/2349 2583/2350 2593/2351 2579/2352
f 3317/2318 3316/2335 3324/2335 3325/2318
f 3335/2313 3334/2314 3342/2314 3343/2313
f 3324/2345 3323/2333 3331/2333 3332/2345
f 3326/2317 3325/2318 3333/2318 3334/2317
f 3328/2340 3327/2327 3335/2327 3336/2340
f 3323/2333 3321/2321 3329/2321 3331/2333
f 3325/2318 3324/2335 3332/2335 3333/2318
f 3327/2327 3326/2328 3334/2328 3335/2327
f 3322/2339 3328/2340 3336/2340 3330/2339
f 3344/2353 3343/2313 3179/2313 3177/2354
f 3330/2339 3336/2340 3344/2340 3338/2339
f 3329/2321 3330/2322 3338/2322 3337/2321
f 3332/2345 3331/2333 3339/2333 3340/2345
f 3334/2317 3333/2318 3341/2318 3342/2317
f 3336/2340 3335/2327 3343/2327 3344/2340
f 3331/2333 3329/2321 3337/2321 3339/2333
f 3333/2318 3332/2335 3340/2335 3341/2318
f 3172/2197 3171/2185 3350/2185 3351/2197
f 3182/2259 3180/2260 3804/2260 3806/2259
f 3830/2185 3350/2185 3348/2173 3828/2173
f 3338/2339 3344/2340 3177/2340 3181/2339
f 3173/2170 3172/2187 3351/2187 3352/2170
f 3225/2227 3226/2228 3293/2228 3292/2227
f 3180/2260 3181/2265 3805/2265 3804/2260
f 3346/2169 3352/2170 3832/2170 3826/2169
f 3374/2355 3373/2356 3381/2357 3382/2358
f 3358/2359 3356/2360 3354/2361 3353/2362
f 3355/2363 3356/2360 3358/2359 3357/2364
f 3353/2359 3354/2360 3378/2360 3377/2359
f 3368/2365 3366/2366 3374/2367 3375/2368
f 3357/2364 3358/2359 3360/2369 3359/2370
f 3371/2371 3353/2359 3377/2359 3379/2372
f 3360/2369 3358/2359 3353/2359 3371/2369
f 3359/2370 3360/2369 3362/2373 3361/2374
f 3375/2365 3374/2366 3382/2366 3383/2365
f 3366/2366 3364/2356 3373/2356 3374/2366
f 3361/2374 3362/2373 3364/2375 3363/2376
f 3354/2377 3376/2378 3384/2379 3378/2380
f 3356/2377 3370/2378 3376/2378 3354/2377
f 3363/2376 3364/2375 3366/2366 3365/2381
f 3377/2359 3378/2360 3386/2360 3385/2359
f 3364/2356 3362/2373 3372/2373 3373/2356
f 3365/2381 3366/2366 3368/2365 3367/2382
f 3370/2378 3368/2365 3375/2365 3376/2378
f 3372/2383 3371/2371 3379/2371 3380/2384
f 3367/2382 3368/2365 3370/2378 3369/2385
f 3376/2378 3375/2365 3383/2365 3384/2378
f 3362/2373 3360/2369 3371/2369 3372/2373
f 3369/2385 3370/2378 3356/2377 3355/2386
f 3373/2356 3372/2373 3380/2373 3381/2356
f 3391/2387 3390/2388 3398/2389 3399/2390
f 3380/2383 3379/2371 3387/2371 3388/2383
f 3382/2355 3381/2356 3389/2356 3390/2355
f 3384/2378 3383/2365 3391/2365 3392/2378
f 3379/2371 3377/2359 3385/2359 3387/2371
f 3381/2356 3380/2373 3388/2373 3389/2356
f 3383/2365 3382/2366 3390/2366 3391/2365
f 3378/2377 3384/2378 3392/2378 3386/2377
f 6143/2391 6142/2392 6141/2393 6144/2394
f 3386/2377 3392/2378 3400/2378 3394/2377
f 3385/2359 3386/2360 3394/2360 3393/2359
f 3388/2383 3387/2371 3395/2371 3396/2383
f 3390/2355 3389/2356 3397/2356 3398/2355
f 3392/2378 3391/2365 3399/2365 3400/2378
f 3387/2371 3385/2359 3393/2359 3395/2371
f 3389/2356 3388/2373 3396/2373 3397/2356
f 3462/2395 3464/2396 3408/2397 3406/2398
f 3397/2356 3396/2373 3964/2373 3965/2356
f 3454/2399 3453/2400 3981/2401 3982/2402
f 3398/2355 3397/2356 3965/2356 3966/2355
f 3455/2403 3454/2399 3982/2399 3983/2404
f 3399/2387 3398/2388 3966/2388 3967/2387
f 3456/2405 3455/2403 3983/2403 3984/2406
f 3400/2378 3399/2365 3967/2365 3968/2378
f 3430/2407 3429/2408 3437/2409 3438/2410
f 3414/2411 3412/2412 3410/2413 3409/2414
f 3411/2415 3412/2412 3414/2411 3413/2416
f 3409/2411 3410/2412 3434/2412 3433/2411
f 3424/2417 3422/2418 3430/2419 3431/2420
f 3413/2416 3414/2411 3416/2421 3415/2422
f 3427/2423 3409/2411 3433/2411 3435/2424
f 3416/2421 3414/2411 3409/2411 3427/2421
f 3415/2422 3416/2421 3418/2425 3417/2426
f 3431/2417 3430/2418 3438/2418 3439/2417
f 3422/2418 3420/2408 3429/2408 3430/2418
f 3417/2426 3418/2425 3420/2427 3419/2428
f 3410/2429 3432/2430 3440/2431 3434/2432
f 3412/2429 3426/2430 3432/2430 3410/2429
f 3419/2428 3420/2427 3422/2418 3421/2433
f 3433/2411 3434/2412 3442/2412 3441/2411
f 3420/2408 3418/2425 3428/2425 3429/2408
f 3421/2433 3422/2418 3424/2417 3423/2434
f 3426/2430 3424/2417 3431/2417 3432/2430
f 3428/2435 3427/2423 3435/2423 3436/2436
f 3423/2434 3424/2417 3426/2430 3425/2437
f 3432/2430 3431/2417 3439/2417 3440/2430
f 3418/2425 3416/2421 3427/2421 3428/2425
f 3425/2437 3426/2430 3412/2429 3411/2438
f 3429/2408 3428/2425 3436/2425 3437/2408
f 3447/2403 3446/2399 3454/2399 3455/2403
f 3436/2435 3435/2423 3443/2423 3444/2435
f 3438/2407 3437/2408 3445/2408 3446/2407
f 3440/2430 3439/2417 3447/2417 3448/2430
f 3435/2423 3433/2411 3441/2411 3443/2423
f 3437/2408 3436/2425 3444/2425 3445/2408
f 3439/2417 3438/2418 3446/2418 3447/2417
f 3434/2429 3440/2430 3448/2430 3442/2429
f 3450/2439 3456/2405 3984/2405 3978/2440
f 3442/2429 3448/2430 3456/2430 3450/2429
f 3441/2411 3442/2412 3450/2412 3449/2411
f 3444/2435 3443/2423 3451/2423 3452/2435
f 3446/2407 3445/2408 3453/2408 3454/2407
f 3448/2430 3447/2417 3455/2417 3456/2430
f 3443/2423 3441/2411 3449/2411 3451/2423
f 3445/2408 3444/2425 3452/2425 3453/2408
f 3394/2377 3400/2378 3968/2378 3962/2377
f 3449/2411 3450/2412 3978/2412 3977/2411
f 3393/2359 3394/2360 3962/2360 3961/2359
f 3451/2423 3449/2411 3977/2411 3979/2423
f 3395/2371 3393/2359 3961/2359 3963/2371
f 3452/2435 3451/2423 3979/2423 3980/2435
f 3396/2383 3395/2371 3963/2371 3964/2383
f 3453/2408 3452/2425 3980/2425 3981/2408
f 3486/2441 3485/2442 3493/2443 3494/2444
f 3470/2445 3468/2446 3466/2447 3465/2448
f 3467/2449 3468/2446 3470/2445 3469/2450
f 3465/2445 3466/2446 3490/2446 3489/2445
f 3480/2451 3478/2452 3486/2453 3487/2454
f 3469/2450 3470/2445 3472/2455 3471/2456
f 3483/2457 3465/2445 3489/2445 3491/2458
f 3472/2455 3470/2445 3465/2445 3483/2455
f 3471/2456 3472/2455 3474/2459 3473/2460
f 3487/2451 3486/2452 3494/2452 3495/2451
f 3478/2452 3476/2442 3485/2442 3486/2452
f 3473/2460 3474/2459 3476/2461 3475/2462
f 3466/2463 3488/2464 3496/2465 3490/2466
f 3468/2463 3482/2464 3488/2464 3466/2463
f 3475/2462 3476/2461 3478/2452 3477/2467
f 3489/2445 3490/2446 3498/2446 3497/2445
f 3476/2442 3474/2459 3484/2459 3485/2442
f 3477/2467 3478/2452 3480/2451 3479/2468
f 3482/2464 3480/2451 3487/2451 3488/2464
f 3484/2469 3483/2457 3491/2457 3492/2470
f 3479/2468 3480/2451 3482/2464 3481/2471
f 3488/2464 3487/2451 3495/2451 3496/2464
f 3474/2459 3472/2455 3483/2455 3484/2459
f 3481/2471 3482/2464 3468/2463 3467/2472
f 3485/2442 3484/2459 3492/2459 3493/2442
f 3503/2473 3502/2474 3510/2475 3511/2476
f 3492/2469 3491/2457 3499/2457 3500/2469
f 3494/2441 3493/2442 3501/2442 3502/2441
f 3496/2464 3495/2451 3503/2451 3504/2464
f 3491/2457 3489/2445 3497/2445 3499/2457
f 3493/2442 3492/2459 3500/2459 3501/2442
f 3495/2451 3494/2452 3502/2452 3503/2451
f 3490/2463 3496/2464 3504/2464 3498/2463
f 3515/2477 3513/2478 3569/2479 3571/2480
f 3498/2463 3504/2464 3512/2464 3506/2463
f 3497/2445 3498/2446 3506/2446 3505/2445
f 3500/2469 3499/2457 3507/2457 3508/2469
f 3502/2441 3501/2442 3509/2442 3510/2441
f 3504/2464 3503/2451 3511/2451 3512/2464
f 3499/2457 3497/2445 3505/2445 3507/2457
f 3501/2442 3500/2459 3508/2459 3509/2442
f 3795/2481 3793/2482 3794/2483 3796/2484
f 3510/2441 3509/2442 3988/2442 3987/2441
f 3567/2485 3566/2486 4014/2487 4015/2488
f 3511/2473 3510/2474 3987/2474 3986/2473
f 3568/2489 3567/2485 4015/2485 4016/2490
f 3512/2464 3511/2451 3986/2451 3985/2464
f 3562/2491 3568/2489 4016/2489 4010/2492
f 3506/2463 3512/2464 3985/2464 3991/2463
f 3542/2493 3541/2494 3549/2495 3550/2496
f 3526/2497 3524/2498 3522/2499 3521/2500
f 3523/2501 3524/2498 3526/2497 3525/2502
f 3521/2497 3522/2498 3546/2498 3545/2497
f 3536/2503 3534/2504 3542/2505 3543/2506
f 3525/2502 3526/2497 3528/2507 3527/2508
f 3539/2509 3521/2497 3545/2497 3547/2510
f 3528/2507 3526/2497 3521/2497 3539/2507
f 3527/2508 3528/2507 3530/2511 3529/2512
f 3543/2503 3542/2504 3550/2504 3551/2503
f 3534/2504 3532/2494 3541/2494 3542/2504
f 3529/2512 3530/2511 3532/2513 3531/2514
f 3522/2515 3544/2516 3552/2517 3546/2518
f 3524/2515 3538/2516 3544/2516 3522/2515
f 3531/2514 3532/2513 3534/2504 3533/2519
f 3545/2497 3546/2498 3554/2498 3553/2497
f 3532/2494 3530/2511 3540/2511 3541/2494
f 3533/2519 3534/2504 3536/2503 3535/2520
f 3538/2516 3536/2503 3543/2503 3544/2516
f 3540/2521 3539/2509 3547/2509 3548/2522
f 3535/2520 3536/2503 3538/2516 3537/2523
f 3544/2516 3543/2503 3551/2503 3552/2516
f 3530/2511 3528/2507 3539/2507 3540/2511
f 3537/2523 3538/2516 3524/2515 3523/2524
f 3541/2494 3540/2511 3548/2511 3549/2494
f 3559/2485 3558/2486 3566/2486 3567/2485
f 3548/2521 3547/2509 3555/2509 3556/2521
f 3550/2493 3549/2494 3557/2494 3558/2493
f 3552/2516 3551/2503 3559/2503 3560/2516
f 3547/2509 3545/2497 3553/2497 3555/2509
f 3549/2494 3548/2511 3556/2511 3557/2494
f 3551/2503 3550/2504 3558/2504 3559/2503
f 3546/2515 3552/2516 3560/2516 3554/2515
f 3561/2525 3562/2526 4010/2527 4009/2528
f 3554/2515 3560/2516 3568/2516 3562/2515
f 3553/2497 3554/2498 3562/2498 3561/2497
f 3556/2521 3555/2509 3563/2509 3564/2521
f 3558/2493 3557/2494 3565/2494 3566/2493
f 3560/2516 3559/2503 3567/2503 3568/2516
f 3555/2509 3553/2497 3561/2497 3563/2509
f 3557/2494 3556/2511 3564/2511 3565/2494
f 3505/2445 3506/2446 3991/2446 3992/2445
f 3563/2509 3561/2497 4009/2497 4011/2509
f 3507/2457 3505/2445 3992/2445 3990/2457
f 3564/2521 3563/2509 4011/2509 4012/2521
f 3508/2469 3507/2457 3990/2457 3989/2469
f 3565/2494 3564/2511 4012/2511 4013/2494
f 3509/2442 3508/2459 3989/2459 3988/2442
f 3566/2493 3565/2494 4013/2494 4014/2493
f 3598/2529 3597/2530 3605/2531 3606/2532
f 3582/2533 3580/2534 3578/2535 3577/2536
f 3579/2537 3580/2534 3582/2533 3581/2538
f 3577/2533 3578/2534 3602/2534 3601/2533
f 3592/2539 3590/2540 3598/2541 3599/2542
f 3581/2538 3582/2533 3584/2543 3583/2544
f 3595/2545 3577/2533 3601/2533 3603/2546
f 3584/2543 3582/2533 3577/2533 3595/2543
f 3583/2544 3584/2543 3586/2547 3585/2548
f 3599/2539 3598/2540 3606/2540 3607/2539
f 3590/2540 3588/2530 3597/2530 3598/2540
f 3585/2548 3586/2547 3588/2549 3587/2550
f 3578/2551 3600/2552 3608/2553 3602/2554
f 3580/2551 3594/2552 3600/2552 3578/2551
f 3587/2550 3588/2549 3590/2540 3589/2555
f 3601/2533 3602/2534 3610/2534 3609/2533
f 3588/2530 3586/2547 3596/2547 3597/2530
f 3589/2555 3590/2540 3592/2539 3591/2556
f 3594/2552 3592/2539 3599/2539 3600/2552
f 3596/2557 3595/2545 3603/2545 3604/2558
f 3591/2556 3592/2539 3594/2552 3593/2559
f 3600/2552 3599/2539 3607/2539 3608/2552
f 3586/2547 3584/2543 3595/2543 3596/2547
f 3593/2559 3594/2552 3580/2551 3579/2560
f 3597/2530 3596/2547 3604/2547 3605/2530
f 3615/2561 3614/2562 3622/2563 3623/2564
f 3604/2557 3603/2545 3611/2545 3612/2557
f 3606/2529 3605/2530 3613/2530 3614/2529
f 3608/2552 3607/2539 3615/2539 3616/2552
f 3603/2545 3601/2533 3609/2533 3611/2545
f 3605/2530 3604/2547 3612/2547 3613/2530
f 3607/2539 3606/2540 3614/2540 3615/2539
f 3602/2551 3608/2552 3616/2552 3610/2551
f 5180/2565 5182/2566 5183/2567 5184/2568
f 3610/2551 3616/2552 3624/2552 3618/2551
f 3609/2533 3610/2534 3618/2534 3617/2533
f 3612/2557 3611/2545 3619/2545 3620/2557
f 3614/2529 3613/2530 3621/2530 3622/2529
f 3616/2552 3615/2539 3623/2539 3624/2552
f 3611/2545 3609/2533 3617/2533 3619/2545
f 3613/2530 3612/2547 3620/2547 3621/2530
f 4134/2569 4136/2570 3688/2571 3686/2572
f 3623/2561 3622/2562 4019/2562 4018/2561
f 3680/2573 3679/2574 4047/2575 4048/2576
f 3624/2552 3623/2539 4018/2539 4017/2552
f 3674/2577 3680/2573 4048/2573 4042/2578
f 3618/2551 3624/2552 4017/2552 4023/2551
f 3673/2579 3674/2580 4042/2581 4041/2582
f 3617/2533 3618/2534 4023/2534 4024/2533
f 3654/2583 3653/2584 3661/2585 3662/2586
f 3638/2587 3636/2588 3634/2589 3633/2590
f 3635/2591 3636/2588 3638/2587 3637/2592
f 3633/2587 3634/2588 3658/2588 3657/2587
f 3648/2593 3646/2594 3654/2595 3655/2596
f 3637/2592 3638/2587 3640/2597 3639/2598
f 3651/2599 3633/2587 3657/2587 3659/2600
f 3640/2597 3638/2587 3633/2587 3651/2597
f 3639/2598 3640/2597 3642/2601 3641/2602
f 3655/2593 3654/2594 3662/2594 3663/2593
f 3646/2594 3644/2584 3653/2584 3654/2594
f 3641/2602 3642/2601 3644/2603 3643/2604
f 3634/2605 3656/2606 3664/2607 3658/2608
f 3636/2605 3650/2606 3656/2606 3634/2605
f 3643/2604 3644/2603 3646/2594 3645/2609
f 3657/2587 3658/2588 3666/2588 3665/2587
f 3644/2584 3642/2601 3652/2601 3653/2584
f 3645/2609 3646/2594 3648/2593 3647/2610
f 3650/2606 3648/2593 3655/2593 3656/2606
f 3652/2611 3651/2599 3659/2599 3660/2612
f 3647/2610 3648/2593 3650/2606 3649/2613
f 3656/2606 3655/2593 3663/2593 3664/2606
f 3642/2601 3640/2597 3651/2597 3652/2601
f 3649/2613 3650/2606 3636/2605 3635/2614
f 3653/2584 3652/2601 3660/2601 3661/2584
f 3671/2615 3670/2616 3678/2617 3679/2618
f 3660/2611 3659/2599 3667/2599 3668/2611
f 3662/2583 3661/2584 3669/2584 3670/2583
f 3664/2606 3663/2593 3671/2593 3672/2606
f 3659/2599 3657/2587 3665/2587 3667/2599
f 3661/2584 3660/2601 3668/2601 3669/2584
f 3663/2593 3662/2594 3670/2594 3671/2593
f 3658/2605 3664/2606 3672/2606 3666/2605
f 3675/2619 3673/2579 4041/2579 4043/2620
f 3666/2605 3672/2606 3680/2606 3674/2605
f 3665/2587 3666/2588 3674/2588 3673/2587
f 3668/2611 3667/2599 3675/2599 3676/2611
f 3670/2583 3669/2584 3677/2584 3678/2583
f 3672/2606 3671/2593 3679/2593 3680/2606
f 3667/2599 3665/2587 3673/2587 3675/2599
f 3669/2584 3668/2601 3676/2601 3677/2584
f 3619/2545 3617/2533 4024/2533 4022/2545
f 3676/2611 3675/2599 4043/2599 4044/2611
f 3620/2557 3619/2545 4022/2545 4021/2557
f 3677/2584 3676/2601 4044/2601 4045/2584
f 3621/2530 3620/2547 4021/2547 4020/2530
f 3678/2583 3677/2584 4045/2584 4046/2583
f 3622/2529 3621/2530 4020/2530 4019/2529
f 3679/2615 3678/2616 4046/2616 4047/2615
f 3710/2621 3709/2622 3717/2623 3718/2624
f 3694/2625 3692/2626 3690/2627 3689/2628
f 3691/2629 3692/2626 3694/2625 3693/2630
f 3689/2625 3690/2626 3714/2626 3713/2625
f 3704/2631 3702/2632 3710/2633 3711/2634
f 3693/2630 3694/2625 3696/2635 3695/2636
f 3707/2637 3689/2625 3713/2625 3715/2638
f 3696/2635 3694/2625 3689/2625 3707/2635
f 3695/2636 3696/2635 3698/2639 3697/2640
f 3711/2631 3710/2632 3718/2632 3719/2631
f 3702/2632 3700/2622 3709/2622 3710/2632
f 3697/2640 3698/2639 3700/2641 3699/2642
f 3690/2643 3712/2644 3720/2645 3714/2646
f 3692/2643 3706/2644 3712/2644 3690/2643
f 3699/2642 3700/2641 3702/2632 3701/2647
f 3713/2625 3714/2626 3722/2626 3721/2625
f 3700/2622 3698/2639 3708/2639 3709/2622
f 3701/2647 3702/2632 3704/2631 3703/2648
f 3706/2644 3704/2631 3711/2631 3712/2644
f 3708/2649 3707/2637 3715/2637 3716/2650
f 3703/2648 3704/2631 3706/2644 3705/2651
f 3712/2644 3711/2631 3719/2631 3720/2644
f 3698/2639 3696/2635 3707/2635 3708/2639
f 3705/2651 3706/2644 3692/2643 3691/2652
f 3709/2622 3708/2639 3716/2639 3717/2622
f 3727/2653 3726/2654 3734/2655 3735/2656
f 3716/2649 3715/2637 3723/2637 3724/2649
f 3718/2621 3717/2622 3725/2622 3726/2621
f 3720/2644 3719/2631 3727/2631 3728/2644
f 3715/2637 3713/2625 3721/2625 3723/2637
f 3717/2622 3716/2639 3724/2639 3725/2622
f 3719/2631 3718/2632 3726/2632 3727/2631
f 3714/2643 3720/2644 3728/2644 3722/2643
f 3731/2657 3729/2658 3737/2659 3739/2660
f 3722/2643 3728/2644 3736/2644 3730/2643
f 3721/2625 3722/2626 3730/2626 3729/2625
f 3724/2649 3723/2637 3731/2637 3732/2649
f 3726/2621 3725/2622 3733/2622 3734/2621
f 3728/2644 3727/2631 3735/2631 3736/2644
f 3723/2637 3721/2625 3729/2625 3731/2637
f 3725/2622 3724/2639 3732/2639 3733/2622
f 4039/2661 4038/2662 4037/2663 4040/2664
f 3733/2622 3732/2639 3740/2639 3741/2622
f 3735/2653 3734/2654 3742/2654 3743/2653
f 3730/2643 3736/2644 3744/2644 3738/2643
f 3729/2625 3730/2626 3738/2626 3737/2625
f 3732/2649 3731/2637 3739/2637 3740/2649
f 3734/2621 3733/2622 3741/2622 3742/2621
f 3736/2644 3735/2631 3743/2631 3744/2644
f 3766/2665 3765/2666 3773/2667 3774/2668
f 3750/2669 3748/2670 3746/2671 3745/2672
f 3747/2673 3748/2670 3750/2669 3749/2674
f 3745/2669 3746/2670 3770/2670 3769/2669
f 3760/2675 3758/2676 3766/2677 3767/2678
f 3749/2674 3750/2669 3752/2679 3751/2680
f 3763/2681 3745/2669 3769/2669 3771/2682
f 3752/2679 3750/2669 3745/2669 3763/2679
f 3751/2680 3752/2679 3754/2683 3753/2684
f 3767/2675 3766/2676 3774/2676 3775/2675
f 3758/2676 3756/2666 3765/2666 3766/2676
f 3753/2684 3754/2683 3756/2685 3755/2686
f 3746/2687 3768/2688 3776/2689 3770/2690
f 3748/2687 3762/2688 3768/2688 3746/2687
f 3755/2686 3756/2685 3758/2676 3757/2691
f 3769/2669 3770/2670 3778/2670 3777/2669
f 3756/2666 3754/2683 3764/2683 3765/2666
f 3757/2691 3758/2676 3760/2675 3759/2692
f 3762/2688 3760/2675 3767/2675 3768/2688
f 3764/2693 3763/2681 3771/2681 3772/2694
f 3759/2692 3760/2675 3762/2688 3761/2695
f 3768/2688 3767/2675 3775/2675 3776/2688
f 3754/2683 3752/2679 3763/2679 3764/2683
f 3761/2695 3762/2688 3748/2687 3747/2696
f 3765/2666 3764/2683 3772/2683 3773/2666
f 3783/2697 3782/2698 3790/2699 3791/2700
f 3772/2693 3771/2681 3779/2681 3780/2693
f 3774/2665 3773/2666 3781/2666 3782/2665
f 3776/2688 3775/2675 3783/2675 3784/2688
f 3771/2681 3769/2669 3777/2669 3779/2681
f 3773/2666 3772/2683 3780/2683 3781/2666
f 3775/2675 3774/2676 3782/2676 3783/2675
f 3770/2687 3776/2688 3784/2688 3778/2687
f 3787/2701 3785/2702 3793/2703 3795/2704
f 3778/2687 3784/2688 3792/2688 3786/2687
f 3777/2669 3778/2670 3786/2670 3785/2669
f 3780/2693 3779/2681 3787/2681 3788/2693
f 3782/2665 3781/2666 3789/2666 3790/2665
f 3784/2688 3783/2675 3791/2675 3792/2688
f 3779/2681 3777/2669 3785/2669 3787/2681
f 3781/2666 3780/2683 3788/2683 3789/2666
f 5011/2705 5009/2706 5010/2707 5012/2708
f 3789/2666 3788/2683 3796/2683 3797/2666
f 3791/2697 3790/2698 3798/2698 3799/2697
f 3786/2687 3792/2688 3800/2688 3794/2687
f 3785/2669 3786/2670 3794/2670 3793/2669
f 3788/2693 3787/2681 3795/2681 3796/2693
f 3790/2665 3789/2666 3797/2666 3798/2665
f 3792/2688 3791/2675 3799/2675 3800/2688
f 3228/2251 3227/2239 3294/2239 3295/2251
f 2477/2709 2479/2710 2473/2711 2475/2712
f 2525/2713 2527/2714 2537/2715 2523/2716
f 3183/2309 3182/2259 3806/2259 3807/2309
f 5235/2717 5234/2718 5714/2719 5715/2720
f 3178/2314 3184/2311 3808/2311 3802/2314
f 3237/2293 3233/2294 3809/2294 3813/2293
f 3233/2307 3235/2267 3811/2267 3809/2307
f 3234/2268 3240/2263 3816/2263 3810/2268
f 3239/2257 3238/2209 3814/2209 3815/2257
f 3179/2313 3178/2314 3802/2314 3803/2313
f 3236/2210 3237/2217 3813/2217 3812/2210
f 3181/2339 3177/2340 3801/2340 3805/2339
f 3177/2353 3179/2313 3803/2313 3801/2353
f 3238/2209 3236/2210 3812/2210 3814/2209
f 2641/2721 2643/2722 2645/2723 2647/2724
f 3240/2263 3239/2257 3815/2257 3816/2263
f 3235/2267 3234/2268 3810/2268 3811/2267
f 3184/2311 3183/2309 3807/2309 3808/2311
f 1320/2725 1313/2726 1318/2727 1319/2728
f 3938/2729 3939/2730 3937/2731 3941/2732
f 3854/2733 3853/2734 3861/2735 3862/2736
f 3838/2737 3836/2738 3834/2739 3833/2740
f 3835/2741 3836/2738 3838/2737 3837/2742
f 3833/2737 3834/2738 3858/2738 3857/2737
f 3848/2743 3846/2744 3854/2745 3855/2746
f 3837/2742 3838/2737 3840/2747 3839/2748
f 3851/2749 3833/2737 3857/2737 3859/2750
f 3840/2747 3838/2737 3833/2737 3851/2747
f 3839/2748 3840/2747 3842/2751 3841/2752
f 3855/2743 3854/2744 3862/2744 3863/2743
f 3846/2744 3844/2734 3853/2734 3854/2744
f 3841/2752 3842/2751 3844/2753 3843/2754
f 3834/2755 3856/2756 3864/2757 3858/2758
f 3836/2755 3850/2756 3856/2756 3834/2755
f 3843/2754 3844/2753 3846/2744 3845/2759
f 3857/2737 3858/2738 3866/2738 3865/2737
f 3844/2734 3842/2751 3852/2751 3853/2734
f 3845/2759 3846/2744 3848/2743 3847/2760
f 3850/2756 3848/2743 3855/2743 3856/2756
f 3852/2761 3851/2749 3859/2749 3860/2762
f 3847/2760 3848/2743 3850/2756 3849/2763
f 3856/2756 3855/2743 3863/2743 3864/2756
f 3842/2751 3840/2747 3851/2747 3852/2751
f 3849/2763 3850/2756 3836/2755 3835/2764
f 3853/2734 3852/2751 3860/2751 3861/2734
f 3871/2765 3870/2766 3878/2767 3879/2768
f 3860/2761 3859/2749 3867/2749 3868/2761
f 3862/2733 3861/2734 3869/2734 3870/2733
f 3864/2756 3863/2743 3871/2743 3872/2756
f 3859/2749 3857/2737 3865/2737 3867/2749
f 3861/2734 3860/2751 3868/2751 3869/2734
f 3863/2743 3862/2744 3870/2744 3871/2743
f 3858/2755 3864/2756 3872/2756 3866/2755
f 3880/2769 3879/2770 3939/2771 3937/2772
f 3866/2755 3872/2756 3880/2756 3874/2755
f 3865/2737 3866/2738 3874/2738 3873/2737
f 3868/2761 3867/2749 3875/2749 3876/2761
f 3870/2733 3869/2734 3877/2734 3878/2733
f 3872/2756 3871/2743 3879/2743 3880/2756
f 3867/2749 3865/2737 3873/2737 3875/2749
f 3869/2734 3868/2751 3876/2751 3877/2734
f 3878/2733 3877/2734 3944/2734 3938/2733
f 3874/2755 3880/2756 3937/2756 3941/2755
f 3925/2773 3924/2774 3935/2775 3936/2776
f 3927/2777 3926/2778 3930/2779 3931/2780
f 3926/2778 3925/2773 3936/2773 3930/2778
f 3902/2781 3901/2782 3909/2783 3910/2784
f 3886/2785 3884/2786 3882/2787 3881/2788
f 3883/2789 3884/2786 3886/2785 3885/2790
f 3881/2785 3882/2786 3906/2786 3905/2785
f 3896/2791 3894/2792 3902/2793 3903/2794
f 3885/2790 3886/2785 3888/2795 3887/2796
f 3899/2797 3881/2785 3905/2785 3907/2798
f 3888/2795 3886/2785 3881/2785 3899/2795
f 3887/2796 3888/2795 3890/2799 3889/2800
f 3903/2791 3902/2792 3910/2792 3911/2791
f 3894/2792 3892/2782 3901/2782 3902/2792
f 3889/2800 3890/2799 3892/2801 3891/2802
f 3882/2803 3904/2804 3912/2805 3906/2806
f 3884/2803 3898/2804 3904/2804 3882/2803
f 3891/2802 3892/2801 3894/2792 3893/2807
f 3905/2785 3906/2786 3914/2786 3913/2785
f 3892/2782 3890/2799 3900/2799 3901/2782
f 3893/2807 3894/2792 3896/2791 3895/2808
f 3898/2804 3896/2791 3903/2791 3904/2804
f 3900/2809 3899/2797 3907/2797 3908/2810
f 3895/2808 3896/2791 3898/2804 3897/2811
f 3904/2804 3903/2791 3911/2791 3912/2804
f 3890/2799 3888/2795 3899/2795 3900/2799
f 3897/2811 3898/2804 3884/2803 3883/2812
f 3901/2782 3900/2799 3908/2799 3909/2782
f 3919/2777 3918/2778 3926/2778 3927/2777
f 3908/2809 3907/2797 3915/2797 3916/2809
f 3910/2781 3909/2782 3917/2782 3918/2781
f 3912/2804 3911/2791 3919/2791 3920/2804
f 3907/2797 3905/2785 3913/2785 3915/2797
f 3909/2782 3908/2799 3916/2799 3917/2782
f 3911/2791 3910/2792 3918/2792 3919/2791
f 3906/2803 3912/2804 3920/2804 3914/2803
f 3928/2813 3927/2777 3931/2777 3929/2814
f 3914/2803 3920/2804 3928/2804 3922/2803
f 3913/2785 3914/2786 3922/2786 3921/2785
f 3916/2809 3915/2797 3923/2797 3924/2809
f 3918/2781 3917/2782 3925/2782 3926/2781
f 3920/2804 3919/2791 3927/2791 3928/2804
f 3915/2797 3913/2785 3921/2785 3923/2797
f 3917/2782 3916/2799 3924/2799 3925/2782
f 3923/2797 3921/2785 3932/2785 3934/2797
f 3922/2803 3928/2804 3929/2804 3933/2803
f 3879/2765 3878/2766 3938/2766 3939/2765
f 3875/2749 3873/2737 3940/2737 3942/2749
f 3873/2737 3874/2738 3941/2738 3940/2737
f 3876/2761 3875/2749 3942/2749 3943/2761
f 3877/2734 3876/2751 3943/2751 3944/2734
f 3921/2785 3922/2786 3933/2786 3932/2785
f 3933/2786 3949/2786 3948/2785 3932/2785
f 3924/2809 3923/2797 3934/2797 3935/2809
f 5711/2815 5183/2816 5182/2817 5710/2818
f 3290/2220 3296/2213 3824/2213 3818/2220
f 3292/2819 3294/2820 3295/2821 3296/2822
f 3931/2823 3929/2824 3933/2825 3930/2826
f 3948/2785 3949/2827 3951/2828 3950/2829
f 4054/2830 4056/2831 3976/2832 3974/2833
f 3964/2383 3963/2371 3462/2371 3461/2383
f 3982/2399 3981/2400 3997/2400 3998/2399
f 3965/2356 3964/2373 3461/2373 3460/2356
f 3983/2403 3982/2399 3998/2399 3999/2403
f 3966/2355 3965/2356 3460/2356 3459/2355
f 3984/2405 3983/2403 3999/2403 4000/2405
f 3967/2387 3966/2388 3459/2388 3458/2387
f 3978/2439 3984/2405 4000/2405 3994/2439
f 3977/2411 3978/2412 3994/2412 3993/2411
f 3968/2378 3967/2365 3458/2365 3457/2378
f 3979/2423 3977/2411 3993/2411 3995/2423
f 3962/2377 3968/2378 3457/2378 3463/2377
f 3961/2359 3962/2360 3463/2360 3464/2359
f 3980/2435 3979/2423 3995/2423 3996/2435
f 3963/2371 3961/2359 3464/2359 3462/2371
f 3981/2408 3980/2425 3996/2425 3997/2408
f 3460/2356 3461/2373 3405/2373 3404/2356
f 3458/2387 3459/2388 3403/2388 3402/2387
f 3463/2377 3457/2378 3401/2378 3407/2377
f 3464/2359 3463/2360 3407/2360 3408/2359
f 3461/2383 3462/2371 3406/2371 3405/2383
f 3459/2355 3460/2356 3404/2356 3403/2355
f 3457/2378 3458/2365 3402/2365 3401/2378
f 3995/2423 3993/2411 4001/2411 4003/2423
f 3402/2834 3403/2835 3404/2836 3401/2837
f 3997/2408 3996/2425 4004/2425 4005/2408
f 3999/2403 3998/2399 4006/2399 4007/2403
f 3994/2439 4000/2405 4008/2405 4002/2439
f 3993/2411 3994/2412 4002/2412 4001/2411
f 3996/2435 3995/2423 4003/2423 4004/2435
f 3998/2399 3997/2400 4005/2400 4006/2399
f 4000/2405 3999/2403 4007/2403 4008/2405
f 3987/2441 3988/2442 3517/2442 3518/2441
f 4011/2509 4009/2497 4025/2497 4027/2509
f 3988/2442 3989/2459 3516/2459 3517/2442
f 4012/2521 4011/2509 4027/2509 4028/2521
f 3989/2469 3990/2457 3515/2457 3516/2469
f 4013/2494 4012/2511 4028/2511 4029/2494
f 4014/2493 4013/2494 4029/2494 4030/2493
f 3990/2457 3992/2445 3513/2445 3515/2457
f 4015/2485 4014/2486 4030/2486 4031/2485
f 3992/2445 3991/2446 3514/2446 3513/2445
f 3991/2463 3985/2464 3520/2464 3514/2463
f 4016/2489 4015/2485 4031/2485 4032/2489
f 3985/2464 3986/2451 3519/2451 3520/2464
f 4010/2491 4016/2489 4032/2489 4026/2491
f 3986/2473 3987/2474 3518/2474 3519/2473
f 4009/2525 4010/2526 4026/2526 4025/2525
f 3517/2442 3516/2459 3572/2459 3573/2442
f 3519/2473 3518/2474 3574/2474 3575/2473
f 3514/2463 3520/2464 3576/2464 3570/2463
f 3513/2445 3514/2446 3570/2446 3569/2445
f 3516/2469 3515/2457 3571/2457 3572/2469
f 3518/2441 3517/2442 3573/2442 3574/2441
f 3520/2464 3519/2451 3575/2451 3576/2464
f 4027/2509 4025/2497 4033/2497 4035/2509
f 3571/2838 3569/2839 3570/2840 3572/2841
f 4029/2494 4028/2511 4036/2511 4037/2494
f 4031/2485 4030/2486 4038/2486 4039/2485
f 4026/2491 4032/2489 4040/2489 4034/2491
f 4025/2525 4026/2526 4034/2526 4033/2525
f 4028/2521 4027/2509 4035/2509 4036/2521
f 4030/2493 4029/2494 4037/2494 4038/2493
f 4032/2489 4031/2485 4039/2485 4040/2489
f 4048/2573 4047/2574 4063/2574 4064/2573
f 4017/2552 4018/2539 3631/2539 3632/2552
f 4042/2577 4048/2573 4064/2573 4058/2577
f 4018/2561 4019/2562 3630/2562 3631/2561
f 4041/2579 4042/2580 4058/2580 4057/2579
f 4019/2529 4020/2530 3629/2530 3630/2529
f 4043/2619 4041/2579 4057/2579 4059/2619
f 4020/2530 4021/2547 3628/2547 3629/2530
f 4044/2611 4043/2599 4059/2599 4060/2611
f 4045/2584 4044/2601 4060/2601 4061/2584
f 4021/2557 4022/2545 3627/2545 3628/2557
f 4046/2583 4045/2584 4061/2584 4062/2583
f 4022/2545 4024/2533 3625/2533 3627/2545
f 4047/2615 4046/2616 4062/2616 4063/2615
f 4024/2533 4023/2534 3626/2534 3625/2533
f 4023/2551 4017/2552 3632/2552 3626/2551
f 3632/2552 3631/2539 4050/2539 4049/2552
f 4059/2619 4057/2579 4073/2579 4075/2619
f 3626/2551 3632/2552 4049/2552 4055/2551
f 3625/2533 3626/2534 4055/2534 4056/2533
f 4060/2611 4059/2599 4075/2599 4076/2611
f 4061/2584 4060/2601 4076/2601 4077/2584
f 3627/2545 3625/2533 4056/2533 4054/2545
f 3628/2557 3627/2545 4054/2545 4053/2557
f 4062/2583 4061/2584 4077/2584 4078/2583
f 3629/2530 3628/2547 4053/2547 4052/2530
f 4063/2615 4062/2616 4078/2616 4079/2615
f 4064/2573 4063/2574 4079/2574 4080/2573
f 3630/2529 3629/2530 4052/2530 4051/2529
f 3631/2561 3630/2562 4051/2562 4050/2561
f 4058/2577 4064/2573 4080/2573 4074/2577
f 4057/2579 4058/2580 4074/2580 4073/2579
f 4052/2530 4053/2547 3973/2547 3972/2530
f 4050/2561 4051/2562 3971/2562 3970/2561
f 4055/2551 4049/2552 3969/2552 3975/2551
f 4056/2533 4055/2534 3975/2534 3976/2533
f 4053/2557 4054/2545 3974/2545 3973/2557
f 4051/2529 4052/2530 3972/2530 3971/2529
f 4049/2552 4050/2539 3970/2539 3969/2552
f 4075/2619 4073/2579 4081/2579 4083/2619
f 5570/2842 5571/2843 5572/2844 5573/2845
f 4077/2584 4076/2601 4084/2601 4085/2584
f 4079/2615 4078/2616 4086/2616 4087/2615
f 4074/2577 4080/2573 4088/2573 4082/2577
f 4073/2579 4074/2580 4082/2580 4081/2579
f 4076/2611 4075/2599 4083/2599 4084/2611
f 4078/2583 4077/2584 4085/2584 4086/2583
f 4080/2573 4079/2574 4087/2574 4088/2573
f 4071/2013 4065/2014 2960/2014 2954/2013
f 4096/2066 4095/2053 4111/2053 4112/2066
f 4065/2014 4066/2001 2959/2001 2960/2014
f 4090/2065 4096/2066 4112/2066 4106/2065
f 4066/2023 4067/2024 2958/2024 2959/2023
f 4089/2035 4090/2036 4106/2036 4105/2035
f 4067/1991 4068/1992 2957/1992 2958/1991
f 4091/2039 4089/2035 4105/2035 4107/2039
f 4068/1992 4069/2009 2956/2009 2957/1992
f 4092/2041 4091/2039 4107/2039 4108/2041
f 4069/2019 4070/2007 2955/2007 2956/2019
f 4093/2079 4092/2041 4108/2041 4109/2079
f 4094/2043 4093/2044 4109/2044 4110/2043
f 4070/2007 4072/1995 2953/1995 2955/2007
f 4095/2075 4094/2076 4110/2076 4111/2075
f 4072/1995 4071/1996 2954/1996 2953/1995
f 2957/1992 2956/2009 3012/2009 3013/1992
f 2959/2023 2958/2024 3014/2024 3015/2023
f 2954/2013 2960/2014 3016/2014 3010/2013
f 2953/1995 2954/1996 3010/1996 3009/1995
f 2956/2019 2955/2007 3011/2007 3012/2019
f 2958/1991 2957/1992 3013/1992 3014/1991
f 2960/2014 2959/2001 3015/2001 3016/2014
f 4107/2039 4105/2035 4113/2035 4115/2039
f 3071/2846 3070/2847 3066/2848 3072/2849
f 4109/2079 4108/2041 4116/2041 4117/2079
f 4111/2075 4110/2076 4118/2076 4119/2075
f 4106/2065 4112/2066 4120/2066 4114/2065
f 4105/2035 4106/2036 4114/2036 4113/2035
f 4108/2041 4107/2039 4115/2039 4116/2041
f 4110/2043 4109/2044 4117/2044 4118/2043
f 4112/2066 4111/2053 4119/2053 4120/2066
f 4125/1956 4124/1973 4140/1973 4141/1956
f 4101/1935 4102/1923 2851/1923 2852/1935
f 4126/1955 4125/1956 4141/1956 4142/1955
f 4102/1923 4104/1911 2849/1911 2851/1923
f 4127/1987 4126/1988 4142/1988 4143/1987
f 4104/1911 4103/1912 2850/1912 2849/1911
f 4103/1929 4097/1930 2856/1930 2850/1929
f 4128/1978 4127/1965 4143/1965 4144/1978
f 4097/1930 4098/1917 2855/1917 2856/1930
f 4122/1943 4128/1944 4144/1944 4138/1943
f 4098/1939 4099/1940 2854/1940 2855/1939
f 4121/1947 4122/1948 4138/1948 4137/1947
f 4099/1907 4100/1908 2853/1908 2854/1907
f 4123/1951 4121/1947 4137/1947 4139/1951
f 4100/1908 4101/1925 2852/1925 2853/1908
f 4124/1953 4123/1951 4139/1951 4140/1953
f 2849/1911 2850/1912 4135/1912 4136/1911
f 4144/1978 4143/1965 4159/1965 4160/1978
f 2851/1923 2849/1911 4136/1911 4134/1923
f 4138/1943 4144/1944 4160/1944 4154/1943
f 2852/1935 2851/1923 4134/1923 4133/1935
f 4137/1947 4138/1948 4154/1948 4153/1947
f 2853/1908 2852/1925 4133/1925 4132/1908
f 4139/1951 4137/1947 4153/1947 4155/1951
f 2854/1907 2853/1908 4132/1908 4131/1907
f 4140/1953 4139/1951 4155/1951 4156/1953
f 2855/1939 2854/1940 4131/1940 4130/1939
f 4141/1956 4140/1973 4156/1973 4157/1956
f 2856/1930 2855/1917 4130/1917 4129/1930
f 4142/1955 4141/1956 4157/1956 4158/1955
f 2850/1929 2856/1930 4129/1930 4135/1929
f 4143/1987 4142/1988 4158/1988 4159/1987
f 4132/1908 4133/1925 3685/1925 3684/1908
f 4130/1939 4131/1940 3683/1940 3682/1939
f 4135/1929 4129/1930 3681/1930 3687/1929
f 4136/1911 4135/1912 3687/1912 3688/1911
f 4133/1935 4134/1923 3686/1923 3685/1935
f 4131/1907 4132/1908 3684/1908 3683/1907
f 4129/1930 4130/1917 3682/1917 3681/1930
f 4155/1951 4153/1947 4161/1947 4163/1951
f 5826/2850 5827/2851 5825/2852 5829/2853
f 4157/1956 4156/1973 4164/1973 4165/1956
f 4159/1987 4158/1988 4166/1988 4167/1987
f 4154/1943 4160/1944 4168/1944 4162/1943
f 4153/1947 4154/1948 4162/1948 4161/1947
f 4156/1953 4155/1951 4163/1951 4164/1953
f 4158/1955 4157/1956 4165/1956 4166/1955
f 4160/1978 4159/1965 4167/1965 4168/1978
f 4149/1845 4150/1833 2739/1833 2740/1845
f 4173/1872 4172/1889 4180/1889 4181/1872
f 4174/1871 4173/1872 4181/1872 4182/1871
f 4150/1833 4152/1821 2737/1821 2739/1833
f 4175/1903 4174/1904 4182/1904 4183/1903
f 4152/1821 4151/1822 2738/1822 2737/1821
f 4151/1839 4145/1840 2744/1840 2738/1839
f 4176/1859 4175/1860 4183/1860 4184/1859
f 4145/1840 4146/1827 2743/1827 2744/1840
f 4170/1863 4176/1859 4184/1859 4178/1863
f 4146/1849 4147/1850 2742/1850 2743/1849
f 4169/1865 4170/1866 4178/1866 4177/1865
f 4147/1817 4148/1818 2741/1818 2742/1817
f 4171/1869 4169/1865 4177/1865 4179/1869
f 4148/1818 4149/1835 2740/1835 2741/1818
f 4172/1899 4171/1887 4179/1887 4180/1899
f 2741/1818 2740/1835 2796/1835 2797/1818
f 2743/1849 2742/1850 2798/1850 2799/1849
f 2738/1839 2744/1840 2800/1840 2794/1839
f 2737/1821 2738/1822 2794/1822 2793/1821
f 2740/1845 2739/1833 2795/1833 2796/1845
f 2742/1817 2741/1818 2797/1818 2798/1817
f 2744/1840 2743/1827 2799/1827 2800/1840
f 4179/1869 4177/1865 4185/1865 4187/1869
f 5832/2854 5828/2855 5830/2856 5831/2857
f 4181/1872 4180/1889 4188/1889 4189/1872
f 4183/1903 4182/1904 4190/1904 4191/1903
f 4178/1863 4184/1859 4192/1859 4186/1863
f 4177/1865 4178/1866 4186/1866 4185/1865
f 4180/1899 4179/1887 4187/1887 4188/1899
f 4182/1871 4181/1872 4189/1872 4190/1871
f 4184/1859 4183/1860 4191/1860 4192/1859
f 4195/1641 4193/1629 4201/1629 4203/1641
f 4331/2858 4329/2859 4333/2860 4332/2861
f 4197/1626 4196/1643 4204/1643 4205/1626
f 4199/1657 4198/1658 4206/1658 4207/1657
f 4194/1647 4200/1648 4208/1648 4202/1647
f 4193/1629 4194/1630 4202/1630 4201/1629
f 4196/1653 4195/1641 4203/1641 4204/1653
f 4198/1625 4197/1626 4205/1626 4206/1625
f 4200/1648 4199/1635 4207/1635 4208/1648
f 4211/1699 4209/1687 4217/1687 4219/1699
f 4351/2862 4350/2863 4346/2864 4352/2865
f 4213/1677 4212/1678 4220/1678 4221/1677
f 4215/1715 4214/1716 4222/1716 4223/1715
f 4210/1705 4216/1706 4224/1706 4218/1705
f 4209/1687 4210/1688 4218/1688 4217/1687
f 4212/1711 4211/1699 4219/1699 4220/1711
f 4214/1719 4213/1677 4221/1677 4222/1719
f 4216/1706 4215/1693 4223/1693 4224/1706
f 4227/1751 4225/1739 4233/1739 4235/1751
f 4255/2866 4254/2867 4250/2868 4256/2869
f 4229/1681 4228/1673 4236/1673 4237/1681
f 4231/1729 4230/1725 4238/1725 4239/1729
f 4226/1757 4232/1758 4240/1758 4234/1757
f 4225/1739 4226/1740 4234/1740 4233/1739
f 4228/1673 4227/1674 4235/1674 4236/1673
f 4230/1725 4229/1681 4237/1681 4238/1725
f 4232/1733 4231/1729 4239/1729 4240/1733
f 4243/1727 4241/1721 4249/1721 4251/1727
f 4219/2870 4217/2871 4221/2872 4220/2873
f 4245/1771 4244/1731 4252/1731 4253/1771
f 4247/1775 4246/1773 4254/1773 4255/1775
f 4242/1779 4248/1777 4256/1777 4250/1779
f 4241/1721 4242/1722 4250/1722 4249/1721
f 4244/1731 4243/1727 4251/1727 4252/1731
f 4246/1773 4245/1771 4253/1771 4254/1773
f 4248/1777 4247/1775 4255/1775 4256/1777
f 2625/2874 2627/2875 2571/2876 2570/2877
f 2684/1668 2683/1667 2681/2878 2682/2879
f 2574/2880 2688/1661 2520/1661 2518/2881
f 2681/2878 2683/1667 2688/1667 2574/2878
f 2682/2879 2681/2878 2631/2882 2632/2883
f 2570/2874 2571/2875 2515/2875 2514/2874
f 2627/2875 2629/1670 2572/1670 2571/2875
f 2632/2883 2631/2882 2629/2884 2630/2885
f 2687/2886 2569/2887 2513/2888 2519/2889
f 2685/2886 2575/2887 2569/2887 2687/2886
f 2630/2885 2629/2884 2627/2875 2628/2890
f 2520/1661 2519/1662 4258/1662 4257/1661
f 2629/2884 2631/2882 2573/2882 2572/2884
f 2628/2890 2627/2875 2625/2874 2626/2891
f 2575/2887 2625/2874 2570/2874 2569/2887
f 2573/2892 2574/2880 2518/2880 2517/2893
f 2626/2891 2625/2874 2575/2887 2576/2894
f 2569/2887 2570/2874 2514/2874 2513/2887
f 2631/2882 2681/2878 2574/2878 2573/2882
f 2576/2894 2575/2887 2685/2886 2686/2895
f 2572/2884 2573/2882 2517/2882 2516/2884
f 4263/2896 4262/2897 4270/2898 4271/2899
f 2517/2892 2518/2880 4259/2880 4260/2892
f 2515/1669 2516/1670 4261/1670 4262/1669
f 2513/2887 2514/2874 4263/2874 4264/2887
f 2518/2880 2520/1661 4257/1661 4259/2880
f 2516/2884 2517/2882 4260/2882 4261/2884
f 2514/2874 2515/2875 4262/2875 4263/2874
f 2519/2886 2513/2887 4264/2887 4258/2886
f 4258/2886 4264/2887 4272/2887 4266/2886
f 4257/1661 4258/1662 4266/1662 4265/1661
f 4260/2892 4259/2880 4267/2880 4268/2892
f 4262/1669 4261/1670 4269/1670 4270/1669
f 4264/2887 4263/2874 4271/2874 4272/2887
f 4259/2880 4257/1661 4265/1661 4267/2880
f 4261/2884 4260/2882 4268/2882 4269/2884
f 4272/2887 4271/2874 4327/2874 4328/2887
f 4317/2900 4316/2901 4340/2902 4341/2903
f 4266/2886 4272/2887 4328/2887 4322/2886
f 4294/2904 4293/2905 4301/2906 4302/2907
f 4278/2908 4276/2909 4274/2910 4273/2911
f 4275/2912 4276/2909 4278/2908 4277/2913
f 4273/2908 4274/2909 4298/2909 4297/2908
f 4288/2914 4286/2915 4294/2916 4295/2917
f 4277/2913 4278/2908 4280/2918 4279/2919
f 4291/2920 4273/2908 4297/2908 4299/2921
f 4280/2918 4278/2908 4273/2908 4291/2918
f 4279/2919 4280/2918 4282/2922 4281/2923
f 4295/2914 4294/2915 4302/2915 4303/2914
f 4286/2915 4284/2905 4293/2905 4294/2915
f 4281/2923 4282/2922 4284/2924 4283/2925
f 4274/2926 4296/2927 4304/2928 4298/2929
f 4276/2926 4290/2927 4296/2927 4274/2926
f 4283/2925 4284/2924 4286/2915 4285/2930
f 4297/2908 4298/2909 4306/2909 4305/2908
f 4284/2905 4282/2922 4292/2922 4293/2905
f 4285/2930 4286/2915 4288/2914 4287/2931
f 4290/2927 4288/2914 4295/2914 4296/2927
f 4292/2932 4291/2920 4299/2920 4300/2933
f 4287/2931 4288/2914 4290/2927 4289/2934
f 4296/2927 4295/2914 4303/2914 4304/2927
f 4282/2922 4280/2918 4291/2918 4292/2922
f 4289/2934 4290/2927 4276/2926 4275/2935
f 4293/2905 4292/2922 4300/2922 4301/2905
f 4311/2936 4310/2937 4318/2938 4319/2939
f 4300/2932 4299/2920 4307/2920 4308/2932
f 4302/2904 4301/2905 4309/2905 4310/2904
f 4304/2927 4303/2914 4311/2914 4312/2927
f 4299/2920 4297/2908 4305/2908 4307/2920
f 4301/2905 4300/2922 4308/2922 4309/2905
f 4303/2914 4302/2915 4310/2915 4311/2914
f 4298/2926 4304/2927 4312/2927 4306/2926
f 4318/2940 4317/2900 4341/2900 4342/2941
f 4306/2926 4312/2927 4320/2927 4314/2926
f 4305/2908 4306/2909 4314/2909 4313/2908
f 4308/2932 4307/2920 4315/2920 4316/2932
f 4310/2904 4309/2905 4317/2905 4318/2904
f 4312/2927 4311/2914 4319/2914 4320/2927
f 4307/2920 4305/2908 4313/2908 4315/2920
f 4309/2905 4308/2922 4316/2922 4317/2905
f 4319/2936 4318/2937 4342/2937 4343/2936
f 4320/2927 4319/2914 4343/2914 4344/2927
f 4314/2926 4320/2927 4344/2927 4338/2926
f 4265/1661 4266/1662 4322/1662 4321/1661
f 4267/2880 4265/1661 4321/1661 4323/2880
f 4268/2892 4267/2880 4323/2880 4324/2892
f 4269/2884 4268/2882 4324/2882 4325/2884
f 4313/2908 4314/2909 4338/2909 4337/2908
f 4270/1669 4269/1670 4325/1670 4326/1669
f 4315/2920 4313/2908 4337/2908 4339/2920
f 4271/2896 4270/2897 4326/2897 4327/2896
f 4316/2932 4315/2920 4339/2920 4340/2932
f 4323/2880 4321/1661 4329/1661 4331/2880
f 4119/2942 4118/2943 4114/2944 4120/2945
f 4325/2884 4324/2882 4332/2882 4333/2884
f 4327/2896 4326/2897 4334/2897 4335/2896
f 4322/2886 4328/2887 4336/2887 4330/2886
f 4321/1661 4322/1662 4330/1662 4329/1661
f 4324/2892 4323/2880 4331/2880 4332/2892
f 4326/1669 4325/1670 4333/1670 4334/1669
f 4328/2887 4327/2874 4335/2874 4336/2887
f 4339/2920 4337/2908 4345/2908 4347/2920
f 4251/2946 4249/2947 4253/2948 4252/2949
f 4341/2900 4340/2901 4348/2901 4349/2900
f 4343/2936 4342/2937 4350/2937 4351/2936
f 4338/2926 4344/2927 4352/2927 4346/2926
f 4337/2908 4338/2909 4346/2909 4345/2908
f 4340/2932 4339/2920 4347/2920 4348/2932
f 4342/2940 4341/2900 4349/2900 4350/2940
f 4344/2927 4343/2914 4351/2914 4352/2927
f 4374/2950 4373/2951 4381/2952 4382/2953
f 4358/2954 4356/2955 4354/2956 4353/2957
f 4355/2958 4356/2955 4358/2954 4357/2959
f 4353/2954 4354/2955 4378/2955 4377/2954
f 4368/2960 4366/2961 4374/2962 4375/2963
f 4357/2959 4358/2954 4360/2964 4359/2965
f 4371/2966 4353/2954 4377/2954 4379/2967
f 4360/2964 4358/2954 4353/2954 4371/2964
f 4359/2965 4360/2964 4362/2968 4361/2969
f 4375/2960 4374/2961 4382/2961 4383/2960
f 4366/2961 4364/2951 4373/2951 4374/2961
f 4361/2969 4362/2968 4364/2970 4363/2971
f 4354/2972 4376/2973 4384/2974 4378/2975
f 4356/2972 4370/2973 4376/2973 4354/2972
f 4363/2971 4364/2970 4366/2961 4365/2976
f 4377/2954 4378/2955 4386/2955 4385/2954
f 4364/2951 4362/2968 4372/2968 4373/2951
f 4365/2976 4366/2961 4368/2960 4367/2977
f 4370/2973 4368/2960 4375/2960 4376/2973
f 4372/2978 4371/2966 4379/2966 4380/2979
f 4367/2977 4368/2960 4370/2973 4369/2980
f 4376/2973 4375/2960 4383/2960 4384/2973
f 4362/2968 4360/2964 4371/2964 4372/2968
f 4369/2980 4370/2973 4356/2972 4355/2981
f 4373/2951 4372/2968 4380/2968 4381/2951
f 4391/2982 4390/2983 4398/2984 4399/2985
f 4380/2978 4379/2966 4387/2966 4388/2978
f 4382/2950 4381/2951 4389/2951 4390/2950
f 4384/2973 4383/2960 4391/2960 4392/2973
f 4379/2966 4377/2954 4385/2954 4387/2966
f 4381/2951 4380/2968 4388/2968 4389/2951
f 4383/2960 4382/2961 4390/2961 4391/2960
f 4378/2972 4384/2973 4392/2973 4386/2972
f 4576/2986 4575/2987 4407/2988 4408/2989
f 4386/2972 4392/2973 4400/2973 4394/2972
f 4385/2954 4386/2955 4394/2955 4393/2954
f 4388/2978 4387/2966 4395/2966 4396/2978
f 4390/2950 4389/2951 4397/2951 4398/2950
f 4392/2973 4391/2960 4399/2960 4400/2973
f 4387/2966 4385/2954 4393/2954 4395/2966
f 4389/2951 4388/2968 4396/2968 4397/2951
f 4574/2990 4573/2991 4571/2992 4572/2993
f 4571/2992 4573/2991 4575/2991 4576/2992
f 4459/2994 4460/2995 4404/2996 4403/2997
f 4400/2973 4399/2960 6087/2960 6088/2973
f 4508/2998 4507/2999 6115/3000 6116/3001
f 4453/3002 4452/3003 6100/3004 6101/3005
f 4394/2972 4400/2973 6088/2973 6082/2972
f 4509/3006 4508/2998 6116/2998 6117/3007
f 4430/3008 4429/3009 4437/3010 4438/3011
f 4414/3012 4412/3013 4410/3014 4409/3015
f 4411/3016 4412/3013 4414/3012 4413/3017
f 4409/3012 4410/3013 4434/3013 4433/3012
f 4424/3018 4422/3019 4430/3020 4431/3021
f 4413/3017 4414/3012 4416/3022 4415/3023
f 4427/3024 4409/3012 4433/3012 4435/3025
f 4416/3022 4414/3012 4409/3012 4427/3022
f 4415/3023 4416/3022 4418/3026 4417/3027
f 4431/3018 4430/3019 4438/3019 4439/3018
f 4422/3019 4420/3009 4429/3009 4430/3019
f 4417/3027 4418/3026 4420/3028 4419/3029
f 4410/3030 4432/3031 4440/3032 4434/3033
f 4412/3030 4426/3031 4432/3031 4410/3030
f 4419/3029 4420/3028 4422/3019 4421/3034
f 4433/3012 4434/3013 4442/3013 4441/3012
f 4420/3009 4418/3026 4428/3026 4429/3009
f 4421/3034 4422/3019 4424/3018 4423/3035
f 4426/3031 4424/3018 4431/3018 4432/3031
f 4428/3036 4427/3024 4435/3024 4436/3037
f 4423/3035 4424/3018 4426/3031 4425/3038
f 4432/3031 4431/3018 4439/3018 4440/3031
f 4418/3026 4416/3022 4427/3022 4428/3026
f 4425/3038 4426/3031 4412/3030 4411/3039
f 4429/3009 4428/3026 4436/3026 4437/3009
f 4447/3040 4446/3041 4454/3042 4455/3043
f 4436/3036 4435/3024 4443/3024 4444/3036
f 4438/3008 4437/3009 4445/3009 4446/3008
f 4440/3031 4439/3018 4447/3018 4448/3031
f 4435/3024 4433/3012 4441/3012 4443/3024
f 4437/3009 4436/3026 4444/3026 4445/3009
f 4439/3018 4438/3019 4446/3019 4447/3018
f 4434/3030 4440/3031 4448/3031 4442/3030
f 4454/3044 4453/3002 6101/3002 6102/3045
f 4442/3030 4448/3031 4456/3031 4450/3030
f 4441/3012 4442/3013 4450/3013 4449/3012
f 4444/3036 4443/3024 4451/3024 4452/3036
f 4446/3008 4445/3009 4453/3009 4454/3008
f 4448/3031 4447/3018 4455/3018 4456/3031
f 4443/3024 4441/3012 4449/3012 4451/3024
f 4445/3009 4444/3026 4452/3026 4453/3009
f 4561/3046 4562/3047 6130/3048 6129/3049
f 4510/3050 4509/3006 6117/3006 6118/3051
f 4455/3040 4454/3041 6102/3041 6103/3040
f 4563/3052 4561/3046 6129/3046 6131/3053
f 4511/3054 4510/3050 6118/3050 6119/3055
f 4456/3031 4455/3018 6103/3018 6104/3031
f 4564/3056 4563/3052 6131/3052 6132/3057
f 4512/3058 4511/3054 6119/3054 6120/3059
f 4486/3060 4485/3061 4493/3062 4494/3063
f 4470/3064 4468/3065 4466/3066 4465/3067
f 4467/3068 4468/3065 4470/3064 4469/3069
f 4465/3064 4466/3065 4490/3065 4489/3064
f 4480/3070 4478/3071 4486/3072 4487/3073
f 4469/3069 4470/3064 4472/3074 4471/3075
f 4483/3076 4465/3064 4489/3064 4491/3077
f 4472/3074 4470/3064 4465/3064 4483/3074
f 4471/3075 4472/3074 4474/3078 4473/3079
f 4487/3070 4486/3071 4494/3071 4495/3070
f 4478/3071 4476/3061 4485/3061 4486/3071
f 4473/3079 4474/3078 4476/3080 4475/3081
f 4466/3082 4488/3083 4496/3084 4490/3085
f 4468/3082 4482/3083 4488/3083 4466/3082
f 4475/3081 4476/3080 4478/3071 4477/3086
f 4489/3064 4490/3065 4498/3065 4497/3064
f 4476/3061 4474/3078 4484/3078 4485/3061
f 4477/3086 4478/3071 4480/3070 4479/3087
f 4482/3083 4480/3070 4487/3070 4488/3083
f 4484/3088 4483/3076 4491/3076 4492/3089
f 4479/3087 4480/3070 4482/3083 4481/3090
f 4488/3083 4487/3070 4495/3070 4496/3083
f 4474/3078 4472/3074 4483/3074 4484/3078
f 4481/3090 4482/3083 4468/3082 4467/3091
f 3249/3092 3251/3093 3253/3094 3255/3095
f 4485/3061 4484/3078 4492/3078 4493/3061
f 4503/3054 4502/3050 4510/3050 4511/3054
f 4492/3088 4491/3076 4499/3076 4500/3088
f 4494/3060 4493/3061 4501/3061 4502/3060
f 4496/3083 4495/3070 4503/3070 4504/3083
f 4491/3076 4489/3064 4497/3064 4499/3076
f 4493/3061 4492/3078 4500/3078 4501/3061
f 4495/3070 4494/3071 4502/3071 4503/3070
f 4490/3082 4496/3083 4504/3083 4498/3082
f 4450/3030 4456/3031 6104/3031 6098/3030
f 4498/3082 4504/3083 4512/3083 4506/3082
f 4497/3064 4498/3065 4506/3065 4505/3064
f 4500/3088 4499/3076 4507/3076 4508/3088
f 4502/3060 4501/3061 4509/3061 4510/3060
f 4504/3083 4503/3070 4511/3070 4512/3083
f 4499/3076 4497/3064 4505/3064 4507/3076
f 4501/3061 4500/3078 4508/3078 4509/3061
f 4565/3096 4564/3056 6132/3056 6133/3097
f 4506/3082 4512/3083 6120/3083 6114/3082
f 4566/3098 4565/3096 6133/3096 6134/3099
f 4567/3100 4566/3098 6134/3098 6135/3101
f 4568/3102 4567/3100 6135/3100 6136/3103
f 4393/2954 4394/2955 6082/2955 6081/2954
f 4562/3104 4568/3102 6136/3102 6130/3105
f 4395/2966 4393/2954 6081/2954 6083/2966
f 4542/3106 4541/3107 4549/3108 4550/3109
f 4526/3110 4524/3111 4522/3112 4521/3113
f 4523/3114 4524/3111 4526/3110 4525/3115
f 4521/3110 4522/3111 4546/3111 4545/3110
f 4536/3116 4534/3117 4542/3118 4543/3119
f 4525/3115 4526/3110 4528/3120 4527/3121
f 4539/3122 4521/3110 4545/3110 4547/3123
f 4528/3120 4526/3110 4521/3110 4539/3120
f 4527/3121 4528/3120 4530/3124 4529/3125
f 4543/3116 4542/3117 4550/3117 4551/3116
f 4534/3117 4532/3107 4541/3107 4542/3117
f 4529/3125 4530/3124 4532/3126 4531/3127
f 4522/3128 4544/3129 4552/3130 4546/3131
f 4524/3128 4538/3129 4544/3129 4522/3128
f 4531/3127 4532/3126 4534/3117 4533/3132
f 4545/3110 4546/3111 4554/3111 4553/3110
f 4532/3107 4530/3124 4540/3124 4541/3107
f 4533/3132 4534/3117 4536/3116 4535/3133
f 4538/3129 4536/3116 4543/3116 4544/3129
f 4540/3134 4539/3122 4547/3122 4548/3135
f 4535/3133 4536/3116 4538/3129 4537/3136
f 4544/3129 4543/3116 4551/3116 4552/3129
f 4530/3124 4528/3120 4539/3120 4540/3124
f 4537/3136 4538/3129 4524/3128 4523/3137
f 5189/3138 5191/3139 5201/3140 5187/3141
f 4541/3107 4540/3124 4548/3124 4549/3107
f 4559/3100 4558/3098 4566/3098 4567/3100
f 4548/3134 4547/3122 4555/3122 4556/3134
f 4550/3106 4549/3107 4557/3107 4558/3106
f 4552/3129 4551/3116 4559/3116 4560/3129
f 4547/3122 4545/3110 4553/3110 4555/3122
f 4549/3107 4548/3124 4556/3124 4557/3107
f 4551/3116 4550/3117 4558/3117 4559/3116
f 4546/3128 4552/3129 4560/3129 4554/3128
f 4396/2978 4395/2966 6083/2966 6084/2978
f 4554/3128 4560/3129 4568/3129 4562/3128
f 4553/3110 4554/3111 4562/3111 4561/3110
f 4556/3134 4555/3122 4563/3122 4564/3134
f 4558/3106 4557/3107 4565/3107 4566/3106
f 4560/3129 4559/3116 4567/3116 4568/3129
f 4555/3122 4553/3110 4561/3110 4563/3122
f 4557/3107 4556/3124 4564/3124 4565/3107
f 4397/2951 4396/2968 6084/2968 6085/2951
f 4449/3012 4450/3013 6098/3013 6097/3012
f 4398/2950 4397/2951 6085/2951 6086/2950
f 4505/3064 4506/3065 6114/3065 6113/3064
f 4451/3024 4449/3012 6097/3012 6099/3024
f 4399/2982 4398/2983 6086/2983 6087/2982
f 4507/3076 4505/3064 6113/3064 6115/3076
f 4452/3036 4451/3024 6099/3024 6100/3036
f 4598/3142 4597/3143 4605/3144 4606/3145
f 4582/3146 4580/3147 4578/3148 4577/3149
f 4579/3150 4580/3147 4582/3146 4581/3151
f 4577/3146 4578/3147 4602/3147 4601/3146
f 4592/3152 4590/3153 4598/3154 4599/3155
f 4581/3151 4582/3146 4584/3156 4583/3157
f 4595/3158 4577/3146 4601/3146 4603/3159
f 4584/3156 4582/3146 4577/3146 4595/3156
f 4583/3157 4584/3156 4586/3160 4585/3161
f 4599/3152 4598/3153 4606/3153 4607/3152
f 4590/3153 4588/3143 4597/3143 4598/3153
f 4585/3161 4586/3160 4588/3162 4587/3163
f 4578/3164 4600/3165 4608/3166 4602/3167
f 4580/3164 4594/3165 4600/3165 4578/3164
f 4587/3163 4588/3162 4590/3153 4589/3168
f 4601/3146 4602/3147 4610/3147 4609/3146
f 4588/3143 4586/3160 4596/3160 4597/3143
f 4589/3168 4590/3153 4592/3152 4591/3169
f 4594/3165 4592/3152 4599/3152 4600/3165
f 4596/3170 4595/3158 4603/3158 4604/3171
f 4591/3169 4592/3152 4594/3165 4593/3172
f 4600/3165 4599/3152 4607/3152 4608/3165
f 4586/3160 4584/3156 4595/3156 4596/3160
f 4593/3172 4594/3165 4580/3164 4579/3173
f 4597/3143 4596/3160 4604/3160 4605/3143
f 4615/3174 4614/3175 4622/3176 4623/3177
f 4604/3170 4603/3158 4611/3158 4612/3170
f 4606/3142 4605/3143 4613/3143 4614/3142
f 4608/3165 4607/3152 4615/3152 4616/3165
f 4603/3158 4601/3146 4609/3146 4611/3158
f 4605/3143 4604/3160 4612/3160 4613/3143
f 4607/3152 4606/3153 4614/3153 4615/3152
f 4602/3164 4608/3165 4616/3165 4610/3164
f 4627/3178 4625/3179 4681/3180 4683/3181
f 4610/3164 4616/3165 4624/3165 4618/3164
f 4609/3146 4610/3147 4618/3147 4617/3146
f 4612/3170 4611/3158 4619/3158 4620/3170
f 4614/3142 4613/3143 4621/3143 4622/3142
f 4616/3165 4615/3152 4623/3152 4624/3165
f 4611/3158 4609/3146 4617/3146 4619/3158
f 4613/3143 4612/3160 4620/3160 4621/3143
f 4680/3182 4679/3183 6063/3184 6064/3185
f 4624/3165 4623/3152 6034/3152 6033/3165
f 4674/3186 4680/3182 6064/3182 6058/3187
f 4618/3164 4624/3165 6033/3165 6039/3164
f 4673/3188 4674/3189 6058/3190 6057/3191
f 4617/3146 4618/3147 6039/3147 6040/3146
f 4675/3192 4673/3188 6057/3188 6059/3193
f 4654/3194 4653/3195 4661/3196 4662/3197
f 4638/3198 4636/3199 4634/3200 4633/3201
f 4635/3202 4636/3199 4638/3198 4637/3203
f 4633/3198 4634/3199 4658/3199 4657/3198
f 4648/3204 4646/3205 4654/3206 4655/3207
f 4637/3203 4638/3198 4640/3208 4639/3209
f 4651/3210 4633/3198 4657/3198 4659/3211
f 4640/3208 4638/3198 4633/3198 4651/3208
f 4639/3209 4640/3208 4642/3212 4641/3213
f 4655/3204 4654/3205 4662/3205 4663/3204
f 4646/3205 4644/3195 4653/3195 4654/3205
f 4641/3213 4642/3212 4644/3214 4643/3215
f 4634/3216 4656/3217 4664/3218 4658/3219
f 4636/3216 4650/3217 4656/3217 4634/3216
f 4643/3215 4644/3214 4646/3205 4645/3220
f 4657/3198 4658/3199 4666/3199 4665/3198
f 4644/3195 4642/3212 4652/3212 4653/3195
f 4645/3220 4646/3205 4648/3204 4647/3221
f 4650/3217 4648/3204 4655/3204 4656/3217
f 4652/3222 4651/3210 4659/3210 4660/3223
f 4647/3221 4648/3204 4650/3217 4649/3224
f 4656/3217 4655/3204 4663/3204 4664/3217
f 4642/3212 4640/3208 4651/3208 4652/3212
f 4649/3224 4650/3217 4636/3216 4635/3225
f 4653/3195 4652/3212 4660/3212 4661/3195
f 4671/3226 4670/3227 4678/3228 4679/3229
f 4660/3222 4659/3210 4667/3210 4668/3222
f 4662/3194 4661/3195 4669/3195 4670/3194
f 4664/3217 4663/3204 4671/3204 4672/3217
f 4659/3210 4657/3198 4665/3198 4667/3210
f 4661/3195 4660/3212 4668/3212 4669/3195
f 4663/3204 4662/3205 4670/3205 4671/3204
f 4658/3216 4664/3217 4672/3217 4666/3216
f 4619/3158 4617/3146 6040/3146 6038/3158
f 4666/3216 4672/3217 4680/3217 4674/3216
f 4665/3198 4666/3199 4674/3199 4673/3198
f 4668/3222 4667/3210 4675/3210 4676/3222
f 4670/3194 4669/3195 4677/3195 4678/3194
f 4672/3217 4671/3204 4679/3204 4680/3217
f 4667/3210 4665/3198 4673/3198 4675/3210
f 4669/3195 4668/3212 4676/3212 4677/3195
f 4676/3222 4675/3210 6059/3210 6060/3222
f 4620/3170 4619/3158 6038/3158 6037/3170
f 4677/3195 4676/3212 6060/3212 6061/3195
f 4621/3143 4620/3160 6037/3160 6036/3143
f 4678/3194 4677/3195 6061/3195 6062/3194
f 4622/3142 4621/3143 6036/3143 6035/3142
f 4679/3226 4678/3227 6062/3227 6063/3226
f 4623/3174 4622/3175 6035/3175 6034/3174
f 4710/3230 4709/3231 4717/3232 4718/3233
f 4694/3234 4692/3235 4690/3236 4689/3237
f 4691/3238 4692/3235 4694/3234 4693/3239
f 4689/3234 4690/3235 4714/3235 4713/3234
f 4704/3240 4702/3241 4710/3242 4711/3243
f 4693/3239 4694/3234 4696/3244 4695/3245
f 4707/3246 4689/3234 4713/3234 4715/3247
f 4696/3244 4694/3234 4689/3234 4707/3244
f 4695/3245 4696/3244 4698/3248 4697/3249
f 4711/3240 4710/3241 4718/3241 4719/3240
f 4702/3241 4700/3231 4709/3231 4710/3241
f 4697/3249 4698/3248 4700/3250 4699/3251
f 4690/3252 4712/3253 4720/3254 4714/3255
f 4692/3252 4706/3253 4712/3253 4690/3252
f 4699/3251 4700/3250 4702/3241 4701/3256
f 4713/3234 4714/3235 4722/3235 4721/3234
f 4700/3231 4698/3248 4708/3248 4709/3231
f 4701/3256 4702/3241 4704/3240 4703/3257
f 4706/3253 4704/3240 4711/3240 4712/3253
f 4708/3258 4707/3246 4715/3246 4716/3259
f 4703/3257 4704/3240 4706/3253 4705/3260
f 4712/3253 4711/3240 4719/3240 4720/3253
f 4698/3248 4696/3244 4707/3244 4708/3248
f 4705/3260 4706/3253 4692/3252 4691/3261
f 4709/3231 4708/3248 4716/3248 4717/3231
f 4727/3262 4726/3263 4734/3264 4735/3265
f 4716/3258 4715/3246 4723/3246 4724/3258
f 4718/3230 4717/3231 4725/3231 4726/3230
f 4720/3253 4719/3240 4727/3240 4728/3253
f 4715/3246 4713/3234 4721/3234 4723/3246
f 4717/3231 4716/3248 4724/3248 4725/3231
f 4719/3240 4718/3241 4726/3241 4727/3240
f 4714/3252 4720/3253 4728/3253 4722/3252
f 4722/3252 4728/3253 4736/3253 4730/3252
f 4721/3234 4722/3235 4730/3235 4729/3234
f 4724/3258 4723/3246 4731/3246 4732/3258
f 4726/3230 4725/3231 4733/3231 4734/3230
f 4728/3253 4727/3240 4735/3240 4736/3253
f 4723/3246 4721/3234 4729/3234 4731/3246
f 4725/3231 4724/3248 4732/3248 4733/3231
f 4786/3266 4792/3267 6016/3268 6010/3269
f 4730/3252 4736/3253 5985/3253 5991/3252
f 4785/3270 4786/3271 6010/3272 6009/3273
f 4729/3234 4730/3235 5991/3235 5992/3234
f 4787/3274 4785/3270 6009/3270 6011/3275
f 4731/3246 4729/3234 5992/3234 5990/3246
f 4788/3276 4787/3274 6011/3274 6012/3277
f 4766/3278 4765/3279 4773/3280 4774/3281
f 4750/3282 4748/3283 4746/3284 4745/3285
f 4747/3286 4748/3283 4750/3282 4749/3287
f 4745/3282 4746/3283 4770/3283 4769/3282
f 4760/3288 4758/3289 4766/3290 4767/3291
f 4749/3287 4750/3282 4752/3292 4751/3293
f 4763/3294 4745/3282 4769/3282 4771/3295
f 4752/3292 4750/3282 4745/3282 4763/3292
f 4751/3293 4752/3292 4754/3296 4753/3297
f 4767/3288 4766/3289 4774/3289 4775/3288
f 4758/3289 4756/3279 4765/3279 4766/3289
f 4753/3297 4754/3296 4756/3298 4755/3299
f 4746/3300 4768/3301 4776/3302 4770/3303
f 4748/3300 4762/3301 4768/3301 4746/3300
f 4755/3299 4756/3298 4758/3289 4757/3304
f 4769/3282 4770/3283 4778/3283 4777/3282
f 4756/3279 4754/3296 4764/3296 4765/3279
f 4757/3304 4758/3289 4760/3288 4759/3305
f 4762/3301 4760/3288 4767/3288 4768/3301
f 4764/3306 4763/3294 4771/3294 4772/3307
f 4759/3305 4760/3288 4762/3301 4761/3308
f 4768/3301 4767/3288 4775/3288 4776/3301
f 4754/3296 4752/3292 4763/3292 4764/3296
f 4761/3308 4762/3301 4748/3300 4747/3309
f 4765/3279 4764/3296 4772/3296 4773/3279
f 4783/3310 4782/3311 4790/3312 4791/3313
f 4772/3306 4771/3294 4779/3294 4780/3306
f 4774/3278 4773/3279 4781/3279 4782/3278
f 4776/3301 4775/3288 4783/3288 4784/3301
f 4771/3294 4769/3282 4777/3282 4779/3294
f 4773/3279 4772/3296 4780/3296 4781/3279
f 4775/3288 4774/3289 4782/3289 4783/3288
f 4770/3300 4776/3301 4784/3301 4778/3300
f 4732/3258 4731/3246 5990/3246 5989/3258
f 4778/3300 4784/3301 4792/3301 4786/3300
f 4777/3282 4778/3283 4786/3283 4785/3282
f 4780/3306 4779/3294 4787/3294 4788/3306
f 4782/3278 4781/3279 4789/3279 4790/3278
f 4784/3301 4783/3288 4791/3288 4792/3301
f 4779/3294 4777/3282 4785/3282 4787/3294
f 4781/3279 4780/3296 4788/3296 4789/3279
f 4789/3279 4788/3296 6012/3296 6013/3279
f 4733/3231 4732/3248 5989/3248 5988/3231
f 4790/3278 4789/3279 6013/3279 6014/3278
f 4734/3230 4733/3231 5988/3231 5987/3230
f 4791/3310 4790/3311 6014/3311 6015/3310
f 4735/3262 4734/3263 5987/3263 5986/3262
f 4792/3301 4791/3288 6015/3288 6016/3301
f 4736/3253 4735/3240 5986/3240 5985/3253
f 4814/3314 4813/3315 4821/3316 4822/3317
f 4798/3318 4796/3319 4794/3320 4793/3321
f 4795/3322 4796/3319 4798/3318 4797/3323
f 4793/3318 4794/3319 4818/3319 4817/3318
f 4808/3324 4806/3325 4814/3326 4815/3327
f 4797/3323 4798/3318 4800/3328 4799/3329
f 4811/3330 4793/3318 4817/3318 4819/3331
f 4800/3328 4798/3318 4793/3318 4811/3328
f 4799/3329 4800/3328 4802/3332 4801/3333
f 4815/3324 4814/3325 4822/3325 4823/3324
f 4806/3325 4804/3315 4813/3315 4814/3325
f 4801/3333 4802/3332 4804/3334 4803/3335
f 4794/3336 4816/3337 4824/3338 4818/3339
f 4796/3336 4810/3337 4816/3337 4794/3336
f 4803/3335 4804/3334 4806/3325 4805/3340
f 4817/3318 4818/3319 4826/3319 4825/3318
f 4804/3315 4802/3332 4812/3332 4813/3315
f 4805/3340 4806/3325 4808/3324 4807/3341
f 4810/3337 4808/3324 4815/3324 4816/3337
f 4812/3342 4811/3330 4819/3330 4820/3343
f 4807/3341 4808/3324 4810/3337 4809/3344
f 4816/3337 4815/3324 4823/3324 4824/3337
f 4802/3332 4800/3328 4811/3328 4812/3332
f 4809/3344 4810/3337 4796/3336 4795/3345
f 4813/3315 4812/3332 4820/3332 4821/3315
f 4831/3346 4830/3347 4838/3348 4839/3349
f 4820/3342 4819/3330 4827/3330 4828/3342
f 4822/3314 4821/3315 4829/3315 4830/3314
f 4824/3337 4823/3324 4831/3324 4832/3337
f 4819/3330 4817/3318 4825/3318 4827/3330
f 4821/3315 4820/3332 4828/3332 4829/3315
f 4823/3324 4822/3325 4830/3325 4831/3324
f 4818/3336 4824/3337 4832/3337 4826/3336
f 4843/3350 4841/3351 4897/3352 4899/3353
f 4826/3336 4832/3337 4840/3337 4834/3336
f 4825/3318 4826/3319 4834/3319 4833/3318
f 4828/3342 4827/3330 4835/3330 4836/3342
f 4830/3314 4829/3315 4837/3315 4838/3314
f 4832/3337 4831/3324 4839/3324 4840/3337
f 4827/3330 4825/3318 4833/3318 4835/3330
f 4829/3315 4828/3332 4836/3332 4837/3315
f 3804/2260 3805/3354 3807/2309 3806/2259
f 4834/3336 4840/3337 5953/3337 5959/3336
f 4889/3355 4890/3356 5978/3357 5977/3358
f 4833/3318 4834/3319 5959/3319 5960/3318
f 4891/3359 4889/3355 5977/3355 5979/3360
f 4835/3330 4833/3318 5960/3318 5958/3330
f 4892/3361 4891/3359 5979/3359 5980/3362
f 4836/3342 4835/3330 5958/3330 5957/3342
f 4870/3363 4869/3364 4877/3365 4878/3366
f 4854/3367 4852/3368 4850/3369 4849/3370
f 4851/3371 4852/3368 4854/3367 4853/3372
f 4849/3367 4850/3368 4874/3368 4873/3367
f 4864/3373 4862/3374 4870/3375 4871/3376
f 4853/3372 4854/3367 4856/3377 4855/3378
f 4867/3379 4849/3367 4873/3367 4875/3380
f 4856/3377 4854/3367 4849/3367 4867/3377
f 4855/3378 4856/3377 4858/3381 4857/3382
f 4871/3373 4870/3374 4878/3374 4879/3373
f 4862/3374 4860/3364 4869/3364 4870/3374
f 4857/3382 4858/3381 4860/3383 4859/3384
f 4850/3385 4872/3386 4880/3387 4874/3388
f 4852/3385 4866/3386 4872/3386 4850/3385
f 4859/3384 4860/3383 4862/3374 4861/3389
f 4873/3367 4874/3368 4882/3368 4881/3367
f 4860/3364 4858/3381 4868/3381 4869/3364
f 4861/3389 4862/3374 4864/3373 4863/3390
f 4866/3386 4864/3373 4871/3373 4872/3386
f 4868/3391 4867/3379 4875/3379 4876/3392
f 4863/3390 4864/3373 4866/3386 4865/3393
f 4872/3386 4871/3373 4879/3373 4880/3386
f 4858/3381 4856/3377 4867/3377 4868/3381
f 4865/3393 4866/3386 4852/3385 4851/3394
f 4869/3364 4868/3381 4876/3381 4877/3364
f 4887/3395 4886/3396 4894/3397 4895/3398
f 4876/3391 4875/3379 4883/3379 4884/3391
f 4878/3363 4877/3364 4885/3364 4886/3363
f 4880/3386 4879/3373 4887/3373 4888/3386
f 4875/3379 4873/3367 4881/3367 4883/3379
f 4877/3364 4876/3381 4884/3381 4885/3364
f 4879/3373 4878/3374 4886/3374 4887/3373
f 4874/3385 4880/3386 4888/3386 4882/3385
f 4893/3399 4892/3361 5980/3361 5981/3400
f 4882/3385 4888/3386 4896/3386 4890/3385
f 4881/3367 4882/3368 4890/3368 4889/3367
f 4884/3391 4883/3379 4891/3379 4892/3391
f 4886/3363 4885/3364 4893/3364 4894/3363
f 4888/3386 4887/3373 4895/3373 4896/3386
f 4883/3379 4881/3367 4889/3367 4891/3379
f 4885/3364 4884/3381 4892/3381 4893/3364
f 4837/3315 4836/3332 5957/3332 5956/3315
f 4894/3363 4893/3364 5981/3364 5982/3363
f 4838/3314 4837/3315 5956/3315 5955/3314
f 4895/3395 4894/3396 5982/3396 5983/3395
f 4839/3346 4838/3347 5955/3347 5954/3346
f 4896/3386 4895/3373 5983/3373 5984/3386
f 4840/3337 4839/3324 5954/3324 5953/3337
f 4890/3385 4896/3386 5984/3386 5978/3385
f 4926/3401 4925/3402 4933/3403 4934/3404
f 4910/3405 4908/3406 4906/3407 4905/3408
f 4907/3409 4908/3406 4910/3405 4909/3410
f 4905/3405 4906/3406 4930/3406 4929/3405
f 4920/3411 4918/3412 4926/3413 4927/3414
f 4909/3410 4910/3405 4912/3415 4911/3416
f 4923/3417 4905/3405 4929/3405 4931/3418
f 4912/3415 4910/3405 4905/3405 4923/3415
f 4911/3416 4912/3415 4914/3419 4913/3420
f 4927/3411 4926/3412 4934/3412 4935/3411
f 4918/3412 4916/3402 4925/3402 4926/3412
f 4913/3420 4914/3419 4916/3421 4915/3422
f 4906/3423 4928/3424 4936/3425 4930/3426
f 4908/3423 4922/3424 4928/3424 4906/3423
f 4915/3422 4916/3421 4918/3412 4917/3427
f 4929/3405 4930/3406 4938/3406 4937/3405
f 4916/3402 4914/3419 4924/3419 4925/3402
f 4917/3427 4918/3412 4920/3411 4919/3428
f 4922/3424 4920/3411 4927/3411 4928/3424
f 4924/3429 4923/3417 4931/3417 4932/3430
f 4919/3428 4920/3411 4922/3424 4921/3431
f 4928/3424 4927/3411 4935/3411 4936/3424
f 4914/3419 4912/3415 4923/3415 4924/3419
f 4921/3431 4922/3424 4908/3423 4907/3432
f 4925/3402 4924/3419 4932/3419 4933/3402
f 4943/3433 4942/3434 4950/3435 4951/3436
f 4932/3429 4931/3417 4939/3417 4940/3429
f 4934/3401 4933/3402 4941/3402 4942/3401
f 4936/3424 4935/3411 4943/3411 4944/3424
f 4931/3417 4929/3405 4937/3405 4939/3417
f 4933/3402 4932/3419 4940/3419 4941/3402
f 4935/3411 4934/3412 4942/3412 4943/3411
f 4930/3423 4936/3424 4944/3424 4938/3423
f 4947/3437 4945/3438 4953/3439 4955/3440
f 4938/3423 4944/3424 4952/3424 4946/3423
f 4937/3405 4938/3406 4946/3406 4945/3405
f 4940/3429 4939/3417 4947/3417 4948/3429
f 4942/3401 4941/3402 4949/3402 4950/3401
f 4944/3424 4943/3411 4951/3411 4952/3424
f 4939/3417 4937/3405 4945/3405 4947/3417
f 4941/3402 4940/3419 4948/3419 4949/3402
f 6003/3441 6001/3442 6002/3443 6004/3444
f 4949/3402 4948/3419 4956/3419 4957/3402
f 4951/3433 4950/3434 4958/3434 4959/3433
f 4946/3423 4952/3424 4960/3424 4954/3423
f 4945/3405 4946/3406 4954/3406 4953/3405
f 4948/3429 4947/3417 4955/3417 4956/3429
f 4950/3401 4949/3402 4957/3402 4958/3401
f 4952/3424 4951/3411 4959/3411 4960/3424
f 4982/3445 4981/3446 4989/3447 4990/3448
f 4966/3449 4964/3450 4962/3451 4961/3452
f 4963/3453 4964/3450 4966/3449 4965/3454
f 4961/3449 4962/3450 4986/3450 4985/3449
f 4976/3455 4974/3456 4982/3457 4983/3458
f 4965/3454 4966/3449 4968/3459 4967/3460
f 4979/3461 4961/3449 4985/3449 4987/3462
f 4968/3459 4966/3449 4961/3449 4979/3459
f 4967/3460 4968/3459 4970/3463 4969/3464
f 4983/3455 4982/3456 4990/3456 4991/3455
f 4974/3456 4972/3446 4981/3446 4982/3456
f 4969/3464 4970/3463 4972/3465 4971/3466
f 4962/3467 4984/3468 4992/3469 4986/3470
f 4964/3467 4978/3468 4984/3468 4962/3467
f 4971/3466 4972/3465 4974/3456 4973/3471
f 4985/3449 4986/3450 4994/3450 4993/3449
f 4972/3446 4970/3463 4980/3463 4981/3446
f 4973/3471 4974/3456 4976/3455 4975/3472
f 4978/3468 4976/3455 4983/3455 4984/3468
f 4980/3473 4979/3461 4987/3461 4988/3474
f 4975/3472 4976/3455 4978/3468 4977/3475
f 4984/3468 4983/3455 4991/3455 4992/3468
f 4970/3463 4968/3459 4979/3459 4980/3463
f 4977/3475 4978/3468 4964/3467 4963/3476
f 4981/3446 4980/3463 4988/3463 4989/3446
f 4999/3477 4998/3478 5006/3479 5007/3480
f 4988/3473 4987/3461 4995/3461 4996/3473
f 4990/3445 4989/3446 4997/3446 4998/3445
f 4992/3468 4991/3455 4999/3455 5000/3468
f 4987/3461 4985/3449 4993/3449 4995/3461
f 4989/3446 4988/3463 4996/3463 4997/3446
f 4991/3455 4990/3456 4998/3456 4999/3455
f 4986/3467 4992/3468 5000/3468 4994/3467
f 5003/3481 5001/3482 5009/3483 5011/3484
f 4994/3467 5000/3468 5008/3468 5002/3467
f 4993/3449 4994/3450 5002/3450 5001/3449
f 4996/3473 4995/3461 5003/3461 5004/3473
f 4998/3445 4997/3446 5005/3446 5006/3445
f 5000/3468 4999/3455 5007/3455 5008/3468
f 4995/3461 4993/3449 5001/3449 5003/3461
f 4997/3446 4996/3463 5004/3463 5005/3446
f 4955/3485 4953/3486 4954/3487 4956/3488
f 5005/3446 5004/3463 5012/3463 5013/3446
f 5007/3477 5006/3478 5014/3478 5015/3477
f 5002/3467 5008/3468 5016/3468 5010/3467
f 5001/3449 5002/3450 5010/3450 5009/3449
f 5004/3473 5003/3461 5011/3461 5012/3473
f 5006/3445 5005/3446 5013/3446 5014/3445
f 5008/3468 5007/3455 5015/3455 5016/3468
f 5038/3489 5037/3490 5045/3491 5046/3492
f 5022/3493 5020/3494 5018/3495 5017/3496
f 5019/3497 5020/3494 5022/3493 5021/3498
f 5017/3493 5018/3494 5042/3494 5041/3493
f 5032/3499 5030/3500 5038/3501 5039/3502
f 5021/3498 5022/3493 5024/3503 5023/3504
f 5035/3505 5017/3493 5041/3493 5043/3506
f 5024/3503 5022/3493 5017/3493 5035/3503
f 5023/3504 5024/3503 5026/3507 5025/3508
f 5039/3499 5038/3500 5046/3500 5047/3499
f 5030/3500 5028/3490 5037/3490 5038/3500
f 5025/3508 5026/3507 5028/3509 5027/3510
f 5018/3511 5040/3512 5048/3513 5042/3514
f 5020/3511 5034/3512 5040/3512 5018/3511
f 5027/3510 5028/3509 5030/3500 5029/3515
f 5041/3493 5042/3494 5050/3494 5049/3493
f 5028/3490 5026/3507 5036/3507 5037/3490
f 5029/3515 5030/3500 5032/3499 5031/3516
f 5034/3512 5032/3499 5039/3499 5040/3512
f 5036/3517 5035/3505 5043/3505 5044/3518
f 5031/3516 5032/3499 5034/3512 5033/3519
f 5040/3512 5039/3499 5047/3499 5048/3512
f 5026/3507 5024/3503 5035/3503 5036/3507
f 5033/3519 5034/3512 5020/3511 5019/3520
f 5037/3490 5036/3507 5044/3507 5045/3490
f 5055/3521 5054/3522 5062/3523 5063/3524
f 5044/3517 5043/3505 5051/3505 5052/3517
f 5046/3489 5045/3490 5053/3490 5054/3489
f 5048/3512 5047/3499 5055/3499 5056/3512
f 5043/3505 5041/3493 5049/3493 5051/3505
f 5045/3490 5044/3507 5052/3507 5053/3490
f 5047/3499 5046/3500 5054/3500 5055/3499
f 5042/3511 5048/3512 5056/3512 5050/3511
f 5064/3525 5063/3526 5235/3527 5233/3528
f 5050/3511 5056/3512 5064/3512 5058/3511
f 5049/3493 5050/3494 5058/3494 5057/3493
f 5052/3517 5051/3505 5059/3505 5060/3517
f 5054/3489 5053/3490 5061/3490 5062/3489
f 5056/3512 5055/3499 5063/3499 5064/3512
f 5051/3505 5049/3493 5057/3493 5059/3505
f 5053/3490 5052/3507 5060/3507 5061/3490
f 4115/3529 4113/3530 4117/3531 4116/3532
f 5062/3489 5061/3490 5240/3490 5234/3489
f 5171/3533 5169/3534 5124/3535 5126/3536
f 5058/3511 5064/3512 5233/3512 5237/3511
f 5117/3537 5116/3538 5183/3539 5184/3540
f 5169/3534 5170/3541 5125/3542 5124/3534
f 5119/3543 5118/3544 5178/3545 5179/3546
f 5118/3544 5117/3537 5184/3537 5178/3544
f 5094/3547 5093/3548 5101/3549 5102/3550
f 5078/3551 5076/3552 5074/3553 5073/3554
f 5075/3555 5076/3552 5078/3551 5077/3556
f 5073/3551 5074/3552 5098/3552 5097/3551
f 5088/3557 5086/3558 5094/3559 5095/3560
f 5077/3556 5078/3551 5080/3561 5079/3562
f 5091/3563 5073/3551 5097/3551 5099/3564
f 5080/3561 5078/3551 5073/3551 5091/3561
f 5079/3562 5080/3561 5082/3565 5081/3566
f 5095/3557 5094/3558 5102/3558 5103/3557
f 5086/3558 5084/3548 5093/3548 5094/3558
f 5081/3566 5082/3565 5084/3567 5083/3568
f 5074/3569 5096/3570 5104/3571 5098/3572
f 5076/3569 5090/3570 5096/3570 5074/3569
f 5083/3568 5084/3567 5086/3558 5085/3573
f 5097/3551 5098/3552 5106/3552 5105/3551
f 5084/3548 5082/3565 5092/3565 5093/3548
f 5085/3573 5086/3558 5088/3557 5087/3574
f 5090/3570 5088/3557 5095/3557 5096/3570
f 5092/3575 5091/3563 5099/3563 5100/3576
f 5087/3574 5088/3557 5090/3570 5089/3577
f 5096/3570 5095/3557 5103/3557 5104/3570
f 5082/3565 5080/3561 5091/3561 5092/3565
f 5089/3577 5090/3570 5076/3569 5075/3578
f 5093/3548 5092/3565 5100/3565 5101/3548
f 5111/3543 5110/3544 5118/3544 5119/3543
f 5100/3575 5099/3563 5107/3563 5108/3575
f 5102/3547 5101/3548 5109/3548 5110/3547
f 5104/3570 5103/3557 5111/3557 5112/3570
f 5099/3563 5097/3551 5105/3551 5107/3563
f 5101/3548 5100/3565 5108/3565 5109/3548
f 5103/3557 5102/3558 5110/3558 5111/3557
f 5098/3569 5104/3570 5112/3570 5106/3569
f 5120/3579 5119/3543 5179/3543 5177/3580
f 5106/3569 5112/3570 5120/3570 5114/3569
f 5105/3551 5106/3552 5114/3552 5113/3551
f 5108/3575 5107/3563 5115/3563 5116/3575
f 5110/3547 5109/3548 5117/3548 5118/3547
f 5112/3570 5111/3557 5119/3557 5120/3570
f 5107/3563 5105/3551 5113/3551 5115/3563
f 5109/3548 5108/3565 5116/3565 5117/3548
f 5172/3581 5171/3533 5126/3533 5127/3582
f 5115/3563 5113/3551 5180/3551 5182/3563
f 5227/3583 5225/3584 5068/3585 5070/3586
f 5114/3569 5120/3570 5177/3570 5181/3569
f 5173/3587 5172/3581 5127/3581 5128/3588
f 5225/3584 5226/3589 5069/3590 5068/3584
f 5175/3591 5174/3592 5122/3593 5123/3594
f 5174/3592 5173/3587 5128/3587 5122/3592
f 5150/3595 5149/3596 5157/3597 5158/3598
f 5134/3599 5132/3600 5130/3601 5129/3602
f 5131/3603 5132/3600 5134/3599 5133/3604
f 5129/3599 5130/3600 5154/3600 5153/3599
f 5144/3605 5142/3606 5150/3607 5151/3608
f 5133/3604 5134/3599 5136/3609 5135/3610
f 5147/3611 5129/3599 5153/3599 5155/3612
f 5136/3609 5134/3599 5129/3599 5147/3609
f 5135/3610 5136/3609 5138/3613 5137/3614
f 5151/3605 5150/3606 5158/3606 5159/3605
f 5142/3606 5140/3596 5149/3596 5150/3606
f 5137/3614 5138/3613 5140/3615 5139/3616
f 5130/3617 5152/3618 5160/3619 5154/3620
f 5132/3617 5146/3618 5152/3618 5130/3617
f 5139/3616 5140/3615 5142/3606 5141/3621
f 5153/3599 5154/3600 5162/3600 5161/3599
f 5140/3596 5138/3613 5148/3613 5149/3596
f 5141/3621 5142/3606 5144/3605 5143/3622
f 5146/3618 5144/3605 5151/3605 5152/3618
f 5148/3623 5147/3611 5155/3611 5156/3624
f 5143/3622 5144/3605 5146/3618 5145/3625
f 5152/3618 5151/3605 5159/3605 5160/3618
f 5138/3613 5136/3609 5147/3609 5148/3613
f 5145/3625 5146/3618 5132/3617 5131/3626
f 4473/3627 4475/3628 4477/3629 4479/3630
f 5149/3596 5148/3613 5156/3613 5157/3596
f 5167/3591 5166/3592 5174/3592 5175/3591
f 5156/3623 5155/3611 5163/3611 5164/3623
f 5158/3595 5157/3596 5165/3596 5166/3595
f 5160/3618 5159/3605 5167/3605 5168/3618
f 5155/3611 5153/3599 5161/3599 5163/3611
f 5157/3596 5156/3613 5164/3613 5165/3596
f 5159/3605 5158/3606 5166/3606 5167/3605
f 5154/3617 5160/3618 5168/3618 5162/3617
f 5176/3631 5175/3591 5123/3591 5121/3632
f 5162/3617 5168/3618 5176/3618 5170/3617
f 5161/3599 5162/3600 5170/3600 5169/3599
f 5164/3623 5163/3611 5171/3611 5172/3623
f 5166/3595 5165/3596 5173/3596 5174/3595
f 5168/3618 5167/3605 5175/3605 5176/3618
f 5163/3611 5161/3599 5169/3599 5171/3611
f 5165/3596 5164/3613 5172/3613 5173/3596
f 5228/3633 5227/3583 5070/3583 5071/3634
f 5063/3521 5062/3522 5234/3522 5235/3521
f 5059/3505 5057/3493 5236/3493 5238/3505
f 5170/3617 5176/3618 5121/3618 5125/3617
f 5229/3635 5228/3633 5071/3633 5072/3636
f 5057/3493 5058/3494 5237/3494 5236/3493
f 5231/3637 5230/3638 5066/3639 5067/3640
f 5230/3638 5229/3635 5072/3635 5066/3638
f 5206/3641 5205/3642 5213/3643 5214/3644
f 5190/3645 5188/3646 5186/3647 5185/3648
f 5187/3649 5188/3646 5190/3645 5189/3650
f 5185/3645 5186/3646 5210/3646 5209/3645
f 5200/3651 5198/3652 5206/3653 5207/3654
f 5189/3650 5190/3645 5192/3655 5191/3656
f 5203/3657 5185/3645 5209/3645 5211/3658
f 5192/3655 5190/3645 5185/3645 5203/3655
f 5191/3656 5192/3655 5194/3659 5193/3660
f 5207/3651 5206/3652 5214/3652 5215/3651
f 5198/3652 5196/3642 5205/3642 5206/3652
f 5193/3660 5194/3659 5196/3661 5195/3662
f 5186/3663 5208/3664 5216/3665 5210/3666
f 5188/3663 5202/3664 5208/3664 5186/3663
f 5195/3662 5196/3661 5198/3652 5197/3667
f 5209/3645 5210/3646 5218/3646 5217/3645
f 5196/3642 5194/3659 5204/3659 5205/3642
f 5197/3667 5198/3652 5200/3651 5199/3668
f 5202/3664 5200/3651 5207/3651 5208/3664
f 5204/3669 5203/3657 5211/3657 5212/3670
f 5199/3668 5200/3651 5202/3664 5201/3671
f 5208/3664 5207/3651 5215/3651 5216/3664
f 5194/3659 5192/3655 5203/3655 5204/3659
f 5201/3671 5202/3664 5188/3663 5187/3672
f 3305/3673 3307/3674 3309/3675 3311/3676
f 5205/3642 5204/3659 5212/3659 5213/3642
f 5223/3637 5222/3638 5230/3638 5231/3637
f 5212/3669 5211/3657 5219/3657 5220/3669
f 5214/3641 5213/3642 5221/3642 5222/3641
f 5216/3664 5215/3651 5223/3651 5224/3664
f 5211/3657 5209/3645 5217/3645 5219/3657
f 5213/3642 5212/3659 5220/3659 5221/3642
f 5215/3651 5214/3652 5222/3652 5223/3651
f 5210/3663 5216/3664 5224/3664 5218/3663
f 5232/3677 5231/3637 5067/3637 5065/3678
f 5218/3663 5224/3664 5232/3664 5226/3663
f 5217/3645 5218/3646 5226/3646 5225/3645
f 5220/3669 5219/3657 5227/3657 5228/3669
f 5222/3641 5221/3642 5229/3642 5230/3641
f 5224/3664 5223/3651 5231/3651 5232/3664
f 5219/3657 5217/3645 5225/3645 5227/3657
f 5221/3642 5220/3659 5228/3659 5229/3642
f 5060/3517 5059/3505 5238/3505 5239/3517
f 5070/3583 5068/3584 5692/3584 5694/3583
f 5226/3663 5232/3664 5065/3664 5069/3663
f 5061/3490 5060/3507 5239/3507 5240/3490
f 5113/3551 5114/3552 5181/3552 5180/3551
f 5068/3584 5069/3589 5693/3589 5692/3584
f 5181/3552 5709/3552 5708/3551 5180/3551
f 5262/3679 5261/3680 5269/3681 5270/3682
f 5246/3683 5244/3684 5242/3685 5241/3686
f 5243/3687 5244/3684 5246/3683 5245/3688
f 5241/3683 5242/3684 5266/3684 5265/3683
f 5256/3689 5254/3690 5262/3691 5263/3692
f 5245/3688 5246/3683 5248/3693 5247/3694
f 5259/3695 5241/3683 5265/3683 5267/3696
f 5248/3693 5246/3683 5241/3683 5259/3693
f 5247/3694 5248/3693 5250/3697 5249/3698
f 5263/3689 5262/3690 5270/3690 5271/3689
f 5254/3690 5252/3680 5261/3680 5262/3690
f 5249/3698 5250/3697 5252/3699 5251/3700
f 5242/3701 5264/3702 5272/3703 5266/3704
f 5244/3701 5258/3702 5264/3702 5242/3701
f 5251/3700 5252/3699 5254/3690 5253/3705
f 5265/3683 5266/3684 5274/3684 5273/3683
f 5252/3680 5250/3697 5260/3697 5261/3680
f 5253/3705 5254/3690 5256/3689 5255/3706
f 5258/3702 5256/3689 5263/3689 5264/3702
f 5260/3707 5259/3695 5267/3695 5268/3708
f 5255/3706 5256/3689 5258/3702 5257/3709
f 5264/3702 5263/3689 5271/3689 5272/3702
f 5250/3697 5248/3693 5259/3693 5260/3697
f 5257/3709 5258/3702 5244/3701 5243/3710
f 5261/3680 5260/3697 5268/3697 5269/3680
f 5279/3711 5278/3712 5286/3713 5287/3714
f 5268/3707 5267/3695 5275/3695 5276/3707
f 5270/3679 5269/3680 5277/3680 5278/3679
f 5272/3702 5271/3689 5279/3689 5280/3702
f 5267/3695 5265/3683 5273/3683 5275/3695
f 5269/3680 5268/3697 5276/3697 5277/3680
f 5271/3689 5270/3690 5278/3690 5279/3689
f 5266/3701 5272/3702 5280/3702 5274/3701
f 5274/3701 5280/3702 5288/3702 5282/3701
f 5273/3683 5274/3684 5282/3684 5281/3683
f 5276/3707 5275/3695 5283/3695 5284/3707
f 5278/3679 5277/3680 5285/3680 5286/3679
f 5280/3702 5279/3689 5287/3689 5288/3702
f 5275/3695 5273/3683 5281/3683 5283/3695
f 5277/3680 5276/3697 5284/3697 5285/3680
f 5350/3715 5352/3716 5296/3717 5294/3718
f 5285/3680 5284/3697 5852/3697 5853/3680
f 5342/3719 5341/3720 5869/3721 5870/3722
f 5286/3679 5285/3680 5853/3680 5854/3679
f 5343/3723 5342/3719 5870/3719 5871/3724
f 5287/3711 5286/3712 5854/3712 5855/3711
f 5344/3725 5343/3723 5871/3723 5872/3726
f 5288/3702 5287/3689 5855/3689 5856/3702
f 5318/3727 5317/3728 5325/3729 5326/3730
f 5302/3731 5300/3732 5298/3733 5297/3734
f 5299/3735 5300/3732 5302/3731 5301/3736
f 5297/3731 5298/3732 5322/3732 5321/3731
f 5312/3737 5310/3738 5318/3739 5319/3740
f 5301/3736 5302/3731 5304/3741 5303/3742
f 5315/3743 5297/3731 5321/3731 5323/3744
f 5304/3741 5302/3731 5297/3731 5315/3741
f 5303/3742 5304/3741 5306/3745 5305/3746
f 5319/3737 5318/3738 5326/3738 5327/3737
f 5310/3738 5308/3728 5317/3728 5318/3738
f 5305/3746 5306/3745 5308/3747 5307/3748
f 5298/3749 5320/3750 5328/3751 5322/3752
f 5300/3749 5314/3750 5320/3750 5298/3749
f 5307/3748 5308/3747 5310/3738 5309/3753
f 5321/3731 5322/3732 5330/3732 5329/3731
f 5308/3728 5306/3745 5316/3745 5317/3728
f 5309/3753 5310/3738 5312/3737 5311/3754
f 5314/3750 5312/3737 5319/3737 5320/3750
f 5316/3755 5315/3743 5323/3743 5324/3756
f 5311/3754 5312/3737 5314/3750 5313/3757
f 5320/3750 5319/3737 5327/3737 5328/3750
f 5306/3745 5304/3741 5315/3741 5316/3745
f 5313/3757 5314/3750 5300/3749 5299/3758
f 5317/3728 5316/3745 5324/3745 5325/3728
f 5335/3723 5334/3719 5342/3719 5343/3723
f 5324/3755 5323/3743 5331/3743 5332/3755
f 5326/3727 5325/3728 5333/3728 5334/3727
f 5328/3750 5327/3737 5335/3737 5336/3750
f 5323/3743 5321/3731 5329/3731 5331/3743
f 5325/3728 5324/3745 5332/3745 5333/3728
f 5327/3737 5326/3738 5334/3738 5335/3737
f 5322/3749 5328/3750 5336/3750 5330/3749
f 5338/3759 5344/3725 5872/3725 5866/3760
f 5330/3749 5336/3750 5344/3750 5338/3749
f 5329/3731 5330/3732 5338/3732 5337/3731
f 5332/3755 5331/3743 5339/3743 5340/3755
f 5334/3727 5333/3728 5341/3728 5342/3727
f 5336/3750 5335/3737 5343/3737 5344/3750
f 5331/3743 5329/3731 5337/3731 5339/3743
f 5333/3728 5332/3745 5340/3745 5341/3728
f 5282/3701 5288/3702 5856/3702 5850/3701
f 5337/3731 5338/3732 5866/3732 5865/3731
f 5281/3683 5282/3684 5850/3684 5849/3683
f 5339/3743 5337/3731 5865/3731 5867/3743
f 5283/3695 5281/3683 5849/3683 5851/3695
f 5340/3755 5339/3743 5867/3743 5868/3755
f 5284/3707 5283/3695 5851/3695 5852/3707
f 5341/3728 5340/3745 5868/3745 5869/3728
f 5374/3761 5373/3762 5381/3763 5382/3764
f 5358/3765 5356/3766 5354/3767 5353/3768
f 5355/3769 5356/3766 5358/3765 5357/3770
f 5353/3765 5354/3766 5378/3766 5377/3765
f 5368/3771 5366/3772 5374/3773 5375/3774
f 5357/3770 5358/3765 5360/3775 5359/3776
f 5371/3777 5353/3765 5377/3765 5379/3778
f 5360/3775 5358/3765 5353/3765 5371/3775
f 5359/3776 5360/3775 5362/3779 5361/3780
f 5375/3771 5374/3772 5382/3772 5383/3771
f 5366/3772 5364/3762 5373/3762 5374/3772
f 5361/3780 5362/3779 5364/3781 5363/3782
f 5354/3783 5376/3784 5384/3785 5378/3786
f 5356/3783 5370/3784 5376/3784 5354/3783
f 5363/3782 5364/3781 5366/3772 5365/3787
f 5377/3765 5378/3766 5386/3766 5385/3765
f 5364/3762 5362/3779 5372/3779 5373/3762
f 5365/3787 5366/3772 5368/3771 5367/3788
f 5370/3784 5368/3771 5375/3771 5376/3784
f 5372/3789 5371/3777 5379/3777 5380/3790
f 5367/3788 5368/3771 5370/3784 5369/3791
f 5376/3784 5375/3771 5383/3771 5384/3784
f 5362/3779 5360/3775 5371/3775 5372/3779
f 5369/3791 5370/3784 5356/3783 5355/3792
f 5373/3762 5372/3779 5380/3779 5381/3762
f 5391/3793 5390/3794 5398/3795 5399/3796
f 5380/3789 5379/3777 5387/3777 5388/3789
f 5382/3761 5381/3762 5389/3762 5390/3761
f 5384/3784 5383/3771 5391/3771 5392/3784
f 5379/3777 5377/3765 5385/3765 5387/3777
f 5381/3762 5380/3779 5388/3779 5389/3762
f 5383/3771 5382/3772 5390/3772 5391/3771
f 5378/3783 5384/3784 5392/3784 5386/3783
f 5403/3797 5401/3798 5457/3799 5459/3800
f 5386/3783 5392/3784 5400/3784 5394/3783
f 5385/3765 5386/3766 5394/3766 5393/3765
f 5388/3789 5387/3777 5395/3777 5396/3789
f 5390/3761 5389/3762 5397/3762 5398/3761
f 5392/3784 5391/3771 5399/3771 5400/3784
f 5387/3777 5385/3765 5393/3765 5395/3777
f 5389/3762 5388/3779 5396/3779 5397/3762
f 5687/3801 5686/3802 5682/3803 5688/3804
f 5398/3761 5397/3762 5876/3762 5875/3761
f 5455/3805 5454/3806 5902/3807 5903/3808
f 5399/3793 5398/3794 5875/3794 5874/3793
f 5456/3809 5455/3805 5903/3805 5904/3810
f 5400/3784 5399/3771 5874/3771 5873/3784
f 5450/3811 5456/3809 5904/3809 5898/3812
f 5394/3783 5400/3784 5873/3784 5879/3783
f 5430/3813 5429/3814 5437/3815 5438/3816
f 5414/3817 5412/3818 5410/3819 5409/3820
f 5411/3821 5412/3818 5414/3817 5413/3822
f 5409/3817 5410/3818 5434/3818 5433/3817
f 5424/3823 5422/3824 5430/3825 5431/3826
f 5413/3822 5414/3817 5416/3827 5415/3828
f 5427/3829 5409/3817 5433/3817 5435/3830
f 5416/3827 5414/3817 5409/3817 5427/3827
f 5415/3828 5416/3827 5418/3831 5417/3832
f 5431/3823 5430/3824 5438/3824 5439/3823
f 5422/3824 5420/3814 5429/3814 5430/3824
f 5417/3832 5418/3831 5420/3833 5419/3834
f 5410/3835 5432/3836 5440/3837 5434/3838
f 5412/3835 5426/3836 5432/3836 5410/3835
f 5419/3834 5420/3833 5422/3824 5421/3839
f 5433/3817 5434/3818 5442/3818 5441/3817
f 5420/3814 5418/3831 5428/3831 5429/3814
f 5421/3839 5422/3824 5424/3823 5423/3840
f 5426/3836 5424/3823 5431/3823 5432/3836
f 5428/3841 5427/3829 5435/3829 5436/3842
f 5423/3840 5424/3823 5426/3836 5425/3843
f 5432/3836 5431/3823 5439/3823 5440/3836
f 5418/3831 5416/3827 5427/3827 5428/3831
f 5425/3843 5426/3836 5412/3835 5411/3844
f 5429/3814 5428/3831 5436/3831 5437/3814
f 5447/3805 5446/3806 5454/3806 5455/3805
f 5436/3841 5435/3829 5443/3829 5444/3841
f 5438/3813 5437/3814 5445/3814 5446/3813
f 5440/3836 5439/3823 5447/3823 5448/3836
f 5435/3829 5433/3817 5441/3817 5443/3829
f 5437/3814 5436/3831 5444/3831 5445/3814
f 5439/3823 5438/3824 5446/3824 5447/3823
f 5434/3835 5440/3836 5448/3836 5442/3835
f 5449/3845 5450/3846 5898/3847 5897/3848
f 5442/3835 5448/3836 5456/3836 5450/3835
f 5441/3817 5442/3818 5450/3818 5449/3817
f 5444/3841 5443/3829 5451/3829 5452/3841
f 5446/3813 5445/3814 5453/3814 5454/3813
f 5448/3836 5447/3823 5455/3823 5456/3836
f 5443/3829 5441/3817 5449/3817 5451/3829
f 5445/3814 5444/3831 5452/3831 5453/3814
f 5393/3765 5394/3766 5879/3766 5880/3765
f 5451/3829 5449/3817 5897/3817 5899/3829
f 5395/3777 5393/3765 5880/3765 5878/3777
f 5452/3841 5451/3829 5899/3829 5900/3841
f 5396/3789 5395/3777 5878/3777 5877/3789
f 5453/3814 5452/3831 5900/3831 5901/3814
f 5397/3762 5396/3779 5877/3779 5876/3762
f 5454/3813 5453/3814 5901/3814 5902/3813
f 5486/3849 5485/3850 5493/3851 5494/3852
f 5470/3853 5468/3854 5466/3855 5465/3856
f 5467/3857 5468/3854 5470/3853 5469/3858
f 5465/3853 5466/3854 5490/3854 5489/3853
f 5480/3859 5478/3860 5486/3861 5487/3862
f 5469/3858 5470/3853 5472/3863 5471/3864
f 5483/3865 5465/3853 5489/3853 5491/3866
f 5472/3863 5470/3853 5465/3853 5483/3863
f 5471/3864 5472/3863 5474/3867 5473/3868
f 5487/3859 5486/3860 5494/3860 5495/3859
f 5478/3860 5476/3850 5485/3850 5486/3860
f 5473/3868 5474/3867 5476/3869 5475/3870
f 5466/3871 5488/3872 5496/3873 5490/3874
f 5468/3871 5482/3872 5488/3872 5466/3871
f 5475/3870 5476/3869 5478/3860 5477/3875
f 5489/3853 5490/3854 5498/3854 5497/3853
f 5476/3850 5474/3867 5484/3867 5485/3850
f 5477/3875 5478/3860 5480/3859 5479/3876
f 5482/3872 5480/3859 5487/3859 5488/3872
f 5484/3877 5483/3865 5491/3865 5492/3878
f 5479/3876 5480/3859 5482/3872 5481/3879
f 5488/3872 5487/3859 5495/3859 5496/3872
f 5474/3867 5472/3863 5483/3863 5484/3867
f 5481/3879 5482/3872 5468/3871 5467/3880
f 5485/3850 5484/3867 5492/3867 5493/3850
f 5503/3881 5502/3882 5510/3883 5511/3884
f 5492/3877 5491/3865 5499/3865 5500/3877
f 5494/3849 5493/3850 5501/3850 5502/3849
f 5496/3872 5495/3859 5503/3859 5504/3872
f 5491/3865 5489/3853 5497/3853 5499/3865
f 5493/3850 5492/3867 5500/3867 5501/3850
f 5495/3859 5494/3860 5502/3860 5503/3859
f 5490/3871 5496/3872 5504/3872 5498/3871
f 3820/3885 3821/3886 3823/3887 3822/3888
f 5498/3871 5504/3872 5512/3872 5506/3871
f 5497/3853 5498/3854 5506/3854 5505/3853
f 5500/3877 5499/3865 5507/3865 5508/3877
f 5502/3849 5501/3850 5509/3850 5510/3849
f 5504/3872 5503/3859 5511/3859 5512/3872
f 5499/3865 5497/3853 5505/3853 5507/3865
f 5501/3850 5500/3867 5508/3867 5509/3850
f 6022/3889 6024/3890 5576/3891 5574/3892
f 5511/3881 5510/3882 5907/3882 5906/3881
f 5568/3893 5567/3894 5935/3895 5936/3896
f 5512/3872 5511/3859 5906/3859 5905/3872
f 5562/3897 5568/3893 5936/3893 5930/3898
f 5506/3871 5512/3872 5905/3872 5911/3871
f 5561/3899 5562/3900 5930/3901 5929/3902
f 5505/3853 5506/3854 5911/3854 5912/3853
f 5542/3903 5541/3904 5549/3905 5550/3906
f 5526/3907 5524/3908 5522/3909 5521/3910
f 5523/3911 5524/3908 5526/3907 5525/3912
f 5521/3907 5522/3908 5546/3908 5545/3907
f 5536/3913 5534/3914 5542/3915 5543/3916
f 5525/3912 5526/3907 5528/3917 5527/3918
f 5539/3919 5521/3907 5545/3907 5547/3920
f 5528/3917 5526/3907 5521/3907 5539/3917
f 5527/3918 5528/3917 5530/3921 5529/3922
f 5543/3913 5542/3914 5550/3914 5551/3913
f 5534/3914 5532/3904 5541/3904 5542/3914
f 5529/3922 5530/3921 5532/3923 5531/3924
f 5522/3925 5544/3926 5552/3927 5546/3928
f 5524/3925 5538/3926 5544/3926 5522/3925
f 5531/3924 5532/3923 5534/3914 5533/3929
f 5545/3907 5546/3908 5554/3908 5553/3907
f 5532/3904 5530/3921 5540/3921 5541/3904
f 5533/3929 5534/3914 5536/3913 5535/3930
f 5538/3926 5536/3913 5543/3913 5544/3926
f 5540/3931 5539/3919 5547/3919 5548/3932
f 5535/3930 5536/3913 5538/3926 5537/3933
f 5544/3926 5543/3913 5551/3913 5552/3926
f 5530/3921 5528/3917 5539/3917 5540/3921
f 5537/3933 5538/3926 5524/3925 5523/3934
f 5541/3904 5540/3921 5548/3921 5549/3904
f 5559/3935 5558/3936 5566/3937 5567/3938
f 5548/3931 5547/3919 5555/3919 5556/3931
f 5550/3903 5549/3904 5557/3904 5558/3903
f 5552/3926 5551/3913 5559/3913 5560/3926
f 5547/3919 5545/3907 5553/3907 5555/3919
f 5549/3904 5548/3921 5556/3921 5557/3904
f 5551/3913 5550/3914 5558/3914 5559/3913
f 5546/3925 5552/3926 5560/3926 5554/3925
f 5563/3939 5561/3899 5929/3899 5931/3940
f 5554/3925 5560/3926 5568/3926 5562/3925
f 5553/3907 5554/3908 5562/3908 5561/3907
f 5556/3931 5555/3919 5563/3919 5564/3931
f 5558/3903 5557/3904 5565/3904 5566/3903
f 5560/3926 5559/3913 5567/3913 5568/3926
f 5555/3919 5553/3907 5561/3907 5563/3919
f 5557/3904 5556/3921 5564/3921 5565/3904
f 5507/3865 5505/3853 5912/3853 5910/3865
f 5564/3931 5563/3919 5931/3919 5932/3931
f 5508/3877 5507/3865 5910/3865 5909/3877
f 5565/3904 5564/3921 5932/3921 5933/3904
f 5509/3850 5508/3867 5909/3867 5908/3850
f 5566/3903 5565/3904 5933/3904 5934/3903
f 5510/3849 5509/3850 5908/3850 5907/3849
f 5567/3935 5566/3936 5934/3936 5935/3935
f 5598/3941 5597/3942 5605/3943 5606/3944
f 5582/3945 5580/3946 5578/3947 5577/3948
f 5579/3949 5580/3946 5582/3945 5581/3950
f 5577/3945 5578/3946 5602/3946 5601/3945
f 5592/3951 5590/3952 5598/3953 5599/3954
f 5581/3950 5582/3945 5584/3955 5583/3956
f 5595/3957 5577/3945 5601/3945 5603/3958
f 5584/3955 5582/3945 5577/3945 5595/3955
f 5583/3956 5584/3955 5586/3959 5585/3960
f 5599/3951 5598/3952 5606/3952 5607/3951
f 5590/3952 5588/3942 5597/3942 5598/3952
f 5585/3960 5586/3959 5588/3961 5587/3962
f 5578/3963 5600/3964 5608/3965 5602/3966
f 5580/3963 5594/3964 5600/3964 5578/3963
f 5587/3962 5588/3961 5590/3952 5589/3967
f 5601/3945 5602/3946 5610/3946 5609/3945
f 5588/3942 5586/3959 5596/3959 5597/3942
f 5589/3967 5590/3952 5592/3951 5591/3968
f 5594/3964 5592/3951 5599/3951 5600/3964
f 5596/3969 5595/3957 5603/3957 5604/3970
f 5591/3968 5592/3951 5594/3964 5593/3971
f 5600/3964 5599/3951 5607/3951 5608/3964
f 5586/3959 5584/3955 5595/3955 5596/3959
f 5593/3971 5594/3964 5580/3963 5579/3972
f 5597/3942 5596/3959 5604/3959 5605/3942
f 5615/3973 5614/3974 5622/3975 5623/3976
f 5604/3969 5603/3957 5611/3957 5612/3969
f 5606/3941 5605/3942 5613/3942 5614/3941
f 5608/3964 5607/3951 5615/3951 5616/3964
f 5603/3957 5601/3945 5609/3945 5611/3957
f 5605/3942 5604/3959 5612/3959 5613/3942
f 5607/3951 5606/3952 5614/3952 5615/3951
f 5602/3963 5608/3964 5616/3964 5610/3963
f 5619/3977 5617/3978 5625/3979 5627/3980
f 5610/3963 5616/3964 5624/3964 5618/3963
f 5609/3945 5610/3946 5618/3946 5617/3945
f 5612/3969 5611/3957 5619/3957 5620/3969
f 5614/3941 5613/3942 5621/3942 5622/3941
f 5616/3964 5615/3951 5623/3951 5624/3964
f 5611/3957 5609/3945 5617/3945 5619/3957
f 5613/3942 5612/3959 5620/3959 5621/3942
f 3067/3981 3065/3982 3069/3983 3068/3984
f 5621/3942 5620/3959 5628/3959 5629/3942
f 5623/3973 5622/3974 5630/3974 5631/3973
f 5618/3963 5624/3964 5632/3964 5626/3963
f 5617/3945 5618/3946 5626/3946 5625/3945
f 5620/3969 5619/3957 5627/3957 5628/3969
f 5622/3941 5621/3942 5629/3942 5630/3941
f 5624/3964 5623/3951 5631/3951 5632/3964
f 5654/3985 5653/3986 5661/3987 5662/3988
f 5638/3989 5636/3990 5634/3991 5633/3992
f 5635/3993 5636/3990 5638/3989 5637/3994
f 5633/3989 5634/3990 5658/3990 5657/3989
f 5648/3995 5646/3996 5654/3997 5655/3998
f 5637/3994 5638/3989 5640/3999 5639/4000
f 5651/4001 5633/3989 5657/3989 5659/4002
f 5640/3999 5638/3989 5633/3989 5651/3999
f 5639/4000 5640/3999 5642/4003 5641/4004
f 5655/3995 5654/3996 5662/3996 5663/3995
f 5646/3996 5644/3986 5653/3986 5654/3996
f 5641/4004 5642/4003 5644/4005 5643/4006
f 5634/4007 5656/4008 5664/4009 5658/4010
f 5636/4007 5650/4008 5656/4008 5634/4007
f 5643/4006 5644/4005 5646/3996 5645/4011
f 5657/3989 5658/3990 5666/3990 5665/3989
f 5644/3986 5642/4003 5652/4003 5653/3986
f 5645/4011 5646/3996 5648/3995 5647/4012
f 5650/4008 5648/3995 5655/3995 5656/4008
f 5652/4013 5651/4001 5659/4001 5660/4014
f 5647/4012 5648/3995 5650/4008 5649/4015
f 5656/4008 5655/3995 5663/3995 5664/4008
f 5642/4003 5640/3999 5651/3999 5652/4003
f 5649/4015 5650/4008 5636/4007 5635/4016
f 5653/3986 5652/4003 5660/4003 5661/3986
f 5671/4017 5670/4018 5678/4019 5679/4020
f 5660/4013 5659/4001 5667/4001 5668/4013
f 5662/3985 5661/3986 5669/3986 5670/3985
f 5664/4008 5663/3995 5671/3995 5672/4008
f 5659/4001 5657/3989 5665/3989 5667/4001
f 5661/3986 5660/4003 5668/4003 5669/3986
f 5663/3995 5662/3996 5670/3996 5671/3995
f 5658/4007 5664/4008 5672/4008 5666/4007
f 5675/4021 5673/4022 5681/4023 5683/4024
f 5666/4007 5672/4008 5680/4008 5674/4007
f 5665/3989 5666/3990 5674/3990 5673/3989
f 5668/4013 5667/4001 5675/4001 5676/4013
f 5670/3985 5669/3986 5677/3986 5678/3985
f 5672/4008 5671/3995 5679/3995 5680/4008
f 5667/4001 5665/3989 5673/3989 5675/4001
f 5669/3986 5668/4003 5676/4003 5677/3986
f 3015/4025 3014/4026 3010/4027 3016/4028
f 5677/3986 5676/4003 5684/4003 5685/3986
f 5679/4017 5678/4018 5686/4018 5687/4017
f 5674/4007 5680/4008 5688/4008 5682/4007
f 5673/3989 5674/3990 5682/3990 5681/3989
f 5676/4013 5675/4001 5683/4001 5684/4013
f 5678/3985 5677/3986 5685/3986 5686/3985
f 5680/4008 5679/3995 5687/3995 5688/4008
f 5116/3575 5115/3563 5182/3563 5183/3575
f 4003/4029 4001/4030 4002/4031 4004/4032
f 6127/4033 6126/4034 6125/4035 6128/4036
f 5683/4037 5681/4038 5685/4039 5684/4040
f 5071/3633 5070/3583 5694/3583 5695/3633
f 5237/3494 5717/3494 5716/3493 5236/3493
f 5066/3638 5072/3635 5696/3635 5690/3638
f 5125/3617 5121/3618 5697/3618 5701/3617
f 5180/3551 5708/3551 5710/3563 5182/3563
f 3930/2778 3936/2773 3952/2773 3946/2778
f 5121/3631 5123/3591 5699/3591 5697/3631
f 5122/3592 5128/3587 5704/3587 5698/3592
f 4239/4041 4238/4042 4234/4043 4240/4044
f 5127/3581 5126/3533 5702/3533 5703/3581
f 5067/3637 5066/3638 5690/3638 5691/3637
f 5124/3534 5125/3541 5701/3541 5700/3534
f 2637/4045 2639/4046 2649/4047 2635/4048
f 5069/3663 5065/3664 5689/3664 5693/3663
f 5065/3677 5067/3637 5691/3637 5689/3677
f 5126/3533 5124/3534 5700/3534 5702/3533
f 5234/3489 5240/3490 5720/3490 5714/3489
f 5128/3587 5127/3581 5703/3581 5704/3587
f 5123/3591 5122/3592 5698/3592 5699/3591
f 5072/3635 5071/3633 5695/3633 5696/3635
f 5820/4049 5822/4050 5823/4051 5824/4052
f 3686/4053 3688/4054 3684/4055 3685/4056
f 5742/4057 5741/4058 5749/4059 5750/4060
f 5726/4061 5724/4062 5722/4063 5721/4064
f 5723/4065 5724/4062 5726/4061 5725/4066
f 5721/4061 5722/4062 5746/4062 5745/4061
f 5736/4067 5734/4068 5742/4069 5743/4070
f 5725/4066 5726/4061 5728/4071 5727/4072
f 5739/4073 5721/4061 5745/4061 5747/4074
f 5728/4071 5726/4061 5721/4061 5739/4071
f 5727/4072 5728/4071 5730/4075 5729/4076
f 5743/4067 5742/4068 5750/4068 5751/4067
f 5734/4068 5732/4058 5741/4058 5742/4068
f 5729/4076 5730/4075 5732/4077 5731/4078
f 5722/4079 5744/4080 5752/4081 5746/4082
f 5724/4079 5738/4080 5744/4080 5722/4079
f 5731/4078 5732/4077 5734/4068 5733/4083
f 5745/4061 5746/4062 5754/4062 5753/4061
f 5732/4058 5730/4075 5740/4075 5741/4058
f 5733/4083 5734/4068 5736/4067 5735/4084
f 5738/4080 5736/4067 5743/4067 5744/4080
f 5740/4085 5739/4073 5747/4073 5748/4086
f 5735/4084 5736/4067 5738/4080 5737/4087
f 5744/4080 5743/4067 5751/4067 5752/4080
f 5730/4075 5728/4071 5739/4071 5740/4075
f 5737/4087 5738/4080 5724/4079 5723/4088
f 5741/4058 5740/4075 5748/4075 5749/4058
f 5759/4089 5758/4090 5766/4091 5767/4092
f 5748/4085 5747/4073 5755/4073 5756/4085
f 5750/4057 5749/4058 5757/4058 5758/4057
f 5752/4080 5751/4067 5759/4067 5760/4080
f 5747/4073 5745/4061 5753/4061 5755/4073
f 5749/4058 5748/4075 5756/4075 5757/4058
f 5751/4067 5750/4068 5758/4068 5759/4067
f 5746/4079 5752/4080 5760/4080 5754/4079
f 5768/4093 5767/4094 5827/4095 5825/4096
f 5754/4079 5760/4080 5768/4080 5762/4079
f 5753/4061 5754/4062 5762/4062 5761/4061
f 5756/4085 5755/4073 5763/4073 5764/4085
f 5758/4057 5757/4058 5765/4058 5766/4057
f 5760/4080 5759/4067 5767/4067 5768/4080
f 5755/4073 5753/4061 5761/4061 5763/4073
f 5757/4058 5756/4075 5764/4075 5765/4058
f 2799/4097 2798/4098 2794/4099 2800/4100
f 5766/4057 5765/4058 5832/4058 5826/4057
f 5762/4079 5768/4080 5825/4080 5829/4079
f 5813/4101 5812/4102 5823/4103 5824/4104
f 5815/4105 5814/4106 5818/4107 5819/4108
f 5814/4106 5813/4101 5824/4101 5818/4106
f 5790/4109 5789/4110 5797/4111 5798/4112
f 5774/4113 5772/4114 5770/4115 5769/4116
f 5771/4117 5772/4114 5774/4113 5773/4118
f 5769/4113 5770/4114 5794/4114 5793/4113
f 5784/4119 5782/4120 5790/4121 5791/4122
f 5773/4118 5774/4113 5776/4123 5775/4124
f 5787/4125 5769/4113 5793/4113 5795/4126
f 5776/4123 5774/4113 5769/4113 5787/4123
f 5775/4124 5776/4123 5778/4127 5777/4128
f 5791/4119 5790/4120 5798/4120 5799/4119
f 5782/4120 5780/4110 5789/4110 5790/4120
f 5777/4128 5778/4127 5780/4129 5779/4130
f 5770/4131 5792/4132 5800/4133 5794/4134
f 5772/4131 5786/4132 5792/4132 5770/4131
f 5779/4130 5780/4129 5782/4120 5781/4135
f 5793/4113 5794/4114 5802/4114 5801/4113
f 5780/4110 5778/4127 5788/4127 5789/4110
f 5781/4135 5782/4120 5784/4119 5783/4136
f 5786/4132 5784/4119 5791/4119 5792/4132
f 5788/4137 5787/4125 5795/4125 5796/4138
f 5783/4136 5784/4119 5786/4132 5785/4139
f 5792/4132 5791/4119 5799/4119 5800/4132
f 5778/4127 5776/4123 5787/4123 5788/4127
f 5785/4139 5786/4132 5772/4131 5771/4140
f 5789/4110 5788/4127 5796/4127 5797/4110
f 5807/4105 5806/4106 5814/4106 5815/4105
f 5796/4137 5795/4125 5803/4125 5804/4137
f 5798/4109 5797/4110 5805/4110 5806/4109
f 5800/4132 5799/4119 5807/4119 5808/4132
f 5795/4125 5793/4113 5801/4113 5803/4125
f 5797/4110 5796/4127 5804/4127 5805/4110
f 5799/4119 5798/4120 5806/4120 5807/4119
f 5794/4131 5800/4132 5808/4132 5802/4131
f 5816/4141 5815/4105 5819/4105 5817/4142
f 5802/4131 5808/4132 5816/4132 5810/4131
f 5801/4113 5802/4114 5810/4114 5809/4113
f 5804/4137 5803/4125 5811/4125 5812/4137
f 5806/4109 5805/4110 5813/4110 5814/4109
f 5808/4132 5807/4119 5815/4119 5816/4132
f 5803/4125 5801/4113 5809/4113 5811/4125
f 5805/4110 5804/4127 5812/4127 5813/4110
f 5811/4125 5809/4113 5820/4113 5822/4125
f 5810/4131 5816/4132 5817/4132 5821/4131
f 5767/4089 5766/4090 5826/4090 5827/4089
f 5763/4073 5761/4061 5828/4061 5830/4073
f 5761/4061 5762/4062 5829/4062 5828/4061
f 5764/4085 5763/4073 5830/4073 5831/4085
f 5765/4058 5764/4075 5831/4075 5832/4058
f 5809/4113 5810/4114 5821/4114 5820/4113
f 5812/4137 5811/4125 5822/4125 5823/4137
f 2795/4143 2793/4144 2797/4145 2796/4146
f 5290/4147 5291/4148 5296/4149 5295/4150
f 3946/2778 3947/2777 3931/2777 3930/2778
f 5840/4101 5834/4106 5818/4106 5824/4101
f 5707/3543 5705/3579 5177/3579 5179/3543
f 3681/4151 3682/4152 3683/4153 3687/4154
f 3011/4155 3009/4156 3013/4157 3012/4158
f 5942/4159 5944/4160 5864/4161 5862/4162
f 5852/3707 5851/3695 5350/3695 5349/3707
f 5870/3719 5869/3720 5885/3720 5886/3719
f 5853/3680 5852/3697 5349/3697 5348/3680
f 5871/3723 5870/3719 5886/3719 5887/3723
f 5854/3679 5853/3680 5348/3680 5347/3679
f 5872/3725 5871/3723 5887/3723 5888/3725
f 5855/3711 5854/3712 5347/3712 5346/3711
f 5866/3759 5872/3725 5888/3725 5882/3759
f 5865/3731 5866/3732 5882/3732 5881/3731
f 5856/3702 5855/3689 5346/3689 5345/3702
f 5867/3743 5865/3731 5881/3731 5883/3743
f 5850/3701 5856/3702 5345/3702 5351/3701
f 5849/3683 5850/3684 5351/3684 5352/3683
f 5868/3755 5867/3743 5883/3743 5884/3755
f 5851/3695 5849/3683 5352/3683 5350/3695
f 5869/3728 5868/3745 5884/3745 5885/3728
f 5348/3680 5349/3697 5293/3697 5292/3680
f 5346/3711 5347/3712 5291/3712 5290/3711
f 5351/3701 5345/3702 5289/3702 5295/3701
f 5352/3683 5351/3684 5295/3684 5296/3683
f 5349/3707 5350/3695 5294/3695 5293/3707
f 5347/3679 5348/3680 5292/3680 5291/3679
f 5345/3702 5346/3689 5290/3689 5289/3702
f 5883/3743 5881/3731 5889/3731 5891/3743
f 3954/4163 3960/4164 3953/4165 3955/4166
f 5885/3728 5884/3745 5892/3745 5893/3728
f 5887/3723 5886/3719 5894/3719 5895/3723
f 5882/3759 5888/3725 5896/3725 5890/3759
f 5881/3731 5882/3732 5890/3732 5889/3731
f 5884/3755 5883/3743 5891/3743 5892/3755
f 5886/3719 5885/3720 5893/3720 5894/3719
f 5888/3725 5887/3723 5895/3723 5896/3725
f 5875/3761 5876/3762 5405/3762 5406/3761
f 5899/3829 5897/3817 5913/3817 5915/3829
f 5876/3762 5877/3779 5404/3779 5405/3762
f 5900/3841 5899/3829 5915/3829 5916/3841
f 5877/3789 5878/3777 5403/3777 5404/3789
f 5901/3814 5900/3831 5916/3831 5917/3814
f 5902/3813 5901/3814 5917/3814 5918/3813
f 5878/3777 5880/3765 5401/3765 5403/3777
f 5903/3805 5902/3806 5918/3806 5919/3805
f 5880/3765 5879/3766 5402/3766 5401/3765
f 5879/3783 5873/3784 5408/3784 5402/3783
f 5904/3809 5903/3805 5919/3805 5920/3809
f 5873/3784 5874/3771 5407/3771 5408/3784
f 5898/3811 5904/3809 5920/3809 5914/3811
f 5874/3793 5875/3794 5406/3794 5407/3793
f 5897/3845 5898/3846 5914/3846 5913/3845
f 5405/3762 5404/3779 5460/3779 5461/3762
f 5407/3793 5406/3794 5462/3794 5463/3793
f 5402/3783 5408/3784 5464/3784 5458/3783
f 5401/3765 5402/3766 5458/3766 5457/3765
f 5404/3789 5403/3777 5459/3777 5460/3789
f 5406/3761 5405/3762 5461/3762 5462/3761
f 5408/3784 5407/3771 5463/3771 5464/3784
f 5915/3829 5913/3817 5921/3817 5923/3829
f 5847/4167 5846/4168 5844/4169 5848/4170
f 5917/3814 5916/3831 5924/3831 5925/3814
f 5919/3805 5918/3806 5926/3806 5927/3805
f 5914/3811 5920/3809 5928/3809 5922/3811
f 5913/3845 5914/3846 5922/3846 5921/3845
f 5916/3841 5915/3829 5923/3829 5924/3841
f 5918/3813 5917/3814 5925/3814 5926/3813
f 5920/3809 5919/3805 5927/3805 5928/3809
f 5936/3893 5935/3894 5951/3894 5952/3893
f 5905/3872 5906/3859 5519/3859 5520/3872
f 5930/3897 5936/3893 5952/3893 5946/3897
f 5906/3881 5907/3882 5518/3882 5519/3881
f 5929/3899 5930/3900 5946/3900 5945/3899
f 5907/3849 5908/3850 5517/3850 5518/3849
f 5931/3939 5929/3899 5945/3899 5947/3939
f 5908/3850 5909/3867 5516/3867 5517/3850
f 5932/3931 5931/3919 5947/3919 5948/3931
f 5933/3904 5932/3921 5948/3921 5949/3904
f 5909/3877 5910/3865 5515/3865 5516/3877
f 5934/3903 5933/3904 5949/3904 5950/3903
f 5910/3865 5912/3853 5513/3853 5515/3865
f 5935/3935 5934/3936 5950/3936 5951/3935
f 5912/3853 5911/3854 5514/3854 5513/3853
f 5911/3871 5905/3872 5520/3872 5514/3871
f 5520/3872 5519/3859 5938/3859 5937/3872
f 5947/3939 5945/3899 5961/3899 5963/3939
f 5514/3871 5520/3872 5937/3872 5943/3871
f 5513/3853 5514/3854 5943/3854 5944/3853
f 5948/3931 5947/3919 5963/3919 5964/3931
f 5949/3904 5948/3921 5964/3921 5965/3904
f 5515/3865 5513/3853 5944/3853 5942/3865
f 5516/3877 5515/3865 5942/3865 5941/3877
f 5950/3903 5949/3904 5965/3904 5966/3903
f 5517/3850 5516/3867 5941/3867 5940/3850
f 5951/3935 5950/3936 5966/3936 5967/3935
f 5952/3893 5951/3894 5967/3894 5968/3893
f 5518/3849 5517/3850 5940/3850 5939/3849
f 5519/3881 5518/3882 5939/3882 5938/3881
f 5946/3897 5952/3893 5968/3893 5962/3897
f 5945/3899 5946/3900 5962/3900 5961/3899
f 5940/3850 5941/3867 5861/3867 5860/3850
f 5938/3881 5939/3882 5859/3882 5858/3881
f 5943/3871 5937/3872 5857/3872 5863/3871
f 5944/3853 5943/3854 5863/3854 5864/3853
f 5941/3877 5942/3865 5862/3865 5861/3877
f 5939/3849 5940/3850 5860/3850 5859/3849
f 5937/3872 5938/3859 5858/3859 5857/3872
f 5963/3939 5961/3899 5969/3899 5971/3939
f 5965/3904 5964/3921 5972/3921 5973/3904
f 5967/3935 5966/3936 5974/3936 5975/3935
f 5962/3897 5968/3893 5976/3893 5970/3897
f 5961/3899 5962/3900 5970/3900 5969/3899
f 5964/3931 5963/3919 5971/3919 5972/3931
f 5966/3903 5965/3904 5973/3904 5974/3903
f 5968/3893 5967/3894 5975/3894 5976/3893
f 5959/3336 5953/3337 4848/3337 4842/3336
f 5984/3386 5983/3373 5999/3373 6000/3386
f 5953/3337 5954/3324 4847/3324 4848/3337
f 5978/3385 5984/3386 6000/3386 5994/3385
f 5954/3346 5955/3347 4846/3347 4847/3346
f 5977/3355 5978/3356 5994/3356 5993/3355
f 5955/3314 5956/3315 4845/3315 4846/3314
f 5979/3359 5977/3355 5993/3355 5995/3359
f 5956/3315 5957/3332 4844/3332 4845/3315
f 5980/3361 5979/3359 5995/3359 5996/3361
f 5957/3342 5958/3330 4843/3330 4844/3342
f 5981/3399 5980/3361 5996/3361 5997/3399
f 5982/3363 5981/3364 5997/3364 5998/3363
f 5958/3330 5960/3318 4841/3318 4843/3330
f 5983/3395 5982/3396 5998/3396 5999/3395
f 5960/3318 5959/3319 4842/3319 4841/3318
f 4845/3315 4844/3332 4900/3332 4901/3315
f 4847/3346 4846/3347 4902/3347 4903/3346
f 4842/3336 4848/3337 4904/3337 4898/3336
f 4841/3318 4842/3319 4898/3319 4897/3318
f 4844/3342 4843/3330 4899/3330 4900/3342
f 4846/3314 4845/3315 4901/3315 4902/3314
f 4848/3337 4847/3324 4903/3324 4904/3337
f 5995/3359 5993/3355 6001/3355 6003/3359
f 4899/4171 4897/4172 4898/4173 4900/4174
f 5997/3399 5996/3361 6004/3361 6005/3399
f 5999/3395 5998/3396 6006/3396 6007/3395
f 5994/3385 6000/3386 6008/3386 6002/3385
f 5993/3355 5994/3356 6002/3356 6001/3355
f 5996/3361 5995/3359 6003/3359 6004/3361
f 5998/3363 5997/3364 6005/3364 6006/3363
f 6000/3386 5999/3373 6007/3373 6008/3386
f 6013/3279 6012/3296 6028/3296 6029/3279
f 5989/3258 5990/3246 4739/3246 4740/3258
f 6014/3278 6013/3279 6029/3279 6030/3278
f 5990/3246 5992/3234 4737/3234 4739/3246
f 6015/3310 6014/3311 6030/3311 6031/3310
f 5992/3234 5991/3235 4738/3235 4737/3234
f 5991/3252 5985/3253 4744/3253 4738/3252
f 6016/3301 6015/3288 6031/3288 6032/3301
f 5985/3253 5986/3240 4743/3240 4744/3253
f 6010/3266 6016/3267 6032/3267 6026/3266
f 5986/3262 5987/3263 4742/3263 4743/3262
f 6009/3270 6010/3271 6026/3271 6025/3270
f 5987/3230 5988/3231 4741/3231 4742/3230
f 6011/3274 6009/3270 6025/3270 6027/3274
f 5988/3231 5989/3248 4740/3248 4741/3231
f 6012/3276 6011/3274 6027/3274 6028/3276
f 4737/3234 4738/3235 6023/3235 6024/3234
f 6032/3301 6031/3288 6047/3288 6048/3301
f 4739/3246 4737/3234 6024/3234 6022/3246
f 6026/3266 6032/3267 6048/3267 6042/3266
f 4740/3258 4739/3246 6022/3246 6021/3258
f 6025/3270 6026/3271 6042/3271 6041/3270
f 4741/3231 4740/3248 6021/3248 6020/3231
f 6027/3274 6025/3270 6041/3270 6043/3274
f 4742/3230 4741/3231 6020/3231 6019/3230
f 6028/3276 6027/3274 6043/3274 6044/3276
f 4743/3262 4742/3263 6019/3263 6018/3262
f 6029/3279 6028/3296 6044/3296 6045/3279
f 4744/3253 4743/3240 6018/3240 6017/3253
f 6030/3278 6029/3279 6045/3279 6046/3278
f 4738/3252 4744/3253 6017/3253 6023/3252
f 6031/3310 6030/3311 6046/3311 6047/3310
f 6020/3231 6021/3248 5573/3248 5572/3231
f 6018/3262 6019/3263 5571/3263 5570/3262
f 6023/3252 6017/3253 5569/3253 5575/3252
f 6024/3234 6023/3235 5575/3235 5576/3234
f 6021/3258 6022/3246 5574/3246 5573/3258
f 6019/3230 6020/3231 5572/3231 5571/3230
f 6017/3253 6018/3240 5570/3240 5569/3253
f 6043/3274 6041/3270 6049/3270 6051/3274
f 3975/4175 3969/4176 3974/4177 3976/4178
f 6045/3279 6044/3296 6052/3296 6053/3279
f 6047/3310 6046/3311 6054/3311 6055/3310
f 6042/3266 6048/3267 6056/3267 6050/3266
f 6041/3270 6042/3271 6050/3271 6049/3270
f 6044/3276 6043/3274 6051/3274 6052/3276
f 6046/3278 6045/3279 6053/3279 6054/3278
f 6048/3301 6047/3288 6055/3288 6056/3301
f 6037/3170 6038/3158 4627/3158 4628/3170
f 6061/3195 6060/3212 6068/3212 6069/3195
f 6062/3194 6061/3195 6069/3195 6070/3194
f 6038/3158 6040/3146 4625/3146 4627/3158
f 6063/3226 6062/3227 6070/3227 6071/3226
f 6040/3146 6039/3147 4626/3147 4625/3146
f 6039/3164 6033/3165 4632/3165 4626/3164
f 6064/3182 6063/3183 6071/3183 6072/3182
f 6033/3165 6034/3152 4631/3152 4632/3165
f 6058/3186 6064/3182 6072/3182 6066/3186
f 6034/3174 6035/3175 4630/3175 4631/3174
f 6057/3188 6058/3189 6066/3189 6065/3188
f 6035/3142 6036/3143 4629/3143 4630/3142
f 6059/3192 6057/3188 6065/3188 6067/3192
f 6036/3143 6037/3160 4628/3160 4629/3143
f 6060/3222 6059/3210 6067/3210 6068/3222
f 4629/3143 4628/3160 4684/3160 4685/3143
f 4631/3174 4630/3175 4686/3175 4687/3174
f 4626/3164 4632/3165 4688/3165 4682/3164
f 4625/3146 4626/3147 4682/3147 4681/3146
f 4628/3170 4627/3158 4683/3158 4684/3170
f 4630/3142 4629/3143 4685/3143 4686/3142
f 4632/3165 4631/3152 4687/3152 4688/3165
f 6067/3192 6065/3188 6073/3188 6075/3192
f 4082/4179 4088/4180 4083/4181 4081/4182
f 6069/3195 6068/3212 6076/3212 6077/3195
f 6071/3226 6070/3227 6078/3227 6079/3226
f 6066/3186 6072/3182 6080/3182 6074/3186
f 6065/3188 6066/3189 6074/3189 6073/3188
f 6068/3222 6067/3210 6075/3210 6076/3222
f 6070/3194 6069/3195 6077/3195 6078/3194
f 6072/3182 6071/3183 6079/3183 6080/3182
f 6083/2966 6081/2954 6089/2954 6091/2966
f 6219/4183 6217/4184 6218/4185 6220/4186
f 6085/2951 6084/2968 6092/2968 6093/2951
f 6087/2982 6086/2983 6094/2983 6095/2982
f 6082/2972 6088/2973 6096/2973 6090/2972
f 6081/2954 6082/2955 6090/2955 6089/2954
f 6084/2978 6083/2966 6091/2966 6092/2978
f 6086/2950 6085/2951 6093/2951 6094/2950
f 6088/2973 6087/2960 6095/2960 6096/2973
f 6099/3024 6097/3012 6105/3012 6107/3024
f 6091/4187 6089/4188 6090/4189 6092/4190
f 6101/3002 6100/3003 6108/3003 6109/3002
f 6103/3040 6102/3041 6110/3041 6111/3040
f 6098/3030 6104/3031 6112/3031 6106/3030
f 6097/3012 6098/3013 6106/3013 6105/3012
f 6100/3036 6099/3024 6107/3024 6108/3036
f 6102/3044 6101/3002 6109/3002 6110/3044
f 6104/3031 6103/3018 6111/3018 6112/3031
f 6115/3076 6113/3064 6121/3064 6123/3076
f 5973/4191 5976/4192 5975/4193 5974/4194
f 6117/3006 6116/2998 6124/2998 6125/3006
f 6119/3054 6118/3050 6126/3050 6127/3054
f 6114/3082 6120/3083 6128/3083 6122/3082
f 6113/3064 6114/3065 6122/3065 6121/3064
f 6116/2998 6115/2999 6123/2999 6124/2998
f 6118/3050 6117/3006 6125/3006 6126/3050
f 6120/3058 6119/3054 6127/3054 6128/3058
f 6131/3052 6129/3046 6137/3046 6139/3052
f 6095/4195 6094/4196 6093/4197 6096/4198
f 6133/3096 6132/3056 6140/3056 6141/3096
f 6135/3100 6134/3098 6142/3098 6143/3100
f 6130/3104 6136/3102 6144/3102 6138/3104
f 6129/3046 6130/3047 6138/3047 6137/3046
f 6132/3056 6131/3052 6139/3052 6140/3056
f 6134/3098 6133/3096 6141/3096 6142/3098
f 6136/3102 6135/3100 6143/3100 6144/3102
f 4513/4199 4515/4200 4459/4201 4458/4202
f 4572/2993 4571/2992 4569/4203 4570/4204
f 4462/4205 4576/2986 4408/2986 4406/4206
f 4569/4203 4571/2992 4576/2992 4462/4203
f 4570/4204 4569/4203 4519/4207 4520/4208
f 4458/4199 4459/4200 4403/4200 4402/4199
f 4515/4200 4517/2995 4460/2995 4459/4200
f 4520/4208 4519/4207 4517/4209 4518/4210
f 4575/4211 4457/4212 4401/4213 4407/4214
f 4573/4211 4463/4212 4457/4212 4575/4211
f 4518/4210 4517/4209 4515/4200 4516/4215
f 4408/2986 4407/2987 6146/2987 6145/2986
f 4517/4209 4519/4207 4461/4207 4460/4209
f 4516/4215 4515/4200 4513/4199 4514/4216
f 4463/4212 4513/4199 4458/4199 4457/4212
f 4461/4217 4462/4205 4406/4205 4405/4218
f 4514/4216 4513/4199 4463/4212 4464/4219
f 4457/4212 4458/4199 4402/4199 4401/4212
f 4519/4207 4569/4203 4462/4203 4461/4207
f 4464/4219 4463/4212 4573/4211 4574/4220
f 4460/4209 4461/4207 4405/4207 4404/4209
f 6151/4221 6150/4222 6158/4223 6159/4224
f 4405/4217 4406/4205 6147/4205 6148/4217
f 4403/2994 4404/2995 6149/2995 6150/2994
f 4401/4212 4402/4199 6151/4199 6152/4212
f 4406/4205 4408/2986 6145/2986 6147/4205
f 4404/4209 4405/4207 6148/4207 6149/4209
f 4402/4199 4403/4200 6150/4200 6151/4199
f 4407/4211 4401/4212 6152/4212 6146/4211
f 6146/4211 6152/4212 6160/4212 6154/4211
f 6145/2986 6146/2987 6154/2987 6153/2986
f 6148/4217 6147/4205 6155/4205 6156/4217
f 6150/2994 6149/2995 6157/2995 6158/2994
f 6152/4212 6151/4199 6159/4199 6160/4212
f 6147/4205 6145/2986 6153/2986 6155/4205
f 6149/4209 6148/4207 6156/4207 6157/4209
f 6160/4212 6159/4199 6215/4199 6216/4212
f 6205/4225 6204/4226 6228/4227 6229/4228
f 6154/4211 6160/4212 6216/4212 6210/4211
f 6182/4229 6181/4230 6189/4231 6190/4232
f 6166/4233 6164/4234 6162/4235 6161/4236
f 6163/4237 6164/4234 6166/4233 6165/4238
f 6161/4233 6162/4234 6186/4234 6185/4233
f 6176/4239 6174/4240 6182/4241 6183/4242
f 6165/4238 6166/4233 6168/4243 6167/4244
f 6179/4245 6161/4233 6185/4233 6187/4246
f 6168/4243 6166/4233 6161/4233 6179/4243
f 6167/4244 6168/4243 6170/4247 6169/4248
f 6183/4239 6182/4240 6190/4240 6191/4239
f 6174/4240 6172/4230 6181/4230 6182/4240
f 6169/4248 6170/4247 6172/4249 6171/4250
f 6162/4251 6184/4252 6192/4253 6186/4254
f 6164/4251 6178/4252 6184/4252 6162/4251
f 6171/4250 6172/4249 6174/4240 6173/4255
f 6185/4233 6186/4234 6194/4234 6193/4233
f 6172/4230 6170/4247 6180/4247 6181/4230
f 6173/4255 6174/4240 6176/4239 6175/4256
f 6178/4252 6176/4239 6183/4239 6184/4252
f 6180/4257 6179/4245 6187/4245 6188/4258
f 6175/4256 6176/4239 6178/4252 6177/4259
f 6184/4252 6183/4239 6191/4239 6192/4252
f 6170/4247 6168/4243 6179/4243 6180/4247
f 6177/4259 6178/4252 6164/4251 6163/4260
f 6181/4230 6180/4247 6188/4247 6189/4230
f 6199/4261 6198/4262 6206/4263 6207/4264
f 6188/4257 6187/4245 6195/4245 6196/4257
f 6190/4229 6189/4230 6197/4230 6198/4229
f 6192/4252 6191/4239 6199/4239 6200/4252
f 6187/4245 6185/4233 6193/4233 6195/4245
f 6189/4230 6188/4247 6196/4247 6197/4230
f 6191/4239 6190/4240 6198/4240 6199/4239
f 6186/4251 6192/4252 6200/4252 6194/4251
f 6206/4265 6205/4225 6229/4225 6230/4266
f 6194/4251 6200/4252 6208/4252 6202/4251
f 6193/4233 6194/4234 6202/4234 6201/4233
f 6196/4257 6195/4245 6203/4245 6204/4257
f 6198/4229 6197/4230 6205/4230 6206/4229
f 6200/4252 6199/4239 6207/4239 6208/4252
f 6195/4245 6193/4233 6201/4233 6203/4245
f 6197/4230 6196/4247 6204/4247 6205/4230
f 6207/4261 6206/4262 6230/4262 6231/4261
f 6208/4252 6207/4239 6231/4239 6232/4252
f 6202/4251 6208/4252 6232/4252 6226/4251
f 6153/2986 6154/2987 6210/2987 6209/2986
f 6155/4205 6153/2986 6209/2986 6211/4205
f 6156/4217 6155/4205 6211/4205 6212/4217
f 6157/4209 6156/4207 6212/4207 6213/4209
f 6201/4233 6202/4234 6226/4234 6225/4233
f 6158/2994 6157/2995 6213/2995 6214/2994
f 6203/4245 6201/4233 6225/4233 6227/4245
f 6159/4221 6158/4222 6214/4222 6215/4221
f 6204/4257 6203/4245 6227/4245 6228/4257
f 6211/4205 6209/2986 6217/2986 6219/4205
f 5860/4267 5857/4268 5858/4269 5859/4270
f 6213/4209 6212/4207 6220/4207 6221/4209
f 6215/4221 6214/4222 6222/4222 6223/4221
f 6210/4211 6216/4212 6224/4212 6218/4211
f 6209/2986 6210/2987 6218/2987 6217/2986
f 6212/4217 6211/4205 6219/4205 6220/4217
f 6214/2994 6213/2995 6221/2995 6222/2994
f 6216/4212 6215/4199 6223/4199 6224/4212
f 6227/4245 6225/4233 6233/4233 6235/4245
f 6107/4271 6105/4272 6106/4273 6108/4274
f 6229/4225 6228/4226 6236/4226 6237/4225
f 6231/4261 6230/4262 6238/4262 6239/4261
f 6226/4251 6232/4252 6240/4252 6234/4251
f 6225/4233 6226/4234 6234/4234 6233/4233
f 6228/4257 6227/4245 6235/4245 6236/4257
f 6230/4265 6229/4225 6237/4225 6238/4265
f 6232/4252 6231/4239 6239/4239 6240/4252
f 186/4275 180/4276 178/540 188/539
f 984/4277 982/4278 980/4279 970/4280
f 701/4281 702/521 697/520 698/4282
f 2020/4283 2021/4284 2018/4285 2019/4286
f 714/4287 708/4288 706/1584 716/1583
f 1512/4289 1510/4290 1508/4291 1498/4292
f 1581/4293 1582/1101 1577/1100 1578/4294
f 440/4295 433/4296 438/4297 439/4298
f 1418/4299 1412/4300 1410/656 1420/655
f 1864/4301 1862/4302 1860/4303 1850/4304
f 877/4305 878/4306 873/4307 874/4308
f 2196/4309 2197/4310 2194/4311 2195/4312
f 2298/1293 2292/1292 2290/4313 2300/4314
f 2206/4315 2204/4316 2210/4317 2208/4318
f 5423/4319 5425/4320 5415/4321 5417/4322
f 964/4323 965/4324 962/4325 963/4326
f 2210/4317 2204/4316 2202/4327 2212/4328
f 632/4329 630/4330 628/4331 618/4332
f 2285/4333 2286/4334 2281/4335 2282/4336
f 1668/4337 1669/4338 1666/4339 1667/4340
f 98/1235 92/1234 90/4341 100/4342
f 2216/4343 2214/4344 2212/4328 2202/4327
f 2109/4345 2110/231 2105/230 2106/4346
f 876/4347 877/4305 874/4308 875/4348
f 2386/4349 2380/4350 2378/4351 2388/4352
f 2392/4353 2390/4354 2388/4352 2378/4351
f 2461/4355 2462/4356 2457/4357 2458/4358
f 1316/4359 1317/4360 1314/4361 1315/4362
f 1330/191 1324/190 1322/4363 1332/4364
f 270/4365 268/4366 274/4367 272/4368
f 6124/4369 6122/4370 6128/4036 6125/4035
f 83/4371 84/4372 85/4373 82/4374
f 362/4375 356/4376 354/598 364/597
f 104/4377 102/4378 100/4342 90/4341
f 5367/4379 5369/4380 5359/4381 5361/4382
f 1140/4383 1141/4384 1138/4385 1139/4386
f 1506/4387 1500/4388 1498/4292 1508/4291
f 2128/4389 2126/4390 2124/4391 2114/4392
f 6108/4274 6106/4273 6112/4393 6109/4394
f 1844/4395 1845/4396 1842/4397 1843/4398
f 1682/4399 1676/4400 1674/1062 1684/1061
f 280/4401 278/4402 276/4403 266/4404
f 1229/4405 1230/173 1225/172 1226/4406
f 5179/3543 5178/3544 5706/3544 5707/3543
f 1154/1351 1148/1350 1146/1526 1156/1525
f 710/4407 708/4288 714/4287 712/4408
f 2373/4409 2374/405 2369/404 2370/4410
f 1936/4411 1929/4412 1934/4413 1935/4414
f 802/1409 796/1408 794/4415 804/4416
f 1336/4417 1334/4418 1332/4364 1322/4363
f 1757/4419 1758/57 1753/56 1754/4420
f 1056/4421 1049/4422 1054/4423 1055/4424
f 538/945 532/944 530/4425 540/4426
f 2030/4427 2028/4428 2034/4429 2032/4430
f 2815/4431 2817/4432 2807/4433 2809/4434
f 699/4435 700/4436 701/4281 698/4282
f 2639/4046 2641/2721 2647/2724 2649/4047
f 182/4437 180/4276 186/4275 184/4438
f 3070/2847 3069/3983 3065/3982 3066/2848
f 1932/4439 1933/4440 1930/4441 1931/4442
f 10/887 4/886 2/424 12/423
f 1502/4443 1500/4388 1506/4387 1504/4444
f 2975/4445 2977/4446 2967/4447 2969/4448
f 348/4449 349/4450 346/4451 347/4452
f 2034/4429 2028/4428 2026/4453 2036/4454
f 2040/4455 2038/4456 2036/4454 2026/4453
f 1053/4457 1054/4423 1049/4422 1050/4458
f 1052/4459 1053/4457 1050/4458 1051/4460
f 2122/133 2116/132 2114/4392 2124/4391
f 1062/4461 1060/4462 1066/4463 1064/4464
f 3572/2841 3570/2840 3576/4465 3573/4466
f 1756/4467 1757/4419 1754/4420 1755/4468
f 978/1003 972/1002 970/4280 980/4279
f 1678/4469 1676/4400 1682/4399 1680/4470
f 6140/4471 6138/4472 6144/2394 6141/2393
f 2284/4473 2285/4333 2282/4336 2283/4474
f 626/17 620/16 618/4332 628/4331
f 1414/4475 1412/4300 1418/4299 1416/4476
f 1493/4477 1494/1449 1489/1448 1490/4478
f 612/4479 613/4480 610/4481 611/4482
f 1242/4483 1236/4484 1234/1178 1244/1177
f 1238/4485 1236/4484 1242/4483 1240/4486
f 525/288 526/4487 521/4488 522/289
f 2372/4489 2373/4409 2370/4410 2371/4490
f 4527/4491 4529/1813 4535/1816 4537/4492
f 808/4493 806/4494 804/4416 794/4415
f 2626/4495 2576/4496 2682/4497 2632/4498
f 1228/4499 1229/4405 1226/4406 1227/4500
f 450/713 444/712 442/772 452/771
f 544/4501 542/4502 540/4426 530/4425
f 2871/4503 2873/4504 2863/4505 2865/4506
f 1404/4507 1405/4508 1402/4509 1403/4510
f 1066/4463 1060/4462 1058/4511 1068/4512
f 358/4513 356/4376 362/4375 360/4514
f 437/1274 438/4297 433/4296 434/1275
f 1492/4515 1493/4477 1490/4478 1491/4516
f 1770/249 1764/248 1762/482 1772/481
f 2382/4517 2380/4350 2386/4349 2384/4518
f 789/4519 790/869 785/868 786/4520
f 1580/4521 1581/4293 1578/4294 1579/4522
f 1594/829 1588/828 1586/4523 1596/4524
f 1600/4525 1598/4526 1596/4524 1586/4523
f 261/4527 262/579 257/578 258/4528
f 788/4529 789/4519 786/4520 787/4530
f 1946/75 1940/74 1938/1120 1948/1119
f 1072/4531 1070/4532 1068/4512 1058/4511
f 1669/4338 1670/1217 1665/1216 1666/4339
f 2460/4533 2461/4355 2458/4358 2459/4534
f 1858/365 1852/364 1850/4304 1860/4303
f 2304/4535 2302/4536 2300/4314 2290/4313
f 1141/4384 1142/1623 1137/1622 1138/4385
f 260/4537 261/4527 258/4528 259/4538
f 5301/4539 5303/4540 5313/4541 5299/4542
f 5591/4543 5593/4544 5583/4545 5585/4546
f 5525/4547 5527/4548 5537/4549 5523/4550
f 2805/4551 2807/4433 2817/4432 2803/4552
f 2703/4553 2705/4554 2695/4555 2697/4556
f 5781/4557 5783/4558 5777/4559 5779/4560
f 4469/4561 4471/4562 4481/4563 4467/4564
f 5135/4565 5137/1767 5143/1770 5145/4566
f 4525/4567 4527/4491 4537/4492 4523/4568
f 5191/3139 5193/4569 5199/4570 5201/3140
f 5581/4571 5583/4545 5593/4544 5579/4572
f 3831/4573 3829/4574 3825/4575 3832/4576
f 2909/4577 2911/4578 2921/4579 2907/4580
f 3969/4176 3970/4581 3973/4582 3974/4177
f 5711/2815 5710/2817 5708/3551 5712/4583
f 2757/4584 2759/4585 2753/4586 2755/4587
f 173/694 174/637 169/636 170/695
f 5589/4588 5591/4543 5585/4546 5587/4589
f 5479/4590 5481/4591 5471/4592 5473/4593
f 2965/4594 2967/4447 2977/4446 2963/4595
f 613/4480 614/4596 609/4597 610/4481
f 5773/4598 5775/4599 5785/4600 5771/4601
f 5477/4602 5479/4590 5473/4593 5475/4603
f 2919/4604 2921/4579 2911/4578 2913/4605
f 2973/4606 2975/4445 2969/4448 2971/4607
f 5630/4608 5629/4609 5625/4610 5626/4611
f 5821/4612 5818/4613 5819/4614 5817/4615
f 528/4616 521/4488 526/4487 527/4617
f 2021/4284 2022/1391 2017/1390 2018/4285
f 5725/4618 5727/4619 5737/4620 5723/4621
f 2469/4622 2471/4623 2481/4624 2467/4625
f 3740/4626 3738/4627 3744/4628 3741/4629
f 3077/4630 3079/4631 3089/4632 3075/4633
f 2479/2710 2481/4624 2471/4623 2473/2711
f 3127/4634 3126/4635 3122/4636 3128/4637
f 2917/4638 2919/4604 2913/4605 2915/4639
f 1405/4508 1406/1043 1401/1042 1402/4509
f 5029/4640 5031/4641 5025/4642 5027/4643
f 5926/4644 5925/4645 5921/4646 5922/4647
f 5631/4648 5630/4608 5626/4611 5632/4649
f 3970/4581 3971/4650 3972/4651 3973/4582
f 3951/2828 3949/2827 3945/4652 3952/4653
f 3946/2778 3952/2773 3945/4652 3947/2777
f 2585/4654 2587/4655 2589/4656 2591/4657
f 274/4367 268/4366 266/4404 276/4403
f 5193/4569 5195/4658 5197/4659 5199/4570
f 3955/4166 3953/4165 3937/4165 3939/4166
f 3831/2197 3351/2197 3350/2185 3830/2185
f 4333/2860 4329/2859 4330/4660 4334/4661
f 4087/4662 4086/4663 4085/4664 4084/4665
f 4165/2123 4161/2122 4162/4666 4166/4667
f 2197/4310 2198/4668 2193/4669 2194/4311
f 4903/4670 4902/4671 4901/4672 4904/4673
f 5240/2031 5234/2031 5237/2031 5236/2031
f 4192/4674 4191/4675 4190/4676 4186/4677
f 3684/4055 3688/4054 3687/4154 3683/4153
f 6005/4678 6004/3444 6002/3443 6008/4679
f 4959/4680 4958/4681 4957/4682 4960/4683
f 4036/4684 4034/4685 4040/2664 4037/2663
f 3085/4686 3087/4687 3081/4688 3083/4689
f 3739/4690 3737/4691 3738/4627 3740/4626
f 4035/4692 4033/4693 4034/4685 4036/4684
f 3956/4694 3957/4695 3959/4696 3958/4697
f 3959/4696 3957/4695 3953/4165 3960/4164
f 5894/4698 5893/4699 5892/4700 5891/4701
f 3947/2777 3945/4652 3929/4652 3931/2777
f 3831/4573 3832/4576 3352/4576 3351/4573
f 5843/4094 5841/4093 5825/4093 5827/4094
f 3822/3888 3294/3888 3292/3885 3820/3885
f 3951/2828 3952/4653 3936/4653 3935/2828
f 3818/2220 3819/2219 3291/2219 3290/2220
f 3949/2827 3933/2827 3929/4652 3945/4652
f 3819/2219 3817/2255 3289/2255 3291/2219
f 5031/4641 5033/4702 5023/4703 5025/4642
f 616/4704 609/4597 614/4596 615/4705
f 3293/1331 3292/1331 3296/1331 3290/1331
f 2108/4706 2109/4345 2106/4346 2107/4707
f 6055/4708 6054/4709 6053/4710 6052/4711
f 2535/346 2537/2715 2527/2714 2529/347
f 3812/2210 3813/4712 3815/2257 3814/2209
f 3959/4696 3960/4164 3944/4164 3943/4696
f 6079/4713 6078/4714 6077/4715 6076/4716
f 349/4450 350/985 345/984 346/4451
f 6050/4717 6056/4718 6051/4719 6049/4720
f 3823/3887 3295/3887 3294/3888 3822/3888
f 3826/2169 3827/2201 3347/2201 3346/2169
f 5848/4170 5831/4167 5830/4168 5847/4167
f 5848/4058 5842/4057 5826/4057 5832/4058
f 5833/4132 5837/4131 5821/4131 5817/4132
f 3959/4696 3943/4696 3942/4697 3958/4697
f 5841/4093 5845/4079 5829/4079 5825/4093
f 5719/1857 5239/1857 5238/307 5718/307
f 5715/2717 5713/3525 5233/3525 5235/2717
f 3828/4721 3349/2191 3345/2192 3829/4722
f 5709/3569 5181/3569 5177/3570 5705/3570
f 3014/4026 3013/4157 3009/4156 3010/4027
f 880/4723 873/4307 878/4306 879/4724
f 3933/2823 3932/2823 3936/2823 3930/2823
f 3350/4725 3351/4726 3352/4727 3348/4728
f 3828/2173 3829/2191 3831/4573 3830/2185
f 6056/4718 6055/4708 6052/4711 6051/4719
f 6220/4186 6218/4185 6224/4729 6221/4730
f 6111/4731 6110/4732 6109/4394 6112/4393
f 4287/4733 4289/4734 4279/4735 4281/4736
f 3575/4737 3574/4738 3573/4466 3576/4465
f 5575/4739 5569/4740 5574/4741 5576/4742
f 6080/4743 6079/4713 6076/4716 6075/4744
f 3352/4725 3346/4725 3349/4725 3348/4725
f 5705/3570 5707/3543 5706/3544 5709/3569
f 4189/4745 4185/4746 4186/4677 4190/4676
f 5463/4747 5462/4748 5458/4749 5464/4750
f 5832/2854 5826/2854 5829/2854 5828/2854
f 4187/4751 4185/4746 4189/4745 4188/4752
f 4253/2948 4249/2947 4250/2868 4254/2867
f 4335/4753 4334/4661 4330/4660 4336/4754
f 5690/3638 5694/3583 5692/3584 5691/3637
f 4347/4755 4345/4756 4349/4757 4348/4758
f 5698/3592 5702/3533 5700/3534 5699/3591
f 4235/4759 4233/4760 4237/4761 4236/4762
f 4221/2872 4217/2871 4218/4763 4222/4764
f 4223/4765 4222/4764 4218/4763 4224/4766
f 5245/4767 5247/4768 5257/4769 5243/4770
f 5647/4771 5649/4772 5639/4773 5641/4774
f 6007/4775 6006/4776 6005/4678 6008/4679
f 3801/2353 3803/2313 3802/2314 3808/2311
f 5087/752 5089/4777 5079/4778 5081/753
f 2464/4779 2457/4357 2462/4356 2463/4780
f 4349/4757 4345/4756 4346/2864 4350/2863
f 4203/4781 4201/4782 4205/4783 4204/4784
f 4237/4761 4233/4760 4234/4043 4238/4042
f 4207/4785 4206/4786 4202/4787 4208/4788
f 5133/4789 5135/4565 5145/4566 5131/4790
f 3247/4791 3249/3092 3255/3095 3257/4792
f 3293/2228 3821/2228 3820/2227 3292/2227
f 3303/4793 3305/3673 3311/3676 3313/4794
f 4685/4795 4684/4796 4688/4797 4687/4798
f 5822/4125 5839/4137 5840/4799 5823/4137
f 5311/926 5313/4541 5303/4540 5305/927
f 3743/4800 3742/4801 3741/4629 3744/4628
f 965/4324 966/1159 961/1158 962/4325
f 2684/4802 2682/4497 2576/4496 2686/4803
f 5255/4804 5257/4769 5247/4768 5249/4805
f 2701/4806 2703/4553 2697/4556 2699/4807
f 3021/4808 3023/4809 3033/4810 3019/4811
f 1317/4360 1318/2727 1313/2726 1314/4361
f 5413/4812 5415/4321 5425/4320 5411/4813
f 6092/4190 6090/4189 6096/4198 6093/4197
f 5713/3525 5715/2717 5714/2718 5717/4814
f 5733/4815 5735/4816 5729/4817 5731/4818
f 3823/3887 3821/3886 3817/4819 3824/4820
f 2288/4821 2281/4335 2286/4334 2287/4822
f 3245/4823 3247/4791 3257/4792 3243/4824
f 890/1467 884/1466 882/2306 892/2305
f 3301/4825 3303/4793 3313/4794 3299/4826
f 3347/2206 3825/2205 3829/4574 3345/2205
f 5719/1857 5720/1858 5240/1858 5239/1857
f 5357/4827 5359/4381 5369/4380 5355/4828
f 5783/4558 5785/4600 5775/4599 5777/4559
f 5015/4829 5014/4830 5013/4831 5016/4832
f 4684/4796 4683/4833 4682/4834 4688/4797
f 5291/4148 5292/4835 5294/4836 5296/4149
f 3809/2307 3811/2267 3810/2268 3816/2263
f 3796/2484 3794/2483 3800/4837 3797/4838
f 2200/4839 2193/4669 2198/4668 2199/4840
f 5021/4841 5023/4703 5033/4702 5019/4842
f 3031/4843 3033/4810 3023/4809 3025/4844
f 2693/4845 2695/4555 2705/4554 2691/4846
f 4118/2943 4117/3531 4113/3530 4114/2944
f 5627/4847 5625/4610 5629/4609 5628/4848
f 2628/4849 2626/4495 2632/4498 2630/4850
f 3087/4687 3089/4632 3079/4631 3081/4688
f 2869/4851 2871/4503 2865/4506 2867/4852
f 4277/4853 4279/4735 4289/4734 4275/4854
f 85/4373 86/811 81/810 82/4374
f 5077/4855 5079/4778 5089/4777 5075/4856
f 3826/2169 3832/2170 3825/4575 3827/2201
f 5973/4191 5972/4857 5970/4858 5976/4192
f 5421/4859 5423/4319 5417/4322 5419/4860
f 4956/3488 4954/3487 4960/4683 4957/4682
f 5637/4861 5639/4773 5649/4772 5635/4862
f 3029/4863 3031/4843 3025/4844 3027/4864
f 4900/4174 4898/4173 4904/4673 4901/4672
f 5469/4865 5471/4592 5481/4591 5467/4866
f 1933/4440 1934/4413 1929/4412 1930/4441
f 3123/4867 3121/4868 3125/4869 3124/4870
f 3799/4871 3798/4872 3797/4838 3800/4837
f 5012/2708 5010/2707 5016/4832 5013/4831
f 5533/4873 5535/4874 5529/4875 5531/4876
f 5462/4748 5461/2167 5457/2166 5458/4749
f 5923/4877 5921/4646 5925/4645 5924/4878
f 3805/2339 3801/2340 3808/2311 3807/2309
f 6123/4879 6121/4880 6122/4370 6124/4369
f 3813/2293 3809/2294 3816/2263 3815/2257
f 5693/3663 5689/3664 5691/3637 5692/3584
f 3404/2836 3405/4881 3407/4882 3401/2837
f 5841/4093 5843/4094 5842/4883 5845/4079
f 3957/4695 3941/4695 3937/4165 3953/4165
f 5846/4168 5828/4169 5829/4062 5844/4169
f 5828/4061 5846/4073 5847/4167 5830/4073
f 5842/4883 5843/4094 5827/4094 5826/4883
f 3823/3887 3824/4820 3296/4820 3295/3887
f 3821/3886 3293/3886 3289/4819 3817/4819
f 5838/4884 5820/4113 5821/4114 5836/4113
f 4088/4180 4087/4662 4084/4665 4083/4181
f 4168/4885 4167/4886 4166/4667 4162/4666
f 5821/4612 5820/4612 5824/4612 5818/4612
f 5969/4887 5970/4858 5972/4857 5971/4888
f 5253/4889 5255/4804 5249/4805 5251/4890
f 5735/4816 5737/4620 5727/4619 5729/4817
f 5645/4891 5647/4771 5641/4774 5643/4892
f 4005/4893 4004/4032 4002/4031 4008/4894
f 5839/4137 5838/4125 5836/4113 5840/4799
f 5365/4895 5367/4379 5361/4382 5363/4896
f 2759/4585 2761/4897 2751/4898 2753/4586
f 4285/4899 4287/4733 4281/4736 4283/4900
f 3954/4163 3955/4166 3939/4166 3938/4163
f 3950/2829 3934/2829 3932/2785 3948/2785
f 4205/4783 4201/4782 4202/4787 4206/4786
f 5833/4132 5835/4901 5834/4902 5837/4131
f 3951/2828 3935/2828 3934/2829 3950/2829
f 3960/4164 3954/4163 3938/4163 3944/4164
f 5711/2815 5712/4583 5184/4583 5183/2815
f 5839/4137 5822/4125 5820/4113 5838/4125
f 5717/4814 5237/4814 5233/3525 5713/3525
f 5834/4902 5835/4901 5819/4901 5818/4902
f 5835/4901 5833/4132 5817/4132 5819/4901
f 2797/4145 2793/4144 2794/4099 2798/4098
f 5927/4903 5926/4644 5922/4647 5928/4904
f 5181/2565 5180/2565 5184/2565 5178/2565
f 5240/2031 5236/2031 5238/2031 5239/2031
f 6235/4905 6233/4906 6234/4907 6236/4908
f 5894/4698 5891/4701 5889/4909 5895/4910
f 5701/3617 5697/3618 5699/3591 5700/3534
f 4471/4562 4473/3627 4479/3630 4481/4563
f 6074/4911 6080/4743 6075/4744 6073/4912
f 3944/461 3938/461 3941/461 3940/461
f 5181/2565 5178/2565 5179/2565 5177/2565
f 5864/4913 5863/4914 5861/4915 5862/4916
f 2583/2350 2585/4654 2591/4657 2593/2351
f 6139/4917 6137/4918 6138/4472 6140/4471
f 5535/4874 5537/4549 5527/4548 5529/4875
f 2861/4919 2863/4505 2873/4504 2859/4920
f 5890/4921 5896/4922 5895/4910 5889/4909
f 5860/4267 5861/4915 5863/4914 5857/4268
f 3818/2220 3824/2213 3817/4819 3819/2219
f 5569/4740 5570/2842 5573/2845 5574/4741
f 5714/3489 5720/3490 5716/305 5717/4814
f 6223/4923 6222/4924 6221/4730 6224/4729
f 5706/3544 5712/4583 5708/3551 5709/3569
f 5695/3633 5694/3583 5690/3638 5696/3635
f 1845/4396 1846/1507 1841/1506 1842/4397
f 3406/4925 3408/4926 3407/4882 3405/4881
f 6236/4908 6234/4907 6240/4927 6237/4928
f 6239/4929 6238/4930 6237/4928 6240/4927
f 5842/4057 5848/4058 5844/4169 5845/4079
f 5703/3581 5702/3533 5698/3592 5704/3587
f 5834/4106 5840/4101 5836/4113 5837/4131
f 4007/4931 4006/4932 4005/4893 4008/4894
f 3126/4635 3125/4869 3121/4868 3122/4636
f 5686/3802 5685/4039 5681/4038 5682/3803
f 2749/4933 2751/4898 2761/4897 2747/4934
f 2813/4935 2815/4431 2809/4434 2811/4936
f 5178/3544 5184/3537 5712/3537 5706/3544
