# This is a clothes file for MakeHuman Community, exported by MakeClothes 2
#
# author: WojackOWL
# license: CC-BY
#
v -0.2166 1.3444 0.0338
v -0.1985 1.3324 0.0661
v -0.1835 1.3227 0.0747
v -0.1609 1.3096 0.0856
v -0.1532 1.3009 0.0899
v -0.1468 1.2914 0.0952
v -0.1403 1.2821 0.1005
v -0.1364 1.2729 0.1058
v -0.1335 1.2619 0.1117
v -0.1316 1.2507 0.1176
v -0.1655 1.3384 0.0710
v -0.1829 1.3476 0.0624
v -0.2000 1.3592 0.0347
v -0.1424 1.3259 0.0832
v -0.1337 1.3170 0.0901
v -0.1272 1.3062 0.0988
v -0.1219 1.2946 0.1061
v -0.1189 1.2831 0.1126
v -0.1178 1.2719 0.1202
v -0.1172 1.2609 0.1266
v -0.1457 1.3526 0.0653
v -0.1626 1.3623 0.0582
v -0.1759 1.3716 0.0353
v -0.1197 1.3375 0.0787
v -0.1078 1.3285 0.0856
v -0.1023 1.3166 0.0962
v -0.0991 1.3035 0.1062
v -0.0973 1.2911 0.1146
v -0.0971 1.2794 0.1226
v -0.0975 1.2674 0.1302
v -0.1202 1.3620 0.0592
v -0.1322 1.3694 0.0521
v -0.1488 1.3812 0.0350
v -0.0945 1.3466 0.0746
v -0.0771 1.3367 0.0838
v -0.0746 1.3215 0.0935
v -0.0713 1.3082 0.1035
v -0.0718 1.2952 0.1137
v -0.0728 1.2826 0.1223
v -0.0748 1.2698 0.1309
v -0.0971 1.3648 0.0558
v -0.1051 1.3700 0.0480
v -0.1154 1.3817 0.0317
v -0.0742 1.3540 0.0735
v 0.0000 1.3176 0.1054
v 0.0000 1.3080 0.1096
v 0.0000 1.2944 0.1148
v 0.0000 1.2795 0.1203
v -0.0595 1.3471 0.0832
v -0.2485 1.2988 0.0328
v -0.2311 1.2861 0.0645
v -0.2160 1.2766 0.0704
v -0.1908 1.2625 0.0663
v -0.1755 1.2627 0.0624
v -0.1659 1.2586 0.0632
v -0.1609 1.2535 0.0604
v -0.1573 1.2442 0.0580
v -0.1538 1.2301 0.0572
v -0.1501 1.2169 0.0591
v -0.2625 1.2785 0.0318
v -0.2446 1.2657 0.0609
v -0.2319 1.2565 0.0673
v -0.2072 1.2393 0.0570
v -0.1959 1.2345 0.0396
v -0.1884 1.2317 0.0208
v -0.1629 1.2463 0.0250
v -0.1601 1.2310 0.0202
v -0.1562 1.2184 0.0180
v -0.1526 1.2074 0.0196
v -0.2707 1.2664 0.0310
v -0.2533 1.2555 0.0612
v -0.2397 1.2465 0.0660
v -0.2155 1.2299 0.0547
v -0.2056 1.2246 0.0377
v -0.2009 1.2187 0.0188
v -0.2302 1.3281 0.0335
v -0.2114 1.3159 0.0672
v -0.1966 1.3055 0.0748
v -0.1743 1.2905 0.0814
v -0.1654 1.2843 0.0853
v -0.1584 1.2766 0.0879
v -0.1527 1.2686 0.0891
v -0.1485 1.2599 0.0916
v -0.1449 1.2498 0.0968
v -0.1424 1.2380 0.1012
v -0.2554 1.2889 0.0327
v -0.2379 1.2760 0.0629
v -0.2241 1.2659 0.0689
v -0.1987 1.2503 0.0605
v -0.1800 1.2512 0.0472
v -0.1669 1.2531 0.0443
v -0.1628 1.2473 0.0415
v -0.1587 1.2352 0.0384
v -0.1554 1.2227 0.0364
v -0.1519 1.2099 0.0389
v -0.2104 1.3401 0.0516
v -0.1934 1.3550 0.0497
v -0.1716 1.3677 0.0481
v -0.1418 1.3755 0.0441
v -0.1111 1.3757 0.0402
v -0.2425 1.2931 0.0494
v -0.2558 1.2730 0.0470
v -0.2642 1.2621 0.0471
v -0.2238 1.3230 0.0512
v -0.2490 1.2829 0.0484
v -0.0360 1.3909 -0.0422
v -0.0179 1.3897 -0.0399
v -0.0000 1.3893 -0.0389
v -0.0543 1.3929 -0.0439
v -0.0724 1.3951 -0.0428
v -0.0889 1.3967 -0.0376
v -0.0490 1.3318 0.0938
v 0.0000 1.2644 0.1246
v -0.0116 1.2652 0.1258
v -0.0117 1.2805 0.1205
v -0.0276 1.3348 0.0967
v -0.0119 1.2955 0.1144
v -0.0131 1.3083 0.1092
v -0.1021 1.3972 -0.0285
v -0.1112 1.3967 -0.0164
v -0.1164 1.3951 -0.0030
v -0.1184 1.3921 0.0101
v -0.1179 1.3875 0.0218
v -0.0902 1.3935 0.0229
v -0.0921 1.3985 0.0126
v -0.0912 1.4019 0.0034
v -0.0874 1.4042 -0.0066
v -0.0823 1.4062 -0.0172
v -0.0754 1.4065 -0.0265
v -0.0643 1.4051 -0.0337
v -0.0479 1.4024 -0.0376
v 0.0000 1.3996 -0.0350
v -0.0143 1.4000 -0.0359
v -0.0316 1.4020 -0.0369
v -0.0135 1.3181 0.1047
v -0.0299 1.3194 0.1026
v -0.0293 1.3090 0.1081
v -0.0287 1.3276 0.0994
v -0.0435 1.3401 0.0916
v -0.0573 1.3614 0.0687
v -0.0207 1.3419 0.0923
v -0.0460 1.3549 0.0788
v -0.0328 1.3464 0.0884
v -0.0723 1.3700 0.0531
v -0.0773 1.3750 0.0453
v -0.0815 1.3810 0.0388
v -0.0864 1.3874 0.0322
v -0.0097 1.3403 0.0932
v 0.0000 1.3396 0.0936
v -0.0132 1.3320 0.0989
v -0.0000 1.3311 0.0995
v -0.0131 1.3255 0.1019
v 0.0000 1.3250 0.1027
v -0.0286 1.2962 0.1145
v -0.0291 1.2820 0.1219
v -0.0303 1.2659 0.1274
v -0.0523 1.2683 0.1290
v -0.0495 1.2829 0.1225
v -0.0484 1.2964 0.1138
v -0.0479 1.3092 0.1056
v -0.0499 1.3214 0.0984
v -0.0396 1.3774 -0.0492
v -0.0186 1.3746 -0.0453
v 0.0000 1.3751 -0.0422
v -0.0589 1.3807 -0.0511
v -0.0795 1.3848 -0.0516
v -0.1011 1.3873 -0.0475
v -0.1195 1.3865 -0.0367
v -0.1327 1.3870 -0.0230
v -0.1440 1.3873 -0.0083
v -0.1500 1.3855 0.0066
v -0.1509 1.3841 0.0202
v -0.0417 1.3627 -0.0554
v -0.0194 1.3599 -0.0500
v 0.0000 1.3596 -0.0461
v -0.0633 1.3666 -0.0589
v -0.0853 1.3723 -0.0606
v -0.1083 1.3731 -0.0565
v -0.1307 1.3734 -0.0436
v -0.1483 1.3748 -0.0278
v -0.1616 1.3746 -0.0114
v -0.1716 1.3745 0.0047
v -0.1755 1.3736 0.0203
v -0.1426 1.3539 -0.0494
v -0.1355 1.3341 -0.0590
v -0.1295 1.3181 -0.0637
v -0.1178 1.2742 -0.0662
v -0.1142 1.2576 -0.0655
v -0.1111 1.2416 -0.0644
v -0.1123 1.3549 -0.0638
v -0.1110 1.3354 -0.0691
v -0.1065 1.3191 -0.0732
v -0.0971 1.2788 -0.0766
v -0.0943 1.2638 -0.0757
v -0.0909 1.2468 -0.0735
v -0.0883 1.3551 -0.0680
v -0.0871 1.3350 -0.0741
v -0.0831 1.3187 -0.0769
v -0.0762 1.2785 -0.0781
v -0.0744 1.2641 -0.0772
v -0.0717 1.2483 -0.0747
v -0.0655 1.3512 -0.0663
v -0.0652 1.3330 -0.0721
v -0.0619 1.3172 -0.0745
v -0.0574 1.2772 -0.0746
v -0.0556 1.2631 -0.0739
v -0.0540 1.2479 -0.0712
v -0.0421 1.3468 -0.0600
v -0.0408 1.3310 -0.0654
v -0.0401 1.3159 -0.0674
v -0.0397 1.2752 -0.0692
v -0.0384 1.2612 -0.0679
v -0.0382 1.2455 -0.0666
v -0.0201 1.3460 -0.0537
v -0.0203 1.3293 -0.0570
v -0.0208 1.3143 -0.0593
v -0.0215 1.2756 -0.0634
v -0.0215 1.2608 -0.0636
v -0.0209 1.2450 -0.0628
v 0.0000 1.3455 -0.0494
v 0.0000 1.3299 -0.0525
v 0.0000 1.3147 -0.0551
v 0.0000 1.2757 -0.0591
v -0.0000 1.2613 -0.0594
v 0.0000 1.2446 -0.0594
v -0.1645 1.3599 -0.0311
v -0.1806 1.3641 -0.0143
v -0.1915 1.3646 0.0011
v -0.1981 1.3631 0.0179
v -0.1813 1.3468 -0.0338
v -0.1967 1.3508 -0.0183
v -0.2080 1.3509 -0.0033
v -0.2163 1.3482 0.0152
v -0.1656 1.3386 -0.0463
v -0.1537 1.3276 -0.0543
v -0.1608 1.3044 -0.0527
v -0.1460 1.2504 -0.0399
v -0.1393 1.2367 -0.0372
v -0.1352 1.2234 -0.0372
v -0.1971 1.3319 -0.0340
v -0.2110 1.3355 -0.0210
v -0.2218 1.3354 -0.0050
v -0.2296 1.3317 0.0141
v -0.1809 1.3271 -0.0434
v -0.1691 1.3178 -0.0490
v -0.1472 1.3131 -0.0577
v -0.1556 1.2354 -0.0152
v -0.1506 1.2251 -0.0170
v -0.1463 1.2136 -0.0187
v -0.2157 1.3046 -0.0300
v -0.2307 1.3063 -0.0194
v -0.2419 1.3053 -0.0045
v -0.2488 1.3037 0.0139
v -0.2031 1.2994 -0.0361
v -0.1920 1.2918 -0.0389
v -0.1665 1.2526 -0.0198
v -0.1657 1.2501 -0.0066
v -0.1586 1.2317 0.0044
v -0.1550 1.2198 0.0012
v -0.2237 1.2927 -0.0278
v -0.2372 1.2946 -0.0184
v -0.2491 1.2956 -0.0038
v -0.2554 1.2934 0.0144
v -0.2111 1.2867 -0.0334
v -0.2010 1.2786 -0.0361
v -0.1718 1.2485 -0.0199
v -0.1706 1.2468 -0.0076
v -0.1714 1.2470 0.0086
v -0.2319 1.2804 -0.0271
v -0.2450 1.2840 -0.0180
v -0.2568 1.2842 -0.0033
v -0.2626 1.2821 0.0143
v -0.2196 1.2740 -0.0320
v -0.2092 1.2665 -0.0339
v -0.1842 1.2342 -0.0192
v -0.1836 1.2306 -0.0088
v -0.1851 1.2305 0.0046
v -0.1672 1.2497 0.0243
v -0.2429 1.2654 -0.0256
v -0.2553 1.2696 -0.0171
v -0.2662 1.2707 -0.0030
v -0.2712 1.2690 0.0144
v -0.2320 1.2586 -0.0304
v -0.2224 1.2514 -0.0314
v -0.1974 1.2216 -0.0171
v -0.1966 1.2187 -0.0072
v -0.1977 1.2178 0.0048
v -0.1756 1.2469 0.0244
v -0.1670 1.2484 0.0094
v -0.1621 1.2449 0.0101
v -0.1573 1.2520 -0.0292
v -0.1831 1.3031 -0.0427
v -0.1610 1.2459 -0.0093
v -0.2335 1.3181 -0.0051
v -0.2410 1.3149 0.0136
v -0.2229 1.3192 -0.0203
v -0.2078 1.3174 -0.0322
v -0.1944 1.3118 -0.0390
v -0.2076 1.2884 0.0717
v -0.2230 1.2987 0.0660
v -0.2411 1.3102 0.0329
v -0.1583 1.2599 0.0767
v -0.1625 1.2663 0.0761
v -0.1713 1.2725 0.0760
v -0.1829 1.2754 0.0746
v -0.2348 1.3055 0.0500
v -0.1462 1.2275 0.0802
v -0.1491 1.2393 0.0776
v -0.1534 1.2520 0.0775
v -0.1819 1.2822 -0.0388
v -0.1918 1.2696 -0.0357
v -0.2015 1.2575 -0.0331
v -0.2140 1.2442 -0.0307
v -0.1731 1.2936 -0.0458
v -0.1522 1.2080 0.0023
v -0.1245 1.2329 -0.0528
v -0.1304 1.2489 -0.0537
v -0.1358 1.2630 -0.0530
v -0.2826 1.2512 0.0316
v -0.2631 1.2415 0.0608
v -0.2507 1.2337 0.0657
v -0.2264 1.2178 0.0543
v -0.2171 1.2127 0.0390
v -0.2122 1.2079 0.0209
v -0.2759 1.2473 0.0483
v -0.2591 1.2446 -0.0241
v -0.2692 1.2500 -0.0161
v -0.2790 1.2535 -0.0023
v -0.2835 1.2535 0.0148
v -0.2484 1.2386 -0.0290
v -0.2388 1.2326 -0.0302
v -0.2103 1.2093 -0.0146
v -0.2080 1.2075 -0.0047
v -0.2090 1.2071 0.0066
v -0.2297 1.2260 -0.0297
v -0.2960 1.2344 0.0332
v -0.2771 1.2244 0.0626
v -0.2649 1.2155 0.0674
v -0.2411 1.2033 0.0553
v -0.2335 1.1983 0.0401
v -0.2277 1.1942 0.0226
v -0.2889 1.2307 0.0508
v -0.2756 1.2227 -0.0238
v -0.2853 1.2283 -0.0154
v -0.2938 1.2332 -0.0016
v -0.2971 1.2356 0.0159
v -0.2663 1.2173 -0.0285
v -0.2564 1.2119 -0.0287
v -0.2258 1.1940 -0.0122
v -0.2240 1.1928 -0.0027
v -0.2238 1.1923 0.0081
v -0.2460 1.2065 -0.0277
v -0.1034 1.2189 0.1484
v -0.1003 1.2185 0.1493
v -0.0977 1.2172 0.1501
v -0.0957 1.2155 0.1509
v -0.0944 1.2128 0.1516
v -0.0940 1.2095 0.1519
v -0.0946 1.2058 0.1514
v -0.0963 1.2028 0.1502
v -0.0991 1.2011 0.1484
v -0.1022 1.2012 0.1468
v -0.1051 1.2027 0.1456
v -0.1074 1.2053 0.1451
v -0.1089 1.2086 0.1449
v -0.1094 1.2120 0.1453
v -0.1086 1.2153 0.1461
v -0.1065 1.2179 0.1471
v -0.1043 1.2159 0.1507
v -0.1028 1.2151 0.1514
v -0.1016 1.2139 0.1518
v -0.1006 1.2123 0.1521
v -0.0997 1.2106 0.1523
v -0.0992 1.2086 0.1523
v -0.0988 1.2069 0.1520
v -0.0990 1.2052 0.1516
v -0.1007 1.2042 0.1506
v -0.1020 1.2050 0.1502
v -0.1035 1.2060 0.1497
v -0.1046 1.2076 0.1495
v -0.1057 1.2094 0.1493
v -0.1063 1.2113 0.1493
v -0.1064 1.2132 0.1494
v -0.1059 1.2150 0.1497
v -0.1032 1.2228 0.1469
v -0.0985 1.2226 0.1484
v -0.0940 1.2209 0.1500
v -0.0908 1.2185 0.1512
v -0.0887 1.2147 0.1526
v -0.0884 1.2097 0.1530
v -0.0899 1.2044 0.1520
v -0.0929 1.1999 0.1500
v -0.0971 1.1973 0.1476
v -0.1021 1.1970 0.1449
v -0.1069 1.1987 0.1428
v -0.1104 1.2025 0.1417
v -0.1123 1.2074 0.1415
v -0.1126 1.2129 0.1421
v -0.1111 1.2179 0.1434
v -0.1077 1.2214 0.1450
v -0.1030 1.2273 0.1458
v -0.0956 1.2266 0.1478
v -0.0888 1.2246 0.1497
v -0.0836 1.2213 0.1517
v -0.0809 1.2165 0.1537
v -0.0805 1.2094 0.1542
v -0.0830 1.2020 0.1530
v -0.0879 1.1962 0.1501
v -0.0948 1.1929 0.1463
v -0.1023 1.1928 0.1426
v -0.1090 1.1956 0.1399
v -0.1141 1.2005 0.1381
v -0.1167 1.2073 0.1379
v -0.1169 1.2146 0.1390
v -0.1143 1.2207 0.1408
v -0.1096 1.2253 0.1433
v -0.1013 1.2391 0.1417
v -0.0872 1.2389 0.1442
v -0.0738 1.2360 0.1460
v -0.0630 1.2313 0.1483
v -0.0572 1.2222 0.1514
v -0.0573 1.2104 0.1538
v -0.0630 1.1977 0.1524
v -0.0740 1.1883 0.1476
v -0.0875 1.1822 0.1414
v -0.1017 1.1816 0.1338
v -0.1142 1.1862 0.1277
v -0.1234 1.1953 0.1238
v -0.1284 1.2071 0.1237
v -0.1285 1.2196 0.1279
v -0.1229 1.2298 0.1332
v -0.1134 1.2364 0.1380
v -0.1005 1.2468 0.1392
v -0.0828 1.2468 0.1411
v -0.0654 1.2444 0.1420
v -0.0504 1.2382 0.1437
v -0.0429 1.2258 0.1468
v -0.0423 1.2118 0.1492
v -0.0505 1.1957 0.1479
v -0.0661 1.1834 0.1444
v -0.0827 1.1766 0.1373
v -0.0998 1.1756 0.1279
v -0.1151 1.1802 0.1189
v -0.1266 1.1919 0.1131
v -0.1326 1.2064 0.1130
v -0.1335 1.2214 0.1193
v -0.1270 1.2353 0.1280
v -0.1153 1.2431 0.1349
v -0.0994 1.2562 0.1356
v -0.0782 1.2571 0.1370
v -0.0571 1.2545 0.1369
v -0.0343 1.2486 0.1352
v -0.0269 1.2309 0.1388
v -0.0270 1.2131 0.1388
v -0.0341 1.1915 0.1436
v -0.0568 1.1762 0.1443
v -0.0797 1.1683 0.1365
v -0.0987 1.1659 0.1263
v -0.1162 1.1681 0.1099
v -0.1283 1.1870 0.1005
v -0.1350 1.2042 0.0991
v -0.1383 1.2243 0.1062
v -0.1301 1.2408 0.1227
v -0.1171 1.2510 0.1313
v -0.1115 1.2305 0.1410
v -0.1184 1.2249 0.1376
v -0.1022 1.1877 0.1393
v -0.0917 1.1878 0.1445
v -0.1023 1.2327 0.1441
v -0.1118 1.1914 0.1354
v -0.0918 1.2321 0.1465
v -0.1186 1.1983 0.1328
v -0.0698 1.2099 0.1548
v -0.0700 1.2191 0.1533
v -0.0818 1.2295 0.1486
v -0.1223 1.2073 0.1326
v -0.0738 1.1998 0.1535
v -0.0741 1.2256 0.1507
v -0.1223 1.2169 0.1346
v -0.0816 1.1922 0.1497
v 0.0000 1.2495 0.1289
v 0.0000 1.2339 0.1317
v -0.0000 1.2183 0.1343
v -0.0000 1.2008 0.1388
v -0.0124 1.2487 0.1295
v -0.0119 1.2322 0.1339
v -0.0119 1.2172 0.1372
v -0.0131 1.1996 0.1410
v -0.0654 1.3660 0.0603
v -0.0868 1.3597 0.0642
v -0.1083 1.3546 0.0664
v -0.1323 1.3452 0.0722
v -0.1532 1.3325 0.0781
v -0.1712 1.3153 0.0813
v -0.1844 1.2978 0.0782
v -0.1952 1.2807 0.0752
v -0.2034 1.2683 0.0715
v -0.2121 1.2565 0.0683
v -0.2195 1.2469 0.0660
v -0.2276 1.2376 0.0640
v -0.2385 1.2259 0.0639
v -0.2531 1.2091 0.0647
v -0.1244 1.3026 -0.0653
v -0.1030 1.3053 -0.0748
v -0.0807 1.3047 -0.0773
v -0.0598 1.3038 -0.0751
v -0.0399 1.3026 -0.0690
v -0.0210 1.3011 -0.0612
v 0.0000 1.3010 -0.0568
v -0.1559 1.2894 -0.0517
v -0.1739 1.2690 -0.0353
v -0.1824 1.2602 -0.0318
v -0.1947 1.2486 -0.0308
v -0.2070 1.2363 -0.0285
v -0.1651 1.2800 -0.0432
v -0.1436 1.2975 -0.0587
v -0.2224 1.2196 -0.0269
v -0.2374 1.2016 -0.0238
v -0.1214 1.2883 -0.0661
v -0.1001 1.2921 -0.0760
v -0.0789 1.2918 -0.0781
v -0.0587 1.2902 -0.0748
v -0.0400 1.2890 -0.0696
v -0.0214 1.2884 -0.0625
v 0.0000 1.2884 -0.0578
v -0.1508 1.2731 -0.0446
v -0.1687 1.2611 -0.0301
v -0.1765 1.2540 -0.0287
v -0.1886 1.2407 -0.0259
v -0.2019 1.2285 -0.0241
v -0.1607 1.2672 -0.0367
v -0.2163 1.2141 -0.0216
v -0.2308 1.1976 -0.0186
v -0.1408 1.2816 -0.0540
v -0.1468 1.2036 0.0609
v -0.1492 1.1958 0.0224
v -0.1488 1.1984 0.0420
v -0.1059 1.2235 -0.0621
v -0.0863 1.2291 -0.0701
v -0.0681 1.2310 -0.0714
v -0.0520 1.2311 -0.0684
v -0.0368 1.2287 -0.0644
v -0.0204 1.2264 -0.0610
v 0.0000 1.2260 -0.0574
v -0.1313 1.2075 -0.0369
v -0.1419 1.2002 -0.0192
v -0.1483 1.1967 0.0026
v -0.1194 1.2154 -0.0511
v -0.1418 1.1890 0.0649
v -0.1441 1.1799 0.0247
v -0.1433 1.1824 0.0465
v -0.0987 1.2033 -0.0593
v -0.0807 1.2085 -0.0651
v -0.0644 1.2109 -0.0653
v -0.0499 1.2102 -0.0636
v -0.0346 1.2084 -0.0613
v -0.0191 1.2053 -0.0570
v 0.0000 1.2046 -0.0544
v -0.1264 1.1883 -0.0330
v -0.1355 1.1826 -0.0159
v -0.1427 1.1800 0.0045
v -0.1152 1.1958 -0.0490
v -0.1363 1.1722 0.0700
v -0.1390 1.1629 0.0284
v -0.1388 1.1657 0.0515
v -0.0894 1.1795 -0.0542
v -0.0739 1.1844 -0.0580
v -0.0588 1.1865 -0.0590
v -0.0447 1.1865 -0.0587
v -0.0316 1.1855 -0.0566
v -0.0174 1.1836 -0.0519
v 0.0000 1.1837 -0.0496
v -0.1213 1.1669 -0.0309
v -0.1301 1.1621 -0.0126
v -0.1373 1.1604 0.0077
v -0.1080 1.1726 -0.0445
v -0.1327 1.1512 0.0730
v -0.1345 1.1417 0.0300
v -0.1353 1.1453 0.0532
v -0.0837 1.1551 -0.0474
v -0.0675 1.1596 -0.0533
v -0.0550 1.1609 -0.0551
v -0.0415 1.1610 -0.0547
v -0.0283 1.1602 -0.0515
v -0.0158 1.1603 -0.0477
v 0.0000 1.1595 -0.0467
v -0.1140 1.1448 -0.0273
v -0.1246 1.1405 -0.0107
v -0.1315 1.1396 0.0084
v -0.1003 1.1485 -0.0388
v -0.1306 1.1301 0.0774
v -0.1307 1.1210 0.0287
v -0.1331 1.1254 0.0550
v -0.0797 1.1314 -0.0433
v -0.0658 1.1340 -0.0483
v -0.0514 1.1353 -0.0504
v -0.0392 1.1349 -0.0496
v -0.0272 1.1349 -0.0474
v -0.0153 1.1344 -0.0453
v 0.0000 1.1334 -0.0446
v -0.1078 1.1234 -0.0236
v -0.1181 1.1199 -0.0091
v -0.1264 1.1187 0.0078
v -0.0947 1.1275 -0.0353
v -0.1287 1.1088 0.0783
v -0.1279 1.1012 0.0294
v -0.1310 1.1048 0.0546
v -0.0783 1.1096 -0.0401
v -0.0639 1.1115 -0.0442
v -0.0498 1.1117 -0.0457
v -0.0381 1.1115 -0.0456
v -0.0267 1.1110 -0.0444
v -0.0153 1.1106 -0.0435
v 0.0000 1.1108 -0.0435
v -0.1046 1.1035 -0.0211
v -0.1142 1.1010 -0.0071
v -0.1224 1.0997 0.0091
v -0.0924 1.1067 -0.0323
v -0.1274 1.0885 0.0751
v -0.1253 1.0843 0.0309
v -0.1290 1.0862 0.0528
v -0.0783 1.0903 -0.0367
v -0.0638 1.0916 -0.0405
v -0.0496 1.0922 -0.0428
v -0.0380 1.0922 -0.0433
v -0.0266 1.0906 -0.0423
v -0.0146 1.0908 -0.0417
v 0.0000 1.0905 -0.0418
v -0.1034 1.0856 -0.0185
v -0.1122 1.0838 -0.0048
v -0.1193 1.0831 0.0112
v -0.0919 1.0882 -0.0291
v -0.1256 1.0715 0.0721
v -0.1243 1.0690 0.0311
v -0.1268 1.0700 0.0520
v -0.0784 1.0731 -0.0332
v -0.0653 1.0740 -0.0374
v -0.0516 1.0751 -0.0403
v -0.0391 1.0752 -0.0415
v -0.0269 1.0740 -0.0411
v -0.0147 1.0736 -0.0402
v 0.0000 1.0732 -0.0397
v -0.1038 1.0694 -0.0166
v -0.1123 1.0681 -0.0034
v -0.1185 1.0680 0.0122
v -0.0920 1.0711 -0.0264
v -0.1271 1.0450 0.0689
v -0.1287 1.0434 0.0295
v -0.1294 1.0442 0.0507
v -0.0502 1.0481 0.1349
v -0.0784 1.0568 -0.0305
v -0.0660 1.0582 -0.0347
v -0.0535 1.0598 -0.0380
v -0.0408 1.0603 -0.0401
v -0.0276 1.0591 -0.0405
v -0.0152 1.0586 -0.0395
v 0.0000 1.0579 -0.0386
v -0.0141 1.0506 0.1388
v -0.1145 1.0409 -0.0039
v -0.1232 1.0423 0.0111
v -0.0923 1.0407 -0.0235
v -0.1288 1.0318 0.0692
v -0.1320 1.0302 0.0277
v -0.1317 1.0312 0.0510
v -0.0317 1.0496 0.1385
v -0.0807 1.0263 -0.0315
v -0.0689 1.0276 -0.0355
v -0.0574 1.0295 -0.0386
v -0.0448 1.0317 -0.0416
v -0.0308 1.0322 -0.0427
v -0.0168 1.0323 -0.0422
v 0.0000 1.0322 -0.0408
v -0.1176 1.0267 -0.0057
v -0.1272 1.0290 0.0097
v -0.0929 1.0254 -0.0256
v -0.1428 1.2136 0.0815
v -0.1384 1.1978 0.0817
v -0.1325 1.1812 0.0852
v -0.1235 1.1382 0.0969
v -0.1265 1.1604 0.0930
v 0.0000 1.0516 0.1382
v 0.0000 1.1534 0.1420
v 0.0000 1.0988 0.1415
v -0.0772 1.1543 0.1368
v -0.0969 1.1497 0.1274
v -0.1104 1.0469 0.1019
v -0.0149 1.0980 0.1421
v -0.0144 1.1529 0.1432
v -0.0314 1.0953 0.1430
v -0.0752 1.1336 0.1377
v -0.0940 1.1276 0.1278
v -0.1099 1.0793 0.1066
v -0.0521 1.0913 0.1407
v -0.0143 1.1782 0.1424
v -0.0537 1.1154 0.1426
v -0.0731 1.1100 0.1371
v -0.0922 1.1041 0.1274
v -0.1099 1.0991 0.1121
v -0.0310 1.1209 0.1438
v 0.0000 1.1798 0.1419
v -0.0148 1.1245 0.1431
v -0.0714 1.0866 0.1350
v -0.0924 1.0830 0.1230
v -0.1108 1.1216 0.1150
v 0.0000 1.1255 0.1426
v -0.0567 1.1608 0.1418
v -0.0306 1.1482 0.1445
v -0.0696 1.0474 0.1279
v -0.0912 1.0473 0.1173
v -0.1125 1.1457 0.1122
v -0.0548 1.1402 0.1423
v -0.0318 1.1715 0.1435
v -0.1219 1.1148 0.0984
v -0.1214 1.0934 0.0948
v -0.1209 1.0749 0.0892
v -0.1217 1.0454 0.0841
v -0.1043 1.0403 -0.0154
v 0.0000 1.0325 0.1361
v -0.0136 1.0288 0.1369
v -0.0180 1.0092 0.1397
v -0.0162 0.9842 0.1420
v 0.0000 0.9775 0.1410
v -0.0515 1.0281 0.1325
v -0.0326 1.0292 0.1370
v -0.1108 1.0310 0.1020
v -0.0707 1.0286 0.1251
v -0.0913 1.0299 0.1160
v -0.1225 1.0312 0.0848
v -0.1300 1.0170 0.0704
v -0.1352 1.0154 0.0275
v -0.1342 1.0163 0.0509
v -0.1207 1.0112 -0.0083
v -0.1314 1.0139 0.0087
v -0.0535 1.0079 0.1341
v -0.0346 1.0082 0.1394
v -0.1112 1.0140 0.1028
v -0.0733 1.0091 0.1254
v -0.0934 1.0119 0.1158
v -0.1230 1.0161 0.0873
v -0.1202 1.0548 0.0120
v -0.1128 1.0544 -0.0030
v -0.1255 1.0577 0.0697
v -0.1269 1.0568 0.0512
v -0.1256 1.0558 0.0305
v -0.0918 1.0555 -0.0242
v -0.0430 1.0461 -0.0403
v -0.0288 1.0456 -0.0411
v -0.0161 1.0454 -0.0404
v 0.0000 1.0453 -0.0394
v -0.0796 1.0416 -0.0296
v -0.0675 1.0428 -0.0341
v -0.0146 1.0733 0.1407
v -0.0559 1.0446 -0.0376
v -0.1210 1.0596 0.0848
v 0.0000 1.0740 0.1398
v -0.0501 1.0691 0.1380
v -0.0316 1.0713 0.1409
v -0.0696 1.0667 0.1317
v -0.0921 1.0646 0.1191
v -0.1106 1.0626 0.1022
v -0.1039 1.0545 -0.0153
v -0.1128 0.9931 0.1043
v -0.0355 0.9818 0.1415
v -0.0553 0.9820 0.1362
v -0.1351 0.9961 0.0074
v -0.1229 0.9931 -0.0126
v -0.1370 0.9993 0.0503
v -0.1387 0.9980 0.0284
v -0.1326 0.9989 0.0706
v -0.1242 0.9968 0.0886
v -0.0948 0.9899 0.1178
v -0.0751 0.9856 0.1275
v -0.1053 1.0254 -0.0173
v -0.1067 1.0092 -0.0211
v -0.1068 0.9911 -0.0258
v -0.0810 1.0099 -0.0338
v -0.0692 1.0114 -0.0369
v -0.0581 1.0133 -0.0397
v -0.0455 1.0156 -0.0427
v -0.0314 1.0169 -0.0443
v -0.0166 1.0176 -0.0442
v 0.0000 1.0178 -0.0424
v -0.0795 0.9927 -0.0370
v -0.0681 0.9945 -0.0395
v -0.0571 0.9965 -0.0423
v -0.0450 0.9987 -0.0459
v -0.0312 1.0005 -0.0483
v -0.0159 1.0001 -0.0488
v 0.0000 1.0015 -0.0465
v -0.0792 0.9732 -0.0459
v -0.0664 0.9752 -0.0483
v -0.0548 0.9772 -0.0504
v -0.0424 0.9786 -0.0527
v -0.0291 0.9802 -0.0544
v -0.0140 0.9797 -0.0552
v 0.0000 0.9802 -0.0544
v -0.0930 1.0089 -0.0290
v -0.0918 0.9913 -0.0330
v -0.1137 0.9501 -0.0442
v -0.0813 0.9253 -0.0767
v -0.0653 0.9262 -0.0799
v -0.0505 0.9273 -0.0811
v -0.0365 0.9276 -0.0814
v -0.0228 0.9283 -0.0827
v -0.0083 0.9281 -0.0802
v 0.0000 0.9256 -0.0759
v -0.0969 0.9503 -0.0558
v -0.1174 0.9271 -0.0528
v -0.0985 0.9252 -0.0692
v -0.1463 0.9544 0.0017
v -0.1322 0.9521 -0.0248
v -0.1497 0.9540 0.0510
v -0.1514 0.9548 0.0277
v -0.1432 0.9521 0.0717
v -0.1330 0.9485 0.0917
v -0.1482 0.9282 -0.0006
v -0.1353 0.9265 -0.0298
v -0.1534 0.9264 0.0494
v -0.1538 0.9283 0.0267
v -0.1477 0.9234 0.0704
v -0.1386 0.9205 0.0917
v -0.0000 0.9125 0.1398
v -0.1180 0.9444 0.1115
v -0.0399 0.9174 0.1406
v -0.0592 0.9231 0.1366
v -0.0971 0.9392 0.1226
v -0.0783 0.9318 0.1295
v 0.0000 0.8870 0.1351
v -0.1232 0.9178 0.1117
v -0.0418 0.8905 0.1343
v -0.0605 0.8957 0.1301
v -0.1000 0.9123 0.1221
v -0.0779 0.9040 0.1260
v -0.0189 0.9145 0.1399
v -0.0219 0.8876 0.1362
v -0.0962 0.9643 0.1200
v -0.0761 0.9585 0.1281
v -0.0375 0.9490 0.1388
v -0.0169 0.9475 0.1398
v -0.0000 0.9446 0.1393
v -0.1151 0.9694 0.1074
v -0.0565 0.9523 0.1347
v -0.0113 0.9572 -0.0676
v 0.0000 0.9570 -0.0671
v -0.0813 0.9513 -0.0619
v -0.0669 0.9533 -0.0646
v -0.0532 0.9546 -0.0652
v -0.0934 0.9718 -0.0413
v -0.0397 0.9553 -0.0656
v -0.0263 0.9566 -0.0666
v -0.1094 0.9712 -0.0329
v -0.1440 0.9783 0.0284
v -0.1411 0.9760 0.0051
v -0.1265 0.9748 0.0899
v -0.1354 0.9776 0.0709
v -0.1414 0.9790 0.0512
v -0.1267 0.9729 -0.0180
v 0.2166 1.3444 0.0338
v 0.1985 1.3324 0.0661
v 0.1835 1.3227 0.0747
v 0.1609 1.3096 0.0856
v 0.1532 1.3009 0.0899
v 0.1468 1.2914 0.0952
v 0.1403 1.2821 0.1005
v 0.1364 1.2729 0.1058
v 0.1335 1.2619 0.1117
v 0.1316 1.2507 0.1176
v 0.1655 1.3384 0.0710
v 0.1829 1.3476 0.0624
v 0.2000 1.3592 0.0347
v 0.1424 1.3259 0.0832
v 0.1337 1.3170 0.0901
v 0.1272 1.3062 0.0988
v 0.1219 1.2946 0.1061
v 0.1189 1.2831 0.1126
v 0.1178 1.2719 0.1202
v 0.1172 1.2609 0.1266
v 0.1457 1.3526 0.0653
v 0.1626 1.3623 0.0582
v 0.1759 1.3716 0.0353
v 0.1197 1.3375 0.0787
v 0.1078 1.3285 0.0856
v 0.1023 1.3166 0.0962
v 0.0991 1.3035 0.1062
v 0.0973 1.2911 0.1146
v 0.0971 1.2794 0.1226
v 0.0975 1.2674 0.1302
v 0.1202 1.3620 0.0592
v 0.1322 1.3694 0.0521
v 0.1488 1.3812 0.0350
v 0.0945 1.3466 0.0746
v 0.0771 1.3367 0.0838
v 0.0746 1.3215 0.0935
v 0.0713 1.3082 0.1035
v 0.0718 1.2952 0.1137
v 0.0728 1.2826 0.1223
v 0.0748 1.2698 0.1309
v 0.0971 1.3648 0.0558
v 0.1051 1.3700 0.0480
v 0.1154 1.3817 0.0317
v 0.0742 1.3540 0.0735
v 0.0595 1.3471 0.0832
v 0.2485 1.2988 0.0328
v 0.2311 1.2861 0.0645
v 0.2160 1.2766 0.0704
v 0.1908 1.2625 0.0663
v 0.1755 1.2627 0.0624
v 0.1659 1.2586 0.0632
v 0.1609 1.2535 0.0604
v 0.1573 1.2442 0.0580
v 0.1538 1.2301 0.0572
v 0.1501 1.2169 0.0591
v 0.2625 1.2785 0.0318
v 0.2446 1.2657 0.0609
v 0.2319 1.2565 0.0673
v 0.2072 1.2393 0.0570
v 0.1959 1.2345 0.0396
v 0.1884 1.2317 0.0208
v 0.1629 1.2463 0.0250
v 0.1601 1.2310 0.0202
v 0.1562 1.2184 0.0180
v 0.1526 1.2074 0.0196
v 0.2707 1.2664 0.0310
v 0.2533 1.2555 0.0612
v 0.2397 1.2465 0.0660
v 0.2155 1.2299 0.0547
v 0.2056 1.2246 0.0377
v 0.2009 1.2187 0.0188
v 0.2302 1.3281 0.0335
v 0.2114 1.3159 0.0672
v 0.1966 1.3055 0.0748
v 0.1743 1.2905 0.0814
v 0.1654 1.2843 0.0853
v 0.1584 1.2766 0.0879
v 0.1527 1.2686 0.0891
v 0.1485 1.2599 0.0916
v 0.1449 1.2498 0.0968
v 0.1424 1.2380 0.1012
v 0.2554 1.2889 0.0327
v 0.2379 1.2760 0.0629
v 0.2241 1.2659 0.0689
v 0.1987 1.2503 0.0605
v 0.1800 1.2512 0.0472
v 0.1669 1.2531 0.0443
v 0.1628 1.2473 0.0415
v 0.1587 1.2352 0.0384
v 0.1554 1.2227 0.0364
v 0.1519 1.2099 0.0389
v 0.2104 1.3401 0.0516
v 0.1934 1.3550 0.0497
v 0.1716 1.3677 0.0481
v 0.1418 1.3755 0.0441
v 0.1111 1.3757 0.0402
v 0.2425 1.2931 0.0494
v 0.2558 1.2730 0.0470
v 0.2642 1.2621 0.0471
v 0.2238 1.3230 0.0512
v 0.2490 1.2829 0.0484
v 0.0360 1.3909 -0.0422
v 0.0179 1.3897 -0.0399
v 0.0543 1.3929 -0.0439
v 0.0724 1.3951 -0.0428
v 0.0889 1.3967 -0.0376
v 0.0490 1.3318 0.0938
v 0.0116 1.2652 0.1258
v 0.0117 1.2805 0.1205
v 0.0276 1.3348 0.0967
v 0.0119 1.2955 0.1144
v 0.0131 1.3083 0.1092
v 0.1021 1.3972 -0.0285
v 0.1112 1.3967 -0.0164
v 0.1164 1.3951 -0.0030
v 0.1184 1.3921 0.0101
v 0.1179 1.3875 0.0218
v 0.0902 1.3935 0.0229
v 0.0921 1.3985 0.0126
v 0.0912 1.4019 0.0034
v 0.0874 1.4042 -0.0066
v 0.0823 1.4062 -0.0172
v 0.0754 1.4065 -0.0265
v 0.0643 1.4051 -0.0337
v 0.0479 1.4024 -0.0376
v 0.0143 1.4000 -0.0359
v 0.0316 1.4020 -0.0369
v 0.0135 1.3181 0.1047
v 0.0299 1.3194 0.1026
v 0.0293 1.3090 0.1081
v 0.0287 1.3276 0.0994
v 0.0435 1.3401 0.0916
v 0.0573 1.3614 0.0687
v 0.0207 1.3419 0.0923
v 0.0460 1.3549 0.0788
v 0.0328 1.3464 0.0884
v 0.0723 1.3700 0.0531
v 0.0773 1.3750 0.0453
v 0.0815 1.3810 0.0388
v 0.0864 1.3874 0.0322
v 0.0097 1.3403 0.0932
v 0.0132 1.3320 0.0989
v 0.0131 1.3255 0.1019
v 0.0286 1.2962 0.1145
v 0.0291 1.2820 0.1219
v 0.0303 1.2659 0.1274
v 0.0523 1.2683 0.1290
v 0.0495 1.2829 0.1225
v 0.0484 1.2964 0.1138
v 0.0479 1.3092 0.1056
v 0.0499 1.3214 0.0984
v 0.0396 1.3774 -0.0492
v 0.0186 1.3746 -0.0453
v 0.0589 1.3807 -0.0511
v 0.0795 1.3848 -0.0516
v 0.1011 1.3873 -0.0475
v 0.1195 1.3865 -0.0367
v 0.1327 1.3870 -0.0230
v 0.1440 1.3873 -0.0083
v 0.1500 1.3855 0.0066
v 0.1509 1.3841 0.0202
v 0.0417 1.3627 -0.0554
v 0.0194 1.3599 -0.0500
v 0.0633 1.3666 -0.0589
v 0.0853 1.3723 -0.0606
v 0.1083 1.3731 -0.0565
v 0.1307 1.3734 -0.0436
v 0.1483 1.3748 -0.0278
v 0.1616 1.3746 -0.0114
v 0.1716 1.3745 0.0047
v 0.1755 1.3736 0.0203
v 0.1426 1.3539 -0.0494
v 0.1355 1.3341 -0.0590
v 0.1295 1.3181 -0.0637
v 0.1178 1.2742 -0.0662
v 0.1142 1.2576 -0.0655
v 0.1111 1.2416 -0.0644
v 0.1123 1.3549 -0.0638
v 0.1110 1.3354 -0.0691
v 0.1065 1.3191 -0.0732
v 0.0971 1.2788 -0.0766
v 0.0943 1.2638 -0.0757
v 0.0909 1.2468 -0.0735
v 0.0883 1.3551 -0.0680
v 0.0871 1.3350 -0.0741
v 0.0831 1.3187 -0.0769
v 0.0762 1.2785 -0.0781
v 0.0744 1.2641 -0.0772
v 0.0717 1.2483 -0.0747
v 0.0655 1.3512 -0.0663
v 0.0652 1.3330 -0.0721
v 0.0619 1.3172 -0.0745
v 0.0574 1.2772 -0.0746
v 0.0556 1.2631 -0.0739
v 0.0540 1.2479 -0.0712
v 0.0421 1.3468 -0.0600
v 0.0408 1.3310 -0.0654
v 0.0401 1.3159 -0.0674
v 0.0397 1.2752 -0.0692
v 0.0384 1.2612 -0.0679
v 0.0382 1.2455 -0.0666
v 0.0201 1.3460 -0.0537
v 0.0203 1.3293 -0.0570
v 0.0208 1.3143 -0.0593
v 0.0215 1.2756 -0.0634
v 0.0215 1.2608 -0.0636
v 0.0209 1.2450 -0.0628
v 0.1645 1.3599 -0.0311
v 0.1806 1.3641 -0.0143
v 0.1915 1.3646 0.0011
v 0.1981 1.3631 0.0179
v 0.1813 1.3468 -0.0338
v 0.1967 1.3508 -0.0183
v 0.2080 1.3509 -0.0033
v 0.2163 1.3482 0.0152
v 0.1656 1.3386 -0.0463
v 0.1537 1.3276 -0.0543
v 0.1608 1.3044 -0.0527
v 0.1460 1.2504 -0.0399
v 0.1393 1.2367 -0.0372
v 0.1352 1.2234 -0.0372
v 0.1971 1.3319 -0.0340
v 0.2110 1.3355 -0.0210
v 0.2218 1.3354 -0.0050
v 0.2296 1.3317 0.0141
v 0.1809 1.3271 -0.0434
v 0.1691 1.3178 -0.0490
v 0.1472 1.3131 -0.0577
v 0.1556 1.2354 -0.0152
v 0.1506 1.2251 -0.0170
v 0.1463 1.2136 -0.0187
v 0.2157 1.3046 -0.0300
v 0.2307 1.3063 -0.0194
v 0.2419 1.3053 -0.0045
v 0.2488 1.3037 0.0139
v 0.2031 1.2994 -0.0361
v 0.1920 1.2918 -0.0389
v 0.1665 1.2526 -0.0198
v 0.1657 1.2501 -0.0066
v 0.1586 1.2317 0.0044
v 0.1550 1.2198 0.0012
v 0.2237 1.2927 -0.0278
v 0.2372 1.2946 -0.0184
v 0.2491 1.2956 -0.0038
v 0.2554 1.2934 0.0144
v 0.2111 1.2867 -0.0334
v 0.2010 1.2786 -0.0361
v 0.1718 1.2485 -0.0199
v 0.1706 1.2468 -0.0076
v 0.1714 1.2470 0.0086
v 0.2319 1.2804 -0.0271
v 0.2450 1.2840 -0.0180
v 0.2568 1.2842 -0.0033
v 0.2626 1.2821 0.0143
v 0.2196 1.2740 -0.0320
v 0.2092 1.2665 -0.0339
v 0.1842 1.2342 -0.0192
v 0.1836 1.2306 -0.0088
v 0.1851 1.2305 0.0046
v 0.1672 1.2497 0.0243
v 0.2429 1.2654 -0.0256
v 0.2553 1.2696 -0.0171
v 0.2662 1.2707 -0.0030
v 0.2712 1.2690 0.0144
v 0.2320 1.2586 -0.0304
v 0.2224 1.2514 -0.0314
v 0.1974 1.2216 -0.0171
v 0.1966 1.2187 -0.0072
v 0.1977 1.2178 0.0048
v 0.1756 1.2469 0.0244
v 0.1670 1.2484 0.0094
v 0.1621 1.2449 0.0101
v 0.1573 1.2520 -0.0292
v 0.1831 1.3031 -0.0427
v 0.1610 1.2459 -0.0093
v 0.2335 1.3181 -0.0051
v 0.2410 1.3149 0.0136
v 0.2229 1.3192 -0.0203
v 0.2078 1.3174 -0.0322
v 0.1944 1.3118 -0.0390
v 0.2076 1.2884 0.0717
v 0.2230 1.2987 0.0660
v 0.2411 1.3102 0.0329
v 0.1583 1.2599 0.0767
v 0.1625 1.2663 0.0761
v 0.1713 1.2725 0.0760
v 0.1829 1.2754 0.0746
v 0.2348 1.3055 0.0500
v 0.1462 1.2275 0.0802
v 0.1491 1.2393 0.0776
v 0.1534 1.2520 0.0775
v 0.1819 1.2822 -0.0388
v 0.1918 1.2696 -0.0357
v 0.2015 1.2575 -0.0331
v 0.2140 1.2442 -0.0307
v 0.1731 1.2936 -0.0458
v 0.1522 1.2080 0.0023
v 0.1245 1.2329 -0.0528
v 0.1304 1.2489 -0.0537
v 0.1358 1.2630 -0.0530
v 0.2826 1.2512 0.0316
v 0.2631 1.2415 0.0608
v 0.2507 1.2337 0.0657
v 0.2264 1.2178 0.0543
v 0.2171 1.2127 0.0390
v 0.2122 1.2079 0.0209
v 0.2759 1.2473 0.0483
v 0.2591 1.2446 -0.0241
v 0.2692 1.2500 -0.0161
v 0.2790 1.2535 -0.0023
v 0.2835 1.2535 0.0148
v 0.2484 1.2386 -0.0290
v 0.2388 1.2326 -0.0302
v 0.2103 1.2093 -0.0146
v 0.2080 1.2075 -0.0047
v 0.2090 1.2071 0.0066
v 0.2297 1.2260 -0.0297
v 0.2960 1.2344 0.0332
v 0.2771 1.2244 0.0626
v 0.2649 1.2155 0.0674
v 0.2411 1.2033 0.0553
v 0.2335 1.1983 0.0401
v 0.2277 1.1942 0.0226
v 0.2889 1.2307 0.0508
v 0.2756 1.2227 -0.0238
v 0.2853 1.2283 -0.0154
v 0.2938 1.2332 -0.0016
v 0.2971 1.2356 0.0159
v 0.2663 1.2173 -0.0285
v 0.2564 1.2119 -0.0287
v 0.2258 1.1940 -0.0122
v 0.2240 1.1928 -0.0027
v 0.2238 1.1923 0.0081
v 0.2460 1.2065 -0.0277
v 0.1034 1.2189 0.1484
v 0.1003 1.2185 0.1493
v 0.0977 1.2172 0.1501
v 0.0957 1.2155 0.1509
v 0.0944 1.2128 0.1516
v 0.0940 1.2095 0.1519
v 0.0946 1.2058 0.1514
v 0.0963 1.2028 0.1502
v 0.0991 1.2011 0.1484
v 0.1022 1.2012 0.1468
v 0.1051 1.2027 0.1456
v 0.1074 1.2053 0.1451
v 0.1089 1.2086 0.1449
v 0.1094 1.2120 0.1453
v 0.1086 1.2153 0.1461
v 0.1065 1.2179 0.1471
v 0.1043 1.2159 0.1507
v 0.1028 1.2151 0.1514
v 0.1016 1.2139 0.1518
v 0.1006 1.2123 0.1521
v 0.0997 1.2106 0.1523
v 0.0992 1.2086 0.1523
v 0.0988 1.2069 0.1520
v 0.0990 1.2052 0.1516
v 0.1007 1.2042 0.1506
v 0.1020 1.2050 0.1502
v 0.1035 1.2060 0.1497
v 0.1046 1.2076 0.1495
v 0.1057 1.2094 0.1493
v 0.1063 1.2113 0.1493
v 0.1064 1.2132 0.1494
v 0.1059 1.2150 0.1497
v 0.1032 1.2228 0.1469
v 0.0985 1.2226 0.1484
v 0.0940 1.2209 0.1500
v 0.0908 1.2185 0.1512
v 0.0887 1.2147 0.1526
v 0.0884 1.2097 0.1530
v 0.0899 1.2044 0.1520
v 0.0929 1.1999 0.1500
v 0.0971 1.1973 0.1476
v 0.1021 1.1970 0.1449
v 0.1069 1.1987 0.1428
v 0.1104 1.2025 0.1417
v 0.1123 1.2074 0.1415
v 0.1126 1.2129 0.1421
v 0.1111 1.2179 0.1434
v 0.1077 1.2214 0.1450
v 0.1030 1.2273 0.1458
v 0.0956 1.2266 0.1478
v 0.0888 1.2246 0.1497
v 0.0836 1.2213 0.1517
v 0.0809 1.2165 0.1537
v 0.0805 1.2094 0.1542
v 0.0830 1.2020 0.1530
v 0.0879 1.1962 0.1501
v 0.0948 1.1929 0.1463
v 0.1023 1.1928 0.1426
v 0.1090 1.1956 0.1399
v 0.1141 1.2005 0.1381
v 0.1167 1.2073 0.1379
v 0.1169 1.2146 0.1390
v 0.1143 1.2207 0.1408
v 0.1096 1.2253 0.1433
v 0.1013 1.2391 0.1417
v 0.0872 1.2389 0.1442
v 0.0738 1.2360 0.1460
v 0.0630 1.2313 0.1483
v 0.0572 1.2222 0.1514
v 0.0573 1.2104 0.1538
v 0.0630 1.1977 0.1524
v 0.0740 1.1883 0.1476
v 0.0875 1.1822 0.1414
v 0.1017 1.1816 0.1338
v 0.1142 1.1862 0.1277
v 0.1234 1.1953 0.1238
v 0.1284 1.2071 0.1237
v 0.1285 1.2196 0.1279
v 0.1229 1.2298 0.1332
v 0.1134 1.2364 0.1380
v 0.1005 1.2468 0.1392
v 0.0828 1.2468 0.1411
v 0.0654 1.2444 0.1420
v 0.0504 1.2382 0.1437
v 0.0429 1.2258 0.1468
v 0.0423 1.2118 0.1492
v 0.0505 1.1957 0.1479
v 0.0661 1.1834 0.1444
v 0.0827 1.1766 0.1373
v 0.0998 1.1756 0.1279
v 0.1151 1.1802 0.1189
v 0.1266 1.1919 0.1131
v 0.1326 1.2064 0.1130
v 0.1335 1.2214 0.1193
v 0.1270 1.2353 0.1280
v 0.1153 1.2431 0.1349
v 0.0994 1.2562 0.1356
v 0.0782 1.2571 0.1370
v 0.0571 1.2545 0.1369
v 0.0343 1.2486 0.1352
v 0.0269 1.2309 0.1388
v 0.0270 1.2131 0.1388
v 0.0341 1.1915 0.1436
v 0.0568 1.1762 0.1443
v 0.0797 1.1683 0.1365
v 0.0987 1.1659 0.1263
v 0.1162 1.1681 0.1099
v 0.1283 1.1870 0.1005
v 0.1350 1.2042 0.0991
v 0.1383 1.2243 0.1062
v 0.1301 1.2408 0.1227
v 0.1171 1.2510 0.1313
v 0.1115 1.2305 0.1410
v 0.1184 1.2249 0.1376
v 0.1022 1.1877 0.1393
v 0.0917 1.1878 0.1445
v 0.1023 1.2327 0.1441
v 0.1118 1.1914 0.1354
v 0.0918 1.2321 0.1465
v 0.1186 1.1983 0.1328
v 0.0698 1.2099 0.1548
v 0.0700 1.2191 0.1533
v 0.0818 1.2295 0.1486
v 0.1223 1.2073 0.1326
v 0.0738 1.1998 0.1535
v 0.0741 1.2256 0.1507
v 0.1223 1.2169 0.1346
v 0.0816 1.1922 0.1497
v 0.0124 1.2487 0.1295
v 0.0119 1.2322 0.1339
v 0.0119 1.2172 0.1372
v 0.0131 1.1996 0.1410
v 0.0654 1.3660 0.0603
v 0.0868 1.3597 0.0642
v 0.1083 1.3546 0.0664
v 0.1323 1.3452 0.0722
v 0.1532 1.3325 0.0781
v 0.1712 1.3153 0.0813
v 0.1844 1.2978 0.0782
v 0.1952 1.2807 0.0752
v 0.2034 1.2683 0.0715
v 0.2121 1.2565 0.0683
v 0.2195 1.2469 0.0660
v 0.2276 1.2376 0.0640
v 0.2385 1.2259 0.0639
v 0.2531 1.2091 0.0647
v 0.1244 1.3026 -0.0653
v 0.1030 1.3053 -0.0748
v 0.0807 1.3047 -0.0773
v 0.0598 1.3038 -0.0751
v 0.0399 1.3026 -0.0690
v 0.0210 1.3011 -0.0612
v 0.1559 1.2894 -0.0517
v 0.1739 1.2690 -0.0353
v 0.1824 1.2602 -0.0318
v 0.1947 1.2486 -0.0308
v 0.2070 1.2363 -0.0285
v 0.1651 1.2800 -0.0432
v 0.1436 1.2975 -0.0587
v 0.2224 1.2196 -0.0269
v 0.2374 1.2016 -0.0238
v 0.1214 1.2883 -0.0661
v 0.1001 1.2921 -0.0760
v 0.0789 1.2918 -0.0781
v 0.0587 1.2902 -0.0748
v 0.0400 1.2890 -0.0696
v 0.0214 1.2884 -0.0625
v 0.1508 1.2731 -0.0446
v 0.1687 1.2611 -0.0301
v 0.1765 1.2540 -0.0287
v 0.1886 1.2407 -0.0259
v 0.2019 1.2285 -0.0241
v 0.1607 1.2672 -0.0367
v 0.2163 1.2141 -0.0216
v 0.2308 1.1976 -0.0186
v 0.1408 1.2816 -0.0540
v 0.1468 1.2036 0.0609
v 0.1492 1.1958 0.0224
v 0.1488 1.1984 0.0420
v 0.1059 1.2235 -0.0621
v 0.0863 1.2291 -0.0701
v 0.0681 1.2310 -0.0714
v 0.0520 1.2311 -0.0684
v 0.0368 1.2287 -0.0644
v 0.0204 1.2264 -0.0610
v 0.1313 1.2075 -0.0369
v 0.1419 1.2002 -0.0192
v 0.1483 1.1967 0.0026
v 0.1194 1.2154 -0.0511
v 0.1418 1.1890 0.0649
v 0.1441 1.1799 0.0247
v 0.1433 1.1824 0.0465
v 0.0987 1.2033 -0.0593
v 0.0807 1.2085 -0.0651
v 0.0644 1.2109 -0.0653
v 0.0499 1.2102 -0.0636
v 0.0346 1.2084 -0.0613
v 0.0191 1.2053 -0.0570
v 0.1264 1.1883 -0.0330
v 0.1355 1.1826 -0.0159
v 0.1427 1.1800 0.0045
v 0.1152 1.1958 -0.0490
v 0.1363 1.1722 0.0700
v 0.1390 1.1629 0.0284
v 0.1388 1.1657 0.0515
v 0.0894 1.1795 -0.0542
v 0.0739 1.1844 -0.0580
v 0.0588 1.1865 -0.0590
v 0.0447 1.1865 -0.0587
v 0.0316 1.1855 -0.0566
v 0.0174 1.1836 -0.0519
v 0.1213 1.1669 -0.0309
v 0.1301 1.1621 -0.0126
v 0.1373 1.1604 0.0077
v 0.1080 1.1726 -0.0445
v 0.1327 1.1512 0.0730
v 0.1345 1.1417 0.0300
v 0.1353 1.1453 0.0532
v 0.0837 1.1551 -0.0474
v 0.0675 1.1596 -0.0533
v 0.0550 1.1609 -0.0551
v 0.0415 1.1610 -0.0547
v 0.0283 1.1602 -0.0515
v 0.0158 1.1603 -0.0477
v 0.1140 1.1448 -0.0273
v 0.1246 1.1405 -0.0107
v 0.1315 1.1396 0.0084
v 0.1003 1.1485 -0.0388
v 0.1306 1.1301 0.0774
v 0.1307 1.1210 0.0287
v 0.1331 1.1254 0.0550
v 0.0797 1.1314 -0.0433
v 0.0658 1.1340 -0.0483
v 0.0514 1.1353 -0.0504
v 0.0392 1.1349 -0.0496
v 0.0272 1.1349 -0.0474
v 0.0153 1.1344 -0.0453
v 0.1078 1.1234 -0.0236
v 0.1181 1.1199 -0.0091
v 0.1264 1.1187 0.0078
v 0.0947 1.1275 -0.0353
v 0.1287 1.1088 0.0783
v 0.1279 1.1012 0.0294
v 0.1310 1.1048 0.0546
v 0.0783 1.1096 -0.0401
v 0.0639 1.1115 -0.0442
v 0.0498 1.1117 -0.0457
v 0.0381 1.1115 -0.0456
v 0.0267 1.1110 -0.0444
v 0.0153 1.1106 -0.0435
v 0.1046 1.1035 -0.0211
v 0.1142 1.1010 -0.0071
v 0.1224 1.0997 0.0091
v 0.0924 1.1067 -0.0323
v 0.1274 1.0885 0.0751
v 0.1253 1.0843 0.0309
v 0.1290 1.0862 0.0528
v 0.0783 1.0903 -0.0367
v 0.0638 1.0916 -0.0405
v 0.0496 1.0922 -0.0428
v 0.0380 1.0922 -0.0433
v 0.0266 1.0906 -0.0423
v 0.0146 1.0908 -0.0417
v 0.1034 1.0856 -0.0185
v 0.1122 1.0838 -0.0048
v 0.1193 1.0831 0.0112
v 0.0919 1.0882 -0.0291
v 0.1256 1.0715 0.0721
v 0.1243 1.0690 0.0311
v 0.1268 1.0700 0.0520
v 0.0784 1.0731 -0.0332
v 0.0653 1.0740 -0.0374
v 0.0516 1.0751 -0.0403
v 0.0391 1.0752 -0.0415
v 0.0269 1.0740 -0.0411
v 0.0147 1.0736 -0.0402
v 0.1038 1.0694 -0.0166
v 0.1123 1.0681 -0.0034
v 0.1185 1.0680 0.0122
v 0.0920 1.0711 -0.0264
v 0.1271 1.0450 0.0689
v 0.1287 1.0434 0.0295
v 0.1294 1.0442 0.0507
v 0.0502 1.0481 0.1349
v 0.0784 1.0568 -0.0305
v 0.0660 1.0582 -0.0347
v 0.0535 1.0598 -0.0380
v 0.0408 1.0603 -0.0401
v 0.0276 1.0591 -0.0405
v 0.0152 1.0586 -0.0395
v 0.0141 1.0506 0.1388
v 0.1145 1.0409 -0.0039
v 0.1232 1.0423 0.0111
v 0.0923 1.0407 -0.0235
v 0.1288 1.0318 0.0692
v 0.1320 1.0302 0.0277
v 0.1317 1.0312 0.0510
v 0.0317 1.0496 0.1385
v 0.0807 1.0263 -0.0315
v 0.0689 1.0276 -0.0355
v 0.0574 1.0295 -0.0386
v 0.0448 1.0317 -0.0416
v 0.0308 1.0322 -0.0427
v 0.0168 1.0323 -0.0422
v 0.1176 1.0267 -0.0057
v 0.1272 1.0290 0.0097
v 0.0929 1.0254 -0.0256
v 0.1428 1.2136 0.0815
v 0.1384 1.1978 0.0817
v 0.1325 1.1812 0.0852
v 0.1235 1.1382 0.0969
v 0.1265 1.1604 0.0930
v 0.0772 1.1543 0.1368
v 0.0969 1.1497 0.1274
v 0.1104 1.0469 0.1019
v 0.0149 1.0980 0.1421
v 0.0144 1.1529 0.1432
v 0.0314 1.0953 0.1430
v 0.0752 1.1336 0.1377
v 0.0940 1.1276 0.1278
v 0.1099 1.0793 0.1066
v 0.0521 1.0913 0.1407
v 0.0143 1.1782 0.1424
v 0.0537 1.1154 0.1426
v 0.0731 1.1100 0.1371
v 0.0922 1.1041 0.1274
v 0.1099 1.0991 0.1121
v 0.0310 1.1209 0.1438
v 0.0148 1.1245 0.1431
v 0.0714 1.0866 0.1350
v 0.0924 1.0830 0.1230
v 0.1108 1.1216 0.1150
v 0.0567 1.1608 0.1418
v 0.0306 1.1482 0.1445
v 0.0696 1.0474 0.1279
v 0.0912 1.0473 0.1173
v 0.1125 1.1457 0.1122
v 0.0548 1.1402 0.1423
v 0.0318 1.1715 0.1435
v 0.1219 1.1148 0.0984
v 0.1214 1.0934 0.0948
v 0.1209 1.0749 0.0892
v 0.1217 1.0454 0.0841
v 0.1043 1.0403 -0.0154
v 0.0136 1.0288 0.1369
v 0.0180 1.0092 0.1397
v 0.0162 0.9842 0.1420
v 0.0000 1.0050 0.1386
v 0.0515 1.0281 0.1325
v 0.0326 1.0292 0.1370
v 0.1108 1.0310 0.1020
v 0.0707 1.0286 0.1251
v 0.0913 1.0299 0.1160
v 0.1225 1.0312 0.0848
v 0.1300 1.0170 0.0704
v 0.1352 1.0154 0.0275
v 0.1342 1.0163 0.0509
v 0.1207 1.0112 -0.0083
v 0.1314 1.0139 0.0087
v 0.0535 1.0079 0.1341
v 0.0346 1.0082 0.1394
v 0.1112 1.0140 0.1028
v 0.0733 1.0091 0.1254
v 0.0934 1.0119 0.1158
v 0.1230 1.0161 0.0873
v 0.1202 1.0548 0.0120
v 0.1128 1.0544 -0.0030
v 0.1255 1.0577 0.0697
v 0.1269 1.0568 0.0512
v 0.1256 1.0558 0.0305
v 0.0918 1.0555 -0.0242
v 0.0430 1.0461 -0.0403
v 0.0288 1.0456 -0.0411
v 0.0161 1.0454 -0.0404
v 0.0796 1.0416 -0.0296
v 0.0675 1.0428 -0.0341
v 0.0146 1.0733 0.1407
v 0.0559 1.0446 -0.0376
v 0.1210 1.0596 0.0848
v 0.0501 1.0691 0.1380
v 0.0316 1.0713 0.1409
v 0.0696 1.0667 0.1317
v 0.0921 1.0646 0.1191
v 0.1106 1.0626 0.1022
v 0.1039 1.0545 -0.0153
v 0.1128 0.9931 0.1043
v 0.0355 0.9818 0.1415
v 0.0553 0.9820 0.1362
v 0.1351 0.9961 0.0074
v 0.1229 0.9931 -0.0126
v 0.1370 0.9993 0.0503
v 0.1387 0.9980 0.0284
v 0.1326 0.9989 0.0706
v 0.1242 0.9968 0.0886
v 0.0948 0.9899 0.1178
v 0.0751 0.9856 0.1275
v 0.1053 1.0254 -0.0173
v 0.1067 1.0092 -0.0211
v 0.1068 0.9911 -0.0258
v 0.0810 1.0099 -0.0338
v 0.0692 1.0114 -0.0369
v 0.0581 1.0133 -0.0397
v 0.0455 1.0156 -0.0427
v 0.0314 1.0169 -0.0443
v 0.0166 1.0176 -0.0442
v 0.0795 0.9927 -0.0370
v 0.0681 0.9945 -0.0395
v 0.0571 0.9965 -0.0423
v 0.0450 0.9987 -0.0459
v 0.0312 1.0005 -0.0483
v 0.0159 1.0001 -0.0488
v 0.0792 0.9732 -0.0459
v 0.0664 0.9752 -0.0483
v 0.0548 0.9772 -0.0504
v 0.0424 0.9786 -0.0527
v 0.0291 0.9802 -0.0544
v 0.0140 0.9797 -0.0552
v 0.0930 1.0089 -0.0290
v 0.0918 0.9913 -0.0330
v 0.1137 0.9501 -0.0442
v 0.0813 0.9253 -0.0767
v 0.0653 0.9262 -0.0799
v 0.0505 0.9273 -0.0811
v 0.0365 0.9276 -0.0814
v 0.0228 0.9283 -0.0827
v 0.0083 0.9281 -0.0802
v 0.0969 0.9503 -0.0558
v 0.1174 0.9271 -0.0528
v 0.0985 0.9252 -0.0692
v 0.1463 0.9544 0.0017
v 0.1322 0.9521 -0.0248
v 0.1497 0.9540 0.0510
v 0.1514 0.9548 0.0277
v 0.1432 0.9521 0.0717
v 0.1330 0.9485 0.0917
v 0.1482 0.9282 -0.0006
v 0.1353 0.9265 -0.0298
v 0.1534 0.9264 0.0494
v 0.1538 0.9283 0.0267
v 0.1477 0.9234 0.0704
v 0.1386 0.9205 0.0917
v 0.1180 0.9444 0.1115
v 0.0399 0.9174 0.1406
v 0.0592 0.9231 0.1366
v 0.0971 0.9392 0.1226
v 0.0783 0.9318 0.1295
v 0.1232 0.9178 0.1117
v 0.0418 0.8905 0.1343
v 0.0605 0.8957 0.1301
v 0.1000 0.9123 0.1221
v 0.0779 0.9040 0.1260
v 0.0189 0.9145 0.1399
v 0.0219 0.8876 0.1362
v 0.0962 0.9643 0.1200
v 0.0761 0.9585 0.1281
v 0.0375 0.9490 0.1388
v 0.0169 0.9475 0.1398
v 0.1151 0.9694 0.1074
v 0.0565 0.9523 0.1347
v 0.0113 0.9572 -0.0676
v 0.0813 0.9513 -0.0619
v 0.0669 0.9533 -0.0646
v 0.0532 0.9546 -0.0652
v 0.0934 0.9718 -0.0413
v 0.0397 0.9553 -0.0656
v 0.0263 0.9566 -0.0666
v 0.1094 0.9712 -0.0329
v 0.1440 0.9783 0.0284
v 0.1411 0.9760 0.0051
v 0.1265 0.9748 0.0899
v 0.1354 0.9776 0.0709
v 0.1414 0.9790 0.0512
v 0.1267 0.9729 -0.0180
v -0.0963 1.3784 0.0392
v -0.0913 1.3726 0.0463
v -0.0157 1.3947 -0.0379
v 0.0000 1.3945 -0.0364
v -0.0925 1.4019 -0.0233
v -0.0828 1.4018 -0.0319
v -0.0685 1.4001 -0.0379
v -0.0509 1.3973 -0.0408
v -0.1039 1.3906 0.0226
v -0.1052 1.3953 0.0114
v -0.0340 1.3968 -0.0398
v -0.1041 1.3985 0.0007
v -0.0993 1.4001 -0.0107
v -0.0854 1.3677 0.0544
v -0.1010 1.3842 0.0326
v -0.0534 1.3514 0.0805
v -0.0664 1.3581 0.0704
v -0.0229 1.3379 0.0950
v -0.0371 1.3428 0.0906
v -0.0106 1.3361 0.0960
v 0.0000 1.3353 0.0965
v -0.0768 1.3632 0.0616
v 0.0963 1.3784 0.0392
v 0.0913 1.3726 0.0463
v 0.0925 1.4019 -0.0233
v 0.0828 1.4018 -0.0319
v 0.0685 1.4001 -0.0379
v 0.0509 1.3973 -0.0408
v 0.1039 1.3906 0.0226
v 0.1052 1.3953 0.0114
v 0.0340 1.3968 -0.0398
v 0.1041 1.3985 0.0007
v 0.0157 1.3947 -0.0379
v 0.0993 1.4001 -0.0107
v 0.0854 1.3677 0.0544
v 0.1010 1.3842 0.0326
v 0.0534 1.3514 0.0805
v 0.0664 1.3581 0.0704
v 0.0229 1.3379 0.0950
v 0.0371 1.3428 0.0906
v 0.0106 1.3361 0.0960
v 0.0768 1.3632 0.0616
vt 0.6259 0.5295
vt 0.5964 0.5220
vt 0.6070 0.5135
vt 0.6333 0.5207
vt 0.5693 0.5105
vt 0.5793 0.5013
vt 0.5486 0.4990
vt 0.5604 0.4867
vt 0.5314 0.4862
vt 0.5450 0.4723
vt 0.5143 0.4731
vt 0.5301 0.4577
vt 0.2757 0.8456
vt 0.2752 0.8293
vt 0.2981 0.8296
vt 0.2990 0.8465
vt 0.2740 0.8154
vt 0.2967 0.8154
vt 0.2721 0.8015
vt 0.2950 0.8006
vt 0.2706 0.7855
vt 0.2928 0.7849
vt 0.6200 0.5050
vt 0.6425 0.5122
vt 0.5962 0.4913
vt 0.5778 0.4754
vt 0.5599 0.4598
vt 0.5447 0.4440
vt 0.3200 0.8295
vt 0.3209 0.8465
vt 0.3181 0.8135
vt 0.3154 0.7990
vt 0.3130 0.7838
vt 0.6482 0.4861
vt 0.6237 0.4740
vt 0.6365 0.4637
vt 0.6669 0.4740
vt 0.6018 0.4599
vt 0.6114 0.4493
vt 0.5831 0.4434
vt 0.5910 0.4335
vt 0.5665 0.4258
vt 0.5755 0.4184
vt 0.3543 0.8520
vt 0.3572 0.8299
vt 0.3759 0.8392
vt 0.3672 0.8600
vt 0.3573 0.8099
vt 0.3862 0.8157
vt 0.3547 0.7923
vt 0.3794 0.7866
vt 0.3513 0.7774
vt 0.3740 0.7714
vt 0.6965 0.4663
vt 0.6959 0.4547
vt 0.7164 0.4516
vt 0.7175 0.4605
vt 0.6436 0.4484
vt 0.6707 0.4561
vt 0.6194 0.4360
vt 0.5980 0.4226
vt 0.5820 0.4095
vt 0.3879 0.8461
vt 0.3799 0.8636
vt 0.4012 0.8245
vt 0.4083 0.7989
vt 0.4154 0.8052
vt 0.3939 0.7607
vt 0.4009 0.7788
vt 0.7467 0.4491
vt 0.7467 0.4570
vt 0.7335 0.4578
vt 0.7331 0.4497
vt 0.6482 0.4324
vt 0.6752 0.4398
vt 0.6258 0.4228
vt 0.6051 0.4118
vt 0.5862 0.4003
vt 0.3975 0.8457
vt 0.3888 0.8652
vt 0.4105 0.8251
vt 0.0496 0.7851
vt 0.0647 0.7957
vt 0.0469 0.8152
vt 0.0342 0.8003
vt 0.6513 0.4179
vt 0.6757 0.4236
vt 0.6300 0.4100
vt 0.6103 0.4015
vt 0.5898 0.3909
vt 0.4095 0.8458
vt 0.3992 0.8676
vt 0.4256 0.8276
vt 0.4203 0.8088
vt 0.4379 0.8115
vt 0.6529 0.4045
vt 0.6756 0.4089
vt 0.6332 0.3972
vt 0.6149 0.3895
vt 0.5950 0.3800
vt 0.5738 0.3839
vt 0.5534 0.3762
vt 0.5534 0.3613
vt 0.5748 0.3703
vt 0.5334 0.3664
vt 0.5323 0.3530
vt 0.5149 0.3614
vt 0.5136 0.3477
vt 0.7467 0.4239
vt 0.7348 0.4251
vt 0.7351 0.4089
vt 0.7467 0.4081
vt 0.6538 0.3913
vt 0.6745 0.3944
vt 0.6355 0.3855
vt 0.6189 0.3779
vt 0.5990 0.3680
vt 0.5561 0.3475
vt 0.5778 0.3582
vt 0.5356 0.3397
vt 0.5161 0.3360
vt 0.7353 0.3930
vt 0.7467 0.3926
vt 0.7467 0.4385
vt 0.7335 0.4389
vt 0.6201 0.5393
vt 0.5881 0.5312
vt 0.5622 0.5219
vt 0.5385 0.5115
vt 0.5197 0.5009
vt 0.5024 0.4888
vt 0.2550 0.8466
vt 0.2544 0.8315
vt 0.2535 0.8179
vt 0.2519 0.8035
vt 0.2500 0.7868
vt 0.7172 0.4398
vt 0.7179 0.4097
vt 0.7169 0.3931
vt 0.6848 0.4845
vt 0.7021 0.4750
vt 0.7182 0.4255
vt 0.7186 0.4683
vt 0.6684 0.4946
vt 0.8961 0.9586
vt 0.8961 0.9913
vt 0.8721 0.9913
vt 0.8721 0.9586
vt 0.1727 0.9586
vt 0.1727 0.9257
vt 0.1974 0.9257
vt 0.1974 0.9586
vt 0.0533 0.9586
vt 0.0533 0.9257
vt 0.0791 0.9257
vt 0.0791 0.9586
vt 0.1029 0.9257
vt 0.1029 0.9586
vt 0.1260 0.9257
vt 0.1260 0.9586
vt 0.9425 0.9586
vt 0.9425 0.9257
vt 0.9667 0.9257
vt 0.9667 0.9586
vt 0.1492 0.9586
vt 0.1492 0.9913
vt 0.1260 0.9913
vt 0.1260 0.9586
vt 0.9906 0.9257
vt 0.9906 0.9586
vt 0.1492 0.9586
vt 0.1492 0.9257
vt 0.0052 0.9586
vt 0.0052 0.9257
vt 0.0294 0.9257
vt 0.0294 0.9586
vt 0.8483 0.9586
vt 0.8483 0.9257
vt 0.8721 0.9257
vt 0.8721 0.9586
vt 0.8961 0.9586
vt 0.8961 0.9257
vt 0.9190 0.9257
vt 0.9190 0.9586
vt 0.7817 0.9586
vt 0.7817 0.9257
vt 0.8060 0.9257
vt 0.8060 0.9586
vt 0.7348 0.9586
vt 0.7348 0.9257
vt 0.7566 0.9257
vt 0.7566 0.9586
vt 0.9425 0.9586
vt 0.9425 0.9913
vt 0.9190 0.9913
vt 0.9190 0.9586
vt 0.7101 0.9586
vt 0.7101 0.9913
vt 0.6901 0.9913
vt 0.6901 0.9586
vt 0.7333 0.4650
vt 0.7467 0.4640
vt 0.6985 0.4407
vt 0.6986 0.4256
vt 0.6980 0.4099
vt 0.6957 0.3945
vt 0.7348 0.9586
vt 0.7348 0.9913
vt 0.2652 0.4836
vt 0.2643 0.4994
vt 0.2467 0.4992
vt 0.2467 0.4849
vt 0.4084 0.5234
vt 0.3821 0.5411
vt 0.3737 0.5306
vt 0.3963 0.5137
vt 0.2822 0.4999
vt 0.2862 0.4851
vt 0.3051 0.4874
vt 0.3004 0.5012
vt 0.3630 0.5210
vt 0.3808 0.5052
vt 0.3500 0.5133
vt 0.3645 0.4977
vt 0.3351 0.5075
vt 0.3452 0.4933
vt 0.3184 0.5036
vt 0.3249 0.4904
vt 0.4159 0.5345
vt 0.3881 0.5519
vt 0.3738 0.4830
vt 0.3509 0.4778
vt 0.3300 0.4760
vt 0.3093 0.4721
vt 0.4392 0.5221
vt 0.4283 0.5105
vt 0.2661 0.4685
vt 0.2467 0.4691
vt 0.4128 0.5004
vt 0.2884 0.4698
vt 0.3946 0.4913
vt 0.3544 0.4601
vt 0.3534 0.4419
vt 0.3778 0.4432
vt 0.3850 0.4639
vt 0.3393 0.3755
vt 0.3368 0.3593
vt 0.3576 0.3539
vt 0.3602 0.3693
vt 0.3494 0.4266
vt 0.3724 0.4274
vt 0.3441 0.4017
vt 0.3414 0.3894
vt 0.3631 0.3851
vt 0.3661 0.3987
vt 0.3325 0.4591
vt 0.3314 0.4404
vt 0.3209 0.3753
vt 0.3186 0.3603
vt 0.3280 0.4255
vt 0.3245 0.4010
vt 0.3222 0.3887
vt 0.3117 0.4563
vt 0.3116 0.4388
vt 0.3030 0.3738
vt 0.3015 0.3591
vt 0.3087 0.4242
vt 0.3057 0.3993
vt 0.3045 0.3872
vt 0.2888 0.4539
vt 0.2881 0.4381
vt 0.2856 0.3715
vt 0.2856 0.3561
vt 0.2874 0.4239
vt 0.2874 0.3982
vt 0.2870 0.3851
vt 0.2668 0.4545
vt 0.2669 0.4380
vt 0.2686 0.3708
vt 0.2680 0.3551
vt 0.2673 0.4233
vt 0.2682 0.3980
vt 0.2684 0.3854
vt 0.2467 0.4550
vt 0.2467 0.4393
vt 0.2467 0.3712
vt 0.2467 0.3545
vt 0.2467 0.4243
vt 0.2467 0.3983
vt 0.2467 0.3857
vt 0.5829 0.5451
vt 0.5578 0.5361
vt 0.6158 0.5503
vt 0.4594 0.5076
vt 0.4455 0.4969
vt 0.4297 0.4877
vt 0.4099 0.4765
vt 0.1432 0.8708
vt 0.1264 0.8698
vt 0.1260 0.8493
vt 0.1419 0.8513
vt 0.4772 0.4926
vt 0.4604 0.4820
vt 0.3844 0.3739
vt 0.3791 0.3601
vt 0.3955 0.3455
vt 0.3995 0.3603
vt 0.4444 0.4734
vt 0.3741 0.3443
vt 0.3912 0.3326
vt 0.4257 0.4630
vt 0.1440 0.8881
vt 0.1279 0.8888
vt 0.0691 0.8848
vt 0.0468 0.8560
vt 0.0552 0.8419
vt 0.0730 0.8659
vt 0.0942 0.8912
vt 0.0939 0.8749
vt 0.4932 0.4791
vt 0.4755 0.4684
vt 0.4162 0.3307
vt 0.4218 0.3405
vt 0.4589 0.4589
vt 0.4107 0.3198
vt 0.4421 0.4496
vt 0.4084 0.4512
vt 0.4247 0.4416
vt 0.3962 0.4387
vt 0.4130 0.4308
vt 0.0748 0.8464
vt 0.0924 0.8584
vt 0.0588 0.8336
vt 0.2338 0.8520
vt 0.2357 0.8739
vt 0.2157 0.8835
vt 0.2134 0.8612
vt 0.1973 0.8923
vt 0.1956 0.8706
vt 0.1784 0.9003
vt 0.1771 0.8809
vt 0.1600 0.9092
vt 0.1604 0.8865
vt 0.1432 0.9115
vt 0.1440 0.8881
vt 0.1578 0.8512
vt 0.1593 0.8691
vt 0.0799 0.8369
vt 0.0955 0.8433
vt 0.0644 0.8277
vt 0.2329 0.8232
vt 0.2332 0.8369
vt 0.2124 0.8443
vt 0.2123 0.8306
vt 0.0372 0.8245
vt 0.0242 0.8128
vt 0.0284 0.8082
vt 0.0426 0.8193
vt 0.1939 0.8541
vt 0.1924 0.8389
vt 0.0426 0.8193
vt 0.0469 0.8152
vt 0.1756 0.8640
vt 0.1751 0.8473
vt 0.1569 0.8330
vt 0.1412 0.8332
vt 0.0890 0.8125
vt 0.1003 0.8190
vt 0.0782 0.8043
vt 0.2319 0.8081
vt 0.2117 0.8150
vt 0.1920 0.8238
vt 0.1741 0.8301
vt 0.1744 0.8083
vt 0.1584 0.8094
vt 0.1440 0.8089
vt 0.0959 0.7913
vt 0.1071 0.7975
vt 0.0855 0.7848
vt 0.2309 0.7902
vt 0.2110 0.7962
vt 0.0739 0.7774
vt 0.1918 0.8033
vt 0.0605 0.7689
vt 0.4542 0.3266
vt 0.4395 0.3318
vt 0.4328 0.3212
vt 0.4481 0.3151
vt 0.0309 0.8404
vt 0.0177 0.8293
vt 0.1262 0.9085
vt 0.3825 0.8823
vt 0.3930 0.8849
vt 0.3608 0.8779
vt 0.3721 0.8805
vt 0.2768 0.8679
vt 0.2996 0.8689
vt 0.2562 0.8693
vt 0.3202 0.8691
vt 0.3494 0.8733
vt 0.5339 0.5281
vt 0.5120 0.5183
vt 0.4936 0.5069
vt 0.1269 0.8296
vt 0.1308 0.8071
vt 0.3882 0.3923
vt 0.4015 0.3834
vt 0.4301 0.3096
vt 0.4460 0.3039
vt 0.3906 0.4240
vt 0.4054 0.4169
vt 0.0905 0.7670
vt 0.1014 0.7711
vt 0.2299 0.7677
vt 0.2106 0.7719
vt 0.2694 0.7639
vt 0.2910 0.7651
vt 0.0793 0.7608
vt 0.1351 0.7790
vt 0.1481 0.7799
vt 0.1916 0.7759
vt 0.3089 0.7642
vt 0.1760 0.7779
vt 0.2487 0.7648
vt 0.1610 0.7794
vt 0.3454 0.7595
vt 0.3657 0.7549
vt 0.1128 0.7740
vt 0.3848 0.7465
vt 0.0656 0.7525
vt 0.0977 0.7439
vt 0.1078 0.7475
vt 0.2293 0.7431
vt 0.2100 0.7444
vt 0.2881 0.7404
vt 0.3050 0.7386
vt 0.0870 0.7390
vt 0.1919 0.7461
vt 0.0726 0.7310
vt 0.1767 0.7475
vt 0.2479 0.7411
vt 0.1640 0.7485
vt 0.3371 0.7384
vt 0.3553 0.7338
vt 0.1390 0.7508
vt 0.1518 0.7496
vt 0.3742 0.7273
vt 0.1173 0.7496
vt 0.2688 0.7402
vt 0.6549 0.3361
vt 0.6535 0.3354
vt 0.6538 0.3323
vt 0.6565 0.3336
vt 0.6499 0.3422
vt 0.6504 0.3434
vt 0.6491 0.3460
vt 0.6471 0.3441
vt 0.6525 0.3360
vt 0.6510 0.3325
vt 0.6517 0.3439
vt 0.6518 0.3466
vt 0.6515 0.3368
vt 0.6485 0.3339
vt 0.6527 0.3433
vt 0.6544 0.3463
vt 0.6507 0.3381
vt 0.6469 0.3361
vt 0.6549 0.3400
vt 0.6551 0.3386
vt 0.6591 0.3388
vt 0.6590 0.3415
vt 0.6536 0.3424
vt 0.6564 0.3452
vt 0.6501 0.3394
vt 0.6460 0.3388
vt 0.6553 0.3373
vt 0.6583 0.3359
vt 0.6543 0.3413
vt 0.6579 0.3437
vt 0.6498 0.3408
vt 0.6461 0.3416
vt 0.6548 0.3289
vt 0.6589 0.3309
vt 0.6476 0.3491
vt 0.6443 0.3465
vt 0.6502 0.3288
vt 0.6517 0.3500
vt 0.6459 0.3305
vt 0.6557 0.3496
vt 0.6432 0.3338
vt 0.6636 0.3386
vt 0.6637 0.3427
vt 0.6594 0.3481
vt 0.6421 0.3380
vt 0.6620 0.3344
vt 0.6620 0.3460
vt 0.6425 0.3425
vt 0.6517 0.3537
vt 0.6459 0.3524
vt 0.6430 0.3278
vt 0.6489 0.3250
vt 0.6579 0.3530
vt 0.6389 0.3323
vt 0.6701 0.3379
vt 0.6701 0.3438
vt 0.6636 0.3511
vt 0.6374 0.3382
vt 0.6675 0.3320
vt 0.6679 0.3480
vt 0.6382 0.3442
vt 0.6627 0.3273
vt 0.6412 0.3490
vt 0.6559 0.3248
vt 0.6372 0.3528
vt 0.6438 0.3569
vt 0.6416 0.3623
vt 0.6323 0.3573
vt 0.6576 0.3196
vt 0.6473 0.3200
vt 0.6449 0.3130
vt 0.6598 0.3130
vt 0.6520 0.3584
vt 0.6525 0.3643
vt 0.6387 0.3241
vt 0.6324 0.3183
vt 0.6610 0.3577
vt 0.6646 0.3639
vt 0.6331 0.3305
vt 0.6242 0.3275
vt 0.6791 0.3456
vt 0.6789 0.3378
vt 0.6895 0.3377
vt 0.6901 0.3480
vt 0.6695 0.3553
vt 0.6762 0.3613
vt 0.6310 0.3385
vt 0.6218 0.3385
vt 0.6750 0.3296
vt 0.6841 0.3269
vt 0.6759 0.3515
vt 0.6854 0.3566
vt 0.6326 0.3465
vt 0.6252 0.3492
vt 0.6675 0.3233
vt 0.6736 0.3183
vt 0.6527 0.3712
vt 0.6393 0.3684
vt 0.6255 0.3105
vt 0.6430 0.3047
vt 0.6682 0.3714
vt 0.6144 0.3234
vt 0.7032 0.3387
vt 0.7033 0.3515
vt 0.6836 0.3694
vt 0.6117 0.3376
vt 0.6959 0.3236
vt 0.6971 0.3634
vt 0.6167 0.3512
vt 0.6804 0.3119
vt 0.6271 0.3625
vt 0.6625 0.3053
vt 0.6370 0.3758
vt 0.6222 0.3681
vt 0.6427 0.2946
vt 0.6648 0.2967
vt 0.6530 0.3801
vt 0.6179 0.2972
vt 0.6719 0.3814
vt 0.6028 0.3169
vt 0.7203 0.3404
vt 0.7197 0.3575
vt 0.6911 0.3797
vt 0.5986 0.3346
vt 0.7124 0.3192
vt 0.7128 0.3749
vt 0.6040 0.3544
vt 0.6893 0.3044
vt 0.7345 0.3764
vt 0.7349 0.3597
vt 0.7348 0.3447
vt 0.7335 0.3271
vt 0.7467 0.3774
vt 0.7467 0.3618
vt 0.7467 0.3464
vt 0.7467 0.3286
vt 0.5588 0.3337
vt 0.5798 0.3440
vt 0.8276 0.9586
vt 0.8276 0.9913
vt 0.8060 0.9913
vt 0.8060 0.9586
vt 0.6331 0.4961
vt 0.6542 0.5037
vt 0.6102 0.4827
vt 0.5905 0.4676
vt 0.5725 0.4505
vt 0.5725 0.4505
vt 0.5566 0.4346
vt 0.3384 0.8479
vt 0.3359 0.8709
vt 0.3384 0.8479
vt 0.3384 0.8293
vt 0.3364 0.8108
vt 0.3342 0.7958
vt 0.3364 0.8108
vt 0.3342 0.7958
vt 0.3311 0.7810
vt 0.3257 0.7628
vt 0.3198 0.7388
vt 0.8483 0.9586
vt 0.8483 0.9913
vt 0.3464 0.4138
vt 0.3684 0.4124
vt 0.3260 0.4128
vt 0.3067 0.4119
vt 0.2874 0.4112
vt 0.2677 0.4105
vt 0.2467 0.4107
vt 0.1113 0.9009
vt 0.1101 0.8835
vt 0.1070 0.8633
vt 0.1079 0.8461
vt 0.1134 0.8246
vt 0.1182 0.8032
vt 0.3881 0.4088
vt 0.4024 0.4016
vt 0.1238 0.7769
vt 0.1274 0.7507
vt 0.2844 0.3393
vt 0.2998 0.3425
vt 0.3698 0.3269
vt 0.3870 0.3171
vt 0.3156 0.3434
vt 0.5397 0.3278
vt 0.4058 0.3069
vt 0.4267 0.2984
vt 0.5199 0.3238
vt 0.3332 0.3420
vt 0.4449 0.2918
vt 0.2467 0.3355
vt 0.2677 0.3364
vt 0.3535 0.3361
vt 0.2664 0.3146
vt 0.2826 0.3186
vt 0.5235 0.3069
vt 0.5456 0.3109
vt 0.2467 0.3134
vt 0.3289 0.3211
vt 0.3475 0.3158
vt 0.3661 0.3074
vt 0.3842 0.2972
vt 0.3126 0.3228
vt 0.4025 0.2884
vt 0.2981 0.3212
vt 0.4229 0.2814
vt 0.5643 0.3185
vt 0.4420 0.2757
vt 0.4200 0.2612
vt 0.4404 0.2581
vt 0.2647 0.2917
vt 0.2800 0.2947
vt 0.5285 0.2891
vt 0.5521 0.2935
vt 0.2467 0.2913
vt 0.3236 0.2955
vt 0.3400 0.2908
vt 0.3612 0.2833
vt 0.3798 0.2755
vt 0.3081 0.2971
vt 0.3990 0.2671
vt 0.2935 0.2964
vt 0.5712 0.3008
vt 0.4147 0.2401
vt 0.4363 0.2372
vt 0.2633 0.2672
vt 0.2769 0.2679
vt 0.5315 0.2671
vt 0.5552 0.2722
vt 0.2467 0.2661
vt 0.3185 0.2689
vt 0.3366 0.2641
vt 0.3562 0.2569
vt 0.3748 0.2518
vt 0.3052 0.2700
vt 0.3944 0.2446
vt 0.2911 0.2696
vt 0.5757 0.2790
vt 0.4088 0.2190
vt 0.4302 0.2176
vt 0.2632 0.2396
vt 0.2762 0.2406
vt 0.5312 0.2456
vt 0.5580 0.2515
vt 0.2467 0.2383
vt 0.3181 0.2411
vt 0.3340 0.2382
vt 0.3524 0.2336
vt 0.3710 0.2281
vt 0.3024 0.2422
vt 0.3896 0.2226
vt 0.2893 0.2412
vt 0.5812 0.2573
vt 0.4062 0.1993
vt 0.4274 0.1983
vt 0.2635 0.2136
vt 0.2761 0.2144
vt 0.5326 0.2252
vt 0.5586 0.2301
vt 0.2467 0.2138
vt 0.3172 0.2161
vt 0.3336 0.2140
vt 0.3513 0.2105
vt 0.3692 0.2062
vt 0.3016 0.2159
vt 0.3874 0.2022
vt 0.2887 0.2153
vt 0.5833 0.2351
vt 0.5575 0.2105
vt 0.5809 0.2137
vt 0.4057 0.1816
vt 0.4266 0.1815
vt 0.2630 0.1917
vt 0.2764 0.1917
vt 0.5346 0.2077
vt 0.2467 0.1912
vt 0.3182 0.1936
vt 0.3349 0.1924
vt 0.3522 0.1897
vt 0.3695 0.1862
vt 0.3021 0.1941
vt 0.3872 0.1833
vt 0.2891 0.1938
vt 0.2770 0.1729
vt 0.2908 0.1746
vt 0.5570 0.1933
vt 0.5786 0.1952
vt 0.4059 0.1658
vt 0.4259 0.1665
vt 0.2632 0.1723
vt 0.5350 0.1920
vt 0.2467 0.1718
vt 0.3208 0.1737
vt 0.3364 0.1727
vt 0.3535 0.1704
vt 0.3707 0.1681
vt 0.3050 0.1747
vt 0.3879 0.1663
vt 0.3884 0.1512
vt 0.3888 0.1364
vt 0.4072 0.1385
vt 0.4063 0.1519
vt 0.2780 0.1560
vt 0.2930 0.1575
vt 0.5561 0.1791
vt 0.5553 0.1654
vt 0.5751 0.1660
vt 0.5762 0.1801
vt 0.4263 0.1411
vt 0.4257 0.1536
vt 0.2639 0.1554
vt 0.5343 0.1785
vt 0.5331 0.1653
vt 0.2467 0.1546
vt 0.3226 0.1555
vt 0.3376 0.1541
vt 0.3078 0.1572
vt 0.3900 0.1206
vt 0.4087 0.1243
vt 0.2794 0.1406
vt 0.2816 0.1253
vt 0.2976 0.1247
vt 0.2956 0.1413
vt 0.5552 0.1513
vt 0.5748 0.1516
vt 0.4269 0.1278
vt 0.2649 0.1404
vt 0.2658 0.1255
vt 0.5308 0.1513
vt 0.2467 0.1404
vt 0.2467 0.1255
vt 0.3247 0.1379
vt 0.3259 0.1205
vt 0.3400 0.1191
vt 0.3394 0.1366
vt 0.3108 0.1397
vt 0.3123 0.1225
vt 0.5814 0.3277
vt 0.5870 0.3105
vt 0.6024 0.2194
vt 0.5977 0.1993
vt 0.6199 0.2044
vt 0.6240 0.2257
vt 0.6024 0.2194
vt 0.6050 0.2419
vt 0.6255 0.2491
vt 0.6026 0.2661
vt 0.7131 0.1954
vt 0.7126 0.1721
vt 0.7316 0.1729
vt 0.7313 0.1973
vt 0.6221 0.2739
vt 0.7467 0.1739
vt 0.7467 0.1979
vt 0.6446 0.2780
vt 0.6671 0.2823
vt 0.6932 0.1933
vt 0.6921 0.1705
vt 0.5973 0.2891
vt 0.7147 0.2473
vt 0.7138 0.2208
vt 0.7311 0.2233
vt 0.7314 0.2509
vt 0.6471 0.2552
vt 0.6690 0.2611
vt 0.6179 0.2972
vt 0.7467 0.2240
vt 0.7467 0.2519
vt 0.6912 0.2421
vt 0.6921 0.2170
vt 0.7154 0.2752
vt 0.7320 0.2800
vt 0.7467 0.2804
vt 0.6905 0.2675
vt 0.6483 0.2310
vt 0.6704 0.2368
vt 0.6888 0.2886
vt 0.7144 0.2989
vt 0.7322 0.3056
vt 0.7467 0.3072
vt 0.6455 0.2085
vt 0.6709 0.2123
vt 0.6434 0.1885
vt 0.6433 0.1695
vt 0.6698 0.1697
vt 0.6713 0.1909
vt 0.6160 0.1860
vt 0.6162 0.1686
vt 0.5937 0.1823
vt 0.5928 0.1667
vt 0.6932 0.1933
vt 0.6713 0.1909
vt 0.3715 0.1515
vt 0.3884 0.1512
vt 0.3545 0.1526
vt 0.7321 0.1494
vt 0.7467 0.1534
vt 0.6698 0.1697
vt 0.6676 0.1490
vt 0.6902 0.1486
vt 0.6921 0.1705
vt 0.6428 0.1502
vt 0.5933 0.1510
vt 0.6162 0.1510
vt 0.7115 0.1498
vt 0.6409 0.1302
vt 0.6654 0.1277
vt 0.6167 0.1322
vt 0.3911 0.1038
vt 0.4114 0.1086
vt 0.5954 0.1344
vt 0.4296 0.1135
vt 0.6887 0.1265
vt 0.5756 0.1355
vt 0.5542 0.1354
vt 0.5297 0.1357
vt 0.7098 0.1269
vt 0.7274 0.1282
vt 0.3718 0.1355
vt 0.3554 0.1358
vt 0.5744 0.1159
vt 0.5958 0.1133
vt 0.6168 0.1092
vt 0.6412 0.1062
vt 0.5294 0.1173
vt 0.5523 0.1172
vt 0.6880 0.0988
vt 0.7094 0.0990
vt 0.7296 0.1017
vt 0.6649 0.1022
vt 0.3912 0.0842
vt 0.4145 0.0906
vt 0.4345 0.0970
vt 0.3710 0.1004
vt 0.3693 0.0804
vt 0.3717 0.1187
vt 0.3551 0.1184
vt 0.2655 0.1087
vt 0.2822 0.1078
vt 0.3259 0.1022
vt 0.3395 0.1007
vt 0.2984 0.1065
vt 0.3131 0.1041
vt 0.2467 0.1093
vt 0.3117 0.0851
vt 0.3242 0.0833
vt 0.2645 0.0884
vt 0.2817 0.0886
vt 0.3372 0.0814
vt 0.2975 0.0871
vt 0.2467 0.0906
vt 0.3538 0.0997
vt 0.3512 0.0800
vt 0.2467 0.0366
vt 0.2467 0.0025
vt 0.2564 0.0037
vt 0.2589 0.0367
vt 0.3172 0.0318
vt 0.3132 0.0007
vt 0.3293 0.0002
vt 0.3322 0.0298
vt 0.3031 0.0339
vt 0.2986 0.0021
vt 0.2891 0.0352
vt 0.2847 0.0027
vt 0.2750 0.0364
vt 0.2710 0.0030
vt 0.3502 0.0571
vt 0.3491 0.0300
vt 0.3693 0.0329
vt 0.3693 0.0578
vt 0.3476 0.0018
vt 0.3710 0.0085
vt 0.4188 0.0701
vt 0.4225 0.0487
vt 0.4468 0.0559
vt 0.4400 0.0784
vt 0.5730 0.0929
vt 0.5697 0.0652
vt 0.5928 0.0609
vt 0.5954 0.0895
vt 0.5274 0.0964
vt 0.5236 0.0711
vt 0.5475 0.0682
vt 0.5513 0.0953
vt 0.3926 0.0622
vt 0.3949 0.0399
vt 0.3984 0.0146
vt 0.4275 0.0240
vt 0.4531 0.0312
vt 0.5656 0.0356
vt 0.5892 0.0317
vt 0.5201 0.0439
vt 0.5434 0.0398
vt 0.7058 0.0319
vt 0.7036 0.0038
vt 0.7241 0.0010
vt 0.7272 0.0289
vt 0.6419 0.0787
vt 0.6433 0.0521
vt 0.6644 0.0454
vt 0.6651 0.0734
vt 0.6857 0.0372
vt 0.6871 0.0675
vt 0.7058 0.0319
vt 0.7075 0.0645
vt 0.6176 0.0833
vt 0.6185 0.0565
vt 0.6151 0.0287
vt 0.6416 0.0243
vt 0.6649 0.0164
vt 0.6836 0.0084
vt 0.7467 0.0002
vt 0.7467 0.0269
vt 0.7291 0.0632
vt 0.7467 0.0602
vt 0.2467 0.0656
vt 0.2622 0.0645
vt 0.3203 0.0604
vt 0.3343 0.0582
vt 0.3075 0.0624
vt 0.2937 0.0636
vt 0.2789 0.0651
vt 0.8675 0.5295
vt 0.8601 0.5207
vt 0.8865 0.5135
vt 0.8971 0.5220
vt 0.9142 0.5013
vt 0.9241 0.5105
vt 0.9330 0.4867
vt 0.9448 0.4990
vt 0.9484 0.4723
vt 0.9621 0.4862
vt 0.9634 0.4577
vt 0.9791 0.4731
vt 0.2729 0.6110
vt 0.2960 0.6095
vt 0.2956 0.6265
vt 0.2727 0.6273
vt 0.2945 0.6407
vt 0.2719 0.6412
vt 0.2932 0.6555
vt 0.2703 0.6552
vt 0.2914 0.6713
vt 0.2692 0.6712
vt 0.8509 0.5122
vt 0.8734 0.5050
vt 0.8972 0.4913
vt 0.9157 0.4754
vt 0.9335 0.4598
vt 0.9487 0.4440
vt 0.3180 0.6090
vt 0.3175 0.6260
vt 0.3160 0.6420
vt 0.3136 0.6567
vt 0.3116 0.6719
vt 0.8453 0.4861
vt 0.8265 0.4740
vt 0.8569 0.4637
vt 0.8697 0.4740
vt 0.8820 0.4493
vt 0.8916 0.4599
vt 0.9024 0.4335
vt 0.9104 0.4434
vt 0.9179 0.4184
vt 0.9270 0.4258
vt 0.3512 0.6027
vt 0.3639 0.5943
vt 0.3732 0.6149
vt 0.3547 0.6247
vt 0.3840 0.6381
vt 0.3553 0.6447
vt 0.3779 0.6674
vt 0.3531 0.6624
vt 0.3730 0.6828
vt 0.3500 0.6774
vt 0.7969 0.4663
vt 0.7759 0.4605
vt 0.7770 0.4516
vt 0.7975 0.4547
vt 0.8227 0.4561
vt 0.8499 0.4484
vt 0.8741 0.4360
vt 0.8954 0.4226
vt 0.9115 0.4095
vt 0.3765 0.5904
vt 0.3849 0.6078
vt 0.3987 0.6290
vt 0.4135 0.6480
vt 0.4065 0.6544
vt 0.3996 0.6747
vt 0.3931 0.6930
vt 0.7603 0.4497
vt 0.7599 0.4578
vt 0.8182 0.4398
vt 0.8452 0.4324
vt 0.8676 0.4228
vt 0.8883 0.4118
vt 0.9073 0.4003
vt 0.3854 0.5886
vt 0.3945 0.6079
vt 0.4081 0.6282
vt 0.0483 0.6771
vt 0.0325 0.6623
vt 0.0448 0.6470
vt 0.0631 0.6661
vt 0.8177 0.4236
vt 0.8421 0.4179
vt 0.8634 0.4100
vt 0.8831 0.4015
vt 0.9037 0.3909
vt 0.3958 0.5860
vt 0.4065 0.6075
vt 0.4231 0.6253
vt 0.4358 0.6411
vt 0.4183 0.6442
vt 0.8178 0.4089
vt 0.8405 0.4045
vt 0.8602 0.3972
vt 0.8785 0.3895
vt 0.8985 0.3800
vt 0.9196 0.3839
vt 0.9186 0.3703
vt 0.9401 0.3613
vt 0.9401 0.3762
vt 0.9612 0.3530
vt 0.9601 0.3664
vt 0.9798 0.3477
vt 0.9785 0.3614
vt 0.7583 0.4089
vt 0.7586 0.4251
vt 0.8189 0.3944
vt 0.8396 0.3913
vt 0.8579 0.3855
vt 0.8745 0.3779
vt 0.8945 0.3680
vt 0.9156 0.3582
vt 0.9373 0.3475
vt 0.9578 0.3397
vt 0.9774 0.3360
vt 0.7581 0.3930
vt 0.7599 0.4389
vt 0.8733 0.5393
vt 0.9053 0.5312
vt 0.9312 0.5219
vt 0.9550 0.5115
vt 0.9737 0.5009
vt 0.9910 0.4888
vt 0.2521 0.6105
vt 0.2518 0.6257
vt 0.2513 0.6393
vt 0.2501 0.6537
vt 0.2486 0.6704
vt 0.7762 0.4398
vt 0.7765 0.3931
vt 0.7755 0.4097
vt 0.8086 0.4845
vt 0.7913 0.4750
vt 0.7753 0.4255
vt 0.7749 0.4683
vt 0.8250 0.4946
vt 0.4840 0.9586
vt 0.5081 0.9586
vt 0.5081 0.9913
vt 0.4840 0.9913
vt 0.3416 0.9586
vt 0.3157 0.9586
vt 0.3157 0.9257
vt 0.3416 0.9257
vt 0.2919 0.9586
vt 0.2919 0.9257
vt 0.2688 0.9586
vt 0.2688 0.9257
vt 0.4377 0.9586
vt 0.4135 0.9586
vt 0.4135 0.9257
vt 0.4377 0.9257
vt 0.2456 0.9586
vt 0.2688 0.9586
vt 0.2688 0.9913
vt 0.2456 0.9913
vt 0.3896 0.9586
vt 0.3896 0.9257
vt 0.2456 0.9586
vt 0.2221 0.9586
vt 0.2221 0.9257
vt 0.2456 0.9257
vt 0.3654 0.9586
vt 0.3654 0.9257
vt 0.5319 0.9586
vt 0.5081 0.9586
vt 0.5081 0.9257
vt 0.5319 0.9257
vt 0.4840 0.9586
vt 0.4612 0.9586
vt 0.4612 0.9257
vt 0.4840 0.9257
vt 0.5985 0.9586
vt 0.5742 0.9586
vt 0.5742 0.9257
vt 0.5985 0.9257
vt 0.6453 0.9586
vt 0.6236 0.9586
vt 0.6236 0.9257
vt 0.6453 0.9257
vt 0.4377 0.9586
vt 0.4612 0.9586
vt 0.4612 0.9913
vt 0.4377 0.9913
vt 0.7601 0.4650
vt 0.7948 0.4256
vt 0.7949 0.4407
vt 0.7954 0.4099
vt 0.7977 0.3945
vt 0.6453 0.9586
vt 0.6701 0.9586
vt 0.6701 0.9913
vt 0.6453 0.9913
vt 0.2282 0.4836
vt 0.2291 0.4994
vt 0.0850 0.5234
vt 0.0971 0.5137
vt 0.1197 0.5306
vt 0.1114 0.5411
vt 0.2112 0.4999
vt 0.1930 0.5012
vt 0.1883 0.4874
vt 0.2073 0.4851
vt 0.1126 0.5052
vt 0.1304 0.5210
vt 0.1289 0.4977
vt 0.1434 0.5133
vt 0.1482 0.4933
vt 0.1583 0.5075
vt 0.1685 0.4904
vt 0.1750 0.5036
vt 0.0775 0.5345
vt 0.1053 0.5519
vt 0.1196 0.4830
vt 0.1425 0.4778
vt 0.1634 0.4760
vt 0.1841 0.4721
vt 0.0542 0.5221
vt 0.0651 0.5105
vt 0.2273 0.4685
vt 0.0806 0.5004
vt 0.2050 0.4698
vt 0.0989 0.4913
vt 0.1391 0.4601
vt 0.1085 0.4639
vt 0.1156 0.4432
vt 0.1400 0.4419
vt 0.1541 0.3755
vt 0.1332 0.3693
vt 0.1358 0.3539
vt 0.1566 0.3593
vt 0.1210 0.4274
vt 0.1440 0.4266
vt 0.1494 0.4017
vt 0.1274 0.3987
vt 0.1303 0.3851
vt 0.1520 0.3894
vt 0.1609 0.4591
vt 0.1620 0.4404
vt 0.1726 0.3753
vt 0.1748 0.3603
vt 0.1654 0.4255
vt 0.1689 0.4010
vt 0.1712 0.3887
vt 0.1817 0.4563
vt 0.1818 0.4388
vt 0.1904 0.3738
vt 0.1919 0.3591
vt 0.1847 0.4242
vt 0.1878 0.3993
vt 0.1889 0.3872
vt 0.2046 0.4539
vt 0.2053 0.4381
vt 0.2078 0.3715
vt 0.2079 0.3561
vt 0.2060 0.4239
vt 0.2060 0.3982
vt 0.2064 0.3851
vt 0.2266 0.4545
vt 0.2265 0.4380
vt 0.2248 0.3708
vt 0.2254 0.3551
vt 0.2261 0.4233
vt 0.2252 0.3980
vt 0.2250 0.3854
vt 0.9356 0.5361
vt 0.9105 0.5451
vt 0.8777 0.5503
vt 0.0340 0.5076
vt 0.0480 0.4969
vt 0.0637 0.4877
vt 0.0835 0.4765
vt 0.1397 0.5891
vt 0.1389 0.6086
vt 0.1230 0.6110
vt 0.1230 0.5905
vt 0.0162 0.4926
vt 0.0330 0.4820
vt 0.1090 0.3739
vt 0.0939 0.3603
vt 0.0979 0.3455
vt 0.1143 0.3601
vt 0.0490 0.4734
vt 0.1022 0.3326
vt 0.1194 0.3443
vt 0.0677 0.4630
vt 0.1401 0.5717
vt 0.1240 0.5715
vt 0.0653 0.5769
vt 0.0697 0.5957
vt 0.0525 0.6201
vt 0.0437 0.6062
vt 0.0902 0.5699
vt 0.0904 0.5862
vt 0.0002 0.4791
vt 0.0179 0.4684
vt 0.0716 0.3405
vt 0.0772 0.3307
vt 0.0345 0.4589
vt 0.0827 0.3198
vt 0.0513 0.4496
vt 0.0687 0.4416
vt 0.0850 0.4512
vt 0.0804 0.4308
vt 0.0972 0.4387
vt 0.0892 0.6027
vt 0.0720 0.6152
vt 0.0562 0.6283
vt 0.2307 0.6057
vt 0.2102 0.5969
vt 0.2119 0.5746
vt 0.2322 0.5837
vt 0.1921 0.5880
vt 0.1932 0.5663
vt 0.1733 0.5782
vt 0.1742 0.5587
vt 0.1565 0.5730
vt 0.1556 0.5503
vt 0.1401 0.5717
vt 0.1387 0.5484
vt 0.1548 0.6083
vt 0.1559 0.5904
vt 0.0928 0.6177
vt 0.0773 0.6245
vt 0.0620 0.6342
vt 0.2306 0.6344
vt 0.2098 0.6276
vt 0.2096 0.6139
vt 0.2306 0.6207
vt 0.0349 0.6380
vt 0.0404 0.6431
vt 0.0265 0.6545
vt 0.0222 0.6500
vt 0.1897 0.6198
vt 0.1908 0.6045
vt 0.0448 0.6470
vt 0.0404 0.6431
vt 0.1722 0.6118
vt 0.1723 0.5951
vt 0.1544 0.6265
vt 0.1387 0.6268
vt 0.0981 0.6420
vt 0.0870 0.6487
vt 0.0764 0.6572
vt 0.2299 0.6496
vt 0.2096 0.6431
vt 0.1897 0.6349
vt 0.1716 0.6290
vt 0.1725 0.6508
vt 0.1564 0.6501
vt 0.1420 0.6510
vt 0.1055 0.6632
vt 0.0944 0.6697
vt 0.0842 0.6765
vt 0.2294 0.6675
vt 0.2094 0.6620
vt 0.0728 0.6842
vt 0.1900 0.6554
vt 0.0596 0.6930
vt 0.0392 0.3266
vt 0.0453 0.3151
vt 0.0607 0.3212
vt 0.0539 0.3318
vt 0.0153 0.6337
vt 0.0283 0.6223
vt 0.1218 0.5518
vt 0.3787 0.5717
vt 0.3891 0.5688
vt 0.3571 0.5767
vt 0.3683 0.5737
vt 0.2734 0.5887
vt 0.2961 0.5871
vt 0.2527 0.5878
vt 0.3168 0.5864
vt 0.3458 0.5815
vt 0.9596 0.5281
vt 0.9815 0.5183
vt 0.9998 0.5069
vt 0.1245 0.6307
vt 0.1289 0.6531
vt 0.1052 0.3923
vt 0.0920 0.3834
vt 0.0633 0.3096
vt 0.0474 0.3039
vt 0.1028 0.4240
vt 0.0881 0.4169
vt 0.1004 0.6898
vt 0.0896 0.6941
vt 0.2290 0.6900
vt 0.2096 0.6863
vt 0.2901 0.6911
vt 0.2685 0.6929
vt 0.0786 0.7006
vt 0.1339 0.6810
vt 0.1468 0.6799
vt 0.1905 0.6828
vt 0.3080 0.6916
vt 0.1748 0.6812
vt 0.2478 0.6925
vt 0.1598 0.6801
vt 0.3650 0.6995
vt 0.3446 0.6954
vt 0.1117 0.6866
vt 0.3844 0.7074
vt 0.0651 0.7092
vt 0.1074 0.7133
vt 0.0974 0.7171
vt 0.2289 0.7147
vt 0.2096 0.7139
vt 0.3048 0.7173
vt 0.2878 0.7159
vt 0.0868 0.7223
vt 0.1915 0.7125
vt 0.0726 0.7306
vt 0.1763 0.7115
vt 0.2476 0.7161
vt 0.1635 0.7108
vt 0.3551 0.7208
vt 0.3368 0.7167
vt 0.1385 0.7092
vt 0.1513 0.7100
vt 0.3742 0.7269
vt 0.1168 0.7109
vt 0.2685 0.7165
vt 0.8385 0.3361
vt 0.8369 0.3336
vt 0.8396 0.3323
vt 0.8399 0.3354
vt 0.8435 0.3422
vt 0.8463 0.3441
vt 0.8443 0.3460
vt 0.8431 0.3434
vt 0.8424 0.3325
vt 0.8409 0.3360
vt 0.8417 0.3439
vt 0.8416 0.3466
vt 0.8449 0.3339
vt 0.8419 0.3368
vt 0.8391 0.3463
vt 0.8407 0.3433
vt 0.8465 0.3361
vt 0.8427 0.3381
vt 0.8385 0.3400
vt 0.8345 0.3415
vt 0.8344 0.3388
vt 0.8383 0.3386
vt 0.8371 0.3452
vt 0.8398 0.3424
vt 0.8475 0.3388
vt 0.8434 0.3394
vt 0.8351 0.3359
vt 0.8381 0.3373
vt 0.8392 0.3413
vt 0.8355 0.3437
vt 0.8474 0.3416
vt 0.8437 0.3408
vt 0.8345 0.3309
vt 0.8386 0.3289
vt 0.8491 0.3465
vt 0.8458 0.3491
vt 0.8433 0.3288
vt 0.8417 0.3500
vt 0.8475 0.3305
vt 0.8378 0.3496
vt 0.8502 0.3338
vt 0.8297 0.3427
vt 0.8298 0.3386
vt 0.8340 0.3481
vt 0.8513 0.3380
vt 0.8314 0.3344
vt 0.8314 0.3460
vt 0.8509 0.3425
vt 0.8475 0.3524
vt 0.8417 0.3537
vt 0.8445 0.3250
vt 0.8504 0.3278
vt 0.8355 0.3530
vt 0.8545 0.3323
vt 0.8233 0.3438
vt 0.8233 0.3379
vt 0.8298 0.3511
vt 0.8561 0.3382
vt 0.8259 0.3320
vt 0.8255 0.3480
vt 0.8552 0.3442
vt 0.8307 0.3273
vt 0.8522 0.3490
vt 0.8375 0.3248
vt 0.8563 0.3528
vt 0.8611 0.3573
vt 0.8518 0.3623
vt 0.8496 0.3570
vt 0.8358 0.3196
vt 0.8336 0.3130
vt 0.8485 0.3130
vt 0.8461 0.3200
vt 0.8415 0.3584
vt 0.8410 0.3643
vt 0.8610 0.3183
vt 0.8547 0.3241
vt 0.8288 0.3639
vt 0.8324 0.3577
vt 0.8692 0.3275
vt 0.8603 0.3305
vt 0.8143 0.3456
vt 0.8033 0.3480
vt 0.8039 0.3377
vt 0.8145 0.3378
vt 0.8172 0.3613
vt 0.8240 0.3553
vt 0.8716 0.3385
vt 0.8624 0.3385
vt 0.8093 0.3269
vt 0.8184 0.3296
vt 0.8175 0.3515
vt 0.8080 0.3566
vt 0.8682 0.3492
vt 0.8608 0.3465
vt 0.8198 0.3183
vt 0.8259 0.3233
vt 0.8541 0.3684
vt 0.8407 0.3712
vt 0.8504 0.3047
vt 0.8679 0.3105
vt 0.8252 0.3714
vt 0.8790 0.3234
vt 0.7901 0.3515
vt 0.7902 0.3387
vt 0.8099 0.3694
vt 0.8817 0.3376
vt 0.7975 0.3236
vt 0.7964 0.3634
vt 0.8768 0.3512
vt 0.8130 0.3119
vt 0.8663 0.3625
vt 0.8309 0.3053
vt 0.8712 0.3681
vt 0.8565 0.3758
vt 0.8286 0.2967
vt 0.8507 0.2946
vt 0.8404 0.3801
vt 0.8755 0.2972
vt 0.8215 0.3814
vt 0.8906 0.3169
vt 0.7737 0.3575
vt 0.7731 0.3404
vt 0.8023 0.3797
vt 0.8948 0.3346
vt 0.7810 0.3192
vt 0.7806 0.3749
vt 0.8894 0.3544
vt 0.8041 0.3044
vt 0.7589 0.3764
vt 0.7585 0.3597
vt 0.7586 0.3447
vt 0.7599 0.3271
vt 0.9136 0.3440
vt 0.9346 0.3337
vt 0.5526 0.9586
vt 0.5742 0.9586
vt 0.5742 0.9913
vt 0.5526 0.9913
vt 0.8603 0.4961
vt 0.8392 0.5037
vt 0.8832 0.4827
vt 0.9029 0.4676
vt 0.9209 0.4505
vt 0.9209 0.4505
vt 0.9368 0.4346
vt 0.3354 0.6072
vt 0.3324 0.5842
vt 0.3354 0.6072
vt 0.3359 0.6257
vt 0.3344 0.6443
vt 0.3325 0.6594
vt 0.3344 0.6443
vt 0.3325 0.6594
vt 0.3297 0.6742
vt 0.3249 0.6925
vt 0.3195 0.7167
vt 0.5319 0.9586
vt 0.5319 0.9913
vt 0.1251 0.4124
vt 0.1470 0.4138
vt 0.1674 0.4128
vt 0.1867 0.4119
vt 0.2061 0.4112
vt 0.2258 0.4105
vt 0.1064 0.5773
vt 0.1070 0.5598
vt 0.1037 0.5975
vt 0.1050 0.6146
vt 0.1111 0.6361
vt 0.1164 0.6573
vt 0.0910 0.4016
vt 0.1053 0.4088
vt 0.1226 0.6835
vt 0.1269 0.7096
vt 0.1936 0.3425
vt 0.2090 0.3393
vt 0.1065 0.3170
vt 0.1236 0.3269
vt 0.1778 0.3434
vt 0.9537 0.3278
vt 0.0667 0.2984
vt 0.0876 0.3069
vt 0.9736 0.3238
vt 0.1602 0.3420
vt 0.0485 0.2918
vt 0.2257 0.3364
vt 0.1399 0.3361
vt 0.2109 0.3186
vt 0.2270 0.3146
vt 0.9478 0.3109
vt 0.9699 0.3069
vt 0.1459 0.3158
vt 0.1645 0.3211
vt 0.1092 0.2972
vt 0.1273 0.3074
vt 0.1808 0.3228
vt 0.0910 0.2884
vt 0.1953 0.3212
vt 0.0705 0.2814
vt 0.9292 0.3185
vt 0.0514 0.2757
vt 0.0530 0.2581
vt 0.0735 0.2612
vt 0.2135 0.2947
vt 0.2287 0.2917
vt 0.9413 0.2935
vt 0.9649 0.2891
vt 0.1534 0.2908
vt 0.1698 0.2955
vt 0.1136 0.2755
vt 0.1322 0.2833
vt 0.1853 0.2971
vt 0.0944 0.2671
vt 0.1999 0.2964
vt 0.9223 0.3008
vt 0.0572 0.2372
vt 0.0787 0.2401
vt 0.2165 0.2679
vt 0.2301 0.2672
vt 0.9382 0.2722
vt 0.9619 0.2671
vt 0.1568 0.2641
vt 0.1749 0.2689
vt 0.1186 0.2518
vt 0.1372 0.2569
vt 0.1882 0.2700
vt 0.0990 0.2446
vt 0.2023 0.2696
vt 0.9177 0.2790
vt 0.0632 0.2176
vt 0.0846 0.2190
vt 0.2172 0.2406
vt 0.2303 0.2396
vt 0.9354 0.2515
vt 0.9623 0.2456
vt 0.1594 0.2382
vt 0.1753 0.2411
vt 0.1224 0.2281
vt 0.1411 0.2336
vt 0.1910 0.2422
vt 0.1038 0.2226
vt 0.2041 0.2412
vt 0.9122 0.2573
vt 0.0660 0.1983
vt 0.0872 0.1993
vt 0.2174 0.2144
vt 0.2299 0.2136
vt 0.9348 0.2301
vt 0.9608 0.2252
vt 0.1598 0.2140
vt 0.1762 0.2161
vt 0.1242 0.2062
vt 0.1421 0.2105
vt 0.1918 0.2159
vt 0.1061 0.2022
vt 0.2047 0.2153
vt 0.9102 0.2351
vt 0.9125 0.2137
vt 0.9359 0.2105
vt 0.0668 0.1815
vt 0.0877 0.1816
vt 0.2170 0.1917
vt 0.2304 0.1917
vt 0.9588 0.2077
vt 0.1585 0.1924
vt 0.1753 0.1936
vt 0.1239 0.1862
vt 0.1412 0.1897
vt 0.1913 0.1941
vt 0.1062 0.1833
vt 0.2043 0.1938
vt 0.2027 0.1746
vt 0.2164 0.1729
vt 0.9148 0.1952
vt 0.9364 0.1933
vt 0.0675 0.1665
vt 0.0875 0.1658
vt 0.2302 0.1723
vt 0.9584 0.1920
vt 0.1570 0.1727
vt 0.1726 0.1737
vt 0.1228 0.1681
vt 0.1399 0.1704
vt 0.1884 0.1747
vt 0.1055 0.1663
vt 0.1050 0.1512
vt 0.0871 0.1519
vt 0.0862 0.1385
vt 0.1046 0.1364
vt 0.2004 0.1575
vt 0.2154 0.1560
vt 0.9373 0.1791
vt 0.9172 0.1801
vt 0.9184 0.1660
vt 0.9381 0.1654
vt 0.0677 0.1536
vt 0.0671 0.1411
vt 0.2296 0.1554
vt 0.9591 0.1785
vt 0.9603 0.1653
vt 0.1558 0.1541
vt 0.1708 0.1555
vt 0.1856 0.1572
vt 0.0848 0.1243
vt 0.1034 0.1206
vt 0.2140 0.1406
vt 0.1978 0.1413
vt 0.1958 0.1247
vt 0.2118 0.1253
vt 0.9186 0.1516
vt 0.9383 0.1513
vt 0.0665 0.1278
vt 0.2285 0.1404
vt 0.2276 0.1255
vt 0.9627 0.1513
vt 0.1688 0.1379
vt 0.1540 0.1366
vt 0.1535 0.1191
vt 0.1676 0.1205
vt 0.1827 0.1397
vt 0.1811 0.1225
vt 0.9120 0.3277
vt 0.9064 0.3105
vt 0.8910 0.2194
vt 0.8694 0.2257
vt 0.8735 0.2044
vt 0.8957 0.1993
vt 0.8884 0.2419
vt 0.8910 0.2194
vt 0.8680 0.2491
vt 0.8908 0.2661
vt 0.7803 0.1954
vt 0.7622 0.1973
vt 0.7619 0.1729
vt 0.7808 0.1721
vt 0.8713 0.2739
vt 0.8264 0.2823
vt 0.8488 0.2780
vt 0.8002 0.1933
vt 0.8013 0.1705
vt 0.8961 0.2891
vt 0.7787 0.2473
vt 0.7620 0.2509
vt 0.7623 0.2233
vt 0.7796 0.2208
vt 0.8245 0.2611
vt 0.8463 0.2552
vt 0.8755 0.2972
vt 0.8022 0.2421
vt 0.8013 0.2170
vt 0.7780 0.2752
vt 0.7614 0.2800
vt 0.8029 0.2675
vt 0.8230 0.2368
vt 0.8451 0.2310
vt 0.8046 0.2886
vt 0.7790 0.2989
vt 0.7612 0.3056
vt 0.8225 0.2123
vt 0.8479 0.2085
vt 0.8500 0.1885
vt 0.8221 0.1909
vt 0.8236 0.1697
vt 0.8501 0.1695
vt 0.8772 0.1686
vt 0.8775 0.1860
vt 0.8998 0.1823
vt 0.9006 0.1667
vt 0.8002 0.1933
vt 0.8221 0.1909
vt 0.1219 0.1515
vt 0.1050 0.1512
vt 0.1389 0.1526
vt 0.7467 0.1534
vt 0.7467 0.1239
vt 0.7660 0.1282
vt 0.7614 0.1494
vt 0.7638 0.1017
vt 0.7467 0.0947
vt 0.8236 0.1697
vt 0.8013 0.1705
vt 0.8032 0.1486
vt 0.8258 0.1490
vt 0.8506 0.1502
vt 0.8772 0.1510
vt 0.9002 0.1510
vt 0.7820 0.1498
vt 0.8280 0.1277
vt 0.8525 0.1302
vt 0.8767 0.1322
vt 0.0820 0.1086
vt 0.1023 0.1038
vt 0.8980 0.1344
vt 0.0638 0.1135
vt 0.8047 0.1265
vt 0.9178 0.1355
vt 0.9392 0.1354
vt 0.9638 0.1357
vt 0.7837 0.1269
vt 0.1216 0.1355
vt 0.1380 0.1358
vt 0.8976 0.1133
vt 0.9190 0.1159
vt 0.8522 0.1062
vt 0.8766 0.1092
vt 0.9411 0.1172
vt 0.9641 0.1173
vt 0.7840 0.0990
vt 0.8055 0.0988
vt 0.8285 0.1022
vt 0.0789 0.0906
vt 0.1022 0.0842
vt 0.0589 0.0970
vt 0.7296 0.1017
vt 0.7467 0.0947
vt 0.1241 0.0804
vt 0.1224 0.1004
vt 0.1217 0.1187
vt 0.1383 0.1184
vt 0.2112 0.1078
vt 0.2279 0.1087
vt 0.1540 0.1007
vt 0.1675 0.1022
vt 0.1950 0.1065
vt 0.1804 0.1041
vt 0.1692 0.0833
vt 0.1817 0.0851
vt 0.2117 0.0886
vt 0.2289 0.0884
vt 0.1563 0.0814
vt 0.1959 0.0871
vt 0.2312 0.0645
vt 0.2146 0.0651
vt 0.1396 0.0997
vt 0.1422 0.0800
vt 0.1997 0.0636
vt 0.2345 0.0367
vt 0.2371 0.0037
vt 0.1762 0.0318
vt 0.1612 0.0298
vt 0.1641 0.0002
vt 0.1803 0.0007
vt 0.1903 0.0339
vt 0.1949 0.0021
vt 0.2043 0.0352
vt 0.2087 0.0027
vt 0.2185 0.0364
vt 0.2224 0.0030
vt 0.1432 0.0571
vt 0.1241 0.0578
vt 0.1241 0.0329
vt 0.1443 0.0300
vt 0.1224 0.0085
vt 0.1458 0.0018
vt 0.0747 0.0701
vt 0.0534 0.0784
vt 0.0466 0.0559
vt 0.0709 0.0487
vt 0.9204 0.0929
vt 0.8981 0.0895
vt 0.9006 0.0609
vt 0.9237 0.0652
vt 0.9661 0.0964
vt 0.9421 0.0953
vt 0.9459 0.0682
vt 0.9698 0.0711
vt 0.1009 0.0622
vt 0.0986 0.0399
vt 0.0660 0.0240
vt 0.0950 0.0146
vt 0.0403 0.0312
vt 0.9043 0.0317
vt 0.9278 0.0356
vt 0.9500 0.0398
vt 0.9733 0.0439
vt 0.7876 0.0319
vt 0.7662 0.0289
vt 0.7693 0.0010
vt 0.7898 0.0038
vt 0.8515 0.0787
vt 0.8283 0.0734
vt 0.8290 0.0454
vt 0.8501 0.0521
vt 0.8064 0.0675
vt 0.8077 0.0372
vt 0.7859 0.0645
vt 0.7876 0.0319
vt 0.8759 0.0833
vt 0.8749 0.0565
vt 0.8518 0.0243
vt 0.8783 0.0287
vt 0.8098 0.0084
vt 0.8285 0.0164
vt 0.1859 0.0624
vt 0.1731 0.0604
vt 0.1591 0.0582
vt 0.1422 0.0800
vt 0.1432 0.0571
vt 0.7643 0.0632
vt 0.8759 0.0833
vt 0.2221 0.9913
vt 0.1974 0.9913
vt 0.6701 0.9257
vt 0.6901 0.9257
vt 0.5526 0.9257
vt 0.6236 0.9913
vt 0.5985 0.9913
vt 0.3654 0.9913
vt 0.3416 0.9913
vt 0.3896 0.9913
vt 0.4135 0.9913
vt 0.2919 0.9913
vt 0.3157 0.9913
vt 0.8276 0.9257
vt 0.7101 0.9257
vt 0.7566 0.9913
vt 0.7817 0.9913
vt 0.0294 0.9913
vt 0.0533 0.9913
vt 0.0052 0.9913
vt 0.1727 0.9913
vt 0.9667 0.9913
vt 0.9906 0.9913
vt 0.1029 0.9913
vt 0.0791 0.9913
f 100/1 99/2 32/3 42/4
f 99/2 98/5 22/6 32/3
f 98/5 97/7 12/8 22/6
f 97/7 96/9 2/10 12/8
f 96/9 104/11 77/12 2/10
f 306/13 101/14 51/15 300/16
f 101/14 105/17 87/18 51/15
f 105/17 102/19 61/20 87/18
f 102/19 103/21 71/22 61/20
f 42/4 32/3 31/23 41/24
f 32/3 22/6 21/25 31/23
f 22/6 12/8 11/26 21/25
f 12/8 2/10 3/27 11/26
f 2/10 77/12 78/28 3/27
f 300/16 51/15 52/29 299/30
f 51/15 87/18 88/31 52/29
f 87/18 61/20 62/32 88/31
f 61/20 71/22 72/33 62/32
f 34/34 24/35 25/36 35/37
f 24/35 14/38 15/39 25/36
f 14/38 4/40 5/41 15/39
f 4/40 79/42 80/43 5/41
f 305/44 53/45 54/46 304/47
f 53/45 89/48 90/49 54/46
f 89/48 63/50 64/51 90/49
f 63/50 73/52 74/53 64/51
f 112/54 161/55 136/56 138/57
f 35/37 25/36 26/58 36/59
f 25/36 15/39 16/60 26/58
f 15/39 5/41 6/61 16/60
f 5/41 80/43 81/62 6/61
f 304/47 54/46 55/63 303/64
f 54/46 90/49 91/65 55/63
f 90/49 288/66 278/67 91/65
f 64/51 74/53 75/68 65/69
f 45/70 153/71 152/72 135/73
f 36/59 26/58 27/74 37/75
f 26/58 16/60 17/76 27/74
f 16/60 6/61 7/77 17/76
f 6/61 81/62 82/78 7/77
f 303/64 55/63 56/79 302/80
f 55/63 91/65 92/81 56/79
f 65/82 277/83 268/84 288/85
f 135/73 152/72 138/57 136/56
f 37/75 27/74 28/86 38/87
f 27/74 17/76 18/88 28/86
f 17/76 7/77 8/89 18/88
f 7/77 82/78 83/90 8/89
f 302/80 56/79 57/91 309/92
f 56/79 92/81 93/93 57/91
f 92/81 66/94 67/95 93/93
f 35/37 36/59 161/55 112/54
f 38/87 28/86 29/96 39/97
f 28/86 18/88 19/98 29/96
f 18/88 8/89 9/99 19/98
f 8/89 83/90 84/100 9/99
f 309/101 57/102 58/103 308/104
f 57/102 93/105 94/106 58/103
f 93/105 67/107 68/108 94/106
f 47/109 117/110 115/111 48/112
f 39/97 29/96 30/113 40/114
f 29/96 19/98 20/115 30/113
f 19/98 9/99 10/116 20/115
f 9/99 84/100 85/117 10/116
f 308/104 58/103 59/118 307/119
f 58/103 94/106 95/120 59/118
f 94/106 68/108 69/121 95/120
f 48/112 115/111 114/122 113/123
f 46/124 118/125 117/110 47/109
f 45/70 135/73 118/125 46/124
f 43/126 33/127 99/2 100/1
f 33/127 23/128 98/5 99/2
f 23/128 13/129 97/7 98/5
f 13/129 1/130 96/9 97/7
f 1/130 76/131 104/11 96/9
f 301/132 50/133 101/14 306/13
f 50/133 86/134 105/17 101/14
f 86/134 60/135 102/19 105/17
f 60/135 70/136 103/21 102/19
f 135/73 136/56 137/137 118/125
f 115/111 155/138 156/139 114/122
f 49/140 35/37 112/54 139/141
f 117/110 154/142 155/138 115/111
f 118/125 137/137 154/142 117/110
f 139/141 112/54 138/57 116/143
f 44/144 34/34 35/37 49/140
f 1665/145 100/146 42/147 1666/148
f 1667/149 133/150 132/151 1668/152
f 1669/153 128/154 129/155 1670/156
f 1670/156 129/155 130/157 1671/158
f 1671/158 130/157 131/159 1672/160
f 1673/161 124/162 125/163 1674/164
f 1675/165 106/166 109/167 1672/168
f 1674/164 125/163 126/169 1676/170
f 1675/171 134/172 133/150 1667/149
f 1676/173 126/174 127/175 1677/176
f 1677/176 127/175 128/154 1669/153
f 1678/177 144/178 145/179 1666/180
f 1665/181 146/182 147/183 1679/184
f 1680/185 142/186 140/187 1681/188
f 1682/189 141/190 143/191 1683/192
f 1683/192 143/191 142/186 1680/185
f 1673/193 123/194 43/195 1679/196
f 1684/197 150/198 151/199 1685/200
f 150/201 152/72 153/71 151/202
f 137/137 160/203 159/204 154/142
f 154/142 159/204 158/205 155/138
f 155/138 158/205 157/206 156/139
f 136/56 161/55 160/203 137/137
f 1682/207 116/208 150/198 1684/197
f 116/143 138/57 152/72 150/201
f 161/55 36/59 37/75 160/203
f 158/205 39/97 40/114 157/206
f 159/204 38/87 39/97 158/205
f 160/203 37/75 38/87 159/204
f 163/209 107/210 108/211 164/212
f 171/213 122/214 121/215 170/216
f 106/217 162/218 165/219 109/220
f 170/216 121/215 120/221 169/222
f 162/218 106/217 107/210 163/209
f 169/222 120/221 119/223 168/224
f 168/224 119/223 111/225 167/226
f 167/226 111/225 110/227 166/228
f 166/228 110/227 109/220 165/219
f 172/229 123/230 122/214 171/213
f 179/231 168/224 167/226 178/232
f 178/232 167/226 166/228 177/233
f 177/233 166/228 165/219 176/234
f 183/235 172/229 171/213 182/236
f 174/237 163/209 164/212 175/238
f 182/236 171/213 170/216 181/239
f 162/218 173/240 176/234 165/219
f 181/239 170/216 169/222 180/241
f 173/240 162/218 163/209 174/237
f 180/241 169/222 168/224 179/231
f 190/242 191/243 185/244 184/245
f 194/246 195/247 189/248 188/249
f 191/243 192/250 186/251 185/244
f 520/252 193/253 187/254 519/255
f 193/253 194/246 188/249 187/254
f 196/256 197/257 191/243 190/242
f 200/258 201/259 195/247 194/246
f 197/257 198/260 192/250 191/243
f 521/261 199/262 193/253 520/252
f 199/262 200/258 194/246 193/253
f 202/263 203/264 197/257 196/256
f 206/265 207/266 201/259 200/258
f 203/264 204/267 198/260 197/257
f 522/268 205/269 199/262 521/261
f 205/269 206/265 200/258 199/262
f 208/270 209/271 203/264 202/263
f 212/272 213/273 207/266 206/265
f 209/271 210/274 204/267 203/264
f 523/275 211/276 205/269 522/268
f 211/276 212/272 206/265 205/269
f 214/277 215/278 209/271 208/270
f 218/279 219/280 213/273 212/272
f 215/278 216/281 210/274 209/271
f 524/282 217/283 211/276 523/275
f 217/283 218/279 212/272 211/276
f 220/284 221/285 215/278 214/277
f 224/286 225/287 219/280 218/279
f 221/285 222/288 216/281 215/278
f 525/289 223/290 217/283 524/282
f 223/290 224/286 218/279 217/283
f 184/245 179/231 178/232 190/242
f 190/242 178/232 177/233 196/256
f 196/256 177/233 176/234 202/263
f 173/240 208/270 202/263 176/234
f 208/270 173/240 174/237 214/277
f 214/277 174/237 175/238 220/284
f 23/128 33/127 172/291 183/292
f 33/127 43/126 123/293 172/291
f 229/294 183/235 182/236 228/295
f 228/295 182/236 181/239 227/296
f 227/296 181/239 180/241 226/297
f 255/298 310/299 311/300 265/301
f 233/302 229/294 228/295 232/303
f 318/304 317/305 238/306 237/307
f 232/303 228/295 227/296 231/308
f 317/305 316/309 239/310 238/306
f 231/308 227/296 226/297 230/311
f 292/312 314/313 310/299 255/298
f 237/314 247/315 293/316 291/317
f 526/318 237/314 291/317 531/319
f 243/320 233/302 232/303 242/321
f 237/307 238/306 248/322 247/323
f 242/321 232/303 231/308 241/324
f 238/306 239/310 249/325 248/322
f 241/324 231/308 230/311 240/326
f 240/326 230/311 234/327 244/328
f 244/328 234/327 235/329 245/330
f 531/319 291/317 256/331 527/332
f 291/317 293/316 257/333 256/331
f 295/334 243/335 242/336 294/337
f 294/337 242/336 241/338 296/339
f 296/339 241/338 240/340 297/341
f 297/341 240/340 244/342 298/343
f 298/343 244/342 245/344 292/345
f 264/346 254/347 255/298 265/301
f 527/332 256/331 266/348 528/349
f 256/331 257/333 267/350 266/348
f 263/351 253/352 252/353 262/354
f 290/355 66/356 278/357 289/358
f 262/354 252/353 251/359 261/360
f 267/350 257/333 289/361 268/362
f 261/360 251/359 250/363 260/364
f 260/364 250/363 254/347 264/346
f 273/365 264/346 265/301 274/366
f 528/349 266/348 275/367 529/368
f 266/348 267/350 276/369 275/367
f 272/370 263/351 262/354 271/371
f 267/350 268/362 277/83 276/369
f 271/371 262/354 261/360 270/372
f 64/51 65/69 288/66 90/49
f 270/372 261/360 260/364 269/373
f 269/373 260/364 264/346 273/365
f 279/374 269/373 273/365 283/375
f 283/375 273/365 274/366 284/376
f 529/368 275/367 285/377 530/378
f 275/367 276/369 286/379 285/377
f 282/380 272/370 271/371 281/381
f 276/369 277/83 287/382 286/379
f 281/381 271/371 270/372 280/383
f 277/83 65/82 75/384 287/382
f 280/383 270/372 269/373 279/374
f 67/385 258/386 259/387 68/388
f 278/357 288/85 268/84 289/358
f 278/67 66/94 92/81 91/65
f 290/355 258/389 67/390 66/356
f 245/344 236/391 314/313 292/345
f 253/352 295/334 294/337 252/353
f 252/353 294/337 296/339 251/359
f 293/316 290/355 289/358 257/333
f 251/359 296/339 297/341 250/363
f 250/363 297/341 298/343 254/347
f 254/347 298/343 292/345 255/298
f 82/392 302/80 309/92 83/393
f 80/394 304/47 303/64 81/395
f 104/396 306/13 300/16 77/397
f 76/398 301/132 306/13 104/396
f 81/395 303/64 302/80 82/392
f 77/397 300/16 299/30 78/399
f 79/400 305/44 304/47 80/394
f 84/100 308/104 307/119 85/117
f 83/90 309/101 308/104 84/100
f 247/315 258/389 290/355 293/316
f 13/129 23/128 183/292 229/401
f 1/130 13/129 229/401 233/402
f 233/402 243/403 76/131 1/130
f 301/132 76/398 243/335 295/334
f 295/334 253/352 50/133 301/132
f 253/352 263/351 86/134 50/133
f 60/135 86/134 263/351 272/370
f 272/370 282/380 70/136 60/135
f 258/386 247/323 248/322 259/387
f 265/301 311/300 312/404 274/366
f 274/366 312/404 313/405 284/376
f 534/406 318/304 237/307 526/407
f 259/387 248/322 249/325 315/408
f 259/387 315/408 69/409 68/388
f 246/410 236/411 245/330 235/329
f 285/377 286/379 333/412 332/413
f 329/414 282/380 281/381 328/415
f 103/21 325/416 320/417 71/22
f 286/379 287/382 334/418 333/412
f 335/419 331/420 284/376 313/405
f 328/415 281/381 280/383 327/421
f 71/22 320/417 321/422 72/33
f 327/421 280/383 279/374 326/423
f 325/416 103/21 70/136 319/424
f 326/423 279/374 283/375 330/425
f 330/425 283/375 284/376 331/420
f 319/424 70/136 282/380 329/414
f 73/52 322/426 323/427 74/53
f 530/378 285/377 332/413 532/428
f 74/53 323/427 324/429 75/68
f 287/382 75/384 324/430 334/418
f 332/413 333/412 350/431 349/432
f 346/433 329/414 328/415 345/434
f 320/417 337/435 338/436 321/422
f 333/412 334/418 351/437 350/431
f 345/434 328/415 327/421 344/438
f 334/418 324/430 341/439 351/437
f 344/438 327/421 326/423 343/440
f 336/441 319/424 329/414 346/433
f 343/440 326/423 330/425 347/442
f 322/426 339/443 340/444 323/427
f 352/445 348/446 331/420 335/419
f 347/442 330/425 331/420 348/446
f 323/427 340/444 341/447 324/429
f 532/428 332/413 349/432 533/448
f 342/449 325/416 319/424 336/441
f 325/416 342/449 337/435 320/417
f 376/450 377/451 361/452 360/453
f 383/454 384/455 368/456 367/457
f 377/451 378/458 362/459 361/452
f 369/460 353/461 368/456 384/455
f 378/458 379/462 363/463 362/459
f 369/460 370/464 354/465 353/461
f 379/462 380/466 364/467 363/463
f 373/468 374/469 358/470 357/471
f 370/464 371/472 355/473 354/465
f 380/466 381/474 365/475 364/467
f 374/469 375/476 359/477 358/470
f 372/478 373/468 357/471 356/479
f 381/474 382/480 366/481 365/475
f 375/476 376/450 360/453 359/477
f 371/472 372/478 356/479 355/473
f 382/480 383/454 367/457 366/481
f 383/454 370/464 369/460 384/455
f 382/480 371/472 370/464 383/454
f 381/474 372/478 371/472 382/480
f 380/466 373/468 372/478 381/474
f 373/468 380/466 379/462 374/469
f 374/469 379/462 378/458 375/476
f 375/476 378/458 377/451 376/450
f 360/453 361/452 393/482 392/483
f 367/457 368/456 400/484 399/485
f 361/452 362/459 394/486 393/482
f 353/461 385/487 400/484 368/456
f 362/459 363/463 395/488 394/486
f 353/461 354/465 386/489 385/487
f 363/463 364/467 396/490 395/488
f 357/471 358/470 390/491 389/492
f 354/465 355/473 387/493 386/489
f 364/467 365/475 397/494 396/490
f 358/470 359/477 391/495 390/491
f 356/479 357/471 389/492 388/496
f 365/475 366/481 398/497 397/494
f 359/477 360/453 392/483 391/495
f 355/473 356/479 388/496 387/493
f 366/481 367/457 399/485 398/497
f 385/487 401/498 416/499 400/484
f 394/486 395/488 411/500 410/501
f 385/487 386/489 402/502 401/498
f 395/488 396/490 412/503 411/500
f 389/492 390/491 406/504 405/505
f 386/489 387/493 403/506 402/502
f 396/490 397/494 413/507 412/503
f 390/491 391/495 407/508 406/504
f 388/496 389/492 405/505 404/509
f 397/494 398/497 414/510 413/507
f 391/495 392/483 408/511 407/508
f 387/493 388/496 404/509 403/506
f 398/497 399/485 415/512 414/510
f 392/483 393/482 409/513 408/511
f 399/485 400/484 416/499 415/512
f 393/482 394/486 410/501 409/513
f 466/514 465/515 432/516 431/517
f 468/518 467/519 426/520 425/521
f 469/522 417/523 432/516 465/515
f 467/519 470/524 427/525 426/520
f 469/522 471/526 418/527 417/523
f 470/524 472/528 428/529 427/525
f 474/530 473/531 422/532 421/533
f 471/526 475/534 419/535 418/527
f 472/528 476/536 429/537 428/529
f 473/531 477/538 423/539 422/532
f 478/540 474/530 421/533 420/541
f 476/536 479/542 430/543 429/537
f 477/538 480/544 424/545 423/539
f 475/534 478/540 420/541 419/535
f 479/542 466/514 431/517 430/543
f 480/544 468/518 425/521 424/545
f 417/523 433/546 448/547 432/516
f 426/520 427/525 443/548 442/549
f 417/523 418/527 434/550 433/546
f 427/525 428/529 444/551 443/548
f 421/533 422/532 438/552 437/553
f 418/527 419/535 435/554 434/550
f 428/529 429/537 445/555 444/551
f 422/532 423/539 439/556 438/552
f 420/541 421/533 437/553 436/557
f 429/537 430/543 446/558 445/555
f 423/539 424/545 440/559 439/556
f 419/535 420/541 436/557 435/554
f 430/543 431/517 447/560 446/558
f 424/545 425/521 441/561 440/559
f 431/517 432/516 448/547 447/560
f 425/521 426/520 442/549 441/561
f 447/560 448/547 464/562 463/563
f 441/561 442/549 458/564 457/565
f 433/546 449/566 464/562 448/547
f 442/549 443/548 459/567 458/564
f 433/546 434/550 450/568 449/566
f 443/548 444/551 460/569 459/567
f 437/553 438/552 454/570 453/571
f 434/550 435/554 451/572 450/568
f 444/551 445/555 461/573 460/569
f 438/552 439/556 455/574 454/570
f 436/557 437/553 453/571 452/575
f 445/555 446/558 462/576 461/573
f 439/556 440/559 456/577 455/574
f 435/554 436/557 452/575 451/572
f 446/558 447/560 463/563 462/576
f 440/559 441/561 457/565 456/577
f 415/512 416/499 465/515 466/514
f 409/513 410/501 467/519 468/518
f 401/498 469/522 465/515 416/499
f 410/501 411/500 470/524 467/519
f 401/498 402/502 471/526 469/522
f 411/500 412/503 472/528 470/524
f 405/505 406/504 473/531 474/530
f 402/502 403/506 475/534 471/526
f 412/503 413/507 476/536 472/528
f 406/504 407/508 477/538 473/531
f 404/509 405/505 474/530 478/540
f 413/507 414/510 479/542 476/536
f 407/508 408/511 480/544 477/538
f 403/506 404/509 478/540 475/534
f 414/510 415/512 466/514 479/542
f 408/511 409/513 468/518 480/544
f 464/562 449/566 30/113 20/115
f 463/563 464/562 20/115 10/116
f 449/566 450/568 40/114 30/113
f 157/206 40/114 450/568 451/572
f 156/139 157/206 451/572 452/575
f 485/578 452/575 453/571 486/579
f 486/579 453/571 454/570 487/580
f 487/580 454/570 455/574 488/581
f 481/582 485/578 486/579 482/583
f 482/583 486/579 487/580 483/584
f 483/584 487/580 488/581 484/585
f 113/123 114/122 485/578 481/582
f 114/122 156/139 452/575 485/578
f 10/116 85/117 462/576 463/563
f 307/119 59/118 535/586 676/587
f 1686/588 490/589 44/590 1681/591
f 491/592 490/593 41/24 31/23
f 492/594 491/592 31/23 21/25
f 493/595 492/594 21/25 11/26
f 494/596 493/595 11/26 3/27
f 494/597 495/598 79/42 4/40
f 496/599 495/600 78/399 299/30
f 496/601 497/602 53/45 305/44
f 497/602 498/603 89/48 53/45
f 499/604 498/605 88/31 62/32
f 499/606 500/607 73/52 63/50
f 500/607 501/608 322/426 73/52
f 501/608 502/609 339/443 322/426
f 1678/610 41/611 490/589 1686/588
f 34/34 44/144 490/593 491/592
f 24/35 34/34 491/592 492/594
f 14/38 24/35 492/594 493/595
f 4/40 14/38 493/595 494/597
f 3/27 78/28 495/598 494/596
f 305/44 79/400 495/600 496/601
f 299/30 52/29 497/602 496/599
f 52/29 88/31 498/605 497/602
f 63/50 89/48 498/603 499/606
f 62/32 72/33 500/607 499/604
f 72/33 321/422 501/608 500/607
f 321/422 338/436 502/609 501/608
f 192/250 504/612 503/613 186/251
f 198/260 505/614 504/612 192/250
f 204/267 506/615 505/614 198/260
f 210/274 507/616 506/615 204/267
f 216/281 508/617 507/616 210/274
f 222/288 509/618 508/617 216/281
f 236/391 510/619 515/620 314/313
f 314/313 515/620 511/621 310/299
f 310/299 511/621 512/622 311/300
f 311/300 512/622 513/623 312/404
f 312/404 513/623 514/624 313/405
f 246/410 516/625 510/626 236/411
f 313/405 514/624 517/627 335/419
f 335/419 517/627 518/628 352/445
f 504/612 520/252 519/255 503/613
f 505/614 521/261 520/252 504/612
f 506/615 522/268 521/261 505/614
f 507/616 523/275 522/268 506/615
f 508/617 524/282 523/275 507/616
f 509/618 525/289 524/282 508/617
f 510/619 526/318 531/319 515/620
f 515/620 531/319 527/332 511/621
f 511/621 527/332 528/349 512/622
f 512/622 528/349 529/368 513/623
f 513/623 529/368 530/378 514/624
f 516/625 534/406 526/407 510/626
f 514/624 530/378 532/428 517/627
f 517/627 532/428 533/448 518/628
f 213/273 542/629 541/630 207/266
f 316/309 548/631 545/632 239/310
f 207/266 541/630 540/633 201/259
f 95/120 537/634 535/586 59/118
f 249/325 546/635 547/636 315/408
f 69/121 536/637 537/634 95/120
f 239/310 545/632 546/635 249/325
f 201/259 540/633 539/638 195/247
f 315/408 547/636 536/639 69/409
f 225/287 544/640 543/641 219/280
f 195/247 539/638 538/642 189/248
f 219/280 543/641 542/629 213/273
f 543/641 557/643 556/644 542/629
f 536/637 550/645 551/646 537/634
f 544/640 558/647 557/643 543/641
f 539/638 553/648 552/649 538/642
f 548/631 562/650 559/651 545/632
f 540/633 554/652 553/648 539/638
f 545/632 559/651 560/653 546/635
f 541/630 555/654 554/652 540/633
f 546/635 560/653 561/655 547/636
f 542/629 556/644 555/654 541/630
f 537/634 551/646 549/656 535/586
f 547/636 561/655 550/657 536/639
f 561/655 575/658 564/659 550/657
f 557/643 571/660 570/661 556/644
f 550/645 564/662 565/663 551/646
f 558/647 572/664 571/660 557/643
f 553/648 567/665 566/666 552/649
f 562/650 576/667 573/668 559/651
f 554/652 568/669 567/665 553/648
f 559/651 573/668 574/670 560/653
f 555/654 569/671 568/669 554/652
f 560/653 574/670 575/658 561/655
f 556/644 570/661 569/671 555/654
f 551/646 565/663 563/672 549/656
f 575/658 589/673 578/674 564/659
f 571/660 585/675 584/676 570/661
f 564/662 578/677 579/678 565/663
f 572/664 586/679 585/675 571/660
f 567/665 581/680 580/681 566/666
f 576/667 590/682 587/683 573/668
f 568/669 582/684 581/680 567/665
f 573/668 587/683 588/685 574/670
f 569/671 583/686 582/684 568/669
f 574/670 588/685 589/673 575/658
f 570/661 584/676 583/686 569/671
f 565/663 579/678 577/687 563/672
f 589/673 603/688 592/689 578/674
f 585/675 599/690 598/691 584/676
f 578/677 592/692 593/693 579/678
f 586/679 600/694 599/690 585/675
f 581/680 595/695 594/696 580/681
f 590/682 604/697 601/698 587/683
f 582/684 596/699 595/695 581/680
f 587/683 601/698 602/700 588/685
f 583/686 597/701 596/699 582/684
f 588/685 602/700 603/688 589/673
f 584/676 598/691 597/701 583/686
f 579/678 593/693 591/702 577/687
f 603/688 617/703 606/704 592/689
f 599/690 613/705 612/706 598/691
f 592/692 606/707 607/708 593/693
f 600/694 614/709 613/705 599/690
f 595/695 609/710 608/711 594/696
f 604/697 618/712 615/713 601/698
f 596/699 610/714 609/710 595/695
f 601/698 615/713 616/715 602/700
f 597/701 611/716 610/714 596/699
f 602/700 616/715 617/703 603/688
f 598/691 612/706 611/716 597/701
f 593/693 607/708 605/717 591/702
f 607/708 621/718 619/719 605/717
f 617/703 631/720 620/721 606/704
f 613/705 627/722 626/723 612/706
f 606/707 620/724 621/718 607/708
f 614/709 628/725 627/722 613/705
f 609/710 623/726 622/727 608/711
f 618/712 632/728 629/729 615/713
f 610/714 624/730 623/726 609/710
f 615/713 629/729 630/731 616/715
f 611/716 625/732 624/730 610/714
f 616/715 630/731 631/720 617/703
f 612/706 626/723 625/732 611/716
f 626/723 640/733 639/734 625/732
f 621/718 635/735 633/736 619/719
f 631/720 645/737 634/738 620/721
f 627/722 641/739 640/733 626/723
f 620/724 634/740 635/735 621/718
f 628/725 642/741 641/739 627/722
f 623/726 637/742 636/743 622/727
f 632/728 646/744 643/745 629/729
f 624/730 638/746 637/742 623/726
f 629/729 643/745 644/747 630/731
f 625/732 639/734 638/746 624/730
f 630/731 644/747 645/737 631/720
f 741/748 659/749 660/750 740/751
f 640/733 655/752 654/753 639/734
f 743/754 649/755 647/756 742/757
f 740/751 660/750 648/758 744/759
f 641/739 656/760 655/752 640/733
f 744/761 648/762 649/755 743/754
f 642/741 657/763 656/760 641/739
f 637/742 652/764 651/765 636/743
f 638/746 653/766 652/764 637/742
f 639/734 654/753 653/766 638/746
f 659/749 673/767 674/768 660/750
f 747/769 670/770 669/771 746/772
f 649/755 664/773 662/774 647/756
f 660/750 674/768 663/775 648/758
f 748/776 671/777 670/770 747/769
f 648/762 663/778 664/773 649/755
f 749/779 672/780 671/777 748/776
f 180/241 179/231 184/245 226/297
f 751/781 667/782 666/783 750/784
f 753/785 668/786 667/782 751/781
f 746/772 669/771 668/786 753/785
f 676/587 462/576 85/117 307/119
f 461/573 462/576 676/587 677/787
f 535/586 549/656 677/787 676/587
f 549/656 563/672 678/788 677/787
f 460/569 461/573 677/787 678/788
f 714/789 715/790 692/791 698/792
f 605/717 619/719 714/793 713/794
f 714/789 698/792 704/795 713/794
f 591/702 605/717 713/794 679/796
f 757/797 665/798 658/799 752/800
f 713/794 704/795 710/801 679/796
f 752/800 658/799 681/802 755/803
f 458/564 685/804 684/805 457/565
f 756/806 650/807 665/798 757/797
f 577/687 591/702 679/796 680/808
f 699/809 689/810 687/811 701/812
f 685/804 691/813 690/814 684/805
f 679/796 710/801 459/815 680/808
f 701/812 687/811 683/816 705/817
f 695/818 693/819 689/810 699/809
f 707/820 699/809 701/812 688/821
f 688/821 701/812 705/817 682/822
f 711/823 695/818 699/809 707/820
f 691/813 697/824 696/825 690/814
f 563/672 577/687 680/808 678/788
f 706/826 711/823 707/820 712/827
f 694/828 688/821 682/822 700/829
f 712/827 707/820 688/821 694/828
f 697/824 703/830 702/831 696/825
f 459/567 460/569 678/788 680/808
f 456/577 706/826 712/827 455/574
f 488/581 694/828 700/829 484/585
f 455/574 712/827 694/828 488/581
f 759/832 709/833 708/834 758/835
f 458/564 459/567 710/801 685/804
f 691/813 685/804 710/801 704/795
f 697/824 691/813 704/795 698/792
f 697/824 698/792 692/791 703/830
f 759/832 760/836 686/837 709/833
f 619/719 633/736 715/790 714/793
f 754/838 716/839 686/837 760/836
f 742/757 647/756 716/839 754/838
f 456/577 457/565 684/805 706/826
f 684/805 690/814 711/823 706/826
f 695/818 711/823 690/814 696/825
f 693/819 695/818 696/825 702/831
f 756/840 693/819 702/831 758/841
f 761/842 741/843 644/747 643/745
f 745/844 761/842 643/745 646/744
f 719/845 718/846 681/802 658/799
f 708/847 726/848 723/849 650/850
f 709/833 727/851 726/848 708/834
f 716/839 728/852 725/853 686/837
f 686/837 725/853 727/851 709/833
f 650/807 723/849 724/854 665/798
f 647/756 662/774 728/852 716/839
f 658/799 665/798 724/854 719/845
f 727/851 738/855 737/856 726/848
f 725/853 736/857 738/855 727/851
f 673/767 732/858 733/859 674/768
f 728/852 739/860 736/857 725/853
f 674/768 733/859 730/861 663/775
f 726/848 737/856 734/862 723/849
f 662/774 729/863 739/860 728/852
f 664/773 731/864 729/863 662/774
f 663/778 730/865 731/864 664/773
f 723/849 734/862 735/866 724/854
f 724/854 735/866 720/867 719/845
f 644/747 741/843 740/751 645/737
f 635/735 743/754 742/757 633/736
f 645/737 740/751 744/759 634/738
f 634/740 744/761 743/754 635/735
f 655/752 747/769 746/772 654/753
f 656/760 748/776 747/769 655/752
f 657/763 749/779 748/776 656/760
f 652/764 751/781 750/784 651/765
f 653/766 753/785 751/781 652/764
f 654/753 746/772 753/785 653/766
f 689/810 757/797 752/800 687/811
f 687/811 752/800 755/803 683/816
f 693/819 756/840 757/797 689/810
f 703/830 759/832 758/835 702/831
f 703/830 692/791 760/836 759/832
f 715/790 754/838 760/836 692/791
f 633/736 742/757 754/838 715/790
f 650/807 756/806 758/841 708/847
f 717/868 659/749 741/748 761/842
f 661/869 717/868 761/842 745/844
f 729/863 769/870 770/871 739/860
f 736/857 762/872 771/873 738/855
f 730/865 768/874 767/875 731/864
f 734/862 764/876 763/877 735/866
f 735/866 763/877 721/878 720/867
f 738/855 771/873 772/879 737/856
f 732/858 766/880 765/881 733/859
f 739/860 770/871 762/872 736/857
f 737/856 772/879 764/876 734/862
f 731/864 767/875 769/870 729/863
f 733/859 765/881 768/882 730/861
f 766/880 732/858 774/883 775/884
f 732/858 673/767 773/885 774/883
f 673/767 659/749 717/868 773/885
f 661/869 675/886 773/885 717/868
f 671/777 781/887 780/888 670/770
f 667/782 777/889 776/890 666/783
f 670/770 780/888 779/891 669/771
f 669/771 779/891 778/892 668/786
f 672/780 782/893 781/887 671/777
f 668/786 778/892 777/889 667/782
f 778/892 785/894 784/895 777/889
f 781/887 788/896 787/897 780/888
f 777/889 784/895 783/898 776/890
f 780/888 787/897 786/899 779/891
f 779/891 786/899 785/894 778/892
f 782/893 789/900 788/896 781/887
f 675/886 797/901 774/883 773/885
f 797/901 798/902 775/884 774/883
f 844/903 806/904 805/905 843/906
f 846/907 801/908 800/909 845/910
f 847/911 802/912 801/908 846/907
f 849/913 803/914 802/912 847/911
f 850/915 804/916 803/914 849/913
f 848/917 807/918 799/919 851/920
f 843/906 805/905 804/916 850/915
f 807/918 809/921 808/922 799/919
f 853/923 810/924 813/925 852/926
f 855/927 814/928 815/929 854/930
f 852/931 813/932 812/933 856/934
f 856/934 812/933 814/928 855/927
f 857/935 811/936 810/924 853/923
f 811/936 817/937 816/938 810/924
f 810/924 816/938 819/939 813/925
f 814/928 820/940 821/941 815/929
f 813/932 819/942 818/943 812/933
f 812/933 818/943 820/940 814/928
f 857/935 851/920 799/919 811/936
f 799/919 808/922 817/937 811/936
f 824/944 830/945 835/946 834/947
f 836/948 826/949 827/950 837/951
f 837/951 827/950 825/952 842/953
f 842/953 825/952 824/954 838/955
f 841/956 823/957 826/949 836/948
f 823/957 829/958 832/959 826/949
f 827/950 833/960 831/961 825/952
f 826/949 832/959 833/960 827/950
f 834/947 835/946 828/962 822/963
f 825/952 831/961 830/945 824/954
f 839/964 838/955 824/954 834/947
f 834/947 822/963 840/965 839/964
f 796/966 844/903 843/906 795/967
f 791/968 846/907 845/910 790/969
f 792/970 847/911 846/907 791/968
f 793/971 849/913 847/911 792/970
f 226/297 184/245 234/327 230/311
f 794/972 850/915 849/913 793/971
f 795/967 843/906 850/915 794/972
f 815/929 821/941 829/958 823/957
f 854/930 815/929 823/957 841/956
f 184/245 185/244 235/329 234/327
f 185/244 186/251 246/410 235/329
f 516/625 246/410 186/251 503/613
f 534/406 516/625 503/613 519/255
f 519/255 187/254 318/304 534/406
f 187/254 188/249 317/305 318/304
f 188/249 189/248 316/309 317/305
f 548/631 316/309 189/248 538/642
f 538/642 552/649 562/650 548/631
f 552/649 566/666 576/667 562/650
f 566/666 580/681 590/682 576/667
f 580/681 594/696 604/697 590/682
f 594/696 608/711 618/712 604/697
f 608/711 622/727 632/728 618/712
f 622/727 636/743 646/744 632/728
f 745/844 646/744 636/743 651/765
f 651/765 750/784 661/869 745/844
f 750/784 666/783 675/886 661/869
f 666/783 776/890 797/901 675/886
f 776/890 783/898 798/902 797/901
f 790/969 845/910 807/918 848/917
f 845/910 800/909 809/921 807/918
f 953/973 899/974 889/975 952/976
f 952/976 889/975 879/977 951/978
f 951/978 879/977 869/979 950/980
f 950/980 869/979 859/981 949/982
f 949/982 859/981 930/983 957/984
f 1145/985 1139/986 904/987 954/988
f 954/988 904/987 940/989 958/990
f 958/990 940/989 914/991 955/992
f 955/992 914/991 924/993 956/994
f 899/974 898/995 888/996 889/975
f 889/975 888/996 878/997 879/977
f 879/977 878/997 868/998 869/979
f 869/979 868/998 860/999 859/981
f 859/981 860/999 931/1000 930/983
f 1139/986 1138/1001 905/1002 904/987
f 904/987 905/1002 941/1003 940/989
f 940/989 941/1003 915/1004 914/991
f 914/991 915/1004 925/1005 924/993
f 891/1006 892/1007 882/1008 881/1009
f 881/1009 882/1008 872/1010 871/1011
f 871/1011 872/1010 862/1012 861/1013
f 861/1013 862/1012 933/1014 932/1015
f 1144/1016 1143/1017 907/1018 906/1019
f 906/1019 907/1018 943/1020 942/1021
f 942/1021 943/1020 917/1022 916/1023
f 916/1023 917/1022 927/1024 926/1025
f 964/1026 988/1027 986/1028 1008/1029
f 892/1007 893/1030 883/1031 882/1008
f 882/1008 883/1031 873/1032 872/1010
f 872/1010 873/1032 863/1033 862/1012
f 862/1012 863/1033 934/1034 933/1014
f 1143/1017 1142/1035 908/1036 907/1018
f 907/1018 908/1036 944/1037 943/1020
f 943/1020 944/1037 1117/1038 1127/1039
f 917/1022 918/1040 928/1041 927/1024
f 45/70 985/1042 1000/1043 153/71
f 893/1030 894/1044 884/1045 883/1031
f 883/1031 884/1045 874/1046 873/1032
f 873/1032 874/1046 864/1047 863/1033
f 863/1033 864/1047 935/1048 934/1034
f 1142/1035 1141/1049 909/1050 908/1036
f 908/1036 909/1050 945/1051 944/1037
f 918/1052 1127/1053 1107/1054 1116/1055
f 985/1042 986/1028 988/1027 1000/1043
f 894/1044 895/1056 885/1057 884/1045
f 884/1045 885/1057 875/1058 874/1046
f 874/1046 875/1058 865/1059 864/1047
f 864/1047 865/1059 936/1060 935/1048
f 1141/1049 1148/1061 910/1062 909/1050
f 909/1050 910/1062 946/1063 945/1051
f 945/1051 946/1063 920/1064 919/1065
f 892/1007 964/1026 1008/1029 893/1030
f 895/1056 896/1066 886/1067 885/1057
f 885/1057 886/1067 876/1068 875/1058
f 875/1058 876/1068 866/1069 865/1059
f 865/1059 866/1069 937/1070 936/1060
f 1148/1071 1147/1072 911/1073 910/1074
f 910/1074 911/1073 947/1075 946/1076
f 946/1076 947/1075 921/1077 920/1078
f 47/109 48/112 966/1079 968/1080
f 896/1066 897/1081 887/1082 886/1067
f 886/1067 887/1082 877/1083 876/1068
f 876/1068 877/1083 867/1084 866/1069
f 866/1069 867/1084 938/1085 937/1070
f 1147/1072 1146/1086 912/1087 911/1073
f 911/1073 912/1087 948/1088 947/1075
f 947/1075 948/1088 922/1089 921/1077
f 48/112 113/123 965/1090 966/1079
f 46/124 47/109 968/1080 969/1091
f 45/70 46/124 969/1091 985/1042
f 900/1092 953/973 952/976 890/1093
f 890/1093 952/976 951/978 880/1094
f 880/1094 951/978 950/980 870/1095
f 870/1095 950/980 949/982 858/1096
f 858/1096 949/982 957/984 929/1097
f 1140/1098 1145/985 954/988 903/1099
f 903/1099 954/988 958/990 939/1100
f 939/1100 958/990 955/992 913/1101
f 913/1101 955/992 956/994 923/1102
f 985/1042 969/1091 987/1103 986/1028
f 966/1079 965/1090 1003/1104 1002/1105
f 902/1106 989/1107 964/1026 892/1007
f 968/1080 966/1079 1002/1105 1001/1108
f 969/1091 968/1080 1001/1108 987/1103
f 989/1107 967/1109 988/1027 964/1026
f 901/1110 902/1106 892/1007 891/1006
f 1687/1111 1688/1112 899/1113 953/1114
f 1689/1115 1690/1116 980/1117 979/1118
f 1690/1116 1691/1119 981/1120 980/1117
f 1691/1119 1692/1121 982/1122 981/1120
f 1693/1123 1694/1124 976/1125 975/1126
f 1695/1127 1692/1128 961/1129 959/1130
f 1694/1124 1696/1131 977/1132 976/1125
f 1695/1133 1697/1134 983/1135 984/1136
f 1696/1131 1698/1137 978/1138 977/1132
f 1698/1137 1689/1115 979/1118 978/1138
f 1699/1139 1688/1140 995/1141 994/1142
f 1687/1143 1700/1144 997/1145 996/1146
f 1701/1147 1702/1148 990/1149 992/1150
f 1703/1151 1704/1152 993/1153 991/1154
f 1704/1152 1701/1147 992/1150 993/1153
f 1693/1155 1700/1156 900/1157 974/1158
f 999/1159 151/202 153/71 1000/1043
f 987/1103 1001/1108 1006/1160 1007/1161
f 1001/1108 1002/1105 1005/1162 1006/1160
f 1002/1105 1003/1104 1004/1163 1005/1162
f 986/1028 987/1103 1007/1161 1008/1029
f 1703/1164 1705/1165 999/1166 967/1167
f 967/1109 999/1159 1000/1043 988/1027
f 1008/1029 1007/1161 894/1044 893/1030
f 1005/1162 1004/1163 897/1081 896/1066
f 1006/1160 1005/1162 896/1066 895/1056
f 1007/1161 1006/1160 895/1056 894/1044
f 1010/1168 164/212 108/211 960/1169
f 1017/1170 1016/1171 972/1172 973/1173
f 959/1174 961/1175 1011/1176 1009/1177
f 1016/1171 1015/1178 971/1179 972/1172
f 1009/1177 1010/1168 960/1169 959/1174
f 1015/1178 1014/1180 970/1181 971/1179
f 1014/1180 1013/1182 963/1183 970/1181
f 1013/1182 1012/1184 962/1185 963/1183
f 1012/1184 1011/1176 961/1175 962/1185
f 1018/1186 1017/1170 973/1173 974/1187
f 1024/1188 1023/1189 1013/1182 1014/1180
f 1023/1189 1022/1190 1012/1184 1013/1182
f 1022/1190 1021/1191 1011/1176 1012/1184
f 1028/1192 1027/1193 1017/1170 1018/1186
f 1020/1194 175/238 164/212 1010/1168
f 1027/1193 1026/1195 1016/1171 1017/1170
f 1009/1177 1011/1176 1021/1191 1019/1196
f 1026/1195 1025/1197 1015/1178 1016/1171
f 1019/1196 1020/1194 1010/1168 1009/1177
f 1025/1197 1024/1188 1014/1180 1015/1178
f 1035/1198 1029/1199 1030/1200 1036/1201
f 1039/1202 1033/1203 1034/1204 1040/1205
f 1036/1201 1030/1200 1031/1206 1037/1207
f 1354/1208 1353/1209 1032/1210 1038/1211
f 1038/1211 1032/1210 1033/1203 1039/1202
f 1041/1212 1035/1198 1036/1201 1042/1213
f 1045/1214 1039/1202 1040/1205 1046/1215
f 1042/1213 1036/1201 1037/1207 1043/1216
f 1355/1217 1354/1208 1038/1211 1044/1218
f 1044/1218 1038/1211 1039/1202 1045/1214
f 1047/1219 1041/1212 1042/1213 1048/1220
f 1051/1221 1045/1214 1046/1215 1052/1222
f 1048/1220 1042/1213 1043/1216 1049/1223
f 1356/1224 1355/1217 1044/1218 1050/1225
f 1050/1225 1044/1218 1045/1214 1051/1221
f 1053/1226 1047/1219 1048/1220 1054/1227
f 1057/1228 1051/1221 1052/1222 1058/1229
f 1054/1227 1048/1220 1049/1223 1055/1230
f 1357/1231 1356/1224 1050/1225 1056/1232
f 1056/1232 1050/1225 1051/1221 1057/1228
f 1059/1233 1053/1226 1054/1227 1060/1234
f 1063/1235 1057/1228 1058/1229 1064/1236
f 1060/1234 1054/1227 1055/1230 1061/1237
f 1358/1238 1357/1231 1056/1232 1062/1239
f 1062/1239 1056/1232 1057/1228 1063/1235
f 220/284 1059/1233 1060/1234 221/285
f 224/286 1063/1235 1064/1236 225/287
f 221/285 1060/1234 1061/1237 222/288
f 525/289 1358/1238 1062/1239 223/290
f 223/290 1062/1239 1063/1235 224/286
f 1029/1199 1035/1198 1023/1189 1024/1188
f 1035/1198 1041/1212 1022/1190 1023/1189
f 1041/1212 1047/1219 1021/1191 1022/1190
f 1019/1196 1021/1191 1047/1219 1053/1226
f 1053/1226 1059/1233 1020/1194 1019/1196
f 1059/1233 220/284 175/238 1020/1194
f 880/1094 1028/1240 1018/1241 890/1093
f 890/1093 1018/1241 974/1242 900/1092
f 1068/1243 1067/1244 1027/1193 1028/1192
f 1067/1244 1066/1245 1026/1195 1027/1193
f 1066/1245 1065/1246 1025/1197 1026/1195
f 1094/1247 1104/1248 1150/1249 1149/1250
f 1072/1251 1071/1252 1067/1244 1068/1243
f 1157/1253 1076/1254 1077/1255 1156/1256
f 1071/1252 1070/1257 1066/1245 1067/1244
f 1156/1256 1077/1255 1078/1258 1155/1259
f 1070/1257 1069/1260 1065/1246 1066/1245
f 1131/1261 1094/1247 1149/1250 1153/1262
f 1076/1263 1130/1264 1132/1265 1086/1266
f 1359/1267 1364/1268 1130/1264 1076/1263
f 1082/1269 1081/1270 1071/1252 1072/1251
f 1076/1254 1086/1271 1087/1272 1077/1255
f 1081/1270 1080/1273 1070/1257 1071/1252
f 1077/1255 1087/1272 1088/1274 1078/1258
f 1080/1273 1079/1275 1069/1260 1070/1257
f 1079/1275 1083/1276 1073/1277 1069/1260
f 1083/1276 1084/1278 1074/1279 1073/1277
f 1364/1268 1360/1280 1095/1281 1130/1264
f 1130/1264 1095/1281 1096/1282 1132/1265
f 1134/1283 1133/1284 1081/1285 1082/1286
f 1133/1284 1135/1287 1080/1288 1081/1285
f 1135/1287 1136/1289 1079/1290 1080/1288
f 1136/1289 1137/1291 1083/1292 1079/1290
f 1137/1291 1131/1293 1084/1294 1083/1292
f 1103/1295 1104/1248 1094/1247 1093/1296
f 1360/1280 1361/1297 1105/1298 1095/1281
f 1095/1281 1105/1298 1106/1299 1096/1282
f 1102/1300 1101/1301 1091/1302 1092/1303
f 1129/1304 1128/1305 1117/1306 919/1307
f 1101/1301 1100/1308 1090/1309 1091/1302
f 1106/1299 1107/1310 1128/1311 1096/1282
f 1100/1308 1099/1312 1089/1313 1090/1309
f 1099/1312 1103/1295 1093/1296 1089/1313
f 1112/1314 1113/1315 1104/1248 1103/1295
f 1361/1297 1362/1316 1114/1317 1105/1298
f 1105/1298 1114/1317 1115/1318 1106/1299
f 1111/1319 1110/1320 1101/1301 1102/1300
f 1106/1299 1115/1318 1116/1055 1107/1310
f 1110/1320 1109/1321 1100/1308 1101/1301
f 917/1022 943/1020 1127/1039 918/1040
f 1109/1321 1108/1322 1099/1312 1100/1308
f 1108/1322 1112/1314 1103/1295 1099/1312
f 1118/1323 1122/1324 1112/1314 1108/1322
f 1122/1324 1123/1325 1113/1315 1112/1314
f 1362/1316 1363/1326 1124/1327 1114/1317
f 1114/1317 1124/1327 1125/1328 1115/1318
f 1121/1329 1120/1330 1110/1320 1111/1319
f 1115/1318 1125/1328 1126/1331 1116/1055
f 1120/1330 1119/1332 1109/1321 1110/1320
f 1116/1055 1126/1331 928/1333 918/1052
f 1119/1332 1118/1323 1108/1322 1109/1321
f 920/1334 921/1335 1098/1336 1097/1337
f 1117/1306 1128/1305 1107/1310 1127/1053
f 1117/1038 944/1037 945/1051 919/1065
f 1129/1304 919/1307 920/1338 1097/1339
f 1084/1294 1131/1293 1153/1262 1075/1340
f 1092/1303 1091/1302 1133/1284 1134/1283
f 1091/1302 1090/1309 1135/1287 1133/1284
f 1132/1265 1096/1282 1128/1311 1129/1304
f 1090/1309 1089/1313 1136/1289 1135/1287
f 1089/1313 1093/1296 1137/1291 1136/1289
f 1093/1296 1094/1247 1131/1261 1137/1291
f 935/1341 936/1342 1148/1061 1141/1049
f 933/1343 934/1344 1142/1035 1143/1017
f 957/1345 930/1346 1139/986 1145/985
f 929/1347 957/1345 1145/985 1140/1098
f 934/1344 935/1341 1141/1049 1142/1035
f 930/1346 931/1348 1138/1001 1139/986
f 932/1349 933/1343 1143/1017 1144/1016
f 937/1070 938/1085 1146/1086 1147/1072
f 936/1060 937/1070 1147/1072 1148/1071
f 1086/1266 1132/1265 1129/1304 1097/1339
f 870/1095 1068/1350 1028/1240 880/1094
f 858/1096 1072/1351 1068/1350 870/1095
f 1072/1351 858/1096 929/1097 1082/1352
f 1140/1098 1134/1283 1082/1286 929/1347
f 1134/1283 1140/1098 903/1099 1092/1303
f 1092/1303 903/1099 939/1100 1102/1300
f 913/1101 1111/1319 1102/1300 939/1100
f 1111/1319 913/1101 923/1102 1121/1329
f 1097/1337 1098/1336 1087/1272 1086/1271
f 1104/1248 1113/1315 1151/1353 1150/1249
f 1113/1315 1123/1325 1152/1354 1151/1353
f 1367/1355 1359/1356 1076/1254 1157/1253
f 1098/1336 1154/1357 1088/1274 1087/1272
f 1098/1336 921/1335 922/1358 1154/1357
f 1085/1359 1074/1279 1084/1278 1075/1360
f 1124/1327 1171/1361 1172/1362 1125/1328
f 1168/1363 1167/1364 1120/1330 1121/1329
f 956/994 924/993 1159/1365 1164/1366
f 1125/1328 1172/1362 1173/1367 1126/1331
f 1174/1368 1152/1354 1123/1325 1170/1369
f 1167/1364 1166/1370 1119/1332 1120/1330
f 924/993 925/1005 1160/1371 1159/1365
f 1166/1370 1165/1372 1118/1323 1119/1332
f 1164/1366 1158/1373 923/1102 956/994
f 1165/1372 1169/1374 1122/1324 1118/1323
f 1169/1374 1170/1369 1123/1325 1122/1324
f 1158/1373 1168/1363 1121/1329 923/1102
f 926/1025 927/1024 1162/1375 1161/1376
f 1363/1326 1365/1377 1171/1361 1124/1327
f 927/1024 928/1041 1163/1378 1162/1375
f 1126/1331 1173/1367 1163/1379 928/1333
f 1171/1361 1188/1380 1189/1381 1172/1362
f 1185/1382 1184/1383 1167/1364 1168/1363
f 1159/1365 1160/1371 1177/1384 1176/1385
f 1172/1362 1189/1381 1190/1386 1173/1367
f 1184/1383 1183/1387 1166/1370 1167/1364
f 1173/1367 1190/1386 1180/1388 1163/1379
f 1183/1387 1182/1389 1165/1372 1166/1370
f 1175/1390 1185/1382 1168/1363 1158/1373
f 1182/1389 1186/1391 1169/1374 1165/1372
f 1161/1376 1162/1375 1179/1392 1178/1393
f 1191/1394 1174/1368 1170/1369 1187/1395
f 1186/1391 1187/1395 1170/1369 1169/1374
f 1162/1375 1163/1378 1180/1396 1179/1392
f 1365/1377 1366/1397 1188/1380 1171/1361
f 1181/1398 1175/1390 1158/1373 1164/1366
f 1164/1366 1159/1365 1176/1385 1181/1398
f 1215/1399 1199/1400 1200/1401 1216/1402
f 1222/1403 1206/1404 1207/1405 1223/1406
f 1216/1402 1200/1401 1201/1407 1217/1408
f 1208/1409 1223/1406 1207/1405 1192/1410
f 1217/1408 1201/1407 1202/1411 1218/1412
f 1208/1409 1192/1410 1193/1413 1209/1414
f 1218/1412 1202/1411 1203/1415 1219/1416
f 1212/1417 1196/1418 1197/1419 1213/1420
f 1209/1414 1193/1413 1194/1421 1210/1422
f 1219/1416 1203/1415 1204/1423 1220/1424
f 1213/1420 1197/1419 1198/1425 1214/1426
f 1211/1427 1195/1428 1196/1418 1212/1417
f 1220/1424 1204/1423 1205/1429 1221/1430
f 1214/1426 1198/1425 1199/1400 1215/1399
f 1210/1422 1194/1421 1195/1428 1211/1427
f 1221/1430 1205/1429 1206/1404 1222/1403
f 1222/1403 1223/1406 1208/1409 1209/1414
f 1221/1430 1222/1403 1209/1414 1210/1422
f 1220/1424 1221/1430 1210/1422 1211/1427
f 1219/1416 1220/1424 1211/1427 1212/1417
f 1212/1417 1213/1420 1218/1412 1219/1416
f 1213/1420 1214/1426 1217/1408 1218/1412
f 1214/1426 1215/1399 1216/1402 1217/1408
f 1199/1400 1231/1431 1232/1432 1200/1401
f 1206/1404 1238/1433 1239/1434 1207/1405
f 1200/1401 1232/1432 1233/1435 1201/1407
f 1192/1410 1207/1405 1239/1434 1224/1436
f 1201/1407 1233/1435 1234/1437 1202/1411
f 1192/1410 1224/1436 1225/1438 1193/1413
f 1202/1411 1234/1437 1235/1439 1203/1415
f 1196/1418 1228/1440 1229/1441 1197/1419
f 1193/1413 1225/1438 1226/1442 1194/1421
f 1203/1415 1235/1439 1236/1443 1204/1423
f 1197/1419 1229/1441 1230/1444 1198/1425
f 1195/1428 1227/1445 1228/1440 1196/1418
f 1204/1423 1236/1443 1237/1446 1205/1429
f 1198/1425 1230/1444 1231/1431 1199/1400
f 1194/1421 1226/1442 1227/1445 1195/1428
f 1205/1429 1237/1446 1238/1433 1206/1404
f 1224/1436 1239/1434 1255/1447 1240/1448
f 1233/1435 1249/1449 1250/1450 1234/1437
f 1224/1436 1240/1448 1241/1451 1225/1438
f 1234/1437 1250/1450 1251/1452 1235/1439
f 1228/1440 1244/1453 1245/1454 1229/1441
f 1225/1438 1241/1451 1242/1455 1226/1442
f 1235/1439 1251/1452 1252/1456 1236/1443
f 1229/1441 1245/1454 1246/1457 1230/1444
f 1227/1445 1243/1458 1244/1453 1228/1440
f 1236/1443 1252/1456 1253/1459 1237/1446
f 1230/1444 1246/1457 1247/1460 1231/1431
f 1226/1442 1242/1455 1243/1458 1227/1445
f 1237/1446 1253/1459 1254/1461 1238/1433
f 1231/1431 1247/1460 1248/1462 1232/1432
f 1238/1433 1254/1461 1255/1447 1239/1434
f 1232/1432 1248/1462 1249/1449 1233/1435
f 1305/1463 1270/1464 1271/1465 1304/1466
f 1307/1467 1264/1468 1265/1469 1306/1470
f 1308/1471 1304/1466 1271/1465 1256/1472
f 1306/1470 1265/1469 1266/1473 1309/1474
f 1308/1471 1256/1472 1257/1475 1310/1476
f 1309/1474 1266/1473 1267/1477 1311/1478
f 1313/1479 1260/1480 1261/1481 1312/1482
f 1310/1476 1257/1475 1258/1483 1314/1484
f 1311/1478 1267/1477 1268/1485 1315/1486
f 1312/1482 1261/1481 1262/1487 1316/1488
f 1317/1489 1259/1490 1260/1480 1313/1479
f 1315/1486 1268/1485 1269/1491 1318/1492
f 1316/1488 1262/1487 1263/1493 1319/1494
f 1314/1484 1258/1483 1259/1490 1317/1489
f 1318/1492 1269/1491 1270/1464 1305/1463
f 1319/1494 1263/1493 1264/1468 1307/1467
f 1256/1472 1271/1465 1287/1495 1272/1496
f 1265/1469 1281/1497 1282/1498 1266/1473
f 1256/1472 1272/1496 1273/1499 1257/1475
f 1266/1473 1282/1498 1283/1500 1267/1477
f 1260/1480 1276/1501 1277/1502 1261/1481
f 1257/1475 1273/1499 1274/1503 1258/1483
f 1267/1477 1283/1500 1284/1504 1268/1485
f 1261/1481 1277/1502 1278/1505 1262/1487
f 1259/1490 1275/1506 1276/1501 1260/1480
f 1268/1485 1284/1504 1285/1507 1269/1491
f 1262/1487 1278/1505 1279/1508 1263/1493
f 1258/1483 1274/1503 1275/1506 1259/1490
f 1269/1491 1285/1507 1286/1509 1270/1464
f 1263/1493 1279/1508 1280/1510 1264/1468
f 1270/1464 1286/1509 1287/1495 1271/1465
f 1264/1468 1280/1510 1281/1497 1265/1469
f 1286/1509 1302/1511 1303/1512 1287/1495
f 1280/1510 1296/1513 1297/1514 1281/1497
f 1272/1496 1287/1495 1303/1512 1288/1515
f 1281/1497 1297/1514 1298/1516 1282/1498
f 1272/1496 1288/1515 1289/1517 1273/1499
f 1282/1498 1298/1516 1299/1518 1283/1500
f 1276/1501 1292/1519 1293/1520 1277/1502
f 1273/1499 1289/1517 1290/1521 1274/1503
f 1283/1500 1299/1518 1300/1522 1284/1504
f 1277/1502 1293/1520 1294/1523 1278/1505
f 1275/1506 1291/1524 1292/1519 1276/1501
f 1284/1504 1300/1522 1301/1525 1285/1507
f 1278/1505 1294/1523 1295/1526 1279/1508
f 1274/1503 1290/1521 1291/1524 1275/1506
f 1285/1507 1301/1525 1302/1511 1286/1509
f 1279/1508 1295/1526 1296/1513 1280/1510
f 1254/1461 1305/1463 1304/1466 1255/1447
f 1248/1462 1307/1467 1306/1470 1249/1449
f 1240/1448 1255/1447 1304/1466 1308/1471
f 1249/1449 1306/1470 1309/1474 1250/1450
f 1240/1448 1308/1471 1310/1476 1241/1451
f 1250/1450 1309/1474 1311/1478 1251/1452
f 1244/1453 1313/1479 1312/1482 1245/1454
f 1241/1451 1310/1476 1314/1484 1242/1455
f 1251/1452 1311/1478 1315/1486 1252/1456
f 1245/1454 1312/1482 1316/1488 1246/1457
f 1243/1458 1317/1489 1313/1479 1244/1453
f 1252/1456 1315/1486 1318/1492 1253/1459
f 1246/1457 1316/1488 1319/1494 1247/1460
f 1242/1455 1314/1484 1317/1489 1243/1458
f 1253/1459 1318/1492 1305/1463 1254/1461
f 1247/1460 1319/1494 1307/1467 1248/1462
f 1303/1512 877/1083 887/1082 1288/1515
f 1302/1511 867/1084 877/1083 1303/1512
f 1288/1515 887/1082 897/1081 1289/1517
f 1004/1163 1290/1521 1289/1517 897/1081
f 1003/1104 1291/1524 1290/1521 1004/1163
f 1320/1527 1321/1528 1292/1519 1291/1524
f 1321/1528 1322/1529 1293/1520 1292/1519
f 1322/1529 1323/1530 1294/1523 1293/1520
f 481/582 482/583 1321/1528 1320/1527
f 482/583 483/584 1322/1529 1321/1528
f 483/584 484/585 1323/1530 1322/1529
f 113/123 481/582 1320/1527 965/1090
f 965/1090 1320/1527 1291/1524 1003/1104
f 867/1084 1302/1511 1301/1525 938/1085
f 1146/1086 1499/1531 1368/1532 912/1087
f 1706/1533 1702/1534 901/1535 1325/1536
f 1326/1537 888/996 898/995 1325/1538
f 1327/1539 878/997 888/996 1326/1537
f 1328/1540 868/998 878/997 1327/1539
f 1329/1541 860/999 868/998 1328/1540
f 1329/1542 861/1013 932/1015 1330/1543
f 1331/1544 1138/1001 931/1348 1330/1545
f 1331/1546 1144/1016 906/1019 1332/1547
f 1332/1547 906/1019 942/1021 1333/1548
f 1334/1549 915/1004 941/1003 1333/1550
f 1334/1551 916/1023 926/1025 1335/1552
f 1335/1552 926/1025 1161/1376 1336/1553
f 1336/1553 1161/1376 1178/1393 1337/1554
f 1699/1555 1706/1533 1325/1536 898/1556
f 891/1006 1326/1537 1325/1538 901/1110
f 881/1009 1327/1539 1326/1537 891/1006
f 871/1011 1328/1540 1327/1539 881/1009
f 861/1013 1329/1542 1328/1540 871/1011
f 860/999 1329/1541 1330/1543 931/1000
f 1144/1016 1331/1546 1330/1545 932/1349
f 1138/1001 1331/1544 1332/1547 905/1002
f 905/1002 1332/1547 1333/1548 941/1003
f 916/1023 1334/1551 1333/1550 942/1021
f 915/1004 1334/1549 1335/1552 925/1005
f 925/1005 1335/1552 1336/1553 1160/1371
f 1160/1371 1336/1553 1337/1554 1177/1384
f 1037/1207 1031/1206 1338/1557 1339/1558
f 1043/1216 1037/1207 1339/1558 1340/1559
f 1049/1223 1043/1216 1340/1559 1341/1560
f 1055/1230 1049/1223 1341/1560 1342/1561
f 1061/1237 1055/1230 1342/1561 1343/1562
f 222/288 1061/1237 1343/1562 509/618
f 1075/1340 1153/1262 1349/1563 1344/1564
f 1153/1262 1149/1250 1345/1565 1349/1563
f 1149/1250 1150/1249 1346/1566 1345/1565
f 1150/1249 1151/1353 1347/1567 1346/1566
f 1151/1353 1152/1354 1348/1568 1347/1567
f 1085/1359 1075/1360 1344/1569 1350/1570
f 1152/1354 1174/1368 1351/1571 1348/1568
f 1174/1368 1191/1394 1352/1572 1351/1571
f 1339/1558 1338/1557 1353/1209 1354/1208
f 1340/1559 1339/1558 1354/1208 1355/1217
f 1341/1560 1340/1559 1355/1217 1356/1224
f 1342/1561 1341/1560 1356/1224 1357/1231
f 1343/1562 1342/1561 1357/1231 1358/1238
f 509/618 1343/1562 1358/1238 525/289
f 1344/1564 1349/1563 1364/1268 1359/1267
f 1349/1563 1345/1565 1360/1280 1364/1268
f 1345/1565 1346/1566 1361/1297 1360/1280
f 1346/1566 1347/1567 1362/1316 1361/1297
f 1347/1567 1348/1568 1363/1326 1362/1316
f 1350/1570 1344/1569 1359/1356 1367/1355
f 1348/1568 1351/1571 1365/1377 1363/1326
f 1351/1571 1352/1572 1366/1397 1365/1377
f 1058/1229 1052/1222 1374/1573 1375/1574
f 1155/1259 1078/1258 1377/1575 1380/1576
f 1052/1222 1046/1215 1373/1577 1374/1573
f 948/1088 912/1087 1368/1532 1370/1578
f 1088/1274 1154/1357 1379/1579 1378/1580
f 922/1089 948/1088 1370/1578 1369/1581
f 1078/1258 1088/1274 1378/1580 1377/1575
f 1046/1215 1040/1205 1372/1582 1373/1577
f 1154/1357 922/1358 1369/1583 1379/1579
f 225/287 1064/1236 1376/1584 544/640
f 1040/1205 1034/1204 1371/1585 1372/1582
f 1064/1236 1058/1229 1375/1574 1376/1584
f 1376/1584 1375/1574 1388/1586 1389/1587
f 1369/1581 1370/1578 1383/1588 1382/1589
f 544/640 1376/1584 1389/1587 558/647
f 1372/1582 1371/1585 1384/1590 1385/1591
f 1380/1576 1377/1575 1390/1592 1393/1593
f 1373/1577 1372/1582 1385/1591 1386/1594
f 1377/1575 1378/1580 1391/1595 1390/1592
f 1374/1573 1373/1577 1386/1594 1387/1596
f 1378/1580 1379/1579 1392/1597 1391/1595
f 1375/1574 1374/1573 1387/1596 1388/1586
f 1370/1578 1368/1532 1381/1598 1383/1588
f 1379/1579 1369/1583 1382/1599 1392/1597
f 1392/1597 1382/1599 1395/1600 1405/1601
f 1389/1587 1388/1586 1401/1602 1402/1603
f 1382/1589 1383/1588 1396/1604 1395/1605
f 558/647 1389/1587 1402/1603 572/664
f 1385/1591 1384/1590 1397/1606 1398/1607
f 1393/1593 1390/1592 1403/1608 1406/1609
f 1386/1594 1385/1591 1398/1607 1399/1610
f 1390/1592 1391/1595 1404/1611 1403/1608
f 1387/1596 1386/1594 1399/1610 1400/1612
f 1391/1595 1392/1597 1405/1601 1404/1611
f 1388/1586 1387/1596 1400/1612 1401/1602
f 1383/1588 1381/1598 1394/1613 1396/1604
f 1405/1601 1395/1600 1408/1614 1418/1615
f 1402/1603 1401/1602 1414/1616 1415/1617
f 1395/1605 1396/1604 1409/1618 1408/1619
f 572/664 1402/1603 1415/1617 586/679
f 1398/1607 1397/1606 1410/1620 1411/1621
f 1406/1609 1403/1608 1416/1622 1419/1623
f 1399/1610 1398/1607 1411/1621 1412/1624
f 1403/1608 1404/1611 1417/1625 1416/1622
f 1400/1612 1399/1610 1412/1624 1413/1626
f 1404/1611 1405/1601 1418/1615 1417/1625
f 1401/1602 1400/1612 1413/1626 1414/1616
f 1396/1604 1394/1613 1407/1627 1409/1618
f 1418/1615 1408/1614 1421/1628 1431/1629
f 1415/1617 1414/1616 1427/1630 1428/1631
f 1408/1619 1409/1618 1422/1632 1421/1633
f 586/679 1415/1617 1428/1631 600/694
f 1411/1621 1410/1620 1423/1634 1424/1635
f 1419/1623 1416/1622 1429/1636 1432/1637
f 1412/1624 1411/1621 1424/1635 1425/1638
f 1416/1622 1417/1625 1430/1639 1429/1636
f 1413/1626 1412/1624 1425/1638 1426/1640
f 1417/1625 1418/1615 1431/1629 1430/1639
f 1414/1616 1413/1626 1426/1640 1427/1630
f 1409/1618 1407/1627 1420/1641 1422/1632
f 1431/1629 1421/1628 1434/1642 1444/1643
f 1428/1631 1427/1630 1440/1644 1441/1645
f 1421/1633 1422/1632 1435/1646 1434/1647
f 600/694 1428/1631 1441/1645 614/709
f 1424/1635 1423/1634 1436/1648 1437/1649
f 1432/1637 1429/1636 1442/1650 1445/1651
f 1425/1638 1424/1635 1437/1649 1438/1652
f 1429/1636 1430/1639 1443/1653 1442/1650
f 1426/1640 1425/1638 1438/1652 1439/1654
f 1430/1639 1431/1629 1444/1643 1443/1653
f 1427/1630 1426/1640 1439/1654 1440/1644
f 1422/1632 1420/1641 1433/1655 1435/1646
f 1435/1646 1433/1655 1446/1656 1448/1657
f 1444/1643 1434/1642 1447/1658 1457/1659
f 1441/1645 1440/1644 1453/1660 1454/1661
f 1434/1647 1435/1646 1448/1657 1447/1662
f 1437/1649 1436/1648 1449/1663 1450/1664
f 1445/1651 1442/1650 1455/1665 1458/1666
f 1438/1652 1437/1649 1450/1664 1451/1667
f 1442/1650 1443/1653 1456/1668 1455/1665
f 1439/1654 1438/1652 1451/1667 1452/1669
f 1443/1653 1444/1643 1457/1659 1456/1668
f 1440/1644 1439/1654 1452/1669 1453/1660
f 1453/1660 1452/1669 1465/1670 1466/1671
f 1448/1657 1446/1656 1459/1672 1461/1673
f 1457/1659 1447/1658 1460/1674 1470/1675
f 1454/1661 1453/1660 1466/1671 1467/1676
f 1447/1662 1448/1657 1461/1673 1460/1677
f 628/725 1454/1661 1467/1676 642/741
f 1450/1664 1449/1663 1462/1678 1463/1679
f 1458/1666 1455/1665 1468/1680 1471/1681
f 1451/1667 1450/1664 1463/1679 1464/1682
f 1455/1665 1456/1668 1469/1683 1468/1680
f 1452/1669 1451/1667 1464/1682 1465/1670
f 1456/1668 1457/1659 1470/1675 1469/1683
f 1558/1684 1557/1685 1484/1686 1483/1687
f 1466/1671 1465/1670 1479/1688 1480/1689
f 1560/1690 1559/1691 1472/1692 1474/1693
f 1557/1685 1561/1694 1473/1695 1484/1686
f 1467/1676 1466/1671 1480/1689 1481/1696
f 1561/1697 1560/1690 1474/1693 1473/1698
f 642/741 1467/1676 1481/1696 657/763
f 1463/1679 1462/1678 1476/1699 1477/1700
f 1464/1682 1463/1679 1477/1700 1478/1701
f 1465/1670 1464/1682 1478/1701 1479/1688
f 1483/1687 1484/1686 1497/1702 1496/1703
f 1564/1704 1563/1705 1493/1706 1494/1707
f 1474/1693 1472/1692 1486/1708 1488/1709
f 1484/1686 1473/1695 1487/1710 1497/1702
f 1565/1711 1564/1704 1494/1707 1495/1712
f 1473/1698 1474/1693 1488/1709 1487/1713
f 749/779 1565/1711 1495/1712 672/780
f 1025/1197 1065/1246 1029/1199 1024/1188
f 1567/1714 1566/1715 1490/1716 1491/1717
f 1569/1718 1567/1714 1491/1717 1492/1719
f 1563/1705 1569/1718 1492/1719 1493/1706
f 1499/1531 1146/1086 938/1085 1301/1525
f 1300/1522 1500/1720 1499/1531 1301/1525
f 1368/1532 1499/1531 1500/1720 1381/1598
f 1381/1598 1500/1720 1501/1721 1394/1613
f 1299/1518 1501/1721 1500/1720 1300/1522
f 1532/1722 1518/1723 1512/1724 1533/1725
f 1433/1655 1531/1726 1532/1727 1446/1656
f 1532/1722 1531/1726 1523/1728 1518/1723
f 1420/1641 1502/1729 1531/1726 1433/1655
f 1572/1730 1568/1731 1482/1732 1489/1733
f 1531/1726 1502/1729 1528/1734 1523/1728
f 1568/1731 755/803 681/802 1482/1732
f 1297/1514 1296/1513 1504/1735 1505/1736
f 1571/1737 1572/1730 1489/1733 1475/1738
f 1407/1627 1503/1739 1502/1729 1420/1641
f 1519/1740 1520/1741 1507/1742 1509/1743
f 1505/1736 1504/1735 1510/1744 1511/1745
f 1502/1729 1503/1739 1298/1746 1528/1734
f 1520/1741 705/817 683/816 1507/1742
f 1515/1747 1519/1740 1509/1743 1513/1748
f 1525/1749 1508/1750 1520/1741 1519/1740
f 1508/1750 682/822 705/817 1520/1741
f 1529/1751 1525/1749 1519/1740 1515/1747
f 1511/1745 1510/1744 1516/1752 1517/1753
f 1394/1613 1501/1721 1503/1739 1407/1627
f 1524/1754 1530/1755 1525/1749 1529/1751
f 1514/1756 700/829 682/822 1508/1750
f 1530/1755 1514/1756 1508/1750 1525/1749
f 1517/1753 1516/1752 1521/1757 1522/1758
f 1298/1516 1503/1739 1501/1721 1299/1518
f 1295/1526 1294/1523 1530/1755 1524/1754
f 1294/1523 1323/1530 1514/1756 1530/1755
f 1574/1759 1573/1760 1526/1761 1527/1762
f 1297/1514 1505/1736 1528/1734 1298/1516
f 1511/1745 1523/1728 1528/1734 1505/1736
f 1517/1753 1518/1723 1523/1728 1511/1745
f 1517/1753 1522/1758 1512/1724 1518/1723
f 1574/1759 1527/1762 1506/1763 1575/1764
f 1446/1656 1532/1727 1533/1725 1459/1672
f 1570/1765 1575/1764 1506/1763 1534/1766
f 1559/1691 1570/1765 1534/1766 1472/1692
f 1295/1526 1524/1754 1504/1735 1296/1513
f 1504/1735 1524/1754 1529/1751 1510/1744
f 1515/1747 1516/1752 1510/1744 1529/1751
f 1513/1748 1521/1757 1516/1752 1515/1747
f 1571/1767 1573/1768 1521/1757 1513/1748
f 1576/1769 1468/1680 1469/1683 1558/1770
f 1562/1771 1471/1681 1468/1680 1576/1769
f 718/1772 1539/1773 1537/1774 1536/1775
f 718/846 719/845 720/867 1539/1773
f 1538/1776 1537/1774 1539/1773 722/1777
f 1536/1775 1482/1732 681/802 718/1772
f 1526/1778 1475/1779 1540/1780 1543/1781
f 1527/1762 1526/1761 1543/1781 1544/1782
f 1534/1766 1506/1763 1542/1783 1545/1784
f 1506/1763 1527/1762 1544/1782 1542/1783
f 1475/1738 1489/1733 1541/1785 1540/1780
f 1472/1692 1534/1766 1545/1784 1486/1708
f 1482/1732 1536/1775 1541/1785 1489/1733
f 1544/1782 1543/1781 1554/1786 1555/1787
f 1542/1783 1544/1782 1555/1787 1553/1788
f 1496/1703 1497/1702 1550/1789 1549/1790
f 1545/1784 1542/1783 1553/1788 1556/1791
f 1497/1702 1487/1710 1547/1792 1550/1789
f 1543/1781 1540/1780 1551/1793 1554/1786
f 1486/1708 1545/1784 1556/1791 1546/1794
f 1488/1709 1486/1708 1546/1794 1548/1795
f 1487/1713 1488/1709 1548/1795 1547/1796
f 1540/1780 1541/1785 1552/1797 1551/1793
f 1541/1785 1536/1775 1537/1774 1552/1797
f 1469/1683 1470/1675 1557/1685 1558/1770
f 1461/1673 1459/1672 1559/1691 1560/1690
f 1470/1675 1460/1674 1561/1694 1557/1685
f 1460/1677 1461/1673 1560/1690 1561/1697
f 1480/1689 1479/1688 1563/1705 1564/1704
f 1481/1696 1480/1689 1564/1704 1565/1711
f 657/763 1481/1696 1565/1711 749/779
f 1477/1700 1476/1699 1566/1715 1567/1714
f 1478/1701 1477/1700 1567/1714 1569/1718
f 1479/1688 1478/1701 1569/1718 1563/1705
f 1509/1743 1507/1742 1568/1731 1572/1730
f 1507/1742 683/816 755/803 1568/1731
f 1513/1748 1509/1743 1572/1730 1571/1767
f 1522/1758 1521/1757 1573/1768 1574/1759
f 1522/1758 1574/1759 1575/1764 1512/1724
f 1533/1725 1512/1724 1575/1764 1570/1765
f 1459/1672 1533/1725 1570/1765 1559/1691
f 1475/1738 1526/1778 1573/1760 1571/1737
f 1535/1798 1576/1769 1558/1770 1483/1687
f 1485/1799 1562/1771 1576/1769 1535/1798
f 1546/1794 1556/1791 1585/1800 1584/1801
f 1553/1788 1555/1787 1586/1802 1577/1803
f 1547/1796 1548/1795 1582/1804 1583/1805
f 1551/1793 1552/1797 1578/1806 1579/1807
f 1552/1797 1537/1774 1538/1776 1578/1806
f 1555/1787 1554/1786 1587/1808 1586/1802
f 1549/1790 1550/1789 1580/1809 1581/1810
f 1556/1791 1553/1788 1577/1803 1585/1800
f 1554/1786 1551/1793 1579/1807 1587/1808
f 1548/1795 1546/1794 1584/1801 1582/1804
f 1550/1789 1547/1792 1583/1811 1580/1809
f 721/1812 839/964 840/965 722/1813
f 839/964 721/1812 763/877 838/955
f 838/955 763/877 764/876 842/953
f 842/953 764/876 772/879 837/951
f 837/951 772/879 771/873 836/948
f 836/948 771/873 762/872 841/956
f 770/871 854/930 841/956 762/872
f 769/870 855/927 854/930 770/871
f 855/927 769/870 767/875 856/934
f 768/874 852/931 856/934 767/875
f 852/926 768/882 765/881 853/923
f 1581/1810 1590/1814 1589/1815 1549/1790
f 1549/1790 1589/1815 1588/1816 1496/1703
f 1496/1703 1588/1816 1535/1798 1483/1687
f 1485/1799 1535/1798 1588/1816 1498/1817
f 1495/1712 1494/1707 1595/1818 1596/1819
f 1491/1717 1490/1716 1591/1820 1592/1821
f 1494/1707 1493/1706 1594/1822 1595/1818
f 1493/1706 1492/1719 1593/1823 1594/1822
f 672/780 1495/1712 1596/1819 782/893
f 1492/1719 1491/1717 1592/1821 1593/1823
f 1593/1823 1592/1821 1598/1824 1599/1825
f 1596/1819 1595/1818 1601/1826 1602/1827
f 1592/1821 1591/1820 1597/1828 1598/1824
f 1595/1818 1594/1822 1600/1829 1601/1826
f 1594/1822 1593/1823 1599/1825 1600/1829
f 782/893 1596/1819 1602/1827 789/900
f 766/880 857/935 853/923 765/881
f 857/935 766/880 775/884 851/920
f 851/920 775/884 798/902 848/917
f 783/898 790/969 848/917 798/902
f 784/895 791/968 790/969 783/898
f 785/894 792/970 791/968 784/895
f 786/899 793/971 792/970 785/894
f 787/897 794/972 793/971 786/899
f 788/896 795/967 794/972 787/897
f 789/900 796/966 795/967 788/896
f 789/900 1602/1827 1608/1830 796/966
f 1608/1830 1602/1827 1601/1826 1607/1831
f 1498/1817 1588/1816 1589/1815 1609/1832
f 1609/1832 1589/1815 1590/1814 1610/1833
f 1607/1831 1601/1826 1600/1829 1606/1834
f 844/903 1651/1835 1617/1836 806/904
f 1653/1837 1652/1838 1612/1839 1613/1840
f 1654/1841 1653/1837 1613/1840 1614/1842
f 1656/1843 1654/1841 1614/1842 1615/1844
f 1657/1845 1656/1843 1615/1844 1616/1846
f 1655/1847 1658/1848 1611/1849 1618/1850
f 1651/1835 1657/1845 1616/1846 1617/1836
f 1618/1850 1611/1849 1619/1851 1620/1852
f 1660/1853 1659/1854 1624/1855 1621/1856
f 1662/1857 1661/1858 1626/1859 1625/1860
f 1659/1861 1663/1862 1623/1863 1624/1864
f 1663/1862 1662/1857 1625/1860 1623/1863
f 1664/1865 1660/1853 1621/1856 1622/1866
f 1622/1866 1621/1856 1627/1867 1628/1868
f 1621/1856 1624/1855 1630/1869 1627/1867
f 1625/1860 1626/1859 1632/1870 1631/1871
f 1624/1864 1623/1863 1629/1872 1630/1873
f 1623/1863 1625/1860 1631/1871 1629/1872
f 1664/1865 1622/1866 1611/1849 1658/1848
f 1611/1849 1622/1866 1628/1868 1619/1851
f 1634/1874 1643/1875 1644/1876 1639/1877
f 1645/1878 1646/1879 1637/1880 1636/1881
f 1646/1879 1650/1882 1635/1883 1637/1880
f 1650/1882 1647/1884 1634/1885 1635/1883
f 1649/1886 1645/1878 1636/1881 1633/1887
f 1633/1887 1636/1881 1641/1888 1638/1889
f 1637/1880 1635/1883 1640/1890 1642/1891
f 1636/1881 1637/1880 1642/1891 1641/1888
f 1643/1875 822/963 828/962 1644/1876
f 1635/1883 1634/1885 1639/1877 1640/1890
f 1606/1834 1600/1829 1599/1825 1605/1892
f 1605/1892 1599/1825 1598/1824 1604/1893
f 1604/1893 1598/1824 1597/1828 1603/1894
f 1597/1828 1610/1895 1655/1896 1603/1894
f 1590/1814 1658/1848 1655/1847 1610/1833
f 1581/1810 1664/1865 1658/1848 1590/1814
f 1664/1865 1581/1810 1580/1809 1660/1853
f 1583/1811 1659/1854 1660/1853 1580/1809
f 1648/1897 1643/1875 1634/1874 1647/1884
f 1643/1875 1648/1897 840/965 822/963
f 796/966 1608/1830 1651/1835 844/903
f 1604/1893 1603/1894 1652/1838 1653/1837
f 1605/1892 1604/1893 1653/1837 1654/1841
f 1606/1834 1605/1892 1654/1841 1656/1843
f 1065/1246 1069/1260 1073/1277 1029/1199
f 1607/1831 1606/1834 1656/1843 1657/1845
f 1659/1861 1583/1805 1582/1804 1663/1862
f 1608/1830 1607/1831 1657/1845 1651/1835
f 1584/1801 1662/1857 1663/1862 1582/1804
f 1662/1857 1584/1801 1585/1800 1661/1858
f 1661/1858 1585/1800 1577/1803 1649/1898
f 1586/1802 1645/1878 1649/1886 1577/1803
f 1587/1808 1646/1879 1645/1878 1586/1802
f 1579/1807 1650/1882 1646/1879 1587/1808
f 1626/1859 1633/1887 1638/1889 1632/1870
f 1661/1858 1649/1898 1633/1887 1626/1859
f 1578/1806 1647/1884 1650/1882 1579/1807
f 1029/1199 1073/1277 1074/1279 1030/1200
f 1030/1200 1074/1279 1085/1359 1031/1206
f 1350/1570 1338/1557 1031/1206 1085/1359
f 1367/1355 1353/1209 1338/1557 1350/1570
f 1353/1209 1367/1355 1157/1253 1032/1210
f 1032/1210 1157/1253 1156/1256 1033/1203
f 1033/1203 1156/1256 1155/1259 1034/1204
f 1380/1576 1371/1585 1034/1204 1155/1259
f 1371/1585 1380/1576 1393/1593 1384/1590
f 1384/1590 1393/1593 1406/1609 1397/1606
f 1397/1606 1406/1609 1419/1623 1410/1620
f 1410/1620 1419/1623 1432/1637 1423/1634
f 1423/1634 1432/1637 1445/1651 1436/1648
f 1436/1648 1445/1651 1458/1666 1449/1663
f 1449/1663 1458/1666 1471/1681 1462/1678
f 1562/1771 1476/1699 1462/1678 1471/1681
f 1476/1699 1562/1771 1485/1799 1566/1715
f 1566/1715 1485/1799 1498/1817 1490/1716
f 1490/1716 1498/1817 1609/1832 1591/1820
f 1591/1820 1609/1832 1610/1833 1597/1828
f 1538/1776 1648/1897 1647/1884 1578/1806
f 1648/1897 1538/1776 722/1777 840/965
f 1603/1894 1655/1896 1618/1850 1652/1838
f 1652/1838 1618/1850 1620/1852 1612/1839
f 1705/1165 1685/200 151/199 999/1166
f 1323/1530 484/585 700/829 1514/1756
f 721/878 722/1813 1539/1773 720/867
f 614/709 1441/1645 1454/1661 628/725
f 1697/1134 1668/152 132/151 983/1135
f 960/1899 108/1900 1668/152 1697/1134
f 998/1901 149/1902 1685/200 1705/1165
f 994/1142 1324/1903 1706/1533 1699/1139
f 1324/1903 990/1149 1702/1148 1706/1533
f 991/1154 998/1901 1705/1165 1703/1151
f 975/1126 997/1145 1700/1144 1693/1123
f 989/1904 902/1905 1701/1147 1704/1152
f 967/1167 989/1904 1704/1152 1703/1164
f 902/1905 901/1535 1702/1534 1701/1147
f 953/1114 900/1157 1700/1156 1687/1111
f 898/1556 899/1113 1688/1112 1699/1555
f 971/1906 970/1907 1689/1115 1698/1137
f 972/1908 971/1906 1698/1137 1696/1131
f 959/1130 960/1899 1697/1134 1695/1127
f 973/1909 972/1908 1696/1131 1694/1124
f 984/1136 982/1122 1692/1121 1695/1133
f 974/1158 973/1909 1694/1124 1693/1155
f 962/1910 961/1129 1692/1128 1691/1119
f 963/1911 962/1910 1691/1119 1690/1116
f 970/1907 963/1911 1690/1116 1689/1115
f 996/1146 995/1141 1688/1140 1687/1143
f 144/178 1678/177 1686/588 489/1912
f 489/1912 1686/588 1681/591 140/187
f 141/190 1682/189 1684/197 148/1913
f 148/1913 1684/197 1685/200 149/1902
f 124/162 1673/161 1679/196 147/183
f 139/1914 1683/192 1680/185 49/1915
f 116/208 1682/207 1683/192 139/1914
f 49/1915 1680/185 1681/188 44/590
f 100/146 1665/145 1679/184 43/195
f 41/611 1678/610 1666/180 42/147
f 120/1916 1677/176 1669/153 119/1917
f 121/1918 1676/173 1677/176 120/1916
f 106/166 1675/165 1667/149 107/1919
f 122/1920 1674/164 1676/170 121/1921
f 134/172 1675/171 1672/168 131/159
f 123/194 1673/193 1674/164 122/1920
f 110/1922 1671/158 1672/160 109/167
f 111/1923 1670/156 1671/158 110/1922
f 119/1917 1669/153 1670/156 111/1923
f 107/1919 1667/149 1668/152 108/1900
f 146/182 1665/181 1666/148 145/179
